ISO-10303-21;
HEADER;
FILE_DESCRIPTION (( 'STEP AP203' ),
    '1' );
FILE_NAME ('3310T432_Strut Channel_3310T432_sldprt.STEP',
    '2026-08-23T00:51:01',
    ( '' ),
    ( '' ),
    'SwSTEP 2.0',
    'SolidWorks 2025',
    '' );
FILE_SCHEMA (( 'CONFIG_CONTROL_DESIGN' ));
ENDSEC;

DATA;
#1 = DIRECTION ( 'NONE',  ( -1.000000000000000000, 0.000000000000000000, 0.000000000000000000 ) ) ;
#2 = VERTEX_POINT ( 'NONE', #488 ) ;
#3 = CARTESIAN_POINT ( 'NONE',  ( -17.46250000000000213, 11.11249999999999361, 50.79999999999999716 ) ) ;
#4 = CARTESIAN_POINT ( 'NONE',  ( -17.58950000000000458, 13.65249999999999453, -50.79999999999999716 ) ) ;
#5 = APPROVAL_STATUS ( 'not_yet_approved' ) ;
#6 = DIRECTION ( 'NONE',  ( 1.000000000000000000, -0.000000000000000000, -0.000000000000000000 ) ) ;
#7 = EDGE_CURVE ( 'NONE', #1278, #501, #1366, .T. ) ;
#8 = LINE ( 'NONE', #829, #1017 ) ;
#9 = ORIENTED_EDGE ( 'NONE', *, *, #1161, .F. ) ;
#10 = DIRECTION ( 'NONE',  ( 1.000000000000000000, 0.000000000000000000, 0.000000000000000000 ) ) ;
#11 = ORIENTED_EDGE ( 'NONE', *, *, #360, .F. ) ;
#12 = VECTOR ( 'NONE', #1615, 1000.000000000000000 ) ;
#13 = CARTESIAN_POINT ( 'NONE',  ( 20.63750000000000995, -8.588375000000000981, 25.39999999999999858 ) ) ;
#14 = PERSON_AND_ORGANIZATION_ROLE ( 'creator' ) ;
#15 = AXIS2_PLACEMENT_3D ( 'NONE', #1354, #454, #420 ) ;
#16 = CARTESIAN_POINT ( 'NONE',  ( 20.63750000000000995, 8.588374999999997428, 22.69490000000000762 ) ) ;
#17 = AXIS2_PLACEMENT_3D ( 'NONE', #1045, #402, #110 ) ;
#18 = AXIS2_PLACEMENT_3D ( 'NONE', #600, #1270, #1403 ) ;
#19 = DIRECTION ( 'NONE',  ( -0.000000000000000000, -0.000000000000000000, -1.000000000000000000 ) ) ;
#20 = VERTEX_POINT ( 'NONE', #1688 ) ;
#21 = AXIS2_PLACEMENT_3D ( 'NONE', #1105, #504, #378 ) ;
#22 = ADVANCED_FACE ( 'NONE', ( #505 ), #1029, .F. ) ;
#23 = DIRECTION ( 'NONE',  ( 1.000000000000000000, 0.000000000000000000, 0.000000000000000000 ) ) ;
#24 = ORIENTED_EDGE ( 'NONE', *, *, #878, .T. ) ;
#25 = CARTESIAN_POINT ( 'NONE',  ( -20.63750000000000284, 17.08149999999999480, -50.79999999999999716 ) ) ;
#26 = DIRECTION ( 'NONE',  ( 1.000000000000000000, 0.000000000000000000, 0.000000000000000000 ) ) ;
#27 = ORIENTED_EDGE ( 'NONE', *, *, #247, .T. ) ;
#28 = CARTESIAN_POINT ( 'NONE',  ( -13.50010000000000154, 13.65249999999999275, 50.79999999999999716 ) ) ;
#29 = VERTEX_POINT ( 'NONE', #253 ) ;
#30 = EDGE_CURVE ( 'NONE', #1474, #952, #682, .T. ) ;
#31 = DIRECTION ( 'NONE',  ( 0.000000000000000000, 0.000000000000000000, 1.000000000000000000 ) ) ;
#32 = EDGE_LOOP ( 'NONE', ( #546, #1519, #877, #1681 ) ) ;
#33 = EDGE_CURVE ( 'NONE', #1710, #567, #1468, .T. ) ;
#34 = CARTESIAN_POINT ( 'NONE',  ( -4.730749999999989797, -25.08250000000000313, 20.00000000000000355 ) ) ;
#35 = CARTESIAN_POINT ( 'NONE',  ( 20.63750000000000995, 8.588374999999997428, -25.39999999999999858 ) ) ;
#36 = ORIENTED_EDGE ( 'NONE', *, *, #1422, .F. ) ;
#37 = DIRECTION ( 'NONE',  ( 1.000000000000000000, 1.009925321132814667E-16, -0.000000000000000000 ) ) ;
#38 = ORIENTED_EDGE ( 'NONE', *, *, #33, .F. ) ;
#39 = LINE ( 'NONE', #831, #468 ) ;
#40 = EDGE_LOOP ( 'NONE', ( #1612, #883, #816, #61 ) ) ;
#41 = CARTESIAN_POINT ( 'NONE',  ( -17.46250000000000213, 11.11249999999999361, 50.79999999999999716 ) ) ;
#42 = EDGE_CURVE ( 'NONE', #1521, #109, #1056, .T. ) ;
#43 = DIRECTION ( 'NONE',  ( 0.000000000000000000, 0.000000000000000000, 1.000000000000000000 ) ) ;
#44 = VECTOR ( 'NONE', #790, 1000.000000000000000 ) ;
#45 = EDGE_CURVE ( 'NONE', #1278, #1189, #405, .T. ) ;
#46 = AXIS2_PLACEMENT_3D ( 'NONE', #1003, #735, #219 ) ;
#47 = ORIENTED_EDGE ( 'NONE', *, *, #641, .T. ) ;
#48 = DIRECTION ( 'NONE',  ( -1.000000000000000000, 0.000000000000000000, 0.000000000000000000 ) ) ;
#49 = ORIENTED_EDGE ( 'NONE', *, *, #116, .T. ) ;
#50 = AXIS2_PLACEMENT_3D ( 'NONE', #1642, #1522, #612 ) ;
#51 = FACE_BOUND ( 'NONE', #1709, .T. ) ;
#52 = VECTOR ( 'NONE', #775, 1000.000000000000000 ) ;
#53 = EDGE_LOOP ( 'NONE', ( #779, #585, #9, #79, #1584, #1162, #859, #83, #318, #946, #676, #929, #142, #889, #708, #1106, #810, #1093, #582, #1080, #1665, #897, #541, #343, #1685, #227, #380, #107, #749, #1253 ) ) ;
#54 = FACE_OUTER_BOUND ( 'NONE', #1534, .T. ) ;
#55 = LINE ( 'NONE', #826, #1038 ) ;
#56 = EDGE_CURVE ( 'NONE', #1507, #223, #1699, .T. ) ;
#57 = VERTEX_POINT ( 'NONE', #538 ) ;
#58 = DIRECTION ( 'NONE',  ( 0.000000000000000000, 0.000000000000000000, 1.000000000000000000 ) ) ;
#59 = VERTEX_POINT ( 'NONE', #1441 ) ;
#60 = DIRECTION ( 'NONE',  ( 1.000000000000000000, 0.000000000000000000, 0.000000000000000000 ) ) ;
#61 = ORIENTED_EDGE ( 'NONE', *, *, #715, .T. ) ;
#62 = DIRECTION ( 'NONE',  ( -2.025466538397970414E-16, 1.000000000000000000, -0.000000000000000000 ) ) ;
#63 = LINE ( 'NONE', #814, #1123 ) ;
#64 = ORIENTED_EDGE ( 'NONE', *, *, #807, .T. ) ;
#65 = DIRECTION ( 'NONE',  ( 0.000000000000000000, 0.000000000000000000, 1.000000000000000000 ) ) ;
#66 = VERTEX_POINT ( 'NONE', #550 ) ;
#67 = DIRECTION ( 'NONE',  ( 1.000000000000000000, 0.000000000000000000, 0.000000000000000000 ) ) ;
#68 = ADVANCED_FACE ( 'NONE', ( #672 ), #1574, .T. ) ;
#69 = ORIENTED_EDGE ( 'NONE', *, *, #683, .T. ) ;
#70 = DIRECTION ( 'NONE',  ( 0.000000000000000000, 0.000000000000000000, 1.000000000000000000 ) ) ;
#71 = CARTESIAN_POINT ( 'NONE',  ( -20.63749999999999929, -14.28750000000000142, -50.79999999999999716 ) ) ;
#72 = CARTESIAN_POINT ( 'NONE',  ( 20.63750000000000995, -8.588375000000000981, -25.39999999999999858 ) ) ;
#73 = VECTOR ( 'NONE', #834, 1000.000000000000000 ) ;
#74 = PLANE ( 'NONE',  #21 ) ;
#75 = AXIS2_PLACEMENT_3D ( 'NONE', #1099, #1502, #1211 ) ;
#76 = DIRECTION ( 'NONE',  ( -1.000000000000000000, 0.000000000000000000, 0.000000000000000000 ) ) ;
#77 = EDGE_CURVE ( 'NONE', #1605, #1329, #272, .T. ) ;
#78 = CIRCLE ( 'NONE', #906, 2.705099999999988292 ) ;
#79 = ORIENTED_EDGE ( 'NONE', *, *, #1432, .F. ) ;
#80 = DIRECTION ( 'NONE',  ( 0.000000000000000000, 0.000000000000000000, -1.000000000000000000 ) ) ;
#81 = LOCAL_TIME ( 17, 51, 1.000000000000000000, #252 ) ;
#82 = CARTESIAN_POINT ( 'NONE',  ( 17.17675000000000907, -17.17674999999999841, -50.79999999999999716 ) ) ;
#83 = ORIENTED_EDGE ( 'NONE', *, *, #1705, .F. ) ;
#84 = FACE_BOUND ( 'NONE', #1087, .T. ) ;
#85 = EDGE_CURVE ( 'NONE', #1058, #440, #927, .T. ) ;
#86 = ORIENTED_EDGE ( 'NONE', *, *, #194, .F. ) ;
#87 = CARTESIAN_POINT ( 'NONE',  ( -13.50009999999999799, -13.65249999999999986, -50.79999999999999716 ) ) ;
#88 = CARTESIAN_POINT ( 'NONE',  ( 18.09750000000001080, 17.17674999999999841, -50.79999999999999716 ) ) ;
#89 = ORIENTED_EDGE ( 'NONE', *, *, #578, .T. ) ;
#90 = CYLINDRICAL_SURFACE ( 'NONE', #1679, 3.556000000000000050 ) ;
#91 = ORIENTED_EDGE ( 'NONE', *, *, #1170, .T. ) ;
#92 = CARTESIAN_POINT ( 'NONE',  ( -17.46249999999999858, -14.28750000000000142, -50.79999999999999716 ) ) ;
#93 = PLANE ( 'NONE',  #1587 ) ;
#94 = ADVANCED_FACE ( 'NONE', ( #1599 ), #530, .T. ) ;
#95 = DIRECTION ( 'NONE',  ( 1.000000000000000000, 0.000000000000000000, 0.000000000000000000 ) ) ;
#96 = EDGE_CURVE ( 'NONE', #286, #870, #1325, .T. ) ;
#97 = CARTESIAN_POINT ( 'NONE',  ( 20.63750000000000995, 8.588374999999997428, -25.39999999999999858 ) ) ;
#98 = AXIS2_PLACEMENT_3D ( 'NONE', #652, #1553, #900 ) ;
#99 = VERTEX_POINT ( 'NONE', #1166 ) ;
#100 = CARTESIAN_POINT ( 'NONE',  ( -17.58950000000000102, -13.65250000000000163, 50.79999999999999716 ) ) ;
#101 = AXIS2_PLACEMENT_3D ( 'NONE', #636, #1026, #1304 ) ;
#102 = DIRECTION ( 'NONE',  ( 0.000000000000000000, 0.000000000000000000, 1.000000000000000000 ) ) ;
#103 = DIRECTION ( 'NONE',  ( 0.000000000000000000, 0.000000000000000000, 1.000000000000000000 ) ) ;
#104 = VECTOR ( 'NONE', #1532, 1000.000000000000000 ) ;
#105 = CIRCLE ( 'NONE', #1240, 2.705099999999991400 ) ;
#106 = ADVANCED_FACE ( 'NONE', ( #282 ), #800, .F. ) ;
#107 = ORIENTED_EDGE ( 'NONE', *, *, #417, .F. ) ;
#108 = DIRECTION ( 'NONE',  ( 0.000000000000000000, 0.000000000000000000, 1.000000000000000000 ) ) ;
#109 = VERTEX_POINT ( 'NONE', #1307 ) ;
#110 = DIRECTION ( 'NONE',  ( 1.000000000000000000, 0.000000000000000000, 0.000000000000000000 ) ) ;
#111 = CARTESIAN_POINT ( 'NONE',  ( 18.09750000000001080, -8.588375000000000981, -28.10509999999998954 ) ) ;
#112 = CALENDAR_DATE ( 2026, 22, 8 ) ;
#113 = CARTESIAN_POINT ( 'NONE',  ( -4.730749999999996014, -20.63750000000000639, -19.99999999999999645 ) ) ;
#114 = CARTESIAN_POINT ( 'NONE',  ( -17.58950000000000458, 14.16049999999999187, -50.79999999999999716 ) ) ;
#115 = ORIENTED_EDGE ( 'NONE', *, *, #179, .T. ) ;
#116 = EDGE_CURVE ( 'NONE', #1044, #1710, #326, .T. ) ;
#117 = ORIENTED_EDGE ( 'NONE', *, *, #1313, .T. ) ;
#118 = CARTESIAN_POINT ( 'NONE',  ( -18.09750000000000369, 14.16049999999999187, 50.79999999999999716 ) ) ;
#119 = LINE ( 'NONE', #788, #1063 ) ;
#120 = PERSON_AND_ORGANIZATION ( #349, #825 ) ;
#121 = DIRECTION ( 'NONE',  ( 1.000000000000000000, -0.000000000000000000, -0.000000000000000000 ) ) ;
#122 = CARTESIAN_POINT ( 'NONE',  ( 20.63750000000000995, -8.588375000000000981, 25.39999999999999858 ) ) ;
#123 = ORIENTED_EDGE ( 'NONE', *, *, #1614, .T. ) ;
#124 = ORIENTED_EDGE ( 'NONE', *, *, #1432, .T. ) ;
#125 = EDGE_CURVE ( 'NONE', #1361, #458, #147, .T. ) ;
#126 = FACE_BOUND ( 'NONE', #310, .T. ) ;
#127 = AXIS2_PLACEMENT_3D ( 'NONE', #113, #783, #1694 ) ;
#128 = CIRCLE ( 'NONE', #1398, 4.762499999999999289 ) ;
#129 = CARTESIAN_POINT ( 'NONE',  ( -17.08150000000000190, 18.09750000000000014, -50.79999999999999716 ) ) ;
#130 =( NAMED_UNIT ( * ) PLANE_ANGLE_UNIT ( ) SI_UNIT ( $, .RADIAN. ) );
#131 = CIRCLE ( 'NONE', #1267, 2.705099999999988292 ) ;
#132 = AXIS2_PLACEMENT_3D ( 'NONE', #331, #856, #1380 ) ;
#133 = CARTESIAN_POINT ( 'NONE',  ( 20.63750000000000995, 8.588374999999997428, 25.39999999999999858 ) ) ;
#134 = ORIENTED_EDGE ( 'NONE', *, *, #1310, .F. ) ;
#135 = CARTESIAN_POINT ( 'NONE',  ( 20.63750000000000995, -17.17674999999999841, 50.79999999999999716 ) ) ;
#136 = EDGE_CURVE ( 'NONE', #968, #482, #765, .T. ) ;
#137 = DIRECTION ( 'NONE',  ( 0.000000000000000000, 0.000000000000000000, 1.000000000000000000 ) ) ;
#138 = DIRECTION ( 'NONE',  ( 1.000000000000000000, 0.000000000000000000, 0.000000000000000000 ) ) ;
#139 = EDGE_CURVE ( 'NONE', #59, #952, #920, .T. ) ;
#140 = CARTESIAN_POINT ( 'NONE',  ( -17.58950000000000102, -13.65250000000000163, -50.79999999999999716 ) ) ;
#141 = CARTESIAN_POINT ( 'NONE',  ( -4.730749999999989797, -25.08250000000000313, 20.00000000000000355 ) ) ;
#142 = ORIENTED_EDGE ( 'NONE', *, *, #300, .F. ) ;
#143 = DIRECTION ( 'NONE',  ( -2.025466538397970414E-16, 1.000000000000000000, -0.000000000000000000 ) ) ;
#144 = VERTEX_POINT ( 'NONE', #1317 ) ;
#145 = CYLINDRICAL_SURFACE ( 'NONE', #1535, 3.556000000000003602 ) ;
#146 = PERSON_AND_ORGANIZATION ( #349, #825 ) ;
#147 = LINE ( 'NONE', #16, #1533 ) ;
#148 = EDGE_CURVE ( 'NONE', #1568, #1555, #1010, .T. ) ;
#149 = CARTESIAN_POINT ( 'NONE',  ( 0.03174999999999966044, 20.63749999999999929, 20.00000000000000355 ) ) ;
#150 = EDGE_LOOP ( 'NONE', ( #1595, #257, #445, #729 ) ) ;
#151 = FACE_OUTER_BOUND ( 'NONE', #366, .T. ) ;
#152 = ORIENTED_EDGE ( 'NONE', *, *, #1016, .F. ) ;
#153 = AXIS2_PLACEMENT_3D ( 'NONE', #1332, #6, #1061 ) ;
#154 = LINE ( 'NONE', #688, #544 ) ;
#155 = VECTOR ( 'NONE', #677, 1000.000000000000000 ) ;
#156 = DIRECTION ( 'NONE',  ( 0.000000000000000000, 0.000000000000000000, 1.000000000000000000 ) ) ;
#157 = AXIS2_PLACEMENT_3D ( 'NONE', #1233, #1208, #570 ) ;
#158 = EDGE_CURVE ( 'NONE', #449, #692, #182, .T. ) ;
#159 = CIRCLE ( 'NONE', #1070, 2.705099999999988292 ) ;
#160 = ORIENTED_EDGE ( 'NONE', *, *, #1150, .F. ) ;
#161 = DIRECTION ( 'NONE',  ( 0.000000000000000000, 0.000000000000000000, -1.000000000000000000 ) ) ;
#162 = ORIENTED_EDGE ( 'NONE', *, *, #508, .T. ) ;
#163 = VECTOR ( 'NONE', #1357, 1000.000000000000000 ) ;
#164 = CYLINDRICAL_SURFACE ( 'NONE', #239, 4.762499999999999289 ) ;
#165 = CARTESIAN_POINT ( 'NONE',  ( -13.50010000000000154, 12.38249999999999496, -50.79999999999999716 ) ) ;
#166 = CARTESIAN_POINT ( 'NONE',  ( -20.63750000000000284, 17.08149999999999480, -50.79999999999999716 ) ) ;
#167 = ORIENTED_EDGE ( 'NONE', *, *, #754, .T. ) ;
#168 = CARTESIAN_POINT ( 'NONE',  ( -13.50009999999999799, -12.38250000000000028, 50.79999999999999716 ) ) ;
#169 = VERTEX_POINT ( 'NONE', #309 ) ;
#170 = DIRECTION ( 'NONE',  ( 1.000000000000000000, 0.000000000000000000, 0.000000000000000000 ) ) ;
#171 = EDGE_LOOP ( 'NONE', ( #1696, #596 ) ) ;
#172 = DIRECTION ( 'NONE',  ( 0.000000000000000000, 0.000000000000000000, -1.000000000000000000 ) ) ;
#173 = EDGE_CURVE ( 'NONE', #407, #1405, #63, .T. ) ;
#174 = CARTESIAN_POINT ( 'NONE',  ( -14.77009999999999756, -12.38250000000000028, 50.79999999999999716 ) ) ;
#175 = EDGE_LOOP ( 'NONE', ( #1118, #916 ) ) ;
#176 = DIRECTION ( 'NONE',  ( -2.025466538397970414E-16, 1.000000000000000000, -0.000000000000000000 ) ) ;
#177 = ORIENTED_EDGE ( 'NONE', *, *, #1682, .T. ) ;
#178 = FACE_BOUND ( 'NONE', #191, .T. ) ;
#179 = EDGE_CURVE ( 'NONE', #966, #1104, #1338, .T. ) ;
#180 = ORIENTED_EDGE ( 'NONE', *, *, #254, .F. ) ;
#181 = DIRECTION ( 'NONE',  ( -1.000000000000000000, -2.025466538397970661E-16, 0.000000000000000000 ) ) ;
#182 = LINE ( 'NONE', #1627, #211 ) ;
#183 = VECTOR ( 'NONE', #156, 1000.000000000000000 ) ;
#184 = CIRCLE ( 'NONE', #793, 3.460750000000002213 ) ;
#185 = VERTEX_POINT ( 'NONE', #327 ) ;
#186 = CARTESIAN_POINT ( 'NONE',  ( -17.08149999999999835, -17.08150000000000190, 50.79999999999999716 ) ) ;
#187 = AXIS2_PLACEMENT_3D ( 'NONE', #1486, #969, #1494 ) ;
#188 = AXIS2_PLACEMENT_3D ( 'NONE', #1328, #704, #23 ) ;
#189 = DIRECTION ( 'NONE',  ( -1.000000000000000000, -1.012733269198985330E-16, 0.000000000000000000 ) ) ;
#190 = CIRCLE ( 'NONE', #273, 4.762499999999999289 ) ;
#191 = EDGE_LOOP ( 'NONE', ( #944, #1124 ) ) ;
#192 = DIRECTION ( 'NONE',  ( -1.241749088029209980E-15, -1.000000000000000000, 0.000000000000000000 ) ) ;
#193 = DIRECTION ( 'NONE',  ( 1.012733269198985207E-16, -1.000000000000000000, 0.000000000000000000 ) ) ;
#194 = EDGE_CURVE ( 'NONE', #903, #1251, #1347, .T. ) ;
#195 = ORIENTED_EDGE ( 'NONE', *, *, #719, .F. ) ;
#196 = CARTESIAN_POINT ( 'NONE',  ( 18.09750000000001080, 8.588374999999997428, -22.69490000000000762 ) ) ;
#197 = ORIENTED_EDGE ( 'NONE', *, *, #300, .T. ) ;
#198 = EDGE_CURVE ( 'NONE', #286, #394, #707, .T. ) ;
#199 = DIRECTION ( 'NONE',  ( -2.025466538397970414E-16, 1.000000000000000000, -0.000000000000000000 ) ) ;
#200 = VERTEX_POINT ( 'NONE', #717 ) ;
#201 = FACE_OUTER_BOUND ( 'NONE', #1258, .T. ) ;
#202 = DIRECTION ( 'NONE',  ( 1.000000000000000000, 0.000000000000000000, 0.000000000000000000 ) ) ;
#203 = EDGE_CURVE ( 'NONE', #700, #245, #699, .T. ) ;
#204 = EDGE_LOOP ( 'NONE', ( #514, #1600, #180, #616 ) ) ;
#205 = FACE_BOUND ( 'NONE', #720, .T. ) ;
#206 = DIRECTION ( 'NONE',  ( 0.000000000000000000, 0.000000000000000000, -1.000000000000000000 ) ) ;
#207 = ORIENTED_EDGE ( 'NONE', *, *, #148, .T. ) ;
#208 = FACE_OUTER_BOUND ( 'NONE', #150, .T. ) ;
#209 = DIRECTION ( 'NONE',  ( 0.000000000000000000, 0.000000000000000000, -1.000000000000000000 ) ) ;
#210 = DIRECTION ( 'NONE',  ( 0.000000000000000000, 0.000000000000000000, -1.000000000000000000 ) ) ;
#211 = VECTOR ( 'NONE', #1364, 1000.000000000000000 ) ;
#212 = ADVANCED_FACE ( 'NONE', ( #1212 ), #1220, .F. ) ;
#213 = AXIS2_PLACEMENT_3D ( 'NONE', #497, #503, #209 ) ;
#214 = LINE ( 'NONE', #747, #1068 ) ;
#215 = VECTOR ( 'NONE', #1141, 1000.000000000000000 ) ;
#216 = AXIS2_PLACEMENT_3D ( 'NONE', #1556, #381, #430 ) ;
#217 = VERTEX_POINT ( 'NONE', #595 ) ;
#218 = DIRECTION ( 'NONE',  ( 1.000000000000000000, 1.012733269198985330E-16, 0.000000000000000000 ) ) ;
#219 = DIRECTION ( 'NONE',  ( 1.000000000000000000, 0.000000000000000000, 0.000000000000000000 ) ) ;
#220 = ORIENTED_EDGE ( 'NONE', *, *, #842, .F. ) ;
#221 = CARTESIAN_POINT ( 'NONE',  ( 17.17675000000000907, -18.09750000000000369, 50.79999999999999716 ) ) ;
#222 = PRODUCT ( '3310T432_Strut Channel_3310T432_sldprt', '3310T432_Strut Channel_3310T432_sldprt', '', ( #1460 ) ) ;
#223 = VERTEX_POINT ( 'NONE', #988 ) ;
#224 = EDGE_CURVE ( 'NONE', #501, #1507, #289, .T. ) ;
#225 = FACE_OUTER_BOUND ( 'NONE', #1465, .T. ) ;
#226 = DIRECTION ( 'NONE',  ( 1.000000000000000000, 0.000000000000000000, 0.000000000000000000 ) ) ;
#227 = ORIENTED_EDGE ( 'NONE', *, *, #539, .F. ) ;
#228 = DIRECTION ( 'NONE',  ( -1.000000000000000000, 0.000000000000000000, 0.000000000000000000 ) ) ;
#229 = ORIENTED_EDGE ( 'NONE', *, *, #1394, .T. ) ;
#230 = DIRECTION ( 'NONE',  ( 1.000000000000000000, 0.000000000000000000, 0.000000000000000000 ) ) ;
#231 = CC_DESIGN_DATE_AND_TIME_ASSIGNMENT ( #911, #1431, ( #899 ) ) ;
#232 = DIRECTION ( 'NONE',  ( 1.000000000000000000, -0.000000000000000000, -0.000000000000000000 ) ) ;
#233 = DIRECTION ( 'NONE',  ( -0.000000000000000000, -0.000000000000000000, -1.000000000000000000 ) ) ;
#234 = ORIENTED_EDGE ( 'NONE', *, *, #1639, .F. ) ;
#235 = CIRCLE ( 'NONE', #295, 3.175000000000000711 ) ;
#236 = CARTESIAN_POINT ( 'NONE',  ( 17.17675000000000551, 18.09750000000000369, 50.79999999999999716 ) ) ;
#237 = AXIS2_PLACEMENT_3D ( 'NONE', #1607, #455, #558 ) ;
#238 = VERTEX_POINT ( 'NONE', #1102 ) ;
#239 = AXIS2_PLACEMENT_3D ( 'NONE', #811, #1603, #803 ) ;
#240 = FACE_OUTER_BOUND ( 'NONE', #40, .T. ) ;
#241 = AXIS2_PLACEMENT_3D ( 'NONE', #1708, #1567, #1 ) ;
#242 = DIRECTION ( 'NONE',  ( 0.000000000000000000, 0.000000000000000000, -1.000000000000000000 ) ) ;
#243 = DIRECTION ( 'NONE',  ( 1.000000000000000000, 0.000000000000000000, 0.000000000000000000 ) ) ;
#244 =( GEOMETRIC_REPRESENTATION_CONTEXT ( 3 ) GLOBAL_UNCERTAINTY_ASSIGNED_CONTEXT ( ( #1314 ) ) GLOBAL_UNIT_ASSIGNED_CONTEXT ( ( #639, #130, #1703 ) ) REPRESENTATION_CONTEXT ( 'NONE', 'WORKASPACE' ) );
#245 = VERTEX_POINT ( 'NONE', #1117 ) ;
#246 = APPLICATION_CONTEXT ( 'configuration controlled 3d designs of mechanical parts and assemblies' ) ;
#247 = EDGE_CURVE ( 'NONE', #526, #958, #1228, .T. ) ;
#248 = DIRECTION ( 'NONE',  ( -1.241749088029209980E-15, -1.000000000000000000, 0.000000000000000000 ) ) ;
#249 = ORIENTED_EDGE ( 'NONE', *, *, #864, .F. ) ;
#250 = PLANE ( 'NONE',  #545 ) ;
#251 = DIRECTION ( 'NONE',  ( 0.000000000000000000, 0.000000000000000000, 1.000000000000000000 ) ) ;
#252 = COORDINATED_UNIVERSAL_TIME_OFFSET ( 8, 0, .BEHIND. ) ;
#253 = CARTESIAN_POINT ( 'NONE',  ( -13.50010000000000154, 13.65249999999999275, -50.79999999999999716 ) ) ;
#254 = EDGE_CURVE ( 'NONE', #692, #1568, #436, .T. ) ;
#255 = LINE ( 'NONE', #667, #607 ) ;
#256 = ORIENTED_EDGE ( 'NONE', *, *, #77, .F. ) ;
#257 = ORIENTED_EDGE ( 'NONE', *, *, #963, .F. ) ;
#258 = LINE ( 'NONE', #933, #1151 ) ;
#259 = DIRECTION ( 'NONE',  ( 0.000000000000000000, 0.000000000000000000, 1.000000000000000000 ) ) ;
#260 = CALENDAR_DATE ( 2026, 22, 8 ) ;
#261 = DIRECTION ( 'NONE',  ( 1.000000000000000000, 0.000000000000000000, 0.000000000000000000 ) ) ;
#262 = DIRECTION ( 'NONE',  ( 0.000000000000000000, 0.000000000000000000, 1.000000000000000000 ) ) ;
#263 = ORIENTED_EDGE ( 'NONE', *, *, #42, .F. ) ;
#264 = ADVANCED_FACE ( 'NONE', ( #691 ), #951, .F. ) ;
#265 = DIRECTION ( 'NONE',  ( 1.000000000000000000, -0.000000000000000000, -0.000000000000000000 ) ) ;
#266 = EDGE_CURVE ( 'NONE', #741, #971, #235, .T. ) ;
#267 = VECTOR ( 'NONE', #43, 1000.000000000000000 ) ;
#268 = CIRCLE ( 'NONE', #1339, 2.705099999999988292 ) ;
#269 = FACE_OUTER_BOUND ( 'NONE', #984, .T. ) ;
#270 = CIRCLE ( 'NONE', #1289, 4.762499999999999289 ) ;
#271 = CIRCLE ( 'NONE', #1290, 3.460750000000002213 ) ;
#272 = LINE ( 'NONE', #1075, #848 ) ;
#273 = AXIS2_PLACEMENT_3D ( 'NONE', #606, #999, #1637 ) ;
#274 = CARTESIAN_POINT ( 'NONE',  ( 18.09750000000001080, -17.17674999999999841, -50.79999999999999716 ) ) ;
#275 = ORIENTED_EDGE ( 'NONE', *, *, #96, .T. ) ;
#276 = APPROVAL ( #412, 'UNSPECIFIED' ) ;
#277 = CARTESIAN_POINT ( 'NONE',  ( -17.08149999999999835, -20.63750000000000639, -50.79999999999999716 ) ) ;
#278 = ADVANCED_FACE ( 'NONE', ( #463 ), #843, .T. ) ;
#279 = ORIENTED_EDGE ( 'NONE', *, *, #179, .F. ) ;
#280 = CARTESIAN_POINT ( 'NONE',  ( -13.50010000000000154, 12.38249999999999496, -50.79999999999999716 ) ) ;
#281 = DIRECTION ( 'NONE',  ( 0.000000000000000000, 0.000000000000000000, 1.000000000000000000 ) ) ;
#282 = FACE_OUTER_BOUND ( 'NONE', #555, .T. ) ;
#283 = CARTESIAN_POINT ( 'NONE',  ( 20.63750000000000995, -8.588375000000000981, 25.39999999999999858 ) ) ;
#284 = ORIENTED_EDGE ( 'NONE', *, *, #125, .F. ) ;
#285 = CARTESIAN_POINT ( 'NONE',  ( -17.46249999999999858, -14.28750000000000142, -50.79999999999999716 ) ) ;
#286 = VERTEX_POINT ( 'NONE', #428 ) ;
#287 = CARTESIAN_POINT ( 'NONE',  ( -18.09750000000000369, -17.08150000000000190, -50.79999999999999716 ) ) ;
#288 = CC_DESIGN_PERSON_AND_ORGANIZATION_ASSIGNMENT ( #548, #1586, ( #665 ) ) ;
#289 = LINE ( 'NONE', #1337, #713 ) ;
#290 = VERTEX_POINT ( 'NONE', #1476 ) ;
#291 = CYLINDRICAL_SURFACE ( 'NONE', #1540, 4.762499999999999289 ) ;
#292 = ORIENTED_EDGE ( 'NONE', *, *, #1530, .T. ) ;
#293 = DIRECTION ( 'NONE',  ( 0.000000000000000000, 0.000000000000000000, 1.000000000000000000 ) ) ;
#294 = VERTEX_POINT ( 'NONE', #298 ) ;
#295 = AXIS2_PLACEMENT_3D ( 'NONE', #317, #1643, #26 ) ;
#296 = DIRECTION ( 'NONE',  ( 1.187759997245330651E-15, 1.000000000000000000, 0.000000000000000000 ) ) ;
#297 = CIRCLE ( 'NONE', #410, 2.705099999999991400 ) ;
#298 = CARTESIAN_POINT ( 'NONE',  ( -13.50009999999999799, -13.65249999999999986, 50.79999999999999716 ) ) ;
#299 = VECTOR ( 'NONE', #218, 1000.000000000000000 ) ;
#300 = EDGE_CURVE ( 'NONE', #223, #591, #55, .T. ) ;
#301 = VERTEX_POINT ( 'NONE', #978 ) ;
#302 = FACE_OUTER_BOUND ( 'NONE', #416, .T. ) ;
#303 = ORIENTED_EDGE ( 'NONE', *, *, #360, .T. ) ;
#304 = LOCAL_TIME ( 17, 51, 1.000000000000000000, #388 ) ;
#305 = EDGE_CURVE ( 'NONE', #20, #1379, #1504, .T. ) ;
#306 = DIRECTION ( 'NONE',  ( 1.000000000000000000, 0.000000000000000000, 0.000000000000000000 ) ) ;
#307 = VERTEX_POINT ( 'NONE', #365 ) ;
#308 = CARTESIAN_POINT ( 'NONE',  ( -13.50010000000000154, 13.65249999999999275, -50.79999999999999716 ) ) ;
#309 = CARTESIAN_POINT ( 'NONE',  ( -20.63750000000000284, 17.08149999999999480, 50.79999999999999716 ) ) ;
#310 = EDGE_LOOP ( 'NONE', ( #1610, #279 ) ) ;
#311 = DIRECTION ( 'NONE',  ( -1.000000000000000000, 4.241999990161896449E-16, 0.000000000000000000 ) ) ;
#312 = VERTEX_POINT ( 'NONE', #1667 ) ;
#313 = EDGE_CURVE ( 'NONE', #850, #559, #184, .T. ) ;
#314 = LINE ( 'NONE', #562, #634 ) ;
#315 = ORIENTED_EDGE ( 'NONE', *, *, #1670, .F. ) ;
#316 = CARTESIAN_POINT ( 'NONE',  ( -14.77010000000000112, 11.11249999999999361, -50.79999999999999716 ) ) ;
#317 = CARTESIAN_POINT ( 'NONE',  ( -17.46250000000000213, 14.28749999999999432, 50.79999999999999716 ) ) ;
#318 = ORIENTED_EDGE ( 'NONE', *, *, #96, .F. ) ;
#319 = LINE ( 'NONE', #894, #880 ) ;
#320 = ORIENTED_EDGE ( 'NONE', *, *, #1639, .T. ) ;
#321 = EDGE_CURVE ( 'NONE', #223, #426, #1022, .T. ) ;
#322 = DIRECTION ( 'NONE',  ( -1.000000000000000000, 0.000000000000000000, 0.000000000000000000 ) ) ;
#323 = ORIENTED_EDGE ( 'NONE', *, *, #754, .F. ) ;
#324 = EDGE_CURVE ( 'NONE', #886, #419, #716, .T. ) ;
#325 = LINE ( 'NONE', #714, #1701 ) ;
#326 = CIRCLE ( 'NONE', #153, 2.705099999999991400 ) ;
#327 = CARTESIAN_POINT ( 'NONE',  ( 0.03175000000000746669, -18.09750000000000725, 20.00000000000000355 ) ) ;
#328 = VECTOR ( 'NONE', #942, 1000.000000000000000 ) ;
#329 = CIRCLE ( 'NONE', #187, 4.762499999999998401 ) ;
#330 = ORIENTED_EDGE ( 'NONE', *, *, #1446, .T. ) ;
#331 = CARTESIAN_POINT ( 'NONE',  ( -17.58950000000000102, -14.16049999999999898, -50.79999999999999716 ) ) ;
#332 = ORIENTED_EDGE ( 'NONE', *, *, #1378, .F. ) ;
#333 = AXIS2_PLACEMENT_3D ( 'NONE', #732, #1395, #1007 ) ;
#334 = CIRCLE ( 'NONE', #386, 4.762499999999999289 ) ;
#335 = DIRECTION ( 'NONE',  ( 0.000000000000000000, -1.000000000000000000, 0.000000000000000000 ) ) ;
#336 = CIRCLE ( 'NONE', #389, 2.705099999999991400 ) ;
#337 = ORIENTED_EDGE ( 'NONE', *, *, #578, .F. ) ;
#338 = CARTESIAN_POINT ( 'NONE',  ( -17.08149999999999835, -20.63750000000000639, 50.79999999999999716 ) ) ;
#339 = EDGE_CURVE ( 'NONE', #419, #144, #997, .T. ) ;
#340 = DIRECTION ( 'NONE',  ( 0.000000000000000000, 0.000000000000000000, 1.000000000000000000 ) ) ;
#341 = ORIENTED_EDGE ( 'NONE', *, *, #703, .T. ) ;
#342 = FACE_OUTER_BOUND ( 'NONE', #1618, .T. ) ;
#343 = ORIENTED_EDGE ( 'NONE', *, *, #203, .F. ) ;
#344 = LINE ( 'NONE', #221, #549 ) ;
#345 = ORIENTED_EDGE ( 'NONE', *, *, #890, .F. ) ;
#346 = LINE ( 'NONE', #867, #1451 ) ;
#347 = CARTESIAN_POINT ( 'NONE',  ( -13.50009999999999799, -13.65249999999999986, -50.79999999999999716 ) ) ;
#348 = EDGE_CURVE ( 'NONE', #66, #1361, #297, .T. ) ;
#349 = PERSON ( 'UNSPECIFIED', 'UNSPECIFIED', 'UNSPECIFIED', ('UNSPECIFIED'), ('UNSPECIFIED'), ('UNSPECIFIED') ) ;
#350 = DIRECTION ( 'NONE',  ( 1.000000000000000000, -0.000000000000000000, -0.000000000000000000 ) ) ;
#351 = LINE ( 'NONE', #1000, #1539 ) ;
#352 = ORIENTED_EDGE ( 'NONE', *, *, #1700, .F. ) ;
#353 = DIRECTION ( 'NONE',  ( 1.012733269198985207E-16, -1.000000000000000000, 0.000000000000000000 ) ) ;
#354 = CYLINDRICAL_SURFACE ( 'NONE', #213, 2.705099999999991400 ) ;
#355 = ORIENTED_EDGE ( 'NONE', *, *, #1301, .T. ) ;
#356 = AXIS2_PLACEMENT_3D ( 'NONE', #1706, #524, #261 ) ;
#357 = EDGE_CURVE ( 'NONE', #440, #1058, #1263, .T. ) ;
#358 = AXIS2_PLACEMENT_3D ( 'NONE', #726, #1248, #1596 ) ;
#359 = DIRECTION ( 'NONE',  ( 0.000000000000000000, 0.000000000000000000, 1.000000000000000000 ) ) ;
#360 = EDGE_CURVE ( 'NONE', #290, #1215, #474, .T. ) ;
#361 = VECTOR ( 'NONE', #1018, 1000.000000000000000 ) ;
#362 = ORIENTED_EDGE ( 'NONE', *, *, #842, .T. ) ;
#363 = LINE ( 'NONE', #1279, #1564 ) ;
#364 = AXIS2_PLACEMENT_3D ( 'NONE', #1506, #450, #972 ) ;
#365 = CARTESIAN_POINT ( 'NONE',  ( 0.03174999999999445627, 20.63749999999999929, -19.99999999999999645 ) ) ;
#366 = EDGE_LOOP ( 'NONE', ( #981, #674, #345, #431 ) ) ;
#367 = LINE ( 'NONE', #1049, #797 ) ;
#368 = EDGE_CURVE ( 'NONE', #238, #1545, #685, .T. ) ;
#369 = ORIENTED_EDGE ( 'NONE', *, *, #85, .F. ) ;
#370 = LINE ( 'NONE', #338, #299 ) ;
#371 = CARTESIAN_POINT ( 'NONE',  ( 18.09750000000001080, 17.17674999999999841, 50.79999999999999716 ) ) ;
#372 = PLANE ( 'NONE',  #1455 ) ;
#373 = ORIENTED_EDGE ( 'NONE', *, *, #864, .T. ) ;
#374 = FACE_OUTER_BOUND ( 'NONE', #694, .T. ) ;
#375 = ORIENTED_EDGE ( 'NONE', *, *, #408, .F. ) ;
#376 = FACE_OUTER_BOUND ( 'NONE', #1197, .T. ) ;
#377 = CARTESIAN_POINT ( 'NONE',  ( -17.08149999999999835, -17.08150000000000190, -50.79999999999999716 ) ) ;
#378 = DIRECTION ( 'NONE',  ( 1.000000000000000000, 1.012733269198985207E-16, 0.000000000000000000 ) ) ;
#379 = EDGE_CURVE ( 'NONE', #1321, #301, #1647, .T. ) ;
#380 = ORIENTED_EDGE ( 'NONE', *, *, #738, .F. ) ;
#381 = DIRECTION ( 'NONE',  ( -2.025466538397970414E-16, 1.000000000000000000, -0.000000000000000000 ) ) ;
#382 = AXIS2_PLACEMENT_3D ( 'NONE', #1257, #1266, #226 ) ;
#383 = EDGE_LOOP ( 'NONE', ( #1548, #1223, #1669, #733 ) ) ;
#384 = CIRCLE ( 'NONE', #101, 2.705099999999991400 ) ;
#385 = CYLINDRICAL_SURFACE ( 'NONE', #413, 3.460750000000002213 ) ;
#386 = AXIS2_PLACEMENT_3D ( 'NONE', #609, #615, #1302 ) ;
#387 = DIRECTION ( 'NONE',  ( 0.000000000000000000, 0.000000000000000000, -1.000000000000000000 ) ) ;
#388 = COORDINATED_UNIVERSAL_TIME_OFFSET ( 8, 0, .BEHIND. ) ;
#389 = AXIS2_PLACEMENT_3D ( 'NONE', #1414, #590, #58 ) ;
#390 = ADVANCED_FACE ( 'NONE', ( #1392 ), #354, .F. ) ;
#391 = CARTESIAN_POINT ( 'NONE',  ( 20.63750000000000995, -8.588375000000000981, -25.39999999999999858 ) ) ;
#392 = DIRECTION ( 'NONE',  ( 4.241999990161895956E-16, 1.000000000000000000, -0.000000000000000000 ) ) ;
#393 = VERTEX_POINT ( 'NONE', #1662 ) ;
#394 = VERTEX_POINT ( 'NONE', #1281 ) ;
#395 = CARTESIAN_POINT ( 'NONE',  ( 20.63750000000000995, 8.588374999999997428, 28.10509999999998954 ) ) ;
#396 = CARTESIAN_POINT ( 'NONE',  ( -17.58950000000000102, -13.65250000000000163, -50.79999999999999716 ) ) ;
#397 = PERSON_AND_ORGANIZATION ( #349, #825 ) ;
#398 = ADVANCED_FACE ( 'NONE', ( #1523 ), #885, .T. ) ;
#399 = DIRECTION ( 'NONE',  ( 1.000000000000000000, -0.000000000000000000, -0.000000000000000000 ) ) ;
#400 = FACE_OUTER_BOUND ( 'NONE', #1415, .T. ) ;
#401 = EDGE_LOOP ( 'NONE', ( #844, #1472, #429, #832 ) ) ;
#402 = DIRECTION ( 'NONE',  ( -0.000000000000000000, -0.000000000000000000, -1.000000000000000000 ) ) ;
#403 = LINE ( 'NONE', #1330, #1125 ) ;
#404 = APPLICATION_PROTOCOL_DEFINITION ( 'international standard', 'config_control_design', 1994, #246 ) ;
#405 = LINE ( 'NONE', #1715, #873 ) ;
#406 = LINE ( 'NONE', #928, #1153 ) ;
#407 = VERTEX_POINT ( 'NONE', #480 ) ;
#408 = EDGE_CURVE ( 'NONE', #99, #1251, #630, .T. ) ;
#409 = PLANE ( 'NONE',  #1481 ) ;
#410 = AXIS2_PLACEMENT_3D ( 'NONE', #1137, #1687, #1516 ) ;
#411 = FACE_OUTER_BOUND ( 'NONE', #32, .T. ) ;
#412 = APPROVAL_STATUS ( 'not_yet_approved' ) ;
#413 = AXIS2_PLACEMENT_3D ( 'NONE', #1429, #1552, #1711 ) ;
#414 = AXIS2_PLACEMENT_3D ( 'NONE', #285, #293, #1335 ) ;
#415 = LINE ( 'NONE', #274, #960 ) ;
#416 = EDGE_LOOP ( 'NONE', ( #320, #1517, #1296, #621 ) ) ;
#417 = EDGE_CURVE ( 'NONE', #559, #915, #625, .T. ) ;
#418 = DIRECTION ( 'NONE',  ( 1.000000000000000000, 0.000000000000000000, 0.000000000000000000 ) ) ;
#419 = VERTEX_POINT ( 'NONE', #1529 ) ;
#420 = DIRECTION ( 'NONE',  ( 1.000000000000000000, 0.000000000000000000, 0.000000000000000000 ) ) ;
#421 = DIRECTION ( 'NONE',  ( 4.241999990161895956E-16, -1.000000000000000000, 0.000000000000000000 ) ) ;
#422 = EDGE_LOOP ( 'NONE', ( #998, #177 ) ) ;
#423 = CARTESIAN_POINT ( 'NONE',  ( 18.09750000000001080, 17.17674999999999841, 50.79999999999999716 ) ) ;
#424 = ORIENTED_EDGE ( 'NONE', *, *, #42, .T. ) ;
#425 = CARTESIAN_POINT ( 'NONE',  ( -4.730749999999998678, 18.09750000000000014, 20.00000000000000355 ) ) ;
#426 = VERTEX_POINT ( 'NONE', #371 ) ;
#427 = CARTESIAN_POINT ( 'NONE',  ( -17.58950000000000102, -13.65250000000000163, -50.79999999999999716 ) ) ;
#428 = CARTESIAN_POINT ( 'NONE',  ( -18.09750000000000369, -17.08150000000000190, -50.79999999999999716 ) ) ;
#429 = ORIENTED_EDGE ( 'NONE', *, *, #1661, .F. ) ;
#430 = DIRECTION ( 'NONE',  ( -1.000000000000000000, 0.000000000000000000, 0.000000000000000000 ) ) ;
#431 = ORIENTED_EDGE ( 'NONE', *, *, #158, .T. ) ;
#432 = CARTESIAN_POINT ( 'NONE',  ( -17.46250000000000213, 11.11249999999999361, -50.79999999999999716 ) ) ;
#433 = EDGE_LOOP ( 'NONE', ( #941, #1496, #1169, #284 ) ) ;
#434 = DIRECTION ( 'NONE',  ( 1.000000000000000000, 0.000000000000000000, 0.000000000000000000 ) ) ;
#435 = VECTOR ( 'NONE', #1407, 1000.000000000000000 ) ;
#436 = LINE ( 'NONE', #853, #183 ) ;
#437 = EDGE_CURVE ( 'NONE', #200, #958, #631, .T. ) ;
#438 = VECTOR ( 'NONE', #756, 1000.000000000000000 ) ;
#439 = CIRCLE ( 'NONE', #689, 1.016000000000003123 ) ;
#440 = VERTEX_POINT ( 'NONE', #743 ) ;
#441 = DIRECTION ( 'NONE',  ( 1.000000000000000000, 0.000000000000000000, 0.000000000000000000 ) ) ;
#442 = ORIENTED_EDGE ( 'NONE', *, *, #1661, .T. ) ;
#443 = VECTOR ( 'NONE', #1230, 1000.000000000000000 ) ;
#444 = LINE ( 'NONE', #1079, #1179 ) ;
#445 = ORIENTED_EDGE ( 'NONE', *, *, #619, .F. ) ;
#446 = DIRECTION ( 'NONE',  ( 0.000000000000000000, 0.000000000000000000, 1.000000000000000000 ) ) ;
#447 = DIRECTION ( 'NONE',  ( 0.000000000000000000, 0.000000000000000000, -1.000000000000000000 ) ) ;
#448 = ADVANCED_FACE ( 'NONE', ( #751 ), #93, .T. ) ;
#449 = VERTEX_POINT ( 'NONE', #347 ) ;
#450 = DIRECTION ( 'NONE',  ( 0.000000000000000000, 0.000000000000000000, 1.000000000000000000 ) ) ;
#451 = ORIENTED_EDGE ( 'NONE', *, *, #1219, .T. ) ;
#452 = PLANE ( 'NONE',  #1042 ) ;
#453 = ORIENTED_EDGE ( 'NONE', *, *, #437, .F. ) ;
#454 = DIRECTION ( 'NONE',  ( 0.000000000000000000, 0.000000000000000000, 1.000000000000000000 ) ) ;
#455 = DIRECTION ( 'NONE',  ( -1.000000000000000000, 0.000000000000000000, 0.000000000000000000 ) ) ;
#456 = ORIENTED_EDGE ( 'NONE', *, *, #45, .F. ) ;
#457 = CARTESIAN_POINT ( 'NONE',  ( 20.63750000000000639, 17.17674999999999841, -50.79999999999999716 ) ) ;
#458 = VERTEX_POINT ( 'NONE', #1287 ) ;
#459 = CARTESIAN_POINT ( 'NONE',  ( -18.09750000000000725, 17.08149999999999480, -50.79999999999999716 ) ) ;
#460 = EDGE_CURVE ( 'NONE', #1091, #567, #1175, .T. ) ;
#461 = VERTEX_POINT ( 'NONE', #111 ) ;
#462 = CARTESIAN_POINT ( 'NONE',  ( -18.09750000000000014, -14.16049999999999898, 50.79999999999999716 ) ) ;
#463 = FACE_OUTER_BOUND ( 'NONE', #383, .T. ) ;
#464 = CIRCLE ( 'NONE', #358, 2.705099999999988292 ) ;
#465 = AXIS2_PLACEMENT_3D ( 'NONE', #669, #1190, #543 ) ;
#466 = ORIENTED_EDGE ( 'NONE', *, *, #357, .T. ) ;
#467 = EDGE_LOOP ( 'NONE', ( #152, #1282, #658, #1014 ) ) ;
#468 = VECTOR ( 'NONE', #1352, 1000.000000000000000 ) ;
#469 = AXIS2_PLACEMENT_3D ( 'NONE', #597, #103, #1119 ) ;
#470 = FACE_OUTER_BOUND ( 'NONE', #204, .T. ) ;
#471 = ADVANCED_FACE ( 'NONE', ( #269 ), #145, .T. ) ;
#472 = ORIENTED_EDGE ( 'NONE', *, *, #1272, .T. ) ;
#473 = CARTESIAN_POINT ( 'NONE',  ( 20.63750000000000639, 17.17674999999999841, -50.79999999999999716 ) ) ;
#474 = LINE ( 'NONE', #757, #1617 ) ;
#475 = ORIENTED_EDGE ( 'NONE', *, *, #1103, .T. ) ;
#476 = DIRECTION ( 'NONE',  ( 1.000000000000000000, 0.000000000000000000, 0.000000000000000000 ) ) ;
#477 = DIRECTION ( 'NONE',  ( 1.000000000000000000, 0.000000000000000000, 0.000000000000000000 ) ) ;
#478 = ORIENTED_EDGE ( 'NONE', *, *, #116, .F. ) ;
#479 = CARTESIAN_POINT ( 'NONE',  ( 0.03175000000000920142, -25.08250000000000313, 20.00000000000000355 ) ) ;
#480 = CARTESIAN_POINT ( 'NONE',  ( -9.493250000000003297, 18.09750000000000014, -19.99999999999999645 ) ) ;
#481 = EDGE_CURVE ( 'NONE', #440, #301, #403, .T. ) ;
#482 = VERTEX_POINT ( 'NONE', #529 ) ;
#483 = DIRECTION ( 'NONE',  ( -1.000000000000000000, 0.000000000000000000, 0.000000000000000000 ) ) ;
#484 = ORIENTED_EDGE ( 'NONE', *, *, #357, .F. ) ;
#485 = CARTESIAN_POINT ( 'NONE',  ( 0.03174999999999532363, 18.09750000000000014, -19.99999999999999645 ) ) ;
#486 = CARTESIAN_POINT ( 'NONE',  ( -4.730749999999996902, -18.09750000000000725, -19.99999999999999645 ) ) ;
#487 = EDGE_CURVE ( 'NONE', #461, #601, #798, .T. ) ;
#488 = CARTESIAN_POINT ( 'NONE',  ( -13.50010000000000154, 12.38249999999999496, 50.79999999999999716 ) ) ;
#489 = VECTOR ( 'NONE', #121, 1000.000000000000000 ) ;
#490 = VECTOR ( 'NONE', #137, 1000.000000000000000 ) ;
#491 = DIRECTION ( 'NONE',  ( -2.025466538397970414E-16, 1.000000000000000000, -0.000000000000000000 ) ) ;
#492 = VECTOR ( 'NONE', #1312, 1000.000000000000000 ) ;
#493 = AXIS2_PLACEMENT_3D ( 'NONE', #759, #499, #108 ) ;
#494 = ORIENTED_EDGE ( 'NONE', *, *, #198, .T. ) ;
#495 = DIRECTION ( 'NONE',  ( 1.000000000000000000, 0.000000000000000000, 0.000000000000000000 ) ) ;
#496 = AXIS2_PLACEMENT_3D ( 'NONE', #186, #233, #721 ) ;
#497 = CARTESIAN_POINT ( 'NONE',  ( 20.63750000000000995, 8.588374999999997428, 25.39999999999999858 ) ) ;
#498 = ORIENTED_EDGE ( 'NONE', *, *, #321, .T. ) ;
#499 = DIRECTION ( 'NONE',  ( 1.000000000000000000, -0.000000000000000000, -0.000000000000000000 ) ) ;
#500 = EDGE_CURVE ( 'NONE', #828, #144, #268, .T. ) ;
#501 = VERTEX_POINT ( 'NONE', #129 ) ;
#502 = DIRECTION ( 'NONE',  ( 0.000000000000000000, 0.000000000000000000, 1.000000000000000000 ) ) ;
#503 = DIRECTION ( 'NONE',  ( 1.000000000000000000, -0.000000000000000000, -0.000000000000000000 ) ) ;
#504 = DIRECTION ( 'NONE',  ( 1.012733269198985207E-16, -1.000000000000000000, 0.000000000000000000 ) ) ;
#505 = FACE_OUTER_BOUND ( 'NONE', #1020, .T. ) ;
#506 = FACE_OUTER_BOUND ( 'NONE', #1408, .T. ) ;
#507 = ORIENTED_EDGE ( 'NONE', *, *, #1446, .F. ) ;
#508 = EDGE_CURVE ( 'NONE', #1044, #1091, #1580, .T. ) ;
#509 = CARTESIAN_POINT ( 'NONE',  ( 0.03175000000000833406, -20.63750000000000639, 20.00000000000000355 ) ) ;
#510 = DIRECTION ( 'NONE',  ( 1.000000000000000000, -0.000000000000000000, -0.000000000000000000 ) ) ;
#511 = PERSON_AND_ORGANIZATION_ROLE ( 'design_owner' ) ;
#512 = DIRECTION ( 'NONE',  ( 1.187759997245330454E-15, 1.000000000000000000, 0.000000000000000000 ) ) ;
#513 = DIRECTION ( 'NONE',  ( 1.000000000000000000, -0.000000000000000000, -0.000000000000000000 ) ) ;
#514 = ORIENTED_EDGE ( 'NONE', *, *, #996, .T. ) ;
#515 = AXIS2_PLACEMENT_3D ( 'NONE', #874, #638, #762 ) ;
#516 = ORIENTED_EDGE ( 'NONE', *, *, #1186, .F. ) ;
#517 = VECTOR ( 'NONE', #535, 1000.000000000000000 ) ;
#518 = CARTESIAN_POINT ( 'NONE',  ( -18.09750000000000369, 14.16049999999999187, 50.79999999999999716 ) ) ;
#519 = ADVANCED_FACE ( 'NONE', ( #1191, #1324, #1034 ), #663, .T. ) ;
#520 = CIRCLE ( 'NONE', #1592, 4.762499999999999289 ) ;
#521 = CARTESIAN_POINT ( 'NONE',  ( -13.50010000000000154, 13.65249999999999275, -50.79999999999999716 ) ) ;
#522 = PERSON_AND_ORGANIZATION ( #349, #825 ) ;
#523 = CC_DESIGN_APPROVAL ( #276, ( #608 ) ) ;
#524 = DIRECTION ( 'NONE',  ( -0.000000000000000000, -0.000000000000000000, -1.000000000000000000 ) ) ;
#525 = CYLINDRICAL_SURFACE ( 'NONE', #241, 4.762499999999999289 ) ;
#526 = VERTEX_POINT ( 'NONE', #1702 ) ;
#527 = ORIENTED_EDGE ( 'NONE', *, *, #266, .F. ) ;
#528 = DIRECTION ( 'NONE',  ( 1.000000000000000000, 1.187759997245330651E-15, -0.000000000000000000 ) ) ;
#529 = CARTESIAN_POINT ( 'NONE',  ( 17.17675000000000907, -18.09750000000000369, 50.79999999999999716 ) ) ;
#530 = PLANE ( 'NONE',  #1094 ) ;
#531 = EDGE_CURVE ( 'NONE', #57, #697, #1439, .T. ) ;
#532 = ADVANCED_FACE ( 'NONE', ( #411 ), #670, .F. ) ;
#533 = DIRECTION ( 'NONE',  ( 1.000000000000000000, -0.000000000000000000, -0.000000000000000000 ) ) ;
#534 = VERTEX_POINT ( 'NONE', #935 ) ;
#535 = DIRECTION ( 'NONE',  ( -1.187759997245330454E-15, 1.000000000000000000, 0.000000000000000000 ) ) ;
#536 = LINE ( 'NONE', #1459, #1450 ) ;
#537 = COORDINATED_UNIVERSAL_TIME_OFFSET ( 8, 0, .BEHIND. ) ;
#538 = CARTESIAN_POINT ( 'NONE',  ( -17.58950000000000102, -13.65250000000000163, -50.79999999999999716 ) ) ;
#539 = EDGE_CURVE ( 'NONE', #526, #1458, #119, .T. ) ;
#540 = CARTESIAN_POINT ( 'NONE',  ( -14.77009999999999756, -11.11250000000000071, 50.79999999999999716 ) ) ;
#541 = ORIENTED_EDGE ( 'NONE', *, *, #1103, .F. ) ;
#542 = AXIS2_PLACEMENT_3D ( 'NONE', #174, #576, #970 ) ;
#543 = DIRECTION ( 'NONE',  ( 1.000000000000000000, 0.000000000000000000, 0.000000000000000000 ) ) ;
#544 = VECTOR ( 'NONE', #181, 1000.000000000000000 ) ;
#545 = AXIS2_PLACEMENT_3D ( 'NONE', #898, #528, #1322 ) ;
#546 = ORIENTED_EDGE ( 'NONE', *, *, #1434, .F. ) ;
#547 = CARTESIAN_POINT ( 'NONE',  ( -18.09750000000000014, -14.16049999999999898, -50.79999999999999716 ) ) ;
#548 = PERSON_AND_ORGANIZATION ( #349, #825 ) ;
#549 = VECTOR ( 'NONE', #189, 1000.000000000000000 ) ;
#550 = CARTESIAN_POINT ( 'NONE',  ( 18.09750000000001080, 8.588374999999997428, 28.10509999999998954 ) ) ;
#551 = CIRCLE ( 'NONE', #1130, 3.556000000000003602 ) ;
#552 = DIRECTION ( 'NONE',  ( 1.000000000000000000, 0.000000000000000000, 0.000000000000000000 ) ) ;
#553 = ORIENTED_EDGE ( 'NONE', *, *, #1193, .T. ) ;
#554 = DIRECTION ( 'NONE',  ( 1.000000000000000000, 0.000000000000000000, 0.000000000000000000 ) ) ;
#555 = EDGE_LOOP ( 'NONE', ( #628, #424, #355, #610 ) ) ;
#556 = CARTESIAN_POINT ( 'NONE',  ( 17.17675000000000551, 17.17674999999999841, -50.79999999999999716 ) ) ;
#557 = ADVANCED_FACE ( 'NONE', ( #1430 ), #918, .T. ) ;
#558 = DIRECTION ( 'NONE',  ( 0.000000000000000000, 0.000000000000000000, 1.000000000000000000 ) ) ;
#559 = VERTEX_POINT ( 'NONE', #1184 ) ;
#560 = CARTESIAN_POINT ( 'NONE',  ( 18.09750000000001080, -8.588375000000000981, -22.69490000000000762 ) ) ;
#561 = VERTEX_POINT ( 'NONE', #4 ) ;
#562 = CARTESIAN_POINT ( 'NONE',  ( -9.493249999999994415, -25.08250000000000313, -19.99999999999999645 ) ) ;
#563 = EDGE_CURVE ( 'NONE', #1146, #971, #536, .T. ) ;
#564 = ORIENTED_EDGE ( 'NONE', *, *, #1560, .T. ) ;
#565 = DIRECTION ( 'NONE',  ( -2.025466538397970414E-16, 1.000000000000000000, -0.000000000000000000 ) ) ;
#566 = DIRECTION ( 'NONE',  ( 1.000000000000000000, 1.012733269198985330E-16, 0.000000000000000000 ) ) ;
#567 = VERTEX_POINT ( 'NONE', #1420 ) ;
#568 = DIRECTION ( 'NONE',  ( -1.009925321132814667E-16, 1.000000000000000000, 0.000000000000000000 ) ) ;
#569 = EDGE_LOOP ( 'NONE', ( #837, #134 ) ) ;
#570 = DIRECTION ( 'NONE',  ( 1.000000000000000000, 0.000000000000000000, 0.000000000000000000 ) ) ;
#571 = ORIENTED_EDGE ( 'NONE', *, *, #611, .T. ) ;
#572 = VECTOR ( 'NONE', #512, 1000.000000000000000 ) ;
#573 = LINE ( 'NONE', #1227, #328 ) ;
#574 = EDGE_CURVE ( 'NONE', #29, #312, #781, .T. ) ;
#575 = AXIS2_PLACEMENT_3D ( 'NONE', #287, #1475, #296 ) ;
#576 = DIRECTION ( 'NONE',  ( 0.000000000000000000, 0.000000000000000000, 1.000000000000000000 ) ) ;
#577 = CIRCLE ( 'NONE', #465, 4.762499999999999289 ) ;
#578 = EDGE_CURVE ( 'NONE', #1697, #2, #1298, .T. ) ;
#579 = AXIS2_PLACEMENT_3D ( 'NONE', #1224, #554, #820 ) ;
#580 = ORIENTED_EDGE ( 'NONE', *, *, #764, .T. ) ;
#581 = LINE ( 'NONE', #1028, #1426 ) ;
#582 = ORIENTED_EDGE ( 'NONE', *, *, #683, .F. ) ;
#583 = AXIS2_PLACEMENT_3D ( 'NONE', #1222, #37, #568 ) ;
#584 = FACE_OUTER_BOUND ( 'NONE', #1327, .T. ) ;
#585 = ORIENTED_EDGE ( 'NONE', *, *, #764, .F. ) ;
#586 = PLANE ( 'NONE',  #604 ) ;
#587 = DIRECTION ( 'NONE',  ( 0.000000000000000000, -1.000000000000000000, 0.000000000000000000 ) ) ;
#588 = EDGE_CURVE ( 'NONE', #301, #1321, #128, .T. ) ;
#589 = ORIENTED_EDGE ( 'NONE', *, *, #1456, .T. ) ;
#590 = DIRECTION ( 'NONE',  ( 1.000000000000000000, -0.000000000000000000, -0.000000000000000000 ) ) ;
#591 = VERTEX_POINT ( 'NONE', #1046 ) ;
#592 = CARTESIAN_POINT ( 'NONE',  ( 20.63750000000000995, -17.17674999999999841, 50.79999999999999716 ) ) ;
#593 = VERTEX_POINT ( 'NONE', #805 ) ;
#594 = CARTESIAN_POINT ( 'NONE',  ( 20.63750000000000995, -8.588375000000000981, -25.39999999999999858 ) ) ;
#595 = CARTESIAN_POINT ( 'NONE',  ( -17.08149999999999835, -20.63750000000000639, 50.79999999999999716 ) ) ;
#596 = ORIENTED_EDGE ( 'NONE', *, *, #1375, .F. ) ;
#597 = CARTESIAN_POINT ( 'NONE',  ( -17.08150000000000190, 17.08149999999999480, -50.79999999999999716 ) ) ;
#598 = EDGE_LOOP ( 'NONE', ( #1005, #466, #1131, #725 ) ) ;
#599 = APPROVAL ( #1563, 'UNSPECIFIED' ) ;
#600 = CARTESIAN_POINT ( 'NONE',  ( -14.77010000000000112, 12.38249999999999496, -50.79999999999999716 ) ) ;
#601 = VERTEX_POINT ( 'NONE', #1693 ) ;
#602 = DIRECTION ( 'NONE',  ( 0.000000000000000000, 0.000000000000000000, 1.000000000000000000 ) ) ;
#603 = CARTESIAN_POINT ( 'NONE',  ( 20.63750000000000995, 8.588374999999997428, -25.39999999999999858 ) ) ;
#604 = AXIS2_PLACEMENT_3D ( 'NONE', #165, #1072, #172 ) ;
#605 = ORIENTED_EDGE ( 'NONE', *, *, #1242, .F. ) ;
#606 = CARTESIAN_POINT ( 'NONE',  ( -4.730750000000004896, 20.63749999999999929, -19.99999999999999645 ) ) ;
#607 = VECTOR ( 'NONE', #248, 1000.000000000000000 ) ;
#608 = SECURITY_CLASSIFICATION ( '', '', #1581 ) ;
#609 = CARTESIAN_POINT ( 'NONE',  ( -4.730750000000004007, 18.09750000000000014, -19.99999999999999645 ) ) ;
#610 = ORIENTED_EDGE ( 'NONE', *, *, #487, .F. ) ;
#611 = EDGE_CURVE ( 'NONE', #57, #449, #706, .T. ) ;
#612 = DIRECTION ( 'NONE',  ( 1.000000000000000000, 0.000000000000000000, 0.000000000000000000 ) ) ;
#613 = DIRECTION ( 'NONE',  ( -2.025466538397970414E-16, 1.000000000000000000, 0.000000000000000000 ) ) ;
#614 = ORIENTED_EDGE ( 'NONE', *, *, #1551, .T. ) ;
#615 = DIRECTION ( 'NONE',  ( 1.012733269198985207E-16, -1.000000000000000000, 0.000000000000000000 ) ) ;
#616 = ORIENTED_EDGE ( 'NONE', *, *, #1359, .T. ) ;
#617 = CARTESIAN_POINT ( 'NONE',  ( -18.09750000000000014, -14.16049999999999898, -50.79999999999999716 ) ) ;
#618 = MANIFOLD_SOLID_BREP ( 'Tap Drill for 1/4-28 Tap2', #1616 ) ;
#619 = EDGE_CURVE ( 'NONE', #870, #830, #1237, .T. ) ;
#620 = CARTESIAN_POINT ( 'NONE',  ( 20.63750000000000995, -8.588375000000000981, 28.10509999999998954 ) ) ;
#621 = ORIENTED_EDGE ( 'NONE', *, *, #417, .T. ) ;
#622 = CARTESIAN_POINT ( 'NONE',  ( -20.63749999999999929, -14.28750000000000142, 50.79999999999999716 ) ) ;
#623 = ORIENTED_EDGE ( 'NONE', *, *, #460, .F. ) ;
#624 = LINE ( 'NONE', #87, #1013 ) ;
#625 = LINE ( 'NONE', #1655, #435 ) ;
#626 = CC_DESIGN_PERSON_AND_ORGANIZATION_ASSIGNMENT ( #1185, #664, ( #608 ) ) ;
#627 = AXIS2_PLACEMENT_3D ( 'NONE', #1200, #1566, #1300 ) ;
#628 = ORIENTED_EDGE ( 'NONE', *, *, #1682, .F. ) ;
#629 = EDGE_CURVE ( 'NONE', #758, #458, #464, .T. ) ;
#630 = CIRCLE ( 'NONE', #46, 3.175000000000000711 ) ;
#631 = CIRCLE ( 'NONE', #382, 3.460750000000005322 ) ;
#632 = DIRECTION ( 'NONE',  ( 1.000000000000000000, 0.000000000000000000, 0.000000000000000000 ) ) ;
#633 = CIRCLE ( 'NONE', #50, 3.556000000000000050 ) ;
#634 = VECTOR ( 'NONE', #939, 1000.000000000000000 ) ;
#635 = ORIENTED_EDGE ( 'NONE', *, *, #324, .F. ) ;
#636 = CARTESIAN_POINT ( 'NONE',  ( 18.09750000000001080, 8.588374999999997428, -25.39999999999999858 ) ) ;
#637 = AXIS2_PLACEMENT_3D ( 'NONE', #283, #809, #161 ) ;
#638 = DIRECTION ( 'NONE',  ( 1.012733269198985207E-16, -1.000000000000000000, 0.000000000000000000 ) ) ;
#639 =( LENGTH_UNIT ( ) NAMED_UNIT ( * ) SI_UNIT ( .MILLI., .METRE. ) );
#640 = ORIENTED_EDGE ( 'NONE', *, *, #1396, .F. ) ;
#641 = EDGE_CURVE ( 'NONE', #991, #2, #931, .T. ) ;
#642 = CARTESIAN_POINT ( 'NONE',  ( -14.77009999999999756, -11.11250000000000071, -50.79999999999999716 ) ) ;
#643 = EDGE_LOOP ( 'NONE', ( #49, #745 ) ) ;
#644 = DIRECTION ( 'NONE',  ( 1.000000000000000000, 0.000000000000000000, -0.000000000000000000 ) ) ;
#645 = DIRECTION ( 'NONE',  ( -1.000000000000000000, 0.000000000000000000, 0.000000000000000000 ) ) ;
#646 = DIRECTION ( 'NONE',  ( 1.000000000000000000, 4.241999990161895956E-16, 0.000000000000000000 ) ) ;
#647 = CARTESIAN_POINT ( 'NONE',  ( -18.09750000000000369, -17.08150000000000190, 50.79999999999999716 ) ) ;
#648 = EDGE_LOOP ( 'NONE', ( #36, #1229 ) ) ;
#649 = CC_DESIGN_PERSON_AND_ORGANIZATION_ASSIGNMENT ( #522, #813, ( #899 ) ) ;
#650 = ORIENTED_EDGE ( 'NONE', *, *, #1161, .T. ) ;
#651 = LINE ( 'NONE', #118, #517 ) ;
#652 = CARTESIAN_POINT ( 'NONE',  ( -17.46250000000000213, 11.11249999999999361, -50.79999999999999716 ) ) ;
#653 = APPROVAL_ROLE ( '' ) ;
#654 = DIRECTION ( 'NONE',  ( 0.000000000000000000, 0.000000000000000000, 1.000000000000000000 ) ) ;
#655 = CYLINDRICAL_SURFACE ( 'NONE', #1343, 0.5079999999999980087 ) ;
#656 = ORIENTED_EDGE ( 'NONE', *, *, #1090, .T. ) ;
#657 = AXIS2_PLACEMENT_3D ( 'NONE', #1011, #102, #1547 ) ;
#658 = ORIENTED_EDGE ( 'NONE', *, *, #1048, .T. ) ;
#659 = CIRCLE ( 'NONE', #1589, 0.9207500000000048423 ) ;
#660 = DIRECTION ( 'NONE',  ( 1.000000000000000000, 0.000000000000000000, 0.000000000000000000 ) ) ;
#661 = CIRCLE ( 'NONE', #414, 3.175000000000000711 ) ;
#662 = ADVANCED_FACE ( 'NONE', ( #54 ), #586, .T. ) ;
#663 = PLANE ( 'NONE',  #1561 ) ;
#664 = PERSON_AND_ORGANIZATION_ROLE ( 'classification_officer' ) ;
#665 = PRODUCT_DEFINITION_FORMATION_WITH_SPECIFIED_SOURCE ( 'ANY', '', #222, .NOT_KNOWN. ) ;
#666 = EDGE_CURVE ( 'NONE', #1138, #1605, #573, .T. ) ;
#667 = CARTESIAN_POINT ( 'NONE',  ( -20.63749999999999929, -14.28750000000000142, 50.79999999999999716 ) ) ;
#668 = ORIENTED_EDGE ( 'NONE', *, *, #136, .F. ) ;
#669 = CARTESIAN_POINT ( 'NONE',  ( -4.730749999999998678, 18.09750000000000014, 20.00000000000000355 ) ) ;
#670 = CYLINDRICAL_SURFACE ( 'NONE', #1318, 2.705099999999991400 ) ;
#671 = EDGE_CURVE ( 'NONE', #971, #991, #1363, .T. ) ;
#672 = FACE_OUTER_BOUND ( 'NONE', #872, .T. ) ;
#673 = DIRECTION ( 'NONE',  ( -2.025466538397970414E-16, 1.000000000000000000, -0.000000000000000000 ) ) ;
#674 = ORIENTED_EDGE ( 'NONE', *, *, #728, .F. ) ;
#675 = CARTESIAN_POINT ( 'NONE',  ( 17.17675000000000907, -18.09750000000000369, -50.79999999999999716 ) ) ;
#676 = ORIENTED_EDGE ( 'NONE', *, *, #666, .F. ) ;
#677 = DIRECTION ( 'NONE',  ( 1.000000000000000000, -0.000000000000000000, -0.000000000000000000 ) ) ;
#678 = PERSON_AND_ORGANIZATION ( #349, #825 ) ;
#679 = CARTESIAN_POINT ( 'NONE',  ( -18.09750000000000369, -17.08150000000000190, -50.79999999999999716 ) ) ;
#680 = DIRECTION ( 'NONE',  ( 0.000000000000000000, 0.000000000000000000, 1.000000000000000000 ) ) ;
#681 = ORIENTED_EDGE ( 'NONE', *, *, #588, .T. ) ;
#682 = CIRCLE ( 'NONE', #1062, 0.5079999999999980087 ) ;
#683 = EDGE_CURVE ( 'NONE', #29, #561, #949, .T. ) ;
#684 = FACE_OUTER_BOUND ( 'NONE', #1340, .T. ) ;
#685 = CIRCLE ( 'NONE', #1370, 4.762499999999998401 ) ;
#686 = AXIS2_PLACEMENT_3D ( 'NONE', #1069, #31, #170 ) ;
#687 = ORIENTED_EDGE ( 'NONE', *, *, #1670, .T. ) ;
#688 = CARTESIAN_POINT ( 'NONE',  ( 17.17675000000000551, 20.63750000000000284, 50.79999999999999716 ) ) ;
#689 = AXIS2_PLACEMENT_3D ( 'NONE', #1640, #1664, #60 ) ;
#690 = LOCAL_TIME ( 17, 51, 1.000000000000000000, #1060 ) ;
#691 = FACE_OUTER_BOUND ( 'NONE', #948, .T. ) ;
#692 = VERTEX_POINT ( 'NONE', #1466 ) ;
#693 = CARTESIAN_POINT ( 'NONE',  ( -17.08150000000000190, 20.63749999999999574, -50.79999999999999716 ) ) ;
#694 = EDGE_LOOP ( 'NONE', ( #1023, #785, #938, #1629 ) ) ;
#695 = ADVANCED_FACE ( 'NONE', ( #977 ), #1109, .T. ) ;
#696 = LINE ( 'NONE', #1344, #1676 ) ;
#697 = VERTEX_POINT ( 'NONE', #1336 ) ;
#698 = DIRECTION ( 'NONE',  ( 1.000000000000000000, 1.012733269198985330E-16, 0.000000000000000000 ) ) ;
#699 = LINE ( 'NONE', #166, #1232 ) ;
#700 = VERTEX_POINT ( 'NONE', #25 ) ;
#701 = PLANE ( 'NONE',  #583 ) ;
#702 = ORIENTED_EDGE ( 'NONE', *, *, #1250, .F. ) ;
#703 = EDGE_CURVE ( 'NONE', #958, #593, #154, .T. ) ;
#704 = DIRECTION ( 'NONE',  ( 0.000000000000000000, 0.000000000000000000, 1.000000000000000000 ) ) ;
#705 = ORIENTED_EDGE ( 'NONE', *, *, #1576, .T. ) ;
#706 = LINE ( 'NONE', #427, #1096 ) ;
#707 = LINE ( 'NONE', #1355, #267 ) ;
#708 = ORIENTED_EDGE ( 'NONE', *, *, #224, .F. ) ;
#709 = DIRECTION ( 'NONE',  ( 0.000000000000000000, 0.000000000000000000, 1.000000000000000000 ) ) ;
#710 = EDGE_LOOP ( 'NONE', ( #1397, #1651, #1410, #640 ) ) ;
#711 = CARTESIAN_POINT ( 'NONE',  ( 17.17675000000000907, -17.17674999999999841, 50.79999999999999716 ) ) ;
#712 = ORIENTED_EDGE ( 'NONE', *, *, #728, .T. ) ;
#713 = VECTOR ( 'NONE', #566, 1000.000000000000000 ) ;
#714 = CARTESIAN_POINT ( 'NONE',  ( -13.50009999999999799, -13.65249999999999986, 50.79999999999999716 ) ) ;
#715 = EDGE_CURVE ( 'NONE', #1691, #850, #1613, .T. ) ;
#716 = CIRCLE ( 'NONE', #875, 2.705099999999991400 ) ;
#717 = CARTESIAN_POINT ( 'NONE',  ( 20.63750000000000639, 17.17674999999999841, 50.79999999999999716 ) ) ;
#718 = CIRCLE ( 'NONE', #1319, 4.762499999999999289 ) ;
#719 = EDGE_CURVE ( 'NONE', #1361, #66, #821, .T. ) ;
#720 = EDGE_LOOP ( 'NONE', ( #1638, #1641 ) ) ;
#721 = DIRECTION ( 'NONE',  ( 1.000000000000000000, 0.000000000000000000, 0.000000000000000000 ) ) ;
#722 = ORIENTED_EDGE ( 'NONE', *, *, #1206, .T. ) ;
#723 = AXIS2_PLACEMENT_3D ( 'NONE', #806, #281, #138 ) ;
#724 = LINE ( 'NONE', #592, #104 ) ;
#725 = ORIENTED_EDGE ( 'NONE', *, *, #379, .T. ) ;
#726 = CARTESIAN_POINT ( 'NONE',  ( 20.63750000000000995, 8.588374999999997428, 25.39999999999999858 ) ) ;
#727 = DIRECTION ( 'NONE',  ( 1.000000000000000000, -0.000000000000000000, -0.000000000000000000 ) ) ;
#728 = EDGE_CURVE ( 'NONE', #294, #1568, #325, .T. ) ;
#729 = ORIENTED_EDGE ( 'NONE', *, *, #1705, .T. ) ;
#730 = DIRECTION ( 'NONE',  ( 0.000000000000000000, 0.000000000000000000, 1.000000000000000000 ) ) ;
#731 = ORIENTED_EDGE ( 'NONE', *, *, #1396, .T. ) ;
#732 = CARTESIAN_POINT ( 'NONE',  ( -4.730749999999990685, -20.63750000000000639, 20.00000000000000355 ) ) ;
#733 = ORIENTED_EDGE ( 'NONE', *, *, #203, .T. ) ;
#734 = CARTESIAN_POINT ( 'NONE',  ( -17.08150000000000190, 17.08149999999999480, -50.79999999999999716 ) ) ;
#735 = DIRECTION ( 'NONE',  ( 0.000000000000000000, 0.000000000000000000, 1.000000000000000000 ) ) ;
#736 = EDGE_LOOP ( 'NONE', ( #1247, #855 ) ) ;
#737 = CARTESIAN_POINT ( 'NONE',  ( -17.08149999999999835, -17.08150000000000190, -50.79999999999999716 ) ) ;
#738 = EDGE_CURVE ( 'NONE', #915, #526, #1704, .T. ) ;
#739 = CARTESIAN_POINT ( 'NONE',  ( -4.730749999999991573, -18.09750000000000725, 20.00000000000000355 ) ) ;
#740 = ADVANCED_BREP_SHAPE_REPRESENTATION ( '3310T432_Strut Channel_3310T432_sldprt', ( #618, #723 ), #244 ) ;
#741 = VERTEX_POINT ( 'NONE', #823 ) ;
#742 = CYLINDRICAL_SURFACE ( 'NONE', #1400, 0.5079999999999980087 ) ;
#743 = CARTESIAN_POINT ( 'NONE',  ( 0.03175000000000312989, -20.63750000000000639, -19.99999999999999645 ) ) ;
#744 = VECTOR ( 'NONE', #510, 1000.000000000000000 ) ;
#745 = ORIENTED_EDGE ( 'NONE', *, *, #1016, .T. ) ;
#746 = CIRCLE ( 'NONE', #493, 2.705099999999991400 ) ;
#747 = CARTESIAN_POINT ( 'NONE',  ( -14.77009999999999756, -11.11250000000000071, 50.79999999999999716 ) ) ;
#748 = ADVANCED_FACE ( 'NONE', ( #1346 ), #1081, .F. ) ;
#749 = ORIENTED_EDGE ( 'NONE', *, *, #313, .F. ) ;
#750 = CARTESIAN_POINT ( 'NONE',  ( 20.63750000000000995, -8.588375000000000981, 22.69490000000001118 ) ) ;
#751 = FACE_OUTER_BOUND ( 'NONE', #1470, .T. ) ;
#752 = EDGE_LOOP ( 'NONE', ( #589, #1168, #1210, #908 ) ) ;
#753 = CARTESIAN_POINT ( 'NONE',  ( -20.63750000000000284, -17.08150000000000190, 50.79999999999999716 ) ) ;
#754 = EDGE_CURVE ( 'NONE', #1545, #238, #329, .T. ) ;
#755 = ORIENTED_EDGE ( 'NONE', *, *, #1469, .T. ) ;
#756 = DIRECTION ( 'NONE',  ( -2.025466538397970414E-16, 1.000000000000000000, -0.000000000000000000 ) ) ;
#757 = CARTESIAN_POINT ( 'NONE',  ( -20.63750000000000284, -17.08150000000000190, -50.79999999999999716 ) ) ;
#758 = VERTEX_POINT ( 'NONE', #851 ) ;
#759 = CARTESIAN_POINT ( 'NONE',  ( 18.09750000000001080, -8.588375000000000981, 25.39999999999999858 ) ) ;
#760 = VERTEX_POINT ( 'NONE', #316 ) ;
#761 = DIRECTION ( 'NONE',  ( 0.000000000000000000, 0.000000000000000000, 1.000000000000000000 ) ) ;
#762 = DIRECTION ( 'NONE',  ( 1.000000000000000000, 0.000000000000000000, 0.000000000000000000 ) ) ;
#763 = CARTESIAN_POINT ( 'NONE',  ( -14.77009999999999756, -11.11250000000000071, -50.79999999999999716 ) ) ;
#764 = EDGE_CURVE ( 'NONE', #903, #290, #841, .T. ) ;
#765 = CIRCLE ( 'NONE', #356, 0.9207500000000014007 ) ;
#766 = ORIENTED_EDGE ( 'NONE', *, *, #738, .T. ) ;
#767 = VECTOR ( 'NONE', #1538, 1000.000000000000000 ) ;
#768 = AXIS2_PLACEMENT_3D ( 'NONE', #1009, #70, #1653 ) ;
#769 = LINE ( 'NONE', #1435, #824 ) ;
#770 = AXIS2_PLACEMENT_3D ( 'NONE', #993, #359, #67 ) ;
#771 = CIRCLE ( 'NONE', #1515, 1.016000000000003123 ) ;
#772 = ORIENTED_EDGE ( 'NONE', *, *, #531, .F. ) ;
#773 = CARTESIAN_POINT ( 'NONE',  ( 17.17675000000000551, 17.17674999999999841, 50.79999999999999716 ) ) ;
#774 = DIRECTION ( 'NONE',  ( 0.000000000000000000, 0.000000000000000000, 1.000000000000000000 ) ) ;
#775 = DIRECTION ( 'NONE',  ( 0.000000000000000000, 0.000000000000000000, 1.000000000000000000 ) ) ;
#776 = EDGE_CURVE ( 'NONE', #966, #185, #995, .T. ) ;
#777 = CARTESIAN_POINT ( 'NONE',  ( 20.63750000000000995, 8.588374999999997428, -22.69490000000000762 ) ) ;
#778 = CARTESIAN_POINT ( 'NONE',  ( -17.08149999999999835, -18.09750000000000725, 50.79999999999999716 ) ) ;
#779 = ORIENTED_EDGE ( 'NONE', *, *, #1576, .F. ) ;
#780 = DIRECTION ( 'NONE',  ( 0.000000000000000000, 0.000000000000000000, 1.000000000000000000 ) ) ;
#781 = LINE ( 'NONE', #521, #957 ) ;
#782 = CALENDAR_DATE ( 2026, 22, 8 ) ;
#783 = DIRECTION ( 'NONE',  ( 1.012733269198985207E-16, -1.000000000000000000, 0.000000000000000000 ) ) ;
#784 = CARTESIAN_POINT ( 'NONE',  ( -13.50010000000000154, 13.65249999999999275, -50.79999999999999716 ) ) ;
#785 = ORIENTED_EDGE ( 'NONE', *, *, #827, .T. ) ;
#786 = VERTEX_POINT ( 'NONE', #884 ) ;
#787 = DIRECTION ( 'NONE',  ( 1.000000000000000000, -0.000000000000000000, -0.000000000000000000 ) ) ;
#788 = CARTESIAN_POINT ( 'NONE',  ( 17.17675000000000551, 20.63750000000000284, -50.79999999999999716 ) ) ;
#789 = DATE_AND_TIME ( #260, #1268 ) ;
#790 = DIRECTION ( 'NONE',  ( 0.000000000000000000, 0.000000000000000000, 1.000000000000000000 ) ) ;
#791 = CYLINDRICAL_SURFACE ( 'NONE', #879, 2.705099999999991400 ) ;
#792 = ORIENTED_EDGE ( 'NONE', *, *, #1004, .F. ) ;
#793 = AXIS2_PLACEMENT_3D ( 'NONE', #82, #1275, #202 ) ;
#794 = EDGE_CURVE ( 'NONE', #601, #109, #1127, .T. ) ;
#795 = CIRCLE ( 'NONE', #1510, 0.5079999999999980087 ) ;
#796 = DIRECTION ( 'NONE',  ( 0.000000000000000000, 0.000000000000000000, -1.000000000000000000 ) ) ;
#797 = VECTOR ( 'NONE', #887, 1000.000000000000000 ) ;
#798 = LINE ( 'NONE', #925, #744 ) ;
#799 = CALENDAR_DATE ( 2026, 22, 8 ) ;
#800 = CYLINDRICAL_SURFACE ( 'NONE', #983, 2.705099999999991400 ) ;
#801 = CARTESIAN_POINT ( 'NONE',  ( 17.17675000000000907, -20.63750000000000284, -50.79999999999999716 ) ) ;
#802 = EDGE_LOOP ( 'NONE', ( #1513, #792, #772, #571 ) ) ;
#803 = DIRECTION ( 'NONE',  ( -1.000000000000000000, 0.000000000000000000, 0.000000000000000000 ) ) ;
#804 = ORIENTED_EDGE ( 'NONE', *, *, #1206, .F. ) ;
#805 = CARTESIAN_POINT ( 'NONE',  ( -17.08150000000000190, 20.63749999999999574, 50.79999999999999716 ) ) ;
#806 = CARTESIAN_POINT ( 'NONE',  ( 0.000000000000000000, 0.000000000000000000, 0.000000000000000000 ) ) ;
#807 = EDGE_CURVE ( 'NONE', #1458, #700, #876, .T. ) ;
#808 = DIRECTION ( 'NONE',  ( 0.000000000000000000, 0.000000000000000000, 1.000000000000000000 ) ) ;
#809 = DIRECTION ( 'NONE',  ( 1.000000000000000000, -0.000000000000000000, -0.000000000000000000 ) ) ;
#810 = ORIENTED_EDGE ( 'NONE', *, *, #1597, .F. ) ;
#811 = CARTESIAN_POINT ( 'NONE',  ( -4.730749999999995126, -25.08250000000000313, -19.99999999999999645 ) ) ;
#812 = ORIENTED_EDGE ( 'NONE', *, *, #1250, .T. ) ;
#813 = PERSON_AND_ORGANIZATION_ROLE ( 'creator' ) ;
#814 = CARTESIAN_POINT ( 'NONE',  ( -9.493249999999994415, -25.08250000000000313, -19.99999999999999645 ) ) ;
#815 = EDGE_CURVE ( 'NONE', #1505, #99, #1536, .T. ) ;
#816 = ORIENTED_EDGE ( 'NONE', *, *, #1604, .F. ) ;
#817 = DIRECTION ( 'NONE',  ( 0.000000000000000000, 0.000000000000000000, 1.000000000000000000 ) ) ;
#818 = ORIENTED_EDGE ( 'NONE', *, *, #839, .F. ) ;
#819 = AXIS2_PLACEMENT_3D ( 'NONE', #72, #350, #210 ) ;
#820 = DIRECTION ( 'NONE',  ( 0.000000000000000000, 0.000000000000000000, -1.000000000000000000 ) ) ;
#821 = CIRCLE ( 'NONE', #75, 2.705099999999991400 ) ;
#822 = CIRCLE ( 'NONE', #1039, 3.556000000000003602 ) ;
#823 = CARTESIAN_POINT ( 'NONE',  ( -20.63750000000000284, 14.28749999999999432, 50.79999999999999716 ) ) ;
#824 = VECTOR ( 'NONE', #1177, 1000.000000000000000 ) ;
#825 = ORGANIZATION ( 'UNSPECIFIED', 'UNSPECIFIED', '' ) ;
#826 = CARTESIAN_POINT ( 'NONE',  ( 18.09750000000001080, 17.17674999999999841, -50.79999999999999716 ) ) ;
#827 = EDGE_CURVE ( 'NONE', #895, #307, #363, .T. ) ;
#828 = VERTEX_POINT ( 'NONE', #750 ) ;
#829 = CARTESIAN_POINT ( 'NONE',  ( 20.63750000000000995, -17.17674999999999841, -50.79999999999999716 ) ) ;
#830 = VERTEX_POINT ( 'NONE', #462 ) ;
#831 = CARTESIAN_POINT ( 'NONE',  ( -17.08150000000000190, 20.63749999999999574, -50.79999999999999716 ) ) ;
#832 = ORIENTED_EDGE ( 'NONE', *, *, #1066, .T. ) ;
#833 = DIRECTION ( 'NONE',  ( -1.000000000000000000, 4.241999990161896449E-16, 0.000000000000000000 ) ) ;
#834 = DIRECTION ( 'NONE',  ( 0.000000000000000000, 0.000000000000000000, 1.000000000000000000 ) ) ;
#835 = ORIENTED_EDGE ( 'NONE', *, *, #815, .T. ) ;
#836 = CARTESIAN_POINT ( 'NONE',  ( -20.63750000000000284, 17.08149999999999480, -50.79999999999999716 ) ) ;
#837 = ORIENTED_EDGE ( 'NONE', *, *, #1530, .F. ) ;
#838 = DIRECTION ( 'NONE',  ( 1.000000000000000000, 0.000000000000000000, 0.000000000000000000 ) ) ;
#839 = EDGE_CURVE ( 'NONE', #407, #895, #270, .T. ) ;
#840 = ORIENTED_EDGE ( 'NONE', *, *, #1090, .F. ) ;
#841 = LINE ( 'NONE', #1373, #932 ) ;
#842 = EDGE_CURVE ( 'NONE', #1507, #1379, #1666, .T. ) ;
#843 = PLANE ( 'NONE',  #237 ) ;
#844 = ORIENTED_EDGE ( 'NONE', *, *, #139, .T. ) ;
#845 = DIRECTION ( 'NONE',  ( 0.000000000000000000, 0.000000000000000000, 1.000000000000000000 ) ) ;
#846 = ORIENTED_EDGE ( 'NONE', *, *, #487, .T. ) ;
#847 = DIRECTION ( 'NONE',  ( -1.000000000000000000, 0.000000000000000000, 0.000000000000000000 ) ) ;
#848 = VECTOR ( 'NONE', #808, 1000.000000000000000 ) ;
#849 = CC_DESIGN_PERSON_AND_ORGANIZATION_ASSIGNMENT ( #146, #511, ( #222 ) ) ;
#850 = VERTEX_POINT ( 'NONE', #1406 ) ;
#851 = CARTESIAN_POINT ( 'NONE',  ( 20.63750000000000995, 8.588374999999997428, 28.10509999999998598 ) ) ;
#852 = VECTOR ( 'NONE', #1021, 1000.000000000000000 ) ;
#853 = CARTESIAN_POINT ( 'NONE',  ( -13.50009999999999799, -12.38250000000000028, -50.79999999999999716 ) ) ;
#854 = AXIS2_PLACEMENT_3D ( 'NONE', #734, #1126, #495 ) ;
#855 = ORIENTED_EDGE ( 'NONE', *, *, #1301, .F. ) ;
#856 = DIRECTION ( 'NONE',  ( -0.000000000000000000, -0.000000000000000000, -1.000000000000000000 ) ) ;
#857 = ORIENTED_EDGE ( 'NONE', *, *, #437, .T. ) ;
#858 = FACE_BOUND ( 'NONE', #1077, .T. ) ;
#859 = ORIENTED_EDGE ( 'NONE', *, *, #611, .F. ) ;
#860 = CYLINDRICAL_SURFACE ( 'NONE', #1265, 3.175000000000000711 ) ;
#861 = CARTESIAN_POINT ( 'NONE',  ( 18.09750000000001080, -8.588375000000000981, 25.39999999999999858 ) ) ;
#862 = ORIENTED_EDGE ( 'NONE', *, *, #776, .F. ) ;
#863 = DIRECTION ( 'NONE',  ( 0.000000000000000000, 1.000000000000000000, -0.000000000000000000 ) ) ;
#864 = EDGE_CURVE ( 'NONE', #593, #169, #633, .T. ) ;
#865 = CARTESIAN_POINT ( 'NONE',  ( 20.63750000000000995, -8.588375000000000981, -25.39999999999999858 ) ) ;
#866 = ORIENTED_EDGE ( 'NONE', *, *, #136, .T. ) ;
#867 = CARTESIAN_POINT ( 'NONE',  ( 20.63750000000000995, -8.588375000000000981, 22.69490000000000762 ) ) ;
#868 = DIRECTION ( 'NONE',  ( 0.000000000000000000, 0.000000000000000000, 1.000000000000000000 ) ) ;
#869 = ADVANCED_FACE ( 'NONE', ( #1256 ), #1675, .F. ) ;
#870 = VERTEX_POINT ( 'NONE', #617 ) ;
#871 = PLANE ( 'NONE',  #1482 ) ;
#872 = EDGE_LOOP ( 'NONE', ( #1115, #24, #553, #472, #857, #341, #373, #451, #1311, #1309, #47, #1113, #964, #1390, #1271, #1368, #1348, #1437, #1065, #866, #722, #1372, #1608, #1221, #923, #712, #207, #812, #1144, #229 ) ) ;
#873 = VECTOR ( 'NONE', #654, 1000.000000000000000 ) ;
#874 = CARTESIAN_POINT ( 'NONE',  ( -4.730749999999996014, -20.63750000000000639, -19.99999999999999645 ) ) ;
#875 = AXIS2_PLACEMENT_3D ( 'NONE', #861, #232, #1158 ) ;
#876 = CIRCLE ( 'NONE', #854, 3.556000000000000050 ) ;
#877 = ORIENTED_EDGE ( 'NONE', *, *, #1375, .T. ) ;
#878 = EDGE_CURVE ( 'NONE', #217, #393, #370, .T. ) ;
#879 = AXIS2_PLACEMENT_3D ( 'NONE', #97, #1320, #1689 ) ;
#880 = VECTOR ( 'NONE', #845, 1000.000000000000000 ) ;
#881 = CYLINDRICAL_SURFACE ( 'NONE', #18, 1.270000000000000240 ) ;
#882 = ADVANCED_FACE ( 'NONE', ( #225 ), #860, .T. ) ;
#883 = ORIENTED_EDGE ( 'NONE', *, *, #878, .F. ) ;
#884 = CARTESIAN_POINT ( 'NONE',  ( -9.493249999999997968, 18.09750000000000014, 20.00000000000000355 ) ) ;
#885 = CYLINDRICAL_SURFACE ( 'NONE', #657, 3.175000000000000711 ) ;
#886 = VERTEX_POINT ( 'NONE', #1514 ) ;
#887 = DIRECTION ( 'NONE',  ( 0.000000000000000000, 0.000000000000000000, 1.000000000000000000 ) ) ;
#888 = APPLICATION_CONTEXT ( 'configuration controlled 3d designs of mechanical parts and assemblies' ) ;
#889 = ORIENTED_EDGE ( 'NONE', *, *, #56, .F. ) ;
#890 = EDGE_CURVE ( 'NONE', #449, #294, #624, .T. ) ;
#891 = CARTESIAN_POINT ( 'NONE',  ( -17.46249999999999858, -11.11250000000000071, -50.79999999999999716 ) ) ;
#892 = EDGE_CURVE ( 'NONE', #1215, #217, #822, .T. ) ;
#893 = DIRECTION ( 'NONE',  ( -1.000000000000000000, 1.241749088029209980E-15, 0.000000000000000000 ) ) ;
#894 = CARTESIAN_POINT ( 'NONE',  ( -17.08149999999999835, -20.63750000000000639, -50.79999999999999716 ) ) ;
#895 = VERTEX_POINT ( 'NONE', #485 ) ;
#896 = DIRECTION ( 'NONE',  ( 0.000000000000000000, 1.000000000000000000, 0.000000000000000000 ) ) ;
#897 = ORIENTED_EDGE ( 'NONE', *, *, #1668, .F. ) ;
#898 = CARTESIAN_POINT ( 'NONE',  ( -18.09750000000000369, 14.16049999999999187, -50.79999999999999716 ) ) ;
#899 = PRODUCT_DEFINITION ( 'UNKNOWN', '', #665, #1677 ) ;
#900 = DIRECTION ( 'NONE',  ( 0.000000000000000000, -0.000000000000000000, -1.000000000000000000 ) ) ;
#901 = CARTESIAN_POINT ( 'NONE',  ( -17.58950000000000458, 13.65249999999999453, -50.79999999999999716 ) ) ;
#902 = VECTOR ( 'NONE', #1433, 1000.000000000000000 ) ;
#903 = VERTEX_POINT ( 'NONE', #1136 ) ;
#904 = CIRCLE ( 'NONE', #157, 1.270000000000000240 ) ;
#905 = DIRECTION ( 'NONE',  ( 1.187759997245330454E-15, 1.000000000000000000, 0.000000000000000000 ) ) ;
#906 = AXIS2_PLACEMENT_3D ( 'NONE', #122, #513, #922 ) ;
#907 = VECTOR ( 'NONE', #311, 1000.000000000000000 ) ;
#908 = ORIENTED_EDGE ( 'NONE', *, *, #1668, .T. ) ;
#909 = FACE_OUTER_BOUND ( 'NONE', #53, .T. ) ;
#910 = CARTESIAN_POINT ( 'NONE',  ( 17.17675000000000907, -18.09750000000000369, -50.79999999999999716 ) ) ;
#911 = DATE_AND_TIME ( #1073, #304 ) ;
#912 = CARTESIAN_POINT ( 'NONE',  ( -18.09750000000000369, 14.16049999999999187, -50.79999999999999716 ) ) ;
#913 = ADVANCED_FACE ( 'NONE', ( #201 ), #1002, .F. ) ;
#914 = FACE_OUTER_BOUND ( 'NONE', #1291, .T. ) ;
#915 = VERTEX_POINT ( 'NONE', #473 ) ;
#916 = ORIENTED_EDGE ( 'NONE', *, *, #588, .F. ) ;
#917 = CARTESIAN_POINT ( 'NONE',  ( 0.03175000000000052780, 18.09750000000000014, 20.00000000000000355 ) ) ;
#918 = PLANE ( 'NONE',  #98 ) ;
#919 = COORDINATED_UNIVERSAL_TIME_OFFSET ( 8, 0, .BEHIND. ) ;
#920 = LINE ( 'NONE', #912, #44 ) ;
#921 = EDGE_CURVE ( 'NONE', #886, #828, #346, .T. ) ;
#922 = DIRECTION ( 'NONE',  ( 0.000000000000000000, 0.000000000000000000, -1.000000000000000000 ) ) ;
#923 = ORIENTED_EDGE ( 'NONE', *, *, #1004, .T. ) ;
#924 = CARTESIAN_POINT ( 'NONE',  ( -14.77010000000000112, 11.11249999999999361, 50.79999999999999716 ) ) ;
#925 = CARTESIAN_POINT ( 'NONE',  ( 20.63750000000000995, -8.588375000000000981, -28.10509999999998954 ) ) ;
#926 = PRODUCT_DEFINITION_SHAPE ( 'NONE', 'NONE',  #899 ) ;
#927 = CIRCLE ( 'NONE', #127, 4.762499999999999289 ) ;
#928 = CARTESIAN_POINT ( 'NONE',  ( -14.77010000000000112, 11.11249999999999361, -50.79999999999999716 ) ) ;
#929 = ORIENTED_EDGE ( 'NONE', *, *, #1560, .F. ) ;
#930 = CC_DESIGN_PERSON_AND_ORGANIZATION_ASSIGNMENT ( #397, #14, ( #665 ) ) ;
#931 = CIRCLE ( 'NONE', #15, 1.270000000000000240 ) ;
#932 = VECTOR ( 'NONE', #192, 1000.000000000000000 ) ;
#933 = CARTESIAN_POINT ( 'NONE',  ( -14.77009999999999756, -11.11250000000000071, -50.79999999999999716 ) ) ;
#934 = ADVANCED_FACE ( 'NONE', ( #208 ), #742, .F. ) ;
#935 = CARTESIAN_POINT ( 'NONE',  ( -14.77009999999999756, -11.11250000000000071, -50.79999999999999716 ) ) ;
#936 = DIRECTION ( 'NONE',  ( -0.000000000000000000, -0.000000000000000000, -1.000000000000000000 ) ) ;
#937 = CARTESIAN_POINT ( 'NONE',  ( -17.58950000000000458, 13.65249999999999453, 50.79999999999999716 ) ) ;
#938 = ORIENTED_EDGE ( 'NONE', *, *, #1019, .T. ) ;
#939 = DIRECTION ( 'NONE',  ( -2.025466538397970414E-16, 1.000000000000000000, -0.000000000000000000 ) ) ;
#940 = EDGE_CURVE ( 'NONE', #952, #1189, #651, .T. ) ;
#941 = ORIENTED_EDGE ( 'NONE', *, *, #348, .F. ) ;
#942 = DIRECTION ( 'NONE',  ( -1.000000000000000000, -1.012733269198985330E-16, 0.000000000000000000 ) ) ;
#943 = DIRECTION ( 'NONE',  ( 0.000000000000000000, 0.000000000000000000, 1.000000000000000000 ) ) ;
#944 = ORIENTED_EDGE ( 'NONE', *, *, #324, .T. ) ;
#945 = FACE_OUTER_BOUND ( 'NONE', #1356, .T. ) ;
#946 = ORIENTED_EDGE ( 'NONE', *, *, #1614, .F. ) ;
#947 = DIRECTION ( 'NONE',  ( -0.000000000000000000, -0.000000000000000000, -1.000000000000000000 ) ) ;
#948 = EDGE_LOOP ( 'NONE', ( #1152, #195, #1008, #1644 ) ) ;
#949 = LINE ( 'NONE', #308, #1286 ) ;
#950 = EDGE_CURVE ( 'NONE', #1379, #426, #659, .T. ) ;
#951 = CYLINDRICAL_SURFACE ( 'NONE', #1036, 2.705099999999991400 ) ;
#952 = VERTEX_POINT ( 'NONE', #518 ) ;
#953 = CARTESIAN_POINT ( 'NONE',  ( -4.730749999999989797, -25.08250000000000313, 20.00000000000000355 ) ) ;
#954 = ORIENTED_EDGE ( 'NONE', *, *, #1186, .T. ) ;
#955 = AXIS2_PLACEMENT_3D ( 'NONE', #1159, #1524, #95 ) ;
#956 = DIRECTION ( 'NONE',  ( 0.000000000000000000, 0.000000000000000000, 1.000000000000000000 ) ) ;
#957 = VECTOR ( 'NONE', #259, 1000.000000000000000 ) ;
#958 = VERTEX_POINT ( 'NONE', #1438 ) ;
#959 = CARTESIAN_POINT ( 'NONE',  ( -17.08149999999999835, -20.63750000000000639, -50.79999999999999716 ) ) ;
#960 = VECTOR ( 'NONE', #817, 1000.000000000000000 ) ;
#961 = CIRCLE ( 'NONE', #1294, 0.9207500000000014007 ) ;
#962 = DIRECTION ( 'NONE',  ( 1.000000000000000000, -0.000000000000000000, -0.000000000000000000 ) ) ;
#963 = EDGE_CURVE ( 'NONE', #830, #697, #1621, .T. ) ;
#964 = ORIENTED_EDGE ( 'NONE', *, *, #1511, .T. ) ;
#965 = FACE_OUTER_BOUND ( 'NONE', #1111, .T. ) ;
#966 = VERTEX_POINT ( 'NONE', #509 ) ;
#967 = CARTESIAN_POINT ( 'NONE',  ( -18.09750000000000725, 17.08149999999999480, 50.79999999999999716 ) ) ;
#968 = VERTEX_POINT ( 'NONE', #1558 ) ;
#969 = DIRECTION ( 'NONE',  ( -2.025466538397970414E-16, 1.000000000000000000, 0.000000000000000000 ) ) ;
#970 = DIRECTION ( 'NONE',  ( 1.000000000000000000, 0.000000000000000000, 0.000000000000000000 ) ) ;
#971 = VERTEX_POINT ( 'NONE', #3 ) ;
#972 = DIRECTION ( 'NONE',  ( 1.000000000000000000, 0.000000000000000000, 0.000000000000000000 ) ) ;
#973 = EDGE_LOOP ( 'NONE', ( #494, #352, #256, #123 ) ) ;
#974 = EDGE_CURVE ( 'NONE', #66, #758, #1570, .T. ) ;
#975 = CARTESIAN_POINT ( 'NONE',  ( 18.09750000000001080, 17.17674999999999841, -50.79999999999999716 ) ) ;
#976 = VERTEX_POINT ( 'NONE', #917 ) ;
#977 = FACE_OUTER_BOUND ( 'NONE', #1480, .T. ) ;
#978 = CARTESIAN_POINT ( 'NONE',  ( 0.03175000000000226252, -18.09750000000000725, -19.99999999999999645 ) ) ;
#979 = ORIENTED_EDGE ( 'NONE', *, *, #940, .F. ) ;
#980 = DIRECTION ( 'NONE',  ( 1.000000000000000000, -0.000000000000000000, -0.000000000000000000 ) ) ;
#981 = ORIENTED_EDGE ( 'NONE', *, *, #254, .T. ) ;
#982 = FACE_OUTER_BOUND ( 'NONE', #1453, .T. ) ;
#983 = AXIS2_PLACEMENT_3D ( 'NONE', #391, #1461, #1037 ) ;
#984 = EDGE_LOOP ( 'NONE', ( #1334, #1178, #11, #705 ) ) ;
#985 = VECTOR ( 'NONE', #434, 1000.000000000000000 ) ;
#986 = CARTESIAN_POINT ( 'NONE',  ( -4.730749999999995126, -25.08250000000000313, -19.99999999999999645 ) ) ;
#987 = ADVANCED_FACE ( 'NONE', ( #909 ), #1457, .F. ) ;
#988 = CARTESIAN_POINT ( 'NONE',  ( 18.09750000000001080, 17.17674999999999841, -50.79999999999999716 ) ) ;
#989 = AXIS2_PLACEMENT_3D ( 'NONE', #1095, #1473, #10 ) ;
#990 = VECTOR ( 'NONE', #243, 1000.000000000000000 ) ;
#991 = VERTEX_POINT ( 'NONE', #924 ) ;
#992 = ORIENTED_EDGE ( 'NONE', *, *, #1193, .F. ) ;
#993 = CARTESIAN_POINT ( 'NONE',  ( -14.77009999999999756, -12.38250000000000028, -50.79999999999999716 ) ) ;
#994 = ORIENTED_EDGE ( 'NONE', *, *, #500, .T. ) ;
#995 = LINE ( 'NONE', #479, #438 ) ;
#996 = EDGE_CURVE ( 'NONE', #534, #1555, #258, .T. ) ;
#997 = LINE ( 'NONE', #620, #767 ) ;
#998 = ORIENTED_EDGE ( 'NONE', *, *, #1628, .T. ) ;
#999 = DIRECTION ( 'NONE',  ( -2.025466538397970414E-16, 1.000000000000000000, -0.000000000000000000 ) ) ;
#1000 = CARTESIAN_POINT ( 'NONE',  ( -20.63750000000000284, 17.08149999999999480, 50.79999999999999716 ) ) ;
#1001 = EDGE_LOOP ( 'NONE', ( #1402, #1284, #167, #840 ) ) ;
#1002 = CYLINDRICAL_SURFACE ( 'NONE', #768, 0.9207500000000014007 ) ;
#1003 = CARTESIAN_POINT ( 'NONE',  ( -17.46249999999999858, -14.28750000000000142, 50.79999999999999716 ) ) ;
#1004 = EDGE_CURVE ( 'NONE', #697, #294, #1285, .T. ) ;
#1005 = ORIENTED_EDGE ( 'NONE', *, *, #481, .F. ) ;
#1006 = ADVANCED_FACE ( 'NONE', ( #126, #1157, #240 ), #409, .T. ) ;
#1007 = DIRECTION ( 'NONE',  ( 1.000000000000000000, 0.000000000000000000, 0.000000000000000000 ) ) ;
#1008 = ORIENTED_EDGE ( 'NONE', *, *, #125, .T. ) ;
#1009 = CARTESIAN_POINT ( 'NONE',  ( 17.17675000000000907, -17.17674999999999841, -50.79999999999999716 ) ) ;
#1010 = CIRCLE ( 'NONE', #542, 1.270000000000000240 ) ;
#1011 = CARTESIAN_POINT ( 'NONE',  ( -17.46250000000000213, 14.28749999999999432, -50.79999999999999716 ) ) ;
#1012 = AXIS2_PLACEMENT_3D ( 'NONE', #603, #1128, #1315 ) ;
#1013 = VECTOR ( 'NONE', #602, 1000.000000000000000 ) ;
#1014 = ORIENTED_EDGE ( 'NONE', *, *, #508, .F. ) ;
#1015 = VECTOR ( 'NONE', #228, 1000.000000000000000 ) ;
#1016 = EDGE_CURVE ( 'NONE', #1710, #1044, #384, .T. ) ;
#1017 = VECTOR ( 'NONE', #680, 1000.000000000000000 ) ;
#1018 = DIRECTION ( 'NONE',  ( 0.000000000000000000, 0.000000000000000000, 1.000000000000000000 ) ) ;
#1019 = EDGE_CURVE ( 'NONE', #307, #1405, #718, .T. ) ;
#1020 = EDGE_LOOP ( 'NONE', ( #263, #1531, #846, #1417 ) ) ;
#1021 = DIRECTION ( 'NONE',  ( 0.000000000000000000, 0.000000000000000000, 1.000000000000000000 ) ) ;
#1022 = LINE ( 'NONE', #88, #1149 ) ;
#1023 = ORIENTED_EDGE ( 'NONE', *, *, #839, .T. ) ;
#1024 = ADVANCED_FACE ( 'NONE', ( #1182 ), #385, .T. ) ;
#1025 = EDGE_LOOP ( 'NONE', ( #818, #1353 ) ) ;
#1026 = DIRECTION ( 'NONE',  ( 1.000000000000000000, -0.000000000000000000, -0.000000000000000000 ) ) ;
#1027 = DIRECTION ( 'NONE',  ( 1.000000000000000000, -0.000000000000000000, -0.000000000000000000 ) ) ;
#1028 = CARTESIAN_POINT ( 'NONE',  ( -18.09750000000000369, 14.16049999999999187, -50.79999999999999716 ) ) ;
#1029 = CYLINDRICAL_SURFACE ( 'NONE', #819, 2.705099999999991400 ) ;
#1030 = CYLINDRICAL_SURFACE ( 'NONE', #216, 4.762499999999999289 ) ;
#1031 = EDGE_LOOP ( 'NONE', ( #362, #1276, #1387, #1659 ) ) ;
#1032 = CARTESIAN_POINT ( 'NONE',  ( -4.730750000000004896, 20.63749999999999929, -19.99999999999999645 ) ) ;
#1033 = ADVANCED_FACE ( 'NONE', ( #376 ), #250, .T. ) ;
#1034 = FACE_OUTER_BOUND ( 'NONE', #1050, .T. ) ;
#1035 = APPLICATION_PROTOCOL_DEFINITION ( 'international standard', 'config_control_design', 1994, #888 ) ;
#1036 = AXIS2_PLACEMENT_3D ( 'NONE', #1487, #727, #447 ) ;
#1037 = DIRECTION ( 'NONE',  ( 0.000000000000000000, 0.000000000000000000, -1.000000000000000000 ) ) ;
#1038 = VECTOR ( 'NONE', #587, 1000.000000000000000 ) ;
#1039 = AXIS2_PLACEMENT_3D ( 'NONE', #1384, #761, #1147 ) ;
#1040 = CARTESIAN_POINT ( 'NONE',  ( -14.77009999999999756, -12.38250000000000028, -50.79999999999999716 ) ) ;
#1041 = ORIENTED_EDGE ( 'NONE', *, *, #173, .T. ) ;
#1042 = AXIS2_PLACEMENT_3D ( 'NONE', #975, #847, #1671 ) ;
#1043 = APPROVAL_PERSON_ORGANIZATION ( #120, #276, #653 ) ;
#1044 = VERTEX_POINT ( 'NONE', #1579 ) ;
#1045 = CARTESIAN_POINT ( 'NONE',  ( -17.58950000000000102, -14.16049999999999898, 50.79999999999999716 ) ) ;
#1046 = CARTESIAN_POINT ( 'NONE',  ( 18.09750000000001080, -17.17674999999999841, -50.79999999999999716 ) ) ;
#1047 = APPROVAL_ROLE ( '' ) ;
#1048 = EDGE_CURVE ( 'NONE', #567, #1091, #1067, .T. ) ;
#1049 = CARTESIAN_POINT ( 'NONE',  ( -20.63750000000000284, 14.28749999999999432, -50.79999999999999716 ) ) ;
#1050 = EDGE_LOOP ( 'NONE', ( #1226, #804, #1425, #1245 ) ) ;
#1051 = VERTEX_POINT ( 'NONE', #135 ) ;
#1052 = DIRECTION ( 'NONE',  ( 1.000000000000000000, 1.012733269198985207E-16, 0.000000000000000000 ) ) ;
#1053 = CARTESIAN_POINT ( 'NONE',  ( 20.63750000000000995, -8.588375000000000981, 25.39999999999999858 ) ) ;
#1054 = PERSON_AND_ORGANIZATION ( #349, #825 ) ;
#1055 = EDGE_CURVE ( 'NONE', #786, #976, #577, .T. ) ;
#1056 = LINE ( 'NONE', #1588, #902 ) ;
#1057 = DIRECTION ( 'NONE',  ( 0.000000000000000000, 0.000000000000000000, 1.000000000000000000 ) ) ;
#1058 = VERTEX_POINT ( 'NONE', #1086 ) ;
#1059 = DIRECTION ( 'NONE',  ( 0.000000000000000000, 0.000000000000000000, 1.000000000000000000 ) ) ;
#1060 = COORDINATED_UNIVERSAL_TIME_OFFSET ( 8, 0, .BEHIND. ) ;
#1061 = DIRECTION ( 'NONE',  ( 0.000000000000000000, 0.000000000000000000, 1.000000000000000000 ) ) ;
#1062 = AXIS2_PLACEMENT_3D ( 'NONE', #1192, #936, #1187 ) ;
#1063 = VECTOR ( 'NONE', #1562, 1000.000000000000000 ) ;
#1064 = LINE ( 'NONE', #836, #1292 ) ;
#1065 = ORIENTED_EDGE ( 'NONE', *, *, #1488, .T. ) ;
#1066 = EDGE_CURVE ( 'NONE', #561, #59, #795, .T. ) ;
#1067 = CIRCLE ( 'NONE', #1537, 2.705099999999988292 ) ;
#1068 = VECTOR ( 'NONE', #483, 1000.000000000000000 ) ;
#1069 = CARTESIAN_POINT ( 'NONE',  ( -17.46250000000000213, 14.28749999999999432, -50.79999999999999716 ) ) ;
#1070 = AXIS2_PLACEMENT_3D ( 'NONE', #865, #1389, #206 ) ;
#1071 = ORIENTED_EDGE ( 'NONE', *, *, #827, .F. ) ;
#1072 = DIRECTION ( 'NONE',  ( 1.000000000000000000, 0.000000000000000000, 0.000000000000000000 ) ) ;
#1073 = CALENDAR_DATE ( 2026, 22, 8 ) ;
#1074 = APPROVAL_PERSON_ORGANIZATION ( #1054, #1542, #1047 ) ;
#1075 = CARTESIAN_POINT ( 'NONE',  ( -17.08149999999999835, -18.09750000000000725, -50.79999999999999716 ) ) ;
#1076 = FACE_BOUND ( 'NONE', #1527, .T. ) ;
#1077 = EDGE_LOOP ( 'NONE', ( #315, #1098 ) ) ;
#1078 = ADVANCED_FACE ( 'NONE', ( #1499 ), #164, .F. ) ;
#1079 = CARTESIAN_POINT ( 'NONE',  ( 17.17675000000000907, -18.09750000000000369, -50.79999999999999716 ) ) ;
#1080 = ORIENTED_EDGE ( 'NONE', *, *, #1404, .F. ) ;
#1081 = CYLINDRICAL_SURFACE ( 'NONE', #1649, 4.762499999999999289 ) ;
#1082 = CARTESIAN_POINT ( 'NONE',  ( -4.730749999999990685, -20.63750000000000639, 20.00000000000000355 ) ) ;
#1083 = ORIENTED_EDGE ( 'NONE', *, *, #950, .F. ) ;
#1084 = FACE_BOUND ( 'NONE', #171, .T. ) ;
#1085 = ORIENTED_EDGE ( 'NONE', *, *, #574, .F. ) ;
#1086 = CARTESIAN_POINT ( 'NONE',  ( -9.493249999999994415, -20.63750000000000639, -19.99999999999999645 ) ) ;
#1087 = EDGE_LOOP ( 'NONE', ( #1663, #323 ) ) ;
#1088 = DIRECTION ( 'NONE',  ( -1.000000000000000000, 0.000000000000000000, 0.000000000000000000 ) ) ;
#1089 = CARTESIAN_POINT ( 'NONE',  ( 17.17675000000000551, 20.63750000000000284, -50.79999999999999716 ) ) ;
#1090 = EDGE_CURVE ( 'NONE', #786, #238, #696, .T. ) ;
#1091 = VERTEX_POINT ( 'NONE', #1216 ) ;
#1092 = CARTESIAN_POINT ( 'NONE',  ( -17.08149999999999835, -17.08150000000000190, -50.79999999999999716 ) ) ;
#1093 = ORIENTED_EDGE ( 'NONE', *, *, #1066, .F. ) ;
#1094 = AXIS2_PLACEMENT_3D ( 'NONE', #140, #421, #646 ) ;
#1095 = CARTESIAN_POINT ( 'NONE',  ( -17.08149999999999835, -17.08150000000000190, -50.79999999999999716 ) ) ;
#1096 = VECTOR ( 'NONE', #1606, 1000.000000000000000 ) ;
#1097 = AXIS2_PLACEMENT_3D ( 'NONE', #986, #1546, #1411 ) ;
#1098 = ORIENTED_EDGE ( 'NONE', *, *, #1019, .F. ) ;
#1099 = CARTESIAN_POINT ( 'NONE',  ( 18.09750000000001080, 8.588374999999997428, 25.39999999999999858 ) ) ;
#1100 = VECTOR ( 'NONE', #896, 1000.000000000000000 ) ;
#1101 = VECTOR ( 'NONE', #730, 1000.000000000000000 ) ;
#1102 = CARTESIAN_POINT ( 'NONE',  ( -9.493249999999997968, 20.63749999999999929, 20.00000000000000355 ) ) ;
#1103 = EDGE_CURVE ( 'NONE', #245, #1146, #1423, .T. ) ;
#1104 = VERTEX_POINT ( 'NONE', #1464 ) ;
#1105 = CARTESIAN_POINT ( 'NONE',  ( -17.08150000000000190, 18.09750000000000014, -50.79999999999999716 ) ) ;
#1106 = ORIENTED_EDGE ( 'NONE', *, *, #7, .F. ) ;
#1107 = CYLINDRICAL_SURFACE ( 'NONE', #188, 3.460750000000005322 ) ;
#1108 = EDGE_LOOP ( 'NONE', ( #369, #484 ) ) ;
#1109 = PLANE ( 'NONE',  #575 ) ;
#1110 = DIRECTION ( 'NONE',  ( -2.025466538397970414E-16, 1.000000000000000000, -0.000000000000000000 ) ) ;
#1111 = EDGE_LOOP ( 'NONE', ( #1550, #605, #456, #1255 ) ) ;
#1112 = LINE ( 'NONE', #1421, #990 ) ;
#1113 = ORIENTED_EDGE ( 'NONE', *, *, #1362, .T. ) ;
#1114 = CYLINDRICAL_SURFACE ( 'NONE', #770, 1.270000000000000240 ) ;
#1115 = ORIENTED_EDGE ( 'NONE', *, *, #892, .T. ) ;
#1116 = DIRECTION ( 'NONE',  ( 1.000000000000000000, -0.000000000000000000, -0.000000000000000000 ) ) ;
#1117 = CARTESIAN_POINT ( 'NONE',  ( -20.63750000000000284, 14.28749999999999432, -50.79999999999999716 ) ) ;
#1118 = ORIENTED_EDGE ( 'NONE', *, *, #379, .F. ) ;
#1119 = DIRECTION ( 'NONE',  ( 1.000000000000000000, 0.000000000000000000, 0.000000000000000000 ) ) ;
#1120 = ORIENTED_EDGE ( 'NONE', *, *, #719, .T. ) ;
#1121 = CARTESIAN_POINT ( 'NONE',  ( 17.17675000000000551, 20.63750000000000284, -50.79999999999999716 ) ) ;
#1122 = EDGE_CURVE ( 'NONE', #760, #1697, #904, .T. ) ;
#1123 = VECTOR ( 'NONE', #1110, 1000.000000000000000 ) ;
#1124 = ORIENTED_EDGE ( 'NONE', *, *, #1434, .T. ) ;
#1125 = VECTOR ( 'NONE', #1172, 1000.000000000000000 ) ;
#1126 = DIRECTION ( 'NONE',  ( 0.000000000000000000, 0.000000000000000000, 1.000000000000000000 ) ) ;
#1127 = CIRCLE ( 'NONE', #1371, 2.705099999999988292 ) ;
#1128 = DIRECTION ( 'NONE',  ( 1.000000000000000000, -0.000000000000000000, -0.000000000000000000 ) ) ;
#1129 = CIRCLE ( 'NONE', #1424, 4.762499999999999289 ) ;
#1130 = AXIS2_PLACEMENT_3D ( 'NONE', #1092, #1619, #441 ) ;
#1131 = ORIENTED_EDGE ( 'NONE', *, *, #1150, .T. ) ;
#1132 = DIRECTION ( 'NONE',  ( -1.187759997245330454E-15, 1.000000000000000000, 0.000000000000000000 ) ) ;
#1133 = FACE_OUTER_BOUND ( 'NONE', #1646, .T. ) ;
#1134 = ADVANCED_FACE ( 'NONE', ( #684 ), #1107, .T. ) ;
#1135 = EDGE_LOOP ( 'NONE', ( #755, #249, #516, #64 ) ) ;
#1136 = CARTESIAN_POINT ( 'NONE',  ( -20.63749999999999929, -14.28750000000000142, -50.79999999999999716 ) ) ;
#1137 = CARTESIAN_POINT ( 'NONE',  ( 18.09750000000001080, 8.588374999999997428, 25.39999999999999858 ) ) ;
#1138 = VERTEX_POINT ( 'NONE', #675 ) ;
#1139 = DIRECTION ( 'NONE',  ( 0.000000000000000000, 0.000000000000000000, 1.000000000000000000 ) ) ;
#1140 = ORIENTED_EDGE ( 'NONE', *, *, #1488, .F. ) ;
#1141 = DIRECTION ( 'NONE',  ( 0.000000000000000000, 0.000000000000000000, 1.000000000000000000 ) ) ;
#1142 = DIRECTION ( 'NONE',  ( 1.000000000000000000, 1.012733269198985330E-16, 0.000000000000000000 ) ) ;
#1143 = ADVANCED_FACE ( 'NONE', ( #1196 ), #1611, .F. ) ;
#1144 = ORIENTED_EDGE ( 'NONE', *, *, #408, .T. ) ;
#1145 = CARTESIAN_POINT ( 'NONE',  ( -4.730749999999989797, -25.08250000000000313, 20.00000000000000355 ) ) ;
#1146 = VERTEX_POINT ( 'NONE', #432 ) ;
#1147 = DIRECTION ( 'NONE',  ( 1.000000000000000000, 0.000000000000000000, 0.000000000000000000 ) ) ;
#1148 = CARTESIAN_POINT ( 'NONE',  ( -4.730749999999999567, 20.63749999999999929, 20.00000000000000355 ) ) ;
#1149 = VECTOR ( 'NONE', #340, 1000.000000000000000 ) ;
#1150 = EDGE_CURVE ( 'NONE', #1058, #1321, #314, .T. ) ;
#1151 = VECTOR ( 'NONE', #780, 1000.000000000000000 ) ;
#1152 = ORIENTED_EDGE ( 'NONE', *, *, #974, .F. ) ;
#1153 = VECTOR ( 'NONE', #709, 1000.000000000000000 ) ;
#1154 = CIRCLE ( 'NONE', #132, 0.5079999999999980087 ) ;
#1155 = DIRECTION ( 'NONE',  ( 0.000000000000000000, 0.000000000000000000, -1.000000000000000000 ) ) ;
#1156 = ORIENTED_EDGE ( 'NONE', *, *, #368, .T. ) ;
#1157 = FACE_BOUND ( 'NONE', #1108, .T. ) ;
#1158 = DIRECTION ( 'NONE',  ( 0.000000000000000000, 0.000000000000000000, 1.000000000000000000 ) ) ;
#1159 = CARTESIAN_POINT ( 'NONE',  ( -17.08150000000000190, 17.08149999999999480, -50.79999999999999716 ) ) ;
#1160 = CARTESIAN_POINT ( 'NONE',  ( -9.493249999999989086, -25.08250000000000313, 20.00000000000000355 ) ) ;
#1161 = EDGE_CURVE ( 'NONE', #1505, #903, #661, .T. ) ;
#1162 = ORIENTED_EDGE ( 'NONE', *, *, #158, .F. ) ;
#1163 = DIRECTION ( 'NONE',  ( 0.000000000000000000, 0.000000000000000000, 1.000000000000000000 ) ) ;
#1164 = ADVANCED_FACE ( 'NONE', ( #151 ), #1623, .T. ) ;
#1165 = DIRECTION ( 'NONE',  ( -1.000000000000000000, -1.012733269198985207E-16, 0.000000000000000000 ) ) ;
#1166 = CARTESIAN_POINT ( 'NONE',  ( -17.46249999999999858, -11.11250000000000071, 50.79999999999999716 ) ) ;
#1167 = DIRECTION ( 'NONE',  ( -1.000000000000000000, 4.241999990161895956E-16, 0.000000000000000000 ) ) ;
#1168 = ORIENTED_EDGE ( 'NONE', *, *, #671, .F. ) ;
#1169 = ORIENTED_EDGE ( 'NONE', *, *, #629, .T. ) ;
#1170 = EDGE_CURVE ( 'NONE', #1138, #482, #444, .T. ) ;
#1171 = DIRECTION ( 'NONE',  ( 1.000000000000000000, 0.000000000000000000, 0.000000000000000000 ) ) ;
#1172 = DIRECTION ( 'NONE',  ( -2.025466538397970414E-16, 1.000000000000000000, -0.000000000000000000 ) ) ;
#1173 = AXIS2_PLACEMENT_3D ( 'NONE', #1082, #193, #1635 ) ;
#1174 = DIRECTION ( 'NONE',  ( 1.000000000000000000, 0.000000000000000000, -0.000000000000000000 ) ) ;
#1175 = CIRCLE ( 'NONE', #1012, 2.705099999999988292 ) ;
#1176 = AXIS2_PLACEMENT_3D ( 'NONE', #556, #1634, #1218 ) ;
#1177 = DIRECTION ( 'NONE',  ( 0.000000000000000000, 1.000000000000000000, 0.000000000000000000 ) ) ;
#1178 = ORIENTED_EDGE ( 'NONE', *, *, #892, .F. ) ;
#1179 = VECTOR ( 'NONE', #956, 1000.000000000000000 ) ;
#1180 = CIRCLE ( 'NONE', #496, 1.016000000000003123 ) ;
#1181 = ORIENTED_EDGE ( 'NONE', *, *, #1201, .F. ) ;
#1182 = FACE_OUTER_BOUND ( 'NONE', #1303, .T. ) ;
#1183 = EDGE_CURVE ( 'NONE', #976, #786, #520, .T. ) ;
#1184 = CARTESIAN_POINT ( 'NONE',  ( 20.63750000000000995, -17.17674999999999841, -50.79999999999999716 ) ) ;
#1185 = PERSON_AND_ORGANIZATION ( #349, #825 ) ;
#1186 = EDGE_CURVE ( 'NONE', #1458, #593, #39, .T. ) ;
#1187 = DIRECTION ( 'NONE',  ( 1.000000000000000000, 0.000000000000000000, 0.000000000000000000 ) ) ;
#1188 = LINE ( 'NONE', #1160, #1565 ) ;
#1189 = VERTEX_POINT ( 'NONE', #967 ) ;
#1190 = DIRECTION ( 'NONE',  ( 1.012733269198985207E-16, -1.000000000000000000, 0.000000000000000000 ) ) ;
#1191 = FACE_BOUND ( 'NONE', #569, .T. ) ;
#1192 = CARTESIAN_POINT ( 'NONE',  ( -17.58950000000000458, 14.16049999999999187, 50.79999999999999716 ) ) ;
#1193 = EDGE_CURVE ( 'NONE', #393, #1051, #271, .T. ) ;
#1194 = ADVANCED_FACE ( 'NONE', ( #1360, #178, #51, #584, #1632 ), #452, .T. ) ;
#1195 = DIRECTION ( 'NONE',  ( -1.000000000000000000, 0.000000000000000000, 0.000000000000000000 ) ) ;
#1196 = FACE_OUTER_BOUND ( 'NONE', #973, .T. ) ;
#1197 = EDGE_LOOP ( 'NONE', ( #1498, #979, #1673, #1443 ) ) ;
#1198 = DIRECTION ( 'NONE',  ( 1.000000000000000000, -0.000000000000000000, -0.000000000000000000 ) ) ;
#1199 = DATE_AND_TIME ( #112, #1376 ) ;
#1200 = CARTESIAN_POINT ( 'NONE',  ( 17.17675000000000551, 17.17674999999999841, -50.79999999999999716 ) ) ;
#1201 = EDGE_CURVE ( 'NONE', #976, #1545, #1509, .T. ) ;
#1202 = VECTOR ( 'NONE', #698, 1000.000000000000000 ) ;
#1203 = DIRECTION ( 'NONE',  ( -1.012733269198985207E-16, 1.000000000000000000, 0.000000000000000000 ) ) ;
#1204 = EDGE_LOOP ( 'NONE', ( #1541, #527, #332, #475 ) ) ;
#1205 = AXIS2_PLACEMENT_3D ( 'NONE', #1297, #502, #644 ) ;
#1206 = EDGE_CURVE ( 'NONE', #482, #1329, #344, .T. ) ;
#1207 = VECTOR ( 'NONE', #905, 1000.000000000000000 ) ;
#1208 = DIRECTION ( 'NONE',  ( 0.000000000000000000, 0.000000000000000000, 1.000000000000000000 ) ) ;
#1209 = AXIS2_PLACEMENT_3D ( 'NONE', #1349, #1203, #1583 ) ;
#1210 = ORIENTED_EDGE ( 'NONE', *, *, #563, .F. ) ;
#1211 = DIRECTION ( 'NONE',  ( 0.000000000000000000, 0.000000000000000000, 1.000000000000000000 ) ) ;
#1212 = FACE_OUTER_BOUND ( 'NONE', #467, .T. ) ;
#1213 = ORIENTED_EDGE ( 'NONE', *, *, #641, .F. ) ;
#1214 = CARTESIAN_POINT ( 'NONE',  ( -17.46249999999999858, -11.11250000000000071, -50.79999999999999716 ) ) ;
#1215 = VERTEX_POINT ( 'NONE', #753 ) ;
#1216 = CARTESIAN_POINT ( 'NONE',  ( 20.63750000000000995, 8.588374999999997428, -28.10509999999998598 ) ) ;
#1217 = EDGE_CURVE ( 'NONE', #501, #20, #1277, .T. ) ;
#1218 = DIRECTION ( 'NONE',  ( 1.000000000000000000, 0.000000000000000000, 0.000000000000000000 ) ) ;
#1219 = EDGE_CURVE ( 'NONE', #169, #741, #351, .T. ) ;
#1220 = CYLINDRICAL_SURFACE ( 'NONE', #1672, 2.705099999999991400 ) ;
#1221 = ORIENTED_EDGE ( 'NONE', *, *, #963, .T. ) ;
#1222 = CARTESIAN_POINT ( 'NONE',  ( 20.63750000000000995, -17.17674999999999841, -50.79999999999999716 ) ) ;
#1223 = ORIENTED_EDGE ( 'NONE', *, *, #1219, .F. ) ;
#1224 = CARTESIAN_POINT ( 'NONE',  ( -13.50009999999999799, -13.65249999999999986, -50.79999999999999716 ) ) ;
#1225 = EDGE_CURVE ( 'NONE', #1104, #966, #1239, .T. ) ;
#1226 = ORIENTED_EDGE ( 'NONE', *, *, #77, .T. ) ;
#1227 = CARTESIAN_POINT ( 'NONE',  ( 17.17675000000000907, -18.09750000000000369, -50.79999999999999716 ) ) ;
#1228 = LINE ( 'NONE', #1089, #12 ) ;
#1229 = ORIENTED_EDGE ( 'NONE', *, *, #629, .F. ) ;
#1230 = DIRECTION ( 'NONE',  ( 0.000000000000000000, 0.000000000000000000, 1.000000000000000000 ) ) ;
#1231 = EDGE_LOOP ( 'NONE', ( #862, #115, #731, #292 ) ) ;
#1232 = VECTOR ( 'NONE', #1495, 1000.000000000000000 ) ;
#1233 = CARTESIAN_POINT ( 'NONE',  ( -14.77010000000000112, 12.38249999999999496, -50.79999999999999716 ) ) ;
#1234 = AXIS2_PLACEMENT_3D ( 'NONE', #486, #1385, #1678 ) ;
#1235 = VECTOR ( 'NONE', #787, 1000.000000000000000 ) ;
#1236 = ORIENTED_EDGE ( 'NONE', *, *, #460, .T. ) ;
#1237 = LINE ( 'NONE', #547, #1674 ) ;
#1238 = ADVANCED_FACE ( 'NONE', ( #1254 ), #90, .T. ) ;
#1239 = CIRCLE ( 'NONE', #333, 4.762499999999999289 ) ;
#1240 = AXIS2_PLACEMENT_3D ( 'NONE', #1299, #980, #1497 ) ;
#1241 = DIRECTION ( 'NONE',  ( 0.000000000000000000, 0.000000000000000000, -1.000000000000000000 ) ) ;
#1242 = EDGE_CURVE ( 'NONE', #1189, #20, #439, .T. ) ;
#1243 = ORIENTED_EDGE ( 'NONE', *, *, #247, .F. ) ;
#1244 = CARTESIAN_POINT ( 'NONE',  ( -17.08149999999999835, -18.09750000000000725, -50.79999999999999716 ) ) ;
#1245 = ORIENTED_EDGE ( 'NONE', *, *, #666, .T. ) ;
#1246 = CARTESIAN_POINT ( 'NONE',  ( -17.08150000000000190, 18.09750000000000014, -50.79999999999999716 ) ) ;
#1247 = ORIENTED_EDGE ( 'NONE', *, *, #794, .F. ) ;
#1248 = DIRECTION ( 'NONE',  ( 1.000000000000000000, -0.000000000000000000, -0.000000000000000000 ) ) ;
#1249 = CARTESIAN_POINT ( 'NONE',  ( -20.63749999999999929, -14.28750000000000142, -50.79999999999999716 ) ) ;
#1250 = EDGE_CURVE ( 'NONE', #1555, #99, #214, .T. ) ;
#1251 = VERTEX_POINT ( 'NONE', #622 ) ;
#1252 = FACE_OUTER_BOUND ( 'NONE', #1620, .T. ) ;
#1253 = ORIENTED_EDGE ( 'NONE', *, *, #715, .F. ) ;
#1254 = FACE_OUTER_BOUND ( 'NONE', #1135, .T. ) ;
#1255 = ORIENTED_EDGE ( 'NONE', *, *, #7, .T. ) ;
#1256 = FACE_OUTER_BOUND ( 'NONE', #1463, .T. ) ;
#1257 = CARTESIAN_POINT ( 'NONE',  ( 17.17675000000000551, 17.17674999999999841, 50.79999999999999716 ) ) ;
#1258 = EDGE_LOOP ( 'NONE', ( #91, #668, #507, #564 ) ) ;
#1259 = LINE ( 'NONE', #901, #1101 ) ;
#1260 = ADVANCED_FACE ( 'NONE', ( #1133 ), #1369, .F. ) ;
#1261 = DIRECTION ( 'NONE',  ( -1.012733269198985207E-16, 1.000000000000000000, 0.000000000000000000 ) ) ;
#1262 = ORIENTED_EDGE ( 'NONE', *, *, #1511, .F. ) ;
#1263 = CIRCLE ( 'NONE', #515, 4.762499999999999289 ) ;
#1264 = CARTESIAN_POINT ( 'NONE',  ( -17.58950000000000102, -14.16049999999999898, -50.79999999999999716 ) ) ;
#1265 = AXIS2_PLACEMENT_3D ( 'NONE', #92, #1528, #230 ) ;
#1266 = DIRECTION ( 'NONE',  ( 0.000000000000000000, 0.000000000000000000, 1.000000000000000000 ) ) ;
#1267 = AXIS2_PLACEMENT_3D ( 'NONE', #133, #533, #1155 ) ;
#1268 = LOCAL_TIME ( 17, 51, 1.000000000000000000, #919 ) ;
#1269 = ORIENTED_EDGE ( 'NONE', *, *, #1456, .F. ) ;
#1270 = DIRECTION ( 'NONE',  ( 0.000000000000000000, 0.000000000000000000, 1.000000000000000000 ) ) ;
#1271 = ORIENTED_EDGE ( 'NONE', *, *, #940, .T. ) ;
#1272 = EDGE_CURVE ( 'NONE', #1051, #200, #724, .T. ) ;
#1273 = DIRECTION ( 'NONE',  ( 1.000000000000000000, 0.000000000000000000, 0.000000000000000000 ) ) ;
#1274 = ADVANCED_FACE ( 'NONE', ( #470 ), #1114, .T. ) ;
#1275 = DIRECTION ( 'NONE',  ( 0.000000000000000000, 0.000000000000000000, 1.000000000000000000 ) ) ;
#1276 = ORIENTED_EDGE ( 'NONE', *, *, #305, .F. ) ;
#1277 = LINE ( 'NONE', #1246, #361 ) ;
#1278 = VERTEX_POINT ( 'NONE', #459 ) ;
#1279 = CARTESIAN_POINT ( 'NONE',  ( 0.03175000000000399725, -25.08250000000000313, -19.99999999999999645 ) ) ;
#1280 = ADVANCED_FACE ( 'NONE', ( #1526 ), #881, .T. ) ;
#1281 = CARTESIAN_POINT ( 'NONE',  ( -18.09750000000000369, -17.08150000000000190, 50.79999999999999716 ) ) ;
#1282 = ORIENTED_EDGE ( 'NONE', *, *, #33, .T. ) ;
#1283 = CARTESIAN_POINT ( 'NONE',  ( 18.09750000000001080, 8.588374999999997428, 22.69490000000000762 ) ) ;
#1284 = ORIENTED_EDGE ( 'NONE', *, *, #1201, .T. ) ;
#1285 = LINE ( 'NONE', #100, #492 ) ;
#1286 = VECTOR ( 'NONE', #833, 1000.000000000000000 ) ;
#1287 = CARTESIAN_POINT ( 'NONE',  ( 20.63750000000000995, 8.588374999999997428, 22.69490000000001118 ) ) ;
#1288 = DIRECTION ( 'NONE',  ( -0.000000000000000000, -0.000000000000000000, -1.000000000000000000 ) ) ;
#1289 = AXIS2_PLACEMENT_3D ( 'NONE', #1660, #353, #1273 ) ;
#1290 = AXIS2_PLACEMENT_3D ( 'NONE', #711, #1492, #838 ) ;
#1291 = EDGE_LOOP ( 'NONE', ( #442, #1262, #1085, #69 ) ) ;
#1292 = VECTOR ( 'NONE', #1057, 1000.000000000000000 ) ;
#1293 = ADVANCED_FACE ( 'NONE', ( #84, #858, #982 ), #871, .T. ) ;
#1294 = AXIS2_PLACEMENT_3D ( 'NONE', #1590, #19, #552 ) ;
#1295 = LINE ( 'NONE', #642, #1015 ) ;
#1296 = ORIENTED_EDGE ( 'NONE', *, *, #1551, .F. ) ;
#1297 = CARTESIAN_POINT ( 'NONE',  ( -17.08149999999999835, -17.08150000000000190, -50.79999999999999716 ) ) ;
#1298 = LINE ( 'NONE', #280, #1508 ) ;
#1299 = CARTESIAN_POINT ( 'NONE',  ( 18.09750000000001080, -8.588375000000000981, -25.39999999999999858 ) ) ;
#1300 = DIRECTION ( 'NONE',  ( 1.000000000000000000, 0.000000000000000000, 0.000000000000000000 ) ) ;
#1301 = EDGE_CURVE ( 'NONE', #109, #601, #159, .T. ) ;
#1302 = DIRECTION ( 'NONE',  ( 1.000000000000000000, 0.000000000000000000, 0.000000000000000000 ) ) ;
#1303 = EDGE_LOOP ( 'NONE', ( #614, #992, #1578, #1493 ) ) ;
#1304 = DIRECTION ( 'NONE',  ( 0.000000000000000000, 0.000000000000000000, 1.000000000000000000 ) ) ;
#1305 = CARTESIAN_POINT ( 'NONE',  ( -4.730749999999996902, -18.09750000000000725, -19.99999999999999645 ) ) ;
#1306 = DATE_AND_TIME ( #782, #690 ) ;
#1307 = CARTESIAN_POINT ( 'NONE',  ( 20.63750000000000995, -8.588375000000000981, -22.69490000000001118 ) ) ;
#1308 = PLANE ( 'NONE',  #1650 ) ;
#1309 = ORIENTED_EDGE ( 'NONE', *, *, #671, .T. ) ;
#1310 = EDGE_CURVE ( 'NONE', #185, #1591, #1129, .T. ) ;
#1311 = ORIENTED_EDGE ( 'NONE', *, *, #266, .T. ) ;
#1312 = DIRECTION ( 'NONE',  ( 1.000000000000000000, 4.241999990161896449E-16, 0.000000000000000000 ) ) ;
#1313 = EDGE_CURVE ( 'NONE', #895, #407, #334, .T. ) ;
#1314 = UNCERTAINTY_MEASURE_WITH_UNIT (LENGTH_MEASURE( 1.000000000000000082E-05 ), #639, 'distance_accuracy_value', 'NONE');
#1315 = DIRECTION ( 'NONE',  ( 0.000000000000000000, 0.000000000000000000, -1.000000000000000000 ) ) ;
#1316 = APPROVAL_DATE_TIME ( #789, #276 ) ;
#1317 = CARTESIAN_POINT ( 'NONE',  ( 20.63750000000000995, -8.588375000000000981, 28.10509999999998598 ) ) ;
#1318 = AXIS2_PLACEMENT_3D ( 'NONE', #13, #1027, #242 ) ;
#1319 = AXIS2_PLACEMENT_3D ( 'NONE', #1032, #1418, #660 ) ;
#1320 = DIRECTION ( 'NONE',  ( 1.000000000000000000, -0.000000000000000000, -0.000000000000000000 ) ) ;
#1321 = VERTEX_POINT ( 'NONE', #1549 ) ;
#1322 = DIRECTION ( 'NONE',  ( -1.187759997245330651E-15, 1.000000000000000000, 0.000000000000000000 ) ) ;
#1323 = ADVANCED_FACE ( 'NONE', ( #374 ), #525, .F. ) ;
#1324 = FACE_BOUND ( 'NONE', #175, .T. ) ;
#1325 = LINE ( 'NONE', #679, #572 ) ;
#1326 = CYLINDRICAL_SURFACE ( 'NONE', #637, 2.705099999999991400 ) ;
#1327 = EDGE_LOOP ( 'NONE', ( #330, #1140, #1393, #197 ) ) ;
#1328 = CARTESIAN_POINT ( 'NONE',  ( 17.17675000000000551, 17.17674999999999841, -50.79999999999999716 ) ) ;
#1329 = VERTEX_POINT ( 'NONE', #778 ) ;
#1330 = CARTESIAN_POINT ( 'NONE',  ( 0.03175000000000399725, -25.08250000000000313, -19.99999999999999645 ) ) ;
#1331 = EDGE_CURVE ( 'NONE', #394, #830, #1683, .T. ) ;
#1332 = CARTESIAN_POINT ( 'NONE',  ( 18.09750000000001080, 8.588374999999997428, -25.39999999999999858 ) ) ;
#1333 = FACE_OUTER_BOUND ( 'NONE', #1231, .T. ) ;
#1334 = ORIENTED_EDGE ( 'NONE', *, *, #1604, .T. ) ;
#1335 = DIRECTION ( 'NONE',  ( 1.000000000000000000, 0.000000000000000000, 0.000000000000000000 ) ) ;
#1336 = CARTESIAN_POINT ( 'NONE',  ( -17.58950000000000102, -13.65250000000000163, 50.79999999999999716 ) ) ;
#1337 = CARTESIAN_POINT ( 'NONE',  ( -17.08150000000000190, 18.09750000000000014, -50.79999999999999716 ) ) ;
#1338 = CIRCLE ( 'NONE', #1173, 4.762499999999999289 ) ;
#1339 = AXIS2_PLACEMENT_3D ( 'NONE', #1053, #1198, #387 ) ;
#1340 = EDGE_LOOP ( 'NONE', ( #27, #453, #234, #766 ) ) ;
#1341 = LINE ( 'NONE', #423, #163 ) ;
#1342 = ORIENTED_EDGE ( 'NONE', *, *, #996, .F. ) ;
#1343 = AXIS2_PLACEMENT_3D ( 'NONE', #114, #262, #632 ) ;
#1344 = CARTESIAN_POINT ( 'NONE',  ( -9.493249999999989086, -25.08250000000000313, 20.00000000000000355 ) ) ;
#1345 = ORIENTED_EDGE ( 'NONE', *, *, #194, .T. ) ;
#1346 = FACE_OUTER_BOUND ( 'NONE', #1001, .T. ) ;
#1347 = LINE ( 'NONE', #1249, #73 ) ;
#1348 = ORIENTED_EDGE ( 'NONE', *, *, #305, .T. ) ;
#1349 = CARTESIAN_POINT ( 'NONE',  ( -4.730749999999991573, -18.09750000000000725, 20.00000000000000355 ) ) ;
#1350 = ORIENTED_EDGE ( 'NONE', *, *, #198, .F. ) ;
#1351 = ADVANCED_FACE ( 'NONE', ( #914 ), #1308, .T. ) ;
#1352 = DIRECTION ( 'NONE',  ( 0.000000000000000000, 0.000000000000000000, 1.000000000000000000 ) ) ;
#1353 = ORIENTED_EDGE ( 'NONE', *, *, #1313, .F. ) ;
#1354 = CARTESIAN_POINT ( 'NONE',  ( -14.77010000000000112, 12.38249999999999496, 50.79999999999999716 ) ) ;
#1355 = CARTESIAN_POINT ( 'NONE',  ( -18.09750000000000369, -17.08150000000000190, -50.79999999999999716 ) ) ;
#1356 = EDGE_LOOP ( 'NONE', ( #1501, #635, #1478, #994 ) ) ;
#1357 = DIRECTION ( 'NONE',  ( 0.000000000000000000, -1.000000000000000000, 0.000000000000000000 ) ) ;
#1358 = ORIENTED_EDGE ( 'NONE', *, *, #56, .T. ) ;
#1359 = EDGE_CURVE ( 'NONE', #692, #534, #1622, .T. ) ;
#1360 = FACE_BOUND ( 'NONE', #422, .T. ) ;
#1361 = VERTEX_POINT ( 'NONE', #1283 ) ;
#1362 = EDGE_CURVE ( 'NONE', #2, #312, #1695, .T. ) ;
#1363 = LINE ( 'NONE', #41, #985 ) ;
#1364 = DIRECTION ( 'NONE',  ( 0.000000000000000000, 1.000000000000000000, 0.000000000000000000 ) ) ;
#1365 = ORIENTED_EDGE ( 'NONE', *, *, #1394, .F. ) ;
#1366 = CIRCLE ( 'NONE', #955, 1.016000000000003123 ) ;
#1367 = CARTESIAN_POINT ( 'NONE',  ( -13.50010000000000154, 12.38249999999999496, -50.79999999999999716 ) ) ;
#1368 = ORIENTED_EDGE ( 'NONE', *, *, #1242, .T. ) ;
#1369 = CYLINDRICAL_SURFACE ( 'NONE', #1512, 4.762499999999999289 ) ;
#1370 = AXIS2_PLACEMENT_3D ( 'NONE', #1148, #613, #1401 ) ;
#1371 = AXIS2_PLACEMENT_3D ( 'NONE', #594, #1116, #80 ) ;
#1372 = ORIENTED_EDGE ( 'NONE', *, *, #1700, .T. ) ;
#1373 = CARTESIAN_POINT ( 'NONE',  ( -20.63749999999999929, -14.28750000000000142, -50.79999999999999716 ) ) ;
#1374 = VECTOR ( 'NONE', #199, 1000.000000000000000 ) ;
#1375 = EDGE_CURVE ( 'NONE', #144, #828, #78, .T. ) ;
#1376 = LOCAL_TIME ( 17, 51, 1.000000000000000000, #537 ) ;
#1377 = CARTESIAN_POINT ( 'NONE',  ( -17.08150000000000190, 18.09750000000000014, 50.79999999999999716 ) ) ;
#1378 = EDGE_CURVE ( 'NONE', #245, #741, #367, .T. ) ;
#1379 = VERTEX_POINT ( 'NONE', #236 ) ;
#1380 = DIRECTION ( 'NONE',  ( 1.000000000000000000, 0.000000000000000000, 0.000000000000000000 ) ) ;
#1381 = ORIENTED_EDGE ( 'NONE', *, *, #1048, .F. ) ;
#1382 = CARTESIAN_POINT ( 'NONE',  ( 0.03175000000000920142, -25.08250000000000313, 20.00000000000000355 ) ) ;
#1383 = ORIENTED_EDGE ( 'NONE', *, *, #348, .T. ) ;
#1384 = CARTESIAN_POINT ( 'NONE',  ( -17.08149999999999835, -17.08150000000000190, 50.79999999999999716 ) ) ;
#1385 = DIRECTION ( 'NONE',  ( -1.012733269198985207E-16, 1.000000000000000000, 0.000000000000000000 ) ) ;
#1386 = ADVANCED_FACE ( 'NONE', ( #1427 ), #655, .F. ) ;
#1387 = ORIENTED_EDGE ( 'NONE', *, *, #1217, .F. ) ;
#1388 = FACE_BOUND ( 'NONE', #1025, .T. ) ;
#1389 = DIRECTION ( 'NONE',  ( 1.000000000000000000, -0.000000000000000000, -0.000000000000000000 ) ) ;
#1390 = ORIENTED_EDGE ( 'NONE', *, *, #30, .T. ) ;
#1391 = DIRECTION ( 'NONE',  ( 1.000000000000000000, -0.000000000000000000, -0.000000000000000000 ) ) ;
#1392 = FACE_OUTER_BOUND ( 'NONE', #433, .T. ) ;
#1393 = ORIENTED_EDGE ( 'NONE', *, *, #321, .F. ) ;
#1394 = EDGE_CURVE ( 'NONE', #1251, #1215, #255, .T. ) ;
#1395 = DIRECTION ( 'NONE',  ( 1.012733269198985207E-16, -1.000000000000000000, 0.000000000000000000 ) ) ;
#1396 = EDGE_CURVE ( 'NONE', #1104, #1591, #1188, .T. ) ;
#1397 = ORIENTED_EDGE ( 'NONE', *, *, #1225, .T. ) ;
#1398 = AXIS2_PLACEMENT_3D ( 'NONE', #1305, #1585, #645 ) ;
#1399 = CARTESIAN_POINT ( 'NONE',  ( 17.17675000000000551, 18.09750000000000369, -50.79999999999999716 ) ) ;
#1400 = AXIS2_PLACEMENT_3D ( 'NONE', #1264, #1163, #1171 ) ;
#1401 = DIRECTION ( 'NONE',  ( -1.000000000000000000, 0.000000000000000000, 0.000000000000000000 ) ) ;
#1402 = ORIENTED_EDGE ( 'NONE', *, *, #1055, .T. ) ;
#1403 = DIRECTION ( 'NONE',  ( 1.000000000000000000, 0.000000000000000000, 0.000000000000000000 ) ) ;
#1404 = EDGE_CURVE ( 'NONE', #1697, #29, #769, .T. ) ;
#1405 = VERTEX_POINT ( 'NONE', #1577 ) ;
#1406 = CARTESIAN_POINT ( 'NONE',  ( 17.17675000000000907, -20.63750000000000284, -50.79999999999999716 ) ) ;
#1407 = DIRECTION ( 'NONE',  ( -1.009925321132814667E-16, 1.000000000000000000, 0.000000000000000000 ) ) ;
#1408 = EDGE_LOOP ( 'NONE', ( #1436, #1485, #681, #160 ) ) ;
#1409 = DIRECTION ( 'NONE',  ( -2.025466538397970414E-16, 1.000000000000000000, -0.000000000000000000 ) ) ;
#1410 = ORIENTED_EDGE ( 'NONE', *, *, #1310, .T. ) ;
#1411 = DIRECTION ( 'NONE',  ( -1.000000000000000000, 0.000000000000000000, 0.000000000000000000 ) ) ;
#1412 = ADVANCED_FACE ( 'NONE', ( #400 ), #791, .F. ) ;
#1413 = DIRECTION ( 'NONE',  ( -1.241749088029209980E-15, -1.000000000000000000, 0.000000000000000000 ) ) ;
#1414 = CARTESIAN_POINT ( 'NONE',  ( 18.09750000000001080, -8.588375000000000981, -25.39999999999999858 ) ) ;
#1415 = EDGE_LOOP ( 'NONE', ( #38, #478, #162, #1236 ) ) ;
#1416 = CARTESIAN_POINT ( 'NONE',  ( -13.50010000000000154, 12.38249999999999496, 50.79999999999999716 ) ) ;
#1417 = ORIENTED_EDGE ( 'NONE', *, *, #794, .T. ) ;
#1418 = DIRECTION ( 'NONE',  ( -2.025466538397970414E-16, 1.000000000000000000, -0.000000000000000000 ) ) ;
#1419 = VECTOR ( 'NONE', #1142, 1000.000000000000000 ) ;
#1420 = CARTESIAN_POINT ( 'NONE',  ( 20.63750000000000995, 8.588374999999997428, -22.69490000000001118 ) ) ;
#1421 = CARTESIAN_POINT ( 'NONE',  ( -17.46250000000000213, 11.11249999999999361, -50.79999999999999716 ) ) ;
#1422 = EDGE_CURVE ( 'NONE', #458, #758, #131, .T. ) ;
#1423 = CIRCLE ( 'NONE', #686, 3.175000000000000711 ) ;
#1424 = AXIS2_PLACEMENT_3D ( 'NONE', #739, #1261, #76 ) ;
#1425 = ORIENTED_EDGE ( 'NONE', *, *, #1170, .F. ) ;
#1426 = VECTOR ( 'NONE', #1132, 1000.000000000000000 ) ;
#1427 = FACE_OUTER_BOUND ( 'NONE', #401, .T. ) ;
#1428 = ORIENTED_EDGE ( 'NONE', *, *, #1183, .T. ) ;
#1429 = CARTESIAN_POINT ( 'NONE',  ( 17.17675000000000907, -17.17674999999999841, -50.79999999999999716 ) ) ;
#1430 = FACE_OUTER_BOUND ( 'NONE', #752, .T. ) ;
#1431 = DATE_TIME_ROLE ( 'creation_date' ) ;
#1432 = EDGE_CURVE ( 'NONE', #534, #1505, #1295, .T. ) ;
#1433 = DIRECTION ( 'NONE',  ( 1.000000000000000000, -0.000000000000000000, -0.000000000000000000 ) ) ;
#1434 = EDGE_CURVE ( 'NONE', #419, #886, #746, .T. ) ;
#1435 = CARTESIAN_POINT ( 'NONE',  ( -13.50010000000000154, 12.38249999999999496, -50.79999999999999716 ) ) ;
#1436 = ORIENTED_EDGE ( 'NONE', *, *, #85, .T. ) ;
#1437 = ORIENTED_EDGE ( 'NONE', *, *, #950, .T. ) ;
#1438 = CARTESIAN_POINT ( 'NONE',  ( 17.17675000000000551, 20.63750000000000284, 50.79999999999999716 ) ) ;
#1439 = LINE ( 'NONE', #396, #490 ) ;
#1440 = APPROVAL_DATE_TIME ( #1199, #599 ) ;
#1441 = CARTESIAN_POINT ( 'NONE',  ( -18.09750000000000369, 14.16049999999999187, -50.79999999999999716 ) ) ;
#1442 = DIRECTION ( 'NONE',  ( 1.000000000000000000, 0.000000000000000000, 0.000000000000000000 ) ) ;
#1443 = ORIENTED_EDGE ( 'NONE', *, *, #1597, .T. ) ;
#1444 = ADVANCED_FACE ( 'NONE', ( #506 ), #1030, .F. ) ;
#1445 = CARTESIAN_POINT ( 'NONE',  ( 20.63750000000000995, 8.588374999999997428, -25.39999999999999858 ) ) ;
#1446 = EDGE_CURVE ( 'NONE', #591, #968, #415, .T. ) ;
#1447 = CARTESIAN_POINT ( 'NONE',  ( 20.63750000000000995, 8.588374999999997428, -28.10509999999998954 ) ) ;
#1448 = DATE_AND_TIME ( #799, #81 ) ;
#1449 = CARTESIAN_POINT ( 'NONE',  ( -17.08149999999999835, -17.08150000000000190, 50.79999999999999716 ) ) ;
#1450 = VECTOR ( 'NONE', #774, 1000.000000000000000 ) ;
#1451 = VECTOR ( 'NONE', #1391, 1000.000000000000000 ) ;
#1452 = LINE ( 'NONE', #801, #443 ) ;
#1453 = EDGE_LOOP ( 'NONE', ( #954, #1625, #1243, #1633 ) ) ;
#1454 = AXIS2_PLACEMENT_3D ( 'NONE', #1040, #1543, #1442 ) ;
#1455 = AXIS2_PLACEMENT_3D ( 'NONE', #763, #863, #65 ) ;
#1456 = EDGE_CURVE ( 'NONE', #760, #991, #406, .T. ) ;
#1457 = PLANE ( 'NONE',  #1205 ) ;
#1458 = VERTEX_POINT ( 'NONE', #693 ) ;
#1459 = CARTESIAN_POINT ( 'NONE',  ( -17.46250000000000213, 11.11249999999999361, -50.79999999999999716 ) ) ;
#1460 = MECHANICAL_CONTEXT ( 'NONE', #246, 'mechanical' ) ;
#1461 = DIRECTION ( 'NONE',  ( 1.000000000000000000, -0.000000000000000000, -0.000000000000000000 ) ) ;
#1462 = FACE_OUTER_BOUND ( 'NONE', #710, .T. ) ;
#1463 = EDGE_LOOP ( 'NONE', ( #1071, #117, #1041, #687 ) ) ;
#1464 = CARTESIAN_POINT ( 'NONE',  ( -9.493249999999990862, -20.63750000000000639, 20.00000000000000355 ) ) ;
#1465 = EDGE_LOOP ( 'NONE', ( #1345, #375, #1489, #650 ) ) ;
#1466 = CARTESIAN_POINT ( 'NONE',  ( -13.50009999999999799, -12.38250000000000028, -50.79999999999999716 ) ) ;
#1467 = APPROVAL_ROLE ( '' ) ;
#1468 = LINE ( 'NONE', #777, #489 ) ;
#1469 = EDGE_CURVE ( 'NONE', #700, #169, #1064, .T. ) ;
#1470 = EDGE_LOOP ( 'NONE', ( #303, #1365, #86, #580 ) ) ;
#1471 = CYLINDRICAL_SURFACE ( 'NONE', #1707, 4.762499999999999289 ) ;
#1472 = ORIENTED_EDGE ( 'NONE', *, *, #30, .F. ) ;
#1473 = DIRECTION ( 'NONE',  ( 0.000000000000000000, 0.000000000000000000, 1.000000000000000000 ) ) ;
#1474 = VERTEX_POINT ( 'NONE', #937 ) ;
#1475 = DIRECTION ( 'NONE',  ( 1.000000000000000000, -1.187759997245330651E-15, 0.000000000000000000 ) ) ;
#1476 = CARTESIAN_POINT ( 'NONE',  ( -20.63750000000000284, -17.08150000000000190, -50.79999999999999716 ) ) ;
#1477 = EDGE_CURVE ( 'NONE', #850, #393, #1452, .T. ) ;
#1478 = ORIENTED_EDGE ( 'NONE', *, *, #921, .T. ) ;
#1479 = FACE_BOUND ( 'NONE', #648, .T. ) ;
#1480 = EDGE_LOOP ( 'NONE', ( #1557, #1602, #1350, #275 ) ) ;
#1481 = AXIS2_PLACEMENT_3D ( 'NONE', #277, #1686, #1052 ) ;
#1482 = AXIS2_PLACEMENT_3D ( 'NONE', #1121, #1648, #1520 ) ;
#1483 = DIRECTION ( 'NONE',  ( 1.012733269198985207E-16, -1.000000000000000000, 0.000000000000000000 ) ) ;
#1484 = CC_DESIGN_SECURITY_CLASSIFICATION ( #608, ( #665 ) ) ;
#1485 = ORIENTED_EDGE ( 'NONE', *, *, #481, .T. ) ;
#1486 = CARTESIAN_POINT ( 'NONE',  ( -4.730749999999999567, 20.63749999999999929, 20.00000000000000355 ) ) ;
#1487 = CARTESIAN_POINT ( 'NONE',  ( 20.63750000000000995, 8.588374999999997428, 25.39999999999999858 ) ) ;
#1488 = EDGE_CURVE ( 'NONE', #426, #968, #1341, .T. ) ;
#1489 = ORIENTED_EDGE ( 'NONE', *, *, #815, .F. ) ;
#1490 = LINE ( 'NONE', #28, #907 ) ;
#1491 = ORIENTED_EDGE ( 'NONE', *, *, #1122, .T. ) ;
#1492 = DIRECTION ( 'NONE',  ( 0.000000000000000000, 0.000000000000000000, 1.000000000000000000 ) ) ;
#1493 = ORIENTED_EDGE ( 'NONE', *, *, #313, .T. ) ;
#1494 = DIRECTION ( 'NONE',  ( -1.000000000000000000, 0.000000000000000000, 0.000000000000000000 ) ) ;
#1495 = DIRECTION ( 'NONE',  ( 0.000000000000000000, -1.000000000000000000, 0.000000000000000000 ) ) ;
#1496 = ORIENTED_EDGE ( 'NONE', *, *, #974, .T. ) ;
#1497 = DIRECTION ( 'NONE',  ( 0.000000000000000000, 0.000000000000000000, 1.000000000000000000 ) ) ;
#1498 = ORIENTED_EDGE ( 'NONE', *, *, #45, .T. ) ;
#1499 = FACE_OUTER_BOUND ( 'NONE', #598, .T. ) ;
#1500 = ADVANCED_FACE ( 'NONE', ( #1462 ), #291, .F. ) ;
#1501 = ORIENTED_EDGE ( 'NONE', *, *, #339, .F. ) ;
#1502 = DIRECTION ( 'NONE',  ( 1.000000000000000000, -0.000000000000000000, -0.000000000000000000 ) ) ;
#1503 = ADVANCED_FACE ( 'NONE', ( #945 ), #1326, .F. ) ;
#1504 = LINE ( 'NONE', #1377, #1419 ) ;
#1505 = VERTEX_POINT ( 'NONE', #1214 ) ;
#1506 = CARTESIAN_POINT ( 'NONE',  ( 17.17675000000000551, 17.17674999999999841, -50.79999999999999716 ) ) ;
#1507 = VERTEX_POINT ( 'NONE', #1609 ) ;
#1508 = VECTOR ( 'NONE', #1059, 1000.000000000000000 ) ;
#1509 = LINE ( 'NONE', #1382, #1374 ) ;
#1510 = AXIS2_PLACEMENT_3D ( 'NONE', #1594, #947, #418 ) ;
#1511 = EDGE_CURVE ( 'NONE', #312, #1474, #1490, .T. ) ;
#1512 = AXIS2_PLACEMENT_3D ( 'NONE', #1145, #491, #322 ) ;
#1513 = ORIENTED_EDGE ( 'NONE', *, *, #890, .T. ) ;
#1514 = CARTESIAN_POINT ( 'NONE',  ( 18.09750000000001080, -8.588375000000000981, 22.69490000000000762 ) ) ;
#1515 = AXIS2_PLACEMENT_3D ( 'NONE', #737, #1288, #476 ) ;
#1516 = DIRECTION ( 'NONE',  ( 0.000000000000000000, 0.000000000000000000, 1.000000000000000000 ) ) ;
#1517 = ORIENTED_EDGE ( 'NONE', *, *, #1272, .F. ) ;
#1518 = FACE_OUTER_BOUND ( 'NONE', #1031, .T. ) ;
#1519 = ORIENTED_EDGE ( 'NONE', *, *, #339, .T. ) ;
#1520 = DIRECTION ( 'NONE',  ( -1.000000000000000000, -2.025466538397970414E-16, 0.000000000000000000 ) ) ;
#1521 = VERTEX_POINT ( 'NONE', #560 ) ;
#1522 = DIRECTION ( 'NONE',  ( 0.000000000000000000, 0.000000000000000000, 1.000000000000000000 ) ) ;
#1523 = FACE_OUTER_BOUND ( 'NONE', #1204, .T. ) ;
#1524 = DIRECTION ( 'NONE',  ( -0.000000000000000000, -0.000000000000000000, -1.000000000000000000 ) ) ;
#1525 = CYLINDRICAL_SURFACE ( 'NONE', #364, 0.9207500000000048423 ) ;
#1526 = FACE_OUTER_BOUND ( 'NONE', #1631, .T. ) ;
#1527 = EDGE_LOOP ( 'NONE', ( #623, #1381 ) ) ;
#1528 = DIRECTION ( 'NONE',  ( 0.000000000000000000, 0.000000000000000000, 1.000000000000000000 ) ) ;
#1529 = CARTESIAN_POINT ( 'NONE',  ( 18.09750000000001080, -8.588375000000000981, 28.10509999999998954 ) ) ;
#1530 = EDGE_CURVE ( 'NONE', #1591, #185, #1624, .T. ) ;
#1531 = ORIENTED_EDGE ( 'NONE', *, *, #1628, .F. ) ;
#1532 = DIRECTION ( 'NONE',  ( -1.009925321132814667E-16, 1.000000000000000000, 0.000000000000000000 ) ) ;
#1533 = VECTOR ( 'NONE', #399, 1000.000000000000000 ) ;
#1534 = EDGE_LOOP ( 'NONE', ( #1636, #1569, #337, #1656 ) ) ;
#1535 = AXIS2_PLACEMENT_3D ( 'NONE', #377, #251, #1571 ) ;
#1536 = LINE ( 'NONE', #891, #852 ) ;
#1537 = AXIS2_PLACEMENT_3D ( 'NONE', #1445, #265, #796 ) ;
#1538 = DIRECTION ( 'NONE',  ( 1.000000000000000000, -0.000000000000000000, -0.000000000000000000 ) ) ;
#1539 = VECTOR ( 'NONE', #335, 1000.000000000000000 ) ;
#1540 = AXIS2_PLACEMENT_3D ( 'NONE', #953, #176, #48 ) ;
#1541 = ORIENTED_EDGE ( 'NONE', *, *, #563, .T. ) ;
#1542 = APPROVAL ( #5, 'UNSPECIFIED' ) ;
#1543 = DIRECTION ( 'NONE',  ( 0.000000000000000000, 0.000000000000000000, 1.000000000000000000 ) ) ;
#1544 = ADVANCED_FACE ( 'NONE', ( #1333 ), #1471, .F. ) ;
#1545 = VERTEX_POINT ( 'NONE', #149 ) ;
#1546 = DIRECTION ( 'NONE',  ( -2.025466538397970414E-16, 1.000000000000000000, -0.000000000000000000 ) ) ;
#1547 = DIRECTION ( 'NONE',  ( 1.000000000000000000, 0.000000000000000000, 0.000000000000000000 ) ) ;
#1548 = ORIENTED_EDGE ( 'NONE', *, *, #1378, .T. ) ;
#1549 = CARTESIAN_POINT ( 'NONE',  ( -9.493249999999996191, -18.09750000000000725, -19.99999999999999645 ) ) ;
#1550 = ORIENTED_EDGE ( 'NONE', *, *, #1217, .T. ) ;
#1551 = EDGE_CURVE ( 'NONE', #559, #1051, #8, .T. ) ;
#1552 = DIRECTION ( 'NONE',  ( 0.000000000000000000, 0.000000000000000000, 1.000000000000000000 ) ) ;
#1553 = DIRECTION ( 'NONE',  ( 0.000000000000000000, -1.000000000000000000, 0.000000000000000000 ) ) ;
#1554 = CARTESIAN_POINT ( 'NONE',  ( -9.493249999999990862, -18.09750000000000725, 20.00000000000000355 ) ) ;
#1555 = VERTEX_POINT ( 'NONE', #540 ) ;
#1556 = CARTESIAN_POINT ( 'NONE',  ( -4.730749999999995126, -25.08250000000000313, -19.99999999999999645 ) ) ;
#1557 = ORIENTED_EDGE ( 'NONE', *, *, #619, .T. ) ;
#1558 = CARTESIAN_POINT ( 'NONE',  ( 18.09750000000001080, -17.17674999999999841, 50.79999999999999716 ) ) ;
#1559 = AXIS2_PLACEMENT_3D ( 'NONE', #1449, #943, #1174 ) ;
#1560 = EDGE_CURVE ( 'NONE', #591, #1138, #961, .T. ) ;
#1561 = AXIS2_PLACEMENT_3D ( 'NONE', #910, #1712, #1165 ) ;
#1562 = DIRECTION ( 'NONE',  ( -1.000000000000000000, -2.025466538397970661E-16, 0.000000000000000000 ) ) ;
#1563 = APPROVAL_STATUS ( 'not_yet_approved' ) ;
#1564 = VECTOR ( 'NONE', #62, 1000.000000000000000 ) ;
#1565 = VECTOR ( 'NONE', #1409, 1000.000000000000000 ) ;
#1566 = DIRECTION ( 'NONE',  ( -0.000000000000000000, -0.000000000000000000, -1.000000000000000000 ) ) ;
#1567 = DIRECTION ( 'NONE',  ( -2.025466538397970414E-16, 1.000000000000000000, -0.000000000000000000 ) ) ;
#1568 = VERTEX_POINT ( 'NONE', #168 ) ;
#1569 = ORIENTED_EDGE ( 'NONE', *, *, #1362, .F. ) ;
#1570 = LINE ( 'NONE', #395, #1235 ) ;
#1571 = DIRECTION ( 'NONE',  ( 1.000000000000000000, 0.000000000000000000, 0.000000000000000000 ) ) ;
#1572 = PRODUCT_RELATED_PRODUCT_CATEGORY ( 'detail', '', ( #222 ) ) ;
#1573 = APPROVAL_DATE_TIME ( #1306, #1542 ) ;
#1574 = PLANE ( 'NONE',  #1559 ) ;
#1575 = ADVANCED_FACE ( 'NONE', ( #1076, #1601, #1084, #1479, #302 ), #701, .T. ) ;
#1576 = EDGE_CURVE ( 'NONE', #290, #1691, #551, .T. ) ;
#1577 = CARTESIAN_POINT ( 'NONE',  ( -9.493250000000005073, 20.63749999999999929, -19.99999999999999645 ) ) ;
#1578 = ORIENTED_EDGE ( 'NONE', *, *, #1477, .F. ) ;
#1579 = CARTESIAN_POINT ( 'NONE',  ( 18.09750000000001080, 8.588374999999997428, -28.10509999999998954 ) ) ;
#1580 = LINE ( 'NONE', #1447, #155 ) ;
#1581 = SECURITY_CLASSIFICATION_LEVEL ( 'unclassified' ) ;
#1582 = ADVANCED_FACE ( 'NONE', ( #965 ), #1630, .F. ) ;
#1583 = DIRECTION ( 'NONE',  ( -1.000000000000000000, 0.000000000000000000, 0.000000000000000000 ) ) ;
#1584 = ORIENTED_EDGE ( 'NONE', *, *, #1359, .F. ) ;
#1585 = DIRECTION ( 'NONE',  ( -1.012733269198985207E-16, 1.000000000000000000, 0.000000000000000000 ) ) ;
#1586 = PERSON_AND_ORGANIZATION_ROLE ( 'design_supplier' ) ;
#1587 = AXIS2_PLACEMENT_3D ( 'NONE', #71, #893, #1413 ) ;
#1588 = CARTESIAN_POINT ( 'NONE',  ( 20.63750000000000995, -8.588375000000000981, -22.69490000000000762 ) ) ;
#1589 = AXIS2_PLACEMENT_3D ( 'NONE', #773, #1698, #1692 ) ;
#1590 = CARTESIAN_POINT ( 'NONE',  ( 17.17675000000000907, -17.17674999999999841, -50.79999999999999716 ) ) ;
#1591 = VERTEX_POINT ( 'NONE', #1554 ) ;
#1592 = AXIS2_PLACEMENT_3D ( 'NONE', #425, #1483, #306 ) ;
#1593 = CC_DESIGN_APPROVAL ( #599, ( #899 ) ) ;
#1594 = CARTESIAN_POINT ( 'NONE',  ( -17.58950000000000458, 14.16049999999999187, -50.79999999999999716 ) ) ;
#1595 = ORIENTED_EDGE ( 'NONE', *, *, #531, .T. ) ;
#1596 = DIRECTION ( 'NONE',  ( 0.000000000000000000, 0.000000000000000000, -1.000000000000000000 ) ) ;
#1597 = EDGE_CURVE ( 'NONE', #59, #1278, #581, .T. ) ;
#1598 = DATE_TIME_ROLE ( 'classification_date' ) ;
#1599 = FACE_OUTER_BOUND ( 'NONE', #802, .T. ) ;
#1600 = ORIENTED_EDGE ( 'NONE', *, *, #148, .F. ) ;
#1601 = FACE_BOUND ( 'NONE', #736, .T. ) ;
#1602 = ORIENTED_EDGE ( 'NONE', *, *, #1331, .F. ) ;
#1603 = DIRECTION ( 'NONE',  ( -2.025466538397970414E-16, 1.000000000000000000, -0.000000000000000000 ) ) ;
#1604 = EDGE_CURVE ( 'NONE', #1691, #217, #319, .T. ) ;
#1605 = VERTEX_POINT ( 'NONE', #1244 ) ;
#1606 = DIRECTION ( 'NONE',  ( 1.000000000000000000, 4.241999990161896449E-16, 0.000000000000000000 ) ) ;
#1607 = CARTESIAN_POINT ( 'NONE',  ( -20.63750000000000284, 17.08149999999999480, -50.79999999999999716 ) ) ;
#1608 = ORIENTED_EDGE ( 'NONE', *, *, #1331, .T. ) ;
#1609 = CARTESIAN_POINT ( 'NONE',  ( 17.17675000000000551, 18.09750000000000369, -50.79999999999999716 ) ) ;
#1610 = ORIENTED_EDGE ( 'NONE', *, *, #1225, .F. ) ;
#1611 = CYLINDRICAL_SURFACE ( 'NONE', #989, 1.016000000000003123 ) ;
#1612 = ORIENTED_EDGE ( 'NONE', *, *, #1477, .T. ) ;
#1613 = LINE ( 'NONE', #959, #1202 ) ;
#1614 = EDGE_CURVE ( 'NONE', #1605, #286, #771, .T. ) ;
#1615 = DIRECTION ( 'NONE',  ( 0.000000000000000000, 0.000000000000000000, 1.000000000000000000 ) ) ;
#1616 = CLOSED_SHELL ( 'NONE', ( #212, #106, #532, #390, #748, #1323, #1500, #1444, #1194, #471, #448, #882, #1714, #1274, #1164, #94, #934, #695, #1143, #519, #913, #1684, #1652, #1582, #1033, #1386, #1351, #662, #1280, #557, #398, #278, #1238, #1293, #1134, #1575, #1024, #1006, #987, #68, #1078, #1544, #869, #1260, #264, #1503, #22, #1412 ) ) ;
#1617 = VECTOR ( 'NONE', #868, 1000.000000000000000 ) ;
#1618 = EDGE_LOOP ( 'NONE', ( #498, #1083, #220, #1358 ) ) ;
#1619 = DIRECTION ( 'NONE',  ( 0.000000000000000000, 0.000000000000000000, 1.000000000000000000 ) ) ;
#1620 = EDGE_LOOP ( 'NONE', ( #835, #702, #1342, #124 ) ) ;
#1621 = CIRCLE ( 'NONE', #17, 0.5079999999999980087 ) ;
#1622 = CIRCLE ( 'NONE', #1454, 1.270000000000000240 ) ;
#1623 = PLANE ( 'NONE',  #579 ) ;
#1624 = CIRCLE ( 'NONE', #1209, 4.762499999999999289 ) ;
#1625 = ORIENTED_EDGE ( 'NONE', *, *, #703, .F. ) ;
#1626 = DIRECTION ( 'NONE',  ( 0.000000000000000000, 1.000000000000000000, 0.000000000000000000 ) ) ;
#1627 = CARTESIAN_POINT ( 'NONE',  ( -13.50009999999999799, -13.65249999999999986, -50.79999999999999716 ) ) ;
#1628 = EDGE_CURVE ( 'NONE', #461, #1521, #336, .T. ) ;
#1629 = ORIENTED_EDGE ( 'NONE', *, *, #173, .F. ) ;
#1630 = CYLINDRICAL_SURFACE ( 'NONE', #469, 1.016000000000003123 ) ;
#1631 = EDGE_LOOP ( 'NONE', ( #89, #1213, #1269, #1491 ) ) ;
#1632 = FACE_BOUND ( 'NONE', #643, .T. ) ;
#1633 = ORIENTED_EDGE ( 'NONE', *, *, #539, .T. ) ;
#1634 = DIRECTION ( 'NONE',  ( 0.000000000000000000, 0.000000000000000000, 1.000000000000000000 ) ) ;
#1635 = DIRECTION ( 'NONE',  ( 1.000000000000000000, 0.000000000000000000, 0.000000000000000000 ) ) ;
#1636 = ORIENTED_EDGE ( 'NONE', *, *, #574, .T. ) ;
#1637 = DIRECTION ( 'NONE',  ( 1.000000000000000000, 0.000000000000000000, 0.000000000000000000 ) ) ;
#1638 = ORIENTED_EDGE ( 'NONE', *, *, #1055, .F. ) ;
#1639 = EDGE_CURVE ( 'NONE', #915, #200, #1657, .T. ) ;
#1640 = CARTESIAN_POINT ( 'NONE',  ( -17.08150000000000190, 17.08149999999999480, 50.79999999999999716 ) ) ;
#1641 = ORIENTED_EDGE ( 'NONE', *, *, #1183, .F. ) ;
#1642 = CARTESIAN_POINT ( 'NONE',  ( -17.08150000000000190, 17.08149999999999480, 50.79999999999999716 ) ) ;
#1643 = DIRECTION ( 'NONE',  ( 0.000000000000000000, 0.000000000000000000, 1.000000000000000000 ) ) ;
#1644 = ORIENTED_EDGE ( 'NONE', *, *, #1422, .T. ) ;
#1645 = CARTESIAN_POINT ( 'NONE',  ( -17.08149999999999835, -20.63750000000000639, -50.79999999999999716 ) ) ;
#1646 = EDGE_LOOP ( 'NONE', ( #1181, #1428, #656, #1156 ) ) ;
#1647 = CIRCLE ( 'NONE', #1234, 4.762499999999999289 ) ;
#1648 = DIRECTION ( 'NONE',  ( -2.025466538397970414E-16, 1.000000000000000000, 0.000000000000000000 ) ) ;
#1649 = AXIS2_PLACEMENT_3D ( 'NONE', #34, #565, #1088 ) ;
#1650 = AXIS2_PLACEMENT_3D ( 'NONE', #784, #392, #1167 ) ;
#1651 = ORIENTED_EDGE ( 'NONE', *, *, #776, .T. ) ;
#1652 = ADVANCED_FACE ( 'NONE', ( #205, #1388, #1518 ), #74, .T. ) ;
#1653 = DIRECTION ( 'NONE',  ( 1.000000000000000000, 0.000000000000000000, 0.000000000000000000 ) ) ;
#1654 = CC_DESIGN_APPROVAL ( #1542, ( #665 ) ) ;
#1655 = CARTESIAN_POINT ( 'NONE',  ( 20.63750000000000995, -17.17674999999999841, -50.79999999999999716 ) ) ;
#1656 = ORIENTED_EDGE ( 'NONE', *, *, #1404, .T. ) ;
#1657 = LINE ( 'NONE', #457, #52 ) ;
#1658 = CARTESIAN_POINT ( 'NONE',  ( -17.08150000000000190, 17.08149999999999480, -50.79999999999999716 ) ) ;
#1659 = ORIENTED_EDGE ( 'NONE', *, *, #224, .T. ) ;
#1660 = CARTESIAN_POINT ( 'NONE',  ( -4.730750000000004007, 18.09750000000000014, -19.99999999999999645 ) ) ;
#1661 = EDGE_CURVE ( 'NONE', #561, #1474, #1259, .T. ) ;
#1662 = CARTESIAN_POINT ( 'NONE',  ( 17.17675000000000907, -20.63750000000000284, 50.79999999999999716 ) ) ;
#1663 = ORIENTED_EDGE ( 'NONE', *, *, #368, .F. ) ;
#1664 = DIRECTION ( 'NONE',  ( -0.000000000000000000, -0.000000000000000000, -1.000000000000000000 ) ) ;
#1665 = ORIENTED_EDGE ( 'NONE', *, *, #1122, .F. ) ;
#1666 = LINE ( 'NONE', #1399, #215 ) ;
#1667 = CARTESIAN_POINT ( 'NONE',  ( -13.50010000000000154, 13.65249999999999275, 50.79999999999999716 ) ) ;
#1668 = EDGE_CURVE ( 'NONE', #1146, #760, #1112, .T. ) ;
#1669 = ORIENTED_EDGE ( 'NONE', *, *, #1469, .F. ) ;
#1670 = EDGE_CURVE ( 'NONE', #1405, #307, #190, .T. ) ;
#1671 = DIRECTION ( 'NONE',  ( 0.000000000000000000, 0.000000000000000000, 1.000000000000000000 ) ) ;
#1672 = AXIS2_PLACEMENT_3D ( 'NONE', #35, #962, #1241 ) ;
#1673 = ORIENTED_EDGE ( 'NONE', *, *, #139, .F. ) ;
#1674 = VECTOR ( 'NONE', #446, 1000.000000000000000 ) ;
#1675 = CYLINDRICAL_SURFACE ( 'NONE', #1097, 4.762499999999999289 ) ;
#1676 = VECTOR ( 'NONE', #143, 1000.000000000000000 ) ;
#1677 = DESIGN_CONTEXT ( 'detailed design', #888, 'design' ) ;
#1678 = DIRECTION ( 'NONE',  ( -1.000000000000000000, 0.000000000000000000, 0.000000000000000000 ) ) ;
#1679 = AXIS2_PLACEMENT_3D ( 'NONE', #1658, #1139, #477 ) ;
#1680 = APPROVAL_PERSON_ORGANIZATION ( #678, #599, #1467 ) ;
#1681 = ORIENTED_EDGE ( 'NONE', *, *, #921, .F. ) ;
#1682 = EDGE_CURVE ( 'NONE', #1521, #461, #105, .T. ) ;
#1683 = LINE ( 'NONE', #647, #1207 ) ;
#1684 = ADVANCED_FACE ( 'NONE', ( #342 ), #1525, .F. ) ;
#1685 = ORIENTED_EDGE ( 'NONE', *, *, #807, .F. ) ;
#1686 = DIRECTION ( 'NONE',  ( 1.012733269198985207E-16, -1.000000000000000000, 0.000000000000000000 ) ) ;
#1687 = DIRECTION ( 'NONE',  ( 1.000000000000000000, -0.000000000000000000, -0.000000000000000000 ) ) ;
#1688 = CARTESIAN_POINT ( 'NONE',  ( -17.08150000000000190, 18.09750000000000014, 50.79999999999999716 ) ) ;
#1689 = DIRECTION ( 'NONE',  ( 0.000000000000000000, 0.000000000000000000, -1.000000000000000000 ) ) ;
#1690 = CC_DESIGN_DATE_AND_TIME_ASSIGNMENT ( #1448, #1598, ( #608 ) ) ;
#1691 = VERTEX_POINT ( 'NONE', #1645 ) ;
#1692 = DIRECTION ( 'NONE',  ( 1.000000000000000000, 0.000000000000000000, 0.000000000000000000 ) ) ;
#1693 = CARTESIAN_POINT ( 'NONE',  ( 20.63750000000000995, -8.588375000000000981, -28.10509999999998598 ) ) ;
#1694 = DIRECTION ( 'NONE',  ( 1.000000000000000000, 0.000000000000000000, 0.000000000000000000 ) ) ;
#1695 = LINE ( 'NONE', #1416, #1100 ) ;
#1696 = ORIENTED_EDGE ( 'NONE', *, *, #500, .F. ) ;
#1697 = VERTEX_POINT ( 'NONE', #1367 ) ;
#1698 = DIRECTION ( 'NONE',  ( -0.000000000000000000, -0.000000000000000000, -1.000000000000000000 ) ) ;
#1699 = CIRCLE ( 'NONE', #627, 0.9207500000000048423 ) ;
#1700 = EDGE_CURVE ( 'NONE', #1329, #394, #1180, .T. ) ;
#1701 = VECTOR ( 'NONE', #1626, 1000.000000000000000 ) ;
#1702 = CARTESIAN_POINT ( 'NONE',  ( 17.17675000000000551, 20.63750000000000284, -50.79999999999999716 ) ) ;
#1703 =( NAMED_UNIT ( * ) SI_UNIT ( $, .STERADIAN. ) SOLID_ANGLE_UNIT ( ) );
#1704 = CIRCLE ( 'NONE', #1176, 3.460750000000005322 ) ;
#1705 = EDGE_CURVE ( 'NONE', #870, #57, #1154, .T. ) ;
#1706 = CARTESIAN_POINT ( 'NONE',  ( 17.17675000000000907, -17.17674999999999841, 50.79999999999999716 ) ) ;
#1707 = AXIS2_PLACEMENT_3D ( 'NONE', #141, #673, #1195 ) ;
#1708 = CARTESIAN_POINT ( 'NONE',  ( -4.730749999999995126, -25.08250000000000313, -19.99999999999999645 ) ) ;
#1709 = EDGE_LOOP ( 'NONE', ( #1120, #1383 ) ) ;
#1710 = VERTEX_POINT ( 'NONE', #196 ) ;
#1711 = DIRECTION ( 'NONE',  ( 1.000000000000000000, 0.000000000000000000, 0.000000000000000000 ) ) ;
#1712 = DIRECTION ( 'NONE',  ( -1.012733269198985207E-16, 1.000000000000000000, 0.000000000000000000 ) ) ;
#1713 = SHAPE_DEFINITION_REPRESENTATION ( #926, #740 ) ;
#1714 = ADVANCED_FACE ( 'NONE', ( #1252 ), #372, .T. ) ;
#1715 = CARTESIAN_POINT ( 'NONE',  ( -18.09750000000000725, 17.08149999999999480, -50.79999999999999716 ) ) ;
ENDSEC;
END-ISO-10303-21;
