ISO-10303-21;
HEADER;
FILE_DESCRIPTION (( 'STEP AP203' ),
    '1' );
FILE_NAME ('90790A185_Black-Oxide Steel High-Heavy-Profile Cap Nut_90790A185_sldprt.STEP',
    '2026-08-23T00:51:10',
    ( '' ),
    ( '' ),
    'SwSTEP 2.0',
    'SolidWorks 2025',
    '' );
FILE_SCHEMA (( 'CONFIG_CONTROL_DESIGN' ));
ENDSEC;

DATA;
#1 = AXIS2_PLACEMENT_3D ( 'NONE', #710, #1652, #1667 ) ;
#2 = ORIENTED_EDGE ( 'NONE', *, *, #1512, .T. ) ;
#3 = PRODUCT_DEFINITION_SHAPE ( 'NONE', 'NONE',  #1190 ) ;
#4 = FACE_OUTER_BOUND ( 'NONE', #2293, .T. ) ;
#5 = CARTESIAN_POINT ( 'NONE',  ( -0.1077757450989964283, -0.06747571863297500971, -0.3750000000000001665 ) ) ;
#6 = ORIENTED_EDGE ( 'NONE', *, *, #2668, .T. ) ;
#7 = CARTESIAN_POINT ( 'NONE',  ( -0.1353164693413185238, 0.07812500000000000000, -0.4152777777777779122 ) ) ;
#8 = CIRCLE ( 'NONE', #600, 0.2968750000000000000 ) ;
#9 = CARTESIAN_POINT ( 'NONE',  ( 0.1040664693413184405, 0.06008280408782402937, -0.2041666666666672181 ) ) ;
#10 = VECTOR ( 'NONE', #487, 39.37007874015748143 ) ;
#11 = EDGE_LOOP ( 'NONE', ( #1181, #2358, #2607 ) ) ;
#12 = DIRECTION ( 'NONE',  ( -0.000000000000000000, -0.000000000000000000, 1.000000000000000000 ) ) ;
#13 = CARTESIAN_POINT ( 'NONE',  ( 0.1040664693413188568, 0.06008280408782331466, -0.05416666666666754282 ) ) ;
#14 = CARTESIAN_POINT ( 'NONE',  ( 0.1562499999999999445, -0.04186706131736293163, -0.3397329099369260641 ) ) ;
#15 = CARTESIAN_POINT ( 'NONE',  ( -0.1201656081756482253, 6.176220162864655613E-17, -0.3333333333333335924 ) ) ;
#16 = ADVANCED_FACE ( 'NONE', ( #1918 ), #2881, .F. ) ;
#17 = DIRECTION ( 'NONE',  ( 0.000000000000000000, 0.000000000000000000, 1.000000000000000000 ) ) ;
#18 = ORIENTED_EDGE ( 'NONE', *, *, #913, .T. ) ;
#19 = FACE_OUTER_BOUND ( 'NONE', #3079, .T. ) ;
#20 = CYLINDRICAL_SURFACE ( 'NONE', #1723, 0.1562499999999999722 ) ;
#21 = AXIS2_PLACEMENT_3D ( 'NONE', #466, #17, #2175 ) ;
#22 = ORIENTED_EDGE ( 'NONE', *, *, #637, .T. ) ;
#23 = CARTESIAN_POINT ( 'NONE',  ( 0.07699070146047733154, 0.3163933160302112579, -0.4402478679664359462 ) ) ;
#24 = CARTESIAN_POINT ( 'NONE',  ( 0.1201656081756482253, 1.829991159367305175E-16, -0.2652777777777780011 ) ) ;
#25 = CARTESIAN_POINT ( 'NONE',  ( -0.1088363526973656764, 0.09515272186712724067, -0.3750000000000002776 ) ) ;
#26 = CARTESIAN_POINT ( 'NONE',  ( -1.913510623667738847E-17, -0.1562499999999999722, -0.3486111111111113714 ) ) ;
#27 = CARTESIAN_POINT ( 'NONE',  ( -0.06937764622754558075, 0.1201656081756482253, -0.3416666666666669516 ) ) ;
#28 = CARTESIAN_POINT ( 'NONE',  ( -0.1081552124483620286, -0.06638554057020189247, -0.03964258818116891264 ) ) ;
#29 = DIRECTION ( 'NONE',  ( -0.000000000000000000, -0.000000000000000000, 1.000000000000000000 ) ) ;
#30 = CARTESIAN_POINT ( 'NONE',  ( -0.3125000000000000000, 0.09134784884610294697, -0.4403900632289778350 ) ) ;
#31 = DIRECTION ( 'NONE',  ( -0.000000000000000000, -0.000000000000000000, 1.000000000000000000 ) ) ;
#32 = AXIS2_PLACEMENT_3D ( 'NONE', #1543, #3035, #1831 ) ;
#33 = ADVANCED_FACE ( 'NONE', ( #2338 ), #459, .F. ) ;
#34 = EDGE_LOOP ( 'NONE', ( #1233, #2129, #1161, #2125 ) ) ;
#35 = DIRECTION ( 'NONE',  ( -0.000000000000000000, -0.000000000000000000, 1.000000000000000000 ) ) ;
#36 = CYLINDRICAL_SURFACE ( 'NONE', #2772, 0.1201656081756482253 ) ;
#37 = ORIENTED_EDGE ( 'NONE', *, *, #3046, .F. ) ;
#38 = CARTESIAN_POINT ( 'NONE',  ( -2.870372136534546515E-16, -0.1201656081756482253, -0.2708333333333337589 ) ) ;
#39 = CARTESIAN_POINT ( 'NONE',  ( -0.1482431952482002879, -0.2752556695614373217, -0.4734397118022459772 ) ) ;
#40 = CARTESIAN_POINT ( 'NONE',  ( -0.07119317942591611714, 0.1323058574416649813, -0.3750000000000001110 ) ) ;
#41 = ORIENTED_EDGE ( 'NONE', *, *, #1961, .T. ) ;
#42 = CARTESIAN_POINT ( 'NONE',  ( -0.1804219591217580132, 1.104765873671777625E-17, -0.3611111111111113825 ) ) ;
#43 = CARTESIAN_POINT ( 'NONE',  ( 0.000000000000000000, 0.1201656081756482253, -0.3458333333333336035 ) ) ;
#44 = CARTESIAN_POINT ( 'NONE',  ( 0.3125000000000000555, -0.1224832384981245359, -0.4080310396201471956 ) ) ;
#45 = CARTESIAN_POINT ( 'NONE',  ( 0.000000000000000000, 0.1562499999999999722, -0.3749999999999999445 ) ) ;
#46 = CARTESIAN_POINT ( 'NONE',  ( -0.1562499999999999722, 1.921490717335670717E-16, -0.1111111111111118405 ) ) ;
#47 = CARTESIAN_POINT ( 'NONE',  ( -0.3125000000000000000, 0.1804219591217579577, -0.6250000000000000000 ) ) ;
#48 = CARTESIAN_POINT ( 'NONE',  ( -0.1562500000000000278, 0.04186706131736340347, -0.1133440210480378824 ) ) ;
#49 = EDGE_LOOP ( 'NONE', ( #293, #3042, #1158, #1297 ) ) ;
#50 = CARTESIAN_POINT ( 'NONE',  ( -0.1201656081756482253, -0.03219827766865950014, -0.2811004233964077281 ) ) ;
#51 = CARTESIAN_POINT ( 'NONE',  ( -0.2623267297852043822, -0.2093895101863940955, -0.4080265368055674413 ) ) ;
#52 = CARTESIAN_POINT ( 'NONE',  ( -0.07380215800206554877, -0.09740512188074079702, -0.3749999999999998335 ) ) ;
#53 = CARTESIAN_POINT ( 'NONE',  ( -0.1387552924550911893, 8.496311238494115008E-18, -0.2333333333333337811 ) ) ;
#54 = AXIS2_PLACEMENT_3D ( 'NONE', #1909, #2872, #1672 ) ;
#55 = CARTESIAN_POINT ( 'NONE',  ( -0.05997400112894038515, -0.1149357621721503048, -0.03689325885797512666 ) ) ;
#56 = LINE ( 'NONE', #1013, #1676 ) ;
#57 = DIRECTION ( 'NONE',  ( -0.000000000000000000, -0.000000000000000000, 1.000000000000000000 ) ) ;
#58 = CARTESIAN_POINT ( 'NONE',  ( -0.3125000000000000000, -0.03581977556264730883, -0.4689877651556646487 ) ) ;
#59 = CIRCLE ( 'NONE', #3039, 0.3485014965946978127 ) ;
#60 = CARTESIAN_POINT ( 'NONE',  ( 0.1361348591224825211, 0.03846982424938394374, -0.02511286971496979811 ) ) ;
#61 = CARTESIAN_POINT ( 'NONE',  ( -0.2968750000000000000, 3.635670184968705258E-17, 0.000000000000000000 ) ) ;
#62 = CARTESIAN_POINT ( 'NONE',  ( -0.09021097956087958947, -0.1562499999999995837, -0.2041666666666669960 ) ) ;
#63 = FACE_OUTER_BOUND ( 'NONE', #1969, .T. ) ;
#64 = ORIENTED_EDGE ( 'NONE', *, *, #617, .F. ) ;
#65 = CARTESIAN_POINT ( 'NONE',  ( 0.1869705134179341088, 0.2528964419911491901, -0.4690763462775754400 ) ) ;
#66 = DIRECTION ( 'NONE',  ( 0.000000000000000000, 0.000000000000000000, 1.000000000000000000 ) ) ;
#67 = AXIS2_PLACEMENT_3D ( 'NONE', #3084, #2839, #670 ) ;
#68 = DIRECTION ( 'NONE',  ( -0.000000000000000000, -0.000000000000000000, 1.000000000000000000 ) ) ;
#69 = EDGE_CURVE ( 'NONE', #1643, #1403, #1872, .T. ) ;
#70 = CARTESIAN_POINT ( 'NONE',  ( 0.1040664693413184405, 0.06008280408782402937, -0.004166666666667600757 ) ) ;
#71 = CARTESIAN_POINT ( 'NONE',  ( 0.1054873172994043456, -0.08670065763966633421, -0.02997511609384075071 ) ) ;
#72 = CARTESIAN_POINT ( 'NONE',  ( -0.1040664693413183850, -0.06008280408782407794, -0.1861111111111115601 ) ) ;
#73 = CARTESIAN_POINT ( 'NONE',  ( 0.1562499999999999722, 0.000000000000000000, -0.3749999999999999445 ) ) ;
#74 = CARTESIAN_POINT ( 'NONE',  ( 0.05922257279384372797, 0.1332914966533693402, -0.02071235996476410851 ) ) ;
#75 =( BOUNDED_CURVE ( )  B_SPLINE_CURVE ( 2, ( #2600, #437, #703, #2629, #1660, #1429, #1443, #1414, #2366 ),
 .UNSPECIFIED., .F., .F. ) 
 B_SPLINE_CURVE_WITH_KNOTS ( ( 3, 2, 2, 2, 3 ),
 ( 0.06818181818181819065, 0.07575757575757575968, 0.09090909090909091161, 0.1060606060606060635, 0.1136363636363636465 ),
 .UNSPECIFIED. ) 
 CURVE ( )  GEOMETRIC_REPRESENTATION_ITEM ( )  RATIONAL_B_SPLINE_CURVE ( ( 0.9330127018922194093, 0.9330127018922194093, 1.000000000000000000, 0.8660254037844387076, 1.000000000000000000, 0.8660254037844387076, 1.000000000000000000, 0.9330127018922192983, 0.9330127018922194093 ) ) 
 REPRESENTATION_ITEM ( '' )  );
#76 = CARTESIAN_POINT ( 'NONE',  ( 0.1201656081756482530, -0.03219827766865979157, -0.06751068771470448981 ) ) ;
#77 = CARTESIAN_POINT ( 'NONE',  ( -0.1562499999999999722, 1.921490717335670717E-16, -0.1111111111111118405 ) ) ;
#78 = VECTOR ( 'NONE', #2273, 39.37007874015748143 ) ;
#79 = ORIENTED_EDGE ( 'NONE', *, *, #1865, .F. ) ;
#80 = DIRECTION ( 'NONE',  ( -0.000000000000000000, -0.000000000000000000, 1.000000000000000000 ) ) ;
#81 = CARTESIAN_POINT ( 'NONE',  ( 0.1040664693413183711, -0.06008280408782416121, 0.03749999999999898553 ) ) ;
#82 = EDGE_CURVE ( 'NONE', #1220, #575, #855, .T. ) ;
#83 = ORIENTED_EDGE ( 'NONE', *, *, #2227, .T. ) ;
#84 = CARTESIAN_POINT ( 'NONE',  ( -0.05238653914356281721, -0.1189719220010644896, -0.03654405567255462894 ) ) ;
#85 = CARTESIAN_POINT ( 'NONE',  ( -0.1387552924550911615, 8.496311238494113468E-18, -0.3402777777777779011 ) ) ;
#86 = CARTESIAN_POINT ( 'NONE',  ( 0.000000000000000000, 0.1562499999999999722, -0.3250000000000000666 ) ) ;
#87 = COORDINATED_UNIVERSAL_TIME_OFFSET ( 8, 0, .BEHIND. ) ;
#88 = ADVANCED_FACE ( 'NONE', ( #391 ), #2570, .T. ) ;
#89 = DIRECTION ( 'NONE',  ( -0.000000000000000000, -0.000000000000000000, 1.000000000000000000 ) ) ;
#90 = CARTESIAN_POINT ( 'NONE',  ( 0.1562500000000000000, 4.346229003497350438E-16, -0.08611111111111187377 ) ) ;
#91 = DIRECTION ( 'NONE',  ( 0.000000000000000000, 0.000000000000000000, -1.000000000000000000 ) ) ;
#92 = CARTESIAN_POINT ( 'NONE',  ( 0.06937764622754538646, -0.1201656081756483224, -0.1736111111111115768 ) ) ;
#93 = LOCAL_TIME ( 17, 51, 10.00000000000000000, #1839 ) ;
#94 =( BOUNDED_CURVE ( )  B_SPLINE_CURVE ( 2, ( #645, #901, #178, #869, #2605, #2814, #1835, #2591, #3092 ),
 .UNSPECIFIED., .F., .F. ) 
 B_SPLINE_CURVE_WITH_KNOTS ( ( 3, 2, 2, 2, 3 ),
 ( 0.2500000000000000555, 0.2575757575757575690, 0.2727272727272727071, 0.2878787878787879007, 0.2954545454545455252 ),
 .UNSPECIFIED. ) 
 CURVE ( )  GEOMETRIC_REPRESENTATION_ITEM ( )  RATIONAL_B_SPLINE_CURVE ( ( 0.9330127018922194093, 0.9330127018922198534, 1.000000000000000000, 0.8660254037844387076, 1.000000000000000000, 0.8660254037844387076, 1.000000000000000000, 0.9330127018922188542, 0.9330127018922194093 ) ) 
 REPRESENTATION_ITEM ( '' )  );
#95 = B_SPLINE_CURVE_WITH_KNOTS ( 'NONE', 3,
 ( #944, #663, #1143, #3095 ),
 .UNSPECIFIED., .F., .F.,
 ( 4, 4 ),
 ( 2.086285422440016456E-07, 0.002472420618312826633 ),
 .UNSPECIFIED. ) ;
#96 = VERTEX_POINT ( 'NONE', #1226 ) ;
#97 = CARTESIAN_POINT ( 'NONE',  ( 0.09657611293615725456, -0.3050856734425380634, -0.4554960903208858936 ) ) ;
#98 = CARTESIAN_POINT ( 'NONE',  ( -0.09021097956087906211, -0.1562499999999999445, -0.3027777777777780899 ) ) ;
#99 = DIRECTION ( 'NONE',  ( -0.000000000000000000, -0.000000000000000000, 1.000000000000000000 ) ) ;
#100 = DIRECTION ( 'NONE',  ( -0.000000000000000000, -0.000000000000000000, 1.000000000000000000 ) ) ;
#101 = CARTESIAN_POINT ( 'NONE',  ( -0.1040664693413183989, -0.06008280408782408488, 0.1208333333333320853 ) ) ;
#102 = ORIENTED_EDGE ( 'NONE', *, *, #2070, .F. ) ;
#103 = DIRECTION ( 'NONE',  ( 0.000000000000000000, 0.000000000000000000, 1.000000000000000000 ) ) ;
#104 = CARTESIAN_POINT ( 'NONE',  ( 0.1387552924550911615, -2.548893371548234348E-17, -0.1152777777777783813 ) ) ;
#105 = CARTESIAN_POINT ( 'NONE',  ( 0.09021097956087896497, -0.1562500000000000000, -0.2458333333333335424 ) ) ;
#106 = APPROVAL_DATE_TIME ( #378, #1293 ) ;
#107 = PLANE ( 'NONE',  #1604 ) ;
#108 = EDGE_CURVE ( 'NONE', #1903, #180, #1384, .T. ) ;
#109 = LINE ( 'NONE', #587, #507 ) ;
#110 = CARTESIAN_POINT ( 'NONE',  ( 0.1201656081756482253, 1.235244032572931123E-16, -0.1652777777777782731 ) ) ;
#111 = ORIENTED_EDGE ( 'NONE', *, *, #1927, .F. ) ;
#112 = CARTESIAN_POINT ( 'NONE',  ( 0.1562500000000000000, 4.346229003497350438E-16, -0.08611111111111187377 ) ) ;
#113 = CARTESIAN_POINT ( 'NONE',  ( -0.1804219591217580132, 1.104765873671777625E-17, -0.01111111111111205522 ) ) ;
#114 = DIRECTION ( 'NONE',  ( -0.000000000000000000, -0.000000000000000000, 1.000000000000000000 ) ) ;
#115 = B_SPLINE_CURVE_WITH_KNOTS ( 'NONE', 3,
 ( #563, #2180, #1963, #2928, #753, #2451, #290, #1243, #2209, #1981, #142, #2302, #1081, #2788, #2037, #1110, #620, #1816, #2049, #127, #97, #576, #863, #2740, #1574, #1094, #2062, #343, #1326, #2521 ),
 .UNSPECIFIED., .F., .F.,
 ( 4, 2, 2, 2, 2, 2, 2, 2, 2, 2, 2, 2, 2, 2, 4 ),
 ( 2.064919803265452043E-07, 0.001366034148596060498, 0.002048947976903928159, 0.002731861805211795603, 0.003414775633519663046, 0.004097689461827530057, 0.004780603290135397067, 0.005463517118443264077, 0.006146430946751130220, 0.006829344775058998097, 0.007512258603366864240, 0.008195172431674734720, 0.008878086259982603465, 0.009561000088290473944, 0.01092682774490620970 ),
 .UNSPECIFIED. ) ;
#116 = CARTESIAN_POINT ( 'NONE',  ( -0.1040664693413183850, 0.06008280408782412652, 0.06249999999999892447 ) ) ;
#117 = VERTEX_POINT ( 'NONE', #1699 ) ;
#118 = CARTESIAN_POINT ( 'NONE',  ( -0.06937764622754562238, -0.1201656081756481559, -0.3319444444444445974 ) ) ;
#119 = CARTESIAN_POINT ( 'NONE',  ( 0.1353164693413185793, 0.07812499999999986122, -0.1333333333333338033 ) ) ;
#120 = CALENDAR_DATE ( 2026, 22, 8 ) ;
#121 = CARTESIAN_POINT ( 'NONE',  ( -0.1201656081756481836, -0.03219827766865924340, -0.1311004233964079280 ) ) ;
#122 = CARTESIAN_POINT ( 'NONE',  ( 0.000000000000000000, 0.000000000000000000, -0.3749999999999999445 ) ) ;
#123 = CARTESIAN_POINT ( 'NONE',  ( -0.1302061649895825679, 0.000000000000000000, -0.2807269407382074755 ) ) ;
#124 = CARTESIAN_POINT ( 'NONE',  ( 0.1201656081756481698, 0.03219827766865954177, -0.2630448678408520147 ) ) ;
#125 = ADVANCED_FACE ( 'NONE', ( #2948 ), #2899, .T. ) ;
#126 = ORIENTED_EDGE ( 'NONE', *, *, #301, .F. ) ;
#127 = CARTESIAN_POINT ( 'NONE',  ( 0.1034909617231385554, -0.3010933836339687586, -0.4596450218571521140 ) ) ;
#128 = CARTESIAN_POINT ( 'NONE',  ( -0.1353164693413185238, 0.07812500000000000000, 0.08472222222222104693 ) ) ;
#129 = DIRECTION ( 'NONE',  ( 0.000000000000000000, 0.000000000000000000, 1.000000000000000000 ) ) ;
#130 = AXIS2_PLACEMENT_3D ( 'NONE', #668, #3065, #1879 ) ;
#131 = EDGE_CURVE ( 'NONE', #575, #1903, #268, .T. ) ;
#132 = CARTESIAN_POINT ( 'NONE',  ( 0.000000000000000000, 0.1201656081756482253, 0.004166666666665689092 ) ) ;
#133 = ORIENTED_EDGE ( 'NONE', *, *, #2325, .T. ) ;
#134 = DIRECTION ( 'NONE',  ( 1.000000000000000000, 0.000000000000000000, 0.000000000000000000 ) ) ;
#135 = CARTESIAN_POINT ( 'NONE',  ( 0.06937764622754553911, -0.1201656081756482392, -0.2236111111111114824 ) ) ;
#136 = CARTESIAN_POINT ( 'NONE',  ( 0.09021097956087896497, -0.1562500000000000000, -0.1958333333333336645 ) ) ;
#137 = DIRECTION ( 'NONE',  ( 1.000000000000000000, 0.000000000000000000, 0.000000000000000000 ) ) ;
#138 = DIRECTION ( 'NONE',  ( 1.000000000000000000, 0.000000000000000000, 0.000000000000000000 ) ) ;
#139 = CARTESIAN_POINT ( 'NONE',  ( 0.09021097956087870129, -0.1562500000000001388, -0.1444444444444451248 ) ) ;
#140 = CARTESIAN_POINT ( 'NONE',  ( 0.1040664693413185654, 0.06008280408782378651, -0.2611111111111114047 ) ) ;
#141 = ORIENTED_EDGE ( 'NONE', *, *, #543, .T. ) ;
#142 = CARTESIAN_POINT ( 'NONE',  ( 0.2091858280492623900, -0.2400704241086198121, -0.4595408849013475350 ) ) ;
#143 = CARTESIAN_POINT ( 'NONE',  ( -1.913510623667738847E-17, -0.1562499999999999722, -0.09861111111111187100 ) ) ;
#144 = CARTESIAN_POINT ( 'NONE',  ( -0.1562499999999999722, -1.829991159367305175E-16, -0.1625000000000003386 ) ) ;
#145 = EDGE_CURVE ( 'NONE', #725, #3109, #2652, .T. ) ;
#146 = CARTESIAN_POINT ( 'NONE',  ( 0.3125000000000000000, 0.1542629026329531694, -0.3437500000000023315 ) ) ;
#147 = ORIENTED_EDGE ( 'NONE', *, *, #1386, .F. ) ;
#148 = EDGE_CURVE ( 'NONE', #625, #1364, #2470, .T. ) ;
#149 = CARTESIAN_POINT ( 'NONE',  ( -0.1201656081756482114, 0.03219827766865973606, -0.3425106877147038875 ) ) ;
#150 = CARTESIAN_POINT ( 'NONE',  ( 0.1562499999999999445, -0.04186706131736315367, -0.2383440210480376187 ) ) ;
#151 = VERTEX_POINT ( 'NONE', #978 ) ;
#152 = CARTESIAN_POINT ( 'NONE',  ( 0.000000000000000000, 0.000000000000000000, -0.3749999999999999445 ) ) ;
#153 = CARTESIAN_POINT ( 'NONE',  ( -1.471604274199025886E-17, -0.1201656081756482114, -0.02777777777777856727 ) ) ;
#154 = CARTESIAN_POINT ( 'NONE',  ( 0.09021097956087910374, 0.1562499999999999167, -0.3291666666666667185 ) ) ;
#155 = PERSON_AND_ORGANIZATION ( #2078, #1301 ) ;
#156 = CARTESIAN_POINT ( 'NONE',  ( 3.061616997868382155E-16, 0.1562499999999999722, -0.02361111111111205765 ) ) ;
#157 = CARTESIAN_POINT ( 'NONE',  ( -0.1201656081756482253, 1.097994695620383179E-16, -0.2902777777777780233 ) ) ;
#158 = CARTESIAN_POINT ( 'NONE',  ( -0.1562500000000000278, 0.04186706131736336184, -0.1147329099369265443 ) ) ;
#159 = ORIENTED_EDGE ( 'NONE', *, *, #2465, .F. ) ;
#160 = CARTESIAN_POINT ( 'NONE',  ( 0.1562499999999999722, 1.646992043430574584E-16, -0.1861111111111116989 ) ) ;
#161 = CARTESIAN_POINT ( 'NONE',  ( -0.09021097956087906211, -0.1562499999999999445, -0.05277777777777863805 ) ) ;
#162 = CARTESIAN_POINT ( 'NONE',  ( 0.000000000000000000, 0.000000000000000000, -0.02083333333333333218 ) ) ;
#163 = CIRCLE ( 'NONE', #2991, 0.01041666666666649955 ) ;
#164 = CARTESIAN_POINT ( 'NONE',  ( 0.09021097956087885394, -0.1562500000000000278, -0.2958333333333334481 ) ) ;
#165 = EDGE_CURVE ( 'NONE', #2816, #1797, #2680, .T. ) ;
#166 = ORIENTED_EDGE ( 'NONE', *, *, #579, .T. ) ;
#167 = CARTESIAN_POINT ( 'NONE',  ( -0.06937764622754556687, 0.1201656081756481975, 0.001388888888888016376 ) ) ;
#168 = EDGE_LOOP ( 'NONE', ( #1788, #646 ) ) ;
#169 = CARTESIAN_POINT ( 'NONE',  ( -0.1804219591217580132, 1.104765873671777625E-17, 0.03749999999999919370 ) ) ;
#170 = CARTESIAN_POINT ( 'NONE',  ( 0.02712604879104968045, 0.3451826866719524545, -0.3611105739451118124 ) ) ;
#171 = PLANE ( 'NONE',  #1742 ) ;
#172 = CARTESIAN_POINT ( 'NONE',  ( -0.1040664693413185932, -0.06008280408782377957, -0.2291666666666671570 ) ) ;
#173 = CARTESIAN_POINT ( 'NONE',  ( 0.1353164693413180242, -0.07812500000000086042, -0.04166666666666733743 ) ) ;
#174 = VERTEX_POINT ( 'NONE', #1996 ) ;
#175 = CARTESIAN_POINT ( 'NONE',  ( 0.09021097956087896497, -0.1562500000000000000, -0.04444444444444535514 ) ) ;
#176 = ORIENTED_EDGE ( 'NONE', *, *, #1512, .F. ) ;
#177 =( BOUNDED_CURVE ( )  B_SPLINE_CURVE ( 2, ( #2002, #283, #2969, #1000, #1457, #1201, #2173, #14, #492 ),
 .UNSPECIFIED., .F., .T. ) 
 B_SPLINE_CURVE_WITH_KNOTS ( ( 3, 2, 2, 2, 3 ),
 ( 0.02272727272727272790, 0.03030303030303030387, 0.04545454545454545581, 0.06060606060606060774, 0.06818181818181820453 ),
 .UNSPECIFIED. ) 
 CURVE ( )  GEOMETRIC_REPRESENTATION_ITEM ( )  RATIONAL_B_SPLINE_CURVE ( ( 0.9330127018922194093, 0.9330127018922194093, 1.000000000000000000, 0.8660254037844387076, 1.000000000000000000, 0.8660254037844387076, 1.000000000000000000, 0.9330127018922192983, 0.9330127018922194093 ) ) 
 REPRESENTATION_ITEM ( '' )  );
#178 = CARTESIAN_POINT ( 'NONE',  ( 0.1040664693413185654, 0.06008280408782378651, -0.2541666666666670960 ) ) ;
#179 = AXIS2_PLACEMENT_3D ( 'NONE', #793, #2720, #2488 ) ;
#180 = VERTEX_POINT ( 'NONE', #727 ) ;
#181 = CARTESIAN_POINT ( 'NONE',  ( -0.06937764622754562238, -0.1201656081756481559, -0.03194444444444521219 ) ) ;
#182 = VERTEX_POINT ( 'NONE', #1468 ) ;
#183 = CARTESIAN_POINT ( 'NONE',  ( 0.09021097956087910374, 0.1562499999999999167, 0.02083333333333254114 ) ) ;
#184 = EDGE_CURVE ( 'NONE', #414, #2908, #474, .T. ) ;
#185 = VERTEX_POINT ( 'NONE', #2637 ) ;
#186 = CARTESIAN_POINT ( 'NONE',  ( -0.06008280408782137871, -0.1040664693413199671, -0.3749999999999999445 ) ) ;
#187 = DIRECTION ( 'NONE',  ( -0.000000000000000000, -0.000000000000000000, 1.000000000000000000 ) ) ;
#188 = DIRECTION ( 'NONE',  ( 1.000000000000000000, 0.000000000000000000, 0.000000000000000000 ) ) ;
#189 = ADVANCED_FACE ( 'NONE', ( #1452 ), #2182, .F. ) ;
#190 = EDGE_LOOP ( 'NONE', ( #964, #1889, #289, #2190, #41, #1444, #1618, #1018 ) ) ;
#191 = CARTESIAN_POINT ( 'NONE',  ( -0.2668924209391860258, 0.2067535071696061655, -0.4006115221084581846 ) ) ;
#192 = CARTESIAN_POINT ( 'NONE',  ( 0.000000000000000000, 0.1562499999999999722, -0.3749999999999999445 ) ) ;
#193 = CARTESIAN_POINT ( 'NONE',  ( -0.09021097956087961722, -0.1562499999999995837, -0.1541666666666670904 ) ) ;
#194 = CARTESIAN_POINT ( 'NONE',  ( 0.1353164693413187736, 0.07812499999999954203, -0.1833333333333337090 ) ) ;
#195 = VECTOR ( 'NONE', #1637, 39.37007874015748143 ) ;
#196 = VERTEX_POINT ( 'NONE', #1420 ) ;
#197 =( BOUNDED_CURVE ( )  B_SPLINE_CURVE ( 2, ( #1246, #505, #306, #2436, #2214, #2933, #1227 ),
 .UNSPECIFIED., .F., .F. ) 
 B_SPLINE_CURVE_WITH_KNOTS ( ( 3, 2, 2, 3 ),
 ( 0.6136363636363637575, 0.6212121212121212155, 0.6363636363636363535, 0.6483290076869070440 ),
 .UNSPECIFIED. ) 
 CURVE ( )  GEOMETRIC_REPRESENTATION_ITEM ( )  RATIONAL_B_SPLINE_CURVE ( ( 0.9330127018922192983, 0.9330127018922202975, 1.000000000000000000, 0.8660254037844387076, 1.000000000000000000, 0.8941983177541064087, 0.9555028822484563644 ) ) 
 REPRESENTATION_ITEM ( '' )  );
#198 = CARTESIAN_POINT ( 'NONE',  ( 0.06937764622754565014, 0.1201656081756481559, -0.1069444444444450637 ) ) ;
#199 = ORIENTED_EDGE ( 'NONE', *, *, #2405, .T. ) ;
#200 = CARTESIAN_POINT ( 'NONE',  ( 0.09021097956087910374, 0.1562499999999999167, -0.07916666666666724583 ) ) ;
#201 = CARTESIAN_POINT ( 'NONE',  ( 0.09348457821818745295, 0.1165840385799358364, -0.3750000000000001110 ) ) ;
#202 = CARTESIAN_POINT ( 'NONE',  ( 0.09021097956087870129, -0.1562500000000001388, -0.09583333333333388104 ) ) ;
#203 = CARTESIAN_POINT ( 'NONE',  ( -0.1557817011780609495, -0.006951764647999462282, -0.01046829882193896916 ) ) ;
#204 = LINE ( 'NONE', #1152, #1778 ) ;
#205 = ADVANCED_FACE ( 'NONE', ( #1439 ), #475, .T. ) ;
#206 = ORIENTED_EDGE ( 'NONE', *, *, #322, .F. ) ;
#207 = LINE ( 'NONE', #2567, #2848 ) ;
#208 = CYLINDRICAL_SURFACE ( 'NONE', #1313, 0.1562499999999999722 ) ;
#209 = VERTEX_POINT ( 'NONE', #1163 ) ;
#210 = CARTESIAN_POINT ( 'NONE',  ( -0.1562499999999999722, -1.829991159367305175E-16, -0.1625000000000003386 ) ) ;
#211 = CARTESIAN_POINT ( 'NONE',  ( -0.1353164693413187736, -0.07812499999999955591, -0.2569444444444449194 ) ) ;
#212 = CIRCLE ( 'NONE', #1979, 0.3485014965946978127 ) ;
#213 = VERTEX_POINT ( 'NONE', #728 ) ;
#214 = CARTESIAN_POINT ( 'NONE',  ( -0.06937764622754562238, -0.1201656081756481559, 0.06805555555555453662 ) ) ;
#215 = EDGE_LOOP ( 'NONE', ( #429, #1422, #2962, #595 ) ) ;
#216 = CARTESIAN_POINT ( 'NONE',  ( 0.1353164693413184683, -0.07812500000000005551, -0.04166666666666733743 ) ) ;
#217 = ORIENTED_EDGE ( 'NONE', *, *, #1241, .T. ) ;
#218 = CARTESIAN_POINT ( 'NONE',  ( 0.1562500000000000000, 3.888731213655524206E-16, -0.03611111111111197508 ) ) ;
#219 = DIRECTION ( 'NONE',  ( 1.000000000000000000, 0.000000000000000000, 0.000000000000000000 ) ) ;
#220 = DIRECTION ( 'NONE',  ( 1.000000000000000000, -0.000000000000000000, 0.000000000000000000 ) ) ;
#221 = DIRECTION ( 'NONE',  ( 0.000000000000000000, 0.000000000000000000, 1.000000000000000000 ) ) ;
#222 = CARTESIAN_POINT ( 'NONE',  ( 0.007155027074707049142, 0.3567129614358747203, -0.2813777321611324322 ) ) ;
#223 = ORIENTED_EDGE ( 'NONE', *, *, #145, .T. ) ;
#224 = CARTESIAN_POINT ( 'NONE',  ( -0.1562499999999999722, 7.777462427311046439E-17, -0.3611111111111113270 ) ) ;
#225 = EDGE_CURVE ( 'NONE', #370, #725, #2356, .T. ) ;
#226 = ORIENTED_EDGE ( 'NONE', *, *, #2808, .F. ) ;
#227 = CARTESIAN_POINT ( 'NONE',  ( -0.06004295994031108585, -0.3261780991590353951, -0.4218135616758558748 ) ) ;
#228 = EDGE_CURVE ( 'NONE', #737, #938, #95, .T. ) ;
#229 = DIRECTION ( 'NONE',  ( -0.000000000000000000, -0.000000000000000000, -1.000000000000000000 ) ) ;
#230 = DIRECTION ( 'NONE',  ( 0.4999999999999995559, 0.8660254037844389297, 0.000000000000000000 ) ) ;
#231 = CARTESIAN_POINT ( 'NONE',  ( 0.1804219591217580132, -3.314297621015333647E-17, -0.2861111111111115379 ) ) ;
#232 = AXIS2_PLACEMENT_3D ( 'NONE', #276, #1519, #2665 ) ;
#233 = EDGE_LOOP ( 'NONE', ( #1933, #904, #2617, #2393, #431, #2023, #1866, #356, #1840, #2801 ) ) ;
#234 = CARTESIAN_POINT ( 'NONE',  ( 0.09021097956087896497, -0.1562500000000000000, 0.1541666666666655916 ) ) ;
#235 = AXIS2_PLACEMENT_3D ( 'NONE', #1077, #2299, #138 ) ;
#236 = LINE ( 'NONE', #447, #2531 ) ;
#237 = CARTESIAN_POINT ( 'NONE',  ( -0.1040664693413183711, 0.06008280408782411958, -0.3944444444444444864 ) ) ;
#238 = CARTESIAN_POINT ( 'NONE',  ( -0.1201656081756481836, -0.03219827766865920871, -0.08110042339640809173 ) ) ;
#239 = CARTESIAN_POINT ( 'NONE',  ( -0.1353164693413183017, 0.07812500000000034694, -0.06666666666666727636 ) ) ;
#240 = EDGE_LOOP ( 'NONE', ( #1242, #1036, #2845, #79 ) ) ;
#241 = DIRECTION ( 'NONE',  ( 1.000000000000000000, 0.000000000000000000, 0.000000000000000000 ) ) ;
#242 = CARTESIAN_POINT ( 'NONE',  ( -0.09021097956087888170, 0.1562500000000000278, -0.3694444444444446307 ) ) ;
#243 = ORIENTED_EDGE ( 'NONE', *, *, #1241, .F. ) ;
#244 = ADVANCED_FACE ( 'NONE', ( #3126 ), #1919, .T. ) ;
#245 = CARTESIAN_POINT ( 'NONE',  ( -0.2524069006087471534, -0.2151167262317368045, -0.4218794135836366754 ) ) ;
#246 = CARTESIAN_POINT ( 'NONE',  ( -0.1170457285714177065, 0.08243683985915924162, -0.3750000000000003886 ) ) ;
#247 = EDGE_CURVE ( 'NONE', #256, #1797, #197, .T. ) ;
#248 = CARTESIAN_POINT ( 'NONE',  ( 0.09021097956087910374, 0.1562499999999999167, -0.2277777777777782731 ) ) ;
#249 = CARTESIAN_POINT ( 'NONE',  ( 0.06937764622754565014, 0.1201656081756481836, -0.2500000000000004441 ) ) ;
#250 = AXIS2_PLACEMENT_3D ( 'NONE', #1514, #2906, #2460 ) ;
#251 = DIRECTION ( 'NONE',  ( -0.000000000000000000, -0.000000000000000000, 1.000000000000000000 ) ) ;
#252 = CARTESIAN_POINT ( 'NONE',  ( -0.3125000000000000555, 0.1224832384981246747, -0.4080310396201473622 ) ) ;
#253 = CARTESIAN_POINT ( 'NONE',  ( 0.3125000000000000000, 0.03581977556264731577, -0.4689877651556643712 ) ) ;
#254 = DIRECTION ( 'NONE',  ( -0.000000000000000000, -0.000000000000000000, 1.000000000000000000 ) ) ;
#255 = ORIENTED_EDGE ( 'NONE', *, *, #2004, .F. ) ;
#256 = VERTEX_POINT ( 'NONE', #994 ) ;
#257 = CARTESIAN_POINT ( 'NONE',  ( -0.02265440745833687333, 0.3477643899991139653, -0.3437500000000000000 ) ) ;
#258 = CARTESIAN_POINT ( 'NONE',  ( -0.04148189244361535910, 0.1202361639544219374, -0.03937697833312955170 ) ) ;
#259 = ORIENTED_EDGE ( 'NONE', *, *, #320, .T. ) ;
#260 = CARTESIAN_POINT ( 'NONE',  ( 0.09021097956087910374, 0.1562499999999999167, -0.3291666666666667185 ) ) ;
#261 = DIRECTION ( 'NONE',  ( 0.000000000000000000, 0.000000000000000000, -1.000000000000000000 ) ) ;
#262 = CARTESIAN_POINT ( 'NONE',  ( -0.1163381451341269635, -0.05492734486749411421, -0.3750000000000001665 ) ) ;
#263 = CARTESIAN_POINT ( 'NONE',  ( 0.000000000000000000, 0.1562499999999999722, -0.2736111111111115268 ) ) ;
#264 = CIRCLE ( 'NONE', #2478, 0.3485014965946978127 ) ;
#265 = CARTESIAN_POINT ( 'NONE',  ( 0.1387552924550911893, -2.548893371548234657E-17, -0.2583333333333337478 ) ) ;
#266 = EDGE_CURVE ( 'NONE', #2787, #1134, #566, .T. ) ;
#267 = CONICAL_SURFACE ( 'NONE', #1265, 68.19097667594039081, 1.047197551196599852 ) ;
#268 = CIRCLE ( 'NONE', #660, 0.1562499999999999722 ) ;
#269 = CARTESIAN_POINT ( 'NONE',  ( 0.2898455925416632550, -0.1935014873661603241, -0.3437500000000000555 ) ) ;
#270 = CARTESIAN_POINT ( 'NONE',  ( 0.007155027074707513181, -0.3567129614358747203, -0.2813777321611324322 ) ) ;
#271 = CARTESIAN_POINT ( 'NONE',  ( 0.1201656081756482253, 4.574977898418263246E-18, -0.3583333333333335036 ) ) ;
#272 = EDGE_LOOP ( 'NONE', ( #1223, #1391, #1496, #606 ) ) ;
#273 = FACE_OUTER_BOUND ( 'NONE', #2716, .T. ) ;
#274 = CARTESIAN_POINT ( 'NONE',  ( -1.398496342903347996E-16, 0.3608439182435160264, -0.02083333333333335993 ) ) ;
#275 = VERTEX_POINT ( 'NONE', #1393 ) ;
#276 = CARTESIAN_POINT ( 'NONE',  ( 0.000000000000000000, 0.000000000000000000, -0.3749999999999999445 ) ) ;
#277 = CARTESIAN_POINT ( 'NONE',  ( -0.05016270868101661146, -0.3318824648832500723, -0.4080075951202517537 ) ) ;
#278 = CARTESIAN_POINT ( 'NONE',  ( 2.260961667158486591E-16, -0.3608439182435160264, -0.02083333333333335993 ) ) ;
#279 = CARTESIAN_POINT ( 'NONE',  ( 0.1040664693413184405, 0.06008280408782402937, -0.3541666666666668517 ) ) ;
#280 = ORIENTED_EDGE ( 'NONE', *, *, #2616, .T. ) ;
#281 = CARTESIAN_POINT ( 'NONE',  ( 0.3124999999999999445, -0.04421266571881991153, -0.4664397698276294690 ) ) ;
#282 = ADVANCED_FACE ( 'NONE', ( #3030, #2753 ), #1570, .T. ) ;
#283 = CARTESIAN_POINT ( 'NONE',  ( -0.1562499999999999722, -0.04186706131736288999, -0.3602670900630740580 ) ) ;
#284 = CARTESIAN_POINT ( 'NONE',  ( 0.1201656081756482392, 3.591357650258336933E-16, -0.1152777777777783397 ) ) ;
#285 = DIRECTION ( 'NONE',  ( 0.000000000000000000, 0.000000000000000000, 1.000000000000000000 ) ) ;
#286 = ADVANCED_FACE ( 'NONE', ( #2516 ), #3014, .F. ) ;
#287 = CARTESIAN_POINT ( 'NONE',  ( -0.1562500000000000000, -2.195989391240766358E-16, -0.2125000000000002165 ) ) ;
#288 = CARTESIAN_POINT ( 'NONE',  ( -0.09889321152923781499, 0.06975020866421378918, -0.04546495850763389301 ) ) ;
#289 = ORIENTED_EDGE ( 'NONE', *, *, #454, .T. ) ;
#290 = CARTESIAN_POINT ( 'NONE',  ( 0.2471059058851775014, -0.2181772569623625369, -0.4282770820055110117 ) ) ;
#291 = CARTESIAN_POINT ( 'NONE',  ( -0.2159238870638426899, -0.2361802039227360317, -0.4554960903208861711 ) ) ;
#292 = CARTESIAN_POINT ( 'NONE',  ( -0.1330551539296615793, 0.04015324281378825771, -0.3749999999999976130 ) ) ;
#293 = ORIENTED_EDGE ( 'NONE', *, *, #2556, .F. ) ;
#294 = CARTESIAN_POINT ( 'NONE',  ( -1.471604274199026194E-17, -0.1201656081756482253, -0.3208333333333336368 ) ) ;
#295 = CARTESIAN_POINT ( 'NONE',  ( 0.3125000000000000555, -0.08410569466082554180, -0.4458837307310971609 ) ) ;
#296 = CARTESIAN_POINT ( 'NONE',  ( 0.1353164693413179964, -0.07812500000000088818, -0.04027777777777870327 ) ) ;
#297 = LOCAL_TIME ( 17, 51, 10.00000000000000000, #350 ) ;
#298 =( BOUNDED_CURVE ( )  B_SPLINE_CURVE ( 2, ( #1846, #1572, #1795, #1078, #2270, #139, #2806, #1323, #1616 ),
 .UNSPECIFIED., .F., .T. ) 
 B_SPLINE_CURVE_WITH_KNOTS ( ( 3, 2, 2, 2, 3 ),
 ( 0.4772727272727273484, 0.4848484848484848619, 0.5000000000000000000, 0.5151515151515151381, 0.5227272727272728181 ),
 .UNSPECIFIED. ) 
 CURVE ( )  GEOMETRIC_REPRESENTATION_ITEM ( )  RATIONAL_B_SPLINE_CURVE ( ( 0.9330127018922194093, 0.9330127018922198534, 1.000000000000000000, 0.8660254037844387076, 1.000000000000000000, 0.8660254037844387076, 1.000000000000000000, 0.9330127018922182991, 0.9330127018922192983 ) ) 
 REPRESENTATION_ITEM ( '' )  );
#299 = CYLINDRICAL_SURFACE ( 'NONE', #2449, 0.1201656081756482253 ) ;
#300 = FACE_OUTER_BOUND ( 'NONE', #881, .T. ) ;
#301 = EDGE_CURVE ( 'NONE', #256, #2542, #1687, .T. ) ;
#302 = ORIENTED_EDGE ( 'NONE', *, *, #2648, .T. ) ;
#303 = FACE_OUTER_BOUND ( 'NONE', #49, .T. ) ;
#304 = CARTESIAN_POINT ( 'NONE',  ( 0.1201656081756481420, -0.03219827766865977076, -0.3175106877147040318 ) ) ;
#305 = CARTESIAN_POINT ( 'NONE',  ( 0.1201656081756482253, 0.000000000000000000, -0.3749999999999999445 ) ) ;
#306 = CARTESIAN_POINT ( 'NONE',  ( 0.1040664693413188568, 0.06008280408782331466, -0.06111111111111186545 ) ) ;
#307 = CARTESIAN_POINT ( 'NONE',  ( 0.06937764622754565014, 0.1201656081756481836, -0.2000000000000005385 ) ) ;
#308 = AXIS2_PLACEMENT_3D ( 'NONE', #887, #229, #1177 ) ;
#309 = AXIS2_PLACEMENT_3D ( 'NONE', #1635, #926, #1156 ) ;
#310 = CARTESIAN_POINT ( 'NONE',  ( 0.08653828728223483813, -0.1043674495822447118, -0.03094733949405186271 ) ) ;
#311 = CARTESIAN_POINT ( 'NONE',  ( 0.06937764622754553911, -0.1201656081756482392, -0.2736111111111114158 ) ) ;
#312 = LINE ( 'NONE', #1955, #2072 ) ;
#313 = CARTESIAN_POINT ( 'NONE',  ( 0.1562500000000000278, -0.04186706131736309122, -0.08834402104803791567 ) ) ;
#314 = CARTESIAN_POINT ( 'NONE',  ( 0.06937764622754531707, -0.1201656081756483641, -0.07361111111111179328 ) ) ;
#315 = DIRECTION ( 'NONE',  ( 1.000000000000000000, 0.000000000000000000, 0.000000000000000000 ) ) ;
#316 = CARTESIAN_POINT ( 'NONE',  ( 0.000000000000000000, 0.000000000000000000, -0.2500000000000000000 ) ) ;
#317 =( BOUNDED_SURFACE ( )  B_SPLINE_SURFACE ( 1, 2, ( 
 ( #1745, #540, #237, #3132, #949, #1924, #3011, #1790, #2529, #2472, #596, #837, #325, #1565, #1760, #85, #1071, #118, #2028, #1582, #2982, #2055, #363, #2750, #3000, #1055, #1026, #2264, #1806, #613, #2498, #311, #582, #1037, #2763, #1331, #2779, #2510, #348, #1315, #554, #2016, #2042, #135, #2717, #788, #2248, #2280, #2294, #1087, #1268, #2231, #72, #3027, #853, #2001, #1775, #569, #2968, #2486, #1536, #1823, #1283, #803, #2733, #1550, #820, #337, #1299, #104, #1596, #198, #1653, #2544, #2847, #2122, #2560, #664, #871, #2326, #1144, #2357, #1131, #679, #2090, #1164, #2608, #1873, #2106, #181, #153, #1388, #917, #2866, #1625, #376, #903, #167, #1888, #443, #1904, #2833, #1642, #2594, #2797, #1118, #3096, #2375, #1837, #3044, #1369, #430, #1421, #214, #1350, #2309, #1101, #2137, #3111, #2073, #889, #2817, #629, #1612, #393, #1406, #3062, #931, #1855, #647, #3077, #2578, #413 ),
 ( #2339, #1937, #7, #1489, #476, #506, #3127, #332, #2638, #2184, #2884, #2900, #960, #945, #2670, #42, #1951, #1454, #26, #1970, #2438, #729, #1471, #2423, #2199, #713, #1213, #1290, #742, #98, #1921, #1440, #2408, #231, #2935, #2394, #263, #1715, #1229, #1197, #2156, #1180, #2623, #980, #1685, #2916, #1046, #248, #460, #757, #996, #1729, #2685, #2168, #1701, #522, #1507, #2455, #2656, #695, #489, #2257, #1668, #3053, #2995, #1111, #385, #829, #2063, #2274, #591, #1608, #622, #2537, #2083, #358, #2568, #884, #143, #372, #1591, #1559, #2773, #2317, #1127, #3020, #814, #2303, #1575, #161, #1850, #175, #1095, #3037, #865, #1067, #2522, #2554, #640, #113, #1309, #2757, #1832, #2811, #1360, #1785, #2741, #577, #1620, #402, #2505, #2290, #1082, #344, #3007, #2038, #2789, #1799, #1381, #2334, #1327, #1343, #128, #2050, #846, #1817, #608, #2878, #940, #2149, #1189, #912, #2131 ) ),
 .UNSPECIFIED., .F., .F., .T. ) 
 B_SPLINE_SURFACE_WITH_KNOTS ( ( 2, 2 ),
 ( 3, 2, 2, 2, 2, 2, 2, 2, 2, 2, 2, 2, 2, 2, 2, 2, 2, 2, 2, 2, 2, 2, 2, 2, 2, 2, 2, 2, 2, 2, 2, 2, 2, 2, 2, 2, 2, 2, 2, 2, 2, 2, 2, 2, 2, 2, 2, 2, 2, 2, 2, 2, 2, 2, 2, 2, 2, 2, 2, 2, 2, 2, 2, 2, 2, 2, 3 ),
 ( 0.000000000000000000, 1.000000000000000000 ),
 ( 0.000000000000000000, 0.01515151515151515194, 0.03030303030303030387, 0.04545454545454545581, 0.06060606060606060774, 0.07575757575757575968, 0.09090909090909091161, 0.1060606060606060635, 0.1212121212121212155, 0.1363636363636363535, 0.1515151515151515194, 0.1666666666666666574, 0.1818181818181818232, 0.1969696969696969613, 0.2121212121212121271, 0.2272727272727272652, 0.2424242424242424310, 0.2575757575757575690, 0.2727272727272727071, 0.2878787878787879007, 0.3030303030303030387, 0.3181818181818181768, 0.3333333333333333148, 0.3484848484848485084, 0.3636363636363636465, 0.3787878787878787845, 0.3939393939393939226, 0.4090909090909091161, 0.4242424242424242542, 0.4393939393939393923, 0.4545454545454545303, 0.4696969696969697239, 0.4848484848484848619, 0.5000000000000000000, 0.5151515151515151381, 0.5303030303030302761, 0.5454545454545454142, 0.5606060606060605522, 0.5757575757575758013, 0.5909090909090909394, 0.6060606060606060774, 0.6212121212121212155, 0.6363636363636363535, 0.6515151515151514916, 0.6666666666666666297, 0.6818181818181817677, 0.6969696969696970168, 0.7121212121212121549, 0.7272727272727272929, 0.7424242424242424310, 0.7575757575757575690, 0.7727272727272727071, 0.7878787878787878451, 0.8030303030303029832, 0.8181818181818182323, 0.8333333333333333703, 0.8484848484848485084, 0.8636363636363636465, 0.8787878787878787845, 0.8939393939393939226, 0.9090909090909090606, 0.9242424242424241987, 0.9393939393939394478, 0.9545454545454545858, 0.9696969696969697239, 0.9848484848484848619, 1.000000000000000000 ),
 .UNSPECIFIED. ) 
 GEOMETRIC_REPRESENTATION_ITEM ( )  RATIONAL_B_SPLINE_SURFACE ( (
 ( 1.000000000000000000, 0.8660254037844387076, 1.000000000000000000, 0.8660254037844387076, 1.000000000000000000, 0.8660254037844387076, 1.000000000000000000, 0.8660254037844387076, 1.000000000000000000, 0.8660254037844387076, 1.000000000000000000, 0.8660254037844387076, 1.000000000000000000, 0.8660254037844387076, 1.000000000000000000, 0.8660254037844387076, 1.000000000000000000, 0.8660254037844387076, 1.000000000000000000, 0.8660254037844387076, 1.000000000000000000, 0.8660254037844387076, 1.000000000000000000, 0.8660254037844387076, 1.000000000000000000, 0.8660254037844387076, 1.000000000000000000, 0.8660254037844387076, 1.000000000000000000, 0.8660254037844387076, 1.000000000000000000, 0.8660254037844387076, 1.000000000000000000, 0.8660254037844387076, 1.000000000000000000, 0.8660254037844387076, 1.000000000000000000, 0.8660254037844387076, 1.000000000000000000, 0.8660254037844387076, 1.000000000000000000, 0.8660254037844387076, 1.000000000000000000, 0.8660254037844387076, 1.000000000000000000, 0.8660254037844387076, 1.000000000000000000, 0.8660254037844387076, 1.000000000000000000, 0.8660254037844387076, 1.000000000000000000, 0.8660254037844387076, 1.000000000000000000, 0.8660254037844387076, 1.000000000000000000, 0.8660254037844387076, 1.000000000000000000, 0.8660254037844387076, 1.000000000000000000, 0.8660254037844387076, 1.000000000000000000, 0.8660254037844387076, 1.000000000000000000, 0.8660254037844387076, 1.000000000000000000, 0.8660254037844387076, 1.000000000000000000, 0.8660254037844387076, 1.000000000000000000, 0.8660254037844387076, 1.000000000000000000, 0.8660254037844387076, 1.000000000000000000, 0.8660254037844387076, 1.000000000000000000, 0.8660254037844387076, 1.000000000000000000, 0.8660254037844387076, 1.000000000000000000, 0.8660254037844387076, 1.000000000000000000, 0.8660254037844387076, 1.000000000000000000, 0.8660254037844387076, 1.000000000000000000, 0.8660254037844387076, 1.000000000000000000, 0.8660254037844387076, 1.000000000000000000, 0.8660254037844387076, 1.000000000000000000, 0.8660254037844387076, 1.000000000000000000, 0.8660254037844387076, 1.000000000000000000, 0.8660254037844387076, 1.000000000000000000, 0.8660254037844387076, 1.000000000000000000, 0.8660254037844387076, 1.000000000000000000, 0.8660254037844387076, 1.000000000000000000, 0.8660254037844387076, 1.000000000000000000, 0.8660254037844387076, 1.000000000000000000, 0.8660254037844387076, 1.000000000000000000, 0.8660254037844387076, 1.000000000000000000, 0.8660254037844387076, 1.000000000000000000, 0.8660254037844387076, 1.000000000000000000, 0.8660254037844387076, 1.000000000000000000, 0.8660254037844387076, 1.000000000000000000, 0.8660254037844387076, 1.000000000000000000, 0.8660254037844387076, 1.000000000000000000, 0.8660254037844387076, 1.000000000000000000, 0.8660254037844387076, 1.000000000000000000, 0.8660254037844387076, 1.000000000000000000, 0.8660254037844387076, 1.000000000000000000, 0.8660254037844387076, 1.000000000000000000),
 ( 1.000000000000000000, 0.8660254037844387076, 1.000000000000000000, 0.8660254037844387076, 1.000000000000000000, 0.8660254037844387076, 1.000000000000000000, 0.8660254037844387076, 1.000000000000000000, 0.8660254037844387076, 1.000000000000000000, 0.8660254037844387076, 1.000000000000000000, 0.8660254037844387076, 1.000000000000000000, 0.8660254037844387076, 1.000000000000000000, 0.8660254037844387076, 1.000000000000000000, 0.8660254037844387076, 1.000000000000000000, 0.8660254037844387076, 1.000000000000000000, 0.8660254037844387076, 1.000000000000000000, 0.8660254037844387076, 1.000000000000000000, 0.8660254037844387076, 1.000000000000000000, 0.8660254037844387076, 1.000000000000000000, 0.8660254037844387076, 1.000000000000000000, 0.8660254037844387076, 1.000000000000000000, 0.8660254037844387076, 1.000000000000000000, 0.8660254037844387076, 1.000000000000000000, 0.8660254037844387076, 1.000000000000000000, 0.8660254037844387076, 1.000000000000000000, 0.8660254037844387076, 1.000000000000000000, 0.8660254037844387076, 1.000000000000000000, 0.8660254037844387076, 1.000000000000000000, 0.8660254037844387076, 1.000000000000000000, 0.8660254037844387076, 1.000000000000000000, 0.8660254037844387076, 1.000000000000000000, 0.8660254037844387076, 1.000000000000000000, 0.8660254037844387076, 1.000000000000000000, 0.8660254037844387076, 1.000000000000000000, 0.8660254037844387076, 1.000000000000000000, 0.8660254037844387076, 1.000000000000000000, 0.8660254037844387076, 1.000000000000000000, 0.8660254037844387076, 1.000000000000000000, 0.8660254037844387076, 1.000000000000000000, 0.8660254037844387076, 1.000000000000000000, 0.8660254037844387076, 1.000000000000000000, 0.8660254037844387076, 1.000000000000000000, 0.8660254037844387076, 1.000000000000000000, 0.8660254037844387076, 1.000000000000000000, 0.8660254037844387076, 1.000000000000000000, 0.8660254037844387076, 1.000000000000000000, 0.8660254037844387076, 1.000000000000000000, 0.8660254037844387076, 1.000000000000000000, 0.8660254037844387076, 1.000000000000000000, 0.8660254037844387076, 1.000000000000000000, 0.8660254037844387076, 1.000000000000000000, 0.8660254037844387076, 1.000000000000000000, 0.8660254037844387076, 1.000000000000000000, 0.8660254037844387076, 1.000000000000000000, 0.8660254037844387076, 1.000000000000000000, 0.8660254037844387076, 1.000000000000000000, 0.8660254037844387076, 1.000000000000000000, 0.8660254037844387076, 1.000000000000000000, 0.8660254037844387076, 1.000000000000000000, 0.8660254037844387076, 1.000000000000000000, 0.8660254037844387076, 1.000000000000000000, 0.8660254037844387076, 1.000000000000000000, 0.8660254037844387076, 1.000000000000000000, 0.8660254037844387076, 1.000000000000000000, 0.8660254037844387076, 1.000000000000000000, 0.8660254037844387076, 1.000000000000000000, 0.8660254037844387076, 1.000000000000000000, 0.8660254037844387076, 1.000000000000000000, 0.8660254037844387076, 1.000000000000000000, 0.8660254037844387076, 1.000000000000000000) ) ) 
 REPRESENTATION_ITEM ( '' )  SURFACE ( )  );
#318 = ORIENTED_EDGE ( 'NONE', *, *, #1727, .T. ) ;
#319 = CARTESIAN_POINT ( 'NONE',  ( 0.2159238870638426899, 0.2361802039227362260, -0.4554960903208862821 ) ) ;
#320 = EDGE_CURVE ( 'NONE', #1307, #737, #2581, .T. ) ;
#321 = CARTESIAN_POINT ( 'NONE',  ( 0.06937764622754578892, 0.1201656081756481143, -0.3069444444444446862 ) ) ;
#322 = EDGE_CURVE ( 'NONE', #691, #1821, #762, .T. ) ;
#323 = CARTESIAN_POINT ( 'NONE',  ( 0.1040664693413184405, 0.06008280408782402937, 0.04583333333333227538 ) ) ;
#324 = ORIENTED_EDGE ( 'NONE', *, *, #2551, .T. ) ;
#325 = CARTESIAN_POINT ( 'NONE',  ( 0.000000000000000000, 0.1201656081756482114, -0.3527777777777779122 ) ) ;
#326 = CARTESIAN_POINT ( 'NONE',  ( -1.913510623667738847E-17, -0.1562499999999999722, -0.3500000000000000333 ) ) ;
#327 = CARTESIAN_POINT ( 'NONE',  ( -0.1040664693413182462, 0.06008280408782436938, -0.1375000000000006772 ) ) ;
#328 = CARTESIAN_POINT ( 'NONE',  ( -0.1562500000000000833, 0.04186706131736302877, -0.2133440210480376797 ) ) ;
#329 = DIRECTION ( 'NONE',  ( -0.000000000000000000, -0.000000000000000000, -1.000000000000000000 ) ) ;
#330 = ORIENTED_EDGE ( 'NONE', *, *, #1544, .F. ) ;
#331 = CARTESIAN_POINT ( 'NONE',  ( -0.1201656081756482253, 1.532617595970118149E-16, -0.09027777777777840074 ) ) ;
#332 = CARTESIAN_POINT ( 'NONE',  ( 0.09021097956087896497, -0.1562500000000000000, -0.3944444444444446529 ) ) ;
#333 = DIRECTION ( 'NONE',  ( 1.000000000000000000, 0.000000000000000000, 0.000000000000000000 ) ) ;
#334 = CARTESIAN_POINT ( 'NONE',  ( 0.06937764622754565014, 0.1201656081756481836, 0.04999999999999891337 ) ) ;
#335 = EDGE_CURVE ( 'NONE', #1173, #182, #236, .T. ) ;
#336 = ORIENTED_EDGE ( 'NONE', *, *, #3090, .F. ) ;
#337 = CARTESIAN_POINT ( 'NONE',  ( 0.06937764622754553911, -0.1201656081756482392, -0.1236111111111117128 ) ) ;
#338 = CARTESIAN_POINT ( 'NONE',  ( -0.09021097956087906211, -0.1562499999999999445, -0.1541666666666670904 ) ) ;
#339 = CARTESIAN_POINT ( 'NONE',  ( -0.1353164693413185238, 0.07812500000000000000, -0.3666666666666666963 ) ) ;
#340 = DIRECTION ( 'NONE',  ( -0.000000000000000000, -0.000000000000000000, 1.000000000000000000 ) ) ;
#341 = CARTESIAN_POINT ( 'NONE',  ( 0.000000000000000000, 0.000000000000000000, -0.3749999999999999445 ) ) ;
#342 = ORIENTED_EDGE ( 'NONE', *, *, #1345, .T. ) ;
#343 = CARTESIAN_POINT ( 'NONE',  ( 0.03337534171934832677, -0.3415746557175545206, -0.3775360757995211425 ) ) ;
#344 = CARTESIAN_POINT ( 'NONE',  ( -0.09021097956087906211, -0.1562499999999999445, 0.04722222222222111077 ) ) ;
#345 = CARTESIAN_POINT ( 'NONE',  ( -0.1201656081756482253, -1.349618480033387557E-16, -0.1833333333333338477 ) ) ;
#346 = CARTESIAN_POINT ( 'NONE',  ( 0.1040664693413184405, 0.06008280408782402937, -0.05416666666666754282 ) ) ;
#347 = ORIENTED_EDGE ( 'NONE', *, *, #850, .T. ) ;
#348 = CARTESIAN_POINT ( 'NONE',  ( -0.1040664693413183711, 0.06008280408782411958, -0.2444444444444447972 ) ) ;
#349 = CARTESIAN_POINT ( 'NONE',  ( -1.913510623667738847E-17, -0.1562499999999999722, -0.2000000000000003164 ) ) ;
#350 = COORDINATED_UNIVERSAL_TIME_OFFSET ( 8, 0, .BEHIND. ) ;
#351 = EDGE_CURVE ( 'NONE', #1906, #2787, #979, .T. ) ;
#352 = DIRECTION ( 'NONE',  ( 0.000000000000000000, 0.000000000000000000, 1.000000000000000000 ) ) ;
#353 = DIRECTION ( 'NONE',  ( 0.000000000000000000, 0.000000000000000000, 1.000000000000000000 ) ) ;
#354 = CARTESIAN_POINT ( 'NONE',  ( 0.1562499999999999722, 1.646992043430574584E-16, -0.1375000000000004274 ) ) ;
#355 = ADVANCED_FACE ( 'NONE', ( #1349 ), #1804, .F. ) ;
#356 = ORIENTED_EDGE ( 'NONE', *, *, #2725, .T. ) ;
#357 = CARTESIAN_POINT ( 'NONE',  ( -0.1562500000000001665, 0.04186706131736314673, -0.06334402104803797673 ) ) ;
#358 = CARTESIAN_POINT ( 'NONE',  ( -0.1804219591217580132, 1.104765873671777625E-17, -0.1111111111111118543 ) ) ;
#359 = CARTESIAN_POINT ( 'NONE',  ( 0.02855146659315242752, 0.1536192574366250507, -0.3749999999999998335 ) ) ;
#360 = CARTESIAN_POINT ( 'NONE',  ( -0.06937764622754563626, -0.1201656081756481836, -0.1250000000000006939 ) ) ;
#361 = ORIENTED_EDGE ( 'NONE', *, *, #1157, .F. ) ;
#362 = CARTESIAN_POINT ( 'NONE',  ( 0.1201656081756482114, -0.03219827766865967361, -0.3675106877147037432 ) ) ;
#363 = CARTESIAN_POINT ( 'NONE',  ( 0.1040664693413184405, 0.06008280408782401549, -0.3111111111111113381 ) ) ;
#364 = CARTESIAN_POINT ( 'NONE',  ( -0.1804219591217580132, 1.104765873671777625E-17, -0.3624999999999999889 ) ) ;
#365 = APPROVAL_STATUS ( 'not_yet_approved' ) ;
#366 = EDGE_CURVE ( 'NONE', #1259, #1478, #2796, .T. ) ;
#367 = CARTESIAN_POINT ( 'NONE',  ( 0.000000000000000000, 0.000000000000000000, -0.01041666666666683262 ) ) ;
#368 = CARTESIAN_POINT ( 'NONE',  ( 0.06937764622754578892, 0.1201656081756481143, -0.3000000000000003775 ) ) ;
#369 = EDGE_CURVE ( 'NONE', #1906, #1449, #1368, .T. ) ;
#370 = VERTEX_POINT ( 'NONE', #1054 ) ;
#371 = CARTESIAN_POINT ( 'NONE',  ( -0.1353164693413187736, -0.07812499999999952816, -0.2069444444444449860 ) ) ;
#372 = CARTESIAN_POINT ( 'NONE',  ( 0.09021097956087896497, -0.1562500000000000000, -0.09444444444444523301 ) ) ;
#373 = CARTESIAN_POINT ( 'NONE',  ( 0.1201656081756482253, 0.000000000000000000, -0.3749999999999999445 ) ) ;
#374 = CARTESIAN_POINT ( 'NONE',  ( 0.1562500000000000833, -0.04186706131736304265, -0.1397329099369264971 ) ) ;
#375 = ORIENTED_EDGE ( 'NONE', *, *, #1731, .F. ) ;
#376 = CARTESIAN_POINT ( 'NONE',  ( 0.06937764622754565014, 0.1201656081756481559, -0.006944444444445272389 ) ) ;
#377 = CARTESIAN_POINT ( 'NONE',  ( -0.1353164693413185238, -0.07812499999999995837, -0.1583333333333337423 ) ) ;
#378 = DATE_AND_TIME ( #598, #1711 ) ;
#379 = CARTESIAN_POINT ( 'NONE',  ( 0.1323675097513237198, 0.05297713891979589917, -0.3750000000000001665 ) ) ;
#380 = CARTESIAN_POINT ( 'NONE',  ( -0.1201656081756482253, -1.349618480033387557E-16, -0.1833333333333338477 ) ) ;
#381 = CARTESIAN_POINT ( 'NONE',  ( 0.1562499999999999445, 0.04186706131736269570, -0.1352670900630744411 ) ) ;
#382 = CARTESIAN_POINT ( 'NONE',  ( 0.1562500000000000000, 4.712227235370811128E-16, -0.08750000000000049405 ) ) ;
#383 = ORIENTED_EDGE ( 'NONE', *, *, #266, .F. ) ;
#384 = CARTESIAN_POINT ( 'NONE',  ( -0.1353164693413183017, 0.07812500000000037470, -0.06527777777777864221 ) ) ;
#385 = CARTESIAN_POINT ( 'NONE',  ( -1.913510623667738847E-17, -0.1562499999999999722, -0.1486111111111117766 ) ) ;
#386 = CARTESIAN_POINT ( 'NONE',  ( 0.06937764622754535870, -0.1201656081756483641, -0.1236111111111117128 ) ) ;
#387 = CARTESIAN_POINT ( 'NONE',  ( -0.3124999999999998890, -0.09175153066964743254, -0.4400603434260785818 ) ) ;
#388 = EDGE_CURVE ( 'NONE', #2818, #196, #2031, .T. ) ;
#389 = ORIENTED_EDGE ( 'NONE', *, *, #989, .F. ) ;
#390 =( BOUNDED_CURVE ( )  B_SPLINE_CURVE ( 2, ( #747, #1749, #1719, #2204, #792, #1527, #1271, #2675, #513 ),
 .UNSPECIFIED., .F., .F. ) 
 B_SPLINE_CURVE_WITH_KNOTS ( ( 3, 2, 2, 2, 3 ),
 ( 0.3409090909090909394, 0.3484848484848485084, 0.3636363636363636465, 0.3787878787878787845, 0.3863636363636364091 ),
 .UNSPECIFIED. ) 
 CURVE ( )  GEOMETRIC_REPRESENTATION_ITEM ( )  RATIONAL_B_SPLINE_CURVE ( ( 0.9330127018922194093, 0.9330127018922196314, 1.000000000000000000, 0.8660254037844387076, 1.000000000000000000, 0.8660254037844387076, 1.000000000000000000, 0.9330127018922188542, 0.9330127018922194093 ) ) 
 REPRESENTATION_ITEM ( '' )  );
#391 = FACE_OUTER_BOUND ( 'NONE', #500, .T. ) ;
#392 = CARTESIAN_POINT ( 'NONE',  ( 0.1396962188765929758, -1.157469408299820510E-15, -0.02655378112340691515 ) ) ;
#393 = CARTESIAN_POINT ( 'NONE',  ( -0.1040664693413183850, -0.06008280408782407794, 0.1138888888888877765 ) ) ;
#394 = ORIENTED_EDGE ( 'NONE', *, *, #1731, .T. ) ;
#395 = CARTESIAN_POINT ( 'NONE',  ( -1.913510623667738847E-17, -0.1562499999999999722, 0.1499999999999989397 ) ) ;
#396 = ORIENTED_EDGE ( 'NONE', *, *, #131, .T. ) ;
#397 = CARTESIAN_POINT ( 'NONE',  ( 0.1284932969759211008, -0.03567112111737345825, -0.3749999999999998890 ) ) ;
#398 = CARTESIAN_POINT ( 'NONE',  ( -3.732312873396760189E-16, -0.1562499999999999722, -0.2986111111111114935 ) ) ;
#399 = PLANE ( 'NONE',  #1580 ) ;
#400 = CARTESIAN_POINT ( 'NONE',  ( -0.09021097956087915926, -0.1562499999999998890, -0.05416666666666734853 ) ) ;
#401 = CARTESIAN_POINT ( 'NONE',  ( 0.1201656081756482392, 3.591357650258336933E-16, -0.1083333333333340032 ) ) ;
#402 = CARTESIAN_POINT ( 'NONE',  ( -0.09021097956087899272, 0.1562499999999999722, 0.03055555555555446515 ) ) ;
#403 = DIRECTION ( 'NONE',  ( -0.000000000000000000, -0.000000000000000000, 1.000000000000000000 ) ) ;
#404 = LINE ( 'NONE', #1128, #195 ) ;
#405 = AXIS2_PLACEMENT_3D ( 'NONE', #1880, #221, #2112 ) ;
#406 = ORIENTED_EDGE ( 'NONE', *, *, #1588, .F. ) ;
#407 = EDGE_CURVE ( 'NONE', #2711, #2681, #515, .T. ) ;
#408 = CARTESIAN_POINT ( 'NONE',  ( -0.1562500000000000000, -0.04186706131736278591, -0.3102670900630741246 ) ) ;
#409 = VECTOR ( 'NONE', #462, 39.37007874015748143 ) ;
#410 = VERTEX_POINT ( 'NONE', #2519 ) ;
#411 =( BOUNDED_CURVE ( )  B_SPLINE_CURVE ( 2, ( #626, #427, #1385, #1871, #1886, #1404, #2307, #149, #2321 ),
 .UNSPECIFIED., .F., .T. ) 
 B_SPLINE_CURVE_WITH_KNOTS ( ( 3, 2, 2, 2, 3 ),
 ( 0.06818181818181819065, 0.07575757575757575968, 0.09090909090909091161, 0.1060606060606060635, 0.1136363636363636465 ),
 .UNSPECIFIED. ) 
 CURVE ( )  GEOMETRIC_REPRESENTATION_ITEM ( )  RATIONAL_B_SPLINE_CURVE ( ( 0.9330127018922194093, 0.9330127018922194093, 1.000000000000000000, 0.8660254037844387076, 1.000000000000000000, 0.8660254037844387076, 1.000000000000000000, 0.9330127018922192983, 0.9330127018922194093 ) ) 
 REPRESENTATION_ITEM ( '' )  );
#412 = EDGE_CURVE ( 'NONE', #1697, #943, #1598, .T. ) ;
#413 = CARTESIAN_POINT ( 'NONE',  ( 0.000000000000000000, 0.1201656081756482114, 0.1472222222222210608 ) ) ;
#414 = VERTEX_POINT ( 'NONE', #1339 ) ;
#415 = CARTESIAN_POINT ( 'NONE',  ( -0.09021097956087899272, 0.1562499999999999722, 0.07916666666666570540 ) ) ;
#416 = VECTOR ( 'NONE', #2923, 39.37007874015748143 ) ;
#417 = ORIENTED_EDGE ( 'NONE', *, *, #1218, .F. ) ;
#418 = CARTESIAN_POINT ( 'NONE',  ( -0.03219827766865797358, -0.1201656081756482114, -0.3727670900630741246 ) ) ;
#419 = CARTESIAN_POINT ( 'NONE',  ( 0.1353164693413183850, -0.07812500000000022204, -0.2902777777777781343 ) ) ;
#420 = CARTESIAN_POINT ( 'NONE',  ( 0.06937764622754541421, -0.1201656081756483224, -0.2166666666666671737 ) ) ;
#421 = CARTESIAN_POINT ( 'NONE',  ( -0.3125000000000000000, 0.1804219591217579577, -0.2500000000000006661 ) ) ;
#422 = ORIENTED_EDGE ( 'NONE', *, *, #2227, .F. ) ;
#423 = DIRECTION ( 'NONE',  ( -0.8660254037844384856, -0.5000000000000002220, 0.000000000000000000 ) ) ;
#424 = CARTESIAN_POINT ( 'NONE',  ( 0.01439693208705120422, 0.1562499999999999722, -0.3742760769203884452 ) ) ;
#425 = CARTESIAN_POINT ( 'NONE',  ( 0.3125000000000000000, 0.1804219591217580965, -0.02083333333333335993 ) ) ;
#426 = ORIENTED_EDGE ( 'NONE', *, *, #2306, .F. ) ;
#427 = CARTESIAN_POINT ( 'NONE',  ( 0.1201656081756482253, 0.03219827766865962504, -0.3630448678408519370 ) ) ;
#428 = CONICAL_SURFACE ( 'NONE', #1696, 0.3608439182435161929, 0.1308996938995748149 ) ;
#429 = ORIENTED_EDGE ( 'NONE', *, *, #1801, .F. ) ;
#430 = CARTESIAN_POINT ( 'NONE',  ( -0.1387552924550911615, 8.496311238494113468E-18, 0.05972222222222125371 ) ) ;
#431 = ORIENTED_EDGE ( 'NONE', *, *, #1902, .F. ) ;
#432 = CARTESIAN_POINT ( 'NONE',  ( 0.000000000000000000, 0.1562499999999999722, -0.02500000000000068834 ) ) ;
#433 = ADVANCED_FACE ( 'NONE', ( #618 ), #1814, .F. ) ;
#434 = CARTESIAN_POINT ( 'NONE',  ( 0.04316446650567561105, 0.1495649892100359424, -0.3749999999999999445 ) ) ;
#435 = CARTESIAN_POINT ( 'NONE',  ( 0.1562499999999999722, 0.000000000000000000, -0.3749999999999999445 ) ) ;
#436 = CARTESIAN_POINT ( 'NONE',  ( -0.1201656081756482253, 1.212369143080839737E-16, -0.1402777777777782786 ) ) ;
#437 = CARTESIAN_POINT ( 'NONE',  ( 0.1201656081756482253, 0.03219827766865962504, -0.3561004233964075172 ) ) ;
#438 = ORIENTED_EDGE ( 'NONE', *, *, #2389, .F. ) ;
#439 = DIRECTION ( 'NONE',  ( 0.8660254037844383745, 0.5000000000000002220, -0.000000000000000000 ) ) ;
#440 = CARTESIAN_POINT ( 'NONE',  ( 0.000000000000000000, 0.000000000000000000, -0.3749999999999999445 ) ) ;
#441 = CARTESIAN_POINT ( 'NONE',  ( 0.09021097956087961722, 0.1562499999999995837, -0.1791666666666670293 ) ) ;
#442 = CARTESIAN_POINT ( 'NONE',  ( 0.000000000000000000, 0.000000000000000000, -0.3749999999999999445 ) ) ;
#443 = CARTESIAN_POINT ( 'NONE',  ( -0.1387552924550911615, 8.496311238494113468E-18, 0.009722222222221374097 ) ) ;
#444 = CARTESIAN_POINT ( 'NONE',  ( -0.09021097956087899272, 0.1562499999999999722, 0.1291666666666656527 ) ) ;
#445 = VERTEX_POINT ( 'NONE', #382 ) ;
#446 = CARTESIAN_POINT ( 'NONE',  ( 0.1358226178168997489, 0.03835837965635859742, -0.3750000000000001665 ) ) ;
#447 = CARTESIAN_POINT ( 'NONE',  ( -0.3125000000000000000, 0.1804219591217579577, -0.02083333333333335993 ) ) ;
#448 = CARTESIAN_POINT ( 'NONE',  ( 0.09021097956087882619, -0.1562500000000000555, -0.2944444444444447861 ) ) ;
#449 = EDGE_CURVE ( 'NONE', #174, #786, #2335, .T. ) ;
#450 = CARTESIAN_POINT ( 'NONE',  ( 0.1201656081756482253, 1.235244032572931123E-16, -0.1652777777777782731 ) ) ;
#451 = CARTESIAN_POINT ( 'NONE',  ( 2.296212748401286986E-16, 0.1562499999999999722, -0.07500000000000059397 ) ) ;
#452 = ORIENTED_EDGE ( 'NONE', *, *, #1121, .F. ) ;
#453 = CARTESIAN_POINT ( 'NONE',  ( -0.1040664693413182323, 0.06008280408782439019, -0.08750000000000077161 ) ) ;
#454 = EDGE_CURVE ( 'NONE', #1154, #1220, #1357, .T. ) ;
#455 = CARTESIAN_POINT ( 'NONE',  ( 0.000000000000000000, 0.000000000000000000, -0.3749999999999999445 ) ) ;
#456 = ADVANCED_BREP_SHAPE_REPRESENTATION ( '90790A185_Black-Oxide Steel High-Heavy-Profile Cap Nut_90790A185_sldprt', ( #2714, #1466 ), #1192 ) ;
#457 = ORIENTED_EDGE ( 'NONE', *, *, #698, .F. ) ;
#458 = CARTESIAN_POINT ( 'NONE',  ( -0.02712604879104952432, -0.3451826866719523990, -0.3611105739451119789 ) ) ;
#459 = CYLINDRICAL_SURFACE ( 'NONE', #2621, 0.1562499999999999722 ) ;
#460 = CARTESIAN_POINT ( 'NONE',  ( 0.000000000000000000, 0.1562499999999999722, -0.2236111111111116212 ) ) ;
#461 = CARTESIAN_POINT ( 'NONE',  ( -0.1353164693413185238, -0.07812499999999995837, 0.04166666666666583863 ) ) ;
#462 = DIRECTION ( 'NONE',  ( 0.000000000000000000, 0.000000000000000000, 1.000000000000000000 ) ) ;
#463 = CARTESIAN_POINT ( 'NONE',  ( -0.09021097956087913150, -0.1562499999999998890, -0.1041666666666672125 ) ) ;
#464 = CARTESIAN_POINT ( 'NONE',  ( -0.1201656081756482253, 1.471604274199026194E-17, -0.3749999999999999445 ) ) ;
#465 = TOROIDAL_SURFACE ( 'NONE', #1638, -0.1302061649895825679, 0.4828384111255082378 ) ;
#466 = CARTESIAN_POINT ( 'NONE',  ( 0.000000000000000000, 0.000000000000000000, -0.3749999999999999445 ) ) ;
#467 = ADVANCED_FACE ( 'NONE', ( #1847 ), #2807, .F. ) ;
#468 = ORIENTED_EDGE ( 'NONE', *, *, #2287, .F. ) ;
#469 = CARTESIAN_POINT ( 'NONE',  ( 0.1201656081756482114, 0.03219827766865947932, -0.1061004233964080168 ) ) ;
#470 = DIRECTION ( 'NONE',  ( -0.000000000000000000, -0.000000000000000000, 1.000000000000000000 ) ) ;
#471 = EDGE_CURVE ( 'NONE', #445, #1697, #832, .T. ) ;
#472 = EDGE_LOOP ( 'NONE', ( #1682, #1724, #426, #2825, #1532, #3034 ) ) ;
#473 = CARTESIAN_POINT ( 'NONE',  ( -0.04560757906081389090, -0.3345123701956677631, -0.4006115221084581846 ) ) ;
#474 = LINE ( 'NONE', #2422, #2630 ) ;
#475 = PLANE ( 'NONE',  #560 ) ;
#476 = CARTESIAN_POINT ( 'NONE',  ( -0.1353164693413185238, -0.07812499999999995837, -0.4069444444444445530 ) ) ;
#477 = CARTESIAN_POINT ( 'NONE',  ( 0.1387552924550911893, -2.548893371548234657E-17, -0.3083333333333336812 ) ) ;
#478 = CARTESIAN_POINT ( 'NONE',  ( 0.1201656081756482392, 3.316858976353241292E-16, -0.05833333333333413223 ) ) ;
#479 = CARTESIAN_POINT ( 'NONE',  ( -0.3125000000000002220, 0.1048254712959710844, -0.4283660085734826706 ) ) ;
#480 = CARTESIAN_POINT ( 'NONE',  ( 0.09021097956087925640, 0.1562499999999998057, -0.3277777777777781121 ) ) ;
#481 = CARTESIAN_POINT ( 'NONE',  ( 0.3125000000000000000, 0.1721639797487602153, -0.2813627903926507190 ) ) ;
#482 = ORIENTED_EDGE ( 'NONE', *, *, #2170, .T. ) ;
#483 = DIRECTION ( 'NONE',  ( 1.000000000000000000, 0.000000000000000000, 0.000000000000000000 ) ) ;
#484 = CARTESIAN_POINT ( 'NONE',  ( -0.09170173622298377625, 0.09944339598114476653, -0.03128232878917492493 ) ) ;
#485 = ORIENTED_EDGE ( 'NONE', *, *, #579, .F. ) ;
#486 = ADVANCED_FACE ( 'NONE', ( #687 ), #1203, .F. ) ;
#487 = DIRECTION ( 'NONE',  ( -0.000000000000000000, -0.000000000000000000, 1.000000000000000000 ) ) ;
#488 = DIRECTION ( 'NONE',  ( -0.8660254037844385966, -0.5000000000000000000, 0.000000000000000000 ) ) ;
#489 = CARTESIAN_POINT ( 'NONE',  ( 0.000000000000000000, 0.1562499999999999722, -0.1736111111111117433 ) ) ;
#490 = CARTESIAN_POINT ( 'NONE',  ( 0.1040664693413184405, 0.06008280408782402937, -0.2541666666666670960 ) ) ;
#491 = CARTESIAN_POINT ( 'NONE',  ( 0.3125000000000000000, 0.000000000000000000, -0.4734552021282325551 ) ) ;
#492 = CARTESIAN_POINT ( 'NONE',  ( 0.1562499999999999722, 4.574977898418263246E-18, -0.3374999999999999667 ) ) ;
#493 =( BOUNDED_CURVE ( )  B_SPLINE_CURVE ( 2, ( #516, #1221, #2941, #763, #1721, #314, #2678, #76, #1030 ),
 .UNSPECIFIED., .F., .T. ) 
 B_SPLINE_CURVE_WITH_KNOTS ( ( 3, 2, 2, 2, 3 ),
 ( 0.5681818181818182323, 0.5757575757575758013, 0.5909090909090909394, 0.6060606060606060774, 0.6136363636363637575 ),
 .UNSPECIFIED. ) 
 CURVE ( )  GEOMETRIC_REPRESENTATION_ITEM ( )  RATIONAL_B_SPLINE_CURVE ( ( 0.9330127018922194093, 0.9330127018922198534, 1.000000000000000000, 0.8660254037844387076, 1.000000000000000000, 0.8660254037844387076, 1.000000000000000000, 0.9330127018922182991, 0.9330127018922192983 ) ) 
 REPRESENTATION_ITEM ( '' )  );
#494 = DIRECTION ( 'NONE',  ( 1.000000000000000000, 0.000000000000000000, 0.000000000000000000 ) ) ;
#495 = CARTESIAN_POINT ( 'NONE',  ( -0.1562499999999999722, 1.921490717335670717E-16, -0.06250000000000058287 ) ) ;
#496 = ORIENTED_EDGE ( 'NONE', *, *, #1064, .F. ) ;
#497 = CARTESIAN_POINT ( 'NONE',  ( 0.02265440745833624536, 0.3477643899991140208, -0.3437500000000000555 ) ) ;
#498 = CARTESIAN_POINT ( 'NONE',  ( -0.1353164693413187736, -0.07812499999999955591, -0.2083333333333336479 ) ) ;
#499 = CC_DESIGN_PERSON_AND_ORGANIZATION_ASSIGNMENT ( #1808, #2311, ( #1141 ) ) ;
#500 = EDGE_LOOP ( 'NONE', ( #2367, #1595, #2883, #671, #2632, #2390, #1288, #1247, #3010, #1325 ) ) ;
#501 = CARTESIAN_POINT ( 'NONE',  ( -0.1562499999999999722, 7.777462427311046439E-17, -0.3125000000000000555 ) ) ;
#502 = CARTESIAN_POINT ( 'NONE',  ( -0.09021097956087929803, -0.1562499999999998057, -0.2541666666666668739 ) ) ;
#503 = EDGE_CURVE ( 'NONE', #990, #919, #1813, .T. ) ;
#504 = CARTESIAN_POINT ( 'NONE',  ( -0.1355404332176023408, 0.01743465476661342287, -0.3749999999999999445 ) ) ;
#505 = CARTESIAN_POINT ( 'NONE',  ( 0.1201656081756482253, 0.03219827766865945157, -0.06304486784085247542 ) ) ;
#506 = CARTESIAN_POINT ( 'NONE',  ( -0.09021097956087906211, -0.1562499999999999445, -0.4027777777777779566 ) ) ;
#507 = VECTOR ( 'NONE', #2286, 39.37007874015748143 ) ;
#508 = CARTESIAN_POINT ( 'NONE',  ( -0.06937764622754563626, -0.1201656081756481836, -0.3250000000000003442 ) ) ;
#509 = ORIENTED_EDGE ( 'NONE', *, *, #599, .F. ) ;
#510 = CARTESIAN_POINT ( 'NONE',  ( -0.1562499999999999722, 1.913510623667738847E-17, -0.3749999999999999445 ) ) ;
#511 = CARTESIAN_POINT ( 'NONE',  ( -0.3125000000000001665, 0.1491026970590279277, -0.3610998111681585354 ) ) ;
#512 = CARTESIAN_POINT ( 'NONE',  ( -0.3125000000000000000, -0.009091812933143679845, -0.4734552021282324996 ) ) ;
#513 = CARTESIAN_POINT ( 'NONE',  ( -0.1201656081756482253, -1.349618480033387557E-16, -0.1902777777777781287 ) ) ;
#514 = ORIENTED_EDGE ( 'NONE', *, *, #2242, .T. ) ;
#515 =( BOUNDED_CURVE ( )  B_SPLINE_CURVE ( 2, ( #605, #124, #140, #2047, #653, #1079, #2080, #2565, #2098 ),
 .UNSPECIFIED., .F., .T. ) 
 B_SPLINE_CURVE_WITH_KNOTS ( ( 3, 2, 2, 2, 3 ),
 ( 0.2500000000000000555, 0.2575757575757575690, 0.2727272727272727071, 0.2878787878787879007, 0.2954545454545455252 ),
 .UNSPECIFIED. ) 
 CURVE ( )  GEOMETRIC_REPRESENTATION_ITEM ( )  RATIONAL_B_SPLINE_CURVE ( ( 0.9330127018922194093, 0.9330127018922198534, 1.000000000000000000, 0.8660254037844387076, 1.000000000000000000, 0.8660254037844387076, 1.000000000000000000, 0.9330127018922188542, 0.9330127018922194093 ) ) 
 REPRESENTATION_ITEM ( '' )  );
#516 = CARTESIAN_POINT ( 'NONE',  ( -0.1201656081756482253, 1.532617595970118149E-16, -0.09027777777777840074 ) ) ;
#517 = CARTESIAN_POINT ( 'NONE',  ( 2.296212748401286986E-16, 0.1562499999999999722, -0.1236111111111118516 ) ) ;
#518 = ORIENTED_EDGE ( 'NONE', *, *, #3066, .T. ) ;
#519 = LINE ( 'NONE', #1753, #2744 ) ;
#520 = CARTESIAN_POINT ( 'NONE',  ( -0.1033141719507373879, -0.3011954532566544773, -0.4595408849013478680 ) ) ;
#521 = CARTESIAN_POINT ( 'NONE',  ( -0.1343234365011672093, 0.03257784720541560819, -0.3750000000000000555 ) ) ;
#522 = CARTESIAN_POINT ( 'NONE',  ( 0.09021097956087896497, -0.1562500000000000000, -0.1944444444444450304 ) ) ;
#523 = CARTESIAN_POINT ( 'NONE',  ( 0.1040664693413183711, -0.06008280408782416121, -0.2625000000000003997 ) ) ;
#524 = CONICAL_SURFACE ( 'NONE', #1995, 0.3608439182435161929, 0.1308996938995748149 ) ;
#525 = CARTESIAN_POINT ( 'NONE',  ( -0.08107441181878703718, -0.09980251256756102196, -0.03795549840315794177 ) ) ;
#526 = CARTESIAN_POINT ( 'NONE',  ( -0.2978566545830010903, -0.1888762985400989913, -0.3126480791173447127 ) ) ;
#527 = B_SPLINE_CURVE_WITH_KNOTS ( 'NONE', 3,
 ( #956, #1172, #1932, #1140, #673, #2896, #724, #1694, #2647, #484, #2119, #1463, #3088, #258, #1649, #2101, #1868, #2603 ),
 .UNSPECIFIED., .F., .F.,
 ( 4, 2, 2, 2, 2, 2, 2, 2, 4 ),
 ( 0.001200508862307163478, 0.001899783396970786261, 0.002599057931634409045, 0.003298332466298031611, 0.003997607000961654611, 0.004696881535625276743, 0.005396156070288900611, 0.006095430604952523611, 0.006794705139616146611 ),
 .UNSPECIFIED. ) ;
#528 = CARTESIAN_POINT ( 'NONE',  ( 0.000000000000000000, 0.000000000000000000, 0.000000000000000000 ) ) ;
#529 = ADVANCED_FACE ( 'NONE', ( #970 ), #465, .T. ) ;
#530 = CARTESIAN_POINT ( 'NONE',  ( 0.1562500000000000000, 4.346229003497350438E-16, -0.03750000000000063005 ) ) ;
#531 = VECTOR ( 'NONE', #934, 39.37007874015748143 ) ;
#532 = CARTESIAN_POINT ( 'NONE',  ( 0.000000000000000000, 0.000000000000000000, -0.3749999999999999445 ) ) ;
#533 = CARTESIAN_POINT ( 'NONE',  ( 0.000000000000000000, 0.000000000000000000, -0.6250000000000000000 ) ) ;
#534 = ORIENTED_EDGE ( 'NONE', *, *, #2556, .T. ) ;
#535 = CARTESIAN_POINT ( 'NONE',  ( 0.06937764622754545585, -0.1201656081756483224, -0.2666666666666670515 ) ) ;
#536 = CARTESIAN_POINT ( 'NONE',  ( -0.1040664693413184544, -0.06008280408782401549, -0.3361111111111112493 ) ) ;
#537 = CARTESIAN_POINT ( 'NONE',  ( 0.000000000000000000, 0.000000000000000000, -0.3749999999999999445 ) ) ;
#538 = CARTESIAN_POINT ( 'NONE',  ( -0.1040664693413183850, 0.06008280408782412652, -0.1875000000000005551 ) ) ;
#539 = CARTESIAN_POINT ( 'NONE',  ( 0.06460066862985952563, -0.1180483320921750373, -0.03195715416070565168 ) ) ;
#540 = CARTESIAN_POINT ( 'NONE',  ( -0.06937764622754556687, 0.1201656081756481975, -0.3986111111111111382 ) ) ;
#541 = CARTESIAN_POINT ( 'NONE',  ( 0.000000000000000000, 0.000000000000000000, -0.3749999999999999445 ) ) ;
#542 = CARTESIAN_POINT ( 'NONE',  ( 0.000000000000000000, 0.000000000000000000, -0.02083333333333333218 ) ) ;
#543 = EDGE_CURVE ( 'NONE', #1187, #2308, #1186, .T. ) ;
#544 = CARTESIAN_POINT ( 'NONE',  ( 0.1112426575991924682, 0.09051881146720508475, -0.02315581546728548087 ) ) ;
#545 = CYLINDRICAL_SURFACE ( 'NONE', #2696, 0.1201656081756482253 ) ;
#546 = CARTESIAN_POINT ( 'NONE',  ( -1.339457436567417162E-16, -0.1562499999999999722, -0.2000000000000003164 ) ) ;
#547 = EDGE_CURVE ( 'NONE', #2681, #2120, #2145, .T. ) ;
#548 = ORIENTED_EDGE ( 'NONE', *, *, #1447, .T. ) ;
#549 = CYLINDRICAL_SURFACE ( 'NONE', #232, 0.1562499999999999722 ) ;
#550 = CARTESIAN_POINT ( 'NONE',  ( -0.1040664693413186070, -0.06008280408782375182, -0.1791666666666672236 ) ) ;
#551 = CARTESIAN_POINT ( 'NONE',  ( -1.471604274199026194E-17, -0.1201656081756482253, 0.02916666666666562630 ) ) ;
#552 = EDGE_LOOP ( 'NONE', ( #2288, #2655, #1070, #2830 ) ) ;
#553 = CONICAL_SURFACE ( 'NONE', #2067, 0.3608439182435161929, 0.1308996938995748149 ) ;
#554 = CARTESIAN_POINT ( 'NONE',  ( -0.1040664693413183850, -0.06008280408782407794, -0.2361111111111114658 ) ) ;
#555 = CARTESIAN_POINT ( 'NONE',  ( -0.09021097956087899272, 0.1562499999999999722, -0.3208333333333334703 ) ) ;
#556 = VECTOR ( 'NONE', #2127, 39.37007874015748143 ) ;
#557 = CARTESIAN_POINT ( 'NONE',  ( -0.09021097956087875680, 0.1562500000000001110, -0.2194444444444449971 ) ) ;
#558 = CARTESIAN_POINT ( 'NONE',  ( -0.1562499999999999722, 1.913510623667738847E-17, -0.3749999999999999445 ) ) ;
#559 = CARTESIAN_POINT ( 'NONE',  ( 0.000000000000000000, 0.000000000000000000, 0.000000000000000000 ) ) ;
#560 = AXIS2_PLACEMENT_3D ( 'NONE', #2374, #230, #2105 ) ;
#561 = CARTESIAN_POINT ( 'NONE',  ( -0.09414990875172435381, 0.07556109684792194914, -0.04576676916299998732 ) ) ;
#562 = VERTEX_POINT ( 'NONE', #937 ) ;
#563 = CARTESIAN_POINT ( 'NONE',  ( 0.2898455925416632550, -0.1935014873661603241, -0.3437500000000000555 ) ) ;
#564 = DIRECTION ( 'NONE',  ( 0.000000000000000000, 0.000000000000000000, 1.000000000000000000 ) ) ;
#565 = EDGE_CURVE ( 'NONE', #2937, #3109, #2644, .T. ) ;
#566 = B_SPLINE_CURVE_WITH_KNOTS ( 'NONE', 3,
 ( #2949, #1968, #2462, #60, #2956, #1042, #2707, #544, #1528, #2006, #1765, #2235, #74, #2972, #1237, #2721, #1780, #2489, #573, #1554, #2501, #1060, #2446, #2804, #3081, #602, #1320, #2298, #2284, #1860, #1076, #1354, #1373, #2583 ),
 .UNSPECIFIED., .F., .F.,
 ( 4, 2, 2, 2, 2, 2, 2, 2, 2, 2, 2, 2, 2, 2, 2, 2, 4 ),
 ( 0.01277383195320229425, 0.01350860786971008407, 0.01424338378621787388, 0.01497815970272566369, 0.01571293561923345350, 0.01644771153574123984, 0.01718248745224903312, 0.01791726336875681946, 0.01865203928526461274, 0.01938681520177239909, 0.02012159111828019237, 0.02085636703478797871, 0.02159114295129576852, 0.02232591886780355833, 0.02306069478431135161, 0.02379547070081913795, 0.02453024661732692777 ),
 .UNSPECIFIED. ) ;
#567 = CARTESIAN_POINT ( 'NONE',  ( -0.1040664693413183850, 0.06008280408782412652, 0.01249999999999897894 ) ) ;
#568 = VERTEX_POINT ( 'NONE', #2875 ) ;
#569 = CARTESIAN_POINT ( 'NONE',  ( 0.1387552924550911615, -2.548893371548234348E-17, -0.1652777777777783008 ) ) ;
#570 = CARTESIAN_POINT ( 'NONE',  ( 0.09021097956087910374, 0.1562499999999999167, -0.1791666666666670293 ) ) ;
#571 = DATE_AND_TIME ( #120, #93 ) ;
#572 = CARTESIAN_POINT ( 'NONE',  ( 0.04927939156143643085, -0.1108319544286784086, -0.3750000000000000555 ) ) ;
#573 = CARTESIAN_POINT ( 'NONE',  ( -0.02559119296800687823, 0.1465429003431408250, -0.01780576248002605291 ) ) ;
#574 = CARTESIAN_POINT ( 'NONE',  ( -0.1201656081756481836, -0.03219827766865952789, -0.2380448678408520480 ) ) ;
#575 = VERTEX_POINT ( 'NONE', #2857 ) ;
#576 = CARTESIAN_POINT ( 'NONE',  ( 0.08342400897335321142, -0.3126790442058730579, -0.4458946165099060832 ) ) ;
#577 = CARTESIAN_POINT ( 'NONE',  ( 0.09021097956087910374, 0.1562499999999999167, 0.02222222222222117530 ) ) ;
#578 = CARTESIAN_POINT ( 'NONE',  ( -0.1201656081756482253, 1.212369143080839737E-16, -0.1333333333333339421 ) ) ;
#579 = EDGE_CURVE ( 'NONE', #3104, #3056, #75, .T. ) ;
#580 = CARTESIAN_POINT ( 'NONE',  ( -0.1387552924550911893, 8.496311238494115008E-18, -0.08333333333333413362 ) ) ;
#581 = ORIENTED_EDGE ( 'NONE', *, *, #880, .F. ) ;
#582 = CARTESIAN_POINT ( 'NONE',  ( 0.1040664693413183434, -0.06008280408782415427, -0.2694444444444447084 ) ) ;
#583 = CARTESIAN_POINT ( 'NONE',  ( -0.1353164693413185238, 0.07812500000000000000, -0.1666666666666670737 ) ) ;
#584 = PERSON_AND_ORGANIZATION_ROLE ( 'creator' ) ;
#585 = CARTESIAN_POINT ( 'NONE',  ( -0.09021097956087870129, 0.1562500000000001388, -0.1694444444444450359 ) ) ;
#586 = CARTESIAN_POINT ( 'NONE',  ( -5.472537105336718010E-17, 6.701925049265733695E-33, -0.4902109795608785014 ) ) ;
#587 = CARTESIAN_POINT ( 'NONE',  ( -0.3124999999999999445, -0.1804219591217580410, -0.6250000000000000000 ) ) ;
#588 = CC_DESIGN_SECURITY_CLASSIFICATION ( #2210, ( #1141 ) ) ;
#589 = ORIENTED_EDGE ( 'NONE', *, *, #2693, .T. ) ;
#590 = CARTESIAN_POINT ( 'NONE',  ( -5.740531871003217465E-17, -0.1562499999999999722, -0.3486111111111113714 ) ) ;
#591 = CARTESIAN_POINT ( 'NONE',  ( 0.1353164693413185793, 0.07812499999999986122, -0.1319444444444451692 ) ) ;
#592 = CARTESIAN_POINT ( 'NONE',  ( 0.1396962188765929758, -1.157469408299820510E-15, -0.02655378112340691515 ) ) ;
#593 = CARTESIAN_POINT ( 'NONE',  ( 0.06937764622754565014, 0.1201656081756481836, -0.1000000000000007272 ) ) ;
#594 = EDGE_CURVE ( 'NONE', #971, #275, #204, .T. ) ;
#595 = ORIENTED_EDGE ( 'NONE', *, *, #3041, .T. ) ;
#596 = CARTESIAN_POINT ( 'NONE',  ( 0.1040664693413184405, 0.06008280408782401549, -0.3611111111111112160 ) ) ;
#597 = CARTESIAN_POINT ( 'NONE',  ( -0.1804219591217580132, 1.104765873671777625E-17, -0.2625000000000001776 ) ) ;
#598 = CALENDAR_DATE ( 2026, 22, 8 ) ;
#599 = EDGE_CURVE ( 'NONE', #938, #1307, #3017, .T. ) ;
#600 = AXIS2_PLACEMENT_3D ( 'NONE', #706, #1680, #2842 ) ;
#601 = CARTESIAN_POINT ( 'NONE',  ( 0.1562499999999999722, 1.646992043430574584E-16, -0.1861111111111116989 ) ) ;
#602 = CARTESIAN_POINT ( 'NONE',  ( -0.1174169226192341431, 0.09717745698521994269, -0.01414263405851404719 ) ) ;
#603 = CARTESIAN_POINT ( 'NONE',  ( -0.1503349364905369467, 1.829991159367305298E-17, -0.01591506350946297887 ) ) ;
#604 = CARTESIAN_POINT ( 'NONE',  ( -0.1040664693413182323, 0.06008280408782439019, -0.09444444444444509423 ) ) ;
#605 = CARTESIAN_POINT ( 'NONE',  ( 0.1201656081756482253, 1.829991159367305175E-16, -0.2652777777777780011 ) ) ;
#606 = ORIENTED_EDGE ( 'NONE', *, *, #1966, .F. ) ;
#607 = CARTESIAN_POINT ( 'NONE',  ( 0.1562499999999999167, -0.04186706131736304959, -0.3383440210480373467 ) ) ;
#608 = CARTESIAN_POINT ( 'NONE',  ( -1.913510623667738847E-17, -0.1562499999999999722, 0.1013888888888876960 ) ) ;
#609 = CARTESIAN_POINT ( 'NONE',  ( 0.1353164693413183295, -0.07812500000000029143, -0.1416666666666671348 ) ) ;
#610 =( BOUNDED_CURVE ( )  B_SPLINE_CURVE ( 2, ( #2682, #50, #1006, #1277, #38, #535, #2977, #2239, #1770 ),
 .UNSPECIFIED., .F., .F. ) 
 B_SPLINE_CURVE_WITH_KNOTS ( ( 3, 2, 2, 2, 3 ),
 ( 0.2045454545454545581, 0.2121212121212121271, 0.2272727272727272652, 0.2424242424242424310, 0.2500000000000000555 ),
 .UNSPECIFIED. ) 
 CURVE ( )  GEOMETRIC_REPRESENTATION_ITEM ( )  RATIONAL_B_SPLINE_CURVE ( ( 0.9330127018922192983, 0.9330127018922194093, 1.000000000000000000, 0.8660254037844387076, 1.000000000000000000, 0.8660254037844387076, 1.000000000000000000, 0.9330127018922188542, 0.9330127018922194093 ) ) 
 REPRESENTATION_ITEM ( '' )  );
#611 = CARTESIAN_POINT ( 'NONE',  ( 0.1040664693413183711, -0.06008280408782416121, 0.08749999999999885647 ) ) ;
#612 = ORIENTED_EDGE ( 'NONE', *, *, #1656, .F. ) ;
#613 = CARTESIAN_POINT ( 'NONE',  ( -0.06937764622754562238, -0.1201656081756481559, -0.2819444444444446640 ) ) ;
#614 = CARTESIAN_POINT ( 'NONE',  ( 0.1804219591217580132, -3.314297621015333647E-17, -0.2875000000000001443 ) ) ;
#615 = MECHANICAL_CONTEXT ( 'NONE', #1377, 'mechanical' ) ;
#616 = DIRECTION ( 'NONE',  ( 1.000000000000000000, 0.000000000000000000, 0.000000000000000000 ) ) ;
#617 = EDGE_CURVE ( 'NONE', #625, #1769, #390, .T. ) ;
#618 = FACE_OUTER_BOUND ( 'NONE', #1506, .T. ) ;
#619 = VERTEX_POINT ( 'NONE', #1495 ) ;
#620 = CARTESIAN_POINT ( 'NONE',  ( 0.1407674231339941240, -0.2795718086039746253, -0.4725704386537346591 ) ) ;
#621 = AXIS2_PLACEMENT_3D ( 'NONE', #47, #1016, #778 ) ;
#622 = CARTESIAN_POINT ( 'NONE',  ( 0.000000000000000000, 0.1562499999999999722, -0.1236111111111118516 ) ) ;
#623 = CARTESIAN_POINT ( 'NONE',  ( -0.3124999999999998890, -0.1230729993108040238, -0.4082907825104331034 ) ) ;
#624 = CIRCLE ( 'NONE', #2402, 0.2968750000000000000 ) ;
#625 = VERTEX_POINT ( 'NONE', #2445 ) ;
#626 = CARTESIAN_POINT ( 'NONE',  ( 0.1201656081756482253, 4.574977898418263246E-18, -0.3652777777777778123 ) ) ;
#627 = ORIENTED_EDGE ( 'NONE', *, *, #736, .F. ) ;
#628 =( BOUNDED_CURVE ( )  B_SPLINE_CURVE ( 2, ( #186, #418, #2381, #2075, #1908, #1122, #907 ),
 .UNSPECIFIED., .F., .T. ) 
 B_SPLINE_CURVE_WITH_KNOTS ( ( 3, 2, 2, 3 ),
 ( 0.03787878787878825454, 0.04545454545454545581, 0.06060606060606060774, 0.06818181818181819065 ),
 .UNSPECIFIED. ) 
 CURVE ( )  GEOMETRIC_REPRESENTATION_ITEM ( )  RATIONAL_B_SPLINE_CURVE ( ( 0.9330127018922194093, 0.9330127018922227400, 1.000000000000000000, 0.8660254037844387076, 1.000000000000000000, 0.9330127018922192983, 0.9330127018922194093 ) ) 
 REPRESENTATION_ITEM ( '' )  );
#629 = CARTESIAN_POINT ( 'NONE',  ( -0.1040664693413183711, 0.06008280408782411958, 0.1055555555555544867 ) ) ;
#630 = VERTEX_POINT ( 'NONE', #284 ) ;
#631 = CARTESIAN_POINT ( 'NONE',  ( 0.000000000000000000, 0.1562499999999999722, 0.1249999999999989453 ) ) ;
#632 = APPROVAL_ROLE ( '' ) ;
#633 = CC_DESIGN_DATE_AND_TIME_ASSIGNMENT ( #839, #2546, ( #1190 ) ) ;
#634 = CARTESIAN_POINT ( 'NONE',  ( 0.09021097956087976988, 0.1562499999999995004, -0.02777777777777870258 ) ) ;
#635 = CARTESIAN_POINT ( 'NONE',  ( -0.06937764622754580279, -0.1201656081756480865, -0.2819444444444447195 ) ) ;
#636 = CARTESIAN_POINT ( 'NONE',  ( 0.1201656081756482530, 0.03219827766865956953, -0.3061004233964076393 ) ) ;
#637 = EDGE_CURVE ( 'NONE', #943, #209, #1915, .T. ) ;
#638 = EDGE_LOOP ( 'NONE', ( #722, #781, #2208, #862 ) ) ;
#639 = DIRECTION ( 'NONE',  ( 1.000000000000000000, 0.000000000000000000, 0.000000000000000000 ) ) ;
#640 = CARTESIAN_POINT ( 'NONE',  ( -0.1353164693413185238, 0.07812500000000000000, -0.01527777777777876780 ) ) ;
#641 = CARTESIAN_POINT ( 'NONE',  ( -0.1191560705174135870, 0.02968016812498077209, -0.04368164667358195169 ) ) ;
#642 = CARTESIAN_POINT ( 'NONE',  ( -0.1040664693413184544, -0.06008280408782401549, -0.3291666666666669405 ) ) ;
#643 = EDGE_CURVE ( 'NONE', #96, #3086, #2352, .T. ) ;
#644 = ORIENTED_EDGE ( 'NONE', *, *, #2786, .T. ) ;
#645 = CARTESIAN_POINT ( 'NONE',  ( 0.1201656081756482253, 1.829991159367305175E-16, -0.2583333333333337478 ) ) ;
#646 = ORIENTED_EDGE ( 'NONE', *, *, #1097, .T. ) ;
#647 = CARTESIAN_POINT ( 'NONE',  ( 0.1387552924550911615, -2.548893371548234348E-17, 0.1347222222222210497 ) ) ;
#648 = CARTESIAN_POINT ( 'NONE',  ( -0.09021097956087899272, 0.1562499999999999722, 0.02916666666666583446 ) ) ;
#649 = CARTESIAN_POINT ( 'NONE',  ( 0.07663985177331714138, -0.09848071756960742607, -0.3750000000000001110 ) ) ;
#650 = LINE ( 'NONE', #2095, #1028 ) ;
#651 = VECTOR ( 'NONE', #3076, 39.37007874015748143 ) ;
#652 = CARTESIAN_POINT ( 'NONE',  ( -0.1555525550829568726, -0.01389622664602149608, -0.01023350460157886575 ) ) ;
#653 = CARTESIAN_POINT ( 'NONE',  ( 8.829625645194155934E-17, 0.1201656081756482253, -0.2527777777777781010 ) ) ;
#654 = EDGE_LOOP ( 'NONE', ( #875, #534, #2702, #2081, #2849, #589, #394, #678, #302, #2509, #83, #1803, #1405, #2593, #22, #6, #1557, #1415, #2649, #1548, #1654, #2572, #2171, #1958, #417, #2669, #1093, #1330, #2371, #2559, #485, #1518, #1542 ) ) ;
#655 = CARTESIAN_POINT ( 'NONE',  ( 0.2898455925416632550, -0.1935014873661603241, -0.3437500000000000555 ) ) ;
#656 = AXIS2_PLACEMENT_3D ( 'NONE', #123, #1287, #91 ) ;
#657 = FACE_OUTER_BOUND ( 'NONE', #2934, .T. ) ;
#658 = CARTESIAN_POINT ( 'NONE',  ( -0.1235269231427800624, 0.007499813429480301288, -0.04272307685721995346 ) ) ;
#659 = CARTESIAN_POINT ( 'NONE',  ( 0.3125000000000000000, 0.000000000000000000, -0.4734552021282325551 ) ) ;
#660 = AXIS2_PLACEMENT_3D ( 'NONE', #537, #1521, #1714 ) ;
#661 = EDGE_CURVE ( 'NONE', #1080, #1633, #2262, .T. ) ;
#662 = ORIENTED_EDGE ( 'NONE', *, *, #148, .F. ) ;
#663 = CARTESIAN_POINT ( 'NONE',  ( -0.01464334541693745537, 0.3523895788252106032, -0.3126480791171057372 ) ) ;
#664 = CARTESIAN_POINT ( 'NONE',  ( -0.06937764622754562238, -0.1201656081756481559, -0.08194444444444516640 ) ) ;
#665 = VERTEX_POINT ( 'NONE', #2747 ) ;
#666 = CARTESIAN_POINT ( 'NONE',  ( 0.1804219591217580132, -3.314297621015333647E-17, -0.08750000000000057732 ) ) ;
#667 = ORIENTED_EDGE ( 'NONE', *, *, #148, .T. ) ;
#668 = CARTESIAN_POINT ( 'NONE',  ( 0.000000000000000000, 0.000000000000000000, -0.3999999999999999667 ) ) ;
#669 = CYLINDRICAL_SURFACE ( 'NONE', #405, 0.1201656081756482253 ) ;
#670 = DIRECTION ( 'NONE',  ( 1.000000000000000000, 0.000000000000000000, 0.000000000000000000 ) ) ;
#671 = ORIENTED_EDGE ( 'NONE', *, *, #2508, .F. ) ;
#672 = CARTESIAN_POINT ( 'NONE',  ( -1.398496342903347996E-16, 0.3608439182435160264, -0.6250000000000000000 ) ) ;
#673 = CARTESIAN_POINT ( 'NONE',  ( -0.1378848417522839653, 0.04374235608278494863, -0.02187957039842811438 ) ) ;
#674 = CARTESIAN_POINT ( 'NONE',  ( -5.887904700488995772E-16, -0.1201656081756482253, -0.1277777777777783508 ) ) ;
#675 = CARTESIAN_POINT ( 'NONE',  ( 0.1562499999999999722, -1.280993811557113894E-16, -0.2875000000000001443 ) ) ;
#676 = AXIS2_PLACEMENT_3D ( 'NONE', #1292, #100, #900 ) ;
#677 = EDGE_CURVE ( 'NONE', #3086, #1479, #2229, .T. ) ;
#678 = ORIENTED_EDGE ( 'NONE', *, *, #1999, .T. ) ;
#679 = CARTESIAN_POINT ( 'NONE',  ( 0.06937764622754565014, 0.1201656081756481559, -0.05694444444444515807 ) ) ;
#680 = CARTESIAN_POINT ( 'NONE',  ( 0.000000000000000000, 0.1562499999999999722, 0.02499999999999918607 ) ) ;
#681 = ORIENTED_EDGE ( 'NONE', *, *, #82, .T. ) ;
#682 = ADVANCED_FACE ( 'NONE', ( #1503 ), #693, .F. ) ;
#683 = CARTESIAN_POINT ( 'NONE',  ( -0.1353164693413182740, 0.07812500000000041633, -0.01527777777777876780 ) ) ;
#684 = CARTESIAN_POINT ( 'NONE',  ( 0.1201656081756482253, 1.829991159367305175E-16, -0.2652777777777780011 ) ) ;
#685 = CARTESIAN_POINT ( 'NONE',  ( 0.000000000000000000, 0.000000000000000000, -0.3749999999999999445 ) ) ;
#686 = CARTESIAN_POINT ( 'NONE',  ( 0.1562499999999999722, 2.470488065145862245E-16, -0.2861111111111114269 ) ) ;
#687 = FACE_OUTER_BOUND ( 'NONE', #2777, .T. ) ;
#688 = EDGE_LOOP ( 'NONE', ( #2876, #1499, #336, #2466, #1665, #819, #2981 ) ) ;
#689 = CARTESIAN_POINT ( 'NONE',  ( 0.1201656081756482808, 0.03219827766865940299, -0.2061004233964078280 ) ) ;
#690 = FACE_OUTER_BOUND ( 'NONE', #1564, .T. ) ;
#691 = VERTEX_POINT ( 'NONE', #2791 ) ;
#692 = CARTESIAN_POINT ( 'NONE',  ( -0.1562499999999999722, 1.463992927493844239E-16, -0.2625000000000001776 ) ) ;
#693 = CYLINDRICAL_SURFACE ( 'NONE', #676, 0.1562499999999999722 ) ;
#694 = ORIENTED_EDGE ( 'NONE', *, *, #366, .T. ) ;
#695 = CARTESIAN_POINT ( 'NONE',  ( 0.09021097956087910374, 0.1562499999999999167, -0.1777777777777783952 ) ) ;
#696 = VERTEX_POINT ( 'NONE', #2540 ) ;
#697 = CARTESIAN_POINT ( 'NONE',  ( 0.1353164693413185793, 0.07812499999999986122, 0.1166666666666656554 ) ) ;
#698 = EDGE_CURVE ( 'NONE', #1769, #414, #2152, .T. ) ;
#699 = CARTESIAN_POINT ( 'NONE',  ( 0.1363519886366175160, -0.006624717649187906142, -0.3749999999999998335 ) ) ;
#700 = CARTESIAN_POINT ( 'NONE',  ( -0.1562500000000000000, -2.195989391240766358E-16, -0.2125000000000002165 ) ) ;
#701 = CARTESIAN_POINT ( 'NONE',  ( 0.000000000000000000, 0.000000000000000000, -0.3437500000000000000 ) ) ;
#702 = ADVANCED_FACE ( 'NONE', ( #63 ), #428, .T. ) ;
#703 = CARTESIAN_POINT ( 'NONE',  ( 0.1040664693413184405, 0.06008280408782402937, -0.3541666666666668517 ) ) ;
#704 = ORIENTED_EDGE ( 'NONE', *, *, #1365, .T. ) ;
#705 = CARTESIAN_POINT ( 'NONE',  ( -0.3125000000000000000, 0.1635098119773223946, -0.3126597403745829395 ) ) ;
#706 = CARTESIAN_POINT ( 'NONE',  ( 0.000000000000000000, 0.000000000000000000, -0.01041666666666683262 ) ) ;
#707 = ORIENTED_EDGE ( 'NONE', *, *, #3085, .T. ) ;
#708 = CARTESIAN_POINT ( 'NONE',  ( -0.2898455925416633661, -0.1935014873661601575, -0.3437500000000000555 ) ) ;
#709 = VECTOR ( 'NONE', #1982, 39.37007874015748143 ) ;
#710 = CARTESIAN_POINT ( 'NONE',  ( 0.000000000000000000, 0.000000000000000000, -0.3749999999999999445 ) ) ;
#711 = CARTESIAN_POINT ( 'NONE',  ( 2.260961667158486591E-16, -0.3608439182435160264, -0.6250000000000000000 ) ) ;
#712 = ORIENTED_EDGE ( 'NONE', *, *, #2803, .T. ) ;
#713 = CARTESIAN_POINT ( 'NONE',  ( -0.09021097956087899272, 0.1562499999999999722, -0.3194444444444447528 ) ) ;
#714 = VECTOR ( 'NONE', #1264, 39.37007874015748143 ) ;
#715 = CARTESIAN_POINT ( 'NONE',  ( 0.1040664693413183711, -0.06008280408782416121, -0.1625000000000006162 ) ) ;
#716 = DIRECTION ( 'NONE',  ( 1.000000000000000000, 0.000000000000000000, 0.000000000000000000 ) ) ;
#717 = CARTESIAN_POINT ( 'NONE',  ( -0.1353164693413183850, 0.07812500000000023592, -0.2166666666666669794 ) ) ;
#718 = CARTESIAN_POINT ( 'NONE',  ( -0.1548548827845652731, -0.02083333333335134901, -0.009999999999999953371 ) ) ;
#719 =( BOUNDED_CURVE ( )  B_SPLINE_CURVE ( 2, ( #845, #2082, #371, #882, #1558, #2256, #1066, #2994, #160 ),
 .UNSPECIFIED., .F., .F. ) 
 B_SPLINE_CURVE_WITH_KNOTS ( ( 3, 2, 2, 2, 3 ),
 ( 0.3863636363636364091, 0.3939393939393939226, 0.4090909090909091161, 0.4242424242424242542, 0.4318181818181818787 ),
 .UNSPECIFIED. ) 
 CURVE ( )  GEOMETRIC_REPRESENTATION_ITEM ( )  RATIONAL_B_SPLINE_CURVE ( ( 0.9330127018922194093, 0.9330127018922198534, 1.000000000000000000, 0.8660254037844387076, 1.000000000000000000, 0.8660254037844387076, 1.000000000000000000, 0.9330127018922188542, 0.9330127018922194093 ) ) 
 REPRESENTATION_ITEM ( '' )  );
#720 = CARTESIAN_POINT ( 'NONE',  ( 0.1562500000000000000, 0.04186706131736280673, -0.3338782011741853184 ) ) ;
#721 = EDGE_CURVE ( 'NONE', #1797, #1906, #2558, .T. ) ;
#722 = ORIENTED_EDGE ( 'NONE', *, *, #1451, .F. ) ;
#723 = CARTESIAN_POINT ( 'NONE',  ( -0.1719603944757043812, 0.2615625382030139501, -0.4725344787923886902 ) ) ;
#724 = CARTESIAN_POINT ( 'NONE',  ( -0.1240873417524518685, 0.06744283788862141804, -0.02530709183921129105 ) ) ;
#725 = VERTEX_POINT ( 'NONE', #3089 ) ;
#726 = CARTESIAN_POINT ( 'NONE',  ( -0.02265440745833625924, -0.3477643899991139653, -0.3437500000000000555 ) ) ;
#727 = CARTESIAN_POINT ( 'NONE',  ( -0.06008280408782137871, -0.1040664693413199671, -0.3749999999999999445 ) ) ;
#728 = CARTESIAN_POINT ( 'NONE',  ( 0.02265440745833683517, -0.3477643899991139098, -0.3437500000000000555 ) ) ;
#729 = CARTESIAN_POINT ( 'NONE',  ( 0.1804219591217580132, -3.314297621015333647E-17, -0.3361111111111113603 ) ) ;
#730 = CARTESIAN_POINT ( 'NONE',  ( 0.1387552924550911893, -2.548893371548234657E-17, -0.1583333333333339643 ) ) ;
#731 = CARTESIAN_POINT ( 'NONE',  ( 0.1562499999999999167, 0.04186706131736277897, -0.2352670900630742246 ) ) ;
#732 = CARTESIAN_POINT ( 'NONE',  ( -0.3125000000000000000, 0.01801850258723023193, -0.4725498067077089637 ) ) ;
#733 = LENGTH_MEASURE_WITH_UNIT ( LENGTH_MEASURE( 0.02539999999999999897 ), #2719 );
#734 = ORIENTED_EDGE ( 'NONE', *, *, #388, .T. ) ;
#735 = FACE_OUTER_BOUND ( 'NONE', #2858, .T. ) ;
#736 = EDGE_CURVE ( 'NONE', #1051, #630, #936, .T. ) ;
#737 = VERTEX_POINT ( 'NONE', #1592 ) ;
#738 = CARTESIAN_POINT ( 'NONE',  ( -0.09021097956087888170, 0.1562500000000000278, -0.3208333333333334147 ) ) ;
#739 = CARTESIAN_POINT ( 'NONE',  ( -0.1253309499092180590, -0.2884840605756373577, -0.4690140793662975760 ) ) ;
#740 = ADVANCED_FACE ( 'NONE', ( #3054 ), #2538, .T. ) ;
#741 = DIRECTION ( 'NONE',  ( 1.000000000000000000, 0.000000000000000000, 0.000000000000000000 ) ) ;
#742 = CARTESIAN_POINT ( 'NONE',  ( -0.1353164693413185238, -0.07812499999999995837, -0.3069444444444447972 ) ) ;
#743 = CARTESIAN_POINT ( 'NONE',  ( -0.1040664693413183850, 0.06008280408782412652, -0.3375000000000002442 ) ) ;
#744 = CARTESIAN_POINT ( 'NONE',  ( 0.3125000000000000000, -0.1110339260360253683, -0.4218774714600214693 ) ) ;
#745 = DIRECTION ( 'NONE',  ( 1.000000000000000000, 0.000000000000000000, 0.000000000000000000 ) ) ;
#746 = APPLICATION_PROTOCOL_DEFINITION ( 'international standard', 'config_control_design', 1994, #1377 ) ;
#747 = CARTESIAN_POINT ( 'NONE',  ( 0.1201656081756482530, -9.149955796836528340E-17, -0.2152777777777781787 ) ) ;
#748 = B_SPLINE_CURVE_WITH_KNOTS ( 'NONE', 3,
 ( #1704, #2428, #270, #2202 ),
 .UNSPECIFIED., .F., .F.,
 ( 4, 4 ),
 ( 2.086285422422550372E-07, 0.002472420618312825766 ),
 .UNSPECIFIED. ) ;
#749 = ORIENTED_EDGE ( 'NONE', *, *, #2573, .F. ) ;
#750 = CARTESIAN_POINT ( 'NONE',  ( -0.3124999999999999445, -0.1635098119772502301, -0.3126597403748255233 ) ) ;
#751 = FACE_OUTER_BOUND ( 'NONE', #272, .T. ) ;
#752 = EDGE_LOOP ( 'NONE', ( #176, #2927, #2099, #1109 ) ) ;
#753 = CARTESIAN_POINT ( 'NONE',  ( 0.2623372913189828681, -0.2093834124820240228, -0.4080075951202516427 ) ) ;
#754 = CARTESIAN_POINT ( 'NONE',  ( -0.1717325768660058205, -0.2616940687612994698, -0.4725704386537349366 ) ) ;
#755 = CARTESIAN_POINT ( 'NONE',  ( -0.08874186315862986341, 0.1177809014536010945, -0.3749999999999999445 ) ) ;
#756 = EDGE_CURVE ( 'NONE', #630, #2089, #2304, .T. ) ;
#757 = CARTESIAN_POINT ( 'NONE',  ( -0.09021097956087899272, 0.1562499999999999722, -0.2194444444444449693 ) ) ;
#758 = CIRCLE ( 'NONE', #2940, 0.1201656081756482253 ) ;
#759 = CARTESIAN_POINT ( 'NONE',  ( -0.06937764622754563626, -0.1201656081756481836, -0.2750000000000004108 ) ) ;
#760 = CARTESIAN_POINT ( 'NONE',  ( -0.1490530002213931171, -0.04687500000001450229, -0.009999999999999953371 ) ) ;
#761 = CARTESIAN_POINT ( 'NONE',  ( -0.09021097956088031111, -0.1562499999999992228, -0.05277777777777863805 ) ) ;
#762 = CIRCLE ( 'NONE', #3103, 0.1562499999999999722 ) ;
#763 = CARTESIAN_POINT ( 'NONE',  ( -0.06937764622754570565, -0.1201656081756481420, -0.08194444444444515252 ) ) ;
#764 = CARTESIAN_POINT ( 'NONE',  ( -0.1201656081756482392, -1.692741822414757355E-16, -0.2333333333333337256 ) ) ;
#765 = VERTEX_POINT ( 'NONE', #144 ) ;
#766 = CARTESIAN_POINT ( 'NONE',  ( 0.1482431952482002324, 0.2752556695614373772, -0.4734397118022456996 ) ) ;
#767 = CARTESIAN_POINT ( 'NONE',  ( -0.1490530002213931171, -0.04687500000001450229, -0.009999999999999953371 ) ) ;
#768 = CARTESIAN_POINT ( 'NONE',  ( -0.1263873141608116424, -0.03450241560516911776, -0.3749999999999998890 ) ) ;
#769 = CARTESIAN_POINT ( 'NONE',  ( 0.1387552924550911893, -2.548893371548234657E-17, -0.2083333333333338422 ) ) ;
#770 = EDGE_CURVE ( 'NONE', #2924, #1409, #2342, .T. ) ;
#771 = TOROIDAL_SURFACE ( 'NONE', #2399, 0.3072916666666665186, 0.01041666666666649955 ) ;
#772 = CARTESIAN_POINT ( 'NONE',  ( -0.02831274893385059624, -0.1288133910321426490, -0.03550460388748379048 ) ) ;
#773 = CARTESIAN_POINT ( 'NONE',  ( 0.3125000000000000000, -0.1542629026329530029, -0.3437500000000021094 ) ) ;
#774 = CARTESIAN_POINT ( 'NONE',  ( -0.3125000000000000000, 0.04421266571882000174, -0.4664397698276296911 ) ) ;
#775 = CARTESIAN_POINT ( 'NONE',  ( 0.1040664693413186070, 0.06008280408782373794, -0.1541666666666673124 ) ) ;
#776 = VECTOR ( 'NONE', #2533, 39.37007874015748143 ) ;
#777 = EDGE_CURVE ( 'NONE', #2879, #2089, #1829, .T. ) ;
#778 = DIRECTION ( 'NONE',  ( 1.892679809432642417E-16, -1.000000000000000000, 0.000000000000000000 ) ) ;
#779 = FACE_OUTER_BOUND ( 'NONE', #11, .T. ) ;
#780 = CARTESIAN_POINT ( 'NONE',  ( -0.1201656081756482253, -1.349618480033387557E-16, -0.1902777777777781287 ) ) ;
#781 = ORIENTED_EDGE ( 'NONE', *, *, #388, .F. ) ;
#782 = CARTESIAN_POINT ( 'NONE',  ( 0.2470286468712049599, 0.2182218624748768487, -0.4283693139270601802 ) ) ;
#783 = CARTESIAN_POINT ( 'NONE',  ( -0.06937764622754545585, 0.1201656081756482808, -0.2986111111111113270 ) ) ;
#784 = DIRECTION ( 'NONE',  ( 0.000000000000000000, 0.000000000000000000, 1.000000000000000000 ) ) ;
#785 = CARTESIAN_POINT ( 'NONE',  ( 0.000000000000000000, 0.1201656081756482253, 0.1041666666666654362 ) ) ;
#786 = VERTEX_POINT ( 'NONE', #823 ) ;
#787 = CARTESIAN_POINT ( 'NONE',  ( -0.07429346237276897302, -0.1053846448341956010, -0.03759737406667060938 ) ) ;
#788 = CARTESIAN_POINT ( 'NONE',  ( 0.1387552924550911615, -2.548893371548234348E-17, -0.2152777777777781509 ) ) ;
#789 = ADVANCED_FACE ( 'NONE', ( #2765 ), #1569, .F. ) ;
#790 = CARTESIAN_POINT ( 'NONE',  ( 0.000000000000000000, 0.1562499999999999722, -0.2750000000000001887 ) ) ;
#791 =( CONVERSION_BASED_UNIT ( 'INCH', #733 ) LENGTH_UNIT ( ) NAMED_UNIT ( #2873 ) );
#792 = CARTESIAN_POINT ( 'NONE',  ( 1.177283419359220956E-16, 0.1201656081756482253, -0.2027777777777781953 ) ) ;
#793 = CARTESIAN_POINT ( 'NONE',  ( 0.000000000000000000, 0.000000000000000000, -0.3749999999999999445 ) ) ;
#794 = DIRECTION ( 'NONE',  ( 1.000000000000000000, 0.000000000000000000, 0.000000000000000000 ) ) ;
#795 = CARTESIAN_POINT ( 'NONE',  ( 0.000000000000000000, 0.000000000000000000, -0.2500000000000000000 ) ) ;
#796 = DIRECTION ( 'NONE',  ( 1.000000000000000000, 0.000000000000000000, 0.000000000000000000 ) ) ;
#797 = EDGE_LOOP ( 'NONE', ( #147, #844, #1145, #126 ) ) ;
#798 = CARTESIAN_POINT ( 'NONE',  ( -0.1353164693413184683, 0.07812500000000005551, -0.3166666666666667074 ) ) ;
#799 = CARTESIAN_POINT ( 'NONE',  ( -0.1040664693413183017, 0.06008280408782427917, -0.2944444444444446751 ) ) ;
#800 = CARTESIAN_POINT ( 'NONE',  ( -0.1040664693413183989, -0.06008280408782408488, 0.02083333333333233645 ) ) ;
#801 = ORIENTED_EDGE ( 'NONE', *, *, #2992, .F. ) ;
#802 = AXIS2_PLACEMENT_3D ( 'NONE', #559, #1481, #1722 ) ;
#803 = CARTESIAN_POINT ( 'NONE',  ( -0.1387552924550911615, 8.496311238494113468E-18, -0.1402777777777783064 ) ) ;
#804 = CARTESIAN_POINT ( 'NONE',  ( -0.1804219591217580132, 1.104765873671777625E-17, -0.2125000000000002720 ) ) ;
#805 = CALENDAR_DATE ( 2026, 22, 8 ) ;
#806 = VECTOR ( 'NONE', #129, 39.37007874015748143 ) ;
#807 = CARTESIAN_POINT ( 'NONE',  ( 0.05637776879409234221, -0.1083825967737350737, -0.3750000000000001110 ) ) ;
#808 = CYLINDRICAL_SURFACE ( 'NONE', #2852, 0.1562499999999999722 ) ;
#809 = LINE ( 'NONE', #1782, #1052 ) ;
#810 = EDGE_CURVE ( 'NONE', #1479, #2662, #816, .T. ) ;
#811 = AXIS2_PLACEMENT_3D ( 'NONE', #152, #3043, #134 ) ;
#812 = ORIENTED_EDGE ( 'NONE', *, *, #1805, .T. ) ;
#813 = CARTESIAN_POINT ( 'NONE',  ( -0.1353164693413186070, -0.07812499999999986122, -0.3569444444444446751 ) ) ;
#814 = CARTESIAN_POINT ( 'NONE',  ( -0.1353164693413185238, 0.07812500000000000000, -0.06527777777777864221 ) ) ;
#815 = CYLINDRICAL_SURFACE ( 'NONE', #2726, 0.1201656081756482253 ) ;
#816 =( BOUNDED_CURVE ( )  B_SPLINE_CURVE ( 2, ( #2985, #2268, #2058, #1335, #2283, #557, #1272, #328, #1585 ),
 .UNSPECIFIED., .F., .F. ) 
 B_SPLINE_CURVE_WITH_KNOTS ( ( 3, 2, 2, 2, 3 ),
 ( 0.3409090909090909394, 0.3484848484848485084, 0.3636363636363636465, 0.3787878787878787845, 0.3863636363636364091 ),
 .UNSPECIFIED. ) 
 CURVE ( )  GEOMETRIC_REPRESENTATION_ITEM ( )  RATIONAL_B_SPLINE_CURVE ( ( 0.9330127018922194093, 0.9330127018922196314, 1.000000000000000000, 0.8660254037844387076, 1.000000000000000000, 0.8660254037844387076, 1.000000000000000000, 0.9330127018922188542, 0.9330127018922194093 ) ) 
 REPRESENTATION_ITEM ( '' )  );
#817 = ORIENTED_EDGE ( 'NONE', *, *, #335, .F. ) ;
#818 = CARTESIAN_POINT ( 'NONE',  ( -0.06937764622754558075, 0.1201656081756482253, -0.1416666666666673291 ) ) ;
#819 = ORIENTED_EDGE ( 'NONE', *, *, #2951, .F. ) ;
#820 = CARTESIAN_POINT ( 'NONE',  ( -1.471604274199025886E-17, -0.1201656081756482114, -0.1277777777777783508 ) ) ;
#821 = CARTESIAN_POINT ( 'NONE',  ( 0.09021097956087896497, -0.1562500000000000000, -0.2958333333333334481 ) ) ;
#822 = PERSON_AND_ORGANIZATION ( #2078, #1301 ) ;
#823 = CARTESIAN_POINT ( 'NONE',  ( -0.2898455925416634771, 0.1935014873661600188, -0.3437500000000000555 ) ) ;
#824 = CARTESIAN_POINT ( 'NONE',  ( 0.1201656081756482253, 0.000000000000000000, -0.3749999999999999445 ) ) ;
#825 = CARTESIAN_POINT ( 'NONE',  ( 0.06937764622754612198, 0.1201656081756479061, -0.1069444444444450637 ) ) ;
#826 = AXIS2_PLACEMENT_3D ( 'NONE', #672, #1882, #423 ) ;
#827 = EDGE_LOOP ( 'NONE', ( #916, #2918, #1641, #2246, #2912, #509 ) ) ;
#828 = LINE ( 'NONE', #1308, #78 ) ;
#829 = CARTESIAN_POINT ( 'NONE',  ( 0.09021097956087896497, -0.1562500000000000000, -0.1444444444444451248 ) ) ;
#830 = EDGE_CURVE ( 'NONE', #2027, #185, #1151, .T. ) ;
#831 = CARTESIAN_POINT ( 'NONE',  ( -0.1201656081756482253, 6.176220162864655613E-17, -0.3402777777777778456 ) ) ;
#832 =( BOUNDED_CURVE ( )  B_SPLINE_CURVE ( 2, ( #1324, #2892, #3118, #2398, #451, #1928, #239, #1675, #495 ),
 .UNSPECIFIED., .F., .T. ) 
 B_SPLINE_CURVE_WITH_KNOTS ( ( 3, 2, 2, 2, 3 ),
 ( 0.5227272727272728181, 0.5303030303030302761, 0.5454545454545454142, 0.5606060606060605522, 0.5681818181818182323 ),
 .UNSPECIFIED. ) 
 CURVE ( )  GEOMETRIC_REPRESENTATION_ITEM ( )  RATIONAL_B_SPLINE_CURVE ( ( 0.9330127018922192983, 0.9330127018922202975, 1.000000000000000000, 0.8660254037844387076, 1.000000000000000000, 0.8660254037844387076, 1.000000000000000000, 0.9330127018922188542, 0.9330127018922194093 ) ) 
 REPRESENTATION_ITEM ( '' )  );
#833 = ADVANCED_FACE ( 'NONE', ( #2752 ), #3029, .F. ) ;
#834 = CARTESIAN_POINT ( 'NONE',  ( -0.06937764622754558075, 0.1201656081756482253, -0.04166666666666754559 ) ) ;
#835 = ORIENTED_EDGE ( 'NONE', *, *, #366, .F. ) ;
#836 = CARTESIAN_POINT ( 'NONE',  ( 0.1393711056939178905, -0.008596637644048473262, -0.02687889430608194491 ) ) ;
#837 = CARTESIAN_POINT ( 'NONE',  ( 0.06937764622754565014, 0.1201656081756481559, -0.3569444444444445086 ) ) ;
#838 = CARTESIAN_POINT ( 'NONE',  ( -0.1353164693413185238, 0.07812500000000000000, -0.3666666666666666963 ) ) ;
#839 = DATE_AND_TIME ( #805, #998 ) ;
#840 = CARTESIAN_POINT ( 'NONE',  ( -0.1562499999999999722, 2.287488949209131469E-17, -0.3625000000000000444 ) ) ;
#841 = CARTESIAN_POINT ( 'NONE',  ( 0.06937764622754541421, -0.1201656081756483224, -0.2236111111111114547 ) ) ;
#842 = CARTESIAN_POINT ( 'NONE',  ( -0.1201656081756482808, 0.03219827766866003443, -0.09251068771470442875 ) ) ;
#843 = AXIS2_PLACEMENT_3D ( 'NONE', #3135, #2539, #1383 ) ;
#844 = ORIENTED_EDGE ( 'NONE', *, *, #661, .T. ) ;
#845 = CARTESIAN_POINT ( 'NONE',  ( -0.1562499999999999722, -1.829991159367305175E-16, -0.2111111111111115823 ) ) ;
#846 = CARTESIAN_POINT ( 'NONE',  ( -0.1353164693413185238, -0.07812499999999995837, 0.09305555555555433678 ) ) ;
#847 = CARTESIAN_POINT ( 'NONE',  ( 0.3124999999999999445, 0.1491551236843121908, -0.3609235406619095143 ) ) ;
#848 = CARTESIAN_POINT ( 'NONE',  ( -0.1040664693413183989, -0.06008280408782408488, -0.1291666666666673735 ) ) ;
#849 = CLOSED_SHELL ( 'NONE', ( #1431, #2704, #2132, #1024, #189, #1465, #682, #2187, #467, #1923, #1885, #16, #33, #286, #2483, #1943, #895, #789, #2035, #355, #2426, #948, #1153, #2869, #1712, #833, #2895, #1296, #433, #486, #2320, #2150, #2097, #740, #88, #205, #1622, #244, #2363, #1340, #1174, #1531, #529, #1303, #1768, #2092, #2385, #2970, #702, #282, #125, #1907, #2760, #1361, #1199, #2592, #1870, #3124, #1491, #1263 ) ) ;
#850 = EDGE_CURVE ( 'NONE', #174, #182, #1285, .T. ) ;
#851 = ORIENTED_EDGE ( 'NONE', *, *, #2782, .T. ) ;
#852 =( BOUNDED_CURVE ( )  B_SPLINE_CURVE ( 2, ( #218, #1167, #3100, #634, #156, #2328, #683, #2141, #1614 ),
 .UNSPECIFIED., .F., .T. ) 
 B_SPLINE_CURVE_WITH_KNOTS ( ( 3, 2, 2, 2, 3 ),
 ( 0.7045454545454546968, 0.7121212121212121549, 0.7272727272727272929, 0.7424242424242424310, 0.7500000000000001110 ),
 .UNSPECIFIED. ) 
 CURVE ( )  GEOMETRIC_REPRESENTATION_ITEM ( )  RATIONAL_B_SPLINE_CURVE ( ( 0.9330127018922192983, 0.9330127018922202975, 1.000000000000000000, 0.8660254037844387076, 1.000000000000000000, 0.8660254037844387076, 1.000000000000000000, 0.9330127018922182991, 0.9330127018922192983 ) ) 
 REPRESENTATION_ITEM ( '' )  );
#853 = CARTESIAN_POINT ( 'NONE',  ( -1.471604274199025886E-17, -0.1201656081756482114, -0.1777777777777782564 ) ) ;
#854 = CARTESIAN_POINT ( 'NONE',  ( -0.1353164693413185238, 0.07812500000000000000, -0.3166666666666667074 ) ) ;
#855 = CIRCLE ( 'NONE', #308, 0.1562499999999999722 ) ;
#856 = PERSON_AND_ORGANIZATION ( #2078, #1301 ) ;
#857 = CONICAL_SURFACE ( 'NONE', #2624, 0.3608439182435161929, 0.1308996938995748149 ) ;
#858 = DIRECTION ( 'NONE',  ( 1.000000000000000000, 0.000000000000000000, 0.000000000000000000 ) ) ;
#859 = CARTESIAN_POINT ( 'NONE',  ( -0.06937764622754605259, -0.1201656081756479477, -0.2319444444444448139 ) ) ;
#860 = CARTESIAN_POINT ( 'NONE',  ( 0.1353164693413187736, 0.07812499999999951428, -0.1333333333333338033 ) ) ;
#861 = CONICAL_SURFACE ( 'NONE', #1010, 0.3608439182435161929, 0.1308996938995748149 ) ;
#862 = ORIENTED_EDGE ( 'NONE', *, *, #967, .T. ) ;
#863 = CARTESIAN_POINT ( 'NONE',  ( 0.07714387318225880696, -0.3163048822954087069, -0.4403932529849460820 ) ) ;
#864 = AXIS2_PLACEMENT_3D ( 'NONE', #1983, #2932, #2700 ) ;
#865 = CARTESIAN_POINT ( 'NONE',  ( 0.1353164693413185793, 0.07812499999999986122, -0.03194444444444535097 ) ) ;
#866 = B_SPLINE_CURVE_WITH_KNOTS ( 'NONE', 3,
 ( #876, #170, #3064, #891, #1099, #1485, #1260, #23, #1019, #1738, #2482, #2945, #1533, #976, #766, #2420, #1993, #65, #2224, #2467, #319, #2963, #2195, #782, #1710, #2011, #1224, #2699, #2433, #1500 ),
 .UNSPECIFIED., .F., .F.,
 ( 4, 2, 2, 2, 2, 2, 2, 2, 2, 2, 2, 2, 2, 2, 4 ),
 ( 2.064919803628830766E-07, 0.001366034148596098228, 0.002048947976903968057, 0.002731861805211838537, 0.003414775633519708149, 0.004097689461827578629, 0.004780603290135448241, 0.005463517118443318721, 0.006146430946751188333, 0.006829344775059058813, 0.007512258603366929292, 0.008195172431674800639, 0.008878086259982669384, 0.009561000088290539864, 0.01092682774490628082 ),
 .UNSPECIFIED. ) ;
#867 = CARTESIAN_POINT ( 'NONE',  ( 0.1302061649895825679, -1.594565631837444346E-17, -0.2807269407382074755 ) ) ;
#868 = CARTESIAN_POINT ( 'NONE',  ( -0.3124999999999999445, -0.1542629026329530306, -0.3437500000000024980 ) ) ;
#869 = CARTESIAN_POINT ( 'NONE',  ( 0.06937764622754603872, 0.1201656081756479477, -0.2500000000000004441 ) ) ;
#870 = ORIENTED_EDGE ( 'NONE', *, *, #1194, .F. ) ;
#871 = CARTESIAN_POINT ( 'NONE',  ( -1.471604274199025886E-17, -0.1201656081756482114, -0.07777777777777844515 ) ) ;
#872 = CARTESIAN_POINT ( 'NONE',  ( -0.1804219591217580132, 1.104765873671777625E-17, -0.01250000000000075356 ) ) ;
#873 = SECURITY_CLASSIFICATION_LEVEL ( 'unclassified' ) ;
#874 = EDGE_CURVE ( 'NONE', #1903, #1643, #1048, .T. ) ;
#875 = ORIENTED_EDGE ( 'NONE', *, *, #874, .T. ) ;
#876 = CARTESIAN_POINT ( 'NONE',  ( 0.02265440745833624536, 0.3477643899991140208, -0.3437500000000000555 ) ) ;
#877 = DIRECTION ( 'NONE',  ( 1.000000000000000000, 0.000000000000000000, -0.000000000000000000 ) ) ;
#878 = LINE ( 'NONE', #435, #531 ) ;
#879 = DIRECTION ( 'NONE',  ( 1.000000000000000000, 0.000000000000000000, 0.000000000000000000 ) ) ;
#880 = EDGE_CURVE ( 'NONE', #2481, #1479, #1041, .T. ) ;
#881 = EDGE_LOOP ( 'NONE', ( #226, #199, #2868, #2278 ) ) ;
#882 = CARTESIAN_POINT ( 'NONE',  ( -0.09021097956087961722, -0.1562499999999995837, -0.2027777777777783341 ) ) ;
#883 = CIRCLE ( 'NONE', #1898, 0.1662499999999999811 ) ;
#884 = CARTESIAN_POINT ( 'NONE',  ( -0.09021097956087906211, -0.1562499999999999445, -0.1027777777777785922 ) ) ;
#885 = CARTESIAN_POINT ( 'NONE',  ( 0.06937764622754546973, -0.1201656081756482808, -0.3166666666666669294 ) ) ;
#886 = VERTEX_POINT ( 'NONE', #2005 ) ;
#887 = CARTESIAN_POINT ( 'NONE',  ( 0.000000000000000000, 0.000000000000000000, -0.3749999999999999445 ) ) ;
#888 = DIRECTION ( 'NONE',  ( -0.7071067811865486830, 8.659560562354947649E-17, 0.7071067811865462405 ) ) ;
#889 = CARTESIAN_POINT ( 'NONE',  ( 0.000000000000000000, 0.1201656081756482114, 0.09722222222222112742 ) ) ;
#890 = CARTESIAN_POINT ( 'NONE',  ( -0.1804219591217580132, 1.104765873671777625E-17, -0.06250000000000063838 ) ) ;
#891 = CARTESIAN_POINT ( 'NONE',  ( 0.04560757906081382845, 0.3345123701956679296, -0.4006115221084582401 ) ) ;
#892 = CARTESIAN_POINT ( 'NONE',  ( 0.3125000000000000000, -0.1804219591217580410, -0.6250000000000000000 ) ) ;
#893 = CARTESIAN_POINT ( 'NONE',  ( -6.182225555328801258E-16, -0.1201656081756482253, -0.07083333333333412252 ) ) ;
#894 = CARTESIAN_POINT ( 'NONE',  ( -8.038678933893842371E-16, -0.1562499999999999722, -0.05000000000000062728 ) ) ;
#895 = ADVANCED_FACE ( 'NONE', ( #2971 ), #1058, .F. ) ;
#896 = ORIENTED_EDGE ( 'NONE', *, *, #637, .F. ) ;
#897 = DIRECTION ( 'NONE',  ( 0.000000000000000000, 0.000000000000000000, 1.000000000000000000 ) ) ;
#898 = FACE_OUTER_BOUND ( 'NONE', #1367, .T. ) ;
#899 = CARTESIAN_POINT ( 'NONE',  ( 0.3125000000000000000, 0.1117537773738679768, -0.4221217436987607097 ) ) ;
#900 = DIRECTION ( 'NONE',  ( 1.000000000000000000, 0.000000000000000000, 0.000000000000000000 ) ) ;
#901 = CARTESIAN_POINT ( 'NONE',  ( 0.1201656081756481698, 0.03219827766865954177, -0.2561004233964077059 ) ) ;
#902 = ORIENTED_EDGE ( 'NONE', *, *, #1386, .T. ) ;
#903 = CARTESIAN_POINT ( 'NONE',  ( 0.000000000000000000, 0.1201656081756482114, -0.002777777777778628332 ) ) ;
#904 = ORIENTED_EDGE ( 'NONE', *, *, #2004, .T. ) ;
#905 = CARTESIAN_POINT ( 'NONE',  ( 0.1353164693413184683, -0.07812500000000005551, 0.05833333333333248077 ) ) ;
#906 = ORIENTED_EDGE ( 'NONE', *, *, #2508, .T. ) ;
#907 = CARTESIAN_POINT ( 'NONE',  ( 0.1201656081756482253, 4.574977898418263246E-18, -0.3583333333333335036 ) ) ;
#908 = CARTESIAN_POINT ( 'NONE',  ( -0.09021097956087929803, -0.1562499999999998057, -0.3027777777777781454 ) ) ;
#909 = CARTESIAN_POINT ( 'NONE',  ( 0.000000000000000000, 0.000000000000000000, -0.3749999999999999445 ) ) ;
#910 = EDGE_LOOP ( 'NONE', ( #627, #3119, #1120, #2000 ) ) ;
#911 = CARTESIAN_POINT ( 'NONE',  ( -0.1201656081756482808, 0.03219827766866003443, -0.08556624327026013388 ) ) ;
#912 = CARTESIAN_POINT ( 'NONE',  ( 0.09021097956087910374, 0.1562499999999999167, 0.1222222222222209831 ) ) ;
#913 = EDGE_CURVE ( 'NONE', #2818, #2897, #2259, .T. ) ;
#914 = ORIENTED_EDGE ( 'NONE', *, *, #1546, .T. ) ;
#915 = CARTESIAN_POINT ( 'NONE',  ( 0.3125000000000000000, 0.000000000000000000, -0.4734552021282325551 ) ) ;
#916 = ORIENTED_EDGE ( 'NONE', *, *, #2745, .T. ) ;
#917 = CARTESIAN_POINT ( 'NONE',  ( 0.1040664693413183434, -0.06008280408782415427, -0.01944444444444527742 ) ) ;
#918 = CARTESIAN_POINT ( 'NONE',  ( 0.1804219591217580132, -3.314297621015333647E-17, 0.1124999999999989897 ) ) ;
#919 = VERTEX_POINT ( 'NONE', #3114 ) ;
#920 = CARTESIAN_POINT ( 'NONE',  ( 0.1379510668779148352, 0.01597595232864469639, -0.3750000000000001110 ) ) ;
#921 = CARTESIAN_POINT ( 'NONE',  ( 0.1353164693413180242, -0.07812500000000081879, -0.09166666666666721530 ) ) ;
#922 = DIRECTION ( 'NONE',  ( 1.000000000000000000, 0.000000000000000000, 0.000000000000000000 ) ) ;
#923 = DIRECTION ( 'NONE',  ( -0.000000000000000000, -0.000000000000000000, 1.000000000000000000 ) ) ;
#924 = EDGE_LOOP ( 'NONE', ( #2054, #318, #1103 ) ) ;
#925 = CARTESIAN_POINT ( 'NONE',  ( -0.3124999999999999445, -0.1804219591217580132, -0.02083333333333335993 ) ) ;
#926 = DIRECTION ( 'NONE',  ( -0.000000000000000000, -0.000000000000000000, 1.000000000000000000 ) ) ;
#927 = CIRCLE ( 'NONE', #1740, 0.1562499999999999722 ) ;
#928 = CARTESIAN_POINT ( 'NONE',  ( -0.1353164693413183850, 0.07812500000000020817, -0.2666666666666668295 ) ) ;
#929 = CONICAL_SURFACE ( 'NONE', #1997, 68.19097667594039081, 1.047197551196599852 ) ;
#930 = ORIENTED_EDGE ( 'NONE', *, *, #2911, .F. ) ;
#931 = CARTESIAN_POINT ( 'NONE',  ( 0.06937764622754553911, -0.1201656081756482392, 0.1263888888888877737 ) ) ;
#932 = CARTESIAN_POINT ( 'NONE',  ( -0.1353164693413185238, 0.07812500000000000000, 0.1333333333333323045 ) ) ;
#933 = CARTESIAN_POINT ( 'NONE',  ( 5.472537105336718010E-17, 0.000000000000000000, -0.4902109795608785014 ) ) ;
#934 = DIRECTION ( 'NONE',  ( -0.000000000000000000, -0.000000000000000000, 1.000000000000000000 ) ) ;
#935 = FACE_OUTER_BOUND ( 'NONE', #472, .T. ) ;
#936 =( BOUNDED_CURVE ( )  B_SPLINE_CURVE ( 2, ( #2084, #2064, #1884, #2843, #674, #386, #1382, #1650, #2604 ),
 .UNSPECIFIED., .F., .F. ) 
 B_SPLINE_CURVE_WITH_KNOTS ( ( 3, 2, 2, 2, 3 ),
 ( 0.4772727272727273484, 0.4848484848484848619, 0.5000000000000000000, 0.5151515151515151381, 0.5227272727272728181 ),
 .UNSPECIFIED. ) 
 CURVE ( )  GEOMETRIC_REPRESENTATION_ITEM ( )  RATIONAL_B_SPLINE_CURVE ( ( 0.9330127018922194093, 0.9330127018922198534, 1.000000000000000000, 0.8660254037844387076, 1.000000000000000000, 0.8660254037844387076, 1.000000000000000000, 0.9330127018922182991, 0.9330127018922192983 ) ) 
 REPRESENTATION_ITEM ( '' )  );
#937 = CARTESIAN_POINT ( 'NONE',  ( -0.3125000000000000000, 0.1542629026329530584, -0.3437500000000021094 ) ) ;
#938 = VERTEX_POINT ( 'NONE', #1425 ) ;
#939 = CARTESIAN_POINT ( 'NONE',  ( 0.000000000000000000, 0.000000000000000000, -0.01041666666666683262 ) ) ;
#940 = CARTESIAN_POINT ( 'NONE',  ( 0.1353164693413184683, -0.07812500000000005551, 0.1097222222222209859 ) ) ;
#941 = ORIENTED_EDGE ( 'NONE', *, *, #2207, .T. ) ;
#942 = CARTESIAN_POINT ( 'NONE',  ( -3.732312873396760189E-16, -0.1562499999999999722, -0.2500000000000002220 ) ) ;
#943 = VERTEX_POINT ( 'NONE', #3080 ) ;
#944 = CARTESIAN_POINT ( 'NONE',  ( -0.02265440745833687333, 0.3477643899991139653, -0.3437500000000000000 ) ) ;
#945 = CARTESIAN_POINT ( 'NONE',  ( -0.09021097956087899272, 0.1562499999999999722, -0.3694444444444446307 ) ) ;
#946 = ORIENTED_EDGE ( 'NONE', *, *, #2610, .F. ) ;
#947 = CARTESIAN_POINT ( 'NONE',  ( -1.471604274199026194E-17, -0.1201656081756482253, -0.1708333333333339477 ) ) ;
#948 = ADVANCED_FACE ( 'NONE', ( #2802 ), #2582, .F. ) ;
#949 = CARTESIAN_POINT ( 'NONE',  ( -0.1040664693413183850, -0.06008280408782407794, -0.3861111111111111271 ) ) ;
#950 = CARTESIAN_POINT ( 'NONE',  ( 0.1201656081756482530, -0.03219827766865979157, -0.06056624327026018106 ) ) ;
#951 = CARTESIAN_POINT ( 'NONE',  ( -0.06937764622754578892, -0.1201656081756481143, -0.3250000000000002331 ) ) ;
#952 = B_SPLINE_CURVE_WITH_KNOTS ( 'NONE', 3,
 ( #2633, #705, #1662, #3069 ),
 .UNSPECIFIED., .F., .F.,
 ( 4, 4 ),
 ( 0.004383055422966754787, 0.006852633349760638322 ),
 .UNSPECIFIED. ) ;
#953 = ORIENTED_EDGE ( 'NONE', *, *, #973, .F. ) ;
#954 =( BOUNDED_CURVE ( )  B_SPLINE_CURVE ( 2, ( #3070, #424, #2403, #242, #2349, #1899, #224 ),
 .UNSPECIFIED., .F., .F. ) 
 B_SPLINE_CURVE_WITH_KNOTS ( ( 3, 2, 2, 3 ),
 ( 0.08818423248218167088, 0.09090909090909091161, 0.1060606060606060635, 0.1136363636363636465 ),
 .UNSPECIFIED. ) 
 CURVE ( )  GEOMETRIC_REPRESENTATION_ITEM ( )  RATIONAL_B_SPLINE_CURVE ( ( 0.9604780314718506240, 0.9759059207056774987, 1.000000000000000000, 0.8660254037844387076, 1.000000000000000000, 0.9330127018922192983, 0.9330127018922194093 ) ) 
 REPRESENTATION_ITEM ( '' )  );
#955 = CARTESIAN_POINT ( 'NONE',  ( 0.1040664693413185932, 0.06008280408782375875, -0.2041666666666672181 ) ) ;
#956 = CARTESIAN_POINT ( 'NONE',  ( -0.1503349364905369467, 1.829991159367305298E-17, -0.01591506350946297887 ) ) ;
#957 = VERTEX_POINT ( 'NONE', #2853 ) ;
#958 = CARTESIAN_POINT ( 'NONE',  ( 0.000000000000000000, 0.000000000000000000, 0.000000000000000000 ) ) ;
#959 = CARTESIAN_POINT ( 'NONE',  ( -0.09233642988436113752, -0.08395473035452294397, -0.3750000000000001110 ) ) ;
#960 = CARTESIAN_POINT ( 'NONE',  ( 0.000000000000000000, 0.1562499999999999722, -0.3736111111111113381 ) ) ;
#961 = AXIS2_PLACEMENT_3D ( 'NONE', #1105, #2076, #877 ) ;
#962 = CC_DESIGN_DATE_AND_TIME_ASSIGNMENT ( #1057, #2781, ( #2210 ) ) ;
#963 = CARTESIAN_POINT ( 'NONE',  ( 0.000000000000000000, 0.1201656081756482253, -0.2458333333333337645 ) ) ;
#964 = ORIENTED_EDGE ( 'NONE', *, *, #2687, .F. ) ;
#965 = CARTESIAN_POINT ( 'NONE',  ( -0.1121762954252402411, -0.05867193282770023083, -0.03994807910380000771 ) ) ;
#966 = CARTESIAN_POINT ( 'NONE',  ( 0.000000000000000000, 0.000000000000000000, -0.6250000000000000000 ) ) ;
#967 = EDGE_CURVE ( 'NONE', #180, #3104, #628, .T. ) ;
#968 = CARTESIAN_POINT ( 'NONE',  ( -0.3125000000000000000, 3.827021247335477078E-17, -0.4734552021282325551 ) ) ;
#969 = VECTOR ( 'NONE', #888, 39.37007874015748854 ) ;
#970 = FACE_OUTER_BOUND ( 'NONE', #233, .T. ) ;
#971 = VERTEX_POINT ( 'NONE', #1353 ) ;
#972 = CARTESIAN_POINT ( 'NONE',  ( -0.05017327021479580512, 0.3318763671788798608, -0.4080265368055671638 ) ) ;
#973 = EDGE_CURVE ( 'NONE', #619, #1856, #852, .T. ) ;
#974 = LINE ( 'NONE', #2723, #1483 ) ;
#975 = ORIENTED_EDGE ( 'NONE', *, *, #1764, .F. ) ;
#976 = CARTESIAN_POINT ( 'NONE',  ( 0.1405396055242955355, 0.2797033391622602005, -0.4725344787923886902 ) ) ;
#977 = DIRECTION ( 'NONE',  ( 0.000000000000000000, 0.000000000000000000, 1.000000000000000000 ) ) ;
#978 = CARTESIAN_POINT ( 'NONE',  ( 0.1562499999999999722, 4.574977898418263246E-18, -0.3374999999999999667 ) ) ;
#979 = B_SPLINE_CURVE_WITH_KNOTS ( 'NONE', 3,
 ( #2871, #2410, #1671, #1215, #3131, #965, #28, #2597, #2361, #525, #787, #55, #84, #772, #1953, #2247, #2485, #1250, #1744, #539, #2732, #310, #1298, #71, #1759, #1549, #2919, #1986, #1314, #2778, #836, #392 ),
 .UNSPECIFIED., .F., .F.,
 ( 4, 2, 2, 2, 2, 2, 2, 2, 2, 2, 2, 2, 2, 2, 2, 4 ),
 ( 0.002282332297399480240, 0.002938051025887155818, 0.003593769754374831829, 0.004249488482862507840, 0.004905207211350183852, 0.005560925939837858996, 0.006216644668325534140, 0.007528082125300886163, 0.008183800853788562174, 0.008839519582276238185, 0.009495238310763914197, 0.01015095703925158847, 0.01080667576773926448, 0.01146239449622694050, 0.01211811322471461824, 0.01277383195320229425 ),
 .UNSPECIFIED. ) ;
#980 = CARTESIAN_POINT ( 'NONE',  ( 0.09021097956087896497, -0.1562500000000000000, -0.2444444444444449360 ) ) ;
#981 = CARTESIAN_POINT ( 'NONE',  ( 0.1040664693413183711, -0.06008280408782416121, -0.3125000000000002776 ) ) ;
#982 = CARTESIAN_POINT ( 'NONE',  ( -0.09021097956087879843, 0.1562500000000000555, -0.2208333333333336312 ) ) ;
#983 = CARTESIAN_POINT ( 'NONE',  ( -0.1562499999999998335, -0.04186706131736259162, -0.05887820117418595539 ) ) ;
#984 = CARTESIAN_POINT ( 'NONE',  ( -0.1353164693413188291, -0.07812499999999945877, -0.1069444444444452302 ) ) ;
#985 = DIRECTION ( 'NONE',  ( 0.000000000000000000, 0.000000000000000000, 1.000000000000000000 ) ) ;
#986 = EDGE_LOOP ( 'NONE', ( #2194, #707 ) ) ;
#987 = CARTESIAN_POINT ( 'NONE',  ( -0.09657611293615732395, 0.3050856734425380079, -0.4554960903208860601 ) ) ;
#988 = CARTESIAN_POINT ( 'NONE',  ( 0.1353164693413183572, -0.07812500000000026368, -0.1916666666666670404 ) ) ;
#989 = EDGE_CURVE ( 'NONE', #2386, #1154, #2094, .T. ) ;
#990 = VERTEX_POINT ( 'NONE', #3047 ) ;
#991 = CARTESIAN_POINT ( 'NONE',  ( -0.1201656081756482253, 1.212369143080839737E-16, -0.1402777777777782786 ) ) ;
#992 = CARTESIAN_POINT ( 'NONE',  ( 0.1562499999999999722, 2.470488065145862245E-16, -0.2375000000000002109 ) ) ;
#993 = CARTESIAN_POINT ( 'NONE',  ( -0.1289378288862705058, -0.02739709385558080149, -0.3750000000000000555 ) ) ;
#994 = CARTESIAN_POINT ( 'NONE',  ( 0.1201656081756482392, 3.316858976353241292E-16, -0.06527777777777844792 ) ) ;
#995 = ORIENTED_EDGE ( 'NONE', *, *, #184, .F. ) ;
#996 = CARTESIAN_POINT ( 'NONE',  ( -0.1353164693413185238, 0.07812500000000000000, -0.2152777777777783175 ) ) ;
#997 = CARTESIAN_POINT ( 'NONE',  ( 0.06937764622754555299, -0.1201656081756482669, -0.2666666666666670515 ) ) ;
#998 = LOCAL_TIME ( 17, 51, 10.00000000000000000, #87 ) ;
#999 = CARTESIAN_POINT ( 'NONE',  ( 0.3125000000000000000, -0.1491026970590278999, -0.3610998111681585909 ) ) ;
#1000 = CARTESIAN_POINT ( 'NONE',  ( -0.09021097956087906211, -0.1562499999999999445, -0.3541666666666666852 ) ) ;
#1001 = DIRECTION ( 'NONE',  ( 0.000000000000000000, 0.000000000000000000, 1.000000000000000000 ) ) ;
#1002 = CARTESIAN_POINT ( 'NONE',  ( -0.3124999999999999445, -0.1542629026329530306, -0.3437500000000024980 ) ) ;
#1003 = CARTESIAN_POINT ( 'NONE',  ( 0.1562499999999999445, 0.04186706131736269570, -0.1338782011741857514 ) ) ;
#1004 = CARTESIAN_POINT ( 'NONE',  ( -0.1108621049551369864, 0.05064222722377143687, -0.04460174927868869321 ) ) ;
#1005 = ORIENTED_EDGE ( 'NONE', *, *, #2745, .F. ) ;
#1006 = CARTESIAN_POINT ( 'NONE',  ( -0.1040664693413184683, -0.06008280408782399468, -0.2791666666666670626 ) ) ;
#1007 = CARTESIAN_POINT ( 'NONE',  ( -0.1562499999999999722, 1.913510623667738847E-17, -0.3749999999999999445 ) ) ;
#1008 = VECTOR ( 'NONE', #1991, 39.37007874015747433 ) ;
#1009 = CARTESIAN_POINT ( 'NONE',  ( -0.06712742960276710247, -0.1010543112542472005, -0.3750000000000000555 ) ) ;
#1010 = AXIS2_PLACEMENT_3D ( 'NONE', #2614, #1863, #1138 ) ;
#1011 = EDGE_CURVE ( 'NONE', #1307, #568, #866, .T. ) ;
#1012 = CARTESIAN_POINT ( 'NONE',  ( -0.1040664693413183989, -0.06008280408782408488, -0.2291666666666671570 ) ) ;
#1013 = CARTESIAN_POINT ( 'NONE',  ( 0.1562499999999999722, 0.000000000000000000, -0.3749999999999999445 ) ) ;
#1014 = CARTESIAN_POINT ( 'NONE',  ( 0.1201656081756482114, -0.03219827766865984014, -0.2105662432702598841 ) ) ;
#1015 = CARTESIAN_POINT ( 'NONE',  ( 0.3125000000000000000, -0.1804219591217580410, -0.6250000000000000000 ) ) ;
#1016 = DIRECTION ( 'NONE',  ( -1.000000000000000000, -1.892679809432642417E-16, 0.000000000000000000 ) ) ;
#1017 = CARTESIAN_POINT ( 'NONE',  ( -0.3124999999999999445, -0.1804219591217580410, -0.02083333333333335993 ) ) ;
#1018 = ORIENTED_EDGE ( 'NONE', *, *, #131, .F. ) ;
#1019 = CARTESIAN_POINT ( 'NONE',  ( 0.08328882216692842788, 0.3127570943449530239, -0.4457829916483269650 ) ) ;
#1020 = DIRECTION ( 'NONE',  ( 0.000000000000000000, 0.000000000000000000, 1.000000000000000000 ) ) ;
#1021 = EDGE_CURVE ( 'NONE', #209, #1856, #519, .T. ) ;
#1022 = DIRECTION ( 'NONE',  ( 1.000000000000000000, 0.000000000000000000, 0.000000000000000000 ) ) ;
#1023 = CARTESIAN_POINT ( 'NONE',  ( 0.06937764622754565014, 0.1201656081756481836, 0.09999999999999881206 ) ) ;
#1024 = ADVANCED_FACE ( 'NONE', ( #303 ), #549, .F. ) ;
#1025 = VECTOR ( 'NONE', #2987, 39.37007874015748143 ) ;
#1026 = CARTESIAN_POINT ( 'NONE',  ( -0.1040664693413183711, 0.06008280408782411958, -0.2944444444444446751 ) ) ;
#1027 = CARTESIAN_POINT ( 'NONE',  ( -0.3125000000000000555, 0.1110339260360255070, -0.4218774714600215803 ) ) ;
#1028 = VECTOR ( 'NONE', #2143, 39.37007874015748854 ) ;
#1029 = DIRECTION ( 'NONE',  ( -0.000000000000000000, -0.000000000000000000, 1.000000000000000000 ) ) ;
#1030 = CARTESIAN_POINT ( 'NONE',  ( 0.1201656081756482392, 3.316858976353241292E-16, -0.06527777777777844792 ) ) ;
#1031 = FACE_OUTER_BOUND ( 'NONE', #1607, .T. ) ;
#1032 = ORIENTED_EDGE ( 'NONE', *, *, #503, .T. ) ;
#1033 = CARTESIAN_POINT ( 'NONE',  ( 0.1562499999999999722, 4.574977898418263246E-18, -0.3374999999999999667 ) ) ;
#1034 = CARTESIAN_POINT ( 'NONE',  ( 0.1201656081756481836, -1.006495137652017883E-16, -0.3152777777777779344 ) ) ;
#1035 = CARTESIAN_POINT ( 'NONE',  ( -0.06937764622754563626, -0.1201656081756481836, -0.02500000000000089304 ) ) ;
#1036 = ORIENTED_EDGE ( 'NONE', *, *, #3023, .T. ) ;
#1037 = CARTESIAN_POINT ( 'NONE',  ( 0.1387552924550911615, -2.548893371548234348E-17, -0.2652777777777780566 ) ) ;
#1038 = CARTESIAN_POINT ( 'NONE',  ( 0.09021097956087910374, 0.1562499999999999167, -0.2791666666666668406 ) ) ;
#1039 = APPROVAL_STATUS ( 'not_yet_approved' ) ;
#1040 = EDGE_CURVE ( 'NONE', #1478, #1962, #610, .T. ) ;
#1041 = LINE ( 'NONE', #73, #2093 ) ;
#1042 = CARTESIAN_POINT ( 'NONE',  ( 0.1263691384452229893, 0.06579991774276768013, -0.02410737332918574602 ) ) ;
#1043 = CARTESIAN_POINT ( 'NONE',  ( 0.1201656081756482530, -9.149955796836528340E-17, -0.2152777777777781787 ) ) ;
#1044 = ORIENTED_EDGE ( 'NONE', *, *, #2021, .F. ) ;
#1045 = CARTESIAN_POINT ( 'NONE',  ( 0.1562499999999999722, 0.04186706131736264713, -0.08387820117418588739 ) ) ;
#1046 = CARTESIAN_POINT ( 'NONE',  ( 0.1353164693413185793, 0.07812499999999986122, -0.2319444444444449527 ) ) ;
#1047 = CARTESIAN_POINT ( 'NONE',  ( 0.004139114080656010677, 0.1200943009590826893, -0.04608439182435162401 ) ) ;
#1048 =( BOUNDED_CURVE ( )  B_SPLINE_CURVE ( 2, ( #2547, #3013, #339, #1319, #840 ),
 .UNSPECIFIED., .F., .T. ) 
 B_SPLINE_CURVE_WITH_KNOTS ( ( 3, 2, 3 ),
 ( 0.000000000000000000, 0.01515151515151515194, 0.02272727272727272790 ),
 .UNSPECIFIED. ) 
 CURVE ( )  GEOMETRIC_REPRESENTATION_ITEM ( )  RATIONAL_B_SPLINE_CURVE ( ( 1.000000000000000000, 0.8660254037844387076, 1.000000000000000000, 0.9330127018922194093, 0.9330127018922194093 ) ) 
 REPRESENTATION_ITEM ( '' )  );
#1049 = CARTESIAN_POINT ( 'NONE',  ( 0.1040664693413184405, 0.06008280408782402937, -0.1041666666666674207 ) ) ;
#1050 = DIRECTION ( 'NONE',  ( 0.000000000000000000, 0.000000000000000000, 1.000000000000000000 ) ) ;
#1051 = VERTEX_POINT ( 'NONE', #991 ) ;
#1052 = VECTOR ( 'NONE', #2503, 39.37007874015748143 ) ;
#1053 = PRODUCT_RELATED_PRODUCT_CATEGORY ( 'detail', '', ( #1232 ) ) ;
#1054 = CARTESIAN_POINT ( 'NONE',  ( 0.3125000000000000000, 0.1804219591217580410, -0.02083333333333335993 ) ) ;
#1055 = CARTESIAN_POINT ( 'NONE',  ( -0.06937764622754556687, 0.1201656081756481975, -0.2986111111111113270 ) ) ;
#1056 = CARTESIAN_POINT ( 'NONE',  ( 0.1804219591217580132, -3.314297621015333647E-17, -0.1375000000000004829 ) ) ;
#1057 = DATE_AND_TIME ( #1317, #297 ) ;
#1058 = CYLINDRICAL_SURFACE ( 'NONE', #179, 0.1562499999999999722 ) ;
#1059 = EDGE_CURVE ( 'NONE', #151, #117, #1502, .T. ) ;
#1060 = CARTESIAN_POINT ( 'NONE',  ( -0.07156592196334202183, 0.1323101187172446846, -0.01613378423865070854 ) ) ;
#1061 = DIRECTION ( 'NONE',  ( 1.000000000000000000, 0.000000000000000000, -0.000000000000000000 ) ) ;
#1062 = CARTESIAN_POINT ( 'NONE',  ( -0.1040664693413183017, 0.06008280408782427917, -0.2875000000000003664 ) ) ;
#1063 = CARTESIAN_POINT ( 'NONE',  ( -0.08880801277618353973, 0.08095004789973030135, -0.04608439182435160320 ) ) ;
#1064 = EDGE_CURVE ( 'NONE', #1836, #213, #115, .T. ) ;
#1065 = ORIENTED_EDGE ( 'NONE', *, *, #351, .F. ) ;
#1066 = CARTESIAN_POINT ( 'NONE',  ( 0.1353164693413183295, -0.07812500000000029143, -0.1902777777777783785 ) ) ;
#1067 = CARTESIAN_POINT ( 'NONE',  ( 0.09021097956087910374, 0.1562499999999999167, -0.02777777777777870258 ) ) ;
#1068 = CARTESIAN_POINT ( 'NONE',  ( 0.1562499999999999722, 0.000000000000000000, -0.3749999999999999445 ) ) ;
#1069 = CARTESIAN_POINT ( 'NONE',  ( -0.06937764622754563626, -0.1201656081756481836, 0.02499999999999898137 ) ) ;
#1070 = ORIENTED_EDGE ( 'NONE', *, *, #594, .T. ) ;
#1071 = CARTESIAN_POINT ( 'NONE',  ( -0.1040664693413183850, -0.06008280408782407794, -0.3361111111111112493 ) ) ;
#1072 = CARTESIAN_POINT ( 'NONE',  ( 0.000000000000000000, 0.1562499999999999722, -0.1250000000000004996 ) ) ;
#1073 = SHAPE_DEFINITION_REPRESENTATION ( #3, #456 ) ;
#1074 = VECTOR ( 'NONE', #35, 39.37007874015748143 ) ;
#1075 = CARTESIAN_POINT ( 'NONE',  ( -5.887904700488995772E-16, -0.1201656081756482253, -0.1208333333333340420 ) ) ;
#1076 = CARTESIAN_POINT ( 'NONE',  ( -0.1497583836597290718, 0.03814109031038333958, -0.01201017371686388321 ) ) ;
#1077 = CARTESIAN_POINT ( 'NONE',  ( 0.000000000000000000, 0.000000000000000000, -0.01041666666666683262 ) ) ;
#1078 = CARTESIAN_POINT ( 'NONE',  ( -0.09021097956087913150, -0.1562499999999998890, -0.1527777777777784285 ) ) ;
#1079 = CARTESIAN_POINT ( 'NONE',  ( -0.06937764622754542809, 0.1201656081756483224, -0.2486111111111113936 ) ) ;
#1080 = VERTEX_POINT ( 'NONE', #331 ) ;
#1081 = CARTESIAN_POINT ( 'NONE',  ( 0.1871690500907817467, -0.2527818167896369039, -0.4690140793662969654 ) ) ;
#1082 = CARTESIAN_POINT ( 'NONE',  ( -0.1353164693413185238, -0.07812499999999995837, 0.04305555555555446584 ) ) ;
#1083 = CYLINDRICAL_SURFACE ( 'NONE', #1632, 0.1201656081756482253 ) ;
#1084 = EDGE_CURVE ( 'NONE', #2520, #2071, #828, .T. ) ;
#1085 = CARTESIAN_POINT ( 'NONE',  ( -0.1387552924550911893, 8.496311238494115008E-18, 0.06666666666666556940 ) ) ;
#1086 = ORIENTED_EDGE ( 'NONE', *, *, #301, .T. ) ;
#1087 = CARTESIAN_POINT ( 'NONE',  ( -0.06937764622754556687, 0.1201656081756481975, -0.1986111111111115435 ) ) ;
#1088 = CARTESIAN_POINT ( 'NONE',  ( -0.1353164693413185238, 0.07812500000000000000, -0.2666666666666668295 ) ) ;
#1089 = CALENDAR_DATE ( 2026, 22, 8 ) ;
#1090 = CARTESIAN_POINT ( 'NONE',  ( -0.1201656081756482253, 1.212369143080839737E-16, -0.1333333333333339421 ) ) ;
#1091 = DIRECTION ( 'NONE',  ( 0.000000000000000000, 0.000000000000000000, 1.000000000000000000 ) ) ;
#1092 = CARTESIAN_POINT ( 'NONE',  ( 0.1201656081756482392, 3.591357650258336933E-16, -0.1152777777777783397 ) ) ;
#1093 = ORIENTED_EDGE ( 'NONE', *, *, #2616, .F. ) ;
#1094 = CARTESIAN_POINT ( 'NONE',  ( 0.05017327021479583982, -0.3318763671788800274, -0.4080265368055671638 ) ) ;
#1095 = CARTESIAN_POINT ( 'NONE',  ( 0.1353164693413184683, -0.07812500000000005551, -0.04027777777777870327 ) ) ;
#1096 = CARTESIAN_POINT ( 'NONE',  ( 0.3125000000000000000, 0.09175153066964755744, -0.4400603434260785818 ) ) ;
#1097 = EDGE_CURVE ( 'NONE', #2645, #410, #1400, .T. ) ;
#1098 = CARTESIAN_POINT ( 'NONE',  ( 0.06937764622754555299, -0.1201656081756482669, 0.1333333333333320825 ) ) ;
#1099 = CARTESIAN_POINT ( 'NONE',  ( 0.05016270868101666697, 0.3318824648832502944, -0.4080075951202517537 ) ) ;
#1100 = ORIENTED_EDGE ( 'NONE', *, *, #2389, .T. ) ;
#1101 = CARTESIAN_POINT ( 'NONE',  ( 0.1040664693413183434, -0.06008280408782415427, 0.08055555555555454772 ) ) ;
#1102 = CARTESIAN_POINT ( 'NONE',  ( 0.1804219591217580132, -3.314297621015333647E-17, -0.2375000000000002942 ) ) ;
#1103 = ORIENTED_EDGE ( 'NONE', *, *, #1258, .T. ) ;
#1104 = CARTESIAN_POINT ( 'NONE',  ( 0.1084091965233240640, 0.09974452247947840355, -0.3749999999999998890 ) ) ;
#1105 = CARTESIAN_POINT ( 'NONE',  ( 0.000000000000000000, 0.000000000000000000, -0.02083333333333333218 ) ) ;
#1106 = CARTESIAN_POINT ( 'NONE',  ( 0.3125000000000000000, -0.1721639797486182455, -0.2813627903931635865 ) ) ;
#1107 = CARTESIAN_POINT ( 'NONE',  ( -0.1201656081756482253, 1.097994695620383179E-16, -0.2833333333333337145 ) ) ;
#1108 = AXIS2_PLACEMENT_3D ( 'NONE', #958, #80, #333 ) ;
#1109 = ORIENTED_EDGE ( 'NONE', *, *, #1121, .T. ) ;
#1110 = CARTESIAN_POINT ( 'NONE',  ( 0.1486429809995488127, -0.2750248531502781923, -0.4734703008442711081 ) ) ;
#1111 = CARTESIAN_POINT ( 'NONE',  ( -0.09021097956087906211, -0.1562499999999999445, -0.1527777777777784285 ) ) ;
#1112 = CARTESIAN_POINT ( 'NONE',  ( -0.1168318727896083820, 0.03679623652162657133, -0.04399246472315158224 ) ) ;
#1113 = CARTESIAN_POINT ( 'NONE',  ( -0.3125000000000000000, -0.08448537707485377635, -0.4456163437517168813 ) ) ;
#1114 = CARTESIAN_POINT ( 'NONE',  ( 0.1040664693413183711, -0.06008280408782416121, 0.1374999999999987343 ) ) ;
#1115 = CARTESIAN_POINT ( 'NONE',  ( 0.09021097956087878456, -0.1562500000000000555, -0.2444444444444449360 ) ) ;
#1116 =( BOUNDED_CURVE ( )  B_SPLINE_CURVE ( 2, ( #831, #1310, #536, #1520, #2469, #2039, #2275, #304, #1034 ),
 .UNSPECIFIED., .F., .T. ) 
 B_SPLINE_CURVE_WITH_KNOTS ( ( 3, 2, 2, 2, 3 ),
 ( 0.1136363636363636465, 0.1212121212121212155, 0.1363636363636363535, 0.1515151515151515194, 0.1590909090909090884 ),
 .UNSPECIFIED. ) 
 CURVE ( )  GEOMETRIC_REPRESENTATION_ITEM ( )  RATIONAL_B_SPLINE_CURVE ( ( 0.9330127018922194093, 0.9330127018922194093, 1.000000000000000000, 0.8660254037844387076, 1.000000000000000000, 0.8660254037844387076, 1.000000000000000000, 0.9330127018922194093, 0.9330127018922194093 ) ) 
 REPRESENTATION_ITEM ( '' )  );
#1117 = ORIENTED_EDGE ( 'NONE', *, *, #547, .T. ) ;
#1118 = CARTESIAN_POINT ( 'NONE',  ( 0.1387552924550911615, -2.548893371548234348E-17, 0.03472222222222131477 ) ) ;
#1119 = CARTESIAN_POINT ( 'NONE',  ( 0.09021097956087896497, -0.1562500000000000000, -0.04583333333333397541 ) ) ;
#1120 = ORIENTED_EDGE ( 'NONE', *, *, #777, .T. ) ;
#1121 = EDGE_CURVE ( 'NONE', #1438, #1891, #2672, .T. ) ;
#1122 = CARTESIAN_POINT ( 'NONE',  ( 0.1201656081756482114, -0.03219827766865967361, -0.3605662432702594900 ) ) ;
#1123 = DIRECTION ( 'NONE',  ( 0.000000000000000000, 0.000000000000000000, -1.000000000000000000 ) ) ;
#1124 = CARTESIAN_POINT ( 'NONE',  ( -0.06937764622754605259, -0.1201656081756479477, -0.2250000000000004774 ) ) ;
#1125 = B_SPLINE_CURVE_WITH_KNOTS ( 'NONE', 3,
 ( #726, #458, #2636, #473, #277, #227, #2196, #1949, #2683, #2914, #520, #1175, #739, #2620, #39, #1965, #754, #1501, #2452, #2406, #291, #1244, #2880, #2211, #245, #51, #1193, #1698, #2898, #708 ),
 .UNSPECIFIED., .F., .F.,
 ( 4, 2, 2, 2, 2, 2, 2, 2, 2, 2, 2, 2, 2, 2, 4 ),
 ( 2.064919803650975383E-07, 0.001366034148596106685, 0.002048947976903977165, 0.002731861805211847211, 0.003414775633519717690, 0.004097689461827587303, 0.004780603290135457782, 0.005463517118443328262, 0.006146430946751198741, 0.006829344775059070088, 0.007512258603366940568, 0.008195172431674811048, 0.008878086259982683262, 0.009561000088290553742, 0.01092682774490629123 ),
 .UNSPECIFIED. ) ;
#1126 = ORIENTED_EDGE ( 'NONE', *, *, #756, .T. ) ;
#1127 = CARTESIAN_POINT ( 'NONE',  ( 0.000000000000000000, 0.1562499999999999722, -0.07361111111111193206 ) ) ;
#1128 = CARTESIAN_POINT ( 'NONE',  ( -0.1562499999999999722, 1.913510623667738847E-17, -0.3749999999999999445 ) ) ;
#1129 = CARTESIAN_POINT ( 'NONE',  ( 0.09021097956087925640, 0.1562499999999998057, -0.2791666666666668406 ) ) ;
#1130 = EDGE_LOOP ( 'NONE', ( #2010, #1709, #1492, #870, #2238, #37, #1783 ) ) ;
#1131 = CARTESIAN_POINT ( 'NONE',  ( 0.1040664693413184405, 0.06008280408782401549, -0.06111111111111186545 ) ) ;
#1132 = CARTESIAN_POINT ( 'NONE',  ( 0.09021097956087896497, -0.1562500000000000000, -0.09583333333333388104 ) ) ;
#1133 =( BOUNDED_SURFACE ( )  B_SPLINE_SURFACE ( 1, 2, ( 
 ( #45, #1973, #838, #364, #1300, #2249, #326, #2718, #1566, #1284, #2511, #154, #86, #555, #854, #1807, #1332, #1824, #2499, #821, #2780, #614, #2764, #1038, #790, #2983, #1088, #597, #2017, #2056, #2265, #105, #1537, #1102, #2487, #3012, #1583, #1791, #2530, #804, #2296, #2751, #349, #136, #3028, #1776, #2734, #570, #1597, #1551, #583, #2545, #377, #338, #1316, #2281, #2074, #1056, #119, #2029, #1072, #2043, #2310, #1351, #1761, #3001, #2625, #1132, #1390, #666, #1857, #200, #1644, #3078, #1905, #890, #2327, #2819, #2377, #1119, #216, #2340, #2595, #1838, #432, #2867, #1423, #872, #1407, #2609, #1669, #1890, #3045, #2562, #2107, #183, #680, #648, #2850, #169, #461, #1627, #2359, #2091, #905, #1875, #3063, #1655, #2579, #415, #2835, #1166, #1146, #2139, #2124, #3099, #2799, #918, #697, #3112, #631, #444, #932, #1441, #2395, #1613, #395, #234, #1182, #1370, #1938, #1971, #1455 ),
 ( #2185, #2424, #2671, #1952, #2639, #1509, #1472, #2886, #1231, #1730, #279, #2936, #43, #27, #743, #2471, #2200, #508, #294, #1490, #981, #477, #2917, #2409, #2456, #1716, #1922, #1248, #2439, #759, #2686, #997, #523, #265, #490, #249, #963, #1214, #2215, #53, #1012, #1984, #1198, #2950, #2169, #769, #9, #307, #1743, #2701, #538, #1522, #2157, #3128, #947, #2901, #715, #730, #1702, #1686, #2657, #818, #2525, #1772, #848, #360, #1561, #1787, #2998, #2966, #1049, #593, #2541, #1294, #2228, #580, #2980, #1577, #2292, #1594, #2507, #1311, #346, #2484, #2013, #834, #2053, #1535, #2715, #1035, #2277, #1329, #1802, #1266, #70, #1998, #132, #2040, #567, #3009, #800, #1069, #551, #1819, #81, #2746, #323, #334, #1547, #1281, #116, #1085, #2759, #2730, #3024, #2776, #611, #2496, #2026, #1023, #785, #2243, #1756, #2261, #101, #2862, #1610, #1098, #1114, #3040, #1651, #2066, #2103 ) ),
 .UNSPECIFIED., .F., .F., .F. ) 
 B_SPLINE_SURFACE_WITH_KNOTS ( ( 2, 2 ),
 ( 3, 2, 2, 2, 2, 2, 2, 2, 2, 2, 2, 2, 2, 2, 2, 2, 2, 2, 2, 2, 2, 2, 2, 2, 2, 2, 2, 2, 2, 2, 2, 2, 2, 2, 2, 2, 2, 2, 2, 2, 2, 2, 2, 2, 2, 2, 2, 2, 2, 2, 2, 2, 2, 2, 2, 2, 2, 2, 2, 2, 2, 2, 2, 2, 2, 2, 3 ),
 ( 0.000000000000000000, 1.000000000000000000 ),
 ( 0.000000000000000000, 0.01515151515151515194, 0.03030303030303030387, 0.04545454545454545581, 0.06060606060606060774, 0.07575757575757575968, 0.09090909090909091161, 0.1060606060606060635, 0.1212121212121212155, 0.1363636363636363535, 0.1515151515151515194, 0.1666666666666666574, 0.1818181818181818232, 0.1969696969696969613, 0.2121212121212121271, 0.2272727272727272652, 0.2424242424242424310, 0.2575757575757575690, 0.2727272727272727071, 0.2878787878787879007, 0.3030303030303030387, 0.3181818181818181768, 0.3333333333333333148, 0.3484848484848485084, 0.3636363636363636465, 0.3787878787878787845, 0.3939393939393939226, 0.4090909090909091161, 0.4242424242424242542, 0.4393939393939393923, 0.4545454545454545303, 0.4696969696969697239, 0.4848484848484848619, 0.5000000000000000000, 0.5151515151515151381, 0.5303030303030302761, 0.5454545454545454142, 0.5606060606060605522, 0.5757575757575758013, 0.5909090909090909394, 0.6060606060606060774, 0.6212121212121212155, 0.6363636363636363535, 0.6515151515151514916, 0.6666666666666666297, 0.6818181818181817677, 0.6969696969696970168, 0.7121212121212121549, 0.7272727272727272929, 0.7424242424242424310, 0.7575757575757575690, 0.7727272727272727071, 0.7878787878787878451, 0.8030303030303029832, 0.8181818181818182323, 0.8333333333333333703, 0.8484848484848485084, 0.8636363636363636465, 0.8787878787878787845, 0.8939393939393939226, 0.9090909090909090606, 0.9242424242424241987, 0.9393939393939394478, 0.9545454545454545858, 0.9696969696969697239, 0.9848484848484848619, 1.000000000000000000 ),
 .UNSPECIFIED. ) 
 GEOMETRIC_REPRESENTATION_ITEM ( )  RATIONAL_B_SPLINE_SURFACE ( (
 ( 1.000000000000000000, 0.8660254037844387076, 1.000000000000000000, 0.8660254037844387076, 1.000000000000000000, 0.8660254037844387076, 1.000000000000000000, 0.8660254037844387076, 1.000000000000000000, 0.8660254037844387076, 1.000000000000000000, 0.8660254037844387076, 1.000000000000000000, 0.8660254037844387076, 1.000000000000000000, 0.8660254037844387076, 1.000000000000000000, 0.8660254037844387076, 1.000000000000000000, 0.8660254037844387076, 1.000000000000000000, 0.8660254037844387076, 1.000000000000000000, 0.8660254037844387076, 1.000000000000000000, 0.8660254037844387076, 1.000000000000000000, 0.8660254037844387076, 1.000000000000000000, 0.8660254037844387076, 1.000000000000000000, 0.8660254037844387076, 1.000000000000000000, 0.8660254037844387076, 1.000000000000000000, 0.8660254037844387076, 1.000000000000000000, 0.8660254037844387076, 1.000000000000000000, 0.8660254037844387076, 1.000000000000000000, 0.8660254037844387076, 1.000000000000000000, 0.8660254037844387076, 1.000000000000000000, 0.8660254037844387076, 1.000000000000000000, 0.8660254037844387076, 1.000000000000000000, 0.8660254037844387076, 1.000000000000000000, 0.8660254037844387076, 1.000000000000000000, 0.8660254037844387076, 1.000000000000000000, 0.8660254037844387076, 1.000000000000000000, 0.8660254037844387076, 1.000000000000000000, 0.8660254037844387076, 1.000000000000000000, 0.8660254037844387076, 1.000000000000000000, 0.8660254037844387076, 1.000000000000000000, 0.8660254037844387076, 1.000000000000000000, 0.8660254037844387076, 1.000000000000000000, 0.8660254037844387076, 1.000000000000000000, 0.8660254037844387076, 1.000000000000000000, 0.8660254037844387076, 1.000000000000000000, 0.8660254037844387076, 1.000000000000000000, 0.8660254037844387076, 1.000000000000000000, 0.8660254037844387076, 1.000000000000000000, 0.8660254037844387076, 1.000000000000000000, 0.8660254037844387076, 1.000000000000000000, 0.8660254037844387076, 1.000000000000000000, 0.8660254037844387076, 1.000000000000000000, 0.8660254037844387076, 1.000000000000000000, 0.8660254037844387076, 1.000000000000000000, 0.8660254037844387076, 1.000000000000000000, 0.8660254037844387076, 1.000000000000000000, 0.8660254037844387076, 1.000000000000000000, 0.8660254037844387076, 1.000000000000000000, 0.8660254037844387076, 1.000000000000000000, 0.8660254037844387076, 1.000000000000000000, 0.8660254037844387076, 1.000000000000000000, 0.8660254037844387076, 1.000000000000000000, 0.8660254037844387076, 1.000000000000000000, 0.8660254037844387076, 1.000000000000000000, 0.8660254037844387076, 1.000000000000000000, 0.8660254037844387076, 1.000000000000000000, 0.8660254037844387076, 1.000000000000000000, 0.8660254037844387076, 1.000000000000000000, 0.8660254037844387076, 1.000000000000000000, 0.8660254037844387076, 1.000000000000000000, 0.8660254037844387076, 1.000000000000000000, 0.8660254037844387076, 1.000000000000000000, 0.8660254037844387076, 1.000000000000000000, 0.8660254037844387076, 1.000000000000000000),
 ( 1.000000000000000000, 0.8660254037844387076, 1.000000000000000000, 0.8660254037844387076, 1.000000000000000000, 0.8660254037844387076, 1.000000000000000000, 0.8660254037844387076, 1.000000000000000000, 0.8660254037844387076, 1.000000000000000000, 0.8660254037844387076, 1.000000000000000000, 0.8660254037844387076, 1.000000000000000000, 0.8660254037844387076, 1.000000000000000000, 0.8660254037844387076, 1.000000000000000000, 0.8660254037844387076, 1.000000000000000000, 0.8660254037844387076, 1.000000000000000000, 0.8660254037844387076, 1.000000000000000000, 0.8660254037844387076, 1.000000000000000000, 0.8660254037844387076, 1.000000000000000000, 0.8660254037844387076, 1.000000000000000000, 0.8660254037844387076, 1.000000000000000000, 0.8660254037844387076, 1.000000000000000000, 0.8660254037844387076, 1.000000000000000000, 0.8660254037844387076, 1.000000000000000000, 0.8660254037844387076, 1.000000000000000000, 0.8660254037844387076, 1.000000000000000000, 0.8660254037844387076, 1.000000000000000000, 0.8660254037844387076, 1.000000000000000000, 0.8660254037844387076, 1.000000000000000000, 0.8660254037844387076, 1.000000000000000000, 0.8660254037844387076, 1.000000000000000000, 0.8660254037844387076, 1.000000000000000000, 0.8660254037844387076, 1.000000000000000000, 0.8660254037844387076, 1.000000000000000000, 0.8660254037844387076, 1.000000000000000000, 0.8660254037844387076, 1.000000000000000000, 0.8660254037844387076, 1.000000000000000000, 0.8660254037844387076, 1.000000000000000000, 0.8660254037844387076, 1.000000000000000000, 0.8660254037844387076, 1.000000000000000000, 0.8660254037844387076, 1.000000000000000000, 0.8660254037844387076, 1.000000000000000000, 0.8660254037844387076, 1.000000000000000000, 0.8660254037844387076, 1.000000000000000000, 0.8660254037844387076, 1.000000000000000000, 0.8660254037844387076, 1.000000000000000000, 0.8660254037844387076, 1.000000000000000000, 0.8660254037844387076, 1.000000000000000000, 0.8660254037844387076, 1.000000000000000000, 0.8660254037844387076, 1.000000000000000000, 0.8660254037844387076, 1.000000000000000000, 0.8660254037844387076, 1.000000000000000000, 0.8660254037844387076, 1.000000000000000000, 0.8660254037844387076, 1.000000000000000000, 0.8660254037844387076, 1.000000000000000000, 0.8660254037844387076, 1.000000000000000000, 0.8660254037844387076, 1.000000000000000000, 0.8660254037844387076, 1.000000000000000000, 0.8660254037844387076, 1.000000000000000000, 0.8660254037844387076, 1.000000000000000000, 0.8660254037844387076, 1.000000000000000000, 0.8660254037844387076, 1.000000000000000000, 0.8660254037844387076, 1.000000000000000000, 0.8660254037844387076, 1.000000000000000000, 0.8660254037844387076, 1.000000000000000000, 0.8660254037844387076, 1.000000000000000000, 0.8660254037844387076, 1.000000000000000000, 0.8660254037844387076, 1.000000000000000000, 0.8660254037844387076, 1.000000000000000000, 0.8660254037844387076, 1.000000000000000000, 0.8660254037844387076, 1.000000000000000000) ) ) 
 REPRESENTATION_ITEM ( '' )  SURFACE ( )  );
#1134 = VERTEX_POINT ( 'NONE', #2316 ) ;
#1135 = CARTESIAN_POINT ( 'NONE',  ( 0.08903515473830686533, -0.08983286070914917043, -0.3750000000000001110 ) ) ;
#1136 = CARTESIAN_POINT ( 'NONE',  ( -0.1562499999999999722, 1.463992927493844239E-16, -0.3111111111111114491 ) ) ;
#1137 = EDGE_CURVE ( 'NONE', #2662, #2027, #719, .T. ) ;
#1138 = DIRECTION ( 'NONE',  ( 1.000000000000000000, 0.000000000000000000, 0.000000000000000000 ) ) ;
#1139 = CARTESIAN_POINT ( 'NONE',  ( -0.2524570400596884978, 0.2150877782062388111, -0.4218135616758556528 ) ) ;
#1140 = CARTESIAN_POINT ( 'NONE',  ( -0.1415095999837188423, 0.03528779270256362371, -0.02068510260802746553 ) ) ;
#1141 = PRODUCT_DEFINITION_FORMATION_WITH_SPECIFIED_SOURCE ( 'ANY', '', #1232, .NOT_KNOWN. ) ;
#1142 = VERTEX_POINT ( 'NONE', #2493 ) ;
#1143 = CARTESIAN_POINT ( 'NONE',  ( -0.007155027074707401291, 0.3567129614358747203, -0.2813777321611323767 ) ) ;
#1144 = CARTESIAN_POINT ( 'NONE',  ( 0.1040664693413183434, -0.06008280408782415427, -0.06944444444444515530 ) ) ;
#1145 = ORIENTED_EDGE ( 'NONE', *, *, #2461, .T. ) ;
#1146 = CARTESIAN_POINT ( 'NONE',  ( -0.1353164693413185238, -0.07812499999999995837, 0.09166666666666571650 ) ) ;
#1147 = ORIENTED_EDGE ( 'NONE', *, *, #617, .T. ) ;
#1148 = DIRECTION ( 'NONE',  ( 0.000000000000000000, 0.000000000000000000, 1.000000000000000000 ) ) ;
#1149 = CARTESIAN_POINT ( 'NONE',  ( 0.1201656081756483085, -0.03219827766865969443, -0.2675106877147040429 ) ) ;
#1150 = CARTESIAN_POINT ( 'NONE',  ( 0.1040664693413186070, 0.06008280408782373794, -0.1611111111111116212 ) ) ;
#1151 =( BOUNDED_CURVE ( )  B_SPLINE_CURVE ( 2, ( #601, #2252, #1600, #2032, #1810, #585, #2297, #2234, #2532 ),
 .UNSPECIFIED., .F., .F. ) 
 B_SPLINE_CURVE_WITH_KNOTS ( ( 3, 2, 2, 2, 3 ),
 ( 0.4318181818181818787, 0.4393939393939393923, 0.4545454545454545303, 0.4696969696969697239, 0.4772727272727273484 ),
 .UNSPECIFIED. ) 
 CURVE ( )  GEOMETRIC_REPRESENTATION_ITEM ( )  RATIONAL_B_SPLINE_CURVE ( ( 0.9330127018922194093, 0.9330127018922198534, 1.000000000000000000, 0.8660254037844387076, 1.000000000000000000, 0.8660254037844387076, 1.000000000000000000, 0.9330127018922188542, 0.9330127018922194093 ) ) 
 REPRESENTATION_ITEM ( '' )  );
#1152 = CARTESIAN_POINT ( 'NONE',  ( 0.2968750000000000000, 0.000000000000000000, -0.02083333333333333218 ) ) ;
#1153 = ADVANCED_FACE ( 'NONE', ( #3052 ), #3006, .F. ) ;
#1154 = VERTEX_POINT ( 'NONE', #1798 ) ;
#1155 = FACE_OUTER_BOUND ( 'NONE', #1611, .T. ) ;
#1156 = DIRECTION ( 'NONE',  ( 1.000000000000000000, 0.000000000000000000, 0.000000000000000000 ) ) ;
#1157 = EDGE_CURVE ( 'NONE', #1403, #2601, #2571, .T. ) ;
#1158 = ORIENTED_EDGE ( 'NONE', *, *, #1157, .T. ) ;
#1159 = CARTESIAN_POINT ( 'NONE',  ( 0.1562500000000000000, 0.04186706131736280673, -0.2852670900630741024 ) ) ;
#1160 = CARTESIAN_POINT ( 'NONE',  ( -0.09021097956087958947, -0.1562499999999995837, -0.2527777777777782675 ) ) ;
#1161 = ORIENTED_EDGE ( 'NONE', *, *, #1673, .T. ) ;
#1162 = VECTOR ( 'NONE', #103, 39.37007874015748143 ) ;
#1163 = CARTESIAN_POINT ( 'NONE',  ( -0.1562500000000000000, -3.751481876702976385E-16, -0.01250000000000069285 ) ) ;
#1164 = CARTESIAN_POINT ( 'NONE',  ( -0.06937764622754556687, 0.1201656081756481975, -0.04861111111111186128 ) ) ;
#1165 = ORIENTED_EDGE ( 'NONE', *, *, #1801, .T. ) ;
#1166 = CARTESIAN_POINT ( 'NONE',  ( -0.1804219591217580132, 1.104765873671777625E-17, 0.08749999999999906464 ) ) ;
#1167 = CARTESIAN_POINT ( 'NONE',  ( 0.1562499999999999722, 0.04186706131736260550, -0.03387820117418598176 ) ) ;
#1168 = LINE ( 'NONE', #2144, #2380 ) ;
#1169 = CARTESIAN_POINT ( 'NONE',  ( 0.01464334541693702169, 0.3523895788252106587, -0.3126480791171058482 ) ) ;
#1170 = VERTEX_POINT ( 'NONE', #2877 ) ;
#1171 = DIRECTION ( 'NONE',  ( -0.000000000000000000, -0.000000000000000000, 1.000000000000000000 ) ) ;
#1172 = CARTESIAN_POINT ( 'NONE',  ( -0.1491371167444831003, 0.009132995199228156197, -0.01711288325551689471 ) ) ;
#1173 = VERTEX_POINT ( 'NONE', #925 ) ;
#1174 = ADVANCED_FACE ( 'NONE', ( #2368 ), #2588, .T. ) ;
#1175 = CARTESIAN_POINT ( 'NONE',  ( -0.1177475517328452626, -0.2928623375541384299, -0.4663530632616333382 ) ) ;
#1176 = CIRCLE ( 'NONE', #2961, 0.1562500000000000000 ) ;
#1177 = DIRECTION ( 'NONE',  ( -1.000000000000000000, 0.000000000000000000, 0.000000000000000000 ) ) ;
#1178 = CARTESIAN_POINT ( 'NONE',  ( 0.3125000000000000000, -0.1804219591217580410, -0.02083333333333335993 ) ) ;
#1179 = ORIENTED_EDGE ( 'NONE', *, *, #1639, .T. ) ;
#1180 = CARTESIAN_POINT ( 'NONE',  ( -0.09021097956087906211, -0.1562499999999999445, -0.2527777777777782675 ) ) ;
#1181 = ORIENTED_EDGE ( 'NONE', *, *, #2829, .T. ) ;
#1182 = CARTESIAN_POINT ( 'NONE',  ( 0.1353164693413184683, -0.07812500000000005551, 0.1583333333333322435 ) ) ;
#1183 = CARTESIAN_POINT ( 'NONE',  ( 0.000000000000000000, 0.000000000000000000, -0.2500000000000000000 ) ) ;
#1184 = CARTESIAN_POINT ( 'NONE',  ( -0.06937764622754570565, -0.1201656081756481420, -0.07500000000000082989 ) ) ;
#1185 = CARTESIAN_POINT ( 'NONE',  ( 0.3125000000000000000, 0.1230729993108041764, -0.4082907825104328814 ) ) ;
#1186 = LINE ( 'NONE', #2414, #2230 ) ;
#1187 = VERTEX_POINT ( 'NONE', #1416 ) ;
#1188 = CARTESIAN_POINT ( 'NONE',  ( 0.1201656081756482530, -9.149955796836528340E-17, -0.2083333333333338422 ) ) ;
#1189 = CARTESIAN_POINT ( 'NONE',  ( 0.1353164693413185793, 0.07812499999999986122, 0.1180555555555542757 ) ) ;
#1190 = PRODUCT_DEFINITION ( 'UNKNOWN', '', #1141, #2978 ) ;
#1191 = EDGE_LOOP ( 'NONE', ( #2580, #1573, #2993, #581 ) ) ;
#1192 =( GEOMETRIC_REPRESENTATION_CONTEXT ( 3 ) GLOBAL_UNCERTAINTY_ASSIGNED_CONTEXT ( ( #1843 ) ) GLOBAL_UNIT_ASSIGNED_CONTEXT ( ( #791, #1762, #1538 ) ) REPRESENTATION_CONTEXT ( 'NONE', 'WORKASPACE' ) );
#1193 = CARTESIAN_POINT ( 'NONE',  ( -0.2668941394015875712, -0.2067525150148759316, -0.4006081255318854617 ) ) ;
#1194 = EDGE_CURVE ( 'NONE', #562, #174, #952, .T. ) ;
#1195 = CARTESIAN_POINT ( 'NONE',  ( -0.1201095467166671260, -0.04823743278781906368, -0.3749999999999999445 ) ) ;
#1196 = DIRECTION ( 'NONE',  ( 0.8660254037844385966, 0.5000000000000000000, 0.000000000000000000 ) ) ;
#1197 = CARTESIAN_POINT ( 'NONE',  ( -0.1804219591217580132, 1.104765873671777625E-17, -0.2611111111111115712 ) ) ;
#1198 = CARTESIAN_POINT ( 'NONE',  ( -1.471604274199026194E-17, -0.1201656081756482253, -0.2208333333333338255 ) ) ;
#1199 = ADVANCED_FACE ( 'NONE', ( #1913 ), #1619, .F. ) ;
#1200 = CARTESIAN_POINT ( 'NONE',  ( 0.000000000000000000, 0.000000000000000000, -0.3437500000000000000 ) ) ;
#1201 = CARTESIAN_POINT ( 'NONE',  ( 0.09021097956087895109, -0.1562500000000000000, -0.3458333333333333259 ) ) ;
#1202 = CARTESIAN_POINT ( 'NONE',  ( -0.1353164693413183850, 0.07812500000000020817, -0.3152777777777781010 ) ) ;
#1203 = CYLINDRICAL_SURFACE ( 'NONE', #21, 0.1201656081756482253 ) ;
#1204 = ORIENTED_EDGE ( 'NONE', *, *, #2154, .F. ) ;
#1205 = CARTESIAN_POINT ( 'NONE',  ( -0.03337534171934809085, 0.3415746557175545761, -0.3775360757995211980 ) ) ;
#1206 = DIRECTION ( 'NONE',  ( 1.000000000000000000, 0.000000000000000000, 0.000000000000000000 ) ) ;
#1207 = AXIS2_PLACEMENT_3D ( 'NONE', #1708, #2431, #1222 ) ;
#1208 = EDGE_LOOP ( 'NONE', ( #975, #255 ) ) ;
#1209 = CARTESIAN_POINT ( 'NONE',  ( 3.827021247335477694E-17, 0.1562499999999999722, -0.3250000000000000666 ) ) ;
#1210 = CARTESIAN_POINT ( 'NONE',  ( 0.1562500000000000833, -0.04186706131736295938, -0.2397329099369263083 ) ) ;
#1211 = AXIS2_PLACEMENT_3D ( 'NONE', #541, #57, #2642 ) ;
#1212 = CARTESIAN_POINT ( 'NONE',  ( -0.1042773290817071291, 0.1011540071409651187, -0.3750000000000004996 ) ) ;
#1213 = CARTESIAN_POINT ( 'NONE',  ( -0.1353164693413185238, 0.07812500000000000000, -0.3152777777777781010 ) ) ;
#1214 = CARTESIAN_POINT ( 'NONE',  ( -0.06937764622754558075, 0.1201656081756482253, -0.2416666666666671404 ) ) ;
#1215 = CARTESIAN_POINT ( 'NONE',  ( -0.1208269524196027428, -0.03426061501115847119, -0.04095748145087899084 ) ) ;
#1216 = CARTESIAN_POINT ( 'NONE',  ( -0.3053449729251773714, -0.1845529159294659327, -0.2813777321616128257 ) ) ;
#1217 = CARTESIAN_POINT ( 'NONE',  ( 0.1353164693413180242, -0.07812500000000086042, -0.09027777777777858115 ) ) ;
#1218 = EDGE_CURVE ( 'NONE', #1364, #1579, #2882, .T. ) ;
#1219 = CARTESIAN_POINT ( 'NONE',  ( -0.1201656081756482253, 1.471604274199026194E-17, -0.3749999999999999445 ) ) ;
#1220 = VERTEX_POINT ( 'NONE', #1897 ) ;
#1221 = CARTESIAN_POINT ( 'NONE',  ( -0.1201656081756481836, -0.03219827766865920871, -0.08804486784085241435 ) ) ;
#1222 = DIRECTION ( 'NONE',  ( 1.000000000000000000, 0.000000000000000000, 0.000000000000000000 ) ) ;
#1223 = ORIENTED_EDGE ( 'NONE', *, *, #369, .F. ) ;
#1224 = CARTESIAN_POINT ( 'NONE',  ( 0.2668941394015874047, 0.2067525150148760704, -0.4006081255318852952 ) ) ;
#1225 = CARTESIAN_POINT ( 'NONE',  ( -0.1201656081756482392, -1.692741822414757355E-16, -0.2402777777777780621 ) ) ;
#1226 = CARTESIAN_POINT ( 'NONE',  ( 0.1562499999999999722, 2.470488065145862245E-16, -0.2861111111111114269 ) ) ;
#1227 = CARTESIAN_POINT ( 'NONE',  ( -0.08880801277618353973, 0.08095004789973030135, -0.04608439182435160320 ) ) ;
#1228 = ORIENTED_EDGE ( 'NONE', *, *, #2889, .T. ) ;
#1229 = CARTESIAN_POINT ( 'NONE',  ( -0.1353164693413185238, 0.07812500000000000000, -0.2652777777777782231 ) ) ;
#1230 = AXIS2_PLACEMENT_3D ( 'NONE', #1678, #1171, #639 ) ;
#1231 = CARTESIAN_POINT ( 'NONE',  ( 0.1040664693413183711, -0.06008280408782416121, -0.3625000000000001554 ) ) ;
#1232 = PRODUCT ( '90790A185_Black-Oxide Steel High-Heavy-Profile Cap Nut_90790A185_sldprt', '90790A185_Black-Oxide Steel High-Heavy-Profile Cap Nut_90790A185_sldprt', '', ( #615 ) ) ;
#1233 = ORIENTED_EDGE ( 'NONE', *, *, #2135, .F. ) ;
#1234 = CARTESIAN_POINT ( 'NONE',  ( 0.3125000000000000000, -0.06895131735491073777, -0.4554694559074719540 ) ) ;
#1235 = CYLINDRICAL_SURFACE ( 'NONE', #1211, 0.1562499999999999722 ) ;
#1236 = EDGE_CURVE ( 'NONE', #2089, #1633, #1809, .T. ) ;
#1237 = CARTESIAN_POINT ( 'NONE',  ( 0.03215147404665196634, 0.1433189034475595980, -0.01969049211669347127 ) ) ;
#1238 = CARTESIAN_POINT ( 'NONE',  ( -0.1562499999999999722, 1.463992927493844239E-16, -0.2625000000000001776 ) ) ;
#1239 = CARTESIAN_POINT ( 'NONE',  ( 0.1353164693413190789, 0.07812499999999900080, -0.1319444444444451692 ) ) ;
#1240 = CARTESIAN_POINT ( 'NONE',  ( -0.1072314434749989387, 0.05731902050292313894, -0.04489053422088949002 ) ) ;
#1241 = EDGE_CURVE ( 'NONE', #182, #2123, #207, .T. ) ;
#1242 = ORIENTED_EDGE ( 'NONE', *, *, #1999, .F. ) ;
#1243 = CARTESIAN_POINT ( 'NONE',  ( 0.2355092985395224325, -0.2248725613350629204, -0.4402478679664358907 ) ) ;
#1244 = CARTESIAN_POINT ( 'NONE',  ( -0.2290759910266467192, -0.2285868331594011760, -0.4458946165099060277 ) ) ;
#1245 = CARTESIAN_POINT ( 'NONE',  ( 0.000000000000000000, 0.1562499999999999722, -0.3749999999999999445 ) ) ;
#1246 = CARTESIAN_POINT ( 'NONE',  ( 0.1201656081756482392, 3.316858976353241292E-16, -0.06527777777777844792 ) ) ;
#1247 = ORIENTED_EDGE ( 'NONE', *, *, #1805, .F. ) ;
#1248 = CARTESIAN_POINT ( 'NONE',  ( -0.1387552924550911893, 8.496311238494115008E-18, -0.2833333333333337145 ) ) ;
#1249 = CIRCLE ( 'NONE', #2815, 0.2968750000000000000 ) ;
#1250 = CARTESIAN_POINT ( 'NONE',  ( 0.04032970385227142157, -0.1273177661095518665, -0.03297506454172720314 ) ) ;
#1251 = CARTESIAN_POINT ( 'NONE',  ( -0.2898455925416633661, -0.1935014873661601575, -0.3437500000000000555 ) ) ;
#1252 = CARTESIAN_POINT ( 'NONE',  ( -8.421381058627389709E-16, -0.1562499999999999722, -0.04861111111111199312 ) ) ;
#1253 = CARTESIAN_POINT ( 'NONE',  ( 0.1201656081756481836, 0.03219827766865948626, -0.1561004233964079224 ) ) ;
#1254 = CARTESIAN_POINT ( 'NONE',  ( 0.1353164693413191066, 0.07812499999999895917, -0.03333333333333404758 ) ) ;
#1255 = CARTESIAN_POINT ( 'NONE',  ( -0.1871690500907818855, 0.2527818167896365709, -0.4690140793662972429 ) ) ;
#1256 = CARTESIAN_POINT ( 'NONE',  ( 0.1562499999999999722, 0.000000000000000000, -0.3749999999999999445 ) ) ;
#1257 = B_SPLINE_CURVE_WITH_KNOTS ( 'NONE', 3,
 ( #2909, #2191, #1462, #2236 ),
 .UNSPECIFIED., .F., .F.,
 ( 4, 4 ),
 ( 2.086285422424220880E-07, 0.002472420618332824092 ),
 .UNSPECIFIED. ) ;
#1258 = EDGE_CURVE ( 'NONE', #665, #1836, #2128, .T. ) ;
#1259 = VERTEX_POINT ( 'NONE', #2859 ) ;
#1260 = CARTESIAN_POINT ( 'NONE',  ( 0.06539409411482220713, 0.3230886204029115305, -0.4282770820055111227 ) ) ;
#1261 = CARTESIAN_POINT ( 'NONE',  ( 0.04189803220576584358, -0.1126247232427588507, -0.3750000000000000555 ) ) ;
#1262 =( BOUNDED_CURVE ( )  B_SPLINE_CURVE ( 2, ( #3083, #2330, #172, #1124, #2096, #420, #1647, #1014, #2459 ),
 .UNSPECIFIED., .F., .T. ) 
 B_SPLINE_CURVE_WITH_KNOTS ( ( 3, 2, 2, 2, 3 ),
 ( 0.2954545454545455252, 0.3030303030303030387, 0.3181818181818181768, 0.3333333333333333148, 0.3409090909090909394 ),
 .UNSPECIFIED. ) 
 CURVE ( )  GEOMETRIC_REPRESENTATION_ITEM ( )  RATIONAL_B_SPLINE_CURVE ( ( 0.9330127018922194093, 0.9330127018922198534, 1.000000000000000000, 0.8660254037844387076, 1.000000000000000000, 0.8660254037844387076, 1.000000000000000000, 0.9330127018922191873, 0.9330127018922194093 ) ) 
 REPRESENTATION_ITEM ( '' )  );
#1263 = ADVANCED_FACE ( 'NONE', ( #1155 ), #771, .F. ) ;
#1264 = DIRECTION ( 'NONE',  ( 0.000000000000000000, 0.000000000000000000, 1.000000000000000000 ) ) ;
#1265 = AXIS2_PLACEMENT_3D ( 'NONE', #1450, #977, #1683 ) ;
#1266 = CARTESIAN_POINT ( 'NONE',  ( 0.1387552924550911893, -2.548893371548234657E-17, -0.008333333333334315071 ) ) ;
#1267 = VERTEX_POINT ( 'NONE', #3087 ) ;
#1268 = CARTESIAN_POINT ( 'NONE',  ( -0.1040664693413183711, 0.06008280408782411958, -0.1944444444444448916 ) ) ;
#1269 = CARTESIAN_POINT ( 'NONE',  ( 0.1201656081756482392, 3.316858976353241292E-16, -0.05833333333333413223 ) ) ;
#1270 = CARTESIAN_POINT ( 'NONE',  ( -0.1201656081756482808, 0.03219827766865999974, -0.1355662432702600118 ) ) ;
#1271 = CARTESIAN_POINT ( 'NONE',  ( -0.1040664693413182462, 0.06008280408782434162, -0.1944444444444448916 ) ) ;
#1272 = CARTESIAN_POINT ( 'NONE',  ( -0.1353164693413183295, 0.07812500000000027756, -0.2152777777777783175 ) ) ;
#1273 = CARTESIAN_POINT ( 'NONE',  ( -0.3124999999999999445, -0.1804219591217580410, -0.2500000000007771561 ) ) ;
#1274 = VECTOR ( 'NONE', #985, 39.37007874015748143 ) ;
#1275 = DIRECTION ( 'NONE',  ( -0.000000000000000000, -0.000000000000000000, 1.000000000000000000 ) ) ;
#1276 = EDGE_LOOP ( 'NONE', ( #243, #817, #1044, #2015, #3098, #2136 ) ) ;
#1277 = CARTESIAN_POINT ( 'NONE',  ( -0.06937764622754580279, -0.1201656081756480865, -0.2750000000000003553 ) ) ;
#1278 = CARTESIAN_POINT ( 'NONE',  ( 0.1040664693413182462, -0.06008280408782434856, -0.1625000000000006162 ) ) ;
#1279 = EDGE_CURVE ( 'NONE', #786, #737, #2690, .T. ) ;
#1280 =( BOUNDED_CURVE ( )  B_SPLINE_CURVE ( 2, ( #2679, #1003, #1239, #2491, #517, #1530, #2206, #48, #77 ),
 .UNSPECIFIED., .F., .T. ) 
 B_SPLINE_CURVE_WITH_KNOTS ( ( 3, 2, 2, 2, 3 ),
 ( 0.5227272727272728181, 0.5303030303030302761, 0.5454545454545454142, 0.5606060606060605522, 0.5681818181818182323 ),
 .UNSPECIFIED. ) 
 CURVE ( )  GEOMETRIC_REPRESENTATION_ITEM ( )  RATIONAL_B_SPLINE_CURVE ( ( 0.9330127018922192983, 0.9330127018922202975, 1.000000000000000000, 0.8660254037844387076, 1.000000000000000000, 0.8660254037844387076, 1.000000000000000000, 0.9330127018922188542, 0.9330127018922194093 ) ) 
 REPRESENTATION_ITEM ( '' )  );
#1281 = CARTESIAN_POINT ( 'NONE',  ( -0.06937764622754558075, 0.1201656081756482253, 0.05833333333333221016 ) ) ;
#1282 = VERTEX_POINT ( 'NONE', #1238 ) ;
#1283 = CARTESIAN_POINT ( 'NONE',  ( -0.1040664693413183711, 0.06008280408782411958, -0.1444444444444450137 ) ) ;
#1284 = CARTESIAN_POINT ( 'NONE',  ( 0.1804219591217580132, -3.314297621015333647E-17, -0.3375000000000000222 ) ) ;
#1285 = LINE ( 'NONE', #2783, #2907 ) ;
#1286 = CARTESIAN_POINT ( 'NONE',  ( -0.3125000000000000000, 3.827021247335477078E-17, -0.4734552021282325551 ) ) ;
#1287 = DIRECTION ( 'NONE',  ( 0.000000000000000000, -1.000000000000000000, 0.000000000000000000 ) ) ;
#1288 = ORIENTED_EDGE ( 'NONE', *, *, #1011, .T. ) ;
#1289 = DIRECTION ( 'NONE',  ( 1.000000000000000000, 0.000000000000000000, 0.000000000000000000 ) ) ;
#1290 = CARTESIAN_POINT ( 'NONE',  ( -0.1804219591217580132, 1.104765873671777625E-17, -0.3111111111111114491 ) ) ;
#1291 = CARTESIAN_POINT ( 'NONE',  ( 0.000000000000000000, 0.000000000000000000, -0.3749999999999999445 ) ) ;
#1292 = CARTESIAN_POINT ( 'NONE',  ( 0.000000000000000000, 0.000000000000000000, -0.3749999999999999445 ) ) ;
#1293 = APPROVAL ( #1552, 'UNSPECIFIED' ) ;
#1294 = CARTESIAN_POINT ( 'NONE',  ( -0.06937764622754558075, 0.1201656081756482253, -0.09166666666666743735 ) ) ;
#1295 = CARTESIAN_POINT ( 'NONE',  ( -0.1562500000000000000, -2.195989391240766358E-16, -0.2611111111111115157 ) ) ;
#1296 = ADVANCED_FACE ( 'NONE', ( #19 ), #299, .F. ) ;
#1297 = ORIENTED_EDGE ( 'NONE', *, *, #2444, .F. ) ;
#1298 = CARTESIAN_POINT ( 'NONE',  ( 0.09330330428802068032, -0.09882063570603118186, -0.03061338816577418784 ) ) ;
#1299 = CARTESIAN_POINT ( 'NONE',  ( 0.1040664693413183434, -0.06008280408782415427, -0.1194444444444450332 ) ) ;
#1300 = CARTESIAN_POINT ( 'NONE',  ( -0.1353164693413185238, -0.07812499999999995837, -0.3583333333333333370 ) ) ;
#1301 = ORGANIZATION ( 'UNSPECIFIED', 'UNSPECIFIED', '' ) ;
#1302 = COORDINATED_UNIVERSAL_TIME_OFFSET ( 8, 0, .BEHIND. ) ;
#1303 = ADVANCED_FACE ( 'NONE', ( #273 ), #524, .T. ) ;
#1304 = DIRECTION ( 'NONE',  ( -0.000000000000000000, -0.000000000000000000, 1.000000000000000000 ) ) ;
#1305 = CARTESIAN_POINT ( 'NONE',  ( -0.1201656081756482253, 1.097994695620383179E-16, -0.2833333333333337145 ) ) ;
#1306 = CARTESIAN_POINT ( 'NONE',  ( 0.09021097956087964498, 0.1562499999999995837, -0.1291666666666671515 ) ) ;
#1307 = VERTEX_POINT ( 'NONE', #497 ) ;
#1308 = CARTESIAN_POINT ( 'NONE',  ( -0.1562499999999999722, 1.913510623667738847E-17, -0.3749999999999999445 ) ) ;
#1309 = CARTESIAN_POINT ( 'NONE',  ( -0.1353164693413185238, -0.07812499999999995837, -0.006944444444445410300 ) ) ;
#1310 = CARTESIAN_POINT ( 'NONE',  ( -0.1201656081756482253, -0.03219827766865955565, -0.3380448678408518037 ) ) ;
#1311 = CARTESIAN_POINT ( 'NONE',  ( 0.1387552924550911893, -2.548893371548234657E-17, -0.05833333333333419468 ) ) ;
#1312 = VERTEX_POINT ( 'NONE', #61 ) ;
#1313 = AXIS2_PLACEMENT_3D ( 'NONE', #440, #2860, #1883 ) ;
#1314 = CARTESIAN_POINT ( 'NONE',  ( 0.1344348750256197655, -0.03400540071887452054, -0.02785111665927902241 ) ) ;
#1315 = CARTESIAN_POINT ( 'NONE',  ( -0.1387552924550911615, 8.496311238494113468E-18, -0.2402777777777781176 ) ) ;
#1316 = CARTESIAN_POINT ( 'NONE',  ( -1.913510623667738847E-17, -0.1562499999999999722, -0.1500000000000004385 ) ) ;
#1317 = CALENDAR_DATE ( 2026, 22, 8 ) ;
#1318 = AXIS2_PLACEMENT_3D ( 'NONE', #2854, #12, #219 ) ;
#1319 = CARTESIAN_POINT ( 'NONE',  ( -0.1562499999999999722, 0.04186706131736293163, -0.3647329099369260863 ) ) ;
#1320 = CARTESIAN_POINT ( 'NONE',  ( -0.1236617303714252908, 0.08962534992925227928, -0.01382821584333803443 ) ) ;
#1321 = CARTESIAN_POINT ( 'NONE',  ( -0.3072916666666665186, 3.763237559879885855E-17, -0.01041666666666683262 ) ) ;
#1322 = EDGE_CURVE ( 'NONE', #1389, #2536, #1424, .T. ) ;
#1323 = CARTESIAN_POINT ( 'NONE',  ( 0.1562500000000000278, -0.04186706131736305653, -0.1383440210480378074 ) ) ;
#1324 = CARTESIAN_POINT ( 'NONE',  ( 0.1562500000000000000, 4.712227235370811128E-16, -0.08750000000000049405 ) ) ;
#1325 = ORIENTED_EDGE ( 'NONE', *, *, #2267, .F. ) ;
#1326 = CARTESIAN_POINT ( 'NONE',  ( 0.02712909875245996666, -0.3451809257759114735, -0.3611224150291337254 ) ) ;
#1327 = CARTESIAN_POINT ( 'NONE',  ( 0.000000000000000000, 0.1562499999999999722, 0.07638888888888770157 ) ) ;
#1328 = CARTESIAN_POINT ( 'NONE',  ( 0.1040664693413184544, 0.06008280408782400162, -0.3111111111111113381 ) ) ;
#1329 = CARTESIAN_POINT ( 'NONE',  ( 0.06937764622754555299, -0.1201656081756482669, -0.01666666666666760319 ) ) ;
#1330 = ORIENTED_EDGE ( 'NONE', *, *, #1040, .F. ) ;
#1331 = CARTESIAN_POINT ( 'NONE',  ( 0.06937764622754565014, 0.1201656081756481559, -0.2569444444444447528 ) ) ;
#1332 = CARTESIAN_POINT ( 'NONE',  ( -0.1353164693413185238, -0.07812499999999995837, -0.3083333333333334592 ) ) ;
#1333 = DIRECTION ( 'NONE',  ( 0.000000000000000000, 0.000000000000000000, 1.000000000000000000 ) ) ;
#1334 = VECTOR ( 'NONE', #2812, 39.37007874015748143 ) ;
#1335 = CARTESIAN_POINT ( 'NONE',  ( 0.09021097956087961722, 0.1562499999999995837, -0.2277777777777782731 ) ) ;
#1336 = DIRECTION ( 'NONE',  ( -1.000000000000000000, 1.224646799147353454E-16, 0.000000000000000000 ) ) ;
#1337 = CARTESIAN_POINT ( 'NONE',  ( 0.1562499999999999722, 1.646992043430574584E-16, -0.1375000000000004274 ) ) ;
#1338 = CIRCLE ( 'NONE', #235, 0.2968750000000000000 ) ;
#1339 = CARTESIAN_POINT ( 'NONE',  ( 0.1201656081756482253, 1.235244032572931123E-16, -0.1652777777777782731 ) ) ;
#1340 = ADVANCED_FACE ( 'NONE', ( #1990 ), #2430, .T. ) ;
#1341 = ORIENTED_EDGE ( 'NONE', *, *, #2242, .F. ) ;
#1342 = CARTESIAN_POINT ( 'NONE',  ( 0.000000000000000000, 0.000000000000000000, -0.3749999999999999445 ) ) ;
#1343 = CARTESIAN_POINT ( 'NONE',  ( -0.09021097956087899272, 0.1562499999999999722, 0.08055555555555440894 ) ) ;
#1344 = CARTESIAN_POINT ( 'NONE',  ( -0.1201656081756482253, -0.03219827766865955565, -0.3311004233964076060 ) ) ;
#1345 = EDGE_CURVE ( 'NONE', #1170, #1312, #2708, .T. ) ;
#1346 = CARTESIAN_POINT ( 'NONE',  ( -0.1562500000000000000, -3.751481876702976385E-16, -0.01250000000000069285 ) ) ;
#1347 = CARTESIAN_POINT ( 'NONE',  ( 0.1353164693413183572, -0.07812500000000026368, -0.2402777777777782842 ) ) ;
#1348 = EDGE_LOOP ( 'NONE', ( #1853, #694, #1881, #930 ) ) ;
#1349 = FACE_OUTER_BOUND ( 'NONE', #1348, .T. ) ;
#1350 = CARTESIAN_POINT ( 'NONE',  ( -1.471604274199025886E-17, -0.1201656081756482114, 0.07222222222222118848 ) ) ;
#1351 = CARTESIAN_POINT ( 'NONE',  ( -0.1804219591217580132, 1.104765873671777625E-17, -0.1125000000000005163 ) ) ;
#1352 = PERSON_AND_ORGANIZATION ( #2078, #1301 ) ;
#1353 = CARTESIAN_POINT ( 'NONE',  ( 0.2968750000000000000, 0.000000000000000000, -0.01041666666666683262 ) ) ;
#1354 = CARTESIAN_POINT ( 'NONE',  ( -0.1539694628912051388, 0.01937269697153556208, -0.01136454343170326640 ) ) ;
#1355 = DIRECTION ( 'NONE',  ( -1.000000000000000000, 0.000000000000000000, 0.000000000000000000 ) ) ;
#1356 = CARTESIAN_POINT ( 'NONE',  ( -0.02265440745833625924, -0.3477643899991139653, -0.3437500000000000555 ) ) ;
#1357 = LINE ( 'NONE', #3050, #1985 ) ;
#1358 = ORIENTED_EDGE ( 'NONE', *, *, #1084, .T. ) ;
#1359 = CARTESIAN_POINT ( 'NONE',  ( -0.1562500000000000000, -3.751481876702976385E-16, -0.06111111111111194177 ) ) ;
#1360 = CARTESIAN_POINT ( 'NONE',  ( 0.1353164693413184683, -0.07812500000000005551, 0.009722222222221238788 ) ) ;
#1361 = ADVANCED_FACE ( 'NONE', ( #2694 ), #545, .F. ) ;
#1362 = B_SPLINE_CURVE_WITH_KNOTS ( 'NONE', 3,
 ( #2767, #2034, #2785, #1356 ),
 .UNSPECIFIED., .F., .F.,
 ( 4, 4 ),
 ( 2.067945329462184304E-07, 0.002472418784303528471 ),
 .UNSPECIFIED. ) ;
#1363 = CARTESIAN_POINT ( 'NONE',  ( 0.3125000000000001665, 0.06923701495873731127, -0.4553148026143358229 ) ) ;
#1364 = VERTEX_POINT ( 'NONE', #1945 ) ;
#1365 = EDGE_CURVE ( 'NONE', #568, #990, #1257, .T. ) ;
#1366 = CARTESIAN_POINT ( 'NONE',  ( -0.09021097956087924252, -0.1562499999999998335, -0.3041666666666668628 ) ) ;
#1367 = EDGE_LOOP ( 'NONE', ( #1378, #2, #2347, #2809 ) ) ;
#1368 = LINE ( 'NONE', #3061, #969 ) ;
#1369 = CARTESIAN_POINT ( 'NONE',  ( -0.1040664693413183711, 0.06008280408782411958, 0.05555555555555460878 ) ) ;
#1370 = CARTESIAN_POINT ( 'NONE',  ( 0.1804219591217580132, -3.314297621015333647E-17, 0.1624999999999988676 ) ) ;
#1371 = EDGE_LOOP ( 'NONE', ( #835, #3125, #141, #941 ) ) ;
#1372 = CARTESIAN_POINT ( 'NONE',  ( 0.1350024472769179584, -0.01398863289936823871, -0.3749999999999998890 ) ) ;
#1373 = CARTESIAN_POINT ( 'NONE',  ( -0.1552153957838810772, 0.009721389827730410674, -0.01103460421611880335 ) ) ;
#1374 = CARTESIAN_POINT ( 'NONE',  ( 0.1562500000000000833, -0.04186706131736295938, -0.2883440210480375243 ) ) ;
#1375 = CARTESIAN_POINT ( 'NONE',  ( 0.000000000000000000, 5.472537105336718010E-17, -0.4902109795608785014 ) ) ;
#1376 = VECTOR ( 'NONE', #2391, 39.37007874015748143 ) ;
#1377 = APPLICATION_CONTEXT ( 'configuration controlled 3d designs of mechanical parts and assemblies' ) ;
#1378 = ORIENTED_EDGE ( 'NONE', *, *, #412, .F. ) ;
#1379 = CARTESIAN_POINT ( 'NONE',  ( 1.177283419359220956E-16, 0.1201656081756482253, -0.1958333333333338866 ) ) ;
#1380 = VECTOR ( 'NONE', #488, 39.37007874015748143 ) ;
#1381 = CARTESIAN_POINT ( 'NONE',  ( 0.1353164693413185793, 0.07812499999999986122, 0.06805555555555439784 ) ) ;
#1382 = CARTESIAN_POINT ( 'NONE',  ( 0.1040664693413180242, -0.06008280408782475102, -0.1194444444444450332 ) ) ;
#1383 = DIRECTION ( 'NONE',  ( 1.000000000000000000, 0.000000000000000000, 0.000000000000000000 ) ) ;
#1384 = B_SPLINE_CURVE_WITH_KNOTS ( 'NONE', 3,
 ( #1245, #2167, #2667, #2915, #40, #755, #2435, #1212, #25, #246, #1728, #2212, #2684, #292, #521, #504, #2197, #2965, #2453, #993, #768, #1195, #262, #5, #1741, #959, #1967, #52, #1009, #1488 ),
 .UNSPECIFIED., .F., .F.,
 ( 4, 2, 2, 2, 2, 2, 2, 2, 2, 2, 2, 2, 2, 2, 4 ),
 ( 0.000000000000000000, 0.001150191384504642379, 0.002300382769009284758, 0.002875478461261606489, 0.003450574153513927787, 0.004025669845766249519, 0.004600765538018571250, 0.005175861230270892982, 0.005750956922523213846, 0.006326052614775535578, 0.006901148307027855575, 0.007476243999280176439, 0.008051339691532499038, 0.008626435383784819902, 0.009201531076037140766 ),
 .UNSPECIFIED. ) ;
#1385 = CARTESIAN_POINT ( 'NONE',  ( 0.1040664693413184405, 0.06008280408782402937, -0.3611111111111112160 ) ) ;
#1386 = EDGE_CURVE ( 'NONE', #1080, #256, #493, .T. ) ;
#1387 = ORIENTED_EDGE ( 'NONE', *, *, #2631, .F. ) ;
#1388 = CARTESIAN_POINT ( 'NONE',  ( 0.06937764622754553911, -0.1201656081756482392, -0.02361111111111191888 ) ) ;
#1389 = VERTEX_POINT ( 'NONE', #1540 ) ;
#1390 = CARTESIAN_POINT ( 'NONE',  ( 0.1353164693413184683, -0.07812500000000005551, -0.09166666666666721530 ) ) ;
#1391 = ORIENTED_EDGE ( 'NONE', *, *, #721, .F. ) ;
#1392 = CARTESIAN_POINT ( 'NONE',  ( 0.08223031186283447092, 0.1264824947266904032, -0.3750000000000001665 ) ) ;
#1393 = CARTESIAN_POINT ( 'NONE',  ( 0.2968750000000000000, 0.000000000000000000, 0.000000000000000000 ) ) ;
#1394 = CARTESIAN_POINT ( 'NONE',  ( -0.1562500000000000000, -0.04186706131736270958, -0.3088782011741854627 ) ) ;
#1395 = DIRECTION ( 'NONE',  ( 1.000000000000000000, 0.000000000000000000, 0.000000000000000000 ) ) ;
#1396 =( BOUNDED_CURVE ( )  B_SPLINE_CURVE ( 2, ( #2574, #1159, #2337, #1129, #2134, #3108, #928, #1901, #692 ),
 .UNSPECIFIED., .F., .T. ) 
 B_SPLINE_CURVE_WITH_KNOTS ( ( 3, 2, 2, 2, 3 ),
 ( 0.1590909090909090884, 0.1666666666666666574, 0.1818181818181818232, 0.1969696969696969613, 0.2045454545454545581 ),
 .UNSPECIFIED. ) 
 CURVE ( )  GEOMETRIC_REPRESENTATION_ITEM ( )  RATIONAL_B_SPLINE_CURVE ( ( 0.9330127018922194093, 0.9330127018922194093, 1.000000000000000000, 0.8660254037844387076, 1.000000000000000000, 0.8660254037844387076, 1.000000000000000000, 0.9330127018922191873, 0.9330127018922192983 ) ) 
 REPRESENTATION_ITEM ( '' )  );
#1397 = CARTESIAN_POINT ( 'NONE',  ( -0.3053449729252927791, 0.1845529159293992361, -0.2813777321611322657 ) ) ;
#1398 = VERTEX_POINT ( 'NONE', #1781 ) ;
#1399 = CARTESIAN_POINT ( 'NONE',  ( -0.06937764622754540034, 0.1201656081756483224, -0.1916666666666672347 ) ) ;
#1400 = CIRCLE ( 'NONE', #32, 0.3072916666666665186 ) ;
#1401 = DIRECTION ( 'NONE',  ( -0.000000000000000000, -0.000000000000000000, 1.000000000000000000 ) ) ;
#1402 = CARTESIAN_POINT ( 'NONE',  ( 2.260961667158486591E-16, -0.3608439182435160264, -0.2500000000000008882 ) ) ;
#1403 = VERTEX_POINT ( 'NONE', #2722 ) ;
#1404 = CARTESIAN_POINT ( 'NONE',  ( -0.06937764622754548360, 0.1201656081756482808, -0.3486111111111112604 ) ) ;
#1405 = ORIENTED_EDGE ( 'NONE', *, *, #471, .T. ) ;
#1406 = CARTESIAN_POINT ( 'NONE',  ( -0.06937764622754562238, -0.1201656081756481559, 0.1180555555555544284 ) ) ;
#1407 = CARTESIAN_POINT ( 'NONE',  ( -0.1353164693413185238, -0.07812499999999995837, -0.008333333333334110374 ) ) ;
#1408 = EDGE_CURVE ( 'NONE', #2897, #1220, #927, .T. ) ;
#1409 = VERTEX_POINT ( 'NONE', #1286 ) ;
#1410 = CARTESIAN_POINT ( 'NONE',  ( 0.1052730967530601663, -0.07430140002491258944, -0.3750000000000005551 ) ) ;
#1411 = CARTESIAN_POINT ( 'NONE',  ( 0.3125000000000000000, 0.1804219591217580965, -0.6250000000000000000 ) ) ;
#1412 = CARTESIAN_POINT ( 'NONE',  ( -0.1040664693413186209, -0.06008280408782370324, -0.07916666666666748176 ) ) ;
#1413 = EDGE_CURVE ( 'NONE', #2386, #1677, #2766, .T. ) ;
#1414 = CARTESIAN_POINT ( 'NONE',  ( -0.1201656081756482114, 0.03219827766865973606, -0.3355662432702595788 ) ) ;
#1415 = ORIENTED_EDGE ( 'NONE', *, *, #1966, .T. ) ;
#1416 = CARTESIAN_POINT ( 'NONE',  ( 0.1201656081756481836, -1.006495137652017883E-16, -0.3152777777777779344 ) ) ;
#1417 = ORIENTED_EDGE ( 'NONE', *, *, #2668, .F. ) ;
#1418 = CARTESIAN_POINT ( 'NONE',  ( -0.1562500000000000833, 0.04186706131736302877, -0.1647329099369264083 ) ) ;
#1419 = DIRECTION ( 'NONE',  ( 1.000000000000000000, 0.000000000000000000, 0.000000000000000000 ) ) ;
#1420 = CARTESIAN_POINT ( 'NONE',  ( 0.1201656081756482253, 4.574977898418263246E-18, -0.3652777777777778123 ) ) ;
#1421 = CARTESIAN_POINT ( 'NONE',  ( -0.1040664693413183850, -0.06008280408782407794, 0.06388888888888789863 ) ) ;
#1422 = ORIENTED_EDGE ( 'NONE', *, *, #1059, .F. ) ;
#1423 = CARTESIAN_POINT ( 'NONE',  ( -0.1353164693413185238, 0.07812500000000000000, -0.01666666666666739849 ) ) ;
#1424 = B_SPLINE_CURVE_WITH_KNOTS ( 'NONE', 3,
 ( #1273, #1480, #750, #1002 ),
 .UNSPECIFIED., .F., .F.,
 ( 4, 4 ),
 ( 0.01441325056187841257, 0.01688271073421578061 ),
 .UNSPECIFIED. ) ;
#1425 = CARTESIAN_POINT ( 'NONE',  ( -1.398496342903347996E-16, 0.3608439182435160264, -0.2500000000000008882 ) ) ;
#1426 = DIRECTION ( 'NONE',  ( 0.000000000000000000, 0.000000000000000000, 1.000000000000000000 ) ) ;
#1427 = DIRECTION ( 'NONE',  ( 0.8660254037844388186, -0.4999999999999995559, 0.000000000000000000 ) ) ;
#1428 = CARTESIAN_POINT ( 'NONE',  ( 0.1353164693413187458, 0.07812499999999956979, -0.2819444444444448306 ) ) ;
#1429 = CARTESIAN_POINT ( 'NONE',  ( -0.06937764622754548360, 0.1201656081756482808, -0.3416666666666669516 ) ) ;
#1430 = VECTOR ( 'NONE', #2910, 39.37007874015748143 ) ;
#1431 = ADVANCED_FACE ( 'NONE', ( #2059 ), #2241, .F. ) ;
#1432 = ORIENTED_EDGE ( 'NONE', *, *, #3107, .F. ) ;
#1433 = CARTESIAN_POINT ( 'NONE',  ( 0.06937764622754612198, 0.1201656081756479061, -0.1000000000000007272 ) ) ;
#1434 = VECTOR ( 'NONE', #1621, 39.37007874015748143 ) ;
#1435 = DIRECTION ( 'NONE',  ( 0.000000000000000000, 0.000000000000000000, 1.000000000000000000 ) ) ;
#1436 = ORIENTED_EDGE ( 'NONE', *, *, #2803, .F. ) ;
#1437 = CARTESIAN_POINT ( 'NONE',  ( -1.398496342903347996E-16, 0.3608439182435160264, -0.6250000000000000000 ) ) ;
#1438 = VERTEX_POINT ( 'NONE', #90 ) ;
#1439 = FACE_OUTER_BOUND ( 'NONE', #827, .T. ) ;
#1440 = CARTESIAN_POINT ( 'NONE',  ( 0.09021097956087896497, -0.1562500000000000000, -0.2944444444444447861 ) ) ;
#1441 = CARTESIAN_POINT ( 'NONE',  ( -0.1804219591217580132, 1.104765873671777625E-17, 0.1374999999999989286 ) ) ;
#1442 = CARTESIAN_POINT ( 'NONE',  ( 0.3125000000000000000, -0.1542629026329530029, -0.3437500000000021094 ) ) ;
#1443 = CARTESIAN_POINT ( 'NONE',  ( -0.1040664693413183711, 0.06008280408782416121, -0.3375000000000002442 ) ) ;
#1444 = ORIENTED_EDGE ( 'NONE', *, *, #69, .F. ) ;
#1445 = CARTESIAN_POINT ( 'NONE',  ( -0.2471059058851777512, 0.2181772569623624258, -0.4282770820055114003 ) ) ;
#1446 = CYLINDRICAL_SURFACE ( 'NONE', #309, 0.1562499999999999722 ) ;
#1447 = EDGE_CURVE ( 'NONE', #2681, #625, #2133, .T. ) ;
#1448 = AXIS2_PLACEMENT_3D ( 'NONE', #1629, #1148, #1877 ) ;
#1449 = VERTEX_POINT ( 'NONE', #603 ) ;
#1450 = CARTESIAN_POINT ( 'NONE',  ( 0.000000000000000000, 0.000000000000000000, 38.87986776059660343 ) ) ;
#1451 = EDGE_CURVE ( 'NONE', #196, #3104, #2020, .T. ) ;
#1452 = FACE_OUTER_BOUND ( 'NONE', #2561, .T. ) ;
#1453 = DIRECTION ( 'NONE',  ( 0.5000000000000001110, -0.8660254037844387076, 0.000000000000000000 ) ) ;
#1454 = CARTESIAN_POINT ( 'NONE',  ( -0.09021097956087906211, -0.1562499999999999445, -0.3527777777777780233 ) ) ;
#1455 = CARTESIAN_POINT ( 'NONE',  ( 0.000000000000000000, 0.1562499999999999722, 0.1749999999999988787 ) ) ;
#1456 = CARTESIAN_POINT ( 'NONE',  ( 0.3125000000000001665, -0.009093932310878330774, -0.4734552021282324996 ) ) ;
#1457 = CARTESIAN_POINT ( 'NONE',  ( -1.913510623667738847E-17, -0.1562499999999999722, -0.3500000000000000333 ) ) ;
#1458 = CARTESIAN_POINT ( 'NONE',  ( -0.1562500000000001665, 0.04186706131736314673, -0.01473290993692673648 ) ) ;
#1459 = CARTESIAN_POINT ( 'NONE',  ( -0.09021097956087885394, 0.1562500000000000278, -0.3194444444444447528 ) ) ;
#1460 =( BOUNDED_CURVE ( )  B_SPLINE_CURVE ( 2, ( #2102, #1344, #642, #951, #2174, #885, #2305, #1926, #2555 ),
 .UNSPECIFIED., .F., .T. ) 
 B_SPLINE_CURVE_WITH_KNOTS ( ( 3, 2, 2, 2, 3 ),
 ( 0.1136363636363636465, 0.1212121212121212155, 0.1363636363636363535, 0.1515151515151515194, 0.1590909090909090884 ),
 .UNSPECIFIED. ) 
 CURVE ( )  GEOMETRIC_REPRESENTATION_ITEM ( )  RATIONAL_B_SPLINE_CURVE ( ( 0.9330127018922194093, 0.9330127018922194093, 1.000000000000000000, 0.8660254037844387076, 1.000000000000000000, 0.8660254037844387076, 1.000000000000000000, 0.9330127018922194093, 0.9330127018922194093 ) ) 
 REPRESENTATION_ITEM ( '' )  );
#1461 = ORIENTED_EDGE ( 'NONE', *, *, #2573, .T. ) ;
#1462 = CARTESIAN_POINT ( 'NONE',  ( 0.3053449729254138489, 0.1845529159293294585, -0.2813777321606265591 ) ) ;
#1463 = CARTESIAN_POINT ( 'NONE',  ( -0.06778911593209482889, 0.1124621327416432809, -0.03524567224804026067 ) ) ;
#1464 = EDGE_LOOP ( 'NONE', ( #906, #2198, #2795 ) ) ;
#1465 = ADVANCED_FACE ( 'NONE', ( #1811 ), #808, .F. ) ;
#1466 = AXIS2_PLACEMENT_3D ( 'NONE', #2984, #1333, #2057 ) ;
#1467 = CARTESIAN_POINT ( 'NONE',  ( -0.1353164693413186070, -0.07812499999999983347, -0.2583333333333335813 ) ) ;
#1468 = CARTESIAN_POINT ( 'NONE',  ( -0.3124999999999999445, 0.1804219591217579577, -0.02083333333333335993 ) ) ;
#1469 = EDGE_CURVE ( 'NONE', #1398, #1142, #883, .T. ) ;
#1470 = ORIENTED_EDGE ( 'NONE', *, *, #1546, .F. ) ;
#1471 = CARTESIAN_POINT ( 'NONE',  ( 0.1353164693413185793, 0.07812499999999986122, -0.3319444444444447639 ) ) ;
#1472 = CARTESIAN_POINT ( 'NONE',  ( -1.471604274199026194E-17, -0.1201656081756482253, -0.3708333333333335147 ) ) ;
#1473 = CARTESIAN_POINT ( 'NONE',  ( 0.1201656081756482253, 0.000000000000000000, -0.3749999999999999445 ) ) ;
#1474 = CARTESIAN_POINT ( 'NONE',  ( 0.3125000000000001665, -0.1048254712959710150, -0.4283660085734824485 ) ) ;
#1475 = CARTESIAN_POINT ( 'NONE',  ( 0.1562499999999999722, 2.470488065145862245E-16, -0.2375000000000002109 ) ) ;
#1476 = CARTESIAN_POINT ( 'NONE',  ( -0.3125000000000000000, 3.827021247335477078E-17, -0.4734552021282325551 ) ) ;
#1477 = CARTESIAN_POINT ( 'NONE',  ( 0.3125000000000000000, 0.1804219591217580965, -0.2499999999991835142 ) ) ;
#1478 = VERTEX_POINT ( 'NONE', #1305 ) ;
#1479 = VERTEX_POINT ( 'NONE', #2784 ) ;
#1480 = CARTESIAN_POINT ( 'NONE',  ( -0.3124999999999999445, -0.1721639797484831869, -0.2813627903936516961 ) ) ;
#1481 = DIRECTION ( 'NONE',  ( -0.000000000000000000, -0.000000000000000000, 1.000000000000000000 ) ) ;
#1482 =( BOUNDED_CURVE ( )  B_SPLINE_CURVE ( 2, ( #1623, #2087, #194, #441, #1640, #3057, #2831, #1418, #210 ),
 .UNSPECIFIED., .F., .T. ) 
 B_SPLINE_CURVE_WITH_KNOTS ( ( 3, 2, 2, 2, 3 ),
 ( 0.3409090909090909394, 0.3484848484848485084, 0.3636363636363636465, 0.3787878787878787845, 0.3863636363636364091 ),
 .UNSPECIFIED. ) 
 CURVE ( )  GEOMETRIC_REPRESENTATION_ITEM ( )  RATIONAL_B_SPLINE_CURVE ( ( 0.9330127018922194093, 0.9330127018922196314, 1.000000000000000000, 0.8660254037844387076, 1.000000000000000000, 0.8660254037844387076, 1.000000000000000000, 0.9330127018922188542, 0.9330127018922194093 ) ) 
 REPRESENTATION_ITEM ( '' )  );
#1483 = VECTOR ( 'NONE', #1541, 39.37007874015748143 ) ;
#1484 = ORIENTED_EDGE ( 'NONE', *, *, #1084, .F. ) ;
#1485 = CARTESIAN_POINT ( 'NONE',  ( 0.06004295994031111361, 0.3261780991590355061, -0.4218135616758558193 ) ) ;
#1486 = CARTESIAN_POINT ( 'NONE',  ( 0.09021097956087882619, -0.1562500000000000555, -0.2458333333333335702 ) ) ;
#1487 = CC_DESIGN_PERSON_AND_ORGANIZATION_ASSIGNMENT ( #856, #1825, ( #2210 ) ) ;
#1488 = CARTESIAN_POINT ( 'NONE',  ( -0.06008280408782137871, -0.1040664693413199671, -0.3749999999999999445 ) ) ;
#1489 = CARTESIAN_POINT ( 'NONE',  ( -0.1804219591217580132, 1.104765873671777625E-17, -0.4111111111111111494 ) ) ;
#1490 = CARTESIAN_POINT ( 'NONE',  ( 0.06937764622754555299, -0.1201656081756482669, -0.3166666666666669294 ) ) ;
#1491 = ADVANCED_FACE ( 'NONE', ( #1555 ), #929, .F. ) ;
#1492 = ORIENTED_EDGE ( 'NONE', *, *, #850, .F. ) ;
#1493 = CARTESIAN_POINT ( 'NONE',  ( -0.1562499999999999722, 1.555492485462209288E-16, -0.1125000000000004746 ) ) ;
#1494 = CARTESIAN_POINT ( 'NONE',  ( 0.1562500000000000000, 4.346229003497350438E-16, -0.08611111111111187377 ) ) ;
#1495 = CARTESIAN_POINT ( 'NONE',  ( 0.1562500000000000000, 3.888731213655524206E-16, -0.03611111111111198202 ) ) ;
#1496 = ORIENTED_EDGE ( 'NONE', *, *, #165, .F. ) ;
#1497 = CARTESIAN_POINT ( 'NONE',  ( -0.1642568047517997398, 0.2660102078038367179, -0.4734397118022457551 ) ) ;
#1498 = CARTESIAN_POINT ( 'NONE',  ( -0.1562499999999999445, -0.04186706131736275122, -0.2102670900630742301 ) ) ;
#1499 = ORIENTED_EDGE ( 'NONE', *, *, #225, .T. ) ;
#1500 = CARTESIAN_POINT ( 'NONE',  ( 0.2898455925416631995, 0.1935014873661602963, -0.3437500000000000000 ) ) ;
#1501 = CARTESIAN_POINT ( 'NONE',  ( -0.1869705134179342199, -0.2528964419911491346, -0.4690763462775755510 ) ) ;
#1502 =( BOUNDED_CURVE ( )  B_SPLINE_CURVE ( 2, ( #1033, #1725, #2913, #260, #1209, #738, #798, #2728, #501 ),
 .UNSPECIFIED., .F., .T. ) 
 B_SPLINE_CURVE_WITH_KNOTS ( ( 3, 2, 2, 2, 3 ),
 ( 0.06818181818181819065, 0.07575757575757575968, 0.09090909090909091161, 0.1060606060606060635, 0.1136363636363636465 ),
 .UNSPECIFIED. ) 
 CURVE ( )  GEOMETRIC_REPRESENTATION_ITEM ( )  RATIONAL_B_SPLINE_CURVE ( ( 0.9330127018922194093, 0.9330127018922194093, 1.000000000000000000, 0.8660254037844387076, 1.000000000000000000, 0.8660254037844387076, 1.000000000000000000, 0.9330127018922192983, 0.9330127018922194093 ) ) 
 REPRESENTATION_ITEM ( '' )  );
#1503 = FACE_OUTER_BOUND ( 'NONE', #240, .T. ) ;
#1504 = AXIS2_PLACEMENT_3D ( 'NONE', #1793, #1304, #137 ) ;
#1505 = DIRECTION ( 'NONE',  ( -0.000000000000000000, -0.000000000000000000, 1.000000000000000000 ) ) ;
#1506 = EDGE_LOOP ( 'NONE', ( #3025, #438, #2976, #2355 ) ) ;
#1507 = CARTESIAN_POINT ( 'NONE',  ( 0.1353164693413184683, -0.07812500000000005551, -0.1902777777777783785 ) ) ;
#1508 = CIRCLE ( 'NONE', #130, 0.1562500000000000000 ) ;
#1509 = CARTESIAN_POINT ( 'NONE',  ( -0.06937764622754563626, -0.1201656081756481836, -0.3750000000000001665 ) ) ;
#1510 = ORIENTED_EDGE ( 'NONE', *, *, #2846, .T. ) ;
#1511 = DIRECTION ( 'NONE',  ( 1.000000000000000000, 0.000000000000000000, 0.000000000000000000 ) ) ;
#1512 = EDGE_CURVE ( 'NONE', #1697, #1891, #2973, .T. ) ;
#1513 = FACE_OUTER_BOUND ( 'NONE', #2179, .T. ) ;
#1514 = CARTESIAN_POINT ( 'NONE',  ( 0.000000000000000000, 0.1562499999999999722, -0.3749999999999999445 ) ) ;
#1515 = CARTESIAN_POINT ( 'NONE',  ( 0.1562499999999999722, 0.04186706131736264713, -0.03526709006307465061 ) ) ;
#1516 = CARTESIAN_POINT ( 'NONE',  ( -0.02712909875245989727, 0.3451809257759114735, -0.3611224150291337254 ) ) ;
#1517 = CARTESIAN_POINT ( 'NONE',  ( -0.1519643322130749818, -0.03130883420603604306, -0.01189261602299053477 ) ) ;
#1518 = ORIENTED_EDGE ( 'NONE', *, *, #967, .F. ) ;
#1519 = DIRECTION ( 'NONE',  ( -0.000000000000000000, -0.000000000000000000, 1.000000000000000000 ) ) ;
#1520 = CARTESIAN_POINT ( 'NONE',  ( -0.06937764622754578892, -0.1201656081756481143, -0.3319444444444445974 ) ) ;
#1521 = DIRECTION ( 'NONE',  ( -0.000000000000000000, -0.000000000000000000, -1.000000000000000000 ) ) ;
#1522 = CARTESIAN_POINT ( 'NONE',  ( -0.1387552924550911893, 8.496311238494115008E-18, -0.1833333333333339310 ) ) ;
#1523 = FACE_OUTER_BOUND ( 'NONE', #1464, .T. ) ;
#1524 = B_SPLINE_CURVE_WITH_KNOTS ( 'NONE', 3,
 ( #1251, #526, #1216, #2216 ),
 .UNSPECIFIED., .F., .F.,
 ( 4, 4 ),
 ( 2.086285422421036301E-07, 0.002472420618293833146 ),
 .UNSPECIFIED. ) ;
#1525 = CARTESIAN_POINT ( 'NONE',  ( -0.3125000000000001665, 0.1418775089274873225, -0.3775480946910310109 ) ) ;
#1526 = CARTESIAN_POINT ( 'NONE',  ( 0.1201656081756482253, 1.235244032572931123E-16, -0.1583333333333339088 ) ) ;
#1527 = CARTESIAN_POINT ( 'NONE',  ( -0.06937764622754540034, 0.1201656081756483224, -0.1986111111111115990 ) ) ;
#1528 = CARTESIAN_POINT ( 'NONE',  ( 0.1050783807475478698, 0.09811252170666538708, -0.02281474678000108836 ) ) ;
#1529 = CARTESIAN_POINT ( 'NONE',  ( -0.1407674231339941517, 0.2795718086039746253, -0.4725704386537347701 ) ) ;
#1530 = CARTESIAN_POINT ( 'NONE',  ( -0.09021097956087811842, 0.1562500000000004441, -0.1194444444444451997 ) ) ;
#1531 = ADVANCED_FACE ( 'NONE', ( #2269 ), #107, .F. ) ;
#1532 = ORIENTED_EDGE ( 'NONE', *, *, #2725, .F. ) ;
#1533 = CARTESIAN_POINT ( 'NONE',  ( 0.1253309499092180590, 0.2884840605756374687, -0.4690140793662971874 ) ) ;
#1534 = LINE ( 'NONE', #2979, #2480 ) ;
#1535 = CARTESIAN_POINT ( 'NONE',  ( -0.1387552924550911893, 8.496311238494115008E-18, -0.03333333333333425574 ) ) ;
#1536 = CARTESIAN_POINT ( 'NONE',  ( 0.000000000000000000, 0.1201656081756482114, -0.1527777777777783175 ) ) ;
#1537 = CARTESIAN_POINT ( 'NONE',  ( 0.1353164693413184683, -0.07812500000000005551, -0.2416666666666669183 ) ) ;
#1538 =( NAMED_UNIT ( * ) SI_UNIT ( $, .STERADIAN. ) SOLID_ANGLE_UNIT ( ) );
#1539 = CARTESIAN_POINT ( 'NONE',  ( 0.1201656081756482392, 3.591357650258336933E-16, -0.1083333333333340032 ) ) ;
#1540 = CARTESIAN_POINT ( 'NONE',  ( -0.3124999999999999445, -0.1804219591217580410, -0.2500000000007771561 ) ) ;
#1541 = DIRECTION ( 'NONE',  ( -0.000000000000000000, -0.000000000000000000, 1.000000000000000000 ) ) ;
#1542 = ORIENTED_EDGE ( 'NONE', *, *, #108, .F. ) ;
#1543 = CARTESIAN_POINT ( 'NONE',  ( 0.000000000000000000, 0.000000000000000000, -0.02083333333333333218 ) ) ;
#1544 = EDGE_CURVE ( 'NONE', #1170, #2645, #2543, .T. ) ;
#1545 = CARTESIAN_POINT ( 'NONE',  ( -0.06937764622754606647, -0.1201656081756479338, -0.1750000000000005995 ) ) ;
#1546 = EDGE_CURVE ( 'NONE', #971, #1170, #1338, .T. ) ;
#1547 = CARTESIAN_POINT ( 'NONE',  ( 0.000000000000000000, 0.1201656081756482253, 0.05416666666666556523 ) ) ;
#1548 = ORIENTED_EDGE ( 'NONE', *, *, #2461, .F. ) ;
#1549 = CARTESIAN_POINT ( 'NONE',  ( 0.1207528276988471677, -0.06566516597633666186, -0.02907322658887657313 ) ) ;
#1550 = CARTESIAN_POINT ( 'NONE',  ( -0.06937764622754562238, -0.1201656081756481559, -0.1319444444444450304 ) ) ;
#1551 = CARTESIAN_POINT ( 'NONE',  ( -0.09021097956087899272, 0.1562499999999999722, -0.1708333333333337256 ) ) ;
#1552 = APPROVAL_STATUS ( 'not_yet_approved' ) ;
#1553 = CARTESIAN_POINT ( 'NONE',  ( 0.1040664693413180242, -0.06008280408782475102, -0.1125000000000007105 ) ) ;
#1554 = CARTESIAN_POINT ( 'NONE',  ( -0.04459455606085190038, 0.1426102806421557234, -0.01714491145678540690 ) ) ;
#1555 = FACE_OUTER_BOUND ( 'NONE', #2587, .T. ) ;
#1556 = CARTESIAN_POINT ( 'NONE',  ( -0.06937764622754545585, 0.1201656081756482808, -0.2916666666666670182 ) ) ;
#1557 = ORIENTED_EDGE ( 'NONE', *, *, #2070, .T. ) ;
#1558 = CARTESIAN_POINT ( 'NONE',  ( -7.273274684426747695E-16, -0.1562499999999999722, -0.1986111111111116823 ) ) ;
#1559 = CARTESIAN_POINT ( 'NONE',  ( 0.1804219591217580132, -3.314297621015333647E-17, -0.08611111111111192928 ) ) ;
#1560 = CARTESIAN_POINT ( 'NONE',  ( 0.1201656081756481836, -1.006495137652017883E-16, -0.3152777777777779344 ) ) ;
#1561 = CARTESIAN_POINT ( 'NONE',  ( -1.471604274199026194E-17, -0.1201656081756482253, -0.1208333333333340420 ) ) ;
#1562 = CARTESIAN_POINT ( 'NONE',  ( -0.1201656081756482253, 1.471604274199026194E-17, -0.3749999999999999445 ) ) ;
#1563 = EDGE_CURVE ( 'NONE', #1677, #1154, #1176, .T. ) ;
#1564 = EDGE_LOOP ( 'NONE', ( #1417, #2761, #2301, #2563 ) ) ;
#1565 = CARTESIAN_POINT ( 'NONE',  ( -0.06937764622754556687, 0.1201656081756481975, -0.3486111111111112604 ) ) ;
#1566 = CARTESIAN_POINT ( 'NONE',  ( 0.1353164693413184683, -0.07812500000000005551, -0.3416666666666666741 ) ) ;
#1567 = CONICAL_SURFACE ( 'NONE', #843, 0.3608439182435161929, 0.1308996938995748149 ) ;
#1568 = DATE_AND_TIME ( #1089, #1664 ) ;
#1569 = CYLINDRICAL_SURFACE ( 'NONE', #1504, 0.1562499999999999722 ) ;
#1570 = PLANE ( 'NONE',  #961 ) ;
#1571 = DIRECTION ( 'NONE',  ( 1.000000000000000000, 0.000000000000000000, 0.000000000000000000 ) ) ;
#1572 = CARTESIAN_POINT ( 'NONE',  ( -0.1562499999999999445, -0.04186706131736237652, -0.1588782011741857458 ) ) ;
#1573 = ORIENTED_EDGE ( 'NONE', *, *, #2135, .T. ) ;
#1574 = CARTESIAN_POINT ( 'NONE',  ( 0.06009309939125310335, -0.3261491511335372073, -0.4218794135836365089 ) ) ;
#1575 = CARTESIAN_POINT ( 'NONE',  ( -0.1353164693413185238, -0.07812499999999995837, -0.05694444444444535236 ) ) ;
#1576 = FACE_OUTER_BOUND ( 'NONE', #3091, .T. ) ;
#1577 = CARTESIAN_POINT ( 'NONE',  ( -0.06937764622754563626, -0.1201656081756481836, -0.07500000000000082989 ) ) ;
#1578 =( BOUNDED_CURVE ( )  B_SPLINE_CURVE ( 2, ( #2666, #2434, #1467, #502, #942, #1486, #2421, #1210, #992 ),
 .UNSPECIFIED., .F., .T. ) 
 B_SPLINE_CURVE_WITH_KNOTS ( ( 3, 2, 2, 2, 3 ),
 ( 0.2045454545454545581, 0.2121212121212121271, 0.2272727272727272652, 0.2424242424242424310, 0.2500000000000000555 ),
 .UNSPECIFIED. ) 
 CURVE ( )  GEOMETRIC_REPRESENTATION_ITEM ( )  RATIONAL_B_SPLINE_CURVE ( ( 0.9330127018922192983, 0.9330127018922194093, 1.000000000000000000, 0.8660254037844387076, 1.000000000000000000, 0.8660254037844387076, 1.000000000000000000, 0.9330127018922188542, 0.9330127018922194093 ) ) 
 REPRESENTATION_ITEM ( '' )  );
#1579 = VERTEX_POINT ( 'NONE', #380 ) ;
#1580 = AXIS2_PLACEMENT_3D ( 'NONE', #2585, #1631, #1427 ) ;
#1581 = CARTESIAN_POINT ( 'NONE',  ( 0.08243884206534046744, -0.09754295337698032364, -0.3720422585401937376 ) ) ;
#1582 = CARTESIAN_POINT ( 'NONE',  ( 0.06937764622754553911, -0.1201656081756482392, -0.3236111111111112382 ) ) ;
#1583 = CARTESIAN_POINT ( 'NONE',  ( 0.000000000000000000, 0.1562499999999999722, -0.2250000000000002554 ) ) ;
#1584 = EDGE_CURVE ( 'NONE', #1259, #2711, #2769, .T. ) ;
#1585 = CARTESIAN_POINT ( 'NONE',  ( -0.1562499999999999722, -1.829991159367305175E-16, -0.2111111111111115823 ) ) ;
#1586 = CARTESIAN_POINT ( 'NONE',  ( 0.000000000000000000, 0.000000000000000000, 0.000000000000000000 ) ) ;
#1587 = CARTESIAN_POINT ( 'NONE',  ( 0.1040664693413184544, 0.06008280408782400162, -0.3041666666666669738 ) ) ;
#1588 = EDGE_CURVE ( 'NONE', #2520, #445, #3129, .T. ) ;
#1589 = ORIENTED_EDGE ( 'NONE', *, *, #1656, .T. ) ;
#1590 = CARTESIAN_POINT ( 'NONE',  ( -0.09021097956087809067, 0.1562500000000004718, -0.06944444444444529407 ) ) ;
#1591 = CARTESIAN_POINT ( 'NONE',  ( 0.1353164693413184683, -0.07812500000000005551, -0.09027777777777858115 ) ) ;
#1592 = CARTESIAN_POINT ( 'NONE',  ( -0.02265440745833687333, 0.3477643899991139653, -0.3437500000000000000 ) ) ;
#1593 = CARTESIAN_POINT ( 'NONE',  ( 0.3125000000000000000, 0.01810444155345955486, -0.4725445084509981020 ) ) ;
#1594 = CARTESIAN_POINT ( 'NONE',  ( 0.06937764622754555299, -0.1201656081756482669, -0.06666666666666748453 ) ) ;
#1595 = ORIENTED_EDGE ( 'NONE', *, *, #770, .T. ) ;
#1596 = CARTESIAN_POINT ( 'NONE',  ( 0.1040664693413184405, 0.06008280408782401549, -0.1111111111111117433 ) ) ;
#1597 = CARTESIAN_POINT ( 'NONE',  ( 0.000000000000000000, 0.1562499999999999722, -0.1750000000000003775 ) ) ;
#1598 =( BOUNDED_CURVE ( )  B_SPLINE_CURVE ( 2, ( #2060, #1830, #3016, #400, #894, #2331, #173, #1864, #2550 ),
 .UNSPECIFIED., .F., .F. ) 
 B_SPLINE_CURVE_WITH_KNOTS ( ( 3, 2, 2, 2, 3 ),
 ( 0.5681818181818182323, 0.5757575757575758013, 0.5909090909090909394, 0.6060606060606060774, 0.6136363636363637575 ),
 .UNSPECIFIED. ) 
 CURVE ( )  GEOMETRIC_REPRESENTATION_ITEM ( )  RATIONAL_B_SPLINE_CURVE ( ( 0.9330127018922194093, 0.9330127018922198534, 1.000000000000000000, 0.8660254037844387076, 1.000000000000000000, 0.8660254037844387076, 1.000000000000000000, 0.9330127018922182991, 0.9330127018922192983 ) ) 
 REPRESENTATION_ITEM ( '' )  );
#1599 = AXIS2_PLACEMENT_3D ( 'NONE', #367, #2045, #794 ) ;
#1600 = CARTESIAN_POINT ( 'NONE',  ( 0.1353164693413187736, 0.07812499999999951428, -0.1819444444444450470 ) ) ;
#1601 = EDGE_CURVE ( 'NONE', #696, #96, #1935, .T. ) ;
#1602 = CARTESIAN_POINT ( 'NONE',  ( 0.000000000000000000, 0.000000000000000000, -0.3999999999999999667 ) ) ;
#1603 = CARTESIAN_POINT ( 'NONE',  ( 0.1040664693413188291, 0.06008280408782334242, -0.1111111111111117433 ) ) ;
#1604 = AXIS2_PLACEMENT_3D ( 'NONE', #1766, #353, #1061 ) ;
#1605 = CARTESIAN_POINT ( 'NONE',  ( 0.000000000000000000, 0.000000000000000000, -0.3749999999999999445 ) ) ;
#1606 = EDGE_CURVE ( 'NONE', #275, #1312, #624, .T. ) ;
#1607 = EDGE_LOOP ( 'NONE', ( #1589, #3060, #2798, #1944 ) ) ;
#1608 = CARTESIAN_POINT ( 'NONE',  ( 0.09021097956087910374, 0.1562499999999999167, -0.1277777777777784896 ) ) ;
#1609 = CARTESIAN_POINT ( 'NONE',  ( -0.3124999999999999445, -0.1117537773738679352, -0.4221217436987608762 ) ) ;
#1610 = CARTESIAN_POINT ( 'NONE',  ( -1.471604274199026194E-17, -0.1201656081756482253, 0.1291666666666654584 ) ) ;
#1611 = EDGE_LOOP ( 'NONE', ( #330, #1470, #2893, #2770 ) ) ;
#1612 = CARTESIAN_POINT ( 'NONE',  ( -0.1387552924550911615, 8.496311238494113468E-18, 0.1097222222222211385 ) ) ;
#1613 = CARTESIAN_POINT ( 'NONE',  ( -0.09021097956087906211, -0.1562499999999999445, 0.1458333333333322324 ) ) ;
#1614 = CARTESIAN_POINT ( 'NONE',  ( -0.1562500000000000000, -3.385483644829515202E-16, -0.01111111111111201012 ) ) ;
#1615 = CARTESIAN_POINT ( 'NONE',  ( -7.655976809160294047E-16, -0.1562499999999999722, -0.1000000000000005329 ) ) ;
#1616 = CARTESIAN_POINT ( 'NONE',  ( 0.1562500000000000000, 4.712227235370811128E-16, -0.1361111111111117655 ) ) ;
#1617 =( BOUNDED_CURVE ( )  B_SPLINE_CURVE ( 2, ( #1337, #381, #860, #1306, #2300, #2738, #3004, #158, #2079 ),
 .UNSPECIFIED., .F., .T. ) 
 B_SPLINE_CURVE_WITH_KNOTS ( ( 3, 2, 2, 2, 3 ),
 ( 0.4318181818181818787, 0.4393939393939393923, 0.4545454545454545303, 0.4696969696969697239, 0.4772727272727273484 ),
 .UNSPECIFIED. ) 
 CURVE ( )  GEOMETRIC_REPRESENTATION_ITEM ( )  RATIONAL_B_SPLINE_CURVE ( ( 0.9330127018922194093, 0.9330127018922198534, 1.000000000000000000, 0.8660254037844387076, 1.000000000000000000, 0.8660254037844387076, 1.000000000000000000, 0.9330127018922188542, 0.9330127018922194093 ) ) 
 REPRESENTATION_ITEM ( '' )  );
#1618 = ORIENTED_EDGE ( 'NONE', *, *, #874, .F. ) ;
#1619 = CYLINDRICAL_SURFACE ( 'NONE', #1230, 0.1562499999999999722 ) ;
#1620 = CARTESIAN_POINT ( 'NONE',  ( 0.000000000000000000, 0.1562499999999999722, 0.02638888888888781675 ) ) ;
#1621 = DIRECTION ( 'NONE',  ( 0.8660254037844389297, -0.4999999999999995559, 0.000000000000000000 ) ) ;
#1622 = ADVANCED_FACE ( 'NONE', ( #2821 ), #171, .T. ) ;
#1623 = CARTESIAN_POINT ( 'NONE',  ( 0.1562500000000000000, -1.189494253588748598E-16, -0.1875000000000003608 ) ) ;
#1624 = ORIENTED_EDGE ( 'NONE', *, *, #2808, .T. ) ;
#1625 = CARTESIAN_POINT ( 'NONE',  ( 0.1040664693413184405, 0.06008280408782401549, -0.01111111111111191818 ) ) ;
#1626 = ORIENTED_EDGE ( 'NONE', *, *, #1236, .T. ) ;
#1627 = CARTESIAN_POINT ( 'NONE',  ( -0.09021097956087906211, -0.1562499999999999445, 0.04583333333333247661 ) ) ;
#1628 = CIRCLE ( 'NONE', #2276, 0.2083333333333333703 ) ;
#1629 = CARTESIAN_POINT ( 'NONE',  ( 0.000000000000000000, 0.000000000000000000, -0.3749999999999999445 ) ) ;
#1630 = CARTESIAN_POINT ( 'NONE',  ( -0.1562499999999999722, 1.555492485462209288E-16, -0.1125000000000004746 ) ) ;
#1631 = DIRECTION ( 'NONE',  ( -0.4999999999999996114, -0.8660254037844389297, 0.000000000000000000 ) ) ;
#1632 = AXIS2_PLACEMENT_3D ( 'NONE', #1755, #66, #2240 ) ;
#1633 = VERTEX_POINT ( 'NONE', #2855 ) ;
#1634 = CARTESIAN_POINT ( 'NONE',  ( -0.2623372913189829236, 0.2093834124820239673, -0.4080075951202515872 ) ) ;
#1635 = CARTESIAN_POINT ( 'NONE',  ( 0.000000000000000000, 0.000000000000000000, -0.3749999999999999445 ) ) ;
#1636 = CARTESIAN_POINT ( 'NONE',  ( -0.1238468539712040267, -2.900535987597178124E-15, -0.04240314602879570460 ) ) ;
#1637 = DIRECTION ( 'NONE',  ( -0.000000000000000000, -0.000000000000000000, 1.000000000000000000 ) ) ;
#1638 = AXIS2_PLACEMENT_3D ( 'NONE', #1705, #254, #1911 ) ;
#1639 = EDGE_CURVE ( 'NONE', #2787, #1142, #650, .T. ) ;
#1640 = CARTESIAN_POINT ( 'NONE',  ( 1.530808498934191078E-16, 0.1562499999999999722, -0.1750000000000003775 ) ) ;
#1641 = ORIENTED_EDGE ( 'NONE', *, *, #1691, .F. ) ;
#1642 = CARTESIAN_POINT ( 'NONE',  ( -1.471604274199025886E-17, -0.1201656081756482114, 0.02222222222222131061 ) ) ;
#1643 = VERTEX_POINT ( 'NONE', #3115 ) ;
#1644 = CARTESIAN_POINT ( 'NONE',  ( 0.000000000000000000, 0.1562499999999999722, -0.07500000000000059397 ) ) ;
#1645 = CARTESIAN_POINT ( 'NONE',  ( 0.1100916865498309527, -0.06837760087824867883, -0.3749999999999998335 ) ) ;
#1646 = CARTESIAN_POINT ( 'NONE',  ( -0.1353164693413186070, -0.07812499999999983347, -0.3069444444444447972 ) ) ;
#1647 = CARTESIAN_POINT ( 'NONE',  ( 0.1040664693413182601, -0.06008280408782432774, -0.2125000000000005218 ) ) ;
#1648 = ORIENTED_EDGE ( 'NONE', *, *, #1601, .F. ) ;
#1649 = CARTESIAN_POINT ( 'NONE',  ( -0.03249102571785798116, 0.1215661105440099116, -0.04074569077978984488 ) ) ;
#1650 = CARTESIAN_POINT ( 'NONE',  ( 0.1201656081756482808, -0.03219827766865977076, -0.1175106877147043538 ) ) ;
#1651 = CARTESIAN_POINT ( 'NONE',  ( 0.1040664693413184405, 0.06008280408782402937, 0.1458333333333320381 ) ) ;
#1652 = DIRECTION ( 'NONE',  ( -0.000000000000000000, -0.000000000000000000, 1.000000000000000000 ) ) ;
#1653 = CARTESIAN_POINT ( 'NONE',  ( 0.000000000000000000, 0.1201656081756482114, -0.1027777777777784118 ) ) ;
#1654 = ORIENTED_EDGE ( 'NONE', *, *, #1236, .F. ) ;
#1655 = CARTESIAN_POINT ( 'NONE',  ( 0.09021097956087910374, 0.1562499999999999167, 0.07083333333333241555 ) ) ;
#1656 = EDGE_CURVE ( 'NONE', #1154, #1677, #1508, .T. ) ;
#1657 = CARTESIAN_POINT ( 'NONE',  ( 0.1300005447772240030, 0.06024345036297961559, -0.3750000000000010547 ) ) ;
#1658 = CYLINDRICAL_SURFACE ( 'NONE', #54, 0.1201656081756482253 ) ;
#1659 = DIRECTION ( 'NONE',  ( -0.000000000000000000, -0.000000000000000000, 1.000000000000000000 ) ) ;
#1660 = CARTESIAN_POINT ( 'NONE',  ( 2.943208548398052389E-17, 0.1201656081756482253, -0.3458333333333336035 ) ) ;
#1661 = ORIENTED_EDGE ( 'NONE', *, *, #108, .T. ) ;
#1662 = CARTESIAN_POINT ( 'NONE',  ( -0.3125000000000000000, 0.1721639797486180790, -0.2813627903931639196 ) ) ;
#1663 = FACE_OUTER_BOUND ( 'NONE', #986, .T. ) ;
#1664 = LOCAL_TIME ( 17, 51, 10.00000000000000000, #1302 ) ;
#1665 = ORIENTED_EDGE ( 'NONE', *, *, #1820, .F. ) ;
#1666 = CARTESIAN_POINT ( 'NONE',  ( -0.1562499999999999722, -1.829991159367305175E-16, -0.2111111111111115823 ) ) ;
#1667 = DIRECTION ( 'NONE',  ( 1.000000000000000000, 0.000000000000000000, 0.000000000000000000 ) ) ;
#1668 = CARTESIAN_POINT ( 'NONE',  ( -0.1353164693413185238, 0.07812500000000000000, -0.1652777777777784396 ) ) ;
#1669 = CARTESIAN_POINT ( 'NONE',  ( -1.913510623667738847E-17, -0.1562499999999999722, -7.512581982576723358E-16 ) ) ;
#1670 = DIRECTION ( 'NONE',  ( 0.8660254037844397068, 0.000000000000000000, 0.4999999999999981681 ) ) ;
#1671 = CARTESIAN_POINT ( 'NONE',  ( -0.1236871617752851316, -0.01719489173594406992, -0.04167291012282209328 ) ) ;
#1672 = DIRECTION ( 'NONE',  ( 1.000000000000000000, 0.000000000000000000, 0.000000000000000000 ) ) ;
#1673 = EDGE_CURVE ( 'NONE', #957, #96, #878, .T. ) ;
#1674 = FACE_OUTER_BOUND ( 'NONE', #2944, .T. ) ;
#1675 = CARTESIAN_POINT ( 'NONE',  ( -0.1562500000000000278, 0.04186706131736340347, -0.06473290993692662476 ) ) ;
#1676 = VECTOR ( 'NONE', #29, 39.37007874015748143 ) ;
#1677 = VERTEX_POINT ( 'NONE', #2598 ) ;
#1678 = CARTESIAN_POINT ( 'NONE',  ( 0.000000000000000000, 0.000000000000000000, -0.3749999999999999445 ) ) ;
#1679 = AXIS2_PLACEMENT_3D ( 'NONE', #2232, #2921, #745 ) ;
#1680 = DIRECTION ( 'NONE',  ( 0.000000000000000000, 0.000000000000000000, 1.000000000000000000 ) ) ;
#1681 = AXIS2_PLACEMENT_3D ( 'NONE', #711, #1453, #1196 ) ;
#1682 = ORIENTED_EDGE ( 'NONE', *, *, #565, .T. ) ;
#1683 = DIRECTION ( 'NONE',  ( 1.000000000000000000, 0.000000000000000000, 0.000000000000000000 ) ) ;
#1684 = CARTESIAN_POINT ( 'NONE',  ( -0.1562499999999999722, 1.913510623667738847E-17, -0.3749999999999999445 ) ) ;
#1685 = CARTESIAN_POINT ( 'NONE',  ( 0.1353164693413184683, -0.07812500000000005551, -0.2402777777777782842 ) ) ;
#1686 = CARTESIAN_POINT ( 'NONE',  ( 0.06937764622754565014, 0.1201656081756481836, -0.1500000000000006606 ) ) ;
#1687 = LINE ( 'NONE', #1473, #409 ) ;
#1688 = CARTESIAN_POINT ( 'NONE',  ( 0.1353164693413187458, 0.07812499999999956979, -0.2333333333333335868 ) ) ;
#1689 = CARTESIAN_POINT ( 'NONE',  ( -0.3124999999999998335, 0.009093932310878249242, -0.4734552021282324996 ) ) ;
#1690 = CARTESIAN_POINT ( 'NONE',  ( 0.1353164693413186070, 0.07812499999999984734, -0.3319444444444447639 ) ) ;
#1691 = EDGE_CURVE ( 'NONE', #990, #370, #2613, .T. ) ;
#1692 = VERTEX_POINT ( 'NONE', #700 ) ;
#1693 = DIRECTION ( 'NONE',  ( 1.000000000000000000, 0.000000000000000000, 0.000000000000000000 ) ) ;
#1694 = CARTESIAN_POINT ( 'NONE',  ( -0.1125781414741449799, 0.08150707963063148764, -0.02755630669404410607 ) ) ;
#1695 =( BOUNDED_CURVE ( )  B_SPLINE_CURVE ( 2, ( #1092, #3015, #1603, #825, #3049, #2549, #604, #842, #2046 ),
 .UNSPECIFIED., .F., .F. ) 
 B_SPLINE_CURVE_WITH_KNOTS ( ( 3, 2, 2, 2, 3 ),
 ( 0.5227272727272728181, 0.5303030303030302761, 0.5454545454545454142, 0.5606060606060605522, 0.5681818181818182323 ),
 .UNSPECIFIED. ) 
 CURVE ( )  GEOMETRIC_REPRESENTATION_ITEM ( )  RATIONAL_B_SPLINE_CURVE ( ( 0.9330127018922192983, 0.9330127018922202975, 1.000000000000000000, 0.8660254037844387076, 1.000000000000000000, 0.8660254037844387076, 1.000000000000000000, 0.9330127018922188542, 0.9330127018922194093 ) ) 
 REPRESENTATION_ITEM ( '' )  );
#1696 = AXIS2_PLACEMENT_3D ( 'NONE', #316, #1796, #796 ) ;
#1697 = VERTEX_POINT ( 'NONE', #1893 ) ;
#1698 = CARTESIAN_POINT ( 'NONE',  ( -0.2791246582806518051, -0.1996912216477192969, -0.3775360757995212535 ) ) ;
#1699 = CARTESIAN_POINT ( 'NONE',  ( -0.1562499999999999722, 7.777462427311046439E-17, -0.3125000000000000555 ) ) ;
#1700 = ORIENTED_EDGE ( 'NONE', *, *, #1413, .T. ) ;
#1701 = CARTESIAN_POINT ( 'NONE',  ( -1.913510623667738847E-17, -0.1562499999999999722, -0.1986111111111116823 ) ) ;
#1702 = CARTESIAN_POINT ( 'NONE',  ( 0.1040664693413184405, 0.06008280408782402937, -0.1541666666666673124 ) ) ;
#1703 = DIRECTION ( 'NONE',  ( -0.000000000000000000, -0.000000000000000000, 1.000000000000000000 ) ) ;
#1704 = CARTESIAN_POINT ( 'NONE',  ( 0.02265440745833683517, -0.3477643899991139098, -0.3437500000000000555 ) ) ;
#1705 = CARTESIAN_POINT ( 'NONE',  ( 0.000000000000000000, 0.000000000000000000, -0.2807269407382074755 ) ) ;
#1706 = VERTEX_POINT ( 'NONE', #2362 ) ;
#1707 = CARTESIAN_POINT ( 'NONE',  ( -0.08342400897335326693, 0.3126790442058729469, -0.4458946165099060832 ) ) ;
#1708 = CARTESIAN_POINT ( 'NONE',  ( 0.000000000000000000, 0.000000000000000000, 0.000000000000000000 ) ) ;
#1709 = ORIENTED_EDGE ( 'NONE', *, *, #335, .T. ) ;
#1710 = CARTESIAN_POINT ( 'NONE',  ( 0.2524069006087469313, 0.2151167262317369433, -0.4218794135836366754 ) ) ;
#1711 = LOCAL_TIME ( 17, 51, 10.00000000000000000, #1792 ) ;
#1712 = ADVANCED_FACE ( 'NONE', ( #3082 ), #1658, .F. ) ;
#1713 =( BOUNDED_CURVE ( )  B_SPLINE_CURVE ( 2, ( #1346, #2650, #767 ),
 .UNSPECIFIED., .F., .F. ) 
 B_SPLINE_CURVE_WITH_KNOTS ( ( 3, 3 ),
 ( 0.6590909090909091717, 0.6634318495088185053 ),
 .UNSPECIFIED. ) 
 CURVE ( )  GEOMETRIC_REPRESENTATION_ITEM ( )  RATIONAL_B_SPLINE_CURVE ( ( 0.9330127018922192983, 0.9330127018922198534, 0.9550068919397671774 ) ) 
 REPRESENTATION_ITEM ( '' )  );
#1714 = DIRECTION ( 'NONE',  ( -1.000000000000000000, 0.000000000000000000, 0.000000000000000000 ) ) ;
#1715 = CARTESIAN_POINT ( 'NONE',  ( -0.09021097956087899272, 0.1562499999999999722, -0.2694444444444448750 ) ) ;
#1716 = CARTESIAN_POINT ( 'NONE',  ( -0.06937764622754558075, 0.1201656081756482253, -0.2916666666666669627 ) ) ;
#1717 = DIRECTION ( 'NONE',  ( -0.000000000000000000, -0.000000000000000000, 1.000000000000000000 ) ) ;
#1718 = CARTESIAN_POINT ( 'NONE',  ( 0.1562500000000000000, 3.888731213655524206E-16, -0.03611111111111197508 ) ) ;
#1719 = CARTESIAN_POINT ( 'NONE',  ( 0.1040664693413185932, 0.06008280408782375875, -0.2111111111111115268 ) ) ;
#1720 = ORIENTED_EDGE ( 'NONE', *, *, #1563, .F. ) ;
#1721 = CARTESIAN_POINT ( 'NONE',  ( -6.182225555328801258E-16, -0.1201656081756482253, -0.07777777777777844515 ) ) ;
#1722 = DIRECTION ( 'NONE',  ( 1.000000000000000000, 0.000000000000000000, 0.000000000000000000 ) ) ;
#1723 = AXIS2_PLACEMENT_3D ( 'NONE', #2974, #1767, #2192 ) ;
#1724 = ORIENTED_EDGE ( 'NONE', *, *, #2021, .T. ) ;
#1725 = CARTESIAN_POINT ( 'NONE',  ( 0.1562499999999999722, 0.04186706131736286918, -0.3352670900630739803 ) ) ;
#1726 = LINE ( 'NONE', #1934, #10 ) ;
#1727 = EDGE_CURVE ( 'NONE', #886, #665, #2068, .T. ) ;
#1728 = CARTESIAN_POINT ( 'NONE',  ( -0.1207206595613834615, 0.07567462297532498439, -0.3750000000000002220 ) ) ;
#1729 = CARTESIAN_POINT ( 'NONE',  ( -0.1804219591217580132, 1.104765873671777625E-17, -0.2111111111111116656 ) ) ;
#1730 = CARTESIAN_POINT ( 'NONE',  ( 0.1387552924550911893, -2.548893371548234657E-17, -0.3583333333333334481 ) ) ;
#1731 = EDGE_CURVE ( 'NONE', #2481, #1692, #2475, .T. ) ;
#1732 = CARTESIAN_POINT ( 'NONE',  ( 0.3124999999999999445, -0.1277533384569038144, -0.4006192219774972196 ) ) ;
#1733 = CARTESIAN_POINT ( 'NONE',  ( 0.000000000000000000, 0.000000000000000000, -0.3437500000000000000 ) ) ;
#1734 = CARTESIAN_POINT ( 'NONE',  ( -0.3124999999999999445, -0.04460125890762788731, -0.4663050305791287542 ) ) ;
#1735 = CARTESIAN_POINT ( 'NONE',  ( -0.1255294865820657524, 0.2883694353741249050, -0.4690763462775753845 ) ) ;
#1736 = LINE ( 'NONE', #1256, #1430 ) ;
#1737 = EDGE_LOOP ( 'NONE', ( #3094, #2165 ) ) ;
#1738 = CARTESIAN_POINT ( 'NONE',  ( 0.09643284804655621878, 0.3051683874651144324, -0.4554041651195587792 ) ) ;
#1739 = CARTESIAN_POINT ( 'NONE',  ( 0.06937764622754538646, -0.1201656081756483224, -0.1666666666666672680 ) ) ;
#1740 = AXIS2_PLACEMENT_3D ( 'NONE', #2502, #329, #2490 ) ;
#1741 = CARTESIAN_POINT ( 'NONE',  ( -0.1029864726772959788, -0.07329119087905215657, -0.3750000000000001665 ) ) ;
#1742 = AXIS2_PLACEMENT_3D ( 'NONE', #892, #220, #1123 ) ;
#1743 = CARTESIAN_POINT ( 'NONE',  ( 0.000000000000000000, 0.1201656081756482253, -0.1958333333333338866 ) ) ;
#1744 = CARTESIAN_POINT ( 'NONE',  ( 0.04871553057526881864, -0.1247166523213853739, -0.03263353532617928321 ) ) ;
#1745 = CARTESIAN_POINT ( 'NONE',  ( 0.000000000000000000, 0.1201656081756482114, -0.4027777777777777901 ) ) ;
#1746 = CARTESIAN_POINT ( 'NONE',  ( -0.3124999999999999445, 0.06895131735491073777, -0.4554694559074719540 ) ) ;
#1747 = CARTESIAN_POINT ( 'NONE',  ( -0.06937764622754535870, 0.1201656081756483641, -0.1416666666666673291 ) ) ;
#1748 = EDGE_CURVE ( 'NONE', #2542, #2816, #3110, .T. ) ;
#1749 = CARTESIAN_POINT ( 'NONE',  ( 0.1201656081756482808, 0.03219827766865940299, -0.2130448678408521646 ) ) ;
#1750 = CARTESIAN_POINT ( 'NONE',  ( -0.1947524482671546542, 0.2484035398111356929, -0.4663530632616332827 ) ) ;
#1751 = DIRECTION ( 'NONE',  ( 1.000000000000000000, 0.000000000000000000, 0.000000000000000000 ) ) ;
#1752 = ORIENTED_EDGE ( 'NONE', *, *, #2889, .F. ) ;
#1753 = CARTESIAN_POINT ( 'NONE',  ( -0.1562499999999999722, 1.913510623667738847E-17, -0.3749999999999999445 ) ) ;
#1754 =( BOUNDED_CURVE ( )  B_SPLINE_CURVE ( 2, ( #46, #2003, #984, #2429, #2922, #2474, #1217, #313, #1494 ),
 .UNSPECIFIED., .F., .T. ) 
 B_SPLINE_CURVE_WITH_KNOTS ( ( 3, 2, 2, 2, 3 ),
 ( 0.5681818181818182323, 0.5757575757575758013, 0.5909090909090909394, 0.6060606060606060774, 0.6136363636363637575 ),
 .UNSPECIFIED. ) 
 CURVE ( )  GEOMETRIC_REPRESENTATION_ITEM ( )  RATIONAL_B_SPLINE_CURVE ( ( 0.9330127018922194093, 0.9330127018922198534, 1.000000000000000000, 0.8660254037844387076, 1.000000000000000000, 0.8660254037844387076, 1.000000000000000000, 0.9330127018922182991, 0.9330127018922192983 ) ) 
 REPRESENTATION_ITEM ( '' )  );
#1755 = CARTESIAN_POINT ( 'NONE',  ( 0.000000000000000000, 0.000000000000000000, -0.3749999999999999445 ) ) ;
#1756 = CARTESIAN_POINT ( 'NONE',  ( -0.1040664693413183850, 0.06008280408782412652, 0.1124999999999987954 ) ) ;
#1757 = CARTESIAN_POINT ( 'NONE',  ( -0.09021097956087879843, 0.1562500000000000555, -0.2694444444444448750 ) ) ;
#1758 = EDGE_LOOP ( 'NONE', ( #389, #1700, #612 ) ) ;
#1759 = CARTESIAN_POINT ( 'NONE',  ( 0.1109865778442426093, -0.08007842725848351995, -0.02966712143431831164 ) ) ;
#1760 = CARTESIAN_POINT ( 'NONE',  ( -0.1040664693413183711, 0.06008280408782411958, -0.3444444444444445530 ) ) ;
#1761 = CARTESIAN_POINT ( 'NONE',  ( -0.1353164693413185238, -0.07812499999999995837, -0.1083333333333338644 ) ) ;
#1762 =( NAMED_UNIT ( * ) PLANE_ANGLE_UNIT ( ) SI_UNIT ( $, .RADIAN. ) );
#1763 = CARTESIAN_POINT ( 'NONE',  ( -0.06937764622754569177, -0.1201656081756481559, -0.1250000000000007216 ) ) ;
#1764 = EDGE_CURVE ( 'NONE', #2755, #2924, #1628, .T. ) ;
#1765 = CARTESIAN_POINT ( 'NONE',  ( 0.08396748498536822647, 0.1179676609966000544, -0.02177201946595986454 ) ) ;
#1766 = CARTESIAN_POINT ( 'NONE',  ( 0.000000000000000000, 0.000000000000000000, -0.6250000000000000000 ) ) ;
#1767 = DIRECTION ( 'NONE',  ( -0.000000000000000000, -0.000000000000000000, 1.000000000000000000 ) ) ;
#1768 = ADVANCED_FACE ( 'NONE', ( #1523 ), #553, .T. ) ;
#1769 = VERTEX_POINT ( 'NONE', #2920 ) ;
#1770 = CARTESIAN_POINT ( 'NONE',  ( 0.1201656081756482253, 1.829991159367305175E-16, -0.2583333333333337478 ) ) ;
#1771 = CARTESIAN_POINT ( 'NONE',  ( -5.593583845649190287E-16, -0.1201656081756482253, -0.1708333333333339477 ) ) ;
#1772 = CARTESIAN_POINT ( 'NONE',  ( -0.1387552924550911893, 8.496311238494115008E-18, -0.1333333333333339976 ) ) ;
#1773 = CARTESIAN_POINT ( 'NONE',  ( -0.1562500000000000833, 0.04186706131736298020, -0.2633440210480375576 ) ) ;
#1774 = ORIENTED_EDGE ( 'NONE', *, *, #1639, .F. ) ;
#1775 = CARTESIAN_POINT ( 'NONE',  ( 0.1040664693413183434, -0.06008280408782415427, -0.1694444444444449527 ) ) ;
#1776 = CARTESIAN_POINT ( 'NONE',  ( 0.1804219591217580132, -3.314297621015333647E-17, -0.1875000000000003886 ) ) ;
#1777 = APPROVAL_DATE_TIME ( #1568, #2739 ) ;
#1778 = VECTOR ( 'NONE', #923, 39.37007874015748143 ) ;
#1779 = CARTESIAN_POINT ( 'NONE',  ( 0.07003226407962730160, -0.1022257054260737458, -0.3750000000000001110 ) ) ;
#1780 = CARTESIAN_POINT ( 'NONE',  ( 0.003358651024972747218, 0.1477876372764652946, -0.01873757072221186523 ) ) ;
#1781 = CARTESIAN_POINT ( 'NONE',  ( -0.1662499999999999811, 2.035975303582474513E-17, 0.000000000000000000 ) ) ;
#1782 = CARTESIAN_POINT ( 'NONE',  ( 0.1562499999999999722, 0.000000000000000000, -0.3749999999999999445 ) ) ;
#1783 = ORIENTED_EDGE ( 'NONE', *, *, #1322, .F. ) ;
#1784 = CARTESIAN_POINT ( 'NONE',  ( -0.09021097956087924252, -0.1562499999999998335, -0.3527777777777780233 ) ) ;
#1785 = CARTESIAN_POINT ( 'NONE',  ( 0.1804219591217580132, -3.314297621015333647E-17, 0.01388888888888788545 ) ) ;
#1786 = CARTESIAN_POINT ( 'NONE',  ( 0.1201656081756482253, 1.235244032572931123E-16, -0.1583333333333339088 ) ) ;
#1787 = CARTESIAN_POINT ( 'NONE',  ( 0.06937764622754555299, -0.1201656081756482669, -0.1166666666666673902 ) ) ;
#1788 = ORIENTED_EDGE ( 'NONE', *, *, #3107, .T. ) ;
#1789 = AXIS2_PLACEMENT_3D ( 'NONE', #1342, #1849, #1289 ) ;
#1790 = CARTESIAN_POINT ( 'NONE',  ( 0.06937764622754553911, -0.1201656081756482392, -0.3736111111111112271 ) ) ;
#1791 = CARTESIAN_POINT ( 'NONE',  ( -0.09021097956087899272, 0.1562499999999999722, -0.2208333333333336312 ) ) ;
#1792 = COORDINATED_UNIVERSAL_TIME_OFFSET ( 8, 0, .BEHIND. ) ;
#1793 = CARTESIAN_POINT ( 'NONE',  ( 0.000000000000000000, 0.000000000000000000, -0.3749999999999999445 ) ) ;
#1794 = CARTESIAN_POINT ( 'NONE',  ( 0.000000000000000000, 0.000000000000000000, 38.87986776059660343 ) ) ;
#1795 = CARTESIAN_POINT ( 'NONE',  ( -0.1353164693413188013, -0.07812499999999948652, -0.1569444444444451081 ) ) ;
#1796 = DIRECTION ( 'NONE',  ( -0.000000000000000000, -0.000000000000000000, 1.000000000000000000 ) ) ;
#1797 = VERTEX_POINT ( 'NONE', #1940 ) ;
#1798 = CARTESIAN_POINT ( 'NONE',  ( 0.1562500000000000000, 0.000000000000000000, -0.3999999999999999667 ) ) ;
#1799 = CARTESIAN_POINT ( 'NONE',  ( 0.1804219591217580132, -3.314297621015333647E-17, 0.06388888888888775985 ) ) ;
#1800 = FACE_OUTER_BOUND ( 'NONE', #797, .T. ) ;
#1801 = EDGE_CURVE ( 'NONE', #117, #696, #2659, .T. ) ;
#1802 = CARTESIAN_POINT ( 'NONE',  ( 0.1040664693413183711, -0.06008280408782416121, -0.01250000000000096000 ) ) ;
#1803 = ORIENTED_EDGE ( 'NONE', *, *, #1588, .T. ) ;
#1804 = CYLINDRICAL_SURFACE ( 'NONE', #811, 0.1201656081756482253 ) ;
#1805 = EDGE_CURVE ( 'NONE', #919, #568, #264, .T. ) ;
#1806 = CARTESIAN_POINT ( 'NONE',  ( -0.1040664693413183850, -0.06008280408782407794, -0.2861111111111113714 ) ) ;
#1807 = CARTESIAN_POINT ( 'NONE',  ( -0.1804219591217580132, 1.104765873671777625E-17, -0.3125000000000000555 ) ) ;
#1808 = PERSON_AND_ORGANIZATION ( #2078, #1301 ) ;
#1809 =( BOUNDED_CURVE ( )  B_SPLINE_CURVE ( 2, ( #401, #469, #2602, #1433, #2148, #2618, #453, #911, #2118 ),
 .UNSPECIFIED., .F., .T. ) 
 B_SPLINE_CURVE_WITH_KNOTS ( ( 3, 2, 2, 2, 3 ),
 ( 0.5227272727272728181, 0.5303030303030302761, 0.5454545454545454142, 0.5606060606060605522, 0.5681818181818182323 ),
 .UNSPECIFIED. ) 
 CURVE ( )  GEOMETRIC_REPRESENTATION_ITEM ( )  RATIONAL_B_SPLINE_CURVE ( ( 0.9330127018922192983, 0.9330127018922202975, 1.000000000000000000, 0.8660254037844387076, 1.000000000000000000, 0.8660254037844387076, 1.000000000000000000, 0.9330127018922188542, 0.9330127018922194093 ) ) 
 REPRESENTATION_ITEM ( '' )  );
#1810 = CARTESIAN_POINT ( 'NONE',  ( 7.464625746793520378E-16, 0.1562499999999999722, -0.1736111111111117433 ) ) ;
#1811 = FACE_OUTER_BOUND ( 'NONE', #1191, .T. ) ;
#1812 = DIRECTION ( 'NONE',  ( -0.000000000000000000, -0.000000000000000000, 1.000000000000000000 ) ) ;
#1813 = B_SPLINE_CURVE_WITH_KNOTS ( 'NONE', 3,
 ( #1477, #481, #3136, #2189 ),
 .UNSPECIFIED., .F., .F.,
 ( 4, 4 ),
 ( 0.01441325056183890077, 0.01688271073421577714 ),
 .UNSPECIFIED. ) ;
#1814 = CYLINDRICAL_SURFACE ( 'NONE', #2947, 0.1201656081756482253 ) ;
#1815 = ORIENTED_EDGE ( 'NONE', *, *, #913, .F. ) ;
#1816 = CARTESIAN_POINT ( 'NONE',  ( 0.1255294865820657524, -0.2883694353741250160, -0.4690763462775754400 ) ) ;
#1817 = CARTESIAN_POINT ( 'NONE',  ( -0.09021097956087906211, -0.1562499999999999445, 0.09722222222222100252 ) ) ;
#1818 = CARTESIAN_POINT ( 'NONE',  ( -0.1562499999999999445, -0.04186706131736271652, -0.1602670900630744077 ) ) ;
#1819 = CARTESIAN_POINT ( 'NONE',  ( 0.06937764622754555299, -0.1201656081756482669, 0.03333333333333227122 ) ) ;
#1820 = EDGE_CURVE ( 'NONE', #2622, #886, #2114, .T. ) ;
#1821 = VERTEX_POINT ( 'NONE', #760 ) ;
#1822 = CIRCLE ( 'NONE', #1931, 0.3485014965946978127 ) ;
#1823 = CARTESIAN_POINT ( 'NONE',  ( -0.06937764622754556687, 0.1201656081756481975, -0.1486111111111116379 ) ) ;
#1824 = CARTESIAN_POINT ( 'NONE',  ( -0.09021097956087906211, -0.1562499999999999445, -0.3041666666666668628 ) ) ;
#1825 = PERSON_AND_ORGANIZATION_ROLE ( 'classification_officer' ) ;
#1826 = DIRECTION ( 'NONE',  ( -1.000000000000000000, 1.224646799147353207E-16, 0.000000000000000000 ) ) ;
#1827 = CARTESIAN_POINT ( 'NONE',  ( -1.030122991939318213E-16, -0.1201656081756482253, -0.2277777777777781343 ) ) ;
#1828 = CYLINDRICAL_SURFACE ( 'NONE', #2989, 0.1562499999999999722 ) ;
#1829 =( BOUNDED_CURVE ( )  B_SPLINE_CURVE ( 2, ( #1090, #121, #2500, #1763, #1075, #2044, #1553, #2736, #1539 ),
 .UNSPECIFIED., .F., .F. ) 
 B_SPLINE_CURVE_WITH_KNOTS ( ( 3, 2, 2, 2, 3 ),
 ( 0.4772727272727273484, 0.4848484848484848619, 0.5000000000000000000, 0.5151515151515151381, 0.5227272727272728181 ),
 .UNSPECIFIED. ) 
 CURVE ( )  GEOMETRIC_REPRESENTATION_ITEM ( )  RATIONAL_B_SPLINE_CURVE ( ( 0.9330127018922194093, 0.9330127018922198534, 1.000000000000000000, 0.8660254037844387076, 1.000000000000000000, 0.8660254037844387076, 1.000000000000000000, 0.9330127018922182991, 0.9330127018922192983 ) ) 
 REPRESENTATION_ITEM ( '' )  );
#1830 = CARTESIAN_POINT ( 'NONE',  ( -0.1562499999999999445, -0.04186706131736234182, -0.06026709006307460342 ) ) ;
#1831 = DIRECTION ( 'NONE',  ( 1.000000000000000000, 0.000000000000000000, 0.000000000000000000 ) ) ;
#1832 = CARTESIAN_POINT ( 'NONE',  ( -1.913510623667738847E-17, -0.1562499999999999722, 0.001388888888887879983 ) ) ;
#1833 = DIRECTION ( 'NONE',  ( 1.224646799147353207E-16, 1.000000000000000000, 0.000000000000000000 ) ) ;
#1834 = CARTESIAN_POINT ( 'NONE',  ( -0.3124999999999999445, -0.1491551236843121631, -0.3609235406619097364 ) ) ;
#1835 = CARTESIAN_POINT ( 'NONE',  ( -0.1040664693413182740, 0.06008280408782430693, -0.2375000000000004607 ) ) ;
#1836 = VERTEX_POINT ( 'NONE', #269 ) ;
#1837 = CARTESIAN_POINT ( 'NONE',  ( 0.000000000000000000, 0.1201656081756482114, 0.04722222222222124954 ) ) ;
#1838 = CARTESIAN_POINT ( 'NONE',  ( 0.09021097956087910374, 0.1562499999999999167, -0.02916666666666733673 ) ) ;
#1839 = COORDINATED_UNIVERSAL_TIME_OFFSET ( 8, 0, .BEHIND. ) ;
#1840 = ORIENTED_EDGE ( 'NONE', *, *, #2829, .F. ) ;
#1841 = CARTESIAN_POINT ( 'NONE',  ( 0.05708953463985074611, 0.1433259540205538973, -0.3749999999999998890 ) ) ;
#1842 = CARTESIAN_POINT ( 'NONE',  ( 0.000000000000000000, 0.000000000000000000, -0.3749999999999999445 ) ) ;
#1843 = UNCERTAINTY_MEASURE_WITH_UNIT (LENGTH_MEASURE( 1.000000000000000082E-05 ), #791, 'distance_accuracy_value', 'NONE');
#1844 = CARTESIAN_POINT ( 'NONE',  ( -0.1201656081756482253, -0.03219827766865950014, -0.2880448678408519814 ) ) ;
#1845 = EDGE_CURVE ( 'NONE', #2731, #1389, #1524, .T. ) ;
#1846 = CARTESIAN_POINT ( 'NONE',  ( -0.1562499999999999722, 1.555492485462209288E-16, -0.1611111111111117600 ) ) ;
#1847 = FACE_OUTER_BOUND ( 'NONE', #2336, .T. ) ;
#1848 = ORIENTED_EDGE ( 'NONE', *, *, #407, .T. ) ;
#1849 = DIRECTION ( 'NONE',  ( 0.000000000000000000, 0.000000000000000000, 1.000000000000000000 ) ) ;
#1850 = CARTESIAN_POINT ( 'NONE',  ( -1.913510623667738847E-17, -0.1562499999999999722, -0.04861111111111199312 ) ) ;
#1851 = DIRECTION ( 'NONE',  ( 1.000000000000000000, 0.000000000000000000, 0.000000000000000000 ) ) ;
#1852 = CARTESIAN_POINT ( 'NONE',  ( 7.654042494670955388E-17, 0.1562499999999999722, -0.3236111111111114047 ) ) ;
#1853 = ORIENTED_EDGE ( 'NONE', *, *, #1584, .F. ) ;
#1854 = CARTESIAN_POINT ( 'NONE',  ( 0.1562499999999999722, -1.280993811557113647E-16, -0.3361111111111113048 ) ) ;
#1855 = CARTESIAN_POINT ( 'NONE',  ( 0.1040664693413183434, -0.06008280408782415427, 0.1305555555555544256 ) ) ;
#1856 = VERTEX_POINT ( 'NONE', #2186 ) ;
#1857 = CARTESIAN_POINT ( 'NONE',  ( 0.1353164693413185793, 0.07812499999999986122, -0.08333333333333392545 ) ) ;
#1858 = CC_DESIGN_PERSON_AND_ORGANIZATION_ASSIGNMENT ( #1352, #584, ( #1190 ) ) ;
#1859 = CARTESIAN_POINT ( 'NONE',  ( 0.1222200895606594395, -0.04935449055745123881, -0.3749999999999998335 ) ) ;
#1860 = CARTESIAN_POINT ( 'NONE',  ( -0.1467833961092524231, 0.04734078263096647837, -0.01232868828083938037 ) ) ;
#1861 = APPROVAL_PERSON_ORGANIZATION ( #2030, #2739, #2266 ) ;
#1862 = CARTESIAN_POINT ( 'NONE',  ( -0.1040664693413184683, -0.06008280408782399468, -0.2861111111111113714 ) ) ;
#1863 = DIRECTION ( 'NONE',  ( -0.000000000000000000, -0.000000000000000000, 1.000000000000000000 ) ) ;
#1864 = CARTESIAN_POINT ( 'NONE',  ( 0.1562500000000000278, -0.04186706131736309122, -0.03973290993692666501 ) ) ;
#1865 = EDGE_CURVE ( 'NONE', #1267, #2027, #56, .T. ) ;
#1866 = ORIENTED_EDGE ( 'NONE', *, *, #2369, .F. ) ;
#1867 = CARTESIAN_POINT ( 'NONE',  ( 0.06937764622754606647, 0.1201656081756479477, -0.2000000000000005385 ) ) ;
#1868 = CARTESIAN_POINT ( 'NONE',  ( -0.004935812284128655858, 0.1217296470402673969, -0.04476260274210036583 ) ) ;
#1869 = FACE_OUTER_BOUND ( 'NONE', #924, .T. ) ;
#1870 = ADVANCED_FACE ( 'NONE', ( #2952 ), #317, .F. ) ;
#1871 = CARTESIAN_POINT ( 'NONE',  ( 0.06937764622754566401, 0.1201656081756481836, -0.3569444444444446196 ) ) ;
#1872 = LINE ( 'NONE', #1684, #651 ) ;
#1873 = CARTESIAN_POINT ( 'NONE',  ( -0.1387552924550911615, 8.496311238494113468E-18, -0.04027777777777857143 ) ) ;
#1874 = ORIENTED_EDGE ( 'NONE', *, *, #1748, .T. ) ;
#1875 = CARTESIAN_POINT ( 'NONE',  ( 0.1804219591217580132, -3.314297621015333647E-17, 0.06249999999999913264 ) ) ;
#1876 = CIRCLE ( 'NONE', #3093, 0.2083333333333333703 ) ;
#1877 = DIRECTION ( 'NONE',  ( 1.000000000000000000, 0.000000000000000000, 0.000000000000000000 ) ) ;
#1878 =( BOUNDED_CURVE ( )  B_SPLINE_CURVE ( 2, ( #345, #2506, #550, #1545, #1771, #1739, #1278, #2258, #2012 ),
 .UNSPECIFIED., .F., .T. ) 
 B_SPLINE_CURVE_WITH_KNOTS ( ( 3, 2, 2, 2, 3 ),
 ( 0.3863636363636364091, 0.3939393939393939226, 0.4090909090909091161, 0.4242424242424242542, 0.4318181818181818787 ),
 .UNSPECIFIED. ) 
 CURVE ( )  GEOMETRIC_REPRESENTATION_ITEM ( )  RATIONAL_B_SPLINE_CURVE ( ( 0.9330127018922194093, 0.9330127018922198534, 1.000000000000000000, 0.8660254037844387076, 1.000000000000000000, 0.8660254037844387076, 1.000000000000000000, 0.9330127018922188542, 0.9330127018922194093 ) ) 
 REPRESENTATION_ITEM ( '' )  );
#1879 = DIRECTION ( 'NONE',  ( -1.000000000000000000, 0.000000000000000000, 0.000000000000000000 ) ) ;
#1880 = CARTESIAN_POINT ( 'NONE',  ( 0.000000000000000000, 0.000000000000000000, -0.3749999999999999445 ) ) ;
#1881 = ORIENTED_EDGE ( 'NONE', *, *, #1040, .T. ) ;
#1882 = DIRECTION ( 'NONE',  ( -0.5000000000000003331, 0.8660254037844385966, 0.000000000000000000 ) ) ;
#1883 = DIRECTION ( 'NONE',  ( 1.000000000000000000, 0.000000000000000000, 0.000000000000000000 ) ) ;
#1884 = CARTESIAN_POINT ( 'NONE',  ( -0.1040664693413186209, -0.06008280408782372406, -0.1361111111111116823 ) ) ;
#1885 = ADVANCED_FACE ( 'NONE', ( #690 ), #208, .F. ) ;
#1886 = CARTESIAN_POINT ( 'NONE',  ( 2.943208548398052389E-17, 0.1201656081756482253, -0.3527777777777779122 ) ) ;
#1887 = EDGE_LOOP ( 'NONE', ( #914, #342, #2323, #1916 ) ) ;
#1888 = CARTESIAN_POINT ( 'NONE',  ( -0.1040664693413183711, 0.06008280408782411958, 0.005555555555554661518 ) ) ;
#1889 = ORIENTED_EDGE ( 'NONE', *, *, #1563, .T. ) ;
#1890 = CARTESIAN_POINT ( 'NONE',  ( 0.09021097956087896497, -0.1562500000000000000, 0.004166666666665893790 ) ) ;
#1891 = VERTEX_POINT ( 'NONE', #2827 ) ;
#1892 = CARTESIAN_POINT ( 'NONE',  ( 0.1310884703334069257, -0.02848613630350877585, -0.3749999999999998335 ) ) ;
#1893 = CARTESIAN_POINT ( 'NONE',  ( -0.1562499999999999722, 1.921490717335670717E-16, -0.06250000000000058287 ) ) ;
#1894 = CARTESIAN_POINT ( 'NONE',  ( -0.06937764622754535870, 0.1201656081756483641, -0.1486111111111116379 ) ) ;
#1895 =( BOUNDED_CURVE ( )  B_SPLINE_CURVE ( 2, ( #2891, #720, #1690, #480, #1852, #1459, #1202, #2413, #2065 ),
 .UNSPECIFIED., .F., .T. ) 
 B_SPLINE_CURVE_WITH_KNOTS ( ( 3, 2, 2, 2, 3 ),
 ( 0.1590909090909090884, 0.1666666666666666574, 0.1818181818181818232, 0.1969696969696969613, 0.2045454545454545581 ),
 .UNSPECIFIED. ) 
 CURVE ( )  GEOMETRIC_REPRESENTATION_ITEM ( )  RATIONAL_B_SPLINE_CURVE ( ( 0.9330127018922194093, 0.9330127018922194093, 1.000000000000000000, 0.8660254037844387076, 1.000000000000000000, 0.8660254037844387076, 1.000000000000000000, 0.9330127018922191873, 0.9330127018922192983 ) ) 
 REPRESENTATION_ITEM ( '' )  );
#1896 = ORIENTED_EDGE ( 'NONE', *, *, #407, .F. ) ;
#1897 = CARTESIAN_POINT ( 'NONE',  ( 0.1562499999999999722, 0.000000000000000000, -0.3749999999999999445 ) ) ;
#1898 = AXIS2_PLACEMENT_3D ( 'NONE', #1586, #1091, #2737 ) ;
#1899 = CARTESIAN_POINT ( 'NONE',  ( -0.1562499999999999445, 0.04186706131736301489, -0.3633440210480372579 ) ) ;
#1900 = ORIENTED_EDGE ( 'NONE', *, *, #3066, .F. ) ;
#1901 = CARTESIAN_POINT ( 'NONE',  ( -0.1562499999999999445, 0.04186706131736316061, -0.2647329099369262750 ) ) ;
#1902 = EDGE_CURVE ( 'NONE', #1836, #886, #2322, .T. ) ;
#1903 = VERTEX_POINT ( 'NONE', #192 ) ;
#1904 = CARTESIAN_POINT ( 'NONE',  ( -0.1040664693413183850, -0.06008280408782407794, 0.01388888888888801902 ) ) ;
#1905 = CARTESIAN_POINT ( 'NONE',  ( -0.1353164693413185238, 0.07812500000000000000, -0.06666666666666727636 ) ) ;
#1906 = VERTEX_POINT ( 'NONE', #3106 ) ;
#1907 = ADVANCED_FACE ( 'NONE', ( #2589, #1663 ), #2619, .T. ) ;
#1908 = CARTESIAN_POINT ( 'NONE',  ( 0.1040664693413183711, -0.06008280408782416121, -0.3625000000000001554 ) ) ;
#1909 = CARTESIAN_POINT ( 'NONE',  ( 0.000000000000000000, 0.000000000000000000, -0.3749999999999999445 ) ) ;
#1910 = FACE_OUTER_BOUND ( 'NONE', #2492, .T. ) ;
#1911 = DIRECTION ( 'NONE',  ( 1.000000000000000000, 0.000000000000000000, 0.000000000000000000 ) ) ;
#1912 = VERTEX_POINT ( 'NONE', #3121 ) ;
#1913 = FACE_OUTER_BOUND ( 'NONE', #190, .T. ) ;
#1914 = DIRECTION ( 'NONE',  ( 1.000000000000000000, 0.000000000000000000, 0.000000000000000000 ) ) ;
#1915 =( BOUNDED_CURVE ( )  B_SPLINE_CURVE ( 2, ( #530, #1515, #1254, #2955, #2960, #3033, #3134, #1458, #2365 ),
 .UNSPECIFIED., .F., .F. ) 
 B_SPLINE_CURVE_WITH_KNOTS ( ( 3, 2, 2, 2, 3 ),
 ( 0.6136363636363637575, 0.6212121212121212155, 0.6363636363636363535, 0.6515151515151514916, 0.6590909090909091717 ),
 .UNSPECIFIED. ) 
 CURVE ( )  GEOMETRIC_REPRESENTATION_ITEM ( )  RATIONAL_B_SPLINE_CURVE ( ( 0.9330127018922192983, 0.9330127018922202975, 1.000000000000000000, 0.8660254037844387076, 1.000000000000000000, 0.8660254037844387076, 1.000000000000000000, 0.9330127018922182991, 0.9330127018922192983 ) ) 
 REPRESENTATION_ITEM ( '' )  );
#1916 = ORIENTED_EDGE ( 'NONE', *, *, #594, .F. ) ;
#1917 = CARTESIAN_POINT ( 'NONE',  ( 0.3072916666666665186, 0.000000000000000000, -0.01041666666666683262 ) ) ;
#1918 = FACE_OUTER_BOUND ( 'NONE', #215, .T. ) ;
#1919 = PLANE ( 'NONE',  #1681 ) ;
#1920 = ORIENTED_EDGE ( 'NONE', *, *, #565, .F. ) ;
#1921 = CARTESIAN_POINT ( 'NONE',  ( -1.913510623667738847E-17, -0.1562499999999999722, -0.2986111111111114935 ) ) ;
#1922 = CARTESIAN_POINT ( 'NONE',  ( -0.1040664693413183850, 0.06008280408782412652, -0.2875000000000003664 ) ) ;
#1923 = ADVANCED_FACE ( 'NONE', ( #898 ), #2417, .F. ) ;
#1924 = CARTESIAN_POINT ( 'NONE',  ( -0.06937764622754562238, -0.1201656081756481559, -0.3819444444444444753 ) ) ;
#1925 = CARTESIAN_POINT ( 'NONE',  ( 0.1201656081756482392, 3.316858976353241292E-16, -0.05833333333333413223 ) ) ;
#1926 = CARTESIAN_POINT ( 'NONE',  ( 0.1201656081756481420, -0.03219827766865977076, -0.3105662432702596121 ) ) ;
#1927 = EDGE_CURVE ( 'NONE', #1170, #971, #8, .T. ) ;
#1928 = CARTESIAN_POINT ( 'NONE',  ( -0.09021097956087811842, 0.1562500000000004441, -0.07083333333333395598 ) ) ;
#1929 = ORIENTED_EDGE ( 'NONE', *, *, #1279, .F. ) ;
#1930 = CARTESIAN_POINT ( 'NONE',  ( -0.2160671519534435869, 0.2360974899001596350, -0.4554041651195587792 ) ) ;
#1931 = AXIS2_PLACEMENT_3D ( 'NONE', #3008, #114, #2225 ) ;
#1932 = CARTESIAN_POINT ( 'NONE',  ( -0.1471189081634682039, 0.01801299850813959519, -0.01830614103373707016 ) ) ;
#1933 = ORIENTED_EDGE ( 'NONE', *, *, #770, .F. ) ;
#1934 = CARTESIAN_POINT ( 'NONE',  ( -0.1562499999999999722, 1.913510623667738847E-17, -0.3749999999999999445 ) ) ;
#1935 =( BOUNDED_CURVE ( )  B_SPLINE_CURVE ( 2, ( #1136, #1394, #1646, #908, #398, #448, #419, #1374, #3101 ),
 .UNSPECIFIED., .F., .T. ) 
 B_SPLINE_CURVE_WITH_KNOTS ( ( 3, 2, 2, 2, 3 ),
 ( 0.2045454545454545581, 0.2121212121212121271, 0.2272727272727272652, 0.2424242424242424310, 0.2500000000000000555 ),
 .UNSPECIFIED. ) 
 CURVE ( )  GEOMETRIC_REPRESENTATION_ITEM ( )  RATIONAL_B_SPLINE_CURVE ( ( 0.9330127018922192983, 0.9330127018922194093, 1.000000000000000000, 0.8660254037844387076, 1.000000000000000000, 0.8660254037844387076, 1.000000000000000000, 0.9330127018922188542, 0.9330127018922194093 ) ) 
 REPRESENTATION_ITEM ( '' )  );
#1936 = CARTESIAN_POINT ( 'NONE',  ( 0.000000000000000000, 0.000000000000000000, -0.2807269407382074755 ) ) ;
#1937 = CARTESIAN_POINT ( 'NONE',  ( -0.09021097956087899272, 0.1562499999999999722, -0.4194444444444445641 ) ) ;
#1938 = CARTESIAN_POINT ( 'NONE',  ( 0.1353164693413185793, 0.07812499999999986122, 0.1666666666666655194 ) ) ;
#1939 = DIRECTION ( 'NONE',  ( -0.000000000000000000, -0.000000000000000000, 1.000000000000000000 ) ) ;
#1940 = CARTESIAN_POINT ( 'NONE',  ( -0.08880801277618353973, 0.08095004789973030135, -0.04608439182435160320 ) ) ;
#1941 = CARTESIAN_POINT ( 'NONE',  ( -0.3125000000000000555, 0.06098982946442469549, -0.4596097319845002249 ) ) ;
#1942 = CARTESIAN_POINT ( 'NONE',  ( 2.048885995248197414E-16, -0.3608439182435159709, -0.02083333333333335993 ) ) ;
#1943 = ADVANCED_FACE ( 'NONE', ( #657 ), #1446, .F. ) ;
#1944 = ORIENTED_EDGE ( 'NONE', *, *, #454, .F. ) ;
#1945 = CARTESIAN_POINT ( 'NONE',  ( 0.1201656081756482530, -9.149955796836528340E-17, -0.2083333333333338422 ) ) ;
#1946 = CARTESIAN_POINT ( 'NONE',  ( 0.1562499999999999722, 1.646992043430574584E-16, -0.1861111111111116989 ) ) ;
#1947 = VECTOR ( 'NONE', #1670, 39.37007874015748143 ) ;
#1948 = ORIENTED_EDGE ( 'NONE', *, *, #2742, .T. ) ;
#1949 = CARTESIAN_POINT ( 'NONE',  ( -0.07699070146047731766, -0.3163933160302112579, -0.4402478679664360017 ) ) ;
#1950 = DIRECTION ( 'NONE',  ( -0.000000000000000000, -0.000000000000000000, 1.000000000000000000 ) ) ;
#1951 = CARTESIAN_POINT ( 'NONE',  ( -0.1353164693413185238, -0.07812499999999995837, -0.3569444444444446751 ) ) ;
#1952 = CARTESIAN_POINT ( 'NONE',  ( -0.1387552924550911893, 8.496311238494115008E-18, -0.3833333333333334703 ) ) ;
#1953 = CARTESIAN_POINT ( 'NONE',  ( -0.01111440523356447586, -0.1320459967174284766, -0.03487616193039221740 ) ) ;
#1954 = CARTESIAN_POINT ( 'NONE',  ( -0.1562500000000000833, 0.04186706131736298020, -0.2147329099369263139 ) ) ;
#1955 = CARTESIAN_POINT ( 'NONE',  ( -0.1201656081756482253, 1.471604274199026194E-17, -0.3749999999999999445 ) ) ;
#1956 = DIRECTION ( 'NONE',  ( -0.000000000000000000, -0.000000000000000000, -1.000000000000000000 ) ) ;
#1957 = CARTESIAN_POINT ( 'NONE',  ( 2.260961667158486591E-16, -0.3608439182435160264, -0.6250000000000000000 ) ) ;
#1958 = ORIENTED_EDGE ( 'NONE', *, *, #2782, .F. ) ;
#1959 = CARTESIAN_POINT ( 'NONE',  ( -0.06547135312879479030, 0.3230440148903974684, -0.4283693139270602357 ) ) ;
#1960 = CARTESIAN_POINT ( 'NONE',  ( 0.1201656081756482392, 3.591357650258336933E-16, -0.1083333333333340032 ) ) ;
#1961 = EDGE_CURVE ( 'NONE', #2897, #1403, #954, .T. ) ;
#1962 = VERTEX_POINT ( 'NONE', #3139 ) ;
#1963 = CARTESIAN_POINT ( 'NONE',  ( 0.2791304938367802357, -0.1996878524878179240, -0.3775247577442577551 ) ) ;
#1964 = CC_DESIGN_APPROVAL ( #2739, ( #1141 ) ) ;
#1965 = CARTESIAN_POINT ( 'NONE',  ( -0.1638570190004511040, -0.2662410242149957917, -0.4734703008442713301 ) ) ;
#1966 = EDGE_CURVE ( 'NONE', #1449, #2816, #527, .T. ) ;
#1967 = CARTESIAN_POINT ( 'NONE',  ( -0.08642407881713436157, -0.08885379153203105951, -0.3749999999999998335 ) ) ;
#1968 = CARTESIAN_POINT ( 'NONE',  ( 0.1400605295579728238, 0.009633097286023592151, -0.02618947044202716429 ) ) ;
#1969 = EDGE_LOOP ( 'NONE', ( #812, #704, #1032 ) ) ;
#1970 = CARTESIAN_POINT ( 'NONE',  ( 0.09021097956087896497, -0.1562500000000000000, -0.3444444444444447750 ) ) ;
#1971 = CARTESIAN_POINT ( 'NONE',  ( 0.09021097956087910374, 0.1562499999999999167, 0.1708333333333322268 ) ) ;
#1972 = CARTESIAN_POINT ( 'NONE',  ( 0.3125000000000000000, -0.09134784884610283595, -0.4403900632289776684 ) ) ;
#1973 = CARTESIAN_POINT ( 'NONE',  ( -0.09021097956087899272, 0.1562499999999999722, -0.3708333333333332926 ) ) ;
#1974 = CARTESIAN_POINT ( 'NONE',  ( 5.740744273069093030E-16, 0.1201656081756482253, -0.1458333333333340087 ) ) ;
#1975 = CARTESIAN_POINT ( 'NONE',  ( -0.2968750000000000000, 3.635670184968705258E-17, -0.02083333333333333218 ) ) ;
#1976 = DIRECTION ( 'NONE',  ( 0.000000000000000000, 0.000000000000000000, 1.000000000000000000 ) ) ;
#1977 = AXIS2_PLACEMENT_3D ( 'NONE', #455, #470, #2388 ) ;
#1978 = CARTESIAN_POINT ( 'NONE',  ( -0.06937764622754606647, -0.1201656081756479338, -0.1819444444444449083 ) ) ;
#1979 = AXIS2_PLACEMENT_3D ( 'NONE', #701, #1659, #188 ) ;
#1980 = VERTEX_POINT ( 'NONE', #2710 ) ;
#1981 = CARTESIAN_POINT ( 'NONE',  ( 0.2160671519534434759, -0.2360974899001598570, -0.4554041651195586682 ) ) ;
#1982 = DIRECTION ( 'NONE',  ( -0.000000000000000000, -0.000000000000000000, 1.000000000000000000 ) ) ;
#1983 = CARTESIAN_POINT ( 'NONE',  ( 0.000000000000000000, 0.000000000000000000, -0.02083333333333333218 ) ) ;
#1984 = CARTESIAN_POINT ( 'NONE',  ( -0.06937764622754563626, -0.1201656081756481836, -0.2250000000000005329 ) ) ;
#1985 = VECTOR ( 'NONE', #2113, 39.37007874015748143 ) ;
#1986 = CARTESIAN_POINT ( 'NONE',  ( 0.1317199749172301426, -0.04230056050107130344, -0.02817159260593794096 ) ) ;
#1987 = CARTESIAN_POINT ( 'NONE',  ( -0.1562500000000000000, -3.751481876702976385E-16, -0.06111111111111194177 ) ) ;
#1988 = FACE_OUTER_BOUND ( 'NONE', #2677, .T. ) ;
#1989 = CARTESIAN_POINT ( 'NONE',  ( 0.02265440745833624536, 0.3477643899991140208, -0.3437500000000000555 ) ) ;
#1990 = FACE_OUTER_BOUND ( 'NONE', #1130, .T. ) ;
#1991 = DIRECTION ( 'NONE',  ( -0.8660254037844389297, 0.4999999999999996114, 0.000000000000000000 ) ) ;
#1992 = ORIENTED_EDGE ( 'NONE', *, *, #228, .F. ) ;
#1993 = CARTESIAN_POINT ( 'NONE',  ( 0.1717325768660058205, 0.2616940687612995808, -0.4725704386537349921 ) ) ;
#1994 = CARTESIAN_POINT ( 'NONE',  ( 0.1201656081756482530, 0.03219827766865956953, -0.3130448678408520036 ) ) ;
#1995 = AXIS2_PLACEMENT_3D ( 'NONE', #2220, #2646, #483 ) ;
#1996 = CARTESIAN_POINT ( 'NONE',  ( -0.3125000000000000000, 0.1804219591217579577, -0.2500000000000006661 ) ) ;
#1997 = AXIS2_PLACEMENT_3D ( 'NONE', #1794, #2517, #616 ) ;
#1998 = CARTESIAN_POINT ( 'NONE',  ( 0.06937764622754565014, 0.1201656081756481836, -9.561467977824922251E-16 ) ) ;
#1999 = EDGE_CURVE ( 'NONE', #1692, #1267, #2251, .T. ) ;
#2000 = ORIENTED_EDGE ( 'NONE', *, *, #756, .F. ) ;
#2001 = CARTESIAN_POINT ( 'NONE',  ( 0.06937764622754553911, -0.1201656081756482392, -0.1736111111111116045 ) ) ;
#2002 = CARTESIAN_POINT ( 'NONE',  ( -0.1562499999999999722, 2.287488949209131469E-17, -0.3625000000000000444 ) ) ;
#2003 = CARTESIAN_POINT ( 'NONE',  ( -0.1562499999999999445, -0.04186706131736234182, -0.1088782011741858402 ) ) ;
#2004 = EDGE_CURVE ( 'NONE', #2924, #2755, #1876, .T. ) ;
#2005 = CARTESIAN_POINT ( 'NONE',  ( 0.3125000000000000000, -0.1542629026329530029, -0.3437500000000021094 ) ) ;
#2006 = CARTESIAN_POINT ( 'NONE',  ( 0.09140412144527861049, 0.1118580697215849906, -0.02212130740501420945 ) ) ;
#2007 = CARTESIAN_POINT ( 'NONE',  ( 0.1201656081756482114, -0.03219827766865984014, -0.2175106877147041928 ) ) ;
#2008 = CARTESIAN_POINT ( 'NONE',  ( -0.1562499999999999722, 1.921490717335670717E-16, -0.1111111111111118405 ) ) ;
#2009 = CARTESIAN_POINT ( 'NONE',  ( -5.593583845649190287E-16, -0.1201656081756482253, -0.1777777777777782564 ) ) ;
#2010 = ORIENTED_EDGE ( 'NONE', *, *, #2306, .T. ) ;
#2011 = CARTESIAN_POINT ( 'NONE',  ( 0.2623267297852042712, 0.2093895101863942065, -0.4080265368055672193 ) ) ;
#2012 = CARTESIAN_POINT ( 'NONE',  ( 0.1201656081756482253, 1.235244032572931123E-16, -0.1583333333333339088 ) ) ;
#2013 = CARTESIAN_POINT ( 'NONE',  ( 0.000000000000000000, 0.1201656081756482253, -0.04583333333333419052 ) ) ;
#2014 =( BOUNDED_CURVE ( )  B_SPLINE_CURVE ( 2, ( #2313, #636, #1587, #368, #2535, #1556, #1062, #3032, #1107 ),
 .UNSPECIFIED., .F., .F. ) 
 B_SPLINE_CURVE_WITH_KNOTS ( ( 3, 2, 2, 2, 3 ),
 ( 0.1590909090909090884, 0.1666666666666666574, 0.1818181818181818232, 0.1969696969696969613, 0.2045454545454545581 ),
 .UNSPECIFIED. ) 
 CURVE ( )  GEOMETRIC_REPRESENTATION_ITEM ( )  RATIONAL_B_SPLINE_CURVE ( ( 0.9330127018922194093, 0.9330127018922194093, 1.000000000000000000, 0.8660254037844387076, 1.000000000000000000, 0.8660254037844387076, 1.000000000000000000, 0.9330127018922191873, 0.9330127018922192983 ) ) 
 REPRESENTATION_ITEM ( '' )  );
#2015 = ORIENTED_EDGE ( 'NONE', *, *, #145, .F. ) ;
#2016 = CARTESIAN_POINT ( 'NONE',  ( -0.06937764622754562238, -0.1201656081756481559, -0.2319444444444448417 ) ) ;
#2017 = CARTESIAN_POINT ( 'NONE',  ( -0.1353164693413185238, -0.07812499999999995837, -0.2583333333333335813 ) ) ;
#2018 = PERSON_AND_ORGANIZATION ( #2078, #1301 ) ;
#2019 = CARTESIAN_POINT ( 'NONE',  ( 0.04189803220576584358, -0.1126247232427588507, -0.3750000000000000555 ) ) ;
#2020 = LINE ( 'NONE', #824, #1025 ) ;
#2021 = EDGE_CURVE ( 'NONE', #3109, #1173, #2958, .T. ) ;
#2022 = CARTESIAN_POINT ( 'NONE',  ( -0.1562500000000000000, -3.385483644829515202E-16, -0.01111111111111201012 ) ) ;
#2023 = ORIENTED_EDGE ( 'NONE', *, *, #1064, .T. ) ;
#2024 = CARTESIAN_POINT ( 'NONE',  ( 0.09021097956087974212, 0.1562499999999995282, -0.07777777777777858392 ) ) ;
#2025 = CARTESIAN_POINT ( 'NONE',  ( 5.886417096796104778E-17, 0.1201656081756482253, -0.3027777777777779789 ) ) ;
#2026 = CARTESIAN_POINT ( 'NONE',  ( 0.1040664693413184405, 0.06008280408782402937, 0.09583333333333214632 ) ) ;
#2027 = VERTEX_POINT ( 'NONE', #1946 ) ;
#2028 = CARTESIAN_POINT ( 'NONE',  ( -1.471604274199025886E-17, -0.1201656081756482114, -0.3277777777777779455 ) ) ;
#2029 = CARTESIAN_POINT ( 'NONE',  ( 0.09021097956087910374, 0.1562499999999999167, -0.1291666666666671515 ) ) ;
#2030 = PERSON_AND_ORGANIZATION ( #2078, #1301 ) ;
#2031 =( BOUNDED_CURVE ( )  B_SPLINE_CURVE ( 2, ( #2749, #1581, #2528, #362, #2824 ),
 .UNSPECIFIED., .F., .F. ) 
 B_SPLINE_CURVE_WITH_KNOTS ( ( 3, 2, 3 ),
 ( 0.05065761732383010363, 0.06060606060606060774, 0.06818181818181819065 ),
 .UNSPECIFIED. ) 
 CURVE ( )  GEOMETRIC_REPRESENTATION_ITEM ( )  RATIONAL_B_SPLINE_CURVE ( ( 0.9395835397632996688, 0.9120326476671237748, 1.000000000000000000, 0.9330127018922192983, 0.9330127018922194093 ) ) 
 REPRESENTATION_ITEM ( '' )  );
#2032 = CARTESIAN_POINT ( 'NONE',  ( 0.09021097956087964498, 0.1562499999999995837, -0.1777777777777783952 ) ) ;
#2033 = DIRECTION ( 'NONE',  ( -0.8660254037844397068, 1.060575238724908024E-16, 0.4999999999999981681 ) ) ;
#2034 = CARTESIAN_POINT ( 'NONE',  ( -0.007155027074706975417, -0.3567129614358747203, -0.2813777321611324322 ) ) ;
#2035 = ADVANCED_FACE ( 'NONE', ( #300 ), #36, .F. ) ;
#2036 = ORIENTED_EDGE ( 'NONE', *, *, #165, .T. ) ;
#2037 = CARTESIAN_POINT ( 'NONE',  ( 0.1642568047517996566, -0.2660102078038368845, -0.4734397118022455331 ) ) ;
#2038 = CARTESIAN_POINT ( 'NONE',  ( 0.09021097956087896497, -0.1562500000000000000, 0.05555555555555446307 ) ) ;
#2039 = CARTESIAN_POINT ( 'NONE',  ( 0.06937764622754546973, -0.1201656081756482808, -0.3236111111111112382 ) ) ;
#2040 = CARTESIAN_POINT ( 'NONE',  ( -0.06937764622754558075, 0.1201656081756482253, 0.008333333333332334017 ) ) ;
#2041 = ORIENTED_EDGE ( 'NONE', *, *, #2465, .T. ) ;
#2042 = CARTESIAN_POINT ( 'NONE',  ( -1.471604274199025886E-17, -0.1201656081756482114, -0.2277777777777781343 ) ) ;
#2043 = CARTESIAN_POINT ( 'NONE',  ( -0.09021097956087899272, 0.1562499999999999722, -0.1208333333333338339 ) ) ;
#2044 = CARTESIAN_POINT ( 'NONE',  ( 0.06937764622754535870, -0.1201656081756483641, -0.1166666666666673902 ) ) ;
#2045 = DIRECTION ( 'NONE',  ( 0.000000000000000000, 0.000000000000000000, 1.000000000000000000 ) ) ;
#2046 = CARTESIAN_POINT ( 'NONE',  ( -0.1201656081756482253, 1.532617595970118149E-16, -0.09027777777777840074 ) ) ;
#2047 = CARTESIAN_POINT ( 'NONE',  ( 0.06937764622754603872, 0.1201656081756479477, -0.2569444444444446973 ) ) ;
#2048 = ORIENTED_EDGE ( 'NONE', *, *, #2648, .F. ) ;
#2049 = CARTESIAN_POINT ( 'NONE',  ( 0.1180751703845174944, -0.2926731868374040646, -0.4664862652690783817 ) ) ;
#2050 = CARTESIAN_POINT ( 'NONE',  ( -0.1804219591217580132, 1.104765873671777625E-17, 0.08888888888888769879 ) ) ;
#2051 = LINE ( 'NONE', #2713, #2324 ) ;
#2052 = EDGE_CURVE ( 'NONE', #943, #619, #1736, .T. ) ;
#2053 = CARTESIAN_POINT ( 'NONE',  ( -0.1040664693413183850, 0.06008280408782412652, -0.03750000000000090067 ) ) ;
#2054 = ORIENTED_EDGE ( 'NONE', *, *, #1902, .T. ) ;
#2055 = CARTESIAN_POINT ( 'NONE',  ( 0.1387552924550911615, -2.548893371548234348E-17, -0.3152777777777779900 ) ) ;
#2056 = CARTESIAN_POINT ( 'NONE',  ( -0.09021097956087906211, -0.1562499999999999445, -0.2541666666666668739 ) ) ;
#2057 = DIRECTION ( 'NONE',  ( 1.000000000000000000, 0.000000000000000000, 0.000000000000000000 ) ) ;
#2058 = CARTESIAN_POINT ( 'NONE',  ( 0.1353164693413187736, 0.07812499999999954203, -0.2319444444444449527 ) ) ;
#2059 = FACE_OUTER_BOUND ( 'NONE', #2552, .T. ) ;
#2060 = CARTESIAN_POINT ( 'NONE',  ( -0.1562499999999999722, 1.921490717335670717E-16, -0.06250000000000058287 ) ) ;
#2061 = ORIENTED_EDGE ( 'NONE', *, *, #2742, .F. ) ;
#2062 = CARTESIAN_POINT ( 'NONE',  ( 0.04560586059841268552, -0.3345133623503979692, -0.4006081255318851286 ) ) ;
#2063 = CARTESIAN_POINT ( 'NONE',  ( 0.1353164693413184683, -0.07812500000000005551, -0.1402777777777784729 ) ) ;
#2064 = CARTESIAN_POINT ( 'NONE',  ( -0.1201656081756481836, -0.03219827766865924340, -0.1380448678408522645 ) ) ;
#2065 = CARTESIAN_POINT ( 'NONE',  ( -0.1562499999999999722, 1.463992927493844239E-16, -0.3111111111111114491 ) ) ;
#2066 = CARTESIAN_POINT ( 'NONE',  ( 0.06937764622754565014, 0.1201656081756481836, 0.1499999999999987177 ) ) ;
#2067 = AXIS2_PLACEMENT_3D ( 'NONE', #1183, #251, #2411 ) ;
#2068 = B_SPLINE_CURVE_WITH_KNOTS ( 'NONE', 3,
 ( #1442, #2396, #1106, #2077 ),
 .UNSPECIFIED., .F., .F.,
 ( 4, 4 ),
 ( 0.004383055422966733103, 0.006852633349760628781 ),
 .UNSPECIFIED. ) ;
#2069 = B_SPLINE_CURVE_WITH_KNOTS ( 'NONE', 3,
 ( #2237, #1517, #2221, #2942 ),
 .UNSPECIFIED., .F., .F.,
 ( 4, 4 ),
 ( 1.902025608158489492E-17, 0.001200508862307163478 ),
 .UNSPECIFIED. ) ;
#2070 = EDGE_CURVE ( 'NONE', #1821, #1449, #2069, .T. ) ;
#2071 = VERTEX_POINT ( 'NONE', #2008 ) ;
#2072 = VECTOR ( 'NONE', #2660, 39.37007874015748143 ) ;
#2073 = CARTESIAN_POINT ( 'NONE',  ( 0.06937764622754565014, 0.1201656081756481559, 0.09305555555555447556 ) ) ;
#2074 = CARTESIAN_POINT ( 'NONE',  ( 0.1353164693413184683, -0.07812500000000005551, -0.1416666666666671348 ) ) ;
#2075 = CARTESIAN_POINT ( 'NONE',  ( 0.06937764622754555299, -0.1201656081756482530, -0.3666666666666668628 ) ) ;
#2076 = DIRECTION ( 'NONE',  ( 0.000000000000000000, 0.000000000000000000, 1.000000000000000000 ) ) ;
#2077 = CARTESIAN_POINT ( 'NONE',  ( 0.3125000000000000000, -0.1804219591217580410, -0.2500000000000002220 ) ) ;
#2078 = PERSON ( 'UNSPECIFIED', 'UNSPECIFIED', 'UNSPECIFIED', ('UNSPECIFIED'), ('UNSPECIFIED'), ('UNSPECIFIED') ) ;
#2079 = CARTESIAN_POINT ( 'NONE',  ( -0.1562499999999999722, 1.555492485462209288E-16, -0.1125000000000004746 ) ) ;
#2080 = CARTESIAN_POINT ( 'NONE',  ( -0.1040664693413182740, 0.06008280408782430693, -0.2444444444444447972 ) ) ;
#2081 = ORIENTED_EDGE ( 'NONE', *, *, #2610, .T. ) ;
#2082 = CARTESIAN_POINT ( 'NONE',  ( -0.1562499999999999445, -0.04186706131736271652, -0.2088782011741856237 ) ) ;
#2083 = CARTESIAN_POINT ( 'NONE',  ( -0.1353164693413185238, 0.07812500000000000000, -0.1152777777777785201 ) ) ;
#2084 = CARTESIAN_POINT ( 'NONE',  ( -0.1201656081756482253, 1.212369143080839737E-16, -0.1402777777777782786 ) ) ;
#2085 = CARTESIAN_POINT ( 'NONE',  ( 0.1562499999999999722, 1.646992043430574584E-16, -0.1375000000000004274 ) ) ;
#2086 = ORIENTED_EDGE ( 'NONE', *, *, #2369, .T. ) ;
#2087 = CARTESIAN_POINT ( 'NONE',  ( 0.1562500000000000000, 0.04186706131736258468, -0.1852670900630743467 ) ) ;
#2088 = CC_DESIGN_PERSON_AND_ORGANIZATION_ASSIGNMENT ( #2018, #2735, ( #1141 ) ) ;
#2089 = VERTEX_POINT ( 'NONE', #1960 ) ;
#2090 = CARTESIAN_POINT ( 'NONE',  ( 0.000000000000000000, 0.1201656081756482114, -0.05277777777777850621 ) ) ;
#2091 = CARTESIAN_POINT ( 'NONE',  ( 0.09021097956087896497, -0.1562500000000000000, 0.05416666666666576646 ) ) ;
#2092 = ADVANCED_FACE ( 'NONE', ( #779 ), #857, .T. ) ;
#2093 = VECTOR ( 'NONE', #1029, 39.37007874015748143 ) ;
#2094 = LINE ( 'NONE', #933, #1947 ) ;
#2095 = CARTESIAN_POINT ( 'NONE',  ( 0.1662499999999999811, 0.000000000000000000, 0.000000000000000000 ) ) ;
#2096 = CARTESIAN_POINT ( 'NONE',  ( -1.030122991939318213E-16, -0.1201656081756482253, -0.2208333333333338255 ) ) ;
#2097 = ADVANCED_FACE ( 'NONE', ( #751 ), #2176, .F. ) ;
#2098 = CARTESIAN_POINT ( 'NONE',  ( -0.1201656081756482392, -1.692741822414757355E-16, -0.2402777777777780621 ) ) ;
#2099 = ORIENTED_EDGE ( 'NONE', *, *, #2287, .T. ) ;
#2100 = CARTESIAN_POINT ( 'NONE',  ( 0.3125000000000000000, -0.1804219591217580410, -0.2500000000000002220 ) ) ;
#2101 = CARTESIAN_POINT ( 'NONE',  ( -0.01411935981741109167, 0.1223004868338331830, -0.04347332856242066418 ) ) ;
#2102 = CARTESIAN_POINT ( 'NONE',  ( -0.1201656081756482253, 6.176220162864655613E-17, -0.3333333333333335924 ) ) ;
#2103 = CARTESIAN_POINT ( 'NONE',  ( 0.000000000000000000, 0.1201656081756482253, 0.1541666666666653973 ) ) ;
#2104 = ORIENTED_EDGE ( 'NONE', *, *, #2709, .F. ) ;
#2105 = DIRECTION ( 'NONE',  ( -0.8660254037844389297, 0.4999999999999995559, 0.000000000000000000 ) ) ;
#2106 = CARTESIAN_POINT ( 'NONE',  ( -0.1040664693413183850, -0.06008280408782407794, -0.03611111111111192651 ) ) ;
#2107 = CARTESIAN_POINT ( 'NONE',  ( 0.1353164693413185793, 0.07812499999999986122, 0.01666666666666589622 ) ) ;
#2108 = ORIENTED_EDGE ( 'NONE', *, *, #1451, .T. ) ;
#2109 = CARTESIAN_POINT ( 'NONE',  ( 0.1378326348375282229, 0.008334111517285115733, -0.3749999999999997780 ) ) ;
#2110 = VECTOR ( 'NONE', #31, 39.37007874015748143 ) ;
#2111 = CARTESIAN_POINT ( 'NONE',  ( 0.1562500000000000278, -0.04186706131736305653, -0.08973290993692654982 ) ) ;
#2112 = DIRECTION ( 'NONE',  ( 1.000000000000000000, 0.000000000000000000, 0.000000000000000000 ) ) ;
#2113 = DIRECTION ( 'NONE',  ( -0.000000000000000000, -0.000000000000000000, 1.000000000000000000 ) ) ;
#2114 = B_SPLINE_CURVE_WITH_KNOTS ( 'NONE', 3,
 ( #491, #1456, #2201, #2689, #281, #2904, #1234, #295, #1972, #1474, #744, #44, #1732, #2427, #999, #773 ),
 .UNSPECIFIED., .F., .F.,
 ( 4, 2, 2, 2, 2, 2, 2, 4 ),
 ( 0.000000000000000000, 0.0006811431850377655398, 0.001362286370075531080, 0.002043429555113296728, 0.002724572740151063027, 0.003405715925188828892, 0.004086859110226595190, 0.005449145480302126920 ),
 .UNSPECIFIED. ) ;
#2115 = EDGE_CURVE ( 'NONE', #1706, #2071, #1280, .T. ) ;
#2116 = ORIENTED_EDGE ( 'NONE', *, *, #247, .T. ) ;
#2117 = ORIENTED_EDGE ( 'NONE', *, *, #698, .T. ) ;
#2118 = CARTESIAN_POINT ( 'NONE',  ( -0.1201656081756482253, 1.532617595970118149E-16, -0.08333333333333409199 ) ) ;
#2119 = CARTESIAN_POINT ( 'NONE',  ( -0.08406096321870970556, 0.1043253510009974627, -0.03257478633333895507 ) ) ;
#2120 = VERTEX_POINT ( 'NONE', #764 ) ;
#2121 = ORIENTED_EDGE ( 'NONE', *, *, #2495, .F. ) ;
#2122 = CARTESIAN_POINT ( 'NONE',  ( -0.1387552924550911615, 8.496311238494113468E-18, -0.09027777777777845625 ) ) ;
#2123 = VERTEX_POINT ( 'NONE', #274 ) ;
#2124 = CARTESIAN_POINT ( 'NONE',  ( -1.913510623667738847E-17, -0.1562499999999999722, 0.09999999999999900635 ) ) ;
#2125 = ORIENTED_EDGE ( 'NONE', *, *, #643, .T. ) ;
#2126 = CARTESIAN_POINT ( 'NONE',  ( 0.1562500000000000000, 4.712227235370811128E-16, -0.08750000000000049405 ) ) ;
#2127 = DIRECTION ( 'NONE',  ( 0.000000000000000000, 0.000000000000000000, 1.000000000000000000 ) ) ;
#2128 = B_SPLINE_CURVE_WITH_KNOTS ( 'NONE', 3,
 ( #2100, #2826, #3120, #655 ),
 .UNSPECIFIED., .F., .F.,
 ( 4, 4 ),
 ( 2.067945329218772710E-07, 0.002472418784303525002 ),
 .UNSPECIFIED. ) ;
#2129 = ORIENTED_EDGE ( 'NONE', *, *, #2651, .F. ) ;
#2130 = CARTESIAN_POINT ( 'NONE',  ( -0.2853739512089500940, 0.1960831906933215019, -0.3611105739451118124 ) ) ;
#2131 = CARTESIAN_POINT ( 'NONE',  ( 0.000000000000000000, 0.1562499999999999722, 0.1263888888888876350 ) ) ;
#2132 = ADVANCED_FACE ( 'NONE', ( #1031 ), #20, .F. ) ;
#2133 =( BOUNDED_CURVE ( )  B_SPLINE_CURVE ( 2, ( #3031, #574, #3003, #859, #1827, #841, #2253, #2007, #1043 ),
 .UNSPECIFIED., .F., .F. ) 
 B_SPLINE_CURVE_WITH_KNOTS ( ( 3, 2, 2, 2, 3 ),
 ( 0.2954545454545455252, 0.3030303030303030387, 0.3181818181818181768, 0.3333333333333333148, 0.3409090909090909394 ),
 .UNSPECIFIED. ) 
 CURVE ( )  GEOMETRIC_REPRESENTATION_ITEM ( )  RATIONAL_B_SPLINE_CURVE ( ( 0.9330127018922194093, 0.9330127018922198534, 1.000000000000000000, 0.8660254037844387076, 1.000000000000000000, 0.8660254037844387076, 1.000000000000000000, 0.9330127018922191873, 0.9330127018922194093 ) ) 
 REPRESENTATION_ITEM ( '' )  );
#2134 = CARTESIAN_POINT ( 'NONE',  ( 7.654042494670955388E-17, 0.1562499999999999722, -0.2750000000000001887 ) ) ;
#2135 = EDGE_CURVE ( 'NONE', #1282, #3086, #974, .T. ) ;
#2136 = ORIENTED_EDGE ( 'NONE', *, *, #2929, .F. ) ;
#2137 = CARTESIAN_POINT ( 'NONE',  ( 0.1387552924550911615, -2.548893371548234348E-17, 0.08472222222222119958 ) ) ;
#2138 = ORIENTED_EDGE ( 'NONE', *, *, #2631, .T. ) ;
#2139 = CARTESIAN_POINT ( 'NONE',  ( -0.09021097956087906211, -0.1562499999999999445, 0.09583333333333236836 ) ) ;
#2140 = EDGE_LOOP ( 'NONE', ( #734, #2138, #1624, #1510, #2223, #1848, #548, #1147, #2117, #1100, #2440, #2400, #902, #2116, #2450, #2353, #2437, #2041, #3051, #953, #2121, #452, #1900, #2727, #1341, #2635, #2834, #3122, #2255, #2611, #1648, #3068, #361, #2836, #1815 ) ) ;
#2141 = CARTESIAN_POINT ( 'NONE',  ( -0.1562500000000001665, 0.04186706131736319531, -0.01334402104803807457 ) ) ;
#2142 = DIRECTION ( 'NONE',  ( -1.892679809432642417E-16, 1.000000000000000000, 0.000000000000000000 ) ) ;
#2143 = DIRECTION ( 'NONE',  ( 0.7071067811865486830, 0.000000000000000000, 0.7071067811865462405 ) ) ;
#2144 = CARTESIAN_POINT ( 'NONE',  ( 0.1562499999999999722, 0.000000000000000000, -0.3749999999999999445 ) ) ;
#2145 = LINE ( 'NONE', #1219, #1274 ) ;
#2146 = VECTOR ( 'NONE', #2033, 39.37007874015748143 ) ;
#2147 = EDGE_LOOP ( 'NONE', ( #2566, #896, #2263, #2497 ) ) ;
#2148 = CARTESIAN_POINT ( 'NONE',  ( 1.765925129038831187E-16, 0.1201656081756482253, -0.09583333333333410309 ) ) ;
#2149 = CARTESIAN_POINT ( 'NONE',  ( 0.1804219591217580132, -3.314297621015333647E-17, 0.1138888888888876516 ) ) ;
#2150 = ADVANCED_FACE ( 'NONE', ( #735 ), #2576, .F. ) ;
#2151 = CARTESIAN_POINT ( 'NONE',  ( 0.2083333333333333703, 0.000000000000000000, -0.6250000000000000000 ) ) ;
#2152 =( BOUNDED_CURVE ( )  B_SPLINE_CURVE ( 2, ( #780, #2222, #2271, #1978, #2009, #92, #2990, #2975, #110 ),
 .UNSPECIFIED., .F., .T. ) 
 B_SPLINE_CURVE_WITH_KNOTS ( ( 3, 2, 2, 2, 3 ),
 ( 0.3863636363636364091, 0.3939393939393939226, 0.4090909090909091161, 0.4242424242424242542, 0.4318181818181818787 ),
 .UNSPECIFIED. ) 
 CURVE ( )  GEOMETRIC_REPRESENTATION_ITEM ( )  RATIONAL_B_SPLINE_CURVE ( ( 0.9330127018922194093, 0.9330127018922198534, 1.000000000000000000, 0.8660254037844387076, 1.000000000000000000, 0.8660254037844387076, 1.000000000000000000, 0.9330127018922188542, 0.9330127018922194093 ) ) 
 REPRESENTATION_ITEM ( '' )  );
#2153 = ORIENTED_EDGE ( 'NONE', *, *, #1601, .T. ) ;
#2154 = EDGE_CURVE ( 'NONE', #630, #1080, #1695, .T. ) ;
#2155 = VERTEX_POINT ( 'NONE', #354 ) ;
#2156 = CARTESIAN_POINT ( 'NONE',  ( -0.1353164693413185238, -0.07812499999999995837, -0.2569444444444449194 ) ) ;
#2157 = CARTESIAN_POINT ( 'NONE',  ( -0.1040664693413183989, -0.06008280408782408488, -0.1791666666666672236 ) ) ;
#2158 = CARTESIAN_POINT ( 'NONE',  ( 1.148106374200643493E-16, 0.1562499999999999722, -0.2250000000000002554 ) ) ;
#2159 = FACE_OUTER_BOUND ( 'NONE', #2315, .T. ) ;
#2160 = CARTESIAN_POINT ( 'NONE',  ( 0.3124999999999999445, 0.08448537707485388737, -0.4456163437517166592 ) ) ;
#2161 = DIRECTION ( 'NONE',  ( 0.000000000000000000, 0.000000000000000000, 1.000000000000000000 ) ) ;
#2162 = ORIENTED_EDGE ( 'NONE', *, *, #1673, .F. ) ;
#2163 = CARTESIAN_POINT ( 'NONE',  ( -0.2292111778330714056, 0.2285087830203210990, -0.4457829916483268540 ) ) ;
#2164 = DIRECTION ( 'NONE',  ( 1.000000000000000000, 0.000000000000000000, -0.000000000000000000 ) ) ;
#2165 = ORIENTED_EDGE ( 'NONE', *, *, #1469, .F. ) ;
#2166 = CARTESIAN_POINT ( 'NONE',  ( -0.2898455925416633661, -0.1935014873661601575, -0.3437500000000000555 ) ) ;
#2167 = CARTESIAN_POINT ( 'NONE',  ( -0.01523902820725213207, 0.1550308777434197816, -0.3750000000000001110 ) ) ;
#2168 = CARTESIAN_POINT ( 'NONE',  ( -0.09021097956087906211, -0.1562499999999999445, -0.2027777777777783341 ) ) ;
#2169 = CARTESIAN_POINT ( 'NONE',  ( 0.1040664693413183711, -0.06008280408782416121, -0.2125000000000005218 ) ) ;
#2170 = EDGE_CURVE ( 'NONE', #2937, #1912, #1362, .T. ) ;
#2171 = ORIENTED_EDGE ( 'NONE', *, *, #3130, .F. ) ;
#2172 = DIRECTION ( 'NONE',  ( 1.000000000000000000, 0.000000000000000000, 0.000000000000000000 ) ) ;
#2173 = CARTESIAN_POINT ( 'NONE',  ( 0.1353164693413184683, -0.07812500000000005551, -0.3416666666666666741 ) ) ;
#2174 = CARTESIAN_POINT ( 'NONE',  ( -4.414812822597077967E-17, -0.1201656081756482253, -0.3208333333333336368 ) ) ;
#2175 = DIRECTION ( 'NONE',  ( 1.000000000000000000, 0.000000000000000000, 0.000000000000000000 ) ) ;
#2176 = CONICAL_SURFACE ( 'NONE', #802, 0.1662499999999999811, 0.7853981633974500554 ) ;
#2177 = ORIENTED_EDGE ( 'NONE', *, *, #1447, .F. ) ;
#2178 = CARTESIAN_POINT ( 'NONE',  ( -0.04560586059841247042, 0.3345133623503981912, -0.4006081255318854617 ) ) ;
#2179 = EDGE_LOOP ( 'NONE', ( #2061, #2048, #2404, #2272 ) ) ;
#2180 = CARTESIAN_POINT ( 'NONE',  ( 0.2853739512089499275, -0.1960831906933218072, -0.3611105739451119789 ) ) ;
#2181 = FACE_OUTER_BOUND ( 'NONE', #1758, .T. ) ;
#2182 = CYLINDRICAL_SURFACE ( 'NONE', #2943, 0.1562499999999999722 ) ;
#2183 = ORIENTED_EDGE ( 'NONE', *, *, #661, .F. ) ;
#2184 = CARTESIAN_POINT ( 'NONE',  ( 0.1804219591217580132, -3.314297621015333647E-17, -0.3861111111111112382 ) ) ;
#2185 = CARTESIAN_POINT ( 'NONE',  ( 0.000000000000000000, 0.1201656081756482253, -0.3958333333333334814 ) ) ;
#2186 = CARTESIAN_POINT ( 'NONE',  ( -0.1562500000000000000, -3.385483644829515202E-16, -0.01111111111111201012 ) ) ;
#2187 = ADVANCED_FACE ( 'NONE', ( #2254 ), #1828, .F. ) ;
#2188 = CARTESIAN_POINT ( 'NONE',  ( -0.3125000000000000555, 0.08410569466082551404, -0.4458837307310969389 ) ) ;
#2189 = CARTESIAN_POINT ( 'NONE',  ( 0.3125000000000000000, 0.1542629026329531694, -0.3437500000000023315 ) ) ;
#2190 = ORIENTED_EDGE ( 'NONE', *, *, #1408, .F. ) ;
#2191 = CARTESIAN_POINT ( 'NONE',  ( 0.2978566545831273782, 0.1888762985400261607, -0.3126480791168542162 ) ) ;
#2192 = DIRECTION ( 'NONE',  ( 1.000000000000000000, 0.000000000000000000, 0.000000000000000000 ) ) ;
#2193 = AXIS2_PLACEMENT_3D ( 'NONE', #2515, #352, #858 ) ;
#2194 = ORIENTED_EDGE ( 'NONE', *, *, #1606, .T. ) ;
#2195 = CARTESIAN_POINT ( 'NONE',  ( 0.2353561268177411514, 0.2249609950698655547, -0.4403932529849461930 ) ) ;
#2196 = CARTESIAN_POINT ( 'NONE',  ( -0.06539409411482219325, -0.3230886204029115860, -0.4282770820055112337 ) ) ;
#2197 = CARTESIAN_POINT ( 'NONE',  ( -0.1355033615974184091, 0.009890790028856132760, -0.3749999999999999445 ) ) ;
#2198 = ORIENTED_EDGE ( 'NONE', *, *, #1194, .T. ) ;
#2199 = CARTESIAN_POINT ( 'NONE',  ( 0.000000000000000000, 0.1562499999999999722, -0.3236111111111114047 ) ) ;
#2200 = CARTESIAN_POINT ( 'NONE',  ( -0.1040664693413183989, -0.06008280408782408488, -0.3291666666666669405 ) ) ;
#2201 = CARTESIAN_POINT ( 'NONE',  ( 0.3125000000000000000, -0.01801850258723023887, -0.4725498067077091302 ) ) ;
#2202 = CARTESIAN_POINT ( 'NONE',  ( 2.260961667158486591E-16, -0.3608439182435160264, -0.2500000000000008882 ) ) ;
#2203 = CARTESIAN_POINT ( 'NONE',  ( -0.1562500000000000000, -2.195989391240766358E-16, -0.2611111111111115157 ) ) ;
#2204 = CARTESIAN_POINT ( 'NONE',  ( 0.06937764622754606647, 0.1201656081756479477, -0.2069444444444448750 ) ) ;
#2205 = CARTESIAN_POINT ( 'NONE',  ( 0.000000000000000000, 0.000000000000000000, -0.3749999999999999445 ) ) ;
#2206 = CARTESIAN_POINT ( 'NONE',  ( -0.1353164693413183017, 0.07812500000000034694, -0.1152777777777785201 ) ) ;
#2207 = EDGE_CURVE ( 'NONE', #2308, #1478, #2014, .T. ) ;
#2208 = ORIENTED_EDGE ( 'NONE', *, *, #2325, .F. ) ;
#2209 = CARTESIAN_POINT ( 'NONE',  ( 0.2292111778330712946, -0.2285087830203212655, -0.4457829916483266874 ) ) ;
#2210 = SECURITY_CLASSIFICATION ( '', '', #873 ) ;
#2211 = CARTESIAN_POINT ( 'NONE',  ( -0.2470286468712052097, -0.2182218624748766822, -0.4283693139270605132 ) ) ;
#2212 = CARTESIAN_POINT ( 'NONE',  ( -0.1268600222040195957, 0.06186016484318839631, -0.3750000000000001665 ) ) ;
#2213 =( BOUNDED_CURVE ( )  B_SPLINE_CURVE ( 2, ( #2351, #1818, #2569, #193, #2643, #2828, #609, #374, #2085 ),
 .UNSPECIFIED., .F., .T. ) 
 B_SPLINE_CURVE_WITH_KNOTS ( ( 3, 2, 2, 2, 3 ),
 ( 0.3863636363636364091, 0.3939393939393939226, 0.4090909090909091161, 0.4242424242424242542, 0.4318181818181818787 ),
 .UNSPECIFIED. ) 
 CURVE ( )  GEOMETRIC_REPRESENTATION_ITEM ( )  RATIONAL_B_SPLINE_CURVE ( ( 0.9330127018922194093, 0.9330127018922198534, 1.000000000000000000, 0.8660254037844387076, 1.000000000000000000, 0.8660254037844387076, 1.000000000000000000, 0.9330127018922188542, 0.9330127018922194093 ) ) 
 REPRESENTATION_ITEM ( '' )  );
#2214 = CARTESIAN_POINT ( 'NONE',  ( 2.060245983878636426E-16, 0.1201656081756482253, -0.05277777777777850621 ) ) ;
#2215 = CARTESIAN_POINT ( 'NONE',  ( -0.1040664693413183850, 0.06008280408782412652, -0.2375000000000004607 ) ) ;
#2216 = CARTESIAN_POINT ( 'NONE',  ( -0.3124999999999999445, -0.1804219591217580410, -0.2500000000007771561 ) ) ;
#2217 = DIRECTION ( 'NONE',  ( -0.000000000000000000, -0.000000000000000000, 1.000000000000000000 ) ) ;
#2218 = DIRECTION ( 'NONE',  ( 1.000000000000000000, 0.000000000000000000, 0.000000000000000000 ) ) ;
#2219 = EDGE_LOOP ( 'NONE', ( #2864, #375, #2861, #2664 ) ) ;
#2220 = CARTESIAN_POINT ( 'NONE',  ( 0.000000000000000000, 0.000000000000000000, -0.2500000000000000000 ) ) ;
#2221 = CARTESIAN_POINT ( 'NONE',  ( -0.1523913437373359270, -0.01567945225026130818, -0.01385865626266404894 ) ) ;
#2222 = CARTESIAN_POINT ( 'NONE',  ( -0.1201656081756481836, -0.03219827766865950014, -0.1880448678408521701 ) ) ;
#2223 = ORIENTED_EDGE ( 'NONE', *, *, #1584, .T. ) ;
#2224 = CARTESIAN_POINT ( 'NONE',  ( 0.1944248296154823807, 0.2485926905278701970, -0.4664862652690786593 ) ) ;
#2225 = DIRECTION ( 'NONE',  ( 1.000000000000000000, 0.000000000000000000, 0.000000000000000000 ) ) ;
#2226 = CARTESIAN_POINT ( 'NONE',  ( 0.000000000000000000, 0.000000000000000000, -0.04608439182435158238 ) ) ;
#2227 = EDGE_CURVE ( 'NONE', #2155, #2520, #1617, .T. ) ;
#2228 = CARTESIAN_POINT ( 'NONE',  ( -0.1040664693413183850, 0.06008280408782412652, -0.08750000000000077161 ) ) ;
#2229 =( BOUNDED_CURVE ( )  B_SPLINE_CURVE ( 2, ( #2606, #3074, #211, #1160, #2575, #1115, #1347, #150, #2931 ),
 .UNSPECIFIED., .F., .T. ) 
 B_SPLINE_CURVE_WITH_KNOTS ( ( 3, 2, 2, 2, 3 ),
 ( 0.2954545454545455252, 0.3030303030303030387, 0.3181818181818181768, 0.3333333333333333148, 0.3409090909090909394 ),
 .UNSPECIFIED. ) 
 CURVE ( )  GEOMETRIC_REPRESENTATION_ITEM ( )  RATIONAL_B_SPLINE_CURVE ( ( 0.9330127018922194093, 0.9330127018922198534, 1.000000000000000000, 0.8660254037844387076, 1.000000000000000000, 0.8660254037844387076, 1.000000000000000000, 0.9330127018922191873, 0.9330127018922194093 ) ) 
 REPRESENTATION_ITEM ( '' )  );
#2230 = VECTOR ( 'NONE', #2161, 39.37007874015748143 ) ;
#2231 = CARTESIAN_POINT ( 'NONE',  ( -0.1387552924550911615, 8.496311238494113468E-18, -0.1902777777777782120 ) ) ;
#2232 = CARTESIAN_POINT ( 'NONE',  ( 0.000000000000000000, 0.000000000000000000, 0.000000000000000000 ) ) ;
#2233 = CARTESIAN_POINT ( 'NONE',  ( -0.1201656081756482253, 1.212369143080839737E-16, -0.1333333333333339421 ) ) ;
#2234 = CARTESIAN_POINT ( 'NONE',  ( -0.1562500000000000278, 0.04186706131736336184, -0.1633440210480378019 ) ) ;
#2235 = CARTESIAN_POINT ( 'NONE',  ( 0.06791108494618200431, 0.1286807185171850720, -0.02106865801665750923 ) ) ;
#2236 = CARTESIAN_POINT ( 'NONE',  ( 0.3125000000000000000, 0.1804219591217580965, -0.2499999999991835142 ) ) ;
#2237 = CARTESIAN_POINT ( 'NONE',  ( -0.1490530002213931171, -0.04687500000001450229, -0.009999999999999953371 ) ) ;
#2238 = ORIENTED_EDGE ( 'NONE', *, *, #2514, .F. ) ;
#2239 = CARTESIAN_POINT ( 'NONE',  ( 0.1201656081756483085, -0.03219827766865969443, -0.2605662432702597897 ) ) ;
#2240 = DIRECTION ( 'NONE',  ( 1.000000000000000000, 0.000000000000000000, 0.000000000000000000 ) ) ;
#2241 = TOROIDAL_SURFACE ( 'NONE', #1599, 0.3072916666666665186, 0.01041666666666649955 ) ;
#2242 = EDGE_CURVE ( 'NONE', #185, #1706, #298, .T. ) ;
#2243 = CARTESIAN_POINT ( 'NONE',  ( -0.06937764622754558075, 0.1201656081756482253, 0.1083333333333321435 ) ) ;
#2244 = CARTESIAN_POINT ( 'NONE',  ( -0.1353164693413183850, 0.07812500000000023592, -0.2652777777777782231 ) ) ;
#2245 = EDGE_CURVE ( 'NONE', #1856, #691, #2332, .T. ) ;
#2246 = ORIENTED_EDGE ( 'NONE', *, *, #1365, .F. ) ;
#2247 = CARTESIAN_POINT ( 'NONE',  ( 0.01490655943647620045, -0.1317419400410212715, -0.03395110809575386385 ) ) ;
#2248 = CARTESIAN_POINT ( 'NONE',  ( 0.1040664693413184405, 0.06008280408782401549, -0.2111111111111115268 ) ) ;
#2249 = CARTESIAN_POINT ( 'NONE',  ( -0.09021097956087906211, -0.1562499999999999445, -0.3541666666666666852 ) ) ;
#2250 = APPROVAL_DATE_TIME ( #571, #2418 ) ;
#2251 =( BOUNDED_CURVE ( )  B_SPLINE_CURVE ( 2, ( #287, #1498, #498, #62, #546, #2464, #988, #2695, #2477 ),
 .UNSPECIFIED., .F., .F. ) 
 B_SPLINE_CURVE_WITH_KNOTS ( ( 3, 2, 2, 2, 3 ),
 ( 0.2954545454545455252, 0.3030303030303030387, 0.3181818181818181768, 0.3333333333333333148, 0.3409090909090909394 ),
 .UNSPECIFIED. ) 
 CURVE ( )  GEOMETRIC_REPRESENTATION_ITEM ( )  RATIONAL_B_SPLINE_CURVE ( ( 0.9330127018922194093, 0.9330127018922198534, 1.000000000000000000, 0.8660254037844387076, 1.000000000000000000, 0.8660254037844387076, 1.000000000000000000, 0.9330127018922191873, 0.9330127018922194093 ) ) 
 REPRESENTATION_ITEM ( '' )  );
#2252 = CARTESIAN_POINT ( 'NONE',  ( 0.1562499999999999445, 0.04186706131736269570, -0.1838782011741856848 ) ) ;
#2253 = CARTESIAN_POINT ( 'NONE',  ( 0.1040664693413182601, -0.06008280408782432774, -0.2194444444444448583 ) ) ;
#2254 = FACE_OUTER_BOUND ( 'NONE', #2999, .T. ) ;
#2255 = ORIENTED_EDGE ( 'NONE', *, *, #677, .F. ) ;
#2256 = CARTESIAN_POINT ( 'NONE',  ( 0.09021097956087872904, -0.1562500000000001110, -0.1944444444444450026 ) ) ;
#2257 = CARTESIAN_POINT ( 'NONE',  ( -0.09021097956087899272, 0.1562499999999999722, -0.1694444444444450915 ) ) ;
#2258 = CARTESIAN_POINT ( 'NONE',  ( 0.1201656081756482808, -0.03219827766865975688, -0.1605662432702600062 ) ) ;
#2259 = B_SPLINE_CURVE_WITH_KNOTS ( 'NONE', 3,
 ( #2019, #572, #807, #1779, #649, #1135, #2612, #1410, #1645, #2564, #1859, #397, #1892, #1372, #699, #2109, #920, #2837, #446, #379, #1657, #2820, #2312, #2870, #1104, #2596, #201, #1392, #2360, #1841, #434, #2343 ),
 .UNSPECIFIED., .F., .F.,
 ( 4, 2, 2, 2, 2, 2, 2, 2, 2, 2, 2, 2, 2, 2, 2, 4 ),
 ( 2.235140038340936275E-17, 0.0005705978103585676283, 0.001141195620717112922, 0.001711793431075658107, 0.002282391241434203726, 0.002852989051792749128, 0.003423586862151294097, 0.003994184672509839933, 0.004564782482868384901, 0.005135380293226929869, 0.005705978103585475705, 0.006276575913944020674, 0.006847173724302565642, 0.007417771534661111478, 0.007988369345019657314, 0.009129564965736747251 ),
 .UNSPECIFIED. ) ;
#2260 = APPROVAL_PERSON_ORGANIZATION ( #822, #1293, #2800 ) ;
#2261 = CARTESIAN_POINT ( 'NONE',  ( -0.1387552924550911893, 8.496311238494115008E-18, 0.1166666666666654473 ) ) ;
#2262 = LINE ( 'NONE', #1562, #3058 ) ;
#2263 = ORIENTED_EDGE ( 'NONE', *, *, #2052, .T. ) ;
#2264 = CARTESIAN_POINT ( 'NONE',  ( -0.1387552924550911615, 8.496311238494113468E-18, -0.2902777777777779677 ) ) ;
#2265 = CARTESIAN_POINT ( 'NONE',  ( -1.913510623667738847E-17, -0.1562499999999999722, -0.2500000000000002220 ) ) ;
#2266 = APPROVAL_ROLE ( '' ) ;
#2267 = EDGE_CURVE ( 'NONE', #2755, #2622, #2885, .T. ) ;
#2268 = CARTESIAN_POINT ( 'NONE',  ( 0.1562500000000000000, 0.04186706131736258468, -0.2338782011741855904 ) ) ;
#2269 = FACE_OUTER_BOUND ( 'NONE', #1208, .T. ) ;
#2270 = CARTESIAN_POINT ( 'NONE',  ( -7.655976809160294047E-16, -0.1562499999999999722, -0.1486111111111117766 ) ) ;
#2271 = CARTESIAN_POINT ( 'NONE',  ( -0.1040664693413186070, -0.06008280408782375182, -0.1861111111111115601 ) ) ;
#2272 = ORIENTED_EDGE ( 'NONE', *, *, #830, .T. ) ;
#2273 = DIRECTION ( 'NONE',  ( -0.000000000000000000, -0.000000000000000000, 1.000000000000000000 ) ) ;
#2274 = CARTESIAN_POINT ( 'NONE',  ( 0.1804219591217580132, -3.314297621015333647E-17, -0.1361111111111117933 ) ) ;
#2275 = CARTESIAN_POINT ( 'NONE',  ( 0.1040664693413183017, -0.06008280408782427223, -0.3194444444444445863 ) ) ;
#2276 = AXIS2_PLACEMENT_3D ( 'NONE', #966, #1717, #1511 ) ;
#2277 = CARTESIAN_POINT ( 'NONE',  ( -1.471604274199026194E-17, -0.1201656081756482253, -0.02083333333333424811 ) ) ;
#2278 = ORIENTED_EDGE ( 'NONE', *, *, #543, .F. ) ;
#2279 = CC_DESIGN_PERSON_AND_ORGANIZATION_ASSIGNMENT ( #155, #2282, ( #1232 ) ) ;
#2280 = CARTESIAN_POINT ( 'NONE',  ( 0.06937764622754565014, 0.1201656081756481559, -0.2069444444444448750 ) ) ;
#2281 = CARTESIAN_POINT ( 'NONE',  ( 0.09021097956087896497, -0.1562500000000000000, -0.1458333333333337867 ) ) ;
#2282 = PERSON_AND_ORGANIZATION_ROLE ( 'design_owner' ) ;
#2283 = CARTESIAN_POINT ( 'NONE',  ( 1.530808498934191078E-16, 0.1562499999999999722, -0.2236111111111116212 ) ) ;
#2284 = CARTESIAN_POINT ( 'NONE',  ( -0.1390707866050604757, 0.06522606286175432200, -0.01295166963967064357 ) ) ;
#2285 = DIRECTION ( 'NONE',  ( 1.224646799147353207E-16, 1.000000000000000000, -0.000000000000000000 ) ) ;
#2286 = DIRECTION ( 'NONE',  ( -0.000000000000000000, -0.000000000000000000, 1.000000000000000000 ) ) ;
#2287 = EDGE_CURVE ( 'NONE', #445, #1438, #809, .T. ) ;
#2288 = ORIENTED_EDGE ( 'NONE', *, *, #1345, .F. ) ;
#2289 = CARTESIAN_POINT ( 'NONE',  ( 0.09021097956087885394, -0.1562500000000000278, -0.3444444444444447195 ) ) ;
#2290 = CARTESIAN_POINT ( 'NONE',  ( -0.1804219591217580132, 1.104765873671777625E-17, 0.03888888888888782785 ) ) ;
#2291 = LINE ( 'NONE', #2494, #806 ) ;
#2292 = CARTESIAN_POINT ( 'NONE',  ( -1.471604274199026194E-17, -0.1201656081756482253, -0.07083333333333412252 ) ) ;
#2293 = EDGE_LOOP ( 'NONE', ( #1752, #383, #1179, #324 ) ) ;
#2294 = CARTESIAN_POINT ( 'NONE',  ( 0.000000000000000000, 0.1201656081756482114, -0.2027777777777781953 ) ) ;
#2295 = B_SPLINE_CURVE_WITH_KNOTS ( 'NONE', 3,
 ( #868, #1834, #2790, #623, #1609, #387, #1113, #3055, #2813, #1734, #58, #2706, #512, #1476 ),
 .UNSPECIFIED., .F., .F.,
 ( 4, 2, 2, 2, 2, 2, 4 ),
 ( 0.02280353953442521009, 0.02416550841814804271, 0.02552747730187087533, 0.02620846174373229337, 0.02688944618559371141, 0.02757043062745512946, 0.02825141506931654750 ),
 .UNSPECIFIED. ) ;
#2296 = CARTESIAN_POINT ( 'NONE',  ( -0.1353164693413185238, -0.07812499999999995837, -0.2083333333333336479 ) ) ;
#2297 = CARTESIAN_POINT ( 'NONE',  ( -0.1353164693413183295, 0.07812500000000030531, -0.1652777777777784396 ) ) ;
#2298 = CARTESIAN_POINT ( 'NONE',  ( -0.1344460179895851371, 0.07368317328022225277, -0.01323883976976333518 ) ) ;
#2299 = DIRECTION ( 'NONE',  ( 0.000000000000000000, 0.000000000000000000, 1.000000000000000000 ) ) ;
#2300 = CARTESIAN_POINT ( 'NONE',  ( 7.464625746793520378E-16, 0.1562499999999999722, -0.1250000000000004996 ) ) ;
#2301 = ORIENTED_EDGE ( 'NONE', *, *, #2245, .T. ) ;
#2302 = CARTESIAN_POINT ( 'NONE',  ( 0.1947524482671545709, -0.2484035398111358317, -0.4663530632616329497 ) ) ;
#2303 = CARTESIAN_POINT ( 'NONE',  ( -0.1804219591217580132, 1.104765873671777625E-17, -0.06111111111111199728 ) ) ;
#2304 = LINE ( 'NONE', #373, #1334 ) ;
#2305 = CARTESIAN_POINT ( 'NONE',  ( 0.1040664693413183017, -0.06008280408782427223, -0.3125000000000002776 ) ) ;
#2306 = EDGE_CURVE ( 'NONE', #1389, #1173, #109, .T. ) ;
#2307 = CARTESIAN_POINT ( 'NONE',  ( -0.1040664693413183711, 0.06008280408782416121, -0.3444444444444445530 ) ) ;
#2308 = VERTEX_POINT ( 'NONE', #2518 ) ;
#2309 = CARTESIAN_POINT ( 'NONE',  ( 0.06937764622754553911, -0.1201656081756482392, 0.07638888888888789586 ) ) ;
#2310 = CARTESIAN_POINT ( 'NONE',  ( -0.1353164693413185238, 0.07812500000000000000, -0.1166666666666671820 ) ) ;
#2311 = PERSON_AND_ORGANIZATION_ROLE ( 'creator' ) ;
#2312 = CARTESIAN_POINT ( 'NONE',  ( 0.1207304649655734363, 0.08075482127160309165, -0.3749999999999995559 ) ) ;
#2313 = CARTESIAN_POINT ( 'NONE',  ( 0.1201656081756481836, -1.006495137652017883E-16, -0.3083333333333336257 ) ) ;
#2314 = CARTESIAN_POINT ( 'NONE',  ( -0.2978566545830626522, 0.1888762985400633809, -0.3126480791171057372 ) ) ;
#2315 = EDGE_LOOP ( 'NONE', ( #2177, #1117, #3137, #662 ) ) ;
#2316 = CARTESIAN_POINT ( 'NONE',  ( -0.1555455837819820497, 1.829991159367305298E-17, -0.01070441621801787417 ) ) ;
#2317 = CARTESIAN_POINT ( 'NONE',  ( 0.09021097956087910374, 0.1562499999999999167, -0.07777777777777858392 ) ) ;
#2318 = CARTESIAN_POINT ( 'NONE',  ( 0.3125000000000000000, 0.06126955702261829839, -0.4594714362215193137 ) ) ;
#2319 = ORIENTED_EDGE ( 'NONE', *, *, #228, .T. ) ;
#2320 = ADVANCED_FACE ( 'NONE', ( #1910 ), #2874, .F. ) ;
#2321 = CARTESIAN_POINT ( 'NONE',  ( -0.1201656081756482253, 6.176220162864655613E-17, -0.3402777777777778456 ) ) ;
#2322 = CIRCLE ( 'NONE', #2724, 0.3485014965946978127 ) ;
#2323 = ORIENTED_EDGE ( 'NONE', *, *, #1606, .F. ) ;
#2324 = VECTOR ( 'NONE', #2758, 39.37007874015748854 ) ;
#2325 = EDGE_CURVE ( 'NONE', #180, #2818, #758, .T. ) ;
#2326 = CARTESIAN_POINT ( 'NONE',  ( 0.06937764622754553911, -0.1201656081756482392, -0.07361111111111179328 ) ) ;
#2327 = CARTESIAN_POINT ( 'NONE',  ( -0.1353164693413185238, -0.07812499999999995837, -0.05833333333333398651 ) ) ;
#2328 = CARTESIAN_POINT ( 'NONE',  ( -0.09021097956087803516, 0.1562500000000005274, -0.01944444444444540926 ) ) ;
#2329 = CARTESIAN_POINT ( 'NONE',  ( 0.000000000000000000, 0.000000000000000000, 0.000000000000000000 ) ) ;
#2330 = CARTESIAN_POINT ( 'NONE',  ( -0.1201656081756481836, -0.03219827766865952789, -0.2311004233964077392 ) ) ;
#2331 = CARTESIAN_POINT ( 'NONE',  ( 0.09021097956087867353, -0.1562500000000001388, -0.04583333333333398929 ) ) ;
#2332 =( BOUNDED_CURVE ( )  B_SPLINE_CURVE ( 2, ( #2022, #2754, #2988 ),
 .UNSPECIFIED., .F., .T. ) 
 B_SPLINE_CURVE_WITH_KNOTS ( ( 3, 3 ),
 ( 0.7500000000000001110, 0.7518933266656406822 ),
 .UNSPECIFIED. ) 
 CURVE ( )  GEOMETRIC_REPRESENTATION_ITEM ( )  RATIONAL_B_SPLINE_CURVE ( ( 0.9330127018922192983, 0.9330127018922195203, 0.9371966994912879212 ) ) 
 REPRESENTATION_ITEM ( '' )  );
#2333 = CARTESIAN_POINT ( 'NONE',  ( -0.1040664693413182462, 0.06008280408782434162, -0.1875000000000005551 ) ) ;
#2334 = CARTESIAN_POINT ( 'NONE',  ( 0.09021097956087910374, 0.1562499999999999167, 0.07222222222222104970 ) ) ;
#2335 = B_SPLINE_CURVE_WITH_KNOTS ( 'NONE', 3,
 ( #421, #1397, #2314, #2346 ),
 .UNSPECIFIED., .F., .F.,
 ( 4, 4 ),
 ( 2.067945329346141849E-07, 0.002472418784303523267 ),
 .UNSPECIFIED. ) ;
#2336 = EDGE_LOOP ( 'NONE', ( #406, #1358, #518, #468 ) ) ;
#2337 = CARTESIAN_POINT ( 'NONE',  ( 0.1353164693413186070, 0.07812499999999984734, -0.2833333333333334925 ) ) ;
#2338 = FACE_OUTER_BOUND ( 'NONE', #34, .T. ) ;
#2339 = CARTESIAN_POINT ( 'NONE',  ( 0.000000000000000000, 0.1562499999999999722, -0.4236111111111112160 ) ) ;
#2340 = CARTESIAN_POINT ( 'NONE',  ( 0.1804219591217580132, -3.314297621015333647E-17, -0.03750000000000069250 ) ) ;
#2341 = ORIENTED_EDGE ( 'NONE', *, *, #1544, .T. ) ;
#2342 = CIRCLE ( 'NONE', #2794, 0.4828384111255082378 ) ;
#2343 = CARTESIAN_POINT ( 'NONE',  ( 0.02855146659315242752, 0.1536192574366250507, -0.3749999999999998335 ) ) ;
#2344 = DIRECTION ( 'NONE',  ( 1.000000000000000000, 0.000000000000000000, 0.000000000000000000 ) ) ;
#2345 = DIRECTION ( 'NONE',  ( 0.000000000000000000, 0.000000000000000000, 1.000000000000000000 ) ) ;
#2346 = CARTESIAN_POINT ( 'NONE',  ( -0.2898455925416634771, 0.1935014873661600188, -0.3437500000000000555 ) ) ;
#2347 = ORIENTED_EDGE ( 'NONE', *, *, #2495, .T. ) ;
#2348 = CARTESIAN_POINT ( 'NONE',  ( -0.2898455925416634771, 0.1935014873661600188, -0.3437500000000000555 ) ) ;
#2349 = CARTESIAN_POINT ( 'NONE',  ( -0.1353164693413184683, 0.07812500000000005551, -0.3652777777777779789 ) ) ;
#2350 = CARTESIAN_POINT ( 'NONE',  ( -0.1225056426969959034, 0.01506844747627217838, -0.04304849709512106881 ) ) ;
#2351 = CARTESIAN_POINT ( 'NONE',  ( -0.1562499999999999722, -1.829991159367305175E-16, -0.1625000000000003386 ) ) ;
#2352 =( BOUNDED_CURVE ( )  B_SPLINE_CURVE ( 2, ( #686, #2615, #1428, #3117, #2628, #1757, #2244, #1773, #1295 ),
 .UNSPECIFIED., .F., .F. ) 
 B_SPLINE_CURVE_WITH_KNOTS ( ( 3, 2, 2, 2, 3 ),
 ( 0.2500000000000000555, 0.2575757575757575690, 0.2727272727272727071, 0.2878787878787879007, 0.2954545454545455252 ),
 .UNSPECIFIED. ) 
 CURVE ( )  GEOMETRIC_REPRESENTATION_ITEM ( )  RATIONAL_B_SPLINE_CURVE ( ( 0.9330127018922194093, 0.9330127018922198534, 1.000000000000000000, 0.8660254037844387076, 1.000000000000000000, 0.8660254037844387076, 1.000000000000000000, 0.9330127018922188542, 0.9330127018922194093 ) ) 
 REPRESENTATION_ITEM ( '' )  );
#2353 = ORIENTED_EDGE ( 'NONE', *, *, #351, .T. ) ;
#2354 = CARTESIAN_POINT ( 'NONE',  ( -0.3072916666666665186, 3.763237559879885855E-17, -0.02083333333333333218 ) ) ;
#2355 = ORIENTED_EDGE ( 'NONE', *, *, #3130, .T. ) ;
#2356 = LINE ( 'NONE', #1178, #2997 ) ;
#2357 = CARTESIAN_POINT ( 'NONE',  ( 0.1387552924550911615, -2.548893371548234348E-17, -0.06527777777777850343 ) ) ;
#2358 = ORIENTED_EDGE ( 'NONE', *, *, #1845, .T. ) ;
#2359 = CARTESIAN_POINT ( 'NONE',  ( -1.913510623667738847E-17, -0.1562499999999999722, 0.04999999999999912847 ) ) ;
#2360 = CARTESIAN_POINT ( 'NONE',  ( 0.07617301286443868558, 0.1310587811397680436, -0.3749999999999997780 ) ) ;
#2361 = CARTESIAN_POINT ( 'NONE',  ( -0.09321033971704527354, -0.08756772760262156174, -0.03864846505203953231 ) ) ;
#2362 = CARTESIAN_POINT ( 'NONE',  ( 0.1562500000000000000, 4.712227235370811128E-16, -0.1361111111111117655 ) ) ;
#2363 = ADVANCED_FACE ( 'NONE', ( #935 ), #399, .T. ) ;
#2364 = CARTESIAN_POINT ( 'NONE',  ( 0.1040664693413180103, -0.06008280408782477877, -0.06250000000000083267 ) ) ;
#2365 = CARTESIAN_POINT ( 'NONE',  ( -0.1562500000000000000, -3.751481876702976385E-16, -0.01250000000000069285 ) ) ;
#2366 = CARTESIAN_POINT ( 'NONE',  ( -0.1201656081756482253, 6.176220162864655613E-17, -0.3333333333333335924 ) ) ;
#2367 = ORIENTED_EDGE ( 'NONE', *, *, #1764, .T. ) ;
#2368 = FACE_OUTER_BOUND ( 'NONE', #2379, .T. ) ;
#2369 = EDGE_CURVE ( 'NONE', #1912, #213, #212, .T. ) ;
#2370 = CARTESIAN_POINT ( 'NONE',  ( 0.000000000000000000, 0.000000000000000000, -0.3437500000000000000 ) ) ;
#2371 = ORIENTED_EDGE ( 'NONE', *, *, #2207, .F. ) ;
#2372 = CARTESIAN_POINT ( 'NONE',  ( -0.1353164693413186070, -0.07812499999999986122, -0.3083333333333334592 ) ) ;
#2373 = ORIENTED_EDGE ( 'NONE', *, *, #1408, .T. ) ;
#2374 = CARTESIAN_POINT ( 'NONE',  ( 0.3125000000000000000, 0.1804219591217580965, -0.6250000000000000000 ) ) ;
#2375 = CARTESIAN_POINT ( 'NONE',  ( 0.06937764622754565014, 0.1201656081756481559, 0.04305555555555460462 ) ) ;
#2376 = EDGE_LOOP ( 'NONE', ( #2967, #1387, #2108, #166 ) ) ;
#2377 = CARTESIAN_POINT ( 'NONE',  ( -1.913510623667738847E-17, -0.1562499999999999722, -0.05000000000000062728 ) ) ;
#2378 = B_SPLINE_CURVE_WITH_KNOTS ( 'NONE', 3,
 ( #968, #1689, #732, #2953, #774, #1941, #1746, #2188, #30, #479, #1027, #252, #2705, #1525, #511, #2473 ),
 .UNSPECIFIED., .F., .F.,
 ( 4, 2, 2, 2, 2, 2, 2, 4 ),
 ( 2.284694422755826628E-18, 0.0006811431850377681419, 0.001362286370075534115, 0.002043429555113298896, 0.002724572740151064328, 0.003405715925188829325, 0.004086859110226595190, 0.005449145480302126920 ),
 .UNSPECIFIED. ) ;
#2379 = EDGE_LOOP ( 'NONE', ( #347, #217, #1005, #1992, #1929, #2832 ) ) ;
#2380 = VECTOR ( 'NONE', #3116, 39.37007874015748143 ) ;
#2381 = CARTESIAN_POINT ( 'NONE',  ( -1.471604274199026194E-17, -0.1201656081756482253, -0.3708333333333335147 ) ) ;
#2382 = CARTESIAN_POINT ( 'NONE',  ( -2.870372136534546515E-16, -0.1201656081756482253, -0.2777777777777780677 ) ) ;
#2383 = CARTESIAN_POINT ( 'NONE',  ( 5.740744273069093030E-16, 0.1201656081756482253, -0.1527777777777783175 ) ) ;
#2384 = CARTESIAN_POINT ( 'NONE',  ( -1.398496342903347996E-16, 0.3608439182435160264, -0.2500000000000008882 ) ) ;
#2385 = ADVANCED_FACE ( 'NONE', ( #1674 ), #861, .T. ) ;
#2386 = VERTEX_POINT ( 'NONE', #1375 ) ;
#2387 = CARTESIAN_POINT ( 'NONE',  ( -0.1201656081756482808, 0.03219827766865974300, -0.1855662432702598896 ) ) ;
#2388 = DIRECTION ( 'NONE',  ( 1.000000000000000000, 0.000000000000000000, 0.000000000000000000 ) ) ;
#2389 = EDGE_CURVE ( 'NONE', #414, #1051, #2653, .T. ) ;
#2390 = ORIENTED_EDGE ( 'NONE', *, *, #320, .F. ) ;
#2391 = DIRECTION ( 'NONE',  ( -0.000000000000000000, -0.000000000000000000, 1.000000000000000000 ) ) ;
#2392 = DIRECTION ( 'NONE',  ( -0.000000000000000000, -0.000000000000000000, 1.000000000000000000 ) ) ;
#2393 = ORIENTED_EDGE ( 'NONE', *, *, #1820, .T. ) ;
#2394 = CARTESIAN_POINT ( 'NONE',  ( 0.09021097956087910374, 0.1562499999999999167, -0.2777777777777781787 ) ) ;
#2395 = CARTESIAN_POINT ( 'NONE',  ( -0.1353164693413185238, -0.07812499999999995837, 0.1416666666666655805 ) ) ;
#2396 = CARTESIAN_POINT ( 'NONE',  ( 0.3125000000000000000, -0.1635098119773224223, -0.3126597403745827730 ) ) ;
#2397 = CARTESIAN_POINT ( 'NONE',  ( -0.1201656081756482253, 1.532617595970118149E-16, -0.08333333333333409199 ) ) ;
#2398 = CARTESIAN_POINT ( 'NONE',  ( 0.09021097956087967273, 0.1562499999999995559, -0.07916666666666724583 ) ) ;
#2399 = AXIS2_PLACEMENT_3D ( 'NONE', #939, #897, #241 ) ;
#2400 = ORIENTED_EDGE ( 'NONE', *, *, #2154, .T. ) ;
#2401 = CARTESIAN_POINT ( 'NONE',  ( -0.2355092985395225158, 0.2248725613350627539, -0.4402478679664358907 ) ) ;
#2402 = AXIS2_PLACEMENT_3D ( 'NONE', #2329, #1426, #2344 ) ;
#2403 = CARTESIAN_POINT ( 'NONE',  ( 3.827021247335477694E-17, 0.1562499999999999722, -0.3736111111111113381 ) ) ;
#2404 = ORIENTED_EDGE ( 'NONE', *, *, #1865, .T. ) ;
#2405 = EDGE_CURVE ( 'NONE', #1980, #3056, #2856, .T. ) ;
#2406 = CARTESIAN_POINT ( 'NONE',  ( -0.2090090382768614863, -0.2401724937313052255, -0.4596450218571526136 ) ) ;
#2407 = CARTESIAN_POINT ( 'NONE',  ( 0.000000000000000000, 0.000000000000000000, -0.3749999999999999445 ) ) ;
#2408 = CARTESIAN_POINT ( 'NONE',  ( 0.1353164693413184683, -0.07812500000000005551, -0.2902777777777781343 ) ) ;
#2409 = CARTESIAN_POINT ( 'NONE',  ( 0.06937764622754565014, 0.1201656081756481836, -0.3000000000000003220 ) ) ;
#2410 = CARTESIAN_POINT ( 'NONE',  ( -0.1242145210918196435, -0.008618846837475064443, -0.04203547890817994903 ) ) ;
#2411 = DIRECTION ( 'NONE',  ( 1.000000000000000000, 0.000000000000000000, 0.000000000000000000 ) ) ;
#2412 = CARTESIAN_POINT ( 'NONE',  ( -0.1353164693413188291, -0.07812499999999941713, -0.05694444444444535236 ) ) ;
#2413 = CARTESIAN_POINT ( 'NONE',  ( -0.1562499999999999445, 0.04186706131736316061, -0.3133440210480374910 ) ) ;
#2414 = CARTESIAN_POINT ( 'NONE',  ( 0.1201656081756482253, 0.000000000000000000, -0.3749999999999999445 ) ) ;
#2415 = CC_DESIGN_APPROVAL ( #1293, ( #2210 ) ) ;
#2416 = CARTESIAN_POINT ( 'NONE',  ( -0.1034909617231385970, 0.3010933836339687031, -0.4596450218571523916 ) ) ;
#2417 = CYLINDRICAL_SURFACE ( 'NONE', #1977, 0.1562499999999999722 ) ;
#2418 = APPROVAL ( #365, 'UNSPECIFIED' ) ;
#2419 = ORIENTED_EDGE ( 'NONE', *, *, #547, .F. ) ;
#2420 = CARTESIAN_POINT ( 'NONE',  ( 0.1638570190004510485, 0.2662410242149960138, -0.4734703008442712746 ) ) ;
#2421 = CARTESIAN_POINT ( 'NONE',  ( 0.1353164693413183850, -0.07812500000000022204, -0.2416666666666669183 ) ) ;
#2422 = CARTESIAN_POINT ( 'NONE',  ( 0.1201656081756482253, 0.000000000000000000, -0.3749999999999999445 ) ) ;
#2423 = CARTESIAN_POINT ( 'NONE',  ( 0.09021097956087910374, 0.1562499999999999167, -0.3277777777777781121 ) ) ;
#2424 = CARTESIAN_POINT ( 'NONE',  ( -0.06937764622754558075, 0.1201656081756482253, -0.3916666666666668295 ) ) ;
#2425 = AXIS2_PLACEMENT_3D ( 'NONE', #1936, #1505, #741 ) ;
#2426 = ADVANCED_FACE ( 'NONE', ( #2159 ), #669, .F. ) ;
#2427 = CARTESIAN_POINT ( 'NONE',  ( 0.3125000000000000555, -0.1418775089274875167, -0.3775480946910310109 ) ) ;
#2428 = CARTESIAN_POINT ( 'NONE',  ( 0.01464334541693755251, -0.3523895788252106032, -0.3126480791171058482 ) ) ;
#2429 = CARTESIAN_POINT ( 'NONE',  ( -0.09021097956087915926, -0.1562499999999998890, -0.1027777777777785922 ) ) ;
#2430 = PLANE ( 'NONE',  #621 ) ;
#2431 = DIRECTION ( 'NONE',  ( -0.000000000000000000, -0.000000000000000000, 1.000000000000000000 ) ) ;
#2432 = ORIENTED_EDGE ( 'NONE', *, *, #2911, .T. ) ;
#2433 = CARTESIAN_POINT ( 'NONE',  ( 0.2853709012475399431, 0.1960849515893627881, -0.3611224150291336699 ) ) ;
#2434 = CARTESIAN_POINT ( 'NONE',  ( -0.1562500000000000000, -0.04186706131736270958, -0.2602670900630742468 ) ) ;
#2435 = CARTESIAN_POINT ( 'NONE',  ( -0.09425640164334968263, 0.1124478123096538384, -0.3750000000000004441 ) ) ;
#2436 = CARTESIAN_POINT ( 'NONE',  ( 0.06937764622754614974, 0.1201656081756478783, -0.05694444444444515113 ) ) ;
#2437 = ORIENTED_EDGE ( 'NONE', *, *, #266, .T. ) ;
#2438 = CARTESIAN_POINT ( 'NONE',  ( 0.1353164693413184683, -0.07812500000000005551, -0.3402777777777780122 ) ) ;
#2439 = CARTESIAN_POINT ( 'NONE',  ( -0.1040664693413183989, -0.06008280408782408488, -0.2791666666666670626 ) ) ;
#2440 = ORIENTED_EDGE ( 'NONE', *, *, #736, .T. ) ;
#2441 = DIRECTION ( 'NONE',  ( -0.000000000000000000, -0.000000000000000000, 1.000000000000000000 ) ) ;
#2442 = CARTESIAN_POINT ( 'NONE',  ( -0.3124999999999999445, -0.1542629026329530306, -0.3437500000000024980 ) ) ;
#2443 = PLANE ( 'NONE',  #250 ) ;
#2444 = EDGE_CURVE ( 'NONE', #151, #2601, #1168, .T. ) ;
#2445 = CARTESIAN_POINT ( 'NONE',  ( 0.1201656081756482530, -9.149955796836528340E-17, -0.2152777777777781787 ) ) ;
#2446 = CARTESIAN_POINT ( 'NONE',  ( -0.08022379098325768676, 0.1276548518824774103, -0.01578845594271935729 ) ) ;
#2447 = CARTESIAN_POINT ( 'NONE',  ( -0.2091858280492625843, 0.2400704241086195623, -0.4595408849013476460 ) ) ;
#2448 = CARTESIAN_POINT ( 'NONE',  ( 0.000000000000000000, 0.000000000000000000, -0.3749999999999999445 ) ) ;
#2449 = AXIS2_PLACEMENT_3D ( 'NONE', #2205, #2957, #1693 ) ;
#2450 = ORIENTED_EDGE ( 'NONE', *, *, #721, .T. ) ;
#2451 = CARTESIAN_POINT ( 'NONE',  ( 0.2524570400596884423, -0.2150877782062388111, -0.4218135616758554862 ) ) ;
#2452 = CARTESIAN_POINT ( 'NONE',  ( -0.1944248296154826028, -0.2485926905278700860, -0.4664862652690787148 ) ) ;
#2453 = CARTESIAN_POINT ( 'NONE',  ( -0.1328368525771082276, -0.01270061104858716955, -0.3749999999999999445 ) ) ;
#2454 = ORIENTED_EDGE ( 'NONE', *, *, #989, .T. ) ;
#2455 = CARTESIAN_POINT ( 'NONE',  ( 0.1804219591217580132, -3.314297621015333647E-17, -0.1861111111111117267 ) ) ;
#2456 = CARTESIAN_POINT ( 'NONE',  ( 0.000000000000000000, 0.1201656081756482253, -0.2958333333333336701 ) ) ;
#2457 = ORIENTED_EDGE ( 'NONE', *, *, #247, .F. ) ;
#2458 = CARTESIAN_POINT ( 'NONE',  ( 0.004139114080656010677, 0.1200943009590826893, -0.04608439182435162401 ) ) ;
#2459 = CARTESIAN_POINT ( 'NONE',  ( 0.1201656081756482530, -9.149955796836528340E-17, -0.2083333333333338422 ) ) ;
#2460 = DIRECTION ( 'NONE',  ( 1.000000000000000000, 0.000000000000000000, -0.000000000000000000 ) ) ;
#2461 = EDGE_CURVE ( 'NONE', #1633, #2542, #2902, .T. ) ;
#2462 = CARTESIAN_POINT ( 'NONE',  ( 0.1394085116789271772, 0.01945574093114578809, -0.02582093861051989667 ) ) ;
#2463 = CARTESIAN_POINT ( 'NONE',  ( -0.1486429809995488960, 0.2750248531502780813, -0.4734703008442712746 ) ) ;
#2464 = CARTESIAN_POINT ( 'NONE',  ( 0.09021097956087878456, -0.1562500000000000555, -0.1958333333333336923 ) ) ;
#2465 = EDGE_CURVE ( 'NONE', #1134, #691, #3059, .T. ) ;
#2466 = ORIENTED_EDGE ( 'NONE', *, *, #1727, .F. ) ;
#2467 = CARTESIAN_POINT ( 'NONE',  ( 0.2090090382768613753, 0.2401724937313053920, -0.4596450218571525581 ) ) ;
#2468 = APPROVAL_PERSON_ORGANIZATION ( #3002, #2418, #632 ) ;
#2469 = CARTESIAN_POINT ( 'NONE',  ( -4.414812822597077967E-17, -0.1201656081756482253, -0.3277777777777779455 ) ) ;
#2470 = LINE ( 'NONE', #305, #714 ) ;
#2471 = CARTESIAN_POINT ( 'NONE',  ( -0.1387552924550911893, 8.496311238494115008E-18, -0.3333333333333335369 ) ) ;
#2472 = CARTESIAN_POINT ( 'NONE',  ( 0.1387552924550911615, -2.548893371548234348E-17, -0.3652777777777778123 ) ) ;
#2473 = CARTESIAN_POINT ( 'NONE',  ( -0.3125000000000000000, 0.1542629026329530584, -0.3437500000000021094 ) ) ;
#2474 = CARTESIAN_POINT ( 'NONE',  ( 0.09021097956087867353, -0.1562500000000001388, -0.09444444444444526077 ) ) ;
#2475 =( BOUNDED_CURVE ( )  B_SPLINE_CURVE ( 2, ( #2938, #731, #1688, #2888, #2158, #982, #717, #1954, #2703 ),
 .UNSPECIFIED., .F., .T. ) 
 B_SPLINE_CURVE_WITH_KNOTS ( ( 3, 2, 2, 2, 3 ),
 ( 0.2500000000000000555, 0.2575757575757575690, 0.2727272727272727071, 0.2878787878787879007, 0.2954545454545455252 ),
 .UNSPECIFIED. ) 
 CURVE ( )  GEOMETRIC_REPRESENTATION_ITEM ( )  RATIONAL_B_SPLINE_CURVE ( ( 0.9330127018922194093, 0.9330127018922198534, 1.000000000000000000, 0.8660254037844387076, 1.000000000000000000, 0.8660254037844387076, 1.000000000000000000, 0.9330127018922188542, 0.9330127018922194093 ) ) 
 REPRESENTATION_ITEM ( '' )  );
#2476 = DIRECTION ( 'NONE',  ( 1.000000000000000000, 0.000000000000000000, 0.000000000000000000 ) ) ;
#2477 = CARTESIAN_POINT ( 'NONE',  ( 0.1562500000000000000, -1.189494253588748598E-16, -0.1875000000000003608 ) ) ;
#2478 = AXIS2_PLACEMENT_3D ( 'NONE', #1200, #1703, #2172 ) ;
#2479 = EDGE_CURVE ( 'NONE', #2120, #1364, #1262, .T. ) ;
#2480 = VECTOR ( 'NONE', #1020, 39.37007874015748143 ) ;
#2481 = VERTEX_POINT ( 'NONE', #1475 ) ;
#2482 = CARTESIAN_POINT ( 'NONE',  ( 0.1033141719507373602, 0.3011954532566544773, -0.4595408849013475905 ) ) ;
#2483 = ADVANCED_FACE ( 'NONE', ( #1513 ), #1235, .F. ) ;
#2484 = CARTESIAN_POINT ( 'NONE',  ( 0.06937764622754565014, 0.1201656081756481836, -0.05000000000000082850 ) ) ;
#2485 = CARTESIAN_POINT ( 'NONE',  ( 0.02345965637637315374, -0.1308097658221225867, -0.03363227813295704277 ) ) ;
#2486 = CARTESIAN_POINT ( 'NONE',  ( 0.06937764622754565014, 0.1201656081756481559, -0.1569444444444449693 ) ) ;
#2487 = CARTESIAN_POINT ( 'NONE',  ( 0.1353164693413185793, 0.07812499999999986122, -0.2333333333333335868 ) ) ;
#2488 = DIRECTION ( 'NONE',  ( 1.000000000000000000, 0.000000000000000000, 0.000000000000000000 ) ) ;
#2489 = CARTESIAN_POINT ( 'NONE',  ( -0.01589042252197048893, 0.1475810774577454854, -0.01812798787998241845 ) ) ;
#2490 = DIRECTION ( 'NONE',  ( -1.000000000000000000, 0.000000000000000000, 0.000000000000000000 ) ) ;
#2491 = CARTESIAN_POINT ( 'NONE',  ( 0.09021097956087967273, 0.1562499999999995559, -0.1277777777777785173 ) ) ;
#2492 = EDGE_LOOP ( 'NONE', ( #2457, #1086, #1874, #2036 ) ) ;
#2493 = CARTESIAN_POINT ( 'NONE',  ( 0.1662499999999999811, 0.000000000000000000, 0.000000000000000000 ) ) ;
#2494 = CARTESIAN_POINT ( 'NONE',  ( 0.1201656081756482253, 0.000000000000000000, -0.3749999999999999445 ) ) ;
#2495 = EDGE_CURVE ( 'NONE', #1891, #619, #2986, .T. ) ;
#2496 = CARTESIAN_POINT ( 'NONE',  ( 0.1387552924550911893, -2.548893371548234657E-17, 0.09166666666666552221 ) ) ;
#2497 = ORIENTED_EDGE ( 'NONE', *, *, #973, .T. ) ;
#2498 = CARTESIAN_POINT ( 'NONE',  ( -1.471604274199025886E-17, -0.1201656081756482114, -0.2777777777777780677 ) ) ;
#2499 = CARTESIAN_POINT ( 'NONE',  ( -1.913510623667738847E-17, -0.1562499999999999722, -0.3000000000000000999 ) ) ;
#2500 = CARTESIAN_POINT ( 'NONE',  ( -0.1040664693413186209, -0.06008280408782372406, -0.1291666666666673735 ) ) ;
#2501 = CARTESIAN_POINT ( 'NONE',  ( -0.05378703118701719937, 0.1397566428674290595, -0.01681040189240101679 ) ) ;
#2502 = CARTESIAN_POINT ( 'NONE',  ( 0.000000000000000000, 0.000000000000000000, -0.3749999999999999445 ) ) ;
#2503 = DIRECTION ( 'NONE',  ( -0.000000000000000000, -0.000000000000000000, 1.000000000000000000 ) ) ;
#2504 = ORIENTED_EDGE ( 'NONE', *, *, #1469, .T. ) ;
#2505 = CARTESIAN_POINT ( 'NONE',  ( -0.1353164693413185238, 0.07812500000000000000, 0.03472222222222117599 ) ) ;
#2506 = CARTESIAN_POINT ( 'NONE',  ( -0.1201656081756481836, -0.03219827766865950014, -0.1811004233964078336 ) ) ;
#2507 = CARTESIAN_POINT ( 'NONE',  ( 0.1040664693413183711, -0.06008280408782416121, -0.06250000000000083267 ) ) ;
#2508 = EDGE_CURVE ( 'NONE', #786, #562, #59, .T. ) ;
#2509 = ORIENTED_EDGE ( 'NONE', *, *, #2992, .T. ) ;
#2510 = CARTESIAN_POINT ( 'NONE',  ( -0.06937764622754556687, 0.1201656081756481975, -0.2486111111111114491 ) ) ;
#2511 = CARTESIAN_POINT ( 'NONE',  ( 0.1353164693413185793, 0.07812499999999986122, -0.3333333333333333703 ) ) ;
#2512 =( BOUNDED_CURVE ( )  B_SPLINE_CURVE ( 2, ( #1560, #1994, #1328, #321, #2025, #783, #799, #2729, #2964 ),
 .UNSPECIFIED., .F., .T. ) 
 B_SPLINE_CURVE_WITH_KNOTS ( ( 3, 2, 2, 2, 3 ),
 ( 0.1590909090909090884, 0.1666666666666666574, 0.1818181818181818232, 0.1969696969696969613, 0.2045454545454545581 ),
 .UNSPECIFIED. ) 
 CURVE ( )  GEOMETRIC_REPRESENTATION_ITEM ( )  RATIONAL_B_SPLINE_CURVE ( ( 0.9330127018922194093, 0.9330127018922194093, 1.000000000000000000, 0.8660254037844387076, 1.000000000000000000, 0.8660254037844387076, 1.000000000000000000, 0.9330127018922191873, 0.9330127018922192983 ) ) 
 REPRESENTATION_ITEM ( '' )  );
#2513 = APPLICATION_PROTOCOL_DEFINITION ( 'international standard', 'config_control_design', 1994, #2823 ) ;
#2514 = EDGE_CURVE ( 'NONE', #1409, #562, #2378, .T. ) ;
#2515 = CARTESIAN_POINT ( 'NONE',  ( 0.000000000000000000, 0.000000000000000000, -0.3749999999999999445 ) ) ;
#2516 = FACE_OUTER_BOUND ( 'NONE', #2219, .T. ) ;
#2517 = DIRECTION ( 'NONE',  ( 0.000000000000000000, 0.000000000000000000, 1.000000000000000000 ) ) ;
#2518 = CARTESIAN_POINT ( 'NONE',  ( 0.1201656081756481836, -1.006495137652017883E-16, -0.3083333333333336257 ) ) ;
#2519 = CARTESIAN_POINT ( 'NONE',  ( 0.3072916666666665186, 0.000000000000000000, -0.02083333333333333218 ) ) ;
#2520 = VERTEX_POINT ( 'NONE', #1493 ) ;
#2521 = CARTESIAN_POINT ( 'NONE',  ( 0.02265440745833683517, -0.3477643899991139098, -0.3437500000000000555 ) ) ;
#2522 = CARTESIAN_POINT ( 'NONE',  ( 0.000000000000000000, 0.1562499999999999722, -0.02361111111111205765 ) ) ;
#2523 = DIRECTION ( 'NONE',  ( 1.000000000000000000, 0.000000000000000000, 0.000000000000000000 ) ) ;
#2524 = AXIS2_PLACEMENT_3D ( 'NONE', #685, #2345, #922 ) ;
#2525 = CARTESIAN_POINT ( 'NONE',  ( -0.1040664693413183850, 0.06008280408782412652, -0.1375000000000006772 ) ) ;
#2526 = AXIS2_PLACEMENT_3D ( 'NONE', #2226, #68, #1022 ) ;
#2527 = EDGE_LOOP ( 'NONE', ( #457, #644, #851, #995 ) ) ;
#2528 = CARTESIAN_POINT ( 'NONE',  ( 0.1040664693413183711, -0.06008280408782416121, -0.3694444444444444642 ) ) ;
#2529 = CARTESIAN_POINT ( 'NONE',  ( 0.1040664693413183434, -0.06008280408782415427, -0.3694444444444444642 ) ) ;
#2530 = CARTESIAN_POINT ( 'NONE',  ( -0.1353164693413185238, 0.07812500000000000000, -0.2166666666666669794 ) ) ;
#2531 = VECTOR ( 'NONE', #2142, 39.37007874015748143 ) ;
#2532 = CARTESIAN_POINT ( 'NONE',  ( -0.1562499999999999722, 1.555492485462209288E-16, -0.1611111111111117600 ) ) ;
#2533 = DIRECTION ( 'NONE',  ( -0.000000000000000000, -0.000000000000000000, 1.000000000000000000 ) ) ;
#2534 = EDGE_CURVE ( 'NONE', #1051, #2879, #312, .T. ) ;
#2535 = CARTESIAN_POINT ( 'NONE',  ( 5.886417096796104778E-17, 0.1201656081756482253, -0.2958333333333336701 ) ) ;
#2536 = VERTEX_POINT ( 'NONE', #2442 ) ;
#2537 = CARTESIAN_POINT ( 'NONE',  ( -0.09021097956087899272, 0.1562499999999999722, -0.1194444444444451997 ) ) ;
#2538 = CYLINDRICAL_SURFACE ( 'NONE', #2959, 0.2968750000000000000 ) ;
#2539 = DIRECTION ( 'NONE',  ( -0.000000000000000000, -0.000000000000000000, 1.000000000000000000 ) ) ;
#2540 = CARTESIAN_POINT ( 'NONE',  ( -0.1562499999999999722, 1.463992927493844239E-16, -0.3111111111111114491 ) ) ;
#2541 = CARTESIAN_POINT ( 'NONE',  ( 0.000000000000000000, 0.1201656081756482253, -0.09583333333333410309 ) ) ;
#2542 = VERTEX_POINT ( 'NONE', #1269 ) ;
#2543 = CIRCLE ( 'NONE', #2697, 0.01041666666666650996 ) ;
#2544 = CARTESIAN_POINT ( 'NONE',  ( -0.06937764622754556687, 0.1201656081756481975, -0.09861111111111177385 ) ) ;
#2545 = CARTESIAN_POINT ( 'NONE',  ( -0.1804219591217580132, 1.104765873671777625E-17, -0.1625000000000004219 ) ) ;
#2546 = DATE_TIME_ROLE ( 'creation_date' ) ;
#2547 = CARTESIAN_POINT ( 'NONE',  ( 0.000000000000000000, 0.1562499999999999722, -0.3749999999999999445 ) ) ;
#2548 = DIRECTION ( 'NONE',  ( -0.000000000000000000, -0.000000000000000000, -1.000000000000000000 ) ) ;
#2549 = CARTESIAN_POINT ( 'NONE',  ( -0.06937764622754491461, 0.1201656081756486000, -0.09861111111111177385 ) ) ;
#2550 = CARTESIAN_POINT ( 'NONE',  ( 0.1562500000000000000, 4.346229003497350438E-16, -0.03750000000000063005 ) ) ;
#2551 = EDGE_CURVE ( 'NONE', #1142, #1398, #2775, .T. ) ;
#2552 = EDGE_LOOP ( 'NONE', ( #111, #2341, #1432, #2104 ) ) ;
#2553 = CARTESIAN_POINT ( 'NONE',  ( 0.1353164693413191066, 0.07812499999999895917, -0.08194444444444529130 ) ) ;
#2554 = CARTESIAN_POINT ( 'NONE',  ( -0.09021097956087899272, 0.1562499999999999722, -0.01944444444444540926 ) ) ;
#2555 = CARTESIAN_POINT ( 'NONE',  ( 0.1201656081756481836, -1.006495137652017883E-16, -0.3083333333333336257 ) ) ;
#2556 = EDGE_CURVE ( 'NONE', #1643, #151, #177, .T. ) ;
#2557 = CARTESIAN_POINT ( 'NONE',  ( 0.1562499999999999167, -0.04186706131736304959, -0.2897329099369261307 ) ) ;
#2558 = B_SPLINE_CURVE_WITH_KNOTS ( 'NONE', 3,
 ( #1063, #561, #288, #1240, #1004, #1112, #641, #2350, #658, #1636 ),
 .UNSPECIFIED., .F., .F.,
 ( 4, 2, 2, 2, 4 ),
 ( 0.000000000000000000, 0.0005705830743498700600, 0.001141166148699740120, 0.001711749223049610288, 0.002282332297399480240 ),
 .UNSPECIFIED. ) ;
#2559 = ORIENTED_EDGE ( 'NONE', *, *, #3026, .F. ) ;
#2560 = CARTESIAN_POINT ( 'NONE',  ( -0.1040664693413183850, -0.06008280408782407794, -0.08611111111111180438 ) ) ;
#2561 = EDGE_LOOP ( 'NONE', ( #946, #1165, #2153, #2162 ) ) ;
#2562 = CARTESIAN_POINT ( 'NONE',  ( 0.1804219591217580132, -3.314297621015333647E-17, 0.01249999999999918364 ) ) ;
#2563 = ORIENTED_EDGE ( 'NONE', *, *, #322, .T. ) ;
#2564 = CARTESIAN_POINT ( 'NONE',  ( 0.1185401984203879600, -0.05589602459431507187, -0.3749999999999997780 ) ) ;
#2565 = CARTESIAN_POINT ( 'NONE',  ( -0.1201656081756483085, 0.03219827766865970831, -0.2425106877147041595 ) ) ;
#2566 = ORIENTED_EDGE ( 'NONE', *, *, #1021, .F. ) ;
#2567 = CARTESIAN_POINT ( 'NONE',  ( -1.398496342903347996E-16, 0.3608439182435160264, -0.02083333333333335993 ) ) ;
#2568 = CARTESIAN_POINT ( 'NONE',  ( -0.1353164693413185238, -0.07812499999999995837, -0.1069444444444452302 ) ) ;
#2569 = CARTESIAN_POINT ( 'NONE',  ( -0.1353164693413187736, -0.07812499999999952816, -0.1583333333333337423 ) ) ;
#2570 = TOROIDAL_SURFACE ( 'NONE', #2425, -0.1302061649895825679, 0.4828384111255082378 ) ;
#2571 =( BOUNDED_CURVE ( )  B_SPLINE_CURVE ( 2, ( #2756, #2810, #813, #1784, #590, #2289, #2771, #607, #3138 ),
 .UNSPECIFIED., .F., .F. ) 
 B_SPLINE_CURVE_WITH_KNOTS ( ( 3, 2, 2, 2, 3 ),
 ( 0.1136363636363636465, 0.1212121212121212155, 0.1363636363636363535, 0.1515151515151515194, 0.1590909090909090884 ),
 .UNSPECIFIED. ) 
 CURVE ( )  GEOMETRIC_REPRESENTATION_ITEM ( )  RATIONAL_B_SPLINE_CURVE ( ( 0.9330127018922194093, 0.9330127018922194093, 1.000000000000000000, 0.8660254037844387076, 1.000000000000000000, 0.8660254037844387076, 1.000000000000000000, 0.9330127018922194093, 0.9330127018922194093 ) ) 
 REPRESENTATION_ITEM ( '' )  );
#2572 = ORIENTED_EDGE ( 'NONE', *, *, #777, .F. ) ;
#2573 = EDGE_CURVE ( 'NONE', #213, #2937, #748, .T. ) ;
#2574 = CARTESIAN_POINT ( 'NONE',  ( 0.1562499999999999722, -1.280993811557113894E-16, -0.2875000000000001443 ) ) ;
#2575 = CARTESIAN_POINT ( 'NONE',  ( -1.339457436567417162E-16, -0.1562499999999999722, -0.2486111111111115601 ) ) ;
#2576 = CONICAL_SURFACE ( 'NONE', #1207, 0.1662499999999999811, 0.7853981633974500554 ) ;
#2577 = ORIENTED_EDGE ( 'NONE', *, *, #1258, .F. ) ;
#2578 = CARTESIAN_POINT ( 'NONE',  ( 0.06937764622754565014, 0.1201656081756481559, 0.1430555555555544367 ) ) ;
#2579 = CARTESIAN_POINT ( 'NONE',  ( 0.000000000000000000, 0.1562499999999999722, 0.07499999999999906741 ) ) ;
#2580 = ORIENTED_EDGE ( 'NONE', *, *, #2693, .F. ) ;
#2581 = CIRCLE ( 'NONE', #1318, 0.3485014965946978127 ) ;
#2582 = CYLINDRICAL_SURFACE ( 'NONE', #1448, 0.1201656081756482253 ) ;
#2583 = CARTESIAN_POINT ( 'NONE',  ( -0.1555455837819820497, 1.829991159367305298E-17, -0.01070441621801787417 ) ) ;
#2584 = CARTESIAN_POINT ( 'NONE',  ( -0.1562499999999999445, -0.04186706131736237652, -0.1102670900630744605 ) ) ;
#2585 = CARTESIAN_POINT ( 'NONE',  ( -0.3124999999999999445, -0.1804219591217580410, -0.6250000000000000000 ) ) ;
#2586 = DIRECTION ( 'NONE',  ( 1.000000000000000000, 0.000000000000000000, 0.000000000000000000 ) ) ;
#2587 = EDGE_LOOP ( 'NONE', ( #2792, #2454, #1720 ) ) ;
#2588 = PLANE ( 'NONE',  #826 ) ;
#2589 = FACE_BOUND ( 'NONE', #1737, .T. ) ;
#2590 = LINE ( 'NONE', #425, #1434 ) ;
#2591 = CARTESIAN_POINT ( 'NONE',  ( -0.1201656081756483085, 0.03219827766865970831, -0.2355662432702598230 ) ) ;
#2592 = ADVANCED_FACE ( 'NONE', ( #2905 ), #1133, .F. ) ;
#2593 = ORIENTED_EDGE ( 'NONE', *, *, #412, .T. ) ;
#2594 = CARTESIAN_POINT ( 'NONE',  ( 0.06937764622754553911, -0.1201656081756482392, 0.02638888888888795553 ) ) ;
#2595 = CARTESIAN_POINT ( 'NONE',  ( 0.1353164693413185793, 0.07812499999999986122, -0.03333333333333404758 ) ) ;
#2596 = CARTESIAN_POINT ( 'NONE',  ( 0.09872166237191196125, 0.1112377747676022155, -0.3749999999999998890 ) ) ;
#2597 = CARTESIAN_POINT ( 'NONE',  ( -0.09863175858386112604, -0.08088891010265333859, -0.03898615466341184832 ) ) ;
#2598 = CARTESIAN_POINT ( 'NONE',  ( -0.1562500000000000000, 1.913510623667739463E-17, -0.3999999999999999667 ) ) ;
#2599 = CARTESIAN_POINT ( 'NONE',  ( 0.1201656081756481836, 0.03219827766865948626, -0.1630448678408522312 ) ) ;
#2600 = CARTESIAN_POINT ( 'NONE',  ( 0.1201656081756482253, 4.574977898418263246E-18, -0.3583333333333335036 ) ) ;
#2601 = VERTEX_POINT ( 'NONE', #1854 ) ;
#2602 = CARTESIAN_POINT ( 'NONE',  ( 0.1040664693413188291, 0.06008280408782334242, -0.1041666666666674207 ) ) ;
#2603 = CARTESIAN_POINT ( 'NONE',  ( 0.004139114080656010677, 0.1200943009590826893, -0.04608439182435162401 ) ) ;
#2604 = CARTESIAN_POINT ( 'NONE',  ( 0.1201656081756482392, 3.591357650258336933E-16, -0.1152777777777783397 ) ) ;
#2605 = CARTESIAN_POINT ( 'NONE',  ( 8.829625645194155934E-17, 0.1201656081756482253, -0.2458333333333337645 ) ) ;
#2606 = CARTESIAN_POINT ( 'NONE',  ( -0.1562500000000000000, -2.195989391240766358E-16, -0.2611111111111115157 ) ) ;
#2607 = ORIENTED_EDGE ( 'NONE', *, *, #1322, .T. ) ;
#2608 = CARTESIAN_POINT ( 'NONE',  ( -0.1040664693413183711, 0.06008280408782411958, -0.04444444444444521636 ) ) ;
#2609 = CARTESIAN_POINT ( 'NONE',  ( -0.09021097956087906211, -0.1562499999999999445, -0.004166666666667396060 ) ) ;
#2610 = EDGE_CURVE ( 'NONE', #117, #957, #3021, .T. ) ;
#2611 = ORIENTED_EDGE ( 'NONE', *, *, #643, .F. ) ;
#2612 = CARTESIAN_POINT ( 'NONE',  ( 0.09475694750794047549, -0.08499171894229655411, -0.3750000000000005551 ) ) ;
#2613 = LINE ( 'NONE', #1411, #3113 ) ;
#2614 = CARTESIAN_POINT ( 'NONE',  ( 0.000000000000000000, 0.000000000000000000, -0.2500000000000000000 ) ) ;
#2615 = CARTESIAN_POINT ( 'NONE',  ( 0.1562499999999999167, 0.04186706131736277897, -0.2838782011741854405 ) ) ;
#2616 = EDGE_CURVE ( 'NONE', #1962, #2120, #94, .T. ) ;
#2617 = ORIENTED_EDGE ( 'NONE', *, *, #2267, .T. ) ;
#2618 = CARTESIAN_POINT ( 'NONE',  ( -0.06937764622754491461, 0.1201656081756486000, -0.09166666666666743735 ) ) ;
#2619 = PLANE ( 'NONE',  #3036 ) ;
#2620 = CARTESIAN_POINT ( 'NONE',  ( -0.1405396055242955355, -0.2797033391622600895, -0.4725344787923891343 ) ) ;
#2621 = AXIS2_PLACEMENT_3D ( 'NONE', #442, #2392, #1419 ) ;
#2622 = VERTEX_POINT ( 'NONE', #915 ) ;
#2623 = CARTESIAN_POINT ( 'NONE',  ( -1.913510623667738847E-17, -0.1562499999999999722, -0.2486111111111115601 ) ) ;
#2624 = AXIS2_PLACEMENT_3D ( 'NONE', #795, #2926, #1751 ) ;
#2625 = CARTESIAN_POINT ( 'NONE',  ( -1.913510623667738847E-17, -0.1562499999999999722, -0.1000000000000005329 ) ) ;
#2626 = CONICAL_SURFACE ( 'NONE', #1108, 0.1662499999999999811, 0.7853981633974500554 ) ;
#2627 = CARTESIAN_POINT ( 'NONE',  ( -0.1040664693413182462, 0.06008280408782436938, -0.1444444444444450137 ) ) ;
#2628 = CARTESIAN_POINT ( 'NONE',  ( 1.148106374200643493E-16, 0.1562499999999999722, -0.2736111111111115268 ) ) ;
#2629 = CARTESIAN_POINT ( 'NONE',  ( 0.06937764622754566401, 0.1201656081756481836, -0.3500000000000002554 ) ) ;
#2630 = VECTOR ( 'NONE', #784, 39.37007874015748143 ) ;
#2631 = EDGE_CURVE ( 'NONE', #196, #1980, #411, .T. ) ;
#2632 = ORIENTED_EDGE ( 'NONE', *, *, #1279, .T. ) ;
#2633 = CARTESIAN_POINT ( 'NONE',  ( -0.3125000000000000000, 0.1542629026329530584, -0.3437500000000021094 ) ) ;
#2634 = CARTESIAN_POINT ( 'NONE',  ( 0.000000000000000000, 0.000000000000000000, 0.000000000000000000 ) ) ;
#2635 = ORIENTED_EDGE ( 'NONE', *, *, #830, .F. ) ;
#2636 = CARTESIAN_POINT ( 'NONE',  ( -0.03336950616321934099, -0.3415780248774563654, -0.3775247577442576996 ) ) ;
#2637 = CARTESIAN_POINT ( 'NONE',  ( -0.1562499999999999722, 1.555492485462209288E-16, -0.1611111111111117600 ) ) ;
#2638 = CARTESIAN_POINT ( 'NONE',  ( 0.1353164693413184683, -0.07812500000000005551, -0.3902777777777780011 ) ) ;
#2639 = CARTESIAN_POINT ( 'NONE',  ( -0.1040664693413183989, -0.06008280408782408488, -0.3791666666666668184 ) ) ;
#2640 = DIRECTION ( 'NONE',  ( 1.000000000000000000, 0.000000000000000000, 0.000000000000000000 ) ) ;
#2641 = CARTESIAN_POINT ( 'NONE',  ( 0.1201656081756482253, 0.03219827766865945157, -0.05610042339640814585 ) ) ;
#2642 = DIRECTION ( 'NONE',  ( 1.000000000000000000, 0.000000000000000000, 0.000000000000000000 ) ) ;
#2643 = CARTESIAN_POINT ( 'NONE',  ( -7.273274684426747695E-16, -0.1562499999999999722, -0.1500000000000004385 ) ) ;
#2644 = LINE ( 'NONE', #1957, #416 ) ;
#2645 = VERTEX_POINT ( 'NONE', #2354 ) ;
#2646 = DIRECTION ( 'NONE',  ( -0.000000000000000000, -0.000000000000000000, 1.000000000000000000 ) ) ;
#2647 = CARTESIAN_POINT ( 'NONE',  ( -0.1059813751281170335, 0.08803713608859628503, -0.02877031405975063669 ) ) ;
#2648 = EDGE_CURVE ( 'NONE', #1267, #765, #1482, .T. ) ;
#2649 = ORIENTED_EDGE ( 'NONE', *, *, #1748, .F. ) ;
#2650 = CARTESIAN_POINT ( 'NONE',  ( -0.1562499999999998612, -0.02398999926201538999, -0.01122053337269322652 ) ) ;
#2651 = EDGE_CURVE ( 'NONE', #957, #1282, #1396, .T. ) ;
#2652 = LINE ( 'NONE', #278, #1380 ) ;
#2653 =( BOUNDED_CURVE ( )  B_SPLINE_CURVE ( 2, ( #450, #2599, #1150, #2890, #2383, #1894, #2627, #3102, #436 ),
 .UNSPECIFIED., .F., .T. ) 
 B_SPLINE_CURVE_WITH_KNOTS ( ( 3, 2, 2, 2, 3 ),
 ( 0.4318181818181818787, 0.4393939393939393923, 0.4545454545454545303, 0.4696969696969697239, 0.4772727272727273484 ),
 .UNSPECIFIED. ) 
 CURVE ( )  GEOMETRIC_REPRESENTATION_ITEM ( )  RATIONAL_B_SPLINE_CURVE ( ( 0.9330127018922194093, 0.9330127018922198534, 1.000000000000000000, 0.8660254037844387076, 1.000000000000000000, 0.8660254037844387076, 1.000000000000000000, 0.9330127018922188542, 0.9330127018922194093 ) ) 
 REPRESENTATION_ITEM ( '' )  );
#2654 = DIRECTION ( 'NONE',  ( -0.000000000000000000, -1.000000000000000000, 0.000000000000000000 ) ) ;
#2655 = ORIENTED_EDGE ( 'NONE', *, *, #1927, .T. ) ;
#2656 = CARTESIAN_POINT ( 'NONE',  ( 0.1353164693413185793, 0.07812499999999986122, -0.1819444444444450470 ) ) ;
#2657 = CARTESIAN_POINT ( 'NONE',  ( 0.000000000000000000, 0.1201656081756482253, -0.1458333333333340087 ) ) ;
#2658 = CARTESIAN_POINT ( 'NONE',  ( 0.000000000000000000, 0.000000000000000000, -0.009999999999999962044 ) ) ;
#2659 = LINE ( 'NONE', #510, #2676 ) ;
#2660 = DIRECTION ( 'NONE',  ( 0.000000000000000000, 0.000000000000000000, 1.000000000000000000 ) ) ;
#2661 = AXIS2_PLACEMENT_3D ( 'NONE', #542, #1956, #2218 ) ;
#2662 = VERTEX_POINT ( 'NONE', #1666 ) ;
#2663 = CARTESIAN_POINT ( 'NONE',  ( -0.06009309939125306865, 0.3261491511335372628, -0.4218794135836365089 ) ) ;
#2664 = ORIENTED_EDGE ( 'NONE', *, *, #810, .T. ) ;
#2665 = DIRECTION ( 'NONE',  ( 1.000000000000000000, 0.000000000000000000, 0.000000000000000000 ) ) ;
#2666 = CARTESIAN_POINT ( 'NONE',  ( -0.1562499999999999722, 1.463992927493844239E-16, -0.2625000000000001776 ) ) ;
#2667 = CARTESIAN_POINT ( 'NONE',  ( -0.02992674993786298421, 0.1515494915504725371, -0.3749999999999998335 ) ) ;
#2668 = EDGE_CURVE ( 'NONE', #209, #1821, #1713, .T. ) ;
#2669 = ORIENTED_EDGE ( 'NONE', *, *, #2479, .F. ) ;
#2670 = CARTESIAN_POINT ( 'NONE',  ( -0.1353164693413185238, 0.07812500000000000000, -0.3652777777777779789 ) ) ;
#2671 = CARTESIAN_POINT ( 'NONE',  ( -0.1040664693413183850, 0.06008280408782412652, -0.3875000000000001776 ) ) ;
#2672 =( BOUNDED_CURVE ( )  B_SPLINE_CURVE ( 2, ( #112, #1045, #2553, #2024, #3019, #1590, #384, #357, #1359 ),
 .UNSPECIFIED., .F., .T. ) 
 B_SPLINE_CURVE_WITH_KNOTS ( ( 3, 2, 2, 2, 3 ),
 ( 0.6136363636363637575, 0.6212121212121212155, 0.6363636363636363535, 0.6515151515151514916, 0.6590909090909091717 ),
 .UNSPECIFIED. ) 
 CURVE ( )  GEOMETRIC_REPRESENTATION_ITEM ( )  RATIONAL_B_SPLINE_CURVE ( ( 0.9330127018922192983, 0.9330127018922202975, 1.000000000000000000, 0.8660254037844387076, 1.000000000000000000, 0.8660254037844387076, 1.000000000000000000, 0.9330127018922182991, 0.9330127018922192983 ) ) 
 REPRESENTATION_ITEM ( '' )  );
#2673 = CARTESIAN_POINT ( 'NONE',  ( 0.07074416844422252992, 0.1177987222666927319, -0.05016414055186707577 ) ) ;
#2674 = DIRECTION ( 'NONE',  ( 1.000000000000000000, 0.000000000000000000, 0.000000000000000000 ) ) ;
#2675 = CARTESIAN_POINT ( 'NONE',  ( -0.1201656081756482808, 0.03219827766865974300, -0.1925106877147042261 ) ) ;
#2676 = VECTOR ( 'NONE', #2441, 39.37007874015748143 ) ;
#2677 = EDGE_LOOP ( 'NONE', ( #133, #18, #2373, #681, #396, #1661 ) ) ;
#2678 = CARTESIAN_POINT ( 'NONE',  ( 0.1040664693413180103, -0.06008280408782477877, -0.06944444444444515530 ) ) ;
#2679 = CARTESIAN_POINT ( 'NONE',  ( 0.1562500000000000000, 4.712227235370811128E-16, -0.1361111111111117655 ) ) ;
#2680 = CIRCLE ( 'NONE', #2526, 0.1201656081756482253 ) ;
#2681 = VERTEX_POINT ( 'NONE', #1225 ) ;
#2682 = CARTESIAN_POINT ( 'NONE',  ( -0.1201656081756482253, 1.097994695620383179E-16, -0.2833333333333337145 ) ) ;
#2683 = CARTESIAN_POINT ( 'NONE',  ( -0.08328882216692834461, -0.3127570943449530239, -0.4457829916483272981 ) ) ;
#2684 = CARTESIAN_POINT ( 'NONE',  ( -0.1293251978992227269, 0.05475532551129434072, -0.3749999999999976130 ) ) ;
#2685 = CARTESIAN_POINT ( 'NONE',  ( -0.1353164693413185238, -0.07812499999999995837, -0.2069444444444449860 ) ) ;
#2686 = CARTESIAN_POINT ( 'NONE',  ( -1.471604274199026194E-17, -0.1201656081756482253, -0.2708333333333337589 ) ) ;
#2687 = EDGE_CURVE ( 'NONE', #1677, #575, #1726, .T. ) ;
#2688 = ORIENTED_EDGE ( 'NONE', *, *, #2786, .F. ) ;
#2689 = CARTESIAN_POINT ( 'NONE',  ( 0.3124999999999999445, -0.03555229396091228594, -0.4690531852532638379 ) ) ;
#2690 = B_SPLINE_CURVE_WITH_KNOTS ( 'NONE', 3,
 ( #2348, #2130, #2841, #191, #1634, #1139, #1445, #2401, #2163, #1930, #2447, #1750, #1255, #723, #1497, #2463, #1529, #1735, #2894, #2416, #987, #1707, #2925, #1959, #2663, #972, #2178, #1205, #1516, #257 ),
 .UNSPECIFIED., .F., .F.,
 ( 4, 2, 2, 2, 2, 2, 2, 2, 2, 2, 2, 2, 2, 2, 4 ),
 ( 2.064919803265452043E-07, 0.001366034148596059414, 0.002048947976903928592, 0.002731861805211797337, 0.003414775633519666082, 0.004097689461827534393, 0.004780603290135404006, 0.005463517118443272751, 0.006146430946751141496, 0.006829344775059010240, 0.007512258603366878985, 0.008195172431674750332, 0.008878086259982619077, 0.009561000088290487822, 0.01092682774490622705 ),
 .UNSPECIFIED. ) ;
#2691 = CARTESIAN_POINT ( 'NONE',  ( 0.1562500000000000278, -0.04186706131736313979, -0.03834402104803803085 ) ) ;
#2692 = LINE ( 'NONE', #1015, #2110 ) ;
#2693 = EDGE_CURVE ( 'NONE', #1282, #2481, #1578, .T. ) ;
#2694 = FACE_OUTER_BOUND ( 'NONE', #638, .T. ) ;
#2695 = CARTESIAN_POINT ( 'NONE',  ( 0.1562499999999999445, -0.04186706131736315367, -0.1897329099369263750 ) ) ;
#2696 = AXIS2_PLACEMENT_3D ( 'NONE', #532, #285, #2476 ) ;
#2697 = AXIS2_PLACEMENT_3D ( 'NONE', #1321, #2285, #1336 ) ;
#2698 = ORIENTED_EDGE ( 'NONE', *, *, #2115, .T. ) ;
#2699 = CARTESIAN_POINT ( 'NONE',  ( 0.2791246582806517496, 0.1996912216477194912, -0.3775360757995209759 ) ) ;
#2700 = DIRECTION ( 'NONE',  ( 1.000000000000000000, 0.000000000000000000, 0.000000000000000000 ) ) ;
#2701 = CARTESIAN_POINT ( 'NONE',  ( -0.06937764622754558075, 0.1201656081756482253, -0.1916666666666672347 ) ) ;
#2702 = ORIENTED_EDGE ( 'NONE', *, *, #1059, .T. ) ;
#2703 = CARTESIAN_POINT ( 'NONE',  ( -0.1562500000000000000, -2.195989391240766358E-16, -0.2125000000000002165 ) ) ;
#2704 = ADVANCED_FACE ( 'NONE', ( #2181 ), #267, .F. ) ;
#2705 = CARTESIAN_POINT ( 'NONE',  ( -0.3125000000000000000, 0.1277533384569037311, -0.4006192219774970531 ) ) ;
#2706 = CARTESIAN_POINT ( 'NONE',  ( -0.3124999999999998335, -0.01810444155345957568, -0.4725445084509982685 ) ) ;
#2707 = CARTESIAN_POINT ( 'NONE',  ( 0.1218346339716981086, 0.07443209130675880469, -0.02380290175215462115 ) ) ;
#2708 = LINE ( 'NONE', #1975, #1074 ) ;
#2709 = EDGE_CURVE ( 'NONE', #971, #410, #163, .T. ) ;
#2710 = CARTESIAN_POINT ( 'NONE',  ( -0.1201656081756482253, 6.176220162864655613E-17, -0.3402777777777778456 ) ) ;
#2711 = VERTEX_POINT ( 'NONE', #24 ) ;
#2712 = DIRECTION ( 'NONE',  ( -0.000000000000000000, -0.000000000000000000, 1.000000000000000000 ) ) ;
#2713 = CARTESIAN_POINT ( 'NONE',  ( -0.1662499999999999811, 2.035975303582474513E-17, 0.000000000000000000 ) ) ;
#2714 = MANIFOLD_SOLID_BREP ( 'Fillet1', #849 ) ;
#2715 = CARTESIAN_POINT ( 'NONE',  ( -0.1040664693413183989, -0.06008280408782408488, -0.02916666666666760735 ) ) ;
#2716 = EDGE_LOOP ( 'NONE', ( #2319, #2840, #259 ) ) ;
#2717 = CARTESIAN_POINT ( 'NONE',  ( 0.1040664693413183434, -0.06008280408782415427, -0.2194444444444448583 ) ) ;
#2718 = CARTESIAN_POINT ( 'NONE',  ( 0.09021097956087896497, -0.1562500000000000000, -0.3458333333333333259 ) ) ;
#2719 =( LENGTH_UNIT ( ) NAMED_UNIT ( * ) SI_UNIT ( $, .METRE. ) );
#2720 = DIRECTION ( 'NONE',  ( -0.000000000000000000, -0.000000000000000000, 1.000000000000000000 ) ) ;
#2721 = CARTESIAN_POINT ( 'NONE',  ( 0.01305781409922438657, 0.1469522001356936836, -0.01903886042155502473 ) ) ;
#2722 = CARTESIAN_POINT ( 'NONE',  ( -0.1562499999999999722, 7.777462427311046439E-17, -0.3611111111111113270 ) ) ;
#2723 = CARTESIAN_POINT ( 'NONE',  ( -0.1562499999999999722, 1.913510623667738847E-17, -0.3749999999999999445 ) ) ;
#2724 = AXIS2_PLACEMENT_3D ( 'NONE', #2370, #1401, #1914 ) ;
#2725 = EDGE_CURVE ( 'NONE', #1912, #2731, #1125, .T. ) ;
#2726 = AXIS2_PLACEMENT_3D ( 'NONE', #1291, #564, #2523 ) ;
#2727 = ORIENTED_EDGE ( 'NONE', *, *, #2115, .F. ) ;
#2728 = CARTESIAN_POINT ( 'NONE',  ( -0.1562499999999999445, 0.04186706131736301489, -0.3147329099369260419 ) ) ;
#2729 = CARTESIAN_POINT ( 'NONE',  ( -0.1201656081756482253, 0.03219827766865984708, -0.2925106877147040096 ) ) ;
#2730 = CARTESIAN_POINT ( 'NONE',  ( -0.06937764622754563626, -0.1201656081756481836, 0.07499999999999884537 ) ) ;
#2731 = VERTEX_POINT ( 'NONE', #2166 ) ;
#2732 = CARTESIAN_POINT ( 'NONE',  ( 0.07216686653413707797, -0.1139816935941425358, -0.03161993893677465112 ) ) ;
#2733 = CARTESIAN_POINT ( 'NONE',  ( -0.1040664693413183850, -0.06008280408782407794, -0.1361111111111116823 ) ) ;
#2734 = CARTESIAN_POINT ( 'NONE',  ( 0.1353164693413185793, 0.07812499999999986122, -0.1833333333333337090 ) ) ;
#2735 = PERSON_AND_ORGANIZATION_ROLE ( 'design_supplier' ) ;
#2736 = CARTESIAN_POINT ( 'NONE',  ( 0.1201656081756482808, -0.03219827766865977076, -0.1105662432702600451 ) ) ;
#2737 = DIRECTION ( 'NONE',  ( 1.000000000000000000, 0.000000000000000000, 0.000000000000000000 ) ) ;
#2738 = CARTESIAN_POINT ( 'NONE',  ( -0.09021097956087870129, 0.1562500000000001388, -0.1208333333333338477 ) ) ;
#2739 = APPROVAL ( #1039, 'UNSPECIFIED' ) ;
#2740 = CARTESIAN_POINT ( 'NONE',  ( 0.06547135312879501234, -0.3230440148903973019, -0.4283693139270601247 ) ) ;
#2741 = CARTESIAN_POINT ( 'NONE',  ( 0.1353164693413185793, 0.07812499999999986122, 0.01805555555555452690 ) ) ;
#2742 = EDGE_CURVE ( 'NONE', #765, #185, #3123, .T. ) ;
#2743 = CARTESIAN_POINT ( 'NONE',  ( -0.2083333333333333703, 3.409629960625621628E-17, -0.6250000000000000000 ) ) ;
#2744 = VECTOR ( 'NONE', #2712, 39.37007874015748143 ) ;
#2745 = EDGE_CURVE ( 'NONE', #938, #2123, #2946, .T. ) ;
#2746 = CARTESIAN_POINT ( 'NONE',  ( 0.1387552924550911893, -2.548893371548234657E-17, 0.04166666666666563740 ) ) ;
#2747 = CARTESIAN_POINT ( 'NONE',  ( 0.3125000000000000000, -0.1804219591217580410, -0.2500000000000002220 ) ) ;
#2748 = ORIENTED_EDGE ( 'NONE', *, *, #369, .T. ) ;
#2749 = CARTESIAN_POINT ( 'NONE',  ( 0.04189803220576584358, -0.1126247232427588507, -0.3750000000000000555 ) ) ;
#2750 = CARTESIAN_POINT ( 'NONE',  ( 0.06937764622754565014, 0.1201656081756481559, -0.3069444444444446862 ) ) ;
#2751 = CARTESIAN_POINT ( 'NONE',  ( -0.09021097956087906211, -0.1562499999999999445, -0.2041666666666670238 ) ) ;
#2752 = FACE_OUTER_BOUND ( 'NONE', #1371, .T. ) ;
#2753 = FACE_OUTER_BOUND ( 'NONE', #1276, .T. ) ;
#2754 = CARTESIAN_POINT ( 'NONE',  ( -0.1562499999999999722, -0.01046337911575104772, -0.01055306422493863631 ) ) ;
#2755 = VERTEX_POINT ( 'NONE', #2151 ) ;
#2756 = CARTESIAN_POINT ( 'NONE',  ( -0.1562499999999999722, 7.777462427311046439E-17, -0.3611111111111113270 ) ) ;
#2757 = CARTESIAN_POINT ( 'NONE',  ( -0.09021097956087906211, -0.1562499999999999445, -0.002777777777778764941 ) ) ;
#2758 = DIRECTION ( 'NONE',  ( -0.7071067811865486830, 8.659560562354947649E-17, 0.7071067811865462405 ) ) ;
#2759 = CARTESIAN_POINT ( 'NONE',  ( -0.1040664693413183989, -0.06008280408782408488, 0.07083333333333220738 ) ) ;
#2760 = ADVANCED_FACE ( 'NONE', ( #4 ), #2626, .F. ) ;
#2761 = ORIENTED_EDGE ( 'NONE', *, *, #1021, .T. ) ;
#2762 = CARTESIAN_POINT ( 'NONE',  ( -0.1201656081756482253, 1.471604274199026194E-17, -0.3749999999999999445 ) ) ;
#2763 = CARTESIAN_POINT ( 'NONE',  ( 0.1040664693413184405, 0.06008280408782401549, -0.2611111111111114047 ) ) ;
#2764 = CARTESIAN_POINT ( 'NONE',  ( 0.1353164693413185793, 0.07812499999999986122, -0.2833333333333334925 ) ) ;
#2765 = FACE_OUTER_BOUND ( 'NONE', #2147, .T. ) ;
#2766 = LINE ( 'NONE', #586, #2146 ) ;
#2767 = CARTESIAN_POINT ( 'NONE',  ( 2.260961667158486591E-16, -0.3608439182435160264, -0.2500000000000008882 ) ) ;
#2768 = DIRECTION ( 'NONE',  ( 0.000000000000000000, 0.000000000000000000, 1.000000000000000000 ) ) ;
#2769 =( BOUNDED_CURVE ( )  B_SPLINE_CURVE ( 2, ( #157, #1844, #1862, #635, #2382, #2805, #2838, #1149, #684 ),
 .UNSPECIFIED., .F., .T. ) 
 B_SPLINE_CURVE_WITH_KNOTS ( ( 3, 2, 2, 2, 3 ),
 ( 0.2045454545454545581, 0.2121212121212121271, 0.2272727272727272652, 0.2424242424242424310, 0.2500000000000000555 ),
 .UNSPECIFIED. ) 
 CURVE ( )  GEOMETRIC_REPRESENTATION_ITEM ( )  RATIONAL_B_SPLINE_CURVE ( ( 0.9330127018922192983, 0.9330127018922194093, 1.000000000000000000, 0.8660254037844387076, 1.000000000000000000, 0.8660254037844387076, 1.000000000000000000, 0.9330127018922188542, 0.9330127018922194093 ) ) 
 REPRESENTATION_ITEM ( '' )  );
#2770 = ORIENTED_EDGE ( 'NONE', *, *, #1097, .F. ) ;
#2771 = CARTESIAN_POINT ( 'NONE',  ( 0.1353164693413183850, -0.07812500000000019429, -0.3402777777777780122 ) ) ;
#2772 = AXIS2_PLACEMENT_3D ( 'NONE', #2448, #1976, #315 ) ;
#2773 = CARTESIAN_POINT ( 'NONE',  ( 0.1353164693413185793, 0.07812499999999986122, -0.08194444444444529130 ) ) ;
#2774 = CARTESIAN_POINT ( 'NONE',  ( 0.3125000000000000000, 0.04460125890762776935, -0.4663050305791285322 ) ) ;
#2775 = CIRCLE ( 'NONE', #1679, 0.1662499999999999811 ) ;
#2776 = CARTESIAN_POINT ( 'NONE',  ( 0.06937764622754555299, -0.1201656081756482669, 0.08333333333333221848 ) ) ;
#2777 = EDGE_LOOP ( 'NONE', ( #2183, #1204, #1126, #1626 ) ) ;
#2778 = CARTESIAN_POINT ( 'NONE',  ( 0.1382598681261584805, -0.01711762680302898743, -0.02720341683312113915 ) ) ;
#2779 = CARTESIAN_POINT ( 'NONE',  ( 0.000000000000000000, 0.1201656081756482114, -0.2527777777777781010 ) ) ;
#2780 = CARTESIAN_POINT ( 'NONE',  ( 0.1353164693413184683, -0.07812500000000005551, -0.2916666666666667962 ) ) ;
#2781 = DATE_TIME_ROLE ( 'classification_date' ) ;
#2782 = EDGE_CURVE ( 'NONE', #1579, #2908, #1878, .T. ) ;
#2783 = CARTESIAN_POINT ( 'NONE',  ( -0.3125000000000000000, 0.1804219591217579577, -0.6250000000000000000 ) ) ;
#2784 = CARTESIAN_POINT ( 'NONE',  ( 0.1562500000000000000, -1.189494253588748598E-16, -0.2361111111111116323 ) ) ;
#2785 = CARTESIAN_POINT ( 'NONE',  ( -0.01464334541693694362, -0.3523895788252106587, -0.3126480791171058482 ) ) ;
#2786 = EDGE_CURVE ( 'NONE', #1769, #1579, #1534, .T. ) ;
#2787 = VERTEX_POINT ( 'NONE', #592 ) ;
#2788 = CARTESIAN_POINT ( 'NONE',  ( 0.1719603944757042702, -0.2615625382030141721, -0.4725344787923885237 ) ) ;
#2789 = CARTESIAN_POINT ( 'NONE',  ( 0.1353164693413184683, -0.07812500000000005551, 0.05972222222222111493 ) ) ;
#2790 = CARTESIAN_POINT ( 'NONE',  ( -0.3124999999999999445, -0.1420072380666933809, -0.3773095075851430336 ) ) ;
#2791 = CARTESIAN_POINT ( 'NONE',  ( -0.1548548827845652731, -0.02083333333335134901, -0.009999999999999953371 ) ) ;
#2792 = ORIENTED_EDGE ( 'NONE', *, *, #1413, .F. ) ;
#2793 = CARTESIAN_POINT ( 'NONE',  ( -5.740531871003217465E-17, -0.1562499999999999722, -0.3000000000000000999 ) ) ;
#2794 = AXIS2_PLACEMENT_3D ( 'NONE', #867, #1833, #1826 ) ;
#2795 = ORIENTED_EDGE ( 'NONE', *, *, #449, .T. ) ;
#2796 = LINE ( 'NONE', #2762, #1162 ) ;
#2797 = CARTESIAN_POINT ( 'NONE',  ( 0.1040664693413183434, -0.06008280408782415427, 0.03055555555555466637 ) ) ;
#2798 = ORIENTED_EDGE ( 'NONE', *, *, #82, .F. ) ;
#2799 = CARTESIAN_POINT ( 'NONE',  ( 0.1353164693413184683, -0.07812500000000005551, 0.1083333333333323656 ) ) ;
#2800 = APPROVAL_ROLE ( '' ) ;
#2801 = ORIENTED_EDGE ( 'NONE', *, *, #3046, .T. ) ;
#2802 = FACE_OUTER_BOUND ( 'NONE', #2527, .T. ) ;
#2803 = EDGE_CURVE ( 'NONE', #2155, #1706, #2996, .T. ) ;
#2804 = CARTESIAN_POINT ( 'NONE',  ( -0.09625275882871184296, 0.1169175218309888159, -0.01511642039415512020 ) ) ;
#2805 = CARTESIAN_POINT ( 'NONE',  ( 0.06937764622754545585, -0.1201656081756483224, -0.2736111111111114158 ) ) ;
#2806 = CARTESIAN_POINT ( 'NONE',  ( 0.1353164693413180242, -0.07812500000000081879, -0.1402777777777784729 ) ) ;
#2807 = CYLINDRICAL_SURFACE ( 'NONE', #67, 0.1562499999999999722 ) ;
#2808 = EDGE_CURVE ( 'NONE', #1980, #1187, #1116, .T. ) ;
#2809 = ORIENTED_EDGE ( 'NONE', *, *, #2052, .F. ) ;
#2810 = CARTESIAN_POINT ( 'NONE',  ( -0.1562500000000000000, -0.04186706131736278591, -0.3588782011741853406 ) ) ;
#2811 = CARTESIAN_POINT ( 'NONE',  ( 0.09021097956087896497, -0.1562500000000000000, 0.005555555555554525342 ) ) ;
#2812 = DIRECTION ( 'NONE',  ( 0.000000000000000000, 0.000000000000000000, 1.000000000000000000 ) ) ;
#2813 = CARTESIAN_POINT ( 'NONE',  ( -0.3125000000000000000, -0.06126955702261840941, -0.4594714362215194803 ) ) ;
#2814 = CARTESIAN_POINT ( 'NONE',  ( -0.06937764622754542809, 0.1201656081756483224, -0.2416666666666670849 ) ) ;
#2815 = AXIS2_PLACEMENT_3D ( 'NONE', #528, #1001, #494 ) ;
#2816 = VERTEX_POINT ( 'NONE', #1047 ) ;
#2817 = CARTESIAN_POINT ( 'NONE',  ( -0.06937764622754556687, 0.1201656081756481975, 0.1013888888888878487 ) ) ;
#2818 = VERTEX_POINT ( 'NONE', #1261 ) ;
#2819 = CARTESIAN_POINT ( 'NONE',  ( -0.09021097956087906211, -0.1562499999999999445, -0.05416666666666734853 ) ) ;
#2820 = CARTESIAN_POINT ( 'NONE',  ( 0.1241785909246082842, 0.07410297989880704206, -0.3750000000000009992 ) ) ;
#2821 = FACE_OUTER_BOUND ( 'NONE', #688, .T. ) ;
#2822 = DIRECTION ( 'NONE',  ( 0.000000000000000000, 0.000000000000000000, 1.000000000000000000 ) ) ;
#2823 = APPLICATION_CONTEXT ( 'configuration controlled 3d designs of mechanical parts and assemblies' ) ;
#2824 = CARTESIAN_POINT ( 'NONE',  ( 0.1201656081756482253, 4.574977898418263246E-18, -0.3652777777777778123 ) ) ;
#2825 = ORIENTED_EDGE ( 'NONE', *, *, #1845, .F. ) ;
#2826 = CARTESIAN_POINT ( 'NONE',  ( 0.3053449729252926681, -0.1845529159293994859, -0.2813777321611319326 ) ) ;
#2827 = CARTESIAN_POINT ( 'NONE',  ( -0.1562500000000000000, -3.751481876702976385E-16, -0.06111111111111194177 ) ) ;
#2828 = CARTESIAN_POINT ( 'NONE',  ( 0.09021097956087872904, -0.1562500000000001110, -0.1458333333333337589 ) ) ;
#2829 = EDGE_CURVE ( 'NONE', #2536, #2731, #1822, .T. ) ;
#2830 = ORIENTED_EDGE ( 'NONE', *, *, #3085, .F. ) ;
#2831 = CARTESIAN_POINT ( 'NONE',  ( -0.1353164693413183295, 0.07812500000000027756, -0.1666666666666670737 ) ) ;
#2832 = ORIENTED_EDGE ( 'NONE', *, *, #449, .F. ) ;
#2833 = CARTESIAN_POINT ( 'NONE',  ( -0.06937764622754562238, -0.1201656081756481559, 0.01805555555555466568 ) ) ;
#2834 = ORIENTED_EDGE ( 'NONE', *, *, #1137, .F. ) ;
#2835 = CARTESIAN_POINT ( 'NONE',  ( -0.1353164693413185238, 0.07812500000000000000, 0.08333333333333242665 ) ) ;
#2836 = ORIENTED_EDGE ( 'NONE', *, *, #1961, .F. ) ;
#2837 = CARTESIAN_POINT ( 'NONE',  ( 0.1369394512453390167, 0.03095816048506352253, -0.3750000000000001665 ) ) ;
#2838 = CARTESIAN_POINT ( 'NONE',  ( 0.1040664693413182740, -0.06008280408782429999, -0.2694444444444447084 ) ) ;
#2839 = DIRECTION ( 'NONE',  ( -0.000000000000000000, -0.000000000000000000, 1.000000000000000000 ) ) ;
#2840 = ORIENTED_EDGE ( 'NONE', *, *, #599, .T. ) ;
#2841 = CARTESIAN_POINT ( 'NONE',  ( -0.2791304938367803468, 0.1996878524878175909, -0.3775247577442575331 ) ) ;
#2842 = DIRECTION ( 'NONE',  ( 1.000000000000000000, 0.000000000000000000, 0.000000000000000000 ) ) ;
#2843 = CARTESIAN_POINT ( 'NONE',  ( -0.06937764622754569177, -0.1201656081756481559, -0.1319444444444450304 ) ) ;
#2844 = CARTESIAN_POINT ( 'NONE',  ( 0.1353164693413183850, -0.07812500000000019429, -0.2916666666666667962 ) ) ;
#2845 = ORIENTED_EDGE ( 'NONE', *, *, #1137, .T. ) ;
#2846 = EDGE_CURVE ( 'NONE', #1187, #1259, #2512, .T. ) ;
#2847 = CARTESIAN_POINT ( 'NONE',  ( -0.1040664693413183711, 0.06008280408782411958, -0.09444444444444509423 ) ) ;
#2848 = VECTOR ( 'NONE', #439, 39.37007874015748143 ) ;
#2849 = ORIENTED_EDGE ( 'NONE', *, *, #2651, .T. ) ;
#2850 = CARTESIAN_POINT ( 'NONE',  ( -0.1353164693413185238, 0.07812500000000000000, 0.03333333333333247939 ) ) ;
#2851 = ORIENTED_EDGE ( 'NONE', *, *, #1218, .T. ) ;
#2852 = AXIS2_PLACEMENT_3D ( 'NONE', #122, #340, #1571 ) ;
#2853 = CARTESIAN_POINT ( 'NONE',  ( 0.1562499999999999722, -1.280993811557113647E-16, -0.2875000000000001443 ) ) ;
#2854 = CARTESIAN_POINT ( 'NONE',  ( 0.000000000000000000, 0.000000000000000000, -0.3437500000000000000 ) ) ;
#2855 = CARTESIAN_POINT ( 'NONE',  ( -0.1201656081756482253, 1.532617595970118149E-16, -0.08333333333333409199 ) ) ;
#2856 = LINE ( 'NONE', #464, #556 ) ;
#2857 = CARTESIAN_POINT ( 'NONE',  ( -0.1562499999999999722, 1.913510623667738847E-17, -0.3749999999999999445 ) ) ;
#2858 = EDGE_LOOP ( 'NONE', ( #1065, #2748, #102, #206, #159, #1228, #2504, #1774 ) ) ;
#2859 = CARTESIAN_POINT ( 'NONE',  ( -0.1201656081756482253, 1.097994695620383179E-16, -0.2902777777777780233 ) ) ;
#2860 = DIRECTION ( 'NONE',  ( -0.000000000000000000, -0.000000000000000000, 1.000000000000000000 ) ) ;
#2861 = ORIENTED_EDGE ( 'NONE', *, *, #880, .T. ) ;
#2862 = CARTESIAN_POINT ( 'NONE',  ( -0.06937764622754563626, -0.1201656081756481836, 0.1249999999999987371 ) ) ;
#2863 = B_SPLINE_CURVE_WITH_KNOTS ( 'NONE', 3,
 ( #146, #847, #3038, #1185, #899, #1096, #2160, #1363, #2318, #2774, #253, #1593, #3071, #659 ),
 .UNSPECIFIED., .F., .F.,
 ( 4, 2, 2, 2, 2, 2, 4 ),
 ( 0.02280353953442522744, 0.02416550841814806352, 0.02552747730187090308, 0.02620846174373232113, 0.02688944618559374264, 0.02757043062745516068, 0.02825141506931658220 ),
 .UNSPECIFIED. ) ;
#2864 = ORIENTED_EDGE ( 'NONE', *, *, #3023, .F. ) ;
#2865 = DIRECTION ( 'NONE',  ( 1.000000000000000000, 0.000000000000000000, 0.000000000000000000 ) ) ;
#2866 = CARTESIAN_POINT ( 'NONE',  ( 0.1387552924550911615, -2.548893371548234348E-17, -0.01527777777777863076 ) ) ;
#2867 = CARTESIAN_POINT ( 'NONE',  ( -0.09021097956087899272, 0.1562499999999999722, -0.02083333333333404341 ) ) ;
#2868 = ORIENTED_EDGE ( 'NONE', *, *, #3026, .T. ) ;
#2869 = ADVANCED_FACE ( 'NONE', ( #1800 ), #1083, .F. ) ;
#2870 = CARTESIAN_POINT ( 'NONE',  ( 0.1128729588643863913, 0.09356114665475347147, -0.3749999999999996114 ) ) ;
#2871 = CARTESIAN_POINT ( 'NONE',  ( -0.1238468539712040267, -2.900535987597178124E-15, -0.04240314602879570460 ) ) ;
#2872 = DIRECTION ( 'NONE',  ( 0.000000000000000000, 0.000000000000000000, 1.000000000000000000 ) ) ;
#2873 = DIMENSIONAL_EXPONENTS ( 1.000000000000000000, 0.000000000000000000, 0.000000000000000000, 0.000000000000000000, 0.000000000000000000, 0.000000000000000000, 0.000000000000000000 ) ;
#2874 = CYLINDRICAL_SURFACE ( 'NONE', #2524, 0.1201656081756482253 ) ;
#2875 = CARTESIAN_POINT ( 'NONE',  ( 0.2898455925416631995, 0.1935014873661602963, -0.3437500000000000000 ) ) ;
#2876 = ORIENTED_EDGE ( 'NONE', *, *, #1691, .T. ) ;
#2877 = CARTESIAN_POINT ( 'NONE',  ( -0.2968750000000000000, 3.635670184968705258E-17, -0.01041666666666683262 ) ) ;
#2878 = CARTESIAN_POINT ( 'NONE',  ( 0.09021097956087896497, -0.1562500000000000000, 0.1055555555555543340 ) ) ;
#2879 = VERTEX_POINT ( 'NONE', #578 ) ;
#2880 = CARTESIAN_POINT ( 'NONE',  ( -0.2353561268177413457, -0.2249609950698653882, -0.4403932529849463040 ) ) ;
#2881 = CYLINDRICAL_SURFACE ( 'NONE', #1, 0.1562499999999999722 ) ;
#2882 =( BOUNDED_CURVE ( )  B_SPLINE_CURVE ( 2, ( #1188, #689, #955, #1867, #1379, #1399, #2333, #2387, #3105 ),
 .UNSPECIFIED., .F., .F. ) 
 B_SPLINE_CURVE_WITH_KNOTS ( ( 3, 2, 2, 2, 3 ),
 ( 0.3409090909090909394, 0.3484848484848485084, 0.3636363636363636465, 0.3787878787878787845, 0.3863636363636364091 ),
 .UNSPECIFIED. ) 
 CURVE ( )  GEOMETRIC_REPRESENTATION_ITEM ( )  RATIONAL_B_SPLINE_CURVE ( ( 0.9330127018922194093, 0.9330127018922196314, 1.000000000000000000, 0.8660254037844387076, 1.000000000000000000, 0.8660254037844387076, 1.000000000000000000, 0.9330127018922188542, 0.9330127018922194093 ) ) 
 REPRESENTATION_ITEM ( '' )  );
#2883 = ORIENTED_EDGE ( 'NONE', *, *, #2514, .T. ) ;
#2884 = CARTESIAN_POINT ( 'NONE',  ( 0.1353164693413185793, 0.07812499999999986122, -0.3819444444444446418 ) ) ;
#2885 = CIRCLE ( 'NONE', #656, 0.4828384111255082378 ) ;
#2886 = CARTESIAN_POINT ( 'NONE',  ( 0.06937764622754555299, -0.1201656081756482669, -0.3666666666666668628 ) ) ;
#2887 = VECTOR ( 'NONE', #99, 39.37007874015748143 ) ;
#2888 = CARTESIAN_POINT ( 'NONE',  ( 0.09021097956087957559, 0.1562499999999996392, -0.2291666666666669350 ) ) ;
#2889 = EDGE_CURVE ( 'NONE', #1134, #1398, #2051, .T. ) ;
#2890 = CARTESIAN_POINT ( 'NONE',  ( 0.06937764622754609423, 0.1201656081756479338, -0.1569444444444449693 ) ) ;
#2891 = CARTESIAN_POINT ( 'NONE',  ( 0.1562499999999999722, -1.280993811557113894E-16, -0.3361111111111113048 ) ) ;
#2892 = CARTESIAN_POINT ( 'NONE',  ( 0.1562499999999999445, 0.04186706131736269570, -0.08526709006307453542 ) ) ;
#2893 = ORIENTED_EDGE ( 'NONE', *, *, #2709, .T. ) ;
#2894 = CARTESIAN_POINT ( 'NONE',  ( -0.1180751703845175082, 0.2926731868374039536, -0.4664862652690784928 ) ) ;
#2895 = ADVANCED_FACE ( 'NONE', ( #1576 ), #815, .F. ) ;
#2896 = CARTESIAN_POINT ( 'NONE',  ( -0.1291234854014517985, 0.05986393273797358666, -0.02421562892140349810 ) ) ;
#2897 = VERTEX_POINT ( 'NONE', #359 ) ;
#2898 = CARTESIAN_POINT ( 'NONE',  ( -0.2853709012475401097, -0.1960849515893626493, -0.3611224150291337809 ) ) ;
#2899 = CYLINDRICAL_SURFACE ( 'NONE', #864, 0.2968750000000000000 ) ;
#2900 = CARTESIAN_POINT ( 'NONE',  ( 0.09021097956087910374, 0.1562499999999999167, -0.3777777777777779344 ) ) ;
#2901 = CARTESIAN_POINT ( 'NONE',  ( 0.06937764622754555299, -0.1201656081756482669, -0.1666666666666672680 ) ) ;
#2902 =( BOUNDED_CURVE ( )  B_SPLINE_CURVE ( 2, ( #2397, #238, #1412, #1184, #893, #3133, #2364, #950, #1925 ),
 .UNSPECIFIED., .F., .T. ) 
 B_SPLINE_CURVE_WITH_KNOTS ( ( 3, 2, 2, 2, 3 ),
 ( 0.5681818181818182323, 0.5757575757575758013, 0.5909090909090909394, 0.6060606060606060774, 0.6136363636363637575 ),
 .UNSPECIFIED. ) 
 CURVE ( )  GEOMETRIC_REPRESENTATION_ITEM ( )  RATIONAL_B_SPLINE_CURVE ( ( 0.9330127018922194093, 0.9330127018922198534, 1.000000000000000000, 0.8660254037844387076, 1.000000000000000000, 0.8660254037844387076, 1.000000000000000000, 0.9330127018922182991, 0.9330127018922192983 ) ) 
 REPRESENTATION_ITEM ( '' )  );
#2903 = DIRECTION ( 'NONE',  ( -0.000000000000000000, -0.000000000000000000, 1.000000000000000000 ) ) ;
#2904 = CARTESIAN_POINT ( 'NONE',  ( 0.3125000000000000000, -0.06098982946442462610, -0.4596097319845001694 ) ) ;
#2905 = FACE_OUTER_BOUND ( 'NONE', #654, .T. ) ;
#2906 = DIRECTION ( 'NONE',  ( 0.000000000000000000, 0.000000000000000000, 1.000000000000000000 ) ) ;
#2907 = VECTOR ( 'NONE', #89, 39.37007874015748143 ) ;
#2908 = VERTEX_POINT ( 'NONE', #1786 ) ;
#2909 = CARTESIAN_POINT ( 'NONE',  ( 0.2898455925416631995, 0.1935014873661602963, -0.3437500000000000000 ) ) ;
#2910 = DIRECTION ( 'NONE',  ( -0.000000000000000000, -0.000000000000000000, 1.000000000000000000 ) ) ;
#2911 = EDGE_CURVE ( 'NONE', #2711, #1962, #2291, .T. ) ;
#2912 = ORIENTED_EDGE ( 'NONE', *, *, #1011, .F. ) ;
#2913 = CARTESIAN_POINT ( 'NONE',  ( 0.1353164693413185793, 0.07812499999999986122, -0.3333333333333333703 ) ) ;
#2914 = CARTESIAN_POINT ( 'NONE',  ( -0.09643284804655617715, -0.3051683874651144879, -0.4554041651195593343 ) ) ;
#2915 = CARTESIAN_POINT ( 'NONE',  ( -0.05820289590621556541, 0.1400757961502004378, -0.3749999999999998890 ) ) ;
#2916 = CARTESIAN_POINT ( 'NONE',  ( 0.1804219591217580132, -3.314297621015333647E-17, -0.2361111111111116045 ) ) ;
#2917 = CARTESIAN_POINT ( 'NONE',  ( 0.1040664693413184405, 0.06008280408782402937, -0.3041666666666669738 ) ) ;
#2918 = ORIENTED_EDGE ( 'NONE', *, *, #2929, .T. ) ;
#2919 = CARTESIAN_POINT ( 'NONE',  ( 0.1248872604513450724, -0.05808223329789683614, -0.02878534626860095036 ) ) ;
#2920 = CARTESIAN_POINT ( 'NONE',  ( -0.1201656081756482253, -1.349618480033387557E-16, -0.1902777777777781287 ) ) ;
#2921 = DIRECTION ( 'NONE',  ( 0.000000000000000000, 0.000000000000000000, 1.000000000000000000 ) ) ;
#2922 = CARTESIAN_POINT ( 'NONE',  ( -8.038678933893842371E-16, -0.1562499999999999722, -0.09861111111111187100 ) ) ;
#2923 = DIRECTION ( 'NONE',  ( -0.000000000000000000, -0.000000000000000000, 1.000000000000000000 ) ) ;
#2924 = VERTEX_POINT ( 'NONE', #2743 ) ;
#2925 = CARTESIAN_POINT ( 'NONE',  ( -0.07714387318225862655, 0.3163048822954088179, -0.4403932529849464150 ) ) ;
#2926 = DIRECTION ( 'NONE',  ( -0.000000000000000000, -0.000000000000000000, 1.000000000000000000 ) ) ;
#2927 = ORIENTED_EDGE ( 'NONE', *, *, #471, .F. ) ;
#2928 = CARTESIAN_POINT ( 'NONE',  ( 0.2668924209391856928, -0.2067535071696062765, -0.4006115221084577960 ) ) ;
#2929 = EDGE_CURVE ( 'NONE', #2123, #370, #2590, .T. ) ;
#2930 = DIRECTION ( 'NONE',  ( 0.000000000000000000, -1.000000000000000000, 0.000000000000000000 ) ) ;
#2931 = CARTESIAN_POINT ( 'NONE',  ( 0.1562500000000000000, -1.189494253588748598E-16, -0.2361111111111116323 ) ) ;
#2932 = DIRECTION ( 'NONE',  ( -0.000000000000000000, -0.000000000000000000, 1.000000000000000000 ) ) ;
#2933 = CARTESIAN_POINT ( 'NONE',  ( -0.05306234767780065864, 0.1201656081756485167, -0.04959097154628677728 ) ) ;
#2934 = EDGE_LOOP ( 'NONE', ( #1484, #422, #712, #2698 ) ) ;
#2935 = CARTESIAN_POINT ( 'NONE',  ( 0.1353164693413185793, 0.07812499999999986122, -0.2819444444444448306 ) ) ;
#2936 = CARTESIAN_POINT ( 'NONE',  ( 0.06937764622754565014, 0.1201656081756481836, -0.3500000000000002554 ) ) ;
#2937 = VERTEX_POINT ( 'NONE', #1402 ) ;
#2938 = CARTESIAN_POINT ( 'NONE',  ( 0.1562499999999999722, 2.470488065145862245E-16, -0.2375000000000002109 ) ) ;
#2939 = CARTESIAN_POINT ( 'NONE',  ( 0.09021097956087861802, -0.1562500000000001665, -0.04444444444444534820 ) ) ;
#2940 = AXIS2_PLACEMENT_3D ( 'NONE', #909, #2822, #1395 ) ;
#2941 = CARTESIAN_POINT ( 'NONE',  ( -0.1040664693413186209, -0.06008280408782370324, -0.08611111111111180438 ) ) ;
#2942 = CARTESIAN_POINT ( 'NONE',  ( -0.1503349364905369467, 1.829991159367305298E-17, -0.01591506350946297887 ) ) ;
#2943 = AXIS2_PLACEMENT_3D ( 'NONE', #2407, #1950, #2865 ) ;
#2944 = EDGE_LOOP ( 'NONE', ( #2086, #1461, #482 ) ) ;
#2945 = CARTESIAN_POINT ( 'NONE',  ( 0.1177475517328452626, 0.2928623375541384299, -0.4663530632616332272 ) ) ;
#2946 = LINE ( 'NONE', #1437, #1376 ) ;
#2947 = AXIS2_PLACEMENT_3D ( 'NONE', #1605, #2768, #2586 ) ;
#2948 = FACE_OUTER_BOUND ( 'NONE', #552, .T. ) ;
#2949 = CARTESIAN_POINT ( 'NONE',  ( 0.1396962188765929758, -1.157469408299820510E-15, -0.02655378112340691515 ) ) ;
#2950 = CARTESIAN_POINT ( 'NONE',  ( 0.06937764622754555299, -0.1201656081756482669, -0.2166666666666671737 ) ) ;
#2951 = EDGE_CURVE ( 'NONE', #919, #2622, #2863, .T. ) ;
#2952 = FACE_OUTER_BOUND ( 'NONE', #2140, .T. ) ;
#2953 = CARTESIAN_POINT ( 'NONE',  ( -0.3125000000000000555, 0.03555229396091230676, -0.4690531852532639490 ) ) ;
#2954 = CARTESIAN_POINT ( 'NONE',  ( 0.06937764622754609423, 0.1201656081756479338, -0.1500000000000006606 ) ) ;
#2955 = CARTESIAN_POINT ( 'NONE',  ( 0.09021097956087974212, 0.1562499999999995282, -0.02916666666666733673 ) ) ;
#2956 = CARTESIAN_POINT ( 'NONE',  ( 0.1335350320280210557, 0.04774064173109460879, -0.02477027833587993472 ) ) ;
#2957 = DIRECTION ( 'NONE',  ( 0.000000000000000000, 0.000000000000000000, 1.000000000000000000 ) ) ;
#2958 = LINE ( 'NONE', #1017, #1008 ) ;
#2959 = AXIS2_PLACEMENT_3D ( 'NONE', #162, #403, #1851 ) ;
#2960 = CARTESIAN_POINT ( 'NONE',  ( 2.678914873134834324E-16, 0.1562499999999999722, -0.02500000000000068834 ) ) ;
#2961 = AXIS2_PLACEMENT_3D ( 'NONE', #1602, #2548, #1355 ) ;
#2962 = ORIENTED_EDGE ( 'NONE', *, *, #2444, .T. ) ;
#2963 = CARTESIAN_POINT ( 'NONE',  ( 0.2290759910266467192, 0.2285868331594013148, -0.4458946165099060277 ) ) ;
#2964 = CARTESIAN_POINT ( 'NONE',  ( -0.1201656081756482253, 1.097994695620383179E-16, -0.2902777777777780233 ) ) ;
#2965 = CARTESIAN_POINT ( 'NONE',  ( -0.1341617909003028353, -0.005142495091399667748, -0.3749999999999999445 ) ) ;
#2966 = CARTESIAN_POINT ( 'NONE',  ( 0.1387552924550911893, -2.548893371548234657E-17, -0.1083333333333340726 ) ) ;
#2967 = ORIENTED_EDGE ( 'NONE', *, *, #2405, .F. ) ;
#2968 = CARTESIAN_POINT ( 'NONE',  ( 0.1040664693413184405, 0.06008280408782401549, -0.1611111111111116212 ) ) ;
#2969 = CARTESIAN_POINT ( 'NONE',  ( -0.1353164693413185238, -0.07812499999999995837, -0.3583333333333333370 ) ) ;
#2970 = ADVANCED_FACE ( 'NONE', ( #1869 ), #1567, .T. ) ;
#2971 = FACE_OUTER_BOUND ( 'NONE', #752, .T. ) ;
#2972 = CARTESIAN_POINT ( 'NONE',  ( 0.04138126392525191821, 0.1405775223371902583, -0.02002511412511484568 ) ) ;
#2973 = LINE ( 'NONE', #558, #776 ) ;
#2974 = CARTESIAN_POINT ( 'NONE',  ( 0.000000000000000000, 0.000000000000000000, -0.3749999999999999445 ) ) ;
#2975 = CARTESIAN_POINT ( 'NONE',  ( 0.1201656081756482808, -0.03219827766865975688, -0.1675106877147043150 ) ) ;
#2976 = ORIENTED_EDGE ( 'NONE', *, *, #184, .T. ) ;
#2977 = CARTESIAN_POINT ( 'NONE',  ( 0.1040664693413182740, -0.06008280408782429999, -0.2625000000000003997 ) ) ;
#2978 = DESIGN_CONTEXT ( 'detailed design', #2823, 'design' ) ;
#2979 = CARTESIAN_POINT ( 'NONE',  ( -0.1201656081756482253, 1.471604274199026194E-17, -0.3749999999999999445 ) ) ;
#2980 = CARTESIAN_POINT ( 'NONE',  ( -0.1040664693413183989, -0.06008280408782408488, -0.07916666666666748176 ) ) ;
#2981 = ORIENTED_EDGE ( 'NONE', *, *, #503, .F. ) ;
#2982 = CARTESIAN_POINT ( 'NONE',  ( 0.1040664693413183434, -0.06008280408782415427, -0.3194444444444445863 ) ) ;
#2983 = CARTESIAN_POINT ( 'NONE',  ( -0.09021097956087899272, 0.1562499999999999722, -0.2708333333333334814 ) ) ;
#2984 = CARTESIAN_POINT ( 'NONE',  ( 0.000000000000000000, 0.000000000000000000, 0.000000000000000000 ) ) ;
#2985 = CARTESIAN_POINT ( 'NONE',  ( 0.1562500000000000000, -1.189494253588748598E-16, -0.2361111111111116323 ) ) ;
#2986 =( BOUNDED_CURVE ( )  B_SPLINE_CURVE ( 2, ( #1987, #983, #2412, #761, #1252, #2939, #296, #2691, #1718 ),
 .UNSPECIFIED., .F., .T. ) 
 B_SPLINE_CURVE_WITH_KNOTS ( ( 3, 2, 2, 2, 3 ),
 ( 0.6590909090909091717, 0.6666666666666666297, 0.6818181818181817677, 0.6969696969696970168, 0.7045454545454546968 ),
 .UNSPECIFIED. ) 
 CURVE ( )  GEOMETRIC_REPRESENTATION_ITEM ( )  RATIONAL_B_SPLINE_CURVE ( ( 0.9330127018922192983, 0.9330127018922202975, 1.000000000000000000, 0.8660254037844387076, 1.000000000000000000, 0.8660254037844387076, 1.000000000000000000, 0.9330127018922182991, 0.9330127018922192983 ) ) 
 REPRESENTATION_ITEM ( '' )  );
#2987 = DIRECTION ( 'NONE',  ( 0.000000000000000000, 0.000000000000000000, 1.000000000000000000 ) ) ;
#2988 = CARTESIAN_POINT ( 'NONE',  ( -0.1548548827845652731, -0.02083333333335134901, -0.009999999999999953371 ) ) ;
#2989 = AXIS2_PLACEMENT_3D ( 'NONE', #341, #1812, #879 ) ;
#2990 = CARTESIAN_POINT ( 'NONE',  ( 0.1040664693413182462, -0.06008280408782434856, -0.1694444444444449527 ) ) ;
#2991 = AXIS2_PLACEMENT_3D ( 'NONE', #1917, #2930, #261 ) ;
#2992 = EDGE_CURVE ( 'NONE', #765, #2155, #2213, .T. ) ;
#2993 = ORIENTED_EDGE ( 'NONE', *, *, #677, .T. ) ;
#2994 = CARTESIAN_POINT ( 'NONE',  ( 0.1562500000000000833, -0.04186706131736304265, -0.1883440210480377131 ) ) ;
#2995 = CARTESIAN_POINT ( 'NONE',  ( -0.1353164693413185238, -0.07812499999999995837, -0.1569444444444451081 ) ) ;
#2996 = LINE ( 'NONE', #1068, #2887 ) ;
#2997 = VECTOR ( 'NONE', #2654, 39.37007874015748143 ) ;
#2998 = CARTESIAN_POINT ( 'NONE',  ( 0.1040664693413183711, -0.06008280408782416121, -0.1125000000000007105 ) ) ;
#2999 = EDGE_LOOP ( 'NONE', ( #801, #1948, #514, #1436 ) ) ;
#3000 = CARTESIAN_POINT ( 'NONE',  ( 0.000000000000000000, 0.1201656081756482114, -0.3027777777777779789 ) ) ;
#3001 = CARTESIAN_POINT ( 'NONE',  ( -0.09021097956087906211, -0.1562499999999999445, -0.1041666666666672125 ) ) ;
#3002 = PERSON_AND_ORGANIZATION ( #2078, #1301 ) ;
#3003 = CARTESIAN_POINT ( 'NONE',  ( -0.1040664693413185932, -0.06008280408782377957, -0.2361111111111114658 ) ) ;
#3004 = CARTESIAN_POINT ( 'NONE',  ( -0.1353164693413183295, 0.07812500000000030531, -0.1166666666666671820 ) ) ;
#3005 = EDGE_LOOP ( 'NONE', ( #3018, #223, #1920, #749, #496, #2577 ) ) ;
#3006 = CYLINDRICAL_SURFACE ( 'NONE', #1789, 0.1201656081756482253 ) ;
#3007 = CARTESIAN_POINT ( 'NONE',  ( -1.913510623667738847E-17, -0.1562499999999999722, 0.05138888888888775569 ) ) ;
#3008 = CARTESIAN_POINT ( 'NONE',  ( 0.000000000000000000, 0.000000000000000000, -0.3437500000000000000 ) ) ;
#3009 = CARTESIAN_POINT ( 'NONE',  ( -0.1387552924550911893, 8.496311238494115008E-18, 0.01666666666666569152 ) ) ;
#3010 = ORIENTED_EDGE ( 'NONE', *, *, #2951, .T. ) ;
#3011 = CARTESIAN_POINT ( 'NONE',  ( -1.471604274199025886E-17, -0.1201656081756482114, -0.3777777777777778234 ) ) ;
#3012 = CARTESIAN_POINT ( 'NONE',  ( 0.09021097956087910374, 0.1562499999999999167, -0.2291666666666669350 ) ) ;
#3013 = CARTESIAN_POINT ( 'NONE',  ( -0.09021097956087899272, 0.1562499999999999722, -0.3708333333333332926 ) ) ;
#3014 = CYLINDRICAL_SURFACE ( 'NONE', #3097, 0.1562499999999999722 ) ;
#3015 = CARTESIAN_POINT ( 'NONE',  ( 0.1201656081756482114, 0.03219827766865947932, -0.1130448678408523533 ) ) ;
#3016 = CARTESIAN_POINT ( 'NONE',  ( -0.1353164693413188291, -0.07812499999999945877, -0.05833333333333398651 ) ) ;
#3017 = B_SPLINE_CURVE_WITH_KNOTS ( 'NONE', 3,
 ( #2384, #222, #1169, #1989 ),
 .UNSPECIFIED., .F., .F.,
 ( 4, 4 ),
 ( 2.067945329462245714E-07, 0.002472418784303528905 ),
 .UNSPECIFIED. ) ;
#3018 = ORIENTED_EDGE ( 'NONE', *, *, #3090, .T. ) ;
#3019 = CARTESIAN_POINT ( 'NONE',  ( 2.678914873134834324E-16, 0.1562499999999999722, -0.07361111111111193206 ) ) ;
#3020 = CARTESIAN_POINT ( 'NONE',  ( -0.09021097956087899272, 0.1562499999999999722, -0.06944444444444529407 ) ) ;
#3021 =( BOUNDED_CURVE ( )  B_SPLINE_CURVE ( 2, ( #3073, #408, #2372, #1366, #2793, #164, #2844, #2557, #675 ),
 .UNSPECIFIED., .F., .T. ) 
 B_SPLINE_CURVE_WITH_KNOTS ( ( 3, 2, 2, 2, 3 ),
 ( 0.1136363636363636465, 0.1212121212121212155, 0.1363636363636363535, 0.1515151515151515194, 0.1590909090909090884 ),
 .UNSPECIFIED. ) 
 CURVE ( )  GEOMETRIC_REPRESENTATION_ITEM ( )  RATIONAL_B_SPLINE_CURVE ( ( 0.9330127018922194093, 0.9330127018922194093, 1.000000000000000000, 0.8660254037844387076, 1.000000000000000000, 0.8660254037844387076, 1.000000000000000000, 0.9330127018922194093, 0.9330127018922194093 ) ) 
 REPRESENTATION_ITEM ( '' )  );
#3022 = CIRCLE ( 'NONE', #2661, 0.3072916666666665186 ) ;
#3023 = EDGE_CURVE ( 'NONE', #1692, #2662, #404, .T. ) ;
#3024 = CARTESIAN_POINT ( 'NONE',  ( -1.471604274199026194E-17, -0.1201656081756482253, 0.07916666666666549723 ) ) ;
#3025 = ORIENTED_EDGE ( 'NONE', *, *, #2534, .F. ) ;
#3026 = EDGE_CURVE ( 'NONE', #3056, #2308, #1460, .T. ) ;
#3027 = CARTESIAN_POINT ( 'NONE',  ( -0.06937764622754562238, -0.1201656081756481559, -0.1819444444444449083 ) ) ;
#3028 = CARTESIAN_POINT ( 'NONE',  ( 0.1353164693413184683, -0.07812500000000005551, -0.1916666666666670404 ) ) ;
#3029 = CYLINDRICAL_SURFACE ( 'NONE', #2193, 0.1201656081756482253 ) ;
#3030 = FACE_BOUND ( 'NONE', #168, .T. ) ;
#3031 = CARTESIAN_POINT ( 'NONE',  ( -0.1201656081756482392, -1.692741822414757355E-16, -0.2402777777777780621 ) ) ;
#3032 = CARTESIAN_POINT ( 'NONE',  ( -0.1201656081756482253, 0.03219827766865984708, -0.2855662432702597009 ) ) ;
#3033 = CARTESIAN_POINT ( 'NONE',  ( -0.09021097956087809067, 0.1562500000000004718, -0.02083333333333404341 ) ) ;
#3034 = ORIENTED_EDGE ( 'NONE', *, *, #2170, .F. ) ;
#3035 = DIRECTION ( 'NONE',  ( -0.000000000000000000, -0.000000000000000000, -1.000000000000000000 ) ) ;
#3036 = AXIS2_PLACEMENT_3D ( 'NONE', #2634, #1435, #2164 ) ;
#3037 = CARTESIAN_POINT ( 'NONE',  ( 0.1804219591217580132, -3.314297621015333647E-17, -0.03611111111111205835 ) ) ;
#3038 = CARTESIAN_POINT ( 'NONE',  ( 0.3124999999999999445, 0.1420072380666934919, -0.3773095075851429780 ) ) ;
#3039 = AXIS2_PLACEMENT_3D ( 'NONE', #1733, #2217, #2674 ) ;
#3040 = CARTESIAN_POINT ( 'NONE',  ( 0.1387552924550911893, -2.548893371548234657E-17, 0.1416666666666654140 ) ) ;
#3041 = EDGE_CURVE ( 'NONE', #2601, #696, #1895, .T. ) ;
#3042 = ORIENTED_EDGE ( 'NONE', *, *, #69, .T. ) ;
#3043 = DIRECTION ( 'NONE',  ( 0.000000000000000000, 0.000000000000000000, 1.000000000000000000 ) ) ;
#3044 = CARTESIAN_POINT ( 'NONE',  ( -0.06937764622754556687, 0.1201656081756481975, 0.05138888888888789447 ) ) ;
#3045 = CARTESIAN_POINT ( 'NONE',  ( 0.1353164693413184683, -0.07812500000000005551, 0.008333333333332538714 ) ) ;
#3046 = EDGE_CURVE ( 'NONE', #2536, #1409, #2295, .T. ) ;
#3047 = CARTESIAN_POINT ( 'NONE',  ( 0.3125000000000000000, 0.1804219591217580965, -0.2499999999991835142 ) ) ;
#3048 = CARTESIAN_POINT ( 'NONE',  ( -0.1353164693413188013, -0.07812499999999948652, -0.1083333333333338644 ) ) ;
#3049 = CARTESIAN_POINT ( 'NONE',  ( 1.765925129038831187E-16, 0.1201656081756482253, -0.1027777777777784118 ) ) ;
#3050 = CARTESIAN_POINT ( 'NONE',  ( 0.1562499999999999722, 0.000000000000000000, -0.3749999999999999445 ) ) ;
#3051 = ORIENTED_EDGE ( 'NONE', *, *, #2245, .F. ) ;
#3052 = FACE_OUTER_BOUND ( 'NONE', #910, .T. ) ;
#3053 = CARTESIAN_POINT ( 'NONE',  ( -0.1804219591217580132, 1.104765873671777625E-17, -0.1611111111111117600 ) ) ;
#3054 = FACE_OUTER_BOUND ( 'NONE', #1887, .T. ) ;
#3055 = CARTESIAN_POINT ( 'NONE',  ( -0.3124999999999999445, -0.06923701495873713085, -0.4553148026143359339 ) ) ;
#3056 = VERTEX_POINT ( 'NONE', #15 ) ;
#3057 = CARTESIAN_POINT ( 'NONE',  ( -0.09021097956087875680, 0.1562500000000001110, -0.1708333333333337256 ) ) ;
#3058 = VECTOR ( 'NONE', #1050, 39.37007874015748143 ) ;
#3059 = B_SPLINE_CURVE_WITH_KNOTS ( 'NONE', 3,
 ( #3067, #203, #652, #718 ),
 .UNSPECIFIED., .F., .F.,
 ( 4, 4 ),
 ( 0.02453024661732692777, 0.02505568478317535958 ),
 .UNSPECIFIED. ) ;
#3060 = ORIENTED_EDGE ( 'NONE', *, *, #2687, .T. ) ;
#3061 = CARTESIAN_POINT ( 'NONE',  ( -0.1662499999999999811, 2.035975303582474513E-17, 0.000000000000000000 ) ) ;
#3062 = CARTESIAN_POINT ( 'NONE',  ( -1.471604274199025886E-17, -0.1201656081756482114, 0.1222222222222211357 ) ) ;
#3063 = CARTESIAN_POINT ( 'NONE',  ( 0.1353164693413185793, 0.07812499999999986122, 0.06666666666666577756 ) ) ;
#3064 = CARTESIAN_POINT ( 'NONE',  ( 0.03336950616321927160, 0.3415780248774562544, -0.3775247577442577551 ) ) ;
#3065 = DIRECTION ( 'NONE',  ( -0.000000000000000000, -0.000000000000000000, -1.000000000000000000 ) ) ;
#3066 = EDGE_CURVE ( 'NONE', #2071, #1438, #1754, .T. ) ;
#3067 = CARTESIAN_POINT ( 'NONE',  ( -0.1555455837819820497, 1.829991159367305298E-17, -0.01070441621801787417 ) ) ;
#3068 = ORIENTED_EDGE ( 'NONE', *, *, #3041, .F. ) ;
#3069 = CARTESIAN_POINT ( 'NONE',  ( -0.3125000000000000000, 0.1804219591217579577, -0.2500000000000006661 ) ) ;
#3070 = CARTESIAN_POINT ( 'NONE',  ( 0.02855146659315242752, 0.1536192574366250507, -0.3749999999999998335 ) ) ;
#3071 = CARTESIAN_POINT ( 'NONE',  ( 0.3125000000000000555, 0.009091812933143631273, -0.4734552021282327772 ) ) ;
#3072 =( BOUNDED_CURVE ( )  B_SPLINE_CURVE ( 2, ( #1526, #1253, #775, #2954, #1974, #1747, #327, #1270, #2233 ),
 .UNSPECIFIED., .F., .T. ) 
 B_SPLINE_CURVE_WITH_KNOTS ( ( 3, 2, 2, 2, 3 ),
 ( 0.4318181818181818787, 0.4393939393939393923, 0.4545454545454545303, 0.4696969696969697239, 0.4772727272727273484 ),
 .UNSPECIFIED. ) 
 CURVE ( )  GEOMETRIC_REPRESENTATION_ITEM ( )  RATIONAL_B_SPLINE_CURVE ( ( 0.9330127018922194093, 0.9330127018922198534, 1.000000000000000000, 0.8660254037844387076, 1.000000000000000000, 0.8660254037844387076, 1.000000000000000000, 0.9330127018922188542, 0.9330127018922194093 ) ) 
 REPRESENTATION_ITEM ( '' )  );
#3073 = CARTESIAN_POINT ( 'NONE',  ( -0.1562499999999999722, 7.777462427311046439E-17, -0.3125000000000000555 ) ) ;
#3074 = CARTESIAN_POINT ( 'NONE',  ( -0.1562499999999999445, -0.04186706131736275122, -0.2588782011741854738 ) ) ;
#3075 = CC_DESIGN_APPROVAL ( #2418, ( #1190 ) ) ;
#3076 = DIRECTION ( 'NONE',  ( -0.000000000000000000, -0.000000000000000000, 1.000000000000000000 ) ) ;
#3077 = CARTESIAN_POINT ( 'NONE',  ( 0.1040664693413184405, 0.06008280408782401549, 0.1388888888888877016 ) ) ;
#3078 = CARTESIAN_POINT ( 'NONE',  ( -0.09021097956087899272, 0.1562499999999999722, -0.07083333333333395598 ) ) ;
#3079 = EDGE_LOOP ( 'NONE', ( #2688, #64, #667, #2851 ) ) ;
#3080 = CARTESIAN_POINT ( 'NONE',  ( 0.1562500000000000000, 4.346229003497350438E-16, -0.03750000000000063005 ) ) ;
#3081 = CARTESIAN_POINT ( 'NONE',  ( -0.1036935404645485392, 0.1108247568378637193, -0.01478734462773924341 ) ) ;
#3082 = FACE_OUTER_BOUND ( 'NONE', #2376, .T. ) ;
#3083 = CARTESIAN_POINT ( 'NONE',  ( -0.1201656081756482392, -1.692741822414757355E-16, -0.2333333333333337256 ) ) ;
#3084 = CARTESIAN_POINT ( 'NONE',  ( 0.000000000000000000, 0.000000000000000000, -0.3749999999999999445 ) ) ;
#3085 = EDGE_CURVE ( 'NONE', #1312, #275, #1249, .T. ) ;
#3086 = VERTEX_POINT ( 'NONE', #2203 ) ;
#3087 = CARTESIAN_POINT ( 'NONE',  ( 0.1562500000000000000, -1.189494253588748598E-16, -0.1875000000000003608 ) ) ;
#3088 = CARTESIAN_POINT ( 'NONE',  ( -0.05908708105754020834, 0.1157135267063378048, -0.03663447425395925661 ) ) ;
#3089 = CARTESIAN_POINT ( 'NONE',  ( 0.3125000000000000000, -0.1804219591217580965, -0.02083333333333335993 ) ) ;
#3090 = EDGE_CURVE ( 'NONE', #665, #725, #2692, .T. ) ;
#3091 = EDGE_LOOP ( 'NONE', ( #2419, #1896, #2432, #280 ) ) ;
#3092 = CARTESIAN_POINT ( 'NONE',  ( -0.1201656081756482392, -1.692741822414757355E-16, -0.2333333333333337256 ) ) ;
#3093 = AXIS2_PLACEMENT_3D ( 'NONE', #533, #1275, #1206 ) ;
#3094 = ORIENTED_EDGE ( 'NONE', *, *, #2551, .F. ) ;
#3095 = CARTESIAN_POINT ( 'NONE',  ( -1.398496342903347996E-16, 0.3608439182435160264, -0.2500000000000008882 ) ) ;
#3096 = CARTESIAN_POINT ( 'NONE',  ( 0.1040664693413184405, 0.06008280408782401549, 0.03888888888888795969 ) ) ;
#3097 = AXIS2_PLACEMENT_3D ( 'NONE', #1842, #1939, #716 ) ;
#3098 = ORIENTED_EDGE ( 'NONE', *, *, #225, .F. ) ;
#3099 = CARTESIAN_POINT ( 'NONE',  ( 0.09021097956087896497, -0.1562500000000000000, 0.1041666666666657137 ) ) ;
#3100 = CARTESIAN_POINT ( 'NONE',  ( 0.1353164693413191344, 0.07812499999999893141, -0.03194444444444535097 ) ) ;
#3101 = CARTESIAN_POINT ( 'NONE',  ( 0.1562499999999999722, 2.470488065145862245E-16, -0.2861111111111114269 ) ) ;
#3102 = CARTESIAN_POINT ( 'NONE',  ( -0.1201656081756482808, 0.03219827766865999974, -0.1425106877147043483 ) ) ;
#3103 = AXIS2_PLACEMENT_3D ( 'NONE', #2658, #2903, #2640 ) ;
#3104 = VERTEX_POINT ( 'NONE', #271 ) ;
#3105 = CARTESIAN_POINT ( 'NONE',  ( -0.1201656081756482253, -1.349618480033387557E-16, -0.1833333333333338477 ) ) ;
#3106 = CARTESIAN_POINT ( 'NONE',  ( -0.1238468539712040267, -2.900535987597178124E-15, -0.04240314602879570460 ) ) ;
#3107 = EDGE_CURVE ( 'NONE', #410, #2645, #3022, .T. ) ;
#3108 = CARTESIAN_POINT ( 'NONE',  ( -0.09021097956087885394, 0.1562500000000000278, -0.2708333333333334814 ) ) ;
#3109 = VERTEX_POINT ( 'NONE', #1942 ) ;
#3110 =( BOUNDED_CURVE ( )  B_SPLINE_CURVE ( 2, ( #478, #2641, #13, #2673, #2458 ),
 .UNSPECIFIED., .F., .T. ) 
 B_SPLINE_CURVE_WITH_KNOTS ( ( 3, 2, 3 ),
 ( 0.6136363636363637575, 0.6212121212121212155, 0.6358439850866532961 ),
 .UNSPECIFIED. ) 
 CURVE ( )  GEOMETRIC_REPRESENTATION_ITEM ( )  RATIONAL_B_SPLINE_CURVE ( ( 0.9330127018922192983, 0.9330127018922202975, 1.000000000000000000, 0.8706203284048813495, 0.9911253348740730607 ) ) 
 REPRESENTATION_ITEM ( '' )  );
#3111 = CARTESIAN_POINT ( 'NONE',  ( 0.1040664693413184405, 0.06008280408782401549, 0.08888888888888783757 ) ) ;
#3112 = CARTESIAN_POINT ( 'NONE',  ( 0.09021097956087910374, 0.1562499999999999167, 0.1208333333333322934 ) ) ;
#3113 = VECTOR ( 'NONE', #187, 39.37007874015748143 ) ;
#3114 = CARTESIAN_POINT ( 'NONE',  ( 0.3125000000000000000, 0.1542629026329531694, -0.3437500000000023315 ) ) ;
#3115 = CARTESIAN_POINT ( 'NONE',  ( -0.1562499999999999722, 2.287488949209131469E-17, -0.3625000000000000444 ) ) ;
#3116 = DIRECTION ( 'NONE',  ( -0.000000000000000000, -0.000000000000000000, 1.000000000000000000 ) ) ;
#3117 = CARTESIAN_POINT ( 'NONE',  ( 0.09021097956087957559, 0.1562499999999996392, -0.2777777777777781787 ) ) ;
#3118 = CARTESIAN_POINT ( 'NONE',  ( 0.1353164693413190789, 0.07812499999999900080, -0.08333333333333392545 ) ) ;
#3119 = ORIENTED_EDGE ( 'NONE', *, *, #2534, .T. ) ;
#3120 = CARTESIAN_POINT ( 'NONE',  ( 0.2978566545830625412, -0.1888762985400636307, -0.3126480791171055706 ) ) ;
#3121 = CARTESIAN_POINT ( 'NONE',  ( -0.02265440745833625924, -0.3477643899991139653, -0.3437500000000000555 ) ) ;
#3122 = ORIENTED_EDGE ( 'NONE', *, *, #810, .F. ) ;
#3123 = LINE ( 'NONE', #1007, #709 ) ;
#3124 = ADVANCED_FACE ( 'NONE', ( #1988 ), #2443, .F. ) ;
#3125 = ORIENTED_EDGE ( 'NONE', *, *, #2846, .F. ) ;
#3126 = FACE_OUTER_BOUND ( 'NONE', #3005, .T. ) ;
#3127 = CARTESIAN_POINT ( 'NONE',  ( -1.913510623667738847E-17, -0.1562499999999999722, -0.3986111111111112493 ) ) ;
#3128 = CARTESIAN_POINT ( 'NONE',  ( -0.06937764622754563626, -0.1201656081756481836, -0.1750000000000005718 ) ) ;
#3129 =( BOUNDED_CURVE ( )  B_SPLINE_CURVE ( 2, ( #1630, #2584, #3048, #463, #1615, #202, #921, #2111, #2126 ),
 .UNSPECIFIED., .F., .T. ) 
 B_SPLINE_CURVE_WITH_KNOTS ( ( 3, 2, 2, 2, 3 ),
 ( 0.4772727272727273484, 0.4848484848484848619, 0.5000000000000000000, 0.5151515151515151381, 0.5227272727272728181 ),
 .UNSPECIFIED. ) 
 CURVE ( )  GEOMETRIC_REPRESENTATION_ITEM ( )  RATIONAL_B_SPLINE_CURVE ( ( 0.9330127018922194093, 0.9330127018922198534, 1.000000000000000000, 0.8660254037844387076, 1.000000000000000000, 0.8660254037844387076, 1.000000000000000000, 0.9330127018922182991, 0.9330127018922192983 ) ) 
 REPRESENTATION_ITEM ( '' )  );
#3130 = EDGE_CURVE ( 'NONE', #2908, #2879, #3072, .T. ) ;
#3131 = CARTESIAN_POINT ( 'NONE',  ( -0.1184817746462949739, -0.04268310187530578032, -0.04060750569956769751 ) ) ;
#3132 = CARTESIAN_POINT ( 'NONE',  ( -0.1387552924550911615, 8.496311238494113468E-18, -0.3902777777777777235 ) ) ;
#3133 = CARTESIAN_POINT ( 'NONE',  ( 0.06937764622754531707, -0.1201656081756483641, -0.06666666666666748453 ) ) ;
#3134 = CARTESIAN_POINT ( 'NONE',  ( -0.1353164693413183017, 0.07812500000000037470, -0.01666666666666739849 ) ) ;
#3135 = CARTESIAN_POINT ( 'NONE',  ( 0.000000000000000000, 0.000000000000000000, -0.2500000000000000000 ) ) ;
#3136 = CARTESIAN_POINT ( 'NONE',  ( 0.3125000000000000000, 0.1635098119773980840, -0.3126597403743278658 ) ) ;
#3137 = ORIENTED_EDGE ( 'NONE', *, *, #2479, .T. ) ;
#3138 = CARTESIAN_POINT ( 'NONE',  ( 0.1562499999999999722, -1.280993811557113894E-16, -0.3361111111111113048 ) ) ;
#3139 = CARTESIAN_POINT ( 'NONE',  ( 0.1201656081756482253, 1.829991159367305175E-16, -0.2583333333333337478 ) ) ;
ENDSEC;
END-ISO-10303-21;
