ISO-10303-21;
HEADER;
FILE_DESCRIPTION (( 'STEP AP203' ),
    '1' );
FILE_NAME ('90098A115_Extra-Wide Thin Nylon-Insert Locknut_90098A115_sldprt.STEP',
    '2026-08-23T00:51:08',
    ( '' ),
    ( '' ),
    'SwSTEP 2.0',
    'SolidWorks 2025',
    '' );
FILE_SCHEMA (( 'CONFIG_CONTROL_DESIGN' ));
ENDSEC;

DATA;
#1 = AXIS2_PLACEMENT_3D ( 'NONE', #2020, #2186, #2008 ) ;
#2 = CARTESIAN_POINT ( 'NONE',  ( -0.1024017745394249918, -0.001396891824340051663, -0.06239895556267361504 ) ) ;
#3 = ORIENTED_EDGE ( 'NONE', *, *, #297, .T. ) ;
#4 = PERSON ( 'UNSPECIFIED', 'UNSPECIFIED', 'UNSPECIFIED', ('UNSPECIFIED'), ('UNSPECIFIED'), ('UNSPECIFIED') ) ;
#5 = CARTESIAN_POINT ( 'NONE',  ( 0.04967067124657179034, -0.1458333333330828763, 0.1199156081756489745 ) ) ;
#6 = CARTESIAN_POINT ( 'NONE',  ( 0.000000000000000000, 0.05768749999999999573, 0.000000000000000000 ) ) ;
#7 = B_SPLINE_CURVE_WITH_KNOTS ( 'NONE', 3,
 ( #984, #1780, #2165, #1195, #201, #1416, #255, #1461 ),
 .UNSPECIFIED., .F., .F.,
 ( 4, 2, 2, 4 ),
 ( 0.01352753422761908235, 0.01455966418179661936, 0.01559179413597415811, 0.01765605404432923214 ),
 .UNSPECIFIED. ) ;
#8 = CIRCLE ( 'NONE', #1334, 0.1559999999999998610 ) ;
#9 = CARTESIAN_POINT ( 'NONE',  ( -0.1199156081756489051, -0.003472222220777352632, 9.844610012481234172E-17 ) ) ;
#10 = AXIS2_PLACEMENT_3D ( 'NONE', #2438, #1883, #2070 ) ;
#11 = CARTESIAN_POINT ( 'NONE',  ( 0.1642550105831034057, -0.1562500000000000833, -0.2299268518432648623 ) ) ;
#12 = CARTESIAN_POINT ( 'NONE',  ( -0.08479313971111035464, -0.05902777777683289318, -0.08479313971111024362 ) ) ;
#13 = EDGE_CURVE ( 'NONE', #801, #1552, #2552, .T. ) ;
#14 = AXIS2_PLACEMENT_3D ( 'NONE', #1632, #467, #2024 ) ;
#15 = CARTESIAN_POINT ( 'NONE',  ( -0.08628977192800763030, -0.1346588198490683841, 0.1285410315645774959 ) ) ;
#16 = EDGE_LOOP ( 'NONE', ( #2344, #311, #1070, #1606, #2155, #1452 ) ) ;
#17 = CARTESIAN_POINT ( 'NONE',  ( -0.04967067124657185972, -0.1805555555555273806, -0.1199156081756488357 ) ) ;
#18 = AXIS2_PLACEMENT_3D ( 'NONE', #482, #1861, #1287 ) ;
#19 = CARTESIAN_POINT ( 'NONE',  ( 3.370840314653085012E-17, 0.05468749999999916733, 0.2752499999999993285 ) ) ;
#20 = CARTESIAN_POINT ( 'NONE',  ( 0.08479313971111035464, -0.1423611111108328831, 0.08479313971111039627 ) ) ;
#21 = VERTEX_POINT ( 'NONE', #1555 ) ;
#22 = FACE_OUTER_BOUND ( 'NONE', #483, .T. ) ;
#23 = CARTESIAN_POINT ( 'NONE',  ( 0.08479313971111035464, 0.1284722222247226542, 0.08479313971111039627 ) ) ;
#24 = CARTESIAN_POINT ( 'NONE',  ( -0.1124349510446009531, -0.1996527777777215018, -0.1124349510446008282 ) ) ;
#25 = CARTESIAN_POINT ( 'NONE',  ( 0.08479313971111035464, -0.09374999999927734196, 0.08479313971111039627 ) ) ;
#26 = PERSON_AND_ORGANIZATION ( #4, #1286 ) ;
#27 = VECTOR ( 'NONE', #343, 39.37007874015748143 ) ;
#28 = CARTESIAN_POINT ( 'NONE',  ( -0.1061804069079652912, -0.1082596754666544370, -0.07178445971833170847 ) ) ;
#29 = ORIENTED_EDGE ( 'NONE', *, *, #2416, .F. ) ;
#30 = ADVANCED_FACE ( 'NONE', ( #598, #2329 ), #572, .T. ) ;
#31 = CARTESIAN_POINT ( 'NONE',  ( 0.04967067124657179034, -0.1527777777775273516, 0.1199156081756489745 ) ) ;
#32 = CARTESIAN_POINT ( 'NONE',  ( -0.1330152780782081212, 0.01473540314225328315, 0.03025803314346437942 ) ) ;
#33 = CARTESIAN_POINT ( 'NONE',  ( -0.2812500000000000555, 0.1562499999999999722, -0.1623797632095823340 ) ) ;
#34 = DIRECTION ( 'NONE',  ( 0.000000000000000000, 1.365805589135462096E-15, -1.000000000000000000 ) ) ;
#35 = CARTESIAN_POINT ( 'NONE',  ( -0.08479313971111034076, 0.1145833333357226536, 0.08479313971111042403 ) ) ;
#36 = CARTESIAN_POINT ( 'NONE',  ( 0.000000000000000000, -0.1359611746280462719, 0.000000000000000000 ) ) ;
#37 = DIRECTION ( 'NONE',  ( 0.000000000000000000, 0.000000000000000000, 1.000000000000000000 ) ) ;
#38 = DIRECTION ( 'NONE',  ( 0.000000000000000000, -1.000000000000000000, 0.000000000000000000 ) ) ;
#39 = ORIENTED_EDGE ( 'NONE', *, *, #1894, .T. ) ;
#40 = B_SPLINE_CURVE_WITH_KNOTS ( 'NONE', 3,
 ( #2022, #2253, #1074, #1471, #658, #863, #99, #294, #2424, #1500, #671, #1459, #306, #1294, #851, #2241, #267, #888, #903, #1086, #501, #2037, #280, #1693, #2439, #73, #1678, #2412, #1485, #1448, #1641, #85, #113, #1063 ),
 .UNSPECIFIED., .F., .F.,
 ( 4, 2, 2, 2, 2, 2, 2, 2, 2, 2, 2, 2, 2, 2, 2, 2, 4 ),
 ( 0.004175555277822309494, 0.004853287025822037616, 0.005531018773821764871, 0.006208750521821492993, 0.006886482269821220248, 0.007564214017820947503, 0.008241945765820676492, 0.008919677513820403747, 0.009597409261820132736, 0.01027514100981985826, 0.01095287275781958725, 0.01163060450581931624, 0.01230833625381904349, 0.01298606800181877075, 0.01366379974981849627, 0.01434153149781822352, 0.01501926324581794904 ),
 .UNSPECIFIED. ) ;
#41 = CARTESIAN_POINT ( 'NONE',  ( -0.1406250000000000833, -0.1562499999999999722, 0.2435696448143734316 ) ) ;
#42 = CARTESIAN_POINT ( 'NONE',  ( -0.09890792382717360220, 0.02780282256380635364, 0.1120316830458011892 ) ) ;
#43 = PLANE ( 'NONE',  #592 ) ;
#44 = CARTESIAN_POINT ( 'NONE',  ( -0.2580967541911886598, 0.04063205749684836721, 0.1757472959099132259 ) ) ;
#45 = CARTESIAN_POINT ( 'NONE',  ( 0.1124349510446009254, -0.2135416666667215302, -0.1124349510446008699 ) ) ;
#46 = CARTESIAN_POINT ( 'NONE',  ( -0.06586286943717235831, -0.09548611111063874668, -0.1590070326520295341 ) ) ;
#47 = COORDINATED_UNIVERSAL_TIME_OFFSET ( 8, 0, .BEHIND. ) ;
#48 = VECTOR ( 'NONE', #884, 39.37007874015748143 ) ;
#49 = EDGE_LOOP ( 'NONE', ( #1002, #3 ) ) ;
#50 = CIRCLE ( 'NONE', #1589, 0.1759999999999999343 ) ;
#51 = CARTESIAN_POINT ( 'NONE',  ( -0.2812500000000000555, 0.03439867462804650083, -0.1623797632095822230 ) ) ;
#52 = ORIENTED_EDGE ( 'NONE', *, *, #791, .T. ) ;
#53 = DIRECTION ( 'NONE',  ( 0.000000000000000000, 0.7071067811865462405, 0.7071067811865486830 ) ) ;
#54 = CARTESIAN_POINT ( 'NONE',  ( 1.910449006669868930E-17, -0.1284722222220000820, 0.1559999999999999165 ) ) ;
#55 = EDGE_CURVE ( 'NONE', #520, #2118, #1340, .T. ) ;
#56 = VECTOR ( 'NONE', #2271, 39.37007874015748854 ) ;
#57 = CARTESIAN_POINT ( 'NONE',  ( -0.04967067124657185972, -0.1736111111110829053, -0.1199156081756488357 ) ) ;
#58 = LINE ( 'NONE', #305, #507 ) ;
#59 = EDGE_CURVE ( 'NONE', #2433, #338, #7, .T. ) ;
#60 = CARTESIAN_POINT ( 'NONE',  ( 0.1169949894168965249, 0.05468749999999992367, -0.2572124377854818622 ) ) ;
#61 = CARTESIAN_POINT ( 'NONE',  ( 1.947274535792267634E-17, -0.1788194444442215425, 0.1590070326520297006 ) ) ;
#62 = CARTESIAN_POINT ( 'NONE',  ( 0.1590070326520296451, -0.1163194444441387199, 0.06586286943717231668 ) ) ;
#63 = DIRECTION ( 'NONE',  ( 0.000000000000000000, -1.000000000000000000, 0.000000000000000000 ) ) ;
#64 = CARTESIAN_POINT ( 'NONE',  ( -0.08178256270451461640, -0.1098783583460978680, -0.1013738356554870629 ) ) ;
#65 = ORIENTED_EDGE ( 'NONE', *, *, #1441, .T. ) ;
#66 = VECTOR ( 'NONE', #1008, 39.37007874015748143 ) ;
#67 = CARTESIAN_POINT ( 'NONE',  ( 0.06267763175855364799, -0.1288782278076521237, 0.1350844492183385093 ) ) ;
#68 = ORIENTED_EDGE ( 'NONE', *, *, #209, .F. ) ;
#69 = FACE_OUTER_BOUND ( 'NONE', #626, .T. ) ;
#70 = APPROVAL ( #649, 'UNSPECIFIED' ) ;
#71 = CARTESIAN_POINT ( 'NONE',  ( 0.1199156081756489051, -0.08333333333258287345, 0.04967067124657185279 ) ) ;
#72 = CARTESIAN_POINT ( 'NONE',  ( 0.000000000000000000, -0.1359611746280462719, 0.000000000000000000 ) ) ;
#73 = CARTESIAN_POINT ( 'NONE',  ( 0.08948533252543379446, 0.01984152822229761151, -0.1095279271218592559 ) ) ;
#74 = CARTESIAN_POINT ( 'NONE',  ( -3.894549071584535268E-17, -0.09548611111022151099, -0.1590070326520295618 ) ) ;
#75 = CARTESIAN_POINT ( 'NONE',  ( -0.06586286943717220566, -0.1857638888891387230, 0.1590070326520297284 ) ) ;
#76 = CARTESIAN_POINT ( 'NONE',  ( -0.1559999999999998610, -0.07986111111011015562, 1.050746953668428821E-16 ) ) ;
#77 = VERTEX_POINT ( 'NONE', #2229 ) ;
#78 = CARTESIAN_POINT ( 'NONE',  ( 0.1559999999999998610, -0.05555555555436014759, 0.06461731573020283725 ) ) ;
#79 = ORIENTED_EDGE ( 'NONE', *, *, #2156, .T. ) ;
#80 = CARTESIAN_POINT ( 'NONE',  ( 0.002494752291080034896, -0.1010084853764380564, 0.1207584853764378241 ) ) ;
#81 = DESIGN_CONTEXT ( 'detailed design', #1390, 'design' ) ;
#82 = CARTESIAN_POINT ( 'NONE',  ( -0.08479313971111035464, -0.1145833333328328957, -0.08479313971111024362 ) ) ;
#83 = CYLINDRICAL_SURFACE ( 'NONE', #1336, 0.1559999999999998610 ) ;
#84 = CARTESIAN_POINT ( 'NONE',  ( 0.1590070326520296173, 0.1093750000021112834, 6.668158758783350223E-17 ) ) ;
#85 = CARTESIAN_POINT ( 'NONE',  ( 0.01780149077863177332, 0.02303592299736220358, -0.1435257961967845164 ) ) ;
#86 = CARTESIAN_POINT ( 'NONE',  ( 0.1124349510446009254, -0.1163194444437215119, 0.1124349510446009809 ) ) ;
#87 = DIRECTION ( 'NONE',  ( -0.000000000000000000, -1.000000000000000000, -0.000000000000000000 ) ) ;
#88 = ADVANCED_FACE ( 'NONE', ( #1656, #660 ), #854, .F. ) ;
#89 = CARTESIAN_POINT ( 'NONE',  ( -0.06461731573020274011, -0.06944444444336016209, 0.1559999999999999443 ) ) ;
#90 = ORIENTED_EDGE ( 'NONE', *, *, #2094, .T. ) ;
#91 = ADVANCED_FACE ( 'NONE', ( #1259 ), #673, .F. ) ;
#92 = AXIS2_PLACEMENT_3D ( 'NONE', #1112, #1926, #143 ) ;
#93 = CARTESIAN_POINT ( 'NONE',  ( -3.820898013339737860E-17, 0.01041666666799991037, -0.1559999999999997777 ) ) ;
#94 = ORIENTED_EDGE ( 'NONE', *, *, #475, .T. ) ;
#95 = CARTESIAN_POINT ( 'NONE',  ( -0.1406250000000000833, 0.05468749999999992367, -0.2435696448143734594 ) ) ;
#96 = CARTESIAN_POINT ( 'NONE',  ( -0.1199156081756488634, -0.2152777777780829349, 0.04967067124657192217 ) ) ;
#97 = CARTESIAN_POINT ( 'NONE',  ( -0.1199156081756488634, -0.04861111111008290658, 0.04967067124657192217 ) ) ;
#98 = CARTESIAN_POINT ( 'NONE',  ( 0.1406249999999999722, -0.1562499999999999722, -0.2435696448143735149 ) ) ;
#99 = CARTESIAN_POINT ( 'NONE',  ( 0.06870185962177770278, 0.009214452339233380682, 0.1113433116843914050 ) ) ;
#100 = CARTESIAN_POINT ( 'NONE',  ( 1.947274535792267634E-17, -0.01215277777622149509, 0.1590070326520297006 ) ) ;
#101 = CARTESIAN_POINT ( 'NONE',  ( -0.1590070326520295896, 0.02256944444586128640, -0.06586286943717220566 ) ) ;
#102 = CARTESIAN_POINT ( 'NONE',  ( 1.910449006669868930E-17, -0.01041666666511012473, 0.1559999999999999165 ) ) ;
#103 = CARTESIAN_POINT ( 'NONE',  ( -0.06024972162749856613, 0.03468750000006572132, 0.1438956950149290759 ) ) ;
#104 = ORIENTED_EDGE ( 'NONE', *, *, #1585, .F. ) ;
#105 = CARTESIAN_POINT ( 'NONE',  ( -0.2812500000000000555, 0.03439867462804650083, 0.1623797632095823340 ) ) ;
#106 = ADVANCED_FACE ( 'NONE', ( #1051 ), #2347, .T. ) ;
#107 = ORIENTED_EDGE ( 'NONE', *, *, #1972, .F. ) ;
#108 = CARTESIAN_POINT ( 'NONE',  ( -0.06023711248577030830, 0.02606056100464963776, -0.1350686305499073647 ) ) ;
#109 = CARTESIAN_POINT ( 'NONE',  ( -0.1590070326520296173, 0.1371527777801112569, 1.056270783036788549E-16 ) ) ;
#110 = AXIS2_PLACEMENT_3D ( 'NONE', #1965, #2538, #1352 ) ;
#111 = CARTESIAN_POINT ( 'NONE',  ( 0.08479313971111035464, -0.01736111110983290171, -0.08479313971111028525 ) ) ;
#112 = CARTESIAN_POINT ( 'NONE',  ( 0.06461731573020279562, -0.1180555555548601504, 0.1559999999999999165 ) ) ;
#113 = CARTESIAN_POINT ( 'NONE',  ( 0.008873093042143731513, 0.02337783573438933019, -0.1446903357343894136 ) ) ;
#114 = CARTESIAN_POINT ( 'NONE',  ( -3.894549071584535268E-17, -0.1510416666662215135, -0.1590070326520295618 ) ) ;
#115 = CARTESIAN_POINT ( 'NONE',  ( -3.894549071584535268E-17, 0.06770833333511128149, -0.1590070326520295618 ) ) ;
#116 = CARTESIAN_POINT ( 'NONE',  ( -0.1493917312019196197, -0.1311426358538796411, 0.02331939971660489802 ) ) ;
#117 = DIRECTION ( 'NONE',  ( 0.000000000000000000, 0.000000000000000000, -1.000000000000000000 ) ) ;
#118 = ORIENTED_EDGE ( 'NONE', *, *, #1514, .F. ) ;
#119 = LINE ( 'NONE', #1685, #1432 ) ;
#120 = ORIENTED_EDGE ( 'NONE', *, *, #209, .T. ) ;
#121 = CARTESIAN_POINT ( 'NONE',  ( 0.04967067124657179034, -0.06944444444358290058, -0.1199156081756488357 ) ) ;
#122 = CARTESIAN_POINT ( 'NONE',  ( 0.000000000000000000, 0.05468749999999992367, 0.000000000000000000 ) ) ;
#123 = ADVANCED_FACE ( 'NONE', ( #430 ), #2188, .T. ) ;
#124 = CARTESIAN_POINT ( 'NONE',  ( -7.021629106215890624E-17, -0.1359611746280462163, 0.3247595264191646125 ) ) ;
#125 = CARTESIAN_POINT ( 'NONE',  ( 0.1124349510446009254, -0.1024305555547215113, -0.1124349510446008699 ) ) ;
#126 = CARTESIAN_POINT ( 'NONE',  ( 0.1124349510446009254, -0.008680555554388727155, 0.1124349510446009809 ) ) ;
#127 = CARTESIAN_POINT ( 'NONE',  ( 0.1199156081756489051, -0.02777777777652734592, -0.04967067124657170707 ) ) ;
#128 = DIRECTION ( 'NONE',  ( 0.000000000000000000, 0.000000000000000000, -1.000000000000000000 ) ) ;
#129 = ORIENTED_EDGE ( 'NONE', *, *, #2202, .F. ) ;
#130 = CARTESIAN_POINT ( 'NONE',  ( -0.2812500000000000555, 0.03439867462804650083, 0.1623797632095823340 ) ) ;
#131 = CIRCLE ( 'NONE', #802, 0.1759999999999999065 ) ;
#132 = CARTESIAN_POINT ( 'NONE',  ( -0.1559999999999998610, -0.09027777777725010111, -0.06461731573020272623 ) ) ;
#133 = ADVANCED_FACE ( 'NONE', ( #1038 ), #800, .F. ) ;
#134 = CARTESIAN_POINT ( 'NONE',  ( 0.01857563842339629220, -0.1144611730931844318, -0.1332481526627050661 ) ) ;
#135 = FACE_OUTER_BOUND ( 'NONE', #2044, .T. ) ;
#136 = EDGE_CURVE ( 'NONE', #1245, #2122, #464, .T. ) ;
#137 = CARTESIAN_POINT ( 'NONE',  ( -0.08479313971111034076, 0.003472222223722660258, 0.08479313971111042403 ) ) ;
#138 = CARTESIAN_POINT ( 'NONE',  ( -0.04967067124657176952, -0.04861111111002734686, 0.1199156081756490300 ) ) ;
#139 = VERTEX_POINT ( 'NONE', #891 ) ;
#140 = CARTESIAN_POINT ( 'NONE',  ( -0.2812500000000000555, 0.04032253347307404590, 0.1357566014369323837 ) ) ;
#141 = ORIENTED_EDGE ( 'NONE', *, *, #197, .F. ) ;
#142 = CARTESIAN_POINT ( 'NONE',  ( -0.1199156081756488773, -0.1666666666665828911, -0.04967067124657172789 ) ) ;
#143 = DIRECTION ( 'NONE',  ( 0.000000000000000000, -0.000000000000000000, 1.000000000000000000 ) ) ;
#144 = CIRCLE ( 'NONE', #735, 0.1559999999999998610 ) ;
#145 = CARTESIAN_POINT ( 'NONE',  ( 0.04647877810835097240, -0.1473234727880170791, -0.2979249913667031402 ) ) ;
#146 = CARTESIAN_POINT ( 'NONE',  ( 0.2812499999999997780, 0.03439867462804650083, 0.1623797632095827226 ) ) ;
#147 = CARTESIAN_POINT ( 'NONE',  ( 0.06586286943717226117, -0.01215277777663871343, 0.1590070326520296728 ) ) ;
#148 = CARTESIAN_POINT ( 'NONE',  ( 1.468542657201166138E-17, -0.04513888888777734670, 0.1199156081756489745 ) ) ;
#149 = CARTESIAN_POINT ( 'NONE',  ( 0.04967067124657179034, -0.04166666666552733267, 0.1199156081756489745 ) ) ;
#150 = ORIENTED_EDGE ( 'NONE', *, *, #2384, .T. ) ;
#151 = CARTESIAN_POINT ( 'NONE',  ( -0.2812500000000000555, -0.1359611746280462719, -0.1623797632095822230 ) ) ;
#152 = CARTESIAN_POINT ( 'NONE',  ( -0.1210479129784844815, -0.1065332916599027874, -0.03654418980955008445 ) ) ;
#153 = ORIENTED_EDGE ( 'NONE', *, *, #1280, .T. ) ;
#154 = DIRECTION ( 'NONE',  ( 0.000000000000000000, 0.000000000000000000, -1.000000000000000000 ) ) ;
#155 = ORIENTED_EDGE ( 'NONE', *, *, #1122, .F. ) ;
#156 = CARTESIAN_POINT ( 'NONE',  ( 0.1138110727707770525, -0.1190555516181374673, -0.08000118349965069930 ) ) ;
#157 = CARTESIAN_POINT ( 'NONE',  ( -0.1199156081756488773, 1.417111998613415628E-12, -0.04967067124657172789 ) ) ;
#158 = LOCAL_TIME ( 17, 51, 8.000000000000000000, #1427 ) ;
#159 = CARTESIAN_POINT ( 'NONE',  ( 0.000000000000000000, 0.2062499999999998501, -6.829619984160658046E-17 ) ) ;
#160 = CARTESIAN_POINT ( 'NONE',  ( -0.1199156081756488773, -0.1180555555550273500, -0.04967067124657172789 ) ) ;
#161 = CARTESIAN_POINT ( 'NONE',  ( -0.1199156081756488912, -0.002469398964316913466, 0.01434554043542339737 ) ) ;
#162 = CARTESIAN_POINT ( 'NONE',  ( -0.1486291003582504988, 0.03423046528574223701, 0.04750404237327814777 ) ) ;
#163 = CARTESIAN_POINT ( 'NONE',  ( -0.1243419765873168409, -0.1056687171214409637, -0.01759866751052867329 ) ) ;
#164 = ORIENTED_EDGE ( 'NONE', *, *, #665, .T. ) ;
#165 = EDGE_CURVE ( 'NONE', #2456, #2031, #630, .T. ) ;
#166 = DIRECTION ( 'NONE',  ( -0.000000000000000000, -1.000000000000000000, -0.000000000000000000 ) ) ;
#167 = CIRCLE ( 'NONE', #1089, 0.2812499999999999445 ) ;
#168 = CARTESIAN_POINT ( 'NONE',  ( 0.1346598690845690061, -0.1246080026817050351, 0.05284093818100562417 ) ) ;
#169 = CARTESIAN_POINT ( 'NONE',  ( -0.06461731573020287889, -0.03472222222086015359, -0.1559999999999997500 ) ) ;
#170 = CARTESIAN_POINT ( 'NONE',  ( 0.1590070326520296451, 0.05381944444652846798, 0.06586286943717231668 ) ) ;
#171 = CARTESIAN_POINT ( 'NONE',  ( 0.04967067124657179034, -0.04166666666552733267, 0.1199156081756489745 ) ) ;
#172 = CARTESIAN_POINT ( 'NONE',  ( 1.468542657201166138E-17, -0.2118055555557773195, 0.1199156081756489745 ) ) ;
#173 = CARTESIAN_POINT ( 'NONE',  ( 0.1199156081756489051, -0.09027777777702734874, 0.04967067124657183891 ) ) ;
#174 = CARTESIAN_POINT ( 'NONE',  ( -0.1205322359221595446, -0.1362500000000000377, 0.09903524677408971633 ) ) ;
#175 = CARTESIAN_POINT ( 'NONE',  ( 0.08479313971111035464, -0.01736111110983290171, -0.08479313971111028525 ) ) ;
#176 = ORIENTED_EDGE ( 'NONE', *, *, #165, .F. ) ;
#177 = CARTESIAN_POINT ( 'NONE',  ( -0.08479313971111034076, 0.1215277777801671150, 0.08479313971111042403 ) ) ;
#178 = ADVANCED_FACE ( 'NONE', ( #1605, #1202 ), #803, .T. ) ;
#179 = CARTESIAN_POINT ( 'NONE',  ( -0.04647877810835109730, 0.04576097278801703749, -0.2979249913667031402 ) ) ;
#180 = EDGE_LOOP ( 'NONE', ( #785, #1412, #1622, #1757, #2181, #741, #222, #2053, #1673, #615, #1715, #486, #759 ) ) ;
#181 = DIRECTION ( 'NONE',  ( -0.000000000000000000, -1.000000000000000000, -0.000000000000000000 ) ) ;
#182 = CARTESIAN_POINT ( 'NONE',  ( 0.1199156081756489051, 0.02777777777941709686, 0.04967067124657185279 ) ) ;
#183 = CARTESIAN_POINT ( 'NONE',  ( 1.910449006669868930E-17, -0.01736111111000009088, 0.1559999999999999165 ) ) ;
#184 = AXIS2_PLACEMENT_3D ( 'NONE', #819, #2377, #2399 ) ;
#185 = CARTESIAN_POINT ( 'NONE',  ( 0.000000000000000000, 0.1562499999999999722, -0.1747200000000000697 ) ) ;
#186 = CARTESIAN_POINT ( 'NONE',  ( -0.04967067124657185972, -0.01388888888752735570, -0.1199156081756488357 ) ) ;
#187 = CONICAL_SURFACE ( 'NONE', #2535, 0.3247595264191645570, 1.134464013796312454 ) ;
#188 = DIRECTION ( 'NONE',  ( 0.000000000000000000, 1.000000000000000000, 0.000000000000000000 ) ) ;
#189 = CARTESIAN_POINT ( 'NONE',  ( 0.000000000000000000, 0.05468749999999992367, 0.000000000000000000 ) ) ;
#190 = CARTESIAN_POINT ( 'NONE',  ( -0.08479313971111034076, -0.04513888888783288561, 0.08479313971111042403 ) ) ;
#191 = CARTESIAN_POINT ( 'NONE',  ( -2.937085314402332276E-17, -0.01041666666533289098, -0.1199156081756488357 ) ) ;
#192 = VERTEX_POINT ( 'NONE', #2374 ) ;
#193 = CARTESIAN_POINT ( 'NONE',  ( -0.04967067124657176952, -0.1597222222220273657, 0.1199156081756490300 ) ) ;
#194 = CARTESIAN_POINT ( 'NONE',  ( 1.910449006669868930E-17, 0.05768749999999999573, 0.1559999999999998610 ) ) ;
#195 = CARTESIAN_POINT ( 'NONE',  ( 0.08479313971111035464, -0.1979166666668328856, 0.08479313971111039627 ) ) ;
#196 = CARTESIAN_POINT ( 'NONE',  ( -3.820898013339737860E-17, -0.04513888888800009214, -0.1559999999999997777 ) ) ;
#197 = EDGE_CURVE ( 'NONE', #1300, #471, #2512, .T. ) ;
#198 = AXIS2_PLACEMENT_3D ( 'NONE', #189, #1182, #985 ) ;
#199 = FACE_OUTER_BOUND ( 'NONE', #896, .T. ) ;
#200 = CARTESIAN_POINT ( 'NONE',  ( 0.08479313971111035464, 0.07291666666872265168, 0.08479313971111039627 ) ) ;
#201 = CARTESIAN_POINT ( 'NONE',  ( 0.2812499999999997780, -0.1490771396884040534, 0.09518414543397324401 ) ) ;
#202 = CARTESIAN_POINT ( 'NONE',  ( 0.000000000000000000, -0.1359611746280462719, 0.000000000000000000 ) ) ;
#203 = CARTESIAN_POINT ( 'NONE',  ( -0.08479313971111034076, -0.1006944444438328812, 0.08479313971111042403 ) ) ;
#204 = CARTESIAN_POINT ( 'NONE',  ( -0.006373375244150344607, -0.1134548891482952959, -0.1332048891482952857 ) ) ;
#205 = ORIENTED_EDGE ( 'NONE', *, *, #2547, .F. ) ;
#206 = CARTESIAN_POINT ( 'NONE',  ( -0.1199156081756488634, 0.1180555555579171217, 0.04967067124657192217 ) ) ;
#207 = CARTESIAN_POINT ( 'NONE',  ( -0.1329491659889611710, 0.01164291523509879828, 0.01006193449130322014 ) ) ;
#208 = ORIENTED_EDGE ( 'NONE', *, *, #2298, .F. ) ;
#209 = EDGE_CURVE ( 'NONE', #1302, #1722, #1000, .T. ) ;
#210 = CARTESIAN_POINT ( 'NONE',  ( -0.1007667195516719072, -0.1184275920684203232, 0.09503400732725557354 ) ) ;
#211 = ORIENTED_EDGE ( 'NONE', *, *, #1626, .T. ) ;
#212 = CARTESIAN_POINT ( 'NONE',  ( 1.910449006669868930E-17, -0.01736111111000009088, 0.1559999999999999165 ) ) ;
#213 = AXIS2_PLACEMENT_3D ( 'NONE', #1327, #1937, #562 ) ;
#214 = DIRECTION ( 'NONE',  ( -0.000000000000000000, -1.000000000000000000, -1.365805589135462294E-15 ) ) ;
#215 = EDGE_CURVE ( 'NONE', #2248, #2027, #425, .T. ) ;
#216 = CARTESIAN_POINT ( 'NONE',  ( 0.1590070326520296451, -0.2170138888889715234, -0.06586286943717217790 ) ) ;
#217 = AXIS2_PLACEMENT_3D ( 'NONE', #876, #670, #1483 ) ;
#218 = CARTESIAN_POINT ( 'NONE',  ( 0.08479313971111035464, -0.03819444444327734639, 0.08479313971111039627 ) ) ;
#219 =( LENGTH_UNIT ( ) NAMED_UNIT ( * ) SI_UNIT ( $, .METRE. ) );
#220 = AXIS2_PLACEMENT_3D ( 'NONE', #230, #1826, #2204 ) ;
#221 = DIRECTION ( 'NONE',  ( 0.000000000000000000, 0.000000000000000000, -1.000000000000000000 ) ) ;
#222 = ORIENTED_EDGE ( 'NONE', *, *, #136, .F. ) ;
#223 = CARTESIAN_POINT ( 'NONE',  ( -0.1199156081756489051, 0.1145833333356671008, 9.844610012481234172E-17 ) ) ;
#224 = B_SPLINE_CURVE_WITH_KNOTS ( 'NONE', 3,
 ( #1138, #1372, #555, #2478, #927, #1724 ),
 .UNSPECIFIED., .F., .F.,
 ( 4, 2, 4 ),
 ( 0.004149601148886655766, 0.006206140113828782084, 0.008262679078770908403 ),
 .UNSPECIFIED. ) ;
#225 = CARTESIAN_POINT ( 'NONE',  ( -0.1165317137998981428, -0.001396891824351134161, 0.02828626456417286661 ) ) ;
#226 = CARTESIAN_POINT ( 'NONE',  ( -0.08479313971111034076, -0.2118055555558328862, 0.08479313971111042403 ) ) ;
#227 = APPROVAL ( #1039, 'UNSPECIFIED' ) ;
#228 = DIRECTION ( 'NONE',  ( 0.000000000000000000, 1.364683375581604766E-15, -1.000000000000000000 ) ) ;
#229 = CARTESIAN_POINT ( 'NONE',  ( 0.1199156081756489051, 0.02430555555722266337, 6.907524698078900663E-17 ) ) ;
#230 = CARTESIAN_POINT ( 'NONE',  ( 0.2812499999999997780, 0.1562499999999999722, 0.1623797632095825838 ) ) ;
#231 = AXIS2_PLACEMENT_3D ( 'NONE', #2393, #1370, #872 ) ;
#232 = DIRECTION ( 'NONE',  ( 0.000000000000000000, 0.000000000000000000, -1.000000000000000000 ) ) ;
#233 = VERTEX_POINT ( 'NONE', #1996 ) ;
#234 = CARTESIAN_POINT ( 'NONE',  ( 0.01848727012048105925, -0.1306542366654520060, 0.1495548701586602025 ) ) ;
#235 = CARTESIAN_POINT ( 'NONE',  ( -0.07704767838768301902, 0.03193138411683466710, 0.1328366582022567632 ) ) ;
#236 = CARTESIAN_POINT ( 'NONE',  ( 0.1199156081756489051, -0.1354166666663328689, 6.907524698078900663E-17 ) ) ;
#237 = CARTESIAN_POINT ( 'NONE',  ( -0.1559999999999998610, 0.02083333333474991084, -0.06461731573020272623 ) ) ;
#238 = CARTESIAN_POINT ( 'NONE',  ( 1.468542657201166138E-17, 0.1215277777802226677, 0.1199156081756489745 ) ) ;
#239 = CARTESIAN_POINT ( 'NONE',  ( -0.1124349510446009531, -0.2552083333337215043, -0.1124349510446008282 ) ) ;
#240 = CARTESIAN_POINT ( 'NONE',  ( 0.06586286943717226117, -0.1024305555551387192, -0.1590070326520295618 ) ) ;
#241 = PERSON_AND_ORGANIZATION ( #4, #1286 ) ;
#242 = FACE_OUTER_BOUND ( 'NONE', #1104, .T. ) ;
#243 = ADVANCED_FACE ( 'NONE', ( #1446 ), #1244, .F. ) ;
#244 = ORIENTED_EDGE ( 'NONE', *, *, #490, .F. ) ;
#245 =( GEOMETRIC_REPRESENTATION_CONTEXT ( 3 ) GLOBAL_UNCERTAINTY_ASSIGNED_CONTEXT ( ( #2509 ) ) GLOBAL_UNIT_ASSIGNED_CONTEXT ( ( #431, #1633, #2216 ) ) REPRESENTATION_CONTEXT ( 'NONE', 'WORKASPACE' ) );
#246 = CARTESIAN_POINT ( 'NONE',  ( -3.820898013339737860E-17, -0.03819444444311013986, -0.1559999999999997777 ) ) ;
#247 = ADVANCED_FACE ( 'NONE', ( #790, #1024 ), #1608, .F. ) ;
#248 = CARTESIAN_POINT ( 'NONE',  ( -3.268794930668926202E-17, -0.1137086810231649758, -0.1334586810231646603 ) ) ;
#249 = B_SPLINE_CURVE_WITH_KNOTS ( 'NONE', 3,
 ( #397, #1984, #235, #1970, #42, #1212, #826, #2373, #2383, #1223, #32, #207, #1786, #1809, #1798, #2006, #990, #2 ),
 .UNSPECIFIED., .F., .F.,
 ( 4, 2, 2, 2, 2, 2, 2, 2, 4 ),
 ( 0.000000000000000000, 0.0007690562496932355470, 0.001538112499386471094, 0.002307168749079706749, 0.003076224998772942188, 0.003845281248466178060, 0.004614337498159414366, 0.005383393747852650672, 0.006152449997545886978 ),
 .UNSPECIFIED. ) ;
#250 = CARTESIAN_POINT ( 'NONE',  ( -0.01929125355848700443, -0.1045897443730764570, 0.1232086176370993935 ) ) ;
#251 = CARTESIAN_POINT ( 'NONE',  ( -0.1559999999999998055, 0.03290075199809401607, 0.03072014292387844139 ) ) ;
#252 = CARTESIAN_POINT ( 'NONE',  ( 0.1124349510446009254, 0.1024305555576112692, 0.1124349510446009809 ) ) ;
#253 = CYLINDRICAL_SURFACE ( 'NONE', #2208, 0.1559999999999997777 ) ;
#254 = CARTESIAN_POINT ( 'NONE',  ( -0.1590070326520295896, -0.1892361111109714944, 0.06586286943717239994 ) ) ;
#255 = CARTESIAN_POINT ( 'NONE',  ( 0.2812499999999997224, -0.1562500000000001110, 0.02715792923785391444 ) ) ;
#256 = APPROVAL_ROLE ( '' ) ;
#257 = VECTOR ( 'NONE', #526, 39.37007874015748143 ) ;
#258 = AXIS2_PLACEMENT_3D ( 'NONE', #1476, #2258, #1899 ) ;
#259 = DIRECTION ( 'NONE',  ( 0.000000000000000000, 1.364683375581604766E-15, -1.000000000000000000 ) ) ;
#260 = EDGE_LOOP ( 'NONE', ( #29, #1852, #1477 ) ) ;
#261 = CC_DESIGN_PERSON_AND_ORGANIZATION_ASSIGNMENT ( #688, #2269, ( #1035 ) ) ;
#262 = CARTESIAN_POINT ( 'NONE',  ( 0.03669569792164538435, -0.1299544778106029308, 0.1454367916599946242 ) ) ;
#263 = ORIENTED_EDGE ( 'NONE', *, *, #1247, .T. ) ;
#264 = CARTESIAN_POINT ( 'NONE',  ( 1.910449006669868930E-17, -0.07291666666600009339, 0.1559999999999999165 ) ) ;
#265 = ADVANCED_FACE ( 'NONE', ( #1193 ), #995, .F. ) ;
#266 = CARTESIAN_POINT ( 'NONE',  ( 0.1199156081756489051, -0.02083333333208289492, -0.04967067124657170707 ) ) ;
#267 = CARTESIAN_POINT ( 'NONE',  ( 0.1364063495482982780, 0.01481523304156619723, 0.002023450100941401059 ) ) ;
#268 = CARTESIAN_POINT ( 'NONE',  ( -0.1124349510446009531, 0.02256944444627850127, -0.1124349510446008282 ) ) ;
#269 = DIRECTION ( 'NONE',  ( 0.000000000000000000, 0.000000000000000000, 1.000000000000000000 ) ) ;
#270 = PERSON_AND_ORGANIZATION ( #4, #1286 ) ;
#271 = FACE_OUTER_BOUND ( 'NONE', #180, .T. ) ;
#272 = EDGE_LOOP ( 'NONE', ( #1612, #2144, #1987, #558 ) ) ;
#273 = AXIS2_PLACEMENT_3D ( 'NONE', #1437, #2010, #34 ) ;
#274 = CARTESIAN_POINT ( 'NONE',  ( 0.06461731573020279562, -0.06249999999886013402, 0.1559999999999999165 ) ) ;
#275 = ORIENTED_EDGE ( 'NONE', *, *, #1549, .T. ) ;
#276 = CARTESIAN_POINT ( 'NONE',  ( 0.1406249999999999722, -0.1562499999999999722, 0.2435696448143735149 ) ) ;
#277 = CARTESIAN_POINT ( 'NONE',  ( 0.04967067124657179034, -0.03472222222108288514, 0.1199156081756489745 ) ) ;
#278 = CARTESIAN_POINT ( 'NONE',  ( 0.000000000000000000, -0.1359611746280462719, 0.3247595264191645570 ) ) ;
#279 = EDGE_CURVE ( 'NONE', #471, #2055, #443, .T. ) ;
#280 = CARTESIAN_POINT ( 'NONE',  ( 0.1177633581858038431, 0.01810533322366549708, -0.07515271954329491577 ) ) ;
#281 = CARTESIAN_POINT ( 'NONE',  ( 0.06586286943717226117, -0.09895833333247154584, -0.1590070326520295618 ) ) ;
#282 = ADVANCED_FACE ( 'NONE', ( #1228 ), #1189, .F. ) ;
#283 = CARTESIAN_POINT ( 'NONE',  ( 0.06586286943717226117, -0.1232638888886387202, 0.1590070326520296728 ) ) ;
#284 = CARTESIAN_POINT ( 'NONE',  ( -0.1199156081756488773, -0.2291666666670273134, -0.04967067124657172789 ) ) ;
#285 = VERTEX_POINT ( 'NONE', #1579 ) ;
#286 = CIRCLE ( 'NONE', #1489, 0.2812499999999999445 ) ;
#287 = CARTESIAN_POINT ( 'NONE',  ( 0.2812499999999997780, 0.1562499999999999722, -0.1623797632095824173 ) ) ;
#288 = ORIENTED_EDGE ( 'NONE', *, *, #676, .F. ) ;
#289 = CARTESIAN_POINT ( 'NONE',  ( -0.02451129245571675649, 0.02462526593881337114, -0.1439961706769155025 ) ) ;
#290 = CARTESIAN_POINT ( 'NONE',  ( -0.1199156081756488773, -0.2222222222225829213, -0.04967067124657172789 ) ) ;
#291 = CARTESIAN_POINT ( 'NONE',  ( 0.04967067124657179034, -0.1249999999995828753, -0.1199156081756488357 ) ) ;
#292 = CARTESIAN_POINT ( 'NONE',  ( 0.1559999999999998610, -0.1111111111103601640, 0.06461731573020283725 ) ) ;
#293 = PRODUCT_RELATED_PRODUCT_CATEGORY ( 'detail', '', ( #1720 ) ) ;
#294 = CARTESIAN_POINT ( 'NONE',  ( 0.08369284437956357736, 0.009980014688453140576, 0.1015540521015548259 ) ) ;
#295 = CARTESIAN_POINT ( 'NONE',  ( -0.1124349510446009115, -0.1302083333327214987, 0.1124349510446010225 ) ) ;
#296 = CARTESIAN_POINT ( 'NONE',  ( -0.1590070326520295896, -0.03298611111013872305, -0.06586286943717220566 ) ) ;
#297 = EDGE_CURVE ( 'NONE', #2248, #2116, #1475, .T. ) ;
#298 = CARTESIAN_POINT ( 'NONE',  ( -0.1559999999999998610, -0.07638888888786014852, 0.06461731573020293440 ) ) ;
#299 = AXIS2_PLACEMENT_3D ( 'NONE', #1855, #2410, #2036 ) ;
#300 = CARTESIAN_POINT ( 'NONE',  ( 0.08479313971111035464, -0.08680555555483289443, 0.08479313971111039627 ) ) ;
#301 = ORIENTED_EDGE ( 'NONE', *, *, #215, .F. ) ;
#302 = FACE_OUTER_BOUND ( 'NONE', #1771, .T. ) ;
#303 = CARTESIAN_POINT ( 'NONE',  ( 0.06586286943717226117, 0.1545138888913612507, 0.1590070326520296728 ) ) ;
#304 = CARTESIAN_POINT ( 'NONE',  ( -2.937085314402332276E-17, -0.06597222222133289349, -0.1199156081756488357 ) ) ;
#305 = CARTESIAN_POINT ( 'NONE',  ( 0.000000000000000000, -0.1562500000000001110, -0.1759999999999998510 ) ) ;
#306 = CARTESIAN_POINT ( 'NONE',  ( 0.1230508704087176497, 0.01259475998603413333, 0.05356027439365345505 ) ) ;
#307 = CARTESIAN_POINT ( 'NONE',  ( 0.06586286943717226117, -0.1197916666659715051, 0.1590070326520296728 ) ) ;
#308 = CARTESIAN_POINT ( 'NONE',  ( 0.06586286943717226117, 0.008680555556861289240, -0.1590070326520295618 ) ) ;
#309 = CARTESIAN_POINT ( 'NONE',  ( 0.1199156081756489051, 0.08333333333541712018, 0.04967067124657185279 ) ) ;
#310 = LINE ( 'NONE', #1657, #1797 ) ;
#311 = ORIENTED_EDGE ( 'NONE', *, *, #1361, .T. ) ;
#312 = CARTESIAN_POINT ( 'NONE',  ( 0.1199156081756489051, -0.07638888888808290090, -0.04967067124657171401 ) ) ;
#313 = ORIENTED_EDGE ( 'NONE', *, *, #899, .F. ) ;
#314 = CARTESIAN_POINT ( 'NONE',  ( 1.910449006669868930E-17, -0.06597222222111014112, 0.1559999999999999165 ) ) ;
#315 = EDGE_CURVE ( 'NONE', #1795, #1041, #403, .T. ) ;
#316 = CARTESIAN_POINT ( 'NONE',  ( 0.08479313971111035464, -0.1284722222218328824, -0.08479313971111028525 ) ) ;
#317 = AXIS2_PLACEMENT_3D ( 'NONE', #2387, #2175, #1387 ) ;
#318 = CONICAL_SURFACE ( 'NONE', #110, 0.1759999999999999343, 0.7853981633974500554 ) ;
#319 = CARTESIAN_POINT ( 'NONE',  ( -0.08479313971111034076, -0.04513888888783288561, 0.08479313971111042403 ) ) ;
#320 = FACE_OUTER_BOUND ( 'NONE', #945, .T. ) ;
#321 = CARTESIAN_POINT ( 'NONE',  ( -1.365923996832131609E-16, -0.1359611746280462719, -0.3247595264191645570 ) ) ;
#322 = CARTESIAN_POINT ( 'NONE',  ( 0.1590070326520296451, -0.1684027777774715073, 0.06586286943717231668 ) ) ;
#323 = CARTESIAN_POINT ( 'NONE',  ( 1.947274535792267634E-17, 0.09548611111311125499, 0.1590070326520297006 ) ) ;
#324 = B_SPLINE_CURVE_WITH_KNOTS ( 'NONE', 3,
 ( #1263, #2209, #979, #641, #654, #1031, #1056, #1772 ),
 .UNSPECIFIED., .F., .F.,
 ( 4, 2, 2, 4 ),
 ( 0.01133472980539661223, 0.01341678654274893953, 0.01445781491142510491, 0.01549884328010127030 ),
 .UNSPECIFIED. ) ;
#325 = CARTESIAN_POINT ( 'NONE',  ( -0.1103086578651013006, -0.07291666666561014143, 0.1103086578651013977 ) ) ;
#326 = ORIENTED_EDGE ( 'NONE', *, *, #838, .F. ) ;
#327 = EDGE_CURVE ( 'NONE', #139, #823, #1648, .T. ) ;
#328 = CARTESIAN_POINT ( 'NONE',  ( -0.1406250000000000833, -0.1562499999999999722, -0.2435696448143734316 ) ) ;
#329 = ORIENTED_EDGE ( 'NONE', *, *, #862, .F. ) ;
#330 = CARTESIAN_POINT ( 'NONE',  ( 0.1199156081756489051, -0.1875000000000829059, -0.04967067124657170707 ) ) ;
#331 = EDGE_CURVE ( 'NONE', #338, #2142, #2406, .T. ) ;
#332 = CARTESIAN_POINT ( 'NONE',  ( -0.1559999999999998610, -0.08333333333275010080, 0.06461731573020293440 ) ) ;
#333 = CARTESIAN_POINT ( 'NONE',  ( -0.1172016511048790816, -0.1562499999999999722, 0.2570931216042941503 ) ) ;
#334 = CARTESIAN_POINT ( 'NONE',  ( -3.894549071584535268E-17, 0.07118055555777848264, -0.1590070326520295618 ) ) ;
#335 = AXIS2_PLACEMENT_3D ( 'NONE', #1214, #436, #1811 ) ;
#336 = CARTESIAN_POINT ( 'NONE',  ( -0.04967067124657176952, 0.006944444445972648705, 0.1199156081756490300 ) ) ;
#337 = CARTESIAN_POINT ( 'NONE',  ( 0.1199156081756489051, -0.1458333333330273651, 0.04967067124657185279 ) ) ;
#338 = VERTEX_POINT ( 'NONE', #1629 ) ;
#339 = CARTESIAN_POINT ( 'NONE',  ( -0.2812500000000001110, -0.1562499999999999722, 0.000000000000000000 ) ) ;
#340 = ORIENTED_EDGE ( 'NONE', *, *, #2447, .T. ) ;
#341 = APPROVAL ( #1474, 'UNSPECIFIED' ) ;
#342 = FACE_OUTER_BOUND ( 'NONE', #16, .T. ) ;
#343 = DIRECTION ( 'NONE',  ( 0.000000000000000000, -0.4226182617406952224, -0.9063077870366519351 ) ) ;
#344 = CARTESIAN_POINT ( 'NONE',  ( 0.000000000000000000, 0.1502499999999996061, -1.447813128331928008E-16 ) ) ;
#345 = CARTESIAN_POINT ( 'NONE',  ( 0.1590070326520296173, -0.05729166666588871720, 6.668158758783350223E-17 ) ) ;
#346 = B_SPLINE_CURVE_WITH_KNOTS ( 'NONE', 3,
 ( #2446, #642, #2056, #289, #1291, #2067, #108, #1687, #1431, #1043, #1830, #1154, #363, #1582, #2550, #376, #753, #2153, #559, #1303, #162, #1978 ),
 .UNSPECIFIED., .F., .F.,
 ( 4, 2, 2, 2, 2, 2, 2, 2, 2, 2, 4 ),
 ( 0.01501926324581794904, 0.01548650116586401670, 0.01595373908591008263, 0.01688821492600221796, 0.01782269076609434982, 0.01875716660618648515, 0.01922440452623255108, 0.01969164244627862048, 0.02062611828637075581, 0.02156059412646289114, 0.02249506996655502647 ),
 .UNSPECIFIED. ) ;
#347 = AXIS2_PLACEMENT_3D ( 'NONE', #1491, #532, #117 ) ;
#348 = CARTESIAN_POINT ( 'NONE',  ( -0.04967067124657185972, -0.01388888888752735570, -0.1199156081756488357 ) ) ;
#349 = CARTESIAN_POINT ( 'NONE',  ( -0.04967067124657176952, -0.2152777777780273127, 0.1199156081756490300 ) ) ;
#350 = ORIENTED_EDGE ( 'NONE', *, *, #1436, .T. ) ;
#351 = CARTESIAN_POINT ( 'NONE',  ( 1.468542657201166138E-17, -0.03819444444333289224, 0.1199156081756489745 ) ) ;
#352 = ORIENTED_EDGE ( 'NONE', *, *, #552, .F. ) ;
#353 = CARTESIAN_POINT ( 'NONE',  ( 0.000000000000000000, 19685.03937007874265, 0.000000000000000000 ) ) ;
#354 = CONICAL_SURFACE ( 'NONE', #937, 0.1759999999999999065, 0.7853981633974500554 ) ;
#355 = DIRECTION ( 'NONE',  ( 0.000000000000000000, 0.000000000000000000, -1.000000000000000000 ) ) ;
#356 = ADVANCED_FACE ( 'NONE', ( #2201 ), #524, .T. ) ;
#357 = CARTESIAN_POINT ( 'NONE',  ( -2.937085314402332276E-17, -0.01041666666533289098, -0.1199156081756488357 ) ) ;
#358 = CARTESIAN_POINT ( 'NONE',  ( 0.1590070326520296451, 0.06076388889102848911, -0.06586286943717217790 ) ) ;
#359 = CARTESIAN_POINT ( 'NONE',  ( 0.1199156081756489051, 0.08333333333547265909, -0.04967067124657170707 ) ) ;
#360 = ADVANCED_FACE ( 'NONE', ( #2213 ), #452, .F. ) ;
#361 = CARTESIAN_POINT ( 'NONE',  ( -2.937085314402332276E-17, -0.07291666666577734102, -0.1199156081756488357 ) ) ;
#362 = CARTESIAN_POINT ( 'NONE',  ( 0.08479313971111035464, -0.02430555555427735617, -0.08479313971111028525 ) ) ;
#363 = CARTESIAN_POINT ( 'NONE',  ( -0.1332130215890721947, 0.02973426037111286807, -0.07146485018964866820 ) ) ;
#364 =( BOUNDED_CURVE ( )  B_SPLINE_CURVE ( 2, ( #962, #2121, #2501, #332, #1744, #132, #913, #2299, #758 ),
 .UNSPECIFIED., .F., .F. ) 
 B_SPLINE_CURVE_WITH_KNOTS ( ( 3, 2, 2, 2, 3 ),
 ( 0.5892857142857141906, 0.6071428571428570953, 0.6250000000000000000, 0.6428571428571427937, 0.6607142857142856984 ),
 .UNSPECIFIED. ) 
 CURVE ( )  GEOMETRIC_REPRESENTATION_ITEM ( )  RATIONAL_B_SPLINE_CURVE ( ( 1.000000000000000000, 0.9238795325112867385, 1.000000000000000000, 0.9238795325112867385, 1.000000000000000000, 0.9238795325112867385, 1.000000000000000000, 0.9238795325112867385, 1.000000000000000000 ) ) 
 REPRESENTATION_ITEM ( '' )  );
#365 = CARTESIAN_POINT ( 'NONE',  ( 0.000000000000000000, 19685.03937007874265, 0.000000000000000000 ) ) ;
#366 = EDGE_LOOP ( 'NONE', ( #1966, #1635 ) ) ;
#367 = DIRECTION ( 'NONE',  ( -0.4999999999999996114, 0.000000000000000000, -0.8660254037844388186 ) ) ;
#368 = CARTESIAN_POINT ( 'NONE',  ( 0.1590070326520296451, 0.1128472222243612766, -0.06586286943717217790 ) ) ;
#369 = CARTESIAN_POINT ( 'NONE',  ( 0.1406249999999999722, -0.1562499999999999722, -0.2435696448143735149 ) ) ;
#370 = CARTESIAN_POINT ( 'NONE',  ( 1.468542657201166138E-17, 0.07291666666866709889, 0.1199156081756489745 ) ) ;
#371 = TOROIDAL_SURFACE ( 'NONE', #198, 0.1796874999999998890, 0.09256249999999999201 ) ;
#372 = DIRECTION ( 'NONE',  ( 1.000000000000000000, 0.000000000000000000, -1.224646799147353207E-16 ) ) ;
#373 = CARTESIAN_POINT ( 'NONE',  ( -0.1199156081756489051, 0.05208333333522265074, 9.844610012481234172E-17 ) ) ;
#374 = CARTESIAN_POINT ( 'NONE',  ( 0.08479313971111035464, -0.2048611111112773608, 0.08479313971111039627 ) ) ;
#375 = CARTESIAN_POINT ( 'NONE',  ( -0.04967067124657185972, -0.01388888888752735397, -0.1199156081756488218 ) ) ;
#376 = CARTESIAN_POINT ( 'NONE',  ( -0.1482165310341757303, 0.03113364410848600342, -0.03771866302663861442 ) ) ;
#377 = EDGE_CURVE ( 'NONE', #2458, #2207, #1216, .T. ) ;
#378 = CARTESIAN_POINT ( 'NONE',  ( 0.1103086578651013144, -0.06597222222150009308, 0.1103086578651013699 ) ) ;
#379 = VERTEX_POINT ( 'NONE', #185 ) ;
#380 = CARTESIAN_POINT ( 'NONE',  ( 0.08479313971111035464, 0.09375000000216709983, -0.08479313971111028525 ) ) ;
#381 = CARTESIAN_POINT ( 'NONE',  ( -0.1196953641815567820, -0.001396891824351131559, -0.01069290913437571586 ) ) ;
#382 = ORIENTED_EDGE ( 'NONE', *, *, #315, .F. ) ;
#383 = CIRCLE ( 'NONE', #2113, 0.1747199999999999309 ) ;
#384 = CARTESIAN_POINT ( 'NONE',  ( 0.1559999999999998610, -0.1180555555552500746, 0.06461731573020283725 ) ) ;
#385 = CARTESIAN_POINT ( 'NONE',  ( -3.820898013339737860E-17, -0.03819444444311013986, -0.1559999999999997777 ) ) ;
#386 = ORIENTED_EDGE ( 'NONE', *, *, #679, .F. ) ;
#387 = CARTESIAN_POINT ( 'NONE',  ( -0.06586286943717220566, 0.09548611111352847680, 0.1590070326520297284 ) ) ;
#388 = CARTESIAN_POINT ( 'NONE',  ( 0.1199156081756489051, 0.07986111111322266587, 6.907524698078900663E-17 ) ) ;
#389 = CARTESIAN_POINT ( 'NONE',  ( -2.937085314402332276E-17, -0.1840277777777773460, -0.1199156081756488357 ) ) ;
#390 = CARTESIAN_POINT ( 'NONE',  ( -0.1199156081756489051, -0.003472222220777352632, 9.844610012481234172E-17 ) ) ;
#391 = CARTESIAN_POINT ( 'NONE',  ( 0.000000000000000000, 0.05468749999999992367, 0.000000000000000000 ) ) ;
#392 = CARTESIAN_POINT ( 'NONE',  ( -0.04967067124657185972, -0.06249999999908288639, -0.1199156081756488357 ) ) ;
#393 = DIRECTION ( 'NONE',  ( 0.000000000000000000, 1.330291196914773429E-15, -1.000000000000000000 ) ) ;
#394 = VERTEX_POINT ( 'NONE', #982 ) ;
#395 = CARTESIAN_POINT ( 'NONE',  ( 1.468542657201166138E-17, -0.1562499999997773725, 0.1199156081756489745 ) ) ;
#396 = EDGE_CURVE ( 'NONE', #1245, #2092, #1975, .T. ) ;
#397 = CARTESIAN_POINT ( 'NONE',  ( -0.06024972162749856613, 0.03468750000006572132, 0.1438956950149290759 ) ) ;
#398 = ORIENTED_EDGE ( 'NONE', *, *, #1376, .F. ) ;
#399 = CARTESIAN_POINT ( 'NONE',  ( 0.06461731573020279562, -0.006944444442860136721, 0.1559999999999999165 ) ) ;
#400 = CARTESIAN_POINT ( 'NONE',  ( -2.937085314402332276E-17, 0.1006944444466671140, -0.1199156081756488357 ) ) ;
#401 = CARTESIAN_POINT ( 'NONE',  ( 0.000000000000000000, 0.1562499999999999722, -1.365864792983795275E-16 ) ) ;
#402 = AXIS2_PLACEMENT_3D ( 'NONE', #1399, #1591, #1833 ) ;
#403 = LINE ( 'NONE', #1813, #1313 ) ;
#404 = CARTESIAN_POINT ( 'NONE',  ( -0.1199156081756489051, 0.05208333333522265074, 9.844610012481234172E-17 ) ) ;
#405 = CARTESIAN_POINT ( 'NONE',  ( -0.1199156081756488773, -0.05555555555452735411, 0.04967067124657192217 ) ) ;
#406 = CARTESIAN_POINT ( 'NONE',  ( -0.2812500000000000555, 0.03439867462804650083, -0.1623797632095822230 ) ) ;
#407 = CARTESIAN_POINT ( 'NONE',  ( 0.04967067124657179034, -0.03472222222108288514, 0.1199156081756489745 ) ) ;
#408 = CARTESIAN_POINT ( 'NONE',  ( 0.1559999999999998610, -0.05555555555475009955, -0.06461731573020269848 ) ) ;
#409 = ORIENTED_EDGE ( 'NONE', *, *, #2547, .T. ) ;
#410 = CARTESIAN_POINT ( 'NONE',  ( -0.04967067124657185972, -0.2361111111115273553, -0.1199156081756488357 ) ) ;
#411 = CARTESIAN_POINT ( 'NONE',  ( 0.000000000000000000, 0.05468749999999992367, 0.000000000000000000 ) ) ;
#412 = ADVANCED_FACE ( 'NONE', ( #199 ), #253, .F. ) ;
#413 = CARTESIAN_POINT ( 'NONE',  ( 1.468542657201166138E-17, -0.2048611111113328720, 0.1199156081756489745 ) ) ;
#414 = ORIENTED_EDGE ( 'NONE', *, *, #1135, .F. ) ;
#415 = CARTESIAN_POINT ( 'NONE',  ( -0.06024972162749856613, 0.03468750000006572132, 0.1438956950149290759 ) ) ;
#416 = AXIS2_PLACEMENT_3D ( 'NONE', #1740, #2130, #2275 ) ;
#417 = CARTESIAN_POINT ( 'NONE',  ( 0.2812499999999997780, 0.1562499999999999722, -0.1623797632095824173 ) ) ;
#418 = CARTESIAN_POINT ( 'NONE',  ( -2.937085314402332276E-17, 0.03819444444622265705, -0.1199156081756488357 ) ) ;
#419 = CARTESIAN_POINT ( 'NONE',  ( 0.1199156081756489051, -0.08333333333252734842, -0.04967067124657171401 ) ) ;
#420 = PERSON_AND_ORGANIZATION_ROLE ( 'creator' ) ;
#421 = CARTESIAN_POINT ( 'NONE',  ( -0.1129919645936913464, -0.1358482212096824571, 0.1075793590872677064 ) ) ;
#422 = EDGE_LOOP ( 'NONE', ( #1686, #922 ) ) ;
#423 = CARTESIAN_POINT ( 'NONE',  ( -0.1199156081756488773, 0.1111111111134171214, -0.04967067124657172789 ) ) ;
#424 = CARTESIAN_POINT ( 'NONE',  ( -0.01386580137725160373, 0.005514224238757203106, 0.1268267242387570715 ) ) ;
#425 = LINE ( 'NONE', #656, #66 ) ;
#426 = CARTESIAN_POINT ( 'NONE',  ( -0.1559999999999998610, -0.03124999999900009498, 1.050746953668428821E-16 ) ) ;
#427 = CONICAL_SURFACE ( 'NONE', #469, 0.3247595264191645570, 1.134464013796312454 ) ;
#428 = DIRECTION ( 'NONE',  ( 0.000000000000000000, 0.000000000000000000, -1.000000000000000000 ) ) ;
#429 = CARTESIAN_POINT ( 'NONE',  ( 0.04967067124657179034, 0.1250000000024726332, 0.1199156081756489745 ) ) ;
#430 = FACE_OUTER_BOUND ( 'NONE', #2169, .T. ) ;
#431 =( CONVERSION_BASED_UNIT ( 'INCH', #2403 ) LENGTH_UNIT ( ) NAMED_UNIT ( #1928 ) );
#432 = CARTESIAN_POINT ( 'NONE',  ( -0.02272006051175344890, -0.1321338928090489695, 0.1505950639361034737 ) ) ;
#433 = ORIENTED_EDGE ( 'NONE', *, *, #2094, .F. ) ;
#434 = CARTESIAN_POINT ( 'NONE',  ( -0.08479313971111035464, -0.2326388888892773343, -0.08479313971111024362 ) ) ;
#435 = CARTESIAN_POINT ( 'NONE',  ( -0.05308093107548381845, 0.003644663208985386964, 0.1139663415043649652 ) ) ;
#436 = DIRECTION ( 'NONE',  ( -1.000000000000000000, 0.000000000000000000, 0.000000000000000000 ) ) ;
#437 = DIRECTION ( 'NONE',  ( -0.000000000000000000, -1.000000000000000000, -0.000000000000000000 ) ) ;
#438 = ADVANCED_FACE ( 'NONE', ( #2071 ), #354, .F. ) ;
#439 = CARTESIAN_POINT ( 'NONE',  ( -0.1199156081756488634, 0.1111111111134726742, 0.04967067124657192217 ) ) ;
#440 = CARTESIAN_POINT ( 'NONE',  ( 0.1124349510446009254, -0.2274305555557215031, 0.1124349510446009809 ) ) ;
#441 = CARTESIAN_POINT ( 'NONE',  ( 0.1590070326520296451, -0.1718750000001387224, 0.06586286943717231668 ) ) ;
#442 = CARTESIAN_POINT ( 'NONE',  ( 0.2346379537190213249, -0.1473429292307188165, -0.1892912406773846479 ) ) ;
#443 = CIRCLE ( 'NONE', #1146, 0.2752499999999996061 ) ;
#444 = B_SPLINE_CURVE_WITH_KNOTS ( 'NONE', 3,
 ( #1252, #80, #1095, #874 ),
 .UNSPECIFIED., .F., .F.,
 ( 4, 4 ),
 ( 0.005984207787808588398, 0.006178125454297399635 ),
 .UNSPECIFIED. ) ;
#445 = EDGE_CURVE ( 'NONE', #1647, #2173, #40, .T. ) ;
#446 = CARTESIAN_POINT ( 'NONE',  ( -0.2812500000000001110, 0.05281767548146664576, -0.05431064628296215085 ) ) ;
#447 = ORIENTED_EDGE ( 'NONE', *, *, #279, .T. ) ;
#448 = CARTESIAN_POINT ( 'NONE',  ( 0.1103086578651013144, -0.05902777777661014774, 0.1103086578651013699 ) ) ;
#449 = CARTESIAN_POINT ( 'NONE',  ( -3.551855593202038429E-17, 0.02370300960142045915, -0.1450155096014204281 ) ) ;
#450 = CARTESIAN_POINT ( 'NONE',  ( -0.1217644187202566314, -0.1227156592550634195, 0.07458344036082689699 ) ) ;
#451 = DIRECTION ( 'NONE',  ( 0.000000000000000000, 0.000000000000000000, -1.000000000000000000 ) ) ;
#452 = CYLINDRICAL_SURFACE ( 'NONE', #1728, 0.1559999999999997777 ) ;
#453 = CARTESIAN_POINT ( 'NONE',  ( -0.06586286943717235831, -0.2031249999999715783, -0.1590070326520295341 ) ) ;
#454 = CARTESIAN_POINT ( 'NONE',  ( -3.894549071584535268E-17, -0.09895833333288872602, -0.1590070326520295618 ) ) ;
#455 = DIRECTION ( 'NONE',  ( 1.000000000000000000, 0.000000000000000000, 0.000000000000000000 ) ) ;
#456 = FACE_OUTER_BOUND ( 'NONE', #2066, .T. ) ;
#457 = ORIENTED_EDGE ( 'NONE', *, *, #1107, .F. ) ;
#458 = ADVANCED_FACE ( 'NONE', ( #478 ), #2465, .F. ) ;
#459 = CARTESIAN_POINT ( 'NONE',  ( 0.1559999999999998610, -0.1111111111107500743, -0.06461731573020269848 ) ) ;
#460 = ORIENTED_EDGE ( 'NONE', *, *, #297, .F. ) ;
#461 = CARTESIAN_POINT ( 'NONE',  ( 0.004979433556991763599, -0.1001656081756493594, 0.1198381352449914422 ) ) ;
#462 = CARTESIAN_POINT ( 'NONE',  ( 0.1199156081756489051, -0.1319444444440829034, -0.04967067124657170707 ) ) ;
#463 = DIRECTION ( 'NONE',  ( -0.000000000000000000, -1.000000000000000000, -0.000000000000000000 ) ) ;
#464 =( BOUNDED_CURVE ( )  B_SPLINE_CURVE ( 2, ( #385, #169, #2454, #567, #1176, #1358, #703, #1160, #102 ),
 .UNSPECIFIED., .F., .T. ) 
 B_SPLINE_CURVE_WITH_KNOTS ( ( 3, 2, 2, 2, 3 ),
 ( 0.5714285714285713969, 0.5892857142857143016, 0.6071428571428570953, 0.6250000000000000000, 0.6428571428571429047 ),
 .UNSPECIFIED. ) 
 CURVE ( )  GEOMETRIC_REPRESENTATION_ITEM ( )  RATIONAL_B_SPLINE_CURVE ( ( 1.000000000000000000, 0.9238795325112867385, 1.000000000000000000, 0.9238795325112867385, 1.000000000000000000, 0.9238795325112867385, 1.000000000000000000, 0.9238795325112867385, 1.000000000000000000 ) ) 
 REPRESENTATION_ITEM ( '' )  );
#465 = CARTESIAN_POINT ( 'NONE',  ( 0.000000000000000000, 0.05468749999999975020, 0.1760000000000000175 ) ) ;
#466 = CARTESIAN_POINT ( 'NONE',  ( -0.1590070326520295896, -0.1406249999994715061, -0.06586286943717220566 ) ) ;
#467 = DIRECTION ( 'NONE',  ( 0.000000000000000000, 1.000000000000000000, 0.000000000000000000 ) ) ;
#468 = CARTESIAN_POINT ( 'NONE',  ( 0.2812500000000000555, -0.1359611746280462719, -0.1623797632095822785 ) ) ;
#469 = AXIS2_PLACEMENT_3D ( 'NONE', #72, #2450, #1098 ) ;
#470 = CARTESIAN_POINT ( 'NONE',  ( -0.2812500000000000555, 0.05468749999999992367, 0.000000000000000000 ) ) ;
#471 = VERTEX_POINT ( 'NONE', #491 ) ;
#472 = CARTESIAN_POINT ( 'NONE',  ( 0.07081582385232267074, -0.1285194151598196832, 0.1306022561334847787 ) ) ;
#473 = ORIENTED_EDGE ( 'NONE', *, *, #1730, .T. ) ;
#474 = CARTESIAN_POINT ( 'NONE',  ( -7.959940524720928131E-13, -0.1001656081756492761, 0.1199156081756489606 ) ) ;
#475 = EDGE_CURVE ( 'NONE', #379, #1893, #1099, .T. ) ;
#476 = CARTESIAN_POINT ( 'NONE',  ( -0.04967067124657176952, 0.01388888889041710317, 0.1199156081756490300 ) ) ;
#477 = CARTESIAN_POINT ( 'NONE',  ( -3.820898013339737860E-17, -0.09374999999911014237, -0.1559999999999997777 ) ) ;
#478 = FACE_OUTER_BOUND ( 'NONE', #1379, .T. ) ;
#479 = CARTESIAN_POINT ( 'NONE',  ( 0.1590070326520296451, -0.1059027777769715045, -0.06586286943717217790 ) ) ;
#480 = CARTESIAN_POINT ( 'NONE',  ( 0.000000000000000000, 0.05468749999999992367, 0.000000000000000000 ) ) ;
#481 = CALENDAR_DATE ( 2026, 22, 8 ) ;
#482 = CARTESIAN_POINT ( 'NONE',  ( 0.000000000000000000, 0.05468749999999968081, -2.731847993664263218E-16 ) ) ;
#483 = EDGE_LOOP ( 'NONE', ( #460, #2246, #1732, #857 ) ) ;
#484 = CIRCLE ( 'NONE', #1921, 0.1796874999999998057 ) ;
#485 = DIRECTION ( 'NONE',  ( -0.000000000000000000, -1.000000000000000000, -0.000000000000000000 ) ) ;
#486 = ORIENTED_EDGE ( 'NONE', *, *, #165, .T. ) ;
#487 = DIRECTION ( 'NONE',  ( 0.000000000000000000, 0.000000000000000000, -1.000000000000000000 ) ) ;
#488 = CARTESIAN_POINT ( 'NONE',  ( -0.1199156081756488634, 0.006944444445917124543, 0.04967067124657192217 ) ) ;
#489 = CARTESIAN_POINT ( 'NONE',  ( 0.000000000000000000, 0.05768749999999999573, 0.000000000000000000 ) ) ;
#490 = EDGE_CURVE ( 'NONE', #2122, #1661, #1257, .T. ) ;
#491 = CARTESIAN_POINT ( 'NONE',  ( 0.000000000000000000, 0.05468749999999992367, -0.2752499999999998836 ) ) ;
#492 = CARTESIAN_POINT ( 'NONE',  ( 0.1590070326520296451, 0.005208333335028486610, -0.06586286943717217790 ) ) ;
#493 = CARTESIAN_POINT ( 'NONE',  ( -0.1590070326520295896, 0.02951388889036129712, 0.06586286943717239994 ) ) ;
#494 = DIRECTION ( 'NONE',  ( -0.000000000000000000, -1.000000000000000000, -0.000000000000000000 ) ) ;
#495 = VERTEX_POINT ( 'NONE', #1281 ) ;
#496 = APPROVAL_PERSON_ORGANIZATION ( #26, #70, #833 ) ;
#497 = FACE_OUTER_BOUND ( 'NONE', #260, .T. ) ;
#498 = ORIENTED_EDGE ( 'NONE', *, *, #197, .T. ) ;
#499 = CARTESIAN_POINT ( 'NONE',  ( 1.910449006669868930E-17, 0.1472499999999999087, 0.1559999999999998610 ) ) ;
#500 = CARTESIAN_POINT ( 'NONE',  ( 0.08479313971111035464, 0.03819444444616709733, -0.08479313971111028525 ) ) ;
#501 = CARTESIAN_POINT ( 'NONE',  ( 0.1289596026216952018, 0.01699931254769147457, -0.05079359765947136923 ) ) ;
#502 = CARTESIAN_POINT ( 'NONE',  ( -0.1590070326520296173, -0.08159722222122152424, 1.056270783036788549E-16 ) ) ;
#503 = AXIS2_PLACEMENT_3D ( 'NONE', #36, #1859, #269 ) ;
#504 = CARTESIAN_POINT ( 'NONE',  ( 0.1124349510446009254, 0.04687500000161127361, 0.1124349510446009809 ) ) ;
#505 = CARTESIAN_POINT ( 'NONE',  ( -0.1549293950099857875, -0.1349636168277260351, -0.005351707290705288653 ) ) ;
#506 = FACE_OUTER_BOUND ( 'NONE', #690, .T. ) ;
#507 = VECTOR ( 'NONE', #1073, 39.37007874015748854 ) ;
#508 = VERTEX_POINT ( 'NONE', #2060 ) ;
#509 = CONICAL_SURFACE ( 'NONE', #1128, 0.3247595264191645570, 1.134464013796312454 ) ;
#510 = DIRECTION ( 'NONE',  ( 0.000000000000000000, 1.000000000000000000, 0.000000000000000000 ) ) ;
#511 = VERTEX_POINT ( 'NONE', #2451 ) ;
#512 = DIRECTION ( 'NONE',  ( 8.659560562354947649E-17, -0.7071067811865462405, 0.7071067811865486830 ) ) ;
#513 = CARTESIAN_POINT ( 'NONE',  ( 0.1199156081756489051, -0.1354166666663328689, 6.907524698078900663E-17 ) ) ;
#514 = CARTESIAN_POINT ( 'NONE',  ( 0.08479313971111035464, -0.08680555555483289443, 0.08479313971111039627 ) ) ;
#515 = PLANE ( 'NONE',  #10 ) ;
#516 = LINE ( 'NONE', #539, #27 ) ;
#517 = CARTESIAN_POINT ( 'NONE',  ( 0.1590070326520296451, -0.05729166666547150927, 0.06586286943717231668 ) ) ;
#518 = CARTESIAN_POINT ( 'NONE',  ( -0.06586286943717220566, 0.03645833333486126621, 0.1590070326520297284 ) ) ;
#519 = EDGE_CURVE ( 'NONE', #2545, #2472, #662, .T. ) ;
#520 = VERTEX_POINT ( 'NONE', #465 ) ;
#521 = EDGE_CURVE ( 'NONE', #2116, #2248, #144, .T. ) ;
#522 = CARTESIAN_POINT ( 'NONE',  ( 0.04967067124657179034, -0.06944444444358290058, -0.1199156081756488218 ) ) ;
#523 = ORIENTED_EDGE ( 'NONE', *, *, #1597, .T. ) ;
#524 = CONICAL_SURFACE ( 'NONE', #184, 0.3247595264191645570, 1.134464013796312454 ) ;
#525 = CONICAL_SURFACE ( 'NONE', #1968, 0.2812499999999999445, 1.134464013796318893 ) ;
#526 = DIRECTION ( 'NONE',  ( 0.000000000000000000, -1.000000000000000000, 0.000000000000000000 ) ) ;
#527 = CARTESIAN_POINT ( 'NONE',  ( 0.000000000000000000, 0.1472499999999999087, 0.000000000000000000 ) ) ;
#528 = DIRECTION ( 'NONE',  ( 0.000000000000000000, 0.000000000000000000, 1.000000000000000000 ) ) ;
#529 = CARTESIAN_POINT ( 'NONE',  ( 0.06586286943717226117, -0.04687499999913872367, -0.1590070326520295618 ) ) ;
#530 = CALENDAR_DATE ( 2026, 22, 8 ) ;
#531 = CARTESIAN_POINT ( 'NONE',  ( -0.04967067124657176952, -0.04861111111002734686, 0.1199156081756490300 ) ) ;
#532 = DIRECTION ( 'NONE',  ( -0.000000000000000000, -1.000000000000000000, -0.000000000000000000 ) ) ;
#533 = ORIENTED_EDGE ( 'NONE', *, *, #2357, .F. ) ;
#534 = CARTESIAN_POINT ( 'NONE',  ( 0.2812499999999997224, 0.04062363135803628844, -0.1356808376349115386 ) ) ;
#535 = ORIENTED_EDGE ( 'NONE', *, *, #1044, .F. ) ;
#536 = APPROVAL_PERSON_ORGANIZATION ( #241, #227, #256 ) ;
#537 = DIRECTION ( 'NONE',  ( -0.8660254037844388186, 0.000000000000000000, 0.4999999999999996114 ) ) ;
#538 = PRODUCT_DEFINITION_SHAPE ( 'NONE', 'NONE',  #563 ) ;
#539 = CARTESIAN_POINT ( 'NONE',  ( 0.000000000000000000, 0.05468749999999992367, -0.2812499999999999445 ) ) ;
#540 = CARTESIAN_POINT ( 'NONE',  ( 0.1124349510446009254, 0.06423611111327848233, -0.1124349510446008699 ) ) ;
#541 = CARTESIAN_POINT ( 'NONE',  ( 0.06586286943717226117, -0.06770833333263870379, 0.1590070326520296728 ) ) ;
#542 = CARTESIAN_POINT ( 'NONE',  ( -0.04967067124657185972, 0.04166666666847266415, -0.1199156081756488357 ) ) ;
#543 = CARTESIAN_POINT ( 'NONE',  ( 0.08479313971111035464, -0.09374999999927734196, 0.08479313971111039627 ) ) ;
#544 = ORIENTED_EDGE ( 'NONE', *, *, #1170, .F. ) ;
#545 = DIRECTION ( 'NONE',  ( 0.000000000000000000, 0.000000000000000000, -1.000000000000000000 ) ) ;
#546 = ORIENTED_EDGE ( 'NONE', *, *, #331, .F. ) ;
#547 = CARTESIAN_POINT ( 'NONE',  ( -0.1199156081756488634, -0.1597222222220828769, 0.04967067124657192217 ) ) ;
#548 = AXIS2_PLACEMENT_3D ( 'NONE', #746, #166, #1756 ) ;
#549 = ADVANCED_FACE ( 'NONE', ( #1159 ), #2532, .T. ) ;
#550 = CARTESIAN_POINT ( 'NONE',  ( -0.1876221212134272509, -0.1543885707331092427, -0.2164358442306638375 ) ) ;
#551 = ORIENTED_EDGE ( 'NONE', *, *, #600, .F. ) ;
#552 = EDGE_CURVE ( 'NONE', #394, #2545, #516, .T. ) ;
#553 = DIRECTION ( 'NONE',  ( 1.000000000000000000, 0.000000000000000000, -1.224646799147353207E-16 ) ) ;
#554 = CARTESIAN_POINT ( 'NONE',  ( -0.04967067124657185972, 0.04861111111291709780, -0.1199156081756488357 ) ) ;
#555 = CARTESIAN_POINT ( 'NONE',  ( 0.1876221212134271121, 0.05282607073310921497, -0.2164358442306637820 ) ) ;
#556 = CARTESIAN_POINT ( 'NONE',  ( -0.04967067124657176952, 0.06250000000197264427, 0.1199156081756490300 ) ) ;
#557 = CARTESIAN_POINT ( 'NONE',  ( -0.1199156081756489051, -0.1701388888887773454, 9.844610012481234172E-17 ) ) ;
#558 = ORIENTED_EDGE ( 'NONE', *, *, #1998, .F. ) ;
#559 = CARTESIAN_POINT ( 'NONE',  ( -0.1542924476620784746, 0.03288797968676997197, 0.01102048610172575924 ) ) ;
#560 = CARTESIAN_POINT ( 'NONE',  ( -0.1199156081756489051, -0.05208333333233289980, 9.844610012481234172E-17 ) ) ;
#561 = ORIENTED_EDGE ( 'NONE', *, *, #978, .F. ) ;
#562 = DIRECTION ( 'NONE',  ( 0.000000000000000000, 0.000000000000000000, -1.000000000000000000 ) ) ;
#563 = PRODUCT_DEFINITION ( 'UNKNOWN', '', #1615, #81 ) ;
#564 = B_SPLINE_CURVE_WITH_KNOTS ( 'NONE', 3,
 ( #909, #534, #1324, #2286, #693, #2247 ),
 .UNSPECIFIED., .F., .F.,
 ( 4, 2, 4 ),
 ( 0.007168390029777849635, 0.009251559917587220960, 0.01133472980539659315 ),
 .UNSPECIFIED. ) ;
#565 = AXIS2_PLACEMENT_3D ( 'NONE', #417, #1789, #1802 ) ;
#566 = CARTESIAN_POINT ( 'NONE',  ( 0.1412510281419049052, -0.1234938220371644552, 0.02556213591217763523 ) ) ;
#567 = CARTESIAN_POINT ( 'NONE',  ( -0.1559999999999998610, -0.02777777777636013939, -0.06461731573020272623 ) ) ;
#568 = CARTESIAN_POINT ( 'NONE',  ( 0.06461731573020278174, 0.006944444445749919752, -0.1559999999999997777 ) ) ;
#569 = ADVANCED_FACE ( 'NONE', ( #1330 ), #926, .F. ) ;
#570 = CARTESIAN_POINT ( 'NONE',  ( -0.1199156081756488634, -0.05555555555452734717, 0.04967067124657192217 ) ) ;
#571 = CARTESIAN_POINT ( 'NONE',  ( 0.1199156081756489051, -0.09027777777702734874, 0.04967067124657185279 ) ) ;
#572 = PLANE ( 'NONE',  #2436 ) ;
#573 = CARTESIAN_POINT ( 'NONE',  ( -0.1156957226377626768, -0.1358260458867713849, 0.1049215930924400214 ) ) ;
#574 = CARTESIAN_POINT ( 'NONE',  ( -0.1199156081756488773, -0.04861111111008289271, 0.04967067124657192217 ) ) ;
#575 = ORIENTED_EDGE ( 'NONE', *, *, #825, .T. ) ;
#576 = PLANE ( 'NONE',  #2431 ) ;
#577 = ORIENTED_EDGE ( 'NONE', *, *, #838, .T. ) ;
#578 = CARTESIAN_POINT ( 'NONE',  ( 1.910449006669868930E-17, -0.1284722222220000820, 0.1559999999999999165 ) ) ;
#579 = CARTESIAN_POINT ( 'NONE',  ( -2.937085314402332276E-17, 0.04513888889066711152, -0.1199156081756488357 ) ) ;
#580 = TOROIDAL_SURFACE ( 'NONE', #1821, 0.1796874999999998890, 0.1015625000000000416 ) ;
#581 = CARTESIAN_POINT ( 'NONE',  ( -0.1590070326520295896, 0.08854166666902851812, 0.06586286943717239994 ) ) ;
#582 = CARTESIAN_POINT ( 'NONE',  ( 0.04967067124657179034, 0.03472222222397267077, -0.1199156081756488357 ) ) ;
#583 = CARTESIAN_POINT ( 'NONE',  ( 0.1199156081756489051, -0.2013888888890274231, 0.04967067124657185279 ) ) ;
#584 = CARTESIAN_POINT ( 'NONE',  ( 0.04967067124657179034, -0.02083333333202733173, -0.1199156081756488218 ) ) ;
#585 = FACE_OUTER_BOUND ( 'NONE', #2300, .T. ) ;
#586 = EDGE_CURVE ( 'NONE', #1722, #1369, #1526, .T. ) ;
#587 = CARTESIAN_POINT ( 'NONE',  ( -7.959940524720928131E-13, -0.1001656081756492761, 0.1199156081756489606 ) ) ;
#588 = EDGE_LOOP ( 'NONE', ( #1094, #1174, #1018, #1562, #1143, #2272, #551 ) ) ;
#589 = CARTESIAN_POINT ( 'NONE',  ( -0.1199156081756488634, -0.1666666666665272967, 0.04967067124657192217 ) ) ;
#590 = CARTESIAN_POINT ( 'NONE',  ( -0.02315324580881147898, 0.04063205749684835333, -0.3113919937188337483 ) ) ;
#591 = CONICAL_SURFACE ( 'NONE', #2149, 0.3247595264191645570, 1.134464013796312454 ) ;
#592 = AXIS2_PLACEMENT_3D ( 'NONE', #2200, #1413, #994 ) ;
#593 = CARTESIAN_POINT ( 'NONE',  ( 0.06461731573020278174, -0.04166666666536013308, -0.1559999999999997777 ) ) ;
#594 = CARTESIAN_POINT ( 'NONE',  ( -0.1199156081756488773, 0.05555555555741711199, -0.04967067124657172789 ) ) ;
#595 = CARTESIAN_POINT ( 'NONE',  ( -3.820898013339737860E-17, 0.01041666666799991037, -0.1559999999999997777 ) ) ;
#596 = CARTESIAN_POINT ( 'NONE',  ( 0.000000000000000000, 0.1472499999999999087, 0.000000000000000000 ) ) ;
#597 = CARTESIAN_POINT ( 'NONE',  ( -0.1199156081756488773, 0.1041666666689726600, -0.04967067124657172789 ) ) ;
#598 = FACE_OUTER_BOUND ( 'NONE', #620, .T. ) ;
#599 = CARTESIAN_POINT ( 'NONE',  ( 0.000000000000000000, 0.05468749999999992367, 0.000000000000000000 ) ) ;
#600 = EDGE_CURVE ( 'NONE', #908, #139, #1066, .T. ) ;
#601 = CARTESIAN_POINT ( 'NONE',  ( -2.937085314402332276E-17, -0.1215277777773328960, -0.1199156081756488357 ) ) ;
#602 = CARTESIAN_POINT ( 'NONE',  ( -0.08940000950304405336, -0.1007505537240058896, 0.08181813661919708214 ) ) ;
#603 = ORIENTED_EDGE ( 'NONE', *, *, #2097, .F. ) ;
#604 = EDGE_CURVE ( 'NONE', #1177, #2542, #2086, .T. ) ;
#605 = CARTESIAN_POINT ( 'NONE',  ( -0.08479313971111035464, 0.1076388888911671282, -0.08479313971111024362 ) ) ;
#606 = CARTESIAN_POINT ( 'NONE',  ( -0.1090492830123271917, -8.872614842374427341E-05, 0.05473097806394174730 ) ) ;
#607 = ORIENTED_EDGE ( 'NONE', *, *, #1601, .T. ) ;
#608 = ORIENTED_EDGE ( 'NONE', *, *, #744, .T. ) ;
#609 = CARTESIAN_POINT ( 'NONE',  ( 0.1172016511048789150, 0.05468749999999985428, 0.2570931216042942613 ) ) ;
#610 = DIRECTION ( 'NONE',  ( -0.000000000000000000, -1.000000000000000000, -0.000000000000000000 ) ) ;
#611 = CARTESIAN_POINT ( 'NONE',  ( 0.08479313971111035464, 0.08680555555772263843, -0.08479313971111028525 ) ) ;
#612 = PERSON_AND_ORGANIZATION ( #4, #1286 ) ;
#613 = CARTESIAN_POINT ( 'NONE',  ( 0.1199156081756489051, -0.07638888888808290090, -0.04967067124657170707 ) ) ;
#614 = CARTESIAN_POINT ( 'NONE',  ( 0.000000000000000000, 0.05468749999999992367, 0.000000000000000000 ) ) ;
#615 = ORIENTED_EDGE ( 'NONE', *, *, #1817, .F. ) ;
#616 = CARTESIAN_POINT ( 'NONE',  ( 0.1199156081756489051, -0.1388888888885273509, -0.04967067124657170707 ) ) ;
#617 = CARTESIAN_POINT ( 'NONE',  ( 0.2812499999999997780, 0.04751463968840403951, 0.09518414543397313299 ) ) ;
#618 =( BOUNDED_CURVE ( )  B_SPLINE_CURVE ( 2, ( #861, #112, #1652, #292, #711, #1691, #2240, #2462, #477 ),
 .UNSPECIFIED., .F., .F. ) 
 B_SPLINE_CURVE_WITH_KNOTS ( ( 3, 2, 2, 2, 3 ),
 ( 0.3571428571428571508, 0.3750000000000000000, 0.3928571428571428492, 0.4107142857142856984, 0.4285714285714285476 ),
 .UNSPECIFIED. ) 
 CURVE ( )  GEOMETRIC_REPRESENTATION_ITEM ( )  RATIONAL_B_SPLINE_CURVE ( ( 1.000000000000000000, 0.9238795325112867385, 1.000000000000000000, 0.9238795325112867385, 1.000000000000000000, 0.9238795325112867385, 1.000000000000000000, 0.9238795325112867385, 1.000000000000000000 ) ) 
 REPRESENTATION_ITEM ( '' )  );
#619 = CARTESIAN_POINT ( 'NONE',  ( 0.04967067124657179034, -0.1805555555555828917, -0.1199156081756488357 ) ) ;
#620 = EDGE_LOOP ( 'NONE', ( #883, #925 ) ) ;
#621 = FACE_BOUND ( 'NONE', #2443, .T. ) ;
#622 = LOCAL_TIME ( 17, 51, 8.000000000000000000, #1285 ) ;
#623 = DIRECTION ( 'NONE',  ( 0.000000000000000000, -1.000000000000000000, 0.000000000000000000 ) ) ;
#624 = CARTESIAN_POINT ( 'NONE',  ( -0.04967067124657185972, 0.04166666666847266415, -0.1199156081756488357 ) ) ;
#625 = CARTESIAN_POINT ( 'NONE',  ( 0.000000000000000000, 0.05468749999999992367, 0.000000000000000000 ) ) ;
#626 = EDGE_LOOP ( 'NONE', ( #118, #1572, #1531, #1276, #2321, #1891 ) ) ;
#627 = CARTESIAN_POINT ( 'NONE',  ( -0.08479313971111034076, -0.1631944444442773312, 0.08479313971111042403 ) ) ;
#628 = CARTESIAN_POINT ( 'NONE',  ( -0.1153335239324820433, -0.001396891824351118548, -0.03375274632517024503 ) ) ;
#629 = EDGE_CURVE ( 'NONE', #1922, #508, #1810, .T. ) ;
#630 = B_SPLINE_CURVE_WITH_KNOTS ( 'NONE', 3,
 ( #2270, #505, #1889, #116, #2468, #2199, #1433, #450, #1822, #210, #1787, #2225, #2211, #1973, #1033, #250, #1046, #1021 ),
 .UNSPECIFIED., .F., .F.,
 ( 4, 2, 2, 2, 2, 2, 2, 2, 4 ),
 ( 0.000000000000000000, 0.0007480259734760730077, 0.001496051946952146015, 0.002244077920428219457, 0.002992103893904293332, 0.003740129867380367207, 0.004488155840856440648, 0.005236181814332514957, 0.005984207787808588398 ),
 .UNSPECIFIED. ) ;
#631 = CARTESIAN_POINT ( 'NONE',  ( -0.1199156081756488634, -0.1597222222220828769, 0.04967067124657192217 ) ) ;
#632 = CARTESIAN_POINT ( 'NONE',  ( 0.000000000000000000, 0.05468749999999992367, -0.1796874999999998890 ) ) ;
#633 = EDGE_CURVE ( 'NONE', #755, #1041, #2257, .T. ) ;
#634 = CIRCLE ( 'NONE', #2108, 0.1559999999999997777 ) ;
#635 = CARTESIAN_POINT ( 'NONE',  ( 1.910449006669868314E-17, 19685.03937007874265, 0.1559999999999997777 ) ) ;
#636 = CARTESIAN_POINT ( 'NONE',  ( -0.04967067124657176952, 0.006944444445972648705, 0.1199156081756490300 ) ) ;
#637 = CARTESIAN_POINT ( 'NONE',  ( 0.1590070326520296173, -0.1128472222218887128, 6.668158758783350223E-17 ) ) ;
#638 = CALENDAR_DATE ( 2026, 22, 8 ) ;
#639 = CARTESIAN_POINT ( 'NONE',  ( -0.2812500000000001665, 0.05468749999999987510, -0.02717244894848483069 ) ) ;
#640 = ORIENTED_EDGE ( 'NONE', *, *, #604, .T. ) ;
#641 = CARTESIAN_POINT ( 'NONE',  ( -0.2812500000000000555, -0.1490771396884038591, 0.09518414543397310523 ) ) ;
#642 = CARTESIAN_POINT ( 'NONE',  ( -0.006117236723264983349, 0.02392718909682312045, -0.1452396890968231380 ) ) ;
#643 = CARTESIAN_POINT ( 'NONE',  ( -0.08479313971111034076, -0.1562499999998328837, 0.08479313971111042403 ) ) ;
#644 = CARTESIAN_POINT ( 'NONE',  ( 0.000000000000000000, -0.1562500000000001110, 7.641796026679484348E-17 ) ) ;
#645 = DIRECTION ( 'NONE',  ( -0.000000000000000000, -1.000000000000000000, -0.000000000000000000 ) ) ;
#646 = ADVANCED_FACE ( 'NONE', ( #2123 ), #1123, .F. ) ;
#647 = CARTESIAN_POINT ( 'NONE',  ( 0.08479313971111035464, 0.03125000000172264286, -0.08479313971111028525 ) ) ;
#648 = CARTESIAN_POINT ( 'NONE',  ( -3.894549071584535268E-17, -0.2100694444448887310, -0.1590070326520295618 ) ) ;
#649 = APPROVAL_STATUS ( 'not_yet_approved' ) ;
#650 = AXIS2_PLACEMENT_3D ( 'NONE', #772, #1723, #2490 ) ;
#651 = CIRCLE ( 'NONE', #2090, 0.1796874999999997502 ) ;
#652 = CARTESIAN_POINT ( 'NONE',  ( -0.01126021794776427970, -0.1317152059963152821, 0.1514652059963144393 ) ) ;
#653 = ORIENTED_EDGE ( 'NONE', *, *, #712, .F. ) ;
#654 = CARTESIAN_POINT ( 'NONE',  ( -0.2812500000000000555, -0.1468943961016971889, 0.1088148424055088853 ) ) ;
#655 = CARTESIAN_POINT ( 'NONE',  ( -0.2346379537190213527, 0.04578042923071871939, -0.1892912406773847867 ) ) ;
#656 = CARTESIAN_POINT ( 'NONE',  ( 1.910449006669868930E-17, 0.05768749999999999573, 0.1559999999999998610 ) ) ;
#657 = CARTESIAN_POINT ( 'NONE',  ( -0.1103086578651013283, 0.02430555555738986989, -0.1103086578651012173 ) ) ;
#658 = CARTESIAN_POINT ( 'NONE',  ( 0.04420181874410702982, 0.008036849501142445673, 0.1218880230034098816 ) ) ;
#659 = CARTESIAN_POINT ( 'NONE',  ( -0.1590070326520295896, -0.02256944444297149729, 0.06586286943717239994 ) ) ;
#660 = FACE_OUTER_BOUND ( 'NONE', #705, .T. ) ;
#661 = PERSON_AND_ORGANIZATION ( #4, #1286 ) ;
#662 = B_SPLINE_CURVE_WITH_KNOTS ( 'NONE', 3,
 ( #2265, #713, #1049, #1835, #60, #2227 ),
 .UNSPECIFIED., .F., .F.,
 ( 4, 2, 4 ),
 ( 2.339748128085514814E-07, 0.002074917561849732445, 0.004149601148886655766 ),
 .UNSPECIFIED. ) ;
#663 = CARTESIAN_POINT ( 'NONE',  ( -0.09115502514505134657, -0.1093523699524092396, -0.09230259649930698529 ) ) ;
#664 = ORIENTED_EDGE ( 'NONE', *, *, #1856, .F. ) ;
#665 = EDGE_CURVE ( 'NONE', #2297, #797, #1064, .T. ) ;
#666 = CARTESIAN_POINT ( 'NONE',  ( 0.06461731573020279562, -0.1249999999997501166, 0.1559999999999999165 ) ) ;
#667 = ORIENTED_EDGE ( 'NONE', *, *, #1856, .T. ) ;
#668 = CARTESIAN_POINT ( 'NONE',  ( 0.2812499999999997780, -0.1359611746280462719, 0.1623797632095827226 ) ) ;
#669 = CARTESIAN_POINT ( 'NONE',  ( 1.468542657201166138E-17, 0.01736111111266712762, 0.1199156081756489745 ) ) ;
#670 = DIRECTION ( 'NONE',  ( -0.000000000000000000, -1.000000000000000000, -0.000000000000000000 ) ) ;
#671 = CARTESIAN_POINT ( 'NONE',  ( 0.1089804483983059791, 0.01144843126633363420, 0.07634725055090406387 ) ) ;
#672 = CARTESIAN_POINT ( 'NONE',  ( 0.1590070326520296451, -0.1614583333329715209, -0.06586286943717217790 ) ) ;
#673 = PLANE ( 'NONE',  #220 ) ;
#674 = AXIS2_PLACEMENT_3D ( 'NONE', #2361, #784, #1574 ) ;
#675 = AXIS2_PLACEMENT_3D ( 'NONE', #2504, #372, #1512 ) ;
#676 = EDGE_CURVE ( 'NONE', #2152, #1190, #1604, .T. ) ;
#677 = VERTEX_POINT ( 'NONE', #1851 ) ;
#678 = CARTESIAN_POINT ( 'NONE',  ( -0.2812500000000000555, 0.03749167419290001801, 0.1491138452656592672 ) ) ;
#679 = EDGE_CURVE ( 'NONE', #511, #2196, #1079, .T. ) ;
#680 = ORIENTED_EDGE ( 'NONE', *, *, #1297, .T. ) ;
#681 = CARTESIAN_POINT ( 'NONE',  ( -0.1406250000000000833, 0.05468749999999992367, -0.2435696448143734594 ) ) ;
#682 = TOROIDAL_SURFACE ( 'NONE', #810, 0.1796874999999998890, 0.09256249999999999201 ) ;
#683 = CARTESIAN_POINT ( 'NONE',  ( 0.1199156081756489051, -0.07986111111033288024, 6.907524698078900663E-17 ) ) ;
#684 = CARTESIAN_POINT ( 'NONE',  ( -0.06461731573020274011, -0.1249999999993601785, 0.1559999999999999443 ) ) ;
#685 = CARTESIAN_POINT ( 'NONE',  ( 0.000000000000000000, -0.1562500000000001110, 7.641796026679484348E-17 ) ) ;
#686 = CARTESIAN_POINT ( 'NONE',  ( -0.06586286943717235831, -0.09201388888797150389, -0.1590070326520295341 ) ) ;
#687 = CARTESIAN_POINT ( 'NONE',  ( 0.1590070326520296451, 0.001736111112361275266, -0.06586286943717217790 ) ) ;
#688 = PERSON_AND_ORGANIZATION ( #4, #1286 ) ;
#689 = FACE_OUTER_BOUND ( 'NONE', #272, .T. ) ;
#690 = EDGE_LOOP ( 'NONE', ( #535, #1366, #1131, #141 ) ) ;
#691 = B_SPLINE_CURVE_WITH_KNOTS ( 'NONE', 3,
 ( #1621, #639, #446, #1040, #1827, #51 ),
 .UNSPECIFIED., .F., .F.,
 ( 4, 2, 4 ),
 ( 0.01765605404432930153, 0.01972141758824781307, 0.02178678113216632461 ),
 .UNSPECIFIED. ) ;
#692 = AXIS2_PLACEMENT_3D ( 'NONE', #2110, #964, #1735 ) ;
#693 = CARTESIAN_POINT ( 'NONE',  ( 0.2812499999999997780, 0.05468750000000001388, -0.02717244894848477865 ) ) ;
#694 = ORIENTED_EDGE ( 'NONE', *, *, #679, .T. ) ;
#695 = CARTESIAN_POINT ( 'NONE',  ( 0.2580967541911883267, -0.1421945574968482839, 0.1757472959099134480 ) ) ;
#696 = CARTESIAN_POINT ( 'NONE',  ( -2.937085314402332276E-17, -0.2326388888893329010, -0.1199156081756488357 ) ) ;
#697 = CARTESIAN_POINT ( 'NONE',  ( -2.937085314402332276E-17, -0.1215277777773328960, -0.1199156081756488357 ) ) ;
#698 = CARTESIAN_POINT ( 'NONE',  ( 2.139702887470254533E-17, 0.1562499999999999722, 0.1747199999999997921 ) ) ;
#699 = DIRECTION ( 'NONE',  ( 0.000000000000000000, -1.000000000000000000, 0.000000000000000000 ) ) ;
#700 = CARTESIAN_POINT ( 'NONE',  ( -0.1590070326520296173, 0.02951388889077848077, 1.056270783036788549E-16 ) ) ;
#701 = CARTESIAN_POINT ( 'NONE',  ( 1.947274535792267634E-17, -0.07118055555488872477, 0.1590070326520297006 ) ) ;
#702 = SHAPE_DEFINITION_REPRESENTATION ( #538, #2224 ) ;
#703 = CARTESIAN_POINT ( 'NONE',  ( -0.1103086578651013006, -0.01736111110961013893, 0.1103086578651013977 ) ) ;
#704 = CARTESIAN_POINT ( 'NONE',  ( 0.04661204628097868896, -0.1473429292307187055, 0.2978480489513622986 ) ) ;
#705 = EDGE_LOOP ( 'NONE', ( #1927, #2261, #150, #2147, #120, #1818, #1558 ) ) ;
#706 = CARTESIAN_POINT ( 'NONE',  ( -0.02327329769481752478, -0.1422268782079817717, -0.3113226817301313898 ) ) ;
#707 = ORIENTED_EDGE ( 'NONE', *, *, #377, .T. ) ;
#708 = DIRECTION ( 'NONE',  ( -0.000000000000000000, -1.000000000000000000, -0.000000000000000000 ) ) ;
#709 = CARTESIAN_POINT ( 'NONE',  ( -0.08479313971111034076, -0.1562499999998328837, 0.08479313971111042403 ) ) ;
#710 = CARTESIAN_POINT ( 'NONE',  ( 0.08479313971111035464, 0.07986111111316709921, 0.08479313971111039627 ) ) ;
#711 = CARTESIAN_POINT ( 'NONE',  ( 0.1559999999999998610, -0.1076388888881101291, 6.686571523344549729E-17 ) ) ;
#712 = EDGE_CURVE ( 'NONE', #1647, #520, #1444, .T. ) ;
#713 = CARTESIAN_POINT ( 'NONE',  ( 0.02327329769481735131, 0.04066437820798192437, -0.3113226817301313343 ) ) ;
#714 = CARTESIAN_POINT ( 'NONE',  ( 0.1124349510446009254, -0.1579861111107215277, -0.1124349510446008699 ) ) ;
#715 = ADVANCED_FACE ( 'NONE', ( #1636 ), #893, .T. ) ;
#716 = CARTESIAN_POINT ( 'NONE',  ( -0.1124349510446009115, 0.08854166666861128243, 0.1124349510446010225 ) ) ;
#717 = CARTESIAN_POINT ( 'NONE',  ( 0.02327329769481731314, -0.1422268782079817162, 0.3113226817301315563 ) ) ;
#718 = CIRCLE ( 'NONE', #1541, 0.2812500000000001110 ) ;
#719 = ORIENTED_EDGE ( 'NONE', *, *, #1832, .F. ) ;
#720 = B_SPLINE_CURVE_WITH_KNOTS ( 'NONE', 3,
 ( #1547, #2085, #550, #1914, #2310, #1510 ),
 .UNSPECIFIED., .F., .F.,
 ( 4, 2, 4 ),
 ( 0.004149601148886651429, 0.006206140113828778615, 0.008262679078770904934 ),
 .UNSPECIFIED. ) ;
#721 = CARTESIAN_POINT ( 'NONE',  ( -0.1443526084580923352, 0.03468750000006217554, 0.05914663499611899633 ) ) ;
#722 = ORIENTED_EDGE ( 'NONE', *, *, #59, .F. ) ;
#723 = CARTESIAN_POINT ( 'NONE',  ( -0.06586286943717235831, 0.1267361111133612772, -0.1590070326520295341 ) ) ;
#724 = CARTESIAN_POINT ( 'NONE',  ( -0.08479313971111034076, -0.1006944444438328812, 0.08479313971111042403 ) ) ;
#725 = CARTESIAN_POINT ( 'NONE',  ( -0.2812499999999999445, -0.1543801754814666249, -0.05431064628296203289 ) ) ;
#726 = DIRECTION ( 'NONE',  ( -0.000000000000000000, -1.000000000000000000, -0.000000000000000000 ) ) ;
#727 = CARTESIAN_POINT ( 'NONE',  ( 0.000000000000000000, 0.05468749999999975020, 7.641796026679484348E-17 ) ) ;
#728 = EDGE_CURVE ( 'NONE', #910, #77, #324, .T. ) ;
#729 = CARTESIAN_POINT ( 'NONE',  ( 0.04967067124657179034, -0.09722222222152734905, 0.1199156081756489745 ) ) ;
#730 = CARTESIAN_POINT ( 'NONE',  ( 1.910449006669868930E-17, -0.06597222222111014112, 0.1559999999999999165 ) ) ;
#731 = ORIENTED_EDGE ( 'NONE', *, *, #822, .F. ) ;
#732 = CARTESIAN_POINT ( 'NONE',  ( -0.2812500000000000000, 0.04751463968840398400, 0.09518414543397281380 ) ) ;
#733 = ORIENTED_EDGE ( 'NONE', *, *, #2097, .T. ) ;
#734 = CARTESIAN_POINT ( 'NONE',  ( 0.04967067124657179034, -0.1805555555555828917, -0.1199156081756488357 ) ) ;
#735 = AXIS2_PLACEMENT_3D ( 'NONE', #527, #726, #1915 ) ;
#736 = DIRECTION ( 'NONE',  ( -0.000000000000000000, -1.000000000000000000, -0.000000000000000000 ) ) ;
#737 = CARTESIAN_POINT ( 'NONE',  ( 2.200537217217899042E-17, 0.05468749999999992367, 0.1796874999999998890 ) ) ;
#738 = CARTESIAN_POINT ( 'NONE',  ( -0.1124349510446009115, 0.09201388889127849746, 0.1124349510446010225 ) ) ;
#739 = CARTESIAN_POINT ( 'NONE',  ( -0.08479313971111035464, -0.01041666666527733126, -0.08479313971111024362 ) ) ;
#740 = CARTESIAN_POINT ( 'NONE',  ( -0.04967067124657185972, -0.06944444444352734780, -0.1199156081756488357 ) ) ;
#741 = ORIENTED_EDGE ( 'NONE', *, *, #744, .F. ) ;
#742 = FACE_OUTER_BOUND ( 'NONE', #1800, .T. ) ;
#743 = ORIENTED_EDGE ( 'NONE', *, *, #2048, .F. ) ;
#744 = EDGE_CURVE ( 'NONE', #2122, #2132, #1705, .T. ) ;
#745 = CIRCLE ( 'NONE', #416, 0.1796874999999998057 ) ;
#746 = CARTESIAN_POINT ( 'NONE',  ( 0.000000000000000000, 0.05768750000000003042, 0.000000000000000000 ) ) ;
#747 = CARTESIAN_POINT ( 'NONE',  ( 0.000000000000000000, 0.05468749999999992367, 0.000000000000000000 ) ) ;
#748 = CARTESIAN_POINT ( 'NONE',  ( -0.1199156081756489051, 0.05902777777966709827, 9.844610012481234172E-17 ) ) ;
#749 = DIRECTION ( 'NONE',  ( 0.000000000000000000, 1.368112977596286306E-15, -1.000000000000000000 ) ) ;
#750 = CARTESIAN_POINT ( 'NONE',  ( -0.1199156081756488773, -0.006944444443027341513, -0.04967067124657172789 ) ) ;
#751 = CARTESIAN_POINT ( 'NONE',  ( 0.08479313971111035464, -0.07986111111027734133, -0.08479313971111028525 ) ) ;
#752 = ORIENTED_EDGE ( 'NONE', *, *, #665, .F. ) ;
#753 = CARTESIAN_POINT ( 'NONE',  ( -0.1512008862505586360, 0.03158631203772713919, -0.02585703459618987968 ) ) ;
#754 = CARTESIAN_POINT ( 'NONE',  ( -0.02869216849558386268, -0.1001656081756493177, 0.1166543517047240186 ) ) ;
#755 = VERTEX_POINT ( 'NONE', #41 ) ;
#756 = AXIS2_PLACEMENT_3D ( 'NONE', #2106, #1734, #1719 ) ;
#757 = EDGE_CURVE ( 'NONE', #2458, #1245, #1689, .T. ) ;
#758 = CARTESIAN_POINT ( 'NONE',  ( -3.820898013339737860E-17, -0.1006944444440000946, -0.1559999999999997777 ) ) ;
#759 = ORIENTED_EDGE ( 'NONE', *, *, #2235, .T. ) ;
#760 = CARTESIAN_POINT ( 'NONE',  ( 0.1424589581755221490, -0.1224219875100392707, -0.002363266698001595910 ) ) ;
#761 = CARTESIAN_POINT ( 'NONE',  ( -0.08479313971111035464, 0.1076388888911671282, -0.08479313971111024362 ) ) ;
#762 = CARTESIAN_POINT ( 'NONE',  ( 1.947274535792267634E-17, 0.09895833333577851165, 0.1590070326520297006 ) ) ;
#763 = CARTESIAN_POINT ( 'NONE',  ( -0.04967067124657176952, -0.1041666666660273494, 0.1199156081756490300 ) ) ;
#764 = CARTESIAN_POINT ( 'NONE',  ( 0.04967067124657179034, -0.09722222222152734905, 0.1199156081756489745 ) ) ;
#765 = CARTESIAN_POINT ( 'NONE',  ( -0.08479313971111035464, -0.06597222222127735458, -0.08479313971111024362 ) ) ;
#766 = LINE ( 'NONE', #2082, #1077 ) ;
#767 = CARTESIAN_POINT ( 'NONE',  ( -0.1149802923114279229, -0.1073991443802676943, -0.05465349852462867558 ) ) ;
#768 = ORIENTED_EDGE ( 'NONE', *, *, #2202, .T. ) ;
#769 = CARTESIAN_POINT ( 'NONE',  ( 1.910449006669868314E-17, 19685.03937007874265, 0.1559999999999997777 ) ) ;
#770 = ORIENTED_EDGE ( 'NONE', *, *, #2156, .F. ) ;
#771 = AXIS2_PLACEMENT_3D ( 'NONE', #365, #2154, #545 ) ;
#772 = CARTESIAN_POINT ( 'NONE',  ( 0.000000000000000000, 19685.03937007874265, 0.000000000000000000 ) ) ;
#773 = CARTESIAN_POINT ( 'NONE',  ( 0.1199156081756489051, 0.09027777777991709274, -0.04967067124657170707 ) ) ;
#774 = DIRECTION ( 'NONE',  ( -0.000000000000000000, -1.000000000000000000, -1.365805589135462294E-15 ) ) ;
#775 = EDGE_CURVE ( 'NONE', #2420, #1177, #484, .T. ) ;
#776 = CARTESIAN_POINT ( 'NONE',  ( 0.1199156081756489051, 0.02430555555722266337, 6.907524698078900663E-17 ) ) ;
#777 = CARTESIAN_POINT ( 'NONE',  ( 0.08479313971111035464, -0.02430555555427735617, -0.08479313971111028525 ) ) ;
#778 = CARTESIAN_POINT ( 'NONE',  ( -0.08479313971111034076, -0.05208333333227734008, 0.08479313971111042403 ) ) ;
#779 = DIRECTION ( 'NONE',  ( 0.000000000000000000, 0.000000000000000000, -1.000000000000000000 ) ) ;
#780 = CYLINDRICAL_SURFACE ( 'NONE', #771, 0.1559999999999997777 ) ;
#781 = VERTEX_POINT ( 'NONE', #2457 ) ;
#782 = B_SPLINE_CURVE_WITH_KNOTS ( 'NONE', 3,
 ( #1150, #1319, #1347, #2125, #954, #2518 ),
 .UNSPECIFIED., .F., .F.,
 ( 4, 2, 4 ),
 ( 2.339748128082238650E-07, 0.002074917561849730276, 0.004149601148886652296 ),
 .UNSPECIFIED. ) ;
#783 = CARTESIAN_POINT ( 'NONE',  ( -0.04967067124657185972, 0.1041666666689170934, -0.1199156081756488357 ) ) ;
#784 = DIRECTION ( 'NONE',  ( -0.000000000000000000, -1.000000000000000000, -1.365805589135462294E-15 ) ) ;
#785 = ORIENTED_EDGE ( 'NONE', *, *, #13, .T. ) ;
#786 = CARTESIAN_POINT ( 'NONE',  ( 1.910449006669868930E-17, -0.06597222222111014112, 0.1559999999999999165 ) ) ;
#787 = ADVANCED_FACE ( 'NONE', ( #497 ), #1023, .F. ) ;
#788 = CARTESIAN_POINT ( 'NONE',  ( -0.1199156081756488634, 0.06250000000191711924, 0.04967067124657192217 ) ) ;
#789 = DIRECTION ( 'NONE',  ( 0.000000000000000000, 0.000000000000000000, -1.000000000000000000 ) ) ;
#790 = FACE_BOUND ( 'NONE', #422, .T. ) ;
#791 = EDGE_CURVE ( 'NONE', #285, #233, #2093, .T. ) ;
#792 = CARTESIAN_POINT ( 'NONE',  ( -0.1199156081756488773, -0.006944444443027341513, -0.04967067124657172789 ) ) ;
#793 = CARTESIAN_POINT ( 'NONE',  ( -0.1165317137998981428, -0.001396891824351134161, 0.02828626456417286661 ) ) ;
#794 = CARTESIAN_POINT ( 'NONE',  ( 0.000000000000000000, -0.1562499999999999722, 0.000000000000000000 ) ) ;
#795 = CARTESIAN_POINT ( 'NONE',  ( -0.04967067124657176952, -0.04166666666558289933, 0.1199156081756490300 ) ) ;
#796 = CARTESIAN_POINT ( 'NONE',  ( -3.820898013339737860E-17, -0.04513888888800009214, -0.1559999999999997777 ) ) ;
#797 = VERTEX_POINT ( 'NONE', #1901 ) ;
#798 = CARTESIAN_POINT ( 'NONE',  ( -0.1199156081756488773, -0.1736111111110273109, -0.04967067124657172789 ) ) ;
#799 = CARTESIAN_POINT ( 'NONE',  ( 0.000000000000000000, -0.1362500000000000377, 7.641796026679484348E-17 ) ) ;
#800 =( BOUNDED_SURFACE ( )  B_SPLINE_SURFACE ( 1, 2, ( 
 ( #648, #2039, #2192, #1450, #832, #2402, #1848, #75, #1219, #1439, #2426, #441, #879, #1076, #1270, #1426, #2244, #2001, #865, #1667, #1026, #2215, #2051, #1815, #1620, #283, #2389, #62, #637, #1230, #844, #240, #454, #46, #1242, #1644, #2414, #1725, #1296, #1125, #701, #541, #1487, #1502, #345, #1115, #2073, #529, #1088, #2492, #1873, #296, #2283, #2112, #2268, #1140, #1513, #147, #126, #941, #2441, #687, #1695, #308, #1473, #2467, #2255, #101, #890, #493, #1898, #518, #1101, #1284, #504, #2062, #1680, #2292, #1887, #917, #115, #1711, #2453, #1320, #1310, #905, #716, #2089, #323, #2479, #252, #1255, #84, #368, #1561, #936, #923, #723, #1496, #2500, #109, #1096, #1339, #2308, #911, #303, #2105 ),
 ( #696, #1881, #2460, #290, #1718, #96, #1733, #2096, #1508, #898, #2486, #1688, #1675, #330, #1304, #734, #2288, #1523, #1132, #142, #1534, #547, #709, #885, #1084, #1866, #1481, #2276, #513, #2083, #316, #1110, #601, #1979, #1583, #1793, #1183, #2356, #203, #999, #1963, #1392, #809, #1782, #1404, #613, #2367, #2551, #1598, #392, #12, #2179, #2119, #986, #190, #795, #2166, #407, #1197, #2336, #2124, #1298, #1385, #906, #357, #1940, #2076, #157, #2161, #1956, #2530, #1537, #1102, #2314, #1682, #182, #1149, #2544, #2146, #1930, #579, #554, #1773, #594, #748, #788, #1371, #1875, #370, #1747, #2136, #309, #1346, #773, #966, #953, #400, #2517, #761, #980, #1577, #1490, #1551, #1698, #1564, #2349, #1759 ) ),
 .UNSPECIFIED., .F., .F., .T. ) 
 B_SPLINE_SURFACE_WITH_KNOTS ( ( 2, 2 ),
 ( 3, 2, 2, 2, 2, 2, 2, 2, 2, 2, 2, 2, 2, 2, 2, 2, 2, 2, 2, 2, 2, 2, 2, 2, 2, 2, 2, 2, 2, 2, 2, 2, 2, 2, 2, 2, 2, 2, 2, 2, 2, 2, 2, 2, 2, 2, 2, 2, 2, 2, 2, 2, 2, 3 ),
 ( 0.000000000000000000, 1.000000000000000000 ),
 ( 0.000000000000000000, 0.01785714285714285615, 0.03571428571428571230, 0.05357142857142856845, 0.07142857142857142461, 0.08928571428571428770, 0.1071428571428571369, 0.1250000000000000000, 0.1428571428571428492, 0.1607142857142857262, 0.1785714285714285754, 0.1964285714285714246, 0.2142857142857142738, 0.2321428571428571508, 0.2500000000000000000, 0.2678571428571428492, 0.2857142857142856984, 0.3035714285714285476, 0.3214285714285714524, 0.3392857142857143016, 0.3571428571428571508, 0.3750000000000000000, 0.3928571428571428492, 0.4107142857142856984, 0.4285714285714285476, 0.4464285714285714524, 0.4642857142857143016, 0.4821428571428571508, 0.5000000000000000000, 0.5178571428571429047, 0.5357142857142856984, 0.5535714285714286031, 0.5714285714285713969, 0.5892857142857143016, 0.6071428571428570953, 0.6250000000000000000, 0.6428571428571429047, 0.6607142857142856984, 0.6785714285714286031, 0.6964285714285713969, 0.7142857142857143016, 0.7321428571428570953, 0.7500000000000000000, 0.7678571428571429047, 0.7857142857142856984, 0.8035714285714286031, 0.8214285714285713969, 0.8392857142857143016, 0.8571428571428570953, 0.8750000000000000000, 0.8928571428571429047, 0.9107142857142856984, 0.9285714285714286031, 0.9464285714285713969 ),
 .UNSPECIFIED. ) 
 GEOMETRIC_REPRESENTATION_ITEM ( )  RATIONAL_B_SPLINE_SURFACE ( (
 ( 1.000000000000000000, 0.9238795325112867385, 1.000000000000000000, 0.9238795325112867385, 1.000000000000000000, 0.9238795325112867385, 1.000000000000000000, 0.9238795325112867385, 1.000000000000000000, 0.9238795325112867385, 1.000000000000000000, 0.9238795325112867385, 1.000000000000000000, 0.9238795325112867385, 1.000000000000000000, 0.9238795325112867385, 1.000000000000000000, 0.9238795325112867385, 1.000000000000000000, 0.9238795325112867385, 1.000000000000000000, 0.9238795325112867385, 1.000000000000000000, 0.9238795325112867385, 1.000000000000000000, 0.9238795325112867385, 1.000000000000000000, 0.9238795325112867385, 1.000000000000000000, 0.9238795325112867385, 1.000000000000000000, 0.9238795325112867385, 1.000000000000000000, 0.9238795325112867385, 1.000000000000000000, 0.9238795325112867385, 1.000000000000000000, 0.9238795325112867385, 1.000000000000000000, 0.9238795325112867385, 1.000000000000000000, 0.9238795325112867385, 1.000000000000000000, 0.9238795325112867385, 1.000000000000000000, 0.9238795325112867385, 1.000000000000000000, 0.9238795325112867385, 1.000000000000000000, 0.9238795325112867385, 1.000000000000000000, 0.9238795325112867385, 1.000000000000000000, 0.9238795325112867385, 1.000000000000000000, 0.9238795325112867385, 1.000000000000000000, 0.9238795325112867385, 1.000000000000000000, 0.9238795325112867385, 1.000000000000000000, 0.9238795325112867385, 1.000000000000000000, 0.9238795325112867385, 1.000000000000000000, 0.9238795325112867385, 1.000000000000000000, 0.9238795325112867385, 1.000000000000000000, 0.9238795325112867385, 1.000000000000000000, 0.9238795325112867385, 1.000000000000000000, 0.9238795325112867385, 1.000000000000000000, 0.9238795325112867385, 1.000000000000000000, 0.9238795325112867385, 1.000000000000000000, 0.9238795325112867385, 1.000000000000000000, 0.9238795325112867385, 1.000000000000000000, 0.9238795325112867385, 1.000000000000000000, 0.9238795325112867385, 1.000000000000000000, 0.9238795325112867385, 1.000000000000000000, 0.9238795325112867385, 1.000000000000000000, 0.9238795325112867385, 1.000000000000000000, 0.9238795325112867385, 1.000000000000000000, 0.9238795325112867385, 1.000000000000000000, 0.9238795325112867385, 1.000000000000000000, 0.9238795325112867385, 1.000000000000000000, 0.9238795325112867385, 1.000000000000000000, 0.9238795325112867385, 1.000000000000000000, 0.9238795325112867385, 1.000000000000000000),
 ( 1.000000000000000000, 0.9238795325112867385, 1.000000000000000000, 0.9238795325112867385, 1.000000000000000000, 0.9238795325112867385, 1.000000000000000000, 0.9238795325112867385, 1.000000000000000000, 0.9238795325112867385, 1.000000000000000000, 0.9238795325112867385, 1.000000000000000000, 0.9238795325112867385, 1.000000000000000000, 0.9238795325112867385, 1.000000000000000000, 0.9238795325112867385, 1.000000000000000000, 0.9238795325112867385, 1.000000000000000000, 0.9238795325112867385, 1.000000000000000000, 0.9238795325112867385, 1.000000000000000000, 0.9238795325112867385, 1.000000000000000000, 0.9238795325112867385, 1.000000000000000000, 0.9238795325112867385, 1.000000000000000000, 0.9238795325112867385, 1.000000000000000000, 0.9238795325112867385, 1.000000000000000000, 0.9238795325112867385, 1.000000000000000000, 0.9238795325112867385, 1.000000000000000000, 0.9238795325112867385, 1.000000000000000000, 0.9238795325112867385, 1.000000000000000000, 0.9238795325112867385, 1.000000000000000000, 0.9238795325112867385, 1.000000000000000000, 0.9238795325112867385, 1.000000000000000000, 0.9238795325112867385, 1.000000000000000000, 0.9238795325112867385, 1.000000000000000000, 0.9238795325112867385, 1.000000000000000000, 0.9238795325112867385, 1.000000000000000000, 0.9238795325112867385, 1.000000000000000000, 0.9238795325112867385, 1.000000000000000000, 0.9238795325112867385, 1.000000000000000000, 0.9238795325112867385, 1.000000000000000000, 0.9238795325112867385, 1.000000000000000000, 0.9238795325112867385, 1.000000000000000000, 0.9238795325112867385, 1.000000000000000000, 0.9238795325112867385, 1.000000000000000000, 0.9238795325112867385, 1.000000000000000000, 0.9238795325112867385, 1.000000000000000000, 0.9238795325112867385, 1.000000000000000000, 0.9238795325112867385, 1.000000000000000000, 0.9238795325112867385, 1.000000000000000000, 0.9238795325112867385, 1.000000000000000000, 0.9238795325112867385, 1.000000000000000000, 0.9238795325112867385, 1.000000000000000000, 0.9238795325112867385, 1.000000000000000000, 0.9238795325112867385, 1.000000000000000000, 0.9238795325112867385, 1.000000000000000000, 0.9238795325112867385, 1.000000000000000000, 0.9238795325112867385, 1.000000000000000000, 0.9238795325112867385, 1.000000000000000000, 0.9238795325112867385, 1.000000000000000000, 0.9238795325112867385, 1.000000000000000000, 0.9238795325112867385, 1.000000000000000000) ) ) 
 REPRESENTATION_ITEM ( '' )  SURFACE ( )  );
#801 = VERTEX_POINT ( 'NONE', #1521 ) ;
#802 = AXIS2_PLACEMENT_3D ( 'NONE', #644, #1434, #451 ) ;
#803 = PLANE ( 'NONE',  #1 ) ;
#804 = CARTESIAN_POINT ( 'NONE',  ( -0.1165317137998981428, -0.001396891824351134161, 0.02828626456417286661 ) ) ;
#805 = CC_DESIGN_PERSON_AND_ORGANIZATION_ASSIGNMENT ( #661, #2178, ( #563 ) ) ;
#806 = DIRECTION ( 'NONE',  ( 0.000000000000000000, 0.000000000000000000, -1.000000000000000000 ) ) ;
#807 = CARTESIAN_POINT ( 'NONE',  ( 0.04967067124657179034, 0.09027777777997267328, -0.1199156081756488357 ) ) ;
#808 = CARTESIAN_POINT ( 'NONE',  ( -0.07934738479717616533, -0.1001656081756493039, 0.08990965248506206653 ) ) ;
#809 = CARTESIAN_POINT ( 'NONE',  ( 0.08479313971111035464, -0.08680555555483289443, 0.08479313971111039627 ) ) ;
#810 = AXIS2_PLACEMENT_3D ( 'NONE', #2091, #494, #128 ) ;
#811 = CARTESIAN_POINT ( 'NONE',  ( 0.000000000000000000, 0.05768750000000003042, 0.000000000000000000 ) ) ;
#812 = VERTEX_POINT ( 'NONE', #1275 ) ;
#813 = CARTESIAN_POINT ( 'NONE',  ( 0.1199156081756489051, -0.2013888888890274231, 0.04967067124657185279 ) ) ;
#814 = CARTESIAN_POINT ( 'NONE',  ( 0.2812499999999997780, 0.05281870583307209793, 0.05435009121564166046 ) ) ;
#815 = CARTESIAN_POINT ( 'NONE',  ( 0.1199156081756489051, -0.1875000000000829059, -0.04967067124657170707 ) ) ;
#816 = EDGE_LOOP ( 'NONE', ( #2159, #1806 ) ) ;
#817 = DIRECTION ( 'NONE',  ( -0.000000000000000000, -1.000000000000000000, -0.000000000000000000 ) ) ;
#818 = AXIS2_PLACEMENT_3D ( 'NONE', #1955, #181, #1453 ) ;
#819 = CARTESIAN_POINT ( 'NONE',  ( 0.000000000000000000, -0.1359611746280462719, 0.000000000000000000 ) ) ;
#820 = CARTESIAN_POINT ( 'NONE',  ( -0.1124349510446009115, -0.1857638888887215012, 0.1124349510446010225 ) ) ;
#821 = CARTESIAN_POINT ( 'NONE',  ( -0.07652684784633892456, -0.1342453780878803682, 0.1341162631970731489 ) ) ;
#822 = EDGE_CURVE ( 'NONE', #823, #1080, #1983, .T. ) ;
#823 = VERTEX_POINT ( 'NONE', #130 ) ;
#824 = CARTESIAN_POINT ( 'NONE',  ( -0.1199156081756489051, -0.1145833333327773568, 9.844610012481234172E-17 ) ) ;
#825 = EDGE_CURVE ( 'NONE', #2545, #1369, #119, .T. ) ;
#826 = CARTESIAN_POINT ( 'NONE',  ( -0.1161020103139436127, 0.02374471201684523469, 0.08752068519192875151 ) ) ;
#827 = CARTESIAN_POINT ( 'NONE',  ( -2.937085314402332276E-17, -0.2326388888893329010, -0.1199156081756488357 ) ) ;
#828 = CARTESIAN_POINT ( 'NONE',  ( -0.1103086578651013283, -0.03819444444350009876, -0.1103086578651011895 ) ) ;
#829 = AXIS2_PLACEMENT_3D ( 'NONE', #202, #1351, #2355 ) ;
#830 = CARTESIAN_POINT ( 'NONE',  ( -0.1406250000000001110, 0.05468749999999992367, 0.2435696448143735149 ) ) ;
#831 = CARTESIAN_POINT ( 'NONE',  ( -0.08479313971111034076, 0.05902777777972265799, 0.08479313971111042403 ) ) ;
#832 = CARTESIAN_POINT ( 'NONE',  ( -0.1590070326520296173, -0.1961805555558887304, 1.056270783036788549E-16 ) ) ;
#833 = APPROVAL_ROLE ( '' ) ;
#834 = CARTESIAN_POINT ( 'NONE',  ( 0.000000000000000000, 0.05468749999999992367, 0.000000000000000000 ) ) ;
#835 = ORIENTED_EDGE ( 'NONE', *, *, #1952, .T. ) ;
#836 = CARTESIAN_POINT ( 'NONE',  ( 0.08633006655094087323, -0.1277999141300370789, 0.1200254452701427638 ) ) ;
#837 = DIRECTION ( 'NONE',  ( -0.000000000000000000, -1.000000000000000000, -0.000000000000000000 ) ) ;
#838 = EDGE_CURVE ( 'NONE', #1369, #1302, #1913, .T. ) ;
#839 = CARTESIAN_POINT ( 'NONE',  ( 0.1199156081756489051, -0.1909722222223328714, 6.907524698078900663E-17 ) ) ;
#840 = FACE_OUTER_BOUND ( 'NONE', #816, .T. ) ;
#841 = AXIS2_PLACEMENT_3D ( 'NONE', #159, #774, #2337 ) ;
#842 = CARTESIAN_POINT ( 'NONE',  ( 0.000000000000000000, -0.1562499999999999722, 0.000000000000000000 ) ) ;
#843 = CARTESIAN_POINT ( 'NONE',  ( -0.1590070326520295896, -0.2517361111114714833, -0.06586286943717220566 ) ) ;
#844 = CARTESIAN_POINT ( 'NONE',  ( 0.1124349510446009254, -0.1059027777773887125, -0.1124349510446008699 ) ) ;
#845 = CARTESIAN_POINT ( 'NONE',  ( -3.268794930668926202E-17, -0.1137086810231649758, -0.1334586810231646603 ) ) ;
#846 = ORIENTED_EDGE ( 'NONE', *, *, #1860, .T. ) ;
#847 = CARTESIAN_POINT ( 'NONE',  ( -3.820898013339737860E-17, -0.1006944444440000946, -0.1559999999999997777 ) ) ;
#848 = CARTESIAN_POINT ( 'NONE',  ( -0.1877777496598130591, 0.05280326345091705675, -0.2163459921052493795 ) ) ;
#849 = CARTESIAN_POINT ( 'NONE',  ( -0.1199156081756488773, -0.1666666666665828911, -0.04967067124657172789 ) ) ;
#850 = DIRECTION ( 'NONE',  ( 0.000000000000000000, 0.000000000000000000, 1.000000000000000000 ) ) ;
#851 = CARTESIAN_POINT ( 'NONE',  ( 0.1323370358503332678, 0.01373827323072347902, 0.02836746283435582355 ) ) ;
#852 = CARTESIAN_POINT ( 'NONE',  ( 0.1199156081756489051, 0.02083333333497263892, 0.04967067124657185279 ) ) ;
#853 = ADVANCED_FACE ( 'NONE', ( #2273 ), #187, .T. ) ;
#854 = PLANE ( 'NONE',  #14 ) ;
#855 = CIRCLE ( 'NONE', #2523, 0.2722013714261271033 ) ;
#856 = CARTESIAN_POINT ( 'NONE',  ( 0.2812500000000001665, -0.1562499999999999722, 0.000000000000000000 ) ) ;
#857 = ORIENTED_EDGE ( 'NONE', *, *, #1187, .F. ) ;
#858 = CARTESIAN_POINT ( 'NONE',  ( 0.06461731573020278174, -0.1041666666662500879, -0.1559999999999997777 ) ) ;
#859 = PLANE ( 'NONE',  #880 ) ;
#860 = CARTESIAN_POINT ( 'NONE',  ( -0.1199156081756488773, 1.417111998613415628E-12, -0.04967067124657172789 ) ) ;
#861 = CARTESIAN_POINT ( 'NONE',  ( 1.910449006669868930E-17, -0.1215277777771101436, 0.1559999999999999165 ) ) ;
#862 = EDGE_CURVE ( 'NONE', #1221, #2055, #1435, .T. ) ;
#863 = CARTESIAN_POINT ( 'NONE',  ( 0.06080141939109825339, 0.008825931137977699112, 0.1154055257545318208 ) ) ;
#864 = CARTESIAN_POINT ( 'NONE',  ( 0.06586286943717226117, -0.008680555553971505342, 0.1590070326520296728 ) ) ;
#865 = CARTESIAN_POINT ( 'NONE',  ( -0.1124349510446009531, -0.1475694444443887143, -0.1124349510446008282 ) ) ;
#866 = PERSON_AND_ORGANIZATION ( #4, #1286 ) ;
#867 = CC_DESIGN_APPROVAL ( #227, ( #1615 ) ) ;
#868 = EDGE_CURVE ( 'NONE', #285, #781, #564, .T. ) ;
#869 = CARTESIAN_POINT ( 'NONE',  ( -0.1406250000000001110, 0.05468749999999992367, 0.2435696448143735149 ) ) ;
#870 = VERTEX_POINT ( 'NONE', #93 ) ;
#871 = B_SPLINE_CURVE_WITH_KNOTS ( 'NONE', 3,
 ( #2391, #652, #432, #2180, #2015, #821, #15, #1417, #421, #1027 ),
 .UNSPECIFIED., .F., .F.,
 ( 4, 2, 2, 2, 4 ),
 ( 0.01909748955933260675, 0.01995617664611025813, 0.02081486373288790950, 0.02167355081966556088, 0.02253223790644321226 ),
 .UNSPECIFIED. ) ;
#872 = DIRECTION ( 'NONE',  ( 0.000000000000000000, 0.000000000000000000, -1.000000000000000000 ) ) ;
#873 = VERTEX_POINT ( 'NONE', #721 ) ;
#874 = CARTESIAN_POINT ( 'NONE',  ( 0.007468651106036000922, -0.1001656081756493594, 0.1196827988258633846 ) ) ;
#875 = CARTESIAN_POINT ( 'NONE',  ( -0.1199156081756488634, -0.1041666666660829160, 0.04967067124657192217 ) ) ;
#876 = CARTESIAN_POINT ( 'NONE',  ( 0.000000000000000000, -0.1562499999999999722, 0.000000000000000000 ) ) ;
#877 = DIRECTION ( 'NONE',  ( 0.000000000000000000, 0.000000000000000000, -1.000000000000000000 ) ) ;
#878 = CARTESIAN_POINT ( 'NONE',  ( 0.1124349510446009254, -0.06076388888772151636, 0.1124349510446009809 ) ) ;
#879 = CARTESIAN_POINT ( 'NONE',  ( 0.1590070326520296173, -0.1684027777778887014, 6.668158758783350223E-17 ) ) ;
#880 = AXIS2_PLACEMENT_3D ( 'NONE', #1880, #1455, #1853 ) ;
#881 = CARTESIAN_POINT ( 'NONE',  ( -3.073328992872296367E-16, 0.03439867462804650083, 0.3247595264191645570 ) ) ;
#882 = ORIENTED_EDGE ( 'NONE', *, *, #1326, .T. ) ;
#883 = ORIENTED_EDGE ( 'NONE', *, *, #1107, .T. ) ;
#884 = DIRECTION ( 'NONE',  ( -0.000000000000000000, -1.000000000000000000, -1.365805589135462294E-15 ) ) ;
#885 = CARTESIAN_POINT ( 'NONE',  ( -0.04967067124657176952, -0.1527777777775828905, 0.1199156081756490300 ) ) ;
#886 = CARTESIAN_POINT ( 'NONE',  ( 0.1199156081756489051, -0.02777777777658288830, 0.04967067124657185279 ) ) ;
#887 = CARTESIAN_POINT ( 'NONE',  ( -0.1443526084580923352, 0.03468750000006217554, 0.05914663499611899633 ) ) ;
#888 = CARTESIAN_POINT ( 'NONE',  ( 0.1362075519412240809, 0.01552565029153811504, -0.01588108981638043302 ) ) ;
#889 = CARTESIAN_POINT ( 'NONE',  ( 0.1590070326520296173, -0.1093749999992214977, 6.668158758783350223E-17 ) ) ;
#890 = CARTESIAN_POINT ( 'NONE',  ( -0.1590070326520296173, 0.02604166666811126921, 1.056270783036788549E-16 ) ) ;
#891 = CARTESIAN_POINT ( 'NONE',  ( -0.1406250000000001110, 0.05468749999999992367, 0.2435696448143735149 ) ) ;
#892 = CARTESIAN_POINT ( 'NONE',  ( 0.000000000000000000, 0.1502499999999999114, -0.1796874999999998890 ) ) ;
#893 = CONICAL_SURFACE ( 'NONE', #818, 0.2812499999999999445, 1.134464013796318893 ) ;
#894 = ORIENTED_EDGE ( 'NONE', *, *, #2075, .T. ) ;
#895 = CARTESIAN_POINT ( 'NONE',  ( -0.2812500000000000555, 0.05281870583307198691, 0.05435009121564146617 ) ) ;
#896 = EDGE_LOOP ( 'NONE', ( #1169, #1145, #1954, #733 ) ) ;
#897 = CARTESIAN_POINT ( 'NONE',  ( 0.000000000000000000, -0.1359611746280462719, 0.000000000000000000 ) ) ;
#898 = CARTESIAN_POINT ( 'NONE',  ( 0.04967067124657179034, -0.2013888888890829065, 0.1199156081756489745 ) ) ;
#899 = EDGE_CURVE ( 'NONE', #1190, #394, #2328, .T. ) ;
#900 = CARTESIAN_POINT ( 'NONE',  ( -0.04967067124657185972, 0.04861111111291709780, -0.1199156081756488357 ) ) ;
#901 = DIRECTION ( 'NONE',  ( 0.000000000000000000, 0.4226182617407011066, 0.9063077870366492705 ) ) ;
#902 = ORIENTED_EDGE ( 'NONE', *, *, #728, .F. ) ;
#903 = CARTESIAN_POINT ( 'NONE',  ( 0.1352294665764589010, 0.01589258702651109509, -0.02483910897975855417 ) ) ;
#904 = CARTESIAN_POINT ( 'NONE',  ( 0.1590070326520296173, -0.05381944444322150217, 6.668158758783350223E-17 ) ) ;
#905 = CARTESIAN_POINT ( 'NONE',  ( -0.1590070326520295896, 0.08506944444636130309, 0.06586286943717239994 ) ) ;
#906 = CARTESIAN_POINT ( 'NONE',  ( 0.04967067124657179034, -0.01388888888758288247, -0.1199156081756488357 ) ) ;
#907 = CARTESIAN_POINT ( 'NONE',  ( 0.1406249999999999722, -0.1562499999999999722, 0.2435696448143735149 ) ) ;
#908 = VERTEX_POINT ( 'NONE', #2080 ) ;
#909 = CARTESIAN_POINT ( 'NONE',  ( 0.2812500000000000000, 0.03439867462804650083, -0.1623797632095822230 ) ) ;
#910 = VERTEX_POINT ( 'NONE', #339 ) ;
#911 = CARTESIAN_POINT ( 'NONE',  ( 1.947274535792267634E-17, 0.1510416666691112852, 0.1590070326520297006 ) ) ;
#912 = CARTESIAN_POINT ( 'NONE',  ( 0.1199156081756489051, 0.08333333333541712018, 0.04967067124657185279 ) ) ;
#913 = CARTESIAN_POINT ( 'NONE',  ( -0.1103086578651013283, -0.09374999999950009433, -0.1103086578651011895 ) ) ;
#914 = EDGE_CURVE ( 'NONE', #2525, #963, #1525, .T. ) ;
#915 = CARTESIAN_POINT ( 'NONE',  ( -3.268794930668926202E-17, -0.1137086810231649758, -0.1334586810231646603 ) ) ;
#916 = CARTESIAN_POINT ( 'NONE',  ( -0.1124349510446009531, -0.08854166666572151068, -0.1124349510446008282 ) ) ;
#917 = CARTESIAN_POINT ( 'NONE',  ( 0.06586286943717226117, 0.06423611111286130215, -0.1590070326520295618 ) ) ;
#918 = CARTESIAN_POINT ( 'NONE',  ( 0.1199156081756489051, -0.08680555555477734164, 6.907524698078900663E-17 ) ) ;
#919 = ORIENTED_EDGE ( 'NONE', *, *, #2232, .T. ) ;
#920 = AXIS2_PLACEMENT_3D ( 'NONE', #6, #1578, #2021 ) ;
#921 = CARTESIAN_POINT ( 'NONE',  ( -0.09347225034018706580, -0.1543657634509171539, -0.2707932975234975670 ) ) ;
#922 = ORIENTED_EDGE ( 'NONE', *, *, #1396, .F. ) ;
#923 = CARTESIAN_POINT ( 'NONE',  ( -3.894549071584535268E-17, 0.1232638888911112840, -0.1590070326520295618 ) ) ;
#924 = DIRECTION ( 'NONE',  ( 0.000000000000000000, -1.000000000000000000, 0.000000000000000000 ) ) ;
#925 = ORIENTED_EDGE ( 'NONE', *, *, #1998, .T. ) ;
#926 = CYLINDRICAL_SURFACE ( 'NONE', #650, 0.1559999999999997777 ) ;
#927 = CARTESIAN_POINT ( 'NONE',  ( 0.2580967541911885488, 0.04063205749684839496, -0.1757472959099131427 ) ) ;
#928 = CARTESIAN_POINT ( 'NONE',  ( 0.1199156081756489051, 0.02083333333497263892, 0.04967067124657185279 ) ) ;
#929 = EDGE_CURVE ( 'NONE', #495, #2525, #2312, .T. ) ;
#930 = CARTESIAN_POINT ( 'NONE',  ( -0.1199156081756488634, -0.2222222222225272992, 0.04967067124657192217 ) ) ;
#931 = ORIENTED_EDGE ( 'NONE', *, *, #2002, .F. ) ;
#932 = B_SPLINE_CURVE_WITH_KNOTS ( 'NONE', 3,
 ( #1590, #1032, #814, #617, #1409, #2143, #1236, #2210 ),
 .UNSPECIFIED., .F., .F.,
 ( 4, 2, 2, 4 ),
 ( 0.01133472980539659315, 0.01341678654274892565, 0.01445781491142509104, 0.01549884328010125815 ),
 .UNSPECIFIED. ) ;
#933 = CARTESIAN_POINT ( 'NONE',  ( -0.1247443727111787193, -0.1048413974261545867, 0.001533400518155579508 ) ) ;
#934 = EDGE_LOOP ( 'NONE', ( #2081, #640, #457, #1840 ) ) ;
#935 = B_SPLINE_CURVE_WITH_KNOTS ( 'NONE', 3,
 ( #881, #1876, #1713, #1090, #2052, #869 ),
 .UNSPECIFIED., .F., .F.,
 ( 4, 2, 4 ),
 ( 2.339748128114569103E-07, 0.002074917561849732878, 0.004149601148886654031 ),
 .UNSPECIFIED. ) ;
#936 = CARTESIAN_POINT ( 'NONE',  ( 0.06586286943717226117, 0.1197916666688613047, -0.1590070326520295618 ) ) ;
#937 = AXIS2_PLACEMENT_3D ( 'NONE', #685, #1857, #1654 ) ;
#938 = CARTESIAN_POINT ( 'NONE',  ( -0.2812500000000001110, -0.1562499999999999722, 0.000000000000000000 ) ) ;
#939 = DIRECTION ( 'NONE',  ( 0.000000000000000000, -1.000000000000000000, 0.000000000000000000 ) ) ;
#940 = CARTESIAN_POINT ( 'NONE',  ( -3.820898013339737860E-17, 0.01041666666799991037, -0.1559999999999997777 ) ) ;
#941 = CARTESIAN_POINT ( 'NONE',  ( 0.1590070326520296451, -0.005208333332138720059, 0.06586286943717231668 ) ) ;
#942 = ADVANCED_FACE ( 'NONE', ( #1557 ), #318, .F. ) ;
#943 = CARTESIAN_POINT ( 'NONE',  ( -0.08479313971111035464, -0.06597222222127735458, -0.08479313971111024362 ) ) ;
#944 = CARTESIAN_POINT ( 'NONE',  ( 0.1199156081756489051, -0.03472222222102734623, 0.04967067124657185279 ) ) ;
#945 = EDGE_LOOP ( 'NONE', ( #2103, #288 ) ) ;
#946 = DIRECTION ( 'NONE',  ( -0.000000000000000000, -1.000000000000000000, -0.000000000000000000 ) ) ;
#947 = ADVANCED_FACE ( 'NONE', ( #742 ), #780, .F. ) ;
#948 = CARTESIAN_POINT ( 'NONE',  ( -0.1193330703031114104, -0.1068215362347144370, -0.04266778317673831922 ) ) ;
#949 = EDGE_LOOP ( 'NONE', ( #2359, #707, #39, #1329 ) ) ;
#950 = CC_DESIGN_SECURITY_CLASSIFICATION ( #1035, ( #1615 ) ) ;
#951 = FACE_OUTER_BOUND ( 'NONE', #977, .T. ) ;
#952 = CARTESIAN_POINT ( 'NONE',  ( 0.1355397826457055421, -0.1209630027687466913, -0.03894856533643811791 ) ) ;
#953 = CARTESIAN_POINT ( 'NONE',  ( 0.04967067124657179034, 0.09722222222441712081, -0.1199156081756488357 ) ) ;
#954 = CARTESIAN_POINT ( 'NONE',  ( -0.1642550105831035723, -0.1562500000000000000, 0.2299268518432649455 ) ) ;
#955 = AXIS2_PLACEMENT_3D ( 'NONE', #480, #87, #2012 ) ;
#956 = CARTESIAN_POINT ( 'NONE',  ( -0.1199156081756488773, -0.06249999999902734055, -0.04967067124657172789 ) ) ;
#957 = CARTESIAN_POINT ( 'NONE',  ( 0.04967067124657179034, -0.1875000000000273115, -0.1199156081756488357 ) ) ;
#958 = ORIENTED_EDGE ( 'NONE', *, *, #1519, .F. ) ;
#959 = DIRECTION ( 'NONE',  ( -0.000000000000000000, -1.000000000000000000, -0.000000000000000000 ) ) ;
#960 = CARTESIAN_POINT ( 'NONE',  ( -0.07934738479717616533, -0.1001656081756493039, 0.08990965248506206653 ) ) ;
#961 = ORIENTED_EDGE ( 'NONE', *, *, #2372, .F. ) ;
#962 = CARTESIAN_POINT ( 'NONE',  ( 1.910449006669868930E-17, -0.07291666666600009339, 0.1559999999999999165 ) ) ;
#963 = VERTEX_POINT ( 'NONE', #987 ) ;
#964 = DIRECTION ( 'NONE',  ( 0.000000000000000000, -1.000000000000000000, 0.000000000000000000 ) ) ;
#965 = B_SPLINE_CURVE_WITH_KNOTS ( 'NONE', 3,
 ( #1674, #2223, #1058, #2019, #695, #668 ),
 .UNSPECIFIED., .F., .F.,
 ( 4, 2, 4 ),
 ( 0.004149601148886654031, 0.006206140113828776880, 0.008262679078770899729 ),
 .UNSPECIFIED. ) ;
#966 = CARTESIAN_POINT ( 'NONE',  ( 0.08479313971111035464, 0.09375000000216709983, -0.08479313971111028525 ) ) ;
#967 = CARTESIAN_POINT ( 'NONE',  ( 0.06586286943717226117, 0.04687500000202849543, 0.1590070326520296728 ) ) ;
#968 = CARTESIAN_POINT ( 'NONE',  ( 0.04967067124657179034, -0.02083333333202733520, -0.1199156081756488357 ) ) ;
#969 = CARTESIAN_POINT ( 'NONE',  ( 1.468542657201166138E-17, -0.1562499999997773725, 0.1199156081756489745 ) ) ;
#970 = CARTESIAN_POINT ( 'NONE',  ( 0.007468651106036000922, -0.1001656081756493594, 0.1196827988258633846 ) ) ;
#971 = CARTESIAN_POINT ( 'NONE',  ( -0.1103086578651013006, -0.1354166666665000684, 0.1103086578651013977 ) ) ;
#972 = CARTESIAN_POINT ( 'NONE',  ( 0.1199156081756489051, -0.02430555555433288120, 6.907524698078900663E-17 ) ) ;
#973 = ORIENTED_EDGE ( 'NONE', *, *, #2017, .F. ) ;
#974 = CARTESIAN_POINT ( 'NONE',  ( 0.04967067124657179034, 0.1319444444469170807, 0.1199156081756489745 ) ) ;
#975 = CARTESIAN_POINT ( 'NONE',  ( -0.06487927296709297686, 0.003014859687116533318, 0.1069562219225821398 ) ) ;
#976 =( BOUNDED_CURVE ( )  B_SPLINE_CURVE ( 2, ( #2047, #1306, #657, #1061, #1279, #251, #887 ),
 .UNSPECIFIED., .F., .F. ) 
 B_SPLINE_CURVE_WITH_KNOTS ( ( 3, 2, 2, 3 ),
 ( 0.7142857142857143016, 0.7321428571428570953, 0.7500000000000000000, 0.7588426836304907885 ),
 .UNSPECIFIED. ) 
 CURVE ( )  GEOMETRIC_REPRESENTATION_ITEM ( )  RATIONAL_B_SPLINE_CURVE ( ( 1.000000000000000000, 0.9238795325112867385, 1.000000000000000000, 0.9238795325112867385, 1.000000000000000000, 0.9623058841387660545, 0.9619432881022311754 ) ) 
 REPRESENTATION_ITEM ( '' )  );
#977 = EDGE_LOOP ( 'NONE', ( #244, #608, #1763, #1400 ) ) ;
#978 = EDGE_CURVE ( 'NONE', #1300, #1221, #1888, .T. ) ;
#979 = CARTESIAN_POINT ( 'NONE',  ( -0.2812500000000000555, -0.1543812058330720494, 0.05435009121564166740 ) ) ;
#980 = CARTESIAN_POINT ( 'NONE',  ( -0.1199156081756488773, 0.1111111111134171214, -0.04967067124657172789 ) ) ;
#981 = CARTESIAN_POINT ( 'NONE',  ( -0.1559999999999998610, -0.03472222222125009167, -0.06461731573020272623 ) ) ;
#982 = CARTESIAN_POINT ( 'NONE',  ( 0.000000000000000000, 0.05468749999999992367, -0.2812499999999999445 ) ) ;
#983 = CARTESIAN_POINT ( 'NONE',  ( 0.04967067124657179034, -0.2083333333335273541, 0.1199156081756489745 ) ) ;
#984 = CARTESIAN_POINT ( 'NONE',  ( 0.2812499999999997780, -0.1359611746280462719, 0.1623797632095827226 ) ) ;
#985 = DIRECTION ( 'NONE',  ( 0.000000000000000000, 0.000000000000000000, -1.000000000000000000 ) ) ;
#986 = CARTESIAN_POINT ( 'NONE',  ( -0.1199156081756488634, -0.04861111111008290658, 0.04967067124657192217 ) ) ;
#987 = CARTESIAN_POINT ( 'NONE',  ( -0.1024017745394249918, -0.001396891824340051663, -0.06239895556267361504 ) ) ;
#988 = ORIENTED_EDGE ( 'NONE', *, *, #1710, .F. ) ;
#989 = CARTESIAN_POINT ( 'NONE',  ( -0.04967067124657185972, -0.1249999999995273919, -0.1199156081756488357 ) ) ;
#990 = CARTESIAN_POINT ( 'NONE',  ( -0.1090766729354456233, 0.0003616723864934178389, -0.05482443545251983880 ) ) ;
#991 = ORIENTED_EDGE ( 'NONE', *, *, #633, .T. ) ;
#992 = AXIS2_PLACEMENT_3D ( 'NONE', #391, #1781, #1391 ) ;
#993 = CARTESIAN_POINT ( 'NONE',  ( -2.937085314402332276E-17, -0.1770833333333328985, -0.1199156081756488357 ) ) ;
#994 = DIRECTION ( 'NONE',  ( 0.000000000000000000, -1.365805589135462294E-15, 1.000000000000000000 ) ) ;
#995 = PLANE ( 'NONE',  #565 ) ;
#996 = CARTESIAN_POINT ( 'NONE',  ( -0.1590070326520295896, -0.2447916666669714969, 0.06586286943717239994 ) ) ;
#997 = CARTESIAN_POINT ( 'NONE',  ( -2.937085314402332276E-17, -0.01736111110977734545, -0.1199156081756488357 ) ) ;
#998 = CARTESIAN_POINT ( 'NONE',  ( 0.000000000000000000, 0.05468749999999992367, 0.000000000000000000 ) ) ;
#999 = CARTESIAN_POINT ( 'NONE',  ( -0.04967067124657176952, -0.09722222222158288796, 0.1199156081756490300 ) ) ;
#1000 = CIRCLE ( 'NONE', #402, 0.2812500000000001110 ) ;
#1001 = DIRECTION ( 'NONE',  ( -0.000000000000000000, -1.000000000000000000, -1.365805589135462294E-15 ) ) ;
#1002 = ORIENTED_EDGE ( 'NONE', *, *, #521, .T. ) ;
#1003 = CARTESIAN_POINT ( 'NONE',  ( -2.937085314402332276E-17, -0.1840277777777773460, -0.1199156081756488357 ) ) ;
#1004 = CARTESIAN_POINT ( 'NONE',  ( -0.1183982476513298909, -0.001396891824351135895, 0.02059665294792735815 ) ) ;
#1005 = CIRCLE ( 'NONE', #548, 0.2722013714261271033 ) ;
#1006 = ORIENTED_EDGE ( 'NONE', *, *, #396, .F. ) ;
#1007 = CIRCLE ( 'NONE', #1048, 0.2812499999999999445 ) ;
#1008 = DIRECTION ( 'NONE',  ( -0.000000000000000000, -1.000000000000000000, -0.000000000000000000 ) ) ;
#1009 = ORIENTED_EDGE ( 'NONE', *, *, #1549, .F. ) ;
#1010 = CARTESIAN_POINT ( 'NONE',  ( 0.000000000000000000, 0.05468749999999992367, 0.000000000000000000 ) ) ;
#1011 = EDGE_CURVE ( 'NONE', #2092, #2207, #1962, .T. ) ;
#1012 = CARTESIAN_POINT ( 'NONE',  ( -0.2347712218916489513, 0.04576097278801706525, 0.1892142982620436953 ) ) ;
#1013 = CARTESIAN_POINT ( 'NONE',  ( 0.08479313971111035464, 0.1284722222247226542, 0.08479313971111039627 ) ) ;
#1014 = CARTESIAN_POINT ( 'NONE',  ( 0.1199156081756489051, -0.03472222222102734623, 0.04967067124657183891 ) ) ;
#1015 = PERSON_AND_ORGANIZATION_ROLE ( 'design_owner' ) ;
#1016 = EDGE_CURVE ( 'NONE', #2525, #2297, #1743, .T. ) ;
#1017 = CARTESIAN_POINT ( 'NONE',  ( -0.06114163000345367027, -0.1109816719959072356, -0.1162497396723341653 ) ) ;
#1018 = ORIENTED_EDGE ( 'NONE', *, *, #899, .T. ) ;
#1019 = CARTESIAN_POINT ( 'NONE',  ( 0.08479313971111035464, -0.1909722222222773602, -0.08479313971111028525 ) ) ;
#1020 = CARTESIAN_POINT ( 'NONE',  ( 0.000000000000000000, 0.03439867462804650083, -0.3247595264191645570 ) ) ;
#1021 = CARTESIAN_POINT ( 'NONE',  ( 1.483865928359867344E-17, -0.1014168482204827471, 0.1211668482204823066 ) ) ;
#1022 = CARTESIAN_POINT ( 'NONE',  ( -0.08858623648258850958, 0.03290075199785744142, 0.1320310792476141470 ) ) ;
#1023 = CONICAL_SURFACE ( 'NONE', #1224, 0.1759999999999999065, 0.7853981633974500554 ) ;
#1024 = FACE_OUTER_BOUND ( 'NONE', #1108, .T. ) ;
#1025 = CARTESIAN_POINT ( 'NONE',  ( -0.08479313971111035464, 0.04513888889072267124, -0.08479313971111024362 ) ) ;
#1026 = CARTESIAN_POINT ( 'NONE',  ( -0.1590070326520296173, -0.1406249999998887279, 1.056270783036788549E-16 ) ) ;
#1027 = CARTESIAN_POINT ( 'NONE',  ( -0.1205322359221595446, -0.1362500000000000377, 0.09903524677408971633 ) ) ;
#1028 = ORIENTED_EDGE ( 'NONE', *, *, #929, .F. ) ;
#1029 = EDGE_CURVE ( 'NONE', #2055, #471, #1769, .T. ) ;
#1030 = B_SPLINE_CURVE_WITH_KNOTS ( 'NONE', 3,
 ( #1650, #1467, #655, #848, #1071, #95 ),
 .UNSPECIFIED., .F., .F.,
 ( 4, 2, 4 ),
 ( 2.339748128031708105E-07, 0.002074917561849727241, 0.004149601148886651429 ),
 .UNSPECIFIED. ) ;
#1031 = CARTESIAN_POINT ( 'NONE',  ( -0.2812500000000000555, -0.1418850334730738794, 0.1357566014369326057 ) ) ;
#1032 = CARTESIAN_POINT ( 'NONE',  ( 0.2812499999999997780, 0.05468750000000000000, 0.02715792923785389709 ) ) ;
#1033 = CARTESIAN_POINT ( 'NONE',  ( -0.03871746485196231324, -0.1078199420237804657, 0.1219310949533734534 ) ) ;
#1034 = DIRECTION ( 'NONE',  ( -0.000000000000000000, -1.000000000000000000, -0.000000000000000000 ) ) ;
#1035 = SECURITY_CLASSIFICATION ( '', '', #1488 ) ;
#1036 = CARTESIAN_POINT ( 'NONE',  ( 0.000000000000000000, 0.05468749999999954203, -2.753011094449504698E-16 ) ) ;
#1037 = CARTESIAN_POINT ( 'NONE',  ( 0.1590070326520296173, -0.2204861111112215166, 6.668158758783350223E-17 ) ) ;
#1038 = FACE_OUTER_BOUND ( 'NONE', #2363, .T. ) ;
#1039 = APPROVAL_STATUS ( 'not_yet_approved' ) ;
#1040 = CARTESIAN_POINT ( 'NONE',  ( -0.2812499999999999445, 0.04578764286867938182, -0.1085267674091030671 ) ) ;
#1041 = VERTEX_POINT ( 'NONE', #1611 ) ;
#1042 = DIRECTION ( 'NONE',  ( -0.000000000000000000, -1.000000000000000000, -0.000000000000000000 ) ) ;
#1043 = CARTESIAN_POINT ( 'NONE',  ( -0.1111111016407122232, 0.02836480118349355914, -0.1010339233273177262 ) ) ;
#1044 = EDGE_CURVE ( 'NONE', #1221, #1300, #651, .T. ) ;
#1045 = CONICAL_SURFACE ( 'NONE', #1213, 0.1759999999999999343, 0.7853981633974500554 ) ;
#1046 = CARTESIAN_POINT ( 'NONE',  ( -0.009623359980052198850, -0.1029920838319594023, 0.1227420838319595447 ) ) ;
#1047 = CARTESIAN_POINT ( 'NONE',  ( -0.1559999999999998610, -0.1319444444438601649, 0.06461731573020293440 ) ) ;
#1048 = AXIS2_PLACEMENT_3D ( 'NONE', #1010, #2546, #1775 ) ;
#1049 = CARTESIAN_POINT ( 'NONE',  ( 0.04661204628097870978, 0.04578042923071878878, -0.2978480489513621876 ) ) ;
#1050 = CARTESIAN_POINT ( 'NONE',  ( -0.06586286943717220566, -0.1822916666664715080, 0.1590070326520297284 ) ) ;
#1051 = FACE_OUTER_BOUND ( 'NONE', #2370, .T. ) ;
#1052 = CARTESIAN_POINT ( 'NONE',  ( 0.000000000000000000, 0.03439867462804650083, -0.3247595264191645570 ) ) ;
#1053 = CARTESIAN_POINT ( 'NONE',  ( -0.04956211636206692139, -0.1115532607611523924, -0.1222521343416788919 ) ) ;
#1054 = ORIENTED_EDGE ( 'NONE', *, *, #1672, .T. ) ;
#1055 = AXIS2_PLACEMENT_3D ( 'NONE', #614, #1246, #1209 ) ;
#1056 = CARTESIAN_POINT ( 'NONE',  ( -0.2812500000000000555, -0.1390541741928997543, 0.1491138452656596280 ) ) ;
#1057 = ORIENTED_EDGE ( 'NONE', *, *, #1016, .F. ) ;
#1058 = CARTESIAN_POINT ( 'NONE',  ( 0.1876221212134270011, -0.1543885707331092705, 0.2164358442306639763 ) ) ;
#1059 = ADVANCED_FACE ( 'NONE', ( #1428 ), #525, .T. ) ;
#1060 = CARTESIAN_POINT ( 'NONE',  ( 0.1199156081756489051, 0.03125000000166711783, 6.907524698078900663E-17 ) ) ;
#1061 = CARTESIAN_POINT ( 'NONE',  ( -0.1559999999999998610, 0.02777777777963985617, -0.06461731573020272623 ) ) ;
#1062 = EDGE_CURVE ( 'NONE', #797, #508, #1232, .T. ) ;
#1063 = CARTESIAN_POINT ( 'NONE',  ( -3.551855593202038429E-17, 0.02370300960142045915, -0.1450155096014204281 ) ) ;
#1064 = B_SPLINE_CURVE_WITH_KNOTS ( 'NONE', 3,
 ( #915, #2290, #134, #1708, #1929, #1905, #1939, #1536, #2502, #1137, #156, #2313, #1345, #952, #1746, #2516, #760, #2324, #566, #1356, #168, #1758, #2529, #2005, #2145, #2419, #836, #472, #67, #1624, #262, #234, #2234, #1069 ),
 .UNSPECIFIED., .F., .F.,
 ( 4, 2, 2, 2, 2, 2, 2, 2, 2, 2, 2, 2, 2, 2, 2, 2, 4 ),
 ( 0.007762782405395136920, 0.008471201602516229001, 0.009179620799637319348, 0.009888039996758411429, 0.01059645919387950351, 0.01130487839100059559, 0.01201329758812168941, 0.01272171678524278149, 0.01343013598236387357, 0.01413855517948496565, 0.01484697437660605773, 0.01555539357372714981, 0.01626381277084824190, 0.01697223196796933398, 0.01768065116509042259, 0.01838907036221151467, 0.01909748955933260675 ),
 .UNSPECIFIED. ) ;
#1065 = CARTESIAN_POINT ( 'NONE',  ( -0.1590070326520295896, 0.02604166666852849102, -0.06586286943717220566 ) ) ;
#1066 = CIRCLE ( 'NONE', #2488, 0.2812499999999999445 ) ;
#1067 = LINE ( 'NONE', #1117, #56 ) ;
#1068 = EDGE_LOOP ( 'NONE', ( #2042, #1767, #2489 ) ) ;
#1069 = CARTESIAN_POINT ( 'NONE',  ( 1.850062732001777264E-17, -0.1313190864737382169, 0.1510690864737379291 ) ) ;
#1070 = ORIENTED_EDGE ( 'NONE', *, *, #1546, .T. ) ;
#1071 = CARTESIAN_POINT ( 'NONE',  ( -0.1642550105831035168, 0.05468749999999986122, -0.2299268518432650010 ) ) ;
#1072 = CARTESIAN_POINT ( 'NONE',  ( -0.08479313971111034076, 0.06597222222416711246, 0.08479313971111042403 ) ) ;
#1073 = DIRECTION ( 'NONE',  ( 0.000000000000000000, -0.7071067811865462405, -0.7071067811865486830 ) ) ;
#1074 = CARTESIAN_POINT ( 'NONE',  ( 0.01789049896626598857, 0.006851848223753499029, 0.1272205338149956511 ) ) ;
#1075 = CARTESIAN_POINT ( 'NONE',  ( -0.1590070326520295896, -0.07812499999897151715, 0.06586286943717239994 ) ) ;
#1076 = CARTESIAN_POINT ( 'NONE',  ( 0.1590070326520296451, -0.1649305555556387082, -0.06586286943717217790 ) ) ;
#1077 = VECTOR ( 'NONE', #512, 39.37007874015748854 ) ;
#1078 = CARTESIAN_POINT ( 'NONE',  ( 0.000000000000000000, 0.05768749999999999573, -0.1559999999999998610 ) ) ;
#1079 =( BOUNDED_CURVE ( )  B_SPLINE_CURVE ( 2, ( #847, #858, #1649, #459, #1384, #384, #2335, #666, #578 ),
 .UNSPECIFIED., .F., .T. ) 
 B_SPLINE_CURVE_WITH_KNOTS ( ( 3, 2, 2, 2, 3 ),
 ( 0.6607142857142856984, 0.6785714285714286031, 0.6964285714285713969, 0.7142857142857141906, 0.7321428571428570953 ),
 .UNSPECIFIED. ) 
 CURVE ( )  GEOMETRIC_REPRESENTATION_ITEM ( )  RATIONAL_B_SPLINE_CURVE ( ( 1.000000000000000000, 0.9238795325112867385, 1.000000000000000000, 0.9238795325112867385, 1.000000000000000000, 0.9238795325112867385, 1.000000000000000000, 0.9238795325112867385, 1.000000000000000000 ) ) 
 REPRESENTATION_ITEM ( '' )  );
#1080 = VERTEX_POINT ( 'NONE', #470 ) ;
#1081 = CARTESIAN_POINT ( 'NONE',  ( -0.2812500000000000555, 0.04533189610169726519, 0.1088148424055087188 ) ) ;
#1082 = EDGE_LOOP ( 'NONE', ( #958, #1418 ) ) ;
#1083 = DIRECTION ( 'NONE',  ( -0.000000000000000000, -1.000000000000000000, -0.000000000000000000 ) ) ;
#1084 = CARTESIAN_POINT ( 'NONE',  ( 1.468542657201166138E-17, -0.1493055555553328972, 0.1199156081756489745 ) ) ;
#1085 = CARTESIAN_POINT ( 'NONE',  ( -0.08479313971111035464, -0.05902777777683289318, -0.08479313971111024362 ) ) ;
#1086 = CARTESIAN_POINT ( 'NONE',  ( 0.1316149917817941994, 0.01662676496058026684, -0.04223137241024563227 ) ) ;
#1087 = CARTESIAN_POINT ( 'NONE',  ( 1.947274535792267634E-17, -0.1232638888882215122, 0.1590070326520297006 ) ) ;
#1088 = CARTESIAN_POINT ( 'NONE',  ( -3.894549071584535268E-17, -0.04340277777688872352, -0.1590070326520295618 ) ) ;
#1089 = AXIS2_PLACEMENT_3D ( 'NONE', #411, #2158, #1614 ) ;
#1090 = CARTESIAN_POINT ( 'NONE',  ( -0.09347225034018713519, 0.05280326345091706369, 0.2707932975234974560 ) ) ;
#1091 = ORIENTED_EDGE ( 'NONE', *, *, #1755, .T. ) ;
#1092 = EDGE_CURVE ( 'NONE', #797, #1994, #871, .T. ) ;
#1093 = CARTESIAN_POINT ( 'NONE',  ( 0.1199156081756489051, -0.08333333333258288733, 0.04967067124657183891 ) ) ;
#1094 = ORIENTED_EDGE ( 'NONE', *, *, #1436, .F. ) ;
#1095 = CARTESIAN_POINT ( 'NONE',  ( 0.004984376294399092341, -0.1005916219187743960, 0.1202646692333140255 ) ) ;
#1096 = CARTESIAN_POINT ( 'NONE',  ( -0.1590070326520295896, 0.1406250000023613056, 0.06586286943717239994 ) ) ;
#1097 = CARTESIAN_POINT ( 'NONE',  ( -0.1199156081756488773, -0.1111111111105828747, -0.04967067124657172789 ) ) ;
#1098 = DIRECTION ( 'NONE',  ( 0.000000000000000000, 0.000000000000000000, 1.000000000000000000 ) ) ;
#1099 = LINE ( 'NONE', #1885, #1272 ) ;
#1100 = CARTESIAN_POINT ( 'NONE',  ( 0.1124349510446009254, -0.04687499999872152268, -0.1124349510446008699 ) ) ;
#1101 = CARTESIAN_POINT ( 'NONE',  ( 1.947274535792267634E-17, 0.03993055555711129412, 0.1590070326520297006 ) ) ;
#1102 = CARTESIAN_POINT ( 'NONE',  ( 1.468542657201166138E-17, 0.01736111111266712762, 0.1199156081756489745 ) ) ;
#1103 = CARTESIAN_POINT ( 'NONE',  ( 0.000000000000000000, 0.1562499999999999722, -0.1796874999999998890 ) ) ;
#1104 = EDGE_LOOP ( 'NONE', ( #931, #1849, #680, #694 ) ) ;
#1105 = AXIS2_PLACEMENT_3D ( 'NONE', #1935, #2168, #393 ) ;
#1106 = CARTESIAN_POINT ( 'NONE',  ( 0.08479313971111035464, -0.07291666666583287992, -0.08479313971111028525 ) ) ;
#1107 = EDGE_CURVE ( 'NONE', #1507, #2542, #855, .T. ) ;
#1108 = EDGE_LOOP ( 'NONE', ( #2445, #1199 ) ) ;
#1109 = FACE_OUTER_BOUND ( 'NONE', #2527, .T. ) ;
#1110 = CARTESIAN_POINT ( 'NONE',  ( 0.04967067124657179034, -0.1249999999995828753, -0.1199156081756488357 ) ) ;
#1111 = CARTESIAN_POINT ( 'NONE',  ( -0.1199156081756489051, 0.003472222223667101402, 9.844610012481234172E-17 ) ) ;
#1112 = CARTESIAN_POINT ( 'NONE',  ( 0.000000000000000000, 0.1562499999999999722, 0.000000000000000000 ) ) ;
#1113 = CARTESIAN_POINT ( 'NONE',  ( 0.000000000000000000, 0.05468749999999992367, 0.000000000000000000 ) ) ;
#1114 = CARTESIAN_POINT ( 'NONE',  ( 0.1124349510446009254, -0.1718749999997215283, 0.1124349510446009809 ) ) ;
#1115 = CARTESIAN_POINT ( 'NONE',  ( 0.1590070326520296451, -0.05381944444363872398, -0.06586286943717217790 ) ) ;
#1116 = APPROVAL_DATE_TIME ( #1311, #341 ) ;
#1117 = CARTESIAN_POINT ( 'NONE',  ( 2.155378366499341186E-17, 0.05468749999999975020, -0.1759999999999998788 ) ) ;
#1118 = EDGE_LOOP ( 'NONE', ( #352, #2496, #1600 ) ) ;
#1119 = CARTESIAN_POINT ( 'NONE',  ( 0.000000000000000000, -0.1359611746280462719, 0.000000000000000000 ) ) ;
#1120 = ORIENTED_EDGE ( 'NONE', *, *, #1062, .F. ) ;
#1121 = DIRECTION ( 'NONE',  ( 0.000000000000000000, 0.000000000000000000, -1.000000000000000000 ) ) ;
#1122 = EDGE_CURVE ( 'NONE', #394, #2472, #1425, .T. ) ;
#1123 = CYLINDRICAL_SURFACE ( 'NONE', #692, 0.1559999999999997777 ) ;
#1124 = CARTESIAN_POINT ( 'NONE',  ( -0.1124349510446009531, 0.07812500000227849684, -0.1124349510446008282 ) ) ;
#1125 = CARTESIAN_POINT ( 'NONE',  ( -0.06586286943717220566, -0.07465277777713873186, 0.1590070326520297284 ) ) ;
#1126 = CARTESIAN_POINT ( 'NONE',  ( -0.1199156081756488773, 0.04861111111297266446, -0.04967067124657172789 ) ) ;
#1127 = CARTESIAN_POINT ( 'NONE',  ( -0.04967067124657176952, -0.1597222222220273657, 0.1199156081756490300 ) ) ;
#1128 = AXIS2_PLACEMENT_3D ( 'NONE', #2280, #1834, #850 ) ;
#1129 = EDGE_LOOP ( 'NONE', ( #301, #1156, #1936, #667 ) ) ;
#1130 = DIRECTION ( 'NONE',  ( -1.000000000000000000, 0.000000000000000000, 0.000000000000000000 ) ) ;
#1131 = ORIENTED_EDGE ( 'NONE', *, *, #1029, .T. ) ;
#1132 = CARTESIAN_POINT ( 'NONE',  ( -0.08479313971111035464, -0.1701388888888328843, -0.08479313971111024362 ) ) ;
#1133 = AXIS2_PLACEMENT_3D ( 'NONE', #1363, #188, #1946 ) ;
#1134 = DIRECTION ( 'NONE',  ( 0.000000000000000000, 0.000000000000000000, -1.000000000000000000 ) ) ;
#1135 = EDGE_CURVE ( 'NONE', #338, #233, #1492, .T. ) ;
#1136 = TOROIDAL_SURFACE ( 'NONE', #18, 0.1796874999999996114, 0.09556249999999999467 ) ;
#1137 = CARTESIAN_POINT ( 'NONE',  ( 0.1078014761234232510, -0.1186750073608510564, -0.08733178466663378547 ) ) ;
#1138 = CARTESIAN_POINT ( 'NONE',  ( 0.1406249999999999445, 0.05468749999999992367, -0.2435696448143734039 ) ) ;
#1139 = ADVANCED_FACE ( 'NONE', ( #242 ), #1599, .F. ) ;
#1140 = CARTESIAN_POINT ( 'NONE',  ( -0.06586286943717220566, -0.01909722222113872589, 0.1590070326520297284 ) ) ;
#1141 = CARTESIAN_POINT ( 'NONE',  ( 0.04967067124657179034, 0.06944444444647267234, 0.1199156081756489745 ) ) ;
#1142 = CARTESIAN_POINT ( 'NONE',  ( -0.1199156081756488773, -0.1736111111110273109, -0.04967067124657172789 ) ) ;
#1143 = ORIENTED_EDGE ( 'NONE', *, *, #2075, .F. ) ;
#1144 = CARTESIAN_POINT ( 'NONE',  ( -0.1119432995157402938, -0.1025120664577312546, 0.05081016327074606292 ) ) ;
#1145 = ORIENTED_EDGE ( 'NONE', *, *, #2002, .T. ) ;
#1146 = AXIS2_PLACEMENT_3D ( 'NONE', #1036, #214, #228 ) ;
#1147 = CARTESIAN_POINT ( 'NONE',  ( -0.2812500000000001665, -0.1421861313580361497, -0.1356808376349115108 ) ) ;
#1148 = CARTESIAN_POINT ( 'NONE',  ( -0.1406250000000000833, -0.1562499999999999722, 0.2435696448143734316 ) ) ;
#1149 = CARTESIAN_POINT ( 'NONE',  ( 0.1199156081756489051, 0.03125000000166711783, 6.907524698078900663E-17 ) ) ;
#1150 = CARTESIAN_POINT ( 'NONE',  ( -0.2812499999999999445, -0.1359611746280462719, 0.1623797632095824728 ) ) ;
#1151 = CARTESIAN_POINT ( 'NONE',  ( -2.937085314402332276E-17, 0.09375000000222265262, -0.1199156081756488357 ) ) ;
#1152 = CARTESIAN_POINT ( 'NONE',  ( 0.1199156081756489051, -0.03124999999877733567, 6.907524698078900663E-17 ) ) ;
#1153 = CARTESIAN_POINT ( 'NONE',  ( 0.1199156081756489051, -0.02777777777652734245, -0.04967067124657171401 ) ) ;
#1154 = CARTESIAN_POINT ( 'NONE',  ( -0.1300080137565836624, 0.02950265672041303341, -0.07668459416138298512 ) ) ;
#1155 = CARTESIAN_POINT ( 'NONE',  ( -0.04967067124657176258, -0.04166666666558289933, 0.1199156081756490300 ) ) ;
#1156 = ORIENTED_EDGE ( 'NONE', *, *, #521, .F. ) ;
#1157 = AXIS2_PLACEMENT_3D ( 'NONE', #2537, #946, #1752 ) ;
#1158 = CARTESIAN_POINT ( 'NONE',  ( -0.1205322359221595446, -0.1362500000000000377, 0.09903524677408971633 ) ) ;
#1159 = FACE_OUTER_BOUND ( 'NONE', #1068, .T. ) ;
#1160 = CARTESIAN_POINT ( 'NONE',  ( -0.06461731573020274011, -0.01388888888736015265, 0.1559999999999999443 ) ) ;
#1161 = CARTESIAN_POINT ( 'NONE',  ( 0.06586286943717226117, 0.1024305555580284632, 0.1590070326520296728 ) ) ;
#1162 = CARTESIAN_POINT ( 'NONE',  ( 0.1199156081756489051, -0.09027777777702734874, 0.04967067124657185279 ) ) ;
#1163 = CARTESIAN_POINT ( 'NONE',  ( 0.04967067124657179034, -0.07638888888802734811, -0.1199156081756488357 ) ) ;
#1164 = CARTESIAN_POINT ( 'NONE',  ( -0.1199156081756488912, -0.006944444443027341513, -0.04967067124657172789 ) ) ;
#1165 = FACE_OUTER_BOUND ( 'NONE', #934, .T. ) ;
#1166 = ADVANCED_FACE ( 'NONE', ( #456 ), #1341, .T. ) ;
#1167 = AXIS2_PLACEMENT_3D ( 'NONE', #353, #924, #1560 ) ;
#1168 = CARTESIAN_POINT ( 'NONE',  ( 1.910449006669868930E-17, -0.07291666666600009339, 0.1559999999999999165 ) ) ;
#1169 = ORIENTED_EDGE ( 'NONE', *, *, #1808, .T. ) ;
#1170 = EDGE_CURVE ( 'NONE', #1080, #2507, #691, .T. ) ;
#1171 = CARTESIAN_POINT ( 'NONE',  ( -0.04967067124657176952, 0.1250000000024170943, 0.1199156081756490300 ) ) ;
#1172 = AXIS2_PLACEMENT_3D ( 'NONE', #2469, #2428, #2041 ) ;
#1173 = CARTESIAN_POINT ( 'NONE',  ( -0.09496083464804271068, 0.001196805150223265472, 0.07863200665033168169 ) ) ;
#1174 = ORIENTED_EDGE ( 'NONE', *, *, #676, .T. ) ;
#1175 = CARTESIAN_POINT ( 'NONE',  ( 0.000000000000000000, 0.05468749999999975020, 0.1760000000000000175 ) ) ;
#1176 = CARTESIAN_POINT ( 'NONE',  ( -0.1559999999999998610, -0.02430555555411014965, 1.050746953668428821E-16 ) ) ;
#1177 = VERTEX_POINT ( 'NONE', #2455 ) ;
#1178 = CARTESIAN_POINT ( 'NONE',  ( 0.1642550105831033780, 0.05468749999999986122, 0.2299268518432650843 ) ) ;
#1179 = CARTESIAN_POINT ( 'NONE',  ( 0.08479313971111035464, -0.09374999999927734196, 0.08479313971111039627 ) ) ;
#1180 = CARTESIAN_POINT ( 'NONE',  ( 0.08479313971111035464, -0.1354166666662773300, -0.08479313971111028525 ) ) ;
#1181 = CARTESIAN_POINT ( 'NONE',  ( -2.937085314402332276E-17, -0.07291666666577734102, -0.1199156081756488357 ) ) ;
#1182 = DIRECTION ( 'NONE',  ( -0.000000000000000000, -1.000000000000000000, -0.000000000000000000 ) ) ;
#1183 = CARTESIAN_POINT ( 'NONE',  ( -0.1199156081756489051, -0.1076388888883328954, 9.844610012481234172E-17 ) ) ;
#1184 = CARTESIAN_POINT ( 'NONE',  ( 0.04967067124657179034, -0.01388888888758288073, -0.1199156081756488218 ) ) ;
#1185 = ORIENTED_EDGE ( 'NONE', *, *, #1585, .T. ) ;
#1186 = CARTESIAN_POINT ( 'NONE',  ( 0.1199156081756489051, -0.1423611111107773441, 6.907524698078900663E-17 ) ) ;
#1187 = EDGE_CURVE ( 'NONE', #2116, #2514, #1668, .T. ) ;
#1188 = FACE_OUTER_BOUND ( 'NONE', #1338, .T. ) ;
#1189 = TOROIDAL_SURFACE ( 'NONE', #273, 0.1796874999999996114, 0.09556249999999999467 ) ;
#1190 = VERTEX_POINT ( 'NONE', #1103 ) ;
#1191 = CARTESIAN_POINT ( 'NONE',  ( -0.1199156081756489051, -0.2187500000003329004, 9.844610012481234172E-17 ) ) ;
#1192 = DIRECTION ( 'NONE',  ( 0.000000000000000000, 1.000000000000000000, 0.000000000000000000 ) ) ;
#1193 = FACE_OUTER_BOUND ( 'NONE', #2499, .T. ) ;
#1194 = CARTESIAN_POINT ( 'NONE',  ( 1.468542657201166138E-17, 0.01041666666822267315, 0.1199156081756489745 ) ) ;
#1195 = CARTESIAN_POINT ( 'NONE',  ( 0.2812499999999998335, -0.1468943961016972999, 0.1088148424055091490 ) ) ;
#1196 = DIRECTION ( 'NONE',  ( -0.000000000000000000, 1.000000000000000000, -0.000000000000000000 ) ) ;
#1197 = CARTESIAN_POINT ( 'NONE',  ( 0.08479313971111035464, -0.03124999999883289539, 0.08479313971111039627 ) ) ;
#1198 = CARTESIAN_POINT ( 'NONE',  ( -0.1221917947448789010, -0.1039936434040457935, 0.02055854548049903044 ) ) ;
#1199 = ORIENTED_EDGE ( 'NONE', *, *, #1029, .F. ) ;
#1200 = CARTESIAN_POINT ( 'NONE',  ( 0.04967067124657179034, -0.1875000000000273115, -0.1199156081756488357 ) ) ;
#1201 = CARTESIAN_POINT ( 'NONE',  ( -0.1172016511048790538, 0.05468749999999986816, -0.2570931216042941503 ) ) ;
#1202 = FACE_OUTER_BOUND ( 'NONE', #1981, .T. ) ;
#1203 = LINE ( 'NONE', #2174, #1256 ) ;
#1204 = ADVANCED_FACE ( 'NONE', ( #689 ), #682, .T. ) ;
#1205 = CARTESIAN_POINT ( 'NONE',  ( -0.04967067124657185972, 0.09722222222447267359, -0.1199156081756488357 ) ) ;
#1206 = CARTESIAN_POINT ( 'NONE',  ( -0.06586286943717220566, -0.2378472222224715105, 0.1590070326520297284 ) ) ;
#1207 = CARTESIAN_POINT ( 'NONE',  ( 0.05272782086580982824, -0.09691999110541490992, 0.1168584585564109435 ) ) ;
#1208 = CARTESIAN_POINT ( 'NONE',  ( 0.2579767023051826036, -0.1422268782079817717, -0.1758166078986153624 ) ) ;
#1209 = DIRECTION ( 'NONE',  ( 0.000000000000000000, 0.000000000000000000, -1.000000000000000000 ) ) ;
#1210 = ORIENTED_EDGE ( 'NONE', *, *, #1092, .T. ) ;
#1211 = CARTESIAN_POINT ( 'NONE',  ( -0.1199156081756488773, -0.2291666666670273134, -0.04967067124657172789 ) ) ;
#1212 = CARTESIAN_POINT ( 'NONE',  ( -0.1109873311401126939, 0.02513414508519316859, 0.09605690064577517007 ) ) ;
#1213 = AXIS2_PLACEMENT_3D ( 'NONE', #1543, #1196, #1570 ) ;
#1214 = CARTESIAN_POINT ( 'NONE',  ( 0.000000000000000000, 0.05468749999999993061, -0.1796874999999998890 ) ) ;
#1215 = DIRECTION ( 'NONE',  ( -0.000000000000000000, -1.000000000000000000, -0.000000000000000000 ) ) ;
#1216 = LINE ( 'NONE', #635, #1884 ) ;
#1217 = ADVANCED_FACE ( 'NONE', ( #506 ), #1136, .F. ) ;
#1218 = CARTESIAN_POINT ( 'NONE',  ( -0.08479313971111035464, 0.1006944444467226668, -0.08479313971111024362 ) ) ;
#1219 = CARTESIAN_POINT ( 'NONE',  ( 1.947274535792267634E-17, -0.1822916666668887020, 0.1590070326520297006 ) ) ;
#1220 = CARTESIAN_POINT ( 'NONE',  ( 0.000000000000000000, 0.1502499999999996894, -1.447813128331927269E-16 ) ) ;
#1221 = VERTEX_POINT ( 'NONE', #1312 ) ;
#1222 = CARTESIAN_POINT ( 'NONE',  ( -2.937085314402332276E-17, 0.1006944444466671140, -0.1199156081756488357 ) ) ;
#1223 = CARTESIAN_POINT ( 'NONE',  ( -0.1319478354155367017, 0.01627284034128332821, 0.04020582409996741047 ) ) ;
#1224 = AXIS2_PLACEMENT_3D ( 'NONE', #1863, #2054, #2484 ) ;
#1225 = CARTESIAN_POINT ( 'NONE',  ( -0.04967067124657176952, -0.2083333333335829485, 0.1199156081756490300 ) ) ;
#1226 = CARTESIAN_POINT ( 'NONE',  ( 0.02315324580881127081, 0.04063205749684831863, 0.3113919937188338594 ) ) ;
#1227 = AXIS2_PLACEMENT_3D ( 'NONE', #2104, #1130, #2432 ) ;
#1228 = FACE_OUTER_BOUND ( 'NONE', #1949, .T. ) ;
#1229 = CARTESIAN_POINT ( 'NONE',  ( 0.1590070326520296451, -0.2239583333334715098, 0.06586286943717231668 ) ) ;
#1230 = CARTESIAN_POINT ( 'NONE',  ( 0.1590070326520296451, -0.1093749999996387195, -0.06586286943717217790 ) ) ;
#1231 = APPLICATION_PROTOCOL_DEFINITION ( 'international standard', 'config_control_design', 1994, #2120 ) ;
#1232 = LINE ( 'NONE', #2231, #1640 ) ;
#1233 = ORIENTED_EDGE ( 'NONE', *, *, #1441, .F. ) ;
#1234 = EDGE_CURVE ( 'NONE', #2259, #2458, #1777, .T. ) ;
#1235 = CARTESIAN_POINT ( 'NONE',  ( 0.1103086578651013144, 0.01041666666838984498, -0.1103086578651012450 ) ) ;
#1236 = CARTESIAN_POINT ( 'NONE',  ( 0.2812499999999998335, 0.03749167419290001108, 0.1491138452656597668 ) ) ;
#1237 = CARTESIAN_POINT ( 'NONE',  ( 0.1199156081756489051, -0.1944444444445829201, 0.04967067124657185279 ) ) ;
#1238 = CARTESIAN_POINT ( 'NONE',  ( -0.06461731573020274011, -0.02083333333225009798, 0.1559999999999999443 ) ) ;
#1239 = AXIS2_PLACEMENT_3D ( 'NONE', #2025, #37, #455 ) ;
#1240 = DIRECTION ( 'NONE',  ( 0.000000000000000000, -1.000000000000000000, 0.000000000000000000 ) ) ;
#1241 = CARTESIAN_POINT ( 'NONE',  ( -0.1590070326520295896, -0.1961805555554715086, -0.06586286943717220566 ) ) ;
#1242 = CARTESIAN_POINT ( 'NONE',  ( -0.1124349510446009531, -0.09201388888838872571, -0.1124349510446008282 ) ) ;
#1243 = CALENDAR_DATE ( 2026, 22, 8 ) ;
#1244 =( BOUNDED_SURFACE ( )  B_SPLINE_SURFACE ( 1, 2, ( 
 ( #827, #2397, #1411, #2172, #1191, #1799, #226, #1225, #413, #1616, #195, #1237, #839, #815, #1986, #619, #993, #57, #2385, #849, #1638, #631, #643, #1421, #2409, #5, #20, #2362, #236, #462, #1482, #291, #697, #2422, #82, #1097, #2069, #875, #724, #1663, #2437, #2084, #514, #71, #683, #2046, #1882, #121, #304, #2279, #1085, #1497, #1509, #97, #319, #1305, #1457, #277, #2250, #886, #1266, #266, #111, #2263, #1469, #2035, #1253, #860, #1111, #488, #1292, #476, #669, #1869, #1690, #1676, #1060, #1843, #500, #2449, #2239, #900, #1278, #2057, #2461, #1651, #1072, #1895, #1854, #1703, #710, #912, #2475, #1950, #380, #1573, #1222, #783, #605, #423, #223, #206, #177, #1171, #1380, #974, #2157 ),
 ( #1613, #410, #434, #1211, #1796, #2360, #1768, #2554, #1785, #2540, #2345, #813, #1588, #2197, #1019, #1200, #1003, #17, #1967, #798, #1602, #589, #627, #193, #395, #31, #1807, #2371, #1186, #616, #1395, #2382, #1408, #989, #2170, #2183, #824, #1419, #1943, #763, #1726, #729, #1179, #1162, #918, #2519, #1761, #2533, #2505, #1515, #943, #956, #1332, #570, #2293, #531, #148, #171, #2101, #2480, #1553, #127, #2316, #968, #2494, #348, #739, #750, #2338, #1737, #137, #336, #2138, #1529, #2326, #928, #776, #2304, #1539, #582, #1348, #542, #1360, #1126, #373, #1908, #2114, #556, #1567, #1141, #1373, #1749, #388, #359, #1918, #2127, #1151, #1205, #2365, #1618, #1989, #439, #2163, #2351, #238, #1414, #23 ) ),
 .UNSPECIFIED., .F., .F., .F. ) 
 B_SPLINE_SURFACE_WITH_KNOTS ( ( 2, 2 ),
 ( 3, 2, 2, 2, 2, 2, 2, 2, 2, 2, 2, 2, 2, 2, 2, 2, 2, 2, 2, 2, 2, 2, 2, 2, 2, 2, 2, 2, 2, 2, 2, 2, 2, 2, 2, 2, 2, 2, 2, 2, 2, 2, 2, 2, 2, 2, 2, 2, 2, 2, 2, 2, 2, 3 ),
 ( 0.000000000000000000, 1.000000000000000000 ),
 ( 0.000000000000000000, 0.01785714285714285615, 0.03571428571428571230, 0.05357142857142856845, 0.07142857142857142461, 0.08928571428571428770, 0.1071428571428571369, 0.1250000000000000000, 0.1428571428571428492, 0.1607142857142857262, 0.1785714285714285754, 0.1964285714285714246, 0.2142857142857142738, 0.2321428571428571508, 0.2500000000000000000, 0.2678571428571428492, 0.2857142857142856984, 0.3035714285714285476, 0.3214285714285714524, 0.3392857142857143016, 0.3571428571428571508, 0.3750000000000000000, 0.3928571428571428492, 0.4107142857142856984, 0.4285714285714285476, 0.4464285714285714524, 0.4642857142857143016, 0.4821428571428571508, 0.5000000000000000000, 0.5178571428571429047, 0.5357142857142856984, 0.5535714285714286031, 0.5714285714285713969, 0.5892857142857143016, 0.6071428571428570953, 0.6250000000000000000, 0.6428571428571429047, 0.6607142857142856984, 0.6785714285714286031, 0.6964285714285713969, 0.7142857142857143016, 0.7321428571428570953, 0.7500000000000000000, 0.7678571428571429047, 0.7857142857142856984, 0.8035714285714286031, 0.8214285714285713969, 0.8392857142857143016, 0.8571428571428570953, 0.8750000000000000000, 0.8928571428571429047, 0.9107142857142856984, 0.9285714285714286031, 0.9464285714285713969 ),
 .UNSPECIFIED. ) 
 GEOMETRIC_REPRESENTATION_ITEM ( )  RATIONAL_B_SPLINE_SURFACE ( (
 ( 1.000000000000000000, 0.9238795325112867385, 1.000000000000000000, 0.9238795325112867385, 1.000000000000000000, 0.9238795325112867385, 1.000000000000000000, 0.9238795325112867385, 1.000000000000000000, 0.9238795325112867385, 1.000000000000000000, 0.9238795325112867385, 1.000000000000000000, 0.9238795325112867385, 1.000000000000000000, 0.9238795325112867385, 1.000000000000000000, 0.9238795325112867385, 1.000000000000000000, 0.9238795325112867385, 1.000000000000000000, 0.9238795325112867385, 1.000000000000000000, 0.9238795325112867385, 1.000000000000000000, 0.9238795325112867385, 1.000000000000000000, 0.9238795325112867385, 1.000000000000000000, 0.9238795325112867385, 1.000000000000000000, 0.9238795325112867385, 1.000000000000000000, 0.9238795325112867385, 1.000000000000000000, 0.9238795325112867385, 1.000000000000000000, 0.9238795325112867385, 1.000000000000000000, 0.9238795325112867385, 1.000000000000000000, 0.9238795325112867385, 1.000000000000000000, 0.9238795325112867385, 1.000000000000000000, 0.9238795325112867385, 1.000000000000000000, 0.9238795325112867385, 1.000000000000000000, 0.9238795325112867385, 1.000000000000000000, 0.9238795325112867385, 1.000000000000000000, 0.9238795325112867385, 1.000000000000000000, 0.9238795325112867385, 1.000000000000000000, 0.9238795325112867385, 1.000000000000000000, 0.9238795325112867385, 1.000000000000000000, 0.9238795325112867385, 1.000000000000000000, 0.9238795325112867385, 1.000000000000000000, 0.9238795325112867385, 1.000000000000000000, 0.9238795325112867385, 1.000000000000000000, 0.9238795325112867385, 1.000000000000000000, 0.9238795325112867385, 1.000000000000000000, 0.9238795325112867385, 1.000000000000000000, 0.9238795325112867385, 1.000000000000000000, 0.9238795325112867385, 1.000000000000000000, 0.9238795325112867385, 1.000000000000000000, 0.9238795325112867385, 1.000000000000000000, 0.9238795325112867385, 1.000000000000000000, 0.9238795325112867385, 1.000000000000000000, 0.9238795325112867385, 1.000000000000000000, 0.9238795325112867385, 1.000000000000000000, 0.9238795325112867385, 1.000000000000000000, 0.9238795325112867385, 1.000000000000000000, 0.9238795325112867385, 1.000000000000000000, 0.9238795325112867385, 1.000000000000000000, 0.9238795325112867385, 1.000000000000000000, 0.9238795325112867385, 1.000000000000000000, 0.9238795325112867385, 1.000000000000000000, 0.9238795325112867385, 1.000000000000000000),
 ( 1.000000000000000000, 0.9238795325112867385, 1.000000000000000000, 0.9238795325112867385, 1.000000000000000000, 0.9238795325112867385, 1.000000000000000000, 0.9238795325112867385, 1.000000000000000000, 0.9238795325112867385, 1.000000000000000000, 0.9238795325112867385, 1.000000000000000000, 0.9238795325112867385, 1.000000000000000000, 0.9238795325112867385, 1.000000000000000000, 0.9238795325112867385, 1.000000000000000000, 0.9238795325112867385, 1.000000000000000000, 0.9238795325112867385, 1.000000000000000000, 0.9238795325112867385, 1.000000000000000000, 0.9238795325112867385, 1.000000000000000000, 0.9238795325112867385, 1.000000000000000000, 0.9238795325112867385, 1.000000000000000000, 0.9238795325112867385, 1.000000000000000000, 0.9238795325112867385, 1.000000000000000000, 0.9238795325112867385, 1.000000000000000000, 0.9238795325112867385, 1.000000000000000000, 0.9238795325112867385, 1.000000000000000000, 0.9238795325112867385, 1.000000000000000000, 0.9238795325112867385, 1.000000000000000000, 0.9238795325112867385, 1.000000000000000000, 0.9238795325112867385, 1.000000000000000000, 0.9238795325112867385, 1.000000000000000000, 0.9238795325112867385, 1.000000000000000000, 0.9238795325112867385, 1.000000000000000000, 0.9238795325112867385, 1.000000000000000000, 0.9238795325112867385, 1.000000000000000000, 0.9238795325112867385, 1.000000000000000000, 0.9238795325112867385, 1.000000000000000000, 0.9238795325112867385, 1.000000000000000000, 0.9238795325112867385, 1.000000000000000000, 0.9238795325112867385, 1.000000000000000000, 0.9238795325112867385, 1.000000000000000000, 0.9238795325112867385, 1.000000000000000000, 0.9238795325112867385, 1.000000000000000000, 0.9238795325112867385, 1.000000000000000000, 0.9238795325112867385, 1.000000000000000000, 0.9238795325112867385, 1.000000000000000000, 0.9238795325112867385, 1.000000000000000000, 0.9238795325112867385, 1.000000000000000000, 0.9238795325112867385, 1.000000000000000000, 0.9238795325112867385, 1.000000000000000000, 0.9238795325112867385, 1.000000000000000000, 0.9238795325112867385, 1.000000000000000000, 0.9238795325112867385, 1.000000000000000000, 0.9238795325112867385, 1.000000000000000000, 0.9238795325112867385, 1.000000000000000000, 0.9238795325112867385, 1.000000000000000000, 0.9238795325112867385, 1.000000000000000000, 0.9238795325112867385, 1.000000000000000000, 0.9238795325112867385, 1.000000000000000000) ) ) 
 REPRESENTATION_ITEM ( '' )  SURFACE ( )  );
#1245 = VERTEX_POINT ( 'NONE', #1299 ) ;
#1246 = DIRECTION ( 'NONE',  ( -0.000000000000000000, -1.000000000000000000, -0.000000000000000000 ) ) ;
#1247 = EDGE_CURVE ( 'NONE', #21, #908, #1951, .T. ) ;
#1248 = EDGE_LOOP ( 'NONE', ( #1322, #1912, #1925, #607, #1274, #2078 ) ) ;
#1249 = CARTESIAN_POINT ( 'NONE',  ( 0.1559999999999998610, 0.006944444446139856099, -0.06461731573020269848 ) ) ;
#1250 = EDGE_CURVE ( 'NONE', #1795, #139, #935, .T. ) ;
#1251 = EDGE_LOOP ( 'NONE', ( #1542, #1054, #1754 ) ) ;
#1252 = CARTESIAN_POINT ( 'NONE',  ( 1.483865928359867344E-17, -0.1014168482204827471, 0.1211668482204823066 ) ) ;
#1253 = CARTESIAN_POINT ( 'NONE',  ( -0.08479313971111035464, -0.003472222220832877227, -0.08479313971111024362 ) ) ;
#1254 = CARTESIAN_POINT ( 'NONE',  ( 1.910449006669868930E-17, -0.1215277777771101436, 0.1559999999999999165 ) ) ;
#1255 = CARTESIAN_POINT ( 'NONE',  ( 0.1590070326520296451, 0.1059027777798612624, 0.06586286943717231668 ) ) ;
#1256 = VECTOR ( 'NONE', #817, 39.37007874015748143 ) ;
#1257 = LINE ( 'NONE', #1665, #1765 ) ;
#1258 = CARTESIAN_POINT ( 'NONE',  ( 1.947274535792267634E-17, -0.06770833333222150974, 0.1590070326520297006 ) ) ;
#1259 = FACE_OUTER_BOUND ( 'NONE', #1248, .T. ) ;
#1260 = DATE_AND_TIME ( #1243, #1982 ) ;
#1261 = DIRECTION ( 'NONE',  ( 0.000000000000000000, 1.330291196914773429E-15, -1.000000000000000000 ) ) ;
#1262 = EDGE_LOOP ( 'NONE', ( #1028, #1877, #176, #603, #1745, #2287, #1900, #2295, #1057 ) ) ;
#1263 = CARTESIAN_POINT ( 'NONE',  ( -0.2812500000000001110, -0.1562499999999999722, 0.000000000000000000 ) ) ;
#1264 = EDGE_LOOP ( 'NONE', ( #1533, #1774, #1595, #2375 ) ) ;
#1265 = DIRECTION ( 'NONE',  ( 0.000000000000000000, 0.000000000000000000, -1.000000000000000000 ) ) ;
#1266 = CARTESIAN_POINT ( 'NONE',  ( 0.1199156081756489051, -0.02430555555433288120, 6.907524698078900663E-17 ) ) ;
#1267 = CARTESIAN_POINT ( 'NONE',  ( 1.910449006669868930E-17, -0.01736111111000009088, 0.1559999999999999165 ) ) ;
#1268 = DIRECTION ( 'NONE',  ( 0.5000000000000001110, 0.000000000000000000, -0.8660254037844387076 ) ) ;
#1269 = CARTESIAN_POINT ( 'NONE',  ( -0.1124349510446009531, -0.03298611110972150123, -0.1124349510446008282 ) ) ;
#1270 = CARTESIAN_POINT ( 'NONE',  ( 0.1124349510446009254, -0.1614583333333887427, -0.1124349510446008699 ) ) ;
#1271 = APPROVAL_ROLE ( '' ) ;
#1272 = VECTOR ( 'NONE', #2049, 39.37007874015748143 ) ;
#1273 = CARTESIAN_POINT ( 'NONE',  ( -2.937085314402332276E-17, -0.2395833333337773485, -0.1199156081756488357 ) ) ;
#1274 = ORIENTED_EDGE ( 'NONE', *, *, #59, .T. ) ;
#1275 = CARTESIAN_POINT ( 'NONE',  ( 0.2812499999999997780, 0.03439867462804650083, 0.1623797632095827226 ) ) ;
#1276 = ORIENTED_EDGE ( 'NONE', *, *, #1642, .T. ) ;
#1277 = CARTESIAN_POINT ( 'NONE',  ( 1.910449006669868930E-17, -0.01041666666511012473, 0.1559999999999999165 ) ) ;
#1278 = CARTESIAN_POINT ( 'NONE',  ( -0.08479313971111035464, 0.05208333333516712571, -0.08479313971111024362 ) ) ;
#1279 = CARTESIAN_POINT ( 'NONE',  ( -0.1559999999999998610, 0.03125000000188984939, 1.050746953668428821E-16 ) ) ;
#1280 = EDGE_CURVE ( 'NONE', #2173, #2118, #1067, .T. ) ;
#1281 = CARTESIAN_POINT ( 'NONE',  ( -7.959940524720928131E-13, -0.1001656081756492761, 0.1199156081756489606 ) ) ;
#1282 = CARTESIAN_POINT ( 'NONE',  ( 0.06586286943717226117, 0.01215277777952849907, -0.1590070326520295618 ) ) ;
#1283 = ADVANCED_FACE ( 'NONE', ( #1516 ), #1462, .F. ) ;
#1284 = CARTESIAN_POINT ( 'NONE',  ( 0.06586286943717226117, 0.04340277777936128734, 0.1590070326520296728 ) ) ;
#1285 = COORDINATED_UNIVERSAL_TIME_OFFSET ( 8, 0, .BEHIND. ) ;
#1286 = ORGANIZATION ( 'UNSPECIFIED', 'UNSPECIFIED', '' ) ;
#1287 = DIRECTION ( 'NONE',  ( 0.000000000000000000, 1.365805589135462096E-15, -1.000000000000000000 ) ) ;
#1288 = VERTEX_POINT ( 'NONE', #103 ) ;
#1289 = CARTESIAN_POINT ( 'NONE',  ( 0.04967067124657179034, -0.09027777777708288764, 0.1199156081756489745 ) ) ;
#1290 = ORIENTED_EDGE ( 'NONE', *, *, #1519, .T. ) ;
#1291 = CARTESIAN_POINT ( 'NONE',  ( -0.03067404805903543516, 0.02486560174488198355, -0.1430554192424709214 ) ) ;
#1292 = CARTESIAN_POINT ( 'NONE',  ( -0.08479313971111034076, 0.01041666666816711342, 0.08479313971111042403 ) ) ;
#1293 = LINE ( 'NONE', #278, #2238 ) ;
#1294 = CARTESIAN_POINT ( 'NONE',  ( 0.1297686428880792386, 0.01335564048373726401, 0.03707658032819226984 ) ) ;
#1295 = CARTESIAN_POINT ( 'NONE',  ( -0.1124349510446009531, -0.1440972222217215271, -0.1124349510446008282 ) ) ;
#1296 = CARTESIAN_POINT ( 'NONE',  ( -0.1124349510446009115, -0.07812499999938872508, 0.1124349510446010225 ) ) ;
#1297 = EDGE_CURVE ( 'NONE', #2259, #511, #310, .T. ) ;
#1298 = CARTESIAN_POINT ( 'NONE',  ( 0.1199156081756489051, -0.02083333333208289492, -0.04967067124657170707 ) ) ;
#1299 = CARTESIAN_POINT ( 'NONE',  ( -3.820898013339737860E-17, -0.03819444444311013986, -0.1559999999999997777 ) ) ;
#1300 = VERTEX_POINT ( 'NONE', #892 ) ;
#1301 = CARTESIAN_POINT ( 'NONE',  ( 2.200537217217895653E-17, 0.05468749999999943101, 0.1796874999999993339 ) ) ;
#1302 = VERTEX_POINT ( 'NONE', #2245 ) ;
#1303 = CARTESIAN_POINT ( 'NONE',  ( -0.1514956554336402139, 0.03377200945535319132, 0.03535666898313358231 ) ) ;
#1304 = CARTESIAN_POINT ( 'NONE',  ( 0.08479313971111035464, -0.1840277777778329127, -0.08479313971111028525 ) ) ;
#1305 = CARTESIAN_POINT ( 'NONE',  ( -0.04967067124657176952, -0.04166666666558289933, 0.1199156081756490300 ) ) ;
#1306 = CARTESIAN_POINT ( 'NONE',  ( -0.06461731573020287889, 0.02083333333513984892, -0.1559999999999997500 ) ) ;
#1307 = B_SPLINE_CURVE_WITH_KNOTS ( 'NONE', 3,
 ( #2541, #1201, #1420, #179, #590, #1020 ),
 .UNSPECIFIED., .F., .F.,
 ( 4, 2, 4 ),
 ( 0.004149601148886651429, 0.006206140113828777748, 0.008262679078770904934 ),
 .UNSPECIFIED. ) ;
#1308 = DIRECTION ( 'NONE',  ( -0.000000000000000000, -1.000000000000000000, -0.000000000000000000 ) ) ;
#1309 = CARTESIAN_POINT ( 'NONE',  ( -3.894549071584535268E-17, -0.03993055555422150849, -0.1590070326520295618 ) ) ;
#1310 = CARTESIAN_POINT ( 'NONE',  ( -0.1590070326520296173, 0.08159722222411126824, 1.056270783036788549E-16 ) ) ;
#1311 = DATE_AND_TIME ( #530, #1367 ) ;
#1312 = CARTESIAN_POINT ( 'NONE',  ( 2.785688765935491103E-17, 0.1502499999999994396, 0.1796874999999996114 ) ) ;
#1313 = VECTOR ( 'NONE', #1824, 39.37007874015748143 ) ;
#1314 = CARTESIAN_POINT ( 'NONE',  ( -0.1199156081756488912, -0.05555555555458288608, -0.04967067124657172789 ) ) ;
#1315 = ORIENTED_EDGE ( 'NONE', *, *, #1250, .F. ) ;
#1316 = EDGE_CURVE ( 'NONE', #1041, #2142, #1405, .T. ) ;
#1317 = FACE_OUTER_BOUND ( 'NONE', #1494, .T. ) ;
#1318 = CARTESIAN_POINT ( 'NONE',  ( 0.1172016511048788595, -0.1562500000000000000, -0.2570931216042940393 ) ) ;
#1319 = CARTESIAN_POINT ( 'NONE',  ( -0.2579767023051824926, -0.1422268782079817717, 0.1758166078986155290 ) ) ;
#1320 = CARTESIAN_POINT ( 'NONE',  ( -0.1590070326520295896, 0.07812500000186127502, -0.06586286943717220566 ) ) ;
#1321 = CARTESIAN_POINT ( 'NONE',  ( -0.08479313971111034076, -0.1076388888882773426, 0.08479313971111042403 ) ) ;
#1322 = ORIENTED_EDGE ( 'NONE', *, *, #791, .F. ) ;
#1323 = CIRCLE ( 'NONE', #1157, 0.2812500000000001110 ) ;
#1324 = CARTESIAN_POINT ( 'NONE',  ( 0.2812499999999997780, 0.04578764286867949285, -0.1085267674091031365 ) ) ;
#1325 = ORIENTED_EDGE ( 'NONE', *, *, #914, .T. ) ;
#1326 = EDGE_CURVE ( 'NONE', #1190, #2152, #1945, .T. ) ;
#1327 = CARTESIAN_POINT ( 'NONE',  ( 0.000000000000000000, 0.05768749999999999573, 0.000000000000000000 ) ) ;
#1328 = MANIFOLD_SOLID_BREP ( 'Cut-Extrude3', #1714 ) ;
#1329 = ORIENTED_EDGE ( 'NONE', *, *, #1297, .F. ) ;
#1330 = FACE_OUTER_BOUND ( 'NONE', #1355, .T. ) ;
#1331 = CARTESIAN_POINT ( 'NONE',  ( 0.2346379537190210196, 0.04578042923071876796, 0.1892912406773849809 ) ) ;
#1332 = CARTESIAN_POINT ( 'NONE',  ( -0.1199156081756489051, -0.05902777777677735427, 9.844610012481234172E-17 ) ) ;
#1333 = CARTESIAN_POINT ( 'NONE',  ( -0.04967067124657185972, -0.1249999999995273919, -0.1199156081756488357 ) ) ;
#1334 = AXIS2_PLACEMENT_3D ( 'NONE', #1639, #2133, #154 ) ;
#1335 = ORIENTED_EDGE ( 'NONE', *, *, #2357, .T. ) ;
#1336 = AXIS2_PLACEMENT_3D ( 'NONE', #489, #463, #2423 ) ;
#1337 = CARTESIAN_POINT ( 'NONE',  ( 0.1559999999999998610, -0.06249999999925009292, 0.06461731573020283725 ) ) ;
#1338 = EDGE_LOOP ( 'NONE', ( #1290, #768, #1335, #1522 ) ) ;
#1339 = CARTESIAN_POINT ( 'NONE',  ( -0.1124349510446009115, 0.1440972222246112711, 0.1124349510446010225 ) ) ;
#1340 = CIRCLE ( 'NONE', #1133, 0.1759999999999999343 ) ;
#1341 = CONICAL_SURFACE ( 'NONE', #2243, 0.2812499999999999445, 1.134464013796318893 ) ;
#1342 = CARTESIAN_POINT ( 'NONE',  ( 0.000000000000000000, 0.1502499999999998559, -0.1747200000000000419 ) ) ;
#1343 =( BOUNDED_SURFACE ( )  B_SPLINE_SURFACE ( 1, 2, ( 
 ( #1273, #1505, #2284, #284, #1374, #930, #2506, #349, #172, #983, #374, #583, #1932, #2340, #1580, #957, #389, #2150, #2305, #1142, #557, #1750, #2115, #1127, #969, #1554, #2317, #337, #2352, #1727, #1180, #1349, #2139, #1333, #1530, #160, #2534, #2520, #1321, #1909, #2327, #764, #543, #571, #2128, #1738, #751, #1163, #361, #740, #1920, #2549, #1762, #1568, #1362, #138, #2102, #149, #2495, #944, #1152, #1944, #777, #1540, #1959, #186, #1779, #792, #9, #1609, #2203, #636, #1194, #2378, #2400, #852, #229, #2214, #647, #1594, #418, #624, #1025, #1402, #404, #2011, #831, #1415, #2164, #1643, #200, #1438, #2191, #1424, #611, #807, #2000, #1825, #1218, #597, #1976, #1619, #35, #2366, #2388, #429, #1013 ),
 ( #2176, #1836, #239, #843, #1814, #996, #1388, #1206, #1791, #1990, #440, #1229, #1037, #216, #45, #1630, #1803, #453, #24, #1241, #2023, #254, #820, #1050, #61, #2242, #1114, #322, #2282, #672, #714, #2228, #114, #1897, #1295, #466, #1872, #2061, #295, #2050, #1087, #307, #86, #1846, #889, #479, #125, #281, #74, #686, #916, #2466, #502, #1075, #1655, #1858, #1258, #1501, #878, #517, #904, #1666, #1100, #2440, #1309, #2413, #1269, #2088, #1886, #659, #1679, #2254, #100, #864, #1472, #2072, #1486, #492, #1449, #1282, #2452, #2038, #268, #1065, #700, #1460, #1694, #2425, #2266, #967, #2315, #170, #2148, #358, #540, #2325, #334, #1941, #1124, #2100, #1538, #581, #738, #387, #762, #1161, #1931 ) ),
 .UNSPECIFIED., .F., .F., .T. ) 
 B_SPLINE_SURFACE_WITH_KNOTS ( ( 2, 2 ),
 ( 3, 2, 2, 2, 2, 2, 2, 2, 2, 2, 2, 2, 2, 2, 2, 2, 2, 2, 2, 2, 2, 2, 2, 2, 2, 2, 2, 2, 2, 2, 2, 2, 2, 2, 2, 2, 2, 2, 2, 2, 2, 2, 2, 2, 2, 2, 2, 2, 2, 2, 2, 2, 2, 3 ),
 ( 0.000000000000000000, 1.000000000000000000 ),
 ( 0.000000000000000000, 0.01785714285714285615, 0.03571428571428571230, 0.05357142857142856845, 0.07142857142857142461, 0.08928571428571428770, 0.1071428571428571369, 0.1250000000000000000, 0.1428571428571428492, 0.1607142857142857262, 0.1785714285714285754, 0.1964285714285714246, 0.2142857142857142738, 0.2321428571428571508, 0.2500000000000000000, 0.2678571428571428492, 0.2857142857142856984, 0.3035714285714285476, 0.3214285714285714524, 0.3392857142857143016, 0.3571428571428571508, 0.3750000000000000000, 0.3928571428571428492, 0.4107142857142856984, 0.4285714285714285476, 0.4464285714285714524, 0.4642857142857143016, 0.4821428571428571508, 0.5000000000000000000, 0.5178571428571429047, 0.5357142857142856984, 0.5535714285714286031, 0.5714285714285713969, 0.5892857142857143016, 0.6071428571428570953, 0.6250000000000000000, 0.6428571428571429047, 0.6607142857142856984, 0.6785714285714286031, 0.6964285714285713969, 0.7142857142857143016, 0.7321428571428570953, 0.7500000000000000000, 0.7678571428571429047, 0.7857142857142856984, 0.8035714285714286031, 0.8214285714285713969, 0.8392857142857143016, 0.8571428571428570953, 0.8750000000000000000, 0.8928571428571429047, 0.9107142857142856984, 0.9285714285714286031, 0.9464285714285713969 ),
 .UNSPECIFIED. ) 
 GEOMETRIC_REPRESENTATION_ITEM ( )  RATIONAL_B_SPLINE_SURFACE ( (
 ( 1.000000000000000000, 0.9238795325112867385, 1.000000000000000000, 0.9238795325112867385, 1.000000000000000000, 0.9238795325112867385, 1.000000000000000000, 0.9238795325112867385, 1.000000000000000000, 0.9238795325112867385, 1.000000000000000000, 0.9238795325112867385, 1.000000000000000000, 0.9238795325112867385, 1.000000000000000000, 0.9238795325112867385, 1.000000000000000000, 0.9238795325112867385, 1.000000000000000000, 0.9238795325112867385, 1.000000000000000000, 0.9238795325112867385, 1.000000000000000000, 0.9238795325112867385, 1.000000000000000000, 0.9238795325112867385, 1.000000000000000000, 0.9238795325112867385, 1.000000000000000000, 0.9238795325112867385, 1.000000000000000000, 0.9238795325112867385, 1.000000000000000000, 0.9238795325112867385, 1.000000000000000000, 0.9238795325112867385, 1.000000000000000000, 0.9238795325112867385, 1.000000000000000000, 0.9238795325112867385, 1.000000000000000000, 0.9238795325112867385, 1.000000000000000000, 0.9238795325112867385, 1.000000000000000000, 0.9238795325112867385, 1.000000000000000000, 0.9238795325112867385, 1.000000000000000000, 0.9238795325112867385, 1.000000000000000000, 0.9238795325112867385, 1.000000000000000000, 0.9238795325112867385, 1.000000000000000000, 0.9238795325112867385, 1.000000000000000000, 0.9238795325112867385, 1.000000000000000000, 0.9238795325112867385, 1.000000000000000000, 0.9238795325112867385, 1.000000000000000000, 0.9238795325112867385, 1.000000000000000000, 0.9238795325112867385, 1.000000000000000000, 0.9238795325112867385, 1.000000000000000000, 0.9238795325112867385, 1.000000000000000000, 0.9238795325112867385, 1.000000000000000000, 0.9238795325112867385, 1.000000000000000000, 0.9238795325112867385, 1.000000000000000000, 0.9238795325112867385, 1.000000000000000000, 0.9238795325112867385, 1.000000000000000000, 0.9238795325112867385, 1.000000000000000000, 0.9238795325112867385, 1.000000000000000000, 0.9238795325112867385, 1.000000000000000000, 0.9238795325112867385, 1.000000000000000000, 0.9238795325112867385, 1.000000000000000000, 0.9238795325112867385, 1.000000000000000000, 0.9238795325112867385, 1.000000000000000000, 0.9238795325112867385, 1.000000000000000000, 0.9238795325112867385, 1.000000000000000000, 0.9238795325112867385, 1.000000000000000000, 0.9238795325112867385, 1.000000000000000000, 0.9238795325112867385, 1.000000000000000000, 0.9238795325112867385, 1.000000000000000000),
 ( 1.000000000000000000, 0.9238795325112867385, 1.000000000000000000, 0.9238795325112867385, 1.000000000000000000, 0.9238795325112867385, 1.000000000000000000, 0.9238795325112867385, 1.000000000000000000, 0.9238795325112867385, 1.000000000000000000, 0.9238795325112867385, 1.000000000000000000, 0.9238795325112867385, 1.000000000000000000, 0.9238795325112867385, 1.000000000000000000, 0.9238795325112867385, 1.000000000000000000, 0.9238795325112867385, 1.000000000000000000, 0.9238795325112867385, 1.000000000000000000, 0.9238795325112867385, 1.000000000000000000, 0.9238795325112867385, 1.000000000000000000, 0.9238795325112867385, 1.000000000000000000, 0.9238795325112867385, 1.000000000000000000, 0.9238795325112867385, 1.000000000000000000, 0.9238795325112867385, 1.000000000000000000, 0.9238795325112867385, 1.000000000000000000, 0.9238795325112867385, 1.000000000000000000, 0.9238795325112867385, 1.000000000000000000, 0.9238795325112867385, 1.000000000000000000, 0.9238795325112867385, 1.000000000000000000, 0.9238795325112867385, 1.000000000000000000, 0.9238795325112867385, 1.000000000000000000, 0.9238795325112867385, 1.000000000000000000, 0.9238795325112867385, 1.000000000000000000, 0.9238795325112867385, 1.000000000000000000, 0.9238795325112867385, 1.000000000000000000, 0.9238795325112867385, 1.000000000000000000, 0.9238795325112867385, 1.000000000000000000, 0.9238795325112867385, 1.000000000000000000, 0.9238795325112867385, 1.000000000000000000, 0.9238795325112867385, 1.000000000000000000, 0.9238795325112867385, 1.000000000000000000, 0.9238795325112867385, 1.000000000000000000, 0.9238795325112867385, 1.000000000000000000, 0.9238795325112867385, 1.000000000000000000, 0.9238795325112867385, 1.000000000000000000, 0.9238795325112867385, 1.000000000000000000, 0.9238795325112867385, 1.000000000000000000, 0.9238795325112867385, 1.000000000000000000, 0.9238795325112867385, 1.000000000000000000, 0.9238795325112867385, 1.000000000000000000, 0.9238795325112867385, 1.000000000000000000, 0.9238795325112867385, 1.000000000000000000, 0.9238795325112867385, 1.000000000000000000, 0.9238795325112867385, 1.000000000000000000, 0.9238795325112867385, 1.000000000000000000, 0.9238795325112867385, 1.000000000000000000, 0.9238795325112867385, 1.000000000000000000, 0.9238795325112867385, 1.000000000000000000, 0.9238795325112867385, 1.000000000000000000, 0.9238795325112867385, 1.000000000000000000) ) ) 
 REPRESENTATION_ITEM ( '' )  SURFACE ( )  );
#1344 = ORIENTED_EDGE ( 'NONE', *, *, #1465, .F. ) ;
#1345 = CARTESIAN_POINT ( 'NONE',  ( 0.1284534428620380531, -0.1201953129080303995, -0.05632297839275045293 ) ) ;
#1346 = CARTESIAN_POINT ( 'NONE',  ( 0.1199156081756489051, 0.08680555555766711340, 6.907524698078900663E-17 ) ) ;
#1347 = CARTESIAN_POINT ( 'NONE',  ( -0.2346379537190212694, -0.1473429292307187055, 0.1892912406773847867 ) ) ;
#1348 = CARTESIAN_POINT ( 'NONE',  ( -2.937085314402332276E-17, 0.03819444444622265705, -0.1199156081756488357 ) ) ;
#1349 = CARTESIAN_POINT ( 'NONE',  ( 0.04967067124657179034, -0.1319444444440273367, -0.1199156081756488357 ) ) ;
#1350 = CARTESIAN_POINT ( 'NONE',  ( 0.08479313971111035464, -0.07986111111027734133, -0.08479313971111028525 ) ) ;
#1351 = DIRECTION ( 'NONE',  ( 0.000000000000000000, 1.000000000000000000, 0.000000000000000000 ) ) ;
#1352 = DIRECTION ( 'NONE',  ( 0.000000000000000000, 0.000000000000000000, 1.000000000000000000 ) ) ;
#1353 = ORIENTED_EDGE ( 'NONE', *, *, #136, .T. ) ;
#1354 = CARTESIAN_POINT ( 'NONE',  ( -0.2812500000000000555, -0.1359611746280462719, -0.1623797632095822230 ) ) ;
#1355 = EDGE_LOOP ( 'NONE', ( #2483, #473, #835, #1185 ) ) ;
#1356 = CARTESIAN_POINT ( 'NONE',  ( 0.1374751281361506206, -0.1242305651221891905, 0.04378898798301877199 ) ) ;
#1357 = ADVANCED_FACE ( 'NONE', ( #271 ), #1343, .F. ) ;
#1358 = CARTESIAN_POINT ( 'NONE',  ( -0.1559999999999998610, -0.02083333333186012867, 0.06461731573020293440 ) ) ;
#1359 = DIRECTION ( 'NONE',  ( 0.000000000000000000, 1.000000000000000000, 0.000000000000000000 ) ) ;
#1360 = CARTESIAN_POINT ( 'NONE',  ( -0.08479313971111035464, 0.04513888889072267124, -0.08479313971111024362 ) ) ;
#1361 = EDGE_CURVE ( 'NONE', #812, #21, #2252, .T. ) ;
#1362 = CARTESIAN_POINT ( 'NONE',  ( -0.08479313971111034076, -0.05208333333227734008, 0.08479313971111042403 ) ) ;
#1363 = CARTESIAN_POINT ( 'NONE',  ( 0.000000000000000000, 0.05468749999999975020, 7.641796026679484348E-17 ) ) ;
#1364 = DIRECTION ( 'NONE',  ( 0.000000000000000000, 0.000000000000000000, -1.000000000000000000 ) ) ;
#1365 = CARTESIAN_POINT ( 'NONE',  ( 0.06461731573020279562, -0.06944444444375008629, 0.1559999999999999165 ) ) ;
#1366 = ORIENTED_EDGE ( 'NONE', *, *, #862, .T. ) ;
#1367 = LOCAL_TIME ( 17, 51, 8.000000000000000000, #1874 ) ;
#1368 = CARTESIAN_POINT ( 'NONE',  ( -0.1194804652607347056, -0.001396891824351112260, 0.01285035000640390515 ) ) ;
#1369 = VERTEX_POINT ( 'NONE', #1528 ) ;
#1370 = DIRECTION ( 'NONE',  ( -0.000000000000000000, -1.000000000000000000, -0.000000000000000000 ) ) ;
#1371 = CARTESIAN_POINT ( 'NONE',  ( -0.08479313971111034076, 0.06597222222416711246, 0.08479313971111042403 ) ) ;
#1372 = CARTESIAN_POINT ( 'NONE',  ( 0.1640483488951210156, 0.05468749999999990286, -0.2300461680244527962 ) ) ;
#1373 = CARTESIAN_POINT ( 'NONE',  ( 0.08479313971111035464, 0.07291666666872265168, 0.08479313971111039627 ) ) ;
#1374 = CARTESIAN_POINT ( 'NONE',  ( -0.1199156081756489051, -0.2256944444447773479, 9.844610012481234172E-17 ) ) ;
#1375 = DIRECTION ( 'NONE',  ( 0.000000000000000000, -1.000000000000000000, -0.000000000000000000 ) ) ;
#1376 = EDGE_CURVE ( 'NONE', #870, #1661, #1942, .T. ) ;
#1377 = CONICAL_SURFACE ( 'NONE', #2277, 0.2812499999999999445, 1.134464013796318893 ) ;
#1378 = CARTESIAN_POINT ( 'NONE',  ( -0.08479313971111034076, -0.04513888888783288561, 0.08479313971111042403 ) ) ;
#1379 = EDGE_LOOP ( 'NONE', ( #382, #2016, #2274, #1684, #2307, #991 ) ) ;
#1380 = CARTESIAN_POINT ( 'NONE',  ( 1.468542657201166138E-17, 0.1284722222246671153, 0.1199156081756489745 ) ) ;
#1381 = AXIS2_PLACEMENT_3D ( 'NONE', #1823, #1215, #789 ) ;
#1382 = CARTESIAN_POINT ( 'NONE',  ( -1.803159890764987132E-15, 0.006092604150847213788, 0.1274051041508472981 ) ) ;
#1383 = ORIENTED_EDGE ( 'NONE', *, *, #1672, .F. ) ;
#1384 = CARTESIAN_POINT ( 'NONE',  ( 0.1559999999999998610, -0.1145833333330000675, 6.686571523344549729E-17 ) ) ;
#1385 = CARTESIAN_POINT ( 'NONE',  ( 0.08479313971111035464, -0.01736111110983290171, -0.08479313971111028525 ) ) ;
#1386 = CARTESIAN_POINT ( 'NONE',  ( -0.1103086578651013006, -0.02430555555450008426, 0.1103086578651013977 ) ) ;
#1387 = DIRECTION ( 'NONE',  ( 0.000000000000000000, 1.365805589135462294E-15, -1.000000000000000000 ) ) ;
#1388 = CARTESIAN_POINT ( 'NONE',  ( -0.1124349510446009115, -0.2413194444447215037, 0.1124349510446010225 ) ) ;
#1389 = CARTESIAN_POINT ( 'NONE',  ( 0.000000000000000000, 0.05768750000000001654, -0.1559999999999998610 ) ) ;
#1390 = APPLICATION_CONTEXT ( 'configuration controlled 3d designs of mechanical parts and assemblies' ) ;
#1391 = DIRECTION ( 'NONE',  ( 0.000000000000000000, 0.000000000000000000, -1.000000000000000000 ) ) ;
#1392 = CARTESIAN_POINT ( 'NONE',  ( 0.04967067124657179034, -0.09027777777708287377, 0.1199156081756489745 ) ) ;
#1393 = CARTESIAN_POINT ( 'NONE',  ( -0.04919865266322531738, -0.1001656081756492761, 0.1095987899386446779 ) ) ;
#1394 = ORIENTED_EDGE ( 'NONE', *, *, #2126, .F. ) ;
#1395 = CARTESIAN_POINT ( 'NONE',  ( 0.08479313971111035464, -0.1354166666662773300, -0.08479313971111028525 ) ) ;
#1396 = EDGE_CURVE ( 'NONE', #2118, #520, #50, .T. ) ;
#1397 = CARTESIAN_POINT ( 'NONE',  ( -0.1099647241994706065, -0.001396891824351116163, -0.04846471973415363010 ) ) ;
#1398 = AXIS2_PLACEMENT_3D ( 'NONE', #1563, #939, #2135 ) ;
#1399 = CARTESIAN_POINT ( 'NONE',  ( 0.000000000000000000, -0.1562499999999999722, 0.000000000000000000 ) ) ;
#1400 = ORIENTED_EDGE ( 'NONE', *, *, #1376, .T. ) ;
#1401 = DIRECTION ( 'NONE',  ( 0.000000000000000000, 0.000000000000000000, -1.000000000000000000 ) ) ;
#1402 = CARTESIAN_POINT ( 'NONE',  ( -0.1199156081756488773, 0.04861111111297266446, -0.04967067124657172789 ) ) ;
#1403 = APPROVAL_DATE_TIME ( #2415, #70 ) ;
#1404 = CARTESIAN_POINT ( 'NONE',  ( 0.1199156081756489051, -0.07986111111033288024, 6.907524698078900663E-17 ) ) ;
#1405 = B_SPLINE_CURVE_WITH_KNOTS ( 'NONE', 3,
 ( #1683, #717, #704, #1699, #2294, #907 ),
 .UNSPECIFIED., .F., .F.,
 ( 4, 2, 4 ),
 ( 2.339748128050349977E-07, 0.002074917561849730276, 0.004149601148886654031 ),
 .UNSPECIFIED. ) ;
#1406 = CARTESIAN_POINT ( 'NONE',  ( 0.2812499999999997224, -0.1562500000000001110, -0.02717244894848473355 ) ) ;
#1407 = ORIENTED_EDGE ( 'NONE', *, *, #1247, .F. ) ;
#1408 = CARTESIAN_POINT ( 'NONE',  ( -2.937085314402332276E-17, -0.1284722222217773435, -0.1199156081756488357 ) ) ;
#1409 = CARTESIAN_POINT ( 'NONE',  ( 0.2812499999999997780, 0.04533189610169733458, 0.1088148424055090102 ) ) ;
#1410 = ADVANCED_FACE ( 'NONE', ( #135 ), #2531, .F. ) ;
#1411 = CARTESIAN_POINT ( 'NONE',  ( -0.08479313971111035464, -0.2256944444448328868, -0.08479313971111024362 ) ) ;
#1412 = ORIENTED_EDGE ( 'NONE', *, *, #2048, .T. ) ;
#1413 = DIRECTION ( 'NONE',  ( 0.000000000000000000, 1.000000000000000000, 1.365805589135462294E-15 ) ) ;
#1414 = CARTESIAN_POINT ( 'NONE',  ( 0.04967067124657179034, 0.1250000000024726332, 0.1199156081756489745 ) ) ;
#1415 = CARTESIAN_POINT ( 'NONE',  ( -0.04967067124657176952, 0.06250000000197264427, 0.1199156081756490300 ) ) ;
#1416 = CARTESIAN_POINT ( 'NONE',  ( 0.2812499999999997780, -0.1543812058330721881, 0.05435009121564169515 ) ) ;
#1417 = CARTESIAN_POINT ( 'NONE',  ( -0.1045116602546436180, -0.1354645139975244883, 0.1153060974718896348 ) ) ;
#1418 = ORIENTED_EDGE ( 'NONE', *, *, #1468, .F. ) ;
#1419 = CARTESIAN_POINT ( 'NONE',  ( -0.1199156081756488634, -0.1111111111105273497, 0.04967067124657192217 ) ) ;
#1420 = CARTESIAN_POINT ( 'NONE',  ( -0.09362787878657291563, 0.05282607073310914558, -0.2707034453980832200 ) ) ;
#1421 = CARTESIAN_POINT ( 'NONE',  ( -0.04967067124657176952, -0.1527777777775828905, 0.1199156081756490300 ) ) ;
#1422 = CARTESIAN_POINT ( 'NONE',  ( -0.1103086578651013283, 0.01736111111249992109, -0.1103086578651011895 ) ) ;
#1423 = CARTESIAN_POINT ( 'NONE',  ( 0.000000000000000000, 19685.03937007874265, -0.1559999999999997777 ) ) ;
#1424 = CARTESIAN_POINT ( 'NONE',  ( 0.1199156081756489051, 0.08333333333547265909, -0.04967067124657170707 ) ) ;
#1425 = CIRCLE ( 'NONE', #1055, 0.2812499999999999445 ) ;
#1426 = CARTESIAN_POINT ( 'NONE',  ( 0.06586286943717226117, -0.1579861111111386940, -0.1590070326520295618 ) ) ;
#1427 = COORDINATED_UNIVERSAL_TIME_OFFSET ( 8, 0, .BEHIND. ) ;
#1428 = FACE_OUTER_BOUND ( 'NONE', #1118, .T. ) ;
#1429 = ORIENTED_EDGE ( 'NONE', *, *, #929, .T. ) ;
#1430 = CARTESIAN_POINT ( 'NONE',  ( 0.1559999999999998610, 0.003472222223889866351, 6.686571523344549729E-17 ) ) ;
#1431 = CARTESIAN_POINT ( 'NONE',  ( -0.09258979853793671000, 0.02747995842959250617, -0.1171177227125556053 ) ) ;
#1432 = VECTOR ( 'NONE', #485, 39.37007874015748143 ) ;
#1433 = CARTESIAN_POINT ( 'NONE',  ( -0.1332330933279694263, -0.1255785246643050246, 0.05883980029472634515 ) ) ;
#1434 = DIRECTION ( 'NONE',  ( 0.000000000000000000, -1.000000000000000000, 0.000000000000000000 ) ) ;
#1435 = CIRCLE ( 'NONE', #1559, 0.09556249999999999467 ) ;
#1436 = EDGE_CURVE ( 'NONE', #2152, #908, #1503, .T. ) ;
#1437 = CARTESIAN_POINT ( 'NONE',  ( 0.000000000000000000, 0.05468749999999968081, -2.731847993664263218E-16 ) ) ;
#1438 = CARTESIAN_POINT ( 'NONE',  ( 0.1199156081756489051, 0.07638888889097264490, 0.04967067124657185279 ) ) ;
#1439 = CARTESIAN_POINT ( 'NONE',  ( 0.06586286943717226117, -0.1788194444446387088, 0.1590070326520296728 ) ) ;
#1440 = DATE_AND_TIME ( #2230, #158 ) ;
#1441 = EDGE_CURVE ( 'NONE', #1893, #192, #2278, .T. ) ;
#1442 = DIRECTION ( 'NONE',  ( 0.000000000000000000, 0.000000000000000000, -1.000000000000000000 ) ) ;
#1443 = ORIENTED_EDGE ( 'NONE', *, *, #1642, .F. ) ;
#1444 = LINE ( 'NONE', #1175, #2007 ) ;
#1445 = CARTESIAN_POINT ( 'NONE',  ( 0.000000000000000000, 0.1472499999999999087, -0.1559999999999998610 ) ) ;
#1446 = FACE_OUTER_BOUND ( 'NONE', #2004, .T. ) ;
#1447 = CARTESIAN_POINT ( 'NONE',  ( -0.1552576559419107660, -0.1362500000000625155, -0.01520066680914638514 ) ) ;
#1448 = CARTESIAN_POINT ( 'NONE',  ( 0.04369905680648865365, 0.02198280548206732465, -0.1367581976568114088 ) ) ;
#1449 = CARTESIAN_POINT ( 'NONE',  ( 0.1124349510446009254, 0.008680555557278476358, -0.1124349510446008699 ) ) ;
#1450 = CARTESIAN_POINT ( 'NONE',  ( -0.1590070326520295896, -0.1996527777781387236, -0.06586286943717220566 ) ) ;
#1451 = CARTESIAN_POINT ( 'NONE',  ( -0.1027170655217357204, -0.1085375203866936339, -0.07711866724837079801 ) ) ;
#1452 = ORIENTED_EDGE ( 'NONE', *, *, #2220, .T. ) ;
#1453 = DIRECTION ( 'NONE',  ( 0.000000000000000000, 0.000000000000000000, -1.000000000000000000 ) ) ;
#1454 = ORIENTED_EDGE ( 'NONE', *, *, #1484, .F. ) ;
#1455 = DIRECTION ( 'NONE',  ( 1.000000000000000000, 0.000000000000000000, 0.000000000000000000 ) ) ;
#1456 = AXIS2_PLACEMENT_3D ( 'NONE', #2476, #736, #1121 ) ;
#1457 = CARTESIAN_POINT ( 'NONE',  ( 1.468542657201166138E-17, -0.03819444444333289224, 0.1199156081756489745 ) ) ;
#1458 = CIRCLE ( 'NONE', #217, 0.2812500000000001110 ) ;
#1459 = CARTESIAN_POINT ( 'NONE',  ( 0.1188999240319142253, 0.01221331980495634663, 0.06141765665396956009 ) ) ;
#1460 = CARTESIAN_POINT ( 'NONE',  ( -0.1590070326520295896, 0.03298611111302850174, 0.06586286943717239994 ) ) ;
#1461 = CARTESIAN_POINT ( 'NONE',  ( 0.2812500000000001665, -0.1562499999999999722, 0.000000000000000000 ) ) ;
#1462 = CONICAL_SURFACE ( 'NONE', #258, 0.1759999999999999065, 0.7853981633974500554 ) ;
#1463 = CARTESIAN_POINT ( 'NONE',  ( -3.820898013339737860E-17, -0.09374999999911014237, -0.1559999999999997777 ) ) ;
#1464 = ORIENTED_EDGE ( 'NONE', *, *, #2220, .F. ) ;
#1465 = EDGE_CURVE ( 'NONE', #2472, #285, #224, .T. ) ;
#1466 = DIRECTION ( 'NONE',  ( -1.224646799147353207E-16, 0.000000000000000000, -1.000000000000000000 ) ) ;
#1467 = CARTESIAN_POINT ( 'NONE',  ( -0.2579767023051826591, 0.04066437820798186192, -0.1758166078986155012 ) ) ;
#1468 = EDGE_CURVE ( 'NONE', #1751, #379, #383, .T. ) ;
#1469 = CARTESIAN_POINT ( 'NONE',  ( -2.937085314402332276E-17, -0.01041666666533289098, -0.1199156081756488357 ) ) ;
#1470 = FACE_OUTER_BOUND ( 'NONE', #1879, .T. ) ;
#1471 = CARTESIAN_POINT ( 'NONE',  ( 0.03544619474697541239, 0.007634041435836672572, 0.1242972720860691660 ) ) ;
#1472 = CARTESIAN_POINT ( 'NONE',  ( 0.1124349510446009254, -0.005208333331721515594, 0.1124349510446009809 ) ) ;
#1473 = CARTESIAN_POINT ( 'NONE',  ( -3.894549071584535268E-17, 0.01215277777911127725, -0.1590070326520295618 ) ) ;
#1474 = APPROVAL_STATUS ( 'not_yet_approved' ) ;
#1475 = CIRCLE ( 'NONE', #1517, 0.1559999999999998610 ) ;
#1476 = CARTESIAN_POINT ( 'NONE',  ( 0.000000000000000000, -0.1562500000000001110, 7.641796026679484348E-17 ) ) ;
#1477 = ORIENTED_EDGE ( 'NONE', *, *, #2235, .F. ) ;
#1478 = CARTESIAN_POINT ( 'NONE',  ( -0.07934738479717616533, -0.1001656081756493039, 0.08990965248506206653 ) ) ;
#1479 = ORIENTED_EDGE ( 'NONE', *, *, #775, .F. ) ;
#1480 = LINE ( 'NONE', #2421, #48 ) ;
#1481 = CARTESIAN_POINT ( 'NONE',  ( 0.08479313971111035464, -0.1423611111108328831, 0.08479313971111039627 ) ) ;
#1482 = CARTESIAN_POINT ( 'NONE',  ( 0.08479313971111035464, -0.1284722222218328824, -0.08479313971111028525 ) ) ;
#1483 = DIRECTION ( 'NONE',  ( 0.000000000000000000, 0.000000000000000000, -1.000000000000000000 ) ) ;
#1484 = EDGE_CURVE ( 'NONE', #77, #755, #782, .T. ) ;
#1485 = CARTESIAN_POINT ( 'NONE',  ( 0.05999180662267997871, 0.02126819269841836654, -0.1296499313051303059 ) ) ;
#1486 = CARTESIAN_POINT ( 'NONE',  ( 0.1590070326520296173, 0.001736111112778496862, 6.668158758783350223E-17 ) ) ;
#1487 = CARTESIAN_POINT ( 'NONE',  ( 0.1124349510446009254, -0.06423611111038872445, 0.1124349510446009809 ) ) ;
#1488 = SECURITY_CLASSIFICATION_LEVEL ( 'unclassified' ) ;
#1489 = AXIS2_PLACEMENT_3D ( 'NONE', #599, #2342, #1364 ) ;
#1490 = CARTESIAN_POINT ( 'NONE',  ( -0.1199156081756488634, 0.1180555555579171217, 0.04967067124657192217 ) ) ;
#1491 = CARTESIAN_POINT ( 'NONE',  ( 0.000000000000000000, 0.05468749999999992367, 0.000000000000000000 ) ) ;
#1492 = B_SPLINE_CURVE_WITH_KNOTS ( 'NONE', 3,
 ( #856, #1406, #1816, #1805, #2404, #2417 ),
 .UNSPECIFIED., .F., .F.,
 ( 4, 2, 4 ),
 ( 0.01765605404432923214, 0.01972141758824774369, 0.02178678113216625523 ),
 .UNSPECIFIED. ) ;
#1493 = CARTESIAN_POINT ( 'NONE',  ( -0.1169949894168966220, -0.1562500000000000000, -0.2572124377854820287 ) ) ;
#1494 = EDGE_LOOP ( 'NONE', ( #523, #1838, #1344 ) ) ;
#1495 = CARTESIAN_POINT ( 'NONE',  ( 0.000000000000000000, 0.05768749999999999573, -0.1559999999999998610 ) ) ;
#1496 = CARTESIAN_POINT ( 'NONE',  ( -0.1124349510446009531, 0.1302083333356112982, -0.1124349510446008282 ) ) ;
#1497 = CARTESIAN_POINT ( 'NONE',  ( -0.1199156081756488773, -0.05555555555458288608, -0.04967067124657172789 ) ) ;
#1498 = FACE_OUTER_BOUND ( 'NONE', #2233, .T. ) ;
#1499 = CIRCLE ( 'NONE', #2473, 0.2812500000000001110 ) ;
#1500 = CARTESIAN_POINT ( 'NONE',  ( 0.1032710497558229634, 0.01107063170027038600, 0.08330195847360109818 ) ) ;
#1501 = CARTESIAN_POINT ( 'NONE',  ( 0.06586286943717226117, -0.06423611110997150264, 0.1590070326520296728 ) ) ;
#1502 = CARTESIAN_POINT ( 'NONE',  ( 0.1590070326520296451, -0.06076388888813873124, 0.06586286943717231668 ) ) ;
#1503 = CIRCLE ( 'NONE', #675, 0.1015625000000000416 ) ;
#1504 = ADVANCED_FACE ( 'NONE', ( #22 ), #1617, .F. ) ;
#1505 = CARTESIAN_POINT ( 'NONE',  ( -0.04967067124657185972, -0.2361111111115273553, -0.1199156081756488357 ) ) ;
#1506 = CARTESIAN_POINT ( 'NONE',  ( -0.08479313971111035464, -0.05902777777683289318, -0.08479313971111024362 ) ) ;
#1507 = VERTEX_POINT ( 'NONE', #2364 ) ;
#1508 = CARTESIAN_POINT ( 'NONE',  ( 1.468542657201166138E-17, -0.2048611111113328720, 0.1199156081756489745 ) ) ;
#1509 = CARTESIAN_POINT ( 'NONE',  ( -0.1199156081756489051, -0.05208333333233289980, 9.844610012481234172E-17 ) ) ;
#1510 = CARTESIAN_POINT ( 'NONE',  ( -0.2812500000000000555, -0.1359611746280462719, -0.1623797632095822230 ) ) ;
#1511 = DIRECTION ( 'NONE',  ( -1.224646799147353207E-16, 0.000000000000000000, -1.000000000000000000 ) ) ;
#1512 = DIRECTION ( 'NONE',  ( -1.224646799147353207E-16, 0.000000000000000000, -1.000000000000000000 ) ) ;
#1513 = CARTESIAN_POINT ( 'NONE',  ( 1.947274535792267634E-17, -0.01562499999888872226, 0.1590070326520297006 ) ) ;
#1514 = EDGE_CURVE ( 'NONE', #823, #77, #1203, .T. ) ;
#1515 = CARTESIAN_POINT ( 'NONE',  ( -0.04967067124657185972, -0.06944444444352734780, -0.1199156081756488357 ) ) ;
#1516 = FACE_OUTER_BOUND ( 'NONE', #1262, .T. ) ;
#1517 = AXIS2_PLACEMENT_3D ( 'NONE', #596, #610, #806 ) ;
#1518 = ORIENTED_EDGE ( 'NONE', *, *, #2309, .F. ) ;
#1519 = EDGE_CURVE ( 'NONE', #379, #1751, #1907, .T. ) ;
#1520 = B_SPLINE_CURVE_WITH_KNOTS ( 'NONE', 3,
 ( #225, #1603, #606, #1173, #2394, #975, #435, #2171, #424, #1382 ),
 .UNSPECIFIED., .F., .F.,
 ( 4, 2, 2, 2, 4 ),
 ( 1.494000160427880573E-17, 0.001043888819455588649, 0.002087777638911162120, 0.003131666458366736024, 0.004175555277822309494 ),
 .UNSPECIFIED. ) ;
#1521 = CARTESIAN_POINT ( 'NONE',  ( 0.007468651106036000922, -0.1001656081756493594, 0.1196827988258633846 ) ) ;
#1522 = ORIENTED_EDGE ( 'NONE', *, *, #475, .F. ) ;
#1523 = CARTESIAN_POINT ( 'NONE',  ( -0.04967067124657185972, -0.1736111111110829053, -0.1199156081756488357 ) ) ;
#1524 = CARTESIAN_POINT ( 'NONE',  ( -0.2812500000000000000, -0.1562499999999999722, -0.02717244894848472314 ) ) ;
#1525 =( BOUNDED_CURVE ( )  B_SPLINE_CURVE ( 2, ( #1478, #1911, #2260, #1289, #300, #1093, #1878, #312, #1106, #522, #1892, #1701, #1506, #1314, #560, #574, #1378, #1155, #351, #1948, #1544, #2131, #972, #1766, #175, #1184, #191, #1571, #2510, #1532, #1980 ),
 .UNSPECIFIED., .F., .F. ) 
 B_SPLINE_CURVE_WITH_KNOTS ( ( 3, 2, 2, 2, 2, 2, 2, 2, 2, 2, 2, 2, 2, 2, 2, 3 ),
 ( 0.3407313073990904662, 0.3571428571428571508, 0.3750000000000000000, 0.3928571428571428492, 0.4107142857142856984, 0.4285714285714285476, 0.4464285714285714524, 0.4642857142857143016, 0.4821428571428571508, 0.5000000000000000000, 0.5178571428571429047, 0.5357142857142856984, 0.5535714285714286031, 0.5714285714285713969, 0.5892857142857143016, 0.5947382699283784158 ),
 .UNSPECIFIED. ) 
 CURVE ( )  GEOMETRIC_REPRESENTATION_ITEM ( )  RATIONAL_B_SPLINE_CURVE ( ( 0.9886733061897157171, 0.9300417290322515740, 1.000000000000000000, 0.9238795325112867385, 1.000000000000000000, 0.9238795325112867385, 1.000000000000000000, 0.9238795325112867385, 1.000000000000000000, 0.9238795325112867385, 1.000000000000000000, 0.9238795325112867385, 1.000000000000000000, 0.9238795325112867385, 1.000000000000000000, 0.9238795325112867385, 1.000000000000000000, 0.9238795325112867385, 1.000000000000000000, 0.9238795325112867385, 1.000000000000000000, 0.9238795325112867385, 1.000000000000000000, 0.9238795325112867385, 1.000000000000000000, 0.9238795325112867385, 1.000000000000000000, 0.9238795325112867385, 1.000000000000000000, 0.9767571392664423646, 0.9677083735746594417 ) ) 
 REPRESENTATION_ITEM ( '' )  );
#1526 = B_SPLINE_CURVE_WITH_KNOTS ( 'NONE', 3,
 ( #369, #1318, #2301, #145, #2099, #321 ),
 .UNSPECIFIED., .F., .F.,
 ( 4, 2, 4 ),
 ( 0.004149601148886648827, 0.006206140113828776013, 0.008262679078770903199 ),
 .UNSPECIFIED. ) ;
#1527 = DIRECTION ( 'NONE',  ( -0.000000000000000000, -1.000000000000000000, -0.000000000000000000 ) ) ;
#1528 = CARTESIAN_POINT ( 'NONE',  ( -1.365923996832131609E-16, -0.1359611746280462719, -0.3247595264191645570 ) ) ;
#1529 = CARTESIAN_POINT ( 'NONE',  ( 0.04967067124657179034, 0.01388888889047266290, 0.1199156081756489745 ) ) ;
#1530 = CARTESIAN_POINT ( 'NONE',  ( -0.08479313971111035464, -0.1215277777772773432, -0.08479313971111024362 ) ) ;
#1531 = ORIENTED_EDGE ( 'NONE', *, *, #1170, .T. ) ;
#1532 = CARTESIAN_POINT ( 'NONE',  ( -0.09493696863310353840, -0.002469398964340853951, -0.07464931078911705986 ) ) ;
#1533 = ORIENTED_EDGE ( 'NONE', *, *, #1280, .F. ) ;
#1534 = CARTESIAN_POINT ( 'NONE',  ( -0.1199156081756489051, -0.1631944444443328979, 9.844610012481234172E-17 ) ) ;
#1535 = PLANE ( 'NONE',  #92 ) ;
#1536 = CARTESIAN_POINT ( 'NONE',  ( 0.08741961843927439912, -0.1175894242711921361, -0.1063353890801571888 ) ) ;
#1537 = CARTESIAN_POINT ( 'NONE',  ( -0.04967067124657176952, 0.01388888889041710317, 0.1199156081756490300 ) ) ;
#1538 = CARTESIAN_POINT ( 'NONE',  ( -0.1590070326520296173, 0.08506944444677848327, 1.056270783036788549E-16 ) ) ;
#1539 = CARTESIAN_POINT ( 'NONE',  ( 0.08479313971111035464, 0.03125000000172264286, -0.08479313971111028525 ) ) ;
#1540 = CARTESIAN_POINT ( 'NONE',  ( 0.04967067124657179034, -0.02083333333202733520, -0.1199156081756488357 ) ) ;
#1541 = AXIS2_PLACEMENT_3D ( 'NONE', #2045, #1865, #1265 ) ;
#1542 = ORIENTED_EDGE ( 'NONE', *, *, #2401, .F. ) ;
#1543 = CARTESIAN_POINT ( 'NONE',  ( 0.000000000000000000, 0.05468749999999975020, 7.641796026679484348E-17 ) ) ;
#1544 = CARTESIAN_POINT ( 'NONE',  ( 0.08479313971111035464, -0.03124999999883289539, 0.08479313971111039627 ) ) ;
#1545 = ORIENTED_EDGE ( 'NONE', *, *, #1860, .F. ) ;
#1546 = EDGE_CURVE ( 'NONE', #21, #1795, #1670, .T. ) ;
#1547 = CARTESIAN_POINT ( 'NONE',  ( -0.1406250000000000833, -0.1562499999999999722, -0.2435696448143734316 ) ) ;
#1548 = EDGE_LOOP ( 'NONE', ( #544, #894, #770 ) ) ;
#1549 = EDGE_CURVE ( 'NONE', #1661, #2092, #2029, .T. ) ;
#1550 = CARTESIAN_POINT ( 'NONE',  ( -0.02315324580881154143, -0.1421945574968482562, 0.3113919937188336928 ) ) ;
#1551 = CARTESIAN_POINT ( 'NONE',  ( -0.08479313971111034076, 0.1215277777801671150, 0.08479313971111042403 ) ) ;
#1552 = VERTEX_POINT ( 'NONE', #804 ) ;
#1553 = CARTESIAN_POINT ( 'NONE',  ( 0.1199156081756489051, -0.03124999999877733567, 6.907524698078900663E-17 ) ) ;
#1554 = CARTESIAN_POINT ( 'NONE',  ( 0.04967067124657179034, -0.1527777777775273516, 0.1199156081756489745 ) ) ;
#1555 = CARTESIAN_POINT ( 'NONE',  ( 0.1406249999999999722, 0.05468749999999992367, 0.2435696448143735704 ) ) ;
#1556 = CARTESIAN_POINT ( 'NONE',  ( -0.1552576559419107660, -0.1362500000000625155, -0.01520066680914638514 ) ) ;
#1557 = FACE_OUTER_BOUND ( 'NONE', #1264, .T. ) ;
#1558 = ORIENTED_EDGE ( 'NONE', *, *, #331, .T. ) ;
#1559 = AXIS2_PLACEMENT_3D ( 'NONE', #1301, #2444, #1466 ) ;
#1560 = DIRECTION ( 'NONE',  ( 0.000000000000000000, 0.000000000000000000, -1.000000000000000000 ) ) ;
#1561 = CARTESIAN_POINT ( 'NONE',  ( 0.1124349510446009254, 0.1163194444466112698, -0.1124349510446008699 ) ) ;
#1562 = ORIENTED_EDGE ( 'NONE', *, *, #2447, .F. ) ;
#1563 = CARTESIAN_POINT ( 'NONE',  ( 0.000000000000000000, -0.1562500000000001110, 7.641796026679484348E-17 ) ) ;
#1564 = CARTESIAN_POINT ( 'NONE',  ( 1.468542657201166138E-17, 0.1284722222246671153, 0.1199156081756489745 ) ) ;
#1565 = CARTESIAN_POINT ( 'NONE',  ( 0.1877777496598128371, 0.05280326345091706369, 0.2163459921052495183 ) ) ;
#1566 = EDGE_CURVE ( 'NONE', #2420, #1507, #2151, .T. ) ;
#1567 = CARTESIAN_POINT ( 'NONE',  ( 1.468542657201166138E-17, 0.06597222222422263749, 0.1199156081756489745 ) ) ;
#1568 = CARTESIAN_POINT ( 'NONE',  ( -0.1199156081756488634, -0.05555555555452734717, 0.04967067124657192217 ) ) ;
#1569 = CARTESIAN_POINT ( 'NONE',  ( 1.468542657201166138E-17, -0.04513888888777734670, 0.1199156081756489745 ) ) ;
#1570 = DIRECTION ( 'NONE',  ( 0.000000000000000000, 0.000000000000000000, 1.000000000000000000 ) ) ;
#1571 = CARTESIAN_POINT ( 'NONE',  ( -0.04967067124657185972, -0.006944444443082901236, -0.1199156081756488218 ) ) ;
#1572 = ORIENTED_EDGE ( 'NONE', *, *, #822, .T. ) ;
#1573 = CARTESIAN_POINT ( 'NONE',  ( 0.04967067124657179034, 0.09722222222441712081, -0.1199156081756488357 ) ) ;
#1574 = DIRECTION ( 'NONE',  ( 0.000000000000000000, 1.368112977596286109E-15, -1.000000000000000000 ) ) ;
#1575 = ORIENTED_EDGE ( 'NONE', *, *, #1468, .T. ) ;
#1576 = CARTESIAN_POINT ( 'NONE',  ( 0.1559999999999998610, -0.05208333333211013355, 6.686571523344549729E-17 ) ) ;
#1577 = CARTESIAN_POINT ( 'NONE',  ( -0.1199156081756489051, 0.1145833333356671008, 9.844610012481234172E-17 ) ) ;
#1578 = DIRECTION ( 'NONE',  ( -0.000000000000000000, -1.000000000000000000, -0.000000000000000000 ) ) ;
#1579 = CARTESIAN_POINT ( 'NONE',  ( 0.2812500000000000000, 0.03439867462804650083, -0.1623797632095822230 ) ) ;
#1580 = CARTESIAN_POINT ( 'NONE',  ( 0.08479313971111035464, -0.1909722222222773602, -0.08479313971111028525 ) ) ;
#1581 = CARTESIAN_POINT ( 'NONE',  ( -0.04967067124657185972, -0.06944444444352734780, -0.1199156081756488218 ) ) ;
#1582 = CARTESIAN_POINT ( 'NONE',  ( -0.1390011326967210969, 0.03020106495853234346, -0.06060408889161762735 ) ) ;
#1583 = CARTESIAN_POINT ( 'NONE',  ( -0.08479313971111035464, -0.1145833333328328957, -0.08479313971111024362 ) ) ;
#1584 = CLOSED_SHELL ( 'NONE', ( #2481, #1504, #1692, #30, #1204, #178 ) ) ;
#1585 = EDGE_CURVE ( 'NONE', #1288, #870, #1850, .T. ) ;
#1586 = CARTESIAN_POINT ( 'NONE',  ( 0.1103086578651013144, -0.05208333333250008551, -0.1103086578651012450 ) ) ;
#1587 = ORIENTED_EDGE ( 'NONE', *, *, #586, .T. ) ;
#1588 = CARTESIAN_POINT ( 'NONE',  ( 0.1199156081756489051, -0.1979166666667773467, 6.907524698078900663E-17 ) ) ;
#1589 = AXIS2_PLACEMENT_3D ( 'NONE', #727, #1359, #1709 ) ;
#1590 = CARTESIAN_POINT ( 'NONE',  ( 0.2812499999999997780, 0.05468749999999992367, 0.000000000000000000 ) ) ;
#1591 = DIRECTION ( 'NONE',  ( -0.000000000000000000, -1.000000000000000000, -0.000000000000000000 ) ) ;
#1592 = DIRECTION ( 'NONE',  ( -1.000000000000000000, 0.000000000000000000, 0.000000000000000000 ) ) ;
#1593 = CARTESIAN_POINT ( 'NONE',  ( -0.2812500000000000555, 0.03439867462804650083, 0.1623797632095823340 ) ) ;
#1594 = CARTESIAN_POINT ( 'NONE',  ( 0.04967067124657179034, 0.03472222222397267077, -0.1199156081756488357 ) ) ;
#1595 = ORIENTED_EDGE ( 'NONE', *, *, #712, .T. ) ;
#1596 = CARTESIAN_POINT ( 'NONE',  ( 0.1877777496598129758, -0.1543657634509171817, -0.2163459921052492962 ) ) ;
#1597 = EDGE_CURVE ( 'NONE', #2472, #781, #1007, .T. ) ;
#1598 = CARTESIAN_POINT ( 'NONE',  ( -2.937085314402332276E-17, -0.06597222222133289349, -0.1199156081756488357 ) ) ;
#1599 = CYLINDRICAL_SURFACE ( 'NONE', #1631, 0.1559999999999997777 ) ;
#1600 = ORIENTED_EDGE ( 'NONE', *, *, #519, .F. ) ;
#1601 = EDGE_CURVE ( 'NONE', #812, #2433, #1801, .T. ) ;
#1602 = CARTESIAN_POINT ( 'NONE',  ( -0.1199156081756489051, -0.1701388888887773454, 9.844610012481234172E-17 ) ) ;
#1603 = CARTESIAN_POINT ( 'NONE',  ( -0.1138997064484345151, -0.0007397043491426939137, 0.04191547185311760015 ) ) ;
#1604 = CIRCLE ( 'NONE', #231, 0.1796874999999998890 ) ;
#1605 = FACE_BOUND ( 'NONE', #49, .T. ) ;
#1606 = ORIENTED_EDGE ( 'NONE', *, *, #315, .T. ) ;
#1607 = CARTESIAN_POINT ( 'NONE',  ( -0.06461731573020287889, -0.04166666666575008504, -0.1559999999999997500 ) ) ;
#1608 = PLANE ( 'NONE',  #317 ) ;
#1609 = CARTESIAN_POINT ( 'NONE',  ( -0.1199156081756488634, 1.472670957184562602E-12, 0.04967067124657192217 ) ) ;
#1610 = ORIENTED_EDGE ( 'NONE', *, *, #914, .F. ) ;
#1611 = CARTESIAN_POINT ( 'NONE',  ( -7.021629106215890624E-17, -0.1359611746280462163, 0.3247595264191646125 ) ) ;
#1612 = ORIENTED_EDGE ( 'NONE', *, *, #604, .F. ) ;
#1613 = CARTESIAN_POINT ( 'NONE',  ( -2.937085314402332276E-17, -0.2395833333337773485, -0.1199156081756488357 ) ) ;
#1614 = DIRECTION ( 'NONE',  ( 0.000000000000000000, 0.000000000000000000, -1.000000000000000000 ) ) ;
#1615 = PRODUCT_DEFINITION_FORMATION_WITH_SPECIFIED_SOURCE ( 'ANY', '', #1720, .NOT_KNOWN. ) ;
#1616 = CARTESIAN_POINT ( 'NONE',  ( 0.04967067124657179034, -0.2013888888890829065, 0.1199156081756489745 ) ) ;
#1617 = CYLINDRICAL_SURFACE ( 'NONE', #920, 0.1559999999999998610 ) ;
#1618 = CARTESIAN_POINT ( 'NONE',  ( -0.1199156081756488773, 0.1041666666689726600, -0.04967067124657172789 ) ) ;
#1619 = CARTESIAN_POINT ( 'NONE',  ( -0.1199156081756488634, 0.1111111111134726742, 0.04967067124657192217 ) ) ;
#1620 = CARTESIAN_POINT ( 'NONE',  ( 1.947274535792267634E-17, -0.1267361111108887273, 0.1590070326520297006 ) ) ;
#1621 = CARTESIAN_POINT ( 'NONE',  ( -0.2812500000000000555, 0.05468749999999992367, 0.000000000000000000 ) ) ;
#1622 = ORIENTED_EDGE ( 'NONE', *, *, #445, .T. ) ;
#1623 = CIRCLE ( 'NONE', #213, 0.1559999999999998610 ) ;
#1624 = CARTESIAN_POINT ( 'NONE',  ( 0.04566575165240077672, -0.1295939418163619683, 0.1424927925388142780 ) ) ;
#1625 = DIRECTION ( 'NONE',  ( 0.000000000000000000, 0.000000000000000000, -1.000000000000000000 ) ) ;
#1626 = EDGE_CURVE ( 'NONE', #139, #1080, #2474, .T. ) ;
#1627 = LINE ( 'NONE', #33, #2033 ) ;
#1628 = ADVANCED_FACE ( 'NONE', ( #621, #840 ), #43, .F. ) ;
#1629 = CARTESIAN_POINT ( 'NONE',  ( 0.2812500000000001665, -0.1562499999999999722, 0.000000000000000000 ) ) ;
#1630 = CARTESIAN_POINT ( 'NONE',  ( 0.06586286943717226117, -0.2100694444444715370, -0.1590070326520295618 ) ) ;
#1631 = AXIS2_PLACEMENT_3D ( 'NONE', #2206, #38, #1442 ) ;
#1632 = CARTESIAN_POINT ( 'NONE',  ( 0.000000000000000000, -0.1562500000000001110, 0.000000000000000000 ) ) ;
#1633 =( NAMED_UNIT ( * ) PLANE_ANGLE_UNIT ( ) SI_UNIT ( $, .RADIAN. ) );
#1634 = CARTESIAN_POINT ( 'NONE',  ( 0.000000000000000000, 0.05468749999999954203, -2.753011094449504698E-16 ) ) ;
#1635 = ORIENTED_EDGE ( 'NONE', *, *, #1659, .F. ) ;
#1636 = FACE_OUTER_BOUND ( 'NONE', #1548, .T. ) ;
#1637 = DIRECTION ( 'NONE',  ( 0.000000000000000000, 1.000000000000000000, 0.000000000000000000 ) ) ;
#1638 = CARTESIAN_POINT ( 'NONE',  ( -0.1199156081756489051, -0.1631944444443328979, 9.844610012481234172E-17 ) ) ;
#1639 = CARTESIAN_POINT ( 'NONE',  ( 0.000000000000000000, 0.05768749999999999573, 0.000000000000000000 ) ) ;
#1640 = VECTOR ( 'NONE', #1837, 39.37007874015748854 ) ;
#1641 = CARTESIAN_POINT ( 'NONE',  ( 0.03526363464655050267, 0.02233629586889345972, -0.1395404337535713912 ) ) ;
#1642 = EDGE_CURVE ( 'NONE', #2507, #2381, #1627, .T. ) ;
#1643 = CARTESIAN_POINT ( 'NONE',  ( 0.04967067124657179034, 0.06944444444647267234, 0.1199156081756489745 ) ) ;
#1644 = CARTESIAN_POINT ( 'NONE',  ( -0.1590070326520295896, -0.08854166666613871861, -0.06586286943717220566 ) ) ;
#1645 = LINE ( 'NONE', #2193, #2059 ) ;
#1646 = DIRECTION ( 'NONE',  ( -0.000000000000000000, -1.000000000000000000, -0.000000000000000000 ) ) ;
#1647 = VERTEX_POINT ( 'NONE', #2398 ) ;
#1648 = B_SPLINE_CURVE_WITH_KNOTS ( 'NONE', 3,
 ( #830, #1999, #2548, #1012, #44, #1593 ),
 .UNSPECIFIED., .F., .F.,
 ( 4, 2, 4 ),
 ( 0.004149601148886654031, 0.006206140113828779482, 0.008262679078770904934 ),
 .UNSPECIFIED. ) ;
#1649 = CARTESIAN_POINT ( 'NONE',  ( 0.1103086578651013144, -0.1076388888885000811, -0.1103086578651012450 ) ) ;
#1650 = CARTESIAN_POINT ( 'NONE',  ( -0.2812500000000000555, 0.03439867462804650083, -0.1623797632095822230 ) ) ;
#1651 = CARTESIAN_POINT ( 'NONE',  ( -0.1199156081756488634, 0.06250000000191711924, 0.04967067124657192217 ) ) ;
#1652 = CARTESIAN_POINT ( 'NONE',  ( 0.1103086578651013144, -0.1145833333326101433, 0.1103086578651013699 ) ) ;
#1653 = CC_DESIGN_APPROVAL ( #70, ( #563 ) ) ;
#1654 = DIRECTION ( 'NONE',  ( 0.000000000000000000, 0.000000000000000000, -1.000000000000000000 ) ) ;
#1655 = CARTESIAN_POINT ( 'NONE',  ( -0.1124349510446009115, -0.07465277777672151005, 0.1124349510446010225 ) ) ;
#1656 = FACE_BOUND ( 'NONE', #366, .T. ) ;
#1657 = CARTESIAN_POINT ( 'NONE',  ( 0.000000000000000000, 19685.03937007874265, -0.1559999999999997777 ) ) ;
#1658 = ORIENTED_EDGE ( 'NONE', *, *, #629, .T. ) ;
#1659 = EDGE_CURVE ( 'NONE', #508, #1922, #131, .T. ) ;
#1660 = DIRECTION ( 'NONE',  ( -0.000000000000000000, -1.000000000000000000, -0.000000000000000000 ) ) ;
#1661 = VERTEX_POINT ( 'NONE', #1267 ) ;
#1662 = CARTESIAN_POINT ( 'NONE',  ( -3.820898013339737860E-17, -0.09374999999911014237, -0.1559999999999997777 ) ) ;
#1663 = CARTESIAN_POINT ( 'NONE',  ( -0.04967067124657176952, -0.09722222222158288796, 0.1199156081756490300 ) ) ;
#1664 = FACE_OUTER_BOUND ( 'NONE', #588, .T. ) ;
#1665 = CARTESIAN_POINT ( 'NONE',  ( 1.910449006669868314E-17, 19685.03937007874265, 0.1559999999999997777 ) ) ;
#1666 = CARTESIAN_POINT ( 'NONE',  ( 0.1590070326520296451, -0.05034722222097150895, -0.06586286943717217790 ) ) ;
#1667 = CARTESIAN_POINT ( 'NONE',  ( -0.1590070326520295896, -0.1440972222221386934, -0.06586286943717220566 ) ) ;
#1668 = LINE ( 'NONE', #1078, #2395 ) ;
#1669 = VERTEX_POINT ( 'NONE', #2251 ) ;
#1670 = B_SPLINE_CURVE_WITH_KNOTS ( 'NONE', 3,
 ( #2187, #609, #2386, #2162, #1226, #1974 ),
 .UNSPECIFIED., .F., .F.,
 ( 4, 2, 4 ),
 ( 0.004149601148886645358, 0.006206140113828773411, 0.008262679078770901464 ),
 .UNSPECIFIED. ) ;
#1671 = CARTESIAN_POINT ( 'NONE',  ( -0.2812500000000000555, 0.05468749999999992367, 0.000000000000000000 ) ) ;
#1672 = EDGE_CURVE ( 'NONE', #1669, #1041, #1293, .T. ) ;
#1673 = ORIENTED_EDGE ( 'NONE', *, *, #1234, .F. ) ;
#1674 = CARTESIAN_POINT ( 'NONE',  ( 0.1406249999999999722, -0.1562499999999999722, 0.2435696448143735149 ) ) ;
#1675 = CARTESIAN_POINT ( 'NONE',  ( 0.1199156081756489051, -0.1909722222223328714, 6.907524698078900663E-17 ) ) ;
#1676 = CARTESIAN_POINT ( 'NONE',  ( 0.1199156081756489051, 0.02777777777941709686, 0.04967067124657185279 ) ) ;
#1677 = CARTESIAN_POINT ( 'NONE',  ( -0.1103086578651013006, -0.1284722222216101439, 0.1103086578651013977 ) ) ;
#1678 = CARTESIAN_POINT ( 'NONE',  ( 0.08265064945006518615, 0.02019065087640003683, -0.1152017086970996418 ) ) ;
#1679 = CARTESIAN_POINT ( 'NONE',  ( -0.1124349510446009115, -0.01909722222072150755, 0.1124349510446010225 ) ) ;
#1680 = CARTESIAN_POINT ( 'NONE',  ( 0.1590070326520296173, 0.05381944444611128781, 6.668158758783350223E-17 ) ) ;
#1681 = AXIS2_PLACEMENT_3D ( 'NONE', #747, #1527, #355 ) ;
#1682 = CARTESIAN_POINT ( 'NONE',  ( 0.08479313971111035464, 0.02430555555716710711, 0.08479313971111039627 ) ) ;
#1683 = CARTESIAN_POINT ( 'NONE',  ( -7.021629106215890624E-17, -0.1359611746280462163, 0.3247595264191646125 ) ) ;
#1684 = ORIENTED_EDGE ( 'NONE', *, *, #1514, .T. ) ;
#1685 = CARTESIAN_POINT ( 'NONE',  ( -1.637362499510578950E-16, 0.1562499999999999722, -0.3247595264191645570 ) ) ;
#1686 = ORIENTED_EDGE ( 'NONE', *, *, #55, .F. ) ;
#1687 = CARTESIAN_POINT ( 'NONE',  ( -0.08238576186709514748, 0.02701785947008249894, -0.1239665573913897451 ) ) ;
#1688 = CARTESIAN_POINT ( 'NONE',  ( 0.1199156081756489051, -0.1944444444445829201, 0.04967067124657185279 ) ) ;
#1689 =( BOUNDED_CURVE ( )  B_SPLINE_CURVE ( 2, ( #786, #274, #448, #78, #1576, #2018, #2348, #593, #246 ),
 .UNSPECIFIED., .F., .T. ) 
 B_SPLINE_CURVE_WITH_KNOTS ( ( 3, 2, 2, 2, 3 ),
 ( 0.5000000000000000000, 0.5178571428571429047, 0.5357142857142856984, 0.5535714285714286031, 0.5714285714285713969 ),
 .UNSPECIFIED. ) 
 CURVE ( )  GEOMETRIC_REPRESENTATION_ITEM ( )  RATIONAL_B_SPLINE_CURVE ( ( 1.000000000000000000, 0.9238795325112867385, 1.000000000000000000, 0.9238795325112867385, 1.000000000000000000, 0.9238795325112867385, 1.000000000000000000, 0.9238795325112867385, 1.000000000000000000 ) ) 
 REPRESENTATION_ITEM ( '' )  );
#1690 = CARTESIAN_POINT ( 'NONE',  ( 0.08479313971111035464, 0.02430555555716710711, 0.08479313971111039627 ) ) ;
#1691 = CARTESIAN_POINT ( 'NONE',  ( 0.1559999999999998610, -0.1041666666658601220, -0.06461731573020269848 ) ) ;
#1692 = ADVANCED_FACE ( 'NONE', ( #2226 ), #83, .F. ) ;
#1693 = CARTESIAN_POINT ( 'NONE',  ( 0.1078532816830700125, 0.01881526698438684003, -0.08990143644788009536 ) ) ;
#1694 = CARTESIAN_POINT ( 'NONE',  ( -0.1124349510446009115, 0.03645833333527849496, 0.1124349510446010225 ) ) ;
#1695 = CARTESIAN_POINT ( 'NONE',  ( 0.1124349510446009254, 0.005208333334611264798, -0.1124349510446008699 ) ) ;
#1696 = PERSON_AND_ORGANIZATION_ROLE ( 'design_supplier' ) ;
#1697 = CONICAL_SURFACE ( 'NONE', #829, 0.3247595264191645570, 1.134464013796312454 ) ;
#1698 = CARTESIAN_POINT ( 'NONE',  ( -0.04967067124657176952, 0.1250000000024170943, 0.1199156081756490300 ) ) ;
#1699 = CARTESIAN_POINT ( 'NONE',  ( 0.09347225034018695478, -0.1543657634509171539, 0.2707932975234975670 ) ) ;
#1700 = ORIENTED_EDGE ( 'NONE', *, *, #1016, .T. ) ;
#1701 = CARTESIAN_POINT ( 'NONE',  ( -0.04967067124657185972, -0.06249999999908288639, -0.1199156081756488218 ) ) ;
#1702 = ORIENTED_EDGE ( 'NONE', *, *, #1011, .F. ) ;
#1703 = CARTESIAN_POINT ( 'NONE',  ( 0.04967067124657179034, 0.07638888889091711987, 0.1199156081756489745 ) ) ;
#1704 = CARTESIAN_POINT ( 'NONE',  ( -7.021629106215890624E-17, 0.1562499999999999722, 0.3247595264191646125 ) ) ;
#1705 =( BOUNDED_CURVE ( )  B_SPLINE_CURVE ( 2, ( #2030, #399, #2543, #2221, #1430, #1249, #1235, #1839, #2043 ),
 .UNSPECIFIED., .F., .T. ) 
 B_SPLINE_CURVE_WITH_KNOTS ( ( 3, 2, 2, 2, 3 ),
 ( 0.6428571428571429047, 0.6607142857142856984, 0.6785714285714286031, 0.6964285714285713969, 0.7142857142857143016 ),
 .UNSPECIFIED. ) 
 CURVE ( )  GEOMETRIC_REPRESENTATION_ITEM ( )  RATIONAL_B_SPLINE_CURVE ( ( 1.000000000000000000, 0.9238795325112867385, 1.000000000000000000, 0.9238795325112867385, 1.000000000000000000, 0.9238795325112867385, 1.000000000000000000, 0.9238795325112867385, 1.000000000000000000 ) ) 
 REPRESENTATION_ITEM ( '' )  );
#1706 = ADVANCED_FACE ( 'NONE', ( #1870 ), #515, .F. ) ;
#1707 = CIRCLE ( 'NONE', #756, 0.1559999999999997777 ) ;
#1708 = CARTESIAN_POINT ( 'NONE',  ( 0.03704116597756640372, -0.1152470180795529403, -0.1301523432797317137 ) ) ;
#1709 = DIRECTION ( 'NONE',  ( 0.000000000000000000, 0.000000000000000000, 1.000000000000000000 ) ) ;
#1710 = EDGE_CURVE ( 'NONE', #910, #1302, #1458, .T. ) ;
#1711 = CARTESIAN_POINT ( 'NONE',  ( -0.06586286943717235831, 0.07118055555736126083, -0.1590070326520295341 ) ) ;
#1712 = VECTOR ( 'NONE', #1034, 39.37007874015748143 ) ;
#1713 = CARTESIAN_POINT ( 'NONE',  ( -0.04661204628097897346, 0.04578042923071876102, 0.2978480489513621321 ) ) ;
#1714 = CLOSED_SHELL ( 'NONE', ( #2339, #1283, #787, #646, #360, #412, #1916, #947, #1139, #2034, #1217, #2497, #123, #853, #1934, #88, #1776, #2464, #1819, #106, #356, #2189, #1059, #1919, #549, #715, #1166, #1969, #1790, #458, #2267, #1706, #265, #91, #1847, #247, #282, #1628, #1410, #569, #1357, #243, #133, #438, #942 ) ) ;
#1715 = ORIENTED_EDGE ( 'NONE', *, *, #1808, .F. ) ;
#1716 = CARTESIAN_POINT ( 'NONE',  ( -1.365923996832131609E-16, -0.1359611746280462719, -0.3247595264191645570 ) ) ;
#1717 = ORIENTED_EDGE ( 'NONE', *, *, #1316, .F. ) ;
#1718 = CARTESIAN_POINT ( 'NONE',  ( -0.1199156081756489051, -0.2187500000003329004, 9.844610012481234172E-17 ) ) ;
#1719 = DIRECTION ( 'NONE',  ( 0.000000000000000000, 0.000000000000000000, 1.000000000000000000 ) ) ;
#1720 = PRODUCT ( '90098A115_Extra-Wide Thin Nylon-Insert Locknut_90098A115_sldprt', '90098A115_Extra-Wide Thin Nylon-Insert Locknut_90098A115_sldprt', '', ( #2013 ) ) ;
#1721 = CC_DESIGN_PERSON_AND_ORGANIZATION_ASSIGNMENT ( #866, #1696, ( #1615 ) ) ;
#1722 = VERTEX_POINT ( 'NONE', #98 ) ;
#1723 = DIRECTION ( 'NONE',  ( 0.000000000000000000, -1.000000000000000000, 0.000000000000000000 ) ) ;
#1724 = CARTESIAN_POINT ( 'NONE',  ( 0.2812500000000000000, 0.03439867462804650083, -0.1623797632095822230 ) ) ;
#1725 = CARTESIAN_POINT ( 'NONE',  ( -0.1590070326520295896, -0.08159722222163871830, 0.06586286943717239994 ) ) ;
#1726 = CARTESIAN_POINT ( 'NONE',  ( 1.468542657201166138E-17, -0.1006944444437773423, 0.1199156081756489745 ) ) ;
#1727 = CARTESIAN_POINT ( 'NONE',  ( 0.1199156081756489051, -0.1388888888885273509, -0.04967067124657170707 ) ) ;
#1728 = AXIS2_PLACEMENT_3D ( 'NONE', #2190, #623, #428 ) ;
#1729 = ORIENTED_EDGE ( 'NONE', *, *, #2384, .F. ) ;
#1730 = EDGE_CURVE ( 'NONE', #2132, #873, #976, .T. ) ;
#1731 = CARTESIAN_POINT ( 'NONE',  ( -0.1235532700314206089, -0.1059579754129247597, -0.02403517921261410714 ) ) ;
#1732 = ORIENTED_EDGE ( 'NONE', *, *, #1832, .T. ) ;
#1733 = CARTESIAN_POINT ( 'NONE',  ( -0.08479313971111034076, -0.2118055555558328862, 0.08479313971111042403 ) ) ;
#1734 = DIRECTION ( 'NONE',  ( -0.000000000000000000, 1.000000000000000000, -0.000000000000000000 ) ) ;
#1735 = DIRECTION ( 'NONE',  ( 0.000000000000000000, 0.000000000000000000, -1.000000000000000000 ) ) ;
#1736 = CARTESIAN_POINT ( 'NONE',  ( 0.1559999999999998610, -0.003472222221000082886, 6.686571523344549729E-17 ) ) ;
#1737 = CARTESIAN_POINT ( 'NONE',  ( -0.1199156081756488634, 1.472670957184562602E-12, 0.04967067124657192217 ) ) ;
#1738 = CARTESIAN_POINT ( 'NONE',  ( 0.1199156081756489051, -0.08333333333252734842, -0.04967067124657170707 ) ) ;
#1739 = ORIENTED_EDGE ( 'NONE', *, *, #1952, .F. ) ;
#1740 = CARTESIAN_POINT ( 'NONE',  ( 0.000000000000000000, 0.1472499999999999087, 0.000000000000000000 ) ) ;
#1741 = CARTESIAN_POINT ( 'NONE',  ( -0.007277182618072983514, -0.1001656081756493039, 0.1199156081756006242 ) ) ;
#1742 = ORIENTED_EDGE ( 'NONE', *, *, #2017, .T. ) ;
#1743 = B_SPLINE_CURVE_WITH_KNOTS ( 'NONE', 3,
 ( #960, #602, #2331, #1144, #1753, #1198, #2498, #933, #1924, #163, #1731, #152, #948, #767, #2026, #28, #1451, #663, #64, #1017, #1053, #2369, #1993, #2380, #204, #845 ),
 .UNSPECIFIED., .F., .F.,
 ( 4, 2, 2, 2, 2, 2, 2, 2, 2, 2, 2, 2, 4 ),
 ( 0.000000000000000000, 0.0009703478006743912476, 0.001940695601348782495, 0.002425869501685978553, 0.002911043402023174610, 0.003396217302360370668, 0.003881391202697566725, 0.004366565103034762349, 0.004851739003371957973, 0.005822086804046350088, 0.006792434604720743070, 0.007277608505057939561, 0.007762782405395136920 ),
 .UNSPECIFIED. ) ;
#1744 = CARTESIAN_POINT ( 'NONE',  ( -0.1559999999999998610, -0.08680555555500009401, 1.050746953668428821E-16 ) ) ;
#1745 = ORIENTED_EDGE ( 'NONE', *, *, #1092, .F. ) ;
#1746 = CARTESIAN_POINT ( 'NONE',  ( 0.1381799508191590697, -0.1213402705774930951, -0.02997747612253661570 ) ) ;
#1747 = CARTESIAN_POINT ( 'NONE',  ( 0.04967067124657179034, 0.07638888889091711987, 0.1199156081756489745 ) ) ;
#1748 = CARTESIAN_POINT ( 'NONE',  ( 0.1103086578651013144, 0.003472222223499896177, -0.1103086578651012450 ) ) ;
#1749 = CARTESIAN_POINT ( 'NONE',  ( 0.1199156081756489051, 0.07638888889097264490, 0.04967067124657185279 ) ) ;
#1750 = CARTESIAN_POINT ( 'NONE',  ( -0.1199156081756488634, -0.1666666666665272967, 0.04967067124657192217 ) ) ;
#1751 = VERTEX_POINT ( 'NONE', #698 ) ;
#1752 = DIRECTION ( 'NONE',  ( 0.000000000000000000, 0.000000000000000000, -1.000000000000000000 ) ) ;
#1753 = CARTESIAN_POINT ( 'NONE',  ( -0.1171694804062619472, -0.1031121348143369532, 0.03912050462131162060 ) ) ;
#1754 = ORIENTED_EDGE ( 'NONE', *, *, #633, .F. ) ;
#1755 = EDGE_CURVE ( 'NONE', #2297, #1922, #58, .T. ) ;
#1756 = DIRECTION ( 'NONE',  ( 0.000000000000000000, 0.000000000000000000, -1.000000000000000000 ) ) ;
#1757 = ORIENTED_EDGE ( 'NONE', *, *, #2309, .T. ) ;
#1758 = CARTESIAN_POINT ( 'NONE',  ( 0.1274485340547190093, -0.1253453230681007002, 0.06996953690721846586 ) ) ;
#1759 = CARTESIAN_POINT ( 'NONE',  ( 0.08479313971111035464, 0.1354166666691671017, 0.08479313971111039627 ) ) ;
#1760 = CARTESIAN_POINT ( 'NONE',  ( 0.1559999999999998610, -0.006944444443250089548, 0.06461731573020283725 ) ) ;
#1761 = CARTESIAN_POINT ( 'NONE',  ( 0.08479313971111035464, -0.07986111111027734133, -0.08479313971111028525 ) ) ;
#1762 = CARTESIAN_POINT ( 'NONE',  ( -0.1199156081756489051, -0.05902777777677735427, 9.844610012481234172E-17 ) ) ;
#1763 = ORIENTED_EDGE ( 'NONE', *, *, #2528, .T. ) ;
#1764 = FACE_OUTER_BOUND ( 'NONE', #1910, .T. ) ;
#1765 = VECTOR ( 'NONE', #699, 39.37007874015748143 ) ;
#1766 = CARTESIAN_POINT ( 'NONE',  ( 0.1199156081756489051, -0.02083333333208289145, -0.04967067124657171401 ) ) ;
#1767 = ORIENTED_EDGE ( 'NONE', *, *, #1361, .F. ) ;
#1768 = CARTESIAN_POINT ( 'NONE',  ( -0.08479313971111034076, -0.2187500000002773337, 0.08479313971111042403 ) ) ;
#1769 = CIRCLE ( 'NONE', #2408, 0.2752499999999996061 ) ;
#1770 = CARTESIAN_POINT ( 'NONE',  ( -0.1065193123141826154, -0.001396891824351112260, -0.05564174030057487258 ) ) ;
#1771 = EDGE_LOOP ( 'NONE', ( #1729, #1454, #902 ) ) ;
#1772 = CARTESIAN_POINT ( 'NONE',  ( -0.2812499999999999445, -0.1359611746280462719, 0.1623797632095824728 ) ) ;
#1773 = CARTESIAN_POINT ( 'NONE',  ( -0.08479313971111035464, 0.05208333333516712571, -0.08479313971111024362 ) ) ;
#1774 = ORIENTED_EDGE ( 'NONE', *, *, #445, .F. ) ;
#1775 = DIRECTION ( 'NONE',  ( 0.000000000000000000, 0.000000000000000000, -1.000000000000000000 ) ) ;
#1776 = ADVANCED_FACE ( 'NONE', ( #1470 ), #427, .T. ) ;
#1777 =( BOUNDED_CURVE ( )  B_SPLINE_CURVE ( 2, ( #1463, #2063, #1890, #2077, #76, #298, #325, #89, #730 ),
 .UNSPECIFIED., .F., .F. ) 
 B_SPLINE_CURVE_WITH_KNOTS ( ( 3, 2, 2, 2, 3 ),
 ( 0.4285714285714285476, 0.4464285714285714524, 0.4642857142857143016, 0.4821428571428571508, 0.5000000000000000000 ),
 .UNSPECIFIED. ) 
 CURVE ( )  GEOMETRIC_REPRESENTATION_ITEM ( )  RATIONAL_B_SPLINE_CURVE ( ( 1.000000000000000000, 0.9238795325112867385, 1.000000000000000000, 0.9238795325112867385, 1.000000000000000000, 0.9238795325112867385, 1.000000000000000000, 0.9238795325112867385, 1.000000000000000000 ) ) 
 REPRESENTATION_ITEM ( '' )  );
#1778 = DIRECTION ( 'NONE',  ( 0.000000000000000000, -1.000000000000000000, 0.000000000000000000 ) ) ;
#1779 = CARTESIAN_POINT ( 'NONE',  ( -0.08479313971111035464, -0.01041666666527733126, -0.08479313971111024362 ) ) ;
#1780 = CARTESIAN_POINT ( 'NONE',  ( 0.2812499999999998335, -0.1390541741928998654, 0.1491138452656597391 ) ) ;
#1781 = DIRECTION ( 'NONE',  ( -0.000000000000000000, -1.000000000000000000, -0.000000000000000000 ) ) ;
#1782 = CARTESIAN_POINT ( 'NONE',  ( 0.1199156081756489051, -0.08333333333258287345, 0.04967067124657185279 ) ) ;
#1783 = CARTESIAN_POINT ( 'NONE',  ( -0.01454378783987302602, -0.1001656081756493732, 0.1192474592597141947 ) ) ;
#1784 = EDGE_LOOP ( 'NONE', ( #664, #719 ) ) ;
#1785 = CARTESIAN_POINT ( 'NONE',  ( 1.468542657201166138E-17, -0.2118055555557773195, 0.1199156081756489745 ) ) ;
#1786 = CARTESIAN_POINT ( 'NONE',  ( -0.1318655562333805598, 0.01018501091023319913, 0.0001347245152070249033 ) ) ;
#1787 = CARTESIAN_POINT ( 'NONE',  ( -0.09297476053197270551, -0.1170706513662453790, 0.1008461886875671454 ) ) ;
#1788 = CARTESIAN_POINT ( 'NONE',  ( -0.1559999999999998610, -0.02777777777675009482, 0.06461731573020293440 ) ) ;
#1789 = DIRECTION ( 'NONE',  ( -0.4999999999999998335, 0.000000000000000000, 0.8660254037844388186 ) ) ;
#1790 = ADVANCED_FACE ( 'NONE', ( #1664 ), #1904, .T. ) ;
#1791 = CARTESIAN_POINT ( 'NONE',  ( 1.947274535792267634E-17, -0.2343750000002214895, 0.1590070326520297006 ) ) ;
#1792 = CARTESIAN_POINT ( 'NONE',  ( 3.333505382405263475E-17, 0.05768750000000003042, 0.2722013714261271033 ) ) ;
#1793 = CARTESIAN_POINT ( 'NONE',  ( -0.1199156081756488773, -0.1111111111105828747, -0.04967067124657172789 ) ) ;
#1794 = DIRECTION ( 'NONE',  ( -0.000000000000000000, -1.000000000000000000, -1.365805589135462294E-15 ) ) ;
#1795 = VERTEX_POINT ( 'NONE', #2264 ) ;
#1796 = CARTESIAN_POINT ( 'NONE',  ( -0.1199156081756489051, -0.2256944444447773479, 9.844610012481234172E-17 ) ) ;
#1797 = VECTOR ( 'NONE', #2482, 39.37007874015748143 ) ;
#1798 = CARTESIAN_POINT ( 'NONE',  ( -0.1238083659259548580, 0.005437395758826552190, -0.02887153082222669587 ) ) ;
#1799 = CARTESIAN_POINT ( 'NONE',  ( -0.1199156081756488634, -0.2152777777780829349, 0.04967067124657192217 ) ) ;
#1800 = EDGE_LOOP ( 'NONE', ( #2064, #2236, #2218, #1938 ) ) ;
#1801 = LINE ( 'NONE', #2376, #1712 ) ;
#1802 = DIRECTION ( 'NONE',  ( 0.8660254037844388186, 0.000000000000000000, 0.4999999999999998335 ) ) ;
#1803 = CARTESIAN_POINT ( 'NONE',  ( -3.894549071584535268E-17, -0.2065972222222215160, -0.1590070326520295618 ) ) ;
#1804 = APPLICATION_PROTOCOL_DEFINITION ( 'international standard', 'config_control_design', 1994, #1390 ) ;
#1805 = CARTESIAN_POINT ( 'NONE',  ( 0.2812499999999997780, -0.1473501428686794790, -0.1085267674091030532 ) ) ;
#1806 = ORIENTED_EDGE ( 'NONE', *, *, #1044, .T. ) ;
#1807 = CARTESIAN_POINT ( 'NONE',  ( 0.08479313971111035464, -0.1493055555552773583, 0.08479313971111039627 ) ) ;
#1808 = EDGE_CURVE ( 'NONE', #2456, #677, #1867, .T. ) ;
#1809 = CARTESIAN_POINT ( 'NONE',  ( -0.1273345948651681270, 0.007095997737607054150, -0.01927669415640223191 ) ) ;
#1810 = CIRCLE ( 'NONE', #1398, 0.1759999999999999065 ) ;
#1811 = DIRECTION ( 'NONE',  ( 0.000000000000000000, 0.000000000000000000, 1.000000000000000000 ) ) ;
#1812 = CARTESIAN_POINT ( 'NONE',  ( -0.1103086578651013006, 0.03125000000149991131, 0.1103086578651013977 ) ) ;
#1813 = CARTESIAN_POINT ( 'NONE',  ( -7.021629106215890624E-17, 0.1562499999999999722, 0.3247595264191646125 ) ) ;
#1814 = CARTESIAN_POINT ( 'NONE',  ( -0.1590070326520296173, -0.2482638888892215179, 1.056270783036788549E-16 ) ) ;
#1815 = CARTESIAN_POINT ( 'NONE',  ( -0.06586286943717220566, -0.1302083333331387482, 0.1590070326520297284 ) ) ;
#1816 = CARTESIAN_POINT ( 'NONE',  ( 0.2812499999999997780, -0.1543801754814668470, -0.05431064628296211616 ) ) ;
#1817 = EDGE_CURVE ( 'NONE', #677, #2259, #618, .T. ) ;
#1818 = ORIENTED_EDGE ( 'NONE', *, *, #2126, .T. ) ;
#1819 = ADVANCED_FACE ( 'NONE', ( #1498 ), #509, .T. ) ;
#1820 = CARTESIAN_POINT ( 'NONE',  ( -3.820898013339737860E-17, -0.04513888888800009214, -0.1559999999999997777 ) ) ;
#1821 = AXIS2_PLACEMENT_3D ( 'NONE', #998, #708, #2508 ) ;
#1822 = CARTESIAN_POINT ( 'NONE',  ( -0.1151393225752921634, -0.1212565297399746944, 0.08196417018593281367 ) ) ;
#1823 = CARTESIAN_POINT ( 'NONE',  ( 0.000000000000000000, 0.05468749999999992367, 0.000000000000000000 ) ) ;
#1824 = DIRECTION ( 'NONE',  ( -0.000000000000000000, -1.000000000000000000, -0.000000000000000000 ) ) ;
#1825 = CARTESIAN_POINT ( 'NONE',  ( -0.04967067124657185972, 0.09722222222447267359, -0.1199156081756488357 ) ) ;
#1826 = DIRECTION ( 'NONE',  ( -1.000000000000000000, 0.000000000000000000, 0.000000000000000000 ) ) ;
#1827 = CARTESIAN_POINT ( 'NONE',  ( -0.2812500000000000000, 0.04062363135803620517, -0.1356808376349114276 ) ) ;
#1828 = CC_DESIGN_DATE_AND_TIME_ASSIGNMENT ( #2427, #2074, ( #1035 ) ) ;
#1829 = DIRECTION ( 'NONE',  ( 0.000000000000000000, 0.000000000000000000, -1.000000000000000000 ) ) ;
#1830 = CARTESIAN_POINT ( 'NONE',  ( -0.1194753796892894515, 0.02881324944303512159, -0.09172224810826574981 ) ) ;
#1831 = AXIS2_PLACEMENT_3D ( 'NONE', #401, #1192, #2212 ) ;
#1832 = EDGE_CURVE ( 'NONE', #2027, #2514, #8, .T. ) ;
#1833 = DIRECTION ( 'NONE',  ( 0.000000000000000000, 0.000000000000000000, -1.000000000000000000 ) ) ;
#1834 = DIRECTION ( 'NONE',  ( 0.000000000000000000, 1.000000000000000000, 0.000000000000000000 ) ) ;
#1835 = CARTESIAN_POINT ( 'NONE',  ( 0.09347225034018696865, 0.05280326345091712614, -0.2707932975234974005 ) ) ;
#1836 = CARTESIAN_POINT ( 'NONE',  ( -0.06586286943717235831, -0.2586805555559715253, -0.1590070326520295341 ) ) ;
#1837 = DIRECTION ( 'NONE',  ( 8.659560562354947649E-17, -0.7071067811865462405, 0.7071067811865486830 ) ) ;
#1838 = ORIENTED_EDGE ( 'NONE', *, *, #868, .F. ) ;
#1839 = CARTESIAN_POINT ( 'NONE',  ( 0.06461731573020278174, 0.01388888889063986595, -0.1559999999999997777 ) ) ;
#1840 = ORIENTED_EDGE ( 'NONE', *, *, #1566, .F. ) ;
#1841 = CARTESIAN_POINT ( 'NONE',  ( 2.822428169909914699E-17, 0.1562499999999999722, 0.1796874999999998890 ) ) ;
#1842 = AXIS2_PLACEMENT_3D ( 'NONE', #842, #645, #1401 ) ;
#1843 = CARTESIAN_POINT ( 'NONE',  ( 0.1199156081756489051, 0.03472222222391710411, -0.04967067124657170707 ) ) ;
#1844 = CARTESIAN_POINT ( 'NONE',  ( -0.1559999999999998888, -0.1358260458865830356, -0.007618460066631065758 ) ) ;
#1845 = CARTESIAN_POINT ( 'NONE',  ( -0.2812500000000000555, 0.1562499999999999722, 0.1623797632095823340 ) ) ;
#1846 = CARTESIAN_POINT ( 'NONE',  ( 0.1590070326520296451, -0.1128472222214715048, 0.06586286943717231668 ) ) ;
#1847 = ADVANCED_FACE ( 'NONE', ( #342 ), #576, .F. ) ;
#1848 = CARTESIAN_POINT ( 'NONE',  ( -0.1124349510446009115, -0.1892361111113887162, 0.1124349510446010225 ) ) ;
#1849 = ORIENTED_EDGE ( 'NONE', *, *, #1817, .T. ) ;
#1850 =( BOUNDED_CURVE ( )  B_SPLINE_CURVE ( 2, ( #415, #1022, #1812, #1997, #2009, #237, #1422, #1988, #595 ),
 .UNSPECIFIED., .F., .T. ) 
 B_SPLINE_CURVE_WITH_KNOTS ( ( 3, 2, 2, 2, 3 ),
 ( 0.3125858877972899075, 0.3214285714285713969, 0.3392857142857143016, 0.3571428571428570953, 0.3750000000000000000 ),
 .UNSPECIFIED. ) 
 CURVE ( )  GEOMETRIC_REPRESENTATION_ITEM ( )  RATIONAL_B_SPLINE_CURVE ( ( 0.9619432881021663384, 0.9623058841353955284, 1.000000000000000000, 0.9238795325112867385, 1.000000000000000000, 0.9238795325112867385, 1.000000000000000000, 0.9238795325112867385, 1.000000000000000000 ) ) 
 REPRESENTATION_ITEM ( '' )  );
#1851 = CARTESIAN_POINT ( 'NONE',  ( 1.910449006669868930E-17, -0.1215277777771101436, 0.1559999999999999165 ) ) ;
#1852 = ORIENTED_EDGE ( 'NONE', *, *, #2232, .F. ) ;
#1853 = DIRECTION ( 'NONE',  ( 0.000000000000000000, 0.000000000000000000, -1.000000000000000000 ) ) ;
#1854 = CARTESIAN_POINT ( 'NONE',  ( 1.468542657201166138E-17, 0.07291666666866709889, 0.1199156081756489745 ) ) ;
#1855 = CARTESIAN_POINT ( 'NONE',  ( 0.000000000000000000, 0.05468749999999992367, 0.000000000000000000 ) ) ;
#1856 = EDGE_CURVE ( 'NONE', #2514, #2027, #1623, .T. ) ;
#1857 = DIRECTION ( 'NONE',  ( -0.000000000000000000, -1.000000000000000000, -0.000000000000000000 ) ) ;
#1858 = CARTESIAN_POINT ( 'NONE',  ( -0.06586286943717220566, -0.07118055555447151683, 0.1590070326520297284 ) ) ;
#1859 = DIRECTION ( 'NONE',  ( 0.000000000000000000, 1.000000000000000000, 0.000000000000000000 ) ) ;
#1860 = EDGE_CURVE ( 'NONE', #1302, #2381, #720, .T. ) ;
#1861 = DIRECTION ( 'NONE',  ( -0.000000000000000000, -1.000000000000000000, -1.365805589135462294E-15 ) ) ;
#1862 = ORIENTED_EDGE ( 'NONE', *, *, #1546, .F. ) ;
#1863 = CARTESIAN_POINT ( 'NONE',  ( 0.000000000000000000, -0.1562500000000001110, 7.641796026679484348E-17 ) ) ;
#1864 = ORIENTED_EDGE ( 'NONE', *, *, #1894, .F. ) ;
#1865 = DIRECTION ( 'NONE',  ( -0.000000000000000000, -1.000000000000000000, -0.000000000000000000 ) ) ;
#1866 = CARTESIAN_POINT ( 'NONE',  ( 0.04967067124657179034, -0.1458333333330828763, 0.1199156081756489745 ) ) ;
#1867 =( BOUNDED_CURVE ( )  B_SPLINE_CURVE ( 2, ( #1447, #1844, #2058, #1047, #1677, #684, #1254 ),
 .UNSPECIFIED., .F., .T. ) 
 B_SPLINE_CURVE_WITH_KNOTS ( ( 3, 2, 2, 3 ),
 ( 0.3191716498382607958, 0.3214285714285714524, 0.3392857142857143016, 0.3571428571428571508 ),
 .UNSPECIFIED. ) 
 CURVE ( )  GEOMETRIC_REPRESENTATION_ITEM ( )  RATIONAL_B_SPLINE_CURVE ( ( 0.9831905026952957316, 0.9903793161137702805, 1.000000000000000000, 0.9238795325112867385, 1.000000000000000000, 0.9238795325112867385, 1.000000000000000000 ) ) 
 REPRESENTATION_ITEM ( '' )  );
#1868 = AXIS2_PLACEMENT_3D ( 'NONE', #2330, #1923, #2319 ) ;
#1869 = CARTESIAN_POINT ( 'NONE',  ( 0.04967067124657179034, 0.02083333333491711389, 0.1199156081756489745 ) ) ;
#1870 = FACE_OUTER_BOUND ( 'NONE', #1971, .T. ) ;
#1871 = CARTESIAN_POINT ( 'NONE',  ( 0.000000000000000000, 19685.03937007874265, 0.000000000000000000 ) ) ;
#1872 = CARTESIAN_POINT ( 'NONE',  ( -0.1590070326520296173, -0.1371527777772215129, 1.056270783036788549E-16 ) ) ;
#1873 = CARTESIAN_POINT ( 'NONE',  ( -0.1124349510446009531, -0.03645833333238873014, -0.1124349510446008282 ) ) ;
#1874 = COORDINATED_UNIVERSAL_TIME_OFFSET ( 8, 0, .BEHIND. ) ;
#1875 = CARTESIAN_POINT ( 'NONE',  ( -0.04967067124657176952, 0.06944444444641709180, 0.1199156081756490300 ) ) ;
#1876 = CARTESIAN_POINT ( 'NONE',  ( -0.02327329769481763927, 0.04066437820798190356, 0.3113226817301313898 ) ) ;
#1877 = ORIENTED_EDGE ( 'NONE', *, *, #2416, .T. ) ;
#1878 = CARTESIAN_POINT ( 'NONE',  ( 0.1199156081756489051, -0.07986111111033288024, 6.907524698078900663E-17 ) ) ;
#1879 = EDGE_LOOP ( 'NONE', ( #1383, #208, #1717 ) ) ;
#1880 = CARTESIAN_POINT ( 'NONE',  ( -0.2812500000000000555, 0.1562499999999999722, -0.1623797632095823340 ) ) ;
#1881 = CARTESIAN_POINT ( 'NONE',  ( -0.04967067124657185972, -0.2291666666670829078, -0.1199156081756488357 ) ) ;
#1882 = CARTESIAN_POINT ( 'NONE',  ( 0.08479313971111035464, -0.07291666666583287992, -0.08479313971111028525 ) ) ;
#1883 = DIRECTION ( 'NONE',  ( 0.5000000000000001110, -0.000000000000000000, 0.8660254037844387076 ) ) ;
#1884 = VECTOR ( 'NONE', #1958, 39.37007874015748143 ) ;
#1885 = CARTESIAN_POINT ( 'NONE',  ( 0.000000000000000000, 0.2062500000000000999, -0.1747200000000000142 ) ) ;
#1886 = CARTESIAN_POINT ( 'NONE',  ( -0.1590070326520296173, -0.02604166666522152174, 1.056270783036788549E-16 ) ) ;
#1887 = CARTESIAN_POINT ( 'NONE',  ( 0.1124349510446009254, 0.06076388889061126730, -0.1124349510446008699 ) ) ;
#1888 = CIRCLE ( 'NONE', #1105, 0.1796874999999997502 ) ;
#1889 = CARTESIAN_POINT ( 'NONE',  ( -0.1537334666193223565, -0.1337416993824352973, 0.004338112519455658046 ) ) ;
#1890 = CARTESIAN_POINT ( 'NONE',  ( -0.1103086578651013283, -0.08680555555461014205, -0.1103086578651012173 ) ) ;
#1891 = ORIENTED_EDGE ( 'NONE', *, *, #728, .T. ) ;
#1892 = CARTESIAN_POINT ( 'NONE',  ( -2.937085314402332276E-17, -0.06597222222133289349, -0.1199156081756488357 ) ) ;
#1893 = VERTEX_POINT ( 'NONE', #1342 ) ;
#1894 = EDGE_CURVE ( 'NONE', #2207, #511, #364, .T. ) ;
#1895 = CARTESIAN_POINT ( 'NONE',  ( -0.04967067124657176952, 0.06944444444641709180, 0.1199156081756490300 ) ) ;
#1896 = CARTESIAN_POINT ( 'NONE',  ( -0.09362787878657298501, -0.1543885707331092705, 0.2707034453980831090 ) ) ;
#1897 = CARTESIAN_POINT ( 'NONE',  ( -0.06586286943717235831, -0.1475694444439715203, -0.1590070326520295341 ) ) ;
#1898 = CARTESIAN_POINT ( 'NONE',  ( -0.1124349510446009115, 0.03298611111261127993, 0.1124349510446010225 ) ) ;
#1899 = DIRECTION ( 'NONE',  ( 0.000000000000000000, 0.000000000000000000, -1.000000000000000000 ) ) ;
#1900 = ORIENTED_EDGE ( 'NONE', *, *, #1659, .T. ) ;
#1901 = CARTESIAN_POINT ( 'NONE',  ( 1.850062732001777264E-17, -0.1313190864737382169, 0.1510690864737379291 ) ) ;
#1902 = ORIENTED_EDGE ( 'NONE', *, *, #825, .F. ) ;
#1903 = FACE_BOUND ( 'NONE', #1082, .T. ) ;
#1904 = TOROIDAL_SURFACE ( 'NONE', #299, 0.1796874999999998890, 0.1015625000000000416 ) ;
#1905 = CARTESIAN_POINT ( 'NONE',  ( 0.06338839116600082646, -0.1164307815995627299, -0.1208844913758291284 ) ) ;
#1906 = DIRECTION ( 'NONE',  ( -0.000000000000000000, -1.000000000000000000, -1.365805589135462294E-15 ) ) ;
#1907 = CIRCLE ( 'NONE', #1831, 0.1747199999999999309 ) ;
#1908 = CARTESIAN_POINT ( 'NONE',  ( -0.1199156081756488634, 0.05555555555747267865, 0.04967067124657192217 ) ) ;
#1909 = CARTESIAN_POINT ( 'NONE',  ( -0.04967067124657176952, -0.1041666666660273494, 0.1199156081756490300 ) ) ;
#1910 = EDGE_LOOP ( 'NONE', ( #546, #722, #1464 ) ) ;
#1911 = CARTESIAN_POINT ( 'NONE',  ( -0.04534720879239811930, -0.09691999110543945972, 0.1199156081756490300 ) ) ;
#1912 = ORIENTED_EDGE ( 'NONE', *, *, #868, .T. ) ;
#1913 = B_SPLINE_CURVE_WITH_KNOTS ( 'NONE', 3,
 ( #1716, #706, #2296, #921, #1493, #328 ),
 .UNSPECIFIED., .F., .F.,
 ( 4, 2, 4 ),
 ( 2.339748128046039903E-07, 0.002074917561849728108, 0.004149601148886651429 ),
 .UNSPECIFIED. ) ;
#1914 = CARTESIAN_POINT ( 'NONE',  ( -0.2347712218916489513, -0.1473234727880170236, -0.1892142982620436953 ) ) ;
#1915 = DIRECTION ( 'NONE',  ( 0.000000000000000000, 0.000000000000000000, -1.000000000000000000 ) ) ;
#1916 = ADVANCED_FACE ( 'NONE', ( #951 ), #2289, .F. ) ;
#1917 = CARTESIAN_POINT ( 'NONE',  ( 0.000000000000000000, 0.1562499999999999722, -1.365864792983795275E-16 ) ) ;
#1918 = CARTESIAN_POINT ( 'NONE',  ( 0.08479313971111035464, 0.08680555555772263843, -0.08479313971111028525 ) ) ;
#1919 = ADVANCED_FACE ( 'NONE', ( #1317 ), #2515, .T. ) ;
#1920 = CARTESIAN_POINT ( 'NONE',  ( -0.08479313971111035464, -0.06597222222127735458, -0.08479313971111024362 ) ) ;
#1921 = AXIS2_PLACEMENT_3D ( 'NONE', #2160, #1042, #1829 ) ;
#1922 = VERTEX_POINT ( 'NONE', #2513 ) ;
#1923 = DIRECTION ( 'NONE',  ( -0.000000000000000000, -1.000000000000000000, -1.365805589135462294E-15 ) ) ;
#1924 = CARTESIAN_POINT ( 'NONE',  ( -0.1249283300611389869, -0.1051083316262032691, -0.004827106795280824980 ) ) ;
#1925 = ORIENTED_EDGE ( 'NONE', *, *, #2107, .T. ) ;
#1926 = DIRECTION ( 'NONE',  ( 0.000000000000000000, 1.000000000000000000, 0.000000000000000000 ) ) ;
#1927 = ORIENTED_EDGE ( 'NONE', *, *, #2298, .T. ) ;
#1928 = DIMENSIONAL_EXPONENTS ( 1.000000000000000000, 0.000000000000000000, 0.000000000000000000, 0.000000000000000000, 0.000000000000000000, 0.000000000000000000, 0.000000000000000000 ) ;
#1929 = CARTESIAN_POINT ( 'NONE',  ( 0.04610441371021244822, -0.1156455360257100662, -0.1276412054348672054 ) ) ;
#1930 = CARTESIAN_POINT ( 'NONE',  ( 0.04967067124657179034, 0.04166666666841713912, -0.1199156081756488357 ) ) ;
#1931 = CARTESIAN_POINT ( 'NONE',  ( 0.1124349510446009254, 0.1059027777802784842, 0.1124349510446009809 ) ) ;
#1932 = CARTESIAN_POINT ( 'NONE',  ( 0.1199156081756489051, -0.1979166666667773467, 6.907524698078900663E-17 ) ) ;
#1933 = CARTESIAN_POINT ( 'NONE',  ( -0.08479313971111035464, -0.01041666666527733126, -0.08479313971111024362 ) ) ;
#1934 = ADVANCED_FACE ( 'NONE', ( #1903, #320 ), #1535, .T. ) ;
#1935 = CARTESIAN_POINT ( 'NONE',  ( 0.000000000000000000, 0.1502499999999996894, -1.447813128331927269E-16 ) ) ;
#1936 = ORIENTED_EDGE ( 'NONE', *, *, #1187, .T. ) ;
#1937 = DIRECTION ( 'NONE',  ( -0.000000000000000000, -1.000000000000000000, -0.000000000000000000 ) ) ;
#1938 = ORIENTED_EDGE ( 'NONE', *, *, #1011, .T. ) ;
#1939 = CARTESIAN_POINT ( 'NONE',  ( 0.07176922916803735175, -0.1168248361962866827, -0.1165725131685101806 ) ) ;
#1940 = CARTESIAN_POINT ( 'NONE',  ( -0.04967067124657185972, -0.006944444443082900369, -0.1199156081756488357 ) ) ;
#1941 = CARTESIAN_POINT ( 'NONE',  ( -0.06586286943717235831, 0.07465277778002847586, -0.1590070326520295341 ) ) ;
#1942 =( BOUNDED_CURVE ( )  B_SPLINE_CURVE ( 2, ( #940, #568, #1748, #2291, #1736, #1760, #2303, #1957, #183 ),
 .UNSPECIFIED., .F., .T. ) 
 B_SPLINE_CURVE_WITH_KNOTS ( ( 3, 2, 2, 2, 3 ),
 ( 0.3750000000000000000, 0.3928571428571427937, 0.4107142857142856984, 0.4285714285714284921, 0.4464285714285713969 ),
 .UNSPECIFIED. ) 
 CURVE ( )  GEOMETRIC_REPRESENTATION_ITEM ( )  RATIONAL_B_SPLINE_CURVE ( ( 1.000000000000000000, 0.9238795325112867385, 1.000000000000000000, 0.9238795325112867385, 1.000000000000000000, 0.9238795325112867385, 1.000000000000000000, 0.9238795325112867385, 1.000000000000000000 ) ) 
 REPRESENTATION_ITEM ( '' )  );
#1943 = CARTESIAN_POINT ( 'NONE',  ( -0.08479313971111034076, -0.1076388888882773426, 0.08479313971111042403 ) ) ;
#1944 = CARTESIAN_POINT ( 'NONE',  ( 0.1199156081756489051, -0.02777777777652734592, -0.04967067124657170707 ) ) ;
#1945 = CIRCLE ( 'NONE', #1172, 0.1796874999999998890 ) ;
#1946 = DIRECTION ( 'NONE',  ( 0.000000000000000000, 0.000000000000000000, 1.000000000000000000 ) ) ;
#1947 = CARTESIAN_POINT ( 'NONE',  ( 0.000000000000000000, 0.1472499999999999087, -0.1796874999999998057 ) ) ;
#1948 = CARTESIAN_POINT ( 'NONE',  ( 0.04967067124657179034, -0.03472222222108288514, 0.1199156081756489745 ) ) ;
#1949 = EDGE_LOOP ( 'NONE', ( #329, #561, #498, #447 ) ) ;
#1950 = CARTESIAN_POINT ( 'NONE',  ( 0.1199156081756489051, 0.09027777777991709274, -0.04967067124657170707 ) ) ;
#1951 = CIRCLE ( 'NONE', #347, 0.2812499999999999445 ) ;
#1952 = EDGE_CURVE ( 'NONE', #873, #1288, #1707, .T. ) ;
#1953 = CARTESIAN_POINT ( 'NONE',  ( -0.1172814473766427001, -0.001396891824351136112, -0.02619886664631335127 ) ) ;
#1954 = ORIENTED_EDGE ( 'NONE', *, *, #2372, .T. ) ;
#1955 = CARTESIAN_POINT ( 'NONE',  ( 0.000000000000000000, 0.05468749999999992367, 0.000000000000000000 ) ) ;
#1956 = CARTESIAN_POINT ( 'NONE',  ( -0.1199156081756488634, 0.006944444445917124543, 0.04967067124657192217 ) ) ;
#1957 = CARTESIAN_POINT ( 'NONE',  ( 0.06461731573020279562, -0.01388888888775008379, 0.1559999999999999165 ) ) ;
#1958 = DIRECTION ( 'NONE',  ( 0.000000000000000000, -1.000000000000000000, 0.000000000000000000 ) ) ;
#1959 = CARTESIAN_POINT ( 'NONE',  ( -2.937085314402332276E-17, -0.01736111110977734545, -0.1199156081756488357 ) ) ;
#1960 = DIRECTION ( 'NONE',  ( 0.000000000000000000, 0.000000000000000000, -1.000000000000000000 ) ) ;
#1961 = CARTESIAN_POINT ( 'NONE',  ( 1.910449006669868930E-17, -0.1284722222220000820, 0.1559999999999999165 ) ) ;
#1962 =( BOUNDED_CURVE ( )  B_SPLINE_CURVE ( 2, ( #796, #2306, #1586, #408, #2358, #1337, #378, #1365, #1168 ),
 .UNSPECIFIED., .F., .F. ) 
 B_SPLINE_CURVE_WITH_KNOTS ( ( 3, 2, 2, 2, 3 ),
 ( 0.5178571428571427937, 0.5357142857142856984, 0.5535714285714286031, 0.5714285714285713969, 0.5892857142857141906 ),
 .UNSPECIFIED. ) 
 CURVE ( )  GEOMETRIC_REPRESENTATION_ITEM ( )  RATIONAL_B_SPLINE_CURVE ( ( 1.000000000000000000, 0.9238795325112867385, 1.000000000000000000, 0.9238795325112867385, 1.000000000000000000, 0.9238795325112867385, 1.000000000000000000, 0.9238795325112867385, 1.000000000000000000 ) ) 
 REPRESENTATION_ITEM ( '' )  );
#1963 = CARTESIAN_POINT ( 'NONE',  ( 1.468542657201166138E-17, -0.09374999999933289474, 0.1199156081756489745 ) ) ;
#1964 = AXIS2_PLACEMENT_3D ( 'NONE', #737, #553, #1511 ) ;
#1965 = CARTESIAN_POINT ( 'NONE',  ( 0.000000000000000000, 0.05468749999999975020, 7.641796026679484348E-17 ) ) ;
#1966 = ORIENTED_EDGE ( 'NONE', *, *, #629, .F. ) ;
#1967 = CARTESIAN_POINT ( 'NONE',  ( -0.08479313971111035464, -0.1770833333332773318, -0.08479313971111024362 ) ) ;
#1968 = AXIS2_PLACEMENT_3D ( 'NONE', #625, #2003, #232 ) ;
#1969 = ADVANCED_FACE ( 'NONE', ( #2323 ), #1377, .T. ) ;
#1970 = CARTESIAN_POINT ( 'NONE',  ( -0.09198802741208306211, 0.02918379022187839525, 0.1195222601503287269 ) ) ;
#1971 = EDGE_LOOP ( 'NONE', ( #1443, #79, #2334, #575, #577, #846 ) ) ;
#1972 = EDGE_CURVE ( 'NONE', #2381, #910, #2555, .T. ) ;
#1973 = CARTESIAN_POINT ( 'NONE',  ( -0.04845164973599858788, -0.1094491134417089617, 0.1201502168788021740 ) ) ;
#1974 = CARTESIAN_POINT ( 'NONE',  ( -3.073328992872296367E-16, 0.03439867462804650083, 0.3247595264191645570 ) ) ;
#1975 = LINE ( 'NONE', #1423, #2448 ) ;
#1976 = CARTESIAN_POINT ( 'NONE',  ( -0.1199156081756489051, 0.1076388888912226532, 9.844610012481234172E-17 ) ) ;
#1977 = CARTESIAN_POINT ( 'NONE',  ( -0.1199156081756489051, -0.05902777777677735427, 9.844610012481234172E-17 ) ) ;
#1978 = CARTESIAN_POINT ( 'NONE',  ( -0.1443526084580923352, 0.03468750000006217554, 0.05914663499611899633 ) ) ;
#1979 = CARTESIAN_POINT ( 'NONE',  ( -0.04967067124657185972, -0.1180555555550828889, -0.1199156081756488357 ) ) ;
#1980 = CARTESIAN_POINT ( 'NONE',  ( -0.1024017745394249918, -0.001396891824340051663, -0.06239895556267361504 ) ) ;
#1981 = EDGE_LOOP ( 'NONE', ( #1479, #2470 ) ) ;
#1982 = LOCAL_TIME ( 17, 51, 8.000000000000000000, #47 ) ;
#1983 = B_SPLINE_CURVE_WITH_KNOTS ( 'NONE', 3,
 ( #105, #678, #140, #1081, #732, #895, #2471, #1671 ),
 .UNSPECIFIED., .F., .F.,
 ( 4, 2, 2, 4 ),
 ( 0.01352753422761915694, 0.01455966418179669222, 0.01559179413597422924, 0.01765605404432930153 ),
 .UNSPECIFIED. ) ;
#1984 = CARTESIAN_POINT ( 'NONE',  ( -0.06896529524812480827, 0.03330773288663854692, 0.1387506171577727598 ) ) ;
#1985 = ORIENTED_EDGE ( 'NONE', *, *, #2493, .F. ) ;
#1986 = CARTESIAN_POINT ( 'NONE',  ( 0.08479313971111035464, -0.1840277777778329127, -0.08479313971111028525 ) ) ;
#1987 = ORIENTED_EDGE ( 'NONE', *, *, #1566, .T. ) ;
#1988 = CARTESIAN_POINT ( 'NONE',  ( -0.06461731573020287889, 0.01388888889024989491, -0.1559999999999997500 ) ) ;
#1989 = CARTESIAN_POINT ( 'NONE',  ( -0.1199156081756489051, 0.1076388888912226532, 9.844610012481234172E-17 ) ) ;
#1990 = CARTESIAN_POINT ( 'NONE',  ( 0.06586286943717226117, -0.2309027777779714963, 0.1590070326520296728 ) ) ;
#1991 = CARTESIAN_POINT ( 'NONE',  ( 0.1199156081756489051, -0.08680555555477734164, 6.907524698078900663E-17 ) ) ;
#1992 = CARTESIAN_POINT ( 'NONE',  ( 0.1406249999999999722, -0.1562499999999999722, -0.2435696448143735149 ) ) ;
#1993 = CARTESIAN_POINT ( 'NONE',  ( -0.02538093498921660529, -0.1126522613614031748, -0.1301037329203749149 ) ) ;
#1994 = VERTEX_POINT ( 'NONE', #1158 ) ;
#1995 = CARTESIAN_POINT ( 'NONE',  ( -0.1201380210868432247, -0.001396891824351105104, -0.002751174939170980029 ) ) ;
#1996 = CARTESIAN_POINT ( 'NONE',  ( 0.2812500000000000555, -0.1359611746280462719, -0.1623797632095822785 ) ) ;
#1997 = CARTESIAN_POINT ( 'NONE',  ( -0.1559999999999998610, 0.02777777777924993197, 0.06461731573020293440 ) ) ;
#1998 = EDGE_CURVE ( 'NONE', #2542, #1507, #1005, .T. ) ;
#1999 = CARTESIAN_POINT ( 'NONE',  ( -0.1640483488951211544, 0.05468749999999985428, 0.2300461680244527962 ) ) ;
#2000 = CARTESIAN_POINT ( 'NONE',  ( -2.937085314402332276E-17, 0.09375000000222265262, -0.1199156081756488357 ) ) ;
#2001 = CARTESIAN_POINT ( 'NONE',  ( -0.06586286943717235831, -0.1510416666666387076, -0.1590070326520295341 ) ) ;
#2002 = EDGE_CURVE ( 'NONE', #677, #2196, #2526, .T. ) ;
#2003 = DIRECTION ( 'NONE',  ( -0.000000000000000000, -1.000000000000000000, -0.000000000000000000 ) ) ;
#2004 = EDGE_LOOP ( 'NONE', ( #1325, #1742, #2134, #919, #1429 ) ) ;
#2005 = CARTESIAN_POINT ( 'NONE',  ( 0.1126154347193798339, -0.1264253136945856226, 0.09366058300255541980 ) ) ;
#2006 = CARTESIAN_POINT ( 'NONE',  ( -0.1146759200307003457, 0.002076896869292980431, -0.04659310373092585139 ) ) ;
#2007 = VECTOR ( 'NONE', #53, 39.37007874015748854 ) ;
#2008 = DIRECTION ( 'NONE',  ( 0.000000000000000000, -0.000000000000000000, 1.000000000000000000 ) ) ;
#2009 = CARTESIAN_POINT ( 'NONE',  ( -0.1559999999999998610, 0.02430555555699990058, 1.050746953668428821E-16 ) ) ;
#2010 = DIRECTION ( 'NONE',  ( -0.000000000000000000, -1.000000000000000000, -1.365805589135462294E-15 ) ) ;
#2011 = CARTESIAN_POINT ( 'NONE',  ( -0.1199156081756488634, 0.05555555555747267865, 0.04967067124657192217 ) ) ;
#2012 = DIRECTION ( 'NONE',  ( 0.000000000000000000, 0.000000000000000000, -1.000000000000000000 ) ) ;
#2013 = MECHANICAL_CONTEXT ( 'NONE', #2120, 'mechanical' ) ;
#2014 = CC_DESIGN_PERSON_AND_ORGANIZATION_ASSIGNMENT ( #612, #1015, ( #1720 ) ) ;
#2015 = CARTESIAN_POINT ( 'NONE',  ( -0.05566066051483224003, -0.1333958323683587244, 0.1431240401388393924 ) ) ;
#2016 = ORIENTED_EDGE ( 'NONE', *, *, #1250, .T. ) ;
#2017 = EDGE_CURVE ( 'NONE', #963, #1552, #2219, .T. ) ;
#2018 = CARTESIAN_POINT ( 'NONE',  ( 0.1559999999999998610, -0.04861111110986014727, -0.06461731573020269848 ) ) ;
#2019 = CARTESIAN_POINT ( 'NONE',  ( 0.2347712218916487570, -0.1473234727880170514, 0.1892142982620439173 ) ) ;
#2020 = CARTESIAN_POINT ( 'NONE',  ( 0.000000000000000000, 0.1472499999999999087, -0.1796874999999998057 ) ) ;
#2021 = DIRECTION ( 'NONE',  ( 0.000000000000000000, 0.000000000000000000, -1.000000000000000000 ) ) ;
#2022 = CARTESIAN_POINT ( 'NONE',  ( -1.803159890764987132E-15, 0.006092604150847213788, 0.1274051041508472981 ) ) ;
#2023 = CARTESIAN_POINT ( 'NONE',  ( -0.1590070326520296173, -0.1927083333332215154, 1.056270783036788549E-16 ) ) ;
#2024 = DIRECTION ( 'NONE',  ( 0.000000000000000000, -0.000000000000000000, 1.000000000000000000 ) ) ;
#2025 = CARTESIAN_POINT ( 'NONE',  ( 0.000000000000000000, 0.000000000000000000, 0.000000000000000000 ) ) ;
#2026 = CARTESIAN_POINT ( 'NONE',  ( -0.1123133290220511560, -0.1076908909845348122, -0.06056159900491590170 ) ) ;
#2027 = VERTEX_POINT ( 'NONE', #194 ) ;
#2028 = CIRCLE ( 'NONE', #1868, 0.1747199999999999032 ) ;
#2029 =( BOUNDED_CURVE ( )  B_SPLINE_CURVE ( 2, ( #212, #1238, #1386, #1788, #426, #981, #828, #1607, #196 ),
 .UNSPECIFIED., .F., .F. ) 
 B_SPLINE_CURVE_WITH_KNOTS ( ( 3, 2, 2, 2, 3 ),
 ( 0.4464285714285713969, 0.4642857142857142461, 0.4821428571428570953, 0.4999999999999999445, 0.5178571428571427937 ),
 .UNSPECIFIED. ) 
 CURVE ( )  GEOMETRIC_REPRESENTATION_ITEM ( )  RATIONAL_B_SPLINE_CURVE ( ( 1.000000000000000000, 0.9238795325112867385, 1.000000000000000000, 0.9238795325112867385, 1.000000000000000000, 0.9238795325112867385, 1.000000000000000000, 0.9238795325112867385, 1.000000000000000000 ) ) 
 REPRESENTATION_ITEM ( '' )  );
#2030 = CARTESIAN_POINT ( 'NONE',  ( 1.910449006669868930E-17, -0.01041666666511012473, 0.1559999999999999165 ) ) ;
#2031 = VERTEX_POINT ( 'NONE', #2346 ) ;
#2032 = CARTESIAN_POINT ( 'NONE',  ( 0.002489882630648765968, -0.1001656081756493039, 0.1199156081756654613 ) ) ;
#2033 = VECTOR ( 'NONE', #437, 39.37007874015748143 ) ;
#2034 = ADVANCED_FACE ( 'NONE', ( #1188 ), #2184, .F. ) ;
#2035 = CARTESIAN_POINT ( 'NONE',  ( -0.04967067124657185972, -0.006944444443082900369, -0.1199156081756488357 ) ) ;
#2036 = DIRECTION ( 'NONE',  ( 0.000000000000000000, 0.000000000000000000, -1.000000000000000000 ) ) ;
#2037 = CARTESIAN_POINT ( 'NONE',  ( 0.1219936236090697623, 0.01774236339263165346, -0.06733663203028580901 ) ) ;
#2038 = CARTESIAN_POINT ( 'NONE',  ( -0.06586286943717235831, 0.01909722222402847683, -0.1590070326520295341 ) ) ;
#2039 = CARTESIAN_POINT ( 'NONE',  ( -0.06586286943717235831, -0.2065972222226387656, -0.1590070326520295341 ) ) ;
#2040 = APPROVAL_DATE_TIME ( #1260, #227 ) ;
#2041 = DIRECTION ( 'NONE',  ( 0.000000000000000000, 0.000000000000000000, -1.000000000000000000 ) ) ;
#2042 = ORIENTED_EDGE ( 'NONE', *, *, #2493, .T. ) ;
#2043 = CARTESIAN_POINT ( 'NONE',  ( -3.820898013339737860E-17, 0.01736111111288985917, -0.1559999999999997777 ) ) ;
#2044 = EDGE_LOOP ( 'NONE', ( #129, #1575, #94, #65 ) ) ;
#2045 = CARTESIAN_POINT ( 'NONE',  ( 0.000000000000000000, -0.1562499999999999722, 0.000000000000000000 ) ) ;
#2046 = CARTESIAN_POINT ( 'NONE',  ( 0.1199156081756489051, -0.07638888888808290090, -0.04967067124657170707 ) ) ;
#2047 = CARTESIAN_POINT ( 'NONE',  ( -3.820898013339737860E-17, 0.01736111111288985917, -0.1559999999999997777 ) ) ;
#2048 = EDGE_CURVE ( 'NONE', #1552, #1647, #1520, .T. ) ;
#2049 = DIRECTION ( 'NONE',  ( -0.000000000000000000, -1.000000000000000000, -1.365805589135462294E-15 ) ) ;
#2050 = CARTESIAN_POINT ( 'NONE',  ( -0.06586286943717220566, -0.1267361111104715332, 0.1590070326520297284 ) ) ;
#2051 = CARTESIAN_POINT ( 'NONE',  ( -0.1124349510446009115, -0.1336805555553887137, 0.1124349510446010225 ) ) ;
#2052 = CARTESIAN_POINT ( 'NONE',  ( -0.1169949894168966914, 0.05468749999999986122, 0.2572124377854819732 ) ) ;
#2053 = ORIENTED_EDGE ( 'NONE', *, *, #757, .F. ) ;
#2054 = DIRECTION ( 'NONE',  ( -0.000000000000000000, -1.000000000000000000, -0.000000000000000000 ) ) ;
#2055 = VERTEX_POINT ( 'NONE', #19 ) ;
#2056 = CARTESIAN_POINT ( 'NONE',  ( -0.01224287887479502852, 0.02415648975683263450, -0.1450834518406001750 ) ) ;
#2057 = CARTESIAN_POINT ( 'NONE',  ( -0.1199156081756488773, 0.05555555555741711199, -0.04967067124657172789 ) ) ;
#2058 = CARTESIAN_POINT ( 'NONE',  ( -0.1559999999999998610, -0.1354166666661101581, 1.050746953668428821E-16 ) ) ;
#2059 = VECTOR ( 'NONE', #63, 39.37007874015748143 ) ;
#2060 = CARTESIAN_POINT ( 'NONE',  ( 2.155378366499340570E-17, -0.1562500000000001110, 0.1759999999999999898 ) ) ;
#2061 = CARTESIAN_POINT ( 'NONE',  ( -0.1590070326520295896, -0.1336805555549715196, 0.06586286943717239994 ) ) ;
#2062 = CARTESIAN_POINT ( 'NONE',  ( 0.1590070326520296451, 0.05034722222386125989, 0.06586286943717231668 ) ) ;
#2063 = CARTESIAN_POINT ( 'NONE',  ( -0.06461731573020287889, -0.09027777777686013527, -0.1559999999999997500 ) ) ;
#2064 = ORIENTED_EDGE ( 'NONE', *, *, #377, .F. ) ;
#2065 = DIRECTION ( 'NONE',  ( 0.000000000000000000, 0.000000000000000000, 1.000000000000000000 ) ) ;
#2066 = EDGE_LOOP ( 'NONE', ( #263, #2430, #1315, #1862 ) ) ;
#2067 = CARTESIAN_POINT ( 'NONE',  ( -0.04868937215859546475, 0.02558236324358705710, -0.1391340970541521949 ) ) ;
#2068 = AXIS2_PLACEMENT_3D ( 'NONE', #2249, #1083, #487 ) ;
#2069 = CARTESIAN_POINT ( 'NONE',  ( -0.1199156081756489051, -0.1076388888883328954, 9.844610012481234172E-17 ) ) ;
#2070 = DIRECTION ( 'NONE',  ( 0.8660254037844385966, 0.000000000000000000, -0.5000000000000000000 ) ) ;
#2071 = FACE_OUTER_BOUND ( 'NONE', #2311, .T. ) ;
#2072 = CARTESIAN_POINT ( 'NONE',  ( 0.1590070326520296451, -0.001736111109471526496, 0.06586286943717231668 ) ) ;
#2073 = CARTESIAN_POINT ( 'NONE',  ( 0.1124349510446009254, -0.05034722222138871689, -0.1124349510446008699 ) ) ;
#2074 = DATE_TIME_ROLE ( 'classification_date' ) ;
#2075 = EDGE_CURVE ( 'NONE', #1080, #2285, #167, .T. ) ;
#2076 = CARTESIAN_POINT ( 'NONE',  ( -0.08479313971111035464, -0.003472222220832877227, -0.08479313971111024362 ) ) ;
#2077 = CARTESIAN_POINT ( 'NONE',  ( -0.1559999999999998610, -0.08333333333236013496, -0.06461731573020272623 ) ) ;
#2078 = ORIENTED_EDGE ( 'NONE', *, *, #1135, .T. ) ;
#2079 = EDGE_CURVE ( 'NONE', #2285, #2545, #1307, .T. ) ;
#2080 = CARTESIAN_POINT ( 'NONE',  ( 3.444319122601929740E-17, 0.05468749999999992367, 0.2812499999999999445 ) ) ;
#2081 = ORIENTED_EDGE ( 'NONE', *, *, #775, .T. ) ;
#2082 = CARTESIAN_POINT ( 'NONE',  ( 2.155378366499340570E-17, -0.1562500000000001110, 0.1759999999999999898 ) ) ;
#2083 = CARTESIAN_POINT ( 'NONE',  ( 0.1199156081756489051, -0.1319444444440829034, -0.04967067124657170707 ) ) ;
#2084 = CARTESIAN_POINT ( 'NONE',  ( 0.04967067124657179034, -0.09027777777708287377, 0.1199156081756489745 ) ) ;
#2085 = CARTESIAN_POINT ( 'NONE',  ( -0.1640483488951211544, -0.1562499999999999445, -0.2300461680244527962 ) ) ;
#2086 = CIRCLE ( 'NONE', #1964, 0.09256249999999999201 ) ;
#2087 = CARTESIAN_POINT ( 'NONE',  ( -0.04647877810835118750, -0.1473234727880170514, 0.2979249913667031402 ) ) ;
#2088 = CARTESIAN_POINT ( 'NONE',  ( -0.1590070326520295896, -0.02951388888747150802, -0.06586286943717220566 ) ) ;
#2089 = CARTESIAN_POINT ( 'NONE',  ( -0.06586286943717220566, 0.09201388889086127565, 0.1590070326520297284 ) ) ;
#2090 = AXIS2_PLACEMENT_3D ( 'NONE', #1220, #1794, #1261 ) ;
#2091 = CARTESIAN_POINT ( 'NONE',  ( 0.000000000000000000, 0.05468749999999992367, 0.000000000000000000 ) ) ;
#2092 = VERTEX_POINT ( 'NONE', #1820 ) ;
#2093 = LINE ( 'NONE', #287, #2129 ) ;
#2094 = EDGE_CURVE ( 'NONE', #1288, #963, #249, .T. ) ;
#2095 = ORIENTED_EDGE ( 'NONE', *, *, #1396, .T. ) ;
#2096 = CARTESIAN_POINT ( 'NONE',  ( -0.04967067124657176952, -0.2083333333335829485, 0.1199156081756490300 ) ) ;
#2097 = EDGE_CURVE ( 'NONE', #1994, #2456, #634, .T. ) ;
#2098 = CARTESIAN_POINT ( 'NONE',  ( -0.1024017745394249918, -0.001396891824340051663, -0.06239895556267361504 ) ) ;
#2099 = CARTESIAN_POINT ( 'NONE',  ( 0.02315324580881128469, -0.1421945574968482839, -0.3113919937188336928 ) ) ;
#2100 = CARTESIAN_POINT ( 'NONE',  ( -0.1590070326520295896, 0.08159722222452849005, -0.06586286943717220566 ) ) ;
#2101 = CARTESIAN_POINT ( 'NONE',  ( 0.08479313971111035464, -0.03819444444327734639, 0.08479313971111039627 ) ) ;
#2102 = CARTESIAN_POINT ( 'NONE',  ( 1.468542657201166138E-17, -0.04513888888777734670, 0.1199156081756489745 ) ) ;
#2103 = ORIENTED_EDGE ( 'NONE', *, *, #1326, .F. ) ;
#2104 = CARTESIAN_POINT ( 'NONE',  ( 0.000000000000000000, 0.05468749999999992367, -0.1796874999999998890 ) ) ;
#2105 = CARTESIAN_POINT ( 'NONE',  ( 0.1124349510446009254, 0.1579861111136112717, 0.1124349510446009809 ) ) ;
#2106 = CARTESIAN_POINT ( 'NONE',  ( 0.000000000000000000, 0.03468749999999965611, 7.641796026679484348E-17 ) ) ;
#2107 = EDGE_CURVE ( 'NONE', #781, #812, #932, .T. ) ;
#2108 = AXIS2_PLACEMENT_3D ( 'NONE', #799, #837, #1625 ) ;
#2109 =( BOUNDED_CURVE ( )  B_SPLINE_CURVE ( 2, ( #1961, #2459, #971, #573, #174 ),
 .UNSPECIFIED., .F., .F. ) 
 B_SPLINE_CURVE_WITH_KNOTS ( ( 3, 2, 3 ),
 ( 0.7321428571428570953, 0.7500000000000000000, 0.7522569215892100924 ),
 .UNSPECIFIED. ) 
 CURVE ( )  GEOMETRIC_REPRESENTATION_ITEM ( )  RATIONAL_B_SPLINE_CURVE ( ( 1.000000000000000000, 0.9238795325112867385, 1.000000000000000000, 0.9903793161184616389, 0.9831905027023066790 ) ) 
 REPRESENTATION_ITEM ( '' )  );
#2110 = CARTESIAN_POINT ( 'NONE',  ( 0.000000000000000000, 19685.03937007874265, 0.000000000000000000 ) ) ;
#2111 = CARTESIAN_POINT ( 'NONE',  ( 0.1406249999999999722, 0.05468749999999992367, 0.2435696448143735704 ) ) ;
#2112 = CARTESIAN_POINT ( 'NONE',  ( -0.1590070326520295896, -0.02604166666563872273, 0.06586286943717239994 ) ) ;
#2113 = AXIS2_PLACEMENT_3D ( 'NONE', #1917, #2491, #528 ) ;
#2114 = CARTESIAN_POINT ( 'NONE',  ( -0.08479313971111034076, 0.05902777777972265799, 0.08479313971111042403 ) ) ;
#2115 = CARTESIAN_POINT ( 'NONE',  ( -0.08479313971111034076, -0.1631944444442773312, 0.08479313971111042403 ) ) ;
#2116 = VERTEX_POINT ( 'NONE', #1445 ) ;
#2117 = CARTESIAN_POINT ( 'NONE',  ( -0.07934738479717616533, -0.1001656081756493039, 0.08990965248506206653 ) ) ;
#2118 = VERTEX_POINT ( 'NONE', #2262 ) ;
#2119 = CARTESIAN_POINT ( 'NONE',  ( -0.1199156081756489051, -0.05208333333233289980, 9.844610012481234172E-17 ) ) ;
#2120 = APPLICATION_CONTEXT ( 'configuration controlled 3d designs of mechanical parts and assemblies' ) ;
#2121 = CARTESIAN_POINT ( 'NONE',  ( -0.06461731573020274011, -0.07638888888825010048, 0.1559999999999999443 ) ) ;
#2122 = VERTEX_POINT ( 'NONE', #1277 ) ;
#2123 = FACE_OUTER_BOUND ( 'NONE', #2553, .T. ) ;
#2124 = CARTESIAN_POINT ( 'NONE',  ( 0.1199156081756489051, -0.02430555555433288120, 6.907524698078900663E-17 ) ) ;
#2125 = CARTESIAN_POINT ( 'NONE',  ( -0.1877777496598130313, -0.1543657634509171539, 0.2163459921052493795 ) ) ;
#2126 = EDGE_CURVE ( 'NONE', #1722, #338, #718, .T. ) ;
#2127 = CARTESIAN_POINT ( 'NONE',  ( 0.04967067124657179034, 0.09027777777997267328, -0.1199156081756488357 ) ) ;
#2128 = CARTESIAN_POINT ( 'NONE',  ( 0.1199156081756489051, -0.08680555555477734164, 6.907524698078900663E-17 ) ) ;
#2129 = VECTOR ( 'NONE', #1660, 39.37007874015748143 ) ;
#2130 = DIRECTION ( 'NONE',  ( -0.000000000000000000, -1.000000000000000000, -0.000000000000000000 ) ) ;
#2131 = CARTESIAN_POINT ( 'NONE',  ( 0.1199156081756489051, -0.02777777777658288830, 0.04967067124657183891 ) ) ;
#2132 = VERTEX_POINT ( 'NONE', #2407 ) ;
#2133 = DIRECTION ( 'NONE',  ( -0.000000000000000000, -1.000000000000000000, -0.000000000000000000 ) ) ;
#2134 = ORIENTED_EDGE ( 'NONE', *, *, #13, .F. ) ;
#2135 = DIRECTION ( 'NONE',  ( 0.000000000000000000, 0.000000000000000000, -1.000000000000000000 ) ) ;
#2136 = CARTESIAN_POINT ( 'NONE',  ( 0.08479313971111035464, 0.07986111111316709921, 0.08479313971111039627 ) ) ;
#2137 = CARTESIAN_POINT ( 'NONE',  ( 0.2579767023051823260, 0.04066437820798189662, 0.1758166078986157232 ) ) ;
#2138 = CARTESIAN_POINT ( 'NONE',  ( 1.468542657201166138E-17, 0.01041666666822267315, 0.1199156081756489745 ) ) ;
#2139 = CARTESIAN_POINT ( 'NONE',  ( -2.937085314402332276E-17, -0.1284722222217773435, -0.1199156081756488357 ) ) ;
#2140 = CARTESIAN_POINT ( 'NONE',  ( 0.1406249999999999445, 0.05468749999999992367, -0.2435696448143734039 ) ) ;
#2141 = CARTESIAN_POINT ( 'NONE',  ( -0.05574761327326438476, -0.1001656081756492206, 0.1064126527841992437 ) ) ;
#2142 = VERTEX_POINT ( 'NONE', #276 ) ;
#2143 = CARTESIAN_POINT ( 'NONE',  ( 0.2812499999999998335, 0.04032253347307405977, 0.1357566014369328278 ) ) ;
#2144 = ORIENTED_EDGE ( 'NONE', *, *, #2411, .T. ) ;
#2145 = CARTESIAN_POINT ( 'NONE',  ( 0.1066194496845730005, -0.1267676302015226519, 0.1009241647660707036 ) ) ;
#2146 = CARTESIAN_POINT ( 'NONE',  ( 0.08479313971111035464, 0.03819444444616709733, -0.08479313971111028525 ) ) ;
#2147 = ORIENTED_EDGE ( 'NONE', *, *, #1710, .T. ) ;
#2148 = CARTESIAN_POINT ( 'NONE',  ( 0.1590070326520296173, 0.05729166666877849590, 6.668158758783350223E-17 ) ) ;
#2149 = AXIS2_PLACEMENT_3D ( 'NONE', #897, #1637, #2434 ) ;
#2150 = CARTESIAN_POINT ( 'NONE',  ( -0.04967067124657185972, -0.1805555555555273806, -0.1199156081756488357 ) ) ;
#2151 = CIRCLE ( 'NONE', #2435, 0.09256249999999999201 ) ;
#2152 = VERTEX_POINT ( 'NONE', #1841 ) ;
#2153 = CARTESIAN_POINT ( 'NONE',  ( -0.1542704084125369191, 0.03246964295278071538, -0.001355026897610171364 ) ) ;
#2154 = DIRECTION ( 'NONE',  ( 0.000000000000000000, -1.000000000000000000, 0.000000000000000000 ) ) ;
#2155 = ORIENTED_EDGE ( 'NONE', *, *, #1316, .T. ) ;
#2156 = EDGE_CURVE ( 'NONE', #2507, #2285, #1030, .T. ) ;
#2157 = CARTESIAN_POINT ( 'NONE',  ( 0.08479313971111035464, 0.1354166666691671017, 0.08479313971111039627 ) ) ;
#2158 = DIRECTION ( 'NONE',  ( -0.000000000000000000, -1.000000000000000000, -0.000000000000000000 ) ) ;
#2159 = ORIENTED_EDGE ( 'NONE', *, *, #978, .T. ) ;
#2160 = CARTESIAN_POINT ( 'NONE',  ( 0.000000000000000000, 0.1472499999999999087, 0.000000000000000000 ) ) ;
#2161 = CARTESIAN_POINT ( 'NONE',  ( -0.1199156081756489051, 0.003472222223667101402, 9.844610012481234172E-17 ) ) ;
#2162 = CARTESIAN_POINT ( 'NONE',  ( 0.04647877810835093076, 0.04576097278801703055, 0.2979249913667032512 ) ) ;
#2163 = CARTESIAN_POINT ( 'NONE',  ( -0.08479313971111034076, 0.1145833333357226536, 0.08479313971111042403 ) ) ;
#2164 = CARTESIAN_POINT ( 'NONE',  ( 1.468542657201166138E-17, 0.06597222222422263749, 0.1199156081756489745 ) ) ;
#2165 = CARTESIAN_POINT ( 'NONE',  ( 0.2812499999999997780, -0.1418850334730739349, 0.1357566014369328278 ) ) ;
#2166 = CARTESIAN_POINT ( 'NONE',  ( 1.468542657201166138E-17, -0.03819444444333289224, 0.1199156081756489745 ) ) ;
#2167 = CC_DESIGN_DATE_AND_TIME_ASSIGNMENT ( #1440, #2205, ( #563 ) ) ;
#2168 = DIRECTION ( 'NONE',  ( -0.000000000000000000, -1.000000000000000000, -1.365805589135462294E-15 ) ) ;
#2169 = EDGE_LOOP ( 'NONE', ( #340, #2332, #2392 ) ) ;
#2170 = CARTESIAN_POINT ( 'NONE',  ( -0.08479313971111035464, -0.1215277777772773432, -0.08479313971111024362 ) ) ;
#2171 = CARTESIAN_POINT ( 'NONE',  ( -0.02725443065233965068, 0.004909852975920665601, 0.1240197484398654210 ) ) ;
#2172 = CARTESIAN_POINT ( 'NONE',  ( -0.1199156081756488773, -0.2222222222225829213, -0.04967067124657172789 ) ) ;
#2173 = VERTEX_POINT ( 'NONE', #449 ) ;
#2174 = CARTESIAN_POINT ( 'NONE',  ( -0.2812500000000000555, 0.1562499999999999722, 0.1623797632095823340 ) ) ;
#2175 = DIRECTION ( 'NONE',  ( 0.000000000000000000, -1.000000000000000000, -1.365805589135462294E-15 ) ) ;
#2176 = CARTESIAN_POINT ( 'NONE',  ( -3.894549071584535268E-17, -0.2621527777782214907, -0.1590070326520295618 ) ) ;
#2177 = ORIENTED_EDGE ( 'NONE', *, *, #1597, .F. ) ;
#2178 = PERSON_AND_ORGANIZATION_ROLE ( 'creator' ) ;
#2179 = CARTESIAN_POINT ( 'NONE',  ( -0.1199156081756488773, -0.05555555555458288608, -0.04967067124657172789 ) ) ;
#2180 = CARTESIAN_POINT ( 'NONE',  ( -0.04482769952716876560, -0.1329708930421002189, 0.1464257698064948821 ) ) ;
#2181 = ORIENTED_EDGE ( 'NONE', *, *, #1730, .F. ) ;
#2182 = CIRCLE ( 'NONE', #992, 0.2812499999999999445 ) ;
#2183 = CARTESIAN_POINT ( 'NONE',  ( -0.1199156081756488773, -0.1180555555550273500, -0.04967067124657172789 ) ) ;
#2184 = CYLINDRICAL_SURFACE ( 'NONE', #674, 0.1747199999999999309 ) ;
#2185 = MANIFOLD_SOLID_BREP ( 'Revolve1', #1584 ) ;
#2186 = DIRECTION ( 'NONE',  ( 0.000000000000000000, 1.000000000000000000, 0.000000000000000000 ) ) ;
#2187 = CARTESIAN_POINT ( 'NONE',  ( 0.1406249999999999722, 0.05468749999999992367, 0.2435696448143735704 ) ) ;
#2188 = CONICAL_SURFACE ( 'NONE', #955, 0.2812499999999999445, 1.134464013796318893 ) ;
#2189 = ADVANCED_FACE ( 'NONE', ( #302 ), #591, .T. ) ;
#2190 = CARTESIAN_POINT ( 'NONE',  ( 0.000000000000000000, 19685.03937007874265, 0.000000000000000000 ) ) ;
#2191 = CARTESIAN_POINT ( 'NONE',  ( 0.1199156081756489051, 0.07986111111322266587, 6.907524698078900663E-17 ) ) ;
#2192 = CARTESIAN_POINT ( 'NONE',  ( -0.1124349510446009531, -0.2031250000003887168, -0.1124349510446008282 ) ) ;
#2193 = CARTESIAN_POINT ( 'NONE',  ( 0.000000000000000000, 19685.03937007874265, -0.1559999999999997777 ) ) ;
#2194 = CIRCLE ( 'NONE', #2068, 0.2812500000000001110 ) ;
#2195 = DIRECTION ( 'NONE',  ( 0.000000000000000000, 0.000000000000000000, -1.000000000000000000 ) ) ;
#2196 = VERTEX_POINT ( 'NONE', #54 ) ;
#2197 = CARTESIAN_POINT ( 'NONE',  ( 0.1199156081756489051, -0.1944444444445273812, -0.04967067124657170707 ) ) ;
#2198 = CARTESIAN_POINT ( 'NONE',  ( -0.1165317137998981428, -0.001396891824351134161, 0.02828626456417286661 ) ) ;
#2199 = CARTESIAN_POINT ( 'NONE',  ( -0.1381240583925096022, -0.1269878995278228007, 0.05046718342950141240 ) ) ;
#2200 = CARTESIAN_POINT ( 'NONE',  ( 0.000000000000000000, 0.1502499999999998836, -0.1796874999999998890 ) ) ;
#2201 = FACE_OUTER_BOUND ( 'NONE', #2485, .T. ) ;
#2202 = EDGE_CURVE ( 'NONE', #1751, #192, #1480, .T. ) ;
#2203 = CARTESIAN_POINT ( 'NONE',  ( -0.08479313971111034076, 0.003472222223722660258, 0.08479313971111042403 ) ) ;
#2204 = DIRECTION ( 'NONE',  ( 0.000000000000000000, 0.000000000000000000, 1.000000000000000000 ) ) ;
#2205 = DATE_TIME_ROLE ( 'creation_date' ) ;
#2206 = CARTESIAN_POINT ( 'NONE',  ( 0.000000000000000000, 19685.03937007874265, 0.000000000000000000 ) ) ;
#2207 = VERTEX_POINT ( 'NONE', #264 ) ;
#2208 = AXIS2_PLACEMENT_3D ( 'NONE', #1871, #1240, #877 ) ;
#2209 = CARTESIAN_POINT ( 'NONE',  ( -0.2812500000000000555, -0.1562500000000000278, 0.02715792923785391097 ) ) ;
#2210 = CARTESIAN_POINT ( 'NONE',  ( 0.2812499999999997780, 0.03439867462804650083, 0.1623797632095827226 ) ) ;
#2211 = CARTESIAN_POINT ( 'NONE',  ( -0.06697419459054861079, -0.1125787034962678068, 0.1145275909638808626 ) ) ;
#2212 = DIRECTION ( 'NONE',  ( 0.000000000000000000, 0.000000000000000000, 1.000000000000000000 ) ) ;
#2213 = FACE_OUTER_BOUND ( 'NONE', #949, .T. ) ;
#2214 = CARTESIAN_POINT ( 'NONE',  ( 0.1199156081756489051, 0.02777777777947265658, -0.04967067124657170707 ) ) ;
#2215 = CARTESIAN_POINT ( 'NONE',  ( -0.1590070326520295896, -0.1371527777776387069, 0.06586286943717239994 ) ) ;
#2216 =( NAMED_UNIT ( * ) SI_UNIT ( $, .STERADIAN. ) SOLID_ANGLE_UNIT ( ) );
#2217 = DIRECTION ( 'NONE',  ( -0.000000000000000000, -1.000000000000000000, -0.000000000000000000 ) ) ;
#2218 = ORIENTED_EDGE ( 'NONE', *, *, #396, .T. ) ;
#2219 = B_SPLINE_CURVE_WITH_KNOTS ( 'NONE', 3,
 ( #2098, #1770, #1397, #628, #1953, #381, #1995, #1368, #1004, #2198 ),
 .UNSPECIFIED., .F., .F.,
 ( 4, 2, 2, 2, 4 ),
 ( 3.752960362240693218E-15, 0.0006019480622079751439, 0.001203896124412197430, 0.001805844186616419825, 0.002407792248820642654 ),
 .UNSPECIFIED. ) ;
#2220 = EDGE_CURVE ( 'NONE', #2142, #2433, #965, .T. ) ;
#2221 = CARTESIAN_POINT ( 'NONE',  ( 0.1559999999999998610, 1.639842875172858788E-12, 0.06461731573020283725 ) ) ;
#2222 = EDGE_LOOP ( 'NONE', ( #2418, #211, #731 ) ) ;
#2223 = CARTESIAN_POINT ( 'NONE',  ( 0.1640483488951209601, -0.1562499999999999722, 0.2300461680244528795 ) ) ;
#2224 = ADVANCED_BREP_SHAPE_REPRESENTATION ( '90098A115_Extra-Wide Thin Nylon-Insert Locknut_90098A115_sldprt', ( #2185, #1328, #1239 ), #245 ) ;
#2225 = CARTESIAN_POINT ( 'NONE',  ( -0.07594589048875050041, -0.1141099121767654850, 0.1106574309946896095 ) ) ;
#2226 = FACE_OUTER_BOUND ( 'NONE', #1129, .T. ) ;
#2227 = CARTESIAN_POINT ( 'NONE',  ( 0.1406249999999999445, 0.05468749999999992367, -0.2435696448143734039 ) ) ;
#2228 = CARTESIAN_POINT ( 'NONE',  ( 0.06586286943717226117, -0.1545138888884715067, -0.1590070326520295618 ) ) ;
#2229 = CARTESIAN_POINT ( 'NONE',  ( -0.2812499999999999445, -0.1359611746280462719, 0.1623797632095824728 ) ) ;
#2230 = CALENDAR_DATE ( 2026, 22, 8 ) ;
#2231 = CARTESIAN_POINT ( 'NONE',  ( 2.155378366499340570E-17, -0.1562500000000001110, 0.1759999999999999898 ) ) ;
#2232 = EDGE_CURVE ( 'NONE', #801, #495, #2396, .T. ) ;
#2233 = EDGE_LOOP ( 'NONE', ( #1394, #205, #414 ) ) ;
#2234 = CARTESIAN_POINT ( 'NONE',  ( 0.009289710630101619820, -0.1309922867832936655, 0.1507422867832923230 ) ) ;
#2235 = EDGE_CURVE ( 'NONE', #2031, #801, #444, .T. ) ;
#2236 = ORIENTED_EDGE ( 'NONE', *, *, #757, .T. ) ;
#2237 = CARTESIAN_POINT ( 'NONE',  ( 0.007468651106036000922, -0.1001656081756493594, 0.1196827988258633846 ) ) ;
#2238 = VECTOR ( 'NONE', #901, 39.37007874015748854 ) ;
#2239 = CARTESIAN_POINT ( 'NONE',  ( -2.937085314402332276E-17, 0.04513888889066711152, -0.1199156081756488357 ) ) ;
#2240 = CARTESIAN_POINT ( 'NONE',  ( 0.1103086578651013144, -0.1006944444436101427, -0.1103086578651012450 ) ) ;
#2241 = CARTESIAN_POINT ( 'NONE',  ( 0.1356390558723386264, 0.01447084012381381728, 0.01087449457834953163 ) ) ;
#2242 = CARTESIAN_POINT ( 'NONE',  ( 0.06586286943717226117, -0.1753472222219714938, 0.1590070326520296728 ) ) ;
#2243 = AXIS2_PLACEMENT_3D ( 'NONE', #834, #1646, #221 ) ;
#2244 = CARTESIAN_POINT ( 'NONE',  ( -3.894549071584535268E-17, -0.1545138888888887285, -0.1590070326520295618 ) ) ;
#2245 = CARTESIAN_POINT ( 'NONE',  ( -0.1406250000000000833, -0.1562499999999999722, -0.2435696448143734316 ) ) ;
#2246 = ORIENTED_EDGE ( 'NONE', *, *, #215, .T. ) ;
#2247 = CARTESIAN_POINT ( 'NONE',  ( 0.2812499999999997780, 0.05468749999999992367, 0.000000000000000000 ) ) ;
#2248 = VERTEX_POINT ( 'NONE', #499 ) ;
#2249 = CARTESIAN_POINT ( 'NONE',  ( 0.000000000000000000, -0.1562499999999999722, 0.000000000000000000 ) ) ;
#2250 = CARTESIAN_POINT ( 'NONE',  ( 0.08479313971111035464, -0.03124999999883289539, 0.08479313971111039627 ) ) ;
#2251 = CARTESIAN_POINT ( 'NONE',  ( 0.000000000000000000, -0.1562499999999999722, 0.2812500000000001110 ) ) ;
#2252 = B_SPLINE_CURVE_WITH_KNOTS ( 'NONE', 3,
 ( #146, #2137, #1331, #1565, #1178, #2111 ),
 .UNSPECIFIED., .F., .F.,
 ( 4, 2, 4 ),
 ( 2.339748128062991414E-07, 0.002074917561849725506, 0.004149601148886645358 ),
 .UNSPECIFIED. ) ;
#2253 = CARTESIAN_POINT ( 'NONE',  ( 0.009002197963687058949, 0.006468110068262001092, 0.1277806100682621626 ) ) ;
#2254 = CARTESIAN_POINT ( 'NONE',  ( -0.06586286943717220566, -0.01562499999847151606, 0.1590070326520297284 ) ) ;
#2255 = CARTESIAN_POINT ( 'NONE',  ( -0.1124349510446009531, 0.01909722222361128971, -0.1124349510446008282 ) ) ;
#2256 = PERSON_AND_ORGANIZATION ( #4, #1286 ) ;
#2257 = B_SPLINE_CURVE_WITH_KNOTS ( 'NONE', 3,
 ( #1148, #333, #1896, #2087, #1550, #124 ),
 .UNSPECIFIED., .F., .F.,
 ( 4, 2, 4 ),
 ( 0.004149601148886652296, 0.006206140113828778615, 0.008262679078770904934 ),
 .UNSPECIFIED. ) ;
#2258 = DIRECTION ( 'NONE',  ( -0.000000000000000000, -1.000000000000000000, -0.000000000000000000 ) ) ;
#2259 = VERTEX_POINT ( 'NONE', #1662 ) ;
#2260 = CARTESIAN_POINT ( 'NONE',  ( 1.468542657201166138E-17, -0.09374999999933289474, 0.1199156081756489745 ) ) ;
#2261 = ORIENTED_EDGE ( 'NONE', *, *, #2401, .T. ) ;
#2262 = CARTESIAN_POINT ( 'NONE',  ( 2.155378366499341186E-17, 0.05468749999999975020, -0.1759999999999998788 ) ) ;
#2263 = CARTESIAN_POINT ( 'NONE',  ( 0.04967067124657179034, -0.01388888888758288247, -0.1199156081756488357 ) ) ;
#2264 = CARTESIAN_POINT ( 'NONE',  ( -3.073328992872296367E-16, 0.03439867462804650083, 0.3247595264191645570 ) ) ;
#2265 = CARTESIAN_POINT ( 'NONE',  ( 0.000000000000000000, 0.03439867462804650083, -0.3247595264191645570 ) ) ;
#2266 = CARTESIAN_POINT ( 'NONE',  ( 1.947274535792267634E-17, 0.04340277777977847445, 0.1590070326520297006 ) ) ;
#2267 = ADVANCED_FACE ( 'NONE', ( #69 ), #859, .F. ) ;
#2268 = CARTESIAN_POINT ( 'NONE',  ( -0.1124349510446009115, -0.02256944444338871911, 0.1124349510446010225 ) ) ;
#2269 = PERSON_AND_ORGANIZATION_ROLE ( 'classification_officer' ) ;
#2270 = CARTESIAN_POINT ( 'NONE',  ( -0.1552576559419107660, -0.1362500000000625155, -0.01520066680914638514 ) ) ;
#2271 = DIRECTION ( 'NONE',  ( 8.659560562354947649E-17, 0.7071067811865462405, -0.7071067811865486830 ) ) ;
#2272 = ORIENTED_EDGE ( 'NONE', *, *, #1626, .F. ) ;
#2273 = FACE_OUTER_BOUND ( 'NONE', #1251, .T. ) ;
#2274 = ORIENTED_EDGE ( 'NONE', *, *, #327, .T. ) ;
#2275 = DIRECTION ( 'NONE',  ( 0.000000000000000000, 0.000000000000000000, -1.000000000000000000 ) ) ;
#2276 = CARTESIAN_POINT ( 'NONE',  ( 0.1199156081756489051, -0.1388888888885829176, 0.04967067124657185279 ) ) ;
#2277 = AXIS2_PLACEMENT_3D ( 'NONE', #122, #2333, #1134 ) ;
#2278 = CIRCLE ( 'NONE', #2353, 0.1747199999999999032 ) ;
#2279 = CARTESIAN_POINT ( 'NONE',  ( -0.04967067124657185972, -0.06249999999908288639, -0.1199156081756488357 ) ) ;
#2280 = CARTESIAN_POINT ( 'NONE',  ( 0.000000000000000000, -0.1359611746280462719, 0.000000000000000000 ) ) ;
#2281 = DIRECTION ( 'NONE',  ( -0.8660254037844385966, 0.000000000000000000, -0.5000000000000000000 ) ) ;
#2282 = CARTESIAN_POINT ( 'NONE',  ( 0.1590070326520296173, -0.1649305555552215141, 6.668158758783350223E-17 ) ) ;
#2283 = CARTESIAN_POINT ( 'NONE',  ( -0.1590070326520296173, -0.02951388888788872983, 1.056270783036788549E-16 ) ) ;
#2284 = CARTESIAN_POINT ( 'NONE',  ( -0.08479313971111035464, -0.2326388888892773343, -0.08479313971111024362 ) ) ;
#2285 = VERTEX_POINT ( 'NONE', #681 ) ;
#2286 = CARTESIAN_POINT ( 'NONE',  ( 0.2812499999999997780, 0.05281767548146675678, -0.05431064628296212310 ) ) ;
#2287 = ORIENTED_EDGE ( 'NONE', *, *, #1062, .T. ) ;
#2288 = CARTESIAN_POINT ( 'NONE',  ( -2.937085314402332276E-17, -0.1770833333333328985, -0.1199156081756488357 ) ) ;
#2289 = CYLINDRICAL_SURFACE ( 'NONE', #1167, 0.1559999999999997777 ) ;
#2290 = CARTESIAN_POINT ( 'NONE',  ( 0.009305985689398237407, -0.1140792513199298808, -0.1338292513199303702 ) ) ;
#2291 = CARTESIAN_POINT ( 'NONE',  ( 0.1559999999999998610, 1.249906267610709298E-12, -0.06461731573020269848 ) ) ;
#2292 = CARTESIAN_POINT ( 'NONE',  ( 0.1590070326520296451, 0.05729166666836127408, -0.06586286943717217790 ) ) ;
#2293 = CARTESIAN_POINT ( 'NONE',  ( -0.08479313971111034076, -0.05208333333227734008, 0.08479313971111042403 ) ) ;
#2294 = CARTESIAN_POINT ( 'NONE',  ( 0.1169949894168964694, -0.1562499999999999722, 0.2572124377854820843 ) ) ;
#2295 = ORIENTED_EDGE ( 'NONE', *, *, #1755, .F. ) ;
#2296 = CARTESIAN_POINT ( 'NONE',  ( -0.04661204628097886243, -0.1473429292307187333, -0.2978480489513621876 ) ) ;
#2297 = VERTEX_POINT ( 'NONE', #248 ) ;
#2298 = EDGE_CURVE ( 'NONE', #2142, #1669, #2194, .T. ) ;
#2299 = CARTESIAN_POINT ( 'NONE',  ( -0.06461731573020287889, -0.09722222222175011530, -0.1559999999999997500 ) ) ;
#2300 = EDGE_LOOP ( 'NONE', ( #1518, #153, #2095, #653, #743, #973, #433, #1739 ) ) ;
#2301 = CARTESIAN_POINT ( 'NONE',  ( 0.09362787878657279073, -0.1543885707331093260, -0.2707034453980831090 ) ) ;
#2302 = CC_DESIGN_APPROVAL ( #341, ( #1035 ) ) ;
#2303 = CARTESIAN_POINT ( 'NONE',  ( 0.1103086578651013144, -0.01041666666550009578, 0.1103086578651013699 ) ) ;
#2304 = CARTESIAN_POINT ( 'NONE',  ( 0.1199156081756489051, 0.02777777777947265658, -0.04967067124657170707 ) ) ;
#2305 = CARTESIAN_POINT ( 'NONE',  ( -0.08479313971111035464, -0.1770833333332773318, -0.08479313971111024362 ) ) ;
#2306 = CARTESIAN_POINT ( 'NONE',  ( 0.06461731573020278174, -0.04861111111025009923, -0.1559999999999997777 ) ) ;
#2307 = ORIENTED_EDGE ( 'NONE', *, *, #1484, .T. ) ;
#2308 = CARTESIAN_POINT ( 'NONE',  ( -0.06586286943717220566, 0.1475694444468612643, 0.1590070326520297284 ) ) ;
#2309 = EDGE_CURVE ( 'NONE', #2173, #873, #346, .T. ) ;
#2310 = CARTESIAN_POINT ( 'NONE',  ( -0.2580967541911887153, -0.1421945574968482562, -0.1757472959099131704 ) ) ;
#2311 = EDGE_LOOP ( 'NONE', ( #1120, #752, #1091, #1658 ) ) ;
#2312 = B_SPLINE_CURVE_WITH_KNOTS ( 'NONE', 3,
 ( #587, #1741, #1783, #754, #2524, #1393, #2141, #2320, #2343, #2117 ),
 .UNSPECIFIED., .F., .F.,
 ( 4, 2, 2, 2, 4 ),
 ( 0.0001897273175055511421, 0.0007442435503341026260, 0.001298759783162654110, 0.001853276015991205594, 0.002407792248819757078 ),
 .UNSPECIFIED. ) ;
#2313 = CARTESIAN_POINT ( 'NONE',  ( 0.1240982812797966212, -0.1198138409242837099, -0.06452790685822454297 ) ) ;
#2314 = CARTESIAN_POINT ( 'NONE',  ( 0.04967067124657179034, 0.02083333333491711389, 0.1199156081756489745 ) ) ;
#2315 = CARTESIAN_POINT ( 'NONE',  ( 0.1124349510446009254, 0.05034722222427848171, 0.1124349510446009809 ) ) ;
#2316 = CARTESIAN_POINT ( 'NONE',  ( 0.08479313971111035464, -0.02430555555427735617, -0.08479313971111028525 ) ) ;
#2317 = CARTESIAN_POINT ( 'NONE',  ( 0.08479313971111035464, -0.1493055555552773583, 0.08479313971111039627 ) ) ;
#2318 = ORIENTED_EDGE ( 'NONE', *, *, #586, .F. ) ;
#2319 = DIRECTION ( 'NONE',  ( 0.000000000000000000, 1.368112977596286306E-15, -1.000000000000000000 ) ) ;
#2320 = CARTESIAN_POINT ( 'NONE',  ( -0.06806324821709043571, -0.1001656081756492206, 0.09898910697836772743 ) ) ;
#2321 = ORIENTED_EDGE ( 'NONE', *, *, #1972, .T. ) ;
#2322 = CC_DESIGN_PERSON_AND_ORGANIZATION_ASSIGNMENT ( #270, #420, ( #1615 ) ) ;
#2323 = FACE_OUTER_BOUND ( 'NONE', #2222, .T. ) ;
#2324 = CARTESIAN_POINT ( 'NONE',  ( 0.1422524817158850319, -0.1231319338149698961, 0.01633230595364737123 ) ) ;
#2325 = CARTESIAN_POINT ( 'NONE',  ( 0.06586286943717226117, 0.06770833333552848943, -0.1590070326520295618 ) ) ;
#2326 = CARTESIAN_POINT ( 'NONE',  ( 0.08479313971111035464, 0.01736111111272265264, 0.08479313971111039627 ) ) ;
#2327 = CARTESIAN_POINT ( 'NONE',  ( 1.468542657201166138E-17, -0.1006944444437773423, 0.1199156081756489745 ) ) ;
#2328 = CIRCLE ( 'NONE', #1227, 0.1015625000000000416 ) ;
#2329 = FACE_BOUND ( 'NONE', #1784, .T. ) ;
#2330 = CARTESIAN_POINT ( 'NONE',  ( 0.000000000000000000, 0.1502499999999996061, -1.447813128331928008E-16 ) ) ;
#2331 = CARTESIAN_POINT ( 'NONE',  ( -0.09790323551404683800, -0.1013090816492511342, 0.07235481897701802334 ) ) ;
#2332 = ORIENTED_EDGE ( 'NONE', *, *, #552, .T. ) ;
#2333 = DIRECTION ( 'NONE',  ( -0.000000000000000000, -1.000000000000000000, -0.000000000000000000 ) ) ;
#2334 = ORIENTED_EDGE ( 'NONE', *, *, #2079, .T. ) ;
#2335 = CARTESIAN_POINT ( 'NONE',  ( 0.1103086578651013144, -0.1215277777775000956, 0.1103086578651013699 ) ) ;
#2336 = CARTESIAN_POINT ( 'NONE',  ( 0.1199156081756489051, -0.02777777777658288830, 0.04967067124657185279 ) ) ;
#2337 = DIRECTION ( 'NONE',  ( 0.000000000000000000, 1.368112977596286109E-15, -1.000000000000000000 ) ) ;
#2338 = CARTESIAN_POINT ( 'NONE',  ( -0.1199156081756489051, -0.003472222220777352632, 9.844610012481234172E-17 ) ) ;
#2339 = ADVANCED_FACE ( 'NONE', ( #585 ), #1045, .F. ) ;
#2340 = CARTESIAN_POINT ( 'NONE',  ( 0.1199156081756489051, -0.1944444444445273812, -0.04967067124657170707 ) ) ;
#2341 = CARTESIAN_POINT ( 'NONE',  ( 0.04967067124657179034, -0.04166666666552733961, 0.1199156081756489745 ) ) ;
#2342 = DIRECTION ( 'NONE',  ( -0.000000000000000000, -1.000000000000000000, -0.000000000000000000 ) ) ;
#2343 = CARTESIAN_POINT ( 'NONE',  ( -0.07388198628632845766, -0.1001656081756492900, 0.09473299532672410650 ) ) ;
#2344 = ORIENTED_EDGE ( 'NONE', *, *, #1601, .F. ) ;
#2345 = CARTESIAN_POINT ( 'NONE',  ( 0.08479313971111035464, -0.2048611111112773608, 0.08479313971111039627 ) ) ;
#2346 = CARTESIAN_POINT ( 'NONE',  ( 1.483865928359867344E-17, -0.1014168482204827471, 0.1211668482204823066 ) ) ;
#2347 = CONICAL_SURFACE ( 'NONE', #503, 0.3247595264191645570, 1.134464013796312454 ) ;
#2348 = CARTESIAN_POINT ( 'NONE',  ( 0.1103086578651013144, -0.04513888888761015405, -0.1103086578651012450 ) ) ;
#2349 = CARTESIAN_POINT ( 'NONE',  ( 0.04967067124657179034, 0.1319444444469170807, 0.1199156081756489745 ) ) ;
#2350 = DIRECTION ( 'NONE',  ( 0.000000000000000000, 0.000000000000000000, 1.000000000000000000 ) ) ;
#2351 = CARTESIAN_POINT ( 'NONE',  ( -0.04967067124657176952, 0.1180555555579726607, 0.1199156081756490300 ) ) ;
#2352 = CARTESIAN_POINT ( 'NONE',  ( 0.1199156081756489051, -0.1423611111107773441, 6.907524698078900663E-17 ) ) ;
#2353 = AXIS2_PLACEMENT_3D ( 'NONE', #344, #1906, #749 ) ;
#2354 = CARTESIAN_POINT ( 'NONE',  ( 0.04967067124657179034, -0.07638888888802734811, -0.1199156081756488218 ) ) ;
#2355 = DIRECTION ( 'NONE',  ( 0.000000000000000000, 0.000000000000000000, 1.000000000000000000 ) ) ;
#2356 = CARTESIAN_POINT ( 'NONE',  ( -0.1199156081756488634, -0.1041666666660829160, 0.04967067124657192217 ) ) ;
#2357 = EDGE_CURVE ( 'NONE', #192, #1893, #2028, .T. ) ;
#2358 = CARTESIAN_POINT ( 'NONE',  ( 0.1559999999999998610, -0.05902777777700008582, 6.686571523344549729E-17 ) ) ;
#2359 = ORIENTED_EDGE ( 'NONE', *, *, #1234, .T. ) ;
#2360 = CARTESIAN_POINT ( 'NONE',  ( -0.1199156081756488634, -0.2222222222225272992, 0.04967067124657192217 ) ) ;
#2361 = CARTESIAN_POINT ( 'NONE',  ( 0.000000000000000000, 0.2062499999999998501, -6.829619984160658046E-17 ) ) ;
#2362 = CARTESIAN_POINT ( 'NONE',  ( 0.1199156081756489051, -0.1388888888885829176, 0.04967067124657185279 ) ) ;
#2363 = EDGE_LOOP ( 'NONE', ( #104, #90, #1610, #1700, #164, #1210, #961, #386, #1864, #1702, #1009, #398 ) ) ;
#2364 = CARTESIAN_POINT ( 'NONE',  ( 0.000000000000000000, 0.05768750000000003042, -0.2722013714261271033 ) ) ;
#2365 = CARTESIAN_POINT ( 'NONE',  ( -0.08479313971111035464, 0.1006944444467226668, -0.08479313971111024362 ) ) ;
#2366 = CARTESIAN_POINT ( 'NONE',  ( -0.04967067124657176952, 0.1180555555579726607, 0.1199156081756490300 ) ) ;
#2367 = CARTESIAN_POINT ( 'NONE',  ( 0.08479313971111035464, -0.07291666666583287992, -0.08479313971111028525 ) ) ;
#2368 = AXIS2_PLACEMENT_3D ( 'NONE', #1845, #1268, #2281 ) ;
#2369 = CARTESIAN_POINT ( 'NONE',  ( -0.03152733263231629474, -0.1123802313981528689, -0.1284709527758651215 ) ) ;
#2370 = EDGE_LOOP ( 'NONE', ( #68, #326, #2318 ) ) ;
#2371 = CARTESIAN_POINT ( 'NONE',  ( 0.1199156081756489051, -0.1458333333330273651, 0.04967067124657185279 ) ) ;
#2372 = EDGE_CURVE ( 'NONE', #2196, #1994, #2109, .T. ) ;
#2373 = CARTESIAN_POINT ( 'NONE',  ( -0.1244772427124383046, 0.02083616026429182394, 0.06935135210610936241 ) ) ;
#2374 = CARTESIAN_POINT ( 'NONE',  ( 2.139702887470254533E-17, 0.1502499999999993840, 0.1747199999999997644 ) ) ;
#2375 = ORIENTED_EDGE ( 'NONE', *, *, #55, .T. ) ;
#2376 = CARTESIAN_POINT ( 'NONE',  ( 0.2812499999999997780, 0.1562499999999999722, 0.1623797632095825838 ) ) ;
#2377 = DIRECTION ( 'NONE',  ( 0.000000000000000000, 1.000000000000000000, 0.000000000000000000 ) ) ;
#2378 = CARTESIAN_POINT ( 'NONE',  ( 0.04967067124657179034, 0.01388888889047266290, 0.1199156081756489745 ) ) ;
#2379 = CARTESIAN_POINT ( 'NONE',  ( -0.04967067124657176258, -0.04861111111002735380, 0.1199156081756490300 ) ) ;
#2380 = CARTESIAN_POINT ( 'NONE',  ( -0.01281407950782401453, -0.1131892669582169747, -0.1324743840630520364 ) ) ;
#2381 = VERTEX_POINT ( 'NONE', #151 ) ;
#2382 = CARTESIAN_POINT ( 'NONE',  ( 0.04967067124657179034, -0.1319444444440273367, -0.1199156081756488357 ) ) ;
#2383 = CARTESIAN_POINT ( 'NONE',  ( -0.1277115658293858924, 0.01931197904048694014, 0.05968260839131534629 ) ) ;
#2384 = EDGE_CURVE ( 'NONE', #755, #910, #1499, .T. ) ;
#2385 = CARTESIAN_POINT ( 'NONE',  ( -0.08479313971111035464, -0.1701388888888328843, -0.08479313971111024362 ) ) ;
#2386 = CARTESIAN_POINT ( 'NONE',  ( 0.09362787878657283236, 0.05282607073310913864, 0.2707034453980832200 ) ) ;
#2387 = CARTESIAN_POINT ( 'NONE',  ( 0.000000000000000000, 0.05468749999999975020, -9.318796737261914165E-17 ) ) ;
#2388 = CARTESIAN_POINT ( 'NONE',  ( 1.468542657201166138E-17, 0.1215277777802226677, 0.1199156081756489745 ) ) ;
#2389 = CARTESIAN_POINT ( 'NONE',  ( 0.1124349510446009254, -0.1197916666663887270, 0.1124349510446009809 ) ) ;
#2390 = COORDINATED_UNIVERSAL_TIME_OFFSET ( 8, 0, .BEHIND. ) ;
#2391 = CARTESIAN_POINT ( 'NONE',  ( 1.850062732001777264E-17, -0.1313190864737382169, 0.1510690864737379291 ) ) ;
#2392 = ORIENTED_EDGE ( 'NONE', *, *, #2079, .F. ) ;
#2393 = CARTESIAN_POINT ( 'NONE',  ( 0.000000000000000000, 0.1562499999999999722, 0.000000000000000000 ) ) ;
#2394 = CARTESIAN_POINT ( 'NONE',  ( -0.08605965500208966057, 0.001771784686897480941, 0.08907939166680513277 ) ) ;
#2395 = VECTOR ( 'NONE', #2442, 39.37007874015748143 ) ;
#2396 = B_SPLINE_CURVE_WITH_KNOTS ( 'NONE', 3,
 ( #2237, #461, #2032, #474 ),
 .UNSPECIFIED., .F., .F.,
 ( 4, 4 ),
 ( 0.000000000000000000, 0.0001897273175055511421 ),
 .UNSPECIFIED. ) ;
#2397 = CARTESIAN_POINT ( 'NONE',  ( -0.04967067124657185972, -0.2291666666670829078, -0.1199156081756488357 ) ) ;
#2398 = CARTESIAN_POINT ( 'NONE',  ( -1.803159890764987132E-15, 0.006092604150847213788, 0.1274051041508472981 ) ) ;
#2399 = DIRECTION ( 'NONE',  ( 0.000000000000000000, 0.000000000000000000, 1.000000000000000000 ) ) ;
#2400 = CARTESIAN_POINT ( 'NONE',  ( 0.08479313971111035464, 0.01736111111272265264, 0.08479313971111039627 ) ) ;
#2401 = EDGE_CURVE ( 'NONE', #1669, #755, #1323, .T. ) ;
#2402 = CARTESIAN_POINT ( 'NONE',  ( -0.1590070326520295896, -0.1927083333336387094, 0.06586286943717239994 ) ) ;
#2403 = LENGTH_MEASURE_WITH_UNIT ( LENGTH_MEASURE( 0.02539999999999999897 ), #219 );
#2404 = CARTESIAN_POINT ( 'NONE',  ( 0.2812499999999997780, -0.1421861313580361774, -0.1356808376349114553 ) ) ;
#2405 = ORIENTED_EDGE ( 'NONE', *, *, #490, .T. ) ;
#2406 = CIRCLE ( 'NONE', #1842, 0.2812500000000001110 ) ;
#2407 = CARTESIAN_POINT ( 'NONE',  ( -3.820898013339737860E-17, 0.01736111111288985917, -0.1559999999999997777 ) ) ;
#2408 = AXIS2_PLACEMENT_3D ( 'NONE', #1634, #1001, #259 ) ;
#2409 = CARTESIAN_POINT ( 'NONE',  ( 1.468542657201166138E-17, -0.1493055555553328972, 0.1199156081756489745 ) ) ;
#2410 = DIRECTION ( 'NONE',  ( -0.000000000000000000, -1.000000000000000000, -0.000000000000000000 ) ) ;
#2411 = EDGE_CURVE ( 'NONE', #1177, #2420, #745, .T. ) ;
#2412 = CARTESIAN_POINT ( 'NONE',  ( 0.06792230091778421464, 0.02090336569786556062, -0.1252650602822951709 ) ) ;
#2413 = CARTESIAN_POINT ( 'NONE',  ( -0.06586286943717235831, -0.03645833333197152221, -0.1590070326520295341 ) ) ;
#2414 = CARTESIAN_POINT ( 'NONE',  ( -0.1590070326520296173, -0.08506944444388872539, 1.056270783036788549E-16 ) ) ;
#2415 = DATE_AND_TIME ( #638, #2503 ) ;
#2416 = EDGE_CURVE ( 'NONE', #495, #2031, #766, .T. ) ;
#2417 = CARTESIAN_POINT ( 'NONE',  ( 0.2812500000000000555, -0.1359611746280462719, -0.1623797632095822785 ) ) ;
#2418 = ORIENTED_EDGE ( 'NONE', *, *, #327, .F. ) ;
#2419 = CARTESIAN_POINT ( 'NONE',  ( 0.09350945255835313441, -0.1274482324591314775, 0.1140582309446786097 ) ) ;
#2420 = VERTEX_POINT ( 'NONE', #1947 ) ;
#2421 = CARTESIAN_POINT ( 'NONE',  ( 2.139702887470254533E-17, 0.2062499999999996003, 0.1747199999999998754 ) ) ;
#2422 = CARTESIAN_POINT ( 'NONE',  ( -0.04967067124657185972, -0.1180555555550828889, -0.1199156081756488357 ) ) ;
#2423 = DIRECTION ( 'NONE',  ( 0.000000000000000000, 0.000000000000000000, -1.000000000000000000 ) ) ;
#2424 = CARTESIAN_POINT ( 'NONE',  ( 0.09068896381862766309, 0.01034463377267115687, 0.09585376966595926529 ) ) ;
#2425 = CARTESIAN_POINT ( 'NONE',  ( -0.06586286943717220566, 0.03993055555752848124, 0.1590070326520297284 ) ) ;
#2426 = CARTESIAN_POINT ( 'NONE',  ( 0.1124349510446009254, -0.1753472222223887156, 0.1124349510446009809 ) ) ;
#2427 = DATE_AND_TIME ( #481, #622 ) ;
#2428 = DIRECTION ( 'NONE',  ( -0.000000000000000000, -1.000000000000000000, -0.000000000000000000 ) ) ;
#2429 = B_SPLINE_CURVE_WITH_KNOTS ( 'NONE', 3,
 ( #468, #1208, #442, #1596, #11, #1992 ),
 .UNSPECIFIED., .F., .F.,
 ( 4, 2, 4 ),
 ( 2.339748127961717243E-07, 0.002074917561849722470, 0.004149601148886648827 ),
 .UNSPECIFIED. ) ;
#2430 = ORIENTED_EDGE ( 'NONE', *, *, #600, .T. ) ;
#2431 = AXIS2_PLACEMENT_3D ( 'NONE', #1704, #367, #537 ) ;
#2432 = DIRECTION ( 'NONE',  ( 0.000000000000000000, 0.000000000000000000, 1.000000000000000000 ) ) ;
#2433 = VERTEX_POINT ( 'NONE', #2522 ) ;
#2434 = DIRECTION ( 'NONE',  ( 0.000000000000000000, 0.000000000000000000, 1.000000000000000000 ) ) ;
#2435 = AXIS2_PLACEMENT_3D ( 'NONE', #632, #1592, #2350 ) ;
#2436 = AXIS2_PLACEMENT_3D ( 'NONE', #1389, #1375, #1960 ) ;
#2437 = CARTESIAN_POINT ( 'NONE',  ( 1.468542657201166138E-17, -0.09374999999933289474, 0.1199156081756489745 ) ) ;
#2438 = CARTESIAN_POINT ( 'NONE',  ( -1.637362499510578950E-16, 0.1562499999999999722, -0.3247595264191645570 ) ) ;
#2439 = CARTESIAN_POINT ( 'NONE',  ( 0.1020939591829544968, 0.01915845062122918316, -0.09689397989657880239 ) ) ;
#2440 = CARTESIAN_POINT ( 'NONE',  ( 0.06586286943717226117, -0.04340277777647150170, -0.1590070326520295618 ) ) ;
#2441 = CARTESIAN_POINT ( 'NONE',  ( 0.1590070326520296173, -0.001736111109888713831, 6.668158758783350223E-17 ) ) ;
#2442 = DIRECTION ( 'NONE',  ( -0.000000000000000000, -1.000000000000000000, -0.000000000000000000 ) ) ;
#2443 = EDGE_LOOP ( 'NONE', ( #1233, #533 ) ) ;
#2444 = DIRECTION ( 'NONE',  ( 1.000000000000000000, 1.672629442992308955E-31, -1.224646799147353207E-16 ) ) ;
#2445 = ORIENTED_EDGE ( 'NONE', *, *, #279, .F. ) ;
#2446 = CARTESIAN_POINT ( 'NONE',  ( -3.551855593202038429E-17, 0.02370300960142045915, -0.1450155096014204281 ) ) ;
#2447 = EDGE_CURVE ( 'NONE', #2285, #394, #286, .T. ) ;
#2448 = VECTOR ( 'NONE', #1778, 39.37007874015748143 ) ;
#2449 = CARTESIAN_POINT ( 'NONE',  ( 0.04967067124657179034, 0.04166666666841713912, -0.1199156081756488357 ) ) ;
#2450 = DIRECTION ( 'NONE',  ( 0.000000000000000000, 1.000000000000000000, 0.000000000000000000 ) ) ;
#2451 = CARTESIAN_POINT ( 'NONE',  ( -3.820898013339737860E-17, -0.1006944444440000946, -0.1559999999999997777 ) ) ;
#2452 = CARTESIAN_POINT ( 'NONE',  ( -3.894549071584535268E-17, 0.01562500000177848708, -0.1590070326520295618 ) ) ;
#2453 = CARTESIAN_POINT ( 'NONE',  ( -0.1124349510446009531, 0.07465277777961129568, -0.1124349510446008282 ) ) ;
#2454 = CARTESIAN_POINT ( 'NONE',  ( -0.1103086578651013283, -0.03124999999861012914, -0.1103086578651012173 ) ) ;
#2455 = CARTESIAN_POINT ( 'NONE',  ( 2.767021299811580642E-17, 0.1472499999999999087, 0.1796874999999998057 ) ) ;
#2456 = VERTEX_POINT ( 'NONE', #1556 ) ;
#2457 = CARTESIAN_POINT ( 'NONE',  ( 0.2812499999999997780, 0.05468749999999992367, 0.000000000000000000 ) ) ;
#2458 = VERTEX_POINT ( 'NONE', #314 ) ;
#2459 = CARTESIAN_POINT ( 'NONE',  ( -0.06461731573020274011, -0.1319444444442501030, 0.1559999999999999443 ) ) ;
#2460 = CARTESIAN_POINT ( 'NONE',  ( -0.08479313971111035464, -0.2256944444448328868, -0.08479313971111024362 ) ) ;
#2461 = CARTESIAN_POINT ( 'NONE',  ( -0.1199156081756489051, 0.05902777777966709827, 9.844610012481234172E-17 ) ) ;
#2462 = CARTESIAN_POINT ( 'NONE',  ( 0.06461731573020278174, -0.09722222222136014946, -0.1559999999999997777 ) ) ;
#2463 = APPROVAL_PERSON_ORGANIZATION ( #2256, #341, #1271 ) ;
#2464 = ADVANCED_FACE ( 'NONE', ( #1764 ), #1697, .T. ) ;
#2465 = PLANE ( 'NONE',  #2368 ) ;
#2466 = CARTESIAN_POINT ( 'NONE',  ( -0.1590070326520295896, -0.08506944444347150358, -0.06586286943717220566 ) ) ;
#2467 = CARTESIAN_POINT ( 'NONE',  ( -0.06586286943717235831, 0.01562500000136126527, -0.1590070326520295341 ) ) ;
#2468 = CARTESIAN_POINT ( 'NONE',  ( -0.1462147284699015226, -0.1297695332819880365, 0.03271887778673668312 ) ) ;
#2469 = CARTESIAN_POINT ( 'NONE',  ( 0.000000000000000000, 0.1562499999999999722, 0.000000000000000000 ) ) ;
#2470 = ORIENTED_EDGE ( 'NONE', *, *, #2411, .F. ) ;
#2471 = CARTESIAN_POINT ( 'NONE',  ( -0.2812500000000000000, 0.05468749999999988898, 0.02715792923785372709 ) ) ;
#2472 = VERTEX_POINT ( 'NONE', #2140 ) ;
#2473 = AXIS2_PLACEMENT_3D ( 'NONE', #794, #959, #779 ) ;
#2474 = CIRCLE ( 'NONE', #1381, 0.2812499999999999445 ) ;
#2475 = CARTESIAN_POINT ( 'NONE',  ( 0.1199156081756489051, 0.08680555555766711340, 6.907524698078900663E-17 ) ) ;
#2476 = CARTESIAN_POINT ( 'NONE',  ( 0.000000000000000000, 0.05468749999999992367, 0.000000000000000000 ) ) ;
#2477 = DIRECTION ( 'NONE',  ( 0.000000000000000000, 0.000000000000000000, -1.000000000000000000 ) ) ;
#2478 = CARTESIAN_POINT ( 'NONE',  ( 0.2347712218916488403, 0.04576097278801709994, -0.1892142982620436398 ) ) ;
#2479 = CARTESIAN_POINT ( 'NONE',  ( 0.06586286943717226117, 0.09895833333536127596, 0.1590070326520296728 ) ) ;
#2480 = CARTESIAN_POINT ( 'NONE',  ( 0.1199156081756489051, -0.03472222222102734623, 0.04967067124657185279 ) ) ;
#2481 = ADVANCED_FACE ( 'NONE', ( #1165 ), #371, .T. ) ;
#2482 = DIRECTION ( 'NONE',  ( 0.000000000000000000, -1.000000000000000000, 0.000000000000000000 ) ) ;
#2483 = ORIENTED_EDGE ( 'NONE', *, *, #2528, .F. ) ;
#2484 = DIRECTION ( 'NONE',  ( 0.000000000000000000, 0.000000000000000000, -1.000000000000000000 ) ) ;
#2485 = EDGE_LOOP ( 'NONE', ( #988, #107, #1545 ) ) ;
#2486 = CARTESIAN_POINT ( 'NONE',  ( 0.08479313971111035464, -0.1979166666668328856, 0.08479313971111039627 ) ) ;
#2487 = CARTESIAN_POINT ( 'NONE',  ( -0.2812500000000001110, -0.1473501428686793957, -0.1085267674091030393 ) ) ;
#2488 = AXIS2_PLACEMENT_3D ( 'NONE', #1113, #1308, #2477 ) ;
#2489 = ORIENTED_EDGE ( 'NONE', *, *, #2107, .F. ) ;
#2490 = DIRECTION ( 'NONE',  ( 0.000000000000000000, 0.000000000000000000, -1.000000000000000000 ) ) ;
#2491 = DIRECTION ( 'NONE',  ( 0.000000000000000000, 1.000000000000000000, 0.000000000000000000 ) ) ;
#2492 = CARTESIAN_POINT ( 'NONE',  ( -0.06586286943717235831, -0.03993055555463871642, -0.1590070326520295341 ) ) ;
#2493 = EDGE_CURVE ( 'NONE', #781, #21, #2182, .T. ) ;
#2494 = CARTESIAN_POINT ( 'NONE',  ( -2.937085314402332276E-17, -0.01736111110977734545, -0.1199156081756488357 ) ) ;
#2495 = CARTESIAN_POINT ( 'NONE',  ( 0.08479313971111035464, -0.03819444444327734639, 0.08479313971111039627 ) ) ;
#2496 = ORIENTED_EDGE ( 'NONE', *, *, #1122, .T. ) ;
#2497 = ADVANCED_FACE ( 'NONE', ( #1109 ), #580, .T. ) ;
#2498 = CARTESIAN_POINT ( 'NONE',  ( -0.1233828857157083514, -0.1042841476606032325, 0.01419953611951208644 ) ) ;
#2499 = EDGE_LOOP ( 'NONE', ( #1902, #2539, #2511, #52, #409, #1587 ) ) ;
#2500 = CARTESIAN_POINT ( 'NONE',  ( -0.1590070326520295896, 0.1336805555578612914, -0.06586286943717220566 ) ) ;
#2501 = CARTESIAN_POINT ( 'NONE',  ( -0.1103086578651013006, -0.07986111111050009370, 0.1103086578651013977 ) ) ;
#2502 = CARTESIAN_POINT ( 'NONE',  ( 0.09461598742193175204, -0.1179483321986701805, -0.1004746824780491238 ) ) ;
#2503 = LOCAL_TIME ( 17, 51, 8.000000000000000000, #2390 ) ;
#2504 = CARTESIAN_POINT ( 'NONE',  ( 2.200537217217899042E-17, 0.05468749999999992367, 0.1796874999999998890 ) ) ;
#2505 = CARTESIAN_POINT ( 'NONE',  ( -2.937085314402332276E-17, -0.07291666666577734102, -0.1199156081756488357 ) ) ;
#2506 = CARTESIAN_POINT ( 'NONE',  ( -0.08479313971111034076, -0.2187500000002773337, 0.08479313971111042403 ) ) ;
#2507 = VERTEX_POINT ( 'NONE', #406 ) ;
#2508 = DIRECTION ( 'NONE',  ( 0.000000000000000000, 0.000000000000000000, -1.000000000000000000 ) ) ;
#2509 = UNCERTAINTY_MEASURE_WITH_UNIT (LENGTH_MEASURE( 1.000000000000000082E-05 ), #431, 'distance_accuracy_value', 'NONE');
#2510 = CARTESIAN_POINT ( 'NONE',  ( -0.08479313971111035464, -0.003472222220832877227, -0.08479313971111024362 ) ) ;
#2511 = ORIENTED_EDGE ( 'NONE', *, *, #1465, .T. ) ;
#2512 = CIRCLE ( 'NONE', #335, 0.09556249999999999467 ) ;
#2513 = CARTESIAN_POINT ( 'NONE',  ( 0.000000000000000000, -0.1562500000000001110, -0.1759999999999998510 ) ) ;
#2514 = VERTEX_POINT ( 'NONE', #1495 ) ;
#2515 = CONICAL_SURFACE ( 'NONE', #1456, 0.2812499999999999445, 1.134464013796318893 ) ;
#2516 = CARTESIAN_POINT ( 'NONE',  ( 0.1416371705953111404, -0.1220715344028240612, -0.01175342322722980337 ) ) ;
#2517 = CARTESIAN_POINT ( 'NONE',  ( -0.04967067124657185972, 0.1041666666689170934, -0.1199156081756488357 ) ) ;
#2518 = CARTESIAN_POINT ( 'NONE',  ( -0.1406250000000000833, -0.1562499999999999722, 0.2435696448143734316 ) ) ;
#2519 = CARTESIAN_POINT ( 'NONE',  ( 0.1199156081756489051, -0.08333333333252734842, -0.04967067124657170707 ) ) ;
#2520 = CARTESIAN_POINT ( 'NONE',  ( -0.1199156081756488634, -0.1111111111105273497, 0.04967067124657192217 ) ) ;
#2521 = CARTESIAN_POINT ( 'NONE',  ( 0.1199156081756489051, -0.03124999999877733567, 6.907524698078900663E-17 ) ) ;
#2522 = CARTESIAN_POINT ( 'NONE',  ( 0.2812499999999997780, -0.1359611746280462719, 0.1623797632095827226 ) ) ;
#2523 = AXIS2_PLACEMENT_3D ( 'NONE', #811, #2217, #2195 ) ;
#2524 = CARTESIAN_POINT ( 'NONE',  ( -0.03562466677663259085, -0.1001656081756492761, 0.1147313614359463246 ) ) ;
#2525 = VERTEX_POINT ( 'NONE', #808 ) ;
#2526 = LINE ( 'NONE', #769, #257 ) ;
#2527 = EDGE_LOOP ( 'NONE', ( #882, #350, #1407, #1985, #2177, #155, #313 ) ) ;
#2528 = EDGE_CURVE ( 'NONE', #2132, #870, #1645, .T. ) ;
#2529 = CARTESIAN_POINT ( 'NONE',  ( 0.1230457007649618378, -0.1257087112203540968, 0.07813648830635276654 ) ) ;
#2530 = CARTESIAN_POINT ( 'NONE',  ( -0.08479313971111034076, 0.01041666666816711342, 0.08479313971111042403 ) ) ;
#2531 = CYLINDRICAL_SURFACE ( 'NONE', #841, 0.1747199999999999309 ) ;
#2532 = CONICAL_SURFACE ( 'NONE', #1681, 0.2812499999999999445, 1.134464013796318893 ) ;
#2533 = CARTESIAN_POINT ( 'NONE',  ( 0.04967067124657179034, -0.07638888888802734811, -0.1199156081756488357 ) ) ;
#2534 = CARTESIAN_POINT ( 'NONE',  ( -0.1199156081756489051, -0.1145833333327773568, 9.844610012481234172E-17 ) ) ;
#2535 = AXIS2_PLACEMENT_3D ( 'NONE', #1119, #510, #2065 ) ;
#2536 = CARTESIAN_POINT ( 'NONE',  ( -0.1199156081756488912, -0.06249999999902734055, -0.04967067124657172789 ) ) ;
#2537 = CARTESIAN_POINT ( 'NONE',  ( 0.000000000000000000, -0.1562499999999999722, 0.000000000000000000 ) ) ;
#2538 = DIRECTION ( 'NONE',  ( -0.000000000000000000, 1.000000000000000000, -0.000000000000000000 ) ) ;
#2539 = ORIENTED_EDGE ( 'NONE', *, *, #519, .T. ) ;
#2540 = CARTESIAN_POINT ( 'NONE',  ( 0.04967067124657179034, -0.2083333333335273541, 0.1199156081756489745 ) ) ;
#2541 = CARTESIAN_POINT ( 'NONE',  ( -0.1406250000000000833, 0.05468749999999992367, -0.2435696448143734594 ) ) ;
#2542 = VERTEX_POINT ( 'NONE', #1792 ) ;
#2543 = CARTESIAN_POINT ( 'NONE',  ( 0.1103086578651013144, -0.003472222220610146539, 0.1103086578651013699 ) ) ;
#2544 = CARTESIAN_POINT ( 'NONE',  ( 0.1199156081756489051, 0.03472222222391710411, -0.04967067124657170707 ) ) ;
#2545 = VERTEX_POINT ( 'NONE', #1052 ) ;
#2546 = DIRECTION ( 'NONE',  ( -0.000000000000000000, -1.000000000000000000, -0.000000000000000000 ) ) ;
#2547 = EDGE_CURVE ( 'NONE', #233, #1722, #2429, .T. ) ;
#2548 = CARTESIAN_POINT ( 'NONE',  ( -0.1876221212134271676, 0.05282607073310915252, 0.2164358442306638375 ) ) ;
#2549 = CARTESIAN_POINT ( 'NONE',  ( -0.1199156081756488773, -0.06249999999902734055, -0.04967067124657172789 ) ) ;
#2550 = CARTESIAN_POINT ( 'NONE',  ( -0.1415911279172097637, 0.03043737274547979668, -0.05493386080639005992 ) ) ;
#2551 = CARTESIAN_POINT ( 'NONE',  ( 0.04967067124657179034, -0.06944444444358290058, -0.1199156081756488357 ) ) ;
#2552 =( BOUNDED_CURVE ( )  B_SPLINE_CURVE ( 2, ( #970, #1207, #25, #173, #1991, #419, #1350, #2354, #1181, #1581, #765, #2536, #1977, #405, #778, #2379, #1569, #2341, #218, #1014, #2521, #1153, #362, #584, #997, #375, #1933, #1164, #390, #161, #793 ),
 .UNSPECIFIED., .F., .T. ) 
 B_SPLINE_CURVE_WITH_KNOTS ( ( 3, 2, 2, 2, 2, 2, 2, 2, 2, 2, 2, 2, 2, 2, 2, 3 ),
 ( 0.3585884502560840459, 0.3750000000000000000, 0.3928571428571428492, 0.4107142857142856984, 0.4285714285714285476, 0.4464285714285714524, 0.4642857142857143016, 0.4821428571428571508, 0.5000000000000000000, 0.5178571428571429047, 0.5357142857142856984, 0.5535714285714286031, 0.5714285714285713969, 0.5892857142857143016, 0.6071428571428570953, 0.6125954127853534548 ),
 .UNSPECIFIED. ) 
 CURVE ( )  GEOMETRIC_REPRESENTATION_ITEM ( )  RATIONAL_B_SPLINE_CURVE ( ( 0.9886733061907823084, 0.9300417290316153052, 1.000000000000000000, 0.9238795325112867385, 1.000000000000000000, 0.9238795325112867385, 1.000000000000000000, 0.9238795325112867385, 1.000000000000000000, 0.9238795325112867385, 1.000000000000000000, 0.9238795325112867385, 1.000000000000000000, 0.9238795325112867385, 1.000000000000000000, 0.9238795325112867385, 1.000000000000000000, 0.9238795325112867385, 1.000000000000000000, 0.9238795325112867385, 1.000000000000000000, 0.9238795325112867385, 1.000000000000000000, 0.9238795325112867385, 1.000000000000000000, 0.9238795325112867385, 1.000000000000000000, 0.9238795325112867385, 1.000000000000000000, 0.9767571392671576813, 0.9677083735752163296 ) ) 
 REPRESENTATION_ITEM ( '' )  );
#2553 = EDGE_LOOP ( 'NONE', ( #1353, #2405, #275, #1006 ) ) ;
#2554 = CARTESIAN_POINT ( 'NONE',  ( -0.04967067124657176952, -0.2152777777780273127, 0.1199156081756490300 ) ) ;
#2555 = B_SPLINE_CURVE_WITH_KNOTS ( 'NONE', 3,
 ( #1354, #1147, #2487, #725, #1524, #938 ),
 .UNSPECIFIED., .F., .F.,
 ( 4, 2, 4 ),
 ( 0.007168390029777871320, 0.009251559917587241777, 0.01133472980539661223 ),
 .UNSPECIFIED. ) ;
ENDSEC;
END-ISO-10303-21;
