ISO-10303-21;
HEADER;
FILE_DESCRIPTION (( 'STEP AP203' ),
    '1' );
FILE_NAME ('90576A137_Medium-Strength Steel Nylon-Insert Locknut_90576A137_sldprt.STEP',
    '2026-08-23T00:51:09',
    ( '' ),
    ( '' ),
    'SwSTEP 2.0',
    'SolidWorks 2025',
    '' );
FILE_SCHEMA (( 'CONFIG_CONTROL_DESIGN' ));
ENDSEC;

DATA;
#1 = PLANE ( 'NONE',  #2713 ) ;
#2 = ORIENTED_EDGE ( 'NONE', *, *, #597, .F. ) ;
#3 = CARTESIAN_POINT ( 'NONE',  ( 6.552449365840447993E-16, -5.350480947161678102, 3.000000000000005773 ) ) ;
#4 = CARTESIAN_POINT ( 'NONE',  ( -4.750000000000003553, 8.227241335952173884, -6.000000000000003553 ) ) ;
#5 = B_SPLINE_CURVE_WITH_KNOTS ( 'NONE', 3,
 ( #280, #1527, #1945, #3809, #919, #129, #1676, #1179, #3644, #3315, #1767, #1242, #944, #3456, #625, #1859 ),
 .UNSPECIFIED., .F., .F.,
 ( 4, 2, 2, 2, 2, 2, 2, 4 ),
 ( 0.02965211078720622617, 0.03039466868413559508, 0.03113722658106496746, 0.03187978447799433984, 0.03262234237492370875, 0.03410745816878244657, 0.03485001606571182242, 0.03559257396264119133 ),
 .UNSPECIFIED. ) ;
#6 = ORIENTED_EDGE ( 'NONE', *, *, #2463, .T. ) ;
#7 = CARTESIAN_POINT ( 'NONE',  ( 4.280913964350271605, -4.280913964350270717, -5.468749999999998224 ) ) ;
#8 = CARTESIAN_POINT ( 'NONE',  ( -5.350480947161677214, 2.216241773533212278, 3.687500000000005773 ) ) ;
#9 = CARTESIAN_POINT ( 'NONE',  ( 5.350480947161678102, -2.216241773533210058, -0.9374999999999948930 ) ) ;
#10 = CIRCLE ( 'NONE', #1059, 9.500000000000001776 ) ;
#11 = CARTESIAN_POINT ( 'NONE',  ( -3.783361360347444080, -3.783361360347445412, -4.124999999999994671 ) ) ;
#12 = EDGE_CURVE ( 'NONE', #3416, #1143, #2706, .T. ) ;
#13 = CARTESIAN_POINT ( 'NONE',  ( 7.347880794884121708E-16, -6.000000000000000888, -2.624999999999996003 ) ) ;
#14 = CARTESIAN_POINT ( 'NONE',  ( -2.216241773533214054, 5.350480947161677214, 3.437500000000005773 ) ) ;
#15 = CARTESIAN_POINT ( 'NONE',  ( 7.414166747304424153E-16, -6.054126587736526233, -0.5937499999999971134 ) ) ;
#16 = CARTESIAN_POINT ( 'NONE',  ( -9.500000000000001776, -5.484827557301460210, 3.314688565214004790 ) ) ;
#17 = CARTESIAN_POINT ( 'NONE',  ( 5.350480947161678102, -2.216241773533210946, -3.937499999999994671 ) ) ;
#18 = EDGE_CURVE ( 'NONE', #1525, #1202, #1457, .T. ) ;
#19 = CARTESIAN_POINT ( 'NONE',  ( 4.242640687119285658, -4.242640687119284770, -3.375000000000000000 ) ) ;
#20 = CARTESIAN_POINT ( 'NONE',  ( 5.350480947161678102, 2.216241773533211390, -3.687499999999994671 ) ) ;
#21 = CARTESIAN_POINT ( 'NONE',  ( -2.485281374238575314, 5.999999999999999112, 0.9375000000000038858 ) ) ;
#22 = CARTESIAN_POINT ( 'NONE',  ( 2.507701340964017866, -6.054126587736527121, -1.468750000000000888 ) ) ;
#23 = CARTESIAN_POINT ( 'NONE',  ( 6.552449365840447993E-16, -5.350480947161678102, -5.999999999999994671 ) ) ;
#24 = CARTESIAN_POINT ( 'NONE',  ( 5.172345598539351386, 1.747012907809910809, -5.646121834748479174 ) ) ;
#25 = AXIS2_PLACEMENT_3D ( 'NONE', #2593, #1626, #950 ) ;
#26 = DIRECTION ( 'NONE',  ( -0.8660254037844397068, 1.060575238724908147E-16, 0.4999999999999979461 ) ) ;
#27 = ORIENTED_EDGE ( 'NONE', *, *, #3509, .F. ) ;
#28 = DIRECTION ( 'NONE',  ( 0.000000000000000000, 0.000000000000000000, 1.000000000000000000 ) ) ;
#29 = ORIENTED_EDGE ( 'NONE', *, *, #173, .T. ) ;
#30 = CARTESIAN_POINT ( 'NONE',  ( -6.054126587736524456, -2.507701340964020531, -5.781249999999997335 ) ) ;
#31 = CARTESIAN_POINT ( 'NONE',  ( 5.350480947161678102, -2.216241773533210946, 3.187500000000005773 ) ) ;
#32 = CARTESIAN_POINT ( 'NONE',  ( 2.216241773533210946, 5.350480947161678102, -3.687499999999994671 ) ) ;
#33 = CARTESIAN_POINT ( 'NONE',  ( -2.216241773533209614, -5.350480947161678991, -2.062499999999994671 ) ) ;
#34 = CARTESIAN_POINT ( 'NONE',  ( 6.552449365840447993E-16, -5.350480947161678102, -2.124999999999995115 ) ) ;
#35 = ORIENTED_EDGE ( 'NONE', *, *, #2228, .T. ) ;
#36 = CARTESIAN_POINT ( 'NONE',  ( 0.000000000000000000, 6.054126587736526233, -1.093749999999997558 ) ) ;
#37 = CARTESIAN_POINT ( 'NONE',  ( -6.000000000000000888, -1.102182119232618108E-15, -3.750000000000000888 ) ) ;
#38 = CARTESIAN_POINT ( 'NONE',  ( -5.350480947161677214, 2.216241773533212278, -4.437499999999995559 ) ) ;
#39 = CARTESIAN_POINT ( 'NONE',  ( 6.000000000000001776, -2.485281374238570429, 1.562500000000003331 ) ) ;
#40 = CIRCLE ( 'NONE', #3780, 5.350480947161682543 ) ;
#41 = EDGE_CURVE ( 'NONE', #2398, #96, #3884, .T. ) ;
#42 = CARTESIAN_POINT ( 'NONE',  ( -4.280913964350272494, 4.280913964350270717, -2.906250000000000888 ) ) ;
#43 = CARTESIAN_POINT ( 'NONE',  ( 2.216241773533211390, 5.350480947161678102, -5.562499999999994671 ) ) ;
#44 = CARTESIAN_POINT ( 'NONE',  ( 4.673804189011661059, 2.738302570056852847, -5.629444326129522835 ) ) ;
#45 = CARTESIAN_POINT ( 'NONE',  ( -9.500000000000003553, 5.484827557301449552, 6.000000000000000000 ) ) ;
#46 = CARTESIAN_POINT ( 'NONE',  ( -2.485281374238575314, 5.999999999999999112, -4.937500000000000888 ) ) ;
#47 = CARTESIAN_POINT ( 'NONE',  ( -5.350480947161678102, -9.828674048760671990E-16, 2.750000000000005773 ) ) ;
#48 = FACE_OUTER_BOUND ( 'NONE', #1158, .T. ) ;
#49 = CARTESIAN_POINT ( 'NONE',  ( -6.000000000000000888, -1.102182119232618108E-15, 0.1250000000000039690 ) ) ;
#50 = SECURITY_CLASSIFICATION_LEVEL ( 'unclassified' ) ;
#51 = VERTEX_POINT ( 'NONE', #2907 ) ;
#52 = CARTESIAN_POINT ( 'NONE',  ( -2.216241773533214054, 5.350480947161677214, 4.562500000000006217 ) ) ;
#53 = CARTESIAN_POINT ( 'NONE',  ( 2.216241773533211834, -5.350480947161678102, -4.062499999999994671 ) ) ;
#54 = CARTESIAN_POINT ( 'NONE',  ( 3.783361360347444968, -3.783361360347444080, -3.874999999999994671 ) ) ;
#55 =( BOUNDED_CURVE ( )  B_SPLINE_CURVE ( 2, ( #620, #1558, #2186, #2822, #1540, #2476, #915, #2164, #3415 ),
 .UNSPECIFIED., .F., .F. ) 
 B_SPLINE_CURVE_WITH_KNOTS ( ( 3, 2, 2, 2, 3 ),
 ( 0.5961538461538461453, 0.6057692307692307265, 0.6153846153846154188, 0.6250000000000001110, 0.6346153846153846922 ),
 .UNSPECIFIED. ) 
 CURVE ( )  GEOMETRIC_REPRESENTATION_ITEM ( )  RATIONAL_B_SPLINE_CURVE ( ( 1.000000000000000000, 0.9238795325112867385, 1.000000000000000000, 0.9238795325112867385, 1.000000000000000000, 0.9238795325112867385, 1.000000000000000000, 0.9238795325112858503, 1.000000000000000888 ) ) 
 REPRESENTATION_ITEM ( '' )  );
#56 = CARTESIAN_POINT ( 'NONE',  ( 3.783361360347444968, -3.783361360347444080, -1.999999999999994893 ) ) ;
#57 = ORIENTED_EDGE ( 'NONE', *, *, #1800, .T. ) ;
#58 = CARTESIAN_POINT ( 'NONE',  ( 4.280913964350270717, 4.280913964350271605, 0.7812500000000024425 ) ) ;
#59 = CARTESIAN_POINT ( 'NONE',  ( -2.682503062993625509, -5.441707658483339038, -6.000000000000000000 ) ) ;
#60 = CARTESIAN_POINT ( 'NONE',  ( 6.000000000000000888, 3.673940397442060854E-16, -0.3749999999999965583 ) ) ;
#61 = CARTESIAN_POINT ( 'NONE',  ( -3.651443205357148614, -4.517660791821090704, -5.851302447288348141 ) ) ;
#62 = CARTESIAN_POINT ( 'NONE',  ( 6.054126587736527121, 2.507701340964017422, -2.218750000000000444 ) ) ;
#63 = CARTESIAN_POINT ( 'NONE',  ( -3.783361360347444080, -3.783361360347445412, -6.124999999999994671 ) ) ;
#64 = EDGE_CURVE ( 'NONE', #2520, #3219, #3636, .T. ) ;
#65 = CARTESIAN_POINT ( 'NONE',  ( 0.000000000000000000, -3.286135577712063753E-15, 3.999999999999998224 ) ) ;
#66 = CARTESIAN_POINT ( 'NONE',  ( -5.838106052433033710, 1.160729245088946593, -5.937172139478508193 ) ) ;
#67 = CARTESIAN_POINT ( 'NONE',  ( -3.783361360347445412, 3.783361360347443636, 2.625000000000005773 ) ) ;
#68 = DIRECTION ( 'NONE',  ( -0.000000000000000000, 1.939024098649975398E-16, -1.000000000000000000 ) ) ;
#69 = ORIENTED_EDGE ( 'NONE', *, *, #168, .T. ) ;
#70 = CARTESIAN_POINT ( 'NONE',  ( -6.054126587736526233, -1.112125012095663524E-15, -5.843749999999998224 ) ) ;
#71 = LINE ( 'NONE', #401, #2966 ) ;
#72 = CARTESIAN_POINT ( 'NONE',  ( -5.350480947161677214, -2.216241773533214054, -0.3124999999999942268 ) ) ;
#73 = CARTESIAN_POINT ( 'NONE',  ( -3.783361360347444080, -3.783361360347445412, -3.124999999999994227 ) ) ;
#74 = CARTESIAN_POINT ( 'NONE',  ( -5.350480947161677214, -2.216241773533213610, -0.3124999999999942268 ) ) ;
#75 = ORIENTED_EDGE ( 'NONE', *, *, #1590, .F. ) ;
#76 = ORIENTED_EDGE ( 'NONE', *, *, #597, .T. ) ;
#77 = CARTESIAN_POINT ( 'NONE',  ( -1.375442691049728161, -5.899161090271420882, -5.999999999999999112 ) ) ;
#78 = CONICAL_SURFACE ( 'NONE', #2709, 9.500000000000001776, 1.134464013796313786 ) ;
#79 = CARTESIAN_POINT ( 'NONE',  ( 5.350480947161678102, 2.216241773533211390, -4.812499999999993783 ) ) ;
#80 = CARTESIAN_POINT ( 'NONE',  ( 0.7861204697127120999, 10.51578824979878668, 3.526330160054963692 ) ) ;
#81 = CARTESIAN_POINT ( 'NONE',  ( -0.3770097145719351062, 5.383001488941803636, -5.593750000000004441 ) ) ;
#82 = VECTOR ( 'NONE', #26, 1000.000000000000114 ) ;
#83 = CARTESIAN_POINT ( 'NONE',  ( -6.054126587736525344, 2.507701340964018311, 3.093750000000002665 ) ) ;
#84 = CARTESIAN_POINT ( 'NONE',  ( 6.054126587736527121, 2.507701340964017422, -1.218750000000000222 ) ) ;
#85 = CARTESIAN_POINT ( 'NONE',  ( 3.783361360347444968, -3.783361360347444080, 6.000000000000005329 ) ) ;
#86 = CARTESIAN_POINT ( 'NONE',  ( -5.350480947161677214, -2.216241773533213610, -0.1874999999999940881 ) ) ;
#87 = DIRECTION ( 'NONE',  ( 0.000000000000000000, -1.939024098649975398E-16, 1.000000000000000000 ) ) ;
#88 = CARTESIAN_POINT ( 'NONE',  ( 4.924453484794227620, -2.946600274010373166, 3.816199284443897444 ) ) ;
#89 = CARTESIAN_POINT ( 'NONE',  ( -0.7820653066535834252, -10.51812949928257268, -5.525238417491044274 ) ) ;
#90 = AXIS2_PLACEMENT_3D ( 'NONE', #1044, #2362, #99 ) ;
#91 = ORIENTED_EDGE ( 'NONE', *, *, #2908, .T. ) ;
#92 = DIRECTION ( 'NONE',  ( -0.000000000000000000, -0.000000000000000000, -1.000000000000000000 ) ) ;
#93 = EDGE_CURVE ( 'NONE', #2011, #1984, #1695, .T. ) ;
#94 = CARTESIAN_POINT ( 'NONE',  ( -1.315330755202372285E-16, -10.96965511460288845, 6.000000000000000000 ) ) ;
#95 = CARTESIAN_POINT ( 'NONE',  ( 5.350480947161678102, 2.216241773533211390, -1.812499999999994671 ) ) ;
#96 = VERTEX_POINT ( 'NONE', #782 ) ;
#97 = CARTESIAN_POINT ( 'NONE',  ( -6.054126587736524456, -2.507701340964020531, 1.218750000000003109 ) ) ;
#98 = ORIENTED_EDGE ( 'NONE', *, *, #543, .T. ) ;
#99 = DIRECTION ( 'NONE',  ( -1.000000000000000000, 0.000000000000000000, 0.000000000000000000 ) ) ;
#100 = CARTESIAN_POINT ( 'NONE',  ( 5.350480947161678102, 3.276224682920223997E-16, -4.874999999999993783 ) ) ;
#101 = CARTESIAN_POINT ( 'NONE',  ( -2.007907317981613371, -5.392661898544959698, -5.825165046330844199 ) ) ;
#102 = B_SPLINE_CURVE_WITH_KNOTS ( 'NONE', 3,
 ( #1766, #2393, #2198, #3446, #3643, #1891, #635, #3152, #3378, #2835, #2744, #1115, #2373, #496 ),
 .UNSPECIFIED., .F., .F.,
 ( 4, 2, 2, 2, 2, 2, 4 ),
 ( 0.000000000000000000, 0.001485975234447616108, 0.002228962851671421885, 0.002971950468895228313, 0.004457925703342838566, 0.005200913320566644127, 0.005943900937790449687 ),
 .UNSPECIFIED. ) ;
#103 = CARTESIAN_POINT ( 'NONE',  ( -6.054126587736526233, -1.112125012095663524E-15, -2.781250000000000888 ) ) ;
#104 = CARTESIAN_POINT ( 'NONE',  ( -3.783361360347445412, 3.783361360347443636, 5.500000000000005329 ) ) ;
#105 = TOROIDAL_SURFACE ( 'NONE', #2927, 7.500000000000003553, 1.950000000000000400 ) ;
#106 = CARTESIAN_POINT ( 'NONE',  ( -5.156189762038093427, 3.068774104469233155, -5.964874181552431764 ) ) ;
#107 = CARTESIAN_POINT ( 'NONE',  ( 3.783361360347444968, -3.783361360347444080, 1.125000000000005329 ) ) ;
#108 = CARTESIAN_POINT ( 'NONE',  ( -5.999999999999986677, 2.485281374238582419, 2.187499999999999556 ) ) ;
#109 = CARTESIAN_POINT ( 'NONE',  ( 6.054126587736527121, 2.507701340964017422, 6.718750000000001776 ) ) ;
#110 = ORIENTED_EDGE ( 'NONE', *, *, #2430, .F. ) ;
#111 = CARTESIAN_POINT ( 'NONE',  ( 6.552449365840447993E-16, -5.350480947161678102, 6.000000000000005329 ) ) ;
#112 = CARTESIAN_POINT ( 'NONE',  ( 2.216241773533210946, 5.350480947161678102, -4.687499999999993783 ) ) ;
#113 = EDGE_CURVE ( 'NONE', #2374, #1922, #3980, .T. ) ;
#114 = CARTESIAN_POINT ( 'NONE',  ( -5.350480947161677214, -2.216241773533213610, -2.312499999999995115 ) ) ;
#115 = ORIENTED_EDGE ( 'NONE', *, *, #1050, .T. ) ;
#116 = DIRECTION ( 'NONE',  ( 1.000000000000000000, 0.000000000000000000, 0.000000000000000000 ) ) ;
#117 = FACE_OUTER_BOUND ( 'NONE', #2665, .T. ) ;
#118 = CARTESIAN_POINT ( 'NONE',  ( 3.783361360347444968, -3.783361360347444080, 3.125000000000005773 ) ) ;
#119 = EDGE_CURVE ( 'NONE', #1994, #1345, #3559, .T. ) ;
#120 = CARTESIAN_POINT ( 'NONE',  ( 6.054126587736527121, 2.507701340964017422, -6.218750000000000000 ) ) ;
#121 = CARTESIAN_POINT ( 'NONE',  ( -2.216241773533214054, 5.350480947161677214, 0.4375000000000055511 ) ) ;
#122 = FACE_OUTER_BOUND ( 'NONE', #2358, .T. ) ;
#123 = CARTESIAN_POINT ( 'NONE',  ( 0.000000000000000000, 5.350480947161678102, 0.5000000000000056621 ) ) ;
#124 = DIRECTION ( 'NONE',  ( -1.000000000000000000, 0.000000000000000000, 0.000000000000000000 ) ) ;
#125 = DIRECTION ( 'NONE',  ( 0.000000000000000000, 1.000000000000000000, 1.826024711554533420E-16 ) ) ;
#126 = CARTESIAN_POINT ( 'NONE',  ( -2.216241773533214054, 5.350480947161677214, 1.562500000000005773 ) ) ;
#127 = CARTESIAN_POINT ( 'NONE',  ( -3.783361360347444080, -3.783361360347445412, 4.875000000000006217 ) ) ;
#128 = CARTESIAN_POINT ( 'NONE',  ( -3.157285228197921789, 9.146795638194397782, -5.936354711086108793 ) ) ;
#129 = CARTESIAN_POINT ( 'NONE',  ( -5.810989978034621473, 1.716369088666998222, 3.999999999999999112 ) ) ;
#130 = CARTESIAN_POINT ( 'NONE',  ( -6.054126587736526233, -1.112125012095663524E-15, 2.156250000000002665 ) ) ;
#131 = ORIENTED_EDGE ( 'NONE', *, *, #3946, .T. ) ;
#132 = CARTESIAN_POINT ( 'NONE',  ( -3.783361360347444080, -3.783361360347445412, -5.249999999999994671 ) ) ;
#133 = CARTESIAN_POINT ( 'NONE',  ( 2.216241773533212278, -5.350480947161678102, -5.062499999999993783 ) ) ;
#134 = ORIENTED_EDGE ( 'NONE', *, *, #3807, .F. ) ;
#135 = CARTESIAN_POINT ( 'NONE',  ( -6.054126587736526233, -1.112125012095663524E-15, -3.843749999999998224 ) ) ;
#136 = CARTESIAN_POINT ( 'NONE',  ( 3.690880418396796703, -4.815122332691860407, -6.000000000000012434 ) ) ;
#137 = CARTESIAN_POINT ( 'NONE',  ( -6.000000000000000888, -1.102182119232618108E-15, 3.125000000000003553 ) ) ;
#138 = CARTESIAN_POINT ( 'NONE',  ( -1.611895538906729541, 5.350480947161677214, 3.545456895716334600 ) ) ;
#139 = DIRECTION ( 'NONE',  ( -0.000000000000000000, -0.000000000000000000, -1.000000000000000000 ) ) ;
#140 = CARTESIAN_POINT ( 'NONE',  ( -6.054126587736524456, -2.507701340964020531, -3.718750000000000000 ) ) ;
#141 = EDGE_CURVE ( 'NONE', #2688, #1418, #3119, .T. ) ;
#142 = CARTESIAN_POINT ( 'NONE',  ( -2.216241773533214054, 5.350480947161677214, 2.437500000000006217 ) ) ;
#143 = VECTOR ( 'NONE', #4011, 1000.000000000000000 ) ;
#144 = DIRECTION ( 'NONE',  ( 0.000000000000000000, 1.000000000000000000, 1.349928833877582514E-16 ) ) ;
#145 = CARTESIAN_POINT ( 'NONE',  ( 2.216241773533211390, 5.350480947161678102, 0.4375000000000055511 ) ) ;
#146 = CARTESIAN_POINT ( 'NONE',  ( -9.500000000000001776, -5.484827557301440670, -5.314688565214031435 ) ) ;
#147 = CARTESIAN_POINT ( 'NONE',  ( 0.000000000000000000, 6.000000000000000888, -3.000000000000001776 ) ) ;
#148 = CARTESIAN_POINT ( 'NONE',  ( -3.783361360347445412, 3.783361360347443636, 1.625000000000005773 ) ) ;
#149 = DIRECTION ( 'NONE',  ( -0.000000000000000000, -0.000000000000000000, -1.000000000000000000 ) ) ;
#150 = CIRCLE ( 'NONE', #3492, 9.500000000000001776 ) ;
#151 = CARTESIAN_POINT ( 'NONE',  ( -2.507701340964015202, -6.054126587736528009, 5.343750000000003553 ) ) ;
#152 = VERTEX_POINT ( 'NONE', #2636 ) ;
#153 = DIRECTION ( 'NONE',  ( -0.000000000000000000, 1.939024098649975398E-16, -1.000000000000000000 ) ) ;
#154 = B_SPLINE_CURVE_WITH_KNOTS ( 'NONE', 3,
 ( #1589, #1914, #3169, #2855, #3224, #3508, #1290, #2919, #3486, #392, #2551, #1012, #61, #409, #3206, #350, #101, #3824, #2263, #990, #2241, #1978, #3528, #2876, #1997, #1046, #677, #1350, #428, #717, #735, #1666, #697, #3187, #1028, #1270, #2573, #371, #1310, #969, #1957, #2218 ),
 .UNSPECIFIED., .F., .F.,
 ( 4, 2, 2, 2, 2, 2, 2, 2, 2, 2, 2, 2, 2, 2, 2, 2, 2, 2, 2, 2, 4 ),
 ( 0.005885994823678244829, 0.007004633214823164158, 0.008123271605968082620, 0.009241909997113001082, 0.009801229192685461181, 0.01036054838825792128, 0.01147918677940284321, 0.01259782517054776514, 0.01315714436612022697, 0.01371646356169268707, 0.01483510195283760380, 0.01595374034398252400, 0.01707237873512744072, 0.01763169793069990082, 0.01819101712627236092, 0.01930965551741728459, 0.02042829390856220131, 0.02154693229970712151, 0.02266557069085204171, 0.02322488988642450181, 0.02378420908199695843 ),
 .UNSPECIFIED. ) ;
#155 = CARTESIAN_POINT ( 'NONE',  ( -2.216241773533209614, -5.350480947161678991, -4.187499999999994671 ) ) ;
#156 =( NAMED_UNIT ( * ) PLANE_ANGLE_UNIT ( ) SI_UNIT ( $, .RADIAN. ) );
#157 = CARTESIAN_POINT ( 'NONE',  ( 6.054126587736527121, -2.507701340964016534, 5.656249999999999112 ) ) ;
#158 = VERTEX_POINT ( 'NONE', #2942 ) ;
#159 = EDGE_LOOP ( 'NONE', ( #3273, #29, #2481, #3693 ) ) ;
#160 = CARTESIAN_POINT ( 'NONE',  ( 0.7939698148682541312, -6.014843375531684799, -6.000000000000000000 ) ) ;
#161 = CARTESIAN_POINT ( 'NONE',  ( 0.000000000000000000, -1.479995017775127959E-15, -5.314688565214026106 ) ) ;
#162 = CARTESIAN_POINT ( 'NONE',  ( 0.000000000000000000, -3.286135577712063753E-15, 3.999999999999998224 ) ) ;
#163 = CARTESIAN_POINT ( 'NONE',  ( 0.000000000000000000, -1.577820027346842915E-15, 3.999999999999998224 ) ) ;
#164 =( BOUNDED_CURVE ( )  B_SPLINE_CURVE ( 2, ( #3310, #762, #2020, #3264, #453, #3337, #213, #493, #3933 ),
 .UNSPECIFIED., .F., .T. ) 
 B_SPLINE_CURVE_WITH_KNOTS ( ( 3, 2, 2, 2, 3 ),
 ( 0.4807692307692308376, 0.4903846153846154188, 0.5000000000000000000, 0.5096153846153845812, 0.5192307692307692735 ),
 .UNSPECIFIED. ) 
 CURVE ( )  GEOMETRIC_REPRESENTATION_ITEM ( )  RATIONAL_B_SPLINE_CURVE ( ( 0.9999999999999995559, 0.9238795325112871826, 1.000000000000000000, 0.9238795325112867385, 1.000000000000000000, 0.9238795325112867385, 1.000000000000000000, 0.9238795325112867385, 1.000000000000000000 ) ) 
 REPRESENTATION_ITEM ( '' )  );
#165 = CARTESIAN_POINT ( 'NONE',  ( -4.280913964350272494, 4.280913964350270717, -3.906250000000000000 ) ) ;
#166 = CARTESIAN_POINT ( 'NONE',  ( -5.350480947161678102, -9.828674048760671990E-16, 2.625000000000005773 ) ) ;
#167 = CARTESIAN_POINT ( 'NONE',  ( 0.000000000000000000, 5.350480947161678102, -0.4999999999999943934 ) ) ;
#168 = EDGE_CURVE ( 'NONE', #3184, #2642, #150, .T. ) ;
#169 = CARTESIAN_POINT ( 'NONE',  ( 6.000000000000000888, 7.347880794884120722E-16, 6.000000000000000000 ) ) ;
#170 = CARTESIAN_POINT ( 'NONE',  ( 1.439975907761334550, -5.445012886325249823, 3.754698670040400810 ) ) ;
#171 = CARTESIAN_POINT ( 'NONE',  ( -5.350480947161678102, -9.828674048760671990E-16, 0.7500000000000058842 ) ) ;
#172 = CARTESIAN_POINT ( 'NONE',  ( -5.999999999999984013, 2.485281374238588636, -3.937499999999996447 ) ) ;
#173 = EDGE_CURVE ( 'NONE', #3629, #152, #1715, .T. ) ;
#174 = CARTESIAN_POINT ( 'NONE',  ( 2.507701340964017866, -6.054126587736527121, 5.468750000000002665 ) ) ;
#175 = ORIENTED_EDGE ( 'NONE', *, *, #2283, .T. ) ;
#176 = CARTESIAN_POINT ( 'NONE',  ( 2.216241773533211390, 5.350480947161678102, 5.437500000000005329 ) ) ;
#177 = CARTESIAN_POINT ( 'NONE',  ( 3.783361360347444968, -3.783361360347444080, -4.999999999999993783 ) ) ;
#178 = CARTESIAN_POINT ( 'NONE',  ( -6.054126587736525344, 2.507701340964018311, 5.156250000000000000 ) ) ;
#179 = ORIENTED_EDGE ( 'NONE', *, *, #2309, .T. ) ;
#180 = ORIENTED_EDGE ( 'NONE', *, *, #2587, .F. ) ;
#181 = CARTESIAN_POINT ( 'NONE',  ( 2.679516714145495193, -5.432496341113541405, -6.000000000000000000 ) ) ;
#182 = FACE_OUTER_BOUND ( 'NONE', #220, .T. ) ;
#183 = CARTESIAN_POINT ( 'NONE',  ( 2.216241773533210946, 5.350480947161678102, 2.437500000000006217 ) ) ;
#184 = DIRECTION ( 'NONE',  ( 0.000000000000000000, 1.000000000000000000, 1.826024711554533420E-16 ) ) ;
#185 = CARTESIAN_POINT ( 'NONE',  ( -4.280913964350270717, -4.280913964350272494, -4.656250000000000888 ) ) ;
#186 = CARTESIAN_POINT ( 'NONE',  ( 5.350480947161678102, -2.216241773533210946, 1.062500000000005329 ) ) ;
#187 = APPROVAL ( #2769, 'UNSPECIFIED' ) ;
#188 = CARTESIAN_POINT ( 'NONE',  ( 3.783361360347444080, 3.783361360347444968, -0.6249999999999944489 ) ) ;
#189 = CYLINDRICAL_SURFACE ( 'NONE', #870, 6.000000000000000888 ) ;
#190 = CARTESIAN_POINT ( 'NONE',  ( 0.000000000000000000, -3.286135577712063753E-15, 3.999999999999998224 ) ) ;
#191 = CARTESIAN_POINT ( 'NONE',  ( 4.280913964350270717, 4.280913964350271605, -2.218749999999996891 ) ) ;
#192 = CARTESIAN_POINT ( 'NONE',  ( -2.216241773533209614, -5.350480947161678991, 2.937500000000005773 ) ) ;
#193 = ADVANCED_FACE ( 'NONE', ( #3661 ), #2060, .T. ) ;
#194 = CARTESIAN_POINT ( 'NONE',  ( 9.499999999999994671, 3.675523573108805397, -5.683988489259027332 ) ) ;
#195 = CARTESIAN_POINT ( 'NONE',  ( 2.507701340964017866, -6.054126587736527121, 1.468750000000001998 ) ) ;
#196 = DIRECTION ( 'NONE',  ( -1.000000000000000000, 0.000000000000000000, 0.000000000000000000 ) ) ;
#197 = VECTOR ( 'NONE', #1029, 1000.000000000000000 ) ;
#198 = VERTEX_POINT ( 'NONE', #3957 ) ;
#199 = CARTESIAN_POINT ( 'NONE',  ( 6.552449365840447993E-16, -5.350480947161678102, 4.000000000000005329 ) ) ;
#200 = EDGE_CURVE ( 'NONE', #439, #2584, #1660, .T. ) ;
#201 = FACE_OUTER_BOUND ( 'NONE', #1836, .T. ) ;
#202 = LINE ( 'NONE', #3363, #143 ) ;
#203 = CARTESIAN_POINT ( 'NONE',  ( -5.350480947161678102, -9.828674048760671990E-16, -4.374999999999995559 ) ) ;
#204 = VERTEX_POINT ( 'NONE', #2329 ) ;
#205 = VERTEX_POINT ( 'NONE', #3434 ) ;
#206 = CARTESIAN_POINT ( 'NONE',  ( -2.507701340964015202, -6.054126587736528009, -3.656249999999998224 ) ) ;
#207 = CARTESIAN_POINT ( 'NONE',  ( 4.749999999999996447, -8.227241335952170331, 3.999999999999996447 ) ) ;
#208 = CARTESIAN_POINT ( 'NONE',  ( 6.000000000000012434, 2.485281374238560215, -0.1875000000000011102 ) ) ;
#209 = DIRECTION ( 'NONE',  ( 0.000000000000000000, 1.000000000000000000, 1.939024098649975151E-16 ) ) ;
#210 = DIRECTION ( 'NONE',  ( 0.000000000000000000, 1.000000000000000000, 1.826024711554533420E-16 ) ) ;
#211 = CARTESIAN_POINT ( 'NONE',  ( 0.000000000000000000, 6.054126587736526233, -7.031250000000000888 ) ) ;
#212 = CARTESIAN_POINT ( 'NONE',  ( 2.216241773533212278, -5.350480947161678102, 0.9375000000000051070 ) ) ;
#213 = CARTESIAN_POINT ( 'NONE',  ( -4.242640687119284770, -4.242640687119286547, -0.6250000000000003331 ) ) ;
#214 = CARTESIAN_POINT ( 'NONE',  ( 3.157285228197913352, -9.146795638194392453, -5.936354711086115898 ) ) ;
#215 = CARTESIAN_POINT ( 'NONE',  ( 3.783361360347444968, -3.783361360347444080, 3.125000000000005773 ) ) ;
#216 = AXIS2_PLACEMENT_3D ( 'NONE', #1499, #1872, #3095 ) ;
#217 = DIRECTION ( 'NONE',  ( -0.000000000000000000, 1.939024098649975398E-16, -1.000000000000000000 ) ) ;
#218 = CC_DESIGN_APPROVAL ( #2019, ( #4030 ) ) ;
#219 = AXIS2_PLACEMENT_3D ( 'NONE', #2619, #1335, #2924 ) ;
#220 = EDGE_LOOP ( 'NONE', ( #1443, #2168, #3077 ) ) ;
#221 = CARTESIAN_POINT ( 'NONE',  ( 7.347880794884121708E-16, -6.000000000000000888, 0.3750000000000032752 ) ) ;
#222 = CARTESIAN_POINT ( 'NONE',  ( 4.242640687119285658, -4.242640687119284770, -2.375000000000000888 ) ) ;
#223 = CARTESIAN_POINT ( 'NONE',  ( 5.350480947161678102, 3.276224682920223997E-16, -3.874999999999994671 ) ) ;
#224 = EDGE_CURVE ( 'NONE', #2278, #2642, #545, .T. ) ;
#225 = ORIENTED_EDGE ( 'NONE', *, *, #1295, .T. ) ;
#226 = ORIENTED_EDGE ( 'NONE', *, *, #1904, .F. ) ;
#227 = CARTESIAN_POINT ( 'NONE',  ( 4.002888355364815354, -4.559131718967536884, 4.000000000000013323 ) ) ;
#228 = CARTESIAN_POINT ( 'NONE',  ( -2.216241773533214499, 5.350480947161677214, 1.437500000000005551 ) ) ;
#229 = CARTESIAN_POINT ( 'NONE',  ( 0.000000000000000000, 5.350480947161678102, -0.4999999999999943934 ) ) ;
#230 = CARTESIAN_POINT ( 'NONE',  ( 5.350480947161678102, 3.276224682920223997E-16, 6.125000000000005329 ) ) ;
#231 = LINE ( 'NONE', #1534, #1070 ) ;
#232 = CARTESIAN_POINT ( 'NONE',  ( -5.350480947161677214, -2.216241773533213610, -1.312499999999994449 ) ) ;
#233 = CARTESIAN_POINT ( 'NONE',  ( 2.216241773533211390, 5.350480947161678102, -1.562499999999994893 ) ) ;
#234 = CARTESIAN_POINT ( 'NONE',  ( -6.054126587736524456, -2.507701340964020531, 1.281250000000000222 ) ) ;
#235 = DIRECTION ( 'NONE',  ( 0.000000000000000000, 1.000000000000000000, 1.349928833877582514E-16 ) ) ;
#236 = CARTESIAN_POINT ( 'NONE',  ( 7.414166747304424153E-16, -6.054126587736526233, -2.593749999999996891 ) ) ;
#237 = CARTESIAN_POINT ( 'NONE',  ( -5.350480947161678102, -9.828674048760671990E-16, 2.750000000000005773 ) ) ;
#238 = CARTESIAN_POINT ( 'NONE',  ( 0.000000000000000000, 0.000000000000000000, 6.000000000000000000 ) ) ;
#239 = CARTESIAN_POINT ( 'NONE',  ( 0.000000000000000000, 6.054126587736526233, 3.906250000000002665 ) ) ;
#240 = CARTESIAN_POINT ( 'NONE',  ( 0.000000000000000000, 5.350480947161678102, -5.499999999999994671 ) ) ;
#241 = EDGE_LOOP ( 'NONE', ( #1640, #1774 ) ) ;
#242 = CARTESIAN_POINT ( 'NONE',  ( 0.000000000000000000, 7.500000000000000888, 5.950000000000000178 ) ) ;
#243 = AXIS2_PLACEMENT_3D ( 'NONE', #3690, #2478, #918 ) ;
#244 = ORIENTED_EDGE ( 'NONE', *, *, #2480, .F. ) ;
#245 = VERTEX_POINT ( 'NONE', #255 ) ;
#246 = CARTESIAN_POINT ( 'NONE',  ( -5.735698604333847150, -1.947707161515150664, 3.999999999999996447 ) ) ;
#247 = CARTESIAN_POINT ( 'NONE',  ( -3.783361360347444080, -3.783361360347445412, 0.7500000000000058842 ) ) ;
#248 = CARTESIAN_POINT ( 'NONE',  ( -2.216241773533209614, -5.350480947161678991, -1.062499999999994227 ) ) ;
#249 = CARTESIAN_POINT ( 'NONE',  ( -3.783361360347444080, -3.783361360347445412, 0.7500000000000058842 ) ) ;
#250 = CARTESIAN_POINT ( 'NONE',  ( -4.242640687119284770, -4.242640687119286547, -1.749999999999996891 ) ) ;
#251 = CARTESIAN_POINT ( 'NONE',  ( -5.350480947161677214, -2.216241773533213610, -3.312499999999994227 ) ) ;
#252 = EDGE_CURVE ( 'NONE', #524, #1039, #3701, .T. ) ;
#253 = CARTESIAN_POINT ( 'NONE',  ( 6.054126587736527121, -2.136346828725371078E-13, 3.999999999999998224 ) ) ;
#254 = CARTESIAN_POINT ( 'NONE',  ( -2.507701340964020531, 6.054126587736524456, 1.031250000000000000 ) ) ;
#255 = CARTESIAN_POINT ( 'NONE',  ( 0.000000000000000000, 9.449999999999999289, 4.000000000000000000 ) ) ;
#256 = CARTESIAN_POINT ( 'NONE',  ( -5.350480947161677214, 2.216241773533212278, -1.312499999999994449 ) ) ;
#257 = CARTESIAN_POINT ( 'NONE',  ( 0.000000000000000000, -1.347111479062087616E-15, -6.000000000000005329 ) ) ;
#258 = CARTESIAN_POINT ( 'NONE',  ( 6.552449365840447993E-16, -5.350480947161678102, -4.999999999999993783 ) ) ;
#259 = ORIENTED_EDGE ( 'NONE', *, *, #900, .T. ) ;
#260 = CARTESIAN_POINT ( 'NONE',  ( 2.485281374238572205, -6.000000000000001776, 2.437500000000003553 ) ) ;
#261 = CALENDAR_DATE ( 2026, 22, 8 ) ;
#262 = CONICAL_SURFACE ( 'NONE', #1111, 10.96965511460289733, 1.134464013796321558 ) ;
#263 = ORIENTED_EDGE ( 'NONE', *, *, #1322, .F. ) ;
#264 = CARTESIAN_POINT ( 'NONE',  ( 6.054126587736527121, 2.507701340964017422, -5.281249999999998224 ) ) ;
#265 = CARTESIAN_POINT ( 'NONE',  ( -5.999999999999999112, -2.485281374238574426, -5.687500000000000000 ) ) ;
#266 = CARTESIAN_POINT ( 'NONE',  ( -5.243646616989436460, 1.063868658282297819, 3.593750000000003553 ) ) ;
#267 = CARTESIAN_POINT ( 'NONE',  ( -5.350480947161677214, -2.216241773533214054, -1.187499999999994227 ) ) ;
#268 = CARTESIAN_POINT ( 'NONE',  ( 3.783361360347444968, -3.783361360347444080, 4.000000000000005329 ) ) ;
#269 = CARTESIAN_POINT ( 'NONE',  ( 6.000000000000000888, 3.673940397442060854E-16, -4.374999999999995559 ) ) ;
#270 = CARTESIAN_POINT ( 'NONE',  ( 0.000000000000000000, 5.350480947161678102, -3.624999999999994671 ) ) ;
#271 = FACE_OUTER_BOUND ( 'NONE', #2353, .T. ) ;
#272 = CARTESIAN_POINT ( 'NONE',  ( 3.783361360347444968, -3.783361360347444080, -4.874999999999993783 ) ) ;
#273 = EDGE_CURVE ( 'NONE', #3232, #3278, #3743, .T. ) ;
#274 = CARTESIAN_POINT ( 'NONE',  ( -6.054126587736524456, -2.507701340964020531, 3.281250000000000000 ) ) ;
#275 = DIRECTION ( 'NONE',  ( 0.8660254037844397068, 0.000000000000000000, 0.4999999999999979461 ) ) ;
#276 = CARTESIAN_POINT ( 'NONE',  ( 3.783361360347444080, 3.783361360347444968, -2.624999999999993783 ) ) ;
#277 = CARTESIAN_POINT ( 'NONE',  ( -3.783361360347444080, -3.783361360347445412, -5.124999999999993783 ) ) ;
#278 = EDGE_LOOP ( 'NONE', ( #320, #2806, #665, #2974 ) ) ;
#279 = CARTESIAN_POINT ( 'NONE',  ( 2.485281374238572205, -6.000000000000001776, -2.437500000000001332 ) ) ;
#280 = CARTESIAN_POINT ( 'NONE',  ( -6.054126587736527121, -3.117565634506131167E-12, 3.999999999999994671 ) ) ;
#281 = VECTOR ( 'NONE', #2001, 1000.000000000000000 ) ;
#282 = CIRCLE ( 'NONE', #2591, 5.350480947161681655 ) ;
#283 = CYLINDRICAL_SURFACE ( 'NONE', #1900, 6.000000000000000888 ) ;
#284 = ORIENTED_EDGE ( 'NONE', *, *, #1542, .T. ) ;
#285 = CARTESIAN_POINT ( 'NONE',  ( 2.507701340964016978, 6.054126587736527121, -4.156249999999996447 ) ) ;
#286 = CARTESIAN_POINT ( 'NONE',  ( -6.015787617396259002, -0.7880244043707618218, 3.999999999999998224 ) ) ;
#287 = CARTESIAN_POINT ( 'NONE',  ( 5.350480947161678102, -2.216241773533210058, 3.062500000000005773 ) ) ;
#288 = CARTESIAN_POINT ( 'NONE',  ( 5.350480947161678102, 3.276224682920223997E-16, 1.250000000000005551 ) ) ;
#289 = CARTESIAN_POINT ( 'NONE',  ( -3.783361360347445412, 3.783361360347443636, 3.500000000000005773 ) ) ;
#290 = CARTESIAN_POINT ( 'NONE',  ( 0.000000000000000000, 6.054126587736526233, 2.906250000000002665 ) ) ;
#291 = ORIENTED_EDGE ( 'NONE', *, *, #93, .T. ) ;
#292 = CARTESIAN_POINT ( 'NONE',  ( 4.242640687119285658, -4.242640687119284770, -4.499999999999996447 ) ) ;
#293 = CARTESIAN_POINT ( 'NONE',  ( 5.350480947161678102, 3.276224682920223997E-16, -0.8749999999999946709 ) ) ;
#294 = AXIS2_PLACEMENT_3D ( 'NONE', #190, #3356, #125 ) ;
#295 = CARTESIAN_POINT ( 'NONE',  ( -2.216241773533214054, 5.350480947161677214, -5.437499999999994671 ) ) ;
#296 = CARTESIAN_POINT ( 'NONE',  ( 0.000000000000000000, 7.500000000000000000, 5.950000000000000178 ) ) ;
#297 = CARTESIAN_POINT ( 'NONE',  ( -5.350480947161678102, -9.828674048760671990E-16, -3.249999999999994227 ) ) ;
#298 = ADVANCED_FACE ( 'NONE', ( #871, #913 ), #933, .T. ) ;
#299 = CARTESIAN_POINT ( 'NONE',  ( 9.499999999999994671, 5.484827557301453993, 6.000000000000000000 ) ) ;
#300 = ORIENTED_EDGE ( 'NONE', *, *, #1002, .T. ) ;
#301 = CARTESIAN_POINT ( 'NONE',  ( -8.717934693346425234, 5.936353172621761765, -5.525238417491037168 ) ) ;
#302 = EDGE_CURVE ( 'NONE', #1703, #752, #3687, .T. ) ;
#303 = VERTEX_POINT ( 'NONE', #2162 ) ;
#304 = CARTESIAN_POINT ( 'NONE',  ( 6.552449365840447993E-16, -5.350480947161678102, 5.000000000000006217 ) ) ;
#305 = AXIS2_PLACEMENT_3D ( 'NONE', #2648, #426, #485 ) ;
#306 = CARTESIAN_POINT ( 'NONE',  ( -5.350480947161677214, -2.216241773533214054, 2.687500000000005329 ) ) ;
#307 = CARTESIAN_POINT ( 'NONE',  ( 5.350480947161678102, -2.216241773533210058, 1.187500000000005329 ) ) ;
#308 = CARTESIAN_POINT ( 'NONE',  ( -5.350480947161677214, -2.216241773533213610, 2.687500000000005773 ) ) ;
#309 = CARTESIAN_POINT ( 'NONE',  ( -1.570224092416431239, -5.850318749512907424, -5.999999999999998224 ) ) ;
#310 = CARTESIAN_POINT ( 'NONE',  ( 5.350480947161678102, 3.276224682920223997E-16, -1.874999999999994671 ) ) ;
#311 = CARTESIAN_POINT ( 'NONE',  ( 6.000000000000000888, 3.673940397442060361E-16, -3.250000000000000000 ) ) ;
#312 = CARTESIAN_POINT ( 'NONE',  ( 6.552449365840447993E-16, -5.350480947161678102, -5.999999999999994671 ) ) ;
#313 = CARTESIAN_POINT ( 'NONE',  ( 6.054126587736527121, -2.507701340964016534, 1.656249999999999778 ) ) ;
#314 = CARTESIAN_POINT ( 'NONE',  ( -5.350480947161677214, 2.216241773533212278, -4.312499999999994671 ) ) ;
#315 = DIRECTION ( 'NONE',  ( -0.000000000000000000, -0.000000000000000000, -1.000000000000000000 ) ) ;
#316 = ORIENTED_EDGE ( 'NONE', *, *, #2563, .F. ) ;
#317 = DIRECTION ( 'NONE',  ( 0.000000000000000000, 1.000000000000000000, 2.312964634635741478E-16 ) ) ;
#318 = ADVANCED_FACE ( 'NONE', ( #596 ), #2432, .F. ) ;
#319 = CARTESIAN_POINT ( 'NONE',  ( 0.000000000000000000, 6.425240473580841716, -5.999999999999999112 ) ) ;
#320 = ORIENTED_EDGE ( 'NONE', *, *, #2361, .T. ) ;
#321 = ADVANCED_FACE ( 'NONE', ( #576 ), #78, .T. ) ;
#322 = CARTESIAN_POINT ( 'NONE',  ( 1.569950046745054451, -10.06324403250036603, 3.698481791181275291 ) ) ;
#323 = CARTESIAN_POINT ( 'NONE',  ( -3.783361360347444080, -3.783361360347445412, -2.249999999999995115 ) ) ;
#324 = CARTESIAN_POINT ( 'NONE',  ( -3.783361360347444080, -3.783361360347445412, -2.124999999999995115 ) ) ;
#325 = B_SPLINE_CURVE_WITH_KNOTS ( 'NONE', 3,
 ( #2316, #3562, #1342, #2606, #729, #3253, #1989, #750, #2009, #2949, #3899, #2335, #3585, #2026, #1748, #3400, #1834, #835 ),
 .UNSPECIFIED., .F., .F.,
 ( 4, 2, 2, 2, 2, 2, 2, 2, 4 ),
 ( 0.002404635989848432406, 0.003415420805122514839, 0.004426205620396597706, 0.005436990435670681007, 0.006447775250944764308, 0.007458560066218845874, 0.008469344881492929175, 0.009480129696767010741, 0.01049091451204109404 ),
 .UNSPECIFIED. ) ;
#326 = AXIS2_PLACEMENT_3D ( 'NONE', #3931, #1093, #144 ) ;
#327 = CARTESIAN_POINT ( 'NONE',  ( 6.552449365840447993E-16, -5.350480947161678102, 3.875000000000005773 ) ) ;
#328 = CARTESIAN_POINT ( 'NONE',  ( 2.485281374238572205, -6.000000000000001776, 3.562499999999998668 ) ) ;
#329 = CARTESIAN_POINT ( 'NONE',  ( 6.552449365840447993E-16, -5.350480947161678102, -6.124999999999994671 ) ) ;
#330 = CARTESIAN_POINT ( 'NONE',  ( 0.000000000000000000, -3.286135577712063753E-15, 3.999999999999998224 ) ) ;
#331 = CARTESIAN_POINT ( 'NONE',  ( -3.783361360347445412, 3.783361360347443636, -4.374999999999995559 ) ) ;
#332 = CARTESIAN_POINT ( 'NONE',  ( 0.000000000000000000, 6.054126587736526233, -1.031250000000000000 ) ) ;
#333 = CARTESIAN_POINT ( 'NONE',  ( 3.783361360347444080, 3.783361360347444968, -4.624999999999993783 ) ) ;
#334 = CARTESIAN_POINT ( 'NONE',  ( -6.000000000000000888, -1.102182119232618108E-15, 1.125000000000003997 ) ) ;
#335 = ORIENTED_EDGE ( 'NONE', *, *, #252, .T. ) ;
#336 = DIRECTION ( 'NONE',  ( 0.000000000000000000, 1.000000000000000000, 1.939024098649975151E-16 ) ) ;
#337 = ORIENTED_EDGE ( 'NONE', *, *, #1658, .F. ) ;
#338 = LOCAL_TIME ( 17, 51, 9.000000000000000000, #2250 ) ;
#339 = CARTESIAN_POINT ( 'NONE',  ( -4.280913964350272494, 4.280913964350270717, -5.968749999999998224 ) ) ;
#340 = CARTESIAN_POINT ( 'NONE',  ( -2.216241773533209614, -5.350480947161678991, 5.937500000000004441 ) ) ;
#341 = VECTOR ( 'NONE', #1194, 1000.000000000000000 ) ;
#342 = CARTESIAN_POINT ( 'NONE',  ( 0.000000000000000000, 5.350480947161678102, -3.624999999999994671 ) ) ;
#343 = CARTESIAN_POINT ( 'NONE',  ( -2.216241773533209614, -5.350480947161678991, -4.062499999999994671 ) ) ;
#344 = EDGE_CURVE ( 'NONE', #1340, #600, #4065, .T. ) ;
#345 = CARTESIAN_POINT ( 'NONE',  ( -3.783361360347445412, 3.783361360347443636, -3.499999999999994227 ) ) ;
#346 = CIRCLE ( 'NONE', #2182, 6.000000000000000888 ) ;
#347 = CARTESIAN_POINT ( 'NONE',  ( 6.054126587736527121, 2.507701340964017422, 0.7187500000000023315 ) ) ;
#348 = CARTESIAN_POINT ( 'NONE',  ( -5.541188686104852934, -7.770448335049740862, 4.000000000000000888 ) ) ;
#349 = CARTESIAN_POINT ( 'NONE',  ( -6.000000000000000888, -1.102182119232618108E-15, -0.8749999999999960032 ) ) ;
#350 = CARTESIAN_POINT ( 'NONE',  ( -2.182977585737425397, -5.329096460494242571, -5.827807181929394176 ) ) ;
#351 = CARTESIAN_POINT ( 'NONE',  ( -5.999999999999999112, -2.485281374238574426, -1.687500000000000666 ) ) ;
#352 = CARTESIAN_POINT ( 'NONE',  ( 2.507701340964016978, 6.054126587736527121, -0.09375000000000008327 ) ) ;
#353 = CARTESIAN_POINT ( 'NONE',  ( -3.783361360347444080, -3.783361360347445412, 5.750000000000006217 ) ) ;
#354 = CARTESIAN_POINT ( 'NONE',  ( -6.054126587736530674, -3.875330548556061606E-16, 3.999999999999998224 ) ) ;
#355 = ORIENTED_EDGE ( 'NONE', *, *, #468, .F. ) ;
#356 = CARTESIAN_POINT ( 'NONE',  ( 3.783361360347444968, -3.783361360347444080, 3.125000000000005773 ) ) ;
#357 = PRODUCT_DEFINITION_SHAPE ( 'NONE', 'NONE',  #1630 ) ;
#358 = DIRECTION ( 'NONE',  ( 0.000000000000000000, -1.939024098649975398E-16, 1.000000000000000000 ) ) ;
#359 = PERSON_AND_ORGANIZATION ( #2697, #1829 ) ;
#360 = ORIENTED_EDGE ( 'NONE', *, *, #3089, .F. ) ;
#361 = CARTESIAN_POINT ( 'NONE',  ( 3.783361360347444080, 3.783361360347444968, 6.375000000000005329 ) ) ;
#362 = CARTESIAN_POINT ( 'NONE',  ( 0.000000000000000000, 5.350480947161678102, -2.624999999999995559 ) ) ;
#363 = CARTESIAN_POINT ( 'NONE',  ( 3.783361360347444968, -3.783361360347444080, -4.874999999999993783 ) ) ;
#364 = CARTESIAN_POINT ( 'NONE',  ( 6.000000000000000888, 3.673940397442060854E-16, -2.374999999999995559 ) ) ;
#365 = CARTESIAN_POINT ( 'NONE',  ( 3.783361360347444968, -3.783361360347444080, 5.204170427930421283E-15 ) ) ;
#366 = VERTEX_POINT ( 'NONE', #1215 ) ;
#367 = CARTESIAN_POINT ( 'NONE',  ( 6.054126587736527121, -2.507701340964016534, -1.406249999999997558 ) ) ;
#368 = CARTESIAN_POINT ( 'NONE',  ( -4.001761529832927877, -4.560056584822869574, -6.000000000000000000 ) ) ;
#369 = ADVANCED_FACE ( 'NONE', ( #1827 ), #1522, .F. ) ;
#370 = CARTESIAN_POINT ( 'NONE',  ( 6.000000000000012434, -2.485281374238559771, -0.4374999999999961697 ) ) ;
#371 = CARTESIAN_POINT ( 'NONE',  ( 5.432255368952856323, -0.9334148663004129265, -5.685094510509895116 ) ) ;
#372 = CARTESIAN_POINT ( 'NONE',  ( 5.999999999999989342, -2.485281374238580643, 2.687499999999999556 ) ) ;
#373 = AXIS2_PLACEMENT_3D ( 'NONE', #2626, #2356, #2683 ) ;
#374 = CARTESIAN_POINT ( 'NONE',  ( 2.485281374238572205, -6.000000000000001776, -1.437500000000001110 ) ) ;
#375 = CARTESIAN_POINT ( 'NONE',  ( 4.280913964350270717, 4.280913964350271605, -0.1562500000000001388 ) ) ;
#376 = EDGE_CURVE ( 'NONE', #2666, #439, #3137, .T. ) ;
#377 = CARTESIAN_POINT ( 'NONE',  ( -3.783361360347444080, -3.783361360347445412, 4.750000000000006217 ) ) ;
#378 = CARTESIAN_POINT ( 'NONE',  ( 2.955549338456235020, 4.460086823582142479, -5.593750000000005329 ) ) ;
#379 = CARTESIAN_POINT ( 'NONE',  ( 3.783361360347444080, 3.783361360347444968, 0.3750000000000055511 ) ) ;
#380 = CARTESIAN_POINT ( 'NONE',  ( -2.485281374238575314, 5.999999999999999112, -1.062499999999996225 ) ) ;
#381 = CARTESIAN_POINT ( 'NONE',  ( -3.157285228197919569, -9.146795638194387124, 3.936354711086107017 ) ) ;
#382 = CARTESIAN_POINT ( 'NONE',  ( 5.350480947161678102, 2.216241773533211390, 3.312500000000005773 ) ) ;
#383 = DIRECTION ( 'NONE',  ( -0.000000000000000000, -0.000000000000000000, -1.000000000000000000 ) ) ;
#384 = ORIENTED_EDGE ( 'NONE', *, *, #1367, .T. ) ;
#385 = CARTESIAN_POINT ( 'NONE',  ( 0.000000000000000000, 5.350480947161678102, -1.624999999999994449 ) ) ;
#386 = CARTESIAN_POINT ( 'NONE',  ( 5.350480947161678102, 2.216241773533210946, -1.687499999999994671 ) ) ;
#387 = CARTESIAN_POINT ( 'NONE',  ( -5.350480947161678102, -9.828674048760671990E-16, -1.374999999999994227 ) ) ;
#388 = ORIENTED_EDGE ( 'NONE', *, *, #3531, .F. ) ;
#389 = CARTESIAN_POINT ( 'NONE',  ( -6.054126587736525344, 2.507701340964018311, -0.9062499999999973355 ) ) ;
#390 = CARTESIAN_POINT ( 'NONE',  ( -3.032943075737513539, -5.254816400598033788, -5.999999999999996447 ) ) ;
#391 = CARTESIAN_POINT ( 'NONE',  ( 3.783361360347444968, -3.783361360347444080, -3.999999999999994671 ) ) ;
#392 = CARTESIAN_POINT ( 'NONE',  ( -4.458313275742831649, -3.748867713501292442, -5.865977613001479796 ) ) ;
#393 = CARTESIAN_POINT ( 'NONE',  ( 7.414166747304424153E-16, -6.054126587736526233, 0.4687500000000004441 ) ) ;
#394 = CARTESIAN_POINT ( 'NONE',  ( 5.350480947161678102, 2.216241773533211390, 6.187500000000005329 ) ) ;
#395 = EDGE_CURVE ( 'NONE', #2520, #3770, #1197, .T. ) ;
#396 = CARTESIAN_POINT ( 'NONE',  ( -6.000000000000000888, -1.102182119232618108E-15, -5.750000000000000000 ) ) ;
#397 = ORIENTED_EDGE ( 'NONE', *, *, #2831, .T. ) ;
#398 = CARTESIAN_POINT ( 'NONE',  ( 3.783361360347444080, 3.783361360347444968, 1.375000000000005551 ) ) ;
#399 = CARTESIAN_POINT ( 'NONE',  ( -6.000000000000000888, -1.102182119232618108E-15, -2.750000000000001332 ) ) ;
#400 = ORIENTED_EDGE ( 'NONE', *, *, #2284, .T. ) ;
#401 = CARTESIAN_POINT ( 'NONE',  ( -6.000000000000000888, 0.000000000000000000, 6.000000000000000000 ) ) ;
#402 = CARTESIAN_POINT ( 'NONE',  ( 6.552449365840447993E-16, -5.350480947161678102, -3.124999999999994227 ) ) ;
#403 = CARTESIAN_POINT ( 'NONE',  ( 6.552449365840447993E-16, -5.350480947161678102, -3.124999999999994227 ) ) ;
#404 = VERTEX_POINT ( 'NONE', #2782 ) ;
#405 = CARTESIAN_POINT ( 'NONE',  ( 6.054126587736526233, 3.707083373652212077E-16, 0.6562500000000023315 ) ) ;
#406 = VECTOR ( 'NONE', #2662, 1000.000000000000000 ) ;
#407 = CYLINDRICAL_SURFACE ( 'NONE', #3915, 6.000000000000000888 ) ;
#408 = LINE ( 'NONE', #1649, #2862 ) ;
#409 = CARTESIAN_POINT ( 'NONE',  ( -3.025405311032607791, -4.937737500749925346, -5.840929380776178625 ) ) ;
#410 = AXIS2_PLACEMENT_3D ( 'NONE', #2766, #315, #896 ) ;
#411 = CARTESIAN_POINT ( 'NONE',  ( 6.000000000000000888, 3.673940397442060361E-16, -1.250000000000000888 ) ) ;
#412 = CARTESIAN_POINT ( 'NONE',  ( 0.000000000000000000, 6.054126587736526233, -2.031250000000000000 ) ) ;
#413 = CARTESIAN_POINT ( 'NONE',  ( -5.350480947161677214, 2.216241773533212278, 5.562500000000006217 ) ) ;
#414 = CARTESIAN_POINT ( 'NONE',  ( 6.552449365840447993E-16, -5.350480947161678102, 5.204170427930421283E-15 ) ) ;
#415 = CARTESIAN_POINT ( 'NONE',  ( 2.485281374238571317, 6.000000000000001776, -3.187499999999996447 ) ) ;
#416 = ORIENTED_EDGE ( 'NONE', *, *, #591, .T. ) ;
#417 = EDGE_CURVE ( 'NONE', #3239, #2051, #3996, .T. ) ;
#418 = CARTESIAN_POINT ( 'NONE',  ( -3.951830982213105248, 8.688064433230255901, -6.000000000000001776 ) ) ;
#419 = CARTESIAN_POINT ( 'NONE',  ( 2.507701340964016978, 6.054126587736527121, 4.843750000000002665 ) ) ;
#420 = ORIENTED_EDGE ( 'NONE', *, *, #980, .T. ) ;
#421 = LINE ( 'NONE', #1724, #3067 ) ;
#422 = CARTESIAN_POINT ( 'NONE',  ( 0.000000000000000000, 5.350480947161678102, -1.624999999999994449 ) ) ;
#423 = VERTEX_POINT ( 'NONE', #3906 ) ;
#424 = CARTESIAN_POINT ( 'NONE',  ( 4.280913964350271605, -4.280913964350270717, -0.4687499999999978351 ) ) ;
#425 = ORIENTED_EDGE ( 'NONE', *, *, #2557, .F. ) ;
#426 = DIRECTION ( 'NONE',  ( -0.000000000000000000, 1.939024098649975398E-16, -1.000000000000000000 ) ) ;
#427 = CARTESIAN_POINT ( 'NONE',  ( 2.485281374238571317, 6.000000000000001776, 2.812500000000003553 ) ) ;
#428 = CARTESIAN_POINT ( 'NONE',  ( 2.845705839910518176, -4.860088514402074011, -5.754467856304827045 ) ) ;
#429 = CARTESIAN_POINT ( 'NONE',  ( -6.000000000000000888, -1.102182119232618108E-15, 1.125000000000003997 ) ) ;
#430 = CARTESIAN_POINT ( 'NONE',  ( -6.054126587736526233, -1.112125012095663524E-15, -5.781250000000000000 ) ) ;
#431 = CARTESIAN_POINT ( 'NONE',  ( 5.350480947161678102, -2.216241773533210946, 4.062500000000005329 ) ) ;
#432 = AXIS2_PLACEMENT_3D ( 'NONE', #1664, #2936, #116 ) ;
#433 = CARTESIAN_POINT ( 'NONE',  ( -9.500000000000001776, 0.9173344983403701747, -6.000000000000006217 ) ) ;
#434 = CARTESIAN_POINT ( 'NONE',  ( 2.971681773145090411, -4.843168838337407855, 3.778479809600437278 ) ) ;
#435 = CARTESIAN_POINT ( 'NONE',  ( 5.350480947161678102, 3.276224682920223997E-16, 1.250000000000005551 ) ) ;
#436 = CARTESIAN_POINT ( 'NONE',  ( 0.000000000000000000, 5.350480947161678102, 6.500000000000005329 ) ) ;
#437 = CARTESIAN_POINT ( 'NONE',  ( 0.000000000000000000, 5.350480947161678102, 4.000000000000000000 ) ) ;
#438 = CARTESIAN_POINT ( 'NONE',  ( 6.054126587736527121, 2.507701340964017422, 4.718750000000002665 ) ) ;
#439 = VERTEX_POINT ( 'NONE', #3676 ) ;
#440 = CARTESIAN_POINT ( 'NONE',  ( -3.783361360347444080, -3.783361360347445412, 4.875000000000006217 ) ) ;
#441 = PLANE ( 'NONE',  #3512 ) ;
#442 = B_SPLINE_CURVE_WITH_KNOTS ( 'NONE', 3,
 ( #3926, #1757, #2977, #2631, #818, #1708, #2034, #2341, #2015, #1448, #3329, #3259, #3653, #3972, #2402, #1126, #1147, #486, #3020, #841, #2099, #2054, #3592, #757 ),
 .UNSPECIFIED., .F., .F.,
 ( 4, 2, 2, 2, 2, 2, 2, 2, 2, 2, 2, 4 ),
 ( 0.000000000000000000, 0.001335607605519159710, 0.002671215211038319420, 0.003339019013797899383, 0.004006822816557478913, 0.005342430422076637105, 0.006010234224836216201, 0.006678038027595794429, 0.007345841830355373525, 0.008013645633114950886, 0.009349253238634105609, 0.01068486084415326033 ),
 .UNSPECIFIED. ) ;
#443 = CARTESIAN_POINT ( 'NONE',  ( -5.350480947161677214, -2.216241773533213610, -4.312499999999994671 ) ) ;
#444 = ORIENTED_EDGE ( 'NONE', *, *, #1050, .F. ) ;
#445 = CARTESIAN_POINT ( 'NONE',  ( 9.500000000000007105, 5.484827557301442447, 3.314688565214006122 ) ) ;
#446 = DIRECTION ( 'NONE',  ( 0.000000000000000000, 1.000000000000000000, 1.621091162745884954E-16 ) ) ;
#447 = CARTESIAN_POINT ( 'NONE',  ( 6.552449365840447993E-16, -5.350480947161678102, 3.000000000000005773 ) ) ;
#448 = DIRECTION ( 'NONE',  ( 0.000000000000000000, -1.000000000000000000, -1.581383788144377214E-16 ) ) ;
#449 = CARTESIAN_POINT ( 'NONE',  ( 2.507701340964016978, 6.054126587736527121, -4.093750000000000000 ) ) ;
#450 = CARTESIAN_POINT ( 'NONE',  ( -3.783361360347445412, 3.783361360347443636, 2.500000000000005773 ) ) ;
#451 = CARTESIAN_POINT ( 'NONE',  ( 4.750000000000002665, 8.227241335952172108, -6.000000000000003553 ) ) ;
#452 = APPROVAL_PERSON_ORGANIZATION ( #2685, #1334, #2134 ) ;
#453 = CARTESIAN_POINT ( 'NONE',  ( 7.347880794884120722E-16, -6.000000000000000888, -0.5000000000000011102 ) ) ;
#454 = CARTESIAN_POINT ( 'NONE',  ( -4.685650817735553808, -2.812703300051619948, 3.652697398859722444 ) ) ;
#455 = CARTESIAN_POINT ( 'NONE',  ( -5.350480947161677214, 2.216241773533212278, 1.687500000000005995 ) ) ;
#456 = CARTESIAN_POINT ( 'NONE',  ( 3.783361360347444080, 3.783361360347444968, 1.375000000000005551 ) ) ;
#457 = CARTESIAN_POINT ( 'NONE',  ( -1.561251128379126385E-14, -10.96965511460289910, -5.314688565214028770 ) ) ;
#458 = CARTESIAN_POINT ( 'NONE',  ( 4.280913964350270717, 4.280913964350271605, 5.781250000000002665 ) ) ;
#459 = VERTEX_POINT ( 'NONE', #1474 ) ;
#460 = CARTESIAN_POINT ( 'NONE',  ( -5.350480947161677214, -2.216241773533214054, -4.312499999999995559 ) ) ;
#461 = CARTESIAN_POINT ( 'NONE',  ( 6.552449365840447993E-16, -5.350480947161678102, -6.124999999999994671 ) ) ;
#462 = ORIENTED_EDGE ( 'NONE', *, *, #492, .F. ) ;
#463 = CARTESIAN_POINT ( 'NONE',  ( -6.054126587736525344, 2.507701340964018311, -3.906249999999997780 ) ) ;
#464 =( BOUNDED_CURVE ( )  B_SPLINE_CURVE ( 2, ( #37, #1288, #3444, #1888, #1911, #2261, #2571, #3167, #2280 ),
 .UNSPECIFIED., .F., .F. ) 
 B_SPLINE_CURVE_WITH_KNOTS ( ( 3, 2, 2, 2, 3 ),
 ( 0.7500000000000002220, 0.7596153846153848033, 0.7692307692307693845, 0.7788461538461539657, 0.7884615384615385469 ),
 .UNSPECIFIED. ) 
 CURVE ( )  GEOMETRIC_REPRESENTATION_ITEM ( )  RATIONAL_B_SPLINE_CURVE ( ( 0.9999999999999982236, 0.9238795325112885148, 1.000000000000000000, 0.9238795325112867385, 1.000000000000000000, 0.9238795325112867385, 1.000000000000000000, 0.9238795325112858503, 1.000000000000000888 ) ) 
 REPRESENTATION_ITEM ( '' )  );
#465 = CARTESIAN_POINT ( 'NONE',  ( 7.347880794884120722E-16, -6.000000000000000888, -5.500000000000000888 ) ) ;
#466 = FACE_OUTER_BOUND ( 'NONE', #3730, .T. ) ;
#467 = CARTESIAN_POINT ( 'NONE',  ( -3.783361360347445412, 3.783361360347443636, 2.625000000000005773 ) ) ;
#468 = EDGE_CURVE ( 'NONE', #96, #3184, #3553, .T. ) ;
#469 = CARTESIAN_POINT ( 'NONE',  ( 0.000000000000000000, 5.350480947161678102, 5.375000000000005329 ) ) ;
#470 = CARTESIAN_POINT ( 'NONE',  ( -4.280913964350272494, 4.280913964350270717, -6.906250000000000888 ) ) ;
#471 = CARTESIAN_POINT ( 'NONE',  ( 2.216241773533212278, -5.350480947161678102, 2.937500000000005773 ) ) ;
#472 = VECTOR ( 'NONE', #92, 1000.000000000000000 ) ;
#473 = EDGE_CURVE ( 'NONE', #3398, #1606, #10, .T. ) ;
#474 = CARTESIAN_POINT ( 'NONE',  ( 6.552449365840447993E-16, -5.350480947161678102, -0.9999999999999940048 ) ) ;
#475 = DIRECTION ( 'NONE',  ( -0.000000000000000000, 1.939024098649975398E-16, -1.000000000000000000 ) ) ;
#476 = CARTESIAN_POINT ( 'NONE',  ( -4.855699007215178220, -2.486432005405275980, 3.647220180931037170 ) ) ;
#477 = CARTESIAN_POINT ( 'NONE',  ( -5.350480947161677214, -2.216241773533213610, 1.812500000000005995 ) ) ;
#478 = CARTESIAN_POINT ( 'NONE',  ( 3.783361360347444080, 3.783361360347444968, 0.3750000000000055511 ) ) ;
#479 = CARTESIAN_POINT ( 'NONE',  ( 0.000000000000000000, 0.000000000000000000, 6.000000000000000000 ) ) ;
#480 = ORIENTED_EDGE ( 'NONE', *, *, #2059, .T. ) ;
#481 = CARTESIAN_POINT ( 'NONE',  ( 5.350480947161678102, -2.216241773533210058, -4.937499999999993783 ) ) ;
#482 = CARTESIAN_POINT ( 'NONE',  ( -5.350480947161677214, 2.216241773533212278, -4.437499999999995559 ) ) ;
#483 = EDGE_LOOP ( 'NONE', ( #1359, #3898, #1299, #858 ) ) ;
#484 = ORIENTED_EDGE ( 'NONE', *, *, #1339, .T. ) ;
#485 = DIRECTION ( 'NONE',  ( 0.000000000000000000, 1.000000000000000000, 1.826024711554533420E-16 ) ) ;
#486 = CARTESIAN_POINT ( 'NONE',  ( 5.267062828193601831, 2.993358644074783470, 3.999999999999998224 ) ) ;
#487 = CARTESIAN_POINT ( 'NONE',  ( 6.000000000000000888, 3.673940397442060361E-16, -1.250000000000000888 ) ) ;
#488 = CARTESIAN_POINT ( 'NONE',  ( -2.216241773533214054, 5.350480947161677214, 5.437500000000005329 ) ) ;
#489 = ADVANCED_FACE ( 'NONE', ( #528, #2117 ), #2651, .F. ) ;
#490 = CARTESIAN_POINT ( 'NONE',  ( 4.280913964350270717, 4.280913964350271605, -3.156249999999999112 ) ) ;
#491 = CARTESIAN_POINT ( 'NONE',  ( 0.000000000000000000, 5.350480947161678102, 1.375000000000005551 ) ) ;
#492 = EDGE_CURVE ( 'NONE', #1401, #600, #282, .T. ) ;
#493 = CARTESIAN_POINT ( 'NONE',  ( -5.999999999999999112, -2.485281374238574426, -0.6875000000000004441 ) ) ;
#494 = CARTESIAN_POINT ( 'NONE',  ( -5.377544241029966976, -9.751944634004514866E-13, 3.609375000000018652 ) ) ;
#495 = CARTESIAN_POINT ( 'NONE',  ( 5.350480947161678102, 2.216241773533211390, -0.6874999999999945599 ) ) ;
#496 = CARTESIAN_POINT ( 'NONE',  ( -6.054126587736526233, 2.712407121085481031E-11, -6.000000000000001776 ) ) ;
#497 = CIRCLE ( 'NONE', #3325, 1.950000000000000400 ) ;
#498 = FACE_OUTER_BOUND ( 'NONE', #3017, .T. ) ;
#499 = ORIENTED_EDGE ( 'NONE', *, *, #2533, .T. ) ;
#500 = CARTESIAN_POINT ( 'NONE',  ( -9.500000000000001776, -4.582997182334803909, 3.524953770315881751 ) ) ;
#501 = COORDINATED_UNIVERSAL_TIME_OFFSET ( 8, 0, .BEHIND. ) ;
#502 = CARTESIAN_POINT ( 'NONE',  ( 5.350480947161678102, 3.276224682920223997E-16, -5.874999999999994671 ) ) ;
#503 = ORIENTED_EDGE ( 'NONE', *, *, #645, .T. ) ;
#504 = ORIENTED_EDGE ( 'NONE', *, *, #878, .F. ) ;
#505 = CARTESIAN_POINT ( 'NONE',  ( 4.561888794406679715, -3.999745972418485174, 4.000000000000014211 ) ) ;
#506 = CARTESIAN_POINT ( 'NONE',  ( 0.7820653066535777631, 10.51812949928258512, -5.525238417491035392 ) ) ;
#507 = CARTESIAN_POINT ( 'NONE',  ( 0.000000000000000000, -3.286135577712063753E-15, 3.999999999999998224 ) ) ;
#508 = CARTESIAN_POINT ( 'NONE',  ( 3.783361360347444080, 3.783361360347444968, 4.250000000000005329 ) ) ;
#509 = CARTESIAN_POINT ( 'NONE',  ( 4.280913964350270717, 4.280913964350271605, -6.156250000000000000 ) ) ;
#510 = CARTESIAN_POINT ( 'NONE',  ( -5.350480947161677214, -2.216241773533213610, 2.687500000000005773 ) ) ;
#511 = CARTESIAN_POINT ( 'NONE',  ( 9.499999999999996447, 0.9173344998155954499, 4.000000000000001776 ) ) ;
#512 = CARTESIAN_POINT ( 'NONE',  ( -2.216241773533209614, -5.350480947161678991, -2.062499999999995115 ) ) ;
#513 = CARTESIAN_POINT ( 'NONE',  ( -9.500000000000001776, 1.835825302562026806, 3.936876285967520150 ) ) ;
#514 = CARTESIAN_POINT ( 'NONE',  ( 1.574451649796320796, -10.06064503076693306, -5.699139003783549207 ) ) ;
#515 = CARTESIAN_POINT ( 'NONE',  ( -4.280913964350270717, -4.280913964350272494, -2.718749999999997335 ) ) ;
#516 = CARTESIAN_POINT ( 'NONE',  ( 2.216241773533212278, -5.350480947161678102, 1.062500000000005329 ) ) ;
#517 = DIRECTION ( 'NONE',  ( -0.000000000000000000, -0.000000000000000000, -1.000000000000000000 ) ) ;
#518 = ADVANCED_FACE ( 'NONE', ( #550 ), #754, .T. ) ;
#519 = ORIENTED_EDGE ( 'NONE', *, *, #1097, .F. ) ;
#520 = CARTESIAN_POINT ( 'NONE',  ( -3.783361360347444080, -3.783361360347445412, 3.875000000000005773 ) ) ;
#521 = CARTESIAN_POINT ( 'NONE',  ( 7.925548350203662551, -6.393837641137414707, 3.699139003783535440 ) ) ;
#522 = CARTESIAN_POINT ( 'NONE',  ( -3.783361360347444080, -3.783361360347445412, -6.249999999999995559 ) ) ;
#523 = ORIENTED_EDGE ( 'NONE', *, *, #41, .T. ) ;
#524 = VERTEX_POINT ( 'NONE', #2057 ) ;
#525 = CARTESIAN_POINT ( 'NONE',  ( -2.485281374238569541, -6.000000000000003553, -5.562500000000000000 ) ) ;
#526 = CARTESIAN_POINT ( 'NONE',  ( 2.216241773533210946, 5.350480947161678102, 2.312500000000005329 ) ) ;
#527 = CARTESIAN_POINT ( 'NONE',  ( -2.485281374238569541, -6.000000000000003553, 1.437499999999999778 ) ) ;
#528 = FACE_BOUND ( 'NONE', #278, .T. ) ;
#529 = CARTESIAN_POINT ( 'NONE',  ( -5.999999999999995559, -2.485281374238580199, -4.812499999999995559 ) ) ;
#530 = CARTESIAN_POINT ( 'NONE',  ( -2.216241773533209614, -5.350480947161678991, -0.1874999999999940881 ) ) ;
#531 = CARTESIAN_POINT ( 'NONE',  ( 3.783361360347444968, -3.783361360347444080, -1.874999999999994671 ) ) ;
#532 = CARTESIAN_POINT ( 'NONE',  ( -4.280913964350272494, 4.280913964350270717, 2.093750000000000000 ) ) ;
#533 = AXIS2_PLACEMENT_3D ( 'NONE', #622, #4070, #317 ) ;
#534 = CARTESIAN_POINT ( 'NONE',  ( 3.350063984039695680E-16, 10.96965511460289555, 6.000000000000000000 ) ) ;
#535 = CARTESIAN_POINT ( 'NONE',  ( 0.000000000000000000, 5.350480947161678102, 0.5000000000000056621 ) ) ;
#536 = CARTESIAN_POINT ( 'NONE',  ( 4.242640687119285658, -4.242640687119284770, -5.499999999999996447 ) ) ;
#537 = AXIS2_PLACEMENT_3D ( 'NONE', #3568, #2076, #209 ) ;
#538 = ORIENTED_EDGE ( 'NONE', *, *, #930, .T. ) ;
#539 = CARTESIAN_POINT ( 'NONE',  ( -2.216241773533214054, 5.350480947161677214, 4.562500000000006217 ) ) ;
#540 = EDGE_CURVE ( 'NONE', #2714, #3968, #1175, .T. ) ;
#541 = ORIENTED_EDGE ( 'NONE', *, *, #2361, .F. ) ;
#542 = VERTEX_POINT ( 'NONE', #864 ) ;
#543 = EDGE_CURVE ( 'NONE', #1083, #3278, #2018, .T. ) ;
#544 = CARTESIAN_POINT ( 'NONE',  ( -5.669098187000138012, -2.133698836501691787, 3.999999999999998224 ) ) ;
#545 = B_SPLINE_CURVE_WITH_KNOTS ( 'NONE', 3,
 ( #2455, #1480, #3050, #3073, #2762, #3376 ),
 .UNSPECIFIED., .F., .F.,
 ( 4, 2, 4 ),
 ( 2.339747056423789256E-07, 0.002759217899624835570, 0.005518201824544028897 ),
 .UNSPECIFIED. ) ;
#546 = CARTESIAN_POINT ( 'NONE',  ( 6.552449365840447993E-16, -5.350480947161678102, 1.875000000000005107 ) ) ;
#547 = CARTESIAN_POINT ( 'NONE',  ( 5.350480947161678102, 2.216241773533210946, -0.6874999999999946709 ) ) ;
#548 = CARTESIAN_POINT ( 'NONE',  ( -6.000000000000023981, -2.485281374238552665, 1.312499999999999112 ) ) ;
#549 = AXIS2_PLACEMENT_3D ( 'NONE', #2471, #2489, #3976 ) ;
#550 = FACE_OUTER_BOUND ( 'NONE', #1162, .T. ) ;
#551 = CARTESIAN_POINT ( 'NONE',  ( 2.507701340964016978, 6.054126587736527121, 2.843750000000002665 ) ) ;
#552 = CARTESIAN_POINT ( 'NONE',  ( -6.000000000000016875, -2.485281374238557994, -3.812499999999997335 ) ) ;
#553 = CARTESIAN_POINT ( 'NONE',  ( -3.783361360347444080, -3.783361360347445412, -3.249999999999994227 ) ) ;
#554 = CARTESIAN_POINT ( 'NONE',  ( -3.783361360347444080, -3.783361360347445412, -1.124999999999994005 ) ) ;
#555 = CARTESIAN_POINT ( 'NONE',  ( -6.054126587736526233, -1.112125012095663524E-15, 3.218750000000000444 ) ) ;
#556 = CARTESIAN_POINT ( 'NONE',  ( 9.499999999999996447, 0.000000000000000000, -6.000000000000000000 ) ) ;
#557 = CARTESIAN_POINT ( 'NONE',  ( 0.000000000000000000, 6.054126587736526233, -2.093749999999998224 ) ) ;
#558 = CARTESIAN_POINT ( 'NONE',  ( 3.783361360347444968, -3.783361360347444080, -0.8749999999999946709 ) ) ;
#559 = CARTESIAN_POINT ( 'NONE',  ( 2.955549338456235020, 4.460086823582142479, -5.593750000000005329 ) ) ;
#560 = CC_DESIGN_PERSON_AND_ORGANIZATION_ASSIGNMENT ( #3810, #2867, ( #2905 ) ) ;
#561 = CARTESIAN_POINT ( 'NONE',  ( 2.485281374238572205, -6.000000000000001776, -4.437500000000001776 ) ) ;
#562 = ORIENTED_EDGE ( 'NONE', *, *, #1466, .T. ) ;
#563 = CARTESIAN_POINT ( 'NONE',  ( -5.999999999999977796, -2.485281374238596630, 2.187500000000004885 ) ) ;
#564 = AXIS2_PLACEMENT_3D ( 'NONE', #3925, #1707, #1106 ) ;
#565 = APPROVAL_DATE_TIME ( #1184, #1334 ) ;
#566 = VERTEX_POINT ( 'NONE', #1843 ) ;
#567 = FACE_OUTER_BOUND ( 'NONE', #3087, .T. ) ;
#568 = CARTESIAN_POINT ( 'NONE',  ( 3.783361360347444080, 3.783361360347444968, 1.250000000000005551 ) ) ;
#569 = CARTESIAN_POINT ( 'NONE',  ( -5.350480947161677214, 2.216241773533211834, 0.6875000000000058842 ) ) ;
#570 = ADVANCED_FACE ( 'NONE', ( #2756 ), #3564, .T. ) ;
#571 = CARTESIAN_POINT ( 'NONE',  ( -5.350480947161677214, -2.216241773533213610, 0.6875000000000059952 ) ) ;
#572 = CARTESIAN_POINT ( 'NONE',  ( 2.485281374238571317, 6.000000000000001776, -5.187499999999996447 ) ) ;
#573 = CARTESIAN_POINT ( 'NONE',  ( 0.000000000000000000, 5.350480947161678102, -2.624999999999995559 ) ) ;
#574 = CARTESIAN_POINT ( 'NONE',  ( 3.783361360347444080, 3.783361360347444968, -4.624999999999993783 ) ) ;
#575 = CARTESIAN_POINT ( 'NONE',  ( -6.054126587736524456, -2.507701340964020531, 4.281250000000000888 ) ) ;
#576 = FACE_OUTER_BOUND ( 'NONE', #3236, .T. ) ;
#577 = CARTESIAN_POINT ( 'NONE',  ( -5.350480947161677214, -2.216241773533213610, -3.187499999999994227 ) ) ;
#578 =( BOUNDED_CURVE ( )  B_SPLINE_CURVE ( 2, ( #2462, #2500, #1505, #4029, #2149, #3399, #939, #3141, #1220 ),
 .UNSPECIFIED., .F., .T. ) 
 B_SPLINE_CURVE_WITH_KNOTS ( ( 3, 2, 2, 2, 3 ),
 ( 0.4038461538461539102, 0.4134615384615384914, 0.4230769230769231282, 0.4326923076923078204, 0.4423076923076924016 ),
 .UNSPECIFIED. ) 
 CURVE ( )  GEOMETRIC_REPRESENTATION_ITEM ( )  RATIONAL_B_SPLINE_CURVE ( ( 0.9999999999999995559, 0.9238795325112871826, 1.000000000000000000, 0.9238795325112867385, 1.000000000000000000, 0.9238795325112867385, 1.000000000000000000, 0.9238795325112858503, 1.000000000000000888 ) ) 
 REPRESENTATION_ITEM ( '' )  );
#579 = CARTESIAN_POINT ( 'NONE',  ( -2.485281374238569541, -6.000000000000003553, -4.562500000000001776 ) ) ;
#580 = ORIENTED_EDGE ( 'NONE', *, *, #417, .T. ) ;
#581 = CARTESIAN_POINT ( 'NONE',  ( 3.783361360347444080, 3.783361360347444968, 3.375000000000005773 ) ) ;
#582 = CARTESIAN_POINT ( 'NONE',  ( 6.000000000000000888, 3.673940397442060361E-16, -2.250000000000001332 ) ) ;
#583 = DATE_AND_TIME ( #3769, #338 ) ;
#584 = AXIS2_PLACEMENT_3D ( 'NONE', #1478, #2428, #2780 ) ;
#585 = ORIENTED_EDGE ( 'NONE', *, *, #698, .F. ) ;
#586 = CARTESIAN_POINT ( 'NONE',  ( 0.7937102087542062812, -6.014821153059746628, 4.000000000000004441 ) ) ;
#587 = CARTESIAN_POINT ( 'NONE',  ( 5.350480947161678102, -2.216241773533210058, 1.062500000000005329 ) ) ;
#588 = CARTESIAN_POINT ( 'NONE',  ( -5.350480947161677214, 2.216241773533211834, -1.312499999999994449 ) ) ;
#589 = CARTESIAN_POINT ( 'NONE',  ( -3.783361360347445412, 3.783361360347443636, 2.500000000000005773 ) ) ;
#590 = CARTESIAN_POINT ( 'NONE',  ( -2.485281374238569541, -6.000000000000003553, -4.687499999999995559 ) ) ;
#591 = EDGE_CURVE ( 'NONE', #204, #1600, #231, .T. ) ;
#592 = CARTESIAN_POINT ( 'NONE',  ( -3.783361360347445412, 3.783361360347443636, -2.499999999999995115 ) ) ;
#593 = PLANE ( 'NONE',  #3738 ) ;
#594 = CARTESIAN_POINT ( 'NONE',  ( -5.350480947161678102, -9.828674048760671990E-16, -5.249999999999994671 ) ) ;
#595 = CARTESIAN_POINT ( 'NONE',  ( 6.054126587736526233, 3.707083373652212077E-16, 2.718750000000000000 ) ) ;
#596 = FACE_OUTER_BOUND ( 'NONE', #3061, .T. ) ;
#597 = EDGE_CURVE ( 'NONE', #3788, #1083, #2441, .T. ) ;
#598 = CARTESIAN_POINT ( 'NONE',  ( -3.783361360347444080, -3.783361360347445412, -3.124999999999994227 ) ) ;
#599 = DIRECTION ( 'NONE',  ( 0.000000000000000000, 1.000000000000000000, 2.312964634635741478E-16 ) ) ;
#600 = VERTEX_POINT ( 'NONE', #4057 ) ;
#601 = DIRECTION ( 'NONE',  ( 0.000000000000000000, 0.000000000000000000, -1.000000000000000000 ) ) ;
#602 = CIRCLE ( 'NONE', #3425, 9.500000000000001776 ) ;
#603 = CALENDAR_DATE ( 2026, 22, 8 ) ;
#604 = ORIENTED_EDGE ( 'NONE', *, *, #2830, .T. ) ;
#605 = CARTESIAN_POINT ( 'NONE',  ( 2.216241773533211390, 5.350480947161678102, 5.437500000000005329 ) ) ;
#606 = CARTESIAN_POINT ( 'NONE',  ( -3.783361360347445412, 3.783361360347443636, 0.5000000000000056621 ) ) ;
#607 = CARTESIAN_POINT ( 'NONE',  ( 2.216241773533211834, -5.350480947161678102, 2.062500000000005329 ) ) ;
#608 = CARTESIAN_POINT ( 'NONE',  ( -5.999999999999999112, -2.485281374238574426, -2.812499999999996003 ) ) ;
#609 = CARTESIAN_POINT ( 'NONE',  ( 5.350480947161678102, 3.276224682920223997E-16, 4.125000000000005329 ) ) ;
#610 = CC_DESIGN_PERSON_AND_ORGANIZATION_ASSIGNMENT ( #1261, #3160, ( #4030 ) ) ;
#611 = CARTESIAN_POINT ( 'NONE',  ( 2.485281374238572205, -6.000000000000001776, -3.562499999999996891 ) ) ;
#612 = CARTESIAN_POINT ( 'NONE',  ( 2.216241773533211390, 5.350480947161678102, -3.687499999999994671 ) ) ;
#613 = AXIS2_PLACEMENT_3D ( 'NONE', #1169, #3427, #3372 ) ;
#614 = CARTESIAN_POINT ( 'NONE',  ( 3.783361360347444968, -3.783361360347444080, -5.874999999999994671 ) ) ;
#615 = ADVANCED_FACE ( 'NONE', ( #3389 ), #3997, .F. ) ;
#616 = CARTESIAN_POINT ( 'NONE',  ( 0.000000000000000000, 6.054126587736526233, 1.968750000000000000 ) ) ;
#617 = DIRECTION ( 'NONE',  ( 0.8660254037844387076, 0.4999999999999998890, 0.000000000000000000 ) ) ;
#618 = CARTESIAN_POINT ( 'NONE',  ( 5.350480947161678102, 2.216241773533211390, -2.687499999999993783 ) ) ;
#619 = EDGE_CURVE ( 'NONE', #2666, #3398, #2325, .T. ) ;
#620 = CARTESIAN_POINT ( 'NONE',  ( -6.000000000000000888, -1.102182119232618108E-15, -1.750000000000000222 ) ) ;
#621 = ORIENTED_EDGE ( 'NONE', *, *, #376, .T. ) ;
#622 = CARTESIAN_POINT ( 'NONE',  ( 0.000000000000000000, -3.664245276948808681E-15, 5.949999999999998401 ) ) ;
#623 = CARTESIAN_POINT ( 'NONE',  ( 6.000000000000000888, 3.673940397442060854E-16, -0.3749999999999965583 ) ) ;
#624 = ORIENTED_EDGE ( 'NONE', *, *, #2406, .T. ) ;
#625 = CARTESIAN_POINT ( 'NONE',  ( -3.553148356835206023, 4.908196757104011709, 4.000000000000000000 ) ) ;
#626 = CARTESIAN_POINT ( 'NONE',  ( 3.783361360347444968, -3.783361360347444080, 4.125000000000005329 ) ) ;
#627 = AXIS2_PLACEMENT_3D ( 'NONE', #3941, #1701, #2376 ) ;
#628 = CARTESIAN_POINT ( 'NONE',  ( -5.350480947161678102, -9.828674048760671990E-16, -1.374999999999994227 ) ) ;
#629 = CARTESIAN_POINT ( 'NONE',  ( 6.552449365840447993E-16, -5.350480947161678102, -3.999999999999994671 ) ) ;
#630 = CARTESIAN_POINT ( 'NONE',  ( -6.000000000000000888, -1.102182119232618108E-15, -2.874999999999996447 ) ) ;
#631 = CARTESIAN_POINT ( 'NONE',  ( 3.783361360347444968, -3.783361360347444080, 1.000000000000005329 ) ) ;
#632 = ORIENTED_EDGE ( 'NONE', *, *, #798, .T. ) ;
#633 = CARTESIAN_POINT ( 'NONE',  ( 4.242640687119285658, -4.242640687119284770, 3.624999999999999556 ) ) ;
#634 = CARTESIAN_POINT ( 'NONE',  ( 5.350480947161678102, 2.216241773533211390, -5.812499999999994671 ) ) ;
#635 = CARTESIAN_POINT ( 'NONE',  ( -5.216806143905523996, 3.082003401627665173, -6.000000000000000000 ) ) ;
#636 = CARTESIAN_POINT ( 'NONE',  ( -3.783361360347444080, -3.783361360347445412, -3.124999999999994227 ) ) ;
#637 = CARTESIAN_POINT ( 'NONE',  ( -4.280913964350270717, -4.280913964350272494, 0.3437500000000003331 ) ) ;
#638 = CARTESIAN_POINT ( 'NONE',  ( 3.783361360347444968, -3.783361360347444080, -2.874999999999993783 ) ) ;
#639 = CARTESIAN_POINT ( 'NONE',  ( -1.193016480710895610, 5.880196567866775581, -5.968750000000000000 ) ) ;
#640 = ORIENTED_EDGE ( 'NONE', *, *, #1744, .F. ) ;
#641 = CARTESIAN_POINT ( 'NONE',  ( 2.216241773533212278, -5.350480947161678102, 3.062500000000005773 ) ) ;
#642 = DIRECTION ( 'NONE',  ( 0.000000000000000000, -1.000000000000000000, -1.581383788144377214E-16 ) ) ;
#643 = ADVANCED_FACE ( 'NONE', ( #2426 ), #3121, .T. ) ;
#644 = DIRECTION ( 'NONE',  ( -1.000000000000000000, 0.000000000000000000, 0.000000000000000000 ) ) ;
#645 = EDGE_CURVE ( 'NONE', #3030, #3588, #3269, .T. ) ;
#646 = ORIENTED_EDGE ( 'NONE', *, *, #2587, .T. ) ;
#647 = CARTESIAN_POINT ( 'NONE',  ( 7.414166747304424153E-16, -6.054126587736526233, -5.593749999999998224 ) ) ;
#648 = CARTESIAN_POINT ( 'NONE',  ( 3.783361360347444080, 3.783361360347444968, 3.375000000000005773 ) ) ;
#649 = CARTESIAN_POINT ( 'NONE',  ( -3.783361360347445412, 3.783361360347443636, -3.499999999999994227 ) ) ;
#650 = CARTESIAN_POINT ( 'NONE',  ( 2.216241773533210946, 5.350480947161678102, -2.562499999999993783 ) ) ;
#651 = CONICAL_SURFACE ( 'NONE', #2947, 6.054126587736529785, 1.047197551196600074 ) ;
#652 = CARTESIAN_POINT ( 'NONE',  ( -3.783361360347445412, 3.783361360347443636, 1.500000000000005773 ) ) ;
#653 = CARTESIAN_POINT ( 'NONE',  ( -4.280913964350272494, 4.280913964350270717, -0.9687499999999973355 ) ) ;
#654 = CARTESIAN_POINT ( 'NONE',  ( -4.805968175772956208, -3.687105241269521549, -5.999999999999996447 ) ) ;
#655 = CARTESIAN_POINT ( 'NONE',  ( 2.216241773533212278, -5.350480947161678102, -4.062499999999995559 ) ) ;
#656 = CARTESIAN_POINT ( 'NONE',  ( -9.500000000000003553, 5.484827557301449552, 3.314688565214007898 ) ) ;
#657 = CARTESIAN_POINT ( 'NONE',  ( -5.350480947161677214, -2.216241773533213610, -3.187499999999994227 ) ) ;
#658 = DIRECTION ( 'NONE',  ( 1.000000000000000000, 1.224646799147353207E-16, 2.374619655881273998E-32 ) ) ;
#659 = CARTESIAN_POINT ( 'NONE',  ( -6.054126587736526233, -1.112125012095663524E-15, -0.7812499999999997780 ) ) ;
#660 = CARTESIAN_POINT ( 'NONE',  ( 5.350480947161678102, -2.216241773533210946, -5.812499999999994671 ) ) ;
#661 = FACE_OUTER_BOUND ( 'NONE', #3939, .T. ) ;
#662 = ORIENTED_EDGE ( 'NONE', *, *, #2283, .F. ) ;
#663 = CARTESIAN_POINT ( 'NONE',  ( 1.037888162277382392E-15, -7.500000000000007105, 5.949999999999996625 ) ) ;
#664 = EDGE_CURVE ( 'NONE', #3523, #3665, #3698, .T. ) ;
#665 = ORIENTED_EDGE ( 'NONE', *, *, #3122, .T. ) ;
#666 = CARTESIAN_POINT ( 'NONE',  ( 2.485281374238571317, 6.000000000000001776, 0.9374999999999995559 ) ) ;
#667 = CARTESIAN_POINT ( 'NONE',  ( 6.000000000000000888, 7.347880794884120722E-16, 6.000000000000000000 ) ) ;
#668 = AXIS2_PLACEMENT_3D ( 'NONE', #1370, #1134, #3640 ) ;
#669 = CARTESIAN_POINT ( 'NONE',  ( 5.350480947161678102, 2.216241773533210946, -3.812499999999994671 ) ) ;
#670 = CARTESIAN_POINT ( 'NONE',  ( 5.350480947161678102, 2.216241773533210946, -4.687499999999993783 ) ) ;
#671 = CARTESIAN_POINT ( 'NONE',  ( 6.000000000000023981, -2.485281374238548224, -2.437499999999994671 ) ) ;
#672 = CARTESIAN_POINT ( 'NONE',  ( 5.350480947161678102, 3.276224682920223997E-16, -0.8749999999999946709 ) ) ;
#673 = ORIENTED_EDGE ( 'NONE', *, *, #2682, .T. ) ;
#674 = CARTESIAN_POINT ( 'NONE',  ( 6.054126587736527121, 2.507701340964017422, -1.281249999999997558 ) ) ;
#675 = CARTESIAN_POINT ( 'NONE',  ( -4.420377286694389340, -4.141455547043743302, -6.000000000000000888 ) ) ;
#676 = CARTESIAN_POINT ( 'NONE',  ( 2.485281374238572205, -6.000000000000001776, -0.5624999999999966693 ) ) ;
#677 = CARTESIAN_POINT ( 'NONE',  ( 2.355595257576262647, -5.131068722266079796, -5.762548999595797916 ) ) ;
#678 = CARTESIAN_POINT ( 'NONE',  ( 0.3365009958278254443, 5.385601154117352962, -5.593750000000001776 ) ) ;
#679 = CARTESIAN_POINT ( 'NONE',  ( 0.000000000000000000, 0.000000000000000000, 6.000000000000000000 ) ) ;
#680 = CARTESIAN_POINT ( 'NONE',  ( 6.054126587736526233, 3.707083373652212077E-16, -0.2812500000000002220 ) ) ;
#681 = VECTOR ( 'NONE', #1174, 1000.000000000000000 ) ;
#682 = CARTESIAN_POINT ( 'NONE',  ( 5.350480947161678102, 3.276224682920223997E-16, 5.125000000000005329 ) ) ;
#683 = CARTESIAN_POINT ( 'NONE',  ( 3.336282634090796506, 4.221764079943773673, -5.600476433675660282 ) ) ;
#684 = CARTESIAN_POINT ( 'NONE',  ( 3.578387147386583589, -4.436641304613414327, 3.788720058750618680 ) ) ;
#685 = CARTESIAN_POINT ( 'NONE',  ( 0.000000000000000000, -1.479995017775127959E-15, -5.314688565214026106 ) ) ;
#686 = ORIENTED_EDGE ( 'NONE', *, *, #3041, .T. ) ;
#687 = CARTESIAN_POINT ( 'NONE',  ( 3.783361360347444080, 3.783361360347444968, 5.375000000000005329 ) ) ;
#688 = CARTESIAN_POINT ( 'NONE',  ( 5.350480947161678102, 2.216241773533210946, -1.812499999999994671 ) ) ;
#689 = CARTESIAN_POINT ( 'NONE',  ( 3.783361360347444080, 3.783361360347444968, -2.624999999999993783 ) ) ;
#690 = CARTESIAN_POINT ( 'NONE',  ( 4.242640687119284770, 4.242640687119285658, -2.249999999999995559 ) ) ;
#691 = CARTESIAN_POINT ( 'NONE',  ( 5.350480947161678102, -2.216241773533210946, -0.9374999999999948930 ) ) ;
#692 = VERTEX_POINT ( 'NONE', #1249 ) ;
#693 = CARTESIAN_POINT ( 'NONE',  ( 4.280913964350271605, -4.280913964350270717, -1.468749999999997780 ) ) ;
#694 = VECTOR ( 'NONE', #2943, 1000.000000000000000 ) ;
#695 = DIRECTION ( 'NONE',  ( 0.000000000000000000, 1.000000000000000000, 1.621091162745885200E-16 ) ) ;
#696 = CARTESIAN_POINT ( 'NONE',  ( -3.783361360347445412, 3.783361360347443636, -4.499999999999995559 ) ) ;
#697 = CARTESIAN_POINT ( 'NONE',  ( 4.366427743293685992, -3.493162236745821936, -5.725911888805068628 ) ) ;
#698 = EDGE_CURVE ( 'NONE', #1438, #3232, #464, .T. ) ;
#699 = DIRECTION ( 'NONE',  ( -0.000000000000000000, -0.000000000000000000, -1.000000000000000000 ) ) ;
#700 = AXIS2_PLACEMENT_3D ( 'NONE', #3417, #644, #28 ) ;
#701 = CARTESIAN_POINT ( 'NONE',  ( 6.054126587736527121, 2.507701340964017422, 0.7812499999999997780 ) ) ;
#702 = CARTESIAN_POINT ( 'NONE',  ( 3.783361360347444080, 3.783361360347444968, -5.624999999999994671 ) ) ;
#703 = CARTESIAN_POINT ( 'NONE',  ( 2.485281374238571317, 6.000000000000001776, -1.187499999999996225 ) ) ;
#704 = CARTESIAN_POINT ( 'NONE',  ( -6.000000000000000888, -1.102182119232618108E-15, -4.750000000000001776 ) ) ;
#705 = CARTESIAN_POINT ( 'NONE',  ( 6.552449365840447993E-16, -5.350480947161678102, 1.000000000000005995 ) ) ;
#706 = CARTESIAN_POINT ( 'NONE',  ( 0.000000000000000000, 6.000000000000000888, 1.999999999999999556 ) ) ;
#707 = EDGE_LOOP ( 'NONE', ( #3158, #585, #1723, #3918 ) ) ;
#708 = CARTESIAN_POINT ( 'NONE',  ( 5.350480947161678102, 2.216241773533210946, -0.8124999999999948930 ) ) ;
#709 = CARTESIAN_POINT ( 'NONE',  ( 2.216241773533211834, -5.350480947161678102, -3.937499999999994671 ) ) ;
#710 = CARTESIAN_POINT ( 'NONE',  ( 5.350480947161678102, -2.216241773533210946, -1.937499999999994671 ) ) ;
#711 = ORIENTED_EDGE ( 'NONE', *, *, #1339, .F. ) ;
#712 = CARTESIAN_POINT ( 'NONE',  ( -2.507701340964020531, 6.054126587736524456, 0.9687500000000025535 ) ) ;
#713 = ORIENTED_EDGE ( 'NONE', *, *, #1982, .F. ) ;
#714 =( BOUNDED_CURVE ( )  B_SPLINE_CURVE ( 1, ( #2204, #639 ),
 .UNSPECIFIED., .F., .T. ) 
 B_SPLINE_CURVE_WITH_KNOTS ( ( 2, 2 ),
 ( 2.533899936011049819E-16, 0.0007499999999997387229 ),
 .UNSPECIFIED. ) 
 CURVE ( )  GEOMETRIC_REPRESENTATION_ITEM ( )  RATIONAL_B_SPLINE_CURVE ( ( 0.9709092771460623439, 0.9709092771460623439 ) ) 
 REPRESENTATION_ITEM ( '' )  );
#715 = CARTESIAN_POINT ( 'NONE',  ( -8.717934693346418129, -5.936353172621758212, 3.525238417491026510 ) ) ;
#716 = CARTESIAN_POINT ( 'NONE',  ( -2.216241773533209614, -5.350480947161678991, -4.187499999999994671 ) ) ;
#717 = CARTESIAN_POINT ( 'NONE',  ( 3.309797317624948665, -4.551040443018213644, -5.746491388507809717 ) ) ;
#718 = CARTESIAN_POINT ( 'NONE',  ( -9.500000000000003553, 5.484827557301449552, 6.000000000000000000 ) ) ;
#719 = B_SPLINE_CURVE_WITH_KNOTS ( 'NONE', 3,
 ( #2955, #3631, #2303, #2717, #506, #795 ),
 .UNSPECIFIED., .F., .F.,
 ( 4, 2, 4 ),
 ( 0.005518201824544017621, 0.008253057247263573606, 0.01098791266998313046 ),
 .UNSPECIFIED. ) ;
#720 = EDGE_CURVE ( 'NONE', #3605, #2889, #1652, .T. ) ;
#721 = CARTESIAN_POINT ( 'NONE',  ( -4.280913964350272494, 4.280913964350270717, -0.9062499999999998890 ) ) ;
#722 = CARTESIAN_POINT ( 'NONE',  ( -5.350480947161678102, -9.828674048760671990E-16, -6.249999999999995559 ) ) ;
#723 = CARTESIAN_POINT ( 'NONE',  ( 6.000000000000000888, 3.673940397442060854E-16, -1.374999999999996447 ) ) ;
#724 = CARTESIAN_POINT ( 'NONE',  ( 5.802364859082596027, -0.3642720212441257766, 3.854645298190005231 ) ) ;
#725 = CARTESIAN_POINT ( 'NONE',  ( -5.350480947161678102, -9.828674048760671990E-16, 0.7500000000000058842 ) ) ;
#726 = CARTESIAN_POINT ( 'NONE',  ( -1.569950046745072880, -10.06324403250035360, -5.698481791181294831 ) ) ;
#727 = DIRECTION ( 'NONE',  ( 0.000000000000000000, 1.000000000000000000, 1.835686217964874791E-16 ) ) ;
#728 = ORIENTED_EDGE ( 'NONE', *, *, #224, .T. ) ;
#729 = CARTESIAN_POINT ( 'NONE',  ( 2.771403625852588704, 5.287338465322819481, 3.945772732949579531 ) ) ;
#730 = CARTESIAN_POINT ( 'NONE',  ( 0.000000000000000000, 5.350480947161678102, -2.624999999999995559 ) ) ;
#731 = ORIENTED_EDGE ( 'NONE', *, *, #173, .F. ) ;
#732 = CARTESIAN_POINT ( 'NONE',  ( 0.000000000000000000, 6.054126587736526233, -0.09374999999999747424 ) ) ;
#733 = CARTESIAN_POINT ( 'NONE',  ( 2.485281374238571317, 6.000000000000001776, 1.812500000000004219 ) ) ;
#734 = CARTESIAN_POINT ( 'NONE',  ( -2.485281374238575314, 5.999999999999999112, 2.937500000000003553 ) ) ;
#735 = CARTESIAN_POINT ( 'NONE',  ( 3.600080720992142158, -4.313589055636463776, -5.741229341185924540 ) ) ;
#736 = CARTESIAN_POINT ( 'NONE',  ( 4.242640687119284770, 4.242640687119285658, -1.125000000000000888 ) ) ;
#737 = AXIS2_PLACEMENT_3D ( 'NONE', #3193, #87, #2539 ) ;
#738 = CARTESIAN_POINT ( 'NONE',  ( 4.280913964350271605, -4.280913964350270717, -5.406250000000000000 ) ) ;
#739 = CARTESIAN_POINT ( 'NONE',  ( -2.216241773533209614, -5.350480947161678991, 4.812500000000005329 ) ) ;
#740 = CARTESIAN_POINT ( 'NONE',  ( 9.500000000000005329, 5.484827557301449552, -5.314688565214025218 ) ) ;
#741 = CARTESIAN_POINT ( 'NONE',  ( 3.783361360347444968, -3.783361360347444080, 0.1250000000000053291 ) ) ;
#742 = EDGE_CURVE ( 'NONE', #3519, #158, #1303, .T. ) ;
#743 = CARTESIAN_POINT ( 'NONE',  ( 4.750000000000003553, 8.227241335952172108, 4.000000000000000000 ) ) ;
#744 = CARTESIAN_POINT ( 'NONE',  ( 4.383720947665612933, -3.682871452779386878, 3.803479390429091112 ) ) ;
#745 = CARTESIAN_POINT ( 'NONE',  ( 2.216241773533211390, 5.350480947161678102, 1.437500000000005773 ) ) ;
#746 = PLANE ( 'NONE',  #1545 ) ;
#747 = EDGE_CURVE ( 'NONE', #96, #1381, #3291, .T. ) ;
#748 = ORIENTED_EDGE ( 'NONE', *, *, #3116, .T. ) ;
#749 = CARTESIAN_POINT ( 'NONE',  ( -2.216241773533209614, -5.350480947161678991, 4.937500000000005329 ) ) ;
#750 = CARTESIAN_POINT ( 'NONE',  ( 4.113683412665243289, 4.272456589906009405, 3.923265449991674370 ) ) ;
#751 = CARTESIAN_POINT ( 'NONE',  ( -5.350480947161677214, 2.216241773533212278, -3.437499999999994671 ) ) ;
#752 = VERTEX_POINT ( 'NONE', #988 ) ;
#753 = CARTESIAN_POINT ( 'NONE',  ( 0.000000000000000000, 6.054126587736526233, -3.093749999999997335 ) ) ;
#754 =( BOUNDED_SURFACE ( )  B_SPLINE_SURFACE ( 1, 2, ( 
 ( #2077, #1449, #3284, #3635, #230, #3614, #2100, #776, #2719, #1758, #2035, #3002, #1710, #1798, #3654, #488, #469, #2979, #2737, #1168, #2671, #3066, #1128, #1385, #3927, #1108, #2366, #799, #2056, #3306, #2692, #1732, #820, #3331, #508, #3021, #609, #2526, #268, #2156, #327, #3407, #2796, #3424, #3130, #965, #289, #14, #1887, #3086, #1209, #1493, #1513, #4077, #4054, #3697, #1842, #1266, #1865, #308, #3775, #2776, #589, #1567, #3108, #1230, #1551, #2815, #2214, #1533, #3461, #3149, #4038, #2470, #2754, #3721, #1247, #2486, #652, #905, #1908, #3737, #2510, #2448, #3442, #2832, #631, #948, #927, #2140, #249, #571, #2173, #3755, #2194, #4017, #1820, #887, #3388, #1191, #2299, #2590, #365, #1991, #2569, #3522, #1605, #74, #3201, #3543, #2277, #986, #3238, #2894, #1325, #2236, #672, #691, #1041, #1343, #1953, #1060, #1661, #3818, #387, #1624, #1007, #3841, #422, #1023, #2872, #95, #2320, #710, #56, #3481, #34, #1306, #2914, #114, #2933, #3794, #1585, #1361, #730, #3861, #1972, #1646, #2851, #2627, #2608, #3218, #403, #1931, #3879, #3563, #2256, #751, #345, #3166, #1286, #2547, #3183, #3503, #223, #813, #1102, #3900, #1082, #3015, #1773, #443, #203, #482, #2710, #3966, #2951, #1751, #1400, #2010, #1685, #791, #1442, #133, #1380, #2336, #3036, #1467, #2646, #3254, #1421, #2070, #3587, #2048, #2730, #3346, #502, #3669, #771, #1142, #461, #836, #522, #2028, #3988, #2379, #3921, #2397, #3277 ),
 ( #3648, #2094, #2664, #1702, #2972, #157, #3298, #1725, #1160, #2417, #2357, #3608, #2994, #178, #2686, #3942, #1121, #3627, #3322, #1214, #3375, #1826, #892, #1234, #4043, #2741, #932, #575, #3094, #4002, #2431, #2454, #2801, #3117, #3704, #2820, #3433, #1498, #2143, #3393, #2761, #1521, #3742, #274, #555, #1849, #4087, #2781, #2123, #1173, #1785, #1806, #595, #1871, #2181, #1479, #3355, #3136, #2494, #1537, #2473, #3412, #532, #4064, #616, #3726, #912, #3681, #2161, #313, #3072, #1556, #2103, #1253, #2516, #234, #848, #869, #3049, #254, #4023, #1195, #1573, #701, #3530, #2201, #1961, #2244, #393, #1631, #637, #3510, #3171, #3764, #3448, #993, #1293, #352, #375, #2598, #680, #3467, #3209, #1651, #3490, #971, #2839, #1894, #659, #2900, #721, #1033, #332, #3155, #1980, #84, #1332, #3801, #2264, #22, #3849, #2287, #1612, #3827, #1273, #1940, #3226, #1917, #412, #954, #1013, #62, #2535, #2554, #3781, #2921, #2575, #2859, #2221, #1594, #103, #1352, #42, #3189, #2880, #1311, #490, #3550, #2367, #2016, #2615, #1049, #1388, #3615, #1999, #140, #2386, #2981, #165, #821, #2632, #449, #2694, #1692, #1090, #1712, #1408, #3332, #2652, #3637, #185, #1368, #3571, #3868, #3885, #800, #2344, #1759, #1067, #2080, #3596, #1109, #738, #1735, #1429, #3003, #3308, #3261, #430, #2307, #2939, #3907, #778, #3953, #509, #120, #3245, #1669, #2326, #1129, #2036, #758, #3022, #2959, #2672, #3286, #470, #3929, #211 ) ),
 .UNSPECIFIED., .F., .F., .F. ) 
 B_SPLINE_SURFACE_WITH_KNOTS ( ( 2, 2 ),
 ( 3, 2, 2, 2, 2, 2, 2, 2, 2, 2, 2, 2, 2, 2, 2, 2, 2, 2, 2, 2, 2, 2, 2, 2, 2, 2, 2, 2, 2, 2, 2, 2, 2, 2, 2, 2, 2, 2, 2, 2, 2, 2, 2, 2, 2, 2, 2, 2, 2, 2, 2, 2, 2, 2, 2, 2, 2, 2, 2, 2, 2, 2, 2, 2, 2, 2, 2, 2, 2, 2, 2, 2, 2, 2, 2, 2, 2, 2, 2, 2, 2, 2, 2, 2, 2, 2, 2, 2, 2, 2, 2, 2, 2, 2, 2, 2, 2, 2, 2, 2, 2, 2, 2, 2, 3 ),
 ( 0.000000000000000000, 1.000000000000000000 ),
 ( 0.000000000000000000, 0.009615384615384615918, 0.01923076923076923184, 0.02884615384615384776, 0.03846153846153846367, 0.04807692307692307959, 0.05769230769230769551, 0.06730769230769230449, 0.07692307692307692735, 0.08653846153846153633, 0.09615384615384615918, 0.1057692307692307682, 0.1153846153846153910, 0.1250000000000000000, 0.1346153846153846090, 0.1442307692307692180, 0.1538461538461538547, 0.1634615384615384637, 0.1730769230769230727, 0.1826923076923076816, 0.1923076923076923184, 0.2019230769230769273, 0.2115384615384615363, 0.2211538461538461453, 0.2307692307692307820, 0.2403846153846153910, 0.2500000000000000000, 0.2596153846153846367, 0.2692307692307692180, 0.2788461538461538547, 0.2884615384615384359, 0.2980769230769230727, 0.3076923076923077094, 0.3173076923076922906, 0.3269230769230769273, 0.3365384615384615641, 0.3461538461538461453, 0.3557692307692307820, 0.3653846153846153633, 0.3750000000000000000, 0.3846153846153846367, 0.3942307692307692180, 0.4038461538461538547, 0.4134615384615384359, 0.4230769230769230727, 0.4326923076923077094, 0.4423076923076922906, 0.4519230769230769273, 0.4615384615384615641, 0.4711538461538461453, 0.4807692307692307820, 0.4903846153846153633, 0.5000000000000000000, 0.5096153846153845812, 0.5192307692307692735, 0.5288461538461538547, 0.5384615384615384359, 0.5480769230769231282, 0.5576923076923077094, 0.5673076923076922906, 0.5769230769230768718, 0.5865384615384615641, 0.5961538461538461453, 0.6057692307692307265, 0.6153846153846154188, 0.6250000000000000000, 0.6346153846153845812, 0.6442307692307692735, 0.6538461538461538547, 0.6634615384615384359, 0.6730769230769231282, 0.6826923076923077094, 0.6923076923076922906, 0.7019230769230768718, 0.7115384615384615641, 0.7211538461538461453, 0.7307692307692307265, 0.7403846153846154188, 0.7500000000000000000, 0.7596153846153845812, 0.7692307692307692735, 0.7788461538461538547, 0.7884615384615384359, 0.7980769230769231282, 0.8076923076923077094, 0.8173076923076922906, 0.8269230769230768718, 0.8365384615384615641, 0.8461538461538461453, 0.8557692307692307265, 0.8653846153846154188, 0.8750000000000000000, 0.8846153846153845812, 0.8942307692307692735, 0.9038461538461538547, 0.9134615384615384359, 0.9230769230769231282, 0.9326923076923077094, 0.9423076923076922906, 0.9519230769230768718, 0.9615384615384615641, 0.9711538461538461453, 0.9807692307692307265, 0.9903846153846154188, 1.000000000000000000 ),
 .UNSPECIFIED. ) 
 GEOMETRIC_REPRESENTATION_ITEM ( )  RATIONAL_B_SPLINE_SURFACE ( (
 ( 1.000000000000000000, 0.9238795325112867385, 1.000000000000000000, 0.9238795325112867385, 1.000000000000000000, 0.9238795325112867385, 1.000000000000000000, 0.9238795325112867385, 1.000000000000000000, 0.9238795325112867385, 1.000000000000000000, 0.9238795325112867385, 1.000000000000000000, 0.9238795325112867385, 1.000000000000000000, 0.9238795325112867385, 1.000000000000000000, 0.9238795325112867385, 1.000000000000000000, 0.9238795325112867385, 1.000000000000000000, 0.9238795325112867385, 1.000000000000000000, 0.9238795325112867385, 1.000000000000000000, 0.9238795325112867385, 1.000000000000000000, 0.9238795325112867385, 1.000000000000000000, 0.9238795325112867385, 1.000000000000000000, 0.9238795325112867385, 1.000000000000000000, 0.9238795325112867385, 1.000000000000000000, 0.9238795325112867385, 1.000000000000000000, 0.9238795325112867385, 1.000000000000000000, 0.9238795325112867385, 1.000000000000000000, 0.9238795325112867385, 1.000000000000000000, 0.9238795325112867385, 1.000000000000000000, 0.9238795325112867385, 1.000000000000000000, 0.9238795325112867385, 1.000000000000000000, 0.9238795325112867385, 1.000000000000000000, 0.9238795325112867385, 1.000000000000000000, 0.9238795325112867385, 1.000000000000000000, 0.9238795325112867385, 1.000000000000000000, 0.9238795325112867385, 1.000000000000000000, 0.9238795325112867385, 1.000000000000000000, 0.9238795325112867385, 1.000000000000000000, 0.9238795325112867385, 1.000000000000000000, 0.9238795325112867385, 1.000000000000000000, 0.9238795325112867385, 1.000000000000000000, 0.9238795325112867385, 1.000000000000000000, 0.9238795325112867385, 1.000000000000000000, 0.9238795325112867385, 1.000000000000000000, 0.9238795325112867385, 1.000000000000000000, 0.9238795325112867385, 1.000000000000000000, 0.9238795325112867385, 1.000000000000000000, 0.9238795325112867385, 1.000000000000000000, 0.9238795325112867385, 1.000000000000000000, 0.9238795325112867385, 1.000000000000000000, 0.9238795325112867385, 1.000000000000000000, 0.9238795325112867385, 1.000000000000000000, 0.9238795325112867385, 1.000000000000000000, 0.9238795325112867385, 1.000000000000000000, 0.9238795325112867385, 1.000000000000000000, 0.9238795325112867385, 1.000000000000000000, 0.9238795325112867385, 1.000000000000000000, 0.9238795325112867385, 1.000000000000000000, 0.9238795325112867385, 1.000000000000000000, 0.9238795325112867385, 1.000000000000000000, 0.9238795325112867385, 1.000000000000000000, 0.9238795325112867385, 1.000000000000000000, 0.9238795325112867385, 1.000000000000000000, 0.9238795325112867385, 1.000000000000000000, 0.9238795325112867385, 1.000000000000000000, 0.9238795325112867385, 1.000000000000000000, 0.9238795325112867385, 1.000000000000000000, 0.9238795325112867385, 1.000000000000000000, 0.9238795325112867385, 1.000000000000000000, 0.9238795325112867385, 1.000000000000000000, 0.9238795325112867385, 1.000000000000000000, 0.9238795325112867385, 1.000000000000000000, 0.9238795325112867385, 1.000000000000000000, 0.9238795325112867385, 1.000000000000000000, 0.9238795325112867385, 1.000000000000000000, 0.9238795325112867385, 1.000000000000000000, 0.9238795325112867385, 1.000000000000000000, 0.9238795325112867385, 1.000000000000000000, 0.9238795325112867385, 1.000000000000000000, 0.9238795325112867385, 1.000000000000000000, 0.9238795325112867385, 1.000000000000000000, 0.9238795325112867385, 1.000000000000000000, 0.9238795325112867385, 1.000000000000000000, 0.9238795325112867385, 1.000000000000000000, 0.9238795325112867385, 1.000000000000000000, 0.9238795325112867385, 1.000000000000000000, 0.9238795325112867385, 1.000000000000000000, 0.9238795325112867385, 1.000000000000000000, 0.9238795325112867385, 1.000000000000000000, 0.9238795325112867385, 1.000000000000000000, 0.9238795325112867385, 1.000000000000000000, 0.9238795325112867385, 1.000000000000000000, 0.9238795325112867385, 1.000000000000000000, 0.9238795325112867385, 1.000000000000000000, 0.9238795325112867385, 1.000000000000000000, 0.9238795325112867385, 1.000000000000000000, 0.9238795325112867385, 1.000000000000000000, 0.9238795325112867385, 1.000000000000000000, 0.9238795325112867385, 1.000000000000000000, 0.9238795325112867385, 1.000000000000000000, 0.9238795325112867385, 1.000000000000000000, 0.9238795325112867385, 1.000000000000000000, 0.9238795325112867385, 1.000000000000000000, 0.9238795325112867385, 1.000000000000000000, 0.9238795325112867385, 1.000000000000000000, 0.9238795325112867385, 1.000000000000000000, 0.9238795325112867385, 1.000000000000000000, 0.9238795325112867385, 1.000000000000000000, 0.9238795325112867385, 1.000000000000000000, 0.9238795325112867385, 1.000000000000000000, 0.9238795325112867385, 1.000000000000000000),
 ( 1.000000000000000000, 0.9238795325112867385, 1.000000000000000000, 0.9238795325112867385, 1.000000000000000000, 0.9238795325112867385, 1.000000000000000000, 0.9238795325112867385, 1.000000000000000000, 0.9238795325112867385, 1.000000000000000000, 0.9238795325112867385, 1.000000000000000000, 0.9238795325112867385, 1.000000000000000000, 0.9238795325112867385, 1.000000000000000000, 0.9238795325112867385, 1.000000000000000000, 0.9238795325112867385, 1.000000000000000000, 0.9238795325112867385, 1.000000000000000000, 0.9238795325112867385, 1.000000000000000000, 0.9238795325112867385, 1.000000000000000000, 0.9238795325112867385, 1.000000000000000000, 0.9238795325112867385, 1.000000000000000000, 0.9238795325112867385, 1.000000000000000000, 0.9238795325112867385, 1.000000000000000000, 0.9238795325112867385, 1.000000000000000000, 0.9238795325112867385, 1.000000000000000000, 0.9238795325112867385, 1.000000000000000000, 0.9238795325112867385, 1.000000000000000000, 0.9238795325112867385, 1.000000000000000000, 0.9238795325112867385, 1.000000000000000000, 0.9238795325112867385, 1.000000000000000000, 0.9238795325112867385, 1.000000000000000000, 0.9238795325112867385, 1.000000000000000000, 0.9238795325112867385, 1.000000000000000000, 0.9238795325112867385, 1.000000000000000000, 0.9238795325112867385, 1.000000000000000000, 0.9238795325112867385, 1.000000000000000000, 0.9238795325112867385, 1.000000000000000000, 0.9238795325112867385, 1.000000000000000000, 0.9238795325112867385, 1.000000000000000000, 0.9238795325112867385, 1.000000000000000000, 0.9238795325112867385, 1.000000000000000000, 0.9238795325112867385, 1.000000000000000000, 0.9238795325112867385, 1.000000000000000000, 0.9238795325112867385, 1.000000000000000000, 0.9238795325112867385, 1.000000000000000000, 0.9238795325112867385, 1.000000000000000000, 0.9238795325112867385, 1.000000000000000000, 0.9238795325112867385, 1.000000000000000000, 0.9238795325112867385, 1.000000000000000000, 0.9238795325112867385, 1.000000000000000000, 0.9238795325112867385, 1.000000000000000000, 0.9238795325112867385, 1.000000000000000000, 0.9238795325112867385, 1.000000000000000000, 0.9238795325112867385, 1.000000000000000000, 0.9238795325112867385, 1.000000000000000000, 0.9238795325112867385, 1.000000000000000000, 0.9238795325112867385, 1.000000000000000000, 0.9238795325112867385, 1.000000000000000000, 0.9238795325112867385, 1.000000000000000000, 0.9238795325112867385, 1.000000000000000000, 0.9238795325112867385, 1.000000000000000000, 0.9238795325112867385, 1.000000000000000000, 0.9238795325112867385, 1.000000000000000000, 0.9238795325112867385, 1.000000000000000000, 0.9238795325112867385, 1.000000000000000000, 0.9238795325112867385, 1.000000000000000000, 0.9238795325112867385, 1.000000000000000000, 0.9238795325112867385, 1.000000000000000000, 0.9238795325112867385, 1.000000000000000000, 0.9238795325112867385, 1.000000000000000000, 0.9238795325112867385, 1.000000000000000000, 0.9238795325112867385, 1.000000000000000000, 0.9238795325112867385, 1.000000000000000000, 0.9238795325112867385, 1.000000000000000000, 0.9238795325112867385, 1.000000000000000000, 0.9238795325112867385, 1.000000000000000000, 0.9238795325112867385, 1.000000000000000000, 0.9238795325112867385, 1.000000000000000000, 0.9238795325112867385, 1.000000000000000000, 0.9238795325112867385, 1.000000000000000000, 0.9238795325112867385, 1.000000000000000000, 0.9238795325112867385, 1.000000000000000000, 0.9238795325112867385, 1.000000000000000000, 0.9238795325112867385, 1.000000000000000000, 0.9238795325112867385, 1.000000000000000000, 0.9238795325112867385, 1.000000000000000000, 0.9238795325112867385, 1.000000000000000000, 0.9238795325112867385, 1.000000000000000000, 0.9238795325112867385, 1.000000000000000000, 0.9238795325112867385, 1.000000000000000000, 0.9238795325112867385, 1.000000000000000000, 0.9238795325112867385, 1.000000000000000000, 0.9238795325112867385, 1.000000000000000000, 0.9238795325112867385, 1.000000000000000000, 0.9238795325112867385, 1.000000000000000000, 0.9238795325112867385, 1.000000000000000000, 0.9238795325112867385, 1.000000000000000000, 0.9238795325112867385, 1.000000000000000000, 0.9238795325112867385, 1.000000000000000000, 0.9238795325112867385, 1.000000000000000000, 0.9238795325112867385, 1.000000000000000000, 0.9238795325112867385, 1.000000000000000000, 0.9238795325112867385, 1.000000000000000000, 0.9238795325112867385, 1.000000000000000000, 0.9238795325112867385, 1.000000000000000000, 0.9238795325112867385, 1.000000000000000000, 0.9238795325112867385, 1.000000000000000000, 0.9238795325112867385, 1.000000000000000000, 0.9238795325112867385, 1.000000000000000000, 0.9238795325112867385, 1.000000000000000000) ) ) 
 REPRESENTATION_ITEM ( '' )  SURFACE ( )  );
#755 = CARTESIAN_POINT ( 'NONE',  ( 5.541188686104859151, 7.770448335049751520, 3.999999999999996447 ) ) ;
#756 = DIRECTION ( 'NONE',  ( 0.000000000000000000, -1.939024098649975398E-16, 1.000000000000000000 ) ) ;
#757 = CARTESIAN_POINT ( 'NONE',  ( 6.054126587736527121, -2.136346828725371078E-13, 3.999999999999998224 ) ) ;
#758 = CARTESIAN_POINT ( 'NONE',  ( -2.507701340964015202, -6.054126587736528009, -6.593750000000000000 ) ) ;
#759 = CARTESIAN_POINT ( 'NONE',  ( 3.783361360347444968, -3.783361360347444080, 4.000000000000005329 ) ) ;
#760 = AXIS2_PLACEMENT_3D ( 'NONE', #2690, #2999, #2340 ) ;
#761 =( BOUNDED_CURVE ( )  B_SPLINE_CURVE ( 2, ( #2691, #2383, #1107 ),
 .UNSPECIFIED., .F., .T. ) 
 B_SPLINE_CURVE_WITH_KNOTS ( ( 3, 3 ),
 ( 0.01208916039147589494, 0.01923076923076924918 ),
 .UNSPECIFIED. ) 
 CURVE ( )  GEOMETRIC_REPRESENTATION_ITEM ( )  RATIONAL_B_SPLINE_CURVE ( ( 0.9709092771459136850, 0.9434632492392723835, 0.9999999999999997780 ) ) 
 REPRESENTATION_ITEM ( '' )  );
#762 = CARTESIAN_POINT ( 'NONE',  ( 5.999999999999989342, -2.485281374238580643, -0.3125000000000012212 ) ) ;
#763 = CARTESIAN_POINT ( 'NONE',  ( -2.635425894432857241, -4.870077796958301342, 3.694693236299436911 ) ) ;
#764 = CARTESIAN_POINT ( 'NONE',  ( -2.216241773533209614, -5.350480947161678991, 1.937500000000005995 ) ) ;
#765 = CARTESIAN_POINT ( 'NONE',  ( -2.485281374238575314, 5.999999999999999112, 2.062499999999999556 ) ) ;
#766 = CARTESIAN_POINT ( 'NONE',  ( 6.054126587736527121, 2.507701340964017422, 1.718750000000002442 ) ) ;
#767 = CARTESIAN_POINT ( 'NONE',  ( -6.054126587736525344, 2.507701340964018311, 6.093750000000002665 ) ) ;
#768 = EDGE_LOOP ( 'NONE', ( #2466, #1857, #1461, #1485 ) ) ;
#769 = EDGE_CURVE ( 'NONE', #2642, #2011, #1564, .T. ) ;
#770 = FACE_OUTER_BOUND ( 'NONE', #1992, .T. ) ;
#771 = CARTESIAN_POINT ( 'NONE',  ( 3.783361360347444968, -3.783361360347444080, -5.999999999999994671 ) ) ;
#772 = EDGE_LOOP ( 'NONE', ( #3255, #731 ) ) ;
#773 = DIRECTION ( 'NONE',  ( -0.000000000000000000, -0.000000000000000000, -1.000000000000000000 ) ) ;
#774 = DIRECTION ( 'NONE',  ( -0.000000000000000000, -0.000000000000000000, -1.000000000000000000 ) ) ;
#775 = CARTESIAN_POINT ( 'NONE',  ( 2.216241773533210946, 5.350480947161678102, 3.437500000000005773 ) ) ;
#776 = CARTESIAN_POINT ( 'NONE',  ( 2.216241773533212278, -5.350480947161678102, 5.937500000000004441 ) ) ;
#777 = FACE_OUTER_BOUND ( 'NONE', #3611, .T. ) ;
#778 = CARTESIAN_POINT ( 'NONE',  ( 0.000000000000000000, 6.054126587736526233, -6.031250000000000000 ) ) ;
#779 = CARTESIAN_POINT ( 'NONE',  ( 5.350480947161678102, 3.276224682920223997E-16, 1.125000000000005329 ) ) ;
#780 = CIRCLE ( 'NONE', #3408, 9.500000000000001776 ) ;
#781 = CARTESIAN_POINT ( 'NONE',  ( -9.500000000000001776, 5.036734328317962195, -5.419163217335223770 ) ) ;
#782 = CARTESIAN_POINT ( 'NONE',  ( -4.749999999999998224, -8.227241335952165002, 3.999999999999996447 ) ) ;
#783 = CARTESIAN_POINT ( 'NONE',  ( 0.000000000000000000, 5.350480947161678102, 1.500000000000005773 ) ) ;
#784 = CARTESIAN_POINT ( 'NONE',  ( 5.350480947161678102, -2.216241773533210946, 2.187500000000006217 ) ) ;
#785 = CARTESIAN_POINT ( 'NONE',  ( -6.000000000000000888, 0.000000000000000000, 6.000000000000000000 ) ) ;
#786 = CARTESIAN_POINT ( 'NONE',  ( -2.507701340964015202, -6.054126587736528009, 2.343750000000002665 ) ) ;
#787 = DIRECTION ( 'NONE',  ( -0.000000000000000000, 1.939024098649975398E-16, -1.000000000000000000 ) ) ;
#788 = ORIENTED_EDGE ( 'NONE', *, *, #3946, .F. ) ;
#789 = CARTESIAN_POINT ( 'NONE',  ( -5.350480947161678102, -9.828674048760671990E-16, 5.750000000000006217 ) ) ;
#790 = CARTESIAN_POINT ( 'NONE',  ( 0.000000000000000000, 5.350480947161678102, 3.999999999999997335 ) ) ;
#791 = CARTESIAN_POINT ( 'NONE',  ( 5.350480947161678102, -2.216241773533210946, -4.937499999999993783 ) ) ;
#792 = VERTEX_POINT ( 'NONE', #2528 ) ;
#793 = ORIENTED_EDGE ( 'NONE', *, *, #468, .T. ) ;
#794 = CARTESIAN_POINT ( 'NONE',  ( 3.998295385501659194, -4.563489284133462220, -5.999999999999998224 ) ) ;
#795 = CARTESIAN_POINT ( 'NONE',  ( 0.000000000000000000, 10.96965511460289555, -5.314688565214023441 ) ) ;
#796 = CARTESIAN_POINT ( 'NONE',  ( 5.350480947161678102, 3.276224682920223997E-16, 3.250000000000005329 ) ) ;
#797 = CARTESIAN_POINT ( 'NONE',  ( 0.000000000000000000, 6.000000000000000888, -1.000000000000000666 ) ) ;
#798 = EDGE_CURVE ( 'NONE', #600, #1401, #2257, .T. ) ;
#799 = CARTESIAN_POINT ( 'NONE',  ( -5.350480947161677214, -2.216241773533213610, 4.687500000000005329 ) ) ;
#800 = CARTESIAN_POINT ( 'NONE',  ( -2.507701340964020531, 6.054126587736524456, -4.968750000000000888 ) ) ;
#801 = CARTESIAN_POINT ( 'NONE',  ( 5.350480947161678102, 3.276224682920223997E-16, 3.125000000000005329 ) ) ;
#802 = AXIS2_PLACEMENT_3D ( 'NONE', #3606, #2045, #2990 ) ;
#803 = FACE_OUTER_BOUND ( 'NONE', #2747, .T. ) ;
#804 = CARTESIAN_POINT ( 'NONE',  ( 3.783361360347444968, -3.783361360347444080, -2.874999999999993783 ) ) ;
#805 = DIRECTION ( 'NONE',  ( -0.000000000000000000, -0.000000000000000000, -1.000000000000000000 ) ) ;
#806 = DIRECTION ( 'NONE',  ( 0.000000000000000000, 1.000000000000000000, 1.826024711554533420E-16 ) ) ;
#807 = CARTESIAN_POINT ( 'NONE',  ( -6.054126587736526233, -1.112125012095663524E-15, -2.843749999999997335 ) ) ;
#808 = CARTESIAN_POINT ( 'NONE',  ( 6.552449365840447993E-16, -5.350480947161678102, 3.000000000000005773 ) ) ;
#809 = CYLINDRICAL_SURFACE ( 'NONE', #2605, 6.000000000000000888 ) ;
#810 = CARTESIAN_POINT ( 'NONE',  ( 7.414166747304424153E-16, -6.054126587736526233, 6.406250000000001776 ) ) ;
#811 = ORIENTED_EDGE ( 'NONE', *, *, #302, .T. ) ;
#812 = CARTESIAN_POINT ( 'NONE',  ( -5.350480947161677214, -2.216241773533214054, -5.312499999999994671 ) ) ;
#813 = CARTESIAN_POINT ( 'NONE',  ( 5.350480947161678102, -2.216241773533210946, -3.937499999999994671 ) ) ;
#814 = ORIENTED_EDGE ( 'NONE', *, *, #2678, .T. ) ;
#815 = ORIENTED_EDGE ( 'NONE', *, *, #3716, .F. ) ;
#816 = CARTESIAN_POINT ( 'NONE',  ( -6.000000000000000888, -1.102182119232618108E-15, 2.125000000000003997 ) ) ;
#817 = CARTESIAN_POINT ( 'NONE',  ( 4.242640687119284770, 4.242640687119285658, -0.1250000000000006939 ) ) ;
#818 = CARTESIAN_POINT ( 'NONE',  ( 1.024391877173058463, 5.983430783204608083, 3.999999999999998224 ) ) ;
#819 = DIRECTION ( 'NONE',  ( 1.000000000000000000, 0.000000000000000000, 0.000000000000000000 ) ) ;
#820 = CARTESIAN_POINT ( 'NONE',  ( 0.000000000000000000, 5.350480947161678102, 4.375000000000005329 ) ) ;
#821 = CARTESIAN_POINT ( 'NONE',  ( -2.507701340964020531, 6.054126587736524456, -3.968750000000000444 ) ) ;
#822 = EDGE_CURVE ( 'NONE', #3039, #2823, #1420, .T. ) ;
#823 = CARTESIAN_POINT ( 'NONE',  ( 6.552449365840447993E-16, -5.350480947161678102, 2.875000000000005773 ) ) ;
#824 = ADVANCED_FACE ( 'NONE', ( #3590 ), #1403, .F. ) ;
#825 = LINE ( 'NONE', #3573, #2425 ) ;
#826 = CARTESIAN_POINT ( 'NONE',  ( -2.216241773533214054, 5.350480947161677214, -0.4374999999999943379 ) ) ;
#827 = CARTESIAN_POINT ( 'NONE',  ( -9.500000000000001776, 3.215108911171367989, 3.757716718549859003 ) ) ;
#828 = CARTESIAN_POINT ( 'NONE',  ( -5.058769135320598131, -1.978539132476207607, 3.639003243614613137 ) ) ;
#829 = CARTESIAN_POINT ( 'NONE',  ( 6.054126587736526233, 3.707083373652212077E-16, -2.343749999999996891 ) ) ;
#830 = CARTESIAN_POINT ( 'NONE',  ( -3.783361360347444080, -3.783361360347445412, 2.875000000000005773 ) ) ;
#831 = CARTESIAN_POINT ( 'NONE',  ( -6.000000000000000888, -1.102182119232618108E-15, -0.7500000000000003331 ) ) ;
#832 = CIRCLE ( 'NONE', #1223, 6.054126587736529785 ) ;
#833 = ORIENTED_EDGE ( 'NONE', *, *, #1823, .F. ) ;
#834 = LINE ( 'NONE', #2092, #406 ) ;
#835 = CARTESIAN_POINT ( 'NONE',  ( 5.810556942922158186, 3.557939980706525905E-16, 3.859375000000000888 ) ) ;
#836 = CARTESIAN_POINT ( 'NONE',  ( -2.216241773533209614, -5.350480947161678991, -6.187499999999994671 ) ) ;
#837 = ORIENTED_EDGE ( 'NONE', *, *, #2830, .F. ) ;
#838 = ORIENTED_EDGE ( 'NONE', *, *, #3276, .F. ) ;
#839 = CARTESIAN_POINT ( 'NONE',  ( -2.685253995375963321, -5.440495436295964993, 3.999999999999998224 ) ) ;
#840 = CARTESIAN_POINT ( 'NONE',  ( 2.216241773533210946, 5.350480947161678102, 3.312500000000005329 ) ) ;
#841 = CARTESIAN_POINT ( 'NONE',  ( 5.663313473923292207, 2.186549134510351600, 3.999999999999998224 ) ) ;
#842 = CARTESIAN_POINT ( 'NONE',  ( 7.347880794884120722E-16, -6.000000000000000888, 1.499999999999999112 ) ) ;
#843 = CARTESIAN_POINT ( 'NONE',  ( 7.347880794884121708E-16, -6.000000000000000888, 3.375000000000003997 ) ) ;
#844 = CARTESIAN_POINT ( 'NONE',  ( 6.000000000000012434, -2.485281374238559771, -1.437499999999996003 ) ) ;
#845 = CARTESIAN_POINT ( 'NONE',  ( 0.000000000000000000, 5.350480947161678102, 0.3750000000000055511 ) ) ;
#846 = CARTESIAN_POINT ( 'NONE',  ( -5.350480947161677214, 2.216241773533212278, -1.312499999999994449 ) ) ;
#847 = ADVANCED_FACE ( 'NONE', ( #1348 ), #407, .F. ) ;
#848 = CARTESIAN_POINT ( 'NONE',  ( -6.054126587736526233, -1.112125012095663524E-15, 1.218750000000000222 ) ) ;
#849 = CARTESIAN_POINT ( 'NONE',  ( -5.261303925021891814, -1.271964271737390684, 3.627973677957440302 ) ) ;
#850 = CARTESIAN_POINT ( 'NONE',  ( 5.350480947161678102, 2.216241773533211390, 0.3125000000000054956 ) ) ;
#851 = CARTESIAN_POINT ( 'NONE',  ( 9.499999999999992895, 1.835825306872907126, -5.936876285742177295 ) ) ;
#852 = CIRCLE ( 'NONE', #1364, 9.500000000000001776 ) ;
#853 = EDGE_CURVE ( 'NONE', #1397, #2823, #1648, .T. ) ;
#854 = CARTESIAN_POINT ( 'NONE',  ( -4.280913964350272494, 4.280913964350270717, 4.031250000000002665 ) ) ;
#855 = ORIENTED_EDGE ( 'NONE', *, *, #2003, .F. ) ;
#856 = CARTESIAN_POINT ( 'NONE',  ( 0.000000000000000000, -3.286135577712063753E-15, 3.999999999999998224 ) ) ;
#857 = CARTESIAN_POINT ( 'NONE',  ( -6.000000000000000888, 0.000000000000000000, 6.000000000000000000 ) ) ;
#858 = ORIENTED_EDGE ( 'NONE', *, *, #2682, .F. ) ;
#859 = ORIENTED_EDGE ( 'NONE', *, *, #742, .T. ) ;
#860 = CARTESIAN_POINT ( 'NONE',  ( 4.280913964350270717, 4.280913964350271605, -5.218749999999997335 ) ) ;
#861 = CARTESIAN_POINT ( 'NONE',  ( -3.033074569130822962, -5.254513619532286128, 3.999999999999996447 ) ) ;
#862 = CARTESIAN_POINT ( 'NONE',  ( 0.000000000000000000, 5.350480947161678102, 0.5000000000000056621 ) ) ;
#863 = CARTESIAN_POINT ( 'NONE',  ( 0.000000000000000000, -1.128949729586049168E-15, 3.999999999999998224 ) ) ;
#864 = CARTESIAN_POINT ( 'NONE',  ( 6.000000000000000888, 3.673940397442060854E-16, 1.625000000000003553 ) ) ;
#865 = CARTESIAN_POINT ( 'NONE',  ( 2.216241773533212278, -5.350480947161678102, -3.062499999999993783 ) ) ;
#866 = DIRECTION ( 'NONE',  ( -0.000000000000000000, 0.000000000000000000, 1.000000000000000000 ) ) ;
#867 = CARTESIAN_POINT ( 'NONE',  ( 5.350480947161678102, -2.216241773533210946, -1.812499999999994671 ) ) ;
#868 = AXIS2_PLACEMENT_3D ( 'NONE', #3371, #1780, #210 ) ;
#869 = CARTESIAN_POINT ( 'NONE',  ( -6.054126587736525344, 2.507701340964018311, 1.156250000000000444 ) ) ;
#870 = AXIS2_PLACEMENT_3D ( 'NONE', #3599, #2409, #1762 ) ;
#871 = FACE_BOUND ( 'NONE', #1880, .T. ) ;
#872 = CARTESIAN_POINT ( 'NONE',  ( 5.350480947161678102, 3.276224682920223997E-16, -4.749999999999993783 ) ) ;
#873 = CARTESIAN_POINT ( 'NONE',  ( 2.485281374238572205, -6.000000000000001776, -5.562499999999996447 ) ) ;
#874 =( BOUNDED_CURVE ( )  B_SPLINE_CURVE ( 2, ( #3302, #3281, #1447, #1689, #2014, #2669, #817, #208, #2649 ),
 .UNSPECIFIED., .F., .T. ) 
 B_SPLINE_CURVE_WITH_KNOTS ( ( 3, 2, 2, 2, 3 ),
 ( 0.4423076923076924016, 0.4519230769230770384, 0.4615384615384616751, 0.4711538461538462008, 0.4807692307692308376 ),
 .UNSPECIFIED. ) 
 CURVE ( )  GEOMETRIC_REPRESENTATION_ITEM ( )  RATIONAL_B_SPLINE_CURVE ( ( 0.9999999999999991118, 0.9238795325112876267, 1.000000000000000000, 0.9238795325112867385, 1.000000000000000000, 0.9238795325112867385, 1.000000000000000000, 0.9238795325112862944, 1.000000000000000444 ) ) 
 REPRESENTATION_ITEM ( '' )  );
#875 = DIRECTION ( 'NONE',  ( -0.000000000000000000, -0.000000000000000000, -1.000000000000000000 ) ) ;
#876 = ORIENTED_EDGE ( 'NONE', *, *, #3974, .T. ) ;
#877 = CARTESIAN_POINT ( 'NONE',  ( -3.783361360347445412, 3.783361360347443636, 3.625000000000005773 ) ) ;
#878 = EDGE_CURVE ( 'NONE', #2584, #2666, #1282, .T. ) ;
#879 = CARTESIAN_POINT ( 'NONE',  ( 7.347880794884120722E-16, -6.000000000000000888, -2.500000000000000888 ) ) ;
#880 = CLOSED_SHELL ( 'NONE', ( #3639, #1765, #2378, #298, #3655, #2084 ) ) ;
#881 = CARTESIAN_POINT ( 'NONE',  ( 0.000000000000000000, 0.000000000000000000, 6.000000000000000000 ) ) ;
#882 = EDGE_LOOP ( 'NONE', ( #462, #2797 ) ) ;
#883 = CARTESIAN_POINT ( 'NONE',  ( -6.054126587736525344, 2.507701340964018311, -4.906249999999997335 ) ) ;
#884 = CARTESIAN_POINT ( 'NONE',  ( -6.054126587736527121, -3.117565634506131167E-12, 3.999999999999994671 ) ) ;
#885 = CARTESIAN_POINT ( 'NONE',  ( 2.216241773533211834, -5.350480947161678102, 2.937500000000005773 ) ) ;
#886 = CARTESIAN_POINT ( 'NONE',  ( -3.783361360347445412, 3.783361360347443636, 0.6250000000000057732 ) ) ;
#887 = CARTESIAN_POINT ( 'NONE',  ( 2.216241773533211390, 5.350480947161678102, 0.3125000000000054956 ) ) ;
#888 = CARTESIAN_POINT ( 'NONE',  ( 7.347880794884121708E-16, -6.000000000000000888, -4.624999999999995559 ) ) ;
#889 = CARTESIAN_POINT ( 'NONE',  ( -5.350480947161677214, 2.216241773533212278, -0.4374999999999943379 ) ) ;
#890 = CARTESIAN_POINT ( 'NONE',  ( 0.000000000000000000, 0.000000000000000000, 6.000000000000000000 ) ) ;
#891 = CARTESIAN_POINT ( 'NONE',  ( 5.350480947161678102, 2.216241773533211390, -2.687499999999993783 ) ) ;
#892 = CARTESIAN_POINT ( 'NONE',  ( 4.280913964350271605, -4.280913964350270717, 4.593750000000000888 ) ) ;
#893 = DIRECTION ( 'NONE',  ( 0.000000000000000000, -1.000000000000000000, -1.939024098649975398E-16 ) ) ;
#894 = CARTESIAN_POINT ( 'NONE',  ( -4.280913964350270717, -4.280913964350272494, -1.718749999999998002 ) ) ;
#895 = CARTESIAN_POINT ( 'NONE',  ( -2.216241773533214054, 5.350480947161677214, -3.437499999999994671 ) ) ;
#896 = DIRECTION ( 'NONE',  ( -1.000000000000000000, 0.000000000000000000, 0.000000000000000000 ) ) ;
#897 = ORIENTED_EDGE ( 'NONE', *, *, #417, .F. ) ;
#898 = CARTESIAN_POINT ( 'NONE',  ( 4.749999999999996447, -8.227241335952170331, 3.999999999999996447 ) ) ;
#899 = CONICAL_SURFACE ( 'NONE', #1734, 9.500000000000001776, 1.134464013796313786 ) ;
#900 = EDGE_CURVE ( 'NONE', #2767, #3795, #2902, .T. ) ;
#901 = ORIENTED_EDGE ( 'NONE', *, *, #41, .F. ) ;
#902 = CARTESIAN_POINT ( 'NONE',  ( 1.374044471914113386, -5.899436472592101133, 4.000000000000006217 ) ) ;
#903 = CARTESIAN_POINT ( 'NONE',  ( 3.783361360347444080, 3.783361360347444968, 3.250000000000005329 ) ) ;
#904 = CARTESIAN_POINT ( 'NONE',  ( -5.350480947161677214, 2.216241773533211834, -0.3124999999999942268 ) ) ;
#905 = CARTESIAN_POINT ( 'NONE',  ( -2.216241773533214054, 5.350480947161677214, 1.437500000000005773 ) ) ;
#906 = EDGE_CURVE ( 'NONE', #542, #4012, #1856, .T. ) ;
#907 = CARTESIAN_POINT ( 'NONE',  ( 7.347880794884121708E-16, -6.000000000000000888, -1.624999999999996891 ) ) ;
#908 = CARTESIAN_POINT ( 'NONE',  ( 5.350480947161678102, -2.216241773533210946, -1.937499999999994671 ) ) ;
#909 = CARTESIAN_POINT ( 'NONE',  ( 0.000000000000000000, 9.499999999999998224, 4.000000000000000000 ) ) ;
#910 = CARTESIAN_POINT ( 'NONE',  ( 6.552449365840447993E-16, -5.350480947161678102, -4.999999999999993783 ) ) ;
#911 = CARTESIAN_POINT ( 'NONE',  ( 4.749999999999996447, -8.227241335952170331, 3.999999999999996447 ) ) ;
#912 = CARTESIAN_POINT ( 'NONE',  ( 4.280913964350270717, 4.280913964350271605, 1.843750000000000000 ) ) ;
#913 = FACE_OUTER_BOUND ( 'NONE', #772, .T. ) ;
#914 = CARTESIAN_POINT ( 'NONE',  ( -2.216241773533214054, 5.350480947161677214, -2.437499999999994671 ) ) ;
#915 = CARTESIAN_POINT ( 'NONE',  ( 4.242640687119284770, 4.242640687119285658, -2.125000000000000888 ) ) ;
#916 = ORIENTED_EDGE ( 'NONE', *, *, #2107, .F. ) ;
#917 = B_SPLINE_CURVE_WITH_KNOTS ( 'NONE', 3,
 ( #4010, #2167, #521, #3032, #1526, #898 ),
 .UNSPECIFIED., .F., .F.,
 ( 4, 2, 4 ),
 ( 2.339747056486355874E-07, 0.002759217899624838172, 0.005518201824544027162 ),
 .UNSPECIFIED. ) ;
#918 = DIRECTION ( 'NONE',  ( -1.000000000000000000, 0.000000000000000000, 0.000000000000000000 ) ) ;
#919 = CARTESIAN_POINT ( 'NONE',  ( -5.931552762844090942, 1.237016246840370925, 4.000000000000000888 ) ) ;
#920 = CC_DESIGN_DATE_AND_TIME_ASSIGNMENT ( #3059, #2440, ( #1630 ) ) ;
#921 = AXIS2_PLACEMENT_3D ( 'NONE', #1330, #658, #2286 ) ;
#922 = ORIENTED_EDGE ( 'NONE', *, *, #3089, .T. ) ;
#923 = CARTESIAN_POINT ( 'NONE',  ( 0.7820653066535622200, -10.51812949928258512, 3.525238417491020737 ) ) ;
#924 = CARTESIAN_POINT ( 'NONE',  ( 2.216241773533211834, -5.350480947161678102, 0.9375000000000052180 ) ) ;
#925 = CARTESIAN_POINT ( 'NONE',  ( -5.350480947161678102, -9.828674048760671990E-16, 0.7500000000000058842 ) ) ;
#926 = ADVANCED_FACE ( 'NONE', ( #3864, #3242 ), #1382, .F. ) ;
#927 = CARTESIAN_POINT ( 'NONE',  ( 6.552449365840447993E-16, -5.350480947161678102, 0.8750000000000059952 ) ) ;
#928 = DIRECTION ( 'NONE',  ( -0.000000000000000000, 1.939024098649975398E-16, -1.000000000000000000 ) ) ;
#929 = CARTESIAN_POINT ( 'NONE',  ( 5.350480947161678102, -2.216241773533210946, -2.937499999999994227 ) ) ;
#930 = EDGE_CURVE ( 'NONE', #1202, #303, #2702, .T. ) ;
#931 = CARTESIAN_POINT ( 'NONE',  ( 5.350480947161678102, 3.276224682920223997E-16, -3.749999999999994671 ) ) ;
#932 = CARTESIAN_POINT ( 'NONE',  ( -4.280913964350270717, -4.280913964350272494, 4.343750000000000000 ) ) ;
#933 = PLANE ( 'NONE',  #2978 ) ;
#934 = CARTESIAN_POINT ( 'NONE',  ( 5.350480947161678102, 3.276224682920223997E-16, -2.749999999999993783 ) ) ;
#935 = DIRECTION ( 'NONE',  ( -0.000000000000000000, -0.000000000000000000, -1.000000000000000000 ) ) ;
#936 = ORIENTED_EDGE ( 'NONE', *, *, #3252, .T. ) ;
#937 = VECTOR ( 'NONE', #1807, 1000.000000000000000 ) ;
#938 = CARTESIAN_POINT ( 'NONE',  ( 5.350480947161678102, 2.216241773533211390, 2.312500000000006217 ) ) ;
#939 = CARTESIAN_POINT ( 'NONE',  ( -4.242640687119284770, -4.242640687119286547, 0.3749999999999997224 ) ) ;
#940 = FACE_OUTER_BOUND ( 'NONE', #3944, .T. ) ;
#941 = TOROIDAL_SURFACE ( 'NONE', #1453, 7.500000000000003553, 1.950000000000000400 ) ;
#942 = ORIENTED_EDGE ( 'NONE', *, *, #492, .T. ) ;
#943 = CARTESIAN_POINT ( 'NONE',  ( 2.216241773533212278, -5.350480947161678102, 6.062500000000004441 ) ) ;
#944 = CARTESIAN_POINT ( 'NONE',  ( -4.130639454867779392, 4.433105563297953466, 3.999999999999999112 ) ) ;
#945 = CARTESIAN_POINT ( 'NONE',  ( 3.783361360347444968, -3.783361360347444080, 6.125000000000005329 ) ) ;
#946 = CARTESIAN_POINT ( 'NONE',  ( -2.216241773533209614, -5.350480947161678991, -3.187499999999994227 ) ) ;
#947 = CARTESIAN_POINT ( 'NONE',  ( 5.350480947161678102, -2.216241773533210058, 2.187500000000006217 ) ) ;
#948 = CARTESIAN_POINT ( 'NONE',  ( 2.216241773533212278, -5.350480947161678102, 0.9375000000000051070 ) ) ;
#949 = ORIENTED_EDGE ( 'NONE', *, *, #1069, .F. ) ;
#950 = DIRECTION ( 'NONE',  ( 1.000000000000000000, 0.000000000000000000, 0.000000000000000000 ) ) ;
#951 = CARTESIAN_POINT ( 'NONE',  ( -5.350480947161678102, -9.828674048760671990E-16, -2.374999999999995115 ) ) ;
#952 = CARTESIAN_POINT ( 'NONE',  ( 7.347880794884121708E-16, -6.000000000000000888, -5.624999999999997335 ) ) ;
#953 = ADVANCED_FACE ( 'NONE', ( #567 ), #3403, .F. ) ;
#954 = CARTESIAN_POINT ( 'NONE',  ( 2.507701340964016978, 6.054126587736527121, -2.093750000000000000 ) ) ;
#955 = CARTESIAN_POINT ( 'NONE',  ( -5.350480947161678102, -9.828674048760671990E-16, -4.249999999999994671 ) ) ;
#956 = DIRECTION ( 'NONE',  ( 0.000000000000000000, 1.000000000000000000, 1.621091162745885200E-16 ) ) ;
#957 = DIRECTION ( 'NONE',  ( -0.000000000000000000, -0.000000000000000000, -1.000000000000000000 ) ) ;
#958 = EDGE_LOOP ( 'NONE', ( #3482, #1024, #1752, #2498 ) ) ;
#959 = CARTESIAN_POINT ( 'NONE',  ( 0.000000000000000000, -3.286135577712063753E-15, 3.999999999999998224 ) ) ;
#960 = DATE_AND_TIME ( #603, #1130 ) ;
#961 = ORIENTED_EDGE ( 'NONE', *, *, #3502, .T. ) ;
#962 = CARTESIAN_POINT ( 'NONE',  ( 2.216241773533211390, 5.350480947161678102, 4.437500000000006217 ) ) ;
#963 = CARTESIAN_POINT ( 'NONE',  ( 5.350480947161678102, 3.276224682920223997E-16, -2.874999999999993783 ) ) ;
#964 = CARTESIAN_POINT ( 'NONE',  ( -5.350480947161677214, 2.216241773533211834, -4.312499999999995559 ) ) ;
#965 = CARTESIAN_POINT ( 'NONE',  ( -5.350480947161677214, 2.216241773533212278, 3.562500000000005773 ) ) ;
#966 = CARTESIAN_POINT ( 'NONE',  ( -4.280913964350270717, -4.280913964350272494, -0.7187499999999971134 ) ) ;
#967 = CARTESIAN_POINT ( 'NONE',  ( -6.054126587736526233, 2.712407121085481031E-11, -6.000000000000001776 ) ) ;
#968 = CARTESIAN_POINT ( 'NONE',  ( -6.000000000000000888, -1.102182119232618108E-15, -4.874999999999996447 ) ) ;
#969 = CARTESIAN_POINT ( 'NONE',  ( 5.485325389325504730, -0.3721352960150287603, -5.677040311144230245 ) ) ;
#970 = CARTESIAN_POINT ( 'NONE',  ( 4.242640687119285658, -4.242640687119284770, -1.375000000000000888 ) ) ;
#971 = CARTESIAN_POINT ( 'NONE',  ( -2.507701340964015202, -6.054126587736528009, -0.5937499999999996669 ) ) ;
#972 = CARTESIAN_POINT ( 'NONE',  ( -3.783361360347445412, 3.783361360347443636, -5.374999999999994671 ) ) ;
#973 = EDGE_CURVE ( 'NONE', #3770, #51, #1331, .T. ) ;
#974 = MANIFOLD_SOLID_BREP ( 'Cut-Extrude2', #1456 ) ;
#975 = LINE ( 'NONE', #354, #82 ) ;
#976 = ORIENTED_EDGE ( 'NONE', *, *, #2883, .T. ) ;
#977 = CARTESIAN_POINT ( 'NONE',  ( 5.350480947161678102, -2.216241773533210946, 2.187500000000006217 ) ) ;
#978 = DIRECTION ( 'NONE',  ( -1.000000000000000000, 0.000000000000000000, 0.000000000000000000 ) ) ;
#979 = DIRECTION ( 'NONE',  ( -1.000000000000000000, 0.000000000000000000, 0.000000000000000000 ) ) ;
#980 = EDGE_CURVE ( 'NONE', #158, #2374, #3131, .T. ) ;
#981 = ORIENTED_EDGE ( 'NONE', *, *, #664, .F. ) ;
#982 = CARTESIAN_POINT ( 'NONE',  ( 5.350480947161678102, 2.216241773533211390, 5.312500000000005329 ) ) ;
#983 = CARTESIAN_POINT ( 'NONE',  ( -2.216241773533214499, 5.350480947161677214, -1.562499999999994893 ) ) ;
#984 = CARTESIAN_POINT ( 'NONE',  ( 5.350480947161678102, 2.216241773533210946, -2.687499999999993783 ) ) ;
#985 = LOCAL_TIME ( 17, 51, 9.000000000000000000, #3667 ) ;
#986 = CARTESIAN_POINT ( 'NONE',  ( -2.216241773533214054, 5.350480947161677214, -0.5624999999999944489 ) ) ;
#987 = CARTESIAN_POINT ( 'NONE',  ( -6.054126587736526233, -1.112125012095663524E-15, 1.156250000000002665 ) ) ;
#988 = CARTESIAN_POINT ( 'NONE',  ( 9.499999999999996447, 0.000000000000000000, -6.000000000000000000 ) ) ;
#989 = DIRECTION ( 'NONE',  ( -1.000000000000000000, 0.000000000000000000, 0.000000000000000000 ) ) ;
#990 = CARTESIAN_POINT ( 'NONE',  ( -0.9168165780885842997, -5.662305303861425720, -5.809303561895354129 ) ) ;
#991 = CARTESIAN_POINT ( 'NONE',  ( 2.955549338456235020, 4.460086823582142479, -5.593750000000005329 ) ) ;
#992 = CARTESIAN_POINT ( 'NONE',  ( -2.216241773533214054, 5.350480947161677214, -6.437499999999994671 ) ) ;
#993 = CARTESIAN_POINT ( 'NONE',  ( -2.507701340964020531, 6.054126587736524456, 0.03125000000000002776 ) ) ;
#994 = CC_DESIGN_PERSON_AND_ORGANIZATION_ASSIGNMENT ( #1120, #3964, ( #1630 ) ) ;
#995 = CARTESIAN_POINT ( 'NONE',  ( 5.350480947161678102, 3.276224682920223997E-16, -5.749999999999994671 ) ) ;
#996 = CARTESIAN_POINT ( 'NONE',  ( 0.000000000000000000, 6.000000000000000888, -3.124999999999996447 ) ) ;
#997 = CARTESIAN_POINT ( 'NONE',  ( -3.951830982213104360, -8.688064433230247019, 4.000000000000000000 ) ) ;
#998 = CARTESIAN_POINT ( 'NONE',  ( 0.000000000000000000, 5.350480947161678102, 2.500000000000005773 ) ) ;
#999 = CARTESIAN_POINT ( 'NONE',  ( 0.000000000000000000, -1.479995017775127959E-15, -5.314688565214026106 ) ) ;
#1000 = CARTESIAN_POINT ( 'NONE',  ( -4.242640687119286547, 4.242640687119284770, 3.831977053378454734E-15 ) ) ;
#1001 = ORIENTED_EDGE ( 'NONE', *, *, #4000, .T. ) ;
#1002 = EDGE_CURVE ( 'NONE', #3455, #2398, #3537, .T. ) ;
#1003 = CARTESIAN_POINT ( 'NONE',  ( -2.216241773533209614, -5.350480947161678991, 3.937500000000005329 ) ) ;
#1004 = AXIS2_PLACEMENT_3D ( 'NONE', #679, #699, #2878 ) ;
#1005 = CARTESIAN_POINT ( 'NONE',  ( -2.216241773533209614, -5.350480947161678991, -1.187499999999994227 ) ) ;
#1006 = CARTESIAN_POINT ( 'NONE',  ( 2.216241773533210946, 5.350480947161678102, -3.562499999999994671 ) ) ;
#1007 = CARTESIAN_POINT ( 'NONE',  ( -3.783361360347445412, 3.783361360347443636, -1.499999999999994449 ) ) ;
#1008 = ORIENTED_EDGE ( 'NONE', *, *, #2760, .F. ) ;
#1009 =( BOUNDED_CURVE ( )  B_SPLINE_CURVE ( 2, ( #623, #3195, #1901, #1923, #1543, #2562, #1000, #2249, #49 ),
 .UNSPECIFIED., .F., .T. ) 
 B_SPLINE_CURVE_WITH_KNOTS ( ( 3, 2, 2, 2, 3 ),
 ( 0.4423076923076923461, 0.4519230769230769273, 0.4615384615384616196, 0.4711538461538462008, 0.4807692307692307820 ),
 .UNSPECIFIED. ) 
 CURVE ( )  GEOMETRIC_REPRESENTATION_ITEM ( )  RATIONAL_B_SPLINE_CURVE ( ( 0.9999999999999995559, 0.9238795325112871826, 1.000000000000000000, 0.9238795325112867385, 1.000000000000000000, 0.9238795325112867385, 1.000000000000000000, 0.9238795325112862944, 1.000000000000000444 ) ) 
 REPRESENTATION_ITEM ( '' )  );
#1010 = CARTESIAN_POINT ( 'NONE',  ( -1.949990013241769793, -5.734925642025765491, -5.999999999999998224 ) ) ;
#1011 = CARTESIAN_POINT ( 'NONE',  ( 3.783361360347444968, -3.783361360347444080, -4.999999999999993783 ) ) ;
#1012 = CARTESIAN_POINT ( 'NONE',  ( -3.938738179981664977, -4.280550671333736013, -5.856204012227125055 ) ) ;
#1013 = CARTESIAN_POINT ( 'NONE',  ( 4.280913964350270717, 4.280913964350271605, -2.156250000000000000 ) ) ;
#1014 = CARTESIAN_POINT ( 'NONE',  ( 3.783361360347444080, 3.783361360347444968, 6.250000000000005329 ) ) ;
#1015 = CARTESIAN_POINT ( 'NONE',  ( -5.243646616989436460, 1.063868658282297819, 3.593750000000003553 ) ) ;
#1016 = CARTESIAN_POINT ( 'NONE',  ( 4.242640687119284770, 4.242640687119285658, -3.249999999999996447 ) ) ;
#1017 = CARTESIAN_POINT ( 'NONE',  ( 2.650678809401096014, -5.016024532026875704, 3.773269067931105170 ) ) ;
#1018 = LINE ( 'NONE', #319, #1351 ) ;
#1019 = EDGE_LOOP ( 'NONE', ( #3504, #2394, #1262, #3251, #4007, #1618, #1001, #2251, #1124 ) ) ;
#1020 = CARTESIAN_POINT ( 'NONE',  ( -3.783361360347444080, -3.783361360347445412, -1.249999999999994227 ) ) ;
#1021 = CARTESIAN_POINT ( 'NONE',  ( 5.350480947161678102, 2.216241773533210946, -3.687499999999994671 ) ) ;
#1022 = EDGE_CURVE ( 'NONE', #3519, #2051, #3477, .T. ) ;
#1023 = CARTESIAN_POINT ( 'NONE',  ( 2.216241773533211390, 5.350480947161678102, -1.687499999999994671 ) ) ;
#1024 = ORIENTED_EDGE ( 'NONE', *, *, #2480, .T. ) ;
#1025 = CONICAL_SURFACE ( 'NONE', #2271, 10.96965511460289733, 1.134464013796321558 ) ;
#1026 = CARTESIAN_POINT ( 'NONE',  ( -0.7906835705395900415, -6.015417685547823190, -6.000000000000000888 ) ) ;
#1027 = CARTESIAN_POINT ( 'NONE',  ( 6.552449365840447993E-16, -5.350480947161678102, -4.124999999999994671 ) ) ;
#1028 = CARTESIAN_POINT ( 'NONE',  ( 4.952412300829568181, -2.535792401143198926, -5.709718039134433099 ) ) ;
#1029 = DIRECTION ( 'NONE',  ( -0.000000000000000000, -0.000000000000000000, -1.000000000000000000 ) ) ;
#1030 = AXIS2_PLACEMENT_3D ( 'NONE', #3875, #149, #1698 ) ;
#1031 = ADVANCED_FACE ( 'NONE', ( #1281 ), #3533, .T. ) ;
#1032 = CARTESIAN_POINT ( 'NONE',  ( -4.280913964350272494, 4.280913964350270717, 3.031250000000002665 ) ) ;
#1033 = CARTESIAN_POINT ( 'NONE',  ( -2.507701340964020531, 6.054126587736524456, -0.9687500000000000000 ) ) ;
#1034 = CARTESIAN_POINT ( 'NONE',  ( -5.350480947161677214, -2.216241773533213610, 5.687500000000006217 ) ) ;
#1035 = CARTESIAN_POINT ( 'NONE',  ( -3.783361360347444080, -3.783361360347445412, -0.1249999999999940326 ) ) ;
#1036 = CARTESIAN_POINT ( 'NONE',  ( 0.000000000000000000, -3.469446951953614189E-15, 3.999999999999998224 ) ) ;
#1037 = CARTESIAN_POINT ( 'NONE',  ( -5.910107339663360548, 0.5850017429251237466, -5.929434466927465230 ) ) ;
#1038 = DIRECTION ( 'NONE',  ( -0.000000000000000000, 1.939024098649975398E-16, -1.000000000000000000 ) ) ;
#1039 = VERTEX_POINT ( 'NONE', #3845 ) ;
#1040 = DIRECTION ( 'NONE',  ( -0.4999999999999997224, 0.8660254037844388186, 0.000000000000000000 ) ) ;
#1041 = CARTESIAN_POINT ( 'NONE',  ( 3.783361360347444968, -3.783361360347444080, -0.9999999999999947820 ) ) ;
#1042 = EDGE_LOOP ( 'NONE', ( #3989, #4033, #2809 ) ) ;
#1043 = CARTESIAN_POINT ( 'NONE',  ( -4.280913964350270717, -4.280913964350272494, 0.2812500000000028311 ) ) ;
#1044 = CARTESIAN_POINT ( 'NONE',  ( 0.000000000000000000, 0.000000000000000000, 6.000000000000000000 ) ) ;
#1045 = CARTESIAN_POINT ( 'NONE',  ( 4.242640687119284770, 4.242640687119285658, 2.750000000000003553 ) ) ;
#1046 = CARTESIAN_POINT ( 'NONE',  ( 2.184256247977478527, -5.211463423012525631, -5.765285295886502404 ) ) ;
#1047 = CARTESIAN_POINT ( 'NONE',  ( -2.485281374238575314, 5.999999999999999112, -0.9375000000000005551 ) ) ;
#1048 = CARTESIAN_POINT ( 'NONE',  ( -2.485281374238569541, -6.000000000000003553, 2.437500000000000000 ) ) ;
#1049 = CARTESIAN_POINT ( 'NONE',  ( 2.507701340964017866, -6.054126587736527121, -3.468749999999999556 ) ) ;
#1050 = EDGE_CURVE ( 'NONE', #692, #2930, #408, .T. ) ;
#1051 = CARTESIAN_POINT ( 'NONE',  ( -2.216241773533214054, 5.350480947161677214, 4.437500000000006217 ) ) ;
#1052 = CARTESIAN_POINT ( 'NONE',  ( -3.783361360347445412, 3.783361360347443636, -0.3749999999999942824 ) ) ;
#1053 = CARTESIAN_POINT ( 'NONE',  ( 2.485281374238571317, 6.000000000000001776, -5.062500000000000000 ) ) ;
#1054 = CARTESIAN_POINT ( 'NONE',  ( 0.000000000000000000, 7.500000000000000000, 4.000000000000000000 ) ) ;
#1055 = CARTESIAN_POINT ( 'NONE',  ( 6.054126587736526233, 3.707083373652212077E-16, 6.656250000000002665 ) ) ;
#1056 = ORIENTED_EDGE ( 'NONE', *, *, #4022, .T. ) ;
#1057 = CARTESIAN_POINT ( 'NONE',  ( 6.000000000000012434, 2.485281374238560215, 0.8124999999999986677 ) ) ;
#1058 = CARTESIAN_POINT ( 'NONE',  ( -9.500000000000001776, -5.484827557301460210, 3.314688565214004790 ) ) ;
#1059 = AXIS2_PLACEMENT_3D ( 'NONE', #2343, #3352, #184 ) ;
#1060 = CARTESIAN_POINT ( 'NONE',  ( -2.216241773533209614, -5.350480947161678991, -1.187499999999994227 ) ) ;
#1061 = ORIENTED_EDGE ( 'NONE', *, *, #2029, .T. ) ;
#1062 = AXIS2_PLACEMENT_3D ( 'NONE', #999, #2207, #642 ) ;
#1063 = CARTESIAN_POINT ( 'NONE',  ( 4.242640687119284770, 4.242640687119285658, 1.750000000000003553 ) ) ;
#1064 = CARTESIAN_POINT ( 'NONE',  ( -9.500000000000001776, -0.9178249422599291663, -6.000000000000003553 ) ) ;
#1065 = CARTESIAN_POINT ( 'NONE',  ( 6.000000000000000888, 3.673940397442060361E-16, 2.749999999999999556 ) ) ;
#1066 = CONICAL_SURFACE ( 'NONE', #3889, 9.500000000000001776, 1.134464013796313786 ) ;
#1067 = CARTESIAN_POINT ( 'NONE',  ( 4.280913964350270717, 4.280913964350271605, -5.156249999999999112 ) ) ;
#1068 = CARTESIAN_POINT ( 'NONE',  ( -5.350480947161678102, -9.828674048760671990E-16, 3.625000000000005773 ) ) ;
#1069 = EDGE_CURVE ( 'NONE', #152, #566, #1217, .T. ) ;
#1070 = VECTOR ( 'NONE', #4039, 1000.000000000000000 ) ;
#1071 = CARTESIAN_POINT ( 'NONE',  ( 6.000000000000000888, 7.347880794884120722E-16, 6.000000000000000000 ) ) ;
#1072 = CARTESIAN_POINT ( 'NONE',  ( 4.749999999999997335, -8.227241335952170331, -6.000000000000007105 ) ) ;
#1073 = CARTESIAN_POINT ( 'NONE',  ( -5.350480947161677214, -2.216241773533213610, 1.812500000000005995 ) ) ;
#1074 = CARTESIAN_POINT ( 'NONE',  ( 0.000000000000000000, 10.96965511460289378, 3.314688565214007454 ) ) ;
#1075 = CARTESIAN_POINT ( 'NONE',  ( 0.000000000000000000, 6.054126587736526233, 1.906250000000002665 ) ) ;
#1076 = CARTESIAN_POINT ( 'NONE',  ( 4.280913964350271605, -4.280913964350270717, 5.531250000000003553 ) ) ;
#1077 = ORIENTED_EDGE ( 'NONE', *, *, #1930, .F. ) ;
#1078 = CARTESIAN_POINT ( 'NONE',  ( 5.350480947161678102, -2.216241773533210946, 5.187500000000005329 ) ) ;
#1079 = CARTESIAN_POINT ( 'NONE',  ( -4.242640687119284770, -4.242640687119286547, 0.2500000000000040523 ) ) ;
#1080 = CARTESIAN_POINT ( 'NONE',  ( -3.783361360347444080, -3.783361360347445412, -4.249999999999994671 ) ) ;
#1081 = PRODUCT ( '90576A137_Medium-Strength Steel Nylon-Insert Locknut_90576A137_sldprt', '90576A137_Medium-Strength Steel Nylon-Insert Locknut_90576A137_sldprt', '', ( #2047 ) ) ;
#1082 = CARTESIAN_POINT ( 'NONE',  ( 6.552449365840447993E-16, -5.350480947161678102, -4.124999999999994671 ) ) ;
#1083 = VERTEX_POINT ( 'NONE', #968 ) ;
#1084 = VERTEX_POINT ( 'NONE', #3865 ) ;
#1085 = CARTESIAN_POINT ( 'NONE',  ( 4.242640687119285658, -4.242640687119284770, -5.375000000000000000 ) ) ;
#1086 = CARTESIAN_POINT ( 'NONE',  ( 6.000000000000000888, 3.673940397442060361E-16, -5.250000000000000000 ) ) ;
#1087 = CARTESIAN_POINT ( 'NONE',  ( -5.350480947161677214, 2.216241773533211834, 2.687500000000006217 ) ) ;
#1088 = CARTESIAN_POINT ( 'NONE',  ( 6.000000000000000888, 3.673940397442060854E-16, 3.625000000000003553 ) ) ;
#1089 = DIRECTION ( 'NONE',  ( -0.000000000000000000, -0.000000000000000000, -1.000000000000000000 ) ) ;
#1090 = CARTESIAN_POINT ( 'NONE',  ( 6.054126587736526233, 3.707083373652212077E-16, -4.281250000000000000 ) ) ;
#1091 = CARTESIAN_POINT ( 'NONE',  ( 3.783361360347444968, -3.783361360347444080, 2.000000000000005329 ) ) ;
#1092 = CIRCLE ( 'NONE', #3320, 9.450000000000002842 ) ;
#1093 = DIRECTION ( 'NONE',  ( -0.000000000000000000, 1.939024098649975398E-16, -1.000000000000000000 ) ) ;
#1094 = FACE_OUTER_BOUND ( 'NONE', #1909, .T. ) ;
#1095 = DIRECTION ( 'NONE',  ( -0.000000000000000000, 1.939024098649975398E-16, -1.000000000000000000 ) ) ;
#1096 = CARTESIAN_POINT ( 'NONE',  ( -5.350480947161678102, -9.828674048760671990E-16, -0.2499999999999941436 ) ) ;
#1097 = EDGE_CURVE ( 'NONE', #1647, #3359, #3969, .T. ) ;
#1098 = CARTESIAN_POINT ( 'NONE',  ( 6.000000000000012434, 2.485281374238560215, 1.812499999999999112 ) ) ;
#1099 = CARTESIAN_POINT ( 'NONE',  ( 4.280913964350271605, -4.280913964350270717, 4.531250000000002665 ) ) ;
#1100 = ORIENTED_EDGE ( 'NONE', *, *, #1590, .T. ) ;
#1101 = CARTESIAN_POINT ( 'NONE',  ( -2.643579094221984338, 4.923143626472905154, -5.545456895716329271 ) ) ;
#1102 = CARTESIAN_POINT ( 'NONE',  ( 3.783361360347444968, -3.783361360347444080, -3.999999999999994671 ) ) ;
#1103 = ORIENTED_EDGE ( 'NONE', *, *, #1274, .T. ) ;
#1104 = ORIENTED_EDGE ( 'NONE', *, *, #822, .T. ) ;
#1105 = CARTESIAN_POINT ( 'NONE',  ( 5.142273926766267600, -3.201313892721397103, -5.999999999999996447 ) ) ;
#1106 = DIRECTION ( 'NONE',  ( -1.224646799147353454E-16, 1.000000000000000000, 0.000000000000000000 ) ) ;
#1107 = CARTESIAN_POINT ( 'NONE',  ( -6.000000000000000888, -1.102182119232618108E-15, -5.874999999999996447 ) ) ;
#1108 = CARTESIAN_POINT ( 'NONE',  ( -2.216241773533209614, -5.350480947161678991, 4.812500000000005329 ) ) ;
#1109 = CARTESIAN_POINT ( 'NONE',  ( 6.054126587736527121, -2.507701340964016534, -5.343749999999999112 ) ) ;
#1110 = CARTESIAN_POINT ( 'NONE',  ( 2.216241773533212278, -5.350480947161678102, 1.937500000000005107 ) ) ;
#1111 = AXIS2_PLACEMENT_3D ( 'NONE', #1835, #2442, #448 ) ;
#1112 = FACE_OUTER_BOUND ( 'NONE', #1488, .T. ) ;
#1113 = CARTESIAN_POINT ( 'NONE',  ( -4.048544324986550258, -3.711256234971934020, 3.668560032068209686 ) ) ;
#1114 = CARTESIAN_POINT ( 'NONE',  ( 6.552449365840447993E-16, -5.350480947161678102, 5.204170427930421283E-15 ) ) ;
#1115 = CARTESIAN_POINT ( 'NONE',  ( -6.038536014173377708, 0.4998898578384043390, -6.000000000000004441 ) ) ;
#1116 = CARTESIAN_POINT ( 'NONE',  ( 4.280913964350271605, -4.280913964350270717, 2.531250000000002220 ) ) ;
#1117 = VERTEX_POINT ( 'NONE', #1309 ) ;
#1118 = CARTESIAN_POINT ( 'NONE',  ( -2.216241773533209614, -5.350480947161678991, 5.937500000000004441 ) ) ;
#1119 = DIRECTION ( 'NONE',  ( 0.000000000000000000, 1.000000000000000000, 1.826024711554533420E-16 ) ) ;
#1120 = PERSON_AND_ORGANIZATION ( #2697, #1829 ) ;
#1121 = CARTESIAN_POINT ( 'NONE',  ( 0.000000000000000000, 6.054126587736526233, 4.968750000000000000 ) ) ;
#1122 = ADVANCED_FACE ( 'NONE', ( #182 ), #1025, .T. ) ;
#1123 = ORIENTED_EDGE ( 'NONE', *, *, #3336, .T. ) ;
#1124 = ORIENTED_EDGE ( 'NONE', *, *, #1819, .T. ) ;
#1125 = CARTESIAN_POINT ( 'NONE',  ( 6.337457986008681488, 7.310722040402839461, 3.937125092958754013 ) ) ;
#1126 = CARTESIAN_POINT ( 'NONE',  ( 4.905526774114952637, 3.554949327221343491, 3.999999999999995559 ) ) ;
#1127 = LINE ( 'NONE', #1492, #1305 ) ;
#1128 = CARTESIAN_POINT ( 'NONE',  ( 3.783361360347444968, -3.783361360347444080, 5.000000000000006217 ) ) ;
#1129 = CARTESIAN_POINT ( 'NONE',  ( 2.507701340964017866, -6.054126587736527121, -6.468750000000000000 ) ) ;
#1130 = LOCAL_TIME ( 17, 51, 9.000000000000000000, #2479 ) ;
#1131 = CARTESIAN_POINT ( 'NONE',  ( -2.216241773533209614, -5.350480947161678991, 3.812500000000005329 ) ) ;
#1132 = AXIS2_PLACEMENT_3D ( 'NONE', #507, #1690, #3904 ) ;
#1133 = CARTESIAN_POINT ( 'NONE',  ( 0.000000000000000000, -1.479995017775127959E-15, -5.314688565214026106 ) ) ;
#1134 = DIRECTION ( 'NONE',  ( -0.000000000000000000, 0.000000000000000000, 1.000000000000000000 ) ) ;
#1135 = CARTESIAN_POINT ( 'NONE',  ( -5.118002785525303189, -1.805719121231176061, 3.636256820649292454 ) ) ;
#1136 = CARTESIAN_POINT ( 'NONE',  ( 6.054126587736527121, 2.507701340964017422, -2.281249999999996891 ) ) ;
#1137 = CARTESIAN_POINT ( 'NONE',  ( -2.216241773533209614, -5.350480947161678991, 0.9375000000000062172 ) ) ;
#1138 = CARTESIAN_POINT ( 'NONE',  ( 6.000000000000000888, 3.673940397442060854E-16, -5.374999999999997335 ) ) ;
#1139 = ORIENTED_EDGE ( 'NONE', *, *, #344, .F. ) ;
#1140 = CARTESIAN_POINT ( 'NONE',  ( -5.999999999999987566, -2.485281374238584640, 0.1875000000000043576 ) ) ;
#1141 = CARTESIAN_POINT ( 'NONE',  ( 4.749999999999997335, -8.227241335952170331, -6.000000000000007105 ) ) ;
#1142 = CARTESIAN_POINT ( 'NONE',  ( 2.216241773533212278, -5.350480947161678102, -6.062499999999995559 ) ) ;
#1143 = VERTEX_POINT ( 'NONE', #2075 ) ;
#1144 = ORIENTED_EDGE ( 'NONE', *, *, #64, .F. ) ;
#1145 = CARTESIAN_POINT ( 'NONE',  ( -0.7932743395231531824, -6.014897256947413950, 3.999999999999996447 ) ) ;
#1146 = CARTESIAN_POINT ( 'NONE',  ( 5.350480947161678102, 2.216241773533210946, 0.1875000000000053846 ) ) ;
#1147 = CARTESIAN_POINT ( 'NONE',  ( 5.032648737515048154, 3.372624125660046435, 3.999999999999998224 ) ) ;
#1148 = ADVANCED_FACE ( 'NONE', ( #466 ), #1481, .T. ) ;
#1149 = CARTESIAN_POINT ( 'NONE',  ( 2.485281374238572205, -6.000000000000001776, 1.562499999999999112 ) ) ;
#1150 = CARTESIAN_POINT ( 'NONE',  ( -2.485281374238569541, -6.000000000000003553, 3.312500000000003997 ) ) ;
#1151 = CARTESIAN_POINT ( 'NONE',  ( 6.000000000000000888, 3.673940397442060854E-16, -3.374999999999996447 ) ) ;
#1152 = CARTESIAN_POINT ( 'NONE',  ( -3.783361360347444080, -3.783361360347445412, 3.750000000000005329 ) ) ;
#1153 = CARTESIAN_POINT ( 'NONE',  ( -9.500000000000001776, -4.788450176449222587E-15, 3.999999999999998224 ) ) ;
#1154 = DIRECTION ( 'NONE',  ( 0.000000000000000000, 1.000000000000000000, 2.312964634635741478E-16 ) ) ;
#1155 = CIRCLE ( 'NONE', #3987, 1.950000000000000400 ) ;
#1156 = CARTESIAN_POINT ( 'NONE',  ( -5.350480947161677214, 2.216241773533212278, 1.687500000000005995 ) ) ;
#1157 = CARTESIAN_POINT ( 'NONE',  ( 0.000000000000000000, 5.350480947161679879, -5.999999999999999112 ) ) ;
#1158 = EDGE_LOOP ( 'NONE', ( #2072, #3324, #916 ) ) ;
#1159 = LINE ( 'NONE', #1222, #2012 ) ;
#1160 = CARTESIAN_POINT ( 'NONE',  ( 7.414166747304424153E-16, -6.054126587736526233, 5.468750000000000000 ) ) ;
#1161 = ORIENTED_EDGE ( 'NONE', *, *, #1792, .T. ) ;
#1162 = EDGE_LOOP ( 'NONE', ( #3443, #3877, #859, #420, #1356, #3610, #2230, #2067, #1686, #4073, #2006, #3348, #3060, #499, #2136, #1975, #1679, #3202, #1597, #3767, #538, #646, #425, #711, #3901, #1144 ) ) ;
#1163 = CARTESIAN_POINT ( 'NONE',  ( 2.507701340964016978, 6.054126587736527121, -5.156249999999997335 ) ) ;
#1164 = CARTESIAN_POINT ( 'NONE',  ( 3.691106404974655586, -4.815029450534957789, 3.999999999999995559 ) ) ;
#1165 = CARTESIAN_POINT ( 'NONE',  ( 3.783361360347444968, -3.783361360347444080, 2.000000000000005329 ) ) ;
#1166 = CARTESIAN_POINT ( 'NONE',  ( 2.216241773533210946, 5.350480947161678102, -0.5624999999999943379 ) ) ;
#1167 = CARTESIAN_POINT ( 'NONE',  ( -3.314336824270312398, 5.001516911426551637, 3.968749999999997335 ) ) ;
#1168 = CARTESIAN_POINT ( 'NONE',  ( 5.350480947161678102, 2.216241773533211390, 5.187500000000005329 ) ) ;
#1169 = CARTESIAN_POINT ( 'NONE',  ( 0.000000000000000000, -1.347111479062087616E-15, -6.000000000000005329 ) ) ;
#1170 = CARTESIAN_POINT ( 'NONE',  ( 5.350480947161678102, 2.216241773533211390, -0.8124999999999948930 ) ) ;
#1171 = CARTESIAN_POINT ( 'NONE',  ( -5.350480947161678102, -9.828674048760671990E-16, -1.249999999999994227 ) ) ;
#1172 = EDGE_CURVE ( 'NONE', #2196, #1647, #2937, .T. ) ;
#1173 = CARTESIAN_POINT ( 'NONE',  ( 2.507701340964016978, 6.054126587736527121, 2.906250000000000000 ) ) ;
#1174 = DIRECTION ( 'NONE',  ( -0.000000000000000000, -0.000000000000000000, -1.000000000000000000 ) ) ;
#1175 =( BOUNDED_CURVE ( )  B_SPLINE_CURVE ( 1, ( #1821, #3088 ),
 .UNSPECIFIED., .F., .T. ) 
 B_SPLINE_CURVE_WITH_KNOTS ( ( 2, 2 ),
 ( 0.000000000000000000, 0.0007499999999999913420 ),
 .UNSPECIFIED. ) 
 CURVE ( )  GEOMETRIC_REPRESENTATION_ITEM ( )  RATIONAL_B_SPLINE_CURVE ( ( 0.9709092771459091331, 0.9709092771459091331 ) ) 
 REPRESENTATION_ITEM ( '' )  );
#1176 = CARTESIAN_POINT ( 'NONE',  ( -5.350480947161677214, -2.216241773533213610, -4.187499999999994671 ) ) ;
#1177 = FACE_OUTER_BOUND ( 'NONE', #2095, .T. ) ;
#1178 = CONICAL_SURFACE ( 'NONE', #1971, 10.96965511460289733, 1.134464013796321558 ) ;
#1179 = CARTESIAN_POINT ( 'NONE',  ( -5.557119760966031663, 2.415054810414243747, 4.000000000000000888 ) ) ;
#1180 = CARTESIAN_POINT ( 'NONE',  ( 6.054126587736527121, -2.507701340964016534, 1.593750000000002220 ) ) ;
#1181 = CARTESIAN_POINT ( 'NONE',  ( -5.350480947161678102, -9.828674048760671990E-16, -5.249999999999994671 ) ) ;
#1182 = ORIENTED_EDGE ( 'NONE', *, *, #141, .T. ) ;
#1183 = FACE_OUTER_BOUND ( 'NONE', #3544, .T. ) ;
#1184 = DATE_AND_TIME ( #3014, #985 ) ;
#1185 =( BOUNDED_CURVE ( )  B_SPLINE_CURVE ( 2, ( #3431, #1518, #4042, #1870, #1252, #21, #2531, #1998, #429 ),
 .UNSPECIFIED., .F., .T. ) 
 B_SPLINE_CURVE_WITH_KNOTS ( ( 3, 2, 2, 2, 3 ),
 ( 0.5192307692307692735, 0.5288461538461539657, 0.5384615384615385469, 0.5480769230769232392, 0.5576923076923078204 ),
 .UNSPECIFIED. ) 
 CURVE ( )  GEOMETRIC_REPRESENTATION_ITEM ( )  RATIONAL_B_SPLINE_CURVE ( ( 0.9999999999999991118, 0.9238795325112876267, 1.000000000000000000, 0.9238795325112867385, 1.000000000000000000, 0.9238795325112867385, 1.000000000000000000, 0.9238795325112858503, 1.000000000000000888 ) ) 
 REPRESENTATION_ITEM ( '' )  );
#1186 = ORIENTED_EDGE ( 'NONE', *, *, #2003, .T. ) ;
#1187 = CARTESIAN_POINT ( 'NONE',  ( -0.4001733409529968921, -6.054064776938564485, 3.999999999999998224 ) ) ;
#1188 = CARTESIAN_POINT ( 'NONE',  ( -5.350480947161678102, -9.828674048760671990E-16, 1.625000000000005773 ) ) ;
#1189 = CARTESIAN_POINT ( 'NONE',  ( -2.216241773533214499, 5.350480947161677214, 0.5625000000000055511 ) ) ;
#1190 = CARTESIAN_POINT ( 'NONE',  ( -6.000000000000000888, -1.102182119232618108E-15, 2.125000000000003997 ) ) ;
#1191 = CARTESIAN_POINT ( 'NONE',  ( 5.350480947161678102, 2.216241773533211390, 0.1875000000000054123 ) ) ;
#1192 = CARTESIAN_POINT ( 'NONE',  ( -4.242640687119286547, 4.242640687119284770, -4.999999999999995559 ) ) ;
#1193 = CARTESIAN_POINT ( 'NONE',  ( -2.216241773533209614, -5.350480947161678991, -2.187499999999994671 ) ) ;
#1194 = DIRECTION ( 'NONE',  ( -0.000000000000000000, -0.000000000000000000, -1.000000000000000000 ) ) ;
#1195 = CARTESIAN_POINT ( 'NONE',  ( 2.507701340964016978, 6.054126587736527121, 0.9062500000000000000 ) ) ;
#1196 = AXIS2_PLACEMENT_3D ( 'NONE', #479, #3897, #196 ) ;
#1197 = LINE ( 'NONE', #4003, #2637 ) ;
#1198 = CARTESIAN_POINT ( 'NONE',  ( 6.054126587736527121, -2.507701340964016534, -2.406249999999996891 ) ) ;
#1199 = CARTESIAN_POINT ( 'NONE',  ( 2.216241773533212278, -5.350480947161678102, -1.937499999999994671 ) ) ;
#1200 = EDGE_CURVE ( 'NONE', #2130, #1340, #40, .T. ) ;
#1201 = FACE_OUTER_BOUND ( 'NONE', #2603, .T. ) ;
#1202 = VERTEX_POINT ( 'NONE', #1086 ) ;
#1203 = DIRECTION ( 'NONE',  ( -0.000000000000000000, -0.000000000000000000, 1.000000000000000000 ) ) ;
#1204 = DIRECTION ( 'NONE',  ( -0.000000000000000000, 1.939024098649975398E-16, -1.000000000000000000 ) ) ;
#1205 = ORIENTED_EDGE ( 'NONE', *, *, #980, .F. ) ;
#1206 = CARTESIAN_POINT ( 'NONE',  ( -5.999999999999994671, 2.485281374238577978, 3.187499999999999556 ) ) ;
#1207 = CARTESIAN_POINT ( 'NONE',  ( -2.216241773533209614, -5.350480947161678991, 1.812500000000005995 ) ) ;
#1208 = CARTESIAN_POINT ( 'NONE',  ( -5.350480947161677214, -2.216241773533214054, -0.1874999999999940881 ) ) ;
#1209 = CARTESIAN_POINT ( 'NONE',  ( 3.783361360347444080, 3.783361360347444968, 3.250000000000005329 ) ) ;
#1210 = CARTESIAN_POINT ( 'NONE',  ( 7.347880794884121708E-16, -6.000000000000000888, -3.624999999999996891 ) ) ;
#1211 = CARTESIAN_POINT ( 'NONE',  ( 5.350480947161678102, 2.216241773533211390, -3.812499999999994671 ) ) ;
#1212 = CARTESIAN_POINT ( 'NONE',  ( 9.500000000000007105, 5.484827557301442447, 3.314688565214006122 ) ) ;
#1213 = CARTESIAN_POINT ( 'NONE',  ( 2.216241773533212278, -5.350480947161678102, -3.937499999999994671 ) ) ;
#1214 = CARTESIAN_POINT ( 'NONE',  ( 6.054126587736527121, 2.507701340964017422, 4.781250000000000000 ) ) ;
#1215 = CARTESIAN_POINT ( 'NONE',  ( -6.000000000000000888, -1.102182119232618108E-15, 2.249999999999999556 ) ) ;
#1216 = CARTESIAN_POINT ( 'NONE',  ( 5.350480947161678102, -2.216241773533210946, -2.812499999999994227 ) ) ;
#1217 = CIRCLE ( 'NONE', #3579, 1.950000000000000400 ) ;
#1218 = DIRECTION ( 'NONE',  ( -0.000000000000000000, 1.939024098649975398E-16, -1.000000000000000000 ) ) ;
#1219 = ORIENTED_EDGE ( 'NONE', *, *, #1295, .F. ) ;
#1220 = CARTESIAN_POINT ( 'NONE',  ( -6.000000000000000888, -1.102182119232618108E-15, 0.2499999999999996669 ) ) ;
#1221 = ADVANCED_FACE ( 'NONE', ( #117 ), #1602, .T. ) ;
#1222 = CARTESIAN_POINT ( 'NONE',  ( 9.499999999999996447, -5.484827557301450440, 6.000000000000000000 ) ) ;
#1223 = AXIS2_PLACEMENT_3D ( 'NONE', #2824, #601, #979 ) ;
#1224 = APPROVAL_ROLE ( '' ) ;
#1225 = ORIENTED_EDGE ( 'NONE', *, *, #2029, .F. ) ;
#1226 = EDGE_CURVE ( 'NONE', #2174, #1117, #2269, .T. ) ;
#1227 = CARTESIAN_POINT ( 'NONE',  ( 5.246920155069733305, -3.026825893451494665, 3.999999999999998224 ) ) ;
#1228 = CARTESIAN_POINT ( 'NONE',  ( 0.000000000000000000, 5.350480947161678102, 1.375000000000005551 ) ) ;
#1229 = CARTESIAN_POINT ( 'NONE',  ( 2.216241773533211834, -5.350480947161678102, 1.062500000000005329 ) ) ;
#1230 = CARTESIAN_POINT ( 'NONE',  ( 2.216241773533211390, 5.350480947161678102, 2.312500000000006217 ) ) ;
#1231 = ORIENTED_EDGE ( 'NONE', *, *, #2107, .T. ) ;
#1232 = CARTESIAN_POINT ( 'NONE',  ( -2.216241773533209614, -5.350480947161678991, -1.187499999999994227 ) ) ;
#1233 = CARTESIAN_POINT ( 'NONE',  ( 5.350480947161678102, -2.216241773533210946, -3.812499999999994671 ) ) ;
#1234 = CARTESIAN_POINT ( 'NONE',  ( 2.507701340964017866, -6.054126587736527121, 4.531250000000000000 ) ) ;
#1235 = CARTESIAN_POINT ( 'NONE',  ( 6.552449365840452924E-16, -5.350480947161683432, -6.000000000000000888 ) ) ;
#1236 = CARTESIAN_POINT ( 'NONE',  ( -3.783361360347444080, -3.783361360347445412, -4.124999999999994671 ) ) ;
#1237 = CARTESIAN_POINT ( 'NONE',  ( 7.347880794884120722E-16, -6.000000000000000888, -4.500000000000000888 ) ) ;
#1238 = ORIENTED_EDGE ( 'NONE', *, *, #2563, .T. ) ;
#1239 = CARTESIAN_POINT ( 'NONE',  ( 6.337457986008671718, -7.310722040402841237, -5.937125092958767780 ) ) ;
#1240 = ORIENTED_EDGE ( 'NONE', *, *, #973, .F. ) ;
#1241 = CARTESIAN_POINT ( 'NONE',  ( -2.507701340964015202, -6.054126587736528009, -5.656249999999997335 ) ) ;
#1242 = CARTESIAN_POINT ( 'NONE',  ( -4.311043332248799764, 4.257865770545728346, 4.000000000000000000 ) ) ;
#1243 = CARTESIAN_POINT ( 'NONE',  ( -2.216241773533209614, -5.350480947161678991, 4.937500000000005329 ) ) ;
#1244 = CARTESIAN_POINT ( 'NONE',  ( -5.350480947161677214, 2.216241773533211834, -0.4374999999999943379 ) ) ;
#1245 = CARTESIAN_POINT ( 'NONE',  ( 3.783361360347444080, 3.783361360347444968, 0.3750000000000055511 ) ) ;
#1246 = EDGE_CURVE ( 'NONE', #692, #1084, #874, .T. ) ;
#1247 = CARTESIAN_POINT ( 'NONE',  ( -5.350480947161678102, -9.828674048760671990E-16, 1.625000000000005773 ) ) ;
#1248 = ORIENTED_EDGE ( 'NONE', *, *, #2055, .F. ) ;
#1249 = CARTESIAN_POINT ( 'NONE',  ( -6.000000000000000888, -1.102182119232618108E-15, 0.2499999999999996669 ) ) ;
#1250 = CARTESIAN_POINT ( 'NONE',  ( 2.216241773533211390, 5.350480947161678102, -2.687499999999993783 ) ) ;
#1251 = CARTESIAN_POINT ( 'NONE',  ( 9.499999999999996447, 0.9173344998155988916, -6.000000000000007105 ) ) ;
#1252 = CARTESIAN_POINT ( 'NONE',  ( 0.000000000000000000, 6.000000000000000888, 0.8750000000000036637 ) ) ;
#1253 = CARTESIAN_POINT ( 'NONE',  ( -2.507701340964015202, -6.054126587736528009, 1.406250000000000666 ) ) ;
#1254 = CARTESIAN_POINT ( 'NONE',  ( 2.216241773533212278, -5.350480947161678102, -2.937499999999994227 ) ) ;
#1255 = CARTESIAN_POINT ( 'NONE',  ( 5.350499885640480180, 1.102411906856761492, -5.656023711243703289 ) ) ;
#1256 = CARTESIAN_POINT ( 'NONE',  ( -2.216241773533209614, -5.350480947161678991, -5.062499999999993783 ) ) ;
#1257 = ORIENTED_EDGE ( 'NONE', *, *, #2633, .F. ) ;
#1258 = CARTESIAN_POINT ( 'NONE',  ( -2.216241773533214054, 5.350480947161677214, 2.562500000000006217 ) ) ;
#1259 = CARTESIAN_POINT ( 'NONE',  ( -7.930049953254933115, 6.391238639403981736, -5.698481791181287726 ) ) ;
#1260 = TOROIDAL_SURFACE ( 'NONE', #537, 7.500000000000003553, 1.950000000000000400 ) ;
#1261 = PERSON_AND_ORGANIZATION ( #2697, #1829 ) ;
#1262 = ORIENTED_EDGE ( 'NONE', *, *, #3867, .T. ) ;
#1263 = CARTESIAN_POINT ( 'NONE',  ( -3.783361360347445412, 3.783361360347443636, 3.625000000000005773 ) ) ;
#1264 = CARTESIAN_POINT ( 'NONE',  ( 3.783361360347444080, 3.783361360347444968, -2.749999999999993783 ) ) ;
#1265 = CARTESIAN_POINT ( 'NONE',  ( 5.350480947161678102, -2.216241773533210058, -2.812499999999993783 ) ) ;
#1266 = CARTESIAN_POINT ( 'NONE',  ( -2.216241773533209614, -5.350480947161678991, 2.812500000000005773 ) ) ;
#1267 = CARTESIAN_POINT ( 'NONE',  ( -0.7820653066535777631, 10.51812949928258334, 3.525238417491021625 ) ) ;
#1268 = EDGE_CURVE ( 'NONE', #2688, #3962, #2338, .T. ) ;
#1269 = CARTESIAN_POINT ( 'NONE',  ( -2.216241773533214054, 5.350480947161677214, -4.562499999999995559 ) ) ;
#1270 = CARTESIAN_POINT ( 'NONE',  ( 5.229712520222637551, -1.842732383999302392, -5.698723078745637771 ) ) ;
#1271 = CARTESIAN_POINT ( 'NONE',  ( 0.000000000000000000, -3.286135577712063753E-15, 3.999999999999998224 ) ) ;
#1272 = CARTESIAN_POINT ( 'NONE',  ( 5.350480947161678102, 3.276224682920223997E-16, -4.749999999999993783 ) ) ;
#1273 = CARTESIAN_POINT ( 'NONE',  ( -6.054126587736526233, -1.112125012095663524E-15, -1.781249999999999778 ) ) ;
#1274 = EDGE_CURVE ( 'NONE', #1606, #2948, #3802, .T. ) ;
#1275 = CARTESIAN_POINT ( 'NONE',  ( 2.216241773533211390, 5.350480947161678102, 6.312500000000005329 ) ) ;
#1276 = PLANE ( 'NONE',  #737 ) ;
#1277 = CARTESIAN_POINT ( 'NONE',  ( 2.142188968249163494, -5.228817269912759969, 3.765311120720278737 ) ) ;
#1278 = CARTESIAN_POINT ( 'NONE',  ( -5.541188686104854710, 7.770448335049747079, -6.000000000000000888 ) ) ;
#1279 = COORDINATED_UNIVERSAL_TIME_OFFSET ( 8, 0, .BEHIND. ) ;
#1280 = VERTEX_POINT ( 'NONE', #2323 ) ;
#1281 = FACE_OUTER_BOUND ( 'NONE', #1662, .T. ) ;
#1282 = CIRCLE ( 'NONE', #305, 9.500000000000001776 ) ;
#1283 = CARTESIAN_POINT ( 'NONE',  ( 5.350480947161678102, 3.276224682920223997E-16, -0.8749999999999946709 ) ) ;
#1284 = CARTESIAN_POINT ( 'NONE',  ( 0.000000000000000000, 5.350480947161678102, -4.499999999999993783 ) ) ;
#1285 = CARTESIAN_POINT ( 'NONE',  ( -6.000000000000012434, 2.485281374238561991, -1.937499999999996891 ) ) ;
#1286 = CARTESIAN_POINT ( 'NONE',  ( 0.000000000000000000, 5.350480947161678102, -3.624999999999994671 ) ) ;
#1287 =( BOUNDED_CURVE ( )  B_SPLINE_CURVE ( 2, ( #582, #3101, #222, #279, #879, #2416, #1506, #1463, #4031 ),
 .UNSPECIFIED., .F., .T. ) 
 B_SPLINE_CURVE_WITH_KNOTS ( ( 3, 2, 2, 2, 3 ),
 ( 0.6346153846153846922, 0.6442307692307693845, 0.6538461538461539657, 0.6634615384615384359, 0.6730769230769231282 ),
 .UNSPECIFIED. ) 
 CURVE ( )  GEOMETRIC_REPRESENTATION_ITEM ( )  RATIONAL_B_SPLINE_CURVE ( ( 0.9999999999999991118, 0.9238795325112876267, 1.000000000000000000, 0.9238795325112867385, 1.000000000000000000, 0.9238795325112867385, 1.000000000000000000, 0.9238795325112867385, 1.000000000000000000 ) ) 
 REPRESENTATION_ITEM ( '' )  );
#1288 = CARTESIAN_POINT ( 'NONE',  ( -5.999999999999953815, 2.485281374238616614, -3.812500000000001332 ) ) ;
#1289 = CARTESIAN_POINT ( 'NONE',  ( 5.350480947161678102, -2.216241773533210946, -5.937499999999994671 ) ) ;
#1290 = CARTESIAN_POINT ( 'NONE',  ( -5.124393191961433836, -2.843703087101346672, -5.881330859377451148 ) ) ;
#1291 = CARTESIAN_POINT ( 'NONE',  ( -5.350480947161677214, -2.216241773533213610, -4.187499999999994671 ) ) ;
#1292 = CARTESIAN_POINT ( 'NONE',  ( 0.000000000000000000, -3.286135577712063753E-15, 3.999999999999998224 ) ) ;
#1293 = CARTESIAN_POINT ( 'NONE',  ( 0.000000000000000000, 6.054126587736526233, -0.03125000000000002776 ) ) ;
#1294 = CARTESIAN_POINT ( 'NONE',  ( 5.350480947161678102, 2.216241773533211390, -5.687499999999994671 ) ) ;
#1295 = EDGE_CURVE ( 'NONE', #792, #1984, #719, .T. ) ;
#1296 = CARTESIAN_POINT ( 'NONE',  ( 6.000000000000001776, 2.485281374238571317, -3.312499999999997335 ) ) ;
#1297 = CARTESIAN_POINT ( 'NONE',  ( 0.000000000000000000, 6.000000000000000888, -5.000000000000000000 ) ) ;
#1298 = DIRECTION ( 'NONE',  ( -0.000000000000000000, 1.939024098649975398E-16, -1.000000000000000000 ) ) ;
#1299 = ORIENTED_EDGE ( 'NONE', *, *, #1172, .T. ) ;
#1300 = CARTESIAN_POINT ( 'NONE',  ( -7.925548350203670545, -6.393837641137404049, -5.699139003783550095 ) ) ;
#1301 = CARTESIAN_POINT ( 'NONE',  ( 3.783361360347444080, 3.783361360347444968, 4.375000000000005329 ) ) ;
#1302 = CARTESIAN_POINT ( 'NONE',  ( 6.552449365840447993E-16, -5.350480947161678102, -4.124999999999994671 ) ) ;
#1303 =( BOUNDED_CURVE ( )  B_SPLINE_CURVE ( 2, ( #3150, #2197, #633, #328, #3506, #3797, #1568, #3204, #3777 ),
 .UNSPECIFIED., .F., .T. ) 
 B_SPLINE_CURVE_WITH_KNOTS ( ( 3, 2, 2, 2, 3 ),
 ( 0.1730769230769231559, 0.1826923076923077649, 0.1923076923076923739, 0.2019230769230769829, 0.2115384615384615641 ),
 .UNSPECIFIED. ) 
 CURVE ( )  GEOMETRIC_REPRESENTATION_ITEM ( )  RATIONAL_B_SPLINE_CURVE ( ( 0.9999999999999993339, 0.9238795325112874046, 1.000000000000000000, 0.9238795325112867385, 1.000000000000000000, 0.9238795325112867385, 1.000000000000000000, 0.9238795325112865164, 1.000000000000000222 ) ) 
 REPRESENTATION_ITEM ( '' )  );
#1304 = CARTESIAN_POINT ( 'NONE',  ( 3.783361360347444968, -3.783361360347444080, -1.874999999999994671 ) ) ;
#1305 = VECTOR ( 'NONE', #4016, 1000.000000000000114 ) ;
#1306 = CARTESIAN_POINT ( 'NONE',  ( -2.216241773533209614, -5.350480947161678991, -2.187499999999994671 ) ) ;
#1307 = ORIENTED_EDGE ( 'NONE', *, *, #1317, .T. ) ;
#1308 = CARTESIAN_POINT ( 'NONE',  ( -2.135981780429109911, -5.668237787864076616, -6.000000000000003553 ) ) ;
#1309 = CARTESIAN_POINT ( 'NONE',  ( 9.499999999999998224, -5.484827557301465539, 3.314688565214004790 ) ) ;
#1310 = CARTESIAN_POINT ( 'NONE',  ( 5.456442377171340397, -0.7456613857207854412, -5.682368039690449457 ) ) ;
#1311 = CARTESIAN_POINT ( 'NONE',  ( 2.507701340964016978, 6.054126587736527121, -3.093749999999999556 ) ) ;
#1312 = CARTESIAN_POINT ( 'NONE',  ( 6.552449365840447993E-16, -5.350480947161678102, 4.875000000000006217 ) ) ;
#1313 = CARTESIAN_POINT ( 'NONE',  ( 3.685395791800153198, 3.935010384769060288, -5.606820480786486982 ) ) ;
#1314 = CARTESIAN_POINT ( 'NONE',  ( 2.216241773533212278, -5.350480947161678102, 0.06250000000000525968 ) ) ;
#1315 = CARTESIAN_POINT ( 'NONE',  ( 4.242640687119284770, 4.242640687119285658, -1.249999999999996447 ) ) ;
#1316 = CARTESIAN_POINT ( 'NONE',  ( 5.491984274505009367, -1.797839709939877517, 3.834373082571100433 ) ) ;
#1317 = EDGE_CURVE ( 'NONE', #1922, #3239, #2998, .T. ) ;
#1318 = DIRECTION ( 'NONE',  ( 0.000000000000000000, 1.000000000000000000, 1.826024711554533420E-16 ) ) ;
#1319 = CIRCLE ( 'NONE', #3421, 7.500000000000004441 ) ;
#1320 = ORIENTED_EDGE ( 'NONE', *, *, #3476, .F. ) ;
#1321 = AXIS2_PLACEMENT_3D ( 'NONE', #3123, #1218, #599 ) ;
#1322 = EDGE_CURVE ( 'NONE', #566, #404, #1092, .T. ) ;
#1323 = CARTESIAN_POINT ( 'NONE',  ( -5.350480947161677214, -2.216241773533214054, -1.312499999999994449 ) ) ;
#1324 = CARTESIAN_POINT ( 'NONE',  ( -2.216241773533209614, -5.350480947161678991, -3.062499999999994227 ) ) ;
#1325 = CARTESIAN_POINT ( 'NONE',  ( 3.783361360347444080, 3.783361360347444968, -0.7499999999999945599 ) ) ;
#1326 = ORIENTED_EDGE ( 'NONE', *, *, #2079, .T. ) ;
#1327 = CARTESIAN_POINT ( 'NONE',  ( 6.000000000000000888, 3.673940397442060854E-16, -1.374999999999996447 ) ) ;
#1328 = CARTESIAN_POINT ( 'NONE',  ( -3.783361360347445412, 3.783361360347443636, -6.499999999999995559 ) ) ;
#1329 = CARTESIAN_POINT ( 'NONE',  ( 3.157285228197920013, 9.146795638194394229, 3.936354711086104352 ) ) ;
#1330 = CARTESIAN_POINT ( 'NONE',  ( 9.184850993605153861E-16, -7.500000000000007105, 3.999999999999996447 ) ) ;
#1331 = B_SPLINE_CURVE_WITH_KNOTS ( 'NONE', 3,
 ( #3083, #2114, #2482, #1470, #3042, #3694, #1837, #1227, #3672, #1755, #505, #227, #1164, #2097, #1509, #3018, #1489, #3327, #902, #586, #2400, #1187, #1145, #2152, #1795, #3062, #3651, #839, #861, #4035, #2773, #3368, #4050, #3104, #2734, #544, #246, #2420, #2751, #286, #4013, #884 ),
 .UNSPECIFIED., .F., .F.,
 ( 4, 2, 2, 2, 2, 2, 2, 2, 2, 2, 2, 2, 2, 2, 2, 2, 2, 2, 2, 2, 4 ),
 ( 0.01068486084415326033, 0.01187031396559406864, 0.01305576708703487868, 0.01364849364775528283, 0.01424122020847568698, 0.01542667332991649876, 0.01661212645135731053, 0.01779757957279811884, 0.01839030613351852472, 0.01898303269423893061, 0.02016848581567974238, 0.02135393893712055069, 0.02194666549784096005, 0.02253939205856136246, 0.02372484518000217771, 0.02491029830144298601, 0.02609575142288379779, 0.02728120454432460956, 0.02787393110504501198, 0.02846665766576542134, 0.02965211078720622617 ),
 .UNSPECIFIED. ) ;
#1332 = CARTESIAN_POINT ( 'NONE',  ( 6.054126587736526233, 3.707083373652212077E-16, -1.281250000000000222 ) ) ;
#1333 = CARTESIAN_POINT ( 'NONE',  ( -3.783361360347445412, 3.783361360347443636, -6.374999999999995559 ) ) ;
#1334 = APPROVAL ( #3321, 'UNSPECIFIED' ) ;
#1335 = DIRECTION ( 'NONE',  ( -0.000000000000000000, 1.939024098649975398E-16, -1.000000000000000000 ) ) ;
#1336 = CARTESIAN_POINT ( 'NONE',  ( 5.603242402931157606, -1.450263356710801865, 3.839504978265989799 ) ) ;
#1337 = CARTESIAN_POINT ( 'NONE',  ( -5.350480947161677214, -2.216241773533213610, 0.8125000000000059952 ) ) ;
#1338 = DIRECTION ( 'NONE',  ( -0.000000000000000000, 1.939024098649975398E-16, -1.000000000000000000 ) ) ;
#1339 = EDGE_CURVE ( 'NONE', #3670, #205, #3280, .T. ) ;
#1340 = VERTEX_POINT ( 'NONE', #2970 ) ;
#1341 = CARTESIAN_POINT ( 'NONE',  ( 6.000000000000000888, 3.673940397442060361E-16, -4.250000000000000000 ) ) ;
#1342 = CARTESIAN_POINT ( 'NONE',  ( 1.843114297155520331, 5.703515494872770653, 3.959678818588101112 ) ) ;
#1343 = CARTESIAN_POINT ( 'NONE',  ( 2.216241773533212278, -5.350480947161678102, -1.062499999999994893 ) ) ;
#1344 = EDGE_CURVE ( 'NONE', #423, #3416, #1946, .T. ) ;
#1345 = VERTEX_POINT ( 'NONE', #2046 ) ;
#1346 = CARTESIAN_POINT ( 'NONE',  ( 4.280913964350271605, -4.280913964350270717, 0.5312500000000022204 ) ) ;
#1347 = CONICAL_SURFACE ( 'NONE', #3647, 10.96965511460289733, 1.134464013796321558 ) ;
#1348 = FACE_OUTER_BOUND ( 'NONE', #2791, .T. ) ;
#1349 = CARTESIAN_POINT ( 'NONE',  ( 0.000000000000000000, 5.350480947161678102, -5.624999999999994671 ) ) ;
#1350 = CARTESIAN_POINT ( 'NONE',  ( 2.685843091983854958, -4.955546900138943833, -5.757147536312037239 ) ) ;
#1351 = VECTOR ( 'NONE', #1298, 1000.000000000000000 ) ;
#1352 = CARTESIAN_POINT ( 'NONE',  ( -6.054126587736525344, 2.507701340964018311, -2.843750000000001776 ) ) ;
#1353 = CARTESIAN_POINT ( 'NONE',  ( 2.216241773533212278, -5.350480947161678102, -5.937499999999994671 ) ) ;
#1354 = DIRECTION ( 'NONE',  ( -0.000000000000000000, 1.939024098649975398E-16, -1.000000000000000000 ) ) ;
#1355 = FACE_OUTER_BOUND ( 'NONE', #2333, .T. ) ;
#1356 = ORIENTED_EDGE ( 'NONE', *, *, #3031, .T. ) ;
#1357 = CARTESIAN_POINT ( 'NONE',  ( 0.000000000000000000, 6.000000000000000888, -4.124999999999994671 ) ) ;
#1358 = CARTESIAN_POINT ( 'NONE',  ( 0.000000000000000000, 6.054126587736526233, 5.906250000000002665 ) ) ;
#1359 = ORIENTED_EDGE ( 'NONE', *, *, #3554, .F. ) ;
#1360 = CARTESIAN_POINT ( 'NONE',  ( 5.350480947161678102, 3.276224682920223997E-16, -4.874999999999993783 ) ) ;
#1361 = CARTESIAN_POINT ( 'NONE',  ( -2.216241773533214054, 5.350480947161677214, -2.562499999999995115 ) ) ;
#1362 = ORIENTED_EDGE ( 'NONE', *, *, #3842, .F. ) ;
#1363 = CARTESIAN_POINT ( 'NONE',  ( -9.500000000000001776, -2.849426077799246647E-15, -6.000000000000005329 ) ) ;
#1364 = AXIS2_PLACEMENT_3D ( 'NONE', #3330, #1863, #2485 ) ;
#1365 = CARTESIAN_POINT ( 'NONE',  ( -1.561251128379126701E-14, -10.96965511460290088, 3.314688565214003457 ) ) ;
#1366 = ADVANCED_FACE ( 'NONE', ( #770 ), #3319, .F. ) ;
#1367 = EDGE_CURVE ( 'NONE', #1606, #2504, #3851, .T. ) ;
#1368 = CARTESIAN_POINT ( 'NONE',  ( -6.054126587736524456, -2.507701340964020531, -4.718750000000000888 ) ) ;
#1369 = CARTESIAN_POINT ( 'NONE',  ( 5.350480947161678102, 2.216241773533211390, 1.187500000000005329 ) ) ;
#1370 = CARTESIAN_POINT ( 'NONE',  ( 0.000000000000000000, -3.673940397442059178E-15, 6.000000000000000000 ) ) ;
#1371 = CARTESIAN_POINT ( 'NONE',  ( 3.951830982213099031, -8.688064433230252348, -6.000000000000007994 ) ) ;
#1372 = CARTESIAN_POINT ( 'NONE',  ( -5.350480947161677214, -2.216241773533213610, 4.812500000000005329 ) ) ;
#1373 = DIRECTION ( 'NONE',  ( -0.000000000000000000, 1.939024098649975398E-16, -1.000000000000000000 ) ) ;
#1374 = SHAPE_DEFINITION_REPRESENTATION ( #357, #2893 ) ;
#1375 = CARTESIAN_POINT ( 'NONE',  ( 6.054126587736526233, 3.707083373652212077E-16, 4.656250000000002665 ) ) ;
#1376 = ORIENTED_EDGE ( 'NONE', *, *, #1823, .T. ) ;
#1377 = CARTESIAN_POINT ( 'NONE',  ( 6.552449365840447993E-16, -5.350480947161678102, 5.000000000000006217 ) ) ;
#1378 = CARTESIAN_POINT ( 'NONE',  ( -3.783361360347445412, 3.783361360347443636, -5.499999999999994671 ) ) ;
#1379 = DIRECTION ( 'NONE',  ( 0.000000000000000000, 1.000000000000000000, 2.312964634635741478E-16 ) ) ;
#1380 = CARTESIAN_POINT ( 'NONE',  ( 6.552449365840447993E-16, -5.350480947161678102, -5.124999999999993783 ) ) ;
#1381 = VERTEX_POINT ( 'NONE', #1058 ) ;
#1382 = PLANE ( 'NONE',  #432 ) ;
#1383 = CARTESIAN_POINT ( 'NONE',  ( 0.000000000000000000, -3.286135577712063753E-15, 3.999999999999998224 ) ) ;
#1384 = CARTESIAN_POINT ( 'NONE',  ( 5.350480947161678102, 2.216241773533210946, 3.312500000000005329 ) ) ;
#1385 = CARTESIAN_POINT ( 'NONE',  ( 2.216241773533212278, -5.350480947161678102, 4.937500000000005329 ) ) ;
#1386 = FACE_OUTER_BOUND ( 'NONE', #3943, .T. ) ;
#1387 = EDGE_CURVE ( 'NONE', #1084, #3359, #421, .T. ) ;
#1388 = CARTESIAN_POINT ( 'NONE',  ( 7.414166747304424153E-16, -6.054126587736526233, -3.531249999999999556 ) ) ;
#1389 = CARTESIAN_POINT ( 'NONE',  ( -5.350480947161677214, 2.216241773533212278, 1.562500000000005773 ) ) ;
#1390 = VECTOR ( 'NONE', #2699, 1000.000000000000000 ) ;
#1391 = CARTESIAN_POINT ( 'NONE',  ( 5.350480947161678102, 2.216241773533211390, 0.3125000000000054956 ) ) ;
#1392 = CARTESIAN_POINT ( 'NONE',  ( 0.000000000000000000, 1.253149453558100720E-16, -6.000000000000000000 ) ) ;
#1393 = CARTESIAN_POINT ( 'NONE',  ( -1.099749302461172196, -5.460543295538272446, 3.718875103011069161 ) ) ;
#1394 = CARTESIAN_POINT ( 'NONE',  ( -2.216241773533209614, -5.350480947161678991, -0.06249999999999398398 ) ) ;
#1395 = CARTESIAN_POINT ( 'NONE',  ( -5.243646616989436460, 1.063868658282297819, 3.593750000000003553 ) ) ;
#1396 = CARTESIAN_POINT ( 'NONE',  ( -2.507701340964020531, 6.054126587736524456, 5.968750000000002665 ) ) ;
#1397 = VERTEX_POINT ( 'NONE', #3626 ) ;
#1398 = CARTESIAN_POINT ( 'NONE',  ( 5.350480947161678102, 3.276224682920223997E-16, 5.250000000000005329 ) ) ;
#1399 = CARTESIAN_POINT ( 'NONE',  ( -3.783361360347445412, 3.783361360347443636, -4.499999999999995559 ) ) ;
#1400 = CARTESIAN_POINT ( 'NONE',  ( 3.783361360347444080, 3.783361360347444968, -4.749999999999993783 ) ) ;
#1401 = VERTEX_POINT ( 'NONE', #790 ) ;
#1402 = ORIENTED_EDGE ( 'NONE', *, *, #906, .T. ) ;
#1403 = CYLINDRICAL_SURFACE ( 'NONE', #90, 6.000000000000000888 ) ;
#1404 = DIRECTION ( 'NONE',  ( -0.000000000000000000, 1.939024098649975398E-16, -1.000000000000000000 ) ) ;
#1405 = CARTESIAN_POINT ( 'NONE',  ( 5.350480947161678102, -2.216241773533210058, 3.187500000000005773 ) ) ;
#1406 = CARTESIAN_POINT ( 'NONE',  ( 0.000000000000000000, -3.286135577712063359E-15, 3.999999999999996447 ) ) ;
#1407 = AXIS2_PLACEMENT_3D ( 'NONE', #2808, #68, #1318 ) ;
#1408 = CARTESIAN_POINT ( 'NONE',  ( 4.280913964350271605, -4.280913964350270717, -4.406250000000000000 ) ) ;
#1409 = CARTESIAN_POINT ( 'NONE',  ( 3.783361360347444968, -3.783361360347444080, 3.000000000000005773 ) ) ;
#1410 = CARTESIAN_POINT ( 'NONE',  ( 3.783361360347444968, -3.783361360347444080, -0.8749999999999946709 ) ) ;
#1411 = B_SPLINE_CURVE_WITH_KNOTS ( 'NONE', 3,
 ( #1896, #2223, #3829, #4089, #1255, #24, #3173, #44, #2903, #1963, #3804, #1313, #683, #378 ),
 .UNSPECIFIED., .F., .F.,
 ( 4, 2, 2, 2, 2, 2, 4 ),
 ( 0.02378420908199695843, 0.02445011358525109660, 0.02511601808850523476, 0.02644782709501351109, 0.02711373159826764925, 0.02777963610152178742, 0.02911144510803006027 ),
 .UNSPECIFIED. ) ;
#1412 = DIRECTION ( 'NONE',  ( -1.000000000000000000, 0.000000000000000000, 0.000000000000000000 ) ) ;
#1413 = CARTESIAN_POINT ( 'NONE',  ( 0.000000000000000000, -3.286135577712063753E-15, 3.999999999999998224 ) ) ;
#1414 =( BOUNDED_CURVE ( )  B_SPLINE_CURVE ( 2, ( #3314, #3959, #1743, #2818, #952, #873, #536, #4005, #1138 ),
 .UNSPECIFIED., .F., .T. ) 
 B_SPLINE_CURVE_WITH_KNOTS ( ( 3, 2, 2, 2, 3 ),
 ( 0.01923076923076924918, 0.02884615384615383041, 0.03846153846153840816, 0.04807692307692310041, 0.05769230769230768163 ),
 .UNSPECIFIED. ) 
 CURVE ( )  GEOMETRIC_REPRESENTATION_ITEM ( )  RATIONAL_B_SPLINE_CURVE ( ( 1.000000000000000000, 0.9238795325112864054, 1.000000000000000000, 0.9238795325112867385, 1.000000000000000000, 0.9238795325112867385, 1.000000000000000000, 0.9238795325112869605, 0.9999999999999997780 ) ) 
 REPRESENTATION_ITEM ( '' )  );
#1415 = CARTESIAN_POINT ( 'NONE',  ( 3.783361360347444080, 3.783361360347444968, 2.375000000000005773 ) ) ;
#1416 = CARTESIAN_POINT ( 'NONE',  ( -6.000000000000000888, -1.102182119232618108E-15, -3.874999999999997335 ) ) ;
#1417 = CARTESIAN_POINT ( 'NONE',  ( 6.054126587736527121, -2.507701340964016534, 6.593750000000001776 ) ) ;
#1418 = VERTEX_POINT ( 'NONE', #3297 ) ;
#1419 = CARTESIAN_POINT ( 'NONE',  ( -5.350480947161677214, 2.216241773533211834, -5.437499999999994671 ) ) ;
#1420 = B_SPLINE_CURVE_WITH_KNOTS ( 'NONE', 3,
 ( #967, #3463, #2853, #1955, #3821, #2239, #1976, #2897, #654, #3484, #675, #368, #1607, #390, #59, #1308, #1010, #309, #77, #1026, #1552, #3758, #160, #2052, #1706, #1728, #181, #2975, #2668, #136, #794, #3257, #2917, #1105, #2013, #2322, #2629, #2302, #2997, #3612, #3547, #3924 ),
 .UNSPECIFIED., .F., .F.,
 ( 4, 2, 2, 2, 2, 2, 2, 2, 2, 2, 2, 2, 2, 2, 2, 2, 2, 2, 2, 2, 4 ),
 ( 0.005943900937790449687, 0.007129167552115261985, 0.008314434166440072549, 0.009499700780764886582, 0.01009233408792729186, 0.01068496739508969715, 0.01187023400941451118, 0.01305550062373932174, 0.01364813393090172702, 0.01424076723806413231, 0.01542603385238894460, 0.01661130046671375343, 0.01779656708103856746, 0.01838920038820097275, 0.01898183369536337456, 0.02016710030968818512, 0.02135236692401299569, 0.02194500023117539750, 0.02253763353833780625, 0.02372290015266261681, 0.02490816676698742738 ),
 .UNSPECIFIED. ) ;
#1421 = CARTESIAN_POINT ( 'NONE',  ( -3.783361360347445412, 3.783361360347443636, -5.499999999999994671 ) ) ;
#1422 = ORIENTED_EDGE ( 'NONE', *, *, #2810, .F. ) ;
#1423 = ORIENTED_EDGE ( 'NONE', *, *, #3502, .F. ) ;
#1424 = CARTESIAN_POINT ( 'NONE',  ( 4.750000000000003553, 8.227241335952172108, 4.000000000000000000 ) ) ;
#1425 = CARTESIAN_POINT ( 'NONE',  ( 0.000000000000000000, -3.664245276948808681E-15, 5.949999999999998401 ) ) ;
#1426 = DIRECTION ( 'NONE',  ( -0.000000000000000000, 1.939024098649975398E-16, -1.000000000000000000 ) ) ;
#1427 = CARTESIAN_POINT ( 'NONE',  ( 0.000000000000000000, 0.000000000000000000, 6.000000000000000000 ) ) ;
#1428 = CARTESIAN_POINT ( 'NONE',  ( 6.000000000000001776, -2.485281374238570429, 3.562500000000003997 ) ) ;
#1429 = CARTESIAN_POINT ( 'NONE',  ( 7.414166747304424153E-16, -6.054126587736526233, -5.531250000000000000 ) ) ;
#1430 = CARTESIAN_POINT ( 'NONE',  ( -3.783361360347445412, 3.783361360347443636, 1.500000000000005773 ) ) ;
#1431 = VECTOR ( 'NONE', #3260, 1000.000000000000000 ) ;
#1432 = CARTESIAN_POINT ( 'NONE',  ( 4.280913964350271605, -4.280913964350270717, 3.531250000000002665 ) ) ;
#1433 = CARTESIAN_POINT ( 'NONE',  ( -9.500000000000003553, 5.484827557301453105, -5.314688565214025218 ) ) ;
#1434 = CARTESIAN_POINT ( 'NONE',  ( 0.5391884500931879431, -5.592968344089805477, 3.741714997704607359 ) ) ;
#1435 = CARTESIAN_POINT ( 'NONE',  ( -2.216241773533214054, 5.350480947161677214, 2.562500000000006217 ) ) ;
#1436 = DIRECTION ( 'NONE',  ( -1.000000000000000000, 0.000000000000000000, 0.000000000000000000 ) ) ;
#1437 = CARTESIAN_POINT ( 'NONE',  ( -4.280913964350270717, -4.280913964350272494, 5.281250000000002665 ) ) ;
#1438 = VERTEX_POINT ( 'NONE', #1644 ) ;
#1439 = CARTESIAN_POINT ( 'NONE',  ( 2.216241773533211390, 5.350480947161678102, 4.437500000000006217 ) ) ;
#1440 = ADVANCED_FACE ( 'NONE', ( #2913 ), #441, .F. ) ;
#1441 = CARTESIAN_POINT ( 'NONE',  ( 1.193016480710931582, 5.880196567866769364, 3.968749999999998224 ) ) ;
#1442 = CARTESIAN_POINT ( 'NONE',  ( 3.783361360347444968, -3.783361360347444080, -4.999999999999993783 ) ) ;
#1443 = ORIENTED_EDGE ( 'NONE', *, *, #1274, .F. ) ;
#1444 = ORIENTED_EDGE ( 'NONE', *, *, #2284, .F. ) ;
#1445 = CARTESIAN_POINT ( 'NONE',  ( -6.054126587736524456, -2.507701340964020531, -3.781249999999997780 ) ) ;
#1446 = CARTESIAN_POINT ( 'NONE',  ( 3.958811313895139516, -8.684034336854596248, 3.999999999999999112 ) ) ;
#1447 = CARTESIAN_POINT ( 'NONE',  ( -4.242640687119286547, 4.242640687119284770, 0.1249999999999995420 ) ) ;
#1448 = CARTESIAN_POINT ( 'NONE',  ( 3.113489362466860921, 5.211494768845605918, 3.999999999999998224 ) ) ;
#1449 = CARTESIAN_POINT ( 'NONE',  ( 2.216241773533211390, 5.350480947161678102, 6.312500000000005329 ) ) ;
#1450 = AXIS2_PLACEMENT_3D ( 'NONE', #2061, #3891, #1412 ) ;
#1451 = CARTESIAN_POINT ( 'NONE',  ( -2.485281374238569541, -6.000000000000003553, -1.687499999999996891 ) ) ;
#1452 = CARTESIAN_POINT ( 'NONE',  ( 3.783361360347444968, -3.783361360347444080, 1.000000000000005329 ) ) ;
#1453 = AXIS2_PLACEMENT_3D ( 'NONE', #1036, #1654, #1983 ) ;
#1454 = CARTESIAN_POINT ( 'NONE',  ( -6.000000000000000888, -1.102182119232618108E-15, 0.1250000000000039690 ) ) ;
#1455 = CARTESIAN_POINT ( 'NONE',  ( -5.358661583514416904, -0.7294820571312177204, 3.619798476273528909 ) ) ;
#1456 = CLOSED_SHELL ( 'NONE', ( #3361, #2789, #3759, #643, #3609, #847, #2957, #824, #2008, #1634, #1691, #3633, #2607, #1739, #3097, #3065, #2108, #3940, #2184, #3432, #2860, #2509, #3010, #2807, #1366, #2934, #953, #3453, #489, #2614, #2655, #2487, #926, #1122, #1713, #1221, #3406, #3686, #570, #3783, #2711, #318, #2534, #615, #1440, #369, #1473, #1848, #2355, #193, #2155, #321, #1148, #2961, #518, #1031, #3736, #3283 ) ) ;
#1457 =( BOUNDED_CURVE ( )  B_SPLINE_CURVE ( 2, ( #704, #1655, #1673, #46, #1297, #1053, #2620, #1636, #2559 ),
 .UNSPECIFIED., .F., .T. ) 
 B_SPLINE_CURVE_WITH_KNOTS ( ( 3, 2, 2, 2, 3 ),
 ( 0.8269230769230770939, 0.8365384615384616751, 0.8461538461538462563, 0.8557692307692308376, 0.8653846153846154188 ),
 .UNSPECIFIED. ) 
 CURVE ( )  GEOMETRIC_REPRESENTATION_ITEM ( )  RATIONAL_B_SPLINE_CURVE ( ( 0.9999999999999982236, 0.9238795325112885148, 1.000000000000000000, 0.9238795325112867385, 1.000000000000000000, 0.9238795325112867385, 1.000000000000000000, 0.9238795325112867385, 1.000000000000000000 ) ) 
 REPRESENTATION_ITEM ( '' )  );
#1458 = CARTESIAN_POINT ( 'NONE',  ( 5.350480947161678102, -2.216241773533210946, 1.187500000000005329 ) ) ;
#1459 = DIRECTION ( 'NONE',  ( 0.000000000000000000, 1.000000000000000000, 1.826024711554533420E-16 ) ) ;
#1460 = PRODUCT_RELATED_PRODUCT_CATEGORY ( 'detail', '', ( #1081 ) ) ;
#1461 = ORIENTED_EDGE ( 'NONE', *, *, #3476, .T. ) ;
#1462 = CARTESIAN_POINT ( 'NONE',  ( 5.350480947161678102, 3.276224682920223997E-16, 4.250000000000005329 ) ) ;
#1463 = CARTESIAN_POINT ( 'NONE',  ( -5.999999999999999112, -2.485281374238574426, -2.687500000000001332 ) ) ;
#1464 = CARTESIAN_POINT ( 'NONE',  ( 6.000000000000000888, 3.673940397442060361E-16, -1.250000000000000888 ) ) ;
#1465 = APPROVAL_ROLE ( '' ) ;
#1466 = EDGE_CURVE ( 'NONE', #3037, #2520, #325, .T. ) ;
#1467 = CARTESIAN_POINT ( 'NONE',  ( -5.350480947161677214, -2.216241773533213610, -5.312499999999993783 ) ) ;
#1468 = ORIENTED_EDGE ( 'NONE', *, *, #3509, .T. ) ;
#1469 = EDGE_LOOP ( 'NONE', ( #3561, #976, #3624, #713 ) ) ;
#1470 = CARTESIAN_POINT ( 'NONE',  ( 5.860297554673718601, -1.571242346800185707, 3.999999999999998224 ) ) ;
#1471 = CARTESIAN_POINT ( 'NONE',  ( 5.350480947161678102, 2.216241773533210946, 2.187500000000006217 ) ) ;
#1472 = CARTESIAN_POINT ( 'NONE',  ( 5.350480947161678102, 3.276224682920223997E-16, 2.250000000000005329 ) ) ;
#1473 = ADVANCED_FACE ( 'NONE', ( #1183 ), #899, .T. ) ;
#1474 = CARTESIAN_POINT ( 'NONE',  ( -6.000000000000000888, -1.102182119232618108E-15, -5.874999999999996447 ) ) ;
#1475 = B_SPLINE_CURVE_WITH_KNOTS ( 'NONE', 3,
 ( #1141, #3473, #1239, #1578, #3808, #1560 ),
 .UNSPECIFIED., .F., .F.,
 ( 4, 2, 4 ),
 ( 0.005518201824544021090, 0.008253057247263575341, 0.01098791266998312699 ),
 .UNSPECIFIED. ) ;
#1476 = CARTESIAN_POINT ( 'NONE',  ( -6.000000000000000888, -1.102182119232618108E-15, -4.874999999999996447 ) ) ;
#1477 = CARTESIAN_POINT ( 'NONE',  ( -5.350480947161677214, -2.216241773533213610, -2.312499999999995115 ) ) ;
#1478 = CARTESIAN_POINT ( 'NONE',  ( 0.000000000000000000, -3.469446951953614189E-15, 3.999999999999998224 ) ) ;
#1479 = CARTESIAN_POINT ( 'NONE',  ( 2.507701340964017866, -6.054126587736527121, 2.531250000000000888 ) ) ;
#1480 = CARTESIAN_POINT ( 'NONE',  ( -8.713879530287288233, 5.938694422105557535, 3.526330160054962359 ) ) ;
#1481 = TOROIDAL_SURFACE ( 'NONE', #1808, 7.500000000000003553, 1.999999999999998224 ) ;
#1482 = CARTESIAN_POINT ( 'NONE',  ( 3.783361360347444968, -3.783361360347444080, 0.1250000000000053291 ) ) ;
#1483 = CARTESIAN_POINT ( 'NONE',  ( 7.347880794884121708E-16, -6.000000000000000888, 1.375000000000004219 ) ) ;
#1484 = CARTESIAN_POINT ( 'NONE',  ( -4.242640687119284770, -4.242640687119286547, -4.625000000000001776 ) ) ;
#1485 = ORIENTED_EDGE ( 'NONE', *, *, #4072, .F. ) ;
#1486 = CYLINDRICAL_SURFACE ( 'NONE', #243, 6.000000000000000888 ) ;
#1487 = VERTEX_POINT ( 'NONE', #3986 ) ;
#1488 = EDGE_LOOP ( 'NONE', ( #3843, #2112, #3418, #2522 ) ) ;
#1489 = CARTESIAN_POINT ( 'NONE',  ( 1.945624093416626454, -5.736408629445030272, 3.999999999999998224 ) ) ;
#1490 = CARTESIAN_POINT ( 'NONE',  ( 3.783361360347444080, 3.783361360347444968, 0.2500000000000054401 ) ) ;
#1491 = CARTESIAN_POINT ( 'NONE',  ( -5.350480947161677214, -2.216241773533214054, 1.812500000000005995 ) ) ;
#1492 = CARTESIAN_POINT ( 'NONE',  ( -6.054126587736529785, 1.253149453558100720E-16, -6.000000000000000000 ) ) ;
#1493 = CARTESIAN_POINT ( 'NONE',  ( 5.350480947161678102, 2.216241773533211390, 3.187500000000005329 ) ) ;
#1494 = UNCERTAINTY_MEASURE_WITH_UNIT (LENGTH_MEASURE( 1.000000000000000082E-05 ), #2645, 'distance_accuracy_value', 'NONE');
#1495 = CARTESIAN_POINT ( 'NONE',  ( 6.000000000000005329, 2.485281374238565544, -5.312499999999996447 ) ) ;
#1496 = EDGE_CURVE ( 'NONE', #1381, #3184, #2532, .T. ) ;
#1497 = CARTESIAN_POINT ( 'NONE',  ( 2.216241773533212278, -5.350480947161678102, -0.06249999999999485828 ) ) ;
#1498 = CARTESIAN_POINT ( 'NONE',  ( 6.054126587736527121, -2.507701340964016534, 3.656250000000000444 ) ) ;
#1499 = CARTESIAN_POINT ( 'NONE',  ( -9.500000000000001776, -5.484827557301440670, 6.000000000000000000 ) ) ;
#1500 = CARTESIAN_POINT ( 'NONE',  ( 0.000000000000000000, 5.350480947161678102, -1.499999999999994449 ) ) ;
#1501 = CIRCLE ( 'NONE', #2887, 9.450000000000002842 ) ;
#1502 = CARTESIAN_POINT ( 'NONE',  ( -4.750000000000003553, 8.227241335952173884, -6.000000000000003553 ) ) ;
#1503 = ORIENTED_EDGE ( 'NONE', *, *, #1904, .T. ) ;
#1504 = CARTESIAN_POINT ( 'NONE',  ( 5.350480947161678102, -2.216241773533210946, 4.187500000000005329 ) ) ;
#1505 = CARTESIAN_POINT ( 'NONE',  ( 4.242640687119285658, -4.242640687119284770, 0.6249999999999990008 ) ) ;
#1506 = CARTESIAN_POINT ( 'NONE',  ( -4.242640687119284770, -4.242640687119286547, -2.625000000000000888 ) ) ;
#1507 = ORIENTED_EDGE ( 'NONE', *, *, #3234, .F. ) ;
#1508 = CARTESIAN_POINT ( 'NONE',  ( -6.000000000000000888, -1.102182119232618108E-15, 1.249999999999999778 ) ) ;
#1509 = CARTESIAN_POINT ( 'NONE',  ( 2.685631864902178645, -5.440395115527438819, 3.999999999999995559 ) ) ;
#1510 = CARTESIAN_POINT ( 'NONE',  ( 6.552449365840447993E-16, -5.350480947161678102, 2.875000000000005773 ) ) ;
#1511 = CARTESIAN_POINT ( 'NONE',  ( -2.216241773533214499, 5.350480947161677214, -1.437499999999994449 ) ) ;
#1512 = CARTESIAN_POINT ( 'NONE',  ( -4.242640687119284770, -4.242640687119286547, 1.374999999999999778 ) ) ;
#1513 = CARTESIAN_POINT ( 'NONE',  ( 5.350480947161678102, 3.276224682920223997E-16, 3.125000000000005329 ) ) ;
#1514 = ORIENTED_EDGE ( 'NONE', *, *, #2406, .F. ) ;
#1515 = DIRECTION ( 'NONE',  ( 0.000000000000000000, 1.000000000000000000, 1.826024711554533420E-16 ) ) ;
#1516 = CARTESIAN_POINT ( 'NONE',  ( 5.350480947161678102, -2.216241773533210946, 0.06250000000000525968 ) ) ;
#1517 = CARTESIAN_POINT ( 'NONE',  ( 2.216241773533212278, -5.350480947161678102, -4.937499999999993783 ) ) ;
#1518 = CARTESIAN_POINT ( 'NONE',  ( 5.999999999999978684, 2.485281374238593077, 0.6875000000000044409 ) ) ;
#1519 = EDGE_CURVE ( 'NONE', #4012, #1922, #2556, .T. ) ;
#1520 = APPROVAL_PERSON_ORGANIZATION ( #1750, #187, #1465 ) ;
#1521 = CARTESIAN_POINT ( 'NONE',  ( -2.507701340964015202, -6.054126587736528009, 3.406250000000000000 ) ) ;
#1522 = PLANE ( 'NONE',  #216 ) ;
#1523 = CARTESIAN_POINT ( 'NONE',  ( -3.783361360347444080, -3.783361360347445412, -1.124999999999994005 ) ) ;
#1524 = CARTESIAN_POINT ( 'NONE',  ( -6.000000000000000888, -1.102182119232618108E-15, -4.750000000000001776 ) ) ;
#1525 = VERTEX_POINT ( 'NONE', #3078 ) ;
#1526 = CARTESIAN_POINT ( 'NONE',  ( 5.548169017786892532, -7.766418238674088315, 3.999999999999997335 ) ) ;
#1527 = CARTESIAN_POINT ( 'NONE',  ( -6.054126587736648801, 0.2475957147677653458, 3.999999999999977351 ) ) ;
#1528 = ORIENTED_EDGE ( 'NONE', *, *, #2908, .F. ) ;
#1529 = CARTESIAN_POINT ( 'NONE',  ( 6.054126587736526233, 3.707083373652212077E-16, -4.343749999999997335 ) ) ;
#1530 = CARTESIAN_POINT ( 'NONE',  ( 2.485281374238571317, 6.000000000000001776, 2.937499999999999112 ) ) ;
#1531 = CARTESIAN_POINT ( 'NONE',  ( -5.350480947161677214, 2.216241773533211834, 1.562500000000005773 ) ) ;
#1532 = CARTESIAN_POINT ( 'NONE',  ( 3.783361360347444080, 3.783361360347444968, -1.624999999999994449 ) ) ;
#1533 = CARTESIAN_POINT ( 'NONE',  ( 5.350480947161678102, -2.216241773533210946, 2.062500000000005329 ) ) ;
#1534 = CARTESIAN_POINT ( 'NONE',  ( 6.000000000000000888, 7.347880794884120722E-16, 6.000000000000000000 ) ) ;
#1535 = CARTESIAN_POINT ( 'NONE',  ( 2.216241773533212278, -5.350480947161678102, -1.062499999999994893 ) ) ;
#1536 = CARTESIAN_POINT ( 'NONE',  ( 3.783361360347444968, -3.783361360347444080, -3.874999999999994671 ) ) ;
#1537 = CARTESIAN_POINT ( 'NONE',  ( -6.054126587736524456, -2.507701340964020531, 2.281250000000000444 ) ) ;
#1538 = CARTESIAN_POINT ( 'NONE',  ( 0.000000000000000000, -3.286135577712063753E-15, 3.999999999999998224 ) ) ;
#1539 = CARTESIAN_POINT ( 'NONE',  ( -3.783361360347445412, 3.783361360347443636, -3.374999999999994227 ) ) ;
#1540 = CARTESIAN_POINT ( 'NONE',  ( 0.000000000000000000, 6.000000000000000888, -2.000000000000000444 ) ) ;
#1541 = ORIENTED_EDGE ( 'NONE', *, *, #2633, .T. ) ;
#1542 = EDGE_CURVE ( 'NONE', #1117, #3455, #917, .T. ) ;
#1543 = CARTESIAN_POINT ( 'NONE',  ( 0.000000000000000000, 6.000000000000000888, -0.1249999999999962669 ) ) ;
#1544 = EDGE_CURVE ( 'NONE', #204, #1994, #1287, .T. ) ;
#1545 = AXIS2_PLACEMENT_3D ( 'NONE', #437, #1373, #3761 ) ;
#1546 = EDGE_LOOP ( 'NONE', ( #35, #400, #2419, #2359, #3497, #384, #1503 ) ) ;
#1547 = CARTESIAN_POINT ( 'NONE',  ( -2.507701340964020531, 6.054126587736524456, -4.031249999999998224 ) ) ;
#1548 = CARTESIAN_POINT ( 'NONE',  ( -5.350480947161678102, -9.828674048760671990E-16, 4.750000000000006217 ) ) ;
#1549 = CARTESIAN_POINT ( 'NONE',  ( -2.216241773533214499, 5.350480947161677214, 0.4375000000000056066 ) ) ;
#1550 = CARTESIAN_POINT ( 'NONE',  ( -2.216241773533209614, -5.350480947161678991, 0.9375000000000061062 ) ) ;
#1551 = CARTESIAN_POINT ( 'NONE',  ( 3.783361360347444080, 3.783361360347444968, 2.250000000000005329 ) ) ;
#1552 = CARTESIAN_POINT ( 'NONE',  ( -0.3980697101654335213, -6.053947983816734713, -6.000000000000016875 ) ) ;
#1553 = CARTESIAN_POINT ( 'NONE',  ( 2.216241773533212278, -5.350480947161678102, -2.062499999999995115 ) ) ;
#1554 = DIRECTION ( 'NONE',  ( -0.000000000000000000, -0.000000000000000000, -1.000000000000000000 ) ) ;
#1555 = CARTESIAN_POINT ( 'NONE',  ( -2.216241773533209614, -5.350480947161678991, -6.062499999999995559 ) ) ;
#1556 = CARTESIAN_POINT ( 'NONE',  ( 2.507701340964017866, -6.054126587736527121, 1.531249999999999556 ) ) ;
#1557 = CARTESIAN_POINT ( 'NONE',  ( 5.350480947161678102, 3.276224682920223997E-16, -1.749999999999994671 ) ) ;
#1558 = CARTESIAN_POINT ( 'NONE',  ( -5.999999999999999112, 2.485281374238572649, -1.812500000000000666 ) ) ;
#1559 = ORIENTED_EDGE ( 'NONE', *, *, #200, .T. ) ;
#1560 = CARTESIAN_POINT ( 'NONE',  ( 9.499999999999998224, -5.484827557301464651, -5.314688565214026994 ) ) ;
#1561 = B_SPLINE_CURVE_WITH_KNOTS ( 'NONE', 3,
 ( #1433, #781, #3247, #3026, #3909, #2085, #433, #3956 ),
 .UNSPECIFIED., .F., .F.,
 ( 4, 2, 2, 4 ),
 ( 0.01798936508266569395, 0.01936192635701474568, 0.02073448763136379394, 0.02347961018006189393 ),
 .UNSPECIFIED. ) ;
#1562 = ORIENTED_EDGE ( 'NONE', *, *, #1684, .T. ) ;
#1563 = CARTESIAN_POINT ( 'NONE',  ( 5.350480947161678102, -2.216241773533210946, 5.187500000000005329 ) ) ;
#1564 = B_SPLINE_CURVE_WITH_KNOTS ( 'NONE', 3,
 ( #3525, #1587, #4079, #2816, #1267, #2216 ),
 .UNSPECIFIED., .F., .F.,
 ( 4, 2, 4 ),
 ( 0.005518201824544028897, 0.008253057247263585749, 0.01098791266998314260 ),
 .UNSPECIFIED. ) ;
#1565 = CARTESIAN_POINT ( 'NONE',  ( 2.216241773533210946, 5.350480947161678102, -2.687499999999993783 ) ) ;
#1566 = CARTESIAN_POINT ( 'NONE',  ( 3.783361360347444968, -3.783361360347444080, -2.874999999999993783 ) ) ;
#1567 = CARTESIAN_POINT ( 'NONE',  ( -2.216241773533214054, 5.350480947161677214, 2.437500000000006217 ) ) ;
#1568 = CARTESIAN_POINT ( 'NONE',  ( -4.242640687119284770, -4.242640687119286547, 3.374999999999999556 ) ) ;
#1569 = CARTESIAN_POINT ( 'NONE',  ( 0.000000000000000000, 5.350480947161678102, -6.624999999999995559 ) ) ;
#1570 = FACE_OUTER_BOUND ( 'NONE', #1042, .T. ) ;
#1571 = CARTESIAN_POINT ( 'NONE',  ( -6.000000000000000888, -1.102182119232618108E-15, -3.750000000000000888 ) ) ;
#1572 = CARTESIAN_POINT ( 'NONE',  ( -3.783361360347445412, 3.783361360347443636, -3.374999999999994227 ) ) ;
#1573 = CARTESIAN_POINT ( 'NONE',  ( 4.280913964350270717, 4.280913964350271605, 0.8437499999999998890 ) ) ;
#1574 = CARTESIAN_POINT ( 'NONE',  ( 0.000000000000000000, 5.350480947161678102, -6.499999999999995559 ) ) ;
#1575 = AXIS2_PLACEMENT_3D ( 'NONE', #3786, #3472, #978 ) ;
#1576 = CARTESIAN_POINT ( 'NONE',  ( 4.749999999999997335, -8.227241335952170331, -6.000000000000007105 ) ) ;
#1577 = ORIENTED_EDGE ( 'NONE', *, *, #93, .F. ) ;
#1578 = CARTESIAN_POINT ( 'NONE',  ( 7.930049953254922457, -6.391238639403979960, -5.698481791181292166 ) ) ;
#1579 = CONICAL_SURFACE ( 'NONE', #1132, 9.500000000000001776, 1.134464013796313786 ) ;
#1580 = VERTEX_POINT ( 'NONE', #242 ) ;
#1581 = CARTESIAN_POINT ( 'NONE',  ( -2.485281374238575314, 5.999999999999999112, 1.062499999999999334 ) ) ;
#1582 = CARTESIAN_POINT ( 'NONE',  ( -3.783361360347445412, 3.783361360347443636, 4.625000000000006217 ) ) ;
#1583 = CARTESIAN_POINT ( 'NONE',  ( 5.350480947161678102, 3.276224682920223997E-16, -1.874999999999994671 ) ) ;
#1584 = CARTESIAN_POINT ( 'NONE',  ( -3.783361360347445412, 3.783361360347443636, -4.374999999999995559 ) ) ;
#1585 = CARTESIAN_POINT ( 'NONE',  ( -3.783361360347445412, 3.783361360347443636, -2.499999999999995115 ) ) ;
#1586 = CARTESIAN_POINT ( 'NONE',  ( 2.507701340964017866, -6.054126587736527121, -0.5312499999999978906 ) ) ;
#1587 = CARTESIAN_POINT ( 'NONE',  ( -3.958811313895144846, 8.684034336854598024, 3.999999999999995559 ) ) ;
#1588 = CARTESIAN_POINT ( 'NONE',  ( -5.350480947161678102, -9.828674048760671990E-16, -5.374999999999994671 ) ) ;
#1589 = CARTESIAN_POINT ( 'NONE',  ( -5.918810118395606779, 1.809662719023483783E-11, -5.921875000000227374 ) ) ;
#1590 = EDGE_CURVE ( 'NONE', #1117, #1703, #1159, .T. ) ;
#1591 = CARTESIAN_POINT ( 'NONE',  ( -5.350480947161678102, -9.828674048760671990E-16, -3.249999999999994227 ) ) ;
#1592 = LINE ( 'NONE', #2879, #2033 ) ;
#1593 =( BOUNDED_CURVE ( )  B_SPLINE_CURVE ( 2, ( #1810, #3663, #3358, #3052, #1483, #2434, #2304, #39, #1936 ),
 .UNSPECIFIED., .F., .T. ) 
 B_SPLINE_CURVE_WITH_KNOTS ( ( 3, 2, 2, 2, 3 ),
 ( 0.5576923076923078204, 0.5673076923076924016, 0.5769230769230768718, 0.5865384615384615641, 0.5961538461538461453 ),
 .UNSPECIFIED. ) 
 CURVE ( )  GEOMETRIC_REPRESENTATION_ITEM ( )  RATIONAL_B_SPLINE_CURVE ( ( 0.9999999999999991118, 0.9238795325112876267, 1.000000000000000000, 0.9238795325112867385, 1.000000000000000000, 0.9238795325112867385, 1.000000000000000000, 0.9238795325112867385, 1.000000000000000000 ) ) 
 REPRESENTATION_ITEM ( '' )  );
#1594 = CARTESIAN_POINT ( 'NONE',  ( -6.054126587736524456, -2.507701340964020531, -2.718750000000001332 ) ) ;
#1595 = CARTESIAN_POINT ( 'NONE',  ( -2.216241773533214054, 5.350480947161677214, 5.437500000000005329 ) ) ;
#1596 = CARTESIAN_POINT ( 'NONE',  ( -4.242640687119286547, 4.242640687119284770, -5.875000000000000888 ) ) ;
#1597 = ORIENTED_EDGE ( 'NONE', *, *, #2514, .T. ) ;
#1598 = CYLINDRICAL_SURFACE ( 'NONE', #1575, 6.000000000000000888 ) ;
#1599 = CARTESIAN_POINT ( 'NONE',  ( 0.000000000000000000, -3.673940397442058389E-15, 5.999999999999996447 ) ) ;
#1600 = VERTEX_POINT ( 'NONE', #2150 ) ;
#1601 = CARTESIAN_POINT ( 'NONE',  ( -9.500000000000001776, -5.484827557301440670, -5.314688565214031435 ) ) ;
#1602 = CONICAL_SURFACE ( 'NONE', #760, 10.96965511460289733, 1.134464013796321558 ) ;
#1603 = CARTESIAN_POINT ( 'NONE',  ( 5.350480947161678102, -2.216241773533210058, -3.937499999999994671 ) ) ;
#1604 = CARTESIAN_POINT ( 'NONE',  ( 2.216241773533211834, -5.350480947161678102, -4.937499999999993783 ) ) ;
#1605 = CARTESIAN_POINT ( 'NONE',  ( -3.783361360347444080, -3.783361360347445412, -0.2499999999999941436 ) ) ;
#1606 = VERTEX_POINT ( 'NONE', #3666 ) ;
#1607 = CARTESIAN_POINT ( 'NONE',  ( -3.696731767667618573, -4.811030382628571189, -5.999999999999995559 ) ) ;
#1608 = CARTESIAN_POINT ( 'NONE',  ( -2.216241773533209614, -5.350480947161678991, -6.187499999999994671 ) ) ;
#1609 = CARTESIAN_POINT ( 'NONE',  ( 0.000000000000000000, 6.000000000000000888, 3.875000000000003997 ) ) ;
#1610 = EDGE_CURVE ( 'NONE', #1994, #3438, #4048, .T. ) ;
#1611 = B_SPLINE_CURVE_WITH_KNOTS ( 'NONE', 3,
 ( #1601, #2890, #1300, #2586, #2565, #3216 ),
 .UNSPECIFIED., .F., .F.,
 ( 4, 2, 4 ),
 ( 2.339747056424073806E-07, 0.002759217899624835137, 0.005518201824544028029 ),
 .UNSPECIFIED. ) ;
#1612 = CARTESIAN_POINT ( 'NONE',  ( -4.280913964350270717, -4.280913964350272494, -1.656249999999999778 ) ) ;
#1613 = CARTESIAN_POINT ( 'NONE',  ( 5.350480947161678102, -2.216241773533210946, 6.062500000000004441 ) ) ;
#1614 = CARTESIAN_POINT ( 'NONE',  ( 5.350480947161678102, 3.276224682920223997E-16, 0.2500000000000054401 ) ) ;
#1615 = CARTESIAN_POINT ( 'NONE',  ( 1.040949779275250534E-15, -7.500000000000007105, 5.999999999999994671 ) ) ;
#1616 = CARTESIAN_POINT ( 'NONE',  ( -5.918810118395606779, 1.809662719023483783E-11, -5.921875000000227374 ) ) ;
#1617 = DIRECTION ( 'NONE',  ( -0.000000000000000000, -0.000000000000000000, -1.000000000000000000 ) ) ;
#1618 = ORIENTED_EDGE ( 'NONE', *, *, #12, .T. ) ;
#1619 = CARTESIAN_POINT ( 'NONE',  ( 6.000000000000000888, 3.673940397442060361E-16, 0.7499999999999992228 ) ) ;
#1620 = CARTESIAN_POINT ( 'NONE',  ( -2.216241773533214499, 5.350480947161677214, -0.5624999999999943379 ) ) ;
#1621 = CARTESIAN_POINT ( 'NONE',  ( -5.350480947161677214, 2.216241773533211834, -2.312499999999995115 ) ) ;
#1622 = CARTESIAN_POINT ( 'NONE',  ( -6.000000000000000888, -1.102182119232618108E-15, -1.874999999999996891 ) ) ;
#1623 = AXIS2_PLACEMENT_3D ( 'NONE', #863, #3720, #819 ) ;
#1624 = CARTESIAN_POINT ( 'NONE',  ( -5.350480947161677214, 2.216241773533212278, -1.437499999999994671 ) ) ;
#1625 = ORIENTED_EDGE ( 'NONE', *, *, #3842, .T. ) ;
#1626 = DIRECTION ( 'NONE',  ( -0.000000000000000000, 0.000000000000000000, 1.000000000000000000 ) ) ;
#1627 = CARTESIAN_POINT ( 'NONE',  ( 0.000000000000000000, 5.350480947161678102, -4.624999999999993783 ) ) ;
#1628 = CARTESIAN_POINT ( 'NONE',  ( -6.000000000000000888, -1.102182119232618108E-15, -1.750000000000000222 ) ) ;
#1629 = CARTESIAN_POINT ( 'NONE',  ( -6.000000000000000888, -1.102182119232618108E-15, 1.249999999999999778 ) ) ;
#1630 = PRODUCT_DEFINITION ( 'UNKNOWN', '', #2905, #3495 ) ;
#1631 = CARTESIAN_POINT ( 'NONE',  ( -2.507701340964015202, -6.054126587736528009, 0.4062500000000003886 ) ) ;
#1632 = CARTESIAN_POINT ( 'NONE',  ( -5.350480947161678102, -9.828674048760671990E-16, -5.249999999999994671 ) ) ;
#1633 = FACE_OUTER_BOUND ( 'NONE', #1866, .T. ) ;
#1634 = ADVANCED_FACE ( 'NONE', ( #201 ), #1486, .F. ) ;
#1635 = CARTESIAN_POINT ( 'NONE',  ( 9.500000000000005329, 5.484827557301449552, -5.314688565214025218 ) ) ;
#1636 = CARTESIAN_POINT ( 'NONE',  ( 6.000000000000001776, 2.485281374238571317, -5.187500000000000000 ) ) ;
#1637 = DIRECTION ( 'NONE',  ( 0.000000000000000000, 0.000000000000000000, 1.000000000000000000 ) ) ;
#1638 = EDGE_CURVE ( 'NONE', #3037, #3519, #3840, .T. ) ;
#1639 = AXIS2_PLACEMENT_3D ( 'NONE', #3289, #475, #1718 ) ;
#1640 = ORIENTED_EDGE ( 'NONE', *, *, #1322, .T. ) ;
#1641 = LOCAL_TIME ( 17, 51, 9.000000000000000000, #1279 ) ;
#1642 = CARTESIAN_POINT ( 'NONE',  ( 2.216241773533211390, 5.350480947161678102, 6.437500000000005329 ) ) ;
#1643 = AXIS2_PLACEMENT_3D ( 'NONE', #2129, #875, #1876 ) ;
#1644 = CARTESIAN_POINT ( 'NONE',  ( -6.000000000000000888, -1.102182119232618108E-15, -3.750000000000000888 ) ) ;
#1645 = DIRECTION ( 'NONE',  ( 1.000000000000000000, 0.000000000000000000, 0.000000000000000000 ) ) ;
#1646 = CARTESIAN_POINT ( 'NONE',  ( 5.350480947161678102, 2.216241773533211390, -2.812499999999994227 ) ) ;
#1647 = VERTEX_POINT ( 'NONE', #3963 ) ;
#1648 = LINE ( 'NONE', #2031, #3833 ) ;
#1649 = CARTESIAN_POINT ( 'NONE',  ( -6.000000000000000888, 0.000000000000000000, 6.000000000000000000 ) ) ;
#1650 = CARTESIAN_POINT ( 'NONE',  ( 4.750000000000003553, 8.227241335952172108, 4.000000000000000000 ) ) ;
#1651 = CARTESIAN_POINT ( 'NONE',  ( 2.507701340964017866, -6.054126587736527121, -0.4687500000000003886 ) ) ;
#1652 = CIRCLE ( 'NONE', #25, 6.425240473580843492 ) ;
#1653 = CARTESIAN_POINT ( 'NONE',  ( 2.216241773533212278, -5.350480947161678102, 4.937500000000005329 ) ) ;
#1654 = DIRECTION ( 'NONE',  ( -0.000000000000000000, 1.939024098649975398E-16, -1.000000000000000000 ) ) ;
#1655 = CARTESIAN_POINT ( 'NONE',  ( -5.999999999999953815, 2.485281374238616614, -4.812500000000003553 ) ) ;
#1656 = CARTESIAN_POINT ( 'NONE',  ( 0.000000000000000000, 10.96965511460289555, -5.314688565214023441 ) ) ;
#1657 = ORIENTED_EDGE ( 'NONE', *, *, #769, .T. ) ;
#1658 = EDGE_CURVE ( 'NONE', #2584, #1703, #1475, .T. ) ;
#1659 = CARTESIAN_POINT ( 'NONE',  ( 2.216241773533211834, -5.350480947161678102, -5.062499999999993783 ) ) ;
#1660 = B_SPLINE_CURVE_WITH_KNOTS ( 'NONE', 3,
 ( #2391, #3641, #514, #214, #1371, #1072 ),
 .UNSPECIFIED., .F., .F.,
 ( 4, 2, 4 ),
 ( 2.339747056233670858E-07, 0.002759217899624822126, 0.005518201824544021090 ),
 .UNSPECIFIED. ) ;
#1661 = CARTESIAN_POINT ( 'NONE',  ( -3.783361360347444080, -3.783361360347445412, -1.249999999999994227 ) ) ;
#1662 = EDGE_LOOP ( 'NONE', ( #1225, #484, #2935, #110 ) ) ;
#1663 = ORIENTED_EDGE ( 'NONE', *, *, #2463, .F. ) ;
#1664 = CARTESIAN_POINT ( 'NONE',  ( 0.000000000000000000, 0.000000000000000000, -6.000000000000000000 ) ) ;
#1665 = CARTESIAN_POINT ( 'NONE',  ( 9.499999999999998224, -5.484827557301465539, 3.314688565214004790 ) ) ;
#1666 = CARTESIAN_POINT ( 'NONE',  ( 4.131448721335135410, -3.781599133157603543, -5.731003276628152676 ) ) ;
#1667 = CARTESIAN_POINT ( 'NONE',  ( -4.242640687119286547, 4.242640687119284770, -0.8750000000000004441 ) ) ;
#1668 = CARTESIAN_POINT ( 'NONE',  ( 6.000000000000000888, 3.673940397442060361E-16, 3.749999999999999112 ) ) ;
#1669 = CARTESIAN_POINT ( 'NONE',  ( 6.054126587736527121, -2.507701340964016534, -6.343750000000000888 ) ) ;
#1670 = CARTESIAN_POINT ( 'NONE',  ( 3.783361360347444080, 3.783361360347444968, 0.2500000000000054401 ) ) ;
#1671 = CARTESIAN_POINT ( 'NONE',  ( 7.414166747304424153E-16, -6.054126587736526233, 3.406250000000002665 ) ) ;
#1672 = CARTESIAN_POINT ( 'NONE',  ( 6.054126587736527121, 3.707083373652212077E-16, -6.000000000000003553 ) ) ;
#1673 = CARTESIAN_POINT ( 'NONE',  ( -4.242640687119286547, 4.242640687119284770, -4.875000000000001776 ) ) ;
#1674 = CARTESIAN_POINT ( 'NONE',  ( 5.350480947161678102, 3.276224682920223997E-16, 5.250000000000005329 ) ) ;
#1675 = CARTESIAN_POINT ( 'NONE',  ( 2.485281374238571317, 6.000000000000001776, 1.937499999999999334 ) ) ;
#1676 = CARTESIAN_POINT ( 'NONE',  ( -5.736180956820395416, 1.951998413328035920, 3.999999999999999112 ) ) ;
#1677 = CARTESIAN_POINT ( 'NONE',  ( 7.414166747304424153E-16, -6.054126587736526233, 2.406250000000002220 ) ) ;
#1678 = CARTESIAN_POINT ( 'NONE',  ( -2.507701340964015202, -6.054126587736528009, 6.343750000000002665 ) ) ;
#1679 = ORIENTED_EDGE ( 'NONE', *, *, #3834, .T. ) ;
#1680 = CARTESIAN_POINT ( 'NONE',  ( -5.350480947161677214, -2.216241773533213610, 4.812500000000005329 ) ) ;
#1681 = CARTESIAN_POINT ( 'NONE',  ( -5.350480947161677214, 2.216241773533211834, -4.437499999999995559 ) ) ;
#1682 = DIRECTION ( 'NONE',  ( -1.000000000000000000, 0.000000000000000000, 0.000000000000000000 ) ) ;
#1683 =( NAMED_UNIT ( * ) SI_UNIT ( $, .STERADIAN. ) SOLID_ANGLE_UNIT ( ) );
#1684 = EDGE_CURVE ( 'NONE', #3359, #2930, #1009, .T. ) ;
#1685 = CARTESIAN_POINT ( 'NONE',  ( 5.350480947161678102, 3.276224682920223997E-16, -4.874999999999993783 ) ) ;
#1686 = ORIENTED_EDGE ( 'NONE', *, *, #3383, .T. ) ;
#1687 = CARTESIAN_POINT ( 'NONE',  ( 6.054126587736527121, -2.507701340964016534, -3.406249999999997780 ) ) ;
#1688 = CARTESIAN_POINT ( 'NONE',  ( -4.242640687119286547, 4.242640687119284770, 2.000000000000003997 ) ) ;
#1689 = CARTESIAN_POINT ( 'NONE',  ( -2.485281374238575314, 5.999999999999999112, 0.06249999999999948652 ) ) ;
#1690 = DIRECTION ( 'NONE',  ( -0.000000000000000000, 1.939024098649975398E-16, -1.000000000000000000 ) ) ;
#1691 = ADVANCED_FACE ( 'NONE', ( #3159 ), #4071, .F. ) ;
#1692 = CARTESIAN_POINT ( 'NONE',  ( 6.054126587736527121, 2.507701340964017422, -4.218750000000000000 ) ) ;
#1693 = CARTESIAN_POINT ( 'NONE',  ( 2.216241773533211390, 5.350480947161678102, 3.312500000000005773 ) ) ;
#1694 = CARTESIAN_POINT ( 'NONE',  ( -9.500000000000003553, 4.585556314098729658, 3.514783353095727314 ) ) ;
#1695 = LINE ( 'NONE', #534, #2456 ) ;
#1696 =( BOUNDED_CURVE ( )  B_SPLINE_CURVE ( 2, ( #411, #3207, #970, #374, #1939, #3529, #2220, #351, #3489 ),
 .UNSPECIFIED., .F., .T. ) 
 B_SPLINE_CURVE_WITH_KNOTS ( ( 3, 2, 2, 2, 3 ),
 ( 0.5576923076923078204, 0.5673076923076924016, 0.5769230769230768718, 0.5865384615384615641, 0.5961538461538461453 ),
 .UNSPECIFIED. ) 
 CURVE ( )  GEOMETRIC_REPRESENTATION_ITEM ( )  RATIONAL_B_SPLINE_CURVE ( ( 0.9999999999999991118, 0.9238795325112876267, 1.000000000000000000, 0.9238795325112867385, 1.000000000000000000, 0.9238795325112867385, 1.000000000000000000, 0.9238795325112867385, 1.000000000000000000 ) ) 
 REPRESENTATION_ITEM ( '' )  );
#1697 = CARTESIAN_POINT ( 'NONE',  ( -2.216241773533214054, 5.350480947161677214, -0.4374999999999943379 ) ) ;
#1698 = DIRECTION ( 'NONE',  ( -1.000000000000000000, 0.000000000000000000, 0.000000000000000000 ) ) ;
#1699 = CARTESIAN_POINT ( 'NONE',  ( 4.280913964350271605, -4.280913964350270717, 6.531250000000002665 ) ) ;
#1700 = ORIENTED_EDGE ( 'NONE', *, *, #2200, .T. ) ;
#1701 = DIRECTION ( 'NONE',  ( -0.000000000000000000, -0.000000000000000000, -1.000000000000000000 ) ) ;
#1702 = CARTESIAN_POINT ( 'NONE',  ( 6.054126587736527121, 2.507701340964017422, 5.781249999999999112 ) ) ;
#1703 = VERTEX_POINT ( 'NONE', #3747 ) ;
#1704 = TOROIDAL_SURFACE ( 'NONE', #1639, 7.500000000000003553, 1.950000000000000400 ) ;
#1705 = VERTEX_POINT ( 'NONE', #663 ) ;
#1706 = CARTESIAN_POINT ( 'NONE',  ( 1.947010530429248432, -5.746269315763375296, -5.999999999999999112 ) ) ;
#1707 = DIRECTION ( 'NONE',  ( 1.000000000000000000, 1.224646799147353207E-16, 2.374619655881273998E-32 ) ) ;
#1708 = CARTESIAN_POINT ( 'NONE',  ( 1.672852093579364707, 5.822680490299596556, 4.000000000000000000 ) ) ;
#1709 = DIRECTION ( 'NONE',  ( -1.000000000000000000, 0.000000000000000000, 0.000000000000000000 ) ) ;
#1710 = CARTESIAN_POINT ( 'NONE',  ( -5.350480947161678102, -9.828674048760671990E-16, 5.625000000000006217 ) ) ;
#1711 = CYLINDRICAL_SURFACE ( 'NONE', #3213, 5.350480947161681655 ) ;
#1712 = CARTESIAN_POINT ( 'NONE',  ( 6.054126587736527121, -2.507701340964016534, -4.343750000000000000 ) ) ;
#1713 = ADVANCED_FACE ( 'NONE', ( #3787 ), #1347, .T. ) ;
#1714 = CARTESIAN_POINT ( 'NONE',  ( 2.216241773533212278, -5.350480947161678102, 3.937500000000005329 ) ) ;
#1715 = CIRCLE ( 'NONE', #2783, 7.500000000000004441 ) ;
#1716 = DIRECTION ( 'NONE',  ( -0.000000000000000000, -0.000000000000000000, -1.000000000000000000 ) ) ;
#1717 = CARTESIAN_POINT ( 'NONE',  ( 2.216241773533211390, 5.350480947161678102, -0.5624999999999944489 ) ) ;
#1718 = DIRECTION ( 'NONE',  ( 0.000000000000000000, 1.000000000000000000, 1.939024098649975151E-16 ) ) ;
#1719 = CARTESIAN_POINT ( 'NONE',  ( -5.219221214013026078, -1.452894331984944332, 3.630748839026117558 ) ) ;
#1720 = CARTESIAN_POINT ( 'NONE',  ( 3.783361360347444968, -3.783361360347444080, 2.125000000000005329 ) ) ;
#1721 = CARTESIAN_POINT ( 'NONE',  ( -2.485281374238575314, 5.999999999999999112, -4.062499999999996447 ) ) ;
#1722 = CARTESIAN_POINT ( 'NONE',  ( 7.414166747304424153E-16, -6.054126587736526233, 5.406250000000002665 ) ) ;
#1723 = ORIENTED_EDGE ( 'NONE', *, *, #1982, .T. ) ;
#1724 = CARTESIAN_POINT ( 'NONE',  ( 6.000000000000000888, 7.347880794884120722E-16, 6.000000000000000000 ) ) ;
#1725 = CARTESIAN_POINT ( 'NONE',  ( 2.507701340964017866, -6.054126587736527121, 5.531250000000000000 ) ) ;
#1726 = ORIENTED_EDGE ( 'NONE', *, *, #224, .F. ) ;
#1727 = ORIENTED_EDGE ( 'NONE', *, *, #141, .F. ) ;
#1728 = CARTESIAN_POINT ( 'NONE',  ( 2.497985653395556671, -5.518334847977714119, -5.999999999999999112 ) ) ;
#1729 = DIRECTION ( 'NONE',  ( -0.000000000000000000, 1.939024098649975398E-16, -1.000000000000000000 ) ) ;
#1730 = CARTESIAN_POINT ( 'NONE',  ( 2.216241773533211834, -5.350480947161678102, 3.062500000000005773 ) ) ;
#1731 = CYLINDRICAL_SURFACE ( 'NONE', #3154, 6.000000000000000888 ) ;
#1732 = CARTESIAN_POINT ( 'NONE',  ( -2.216241773533214054, 5.350480947161677214, 4.437500000000006217 ) ) ;
#1733 = DIRECTION ( 'NONE',  ( -0.000000000000000000, 1.939024098649975398E-16, -1.000000000000000000 ) ) ;
#1734 = AXIS2_PLACEMENT_3D ( 'NONE', #2729, #1204, #3013 ) ;
#1735 = CARTESIAN_POINT ( 'NONE',  ( 2.507701340964017866, -6.054126587736527121, -5.468749999999999112 ) ) ;
#1736 = CARTESIAN_POINT ( 'NONE',  ( 6.552449365840447993E-16, -5.350480947161678102, 0.8750000000000059952 ) ) ;
#1737 = CIRCLE ( 'NONE', #4055, 7.500000000000004441 ) ;
#1738 = CARTESIAN_POINT ( 'NONE',  ( 5.350480947161678102, 3.276224682920223997E-16, -0.7499999999999945599 ) ) ;
#1739 = ADVANCED_FACE ( 'NONE', ( #940 ), #2501, .F. ) ;
#1740 = LINE ( 'NONE', #2370, #281 ) ;
#1741 = CARTESIAN_POINT ( 'NONE',  ( 6.000000000000001776, 2.485281374238571317, -3.187500000000000444 ) ) ;
#1742 = CARTESIAN_POINT ( 'NONE',  ( 5.350480947161678102, 3.276224682920223997E-16, -0.7499999999999945599 ) ) ;
#1743 = CARTESIAN_POINT ( 'NONE',  ( -4.242640687119284770, -4.242640687119286547, -5.749999999999997335 ) ) ;
#1744 = EDGE_CURVE ( 'NONE', #2642, #1753, #3191, .T. ) ;
#1745 = CARTESIAN_POINT ( 'NONE',  ( -6.054126587736524456, -2.507701340964020531, 5.218750000000003553 ) ) ;
#1746 = EDGE_LOOP ( 'NONE', ( #2624, #2731, #2847, #1100, #811, #1231 ) ) ;
#1747 = CARTESIAN_POINT ( 'NONE',  ( 3.783361360347444080, 3.783361360347444968, 5.375000000000005329 ) ) ;
#1748 = CARTESIAN_POINT ( 'NONE',  ( 5.695199691596433134, 1.345229494201736209, 3.877539140315148014 ) ) ;
#1749 = DIRECTION ( 'NONE',  ( -1.000000000000000000, 0.000000000000000000, 0.000000000000000000 ) ) ;
#1750 = PERSON_AND_ORGANIZATION ( #2697, #1829 ) ;
#1751 = CARTESIAN_POINT ( 'NONE',  ( 2.216241773533211390, 5.350480947161678102, -4.687499999999992895 ) ) ;
#1752 = ORIENTED_EDGE ( 'NONE', *, *, #2176, .F. ) ;
#1753 = VERTEX_POINT ( 'NONE', #2542 ) ;
#1754 = CARTESIAN_POINT ( 'NONE',  ( 4.280913964350271605, -4.280913964350270717, -3.468749999999997780 ) ) ;
#1755 = CARTESIAN_POINT ( 'NONE',  ( 4.812329590803409829, -3.694856029549719256, 3.999999999999999112 ) ) ;
#1756 = CARTESIAN_POINT ( 'NONE',  ( 9.499999999999994671, -3.665793033566767889, 3.699382603354490762 ) ) ;
#1757 = CARTESIAN_POINT ( 'NONE',  ( -0.7620016504176089223, 6.022873315609270861, 4.000000000000000000 ) ) ;
#1758 = CARTESIAN_POINT ( 'NONE',  ( -2.216241773533209614, -5.350480947161678991, 5.812500000000005329 ) ) ;
#1759 = CARTESIAN_POINT ( 'NONE',  ( 2.507701340964016978, 6.054126587736527121, -5.093749999999999112 ) ) ;
#1760 = CARTESIAN_POINT ( 'NONE',  ( -5.350480947161677214, -2.216241773533213610, 1.687500000000005995 ) ) ;
#1761 = CARTESIAN_POINT ( 'NONE',  ( -2.216241773533214054, 5.350480947161677214, -2.437499999999994671 ) ) ;
#1762 = DIRECTION ( 'NONE',  ( -1.000000000000000000, 0.000000000000000000, 0.000000000000000000 ) ) ;
#1763 = CARTESIAN_POINT ( 'NONE',  ( 2.485281374238571317, 6.000000000000001776, -3.062499999999999556 ) ) ;
#1764 = CARTESIAN_POINT ( 'NONE',  ( -2.216241773533214054, 5.350480947161677214, 1.562500000000005773 ) ) ;
#1765 = ADVANCED_FACE ( 'NONE', ( #3437 ), #105, .T. ) ;
#1766 = CARTESIAN_POINT ( 'NONE',  ( -3.344235781421725839, 5.046636085413428674, -6.000000000000000000 ) ) ;
#1767 = CARTESIAN_POINT ( 'NONE',  ( -4.813934535050029773, 3.704962914967561805, 4.000000000000000888 ) ) ;
#1768 = ORIENTED_EDGE ( 'NONE', *, *, #2430, .T. ) ;
#1769 = CARTESIAN_POINT ( 'NONE',  ( -6.000000000000000888, -1.102182119232618108E-15, 0.1250000000000039690 ) ) ;
#1770 = EDGE_CURVE ( 'NONE', #1705, #3055, #1155, .T. ) ;
#1771 = CARTESIAN_POINT ( 'NONE',  ( 6.000000000000000888, 3.673940397442060854E-16, 2.625000000000003553 ) ) ;
#1772 = PERSON_AND_ORGANIZATION_ROLE ( 'design_owner' ) ;
#1773 = CARTESIAN_POINT ( 'NONE',  ( -3.783361360347444080, -3.783361360347445412, -4.249999999999994671 ) ) ;
#1774 = ORIENTED_EDGE ( 'NONE', *, *, #3577, .T. ) ;
#1775 = ORIENTED_EDGE ( 'NONE', *, *, #1684, .F. ) ;
#1776 = CARTESIAN_POINT ( 'NONE',  ( -6.000000000000000888, -1.102182119232618108E-15, -5.750000000000000000 ) ) ;
#1777 = CARTESIAN_POINT ( 'NONE',  ( -2.216241773533214499, 5.350480947161677214, 3.437500000000005773 ) ) ;
#1778 = CARTESIAN_POINT ( 'NONE',  ( 6.552449365840447993E-16, -5.350480947161678102, 5.204170427930421283E-15 ) ) ;
#1779 = CARTESIAN_POINT ( 'NONE',  ( -6.000000000000000888, -1.102182119232618108E-15, 1.249999999999999778 ) ) ;
#1780 = DIRECTION ( 'NONE',  ( -0.000000000000000000, 1.939024098649975398E-16, -1.000000000000000000 ) ) ;
#1781 = CARTESIAN_POINT ( 'NONE',  ( 0.000000000000000000, 6.000000000000000888, -5.124999999999996447 ) ) ;
#1782 = CARTESIAN_POINT ( 'NONE',  ( 3.783361360347444968, -3.783361360347444080, -0.9999999999999947820 ) ) ;
#1783 = AXIS2_PLACEMENT_3D ( 'NONE', #65, #3514, #2600 ) ;
#1784 = CARTESIAN_POINT ( 'NONE',  ( 5.350480947161678102, -2.216241773533210946, -0.8124999999999948930 ) ) ;
#1785 = CARTESIAN_POINT ( 'NONE',  ( 4.280913964350270717, 4.280913964350271605, 2.843750000000000000 ) ) ;
#1786 = CARTESIAN_POINT ( 'NONE',  ( 0.000000000000000000, -10.96965511460289910, -5.314688565214027882 ) ) ;
#1787 = CARTESIAN_POINT ( 'NONE',  ( -5.350480947161677214, 2.216241773533212278, -0.3124999999999942268 ) ) ;
#1788 = DIRECTION ( 'NONE',  ( -0.000000000000000000, 1.939024098649975398E-16, -1.000000000000000000 ) ) ;
#1789 = CARTESIAN_POINT ( 'NONE',  ( -4.280913964350270717, -4.280913964350272494, 4.281250000000001776 ) ) ;
#1790 = VERTEX_POINT ( 'NONE', #3832 ) ;
#1791 = CARTESIAN_POINT ( 'NONE',  ( -9.500000000000000000, -1.834492941113396336, 3.936841482929540170 ) ) ;
#1792 = EDGE_CURVE ( 'NONE', #2889, #524, #1018, .T. ) ;
#1793 = ORIENTED_EDGE ( 'NONE', *, *, #395, .T. ) ;
#1794 = EDGE_LOOP ( 'NONE', ( #244, #2147, #3628, #2 ) ) ;
#1795 = CARTESIAN_POINT ( 'NONE',  ( -1.566119959200702461, -5.851441484777168078, 3.999999999999998224 ) ) ;
#1796 = CARTESIAN_POINT ( 'NONE',  ( -4.923143626472739065, 2.643579094222150871, 3.545456895716334600 ) ) ;
#1797 = CARTESIAN_POINT ( 'NONE',  ( 3.783361360347444968, -3.783361360347444080, -0.8749999999999946709 ) ) ;
#1798 = CARTESIAN_POINT ( 'NONE',  ( -5.350480947161677214, 2.216241773533212278, 5.562500000000006217 ) ) ;
#1799 = CARTESIAN_POINT ( 'NONE',  ( 4.280913964350270717, 4.280913964350271605, 2.781250000000002665 ) ) ;
#1800 = EDGE_CURVE ( 'NONE', #1418, #1753, #3513, .T. ) ;
#1801 = CARTESIAN_POINT ( 'NONE',  ( -2.485281374238569541, -6.000000000000003553, -3.687499999999997335 ) ) ;
#1802 = CARTESIAN_POINT ( 'NONE',  ( -2.216241773533214054, 5.350480947161677214, -0.5624999999999944489 ) ) ;
#1803 = CARTESIAN_POINT ( 'NONE',  ( 6.000000000000000888, 3.673940397442060854E-16, -5.374999999999997335 ) ) ;
#1804 = CARTESIAN_POINT ( 'NONE',  ( 5.350480947161678102, 2.216241773533211390, -1.687499999999994671 ) ) ;
#1805 = CARTESIAN_POINT ( 'NONE',  ( -6.000000000000000888, -1.102182119232618108E-15, -2.874999999999996447 ) ) ;
#1806 = CARTESIAN_POINT ( 'NONE',  ( 6.054126587736527121, 2.507701340964017422, 2.781250000000000000 ) ) ;
#1807 = DIRECTION ( 'NONE',  ( -0.000000000000000000, 1.939024098649975398E-16, -1.000000000000000000 ) ) ;
#1808 = AXIS2_PLACEMENT_3D ( 'NONE', #2032, #1404, #2053 ) ;
#1809 = CARTESIAN_POINT ( 'NONE',  ( -2.216241773533214054, 5.350480947161677214, -1.437499999999994671 ) ) ;
#1810 = CARTESIAN_POINT ( 'NONE',  ( -6.000000000000000888, -1.102182119232618108E-15, 1.125000000000003997 ) ) ;
#1811 = CARTESIAN_POINT ( 'NONE',  ( -5.350480947161677214, -2.216241773533214054, -5.187499999999993783 ) ) ;
#1812 = EDGE_LOOP ( 'NONE', ( #814, #1056, #901, #1947 ) ) ;
#1813 = CARTESIAN_POINT ( 'NONE',  ( 6.000000000000000888, 3.673940397442060361E-16, 3.749999999999999112 ) ) ;
#1814 = ORIENTED_EDGE ( 'NONE', *, *, #1610, .F. ) ;
#1815 = CARTESIAN_POINT ( 'NONE',  ( 4.280913964350270717, 4.280913964350271605, -4.218749999999996447 ) ) ;
#1816 = DIRECTION ( 'NONE',  ( 0.000000000000000000, 1.000000000000000000, 1.349928833877582760E-16 ) ) ;
#1817 = CARTESIAN_POINT ( 'NONE',  ( 2.216241773533211834, -5.350480947161678102, -0.06249999999999484440 ) ) ;
#1818 = CARTESIAN_POINT ( 'NONE',  ( -3.783361360347444080, -3.783361360347445412, 0.8750000000000059952 ) ) ;
#1819 = EDGE_CURVE ( 'NONE', #198, #2823, #832, .T. ) ;
#1820 = CARTESIAN_POINT ( 'NONE',  ( 0.000000000000000000, 5.350480947161678102, 0.3750000000000055511 ) ) ;
#1821 = CARTESIAN_POINT ( 'NONE',  ( -2.955549338455876640, 4.460086823582379623, 3.593750000000003109 ) ) ;
#1822 = CARTESIAN_POINT ( 'NONE',  ( 6.552449365840447993E-16, -5.350480947161678102, -1.124999999999994005 ) ) ;
#1823 = EDGE_CURVE ( 'NONE', #2504, #2443, #3593, .T. ) ;
#1824 = CARTESIAN_POINT ( 'NONE',  ( 3.783361360347444080, 3.783361360347444968, -3.624999999999994671 ) ) ;
#1825 = LINE ( 'NONE', #2838, #341 ) ;
#1826 = CARTESIAN_POINT ( 'NONE',  ( 6.054126587736527121, -2.507701340964016534, 4.656249999999999112 ) ) ;
#1827 = FACE_OUTER_BOUND ( 'NONE', #2418, .T. ) ;
#1828 = CARTESIAN_POINT ( 'NONE',  ( 5.350480947161678102, 2.216241773533211390, -3.687499999999994671 ) ) ;
#1829 = ORGANIZATION ( 'UNSPECIFIED', 'UNSPECIFIED', '' ) ;
#1830 = CARTESIAN_POINT ( 'NONE',  ( -6.000000000000043521, -2.485281374238529573, -4.687500000000002665 ) ) ;
#1831 = ORIENTED_EDGE ( 'NONE', *, *, #2785, .T. ) ;
#1832 = CARTESIAN_POINT ( 'NONE',  ( -2.216241773533209614, -5.350480947161678991, 3.937500000000005329 ) ) ;
#1833 = CARTESIAN_POINT ( 'NONE',  ( 6.000000000000000888, 3.673940397442060854E-16, -0.3749999999999965583 ) ) ;
#1834 = CARTESIAN_POINT ( 'NONE',  ( 5.818103768885968918, 0.3355797623235293181, 3.863732162001733528 ) ) ;
#1835 = CARTESIAN_POINT ( 'NONE',  ( 0.000000000000000000, -1.479995017775127959E-15, -5.314688565214026106 ) ) ;
#1836 = EDGE_LOOP ( 'NONE', ( #3402, #3221, #519, #2109 ) ) ;
#1837 = CARTESIAN_POINT ( 'NONE',  ( 5.433911554594700100, -2.676649270970631544, 3.999999999999996447 ) ) ;
#1838 =( BOUNDED_CURVE ( )  B_SPLINE_CURVE ( 2, ( #2920, #1841, #3973, #1149, #842, #527, #1512, #548, #1779 ),
 .UNSPECIFIED., .F., .F. ) 
 B_SPLINE_CURVE_WITH_KNOTS ( ( 3, 2, 2, 2, 3 ),
 ( 0.3269230769230769829, 0.3365384615384616196, 0.3461538461538462563, 0.3557692307692308931, 0.3653846153846154743 ),
 .UNSPECIFIED. ) 
 CURVE ( )  GEOMETRIC_REPRESENTATION_ITEM ( )  RATIONAL_B_SPLINE_CURVE ( ( 0.9999999999999995559, 0.9238795325112871826, 1.000000000000000000, 0.9238795325112867385, 1.000000000000000000, 0.9238795325112867385, 1.000000000000000000, 0.9238795325112858503, 1.000000000000000888 ) ) 
 REPRESENTATION_ITEM ( '' )  );
#1839 = CARTESIAN_POINT ( 'NONE',  ( 5.350480947161678102, 2.216241773533210946, 3.187500000000005329 ) ) ;
#1840 = CARTESIAN_POINT ( 'NONE',  ( 2.216241773533210946, 5.350480947161678102, -1.562499999999994893 ) ) ;
#1841 = CARTESIAN_POINT ( 'NONE',  ( 5.999999999999989342, -2.485281374238580643, 1.687499999999998446 ) ) ;
#1842 = CARTESIAN_POINT ( 'NONE',  ( 6.552449365840447993E-16, -5.350480947161678102, 2.875000000000005773 ) ) ;
#1843 = CARTESIAN_POINT ( 'NONE',  ( 0.000000000000000000, 9.449999999999999289, 4.000000000000000000 ) ) ;
#1844 = CARTESIAN_POINT ( 'NONE',  ( 3.783361360347444080, 3.783361360347444968, -2.749999999999993783 ) ) ;
#1845 = CARTESIAN_POINT ( 'NONE',  ( 1.157291225194249201E-15, -9.450000000000006395, 3.999999999999996447 ) ) ;
#1846 = CARTESIAN_POINT ( 'NONE',  ( -5.350480947161677214, 2.216241773533212278, -5.312499999999993783 ) ) ;
#1847 = VECTOR ( 'NONE', #3574, 1000.000000000000000 ) ;
#1848 = ADVANCED_FACE ( 'NONE', ( #3768 ), #3722, .T. ) ;
#1849 = CARTESIAN_POINT ( 'NONE',  ( -6.054126587736525344, 2.507701340964018311, 3.156250000000000444 ) ) ;
#1850 = DIRECTION ( 'NONE',  ( 0.000000000000000000, -1.939024098649975398E-16, 1.000000000000000000 ) ) ;
#1851 = CARTESIAN_POINT ( 'NONE',  ( -5.350480947161677214, -2.216241773533213610, -2.187499999999994671 ) ) ;
#1852 = FACE_OUTER_BOUND ( 'NONE', #3384, .T. ) ;
#1853 = ORIENTED_EDGE ( 'NONE', *, *, #302, .F. ) ;
#1854 = CARTESIAN_POINT ( 'NONE',  ( -5.350480947161677214, -2.216241773533213610, 2.812500000000005773 ) ) ;
#1855 = CARTESIAN_POINT ( 'NONE',  ( 0.000000000000000000, 0.000000000000000000, 6.000000000000000000 ) ) ;
#1856 =( BOUNDED_CURVE ( )  B_SPLINE_CURVE ( 2, ( #3947, #3630, #1063, #733, #3222, #1995, #1688, #2954, #816 ),
 .UNSPECIFIED., .F., .T. ) 
 B_SPLINE_CURVE_WITH_KNOTS ( ( 3, 2, 2, 2, 3 ),
 ( 0.5961538461538461453, 0.6057692307692308376, 0.6153846153846154188, 0.6250000000000001110, 0.6346153846153846922 ),
 .UNSPECIFIED. ) 
 CURVE ( )  GEOMETRIC_REPRESENTATION_ITEM ( )  RATIONAL_B_SPLINE_CURVE ( ( 1.000000000000000000, 0.9238795325112867385, 1.000000000000000000, 0.9238795325112867385, 1.000000000000000000, 0.9238795325112867385, 1.000000000000000000, 0.9238795325112858503, 1.000000000000000888 ) ) 
 REPRESENTATION_ITEM ( '' )  );
#1857 = ORIENTED_EDGE ( 'NONE', *, *, #2533, .F. ) ;
#1858 = CARTESIAN_POINT ( 'NONE',  ( 0.000000000000000000, 6.054126587736526233, -5.093749999999997335 ) ) ;
#1859 = CARTESIAN_POINT ( 'NONE',  ( -3.344235781421603715, 5.046636085413505057, 3.999999999999999112 ) ) ;
#1860 = CARTESIAN_POINT ( 'NONE',  ( -5.350480947161677214, 2.216241773533212278, 4.687500000000005329 ) ) ;
#1861 = CARTESIAN_POINT ( 'NONE',  ( 5.350480947161678102, 3.276224682920223997E-16, 3.125000000000005329 ) ) ;
#1862 = CARTESIAN_POINT ( 'NONE',  ( 6.552449365840447993E-16, -5.350480947161678102, 2.000000000000005329 ) ) ;
#1863 = DIRECTION ( 'NONE',  ( -0.000000000000000000, 1.939024098649975398E-16, -1.000000000000000000 ) ) ;
#1864 = B_SPLINE_CURVE_WITH_KNOTS ( 'NONE', 3,
 ( #1212, #2722, #2122, #2453, #3724, #2491, #511, #3024 ),
 .UNSPECIFIED., .F., .F.,
 ( 4, 2, 2, 4 ),
 ( 0.01798936445180391794, 0.01936192572108435747, 0.02073448699036479353, 0.02347960952892566913 ),
 .UNSPECIFIED. ) ;
#1865 = CARTESIAN_POINT ( 'NONE',  ( -3.783361360347444080, -3.783361360347445412, 2.750000000000005329 ) ) ;
#1866 = EDGE_LOOP ( 'NONE', ( #1139, #2071, #3671, #942 ) ) ;
#1867 = CARTESIAN_POINT ( 'NONE',  ( 4.242640687119285658, -4.242640687119284770, -3.499999999999996447 ) ) ;
#1868 = CARTESIAN_POINT ( 'NONE',  ( 5.350480947161678102, 3.276224682920223997E-16, -3.874999999999994671 ) ) ;
#1869 = CARTESIAN_POINT ( 'NONE',  ( 2.216241773533212278, -5.350480947161678102, -5.937499999999994671 ) ) ;
#1870 = CARTESIAN_POINT ( 'NONE',  ( 2.485281374238571317, 6.000000000000001776, 0.8125000000000036637 ) ) ;
#1871 = CARTESIAN_POINT ( 'NONE',  ( 6.054126587736527121, -2.507701340964016534, 2.656250000000000888 ) ) ;
#1872 = DIRECTION ( 'NONE',  ( 0.5000000000000001110, 0.8660254037844385966, -0.000000000000000000 ) ) ;
#1873 = CARTESIAN_POINT ( 'NONE',  ( 2.216241773533211390, 5.350480947161678102, -1.562499999999994893 ) ) ;
#1874 = EDGE_CURVE ( 'NONE', #1418, #2688, #1737, .T. ) ;
#1875 = AXIS2_PLACEMENT_3D ( 'NONE', #3878, #3275, #1119 ) ;
#1876 = DIRECTION ( 'NONE',  ( -1.000000000000000000, 0.000000000000000000, 0.000000000000000000 ) ) ;
#1877 = EDGE_LOOP ( 'NONE', ( #2096, #686, #3124 ) ) ;
#1878 = CARTESIAN_POINT ( 'NONE',  ( 5.350480947161678102, 3.276224682920223997E-16, 2.250000000000005329 ) ) ;
#1879 = DIRECTION ( 'NONE',  ( 1.000000000000000000, 1.224646799147353207E-16, 2.374619655881273998E-32 ) ) ;
#1880 = EDGE_LOOP ( 'NONE', ( #2165, #2844 ) ) ;
#1881 = CARTESIAN_POINT ( 'NONE',  ( 6.054126587736527121, -2.507701340964016534, -5.406249999999998224 ) ) ;
#1882 = CARTESIAN_POINT ( 'NONE',  ( -5.999999999999976019, 2.485281374238593965, 1.187499999999999112 ) ) ;
#1883 = CARTESIAN_POINT ( 'NONE',  ( 6.552449365840447993E-16, -5.350480947161678102, 4.000000000000005329 ) ) ;
#1884 = CARTESIAN_POINT ( 'NONE',  ( 3.783361360347444968, -3.783361360347444080, -0.9999999999999947820 ) ) ;
#1885 = CARTESIAN_POINT ( 'NONE',  ( -5.350480947161678102, -9.828674048760671990E-16, -3.249999999999994227 ) ) ;
#1886 = CARTESIAN_POINT ( 'NONE',  ( -4.242640687119284770, -4.242640687119286547, -2.749999999999996003 ) ) ;
#1887 = CARTESIAN_POINT ( 'NONE',  ( 0.000000000000000000, 5.350480947161678102, 3.375000000000005773 ) ) ;
#1888 = CARTESIAN_POINT ( 'NONE',  ( -2.485281374238575314, 5.999999999999999112, -3.937500000000000888 ) ) ;
#1889 = CARTESIAN_POINT ( 'NONE',  ( 3.783361360347444080, 3.783361360347444968, -5.749999999999994671 ) ) ;
#1890 = CARTESIAN_POINT ( 'NONE',  ( 1.193016480710931582, 5.880196567866769364, 3.968749999999998224 ) ) ;
#1891 = CARTESIAN_POINT ( 'NONE',  ( -5.086433809825257946, 3.292814000801169705, -6.000000000000000888 ) ) ;
#1892 = CARTESIAN_POINT ( 'NONE',  ( -6.000000000000043521, -2.485281374238529573, -3.687500000000001332 ) ) ;
#1893 = CARTESIAN_POINT ( 'NONE',  ( -5.350480947161677214, 2.216241773533212278, -3.312499999999994227 ) ) ;
#1894 = CARTESIAN_POINT ( 'NONE',  ( -6.054126587736524456, -2.507701340964020531, -0.7187499999999998890 ) ) ;
#1895 = CARTESIAN_POINT ( 'NONE',  ( 2.216241773533211390, 5.350480947161678102, -3.562499999999994671 ) ) ;
#1896 = CARTESIAN_POINT ( 'NONE',  ( 5.485797416503542578, -2.322106970219120342E-11, -5.671875000000317080 ) ) ;
#1897 = CARTESIAN_POINT ( 'NONE',  ( -9.500000000000003553, 5.484827557301453105, -5.314688565214025218 ) ) ;
#1898 = ORIENTED_EDGE ( 'NONE', *, *, #2384, .T. ) ;
#1899 = CARTESIAN_POINT ( 'NONE',  ( 2.216241773533211390, 5.350480947161678102, 2.437500000000006217 ) ) ;
#1900 = AXIS2_PLACEMENT_3D ( 'NONE', #881, #1089, #3595 ) ;
#1901 = CARTESIAN_POINT ( 'NONE',  ( 4.242640687119284770, 4.242640687119285658, -0.2499999999999964195 ) ) ;
#1902 = APPROVAL_DATE_TIME ( #2846, #187 ) ;
#1903 = ORIENTED_EDGE ( 'NONE', *, *, #1246, .F. ) ;
#1904 = EDGE_CURVE ( 'NONE', #2504, #792, #2803, .T. ) ;
#1905 = CARTESIAN_POINT ( 'NONE',  ( 5.350480947161678102, 2.216241773533211390, 4.312500000000005329 ) ) ;
#1906 = CARTESIAN_POINT ( 'NONE',  ( 5.350480947161678102, -2.216241773533210058, -1.937499999999994671 ) ) ;
#1907 = CARTESIAN_POINT ( 'NONE',  ( -2.216241773533214499, 5.350480947161677214, -2.437499999999994671 ) ) ;
#1908 = CARTESIAN_POINT ( 'NONE',  ( 0.000000000000000000, 5.350480947161678102, 1.375000000000005551 ) ) ;
#1909 = EDGE_LOOP ( 'NONE', ( #2399, #2414, #2488, #2681 ) ) ;
#1910 = CARTESIAN_POINT ( 'NONE',  ( 6.054126587736526233, 3.707083373652212077E-16, -0.3437499999999977240 ) ) ;
#1911 = CARTESIAN_POINT ( 'NONE',  ( 0.000000000000000000, 6.000000000000000888, -4.000000000000000888 ) ) ;
#1912 = CARTESIAN_POINT ( 'NONE',  ( -5.350480947161677214, 2.216241773533212278, -5.437499999999994671 ) ) ;
#1913 = CARTESIAN_POINT ( 'NONE',  ( -6.054126587736526233, 2.712407121085481031E-11, -6.000000000000001776 ) ) ;
#1914 = CARTESIAN_POINT ( 'NONE',  ( -5.910567385753030756, -0.3733526916979530430, -5.917116056089522402 ) ) ;
#1915 = CARTESIAN_POINT ( 'NONE',  ( -2.485281374238569541, -6.000000000000003553, -3.562500000000000000 ) ) ;
#1916 = CARTESIAN_POINT ( 'NONE',  ( 6.552449365840447993E-16, -5.350480947161678102, -3.999999999999994671 ) ) ;
#1917 = CARTESIAN_POINT ( 'NONE',  ( -2.507701340964020531, 6.054126587736524456, -1.968750000000000000 ) ) ;
#1918 = CARTESIAN_POINT ( 'NONE',  ( 0.000000000000000000, 5.350480947161678102, -5.499999999999994671 ) ) ;
#1919 = AXIS2_PLACEMENT_3D ( 'NONE', #163, #2403, #3951 ) ;
#1920 = AXIS2_PLACEMENT_3D ( 'NONE', #3401, #3033, #1749 ) ;
#1921 = DIRECTION ( 'NONE',  ( -1.581383788144377954E-16, 1.000000000000000000, 0.000000000000000000 ) ) ;
#1922 = VERTEX_POINT ( 'NONE', #2270 ) ;
#1923 = CARTESIAN_POINT ( 'NONE',  ( 2.485281374238571317, 6.000000000000001776, -0.1874999999999963363 ) ) ;
#1924 = ORIENTED_EDGE ( 'NONE', *, *, #543, .F. ) ;
#1925 = CARTESIAN_POINT ( 'NONE',  ( 0.000000000000000000, 6.054126587736526233, -6.093749999999998224 ) ) ;
#1926 = CARTESIAN_POINT ( 'NONE',  ( 2.216241773533212278, -5.350480947161678102, 6.062500000000004441 ) ) ;
#1927 = CARTESIAN_POINT ( 'NONE',  ( 5.350480947161678102, 2.216241773533210946, -2.812499999999993783 ) ) ;
#1928 = CARTESIAN_POINT ( 'NONE',  ( 5.350480947161678102, -2.216241773533210058, -3.812499999999994671 ) ) ;
#1929 = CARTESIAN_POINT ( 'NONE',  ( 6.000000000000000888, 3.673940397442060854E-16, -2.374999999999995559 ) ) ;
#1930 = EDGE_CURVE ( 'NONE', #366, #1280, #2582, .T. ) ;
#1931 = CARTESIAN_POINT ( 'NONE',  ( -2.216241773533209614, -5.350480947161678991, -3.187499999999994227 ) ) ;
#1932 = AXIS2_PLACEMENT_3D ( 'NONE', #3705, #3727, #235 ) ;
#1933 = ORIENTED_EDGE ( 'NONE', *, *, #3208, .F. ) ;
#1934 = CARTESIAN_POINT ( 'NONE',  ( 4.280913964350270717, 4.280913964350271605, -0.2187499999999975853 ) ) ;
#1935 = CARTESIAN_POINT ( 'NONE',  ( 4.242640687119285658, -4.242640687119284770, -0.4999999999999966693 ) ) ;
#1936 = CARTESIAN_POINT ( 'NONE',  ( 6.000000000000000888, 3.673940397442060854E-16, 1.625000000000003553 ) ) ;
#1937 = CARTESIAN_POINT ( 'NONE',  ( -1.063868658281872603, 5.243646616989522613, -5.593750000000005329 ) ) ;
#1938 = CARTESIAN_POINT ( 'NONE',  ( -6.000000000000000888, -1.102182119232618108E-15, -3.874999999999997335 ) ) ;
#1939 = CARTESIAN_POINT ( 'NONE',  ( 7.347880794884120722E-16, -6.000000000000000888, -1.500000000000000222 ) ) ;
#1940 = CARTESIAN_POINT ( 'NONE',  ( -6.054126587736525344, 2.507701340964018311, -1.843749999999999778 ) ) ;
#1941 = CARTESIAN_POINT ( 'NONE',  ( 3.783361360347444968, -3.783361360347444080, 5.000000000000006217 ) ) ;
#1942 = CARTESIAN_POINT ( 'NONE',  ( -5.999999999999999112, 2.485281374238572649, -5.812500000000001776 ) ) ;
#1943 = CARTESIAN_POINT ( 'NONE',  ( -5.001516911426351797, 3.314336824270613047, -5.968749999999999112 ) ) ;
#1944 = DIRECTION ( 'NONE',  ( 0.000000000000000000, -1.000000000000000000, -1.581383788144377214E-16 ) ) ;
#1945 = CARTESIAN_POINT ( 'NONE',  ( -6.038820534489730996, 0.4974901226279546118, 3.999999999999999112 ) ) ;
#1946 = CIRCLE ( 'NONE', #373, 6.000000000000000888 ) ;
#1947 = ORIENTED_EDGE ( 'NONE', *, *, #1002, .F. ) ;
#1948 = CARTESIAN_POINT ( 'NONE',  ( 2.507701340964017866, -6.054126587736527121, -5.531249999999997335 ) ) ;
#1949 = CARTESIAN_POINT ( 'NONE',  ( -5.350480947161677214, 2.216241773533212278, 5.687500000000006217 ) ) ;
#1950 = VECTOR ( 'NONE', #2331, 1000.000000000000000 ) ;
#1951 = CARTESIAN_POINT ( 'NONE',  ( -3.783361360347445412, 3.783361360347443636, -2.499999999999995115 ) ) ;
#1952 = CARTESIAN_POINT ( 'NONE',  ( 5.350480947161678102, -2.216241773533210058, -1.812499999999994671 ) ) ;
#1953 = CARTESIAN_POINT ( 'NONE',  ( 6.552449365840447993E-16, -5.350480947161678102, -1.124999999999994005 ) ) ;
#1954 = ORIENTED_EDGE ( 'NONE', *, *, #1544, .F. ) ;
#1955 = CARTESIAN_POINT ( 'NONE',  ( -5.861334353356727256, -1.566222540548650510, -5.999999999999995559 ) ) ;
#1956 = CARTESIAN_POINT ( 'NONE',  ( 3.783361360347444080, 3.783361360347444968, -4.749999999999993783 ) ) ;
#1957 = CARTESIAN_POINT ( 'NONE',  ( 5.490224159975914731, -0.1858393967039544958, -5.674430781536182522 ) ) ;
#1958 = DIRECTION ( 'NONE',  ( -0.000000000000000000, 1.939024098649975398E-16, -1.000000000000000000 ) ) ;
#1959 = CARTESIAN_POINT ( 'NONE',  ( 4.242640687119285658, -4.242640687119284770, 2.624999999999999556 ) ) ;
#1960 = CARTESIAN_POINT ( 'NONE',  ( -6.000000000000000888, -1.102182119232618108E-15, -1.874999999999996891 ) ) ;
#1961 = CARTESIAN_POINT ( 'NONE',  ( 4.280913964350271605, -4.280913964350270717, 0.5937499999999996669 ) ) ;
#1962 = CARTESIAN_POINT ( 'NONE',  ( -5.350480947161677214, 2.216241773533212278, -5.312499999999993783 ) ) ;
#1963 = CARTESIAN_POINT ( 'NONE',  ( 4.285992415532074773, 3.284362204976533750, -5.619526309528460217 ) ) ;
#1964 = CARTESIAN_POINT ( 'NONE',  ( -4.750000000000003553, 8.227241335952172108, 4.000000000000000000 ) ) ;
#1965 = CARTESIAN_POINT ( 'NONE',  ( 1.616970966877625981, -5.399889988668061136, 3.757328058370531298 ) ) ;
#1966 = CARTESIAN_POINT ( 'NONE',  ( -2.216241773533209614, -5.350480947161678991, 0.9375000000000062172 ) ) ;
#1967 = CARTESIAN_POINT ( 'NONE',  ( -5.104291745037104810, 1.750727601992204452, 3.593750000000003997 ) ) ;
#1968 = EDGE_LOOP ( 'NONE', ( #3967, #1514 ) ) ;
#1969 = CARTESIAN_POINT ( 'NONE',  ( 3.783361360347444968, -3.783361360347444080, 6.125000000000005329 ) ) ;
#1970 = CARTESIAN_POINT ( 'NONE',  ( -5.350480947161677214, 2.216241773533211834, -2.437499999999994671 ) ) ;
#1971 = AXIS2_PLACEMENT_3D ( 'NONE', #1133, #2388, #3887 ) ;
#1972 = CARTESIAN_POINT ( 'NONE',  ( 3.783361360347444080, 3.783361360347444968, -2.749999999999993783 ) ) ;
#1973 = ORIENTED_EDGE ( 'NONE', *, *, #2435, .T. ) ;
#1974 = CARTESIAN_POINT ( 'NONE',  ( 2.507701340964017866, -6.054126587736527121, 0.4687500000000021094 ) ) ;
#1975 = ORIENTED_EDGE ( 'NONE', *, *, #119, .T. ) ;
#1976 = CARTESIAN_POINT ( 'NONE',  ( -5.255448748965709349, -3.031471932550604098, -6.000000000000002665 ) ) ;
#1977 = CARTESIAN_POINT ( 'NONE',  ( -2.216241773533214054, 5.350480947161677214, -5.562499999999994671 ) ) ;
#1978 = CARTESIAN_POINT ( 'NONE',  ( 0.1981801577885701215, -5.706415690662880458, -5.794210551284075805 ) ) ;
#1979 = CARTESIAN_POINT ( 'NONE',  ( 0.000000000000000000, 5.350480947161678102, -6.499999999999995559 ) ) ;
#1980 = CARTESIAN_POINT ( 'NONE',  ( 4.280913964350270717, 4.280913964350271605, -1.156250000000000222 ) ) ;
#1981 = CARTESIAN_POINT ( 'NONE',  ( 6.552449365840447993E-16, -5.350480947161678102, -4.999999999999993783 ) ) ;
#1982 = EDGE_CURVE ( 'NONE', #1438, #3030, #2965, .T. ) ;
#1983 = DIRECTION ( 'NONE',  ( 0.000000000000000000, 1.000000000000000000, 1.939024098649975151E-16 ) ) ;
#1984 = VERTEX_POINT ( 'NONE', #1656 ) ;
#1985 = CARTESIAN_POINT ( 'NONE',  ( -6.000000000000000888, -1.102182119232618108E-15, 2.249999999999999556 ) ) ;
#1986 = ORIENTED_EDGE ( 'NONE', *, *, #1022, .T. ) ;
#1987 = CARTESIAN_POINT ( 'NONE',  ( -9.500000000000001776, -4.788450176449222587E-15, 3.999999999999998224 ) ) ;
#1988 = CIRCLE ( 'NONE', #219, 9.500000000000001776 ) ;
#1989 = CARTESIAN_POINT ( 'NONE',  ( 3.607990114824051187, 4.726665924233928173, 3.932160349815652545 ) ) ;
#1990 = CARTESIAN_POINT ( 'NONE',  ( 0.000000000000000000, 0.000000000000000000, 0.000000000000000000 ) ) ;
#1991 = CARTESIAN_POINT ( 'NONE',  ( 2.216241773533212278, -5.350480947161678102, -0.06249999999999485828 ) ) ;
#1992 = EDGE_LOOP ( 'NONE', ( #180, #2910, #2609, #3835 ) ) ;
#1993 = CARTESIAN_POINT ( 'NONE',  ( 0.000000000000000000, 6.054126587736526233, 0.9062500000000025535 ) ) ;
#1994 = VERTEX_POINT ( 'NONE', #399 ) ;
#1995 = CARTESIAN_POINT ( 'NONE',  ( -2.485281374238575314, 5.999999999999999112, 1.937500000000003997 ) ) ;
#1996 = CARTESIAN_POINT ( 'NONE',  ( -4.242640687119286547, 4.242640687119284770, 3.000000000000003997 ) ) ;
#1997 = CARTESIAN_POINT ( 'NONE',  ( 1.664224470960864233, -5.424463271572578904, -5.773398206832224488 ) ) ;
#1998 = CARTESIAN_POINT ( 'NONE',  ( -6.000000000000023981, 2.485281374238550889, 1.062500000000004663 ) ) ;
#1999 = CARTESIAN_POINT ( 'NONE',  ( -4.280913964350270717, -4.280913964350272494, -3.656250000000000000 ) ) ;
#2000 = CARTESIAN_POINT ( 'NONE',  ( 6.552449365840447993E-16, -5.350480947161678102, 5.875000000000005329 ) ) ;
#2001 = DIRECTION ( 'NONE',  ( -0.000000000000000000, -0.000000000000000000, -1.000000000000000000 ) ) ;
#2002 = ORIENTED_EDGE ( 'NONE', *, *, #1268, .F. ) ;
#2003 = EDGE_CURVE ( 'NONE', #3398, #439, #3307, .T. ) ;
#2004 = CARTESIAN_POINT ( 'NONE',  ( 0.000000000000000000, -1.347111479062087616E-15, -6.000000000000005329 ) ) ;
#2005 = CARTESIAN_POINT ( 'NONE',  ( -6.054126587736524456, -2.507701340964020531, 6.218750000000002665 ) ) ;
#2006 = ORIENTED_EDGE ( 'NONE', *, *, #2928, .T. ) ;
#2007 = CARTESIAN_POINT ( 'NONE',  ( -5.350480947161677214, -2.216241773533213610, 5.812500000000006217 ) ) ;
#2008 = ADVANCED_FACE ( 'NONE', ( #2926 ), #3538, .F. ) ;
#2009 = CARTESIAN_POINT ( 'NONE',  ( 4.345095656570276077, 4.025746353930306221, 3.919027499427315764 ) ) ;
#2010 = CARTESIAN_POINT ( 'NONE',  ( 5.350480947161678102, 2.216241773533211390, -4.812499999999993783 ) ) ;
#2011 = VERTEX_POINT ( 'NONE', #1074 ) ;
#2012 = VECTOR ( 'NONE', #2788, 1000.000000000000000 ) ;
#2013 = CARTESIAN_POINT ( 'NONE',  ( 5.244186199416053462, -3.031599370136407678, -6.000000000000002665 ) ) ;
#2014 = CARTESIAN_POINT ( 'NONE',  ( 0.000000000000000000, 6.000000000000000888, -5.692061405548898279E-16 ) ) ;
#2015 = CARTESIAN_POINT ( 'NONE',  ( 2.512210254886154459, 5.512849501344420311, 3.999999999999999112 ) ) ;
#2016 = CARTESIAN_POINT ( 'NONE',  ( 6.054126587736527121, -2.507701340964016534, -3.343749999999999556 ) ) ;
#2017 = CARTESIAN_POINT ( 'NONE',  ( -5.350480947161677214, -2.216241773533213610, 3.687500000000005329 ) ) ;
#2018 =( BOUNDED_CURVE ( )  B_SPLINE_CURVE ( 2, ( #2101, #529, #3046, #590, #888, #2738, #292, #2119, #269 ),
 .UNSPECIFIED., .F., .T. ) 
 B_SPLINE_CURVE_WITH_KNOTS ( ( 3, 2, 2, 2, 3 ),
 ( 0.09615384615384617306, 0.1057692307692307820, 0.1153846153846155159, 0.1250000000000001388, 0.1346153846153847478 ),
 .UNSPECIFIED. ) 
 CURVE ( )  GEOMETRIC_REPRESENTATION_ITEM ( )  RATIONAL_B_SPLINE_CURVE ( ( 0.9999999999999997780, 0.9238795325112869605, 1.000000000000000000, 0.9238795325112867385, 1.000000000000000000, 0.9238795325112867385, 1.000000000000000000, 0.9238795325112854062, 1.000000000000001332 ) ) 
 REPRESENTATION_ITEM ( '' )  );
#2019 = APPROVAL ( #3748, 'UNSPECIFIED' ) ;
#2020 = CARTESIAN_POINT ( 'NONE',  ( 4.242640687119285658, -4.242640687119284770, -0.3750000000000009437 ) ) ;
#2021 = CARTESIAN_POINT ( 'NONE',  ( -4.279575881031947304, -3.428652858053775621, 3.663469076527359203 ) ) ;
#2022 = CARTESIAN_POINT ( 'NONE',  ( 2.216241773533211390, 5.350480947161678102, 1.437500000000005773 ) ) ;
#2023 = DIRECTION ( 'NONE',  ( 0.000000000000000000, 1.000000000000000000, 2.312964634635741478E-16 ) ) ;
#2024 =( BOUNDED_CURVE ( )  B_SPLINE_CURVE ( 2, ( #364, #2814, #690, #2255, #3501, #3480, #3200, #1285, #1622 ),
 .UNSPECIFIED., .F., .F. ) 
 B_SPLINE_CURVE_WITH_KNOTS ( ( 3, 2, 2, 2, 3 ),
 ( 0.2884615384615385469, 0.2980769230769232392, 0.3076923076923078204, 0.3173076923076923461, 0.3269230769230769273 ),
 .UNSPECIFIED. ) 
 CURVE ( )  GEOMETRIC_REPRESENTATION_ITEM ( )  RATIONAL_B_SPLINE_CURVE ( ( 0.9999999999999991118, 0.9238795325112876267, 1.000000000000000000, 0.9238795325112867385, 1.000000000000000000, 0.9238795325112867385, 1.000000000000000000, 0.9238795325112862944, 1.000000000000000444 ) ) 
 REPRESENTATION_ITEM ( '' )  );
#2025 = ORIENTED_EDGE ( 'NONE', *, *, #273, .T. ) ;
#2026 = CARTESIAN_POINT ( 'NONE',  ( 5.615960818095465434, 1.672477151866547329, 3.882200808676484538 ) ) ;
#2027 = CYLINDRICAL_SURFACE ( 'NONE', #1920, 6.000000000000000888 ) ;
#2028 = CARTESIAN_POINT ( 'NONE',  ( -5.350480947161677214, -2.216241773533213610, -6.312499999999994671 ) ) ;
#2029 = EDGE_CURVE ( 'NONE', #3670, #2714, #3952, .T. ) ;
#2030 = ORIENTED_EDGE ( 'NONE', *, *, #252, .F. ) ;
#2031 = CARTESIAN_POINT ( 'NONE',  ( 6.054126587736529785, 8.667316200862529557E-16, -6.000000000000000000 ) ) ;
#2032 = CARTESIAN_POINT ( 'NONE',  ( 0.000000000000000000, -3.469446951953614189E-15, 3.999999999999998224 ) ) ;
#2033 = VECTOR ( 'NONE', #2858, 1000.000000000000000 ) ;
#2034 = CARTESIAN_POINT ( 'NONE',  ( 1.885711196655128319, 5.757292925376233050, 4.000000000000000000 ) ) ;
#2035 = CARTESIAN_POINT ( 'NONE',  ( -3.783361360347444080, -3.783361360347445412, 5.750000000000006217 ) ) ;
#2036 = CARTESIAN_POINT ( 'NONE',  ( 7.414166747304424153E-16, -6.054126587736526233, -6.531250000000000888 ) ) ;
#2037 = CARTESIAN_POINT ( 'NONE',  ( 0.000000000000000000, 5.350480947161678102, 2.375000000000005773 ) ) ;
#2038 = DIRECTION ( 'NONE',  ( -0.000000000000000000, -0.000000000000000000, -1.000000000000000000 ) ) ;
#2039 = CARTESIAN_POINT ( 'NONE',  ( 4.242640687119284770, 4.242640687119285658, -3.124999999999999556 ) ) ;
#2040 = CARTESIAN_POINT ( 'NONE',  ( 5.350480947161678102, 2.216241773533211390, 1.312500000000005551 ) ) ;
#2041 = CARTESIAN_POINT ( 'NONE',  ( 5.350480947161678102, 2.216241773533211390, 1.312500000000005551 ) ) ;
#2042 = CARTESIAN_POINT ( 'NONE',  ( -2.955549338455876640, 4.460086823582379623, 3.593750000000003109 ) ) ;
#2043 = CARTESIAN_POINT ( 'NONE',  ( -2.507701340964020531, 6.054126587736524456, 1.968750000000002665 ) ) ;
#2044 = ORIENTED_EDGE ( 'NONE', *, *, #1268, .T. ) ;
#2045 = DIRECTION ( 'NONE',  ( -0.000000000000000000, -0.000000000000000000, 1.000000000000000000 ) ) ;
#2046 = CARTESIAN_POINT ( 'NONE',  ( 6.000000000000000888, 3.673940397442060361E-16, -3.250000000000000000 ) ) ;
#2047 = MECHANICAL_CONTEXT ( 'NONE', #4026, 'mechanical' ) ;
#2048 = CARTESIAN_POINT ( 'NONE',  ( 2.216241773533211390, 5.350480947161678102, -5.687499999999994671 ) ) ;
#2049 = EDGE_LOOP ( 'NONE', ( #3819, #3515, #2952, #662 ) ) ;
#2050 = AXIS2_PLACEMENT_3D ( 'NONE', #45, #2580, #1921 ) ;
#2051 = VERTEX_POINT ( 'NONE', #3578 ) ;
#2052 = CARTESIAN_POINT ( 'NONE',  ( 1.569408221087026600, -5.860519322951149412, -5.999999999999999112 ) ) ;
#2053 = DIRECTION ( 'NONE',  ( 0.000000000000000000, 1.000000000000000000, 1.939024098649975151E-16 ) ) ;
#2054 = CARTESIAN_POINT ( 'NONE',  ( 6.003933750299138339, 0.8965759658576013535, 3.999999999999999112 ) ) ;
#2055 = EDGE_CURVE ( 'NONE', #1984, #2504, #2708, .T. ) ;
#2056 = CARTESIAN_POINT ( 'NONE',  ( -5.350480947161678102, -9.828674048760671990E-16, 4.625000000000006217 ) ) ;
#2057 = CARTESIAN_POINT ( 'NONE',  ( 0.000000000000000000, 6.425240473580840828, 5.949999999999999289 ) ) ;
#2058 = CARTESIAN_POINT ( 'NONE',  ( -3.783361360347444080, -3.783361360347445412, 1.750000000000005995 ) ) ;
#2059 = EDGE_CURVE ( 'NONE', #3278, #3030, #2971, .T. ) ;
#2060 = CONICAL_SURFACE ( 'NONE', #294, 9.500000000000001776, 1.134464013796313786 ) ;
#2061 = CARTESIAN_POINT ( 'NONE',  ( 0.000000000000000000, 0.000000000000000000, 6.000000000000000000 ) ) ;
#2062 = CARTESIAN_POINT ( 'NONE',  ( -2.313503344653661031, -5.041234526390684145, 3.700062218369648548 ) ) ;
#2063 = CARTESIAN_POINT ( 'NONE',  ( -6.054126587736525344, 2.507701340964018311, -2.906249999999997335 ) ) ;
#2064 = CARTESIAN_POINT ( 'NONE',  ( 3.783361360347444080, 3.783361360347444968, -0.6249999999999944489 ) ) ;
#2065 = DIRECTION ( 'NONE',  ( 0.000000000000000000, 1.000000000000000000, 1.826024711554533420E-16 ) ) ;
#2066 = CARTESIAN_POINT ( 'NONE',  ( 2.507701340964017866, -6.054126587736527121, 2.468750000000002220 ) ) ;
#2067 = ORIENTED_EDGE ( 'NONE', *, *, #3142, .T. ) ;
#2068 = CARTESIAN_POINT ( 'NONE',  ( 0.000000000000000000, 5.350480947161678102, -4.624999999999993783 ) ) ;
#2069 = APPLICATION_PROTOCOL_DEFINITION ( 'international standard', 'config_control_design', 1994, #3102 ) ;
#2070 = CARTESIAN_POINT ( 'NONE',  ( -2.216241773533214054, 5.350480947161677214, -5.562499999999994671 ) ) ;
#2071 = ORIENTED_EDGE ( 'NONE', *, *, #1200, .F. ) ;
#2072 = ORIENTED_EDGE ( 'NONE', *, *, #2228, .F. ) ;
#2073 = CARTESIAN_POINT ( 'NONE',  ( 6.054126587736527121, 2.507701340964017422, -3.281249999999997335 ) ) ;
#2074 = CARTESIAN_POINT ( 'NONE',  ( 6.000000000000000888, 3.673940397442060361E-16, 2.749999999999999556 ) ) ;
#2075 = CARTESIAN_POINT ( 'NONE',  ( -5.918810118395606779, 1.809662719023483783E-11, -5.921875000000227374 ) ) ;
#2076 = DIRECTION ( 'NONE',  ( -0.000000000000000000, 1.939024098649975398E-16, -1.000000000000000000 ) ) ;
#2077 = CARTESIAN_POINT ( 'NONE',  ( 0.000000000000000000, 5.350480947161678102, 6.375000000000005329 ) ) ;
#2078 = VECTOR ( 'NONE', #2111, 1000.000000000000000 ) ;
#2079 = EDGE_CURVE ( 'NONE', #1580, #245, #497, .T. ) ;
#2080 = CARTESIAN_POINT ( 'NONE',  ( 6.054126587736527121, 2.507701340964017422, -5.218749999999999112 ) ) ;
#2081 = CARTESIAN_POINT ( 'NONE',  ( -5.350480947161677214, -2.216241773533213610, 0.6875000000000059952 ) ) ;
#2082 = AXIS2_PLACEMENT_3D ( 'NONE', #959, #2208, #3452 ) ;
#2083 = CARTESIAN_POINT ( 'NONE',  ( 2.216241773533212278, -5.350480947161678102, -1.937499999999994671 ) ) ;
#2084 = ADVANCED_FACE ( 'NONE', ( #2311, #3558 ), #746, .T. ) ;
#2085 = CARTESIAN_POINT ( 'NONE',  ( -9.500000000000003553, 1.835825302562028805, -5.936876285967528588 ) ) ;
#2086 = CARTESIAN_POINT ( 'NONE',  ( -4.242640687119286547, 4.242640687119284770, -2.875000000000001776 ) ) ;
#2087 = CARTESIAN_POINT ( 'NONE',  ( 5.350480947161678102, 3.276224682920223997E-16, 1.250000000000005551 ) ) ;
#2088 = FACE_OUTER_BOUND ( 'NONE', #2825, .T. ) ;
#2089 = CARTESIAN_POINT ( 'NONE',  ( -2.507701340964015202, -6.054126587736528009, 4.343750000000001776 ) ) ;
#2090 = ORIENTED_EDGE ( 'NONE', *, *, #4072, .T. ) ;
#2091 = CARTESIAN_POINT ( 'NONE',  ( 0.000000000000000000, 5.350480947161678102, 4.500000000000005329 ) ) ;
#2092 = CARTESIAN_POINT ( 'NONE',  ( -1.315330755202372285E-16, -10.96965511460288845, 6.000000000000000000 ) ) ;
#2093 = CARTESIAN_POINT ( 'NONE',  ( -9.500000000000001776, -3.665793032485274328, 3.699382603564277172 ) ) ;
#2094 = CARTESIAN_POINT ( 'NONE',  ( 2.507701340964016978, 6.054126587736527121, 5.906249999999999112 ) ) ;
#2095 = EDGE_LOOP ( 'NONE', ( #2916, #1903, #115, #1775 ) ) ;
#2096 = ORIENTED_EDGE ( 'NONE', *, *, #1744, .T. ) ;
#2097 = CARTESIAN_POINT ( 'NONE',  ( 3.033507929750908438, -5.254198772648621230, 3.999999999999994671 ) ) ;
#2098 = CARTESIAN_POINT ( 'NONE',  ( 5.350480947161678102, -2.216241773533210058, 0.06250000000000525968 ) ) ;
#2099 = CARTESIAN_POINT ( 'NONE',  ( 5.807924082168037572, 1.766093654455258566, 4.000000000000000888 ) ) ;
#2100 = CARTESIAN_POINT ( 'NONE',  ( 3.783361360347444968, -3.783361360347444080, 6.000000000000005329 ) ) ;
#2101 = CARTESIAN_POINT ( 'NONE',  ( -6.000000000000000888, -1.102182119232618108E-15, -4.874999999999996447 ) ) ;
#2102 = CARTESIAN_POINT ( 'NONE',  ( 2.216241773533211390, 5.350480947161678102, 0.3125000000000054956 ) ) ;
#2103 = CARTESIAN_POINT ( 'NONE',  ( 7.414166747304424153E-16, -6.054126587736526233, 1.468749999999999556 ) ) ;
#2104 = CARTESIAN_POINT ( 'NONE',  ( -6.054126587736524456, -2.507701340964020531, -2.781249999999997335 ) ) ;
#2105 = CARTESIAN_POINT ( 'NONE',  ( 5.350480947161678102, -2.216241773533210946, 0.1875000000000054123 ) ) ;
#2106 = CARTESIAN_POINT ( 'NONE',  ( 9.499999999999998224, 3.215108921568242462, -5.757716717032090870 ) ) ;
#2107 = EDGE_CURVE ( 'NONE', #752, #2592, #2757, .T. ) ;
#2108 = ADVANCED_FACE ( 'NONE', ( #2088 ), #809, .F. ) ;
#2109 = ORIENTED_EDGE ( 'NONE', *, *, #1172, .F. ) ;
#2110 = FACE_OUTER_BOUND ( 'NONE', #4028, .T. ) ;
#2111 = DIRECTION ( 'NONE',  ( -0.000000000000000000, -0.000000000000000000, -1.000000000000000000 ) ) ;
#2112 = ORIENTED_EDGE ( 'NONE', *, *, #113, .T. ) ;
#2113 = ORIENTED_EDGE ( 'NONE', *, *, #3341, .F. ) ;
#2114 = CARTESIAN_POINT ( 'NONE',  ( 6.054126587736511134, -0.3947301595630202109, 3.999999999999998224 ) ) ;
#2115 = CARTESIAN_POINT ( 'NONE',  ( -2.216241773533209614, -5.350480947161678991, 0.8125000000000059952 ) ) ;
#2116 = CARTESIAN_POINT ( 'NONE',  ( 0.000000000000000000, 5.350480947161678102, 1.500000000000005773 ) ) ;
#2117 = FACE_OUTER_BOUND ( 'NONE', #1968, .T. ) ;
#2118 = AXIS2_PLACEMENT_3D ( 'NONE', #2493, #4021, #2199 ) ;
#2119 = CARTESIAN_POINT ( 'NONE',  ( 6.000000000000033751, -2.485281374238537122, -4.437499999999994671 ) ) ;
#2120 = CARTESIAN_POINT ( 'NONE',  ( 6.552449365840447993E-16, -5.350480947161678102, -3.124999999999994227 ) ) ;
#2121 = CIRCLE ( 'NONE', #2315, 9.500000000000001776 ) ;
#2122 = CARTESIAN_POINT ( 'NONE',  ( 9.499999999999994671, 4.585556318340802129, 3.514783352194005062 ) ) ;
#2123 = CARTESIAN_POINT ( 'NONE',  ( 0.000000000000000000, 6.054126587736526233, 2.968750000000000000 ) ) ;
#2124 = CARTESIAN_POINT ( 'NONE',  ( 9.499999999999998224, -5.484827557301464651, -5.314688565214026994 ) ) ;
#2125 = CARTESIAN_POINT ( 'NONE',  ( 5.350480947161678102, -2.216241773533210946, -4.812499999999993783 ) ) ;
#2126 = CARTESIAN_POINT ( 'NONE',  ( 0.000000000000000000, 0.000000000000000000, 6.000000000000000000 ) ) ;
#2127 = AXIS2_PLACEMENT_3D ( 'NONE', #4018, #928, #1515 ) ;
#2128 = CARTESIAN_POINT ( 'NONE',  ( 2.507701340964016978, 6.054126587736527121, 3.843750000000002665 ) ) ;
#2129 = CARTESIAN_POINT ( 'NONE',  ( 0.000000000000000000, 0.000000000000000000, 6.000000000000000000 ) ) ;
#2130 = VERTEX_POINT ( 'NONE', #3685 ) ;
#2131 = CARTESIAN_POINT ( 'NONE',  ( -2.216241773533214054, 5.350480947161677214, 3.562500000000005773 ) ) ;
#2132 = DIRECTION ( 'NONE',  ( 0.000000000000000000, 1.000000000000000000, 1.826024711554533420E-16 ) ) ;
#2133 = CARTESIAN_POINT ( 'NONE',  ( 4.242640687119284770, 4.242640687119285658, 3.874999999999999112 ) ) ;
#2134 = APPROVAL_ROLE ( '' ) ;
#2135 = DIRECTION ( 'NONE',  ( -0.000000000000000000, 1.939024098649975398E-16, -1.000000000000000000 ) ) ;
#2136 = ORIENTED_EDGE ( 'NONE', *, *, #1544, .T. ) ;
#2137 =( BOUNDED_CURVE ( )  B_SPLINE_CURVE ( 2, ( #311, #2877, #19, #3134, #4083, #1915, #2574, #1892, #1571 ),
 .UNSPECIFIED., .F., .T. ) 
 B_SPLINE_CURVE_WITH_KNOTS ( ( 3, 2, 2, 2, 3 ),
 ( 0.7115384615384615641, 0.7211538461538462563, 0.7307692307692308376, 0.7403846153846156408, 0.7500000000000002220 ),
 .UNSPECIFIED. ) 
 CURVE ( )  GEOMETRIC_REPRESENTATION_ITEM ( )  RATIONAL_B_SPLINE_CURVE ( ( 1.000000000000000000, 0.9238795325112867385, 1.000000000000000000, 0.9238795325112867385, 1.000000000000000000, 0.9238795325112867385, 1.000000000000000000, 0.9238795325112849621, 1.000000000000001776 ) ) 
 REPRESENTATION_ITEM ( '' )  );
#2138 = CARTESIAN_POINT ( 'NONE',  ( -5.350480947161677214, -2.216241773533214054, 1.687500000000005773 ) ) ;
#2139 = CARTESIAN_POINT ( 'NONE',  ( 5.350480947161678102, 2.216241773533210946, 2.312500000000005329 ) ) ;
#2140 = CARTESIAN_POINT ( 'NONE',  ( -2.216241773533209614, -5.350480947161678991, 0.8125000000000059952 ) ) ;
#2141 = CARTESIAN_POINT ( 'NONE',  ( 0.000000000000000000, 5.350480947161678102, -1.624999999999994449 ) ) ;
#2142 = CARTESIAN_POINT ( 'NONE',  ( -2.216241773533214054, 5.350480947161677214, -4.437499999999995559 ) ) ;
#2143 = CARTESIAN_POINT ( 'NONE',  ( 4.280913964350271605, -4.280913964350270717, 3.593750000000000000 ) ) ;
#2144 = CARTESIAN_POINT ( 'NONE',  ( 9.499999999999998224, -4.582997182694046323, -5.524953770232142070 ) ) ;
#2145 = CARTESIAN_POINT ( 'NONE',  ( 5.350480947161678102, -2.216241773533210946, -1.812499999999994671 ) ) ;
#2146 = CARTESIAN_POINT ( 'NONE',  ( 6.000000000000000888, 3.673940397442060361E-16, -4.250000000000000000 ) ) ;
#2147 = ORIENTED_EDGE ( 'NONE', *, *, #18, .F. ) ;
#2148 = CARTESIAN_POINT ( 'NONE',  ( -5.350480947161678102, -9.828674048760671990E-16, 3.750000000000005773 ) ) ;
#2149 = CARTESIAN_POINT ( 'NONE',  ( 7.347880794884120722E-16, -6.000000000000000888, 0.4999999999999997780 ) ) ;
#2150 = CARTESIAN_POINT ( 'NONE',  ( 6.000000000000000888, 3.673940397442060854E-16, -2.374999999999995559 ) ) ;
#2151 = EDGE_LOOP ( 'NONE', ( #3426, #504, #2787 ) ) ;
#2152 = CARTESIAN_POINT ( 'NONE',  ( -1.374028809922476446, -5.899444862196917327, 3.999999999999995559 ) ) ;
#2153 = CARTESIAN_POINT ( 'NONE',  ( -2.216241773533209614, -5.350480947161678991, 2.812500000000005329 ) ) ;
#2154 = CARTESIAN_POINT ( 'NONE',  ( 6.552449365840447993E-16, -5.350480947161678102, -0.9999999999999940048 ) ) ;
#2155 = ADVANCED_FACE ( 'NONE', ( #1570 ), #1066, .T. ) ;
#2156 = CARTESIAN_POINT ( 'NONE',  ( 2.216241773533212278, -5.350480947161678102, 3.937500000000005329 ) ) ;
#2157 = CARTESIAN_POINT ( 'NONE',  ( 4.242640687119285658, -4.242640687119284770, -1.499999999999996669 ) ) ;
#2158 = CARTESIAN_POINT ( 'NONE',  ( 3.783361360347444968, -3.783361360347444080, -1.999999999999994893 ) ) ;
#2159 = CARTESIAN_POINT ( 'NONE',  ( -2.216241773533209614, -5.350480947161678991, -5.062499999999993783 ) ) ;
#2160 = CARTESIAN_POINT ( 'NONE',  ( -6.054126587736524456, -2.507701340964020531, 3.218750000000002220 ) ) ;
#2161 = CARTESIAN_POINT ( 'NONE',  ( 6.054126587736526233, 3.707083373652212077E-16, 1.718749999999999778 ) ) ;
#2162 = CARTESIAN_POINT ( 'NONE',  ( -6.000000000000000888, -1.102182119232618108E-15, -5.750000000000000000 ) ) ;
#2163 = CARTESIAN_POINT ( 'NONE',  ( 3.783361360347444080, 3.783361360347444968, -1.624999999999994449 ) ) ;
#2164 = CARTESIAN_POINT ( 'NONE',  ( 6.000000000000023981, 2.485281374238549112, -2.187500000000001776 ) ) ;
#2165 = ORIENTED_EDGE ( 'NONE', *, *, #1200, .T. ) ;
#2166 = CARTESIAN_POINT ( 'NONE',  ( -3.783361360347445412, 3.783361360347443636, 4.625000000000006217 ) ) ;
#2167 = CARTESIAN_POINT ( 'NONE',  ( 8.713879530287277575, -5.938694422105559312, 3.526330160054964580 ) ) ;
#2168 = ORIENTED_EDGE ( 'NONE', *, *, #473, .F. ) ;
#2169 = CARTESIAN_POINT ( 'NONE',  ( 0.000000000000000000, 6.054126587736526233, -4.093749999999996447 ) ) ;
#2170 = CARTESIAN_POINT ( 'NONE',  ( -3.783361360347444080, -3.783361360347445412, 5.875000000000006217 ) ) ;
#2171 = CARTESIAN_POINT ( 'NONE',  ( -5.350480947161678102, -9.828674048760671990E-16, 0.6250000000000057732 ) ) ;
#2172 = CARTESIAN_POINT ( 'NONE',  ( -3.783361360347445412, 3.783361360347443636, 1.625000000000005773 ) ) ;
#2173 = CARTESIAN_POINT ( 'NONE',  ( -5.350480947161678102, -9.828674048760671990E-16, 0.6250000000000057732 ) ) ;
#2174 = VERTEX_POINT ( 'NONE', #2513 ) ;
#2175 = DIRECTION ( 'NONE',  ( 0.000000000000000000, -1.000000000000000000, -1.581383788144377214E-16 ) ) ;
#2176 = EDGE_CURVE ( 'NONE', #459, #3788, #1414, .T. ) ;
#2177 = CARTESIAN_POINT ( 'NONE',  ( -3.783361360347445412, 3.783361360347443636, -3.499999999999994227 ) ) ;
#2178 = CARTESIAN_POINT ( 'NONE',  ( 2.216241773533211390, 5.350480947161678102, -3.562499999999994671 ) ) ;
#2179 = CIRCLE ( 'NONE', #2705, 9.500000000000001776 ) ;
#2180 = LOCAL_TIME ( 17, 51, 9.000000000000000000, #501 ) ;
#2181 = CARTESIAN_POINT ( 'NONE',  ( 4.280913964350271605, -4.280913964350270717, 2.593750000000000000 ) ) ;
#2182 = AXIS2_PLACEMENT_3D ( 'NONE', #2519, #4027, #3076 ) ;
#2183 = CARTESIAN_POINT ( 'NONE',  ( 9.499999999999996447, -0.9178249441460569757, -6.000000000000009770 ) ) ;
#2184 = ADVANCED_FACE ( 'NONE', ( #1177 ), #3340, .F. ) ;
#2185 = CARTESIAN_POINT ( 'NONE',  ( -2.216241773533214054, 5.350480947161677214, -4.437499999999995559 ) ) ;
#2186 = CARTESIAN_POINT ( 'NONE',  ( -4.242640687119286547, 4.242640687119284770, -1.875000000000000666 ) ) ;
#2187 = ORIENTED_EDGE ( 'NONE', *, *, #3142, .F. ) ;
#2188 = CARTESIAN_POINT ( 'NONE',  ( -4.749999999999999112, -8.227241335952165002, -6.000000000000007105 ) ) ;
#2189 = CARTESIAN_POINT ( 'NONE',  ( 0.000000000000000000, 0.000000000000000000, 6.000000000000000000 ) ) ;
#2190 = EDGE_LOOP ( 'NONE', ( #2437, #2601, #3923, #444 ) ) ;
#2191 = CARTESIAN_POINT ( 'NONE',  ( -5.350480947161678102, -9.828674048760671990E-16, 5.750000000000006217 ) ) ;
#2192 = CARTESIAN_POINT ( 'NONE',  ( -5.350480947161677214, 2.216241773533211834, -3.437499999999994227 ) ) ;
#2193 = CARTESIAN_POINT ( 'NONE',  ( -5.350480947161677214, 2.216241773533211834, 1.687500000000005773 ) ) ;
#2194 = CARTESIAN_POINT ( 'NONE',  ( -3.783361360347445412, 3.783361360347443636, 0.5000000000000056621 ) ) ;
#2195 = CC_DESIGN_DATE_AND_TIME_ASSIGNMENT ( #583, #2503, ( #4030 ) ) ;
#2196 = VERTEX_POINT ( 'NONE', #831 ) ;
#2197 = CARTESIAN_POINT ( 'NONE',  ( 5.999999999999984901, -2.485281374238586416, 3.687499999999999112 ) ) ;
#2198 = CARTESIAN_POINT ( 'NONE',  ( -4.138344473151716940, 4.446779100760474002, -6.000000000000000888 ) ) ;
#2199 = DIRECTION ( 'NONE',  ( 0.000000000000000000, 1.000000000000000000, 1.349928833877582760E-16 ) ) ;
#2200 = EDGE_CURVE ( 'NONE', #198, #3039, #102, .T. ) ;
#2201 = CARTESIAN_POINT ( 'NONE',  ( 6.054126587736527121, -2.507701340964016534, 0.6562499999999997780 ) ) ;
#2202 = CARTESIAN_POINT ( 'NONE',  ( -3.783361360347445412, 3.783361360347443636, -4.374999999999995559 ) ) ;
#2203 = EDGE_CURVE ( 'NONE', #2130, #1401, #3029, .T. ) ;
#2204 = CARTESIAN_POINT ( 'NONE',  ( -1.063868658281872603, 5.243646616989522613, -5.593750000000005329 ) ) ;
#2205 = EDGE_LOOP ( 'NONE', ( #3318, #2647, #3366, #1423 ) ) ;
#2206 = CARTESIAN_POINT ( 'NONE',  ( -2.216241773533209614, -5.350480947161678991, 2.937500000000005773 ) ) ;
#2207 = DIRECTION ( 'NONE',  ( 0.000000000000000000, -1.939024098649975398E-16, 1.000000000000000000 ) ) ;
#2208 = DIRECTION ( 'NONE',  ( -0.000000000000000000, 1.939024098649975398E-16, -1.000000000000000000 ) ) ;
#2209 = VERTEX_POINT ( 'NONE', #559 ) ;
#2210 = CARTESIAN_POINT ( 'NONE',  ( -6.054126587736525344, 2.507701340964018311, -5.906249999999998224 ) ) ;
#2211 = CARTESIAN_POINT ( 'NONE',  ( 6.552449365840447993E-16, -5.350480947161678102, 6.000000000000005329 ) ) ;
#2212 = CARTESIAN_POINT ( 'NONE',  ( 3.783361360347444968, -3.783361360347444080, -1.999999999999994893 ) ) ;
#2213 = CARTESIAN_POINT ( 'NONE',  ( 5.350480947161678102, 3.276224682920223997E-16, -2.749999999999993783 ) ) ;
#2214 = CARTESIAN_POINT ( 'NONE',  ( 5.350480947161678102, 3.276224682920223997E-16, 2.125000000000005329 ) ) ;
#2215 = CARTESIAN_POINT ( 'NONE',  ( -6.054126587736524456, -2.507701340964020531, -0.7812499999999974465 ) ) ;
#2216 = CARTESIAN_POINT ( 'NONE',  ( 0.000000000000000000, 10.96965511460289378, 3.314688565214007454 ) ) ;
#2217 = CARTESIAN_POINT ( 'NONE',  ( -3.783361360347444080, -3.783361360347445412, -4.249999999999994671 ) ) ;
#2218 = CARTESIAN_POINT ( 'NONE',  ( 5.485797416503542578, -2.322106970219120342E-11, -5.671875000000317080 ) ) ;
#2219 = CARTESIAN_POINT ( 'NONE',  ( 0.000000000000000000, 5.350480947161678102, -3.499999999999994227 ) ) ;
#2220 = CARTESIAN_POINT ( 'NONE',  ( -4.242640687119284770, -4.242640687119286547, -1.625000000000000444 ) ) ;
#2221 = CARTESIAN_POINT ( 'NONE',  ( -4.280913964350270717, -4.280913964350272494, -2.656250000000000444 ) ) ;
#2222 = CARTESIAN_POINT ( 'NONE',  ( 0.000000000000000000, 5.350480947161678102, 6.375000000000005329 ) ) ;
#2223 = CARTESIAN_POINT ( 'NONE',  ( 5.480527101384126354, 0.2212534311326220804, -5.668832182146870124 ) ) ;
#2224 = DIRECTION ( 'NONE',  ( -1.000000000000000000, 0.000000000000000000, 0.000000000000000000 ) ) ;
#2225 = CARTESIAN_POINT ( 'NONE',  ( -0.7861204697127153196, -10.51578824979877780, 3.526330160054965024 ) ) ;
#2226 = CARTESIAN_POINT ( 'NONE',  ( 3.783361360347444968, -3.783361360347444080, 2.125000000000005329 ) ) ;
#2227 =( GEOMETRIC_REPRESENTATION_CONTEXT ( 3 ) GLOBAL_UNCERTAINTY_ASSIGNED_CONTEXT ( ( #1494 ) ) GLOBAL_UNIT_ASSIGNED_CONTEXT ( ( #2645, #156, #1683 ) ) REPRESENTATION_CONTEXT ( 'NONE', 'WORKASPACE' ) );
#2228 = EDGE_CURVE ( 'NONE', #792, #752, #602, .T. ) ;
#2229 = DIRECTION ( 'NONE',  ( -0.000000000000000000, 1.939024098649975398E-16, -1.000000000000000000 ) ) ;
#2230 = ORIENTED_EDGE ( 'NONE', *, *, #3965, .T. ) ;
#2231 = CARTESIAN_POINT ( 'NONE',  ( -2.507701340964020531, 6.054126587736524456, -6.031249999999998224 ) ) ;
#2232 = CARTESIAN_POINT ( 'NONE',  ( 3.783361360347444968, -3.783361360347444080, 5.125000000000006217 ) ) ;
#2233 = EDGE_CURVE ( 'NONE', #2777, #542, #1593, .T. ) ;
#2234 = CARTESIAN_POINT ( 'NONE',  ( 3.783361360347444080, 3.783361360347444968, -3.749999999999994671 ) ) ;
#2235 = CARTESIAN_POINT ( 'NONE',  ( 2.216241773533210946, 5.350480947161678102, -4.562499999999993783 ) ) ;
#2236 = CARTESIAN_POINT ( 'NONE',  ( 5.350480947161678102, 2.216241773533211390, -0.8124999999999948930 ) ) ;
#2237 = ORIENTED_EDGE ( 'NONE', *, *, #664, .T. ) ;
#2238 = CARTESIAN_POINT ( 'NONE',  ( 6.054126587736527121, 2.507701340964017422, -0.2812499999999976130 ) ) ;
#2239 = CARTESIAN_POINT ( 'NONE',  ( -5.441274229792123052, -2.683636982940434734, -5.999999999999999112 ) ) ;
#2240 = CARTESIAN_POINT ( 'NONE',  ( -3.783361360347444080, -3.783361360347445412, -5.249999999999994671 ) ) ;
#2241 = CARTESIAN_POINT ( 'NONE',  ( -0.5471107331855948885, -5.700897506459168262, -5.804181930895498276 ) ) ;
#2242 = CARTESIAN_POINT ( 'NONE',  ( 1.711035422180216203, 5.117645014600745057, -5.593750000000003553 ) ) ;
#2243 = FACE_OUTER_BOUND ( 'NONE', #707, .T. ) ;
#2244 = CARTESIAN_POINT ( 'NONE',  ( 2.507701340964017866, -6.054126587736527121, 0.5312499999999996669 ) ) ;
#2245 = CARTESIAN_POINT ( 'NONE',  ( -2.216241773533214054, 5.350480947161677214, -6.437499999999994671 ) ) ;
#2246 = CARTESIAN_POINT ( 'NONE',  ( -2.485281374238575314, 5.999999999999999112, -3.062499999999996003 ) ) ;
#2247 = CARTESIAN_POINT ( 'NONE',  ( 5.276919668633074600, -2.300826622961038126, 3.826618409637723150 ) ) ;
#2248 = CARTESIAN_POINT ( 'NONE',  ( 5.350480947161678102, -2.216241773533210946, 3.187500000000005773 ) ) ;
#2249 = CARTESIAN_POINT ( 'NONE',  ( -6.000000000000012434, 2.485281374238561991, 0.06250000000000427436 ) ) ;
#2250 = COORDINATED_UNIVERSAL_TIME_OFFSET ( 8, 0, .BEHIND. ) ;
#2251 = ORIENTED_EDGE ( 'NONE', *, *, #2200, .F. ) ;
#2252 = CARTESIAN_POINT ( 'NONE',  ( -5.350480947161678102, -9.828674048760671990E-16, 3.750000000000005773 ) ) ;
#2253 = CARTESIAN_POINT ( 'NONE',  ( -5.350480947161677214, 2.216241773533211834, -1.437499999999994449 ) ) ;
#2254 = CARTESIAN_POINT ( 'NONE',  ( -5.350480947161678102, -9.828674048760671990E-16, -2.249999999999995115 ) ) ;
#2255 = CARTESIAN_POINT ( 'NONE',  ( 2.485281374238571317, 6.000000000000001776, -2.187499999999995559 ) ) ;
#2256 = CARTESIAN_POINT ( 'NONE',  ( -5.350480947161678102, -9.828674048760671990E-16, -3.374999999999994227 ) ) ;
#2257 = CIRCLE ( 'NONE', #3305, 5.350480947161681655 ) ;
#2258 = AXIS2_PLACEMENT_3D ( 'NONE', #3682, #3413, #617 ) ;
#2259 = VERTEX_POINT ( 'NONE', #1628 ) ;
#2260 = CARTESIAN_POINT ( 'NONE',  ( -4.280913964350272494, 4.280913964350270717, 0.03125000000000262984 ) ) ;
#2261 = CARTESIAN_POINT ( 'NONE',  ( 2.485281374238571317, 6.000000000000001776, -4.062500000000000888 ) ) ;
#2262 = CARTESIAN_POINT ( 'NONE',  ( -3.783361360347445412, 3.783361360347443636, -5.499999999999994671 ) ) ;
#2263 = CARTESIAN_POINT ( 'NONE',  ( -1.466907072822951852, -5.549948816472666913, -5.817187396309722480 ) ) ;
#2264 = CARTESIAN_POINT ( 'NONE',  ( 4.280913964350271605, -4.280913964350270717, -1.406250000000000444 ) ) ;
#2265 = CARTESIAN_POINT ( 'NONE',  ( -5.350480947161678102, -9.828674048760671990E-16, 4.625000000000006217 ) ) ;
#2266 =( BOUNDED_CURVE ( )  B_SPLINE_CURVE ( 2, ( #3188, #372, #1959, #2597, #3848, #1048, #3852, #3955, #4081 ),
 .UNSPECIFIED., .F., .T. ) 
 B_SPLINE_CURVE_WITH_KNOTS ( ( 3, 2, 2, 2, 3 ),
 ( 0.2500000000000000555, 0.2596153846153846922, 0.2692307692307692735, 0.2788461538461539102, 0.2884615384615384914 ),
 .UNSPECIFIED. ) 
 CURVE ( )  GEOMETRIC_REPRESENTATION_ITEM ( )  RATIONAL_B_SPLINE_CURVE ( ( 0.9999999999999995559, 0.9238795325112871826, 1.000000000000000000, 0.9238795325112867385, 1.000000000000000000, 0.9238795325112867385, 1.000000000000000000, 0.9238795325112862944, 1.000000000000000444 ) ) 
 REPRESENTATION_ITEM ( '' )  );
#2267 = CARTESIAN_POINT ( 'NONE',  ( -4.242640687119286547, 4.242640687119284770, -2.999999999999996447 ) ) ;
#2268 = CARTESIAN_POINT ( 'NONE',  ( 1.967644307767611123, -5.292002342290386352, 3.762627364261201368 ) ) ;
#2269 = B_SPLINE_CURVE_WITH_KNOTS ( 'NONE', 3,
 ( #3591, #3903, #3948, #1756, #2630, #1665 ),
 .UNSPECIFIED., .F., .F.,
 ( 4, 2, 4 ),
 ( 0.02347960952892566913, 0.02622619972163639512, 0.02897278991434712458 ),
 .UNSPECIFIED. ) ;
#2270 = CARTESIAN_POINT ( 'NONE',  ( 6.000000000000000888, 3.673940397442060854E-16, 2.625000000000003553 ) ) ;
#2271 = AXIS2_PLACEMENT_3D ( 'NONE', #161, #756, #3258 ) ;
#2272 = ORIENTED_EDGE ( 'NONE', *, *, #3691, .F. ) ;
#2273 = AXIS2_PLACEMENT_3D ( 'NONE', #2004, #1338, #3856 ) ;
#2274 = CARTESIAN_POINT ( 'NONE',  ( -5.350480947161678102, -9.828674048760671990E-16, -2.374999999999995115 ) ) ;
#2275 = CARTESIAN_POINT ( 'NONE',  ( -5.350480947161677214, -2.216241773533214054, -2.187499999999995115 ) ) ;
#2276 = DIRECTION ( 'NONE',  ( 0.000000000000000000, 0.000000000000000000, 1.000000000000000000 ) ) ;
#2277 = CARTESIAN_POINT ( 'NONE',  ( -3.783361360347445412, 3.783361360347443636, -0.4999999999999943934 ) ) ;
#2278 = VERTEX_POINT ( 'NONE', #656 ) ;
#2279 = CARTESIAN_POINT ( 'NONE',  ( -6.054126587736525344, 2.507701340964018311, 1.093750000000003109 ) ) ;
#2280 = CARTESIAN_POINT ( 'NONE',  ( 6.000000000000000888, 3.673940397442060361E-16, -4.250000000000000000 ) ) ;
#2281 = CARTESIAN_POINT ( 'NONE',  ( -5.350480947161677214, -2.216241773533213610, -6.312499999999994671 ) ) ;
#2282 = DIRECTION ( 'NONE',  ( 0.000000000000000000, 1.000000000000000000, 1.826024711554533420E-16 ) ) ;
#2283 = EDGE_CURVE ( 'NONE', #2051, #3968, #3680, .T. ) ;
#2284 = EDGE_CURVE ( 'NONE', #752, #2584, #2121, .T. ) ;
#2285 = CARTESIAN_POINT ( 'NONE',  ( -3.783361360347445412, 3.783361360347443636, -6.374999999999995559 ) ) ;
#2286 = DIRECTION ( 'NONE',  ( -1.224646799147352961E-16, 1.000000000000000000, 0.000000000000000000 ) ) ;
#2287 = CARTESIAN_POINT ( 'NONE',  ( -2.507701340964015202, -6.054126587736528009, -1.593749999999999778 ) ) ;
#2288 = CARTESIAN_POINT ( 'NONE',  ( -3.783361360347444080, -3.783361360347445412, -5.124999999999993783 ) ) ;
#2289 = CYLINDRICAL_SURFACE ( 'NONE', #3230, 6.000000000000000888 ) ;
#2290 = CARTESIAN_POINT ( 'NONE',  ( 4.615993869656727533, -3.401919850858249106, 3.808490048129049121 ) ) ;
#2291 = CARTESIAN_POINT ( 'NONE',  ( 2.216241773533212278, -5.350480947161678102, 1.062500000000005329 ) ) ;
#2292 = CARTESIAN_POINT ( 'NONE',  ( -4.242640687119286547, 4.242640687119284770, 2.124999999999999556 ) ) ;
#2293 = CARTESIAN_POINT ( 'NONE',  ( -4.280913964350272494, 4.280913964350270717, 5.031250000000002665 ) ) ;
#2294 = ORIENTED_EDGE ( 'NONE', *, *, #3716, .T. ) ;
#2295 = CARTESIAN_POINT ( 'NONE',  ( -2.216241773533214054, 5.350480947161677214, 5.562500000000006217 ) ) ;
#2296 = CARTESIAN_POINT ( 'NONE',  ( 0.000000000000000000, -3.664245276948808681E-15, 5.949999999999998401 ) ) ;
#2297 = DIRECTION ( 'NONE',  ( -0.8660254037844388186, -0.4999999999999997224, 0.000000000000000000 ) ) ;
#2298 = CARTESIAN_POINT ( 'NONE',  ( 0.000000000000000000, 0.000000000000000000, 6.000000000000000000 ) ) ;
#2299 = CARTESIAN_POINT ( 'NONE',  ( 5.350480947161678102, 3.276224682920223997E-16, 0.1250000000000053291 ) ) ;
#2300 = ORIENTED_EDGE ( 'NONE', *, *, #2309, .F. ) ;
#2301 = CARTESIAN_POINT ( 'NONE',  ( -6.054126587736524456, -2.507701340964020531, 0.2187500000000027756 ) ) ;
#2302 = CARTESIAN_POINT ( 'NONE',  ( 5.745185163092661362, -1.949970975374508253, -5.999999999999998224 ) ) ;
#2303 = CARTESIAN_POINT ( 'NONE',  ( 3.162542013991324286, 9.143760631501503866, -5.937125092958761563 ) ) ;
#2304 = CARTESIAN_POINT ( 'NONE',  ( 4.242640687119285658, -4.242640687119284770, 1.500000000000003553 ) ) ;
#2305 = CARTESIAN_POINT ( 'NONE',  ( -2.507701340964020531, 6.054126587736524456, 2.968750000000002220 ) ) ;
#2306 = EDGE_CURVE ( 'NONE', #1143, #1397, #154, .T. ) ;
#2307 = CARTESIAN_POINT ( 'NONE',  ( -6.054126587736525344, 2.507701340964018311, -5.843750000000000000 ) ) ;
#2308 = CARTESIAN_POINT ( 'NONE',  ( 0.000000000000000000, 5.350480947161678102, 4.375000000000005329 ) ) ;
#2309 = EDGE_CURVE ( 'NONE', #2011, #2767, #2312, .T. ) ;
#2310 = CARTESIAN_POINT ( 'NONE',  ( -6.000000000000000888, -1.102182119232618108E-15, -2.874999999999996447 ) ) ;
#2311 = FACE_OUTER_BOUND ( 'NONE', #241, .T. ) ;
#2312 = B_SPLINE_CURVE_WITH_KNOTS ( 'NONE', 3,
 ( #3465, #80, #3846, #1329, #2595, #1650 ),
 .UNSPECIFIED., .F., .F.,
 ( 4, 2, 4 ),
 ( 2.339747056416529919E-07, 0.002759217899624835570, 0.005518201824544028897 ),
 .UNSPECIFIED. ) ;
#2313 = VECTOR ( 'NONE', #3410, 1000.000000000000114 ) ;
#2314 = EDGE_LOOP ( 'NONE', ( #1663, #3749, #624, #3857 ) ) ;
#2315 = AXIS2_PLACEMENT_3D ( 'NONE', #2613, #3549, #2282 ) ;
#2316 = CARTESIAN_POINT ( 'NONE',  ( 1.193016480710931582, 5.880196567866769364, 3.968749999999998224 ) ) ;
#2317 = CARTESIAN_POINT ( 'NONE',  ( 0.000000000000000000, -3.664245276948808681E-15, 5.949999999999998401 ) ) ;
#2318 = APPLICATION_PROTOCOL_DEFINITION ( 'international standard', 'config_control_design', 1994, #4026 ) ;
#2319 = MANIFOLD_SOLID_BREP ( 'Revolve1', #880 ) ;
#2320 = CARTESIAN_POINT ( 'NONE',  ( 5.350480947161678102, 3.276224682920223997E-16, -1.874999999999994671 ) ) ;
#2321 = ORIENTED_EDGE ( 'NONE', *, *, #1658, .T. ) ;
#2322 = CARTESIAN_POINT ( 'NONE',  ( 5.432024729800356333, -2.680520652782703905, -6.000000000000002665 ) ) ;
#2323 = CARTESIAN_POINT ( 'NONE',  ( 6.000000000000000888, 3.673940397442060361E-16, 1.749999999999999112 ) ) ;
#2324 = FACE_OUTER_BOUND ( 'NONE', #159, .T. ) ;
#2325 = CIRCLE ( 'NONE', #613, 9.500000000000001776 ) ;
#2326 = CARTESIAN_POINT ( 'NONE',  ( 4.280913964350271605, -4.280913964350270717, -6.406250000000000888 ) ) ;
#2327 = CARTESIAN_POINT ( 'NONE',  ( -5.350480947161677214, 2.216241773533212278, 3.562500000000005773 ) ) ;
#2328 = FACE_OUTER_BOUND ( 'NONE', #1794, .T. ) ;
#2329 = CARTESIAN_POINT ( 'NONE',  ( 6.000000000000000888, 3.673940397442060361E-16, -2.250000000000001332 ) ) ;
#2330 = CARTESIAN_POINT ( 'NONE',  ( 5.350480947161678102, 3.276224682920223997E-16, 2.250000000000005329 ) ) ;
#2331 = DIRECTION ( 'NONE',  ( -0.000000000000000000, -0.000000000000000000, -1.000000000000000000 ) ) ;
#2332 = CARTESIAN_POINT ( 'NONE',  ( 2.507701340964016978, 6.054126587736527121, 1.843750000000002442 ) ) ;
#2333 = EDGE_LOOP ( 'NONE', ( #922, #6 ) ) ;
#2334 = CARTESIAN_POINT ( 'NONE',  ( 2.485281374238572205, -6.000000000000001776, 0.4375000000000033862 ) ) ;
#2335 = CARTESIAN_POINT ( 'NONE',  ( 5.268958693700075635, 2.619614266306329764, 3.896245575877792966 ) ) ;
#2336 = CARTESIAN_POINT ( 'NONE',  ( -2.216241773533209614, -5.350480947161678991, -5.187499999999993783 ) ) ;
#2337 = ORIENTED_EDGE ( 'NONE', *, *, #3554, .T. ) ;
#2338 = CIRCLE ( 'NONE', #564, 1.999999999999998224 ) ;
#2339 = CARTESIAN_POINT ( 'NONE',  ( 2.485281374238572205, -6.000000000000001776, -5.437500000000000000 ) ) ;
#2340 = DIRECTION ( 'NONE',  ( 0.000000000000000000, -1.000000000000000000, -1.581383788144377214E-16 ) ) ;
#2341 = CARTESIAN_POINT ( 'NONE',  ( 2.304783656716573592, 5.602704779078577779, 4.000000000000000888 ) ) ;
#2342 = FACE_OUTER_BOUND ( 'NONE', #4056, .T. ) ;
#2343 = CARTESIAN_POINT ( 'NONE',  ( 0.000000000000000000, -1.347111479062087616E-15, -6.000000000000005329 ) ) ;
#2344 = CARTESIAN_POINT ( 'NONE',  ( 0.000000000000000000, 6.054126587736526233, -5.031249999999999112 ) ) ;
#2345 = CARTESIAN_POINT ( 'NONE',  ( -2.216241773533209614, -5.350480947161678991, 1.812500000000005995 ) ) ;
#2346 = FACE_OUTER_BOUND ( 'NONE', #1019, .T. ) ;
#2347 = CARTESIAN_POINT ( 'NONE',  ( -5.350480947161677214, 2.216241773533212278, 0.6875000000000059952 ) ) ;
#2348 = CARTESIAN_POINT ( 'NONE',  ( -0.1991559941433134473, -5.597955338206179299, 3.731646410054589413 ) ) ;
#2349 = CARTESIAN_POINT ( 'NONE',  ( -3.783361360347445412, 3.783361360347443636, 1.625000000000005773 ) ) ;
#2350 = CARTESIAN_POINT ( 'NONE',  ( -5.350480947161677214, -2.216241773533213610, 0.8125000000000059952 ) ) ;
#2351 = CARTESIAN_POINT ( 'NONE',  ( -3.539770730220678896, 4.072942981715342192, 3.593750000000003553 ) ) ;
#2352 = CARTESIAN_POINT ( 'NONE',  ( 2.507701340964017866, -6.054126587736527121, 4.468750000000002665 ) ) ;
#2353 = EDGE_LOOP ( 'NONE', ( #3299, #1727 ) ) ;
#2354 = CARTESIAN_POINT ( 'NONE',  ( 6.000000000000000888, 3.673940397442060854E-16, -4.374999999999995559 ) ) ;
#2355 = ADVANCED_FACE ( 'NONE', ( #2718 ), #1579, .T. ) ;
#2356 = DIRECTION ( 'NONE',  ( 0.000000000000000000, 0.000000000000000000, 1.000000000000000000 ) ) ;
#2357 = CARTESIAN_POINT ( 'NONE',  ( -4.280913964350270717, -4.280913964350272494, 5.343750000000000000 ) ) ;
#2358 = EDGE_LOOP ( 'NONE', ( #1444, #1853, #337 ) ) ;
#2359 = ORIENTED_EDGE ( 'NONE', *, *, #619, .T. ) ;
#2360 = CARTESIAN_POINT ( 'NONE',  ( 2.507701340964017866, -6.054126587736527121, -3.531249999999997780 ) ) ;
#2361 = EDGE_CURVE ( 'NONE', #3140, #3770, #442, .T. ) ;
#2362 = DIRECTION ( 'NONE',  ( -0.000000000000000000, -0.000000000000000000, -1.000000000000000000 ) ) ;
#2363 = CARTESIAN_POINT ( 'NONE',  ( -9.500000000000001776, -4.582997182334784370, -5.524953770315904400 ) ) ;
#2364 = DIRECTION ( 'NONE',  ( 0.000000000000000000, 1.000000000000000000, 1.835686217964874791E-16 ) ) ;
#2365 = B_SPLINE_CURVE_WITH_KNOTS ( 'NONE', 3,
 ( #1153, #2698, #513, #827, #2983, #1694, #3005, #3979 ),
 .UNSPECIFIED., .F., .F.,
 ( 4, 2, 2, 4 ),
 ( 0.01507330647786774350, 0.01784209583878808292, 0.01922649051924825436, 0.02061088519970842234 ),
 .UNSPECIFIED. ) ;
#2366 = CARTESIAN_POINT ( 'NONE',  ( -3.783361360347444080, -3.783361360347445412, 4.750000000000006217 ) ) ;
#2367 = CARTESIAN_POINT ( 'NONE',  ( 6.054126587736526233, 3.707083373652212077E-16, -3.281249999999999556 ) ) ;
#2368 = CARTESIAN_POINT ( 'NONE',  ( 6.552449365840447993E-16, -5.350480947161678102, 1.875000000000005107 ) ) ;
#2369 = CARTESIAN_POINT ( 'NONE',  ( -3.783361360347444080, -3.783361360347445412, -2.124999999999995115 ) ) ;
#2370 = CARTESIAN_POINT ( 'NONE',  ( -9.500000000000001776, -5.484827557301440670, 6.000000000000000000 ) ) ;
#2371 = CARTESIAN_POINT ( 'NONE',  ( -2.485281374238575314, 5.999999999999999112, -2.937500000000002220 ) ) ;
#2372 = CARTESIAN_POINT ( 'NONE',  ( -3.783361360347444080, -3.783361360347445412, -0.1249999999999940326 ) ) ;
#2373 = CARTESIAN_POINT ( 'NONE',  ( -6.054126587735406240, 0.2500218037651861236, -6.000000000000003553 ) ) ;
#2374 = VERTEX_POINT ( 'NONE', #1065 ) ;
#2375 = CARTESIAN_POINT ( 'NONE',  ( 6.000000000000000888, 3.673940397442060854E-16, 0.6250000000000035527 ) ) ;
#2376 = DIRECTION ( 'NONE',  ( -1.000000000000000000, 0.000000000000000000, 0.000000000000000000 ) ) ;
#2377 = CIRCLE ( 'NONE', #533, 7.500000000000004441 ) ;
#2378 = ADVANCED_FACE ( 'NONE', ( #2324 ), #1260, .T. ) ;
#2379 = CARTESIAN_POINT ( 'NONE',  ( -5.350480947161677214, 2.216241773533212278, -6.437499999999994671 ) ) ;
#2380 = ORIENTED_EDGE ( 'NONE', *, *, #3228, .T. ) ;
#2381 = ORIENTED_EDGE ( 'NONE', *, *, #1819, .F. ) ;
#2382 = CARTESIAN_POINT ( 'NONE',  ( -9.500000000000000000, -3.665793032485258340, -5.699382603564294492 ) ) ;
#2383 = CARTESIAN_POINT ( 'NONE',  ( -5.999999999999998224, 1.807570820072076812, -5.920456895716330159 ) ) ;
#2384 = EDGE_CURVE ( 'NONE', #3416, #459, #761, .T. ) ;
#2385 = CARTESIAN_POINT ( 'NONE',  ( 2.485281374238572205, -6.000000000000001776, 3.437500000000003553 ) ) ;
#2386 = CARTESIAN_POINT ( 'NONE',  ( -6.054126587736526233, -1.112125012095663524E-15, -3.781250000000000000 ) ) ;
#2387 = CARTESIAN_POINT ( 'NONE',  ( 2.216241773533211390, 5.350480947161678102, 2.312500000000006217 ) ) ;
#2388 = DIRECTION ( 'NONE',  ( 0.000000000000000000, -1.939024098649975398E-16, 1.000000000000000000 ) ) ;
#2389 = CARTESIAN_POINT ( 'NONE',  ( 5.350480947161678102, 2.216241773533211390, -0.6874999999999945599 ) ) ;
#2390 = LINE ( 'NONE', #169, #3488 ) ;
#2391 = CARTESIAN_POINT ( 'NONE',  ( -1.561251128379126385E-14, -10.96965511460289910, -5.314688565214028770 ) ) ;
#2392 = CARTESIAN_POINT ( 'NONE',  ( 6.552449365840447993E-16, -5.350480947161678102, 2.000000000000005329 ) ) ;
#2393 = CARTESIAN_POINT ( 'NONE',  ( -3.762302728811230512, 4.769597198355426393, -6.000000000000001776 ) ) ;
#2394 = ORIENTED_EDGE ( 'NONE', *, *, #3659, .T. ) ;
#2395 = CARTESIAN_POINT ( 'NONE',  ( 4.242640687119285658, -4.242640687119284770, 0.5000000000000033307 ) ) ;
#2396 = CARTESIAN_POINT ( 'NONE',  ( -9.500000000000001776, -5.484827557301460210, 3.314688565214004790 ) ) ;
#2397 = CARTESIAN_POINT ( 'NONE',  ( -2.216241773533214054, 5.350480947161677214, -6.562499999999994671 ) ) ;
#2398 = VERTEX_POINT ( 'NONE', #1365 ) ;
#2399 = ORIENTED_EDGE ( 'NONE', *, *, #2306, .T. ) ;
#2400 = CARTESIAN_POINT ( 'NONE',  ( 0.3983009091709085459, -6.054188253757171623, 3.999999999999998224 ) ) ;
#2401 = CARTESIAN_POINT ( 'NONE',  ( 5.350480947161678102, 3.276224682920223997E-16, 0.1250000000000053291 ) ) ;
#2402 = CARTESIAN_POINT ( 'NONE',  ( 4.631625823650616702, 3.905112018926335082, 3.999999999999994671 ) ) ;
#2403 = DIRECTION ( 'NONE',  ( -0.000000000000000000, 1.939024098649975398E-16, -1.000000000000000000 ) ) ;
#2404 = AXIS2_PLACEMENT_3D ( 'NONE', #2189, #383, #2888 ) ;
#2405 = DIRECTION ( 'NONE',  ( 0.000000000000000000, -1.939024098649975398E-16, 1.000000000000000000 ) ) ;
#2406 = EDGE_CURVE ( 'NONE', #3055, #245, #2906, .T. ) ;
#2407 = CARTESIAN_POINT ( 'NONE',  ( 5.350480947161678102, 3.276224682920223997E-16, 2.125000000000005329 ) ) ;
#2408 = CARTESIAN_POINT ( 'NONE',  ( 2.216241773533212278, -5.350480947161678102, -2.937499999999994227 ) ) ;
#2409 = DIRECTION ( 'NONE',  ( -0.000000000000000000, -0.000000000000000000, -1.000000000000000000 ) ) ;
#2410 = DIRECTION ( 'NONE',  ( 0.000000000000000000, 1.000000000000000000, 2.312964634635741478E-16 ) ) ;
#2411 = CARTESIAN_POINT ( 'NONE',  ( -2.507701340964020531, 6.054126587736524456, -3.031249999999997780 ) ) ;
#2412 = CARTESIAN_POINT ( 'NONE',  ( 6.552449365840447993E-16, -5.350480947161678102, 1.000000000000005995 ) ) ;
#2413 = CARTESIAN_POINT ( 'NONE',  ( -6.054126587736526233, -1.112125012095663524E-15, 4.156250000000002665 ) ) ;
#2414 = ORIENTED_EDGE ( 'NONE', *, *, #853, .T. ) ;
#2415 = CARTESIAN_POINT ( 'NONE',  ( 3.783361360347444080, 3.783361360347444968, 4.375000000000005329 ) ) ;
#2416 = CARTESIAN_POINT ( 'NONE',  ( -2.485281374238569541, -6.000000000000003553, -2.562500000000001332 ) ) ;
#2417 = CARTESIAN_POINT ( 'NONE',  ( -2.507701340964015202, -6.054126587736528009, 5.406250000000000000 ) ) ;
#2418 = EDGE_LOOP ( 'NONE', ( #838, #523, #2543, #604, #3582, #1186 ) ) ;
#2419 = ORIENTED_EDGE ( 'NONE', *, *, #878, .T. ) ;
#2420 = CARTESIAN_POINT ( 'NONE',  ( -5.850899469856205570, -1.568048806769423376, 3.999999999999997335 ) ) ;
#2421 =( BOUNDED_CURVE ( )  B_SPLINE_CURVE ( 2, ( #2146, #3397, #3379, #561, #1237, #579, #1484, #1830, #1524 ),
 .UNSPECIFIED., .F., .T. ) 
 B_SPLINE_CURVE_WITH_KNOTS ( ( 3, 2, 2, 2, 3 ),
 ( 0.7884615384615385469, 0.7980769230769232392, 0.8076923076923079314, 0.8173076923076925127, 0.8269230769230770939 ),
 .UNSPECIFIED. ) 
 CURVE ( )  GEOMETRIC_REPRESENTATION_ITEM ( )  RATIONAL_B_SPLINE_CURVE ( ( 0.9999999999999991118, 0.9238795325112876267, 1.000000000000000000, 0.9238795325112867385, 1.000000000000000000, 0.9238795325112867385, 1.000000000000000000, 0.9238795325112849621, 1.000000000000001776 ) ) 
 REPRESENTATION_ITEM ( '' )  );
#2422 = CARTESIAN_POINT ( 'NONE',  ( -3.783361360347444080, -3.783361360347445412, 1.750000000000005995 ) ) ;
#2423 = CARTESIAN_POINT ( 'NONE',  ( 3.783361360347444080, 3.783361360347444968, -0.6249999999999944489 ) ) ;
#2424 = CARTESIAN_POINT ( 'NONE',  ( -4.242640687119284770, -4.242640687119286547, 3.250000000000003553 ) ) ;
#2425 = VECTOR ( 'NONE', #1354, 1000.000000000000000 ) ;
#2426 = FACE_OUTER_BOUND ( 'NONE', #1877, .T. ) ;
#2427 = CARTESIAN_POINT ( 'NONE',  ( 3.783361360347444968, -3.783361360347444080, -2.999999999999993783 ) ) ;
#2428 = DIRECTION ( 'NONE',  ( -0.000000000000000000, 1.939024098649975398E-16, -1.000000000000000000 ) ) ;
#2429 = CARTESIAN_POINT ( 'NONE',  ( 5.350480947161678102, 3.276224682920223997E-16, -1.749999999999994671 ) ) ;
#2430 = EDGE_CURVE ( 'NONE', #2714, #2209, #3392, .T. ) ;
#2431 = CARTESIAN_POINT ( 'NONE',  ( -4.280913964350272494, 4.280913964350270717, 4.093750000000000000 ) ) ;
#2432 = PLANE ( 'NONE',  #2258 ) ;
#2433 = CARTESIAN_POINT ( 'NONE',  ( 2.216241773533211390, 5.350480947161678102, -4.562499999999993783 ) ) ;
#2434 = CARTESIAN_POINT ( 'NONE',  ( 2.485281374238572205, -6.000000000000001776, 1.437500000000003553 ) ) ;
#2435 = EDGE_CURVE ( 'NONE', #3968, #3037, #346, .T. ) ;
#2436 = CARTESIAN_POINT ( 'NONE',  ( -5.350480947161677214, 2.216241773533211834, -5.312499999999994671 ) ) ;
#2437 = ORIENTED_EDGE ( 'NONE', *, *, #3383, .F. ) ;
#2438 = CARTESIAN_POINT ( 'NONE',  ( 2.216241773533212278, -5.350480947161678102, 4.062500000000005329 ) ) ;
#2439 = CARTESIAN_POINT ( 'NONE',  ( -6.000000000000000888, -1.102182119232618108E-15, 2.125000000000003997 ) ) ;
#2440 = DATE_TIME_ROLE ( 'creation_date' ) ;
#2441 =( BOUNDED_CURVE ( )  B_SPLINE_CURVE ( 2, ( #2451, #1495, #3111, #572, #1781, #2798, #1192, #3699, #1476 ),
 .UNSPECIFIED., .F., .T. ) 
 B_SPLINE_CURVE_WITH_KNOTS ( ( 3, 2, 2, 2, 3 ),
 ( 0.05769230769230768163, 0.06730769230769227673, 0.07692307692307687184, 0.08653846153846157796, 0.09615384615384617306 ),
 .UNSPECIFIED. ) 
 CURVE ( )  GEOMETRIC_REPRESENTATION_ITEM ( )  RATIONAL_B_SPLINE_CURVE ( ( 1.000000000000000222, 0.9238795325112865164, 1.000000000000000000, 0.9238795325112867385, 1.000000000000000000, 0.9238795325112867385, 1.000000000000000000, 0.9238795325112865164, 1.000000000000000222 ) ) 
 REPRESENTATION_ITEM ( '' )  );
#2442 = DIRECTION ( 'NONE',  ( 0.000000000000000000, -1.939024098649975398E-16, 1.000000000000000000 ) ) ;
#2443 = VERTEX_POINT ( 'NONE', #1897 ) ;
#2444 = CARTESIAN_POINT ( 'NONE',  ( 6.054126587736527121, -2.507701340964016534, -4.406249999999996447 ) ) ;
#2445 = CARTESIAN_POINT ( 'NONE',  ( 0.000000000000000000, -1.347111479062088602E-15, -6.000000000000000000 ) ) ;
#2446 = CARTESIAN_POINT ( 'NONE',  ( 3.783361360347444968, -3.783361360347444080, 5.204170427930421283E-15 ) ) ;
#2447 = CARTESIAN_POINT ( 'NONE',  ( -3.783361360347445412, 3.783361360347443636, -0.3749999999999942824 ) ) ;
#2448 = CARTESIAN_POINT ( 'NONE',  ( 5.350480947161678102, 2.216241773533211390, 1.187500000000005329 ) ) ;
#2449 = CIRCLE ( 'NONE', #4032, 9.450000000000002842 ) ;
#2450 =( BOUNDED_CURVE ( )  B_SPLINE_CURVE ( 2, ( #630, #608, #1886, #3793, #13, #3774, #3460, #671, #1929 ),
 .UNSPECIFIED., .F., .T. ) 
 B_SPLINE_CURVE_WITH_KNOTS ( ( 3, 2, 2, 2, 3 ),
 ( 0.2500000000000000000, 0.2596153846153845812, 0.2692307692307693290, 0.2788461538461539657, 0.2884615384615385469 ),
 .UNSPECIFIED. ) 
 CURVE ( )  GEOMETRIC_REPRESENTATION_ITEM ( )  RATIONAL_B_SPLINE_CURVE ( ( 1.000000000000000000, 0.9238795325112867385, 1.000000000000000000, 0.9238795325112867385, 1.000000000000000000, 0.9238795325112867385, 1.000000000000000000, 0.9238795325112858503, 1.000000000000000888 ) ) 
 REPRESENTATION_ITEM ( '' )  );
#2451 = CARTESIAN_POINT ( 'NONE',  ( 6.000000000000000888, 3.673940397442060854E-16, -5.374999999999997335 ) ) ;
#2452 = CARTESIAN_POINT ( 'NONE',  ( 5.350480947161678102, 3.276224682920223997E-16, -2.874999999999993783 ) ) ;
#2453 = CARTESIAN_POINT ( 'NONE',  ( 9.499999999999994671, 3.675523573108806730, 3.683988489259014454 ) ) ;
#2454 = CARTESIAN_POINT ( 'NONE',  ( -2.507701340964020531, 6.054126587736524456, 4.031250000000000000 ) ) ;
#2455 = CARTESIAN_POINT ( 'NONE',  ( -9.500000000000003553, 5.484827557301449552, 3.314688565214007898 ) ) ;
#2456 = VECTOR ( 'NONE', #2725, 1000.000000000000000 ) ;
#2457 = CARTESIAN_POINT ( 'NONE',  ( -6.054126587736524456, -2.507701340964020531, -1.781249999999998224 ) ) ;
#2458 = CARTESIAN_POINT ( 'NONE',  ( 0.000000000000000000, 5.350480947161678102, -2.499999999999995115 ) ) ;
#2459 = CARTESIAN_POINT ( 'NONE',  ( 4.280913964350270717, 4.280913964350271605, 3.781250000000002665 ) ) ;
#2460 = ORIENTED_EDGE ( 'NONE', *, *, #1792, .F. ) ;
#2461 = CARTESIAN_POINT ( 'NONE',  ( -5.350480947161677214, 2.216241773533212278, 3.687500000000005773 ) ) ;
#2462 = CARTESIAN_POINT ( 'NONE',  ( 6.000000000000000888, 3.673940397442060361E-16, 0.7499999999999992228 ) ) ;
#2463 = EDGE_CURVE ( 'NONE', #1705, #1580, #3109, .T. ) ;
#2464 = CARTESIAN_POINT ( 'NONE',  ( -9.500000000000001776, -4.788450176449222587E-15, 3.999999999999998224 ) ) ;
#2465 = CARTESIAN_POINT ( 'NONE',  ( 6.000000000000000888, 3.673940397442060854E-16, -3.374999999999996447 ) ) ;
#2466 = ORIENTED_EDGE ( 'NONE', *, *, #591, .F. ) ;
#2467 = CARTESIAN_POINT ( 'NONE',  ( -4.242640687119286547, 4.242640687119284770, 3.124999999999999112 ) ) ;
#2468 = DIRECTION ( 'NONE',  ( 0.000000000000000000, 1.000000000000000000, 1.835686217964874791E-16 ) ) ;
#2469 = CARTESIAN_POINT ( 'NONE',  ( 5.350480947161678102, 3.276224682920223997E-16, -0.7499999999999945599 ) ) ;
#2470 = CARTESIAN_POINT ( 'NONE',  ( -2.216241773533209614, -5.350480947161678991, 1.812500000000005995 ) ) ;
#2471 = CARTESIAN_POINT ( 'NONE',  ( 9.499999999999996447, -5.484827557301450440, 6.000000000000000000 ) ) ;
#2472 = CARTESIAN_POINT ( 'NONE',  ( 0.000000000000000000, 5.350480947161678102, -0.6249999999999944489 ) ) ;
#2473 = CARTESIAN_POINT ( 'NONE',  ( -6.054126587736526233, -1.112125012095663524E-15, 2.218750000000000444 ) ) ;
#2474 = CARTESIAN_POINT ( 'NONE',  ( -6.000000000000000888, -1.102182119232618108E-15, 3.125000000000003553 ) ) ;
#2475 = CARTESIAN_POINT ( 'NONE',  ( -3.783361360347445412, 3.783361360347443636, -2.374999999999995115 ) ) ;
#2476 = CARTESIAN_POINT ( 'NONE',  ( 2.485281374238571317, 6.000000000000001776, -2.062500000000000444 ) ) ;
#2477 = ORIENTED_EDGE ( 'NONE', *, *, #3041, .F. ) ;
#2478 = DIRECTION ( 'NONE',  ( -0.000000000000000000, -0.000000000000000000, -1.000000000000000000 ) ) ;
#2479 = COORDINATED_UNIVERSAL_TIME_OFFSET ( 8, 0, .BEHIND. ) ;
#2480 = EDGE_CURVE ( 'NONE', #1202, #3788, #3139, .T. ) ;
#2481 = ORIENTED_EDGE ( 'NONE', *, *, #1069, .T. ) ;
#2482 = CARTESIAN_POINT ( 'NONE',  ( 6.015898197420535887, -0.7879459499009439094, 3.999999999999998224 ) ) ;
#2483 = CARTESIAN_POINT ( 'NONE',  ( 3.783361360347444968, -3.783361360347444080, 1.000000000000005329 ) ) ;
#2484 = CARTESIAN_POINT ( 'NONE',  ( 2.216241773533211834, -5.350480947161678102, 0.06250000000000525968 ) ) ;
#2485 = DIRECTION ( 'NONE',  ( 0.000000000000000000, 1.000000000000000000, 1.826024711554533420E-16 ) ) ;
#2486 = CARTESIAN_POINT ( 'NONE',  ( -5.350480947161677214, 2.216241773533212278, 1.562500000000005773 ) ) ;
#2487 = ADVANCED_FACE ( 'NONE', ( #4006 ), #3688, .F. ) ;
#2488 = ORIENTED_EDGE ( 'NONE', *, *, #822, .F. ) ;
#2489 = DIRECTION ( 'NONE',  ( -1.000000000000000000, -1.581383788144375735E-16, 0.000000000000000000 ) ) ;
#2490 = CARTESIAN_POINT ( 'NONE',  ( -3.783361360347444080, -3.783361360347445412, -1.249999999999994227 ) ) ;
#2491 = CARTESIAN_POINT ( 'NONE',  ( 9.499999999999996447, 1.835825306872905571, 3.936876285742171078 ) ) ;
#2492 = CARTESIAN_POINT ( 'NONE',  ( 5.350480947161678102, 3.276224682920223997E-16, -5.749999999999994671 ) ) ;
#2493 = CARTESIAN_POINT ( 'NONE',  ( 0.000000000000000000, -1.347111479062088602E-15, -6.000000000000000000 ) ) ;
#2494 = CARTESIAN_POINT ( 'NONE',  ( -4.280913964350270717, -4.280913964350272494, 2.343750000000000000 ) ) ;
#2495 = CARTESIAN_POINT ( 'NONE',  ( 6.000000000000000888, 7.347880794884120722E-16, 6.000000000000000000 ) ) ;
#2496 = CARTESIAN_POINT ( 'NONE',  ( 2.216241773533212278, -5.350480947161678102, -3.937499999999994671 ) ) ;
#2497 = LINE ( 'NONE', #3745, #2517 ) ;
#2498 = ORIENTED_EDGE ( 'NONE', *, *, #3890, .F. ) ;
#2499 = CARTESIAN_POINT ( 'NONE',  ( 3.783361360347444080, 3.783361360347444968, 2.375000000000005773 ) ) ;
#2500 = CARTESIAN_POINT ( 'NONE',  ( 5.999999999999989342, -2.485281374238580643, 0.6874999999999986677 ) ) ;
#2501 = CYLINDRICAL_SURFACE ( 'NONE', #2404, 6.000000000000000888 ) ;
#2502 = CC_DESIGN_PERSON_AND_ORGANIZATION_ASSIGNMENT ( #359, #3144, ( #2905 ) ) ;
#2503 = DATE_TIME_ROLE ( 'classification_date' ) ;
#2504 = VERTEX_POINT ( 'NONE', #1502 ) ;
#2505 = CARTESIAN_POINT ( 'NONE',  ( -4.242640687119286547, 4.242640687119284770, 1.124999999999999556 ) ) ;
#2506 = CARTESIAN_POINT ( 'NONE',  ( 0.000000000000000000, 5.350480947161678102, 4.500000000000005329 ) ) ;
#2507 = CARTESIAN_POINT ( 'NONE',  ( 3.783361360347444080, 3.783361360347444968, -1.749999999999994671 ) ) ;
#2508 = CARTESIAN_POINT ( 'NONE',  ( 5.350480947161678102, 3.276224682920223997E-16, 0.2500000000000054401 ) ) ;
#2509 = ADVANCED_FACE ( 'NONE', ( #1201 ), #3729, .F. ) ;
#2510 = CARTESIAN_POINT ( 'NONE',  ( 3.783361360347444080, 3.783361360347444968, 1.250000000000005551 ) ) ;
#2511 = CARTESIAN_POINT ( 'NONE',  ( 0.000000000000000000, -3.286135577712063359E-15, 3.999999999999996447 ) ) ;
#2512 = CARTESIAN_POINT ( 'NONE',  ( 5.350480947161678102, 2.216241773533211390, -2.812499999999994227 ) ) ;
#2513 = CARTESIAN_POINT ( 'NONE',  ( 9.499999999999996447, -1.783820978974907286E-15, 3.999999999999998224 ) ) ;
#2514 = EDGE_CURVE ( 'NONE', #3232, #1525, #2421, .T. ) ;
#2515 = CARTESIAN_POINT ( 'NONE',  ( 0.000000000000000000, 5.350480947161678102, -5.499999999999994671 ) ) ;
#2516 = CARTESIAN_POINT ( 'NONE',  ( -4.280913964350270717, -4.280913964350272494, 1.343750000000000222 ) ) ;
#2517 = VECTOR ( 'NONE', #957, 1000.000000000000000 ) ;
#2518 = CARTESIAN_POINT ( 'NONE',  ( -2.216241773533209614, -5.350480947161678991, -4.062499999999995559 ) ) ;
#2519 = CARTESIAN_POINT ( 'NONE',  ( 0.000000000000000000, -1.128949729586049168E-15, 3.968749999999997335 ) ) ;
#2520 = VERTEX_POINT ( 'NONE', #2786 ) ;
#2521 = CARTESIAN_POINT ( 'NONE',  ( -9.500000000000003553, 5.484827557301453105, -5.314688565214025218 ) ) ;
#2522 = ORIENTED_EDGE ( 'NONE', *, *, #3116, .F. ) ;
#2523 = CARTESIAN_POINT ( 'NONE',  ( -2.216241773533214054, 5.350480947161677214, 3.562500000000005773 ) ) ;
#2524 = CARTESIAN_POINT ( 'NONE',  ( 2.216241773533210946, 5.350480947161678102, -0.6874999999999946709 ) ) ;
#2525 = CARTESIAN_POINT ( 'NONE',  ( -5.350480947161677214, -2.216241773533214054, -4.187499999999994671 ) ) ;
#2526 = CARTESIAN_POINT ( 'NONE',  ( 5.350480947161678102, -2.216241773533210946, 4.062500000000005329 ) ) ;
#2527 = CARTESIAN_POINT ( 'NONE',  ( -2.507701340964020531, 6.054126587736524456, -0.03124999999999742914 ) ) ;
#2528 = CARTESIAN_POINT ( 'NONE',  ( 4.750000000000002665, 8.227241335952172108, -6.000000000000003553 ) ) ;
#2529 = CARTESIAN_POINT ( 'NONE',  ( -5.350480947161677214, 2.216241773533212278, -6.437499999999994671 ) ) ;
#2530 = CARTESIAN_POINT ( 'NONE',  ( -3.314336824270312398, 5.001516911426551637, 3.968749999999997335 ) ) ;
#2531 = CARTESIAN_POINT ( 'NONE',  ( -4.242640687119286547, 4.242640687119284770, 1.000000000000003997 ) ) ;
#2532 = B_SPLINE_CURVE_WITH_KNOTS ( 'NONE', 3,
 ( #2396, #500, #2093, #1791, #3362, #2464 ),
 .UNSPECIFIED., .F., .F.,
 ( 4, 2, 4 ),
 ( 0.009532767143711573174, 0.01230303681078965747, 0.01507330647786774350 ),
 .UNSPECIFIED. ) ;
#2533 = EDGE_CURVE ( 'NONE', #2259, #204, #55, .T. ) ;
#2534 = ADVANCED_FACE ( 'NONE', ( #1852 ), #1, .F. ) ;
#2535 = CARTESIAN_POINT ( 'NONE',  ( 6.054126587736526233, 3.707083373652212077E-16, -2.281250000000000444 ) ) ;
#2536 = CARTESIAN_POINT ( 'NONE',  ( -5.350480947161677214, 2.216241773533212278, -6.312499999999994671 ) ) ;
#2537 = CARTESIAN_POINT ( 'NONE',  ( 0.000000000000000000, -1.347111479062088602E-15, -6.000000000000000000 ) ) ;
#2538 = EDGE_CURVE ( 'NONE', #2865, #1487, #2497, .T. ) ;
#2539 = DIRECTION ( 'NONE',  ( 0.000000000000000000, -1.000000000000000000, -1.939024098649975398E-16 ) ) ;
#2540 = CARTESIAN_POINT ( 'NONE',  ( -5.781465670192403650, 1.444168231835573080, -5.941080504158205322 ) ) ;
#2541 = CARTESIAN_POINT ( 'NONE',  ( -5.001516911426351797, 3.314336824270613047, -5.968749999999999112 ) ) ;
#2542 = CARTESIAN_POINT ( 'NONE',  ( 0.000000000000000000, 9.499999999999998224, 4.000000000000000000 ) ) ;
#2543 = ORIENTED_EDGE ( 'NONE', *, *, #747, .T. ) ;
#2544 = CARTESIAN_POINT ( 'NONE',  ( 5.350480947161678102, 2.216241773533211390, 6.312500000000005329 ) ) ;
#2545 = CARTESIAN_POINT ( 'NONE',  ( -5.350480947161677214, -2.216241773533214054, -3.312499999999994227 ) ) ;
#2546 = CARTESIAN_POINT ( 'NONE',  ( 2.216241773533211834, -5.350480947161678102, -1.937499999999994671 ) ) ;
#2547 = CARTESIAN_POINT ( 'NONE',  ( 2.216241773533211390, 5.350480947161678102, -3.687499999999994671 ) ) ;
#2548 = CARTESIAN_POINT ( 'NONE',  ( -4.280913964350272494, 4.280913964350270717, 1.031250000000002665 ) ) ;
#2549 = CARTESIAN_POINT ( 'NONE',  ( -7.930049953254924233, -6.391238639403972854, 3.698481791181278400 ) ) ;
#2550 = CARTESIAN_POINT ( 'NONE',  ( -4.242640687119284770, -4.242640687119286547, -0.7499999999999960032 ) ) ;
#2551 = CARTESIAN_POINT ( 'NONE',  ( -4.332984609944124266, -3.886567159419317186, -5.863500402645753340 ) ) ;
#2552 = CARTESIAN_POINT ( 'NONE',  ( 2.371327946691466071, 4.847230665449224318, -5.593750000000006217 ) ) ;
#2553 = CARTESIAN_POINT ( 'NONE',  ( -5.350480947161678102, -9.828674048760671990E-16, -4.249999999999994671 ) ) ;
#2554 = CARTESIAN_POINT ( 'NONE',  ( 6.054126587736527121, -2.507701340964016534, -2.343750000000000444 ) ) ;
#2555 = CARTESIAN_POINT ( 'NONE',  ( -2.216241773533209614, -5.350480947161678991, 5.812500000000005329 ) ) ;
#2556 =( BOUNDED_CURVE ( )  B_SPLINE_CURVE ( 2, ( #2439, #563, #3646, #2748, #3345, #260, #3058, #3731, #1771 ),
 .UNSPECIFIED., .F., .F. ) 
 B_SPLINE_CURVE_WITH_KNOTS ( ( 3, 2, 2, 2, 3 ),
 ( 0.6346153846153846922, 0.6442307692307692735, 0.6538461538461539657, 0.6634615384615384359, 0.6730769230769231282 ),
 .UNSPECIFIED. ) 
 CURVE ( )  GEOMETRIC_REPRESENTATION_ITEM ( )  RATIONAL_B_SPLINE_CURVE ( ( 0.9999999999999991118, 0.9238795325112876267, 1.000000000000000000, 0.9238795325112867385, 1.000000000000000000, 0.9238795325112867385, 1.000000000000000000, 0.9238795325112867385, 1.000000000000000000 ) ) 
 REPRESENTATION_ITEM ( '' )  );
#2557 = EDGE_CURVE ( 'NONE', #205, #423, #714, .T. ) ;
#2558 = DIRECTION ( 'NONE',  ( -0.000000000000000000, -0.000000000000000000, -1.000000000000000000 ) ) ;
#2559 = CARTESIAN_POINT ( 'NONE',  ( 6.000000000000000888, 3.673940397442060361E-16, -5.250000000000000000 ) ) ;
#2560 = CARTESIAN_POINT ( 'NONE',  ( 5.350480947161678102, 3.276224682920223997E-16, 3.250000000000005329 ) ) ;
#2561 = CIRCLE ( 'NONE', #326, 6.425240473580844380 ) ;
#2562 = CARTESIAN_POINT ( 'NONE',  ( -2.485281374238575314, 5.999999999999999112, -0.06249999999999621136 ) ) ;
#2563 = EDGE_CURVE ( 'NONE', #3219, #51, #975, .T. ) ;
#2564 = EDGE_LOOP ( 'NONE', ( #3241, #1205, #3689, #2885 ) ) ;
#2565 = CARTESIAN_POINT ( 'NONE',  ( -5.548169017786896084, -7.766418238674080321, -6.000000000000008882 ) ) ;
#2566 = CARTESIAN_POINT ( 'NONE',  ( 2.216241773533212278, -5.350480947161678102, 4.062500000000005329 ) ) ;
#2567 = CARTESIAN_POINT ( 'NONE',  ( -2.216241773533209614, -5.350480947161678991, -0.1874999999999940881 ) ) ;
#2568 = CARTESIAN_POINT ( 'NONE',  ( 0.000000000000000000, 5.350480947161678102, -2.499999999999995115 ) ) ;
#2569 = CARTESIAN_POINT ( 'NONE',  ( 6.552449365840447993E-16, -5.350480947161678102, -0.1249999999999949069 ) ) ;
#2570 = ORIENTED_EDGE ( 'NONE', *, *, #2176, .T. ) ;
#2571 = CARTESIAN_POINT ( 'NONE',  ( 4.242640687119284770, 4.242640687119285658, -4.125000000000000000 ) ) ;
#2572 = CARTESIAN_POINT ( 'NONE',  ( -5.350480947161678102, -9.828674048760671990E-16, -4.374999999999995559 ) ) ;
#2573 = CARTESIAN_POINT ( 'NONE',  ( 5.332425648681629937, -1.485479210276500428, -5.693253913723629545 ) ) ;
#2574 = CARTESIAN_POINT ( 'NONE',  ( -4.242640687119284770, -4.242640687119286547, -3.625000000000000444 ) ) ;
#2575 = CARTESIAN_POINT ( 'NONE',  ( 7.414166747304424153E-16, -6.054126587736526233, -2.531250000000000444 ) ) ;
#2576 = CARTESIAN_POINT ( 'NONE',  ( 2.216241773533212278, -5.350480947161678102, 5.937500000000004441 ) ) ;
#2577 = AXIS2_PLACEMENT_3D ( 'NONE', #1392, #805, #124 ) ;
#2578 = CARTESIAN_POINT ( 'NONE',  ( -2.216241773533209614, -5.350480947161678991, -0.06249999999999398398 ) ) ;
#2579 = AXIS2_PLACEMENT_3D ( 'NONE', #2298, #2932, #1682 ) ;
#2580 = DIRECTION ( 'NONE',  ( 1.000000000000000000, 1.581383788144377954E-16, -0.000000000000000000 ) ) ;
#2581 = CARTESIAN_POINT ( 'NONE',  ( -5.528577707444150668, 2.278832370528588669, -5.952988378630878152 ) ) ;
#2582 =( BOUNDED_CURVE ( )  B_SPLINE_CURVE ( 2, ( #1985, #108, #2292, #765, #706, #1675, #3516, #1098, #3603 ),
 .UNSPECIFIED., .F., .T. ) 
 B_SPLINE_CURVE_WITH_KNOTS ( ( 3, 2, 2, 2, 3 ),
 ( 0.2884615384615384914, 0.2980769230769231282, 0.3076923076923077649, 0.3173076923076923461, 0.3269230769230769829 ),
 .UNSPECIFIED. ) 
 CURVE ( )  GEOMETRIC_REPRESENTATION_ITEM ( )  RATIONAL_B_SPLINE_CURVE ( ( 0.9999999999999995559, 0.9238795325112871826, 1.000000000000000000, 0.9238795325112867385, 1.000000000000000000, 0.9238795325112867385, 1.000000000000000000, 0.9238795325112862944, 1.000000000000000444 ) ) 
 REPRESENTATION_ITEM ( '' )  );
#2583 = CARTESIAN_POINT ( 'NONE',  ( 0.000000000000000000, -3.469446951953614189E-15, 3.999999999999998224 ) ) ;
#2584 = VERTEX_POINT ( 'NONE', #1576 ) ;
#2585 = CARTESIAN_POINT ( 'NONE',  ( 5.350480947161678102, 3.276224682920223997E-16, 6.250000000000005329 ) ) ;
#2586 = CARTESIAN_POINT ( 'NONE',  ( -6.342714771802079987, -7.307687033709938440, -5.936354711086118563 ) ) ;
#2587 = EDGE_CURVE ( 'NONE', #303, #423, #2866, .T. ) ;
#2588 = CARTESIAN_POINT ( 'NONE',  ( 6.552449365840447993E-16, -5.350480947161678102, -2.124999999999995115 ) ) ;
#2589 = CARTESIAN_POINT ( 'NONE',  ( -5.350480947161677214, 2.216241773533211834, -3.312499999999994227 ) ) ;
#2590 = CARTESIAN_POINT ( 'NONE',  ( 5.350480947161678102, -2.216241773533210946, 0.06250000000000525968 ) ) ;
#2591 = AXIS2_PLACEMENT_3D ( 'NONE', #1406, #3975, #3594 ) ;
#2592 = VERTEX_POINT ( 'NONE', #1635 ) ;
#2593 = CARTESIAN_POINT ( 'NONE',  ( 0.000000000000000000, -3.673940397442059178E-15, 6.000000000000000000 ) ) ;
#2594 = CARTESIAN_POINT ( 'NONE',  ( 5.350480947161678102, -2.216241773533210946, -4.937499999999993783 ) ) ;
#2595 = CARTESIAN_POINT ( 'NONE',  ( 3.951830982213104360, 8.688064433230255901, 3.999999999999995559 ) ) ;
#2596 = LINE ( 'NONE', #3847, #197 ) ;
#2597 = CARTESIAN_POINT ( 'NONE',  ( 2.485281374238572205, -6.000000000000001776, 2.562500000000000000 ) ) ;
#2598 = CARTESIAN_POINT ( 'NONE',  ( 6.054126587736527121, 2.507701340964017422, -0.2187500000000001665 ) ) ;
#2599 = CARTESIAN_POINT ( 'NONE',  ( 3.783361360347444968, -3.783361360347444080, -5.874999999999994671 ) ) ;
#2600 = DIRECTION ( 'NONE',  ( 0.000000000000000000, 1.000000000000000000, 1.826024711554533420E-16 ) ) ;
#2601 = ORIENTED_EDGE ( 'NONE', *, *, #2538, .T. ) ;
#2602 = CARTESIAN_POINT ( 'NONE',  ( 0.000000000000000000, 10.96965511460289555, -5.314688565214023441 ) ) ;
#2603 = EDGE_LOOP ( 'NONE', ( #3215, #3016, #3711, #1008 ) ) ;
#2604 = CARTESIAN_POINT ( 'NONE',  ( 3.783361360347444968, -3.783361360347444080, 5.125000000000006217 ) ) ;
#2605 = AXIS2_PLACEMENT_3D ( 'NONE', #238, #517, #1436 ) ;
#2606 = CARTESIAN_POINT ( 'NONE',  ( 2.471068018564418711, 5.443234243171520603, 3.950395655517755511 ) ) ;
#2607 = ADVANCED_FACE ( 'NONE', ( #3830 ), #2289, .F. ) ;
#2608 = CARTESIAN_POINT ( 'NONE',  ( 3.783361360347444968, -3.783361360347444080, -2.999999999999993783 ) ) ;
#2609 = ORIENTED_EDGE ( 'NONE', *, *, #2384, .F. ) ;
#2610 = CARTESIAN_POINT ( 'NONE',  ( 7.414166747304424153E-16, -6.054126587736526233, 0.4062500000000021094 ) ) ;
#2611 = DIRECTION ( 'NONE',  ( -1.000000000000000000, 0.000000000000000000, 0.000000000000000000 ) ) ;
#2612 = CARTESIAN_POINT ( 'NONE',  ( -5.350480947161677214, -2.216241773533213610, -5.312499999999993783 ) ) ;
#2613 = CARTESIAN_POINT ( 'NONE',  ( 0.000000000000000000, -1.347111479062087616E-15, -6.000000000000005329 ) ) ;
#2614 = ADVANCED_FACE ( 'NONE', ( #3534 ), #941, .F. ) ;
#2615 = CARTESIAN_POINT ( 'NONE',  ( 4.280913964350271605, -4.280913964350270717, -3.406249999999999556 ) ) ;
#2616 = CARTESIAN_POINT ( 'NONE',  ( -5.350480947161677214, -2.216241773533213610, 4.687500000000005329 ) ) ;
#2617 = CARTESIAN_POINT ( 'NONE',  ( 5.350480947161678102, -2.216241773533210946, 0.1875000000000054123 ) ) ;
#2618 = CARTESIAN_POINT ( 'NONE',  ( 2.507701340964017866, -6.054126587736527121, 3.468750000000002665 ) ) ;
#2619 = CARTESIAN_POINT ( 'NONE',  ( 0.000000000000000000, -3.286135577712063753E-15, 3.999999999999998224 ) ) ;
#2620 = CARTESIAN_POINT ( 'NONE',  ( 4.242640687119284770, 4.242640687119285658, -5.124999999999999112 ) ) ;
#2621 = CARTESIAN_POINT ( 'NONE',  ( -4.242640687119286547, 4.242640687119284770, -3.999999999999997335 ) ) ;
#2622 = CARTESIAN_POINT ( 'NONE',  ( 6.054126587736526233, 3.707083373652212077E-16, 5.656250000000002665 ) ) ;
#2623 = TOROIDAL_SURFACE ( 'NONE', #584, 7.500000000000003553, 1.999999999999998224 ) ;
#2624 = ORIENTED_EDGE ( 'NONE', *, *, #3228, .F. ) ;
#2625 = CARTESIAN_POINT ( 'NONE',  ( -5.350480947161677214, 2.216241773533212278, 5.687500000000006217 ) ) ;
#2626 = CARTESIAN_POINT ( 'NONE',  ( 0.000000000000000000, 1.253149453558100720E-16, -5.968749999999999112 ) ) ;
#2627 = CARTESIAN_POINT ( 'NONE',  ( 5.350480947161678102, -2.216241773533210946, -2.937499999999994227 ) ) ;
#2628 = ORIENTED_EDGE ( 'NONE', *, *, #720, .F. ) ;
#2629 = CARTESIAN_POINT ( 'NONE',  ( 5.517735969888370562, -2.499262123629602428, -5.999999999999998224 ) ) ;
#2630 = CARTESIAN_POINT ( 'NONE',  ( 9.499999999999996447, -4.582997182694048099, 3.524953770232125194 ) ) ;
#2631 = CARTESIAN_POINT ( 'NONE',  ( 0.5739507471086620072, 6.043347179899992483, 3.999999999999992450 ) ) ;
#2632 = CARTESIAN_POINT ( 'NONE',  ( 0.000000000000000000, 6.054126587736526233, -4.031250000000000000 ) ) ;
#2633 = EDGE_CURVE ( 'NONE', #2767, #2174, #1988, .T. ) ;
#2634 = CARTESIAN_POINT ( 'NONE',  ( 5.350480947161678102, 2.216241773533211390, 0.1875000000000054123 ) ) ;
#2635 = LINE ( 'NONE', #1071, #1847 ) ;
#2636 = CARTESIAN_POINT ( 'NONE',  ( 0.000000000000000000, 7.500000000000000888, 5.950000000000000178 ) ) ;
#2637 = VECTOR ( 'NONE', #275, 1000.000000000000114 ) ;
#2638 = CARTESIAN_POINT ( 'NONE',  ( 6.000000000000000888, 3.673940397442060854E-16, -4.374999999999995559 ) ) ;
#2639 = CC_DESIGN_APPROVAL ( #1334, ( #1630 ) ) ;
#2640 = CARTESIAN_POINT ( 'NONE',  ( -6.054126587736525344, 2.507701340964018311, 2.093750000000002665 ) ) ;
#2641 = CARTESIAN_POINT ( 'NONE',  ( 6.054126587736527121, -2.507701340964016534, 4.593750000000002665 ) ) ;
#2642 = VERTEX_POINT ( 'NONE', #1964 ) ;
#2643 = DIRECTION ( 'NONE',  ( 0.000000000000000000, 1.000000000000000000, 1.621091162745884954E-16 ) ) ;
#2644 = CARTESIAN_POINT ( 'NONE',  ( -2.216241773533214499, 5.350480947161677214, -4.562499999999995559 ) ) ;
#2645 =( LENGTH_UNIT ( ) NAMED_UNIT ( * ) SI_UNIT ( .MILLI., .METRE. ) );
#2646 = CARTESIAN_POINT ( 'NONE',  ( -5.350480947161678102, -9.828674048760671990E-16, -5.374999999999994671 ) ) ;
#2647 = ORIENTED_EDGE ( 'NONE', *, *, #2810, .T. ) ;
#2648 = CARTESIAN_POINT ( 'NONE',  ( 0.000000000000000000, -1.347111479062087616E-15, -6.000000000000005329 ) ) ;
#2649 = CARTESIAN_POINT ( 'NONE',  ( 6.000000000000000888, 3.673940397442060361E-16, -0.2500000000000008327 ) ) ;
#2650 = CARTESIAN_POINT ( 'NONE',  ( -5.350480947161678102, -9.828674048760671990E-16, 2.750000000000005773 ) ) ;
#2651 = PLANE ( 'NONE',  #1919 ) ;
#2652 = CARTESIAN_POINT ( 'NONE',  ( 7.414166747304424153E-16, -6.054126587736526233, -4.531250000000000888 ) ) ;
#2653 = CARTESIAN_POINT ( 'NONE',  ( 2.216241773533211390, 5.350480947161678102, 1.312500000000005551 ) ) ;
#2654 = CARTESIAN_POINT ( 'NONE',  ( -2.507701340964015202, -6.054126587736528009, 3.343750000000002220 ) ) ;
#2655 = ADVANCED_FACE ( 'NONE', ( #3784, #1355 ), #1276, .F. ) ;
#2656 = FACE_OUTER_BOUND ( 'NONE', #768, .T. ) ;
#2657 = CARTESIAN_POINT ( 'NONE',  ( 6.000000000000000888, 3.673940397442060361E-16, -3.250000000000000000 ) ) ;
#2658 = CARTESIAN_POINT ( 'NONE',  ( 2.216241773533211390, 5.350480947161678102, -0.5624999999999944489 ) ) ;
#2659 = CARTESIAN_POINT ( 'NONE',  ( -1.574451649796332786, 10.06064503076693484, -5.699139003783542989 ) ) ;
#2660 = CARTESIAN_POINT ( 'NONE',  ( -4.280913964350270717, -4.280913964350272494, 6.281250000000002665 ) ) ;
#2661 = ORIENTED_EDGE ( 'NONE', *, *, #4022, .F. ) ;
#2662 = DIRECTION ( 'NONE',  ( -0.000000000000000000, -0.000000000000000000, -1.000000000000000000 ) ) ;
#2663 = CARTESIAN_POINT ( 'NONE',  ( -2.216241773533209614, -5.350480947161678991, -5.187499999999993783 ) ) ;
#2664 = CARTESIAN_POINT ( 'NONE',  ( 4.280913964350270717, 4.280913964350271605, 5.843750000000000000 ) ) ;
#2665 = EDGE_LOOP ( 'NONE', ( #226, #1248, #1219 ) ) ;
#2666 = VERTEX_POINT ( 'NONE', #3469 ) ;
#2667 = CARTESIAN_POINT ( 'NONE',  ( -4.280913964350272494, 4.280913964350270717, -3.968749999999998224 ) ) ;
#2668 = CARTESIAN_POINT ( 'NONE',  ( 3.198943831591870346, -5.143743311344107561, -6.000000000000013323 ) ) ;
#2669 = CARTESIAN_POINT ( 'NONE',  ( 2.485281374238571317, 6.000000000000001776, -0.06250000000000062450 ) ) ;
#2670 = CARTESIAN_POINT ( 'NONE',  ( -3.783361360347444080, -3.783361360347445412, 2.875000000000005773 ) ) ;
#2671 = CARTESIAN_POINT ( 'NONE',  ( 5.350480947161678102, 3.276224682920223997E-16, 5.125000000000005329 ) ) ;
#2672 = CARTESIAN_POINT ( 'NONE',  ( -6.054126587736526233, -1.112125012095663524E-15, -6.781250000000000888 ) ) ;
#2673 = CARTESIAN_POINT ( 'NONE',  ( -5.350480947161677214, 2.216241773533212278, 2.562500000000006217 ) ) ;
#2674 = CARTESIAN_POINT ( 'NONE',  ( -3.783361360347445412, 3.783361360347443636, -1.374999999999994227 ) ) ;
#2675 = CYLINDRICAL_SURFACE ( 'NONE', #1450, 6.000000000000000888 ) ;
#2676 = CARTESIAN_POINT ( 'NONE',  ( -3.532910921540343807, -4.227901821507321856, 3.678683153250991822 ) ) ;
#2677 = CARTESIAN_POINT ( 'NONE',  ( -3.783361360347444080, -3.783361360347445412, 0.8750000000000059952 ) ) ;
#2678 = EDGE_CURVE ( 'NONE', #3455, #3962, #3555, .T. ) ;
#2679 = CARTESIAN_POINT ( 'NONE',  ( -3.162542013991326506, -9.143760631501494984, -5.937125092958770445 ) ) ;
#2680 = CARTESIAN_POINT ( 'NONE',  ( -4.280913964350272494, 4.280913964350270717, 6.031250000000002665 ) ) ;
#2681 = ORIENTED_EDGE ( 'NONE', *, *, #4000, .F. ) ;
#2682 = EDGE_CURVE ( 'NONE', #3665, #1647, #3542, .T. ) ;
#2683 = DIRECTION ( 'NONE',  ( -1.000000000000000000, -8.881784197001252323E-16, 0.000000000000000000 ) ) ;
#2684 =( BOUNDED_SURFACE ( )  B_SPLINE_SURFACE ( 1, 2, ( 
 ( #3011, #3876, #2929, #109, #1055, #1417, #1699, #3560, #810, #1678, #2660, #2005, #3271, #767, #2680, #1396, #1358, #3317, #458, #2967, #2622, #3250, #1076, #174, #1722, #151, #1437, #1745, #2946, #3961, #2293, #3937, #3235, #419, #3917, #438, #1375, #2641, #1099, #2352, #3604, #2089, #1789, #3342, #2413, #3664, #854, #3054, #239, #2128, #2459, #3709, #2863, #3872, #1432, #2618, #1671, #2654, #4001, #2160, #4062, #83, #1032, #2305, #290, #551, #1799, #2909, #3896, #3539, #1116, #2066, #1677, #786, #3270, #2945, #130, #2640, #3916, #2043, #1075, #2332, #3580, #766, #2745, #1180, #2765, #195, #3316, #3708, #2915, #97, #987, #2279, #2548, #712, #1993, #3220, #58, #347, #405, #3524, #1346, #1974, #2610, #3863, #1043, #2301, #3820, #3545, #2260, #2527, #732, #3505, #1934, #2238, #1910, #3240, #424, #1586, #15, #3776, #966, #2215, #3462, #389, #653, #2852, #36, #3796, #3483, #674, #3185, #367, #693, #3203, #2896, #3518, #894, #2457, #3395, #3683, #4044, #3981, #557, #3007, #191, #1136, #829, #1198, #3096, #2763, #236, #3706, #515, #2104, #807, #2063, #3312, #2411, #753, #3945, #3256, #2073, #3326, #1687, #1754, #2360, #3589, #206, #2953, #1445, #135, #463, #2667, #1547, #2169, #285, #1815, #2772, #1529, #2444, #3349, #2750, #3367, #2733, #3081, #3040, #4034, #883, #3991, #3419, #1858, #1163, #860, #264, #2826, #1881, #7, #1948, #647, #1241, #3750, #30, #70, #2210, #339, #2231, #1925 ),
 ( #3178, #1642, #361, #3813, #2585, #3836, #1969, #943, #111, #1118, #2969, #2007, #789, #2625, #3296, #2295, #2989, #176, #1747, #3625, #1398, #1078, #2604, #3858, #1377, #749, #440, #1680, #3583, #4047, #2166, #539, #2091, #1439, #2415, #3056, #1462, #1504, #3344, #2438, #199, #1832, #520, #4008, #2148, #2461, #877, #2131, #3381, #3712, #581, #382, #2560, #2248, #356, #641, #3, #2206, #4069, #1854, #47, #2886, #67, #1258, #998, #1899, #2499, #938, #1878, #977, #2226, #3471, #3911, #3601, #3266, #477, #2985, #455, #2349, #126, #783, #745, #398, #2040, #435, #3893, #107, #2291, #705, #1966, #3536, #1337, #725, #2347, #3888, #2962, #123, #145, #379, #1391, #1614, #2617, #741, #1314, #414, #2578, #1035, #86, #2904, #3871, #1052, #826, #167, #1717, #188, #2389, #1738, #1784, #1410, #2723, #474, #3374, #554, #3618, #1171, #846, #2674, #3932, #2696, #233, #3679, #1804, #2429, #867, #531, #2083, #3335, #512, #2369, #3702, #2740, #3070, #2759, #1761, #3048, #3025, #4020, #891, #3288, #3978, #804, #2408, #3658, #3354, #636, #657, #1591, #1893, #1572, #3135, #2219, #2178, #1824, #20, #931, #1233, #1536, #1213, #1916, #2857, #3725, #1291, #2553, #3800, #331, #2142, #3762, #3391, #574, #3093, #1272, #2836, #272, #1517, #910, #2159, #3411, #3430, #594, #1846, #3114, #295, #2515, #2800, #4061, #3447, #2492, #3741, #614, #1869, #312, #1555, #3153, #2819, #4084, #3825, #2285, #992, #1979 ) ),
 .UNSPECIFIED., .F., .F., .F. ) 
 B_SPLINE_SURFACE_WITH_KNOTS ( ( 2, 2 ),
 ( 3, 2, 2, 2, 2, 2, 2, 2, 2, 2, 2, 2, 2, 2, 2, 2, 2, 2, 2, 2, 2, 2, 2, 2, 2, 2, 2, 2, 2, 2, 2, 2, 2, 2, 2, 2, 2, 2, 2, 2, 2, 2, 2, 2, 2, 2, 2, 2, 2, 2, 2, 2, 2, 2, 2, 2, 2, 2, 2, 2, 2, 2, 2, 2, 2, 2, 2, 2, 2, 2, 2, 2, 2, 2, 2, 2, 2, 2, 2, 2, 2, 2, 2, 2, 2, 2, 2, 2, 2, 2, 2, 2, 2, 2, 2, 2, 2, 2, 2, 2, 2, 2, 2, 2, 3 ),
 ( 0.000000000000000000, 1.000000000000000000 ),
 ( 0.000000000000000000, 0.009615384615384615918, 0.01923076923076923184, 0.02884615384615384776, 0.03846153846153846367, 0.04807692307692307959, 0.05769230769230769551, 0.06730769230769230449, 0.07692307692307692735, 0.08653846153846153633, 0.09615384615384615918, 0.1057692307692307682, 0.1153846153846153910, 0.1250000000000000000, 0.1346153846153846090, 0.1442307692307692180, 0.1538461538461538547, 0.1634615384615384637, 0.1730769230769230727, 0.1826923076923076816, 0.1923076923076923184, 0.2019230769230769273, 0.2115384615384615363, 0.2211538461538461453, 0.2307692307692307820, 0.2403846153846153910, 0.2500000000000000000, 0.2596153846153846367, 0.2692307692307692180, 0.2788461538461538547, 0.2884615384615384359, 0.2980769230769230727, 0.3076923076923077094, 0.3173076923076922906, 0.3269230769230769273, 0.3365384615384615641, 0.3461538461538461453, 0.3557692307692307820, 0.3653846153846153633, 0.3750000000000000000, 0.3846153846153846367, 0.3942307692307692180, 0.4038461538461538547, 0.4134615384615384359, 0.4230769230769230727, 0.4326923076923077094, 0.4423076923076922906, 0.4519230769230769273, 0.4615384615384615641, 0.4711538461538461453, 0.4807692307692307820, 0.4903846153846153633, 0.5000000000000000000, 0.5096153846153845812, 0.5192307692307692735, 0.5288461538461538547, 0.5384615384615384359, 0.5480769230769231282, 0.5576923076923077094, 0.5673076923076922906, 0.5769230769230768718, 0.5865384615384615641, 0.5961538461538461453, 0.6057692307692307265, 0.6153846153846154188, 0.6250000000000000000, 0.6346153846153845812, 0.6442307692307692735, 0.6538461538461538547, 0.6634615384615384359, 0.6730769230769231282, 0.6826923076923077094, 0.6923076923076922906, 0.7019230769230768718, 0.7115384615384615641, 0.7211538461538461453, 0.7307692307692307265, 0.7403846153846154188, 0.7500000000000000000, 0.7596153846153845812, 0.7692307692307692735, 0.7788461538461538547, 0.7884615384615384359, 0.7980769230769231282, 0.8076923076923077094, 0.8173076923076922906, 0.8269230769230768718, 0.8365384615384615641, 0.8461538461538461453, 0.8557692307692307265, 0.8653846153846154188, 0.8750000000000000000, 0.8846153846153845812, 0.8942307692307692735, 0.9038461538461538547, 0.9134615384615384359, 0.9230769230769231282, 0.9326923076923077094, 0.9423076923076922906, 0.9519230769230768718, 0.9615384615384615641, 0.9711538461538461453, 0.9807692307692307265, 0.9903846153846154188, 1.000000000000000000 ),
 .UNSPECIFIED. ) 
 GEOMETRIC_REPRESENTATION_ITEM ( )  RATIONAL_B_SPLINE_SURFACE ( (
 ( 1.000000000000000000, 0.9238795325112867385, 1.000000000000000000, 0.9238795325112867385, 1.000000000000000000, 0.9238795325112867385, 1.000000000000000000, 0.9238795325112867385, 1.000000000000000000, 0.9238795325112867385, 1.000000000000000000, 0.9238795325112867385, 1.000000000000000000, 0.9238795325112867385, 1.000000000000000000, 0.9238795325112867385, 1.000000000000000000, 0.9238795325112867385, 1.000000000000000000, 0.9238795325112867385, 1.000000000000000000, 0.9238795325112867385, 1.000000000000000000, 0.9238795325112867385, 1.000000000000000000, 0.9238795325112867385, 1.000000000000000000, 0.9238795325112867385, 1.000000000000000000, 0.9238795325112867385, 1.000000000000000000, 0.9238795325112867385, 1.000000000000000000, 0.9238795325112867385, 1.000000000000000000, 0.9238795325112867385, 1.000000000000000000, 0.9238795325112867385, 1.000000000000000000, 0.9238795325112867385, 1.000000000000000000, 0.9238795325112867385, 1.000000000000000000, 0.9238795325112867385, 1.000000000000000000, 0.9238795325112867385, 1.000000000000000000, 0.9238795325112867385, 1.000000000000000000, 0.9238795325112867385, 1.000000000000000000, 0.9238795325112867385, 1.000000000000000000, 0.9238795325112867385, 1.000000000000000000, 0.9238795325112867385, 1.000000000000000000, 0.9238795325112867385, 1.000000000000000000, 0.9238795325112867385, 1.000000000000000000, 0.9238795325112867385, 1.000000000000000000, 0.9238795325112867385, 1.000000000000000000, 0.9238795325112867385, 1.000000000000000000, 0.9238795325112867385, 1.000000000000000000, 0.9238795325112867385, 1.000000000000000000, 0.9238795325112867385, 1.000000000000000000, 0.9238795325112867385, 1.000000000000000000, 0.9238795325112867385, 1.000000000000000000, 0.9238795325112867385, 1.000000000000000000, 0.9238795325112867385, 1.000000000000000000, 0.9238795325112867385, 1.000000000000000000, 0.9238795325112867385, 1.000000000000000000, 0.9238795325112867385, 1.000000000000000000, 0.9238795325112867385, 1.000000000000000000, 0.9238795325112867385, 1.000000000000000000, 0.9238795325112867385, 1.000000000000000000, 0.9238795325112867385, 1.000000000000000000, 0.9238795325112867385, 1.000000000000000000, 0.9238795325112867385, 1.000000000000000000, 0.9238795325112867385, 1.000000000000000000, 0.9238795325112867385, 1.000000000000000000, 0.9238795325112867385, 1.000000000000000000, 0.9238795325112867385, 1.000000000000000000, 0.9238795325112867385, 1.000000000000000000, 0.9238795325112867385, 1.000000000000000000, 0.9238795325112867385, 1.000000000000000000, 0.9238795325112867385, 1.000000000000000000, 0.9238795325112867385, 1.000000000000000000, 0.9238795325112867385, 1.000000000000000000, 0.9238795325112867385, 1.000000000000000000, 0.9238795325112867385, 1.000000000000000000, 0.9238795325112867385, 1.000000000000000000, 0.9238795325112867385, 1.000000000000000000, 0.9238795325112867385, 1.000000000000000000, 0.9238795325112867385, 1.000000000000000000, 0.9238795325112867385, 1.000000000000000000, 0.9238795325112867385, 1.000000000000000000, 0.9238795325112867385, 1.000000000000000000, 0.9238795325112867385, 1.000000000000000000, 0.9238795325112867385, 1.000000000000000000, 0.9238795325112867385, 1.000000000000000000, 0.9238795325112867385, 1.000000000000000000, 0.9238795325112867385, 1.000000000000000000, 0.9238795325112867385, 1.000000000000000000, 0.9238795325112867385, 1.000000000000000000, 0.9238795325112867385, 1.000000000000000000, 0.9238795325112867385, 1.000000000000000000, 0.9238795325112867385, 1.000000000000000000, 0.9238795325112867385, 1.000000000000000000, 0.9238795325112867385, 1.000000000000000000, 0.9238795325112867385, 1.000000000000000000, 0.9238795325112867385, 1.000000000000000000, 0.9238795325112867385, 1.000000000000000000, 0.9238795325112867385, 1.000000000000000000, 0.9238795325112867385, 1.000000000000000000, 0.9238795325112867385, 1.000000000000000000, 0.9238795325112867385, 1.000000000000000000, 0.9238795325112867385, 1.000000000000000000, 0.9238795325112867385, 1.000000000000000000, 0.9238795325112867385, 1.000000000000000000, 0.9238795325112867385, 1.000000000000000000, 0.9238795325112867385, 1.000000000000000000, 0.9238795325112867385, 1.000000000000000000, 0.9238795325112867385, 1.000000000000000000, 0.9238795325112867385, 1.000000000000000000, 0.9238795325112867385, 1.000000000000000000, 0.9238795325112867385, 1.000000000000000000, 0.9238795325112867385, 1.000000000000000000, 0.9238795325112867385, 1.000000000000000000, 0.9238795325112867385, 1.000000000000000000, 0.9238795325112867385, 1.000000000000000000, 0.9238795325112867385, 1.000000000000000000, 0.9238795325112867385, 1.000000000000000000, 0.9238795325112867385, 1.000000000000000000),
 ( 1.000000000000000000, 0.9238795325112867385, 1.000000000000000000, 0.9238795325112867385, 1.000000000000000000, 0.9238795325112867385, 1.000000000000000000, 0.9238795325112867385, 1.000000000000000000, 0.9238795325112867385, 1.000000000000000000, 0.9238795325112867385, 1.000000000000000000, 0.9238795325112867385, 1.000000000000000000, 0.9238795325112867385, 1.000000000000000000, 0.9238795325112867385, 1.000000000000000000, 0.9238795325112867385, 1.000000000000000000, 0.9238795325112867385, 1.000000000000000000, 0.9238795325112867385, 1.000000000000000000, 0.9238795325112867385, 1.000000000000000000, 0.9238795325112867385, 1.000000000000000000, 0.9238795325112867385, 1.000000000000000000, 0.9238795325112867385, 1.000000000000000000, 0.9238795325112867385, 1.000000000000000000, 0.9238795325112867385, 1.000000000000000000, 0.9238795325112867385, 1.000000000000000000, 0.9238795325112867385, 1.000000000000000000, 0.9238795325112867385, 1.000000000000000000, 0.9238795325112867385, 1.000000000000000000, 0.9238795325112867385, 1.000000000000000000, 0.9238795325112867385, 1.000000000000000000, 0.9238795325112867385, 1.000000000000000000, 0.9238795325112867385, 1.000000000000000000, 0.9238795325112867385, 1.000000000000000000, 0.9238795325112867385, 1.000000000000000000, 0.9238795325112867385, 1.000000000000000000, 0.9238795325112867385, 1.000000000000000000, 0.9238795325112867385, 1.000000000000000000, 0.9238795325112867385, 1.000000000000000000, 0.9238795325112867385, 1.000000000000000000, 0.9238795325112867385, 1.000000000000000000, 0.9238795325112867385, 1.000000000000000000, 0.9238795325112867385, 1.000000000000000000, 0.9238795325112867385, 1.000000000000000000, 0.9238795325112867385, 1.000000000000000000, 0.9238795325112867385, 1.000000000000000000, 0.9238795325112867385, 1.000000000000000000, 0.9238795325112867385, 1.000000000000000000, 0.9238795325112867385, 1.000000000000000000, 0.9238795325112867385, 1.000000000000000000, 0.9238795325112867385, 1.000000000000000000, 0.9238795325112867385, 1.000000000000000000, 0.9238795325112867385, 1.000000000000000000, 0.9238795325112867385, 1.000000000000000000, 0.9238795325112867385, 1.000000000000000000, 0.9238795325112867385, 1.000000000000000000, 0.9238795325112867385, 1.000000000000000000, 0.9238795325112867385, 1.000000000000000000, 0.9238795325112867385, 1.000000000000000000, 0.9238795325112867385, 1.000000000000000000, 0.9238795325112867385, 1.000000000000000000, 0.9238795325112867385, 1.000000000000000000, 0.9238795325112867385, 1.000000000000000000, 0.9238795325112867385, 1.000000000000000000, 0.9238795325112867385, 1.000000000000000000, 0.9238795325112867385, 1.000000000000000000, 0.9238795325112867385, 1.000000000000000000, 0.9238795325112867385, 1.000000000000000000, 0.9238795325112867385, 1.000000000000000000, 0.9238795325112867385, 1.000000000000000000, 0.9238795325112867385, 1.000000000000000000, 0.9238795325112867385, 1.000000000000000000, 0.9238795325112867385, 1.000000000000000000, 0.9238795325112867385, 1.000000000000000000, 0.9238795325112867385, 1.000000000000000000, 0.9238795325112867385, 1.000000000000000000, 0.9238795325112867385, 1.000000000000000000, 0.9238795325112867385, 1.000000000000000000, 0.9238795325112867385, 1.000000000000000000, 0.9238795325112867385, 1.000000000000000000, 0.9238795325112867385, 1.000000000000000000, 0.9238795325112867385, 1.000000000000000000, 0.9238795325112867385, 1.000000000000000000, 0.9238795325112867385, 1.000000000000000000, 0.9238795325112867385, 1.000000000000000000, 0.9238795325112867385, 1.000000000000000000, 0.9238795325112867385, 1.000000000000000000, 0.9238795325112867385, 1.000000000000000000, 0.9238795325112867385, 1.000000000000000000, 0.9238795325112867385, 1.000000000000000000, 0.9238795325112867385, 1.000000000000000000, 0.9238795325112867385, 1.000000000000000000, 0.9238795325112867385, 1.000000000000000000, 0.9238795325112867385, 1.000000000000000000, 0.9238795325112867385, 1.000000000000000000, 0.9238795325112867385, 1.000000000000000000, 0.9238795325112867385, 1.000000000000000000, 0.9238795325112867385, 1.000000000000000000, 0.9238795325112867385, 1.000000000000000000, 0.9238795325112867385, 1.000000000000000000, 0.9238795325112867385, 1.000000000000000000, 0.9238795325112867385, 1.000000000000000000, 0.9238795325112867385, 1.000000000000000000, 0.9238795325112867385, 1.000000000000000000, 0.9238795325112867385, 1.000000000000000000, 0.9238795325112867385, 1.000000000000000000, 0.9238795325112867385, 1.000000000000000000, 0.9238795325112867385, 1.000000000000000000, 0.9238795325112867385, 1.000000000000000000, 0.9238795325112867385, 1.000000000000000000, 0.9238795325112867385, 1.000000000000000000) ) ) 
 REPRESENTATION_ITEM ( '' )  SURFACE ( )  );
#2685 = PERSON_AND_ORGANIZATION ( #2697, #1829 ) ;
#2686 = CARTESIAN_POINT ( 'NONE',  ( -4.280913964350272494, 4.280913964350270717, 5.093750000000000000 ) ) ;
#2687 = ORIENTED_EDGE ( 'NONE', *, *, #720, .T. ) ;
#2688 = VERTEX_POINT ( 'NONE', #1615 ) ;
#2689 = CARTESIAN_POINT ( 'NONE',  ( 7.930049953254938444, 6.391238639403977295, 3.698481791181273959 ) ) ;
#2690 = CARTESIAN_POINT ( 'NONE',  ( 0.000000000000000000, -1.479995017775127959E-15, -5.314688565214026106 ) ) ;
#2691 = CARTESIAN_POINT ( 'NONE',  ( -5.001516911426351797, 3.314336824270613047, -5.968749999999999112 ) ) ;
#2692 = CARTESIAN_POINT ( 'NONE',  ( -3.783361360347445412, 3.783361360347443636, 4.500000000000005329 ) ) ;
#2693 = CARTESIAN_POINT ( 'NONE',  ( -6.000000000000000888, 0.000000000000000000, 6.000000000000000000 ) ) ;
#2694 = CARTESIAN_POINT ( 'NONE',  ( 4.280913964350270717, 4.280913964350271605, -4.156250000000000000 ) ) ;
#2695 = CARTESIAN_POINT ( 'NONE',  ( 3.783361360347444080, 3.783361360347444968, 2.250000000000005329 ) ) ;
#2696 = CARTESIAN_POINT ( 'NONE',  ( 0.000000000000000000, 5.350480947161678102, -1.499999999999994449 ) ) ;
#2697 = PERSON ( 'UNSPECIFIED', 'UNSPECIFIED', 'UNSPECIFIED', ('UNSPECIFIED'), ('UNSPECIFIED'), ('UNSPECIFIED') ) ;
#2698 = CARTESIAN_POINT ( 'NONE',  ( -9.500000000000000000, 0.9173344983403677322, 3.999999999999998224 ) ) ;
#2699 = DIRECTION ( 'NONE',  ( -0.000000000000000000, -0.000000000000000000, -1.000000000000000000 ) ) ;
#2700 = CARTESIAN_POINT ( 'NONE',  ( 2.216241773533212278, -5.350480947161678102, 3.062500000000005773 ) ) ;
#2701 = CARTESIAN_POINT ( 'NONE',  ( 9.499999999999996447, 4.585556318340800352, -5.514783352194019272 ) ) ;
#2702 =( BOUNDED_CURVE ( )  B_SPLINE_CURVE ( 2, ( #3566, #3902, #1085, #2339, #465, #525, #3970, #265, #1776 ),
 .UNSPECIFIED., .F., .T. ) 
 B_SPLINE_CURVE_WITH_KNOTS ( ( 3, 2, 2, 2, 3 ),
 ( 0.8653846153846154188, 0.8750000000000000000, 0.8846153846153845812, 0.8942307692307692735, 0.9038461538461538547 ),
 .UNSPECIFIED. ) 
 CURVE ( )  GEOMETRIC_REPRESENTATION_ITEM ( )  RATIONAL_B_SPLINE_CURVE ( ( 1.000000000000000000, 0.9238795325112867385, 1.000000000000000000, 0.9238795325112867385, 1.000000000000000000, 0.9238795325112867385, 1.000000000000000000, 0.9238795325112867385, 1.000000000000000000 ) ) 
 REPRESENTATION_ITEM ( '' )  );
#2703 = ORIENTED_EDGE ( 'NONE', *, *, #3713, .T. ) ;
#2704 = CARTESIAN_POINT ( 'NONE',  ( -6.000000000000000888, -1.102182119232618108E-15, 3.125000000000003553 ) ) ;
#2705 = AXIS2_PLACEMENT_3D ( 'NONE', #856, #4009, #2132 ) ;
#2706 = B_SPLINE_CURVE_WITH_KNOTS ( 'NONE', 3,
 ( #1943, #106, #3194, #2581, #3212, #2540, #66, #1037, #3470, #1616 ),
 .UNSPECIFIED., .F., .F.,
 ( 4, 2, 2, 2, 4 ),
 ( 0.002404635989848287990, 0.003274975698305777200, 0.004145315406763266410, 0.005015655115220755619, 0.005885994823678244829 ),
 .UNSPECIFIED. ) ;
#2707 = PERSON_AND_ORGANIZATION ( #2697, #1829 ) ;
#2708 = B_SPLINE_CURVE_WITH_KNOTS ( 'NONE', 3,
 ( #2602, #3233, #2659, #128, #418, #3293 ),
 .UNSPECIFIED., .F., .F.,
 ( 4, 2, 4 ),
 ( 2.339747056430242853E-07, 0.002759217899624835570, 0.005518201824544028029 ),
 .UNSPECIFIED. ) ;
#2709 = AXIS2_PLACEMENT_3D ( 'NONE', #1538, #2742, #2802 ) ;
#2710 = CARTESIAN_POINT ( 'NONE',  ( -3.783361360347445412, 3.783361360347443636, -4.499999999999995559 ) ) ;
#2711 = ADVANCED_FACE ( 'NONE', ( #661 ), #2884, .F. ) ;
#2712 = ORIENTED_EDGE ( 'NONE', *, *, #1367, .F. ) ;
#2713 = AXIS2_PLACEMENT_3D ( 'NONE', #299, #3766, #2805 ) ;
#2714 = VERTEX_POINT ( 'NONE', #3174 ) ;
#2715 = CARTESIAN_POINT ( 'NONE',  ( 3.162542013991313627, -9.143760631501505642, 3.937125092958757566 ) ) ;
#2716 =( BOUNDED_CURVE ( )  B_SPLINE_CURVE ( 2, ( #1769, #1140, #1079, #3985, #221, #2334, #2395, #3274, #2375 ),
 .UNSPECIFIED., .F., .T. ) 
 B_SPLINE_CURVE_WITH_KNOTS ( ( 3, 2, 2, 2, 3 ),
 ( 0.4807692307692307820, 0.4903846153846154743, 0.5000000000000001110, 0.5096153846153846922, 0.5192307692307692735 ),
 .UNSPECIFIED. ) 
 CURVE ( )  GEOMETRIC_REPRESENTATION_ITEM ( )  RATIONAL_B_SPLINE_CURVE ( ( 0.9999999999999995559, 0.9238795325112871826, 1.000000000000000000, 0.9238795325112867385, 1.000000000000000000, 0.9238795325112867385, 1.000000000000000000, 0.9238795325112858503, 1.000000000000000888 ) ) 
 REPRESENTATION_ITEM ( '' )  );
#2717 = CARTESIAN_POINT ( 'NONE',  ( 1.569950046745068439, 10.06324403250036070, -5.698481791181287726 ) ) ;
#2718 = FACE_OUTER_BOUND ( 'NONE', #3650, .T. ) ;
#2719 = CARTESIAN_POINT ( 'NONE',  ( 6.552449365840447993E-16, -5.350480947161678102, 5.875000000000005329 ) ) ;
#2720 = CARTESIAN_POINT ( 'NONE',  ( 2.485281374238572205, -6.000000000000001776, -1.562499999999996891 ) ) ;
#2721 = CARTESIAN_POINT ( 'NONE',  ( -3.783361360347444080, -3.783361360347445412, 0.7500000000000058842 ) ) ;
#2722 = CARTESIAN_POINT ( 'NONE',  ( 9.499999999999996447, 5.036734330385257863, 3.419163216853213338 ) ) ;
#2723 = CARTESIAN_POINT ( 'NONE',  ( 2.216241773533212278, -5.350480947161678102, -0.9374999999999948930 ) ) ;
#2724 = FACE_OUTER_BOUND ( 'NONE', #2314, .T. ) ;
#2725 = DIRECTION ( 'NONE',  ( -0.000000000000000000, -0.000000000000000000, -1.000000000000000000 ) ) ;
#2726 = CARTESIAN_POINT ( 'NONE',  ( -5.350480947161678102, -9.828674048760671990E-16, 1.750000000000005995 ) ) ;
#2727 = CARTESIAN_POINT ( 'NONE',  ( 9.499999999999994671, 5.036734330385257863, -5.419163216853229770 ) ) ;
#2728 = ORIENTED_EDGE ( 'NONE', *, *, #2055, .T. ) ;
#2729 = CARTESIAN_POINT ( 'NONE',  ( 0.000000000000000000, -3.286135577712063753E-15, 3.999999999999998224 ) ) ;
#2730 = CARTESIAN_POINT ( 'NONE',  ( 3.783361360347444080, 3.783361360347444968, -5.749999999999994671 ) ) ;
#2731 = ORIENTED_EDGE ( 'NONE', *, *, #3807, .T. ) ;
#2732 = ORIENTED_EDGE ( 'NONE', *, *, #1770, .F. ) ;
#2733 = CARTESIAN_POINT ( 'NONE',  ( -2.507701340964015202, -6.054126587736528009, -4.656249999999996447 ) ) ;
#2734 = CARTESIAN_POINT ( 'NONE',  ( -5.442765624548650649, -2.680361179051120146, 3.999999999999999112 ) ) ;
#2735 = CARTESIAN_POINT ( 'NONE',  ( 5.350480947161678102, 2.216241773533210946, 1.187500000000005329 ) ) ;
#2736 = CARTESIAN_POINT ( 'NONE',  ( -5.350480947161677214, -2.216241773533214054, 0.8125000000000059952 ) ) ;
#2737 = CARTESIAN_POINT ( 'NONE',  ( 3.783361360347444080, 3.783361360347444968, 5.250000000000005329 ) ) ;
#2738 = CARTESIAN_POINT ( 'NONE',  ( 2.485281374238572205, -6.000000000000001776, -4.562499999999995559 ) ) ;
#2739 = CARTESIAN_POINT ( 'NONE',  ( -5.350480947161678102, -9.828674048760671990E-16, -0.3749999999999942824 ) ) ;
#2740 = CARTESIAN_POINT ( 'NONE',  ( -5.350480947161678102, -9.828674048760671990E-16, -2.249999999999995115 ) ) ;
#2741 = CARTESIAN_POINT ( 'NONE',  ( -2.507701340964015202, -6.054126587736528009, 4.406250000000000000 ) ) ;
#2742 = DIRECTION ( 'NONE',  ( -0.000000000000000000, 1.939024098649975398E-16, -1.000000000000000000 ) ) ;
#2743 = CARTESIAN_POINT ( 'NONE',  ( 2.216241773533212278, -5.350480947161678102, -0.9374999999999948930 ) ) ;
#2744 = CARTESIAN_POINT ( 'NONE',  ( -5.977514208895772896, 0.9915295996024283687, -6.000000000000003553 ) ) ;
#2745 = CARTESIAN_POINT ( 'NONE',  ( 6.054126587736526233, 3.707083373652212077E-16, 1.656250000000002442 ) ) ;
#2746 = CARTESIAN_POINT ( 'NONE',  ( 1.611895538906962688, 5.350480947161677214, -5.545456895716329271 ) ) ;
#2747 = EDGE_LOOP ( 'NONE', ( #3080, #2044, #2873, #2113, #1257, #1362, #3645 ) ) ;
#2748 = CARTESIAN_POINT ( 'NONE',  ( -2.485281374238569541, -6.000000000000003553, 2.312500000000004441 ) ) ;
#2749 = EDGE_LOOP ( 'NONE', ( #316, #876, #1061, #3323, #1973, #562, #1793, #541, #3126, #3103 ) ) ;
#2750 = CARTESIAN_POINT ( 'NONE',  ( 2.507701340964017866, -6.054126587736527121, -4.531249999999996447 ) ) ;
#2751 = CARTESIAN_POINT ( 'NONE',  ( -5.899666474489677626, -1.373296335432301118, 3.999999999999999112 ) ) ;
#2752 = CARTESIAN_POINT ( 'NONE',  ( 6.552449365840447993E-16, -5.350480947161678102, 0.8750000000000059952 ) ) ;
#2753 = CARTESIAN_POINT ( 'NONE',  ( -5.350480947161678102, -9.828674048760671990E-16, -1.249999999999994227 ) ) ;
#2754 = CARTESIAN_POINT ( 'NONE',  ( -3.783361360347444080, -3.783361360347445412, 1.750000000000005995 ) ) ;
#2755 = AXIS2_PLACEMENT_3D ( 'NONE', #1990, #2276, #1645 ) ;
#2756 = FACE_OUTER_BOUND ( 'NONE', #2151, .T. ) ;
#2757 = B_SPLINE_CURVE_WITH_KNOTS ( 'NONE', 3,
 ( #3009, #1251, #851, #2106, #194, #2701, #2727, #3075 ),
 .UNSPECIFIED., .F., .F.,
 ( 4, 2, 2, 4 ),
 ( 0.01507330916530917608, 0.01784209851985891007, 0.01922649319713377880, 0.02061088787440864406 ),
 .UNSPECIFIED. ) ;
#2758 = CARTESIAN_POINT ( 'NONE',  ( 3.783361360347444080, 3.783361360347444968, -0.7499999999999945599 ) ) ;
#2759 = CARTESIAN_POINT ( 'NONE',  ( -3.783361360347445412, 3.783361360347443636, -2.374999999999995115 ) ) ;
#2760 = EDGE_CURVE ( 'NONE', #3588, #3438, #3115, .T. ) ;
#2761 = CARTESIAN_POINT ( 'NONE',  ( 7.414166747304424153E-16, -6.054126587736526233, 3.468750000000000000 ) ) ;
#2762 = CARTESIAN_POINT ( 'NONE',  ( -5.548169017786896084, 7.766418238674090091, 3.999999999999996447 ) ) ;
#2763 = CARTESIAN_POINT ( 'NONE',  ( 2.507701340964017866, -6.054126587736527121, -2.531249999999996891 ) ) ;
#2764 = CARTESIAN_POINT ( 'NONE',  ( -5.350480947161678102, -9.828674048760671990E-16, -2.249999999999995115 ) ) ;
#2765 = CARTESIAN_POINT ( 'NONE',  ( 4.280913964350271605, -4.280913964350270717, 1.531250000000002220 ) ) ;
#2766 = CARTESIAN_POINT ( 'NONE',  ( 0.000000000000000000, 0.000000000000000000, 6.000000000000000000 ) ) ;
#2767 = VERTEX_POINT ( 'NONE', #743 ) ;
#2768 = CARTESIAN_POINT ( 'NONE',  ( 2.964495102771474322, 5.520786271467096995, 3.920456895716328383 ) ) ;
#2769 = APPROVAL_STATUS ( 'not_yet_approved' ) ;
#2770 = CARTESIAN_POINT ( 'NONE',  ( 7.868650179722803885E-16, -6.425240473580847045, 6.000000000000000000 ) ) ;
#2771 = ORIENTED_EDGE ( 'NONE', *, *, #2760, .T. ) ;
#2772 = CARTESIAN_POINT ( 'NONE',  ( 6.054126587736527121, 2.507701340964017422, -4.281249999999996447 ) ) ;
#2773 = CARTESIAN_POINT ( 'NONE',  ( -4.003342255143414796, -4.558681561712860209, 3.999999999999997335 ) ) ;
#2774 = CARTESIAN_POINT ( 'NONE',  ( 3.783361360347444968, -3.783361360347444080, 3.000000000000005773 ) ) ;
#2775 = CARTESIAN_POINT ( 'NONE',  ( 6.552449365840447993E-16, -5.350480947161678102, 1.000000000000005995 ) ) ;
#2776 = CARTESIAN_POINT ( 'NONE',  ( -5.350480947161677214, 2.216241773533212278, 2.562500000000006217 ) ) ;
#2777 = VERTEX_POINT ( 'NONE', #334 ) ;
#2778 = CARTESIAN_POINT ( 'NONE',  ( -5.999999999999987566, -2.485281374238584640, -1.812499999999996225 ) ) ;
#2779 = CARTESIAN_POINT ( 'NONE',  ( -5.350480947161677214, 2.216241773533212278, -3.437499999999994671 ) ) ;
#2780 = DIRECTION ( 'NONE',  ( 0.000000000000000000, 1.000000000000000000, 1.939024098649975151E-16 ) ) ;
#2781 = CARTESIAN_POINT ( 'NONE',  ( -2.507701340964020531, 6.054126587736524456, 3.031250000000000000 ) ) ;
#2782 = CARTESIAN_POINT ( 'NONE',  ( 1.157291225194249201E-15, -9.450000000000006395, 3.999999999999996447 ) ) ;
#2783 = AXIS2_PLACEMENT_3D ( 'NONE', #3006, #1095, #2410 ) ;
#2784 = CARTESIAN_POINT ( 'NONE',  ( -2.216241773533209614, -5.350480947161678991, -2.062499999999995115 ) ) ;
#2785 = EDGE_CURVE ( 'NONE', #3184, #2278, #2365, .T. ) ;
#2786 = CARTESIAN_POINT ( 'NONE',  ( 5.810556942922158186, 3.557939980706525905E-16, 3.859375000000000888 ) ) ;
#2787 = ORIENTED_EDGE ( 'NONE', *, *, #200, .F. ) ;
#2788 = DIRECTION ( 'NONE',  ( -0.000000000000000000, -0.000000000000000000, -1.000000000000000000 ) ) ;
#2789 = ADVANCED_FACE ( 'NONE', ( #1094 ), #3826, .F. ) ;
#2790 = PERSON_AND_ORGANIZATION ( #2697, #1829 ) ;
#2791 = EDGE_LOOP ( 'NONE', ( #3451, #1986, #897, #1933 ) ) ;
#2792 = CARTESIAN_POINT ( 'NONE',  ( 6.000000000000012434, 2.485281374238560215, 2.812499999999999112 ) ) ;
#2793 = DIRECTION ( 'NONE',  ( -0.000000000000000000, 1.939024098649975398E-16, -1.000000000000000000 ) ) ;
#2794 = CARTESIAN_POINT ( 'NONE',  ( 3.783361360347444080, 3.783361360347444968, 1.375000000000005551 ) ) ;
#2795 = CARTESIAN_POINT ( 'NONE',  ( -5.243646616989436460, 1.063868658282297819, 3.593750000000003553 ) ) ;
#2796 = CARTESIAN_POINT ( 'NONE',  ( -3.783361360347444080, -3.783361360347445412, 3.750000000000005329 ) ) ;
#2797 = ORIENTED_EDGE ( 'NONE', *, *, #798, .F. ) ;
#2798 = CARTESIAN_POINT ( 'NONE',  ( -2.485281374238575314, 5.999999999999999112, -5.062499999999996447 ) ) ;
#2799 = CARTESIAN_POINT ( 'NONE',  ( 2.216241773533211390, 5.350480947161678102, -1.687499999999994671 ) ) ;
#2800 = CARTESIAN_POINT ( 'NONE',  ( 2.216241773533211390, 5.350480947161678102, -5.562499999999994671 ) ) ;
#2801 = CARTESIAN_POINT ( 'NONE',  ( 0.000000000000000000, 6.054126587736526233, 3.968750000000000000 ) ) ;
#2802 = DIRECTION ( 'NONE',  ( 0.000000000000000000, 1.000000000000000000, 1.826024711554533420E-16 ) ) ;
#2803 = CIRCLE ( 'NONE', #2273, 9.500000000000001776 ) ;
#2804 = CARTESIAN_POINT ( 'NONE',  ( 3.783361360347444080, 3.783361360347444968, -3.624999999999994671 ) ) ;
#2805 = DIRECTION ( 'NONE',  ( 0.8660254037844387076, -0.4999999999999998335, 0.000000000000000000 ) ) ;
#2806 = ORIENTED_EDGE ( 'NONE', *, *, #973, .T. ) ;
#2807 = ADVANCED_FACE ( 'NONE', ( #2328 ), #189, .F. ) ;
#2808 = CARTESIAN_POINT ( 'NONE',  ( 0.000000000000000000, -3.286135577712063753E-15, 3.999999999999998224 ) ) ;
#2809 = ORIENTED_EDGE ( 'NONE', *, *, #1226, .F. ) ;
#2810 = EDGE_CURVE ( 'NONE', #1280, #542, #2390, .T. ) ;
#2811 = CARTESIAN_POINT ( 'NONE',  ( -5.350480947161677214, -2.216241773533213610, 5.812500000000006217 ) ) ;
#2812 = CARTESIAN_POINT ( 'NONE',  ( -3.783361360347444080, -3.783361360347445412, -3.249999999999994227 ) ) ;
#2813 = CARTESIAN_POINT ( 'NONE',  ( 3.783361360347444968, -3.783361360347444080, 1.125000000000005329 ) ) ;
#2814 = CARTESIAN_POINT ( 'NONE',  ( 5.999999999999978684, 2.485281374238593077, -2.312499999999995115 ) ) ;
#2815 = CARTESIAN_POINT ( 'NONE',  ( 5.350480947161678102, 2.216241773533211390, 2.187500000000006217 ) ) ;
#2816 = CARTESIAN_POINT ( 'NONE',  ( -1.569950046745068217, 10.06324403250036426, 3.698481791181275291 ) ) ;
#2817 = CARTESIAN_POINT ( 'NONE',  ( -5.350480947161677214, 2.216241773533212278, -2.437499999999994671 ) ) ;
#2818 = CARTESIAN_POINT ( 'NONE',  ( -2.485281374238569541, -6.000000000000003553, -5.687499999999996447 ) ) ;
#2819 = CARTESIAN_POINT ( 'NONE',  ( -5.350480947161677214, -2.216241773533213610, -6.187499999999994671 ) ) ;
#2820 = CARTESIAN_POINT ( 'NONE',  ( 6.054126587736527121, 2.507701340964017422, 3.781250000000000000 ) ) ;
#2821 = CARTESIAN_POINT ( 'NONE',  ( -5.350480947161677214, 2.216241773533212278, -2.312499999999995115 ) ) ;
#2822 = CARTESIAN_POINT ( 'NONE',  ( -2.485281374238575314, 5.999999999999999112, -1.937500000000000444 ) ) ;
#2823 = VERTEX_POINT ( 'NONE', #1672 ) ;
#2824 = CARTESIAN_POINT ( 'NONE',  ( 0.000000000000000000, 1.253149453558100720E-16, -6.000000000000000000 ) ) ;
#2825 = EDGE_LOOP ( 'NONE', ( #1422, #1077, #748, #3436 ) ) ;
#2826 = CARTESIAN_POINT ( 'NONE',  ( 6.054126587736526233, 3.707083373652212077E-16, -5.343749999999998224 ) ) ;
#2827 = CARTESIAN_POINT ( 'NONE',  ( -5.350480947161677214, -2.216241773533213610, 3.812500000000005329 ) ) ;
#2828 = CARTESIAN_POINT ( 'NONE',  ( 3.783361360347444968, -3.783361360347444080, -2.999999999999993783 ) ) ;
#2829 = CARTESIAN_POINT ( 'NONE',  ( -5.350480947161677214, -2.216241773533214054, -3.187499999999994227 ) ) ;
#2830 = EDGE_CURVE ( 'NONE', #1381, #2948, #1740, .T. ) ;
#2831 = EDGE_CURVE ( 'NONE', #2889, #3605, #3170, .T. ) ;
#2832 = CARTESIAN_POINT ( 'NONE',  ( 5.350480947161678102, -2.216241773533210946, 1.062500000000005329 ) ) ;
#2833 = CARTESIAN_POINT ( 'NONE',  ( -4.749999999999998224, -8.227241335952165002, 3.999999999999996447 ) ) ;
#2834 = DIRECTION ( 'NONE',  ( -0.000000000000000000, -0.000000000000000000, -1.000000000000000000 ) ) ;
#2835 = CARTESIAN_POINT ( 'NONE',  ( -5.932092091317278104, 1.234526319125121674, -5.999999999999998224 ) ) ;
#2836 = CARTESIAN_POINT ( 'NONE',  ( 5.350480947161678102, -2.216241773533210946, -4.812499999999993783 ) ) ;
#2837 = CONICAL_SURFACE ( 'NONE', #1062, 10.96965511460289733, 1.134464013796321558 ) ;
#2838 = CARTESIAN_POINT ( 'NONE',  ( -6.000000000000000888, 0.000000000000000000, 6.000000000000000000 ) ) ;
#2839 = CARTESIAN_POINT ( 'NONE',  ( -4.280913964350270717, -4.280913964350272494, -0.6562499999999996669 ) ) ;
#2840 = AXIS2_PLACEMENT_3D ( 'NONE', #162, #1426, #2364 ) ;
#2841 = CARTESIAN_POINT ( 'NONE',  ( -5.350480947161677214, -2.216241773533213610, -5.187499999999993783 ) ) ;
#2842 = DIRECTION ( 'NONE',  ( -0.000000000000000000, 1.939024098649975398E-16, -1.000000000000000000 ) ) ;
#2843 = CARTESIAN_POINT ( 'NONE',  ( -1.193016480710895610, 5.880196567866775581, -5.968750000000000000 ) ) ;
#2844 = ORIENTED_EDGE ( 'NONE', *, *, #3234, .T. ) ;
#2845 = CARTESIAN_POINT ( 'NONE',  ( 9.184850993605153861E-16, -7.500000000000007105, 3.999999999999996447 ) ) ;
#2846 = DATE_AND_TIME ( #3474, #1641 ) ;
#2847 = ORIENTED_EDGE ( 'NONE', *, *, #1226, .T. ) ;
#2848 = CARTESIAN_POINT ( 'NONE',  ( 5.350480947161678102, 3.276224682920223997E-16, 3.250000000000005329 ) ) ;
#2849 = CARTESIAN_POINT ( 'NONE',  ( 2.216241773533210946, 5.350480947161678102, -1.687499999999994671 ) ) ;
#2850 = CARTESIAN_POINT ( 'NONE',  ( -2.216241773533214499, 5.350480947161677214, -4.437499999999995559 ) ) ;
#2851 = CARTESIAN_POINT ( 'NONE',  ( 5.350480947161678102, 3.276224682920223997E-16, -2.874999999999993783 ) ) ;
#2852 = CARTESIAN_POINT ( 'NONE',  ( -2.507701340964020531, 6.054126587736524456, -1.031249999999997558 ) ) ;
#2853 = CARTESIAN_POINT ( 'NONE',  ( -6.015093761670029515, -0.7917957354524584046, -5.999999999999997335 ) ) ;
#2854 = CARTESIAN_POINT ( 'NONE',  ( -5.999999999999987566, -2.485281374238584640, -0.8124999999999956701 ) ) ;
#2855 = CARTESIAN_POINT ( 'NONE',  ( -5.709978299935063895, -1.470703353801478652, -5.902099961646080750 ) ) ;
#2856 = DIRECTION ( 'NONE',  ( 0.000000000000000000, 1.000000000000000000, 1.826024711554533420E-16 ) ) ;
#2857 = CARTESIAN_POINT ( 'NONE',  ( -2.216241773533209614, -5.350480947161678991, -4.062499999999995559 ) ) ;
#2858 = DIRECTION ( 'NONE',  ( -0.000000000000000000, -0.000000000000000000, -1.000000000000000000 ) ) ;
#2859 = CARTESIAN_POINT ( 'NONE',  ( -2.507701340964015202, -6.054126587736528009, -2.593750000000000888 ) ) ;
#2860 = ADVANCED_FACE ( 'NONE', ( #2656 ), #2675, .F. ) ;
#2861 = CARTESIAN_POINT ( 'NONE',  ( 5.350480947161678102, 2.216241773533211390, 5.187500000000005329 ) ) ;
#2862 = VECTOR ( 'NONE', #2834, 1000.000000000000000 ) ;
#2863 = CARTESIAN_POINT ( 'NONE',  ( 6.054126587736526233, 3.707083373652212077E-16, 3.656250000000002220 ) ) ;
#2864 = CARTESIAN_POINT ( 'NONE',  ( -6.000000000000000888, -1.102182119232618108E-15, -0.8749999999999960032 ) ) ;
#2865 = VERTEX_POINT ( 'NONE', #3660 ) ;
#2866 =( BOUNDED_CURVE ( )  B_SPLINE_CURVE ( 2, ( #396, #1942, #1596, #3493, #2843 ),
 .UNSPECIFIED., .F., .T. ) 
 B_SPLINE_CURVE_WITH_KNOTS ( ( 3, 2, 3 ),
 ( 0.9038461538461538547, 0.9134615384615384359, 0.9206031473008314814 ),
 .UNSPECIFIED. ) 
 CURVE ( )  GEOMETRIC_REPRESENTATION_ITEM ( )  RATIONAL_B_SPLINE_CURVE ( ( 1.000000000000000000, 0.9238795325112867385, 1.000000000000000000, 0.9434632492392750480, 0.9709092771459113536 ) ) 
 REPRESENTATION_ITEM ( '' )  );
#2867 = PERSON_AND_ORGANIZATION_ROLE ( 'design_supplier' ) ;
#2868 = ORIENTED_EDGE ( 'NONE', *, *, #747, .F. ) ;
#2869 = CARTESIAN_POINT ( 'NONE',  ( -3.783361360347445412, 3.783361360347443636, 5.625000000000006217 ) ) ;
#2870 = CARTESIAN_POINT ( 'NONE',  ( 3.783361360347444968, -3.783361360347444080, -3.999999999999994671 ) ) ;
#2871 = CARTESIAN_POINT ( 'NONE',  ( 5.350480947161678102, -2.216241773533210058, -4.812499999999993783 ) ) ;
#2872 = CARTESIAN_POINT ( 'NONE',  ( 3.783361360347444080, 3.783361360347444968, -1.749999999999994671 ) ) ;
#2873 = ORIENTED_EDGE ( 'NONE', *, *, #2678, .F. ) ;
#2874 = CARTESIAN_POINT ( 'NONE',  ( -6.337457986008676158, -7.310722040402835020, 3.937125092958757566 ) ) ;
#2875 = CARTESIAN_POINT ( 'NONE',  ( 7.347880794884121708E-16, -6.000000000000000888, -0.6249999999999957812 ) ) ;
#2876 = CARTESIAN_POINT ( 'NONE',  ( 1.307983670297467205, -5.530477539308335189, -5.778708568055936468 ) ) ;
#2877 = CARTESIAN_POINT ( 'NONE',  ( 6.000000000000001776, -2.485281374238570429, -3.312500000000000000 ) ) ;
#2878 = DIRECTION ( 'NONE',  ( -1.000000000000000000, 0.000000000000000000, 0.000000000000000000 ) ) ;
#2879 = CARTESIAN_POINT ( 'NONE',  ( 6.000000000000000888, 7.347880794884120722E-16, 6.000000000000000000 ) ) ;
#2880 = CARTESIAN_POINT ( 'NONE',  ( 0.000000000000000000, 6.054126587736526233, -3.031250000000000888 ) ) ;
#2881 = CARTESIAN_POINT ( 'NONE',  ( -3.783361360347445412, 3.783361360347443636, 4.500000000000005329 ) ) ;
#2882 = CARTESIAN_POINT ( 'NONE',  ( 6.000000000000000888, 3.673940397442060854E-16, -1.374999999999996447 ) ) ;
#2883 = EDGE_CURVE ( 'NONE', #1345, #3588, #2635, .T. ) ;
#2884 = PLANE ( 'NONE',  #2050 ) ;
#2885 = ORIENTED_EDGE ( 'NONE', *, *, #1317, .F. ) ;
#2886 = CARTESIAN_POINT ( 'NONE',  ( -5.350480947161677214, 2.216241773533212278, 2.687500000000006661 ) ) ;
#2887 = AXIS2_PLACEMENT_3D ( 'NONE', #1292, #1733, #3570 ) ;
#2888 = DIRECTION ( 'NONE',  ( -1.000000000000000000, 0.000000000000000000, 0.000000000000000000 ) ) ;
#2889 = VERTEX_POINT ( 'NONE', #2941 ) ;
#2890 = CARTESIAN_POINT ( 'NONE',  ( -8.713879530287288233, -5.938694422105550430, -5.526330160054984120 ) ) ;
#2891 = CARTESIAN_POINT ( 'NONE',  ( 2.216241773533211834, -5.350480947161678102, -3.062499999999994227 ) ) ;
#2892 = CARTESIAN_POINT ( 'NONE',  ( -3.783361360347445412, 3.783361360347443636, -2.374999999999995115 ) ) ;
#2893 = ADVANCED_BREP_SHAPE_REPRESENTATION ( '90576A137_Medium-Strength Steel Nylon-Insert Locknut_90576A137_sldprt', ( #2319, #974, #2755 ), #2227 ) ;
#2894 = CARTESIAN_POINT ( 'NONE',  ( 2.216241773533211390, 5.350480947161678102, -0.6874999999999945599 ) ) ;
#2895 = ORIENTED_EDGE ( 'NONE', *, *, #3526, .T. ) ;
#2896 = CARTESIAN_POINT ( 'NONE',  ( 7.414166747304424153E-16, -6.054126587736526233, -1.593749999999998002 ) ) ;
#2897 = CARTESIAN_POINT ( 'NONE',  ( -4.925355741268560905, -3.525988979693273961, -6.000000000000002665 ) ) ;
#2898 = CARTESIAN_POINT ( 'NONE',  ( 2.216241773533212278, -5.350480947161678102, -6.062499999999995559 ) ) ;
#2899 = CARTESIAN_POINT ( 'NONE',  ( 6.000000000000001776, 2.485281374238571317, 3.687500000000003997 ) ) ;
#2900 = CARTESIAN_POINT ( 'NONE',  ( -6.054126587736525344, 2.507701340964018311, -0.8437499999999998890 ) ) ;
#2901 = CARTESIAN_POINT ( 'NONE',  ( 5.350480947161678102, 3.276224682920223997E-16, 4.125000000000005329 ) ) ;
#2902 = B_SPLINE_CURVE_WITH_KNOTS ( 'NONE', 3,
 ( #1424, #755, #1125, #2689, #3881, #445 ),
 .UNSPECIFIED., .F., .F.,
 ( 4, 2, 4 ),
 ( 0.005518201824544028897, 0.008253057247263590954, 0.01098791266998314954 ),
 .UNSPECIFIED. ) ;
#2903 = CARTESIAN_POINT ( 'NONE',  ( 4.550845101772830859, 2.927329233035363742, -5.626083682720966372 ) ) ;
#2904 = CARTESIAN_POINT ( 'NONE',  ( -5.350480947161678102, -9.828674048760671990E-16, -0.2499999999999941436 ) ) ;
#2905 = PRODUCT_DEFINITION_FORMATION_WITH_SPECIFIED_SOURCE ( 'ANY', '', #1081, .NOT_KNOWN. ) ;
#2906 = CIRCLE ( 'NONE', #2840, 9.450000000000002842 ) ;
#2907 = CARTESIAN_POINT ( 'NONE',  ( -6.054126587736527121, -3.117565634506131167E-12, 3.999999999999994671 ) ) ;
#2908 = EDGE_CURVE ( 'NONE', #2443, #1606, #1561, .T. ) ;
#2909 = CARTESIAN_POINT ( 'NONE',  ( 6.054126587736527121, 2.507701340964017422, 2.718750000000002220 ) ) ;
#2910 = ORIENTED_EDGE ( 'NONE', *, *, #3890, .T. ) ;
#2911 = CARTESIAN_POINT ( 'NONE',  ( 9.499999999999994671, 5.484827557301453993, 6.000000000000000000 ) ) ;
#2912 = AXIS2_PLACEMENT_3D ( 'NONE', #3290, #3910, #1154 ) ;
#2913 = FACE_OUTER_BOUND ( 'NONE', #3343, .T. ) ;
#2914 = CARTESIAN_POINT ( 'NONE',  ( -3.783361360347444080, -3.783361360347445412, -2.249999999999995115 ) ) ;
#2915 = CARTESIAN_POINT ( 'NONE',  ( -4.280913964350270717, -4.280913964350272494, 1.281250000000002887 ) ) ;
#2916 = ORIENTED_EDGE ( 'NONE', *, *, #1387, .F. ) ;
#2917 = CARTESIAN_POINT ( 'NONE',  ( 4.813183228744159159, -3.693438519326647018, -5.999999999999996447 ) ) ;
#2918 = DIRECTION ( 'NONE',  ( 0.000000000000000000, 0.000000000000000000, 1.000000000000000000 ) ) ;
#2919 = CARTESIAN_POINT ( 'NONE',  ( -4.809901182935024444, -3.308995664411702009, -5.873603558632304988 ) ) ;
#2920 = CARTESIAN_POINT ( 'NONE',  ( 6.000000000000000888, 3.673940397442060361E-16, 1.749999999999999112 ) ) ;
#2921 = CARTESIAN_POINT ( 'NONE',  ( 2.507701340964017866, -6.054126587736527121, -2.468750000000000888 ) ) ;
#2922 = CARTESIAN_POINT ( 'NONE',  ( 0.000000000000000000, 5.350480947161678102, 5.375000000000005329 ) ) ;
#2923 = CARTESIAN_POINT ( 'NONE',  ( 7.925548350203668768, 6.393837641137413819, -5.699139003783544766 ) ) ;
#2924 = DIRECTION ( 'NONE',  ( 0.000000000000000000, 1.000000000000000000, 1.826024711554533420E-16 ) ) ;
#2925 = EDGE_LOOP ( 'NONE', ( #2995, #621, #855 ) ) ;
#2926 = FACE_OUTER_BOUND ( 'NONE', #2190, .T. ) ;
#2927 = AXIS2_PLACEMENT_3D ( 'NONE', #2583, #2229, #336 ) ;
#2928 = EDGE_CURVE ( 'NONE', #1084, #2196, #164, .T. ) ;
#2929 = CARTESIAN_POINT ( 'NONE',  ( 4.280913964350270717, 4.280913964350271605, 6.781250000000002665 ) ) ;
#2930 = VERTEX_POINT ( 'NONE', #1454 ) ;
#2931 = CARTESIAN_POINT ( 'NONE',  ( -5.350480947161678102, -9.828674048760671990E-16, -5.374999999999994671 ) ) ;
#2932 = DIRECTION ( 'NONE',  ( -0.000000000000000000, -0.000000000000000000, -1.000000000000000000 ) ) ;
#2933 = CARTESIAN_POINT ( 'NONE',  ( -5.350480947161678102, -9.828674048760671990E-16, -2.374999999999995115 ) ) ;
#2934 = ADVANCED_FACE ( 'NONE', ( #2724 ), #1704, .F. ) ;
#2935 = ORIENTED_EDGE ( 'NONE', *, *, #3867, .F. ) ;
#2936 = DIRECTION ( 'NONE',  ( -0.000000000000000000, 0.000000000000000000, 1.000000000000000000 ) ) ;
#2937 = LINE ( 'NONE', #3243, #2992 ) ;
#2938 = CARTESIAN_POINT ( 'NONE',  ( 0.000000000000000000, 5.350480947161678102, 3.500000000000005773 ) ) ;
#2939 = CARTESIAN_POINT ( 'NONE',  ( -4.280913964350272494, 4.280913964350270717, -5.906250000000000000 ) ) ;
#2940 = CARTESIAN_POINT ( 'NONE',  ( -2.216241773533209614, -5.350480947161678991, 0.8125000000000059952 ) ) ;
#2941 = CARTESIAN_POINT ( 'NONE',  ( 0.000000000000000000, 6.425240473580839939, 6.000000000000000000 ) ) ;
#2942 = CARTESIAN_POINT ( 'NONE',  ( -6.000000000000000888, -1.102182119232618108E-15, 3.250000000000000000 ) ) ;
#2943 = DIRECTION ( 'NONE',  ( -0.000000000000000000, -0.000000000000000000, -1.000000000000000000 ) ) ;
#2944 = CARTESIAN_POINT ( 'NONE',  ( -4.828606243403545939, 2.408836743656068702, 3.593750000000002220 ) ) ;
#2945 = CARTESIAN_POINT ( 'NONE',  ( -6.054126587736524456, -2.507701340964020531, 2.218750000000003109 ) ) ;
#2946 = CARTESIAN_POINT ( 'NONE',  ( -6.054126587736526233, -1.112125012095663524E-15, 5.156250000000002665 ) ) ;
#2947 = AXIS2_PLACEMENT_3D ( 'NONE', #3598, #1716, #3617 ) ;
#2948 = VERTEX_POINT ( 'NONE', #146 ) ;
#2949 = CARTESIAN_POINT ( 'NONE',  ( 4.760637250726756697, 3.498769956238879431, 3.910159725943171960 ) ) ;
#2950 = DIRECTION ( 'NONE',  ( -0.000000000000000000, 1.939024098649975398E-16, -1.000000000000000000 ) ) ;
#2951 = CARTESIAN_POINT ( 'NONE',  ( 0.000000000000000000, 5.350480947161678102, -4.624999999999993783 ) ) ;
#2952 = ORIENTED_EDGE ( 'NONE', *, *, #2435, .F. ) ;
#2953 = CARTESIAN_POINT ( 'NONE',  ( -4.280913964350270717, -4.280913964350272494, -3.718749999999998224 ) ) ;
#2954 = CARTESIAN_POINT ( 'NONE',  ( -6.000000000000023981, 2.485281374238550889, 2.062500000000004885 ) ) ;
#2955 = CARTESIAN_POINT ( 'NONE',  ( 4.750000000000002665, 8.227241335952172108, -6.000000000000003553 ) ) ;
#2956 = CARTESIAN_POINT ( 'NONE',  ( -2.216241773533209614, -5.350480947161678991, 2.937500000000005773 ) ) ;
#2957 = ADVANCED_FACE ( 'NONE', ( #1112 ), #3619, .F. ) ;
#2958 = EDGE_CURVE ( 'NONE', #245, #3055, #2449, .T. ) ;
#2959 = CARTESIAN_POINT ( 'NONE',  ( -6.054126587736524456, -2.507701340964020531, -6.718750000000000000 ) ) ;
#2960 = CARTESIAN_POINT ( 'NONE',  ( 5.350480947161678102, -2.216241773533210946, 3.062500000000005773 ) ) ;
#2961 = ADVANCED_FACE ( 'NONE', ( #498 ), #2684, .T. ) ;
#2962 = CARTESIAN_POINT ( 'NONE',  ( -2.216241773533214054, 5.350480947161677214, 0.5625000000000057732 ) ) ;
#2963 = CARTESIAN_POINT ( 'NONE',  ( -5.999999999999999112, 2.485281374238572649, -2.812500000000001776 ) ) ;
#2964 = CARTESIAN_POINT ( 'NONE',  ( 0.000000000000000000, 5.350480947161678102, -0.4999999999999943934 ) ) ;
#2965 = LINE ( 'NONE', #785, #1950 ) ;
#2966 = VECTOR ( 'NONE', #3814, 1000.000000000000000 ) ;
#2967 = CARTESIAN_POINT ( 'NONE',  ( 6.054126587736527121, 2.507701340964017422, 5.718750000000002665 ) ) ;
#2968 = VERTEX_POINT ( 'NONE', #1629 ) ;
#2969 = CARTESIAN_POINT ( 'NONE',  ( -3.783361360347444080, -3.783361360347445412, 5.875000000000006217 ) ) ;
#2970 = CARTESIAN_POINT ( 'NONE',  ( 6.552449365840454896E-16, -5.350480947161686096, 5.949999999999997513 ) ) ;
#2971 =( BOUNDED_CURVE ( )  B_SPLINE_CURVE ( 2, ( #2638, #3895, #2987, #3913, #1357, #1721, #2621, #172, #1416 ),
 .UNSPECIFIED., .F., .T. ) 
 B_SPLINE_CURVE_WITH_KNOTS ( ( 3, 2, 2, 2, 3 ),
 ( 0.1346153846153847478, 0.1442307692307693845, 0.1538461538461539102, 0.1634615384615384082, 0.1730769230769230449 ),
 .UNSPECIFIED. ) 
 CURVE ( )  GEOMETRIC_REPRESENTATION_ITEM ( )  RATIONAL_B_SPLINE_CURVE ( ( 0.9999999999999986677, 0.9238795325112880708, 1.000000000000000000, 0.9238795325112867385, 1.000000000000000000, 0.9238795325112867385, 1.000000000000000000, 0.9238795325112874046, 0.9999999999999993339 ) ) 
 REPRESENTATION_ITEM ( '' )  );
#2972 = CARTESIAN_POINT ( 'NONE',  ( 6.054126587736526233, 3.707083373652212077E-16, 5.718750000000000000 ) ) ;
#2973 = ORIENTED_EDGE ( 'NONE', *, *, #2203, .F. ) ;
#2974 = ORIENTED_EDGE ( 'NONE', *, *, #3998, .F. ) ;
#2975 = CARTESIAN_POINT ( 'NONE',  ( 3.029508199376810484, -5.245369995291635945, -5.999999999999999112 ) ) ;
#2976 = CARTESIAN_POINT ( 'NONE',  ( 6.000000000000001776, 2.485281374238571317, 2.687500000000003553 ) ) ;
#2977 = CARTESIAN_POINT ( 'NONE',  ( -0.3180738716293602941, 6.062202042912994138, 3.999999999999991562 ) ) ;
#2978 = AXIS2_PLACEMENT_3D ( 'NONE', #296, #1850, #893 ) ;
#2979 = CARTESIAN_POINT ( 'NONE',  ( 2.216241773533211390, 5.350480947161678102, 5.312500000000005329 ) ) ;
#2980 = CARTESIAN_POINT ( 'NONE',  ( 0.000000000000000000, -1.347111479062088602E-15, -6.000000000000000000 ) ) ;
#2981 = CARTESIAN_POINT ( 'NONE',  ( -6.054126587736525344, 2.507701340964018311, -3.843750000000000000 ) ) ;
#2982 = CARTESIAN_POINT ( 'NONE',  ( 5.350480947161678102, 2.216241773533211390, 2.187500000000006217 ) ) ;
#2983 = CARTESIAN_POINT ( 'NONE',  ( -9.500000000000003553, 3.675523564232711315, 3.683988490796384685 ) ) ;
#2984 = CARTESIAN_POINT ( 'NONE',  ( -1.629821339283090031, -5.311985332872040999, 3.710877335973084445 ) ) ;
#2985 = CARTESIAN_POINT ( 'NONE',  ( -5.350480947161678102, -9.828674048760671990E-16, 1.750000000000005995 ) ) ;
#2986 = CARTESIAN_POINT ( 'NONE',  ( 5.350480947161678102, 3.276224682920223997E-16, 0.2500000000000054401 ) ) ;
#2987 = CARTESIAN_POINT ( 'NONE',  ( 4.242640687119284770, 4.242640687119285658, -4.249999999999994671 ) ) ;
#2988 = ORIENTED_EDGE ( 'NONE', *, *, #344, .T. ) ;
#2989 = CARTESIAN_POINT ( 'NONE',  ( 0.000000000000000000, 5.350480947161678102, 5.500000000000005329 ) ) ;
#2990 = DIRECTION ( 'NONE',  ( 1.000000000000000000, 0.000000000000000000, 0.000000000000000000 ) ) ;
#2991 = CARTESIAN_POINT ( 'NONE',  ( 6.552449365840447993E-16, -5.350480947161678102, -5.124999999999993783 ) ) ;
#2992 = VECTOR ( 'NONE', #774, 1000.000000000000000 ) ;
#2993 = B_SPLINE_CURVE_WITH_KNOTS ( 'NONE', 3,
 ( #3675, #3107, #3634, #2795 ),
 .UNSPECIFIED., .F., .F.,
 ( 4, 4 ),
 ( 0.02804623430383627880, 0.02911144510803057028 ),
 .UNSPECIFIED. ) ;
#2994 = CARTESIAN_POINT ( 'NONE',  ( -6.054126587736526233, -1.112125012095663524E-15, 5.218750000000000000 ) ) ;
#2995 = ORIENTED_EDGE ( 'NONE', *, *, #619, .F. ) ;
#2996 = ORIENTED_EDGE ( 'NONE', *, *, #3659, .F. ) ;
#2997 = CARTESIAN_POINT ( 'NONE',  ( 5.859718056150519772, -1.572609269929230669, -6.000000000000005329 ) ) ;
#2998 =( BOUNDED_CURVE ( )  B_SPLINE_CURVE ( 2, ( #3019, #2976, #1045, #427, #3548, #734, #1996, #3567, #137 ),
 .UNSPECIFIED., .F., .T. ) 
 B_SPLINE_CURVE_WITH_KNOTS ( ( 3, 2, 2, 2, 3 ),
 ( 0.6730769230769231282, 0.6826923076923077094, 0.6923076923076922906, 0.7019230769230769829, 0.7115384615384616751 ),
 .UNSPECIFIED. ) 
 CURVE ( )  GEOMETRIC_REPRESENTATION_ITEM ( )  RATIONAL_B_SPLINE_CURVE ( ( 1.000000000000000000, 0.9238795325112867385, 1.000000000000000000, 0.9238795325112867385, 1.000000000000000000, 0.9238795325112867385, 1.000000000000000000, 0.9238795325112858503, 1.000000000000000888 ) ) 
 REPRESENTATION_ITEM ( '' )  );
#2999 = DIRECTION ( 'NONE',  ( 0.000000000000000000, -1.939024098649975398E-16, 1.000000000000000000 ) ) ;
#3000 = CARTESIAN_POINT ( 'NONE',  ( -5.350480947161677214, -2.216241773533214054, 2.812500000000005329 ) ) ;
#3001 = CARTESIAN_POINT ( 'NONE',  ( 6.000000000000023981, 2.485281374238549112, -1.187500000000001776 ) ) ;
#3002 = CARTESIAN_POINT ( 'NONE',  ( -5.350480947161677214, -2.216241773533213610, 5.687500000000006217 ) ) ;
#3003 = CARTESIAN_POINT ( 'NONE',  ( -2.507701340964015202, -6.054126587736528009, -5.593749999999999112 ) ) ;
#3004 = CARTESIAN_POINT ( 'NONE',  ( -5.350480947161677214, 2.216241773533212278, 0.5625000000000057732 ) ) ;
#3005 = CARTESIAN_POINT ( 'NONE',  ( -9.500000000000003553, 5.036734328317958642, 3.419163217335208227 ) ) ;
#3006 = CARTESIAN_POINT ( 'NONE',  ( 0.000000000000000000, -3.664245276948808681E-15, 5.949999999999998401 ) ) ;
#3007 = CARTESIAN_POINT ( 'NONE',  ( 2.507701340964016978, 6.054126587736527121, -2.156249999999996891 ) ) ;
#3008 = CARTESIAN_POINT ( 'NONE',  ( 5.350480947161678102, -2.216241773533210946, -0.8124999999999948930 ) ) ;
#3009 = CARTESIAN_POINT ( 'NONE',  ( 9.499999999999996447, 0.000000000000000000, -6.000000000000000000 ) ) ;
#3010 = ADVANCED_FACE ( 'NONE', ( #2243 ), #3487, .F. ) ;
#3011 = CARTESIAN_POINT ( 'NONE',  ( 0.000000000000000000, 6.054126587736526233, 6.906250000000002665 ) ) ;
#3012 = ORIENTED_EDGE ( 'NONE', *, *, #2538, .F. ) ;
#3013 = DIRECTION ( 'NONE',  ( 0.000000000000000000, 1.000000000000000000, 1.826024711554533420E-16 ) ) ;
#3014 = CALENDAR_DATE ( 2026, 22, 8 ) ;
#3015 = CARTESIAN_POINT ( 'NONE',  ( -2.216241773533209614, -5.350480947161678991, -4.187499999999994671 ) ) ;
#3016 = ORIENTED_EDGE ( 'NONE', *, *, #119, .F. ) ;
#3017 = EDGE_LOOP ( 'NONE', ( #3535, #1768, #2996, #3540, #3175, #1898, #2570, #76, #98, #480, #503, #2771, #3880, #2090, #2237, #673, #3546, #1562, #936, #1468, #3984, #1402, #3177, #1307, #580, #175 ) ) ;
#3018 = CARTESIAN_POINT ( 'NONE',  ( 2.134722765017073698, -5.668767472165339605, 3.999999999999999112 ) ) ;
#3019 = CARTESIAN_POINT ( 'NONE',  ( 6.000000000000000888, 3.673940397442060854E-16, 2.625000000000003553 ) ) ;
#3020 = CARTESIAN_POINT ( 'NONE',  ( 5.374873634882129103, 2.795281581467235821, 3.999999999999997335 ) ) ;
#3021 = CARTESIAN_POINT ( 'NONE',  ( 5.350480947161678102, 2.216241773533211390, 4.187500000000005329 ) ) ;
#3022 = CARTESIAN_POINT ( 'NONE',  ( -4.280913964350270717, -4.280913964350272494, -6.656250000000000888 ) ) ;
#3023 = CARTESIAN_POINT ( 'NONE',  ( 5.350480947161678102, -2.216241773533210946, 2.062500000000005329 ) ) ;
#3024 = CARTESIAN_POINT ( 'NONE',  ( 9.499999999999996447, -1.783820978974907286E-15, 3.999999999999998224 ) ) ;
#3025 = CARTESIAN_POINT ( 'NONE',  ( 2.216241773533211390, 5.350480947161678102, -2.562499999999993783 ) ) ;
#3026 = CARTESIAN_POINT ( 'NONE',  ( -9.500000000000003553, 3.675523564232709539, -5.683988490796396675 ) ) ;
#3027 = CARTESIAN_POINT ( 'NONE',  ( -3.244940546451255514, -4.464233099933230697, 3.684011391797868296 ) ) ;
#3028 = CARTESIAN_POINT ( 'NONE',  ( 2.216241773533211390, 5.350480947161678102, 0.4375000000000055511 ) ) ;
#3029 = LINE ( 'NONE', #1157, #3038 ) ;
#3030 = VERTEX_POINT ( 'NONE', #1938 ) ;
#3031 = EDGE_CURVE ( 'NONE', #2374, #366, #2266, .T. ) ;
#3032 = CARTESIAN_POINT ( 'NONE',  ( 6.342714771802073770, -7.307687033709944657, 3.936354711086106128 ) ) ;
#3033 = DIRECTION ( 'NONE',  ( -0.000000000000000000, -0.000000000000000000, -1.000000000000000000 ) ) ;
#3034 = CONICAL_SURFACE ( 'NONE', #3552, 6.054126587736530674, 1.047197551196600074 ) ;
#3035 = VECTOR ( 'NONE', #4024, 1000.000000000000000 ) ;
#3036 = CARTESIAN_POINT ( 'NONE',  ( -3.783361360347444080, -3.783361360347445412, -5.249999999999994671 ) ) ;
#3037 = VERTEX_POINT ( 'NONE', #1890 ) ;
#3038 = VECTOR ( 'NONE', #217, 1000.000000000000000 ) ;
#3039 = VERTEX_POINT ( 'NONE', #1913 ) ;
#3040 = CARTESIAN_POINT ( 'NONE',  ( -6.054126587736524456, -2.507701340964020531, -4.781249999999997335 ) ) ;
#3041 = EDGE_CURVE ( 'NONE', #1753, #2011, #3091, .T. ) ;
#3042 = CARTESIAN_POINT ( 'NONE',  ( 5.744622604735038607, -1.951247094439709118, 3.999999999999998224 ) ) ;
#3043 = CARTESIAN_POINT ( 'NONE',  ( 3.783361360347444080, 3.783361360347444968, 2.250000000000005329 ) ) ;
#3044 = CARTESIAN_POINT ( 'NONE',  ( -3.783361360347444080, -3.783361360347445412, -0.1249999999999940326 ) ) ;
#3045 = CARTESIAN_POINT ( 'NONE',  ( 4.242640687119285658, -4.242640687119284770, 3.500000000000003997 ) ) ;
#3046 = CARTESIAN_POINT ( 'NONE',  ( -4.242640687119284770, -4.242640687119286547, -4.749999999999996447 ) ) ;
#3047 = CARTESIAN_POINT ( 'NONE',  ( -2.216241773533214054, 5.350480947161677214, -1.562499999999994893 ) ) ;
#3048 = CARTESIAN_POINT ( 'NONE',  ( 0.000000000000000000, 5.350480947161678102, -2.499999999999995115 ) ) ;
#3049 = CARTESIAN_POINT ( 'NONE',  ( -4.280913964350272494, 4.280913964350270717, 1.093750000000000000 ) ) ;
#3050 = CARTESIAN_POINT ( 'NONE',  ( -7.925548350203672321, 6.393837641137415595, 3.699139003783532775 ) ) ;
#3051 = CARTESIAN_POINT ( 'NONE',  ( 2.216241773533211390, 5.350480947161678102, 2.437500000000006217 ) ) ;
#3052 = CARTESIAN_POINT ( 'NONE',  ( -2.485281374238569541, -6.000000000000003553, 1.312500000000003997 ) ) ;
#3053 = CC_DESIGN_PERSON_AND_ORGANIZATION_ASSIGNMENT ( #2707, #1772, ( #1081 ) ) ;
#3054 = CARTESIAN_POINT ( 'NONE',  ( -2.507701340964020531, 6.054126587736524456, 3.968750000000002665 ) ) ;
#3055 = VERTEX_POINT ( 'NONE', #1845 ) ;
#3056 = CARTESIAN_POINT ( 'NONE',  ( 5.350480947161678102, 2.216241773533211390, 4.312500000000005329 ) ) ;
#3057 = DIRECTION ( 'NONE',  ( 1.000000000000000000, 0.000000000000000000, 0.000000000000000000 ) ) ;
#3058 = CARTESIAN_POINT ( 'NONE',  ( 4.242640687119285658, -4.242640687119284770, 2.500000000000003553 ) ) ;
#3059 = DATE_AND_TIME ( #261, #2180 ) ;
#3060 = ORIENTED_EDGE ( 'NONE', *, *, #3531, .T. ) ;
#3061 = EDGE_LOOP ( 'NONE', ( #788, #728, #1657, #291, #2728, #1376 ) ) ;
#3062 = CARTESIAN_POINT ( 'NONE',  ( -1.947234684033980701, -5.735884958894585495, 3.999999999999999112 ) ) ;
#3063 = CARTESIAN_POINT ( 'NONE',  ( 0.000000000000000000, 5.350480947161678102, 0.3750000000000055511 ) ) ;
#3064 = CARTESIAN_POINT ( 'NONE',  ( 5.350480947161678102, -2.216241773533210058, -0.8124999999999948930 ) ) ;
#3065 = ADVANCED_FACE ( 'NONE', ( #3429 ), #4059, .F. ) ;
#3066 = CARTESIAN_POINT ( 'NONE',  ( 5.350480947161678102, -2.216241773533210946, 5.062500000000005329 ) ) ;
#3067 = VECTOR ( 'NONE', #3607, 1000.000000000000000 ) ;
#3068 = CARTESIAN_POINT ( 'NONE',  ( 6.000000000000001776, -2.485281374238570429, -3.437499999999996891 ) ) ;
#3069 = CARTESIAN_POINT ( 'NONE',  ( 2.216241773533211390, 5.350480947161678102, -0.6874999999999945599 ) ) ;
#3070 = CARTESIAN_POINT ( 'NONE',  ( -5.350480947161677214, 2.216241773533212278, -2.312499999999995115 ) ) ;
#3071 = CARTESIAN_POINT ( 'NONE',  ( -6.000000000000000888, 0.000000000000000000, 6.000000000000000000 ) ) ;
#3072 = CARTESIAN_POINT ( 'NONE',  ( 4.280913964350271605, -4.280913964350270717, 1.593749999999999778 ) ) ;
#3073 = CARTESIAN_POINT ( 'NONE',  ( -6.342714771802082652, 7.307687033709947322, 3.936354711086103464 ) ) ;
#3074 = CARTESIAN_POINT ( 'NONE',  ( 6.552449365840447993E-16, -5.350480947161678102, -0.9999999999999940048 ) ) ;
#3075 = CARTESIAN_POINT ( 'NONE',  ( 9.500000000000005329, 5.484827557301449552, -5.314688565214025218 ) ) ;
#3076 = DIRECTION ( 'NONE',  ( 1.000000000000000000, 1.776356839400250465E-15, 0.000000000000000000 ) ) ;
#3077 = ORIENTED_EDGE ( 'NONE', *, *, #3161, .F. ) ;
#3078 = CARTESIAN_POINT ( 'NONE',  ( -6.000000000000000888, -1.102182119232618108E-15, -4.750000000000001776 ) ) ;
#3079 = DIRECTION ( 'NONE',  ( 0.000000000000000000, 1.000000000000000000, 1.621091162745885200E-16 ) ) ;
#3080 = ORIENTED_EDGE ( 'NONE', *, *, #1874, .T. ) ;
#3081 = CARTESIAN_POINT ( 'NONE',  ( -4.280913964350270717, -4.280913964350272494, -4.718749999999997335 ) ) ;
#3082 = CARTESIAN_POINT ( 'NONE',  ( -1.203778799246461473, 5.933242397106585742, 3.999999999999998224 ) ) ;
#3083 = CARTESIAN_POINT ( 'NONE',  ( 6.054126587736527121, -2.136346828725371078E-13, 3.999999999999998224 ) ) ;
#3084 = CARTESIAN_POINT ( 'NONE',  ( -3.783361360347445412, 3.783361360347443636, 1.500000000000005773 ) ) ;
#3085 = CARTESIAN_POINT ( 'NONE',  ( -2.216241773533214499, 5.350480947161677214, 1.562500000000005773 ) ) ;
#3086 = CARTESIAN_POINT ( 'NONE',  ( 2.216241773533211390, 5.350480947161678102, 3.312500000000005773 ) ) ;
#3087 = EDGE_LOOP ( 'NONE', ( #397, #3990, #2294, #2460 ) ) ;
#3088 = CARTESIAN_POINT ( 'NONE',  ( -3.314336824270312398, 5.001516911426551637, 3.968749999999997335 ) ) ;
#3089 = EDGE_CURVE ( 'NONE', #1580, #1705, #1319, .T. ) ;
#3090 = CARTESIAN_POINT ( 'NONE',  ( -2.216241773533214054, 5.350480947161677214, -3.562499999999994671 ) ) ;
#3091 = LINE ( 'NONE', #909, #2313 ) ;
#3092 = FACE_BOUND ( 'NONE', #4046, .T. ) ;
#3093 = CARTESIAN_POINT ( 'NONE',  ( 5.350480947161678102, 2.216241773533211390, -4.687499999999992895 ) ) ;
#3094 = CARTESIAN_POINT ( 'NONE',  ( -6.054126587736526233, -1.112125012095663524E-15, 4.218750000000000000 ) ) ;
#3095 = DIRECTION ( 'NONE',  ( -0.8660254037844385966, 0.5000000000000001110, 0.000000000000000000 ) ) ;
#3096 = CARTESIAN_POINT ( 'NONE',  ( 4.280913964350271605, -4.280913964350270717, -2.468749999999996891 ) ) ;
#3097 = ADVANCED_FACE ( 'NONE', ( #3586 ), #2027, .F. ) ;
#3098 = CARTESIAN_POINT ( 'NONE',  ( 5.350480947161678102, 3.276224682920223997E-16, -3.749999999999994671 ) ) ;
#3099 = CARTESIAN_POINT ( 'NONE',  ( 2.955549338456235020, 4.460086823582142479, -5.593750000000005329 ) ) ;
#3100 = VERTEX_POINT ( 'NONE', #1464 ) ;
#3101 = CARTESIAN_POINT ( 'NONE',  ( 5.999999999999978684, -2.485281374238592189, -2.312500000000001776 ) ) ;
#3102 = APPLICATION_CONTEXT ( 'configuration controlled 3d designs of mechanical parts and assemblies' ) ;
#3103 = ORIENTED_EDGE ( 'NONE', *, *, #3122, .F. ) ;
#3104 = CARTESIAN_POINT ( 'NONE',  ( -5.255614531829673197, -3.031526680421789077, 3.999999999999997335 ) ) ;
#3105 = CARTESIAN_POINT ( 'NONE',  ( 5.350480947161678102, 3.276224682920223997E-16, 2.125000000000005329 ) ) ;
#3106 = CARTESIAN_POINT ( 'NONE',  ( -3.783361360347444080, -3.783361360347445412, 1.875000000000005995 ) ) ;
#3107 = CARTESIAN_POINT ( 'NONE',  ( -5.368915518739798109, 0.3550946665740675745, 3.604393204862981648 ) ) ;
#3108 = CARTESIAN_POINT ( 'NONE',  ( 0.000000000000000000, 5.350480947161678102, 2.375000000000005773 ) ) ;
#3109 = CIRCLE ( 'NONE', #1321, 7.500000000000004441 ) ;
#3110 = EDGE_LOOP ( 'NONE', ( #2732, #360, #1326, #3380 ) ) ;
#3111 = CARTESIAN_POINT ( 'NONE',  ( 4.242640687119284770, 4.242640687119285658, -5.249999999999995559 ) ) ;
#3112 = CARTESIAN_POINT ( 'NONE',  ( -5.350480947161678102, -9.828674048760671990E-16, -1.374999999999994227 ) ) ;
#3113 = DIRECTION ( 'NONE',  ( 1.000000000000000000, 0.000000000000000000, 0.000000000000000000 ) ) ;
#3114 = CARTESIAN_POINT ( 'NONE',  ( -3.783361360347445412, 3.783361360347443636, -5.374999999999994671 ) ) ;
#3115 =( BOUNDED_CURVE ( )  B_SPLINE_CURVE ( 2, ( #3157, #1296, #1016, #415, #996, #2246, #2267, #3873, #2310 ),
 .UNSPECIFIED., .F., .T. ) 
 B_SPLINE_CURVE_WITH_KNOTS ( ( 3, 2, 2, 2, 3 ),
 ( 0.2115384615384615641, 0.2211538461538461453, 0.2307692307692307265, 0.2403846153846154188, 0.2500000000000000000 ),
 .UNSPECIFIED. ) 
 CURVE ( )  GEOMETRIC_REPRESENTATION_ITEM ( )  RATIONAL_B_SPLINE_CURVE ( ( 1.000000000000000000, 0.9238795325112867385, 1.000000000000000000, 0.9238795325112867385, 1.000000000000000000, 0.9238795325112867385, 1.000000000000000000, 0.9238795325112867385, 1.000000000000000000 ) ) 
 REPRESENTATION_ITEM ( '' )  );
#3116 = EDGE_CURVE ( 'NONE', #366, #4012, #202, .T. ) ;
#3117 = CARTESIAN_POINT ( 'NONE',  ( 2.507701340964016978, 6.054126587736527121, 3.906250000000000000 ) ) ;
#3118 = CARTESIAN_POINT ( 'NONE',  ( 9.499999999999994671, -1.834492943524145714, -5.936841482686511462 ) ) ;
#3119 = CIRCLE ( 'NONE', #2912, 7.500000000000004441 ) ;
#3120 = CARTESIAN_POINT ( 'NONE',  ( 3.783361360347444968, -3.783361360347444080, -1.874999999999994671 ) ) ;
#3121 = CONICAL_SURFACE ( 'NONE', #2127, 9.500000000000001776, 1.134464013796313786 ) ;
#3122 = EDGE_CURVE ( 'NONE', #51, #1790, #5, .T. ) ;
#3123 = CARTESIAN_POINT ( 'NONE',  ( 0.000000000000000000, -3.664245276948808681E-15, 5.949999999999998401 ) ) ;
#3124 = ORIENTED_EDGE ( 'NONE', *, *, #769, .F. ) ;
#3125 = CARTESIAN_POINT ( 'NONE',  ( -6.337457986008679711, 7.310722040402843902, -5.937125092958761563 ) ) ;
#3126 = ORIENTED_EDGE ( 'NONE', *, *, #3998, .T. ) ;
#3127 = CARTESIAN_POINT ( 'NONE',  ( 2.216241773533212278, -5.350480947161678102, 5.062500000000006217 ) ) ;
#3128 = CARTESIAN_POINT ( 'NONE',  ( 0.000000000000000000, 5.350480947161678102, 2.375000000000005773 ) ) ;
#3129 = CARTESIAN_POINT ( 'NONE',  ( 5.350480947161678102, 2.216241773533210946, 1.312500000000005551 ) ) ;
#3130 = CARTESIAN_POINT ( 'NONE',  ( -5.350480947161678102, -9.828674048760671990E-16, 3.625000000000005773 ) ) ;
#3131 =( BOUNDED_CURVE ( )  B_SPLINE_CURVE ( 2, ( #3385, #1206, #2467, #3733, #3717, #1530, #3350, #2792, #2074 ),
 .UNSPECIFIED., .F., .T. ) 
 B_SPLINE_CURVE_WITH_KNOTS ( ( 3, 2, 2, 2, 3 ),
 ( 0.2115384615384615641, 0.2211538461538461731, 0.2307692307692308376, 0.2403846153846154465, 0.2500000000000000555 ),
 .UNSPECIFIED. ) 
 CURVE ( )  GEOMETRIC_REPRESENTATION_ITEM ( )  RATIONAL_B_SPLINE_CURVE ( ( 0.9999999999999997780, 0.9238795325112869605, 1.000000000000000000, 0.9238795325112867385, 1.000000000000000000, 0.9238795325112867385, 1.000000000000000000, 0.9238795325112862944, 1.000000000000000444 ) ) 
 REPRESENTATION_ITEM ( '' )  );
#3132 = CARTESIAN_POINT ( 'NONE',  ( -6.000000000000000888, -1.102182119232618108E-15, -1.874999999999996891 ) ) ;
#3133 = CARTESIAN_POINT ( 'NONE',  ( 5.350480947161678102, -2.216241773533210946, -0.9374999999999948930 ) ) ;
#3134 = CARTESIAN_POINT ( 'NONE',  ( 2.485281374238572205, -6.000000000000001776, -3.437500000000000000 ) ) ;
#3135 = CARTESIAN_POINT ( 'NONE',  ( -2.216241773533214054, 5.350480947161677214, -3.437499999999994671 ) ) ;
#3136 = CARTESIAN_POINT ( 'NONE',  ( -2.507701340964015202, -6.054126587736528009, 2.406250000000000444 ) ) ;
#3137 = LINE ( 'NONE', #1786, #3035 ) ;
#3138 = CARTESIAN_POINT ( 'NONE',  ( -3.783361360347444080, -3.783361360347445412, -2.124999999999995115 ) ) ;
#3139 = LINE ( 'NONE', #3450, #3623 ) ;
#3140 = VERTEX_POINT ( 'NONE', #3082 ) ;
#3141 = CARTESIAN_POINT ( 'NONE',  ( -6.000000000000023981, -2.485281374238552665, 0.3124999999999988898 ) ) ;
#3142 = EDGE_CURVE ( 'NONE', #2968, #2865, #3517, .T. ) ;
#3143 = DIRECTION ( 'NONE',  ( -1.224646799147352961E-16, 1.000000000000000000, 0.000000000000000000 ) ) ;
#3144 = PERSON_AND_ORGANIZATION_ROLE ( 'creator' ) ;
#3145 = ORIENTED_EDGE ( 'NONE', *, *, #900, .F. ) ;
#3146 = CARTESIAN_POINT ( 'NONE',  ( -3.783361360347444080, -3.783361360347445412, 3.875000000000005773 ) ) ;
#3147 = CARTESIAN_POINT ( 'NONE',  ( 2.216241773533211834, -5.350480947161678102, -2.062499999999994671 ) ) ;
#3148 = CARTESIAN_POINT ( 'NONE',  ( 3.783361360347444080, 3.783361360347444968, -3.624999999999994671 ) ) ;
#3149 = CARTESIAN_POINT ( 'NONE',  ( 2.216241773533212278, -5.350480947161678102, 1.937500000000005107 ) ) ;
#3150 = CARTESIAN_POINT ( 'NONE',  ( 6.000000000000000888, 3.673940397442060361E-16, 3.749999999999999112 ) ) ;
#3151 = CARTESIAN_POINT ( 'NONE',  ( 2.216241773533211390, 5.350480947161678102, -4.687499999999992895 ) ) ;
#3152 = CARTESIAN_POINT ( 'NONE',  ( -5.568332049510192228, 2.427257136836227236, -6.000000000000000888 ) ) ;
#3153 = CARTESIAN_POINT ( 'NONE',  ( -3.783361360347444080, -3.783361360347445412, -6.124999999999994671 ) ) ;
#3154 = AXIS2_PLACEMENT_3D ( 'NONE', #1427, #139, #1709 ) ;
#3155 = CARTESIAN_POINT ( 'NONE',  ( 2.507701340964016978, 6.054126587736527121, -1.093750000000000222 ) ) ;
#3156 = CARTESIAN_POINT ( 'NONE',  ( 0.000000000000000000, 5.350480947161678102, -4.499999999999993783 ) ) ;
#3157 = CARTESIAN_POINT ( 'NONE',  ( 6.000000000000000888, 3.673940397442060854E-16, -3.374999999999996447 ) ) ;
#3158 = ORIENTED_EDGE ( 'NONE', *, *, #273, .F. ) ;
#3159 = FACE_OUTER_BOUND ( 'NONE', #3565, .T. ) ;
#3160 = PERSON_AND_ORGANIZATION_ROLE ( 'classification_officer' ) ;
#3161 = EDGE_CURVE ( 'NONE', #2948, #3398, #1611, .T. ) ;
#3162 = ORIENTED_EDGE ( 'NONE', *, *, #64, .T. ) ;
#3163 = CARTESIAN_POINT ( 'NONE',  ( 5.350480947161678102, 2.216241773533211390, 3.312500000000005773 ) ) ;
#3164 = CARTESIAN_POINT ( 'NONE',  ( -2.216241773533214499, 5.350480947161677214, -3.562499999999994671 ) ) ;
#3165 = CARTESIAN_POINT ( 'NONE',  ( 2.216241773533211834, -5.350480947161678102, -2.937499999999993339 ) ) ;
#3166 = CARTESIAN_POINT ( 'NONE',  ( -2.216241773533214054, 5.350480947161677214, -3.562499999999994671 ) ) ;
#3167 = CARTESIAN_POINT ( 'NONE',  ( 6.000000000000023981, 2.485281374238549112, -4.187500000000001776 ) ) ;
#3168 = CARTESIAN_POINT ( 'NONE',  ( 5.350480947161678102, 3.276224682920223997E-16, -5.874999999999994671 ) ) ;
#3169 = CARTESIAN_POINT ( 'NONE',  ( -5.867063708307489911, -0.7421524602313018804, -5.912210462591074744 ) ) ;
#3170 = CIRCLE ( 'NONE', #668, 6.425240473580843492 ) ;
#3171 = CARTESIAN_POINT ( 'NONE',  ( -6.054126587736526233, -1.112125012095663524E-15, 0.2187500000000001943 ) ) ;
#3172 = CARTESIAN_POINT ( 'NONE',  ( 5.350480947161678102, 3.276224682920223997E-16, 6.125000000000005329 ) ) ;
#3173 = CARTESIAN_POINT ( 'NONE',  ( 5.003193097407634404, 2.155994407519747469, -5.639477614677773865 ) ) ;
#3174 = CARTESIAN_POINT ( 'NONE',  ( -2.955549338455876640, 4.460086823582379623, 3.593750000000003109 ) ) ;
#3175 = ORIENTED_EDGE ( 'NONE', *, *, #12, .F. ) ;
#3176 = FACE_OUTER_BOUND ( 'NONE', #483, .T. ) ;
#3177 = ORIENTED_EDGE ( 'NONE', *, *, #1519, .T. ) ;
#3178 = CARTESIAN_POINT ( 'NONE',  ( 0.000000000000000000, 5.350480947161678102, 6.500000000000005329 ) ) ;
#3179 = CARTESIAN_POINT ( 'NONE',  ( 4.242640687119284770, 4.242640687119285658, 0.8749999999999993339 ) ) ;
#3180 = CARTESIAN_POINT ( 'NONE',  ( 2.216241773533211390, 5.350480947161678102, 6.437500000000005329 ) ) ;
#3181 = CARTESIAN_POINT ( 'NONE',  ( 5.350480947161678102, 3.276224682920223997E-16, -3.874999999999994671 ) ) ;
#3182 = CARTESIAN_POINT ( 'NONE',  ( 5.350480947161678102, 3.276224682920223997E-16, -4.749999999999993783 ) ) ;
#3183 = CARTESIAN_POINT ( 'NONE',  ( 3.783361360347444080, 3.783361360347444968, -3.749999999999994671 ) ) ;
#3184 = VERTEX_POINT ( 'NONE', #1987 ) ;
#3185 = CARTESIAN_POINT ( 'NONE',  ( 6.054126587736526233, 3.707083373652212077E-16, -1.343749999999997780 ) ) ;
#3186 = CARTESIAN_POINT ( 'NONE',  ( 2.216241773533212278, -5.350480947161678102, -5.062499999999993783 ) ) ;
#3187 = CARTESIAN_POINT ( 'NONE',  ( 4.776209607673754576, -2.872315271632808642, -5.715261787934430515 ) ) ;
#3188 = CARTESIAN_POINT ( 'NONE',  ( 6.000000000000000888, 3.673940397442060361E-16, 2.749999999999999556 ) ) ;
#3189 = CARTESIAN_POINT ( 'NONE',  ( -2.507701340964020531, 6.054126587736524456, -2.968750000000001332 ) ) ;
#3190 = CARTESIAN_POINT ( 'NONE',  ( -2.216241773533214054, 5.350480947161677214, -5.437499999999994671 ) ) ;
#3191 = CIRCLE ( 'NONE', #1407, 9.500000000000001776 ) ;
#3192 = AXIS2_PLACEMENT_3D ( 'NONE', #1855, #1617, #3496 ) ;
#3193 = CARTESIAN_POINT ( 'NONE',  ( 0.000000000000000000, 6.425240473580839939, 5.950000000000000178 ) ) ;
#3194 = CARTESIAN_POINT ( 'NONE',  ( -5.292657052285838937, 2.812630731740536127, -5.960947369030991538 ) ) ;
#3195 = CARTESIAN_POINT ( 'NONE',  ( 5.999999999999989342, 2.485281374238581087, -0.3124999999999960587 ) ) ;
#3196 = ORIENTED_EDGE ( 'NONE', *, *, #4078, .F. ) ;
#3197 = CARTESIAN_POINT ( 'NONE',  ( 5.350480947161678102, -2.216241773533210946, 6.187500000000005329 ) ) ;
#3198 = CARTESIAN_POINT ( 'NONE',  ( -2.216241773533209614, -5.350480947161678991, -2.187499999999995115 ) ) ;
#3199 = CARTESIAN_POINT ( 'NONE',  ( -3.783361360347445412, 3.783361360347443636, -3.374999999999994227 ) ) ;
#3200 = CARTESIAN_POINT ( 'NONE',  ( -4.242640687119286547, 4.242640687119284770, -1.999999999999997113 ) ) ;
#3201 = CARTESIAN_POINT ( 'NONE',  ( -5.350480947161678102, -9.828674048760671990E-16, -0.3749999999999942824 ) ) ;
#3202 = ORIENTED_EDGE ( 'NONE', *, *, #698, .T. ) ;
#3203 = CARTESIAN_POINT ( 'NONE',  ( 2.507701340964017866, -6.054126587736527121, -1.531249999999998002 ) ) ;
#3204 = CARTESIAN_POINT ( 'NONE',  ( -6.000000000000004441, -2.485281374238568652, 3.312499999999998668 ) ) ;
#3205 = CARTESIAN_POINT ( 'NONE',  ( -2.216241773533209614, -5.350480947161678991, -5.187499999999993783 ) ) ;
#3206 = CARTESIAN_POINT ( 'NONE',  ( -2.697178258789622252, -5.113810066378781549, -5.835704060402385096 ) ) ;
#3207 = CARTESIAN_POINT ( 'NONE',  ( 5.999999999999978684, -2.485281374238592189, -1.312500000000001332 ) ) ;
#3208 = EDGE_CURVE ( 'NONE', #158, #3239, #71, .T. ) ;
#3209 = CARTESIAN_POINT ( 'NONE',  ( 4.280913964350271605, -4.280913964350270717, -0.4062500000000003331 ) ) ;
#3210 = CARTESIAN_POINT ( 'NONE',  ( 2.216241773533211390, 5.350480947161678102, 5.312500000000005329 ) ) ;
#3211 = CARTESIAN_POINT ( 'NONE',  ( 5.999999999999989342, 2.485281374238581087, -1.312499999999996003 ) ) ;
#3212 = CARTESIAN_POINT ( 'NONE',  ( -5.627157358461863268, 2.002250710019962021, -5.948974046816860373 ) ) ;
#3213 = AXIS2_PLACEMENT_3D ( 'NONE', #2980, #2135, #3079 ) ;
#3214 = CARTESIAN_POINT ( 'NONE',  ( -4.046137232868076694, 3.570252960816911791, 3.593750000000001776 ) ) ;
#3215 = ORIENTED_EDGE ( 'NONE', *, *, #2883, .F. ) ;
#3216 = CARTESIAN_POINT ( 'NONE',  ( -4.749999999999999112, -8.227241335952165002, -6.000000000000007105 ) ) ;
#3217 = CARTESIAN_POINT ( 'NONE',  ( -2.216241773533214499, 5.350480947161677214, -2.562499999999995115 ) ) ;
#3218 = CARTESIAN_POINT ( 'NONE',  ( 2.216241773533212278, -5.350480947161678102, -3.062499999999993783 ) ) ;
#3219 = VERTEX_POINT ( 'NONE', #3859 ) ;
#3220 = CARTESIAN_POINT ( 'NONE',  ( 2.507701340964016978, 6.054126587736527121, 0.8437500000000025535 ) ) ;
#3221 = ORIENTED_EDGE ( 'NONE', *, *, #1387, .T. ) ;
#3222 = CARTESIAN_POINT ( 'NONE',  ( 0.000000000000000000, 6.000000000000000888, 1.875000000000003775 ) ) ;
#3223 = CARTESIAN_POINT ( 'NONE',  ( -5.350480947161678102, -9.828674048760671990E-16, -6.374999999999995559 ) ) ;
#3224 = CARTESIAN_POINT ( 'NONE',  ( -5.594745995214288392, -1.832644661495270277, -5.896857671383173738 ) ) ;
#3225 = CARTESIAN_POINT ( 'NONE',  ( 1.163414459189985682E-15, -9.500000000000005329, 3.999999999999996447 ) ) ;
#3226 = CARTESIAN_POINT ( 'NONE',  ( -4.280913964350272494, 4.280913964350270717, -1.906250000000000000 ) ) ;
#3227 = CARTESIAN_POINT ( 'NONE',  ( 3.783361360347444080, 3.783361360347444968, 5.250000000000005329 ) ) ;
#3228 = EDGE_CURVE ( 'NONE', #3795, #2592, #3837, .T. ) ;
#3229 = APPROVAL_PERSON_ORGANIZATION ( #2790, #2019, #1224 ) ;
#3230 = AXIS2_PLACEMENT_3D ( 'NONE', #3854, #2558, #2224 ) ;
#3231 = CARTESIAN_POINT ( 'NONE',  ( 0.000000000000000000, 6.000000000000000888, -1.124999999999996225 ) ) ;
#3232 = VERTEX_POINT ( 'NONE', #1341 ) ;
#3233 = CARTESIAN_POINT ( 'NONE',  ( -0.7861204697127127661, 10.51578824979878135, -5.526330160054976126 ) ) ;
#3234 = EDGE_CURVE ( 'NONE', #1340, #2130, #3620, .T. ) ;
#3235 = CARTESIAN_POINT ( 'NONE',  ( 0.000000000000000000, 6.054126587736526233, 4.906250000000002665 ) ) ;
#3236 = EDGE_LOOP ( 'NONE', ( #3145, #1541, #134 ) ) ;
#3237 = CARTESIAN_POINT ( 'NONE',  ( -5.350480947161678102, -9.828674048760671990E-16, -4.374999999999995559 ) ) ;
#3238 = CARTESIAN_POINT ( 'NONE',  ( 0.000000000000000000, 5.350480947161678102, -0.6249999999999944489 ) ) ;
#3239 = VERTEX_POINT ( 'NONE', #2704 ) ;
#3240 = CARTESIAN_POINT ( 'NONE',  ( 6.054126587736527121, -2.507701340964016534, -0.4062499999999977796 ) ) ;
#3241 = ORIENTED_EDGE ( 'NONE', *, *, #113, .F. ) ;
#3242 = FACE_OUTER_BOUND ( 'NONE', #1546, .T. ) ;
#3243 = CARTESIAN_POINT ( 'NONE',  ( -6.000000000000000888, 0.000000000000000000, 6.000000000000000000 ) ) ;
#3244 = CARTESIAN_POINT ( 'NONE',  ( 2.485281374238571317, 6.000000000000001776, 3.812500000000003997 ) ) ;
#3245 = CARTESIAN_POINT ( 'NONE',  ( 6.054126587736526233, 3.707083373652212077E-16, -6.281250000000000000 ) ) ;
#3246 = CARTESIAN_POINT ( 'NONE',  ( 3.783361360347444080, 3.783361360347444968, 4.250000000000005329 ) ) ;
#3247 = CARTESIAN_POINT ( 'NONE',  ( -9.500000000000005329, 4.585556314098731434, -5.514783353095744189 ) ) ;
#3248 = CARTESIAN_POINT ( 'NONE',  ( 3.866306852679766592, -4.199922954896326388, 3.793720596054507066 ) ) ;
#3249 = CARTESIAN_POINT ( 'NONE',  ( -3.958811313895147510, -8.684034336854587366, -6.000000000000008882 ) ) ;
#3250 = CARTESIAN_POINT ( 'NONE',  ( 6.054126587736527121, -2.507701340964016534, 5.593750000000001776 ) ) ;
#3251 = ORIENTED_EDGE ( 'NONE', *, *, #2557, .T. ) ;
#3252 = EDGE_CURVE ( 'NONE', #2930, #1487, #2716, .T. ) ;
#3253 = CARTESIAN_POINT ( 'NONE',  ( 3.339303077270092235, 4.929285084863481714, 3.936663377178489576 ) ) ;
#3254 = CARTESIAN_POINT ( 'NONE',  ( -5.350480947161677214, 2.216241773533212278, -5.437499999999994671 ) ) ;
#3255 = ORIENTED_EDGE ( 'NONE', *, *, #3336, .F. ) ;
#3256 = CARTESIAN_POINT ( 'NONE',  ( 4.280913964350270717, 4.280913964350271605, -3.218749999999997780 ) ) ;
#3257 = CARTESIAN_POINT ( 'NONE',  ( 4.562876828710368038, -3.998994308841016476, -6.000000000000000888 ) ) ;
#3258 = DIRECTION ( 'NONE',  ( 0.000000000000000000, -1.000000000000000000, -1.581383788144377214E-16 ) ) ;
#3259 = CARTESIAN_POINT ( 'NONE',  ( 4.004412682491001796, 4.546083145306095474, 4.000000000000000000 ) ) ;
#3260 = DIRECTION ( 'NONE',  ( -0.000000000000000000, -0.000000000000000000, -1.000000000000000000 ) ) ;
#3261 = CARTESIAN_POINT ( 'NONE',  ( -6.054126587736524456, -2.507701340964020531, -5.718750000000000000 ) ) ;
#3262 = CARTESIAN_POINT ( 'NONE',  ( -3.783361360347445412, 3.783361360347443636, 3.500000000000005773 ) ) ;
#3263 = CARTESIAN_POINT ( 'NONE',  ( 6.342714771802079987, 7.307687033709947322, -5.936354711086110569 ) ) ;
#3264 = CARTESIAN_POINT ( 'NONE',  ( 2.485281374238572205, -6.000000000000001776, -0.4375000000000010547 ) ) ;
#3265 = CARTESIAN_POINT ( 'NONE',  ( 0.9041078457086180187, -5.554409684637341194, 3.746870689957908507 ) ) ;
#3266 = CARTESIAN_POINT ( 'NONE',  ( -3.783361360347444080, -3.783361360347445412, 1.875000000000005995 ) ) ;
#3267 = CARTESIAN_POINT ( 'NONE',  ( -5.350480947161677214, 2.216241773533212278, 0.6875000000000059952 ) ) ;
#3268 = CARTESIAN_POINT ( 'NONE',  ( -4.749999999999999112, -8.227241335952165002, -6.000000000000007105 ) ) ;
#3269 =( BOUNDED_CURVE ( )  B_SPLINE_CURVE ( 2, ( #3677, #552, #3656, #1801, #1210, #611, #1867, #3068, #1151 ),
 .UNSPECIFIED., .F., .T. ) 
 B_SPLINE_CURVE_WITH_KNOTS ( ( 3, 2, 2, 2, 3 ),
 ( 0.1730769230769230449, 0.1826923076923076539, 0.1923076923076922351, 0.2019230769230768441, 0.2115384615384615641 ),
 .UNSPECIFIED. ) 
 CURVE ( )  GEOMETRIC_REPRESENTATION_ITEM ( )  RATIONAL_B_SPLINE_CURVE ( ( 1.000000000000000666, 0.9238795325112860723, 1.000000000000000000, 0.9238795325112867385, 1.000000000000000000, 0.9238795325112867385, 1.000000000000000000, 0.9238795325112867385, 1.000000000000000000 ) ) 
 REPRESENTATION_ITEM ( '' )  );
#3270 = CARTESIAN_POINT ( 'NONE',  ( -4.280913964350270717, -4.280913964350272494, 2.281250000000003109 ) ) ;
#3271 = CARTESIAN_POINT ( 'NONE',  ( -6.054126587736526233, -1.112125012095663524E-15, 6.156250000000002665 ) ) ;
#3272 = AXIS2_PLACEMENT_3D ( 'NONE', #2537, #2842, #956 ) ;
#3273 = ORIENTED_EDGE ( 'NONE', *, *, #3526, .F. ) ;
#3274 = CARTESIAN_POINT ( 'NONE',  ( 6.000000000000023981, -2.485281374238548224, 0.5625000000000042188 ) ) ;
#3275 = DIRECTION ( 'NONE',  ( -0.000000000000000000, 1.939024098649975398E-16, -1.000000000000000000 ) ) ;
#3276 = EDGE_CURVE ( 'NONE', #2398, #439, #834, .T. ) ;
#3277 = CARTESIAN_POINT ( 'NONE',  ( 0.000000000000000000, 5.350480947161678102, -6.624999999999995559 ) ) ;
#3278 = VERTEX_POINT ( 'NONE', #2354 ) ;
#3279 = CARTESIAN_POINT ( 'NONE',  ( 0.000000000000000000, 0.000000000000000000, 6.000000000000000000 ) ) ;
#3280 =( BOUNDED_CURVE ( )  B_SPLINE_CURVE ( 2, ( #266, #1796, #3718, #1777, #3404, #840, #903, #1839, #1861, #287, #2774, #885, #1510, #2153, #4014, #306, #3369, #3673, #4036, #3734, #3128, #526, #3043, #1471, #3105, #3386, #1165, #4052, #546, #1207, #2422, #2138, #1188, #1531, #3084, #228, #1228, #3695, #568, #2735, #3993, #587, #2483, #924, #2752, #2115, #247, #3652, #2171, #3422, #606, #1549, #3063, #3971, #1490, #1146, #2401, #2098, #2446, #1817, #3351, #2567, #3838, #72, #3440, #1244, #3478, #1620, #3791, #2524, #3816, #708, #1283, #9, #1884, #3753, #3772, #1005, #1020, #1323, #628, #2253, #3499, #983, #385, #2849, #2507, #688, #1583, #1906, #2212, #3147, #2588, #3198, #323, #3520, #2274, #1970, #1951, #3217, #362, #1565, #1264, #1927, #963, #3458, #2828, #2891, #402, #946, #2812, #2545, #4075, #2192, #649, #3164, #342, #32, #2234, #669, #3181, #1603, #2870, #53, #1302, #155, #1080, #460, #3237, #1681, #1399, #2644, #2068, #112, #3541, #3920, #1360, #481, #177, #1659, #2991, #2663, #132, #812, #2931, #1419, #1378, #1101, #3860 ),
 .UNSPECIFIED., .F., .T. ) 
 B_SPLINE_CURVE_WITH_KNOTS ( ( 3, 2, 2, 2, 2, 2, 2, 2, 2, 2, 2, 2, 2, 2, 2, 2, 2, 2, 2, 2, 2, 2, 2, 2, 2, 2, 2, 2, 2, 2, 2, 2, 2, 2, 2, 2, 2, 2, 2, 2, 2, 2, 2, 2, 2, 2, 2, 2, 2, 2, 2, 2, 2, 2, 2, 2, 2, 2, 2, 2, 2, 2, 2, 2, 2, 2, 2, 2, 2, 2, 2, 2, 2, 2, 3 ),
 ( 0.2140122373145532664, 0.2211538461538461453, 0.2307692307692307820, 0.2403846153846153910, 0.2500000000000000000, 0.2596153846153846367, 0.2692307692307692180, 0.2788461538461538547, 0.2884615384615384359, 0.2980769230769230727, 0.3076923076923077094, 0.3173076923076922906, 0.3269230769230769273, 0.3365384615384615641, 0.3461538461538461453, 0.3557692307692307820, 0.3653846153846153633, 0.3750000000000000000, 0.3846153846153846367, 0.3942307692307691624, 0.4038461538461538547, 0.4134615384615384359, 0.4230769230769230727, 0.4326923076923077094, 0.4423076923076922906, 0.4519230769230769273, 0.4615384615384615641, 0.4711538461538461453, 0.4807692307692307820, 0.4903846153846153633, 0.5000000000000000000, 0.5096153846153845812, 0.5192307692307692735, 0.5288461538461538547, 0.5384615384615384359, 0.5480769230769231282, 0.5576923076923077094, 0.5673076923076922906, 0.5769230769230768718, 0.5865384615384616751, 0.5961538461538461453, 0.6057692307692306155, 0.6153846153846154188, 0.6250000000000000000, 0.6346153846153845812, 0.6442307692307692735, 0.6538461538461538547, 0.6634615384615384359, 0.6730769230769231282, 0.6826923076923077094, 0.6923076923076922906, 0.7019230769230768718, 0.7115384615384616751, 0.7211538461538460343, 0.7307692307692306155, 0.7403846153846154188, 0.7500000000000000000, 0.7596153846153845812, 0.7692307692307691624, 0.7788461538461537437, 0.7884615384615383249, 0.7980769230769231282, 0.8076923076923077094, 0.8173076923076922906, 0.8269230769230768718, 0.8365384615384614531, 0.8461538461538460343, 0.8557692307692306155, 0.8653846153846154188, 0.8750000000000000000, 0.8846153846153845812, 0.8942307692307691624, 0.9038461538461537437, 0.9134615384615383249, 0.9206031473008322585 ),
 .UNSPECIFIED. ) 
 CURVE ( )  GEOMETRIC_REPRESENTATION_ITEM ( )  RATIONAL_B_SPLINE_CURVE ( ( 0.9709092771459103544, 0.9434632492392758252, 1.000000000000000000, 0.9238795325112867385, 1.000000000000000000, 0.9238795325112867385, 1.000000000000000000, 0.9238795325112867385, 1.000000000000000000, 0.9238795325112867385, 1.000000000000000000, 0.9238795325112867385, 1.000000000000000000, 0.9238795325112867385, 1.000000000000000000, 0.9238795325112867385, 1.000000000000000000, 0.9238795325112867385, 1.000000000000000000, 0.9238795325112867385, 1.000000000000000000, 0.9238795325112867385, 1.000000000000000000, 0.9238795325112867385, 1.000000000000000000, 0.9238795325112867385, 1.000000000000000000, 0.9238795325112867385, 1.000000000000000000, 0.9238795325112867385, 1.000000000000000000, 0.9238795325112867385, 1.000000000000000000, 0.9238795325112867385, 1.000000000000000000, 0.9238795325112867385, 1.000000000000000000, 0.9238795325112867385, 1.000000000000000000, 0.9238795325112867385, 1.000000000000000000, 0.9238795325112867385, 1.000000000000000000, 0.9238795325112867385, 1.000000000000000000, 0.9238795325112867385, 1.000000000000000000, 0.9238795325112867385, 1.000000000000000000, 0.9238795325112867385, 1.000000000000000000, 0.9238795325112867385, 1.000000000000000000, 0.9238795325112867385, 1.000000000000000000, 0.9238795325112867385, 1.000000000000000000, 0.9238795325112867385, 1.000000000000000000, 0.9238795325112867385, 1.000000000000000000, 0.9238795325112867385, 1.000000000000000000, 0.9238795325112867385, 1.000000000000000000, 0.9238795325112867385, 1.000000000000000000, 0.9238795325112867385, 1.000000000000000000, 0.9238795325112867385, 1.000000000000000000, 0.9238795325112867385, 1.000000000000000000, 0.9238795325112867385, 1.000000000000000000, 0.9238795325112867385, 1.000000000000000000, 0.9238795325112867385, 1.000000000000000000, 0.9238795325112867385, 1.000000000000000000, 0.9238795325112867385, 1.000000000000000000, 0.9238795325112867385, 1.000000000000000000, 0.9238795325112867385, 1.000000000000000000, 0.9238795325112867385, 1.000000000000000000, 0.9238795325112867385, 1.000000000000000000, 0.9238795325112867385, 1.000000000000000000, 0.9238795325112867385, 1.000000000000000000, 0.9238795325112867385, 1.000000000000000000, 0.9238795325112867385, 1.000000000000000000, 0.9238795325112867385, 1.000000000000000000, 0.9238795325112867385, 1.000000000000000000, 0.9238795325112867385, 1.000000000000000000, 0.9238795325112867385, 1.000000000000000000, 0.9238795325112867385, 1.000000000000000000, 0.9238795325112867385, 1.000000000000000000, 0.9238795325112867385, 1.000000000000000000, 0.9238795325112867385, 1.000000000000000000, 0.9238795325112867385, 1.000000000000000000, 0.9238795325112867385, 1.000000000000000000, 0.9238795325112867385, 1.000000000000000000, 0.9238795325112867385, 1.000000000000000000, 0.9238795325112867385, 1.000000000000000000, 0.9238795325112867385, 1.000000000000000000, 0.9238795325112867385, 1.000000000000000000, 0.9238795325112867385, 1.000000000000000000, 0.9238795325112867385, 1.000000000000000000, 0.9238795325112867385, 1.000000000000000000, 0.9238795325112867385, 1.000000000000000000, 0.9238795325112867385, 1.000000000000000000, 0.9238795325112867385, 1.000000000000000000, 0.9238795325112867385, 1.000000000000000000, 0.9238795325112867385, 1.000000000000000000, 0.9238795325112867385, 1.000000000000000000, 0.9434632492392680536, 0.9709092771459180149 ) ) 
 REPRESENTATION_ITEM ( '' )  );
#3281 = CARTESIAN_POINT ( 'NONE',  ( -5.999999999999976019, 2.485281374238593965, 0.1874999999999987510 ) ) ;
#3282 = CARTESIAN_POINT ( 'NONE',  ( -2.216241773533214499, 5.350480947161677214, 2.562500000000006217 ) ) ;
#3283 = ADVANCED_FACE ( 'NONE', ( #3919 ), #3752, .F. ) ;
#3284 = CARTESIAN_POINT ( 'NONE',  ( 3.783361360347444080, 3.783361360347444968, 6.250000000000005329 ) ) ;
#3285 = CARTESIAN_POINT ( 'NONE',  ( 1.037888162277382392E-15, -7.500000000000007105, 5.949999999999996625 ) ) ;
#3286 = CARTESIAN_POINT ( 'NONE',  ( -6.054126587736525344, 2.507701340964018311, -6.843750000000000888 ) ) ;
#3287 = CARTESIAN_POINT ( 'NONE',  ( 6.552449365840447993E-16, -5.350480947161678102, 3.875000000000005773 ) ) ;
#3288 = CARTESIAN_POINT ( 'NONE',  ( 5.350480947161678102, 3.276224682920223997E-16, -2.749999999999993783 ) ) ;
#3289 = CARTESIAN_POINT ( 'NONE',  ( 0.000000000000000000, -3.469446951953614189E-15, 3.999999999999998224 ) ) ;
#3290 = CARTESIAN_POINT ( 'NONE',  ( 0.000000000000000000, -3.673940397442058389E-15, 5.999999999999996447 ) ) ;
#3291 = B_SPLINE_CURVE_WITH_KNOTS ( 'NONE', 3,
 ( #2833, #348, #2874, #2549, #715, #16 ),
 .UNSPECIFIED., .F., .F.,
 ( 4, 2, 4 ),
 ( 0.005518201824544026295, 0.008253057247263578811, 0.01098791266998313393 ),
 .UNSPECIFIED. ) ;
#3292 = CARTESIAN_POINT ( 'NONE',  ( -5.350480947161677214, 2.216241773533212278, 2.687500000000006661 ) ) ;
#3293 = CARTESIAN_POINT ( 'NONE',  ( -4.750000000000003553, 8.227241335952173884, -6.000000000000003553 ) ) ;
#3294 = AXIS2_PLACEMENT_3D ( 'NONE', #2296, #153, #2643 ) ;
#3295 = ORIENTED_EDGE ( 'NONE', *, *, #2831, .F. ) ;
#3296 = CARTESIAN_POINT ( 'NONE',  ( -3.783361360347445412, 3.783361360347443636, 5.625000000000006217 ) ) ;
#3297 = CARTESIAN_POINT ( 'NONE',  ( 0.000000000000000000, 7.500000000000000888, 5.999999999999998224 ) ) ;
#3298 = CARTESIAN_POINT ( 'NONE',  ( 4.280913964350271605, -4.280913964350270717, 5.593750000000000000 ) ) ;
#3299 = ORIENTED_EDGE ( 'NONE', *, *, #1874, .F. ) ;
#3300 = EDGE_LOOP ( 'NONE', ( #1700, #1104, #2381 ) ) ;
#3301 = DIRECTION ( 'NONE',  ( 0.8660254037844397068, 1.060575238724908147E-16, -0.4999999999999979461 ) ) ;
#3302 = CARTESIAN_POINT ( 'NONE',  ( -6.000000000000000888, -1.102182119232618108E-15, 0.2499999999999996669 ) ) ;
#3303 = CARTESIAN_POINT ( 'NONE',  ( 3.783361360347444080, 3.783361360347444968, 3.375000000000005773 ) ) ;
#3304 = CARTESIAN_POINT ( 'NONE',  ( 2.485281374238571317, 6.000000000000001776, -1.062500000000000888 ) ) ;
#3305 = AXIS2_PLACEMENT_3D ( 'NONE', #2511, #3844, #695 ) ;
#3306 = CARTESIAN_POINT ( 'NONE',  ( -5.350480947161677214, 2.216241773533212278, 4.562500000000006217 ) ) ;
#3307 = B_SPLINE_CURVE_WITH_KNOTS ( 'NONE', 3,
 ( #3268, #3249, #2679, #726, #89, #457 ),
 .UNSPECIFIED., .F., .F.,
 ( 4, 2, 4 ),
 ( 0.005518201824544028029, 0.008253057247263580545, 0.01098791266998313393 ),
 .UNSPECIFIED. ) ;
#3308 = CARTESIAN_POINT ( 'NONE',  ( -4.280913964350270717, -4.280913964350272494, -5.656250000000000000 ) ) ;
#3309 = CARTESIAN_POINT ( 'NONE',  ( -5.350480947161678102, -9.828674048760671990E-16, 1.625000000000005773 ) ) ;
#3310 = CARTESIAN_POINT ( 'NONE',  ( 6.000000000000000888, 3.673940397442060361E-16, -0.2500000000000008327 ) ) ;
#3311 = CARTESIAN_POINT ( 'NONE',  ( -0.5626997930946614490, -5.564242767657832545, 3.726684125387980995 ) ) ;
#3312 = CARTESIAN_POINT ( 'NONE',  ( -4.280913964350272494, 4.280913964350270717, -2.968749999999997335 ) ) ;
#3313 = CARTESIAN_POINT ( 'NONE',  ( -3.783361360347444080, -3.783361360347445412, 1.875000000000005995 ) ) ;
#3314 = CARTESIAN_POINT ( 'NONE',  ( -6.000000000000000888, -1.102182119232618108E-15, -5.874999999999996447 ) ) ;
#3315 = CARTESIAN_POINT ( 'NONE',  ( -5.099084080947196895, 3.301407391466205876, 4.000000000000000000 ) ) ;
#3316 = CARTESIAN_POINT ( 'NONE',  ( 7.414166747304424153E-16, -6.054126587736526233, 1.406250000000002887 ) ) ;
#3317 = CARTESIAN_POINT ( 'NONE',  ( 2.507701340964016978, 6.054126587736527121, 5.843750000000002665 ) ) ;
#3318 = ORIENTED_EDGE ( 'NONE', *, *, #3965, .F. ) ;
#3319 = CYLINDRICAL_SURFACE ( 'NONE', #627, 6.000000000000000888 ) ;
#3320 = AXIS2_PLACEMENT_3D ( 'NONE', #1383, #2793, #2468 ) ;
#3321 = APPROVAL_STATUS ( 'not_yet_approved' ) ;
#3322 = CARTESIAN_POINT ( 'NONE',  ( 4.280913964350270717, 4.280913964350271605, 4.843750000000000000 ) ) ;
#3323 = ORIENTED_EDGE ( 'NONE', *, *, #540, .T. ) ;
#3324 = ORIENTED_EDGE ( 'NONE', *, *, #3713, .F. ) ;
#3325 = AXIS2_PLACEMENT_3D ( 'NONE', #1054, #3936, #1637 ) ;
#3326 = CARTESIAN_POINT ( 'NONE',  ( 6.054126587736526233, 3.707083373652212077E-16, -3.343749999999997780 ) ) ;
#3327 = CARTESIAN_POINT ( 'NONE',  ( 1.565751424254274715, -5.851517713747466765, 3.999999999999997335 ) ) ;
#3328 = CARTESIAN_POINT ( 'NONE',  ( -9.500000000000001776, -1.834492941113387454, -5.936841482929550828 ) ) ;
#3329 = CARTESIAN_POINT ( 'NONE',  ( 3.486378556617002022, 4.969566371613317379, 3.999999999999999112 ) ) ;
#3330 = CARTESIAN_POINT ( 'NONE',  ( 0.000000000000000000, -3.286135577712063753E-15, 3.999999999999998224 ) ) ;
#3331 = CARTESIAN_POINT ( 'NONE',  ( 2.216241773533211390, 5.350480947161678102, 4.312500000000005329 ) ) ;
#3332 = CARTESIAN_POINT ( 'NONE',  ( 2.507701340964017866, -6.054126587736527121, -4.468750000000000888 ) ) ;
#3333 = CARTESIAN_POINT ( 'NONE',  ( 3.783361360347444080, 3.783361360347444968, 3.250000000000005329 ) ) ;
#3334 = CARTESIAN_POINT ( 'NONE',  ( 8.713879530287291786, 5.938694422105558424, -5.526330160054977902 ) ) ;
#3335 = CARTESIAN_POINT ( 'NONE',  ( 6.552449365840447993E-16, -5.350480947161678102, -1.999999999999994893 ) ) ;
#3336 = EDGE_CURVE ( 'NONE', #152, #3629, #2377, .T. ) ;
#3337 = CARTESIAN_POINT ( 'NONE',  ( -2.485281374238569541, -6.000000000000003553, -0.5625000000000003331 ) ) ;
#3338 = CARTESIAN_POINT ( 'NONE',  ( -1.804765289405805717, -5.250124333556113854, 3.708156858615181850 ) ) ;
#3339 = CARTESIAN_POINT ( 'NONE',  ( -2.216241773533214054, 5.350480947161677214, 0.5625000000000057732 ) ) ;
#3340 = CYLINDRICAL_SURFACE ( 'NONE', #3756, 6.000000000000000888 ) ;
#3341 = EDGE_CURVE ( 'NONE', #2174, #3455, #2179, .T. ) ;
#3342 = CARTESIAN_POINT ( 'NONE',  ( -6.054126587736524456, -2.507701340964020531, 4.218750000000001776 ) ) ;
#3343 = EDGE_LOOP ( 'NONE', ( #75, #284, #300, #3812, #1559, #2321 ) ) ;
#3344 = CARTESIAN_POINT ( 'NONE',  ( 3.783361360347444968, -3.783361360347444080, 4.125000000000005329 ) ) ;
#3345 = CARTESIAN_POINT ( 'NONE',  ( 7.347880794884121708E-16, -6.000000000000000888, 2.375000000000003553 ) ) ;
#3346 = CARTESIAN_POINT ( 'NONE',  ( 5.350480947161678102, 2.216241773533211390, -5.812499999999994671 ) ) ;
#3347 = EDGE_LOOP ( 'NONE', ( #2712, #1528, #833 ) ) ;
#3348 = ORIENTED_EDGE ( 'NONE', *, *, #3914, .T. ) ;
#3349 = CARTESIAN_POINT ( 'NONE',  ( 4.280913964350271605, -4.280913964350270717, -4.468749999999997335 ) ) ;
#3350 = CARTESIAN_POINT ( 'NONE',  ( 4.242640687119284770, 4.242640687119285658, 2.874999999999999556 ) ) ;
#3351 = CARTESIAN_POINT ( 'NONE',  ( 6.552449365840447993E-16, -5.350480947161678102, -0.1249999999999949069 ) ) ;
#3352 = DIRECTION ( 'NONE',  ( -0.000000000000000000, 1.939024098649975398E-16, -1.000000000000000000 ) ) ;
#3353 = CARTESIAN_POINT ( 'NONE',  ( -3.783361360347445412, 3.783361360347443636, -1.499999999999994449 ) ) ;
#3354 = CARTESIAN_POINT ( 'NONE',  ( -2.216241773533209614, -5.350480947161678991, -3.062499999999993783 ) ) ;
#3355 = CARTESIAN_POINT ( 'NONE',  ( 7.414166747304424153E-16, -6.054126587736526233, 2.468750000000000000 ) ) ;
#3356 = DIRECTION ( 'NONE',  ( -0.000000000000000000, 1.939024098649975398E-16, -1.000000000000000000 ) ) ;
#3357 = CARTESIAN_POINT ( 'NONE',  ( 2.216241773533212278, -5.350480947161678102, 0.06250000000000525968 ) ) ;
#3358 = CARTESIAN_POINT ( 'NONE',  ( -4.242640687119284770, -4.242640687119286547, 1.250000000000004219 ) ) ;
#3359 = VERTEX_POINT ( 'NONE', #1833 ) ;
#3360 = CARTESIAN_POINT ( 'NONE',  ( 0.000000000000000000, -1.128949729586049168E-15, 3.999999999999998224 ) ) ;
#3361 = ADVANCED_FACE ( 'NONE', ( #2110 ), #3034, .F. ) ;
#3362 = CARTESIAN_POINT ( 'NONE',  ( -9.500000000000001776, -0.9178249422599364937, 3.999999999999999112 ) ) ;
#3363 = CARTESIAN_POINT ( 'NONE',  ( -6.000000000000000888, 0.000000000000000000, 6.000000000000000000 ) ) ;
#3364 = VECTOR ( 'NONE', #4085, 1000.000000000000000 ) ;
#3365 = ORIENTED_EDGE ( 'NONE', *, *, #2514, .F. ) ;
#3366 = ORIENTED_EDGE ( 'NONE', *, *, #2233, .F. ) ;
#3367 = CARTESIAN_POINT ( 'NONE',  ( 7.414166747304424153E-16, -6.054126587736526233, -4.593749999999997335 ) ) ;
#3368 = CARTESIAN_POINT ( 'NONE',  ( -4.561497040837245720, -4.000133940176330505, 3.999999999999998224 ) ) ;
#3369 = CARTESIAN_POINT ( 'NONE',  ( -5.350480947161678102, -9.828674048760671990E-16, 2.625000000000005773 ) ) ;
#3370 = CARTESIAN_POINT ( 'NONE',  ( 5.350480947161678102, 2.216241773533210946, 0.3125000000000054956 ) ) ;
#3371 = CARTESIAN_POINT ( 'NONE',  ( 0.000000000000000000, -3.286135577712063753E-15, 3.999999999999998224 ) ) ;
#3372 = DIRECTION ( 'NONE',  ( 0.000000000000000000, 1.000000000000000000, 1.826024711554533420E-16 ) ) ;
#3373 = CARTESIAN_POINT ( 'NONE',  ( 6.552449365840447993E-16, -5.350480947161678102, -2.124999999999995115 ) ) ;
#3374 = CARTESIAN_POINT ( 'NONE',  ( -2.216241773533209614, -5.350480947161678991, -1.062499999999994227 ) ) ;
#3375 = CARTESIAN_POINT ( 'NONE',  ( 6.054126587736526233, 3.707083373652212077E-16, 4.718750000000000000 ) ) ;
#3376 = CARTESIAN_POINT ( 'NONE',  ( -4.750000000000003553, 8.227241335952172108, 4.000000000000000000 ) ) ;
#3377 = CARTESIAN_POINT ( 'NONE',  ( -3.783361360347445412, 3.783361360347443636, -1.374999999999994227 ) ) ;
#3378 = CARTESIAN_POINT ( 'NONE',  ( -5.751130639195060290, 1.955054321450761856, -5.999999999999999112 ) ) ;
#3379 = CARTESIAN_POINT ( 'NONE',  ( 4.242640687119285658, -4.242640687119284770, -4.375000000000000888 ) ) ;
#3380 = ORIENTED_EDGE ( 'NONE', *, *, #2958, .T. ) ;
#3381 = CARTESIAN_POINT ( 'NONE',  ( 0.000000000000000000, 5.350480947161678102, 3.500000000000005773 ) ) ;
#3382 = CARTESIAN_POINT ( 'NONE',  ( 6.000000000000016875, 2.485281374238554442, 3.812499999999998668 ) ) ;
#3383 = EDGE_CURVE ( 'NONE', #2865, #692, #578, .T. ) ;
#3384 = EDGE_LOOP ( 'NONE', ( #1577, #179, #259, #2380, #2703, #225 ) ) ;
#3385 = CARTESIAN_POINT ( 'NONE',  ( -6.000000000000000888, -1.102182119232618108E-15, 3.250000000000000000 ) ) ;
#3386 = CARTESIAN_POINT ( 'NONE',  ( 5.350480947161678102, -2.216241773533210058, 2.062500000000005329 ) ) ;
#3387 = CARTESIAN_POINT ( 'NONE',  ( -3.783361360347445412, 3.783361360347443636, -1.374999999999994227 ) ) ;
#3388 = CARTESIAN_POINT ( 'NONE',  ( 3.783361360347444080, 3.783361360347444968, 0.2500000000000054401 ) ) ;
#3389 = FACE_OUTER_BOUND ( 'NONE', #1746, .T. ) ;
#3390 = CARTESIAN_POINT ( 'NONE',  ( 5.350480947161678102, 2.216241773533211390, -1.812499999999994671 ) ) ;
#3391 = CARTESIAN_POINT ( 'NONE',  ( 2.216241773533211390, 5.350480947161678102, -4.562499999999993783 ) ) ;
#3392 =( BOUNDED_CURVE ( )  B_SPLINE_CURVE ( 2, ( #3613, #138, #2938, #775, #3303, #1384, #796, #1405, #118, #1730, #447, #2956, #2670, #3000, #2650, #1087, #467, #3282, #3632, #183, #3949, #2139, #1472, #947, #4053, #607, #1862, #4015, #3106, #1491, #3735, #2193, #2172, #3085, #2116, #3423, #2794, #3129, #288, #307, #2813, #1229, #2775, #1550, #1818, #2736, #925, #569, #886, #1189, #862, #4076, #1245, #3370, #2508, #3754, #3441, #2484, #1778, #3405, #3044, #1208, #3994, #904, #2447, #3674, #229, #1166, #2423, #547, #2469, #3064, #1797, #3696, #2154, #248, #4037, #267, #2753, #588, #3387, #1511, #3719, #1840, #1532, #386, #3500, #1952, #1304, #2546, #3459, #33, #324, #2275, #2254, #1621, #2892, #1907, #2568, #650, #689, #984, #2213, #1265, #1566, #3165, #3817, #1324, #73, #2829, #1885, #2589, #3199, #3839, #3792, #1006, #3148, #1021, #3521, #1928, #54, #709, #629, #343, #11, #2525, #3773, #964, #1584, #2850, #1284, #2235, #3479, #670, #3182, #2871, #363, #1604, #258, #1256, #277, #1811, #1181, #2436, #4067, #3710, #240, #2746, #3099 ),
 .UNSPECIFIED., .F., .T. ) 
 B_SPLINE_CURVE_WITH_KNOTS ( ( 3, 2, 2, 2, 2, 2, 2, 2, 2, 2, 2, 2, 2, 2, 2, 2, 2, 2, 2, 2, 2, 2, 2, 2, 2, 2, 2, 2, 2, 2, 2, 2, 2, 2, 2, 2, 2, 2, 2, 2, 2, 2, 2, 2, 2, 2, 2, 2, 2, 2, 2, 2, 2, 2, 2, 2, 2, 2, 2, 2, 2, 2, 2, 2, 2, 2, 2, 2, 2, 2, 2, 2, 2, 2, 3 ),
 ( 0.2236276219299379031, 0.2307692307692307820, 0.2403846153846153910, 0.2500000000000000000, 0.2596153846153846367, 0.2692307692307692180, 0.2788461538461538547, 0.2884615384615384359, 0.2980769230769230727, 0.3076923076923077094, 0.3173076923076922906, 0.3269230769230769273, 0.3365384615384615641, 0.3461538461538461453, 0.3557692307692307820, 0.3653846153846153633, 0.3750000000000000000, 0.3846153846153846367, 0.3942307692307692180, 0.4038461538461538547, 0.4134615384615384359, 0.4230769230769230171, 0.4326923076923077094, 0.4423076923076922906, 0.4519230769230769273, 0.4615384615384615641, 0.4711538461538461453, 0.4807692307692307820, 0.4903846153846153633, 0.5000000000000000000, 0.5096153846153845812, 0.5192307692307692735, 0.5288461538461538547, 0.5384615384615384359, 0.5480769230769231282, 0.5576923076923077094, 0.5673076923076922906, 0.5769230769230768718, 0.5865384615384614531, 0.5961538461538461453, 0.6057692307692307265, 0.6153846153846154188, 0.6250000000000000000, 0.6346153846153845812, 0.6442307692307692735, 0.6538461538461538547, 0.6634615384615385469, 0.6730769230769231282, 0.6826923076923077094, 0.6923076923076922906, 0.7019230769230768718, 0.7115384615384614531, 0.7211538461538461453, 0.7307692307692307265, 0.7403846153846154188, 0.7500000000000000000, 0.7596153846153845812, 0.7692307692307692735, 0.7788461538461538547, 0.7884615384615384359, 0.7980769230769231282, 0.8076923076923077094, 0.8173076923076922906, 0.8269230769230768718, 0.8365384615384615641, 0.8461538461538461453, 0.8557692307692307265, 0.8653846153846154188, 0.8750000000000000000, 0.8846153846153845812, 0.8942307692307692735, 0.9038461538461538547, 0.9134615384615384359, 0.9230769230769231282, 0.9302185319162169508 ),
 .UNSPECIFIED. ) 
 CURVE ( )  GEOMETRIC_REPRESENTATION_ITEM ( )  RATIONAL_B_SPLINE_CURVE ( ( 0.9709092771459102433, 0.9434632492392760472, 1.000000000000000000, 0.9238795325112867385, 1.000000000000000000, 0.9238795325112867385, 1.000000000000000000, 0.9238795325112867385, 1.000000000000000000, 0.9238795325112867385, 1.000000000000000000, 0.9238795325112867385, 1.000000000000000000, 0.9238795325112867385, 1.000000000000000000, 0.9238795325112867385, 1.000000000000000000, 0.9238795325112867385, 1.000000000000000000, 0.9238795325112867385, 1.000000000000000000, 0.9238795325112867385, 1.000000000000000000, 0.9238795325112867385, 1.000000000000000000, 0.9238795325112867385, 1.000000000000000000, 0.9238795325112867385, 1.000000000000000000, 0.9238795325112867385, 1.000000000000000000, 0.9238795325112867385, 1.000000000000000000, 0.9238795325112867385, 1.000000000000000000, 0.9238795325112867385, 1.000000000000000000, 0.9238795325112867385, 1.000000000000000000, 0.9238795325112867385, 1.000000000000000000, 0.9238795325112867385, 1.000000000000000000, 0.9238795325112867385, 1.000000000000000000, 0.9238795325112867385, 1.000000000000000000, 0.9238795325112867385, 1.000000000000000000, 0.9238795325112867385, 1.000000000000000000, 0.9238795325112867385, 1.000000000000000000, 0.9238795325112867385, 1.000000000000000000, 0.9238795325112867385, 1.000000000000000000, 0.9238795325112867385, 1.000000000000000000, 0.9238795325112867385, 1.000000000000000000, 0.9238795325112867385, 1.000000000000000000, 0.9238795325112867385, 1.000000000000000000, 0.9238795325112867385, 1.000000000000000000, 0.9238795325112867385, 1.000000000000000000, 0.9238795325112867385, 1.000000000000000000, 0.9238795325112867385, 1.000000000000000000, 0.9238795325112867385, 1.000000000000000000, 0.9238795325112867385, 1.000000000000000000, 0.9238795325112867385, 1.000000000000000000, 0.9238795325112867385, 1.000000000000000000, 0.9238795325112867385, 1.000000000000000000, 0.9238795325112867385, 1.000000000000000000, 0.9238795325112867385, 1.000000000000000000, 0.9238795325112867385, 1.000000000000000000, 0.9238795325112867385, 1.000000000000000000, 0.9238795325112867385, 1.000000000000000000, 0.9238795325112867385, 1.000000000000000000, 0.9238795325112867385, 1.000000000000000000, 0.9238795325112867385, 1.000000000000000000, 0.9238795325112867385, 1.000000000000000000, 0.9238795325112867385, 1.000000000000000000, 0.9238795325112867385, 1.000000000000000000, 0.9238795325112867385, 1.000000000000000000, 0.9238795325112867385, 1.000000000000000000, 0.9238795325112867385, 1.000000000000000000, 0.9238795325112867385, 1.000000000000000000, 0.9238795325112867385, 1.000000000000000000, 0.9238795325112867385, 1.000000000000000000, 0.9238795325112867385, 1.000000000000000000, 0.9238795325112867385, 1.000000000000000000, 0.9238795325112867385, 1.000000000000000000, 0.9238795325112867385, 1.000000000000000000, 0.9238795325112867385, 1.000000000000000000, 0.9238795325112867385, 1.000000000000000000, 0.9238795325112867385, 1.000000000000000000, 0.9238795325112867385, 1.000000000000000000, 0.9238795325112867385, 1.000000000000000000, 0.9238795325112867385, 1.000000000000000000, 0.9238795325112867385, 1.000000000000000000, 0.9238795325112867385, 1.000000000000000000, 0.9238795325112867385, 1.000000000000000000, 0.9238795325112867385, 1.000000000000000000, 0.9238795325112867385, 1.000000000000000000, 0.9434632492392682757, 0.9709092771459177929 ) ) 
 REPRESENTATION_ITEM ( '' )  );
#3393 = CARTESIAN_POINT ( 'NONE',  ( 2.507701340964017866, -6.054126587736527121, 3.531250000000000000 ) ) ;
#3394 = CARTESIAN_POINT ( 'NONE',  ( 9.499999999999996447, -3.665793033566767445, -5.699382603354505861 ) ) ;
#3395 = CARTESIAN_POINT ( 'NONE',  ( -6.054126587736526233, -1.112125012095663524E-15, -1.843749999999998224 ) ) ;
#3396 = CARTESIAN_POINT ( 'NONE',  ( 6.552449365840447993E-16, -5.350480947161678102, -2.999999999999993783 ) ) ;
#3397 = CARTESIAN_POINT ( 'NONE',  ( 5.999999999999978684, -2.485281374238592189, -4.312500000000000888 ) ) ;
#3398 = VERTEX_POINT ( 'NONE', #2188 ) ;
#3399 = CARTESIAN_POINT ( 'NONE',  ( -2.485281374238569541, -6.000000000000003553, 0.4374999999999997780 ) ) ;
#3400 = CARTESIAN_POINT ( 'NONE',  ( 5.796997393326668302, 0.6722067104084435973, 3.868241447108969222 ) ) ;
#3401 = CARTESIAN_POINT ( 'NONE',  ( 0.000000000000000000, 0.000000000000000000, 6.000000000000000000 ) ) ;
#3402 = ORIENTED_EDGE ( 'NONE', *, *, #2928, .F. ) ;
#3403 = CYLINDRICAL_SURFACE ( 'NONE', #4051, 6.425240473580843492 ) ;
#3404 = CARTESIAN_POINT ( 'NONE',  ( 0.000000000000000000, 5.350480947161678102, 3.375000000000005773 ) ) ;
#3405 = CARTESIAN_POINT ( 'NONE',  ( -2.216241773533209614, -5.350480947161678991, -0.06249999999999398398 ) ) ;
#3406 = ADVANCED_FACE ( 'NONE', ( #48 ), #2837, .T. ) ;
#3407 = CARTESIAN_POINT ( 'NONE',  ( -2.216241773533209614, -5.350480947161678991, 3.812500000000005329 ) ) ;
#3408 = AXIS2_PLACEMENT_3D ( 'NONE', #1271, #1958, #2856 ) ;
#3409 = CARTESIAN_POINT ( 'NONE',  ( -3.783361360347444080, -3.783361360347445412, -0.2499999999999941436 ) ) ;
#3410 = DIRECTION ( 'NONE',  ( 0.000000000000000000, 0.9063077870366498257, -0.4226182617406996078 ) ) ;
#3411 = CARTESIAN_POINT ( 'NONE',  ( -3.783361360347444080, -3.783361360347445412, -5.124999999999993783 ) ) ;
#3412 = CARTESIAN_POINT ( 'NONE',  ( -6.054126587736525344, 2.507701340964018311, 2.156250000000000444 ) ) ;
#3413 = DIRECTION ( 'NONE',  ( 0.4999999999999998890, -0.8660254037844387076, 0.000000000000000000 ) ) ;
#3414 = CARTESIAN_POINT ( 'NONE',  ( -2.216241773533209614, -5.350480947161678991, -3.062499999999993783 ) ) ;
#3415 = CARTESIAN_POINT ( 'NONE',  ( 6.000000000000000888, 3.673940397442060361E-16, -2.250000000000001332 ) ) ;
#3416 = VERTEX_POINT ( 'NONE', #2541 ) ;
#3417 = CARTESIAN_POINT ( 'NONE',  ( 0.000000000000000000, 7.500000000000000000, 4.000000000000000000 ) ) ;
#3418 = ORIENTED_EDGE ( 'NONE', *, *, #1519, .F. ) ;
#3419 = CARTESIAN_POINT ( 'NONE',  ( -2.507701340964020531, 6.054126587736524456, -5.031249999999997335 ) ) ;
#3420 = CARTESIAN_POINT ( 'NONE',  ( -1.561251128379126701E-14, -10.96965511460290088, 3.314688565214003457 ) ) ;
#3421 = AXIS2_PLACEMENT_3D ( 'NONE', #2317, #2950, #1379 ) ;
#3422 = CARTESIAN_POINT ( 'NONE',  ( -5.350480947161677214, 2.216241773533211834, 0.5625000000000055511 ) ) ;
#3423 = CARTESIAN_POINT ( 'NONE',  ( 2.216241773533210946, 5.350480947161678102, 1.437500000000005551 ) ) ;
#3424 = CARTESIAN_POINT ( 'NONE',  ( -5.350480947161677214, -2.216241773533213610, 3.687500000000005329 ) ) ;
#3425 = AXIS2_PLACEMENT_3D ( 'NONE', #257, #1788, #1459 ) ;
#3426 = ORIENTED_EDGE ( 'NONE', *, *, #376, .F. ) ;
#3427 = DIRECTION ( 'NONE',  ( -0.000000000000000000, 1.939024098649975398E-16, -1.000000000000000000 ) ) ;
#3428 = CARTESIAN_POINT ( 'NONE',  ( -3.783361360347444080, -3.783361360347445412, -2.249999999999995115 ) ) ;
#3429 = FACE_OUTER_BOUND ( 'NONE', #2564, .T. ) ;
#3430 = CARTESIAN_POINT ( 'NONE',  ( -5.350480947161677214, -2.216241773533213610, -5.187499999999993783 ) ) ;
#3431 = CARTESIAN_POINT ( 'NONE',  ( 6.000000000000000888, 3.673940397442060854E-16, 0.6250000000000035527 ) ) ;
#3432 = ADVANCED_FACE ( 'NONE', ( #3176 ), #1598, .F. ) ;
#3433 = CARTESIAN_POINT ( 'NONE',  ( 6.054126587736526233, 3.707083373652212077E-16, 3.718750000000000000 ) ) ;
#3434 = CARTESIAN_POINT ( 'NONE',  ( -1.063868658281872603, 5.243646616989522613, -5.593750000000005329 ) ) ;
#3435 = CARTESIAN_POINT ( 'NONE',  ( -5.350480947161677214, -2.216241773533213610, -1.187499999999994227 ) ) ;
#3436 = ORIENTED_EDGE ( 'NONE', *, *, #906, .F. ) ;
#3437 = FACE_OUTER_BOUND ( 'NONE', #4068, .T. ) ;
#3438 = VERTEX_POINT ( 'NONE', #1805 ) ;
#3439 = CARTESIAN_POINT ( 'NONE',  ( 5.350480947161678102, -2.216241773533210946, 4.187500000000005329 ) ) ;
#3440 = CARTESIAN_POINT ( 'NONE',  ( -5.350480947161678102, -9.828674048760671990E-16, -0.3749999999999942824 ) ) ;
#3441 = CARTESIAN_POINT ( 'NONE',  ( 3.783361360347444968, -3.783361360347444080, 0.1250000000000053291 ) ) ;
#3442 = CARTESIAN_POINT ( 'NONE',  ( 5.350480947161678102, 3.276224682920223997E-16, 1.125000000000005329 ) ) ;
#3443 = ORIENTED_EDGE ( 'NONE', *, *, #1466, .F. ) ;
#3444 = CARTESIAN_POINT ( 'NONE',  ( -4.242640687119286547, 4.242640687119284770, -3.875000000000000444 ) ) ;
#3445 = CARTESIAN_POINT ( 'NONE',  ( -3.783361360347444080, -3.783361360347445412, -6.249999999999995559 ) ) ;
#3446 = CARTESIAN_POINT ( 'NONE',  ( -4.640956513945102557, 3.895612150648552596, -6.000000000000000888 ) ) ;
#3447 = CARTESIAN_POINT ( 'NONE',  ( 5.350480947161678102, 2.216241773533211390, -5.687499999999994671 ) ) ;
#3448 = CARTESIAN_POINT ( 'NONE',  ( -4.280913964350272494, 4.280913964350270717, 0.09375000000000008327 ) ) ;
#3449 = CARTESIAN_POINT ( 'NONE',  ( -5.350480947161678102, -9.828674048760671990E-16, -1.249999999999994227 ) ) ;
#3450 = CARTESIAN_POINT ( 'NONE',  ( 6.000000000000000888, 7.347880794884120722E-16, 6.000000000000000000 ) ) ;
#3451 = ORIENTED_EDGE ( 'NONE', *, *, #742, .F. ) ;
#3452 = DIRECTION ( 'NONE',  ( 0.000000000000000000, 1.000000000000000000, 1.826024711554533420E-16 ) ) ;
#3453 = ADVANCED_FACE ( 'NONE', ( #4063 ), #3763, .F. ) ;
#3454 = APPROVAL_DATE_TIME ( #960, #2019 ) ;
#3455 = VERTEX_POINT ( 'NONE', #911 ) ;
#3456 = CARTESIAN_POINT ( 'NONE',  ( -3.752150093637758754, 4.757728125509886219, 4.000000000000000000 ) ) ;
#3457 = CARTESIAN_POINT ( 'NONE',  ( 2.216241773533211390, 5.350480947161678102, 3.437500000000005773 ) ) ;
#3458 = CARTESIAN_POINT ( 'NONE',  ( 5.350480947161678102, -2.216241773533210058, -2.937499999999993339 ) ) ;
#3459 = CARTESIAN_POINT ( 'NONE',  ( 6.552449365840447993E-16, -5.350480947161678102, -1.999999999999994893 ) ) ;
#3460 = CARTESIAN_POINT ( 'NONE',  ( 4.242640687119285658, -4.242640687119284770, -2.499999999999995559 ) ) ;
#3461 = CARTESIAN_POINT ( 'NONE',  ( 3.783361360347444968, -3.783361360347444080, 2.000000000000005329 ) ) ;
#3462 = CARTESIAN_POINT ( 'NONE',  ( -6.054126587736526233, -1.112125012095663524E-15, -0.8437499999999973355 ) ) ;
#3463 = CARTESIAN_POINT ( 'NONE',  ( -6.054126587738312359, -0.3988525379617154365, -6.000000000000000888 ) ) ;
#3464 = CARTESIAN_POINT ( 'NONE',  ( 3.783361360347444968, -3.783361360347444080, -5.999999999999994671 ) ) ;
#3465 = CARTESIAN_POINT ( 'NONE',  ( 0.000000000000000000, 10.96965511460289378, 3.314688565214007454 ) ) ;
#3466 = CIRCLE ( 'NONE', #1623, 6.054126587736530674 ) ;
#3467 = CARTESIAN_POINT ( 'NONE',  ( 6.054126587736527121, -2.507701340964016534, -0.3437500000000002776 ) ) ;
#3468 = CARTESIAN_POINT ( 'NONE',  ( 3.783361360347444968, -3.783361360347444080, -4.874999999999993783 ) ) ;
#3469 = CARTESIAN_POINT ( 'NONE',  ( 0.000000000000000000, -9.500000000000003553, -6.000000000000007105 ) ) ;
#3470 = CARTESIAN_POINT ( 'NONE',  ( -5.925223252060443535, 0.2904814240709469031, -5.925577624448485459 ) ) ;
#3471 = CARTESIAN_POINT ( 'NONE',  ( 2.216241773533212278, -5.350480947161678102, 2.062500000000005329 ) ) ;
#3472 = DIRECTION ( 'NONE',  ( -0.000000000000000000, -0.000000000000000000, -1.000000000000000000 ) ) ;
#3473 = CARTESIAN_POINT ( 'NONE',  ( 5.541188686104852046, -7.770448335049749744, -6.000000000000010658 ) ) ;
#3474 = CALENDAR_DATE ( 2026, 22, 8 ) ;
#3475 = ORIENTED_EDGE ( 'NONE', *, *, #2785, .F. ) ;
#3476 = EDGE_CURVE ( 'NONE', #2259, #3523, #3703, .T. ) ;
#3477 = LINE ( 'NONE', #667, #694 ) ;
#3478 = CARTESIAN_POINT ( 'NONE',  ( -3.783361360347445412, 3.783361360347443636, -0.4999999999999943934 ) ) ;
#3479 = CARTESIAN_POINT ( 'NONE',  ( 3.783361360347444080, 3.783361360347444968, -4.624999999999993783 ) ) ;
#3480 = CARTESIAN_POINT ( 'NONE',  ( -2.485281374238575314, 5.999999999999999112, -2.062499999999997335 ) ) ;
#3481 = CARTESIAN_POINT ( 'NONE',  ( 2.216241773533212278, -5.350480947161678102, -2.062499999999995115 ) ) ;
#3482 = ORIENTED_EDGE ( 'NONE', *, *, #930, .F. ) ;
#3483 = CARTESIAN_POINT ( 'NONE',  ( 4.280913964350270717, 4.280913964350271605, -1.218749999999997558 ) ) ;
#3484 = CARTESIAN_POINT ( 'NONE',  ( -4.553380262415407387, -3.994847100025907150, -5.999999999999997335 ) ) ;
#3485 = CARTESIAN_POINT ( 'NONE',  ( -2.485281374238569541, -6.000000000000003553, -0.6874999999999960032 ) ) ;
#3486 = CARTESIAN_POINT ( 'NONE',  ( -4.696549073645618577, -3.460466073392041153, -5.871023031674005743 ) ) ;
#3487 = CYLINDRICAL_SURFACE ( 'NONE', #1004, 6.000000000000000888 ) ;
#3488 = VECTOR ( 'NONE', #2038, 1000.000000000000000 ) ;
#3489 = CARTESIAN_POINT ( 'NONE',  ( -6.000000000000000888, -1.102182119232618108E-15, -1.750000000000000222 ) ) ;
#3490 = CARTESIAN_POINT ( 'NONE',  ( 7.414166747304424153E-16, -6.054126587736526233, -0.5312500000000004441 ) ) ;
#3491 = CARTESIAN_POINT ( 'NONE',  ( -5.350480947161678102, -9.828674048760671990E-16, 5.625000000000006217 ) ) ;
#3492 = AXIS2_PLACEMENT_3D ( 'NONE', #1413, #3621, #806 ) ;
#3493 = CARTESIAN_POINT ( 'NONE',  ( -2.964495102771462776, 5.520786271467110318, -5.920456895716329271 ) ) ;
#3494 = CARTESIAN_POINT ( 'NONE',  ( 5.021020104315014443, -2.788236754422988461, 3.818815811428945661 ) ) ;
#3495 = DESIGN_CONTEXT ( 'detailed design', #3102, 'design' ) ;
#3496 = DIRECTION ( 'NONE',  ( -1.000000000000000000, 0.000000000000000000, 0.000000000000000000 ) ) ;
#3497 = ORIENTED_EDGE ( 'NONE', *, *, #473, .T. ) ;
#3498 = CARTESIAN_POINT ( 'NONE',  ( 3.783361360347444080, 3.783361360347444968, 6.375000000000005329 ) ) ;
#3499 = CARTESIAN_POINT ( 'NONE',  ( -3.783361360347445412, 3.783361360347443636, -1.499999999999994449 ) ) ;
#3500 = CARTESIAN_POINT ( 'NONE',  ( 5.350480947161678102, 3.276224682920223997E-16, -1.749999999999994671 ) ) ;
#3501 = CARTESIAN_POINT ( 'NONE',  ( 0.000000000000000000, 6.000000000000000888, -2.124999999999997335 ) ) ;
#3502 = EDGE_CURVE ( 'NONE', #2968, #2777, #1825, .T. ) ;
#3503 = CARTESIAN_POINT ( 'NONE',  ( 5.350480947161678102, 2.216241773533211390, -3.812499999999994671 ) ) ;
#3504 = ORIENTED_EDGE ( 'NONE', *, *, #853, .F. ) ;
#3505 = CARTESIAN_POINT ( 'NONE',  ( 2.507701340964016978, 6.054126587736527121, -0.1562499999999975575 ) ) ;
#3506 = CARTESIAN_POINT ( 'NONE',  ( 7.347880794884120722E-16, -6.000000000000000888, 3.499999999999999556 ) ) ;
#3507 = CARTESIAN_POINT ( 'NONE',  ( -2.216241773533214054, 5.350480947161677214, -6.562499999999994671 ) ) ;
#3508 = CARTESIAN_POINT ( 'NONE',  ( -5.302113030785637449, -2.517304186644007569, -5.886497252159805349 ) ) ;
#3509 = EDGE_CURVE ( 'NONE', #1487, #2777, #1185, .T. ) ;
#3510 = CARTESIAN_POINT ( 'NONE',  ( -6.054126587736524456, -2.507701340964020531, 0.2812500000000002220 ) ) ;
#3511 = CARTESIAN_POINT ( 'NONE',  ( 5.350480947161678102, 2.216241773533211390, 4.187500000000005329 ) ) ;
#3512 = AXIS2_PLACEMENT_3D ( 'NONE', #94, #1040, #2297 ) ;
#3513 = CIRCLE ( 'NONE', #700, 1.999999999999998224 ) ;
#3514 = DIRECTION ( 'NONE',  ( -0.000000000000000000, 1.939024098649975398E-16, -1.000000000000000000 ) ) ;
#3515 = ORIENTED_EDGE ( 'NONE', *, *, #1638, .F. ) ;
#3516 = CARTESIAN_POINT ( 'NONE',  ( 4.242640687119284770, 4.242640687119285658, 1.874999999999999334 ) ) ;
#3517 =( BOUNDED_CURVE ( )  B_SPLINE_CURVE ( 2, ( #1508, #1882, #2505, #1581, #3789, #666, #3179, #1057, #1619 ),
 .UNSPECIFIED., .F., .T. ) 
 B_SPLINE_CURVE_WITH_KNOTS ( ( 3, 2, 2, 2, 3 ),
 ( 0.3653846153846154743, 0.3750000000000001110, 0.3846153846153846922, 0.3942307692307692735, 0.4038461538461539102 ),
 .UNSPECIFIED. ) 
 CURVE ( )  GEOMETRIC_REPRESENTATION_ITEM ( )  RATIONAL_B_SPLINE_CURVE ( ( 0.9999999999999991118, 0.9238795325112876267, 1.000000000000000000, 0.9238795325112867385, 1.000000000000000000, 0.9238795325112867385, 1.000000000000000000, 0.9238795325112862944, 1.000000000000000444 ) ) 
 REPRESENTATION_ITEM ( '' )  );
#3518 = CARTESIAN_POINT ( 'NONE',  ( -2.507701340964015202, -6.054126587736528009, -1.656249999999998002 ) ) ;
#3519 = VERTEX_POINT ( 'NONE', #1668 ) ;
#3520 = CARTESIAN_POINT ( 'NONE',  ( -5.350480947161677214, -2.216241773533214054, -2.312499999999995115 ) ) ;
#3521 = CARTESIAN_POINT ( 'NONE',  ( 5.350480947161678102, 3.276224682920223997E-16, -3.749999999999994671 ) ) ;
#3522 = CARTESIAN_POINT ( 'NONE',  ( -2.216241773533209614, -5.350480947161678991, -0.1874999999999940881 ) ) ;
#3523 = VERTEX_POINT ( 'NONE', #1960 ) ;
#3524 = CARTESIAN_POINT ( 'NONE',  ( 6.054126587736527121, -2.507701340964016534, 0.5937500000000022204 ) ) ;
#3525 = CARTESIAN_POINT ( 'NONE',  ( -4.750000000000003553, 8.227241335952172108, 4.000000000000000000 ) ) ;
#3526 = EDGE_CURVE ( 'NONE', #3629, #404, #3668, .T. ) ;
#3527 = CARTESIAN_POINT ( 'NONE',  ( -5.350480947161677214, -2.216241773533213610, -4.312499999999994671 ) ) ;
#3528 = CARTESIAN_POINT ( 'NONE',  ( 0.5767396692019320925, -5.671828504148625605, -5.789140957618251093 ) ) ;
#3529 = CARTESIAN_POINT ( 'NONE',  ( -2.485281374238569541, -6.000000000000003553, -1.562500000000000000 ) ) ;
#3530 = CARTESIAN_POINT ( 'NONE',  ( 6.054126587736526233, 3.707083373652212077E-16, 0.7187499999999997780 ) ) ;
#3531 = EDGE_CURVE ( 'NONE', #3100, #2259, #1696, .T. ) ;
#3532 = CARTESIAN_POINT ( 'NONE',  ( -5.350480947161677214, -2.216241773533213610, -6.187499999999994671 ) ) ;
#3533 =( BOUNDED_SURFACE ( )  B_SPLINE_SURFACE ( 1, 2, ( 
 ( #436, #3180, #3498, #2544, #3815, #3197, #945, #1926, #2211, #340, #2170, #2811, #2191, #1949, #2869, #3790, #4074, #605, #687, #982, #1674, #1563, #2232, #3127, #304, #1243, #127, #1372, #1548, #1860, #1582, #52, #2506, #962, #1301, #1905, #3751, #3439, #626, #2566, #1883, #1003, #3146, #2827, #2252, #8, #1263, #2523, #3771, #3457, #648, #3163, #2848, #31, #215, #2700, #808, #192, #830, #3935, #237, #3292, #3602, #1435, #3662, #3051, #1415, #3576, #2330, #784, #1720, #3912, #2392, #764, #3313, #1073, #2726, #1156, #148, #1764, #3958, #2022, #456, #2041, #2087, #1458, #3982, #516, #2412, #1137, #2677, #2350, #171, #3267, #3642, #3339, #535, #3028, #478, #850, #2986, #2105, #1482, #3357, #1114, #1394, #2372, #3894, #1096, #1787, #3622, #1697, #2964, #2658, #2064, #495, #1742, #3008, #558, #2743, #3074, #4045, #1523, #3435, #3449, #256, #3377, #1809, #1500, #1873, #2163, #4025, #1557, #2145, #3120, #1199, #3728, #2784, #3138, #1851, #2764, #2821, #2475, #914, #2458, #3707, #276, #618, #934, #1216, #638, #1254, #3396, #3414, #598, #577, #297, #4088, #1539, #895, #3744, #1895, #2804, #1828, #3098, #3684, #4066, #2496, #3765, #2518, #1236, #1176, #955, #314, #2202, #2185, #3156, #2433, #333, #4004, #872, #2125, #3468, #3828, #1981, #3803, #2288, #2841, #1632, #1962, #972, #3190, #1918, #43, #702, #1294, #995, #660, #2599, #1353, #23, #3850, #63, #3532, #722, #2536, #1333, #2245, #1574 ),
 ( #2222, #1275, #1014, #394, #3172, #1613, #85, #2576, #2000, #2555, #353, #1034, #3491, #413, #104, #1595, #2922, #3210, #3227, #2861, #682, #3782, #1941, #1653, #1312, #739, #377, #2616, #2265, #3869, #2881, #1051, #2308, #3551, #3246, #3511, #2901, #431, #759, #1714, #3287, #1131, #1152, #2017, #1068, #2327, #3262, #3638, #3930, #1693, #3333, #3908, #801, #2960, #1409, #471, #823, #3616, #3572, #510, #166, #2673, #450, #142, #2037, #2387, #2695, #2982, #2407, #3023, #1091, #1110, #2368, #2345, #2058, #1760, #3309, #1389, #1430, #3657, #491, #2653, #3597, #1369, #779, #186, #1452, #212, #1736, #2940, #2721, #2081, #3977, #3004, #3954, #121, #845, #2102, #1670, #2634, #3886, #1516, #3740, #1497, #4058, #530, #3409, #3723, #2739, #889, #3678, #1802, #2472, #3069, #2758, #1170, #293, #3133, #1782, #1535, #1822, #1232, #2490, #232, #3112, #4019, #3353, #3047, #2141, #2799, #3999, #3390, #310, #908, #2158, #1553, #3373, #1193, #3428, #1477, #951, #2817, #592, #4080, #573, #1250, #1844, #2512, #2452, #929, #2427, #865, #2120, #3760, #553, #251, #3700, #2779, #2177, #3090, #270, #612, #4040, #1211, #1868, #17, #391, #655, #1027, #716, #2217, #3527, #2572, #38, #696, #1269, #1627, #3151, #1956, #79, #100, #2594, #1011, #3186, #3822, #3205, #2240, #2612, #1588, #1912, #2262, #1977, #1349, #3798, #1889, #634, #3168, #1289, #3464, #2898, #329, #1608, #3445, #2281, #3223, #2529, #1328, #3507, #1569 ) ),
 .UNSPECIFIED., .F., .F., .T. ) 
 B_SPLINE_SURFACE_WITH_KNOTS ( ( 2, 2 ),
 ( 3, 2, 2, 2, 2, 2, 2, 2, 2, 2, 2, 2, 2, 2, 2, 2, 2, 2, 2, 2, 2, 2, 2, 2, 2, 2, 2, 2, 2, 2, 2, 2, 2, 2, 2, 2, 2, 2, 2, 2, 2, 2, 2, 2, 2, 2, 2, 2, 2, 2, 2, 2, 2, 2, 2, 2, 2, 2, 2, 2, 2, 2, 2, 2, 2, 2, 2, 2, 2, 2, 2, 2, 2, 2, 2, 2, 2, 2, 2, 2, 2, 2, 2, 2, 2, 2, 2, 2, 2, 2, 2, 2, 2, 2, 2, 2, 2, 2, 2, 2, 2, 2, 2, 2, 3 ),
 ( 0.000000000000000000, 1.000000000000000000 ),
 ( 0.000000000000000000, 0.009615384615384615918, 0.01923076923076923184, 0.02884615384615384776, 0.03846153846153846367, 0.04807692307692307959, 0.05769230769230769551, 0.06730769230769230449, 0.07692307692307692735, 0.08653846153846153633, 0.09615384615384615918, 0.1057692307692307682, 0.1153846153846153910, 0.1250000000000000000, 0.1346153846153846090, 0.1442307692307692180, 0.1538461538461538547, 0.1634615384615384637, 0.1730769230769230727, 0.1826923076923076816, 0.1923076923076923184, 0.2019230769230769273, 0.2115384615384615363, 0.2211538461538461453, 0.2307692307692307820, 0.2403846153846153910, 0.2500000000000000000, 0.2596153846153846367, 0.2692307692307692180, 0.2788461538461538547, 0.2884615384615384359, 0.2980769230769230727, 0.3076923076923077094, 0.3173076923076922906, 0.3269230769230769273, 0.3365384615384615641, 0.3461538461538461453, 0.3557692307692307820, 0.3653846153846153633, 0.3750000000000000000, 0.3846153846153846367, 0.3942307692307692180, 0.4038461538461538547, 0.4134615384615384359, 0.4230769230769230727, 0.4326923076923077094, 0.4423076923076922906, 0.4519230769230769273, 0.4615384615384615641, 0.4711538461538461453, 0.4807692307692307820, 0.4903846153846153633, 0.5000000000000000000, 0.5096153846153845812, 0.5192307692307692735, 0.5288461538461538547, 0.5384615384615384359, 0.5480769230769231282, 0.5576923076923077094, 0.5673076923076922906, 0.5769230769230768718, 0.5865384615384615641, 0.5961538461538461453, 0.6057692307692307265, 0.6153846153846154188, 0.6250000000000000000, 0.6346153846153845812, 0.6442307692307692735, 0.6538461538461538547, 0.6634615384615384359, 0.6730769230769231282, 0.6826923076923077094, 0.6923076923076922906, 0.7019230769230768718, 0.7115384615384615641, 0.7211538461538461453, 0.7307692307692307265, 0.7403846153846154188, 0.7500000000000000000, 0.7596153846153845812, 0.7692307692307692735, 0.7788461538461538547, 0.7884615384615384359, 0.7980769230769231282, 0.8076923076923077094, 0.8173076923076922906, 0.8269230769230768718, 0.8365384615384615641, 0.8461538461538461453, 0.8557692307692307265, 0.8653846153846154188, 0.8750000000000000000, 0.8846153846153845812, 0.8942307692307692735, 0.9038461538461538547, 0.9134615384615384359, 0.9230769230769231282, 0.9326923076923077094, 0.9423076923076922906, 0.9519230769230768718, 0.9615384615384615641, 0.9711538461538461453, 0.9807692307692307265, 0.9903846153846154188, 1.000000000000000000 ),
 .UNSPECIFIED. ) 
 GEOMETRIC_REPRESENTATION_ITEM ( )  RATIONAL_B_SPLINE_SURFACE ( (
 ( 1.000000000000000000, 0.9238795325112867385, 1.000000000000000000, 0.9238795325112867385, 1.000000000000000000, 0.9238795325112867385, 1.000000000000000000, 0.9238795325112867385, 1.000000000000000000, 0.9238795325112867385, 1.000000000000000000, 0.9238795325112867385, 1.000000000000000000, 0.9238795325112867385, 1.000000000000000000, 0.9238795325112867385, 1.000000000000000000, 0.9238795325112867385, 1.000000000000000000, 0.9238795325112867385, 1.000000000000000000, 0.9238795325112867385, 1.000000000000000000, 0.9238795325112867385, 1.000000000000000000, 0.9238795325112867385, 1.000000000000000000, 0.9238795325112867385, 1.000000000000000000, 0.9238795325112867385, 1.000000000000000000, 0.9238795325112867385, 1.000000000000000000, 0.9238795325112867385, 1.000000000000000000, 0.9238795325112867385, 1.000000000000000000, 0.9238795325112867385, 1.000000000000000000, 0.9238795325112867385, 1.000000000000000000, 0.9238795325112867385, 1.000000000000000000, 0.9238795325112867385, 1.000000000000000000, 0.9238795325112867385, 1.000000000000000000, 0.9238795325112867385, 1.000000000000000000, 0.9238795325112867385, 1.000000000000000000, 0.9238795325112867385, 1.000000000000000000, 0.9238795325112867385, 1.000000000000000000, 0.9238795325112867385, 1.000000000000000000, 0.9238795325112867385, 1.000000000000000000, 0.9238795325112867385, 1.000000000000000000, 0.9238795325112867385, 1.000000000000000000, 0.9238795325112867385, 1.000000000000000000, 0.9238795325112867385, 1.000000000000000000, 0.9238795325112867385, 1.000000000000000000, 0.9238795325112867385, 1.000000000000000000, 0.9238795325112867385, 1.000000000000000000, 0.9238795325112867385, 1.000000000000000000, 0.9238795325112867385, 1.000000000000000000, 0.9238795325112867385, 1.000000000000000000, 0.9238795325112867385, 1.000000000000000000, 0.9238795325112867385, 1.000000000000000000, 0.9238795325112867385, 1.000000000000000000, 0.9238795325112867385, 1.000000000000000000, 0.9238795325112867385, 1.000000000000000000, 0.9238795325112867385, 1.000000000000000000, 0.9238795325112867385, 1.000000000000000000, 0.9238795325112867385, 1.000000000000000000, 0.9238795325112867385, 1.000000000000000000, 0.9238795325112867385, 1.000000000000000000, 0.9238795325112867385, 1.000000000000000000, 0.9238795325112867385, 1.000000000000000000, 0.9238795325112867385, 1.000000000000000000, 0.9238795325112867385, 1.000000000000000000, 0.9238795325112867385, 1.000000000000000000, 0.9238795325112867385, 1.000000000000000000, 0.9238795325112867385, 1.000000000000000000, 0.9238795325112867385, 1.000000000000000000, 0.9238795325112867385, 1.000000000000000000, 0.9238795325112867385, 1.000000000000000000, 0.9238795325112867385, 1.000000000000000000, 0.9238795325112867385, 1.000000000000000000, 0.9238795325112867385, 1.000000000000000000, 0.9238795325112867385, 1.000000000000000000, 0.9238795325112867385, 1.000000000000000000, 0.9238795325112867385, 1.000000000000000000, 0.9238795325112867385, 1.000000000000000000, 0.9238795325112867385, 1.000000000000000000, 0.9238795325112867385, 1.000000000000000000, 0.9238795325112867385, 1.000000000000000000, 0.9238795325112867385, 1.000000000000000000, 0.9238795325112867385, 1.000000000000000000, 0.9238795325112867385, 1.000000000000000000, 0.9238795325112867385, 1.000000000000000000, 0.9238795325112867385, 1.000000000000000000, 0.9238795325112867385, 1.000000000000000000, 0.9238795325112867385, 1.000000000000000000, 0.9238795325112867385, 1.000000000000000000, 0.9238795325112867385, 1.000000000000000000, 0.9238795325112867385, 1.000000000000000000, 0.9238795325112867385, 1.000000000000000000, 0.9238795325112867385, 1.000000000000000000, 0.9238795325112867385, 1.000000000000000000, 0.9238795325112867385, 1.000000000000000000, 0.9238795325112867385, 1.000000000000000000, 0.9238795325112867385, 1.000000000000000000, 0.9238795325112867385, 1.000000000000000000, 0.9238795325112867385, 1.000000000000000000, 0.9238795325112867385, 1.000000000000000000, 0.9238795325112867385, 1.000000000000000000, 0.9238795325112867385, 1.000000000000000000, 0.9238795325112867385, 1.000000000000000000, 0.9238795325112867385, 1.000000000000000000, 0.9238795325112867385, 1.000000000000000000, 0.9238795325112867385, 1.000000000000000000, 0.9238795325112867385, 1.000000000000000000, 0.9238795325112867385, 1.000000000000000000, 0.9238795325112867385, 1.000000000000000000, 0.9238795325112867385, 1.000000000000000000, 0.9238795325112867385, 1.000000000000000000, 0.9238795325112867385, 1.000000000000000000, 0.9238795325112867385, 1.000000000000000000, 0.9238795325112867385, 1.000000000000000000, 0.9238795325112867385, 1.000000000000000000, 0.9238795325112867385, 1.000000000000000000),
 ( 1.000000000000000000, 0.9238795325112867385, 1.000000000000000000, 0.9238795325112867385, 1.000000000000000000, 0.9238795325112867385, 1.000000000000000000, 0.9238795325112867385, 1.000000000000000000, 0.9238795325112867385, 1.000000000000000000, 0.9238795325112867385, 1.000000000000000000, 0.9238795325112867385, 1.000000000000000000, 0.9238795325112867385, 1.000000000000000000, 0.9238795325112867385, 1.000000000000000000, 0.9238795325112867385, 1.000000000000000000, 0.9238795325112867385, 1.000000000000000000, 0.9238795325112867385, 1.000000000000000000, 0.9238795325112867385, 1.000000000000000000, 0.9238795325112867385, 1.000000000000000000, 0.9238795325112867385, 1.000000000000000000, 0.9238795325112867385, 1.000000000000000000, 0.9238795325112867385, 1.000000000000000000, 0.9238795325112867385, 1.000000000000000000, 0.9238795325112867385, 1.000000000000000000, 0.9238795325112867385, 1.000000000000000000, 0.9238795325112867385, 1.000000000000000000, 0.9238795325112867385, 1.000000000000000000, 0.9238795325112867385, 1.000000000000000000, 0.9238795325112867385, 1.000000000000000000, 0.9238795325112867385, 1.000000000000000000, 0.9238795325112867385, 1.000000000000000000, 0.9238795325112867385, 1.000000000000000000, 0.9238795325112867385, 1.000000000000000000, 0.9238795325112867385, 1.000000000000000000, 0.9238795325112867385, 1.000000000000000000, 0.9238795325112867385, 1.000000000000000000, 0.9238795325112867385, 1.000000000000000000, 0.9238795325112867385, 1.000000000000000000, 0.9238795325112867385, 1.000000000000000000, 0.9238795325112867385, 1.000000000000000000, 0.9238795325112867385, 1.000000000000000000, 0.9238795325112867385, 1.000000000000000000, 0.9238795325112867385, 1.000000000000000000, 0.9238795325112867385, 1.000000000000000000, 0.9238795325112867385, 1.000000000000000000, 0.9238795325112867385, 1.000000000000000000, 0.9238795325112867385, 1.000000000000000000, 0.9238795325112867385, 1.000000000000000000, 0.9238795325112867385, 1.000000000000000000, 0.9238795325112867385, 1.000000000000000000, 0.9238795325112867385, 1.000000000000000000, 0.9238795325112867385, 1.000000000000000000, 0.9238795325112867385, 1.000000000000000000, 0.9238795325112867385, 1.000000000000000000, 0.9238795325112867385, 1.000000000000000000, 0.9238795325112867385, 1.000000000000000000, 0.9238795325112867385, 1.000000000000000000, 0.9238795325112867385, 1.000000000000000000, 0.9238795325112867385, 1.000000000000000000, 0.9238795325112867385, 1.000000000000000000, 0.9238795325112867385, 1.000000000000000000, 0.9238795325112867385, 1.000000000000000000, 0.9238795325112867385, 1.000000000000000000, 0.9238795325112867385, 1.000000000000000000, 0.9238795325112867385, 1.000000000000000000, 0.9238795325112867385, 1.000000000000000000, 0.9238795325112867385, 1.000000000000000000, 0.9238795325112867385, 1.000000000000000000, 0.9238795325112867385, 1.000000000000000000, 0.9238795325112867385, 1.000000000000000000, 0.9238795325112867385, 1.000000000000000000, 0.9238795325112867385, 1.000000000000000000, 0.9238795325112867385, 1.000000000000000000, 0.9238795325112867385, 1.000000000000000000, 0.9238795325112867385, 1.000000000000000000, 0.9238795325112867385, 1.000000000000000000, 0.9238795325112867385, 1.000000000000000000, 0.9238795325112867385, 1.000000000000000000, 0.9238795325112867385, 1.000000000000000000, 0.9238795325112867385, 1.000000000000000000, 0.9238795325112867385, 1.000000000000000000, 0.9238795325112867385, 1.000000000000000000, 0.9238795325112867385, 1.000000000000000000, 0.9238795325112867385, 1.000000000000000000, 0.9238795325112867385, 1.000000000000000000, 0.9238795325112867385, 1.000000000000000000, 0.9238795325112867385, 1.000000000000000000, 0.9238795325112867385, 1.000000000000000000, 0.9238795325112867385, 1.000000000000000000, 0.9238795325112867385, 1.000000000000000000, 0.9238795325112867385, 1.000000000000000000, 0.9238795325112867385, 1.000000000000000000, 0.9238795325112867385, 1.000000000000000000, 0.9238795325112867385, 1.000000000000000000, 0.9238795325112867385, 1.000000000000000000, 0.9238795325112867385, 1.000000000000000000, 0.9238795325112867385, 1.000000000000000000, 0.9238795325112867385, 1.000000000000000000, 0.9238795325112867385, 1.000000000000000000, 0.9238795325112867385, 1.000000000000000000, 0.9238795325112867385, 1.000000000000000000, 0.9238795325112867385, 1.000000000000000000, 0.9238795325112867385, 1.000000000000000000, 0.9238795325112867385, 1.000000000000000000, 0.9238795325112867385, 1.000000000000000000, 0.9238795325112867385, 1.000000000000000000, 0.9238795325112867385, 1.000000000000000000, 0.9238795325112867385, 1.000000000000000000, 0.9238795325112867385, 1.000000000000000000) ) ) 
 REPRESENTATION_ITEM ( '' )  SURFACE ( )  );
#3534 = FACE_OUTER_BOUND ( 'NONE', #3110, .T. ) ;
#3535 = ORIENTED_EDGE ( 'NONE', *, *, #540, .F. ) ;
#3536 = CARTESIAN_POINT ( 'NONE',  ( -3.783361360347444080, -3.783361360347445412, 0.8750000000000059952 ) ) ;
#3537 = B_SPLINE_CURVE_WITH_KNOTS ( 'NONE', 3,
 ( #207, #1446, #2715, #322, #923, #3420 ),
 .UNSPECIFIED., .F., .F.,
 ( 4, 2, 4 ),
 ( 0.005518201824544027162, 0.008253057247263590954, 0.01098791266998315475 ),
 .UNSPECIFIED. ) ;
#3538 = CYLINDRICAL_SURFACE ( 'NONE', #1030, 6.000000000000000888 ) ;
#3539 = CARTESIAN_POINT ( 'NONE',  ( 6.054126587736527121, -2.507701340964016534, 2.593750000000002220 ) ) ;
#3540 = ORIENTED_EDGE ( 'NONE', *, *, #2306, .F. ) ;
#3541 = CARTESIAN_POINT ( 'NONE',  ( 3.783361360347444080, 3.783361360347444968, -4.749999999999993783 ) ) ;
#3542 =( BOUNDED_CURVE ( )  B_SPLINE_CURVE ( 2, ( #723, #3211, #1315, #703, #3231, #380, #3556, #3805, #2864 ),
 .UNSPECIFIED., .F., .T. ) 
 B_SPLINE_CURVE_WITH_KNOTS ( ( 3, 2, 2, 2, 3 ),
 ( 0.3653846153846154743, 0.3750000000000000555, 0.3846153846153846367, 0.3942307692307693290, 0.4038461538461539102 ),
 .UNSPECIFIED. ) 
 CURVE ( )  GEOMETRIC_REPRESENTATION_ITEM ( )  RATIONAL_B_SPLINE_CURVE ( ( 0.9999999999999995559, 0.9238795325112871826, 1.000000000000000000, 0.9238795325112867385, 1.000000000000000000, 0.9238795325112867385, 1.000000000000000000, 0.9238795325112862944, 1.000000000000000444 ) ) 
 REPRESENTATION_ITEM ( '' )  );
#3543 = CARTESIAN_POINT ( 'NONE',  ( -5.350480947161677214, 2.216241773533212278, -0.4374999999999943379 ) ) ;
#3544 = EDGE_LOOP ( 'NONE', ( #2477, #1625, #2300 ) ) ;
#3545 = CARTESIAN_POINT ( 'NONE',  ( -6.054126587736525344, 2.507701340964018311, 0.09375000000000270617 ) ) ;
#3546 = ORIENTED_EDGE ( 'NONE', *, *, #1097, .T. ) ;
#3547 = CARTESIAN_POINT ( 'NONE',  ( 6.054126587736527121, -0.3947580570485160201, -5.999999999999998224 ) ) ;
#3548 = CARTESIAN_POINT ( 'NONE',  ( 0.000000000000000000, 6.000000000000000888, 2.875000000000003997 ) ) ;
#3549 = DIRECTION ( 'NONE',  ( -0.000000000000000000, 1.939024098649975398E-16, -1.000000000000000000 ) ) ;
#3550 = CARTESIAN_POINT ( 'NONE',  ( 6.054126587736527121, 2.507701340964017422, -3.218749999999999556 ) ) ;
#3551 = CARTESIAN_POINT ( 'NONE',  ( 2.216241773533211390, 5.350480947161678102, 4.312500000000005329 ) ) ;
#3552 = AXIS2_PLACEMENT_3D ( 'NONE', #3360, #1203, #3057 ) ;
#3553 = CIRCLE ( 'NONE', #868, 9.500000000000001776 ) ;
#3554 = EDGE_CURVE ( 'NONE', #3100, #3665, #1592, .T. ) ;
#3555 = CIRCLE ( 'NONE', #1783, 9.500000000000001776 ) ;
#3556 = CARTESIAN_POINT ( 'NONE',  ( -4.242640687119286547, 4.242640687119284770, -0.9999999999999961142 ) ) ;
#3557 = CARTESIAN_POINT ( 'NONE',  ( 5.759440154619968943, -0.7298130401027862479, 3.849694185945516267 ) ) ;
#3558 = FACE_BOUND ( 'NONE', #882, .T. ) ;
#3559 =( BOUNDED_CURVE ( )  B_SPLINE_CURVE ( 2, ( #3575, #2963, #2086, #2371, #147, #1763, #2039, #1741, #2657 ),
 .UNSPECIFIED., .F., .F. ) 
 B_SPLINE_CURVE_WITH_KNOTS ( ( 3, 2, 2, 2, 3 ),
 ( 0.6730769230769231282, 0.6826923076923077094, 0.6923076923076922906, 0.7019230769230768718, 0.7115384615384615641 ),
 .UNSPECIFIED. ) 
 CURVE ( )  GEOMETRIC_REPRESENTATION_ITEM ( )  RATIONAL_B_SPLINE_CURVE ( ( 1.000000000000000000, 0.9238795325112867385, 1.000000000000000000, 0.9238795325112867385, 1.000000000000000000, 0.9238795325112867385, 1.000000000000000000, 0.9238795325112867385, 1.000000000000000000 ) ) 
 REPRESENTATION_ITEM ( '' )  );
#3560 = CARTESIAN_POINT ( 'NONE',  ( 2.507701340964017866, -6.054126587736527121, 6.468750000000002665 ) ) ;
#3561 = ORIENTED_EDGE ( 'NONE', *, *, #3834, .F. ) ;
#3562 = CARTESIAN_POINT ( 'NONE',  ( 1.521694450934273801, 5.805556780882605850, 3.964248747907863191 ) ) ;
#3563 = CARTESIAN_POINT ( 'NONE',  ( -5.350480947161677214, -2.216241773533213610, -3.312499999999994227 ) ) ;
#3564 = CONICAL_SURFACE ( 'NONE', #4041, 10.96965511460289733, 1.134464013796321558 ) ;
#3565 = EDGE_LOOP ( 'NONE', ( #388, #2337, #981, #1320 ) ) ;
#3566 = CARTESIAN_POINT ( 'NONE',  ( 6.000000000000000888, 3.673940397442060361E-16, -5.250000000000000000 ) ) ;
#3567 = CARTESIAN_POINT ( 'NONE',  ( -6.000000000000023981, 2.485281374238550889, 3.062500000000004885 ) ) ;
#3568 = CARTESIAN_POINT ( 'NONE',  ( 0.000000000000000000, -3.469446951953614189E-15, 3.999999999999998224 ) ) ;
#3569 = CARTESIAN_POINT ( 'NONE',  ( -6.000000000000000888, -1.102182119232618108E-15, -0.7500000000000003331 ) ) ;
#3570 = DIRECTION ( 'NONE',  ( 0.000000000000000000, 1.000000000000000000, 1.835686217964874791E-16 ) ) ;
#3571 = CARTESIAN_POINT ( 'NONE',  ( -6.054126587736526233, -1.112125012095663524E-15, -4.781250000000000888 ) ) ;
#3572 = CARTESIAN_POINT ( 'NONE',  ( -3.783361360347444080, -3.783361360347445412, 2.750000000000005329 ) ) ;
#3573 = CARTESIAN_POINT ( 'NONE',  ( 7.868650179722803885E-16, -6.425240473580845268, -6.000000000000000888 ) ) ;
#3574 = DIRECTION ( 'NONE',  ( -0.000000000000000000, -0.000000000000000000, -1.000000000000000000 ) ) ;
#3575 = CARTESIAN_POINT ( 'NONE',  ( -6.000000000000000888, -1.102182119232618108E-15, -2.750000000000001332 ) ) ;
#3576 = CARTESIAN_POINT ( 'NONE',  ( 5.350480947161678102, 2.216241773533211390, 2.312500000000006217 ) ) ;
#3577 = EDGE_CURVE ( 'NONE', #404, #566, #1501, .T. ) ;
#3578 = CARTESIAN_POINT ( 'NONE',  ( 6.000000000000000888, 3.673940397442060854E-16, 3.625000000000003553 ) ) ;
#3579 = AXIS2_PLACEMENT_3D ( 'NONE', #3778, #989, #2918 ) ;
#3580 = CARTESIAN_POINT ( 'NONE',  ( 4.280913964350270717, 4.280913964350271605, 1.781250000000002442 ) ) ;
#3581 = CARTESIAN_POINT ( 'NONE',  ( 0.000000000000000000, -3.286135577712063753E-15, 3.999999999999998224 ) ) ;
#3582 = ORIENTED_EDGE ( 'NONE', *, *, #3161, .T. ) ;
#3583 = CARTESIAN_POINT ( 'NONE',  ( -5.350480947161678102, -9.828674048760671990E-16, 4.750000000000006217 ) ) ;
#3584 = EDGE_CURVE ( 'NONE', #1525, #1083, #3692, .T. ) ;
#3585 = CARTESIAN_POINT ( 'NONE',  ( 5.403098207332701186, 2.309195274992495772, 3.891546594585055363 ) ) ;
#3586 = FACE_OUTER_BOUND ( 'NONE', #958, .T. ) ;
#3587 = CARTESIAN_POINT ( 'NONE',  ( 0.000000000000000000, 5.350480947161678102, -5.624999999999994671 ) ) ;
#3588 = VERTEX_POINT ( 'NONE', #2465 ) ;
#3589 = CARTESIAN_POINT ( 'NONE',  ( 7.414166747304424153E-16, -6.054126587736526233, -3.593749999999997780 ) ) ;
#3590 = FACE_OUTER_BOUND ( 'NONE', #2205, .T. ) ;
#3591 = CARTESIAN_POINT ( 'NONE',  ( 9.499999999999996447, -1.783820978974907286E-15, 3.999999999999998224 ) ) ;
#3592 = CARTESIAN_POINT ( 'NONE',  ( 6.054126587736543996, 0.4447283437061193556, 3.999999999999998224 ) ) ;
#3593 = B_SPLINE_CURVE_WITH_KNOTS ( 'NONE', 3,
 ( #4, #1278, #3125, #1259, #301, #2521 ),
 .UNSPECIFIED., .F., .F.,
 ( 4, 2, 4 ),
 ( 0.005518201824544028029, 0.008253057247263584015, 0.01098791266998313913 ),
 .UNSPECIFIED. ) ;
#3594 = DIRECTION ( 'NONE',  ( 0.000000000000000000, 1.000000000000000000, 1.621091162745885200E-16 ) ) ;
#3595 = DIRECTION ( 'NONE',  ( -1.000000000000000000, 0.000000000000000000, 0.000000000000000000 ) ) ;
#3596 = CARTESIAN_POINT ( 'NONE',  ( 6.054126587736526233, 3.707083373652212077E-16, -5.281249999999999112 ) ) ;
#3597 = CARTESIAN_POINT ( 'NONE',  ( 3.783361360347444080, 3.783361360347444968, 1.250000000000005551 ) ) ;
#3598 = CARTESIAN_POINT ( 'NONE',  ( 0.000000000000000000, 1.253149453558100720E-16, -6.000000000000000000 ) ) ;
#3599 = CARTESIAN_POINT ( 'NONE',  ( 0.000000000000000000, 0.000000000000000000, 6.000000000000000000 ) ) ;
#3600 = CARTESIAN_POINT ( 'NONE',  ( -5.386432151913563615, -0.3657609603863924974, 3.614506437741213496 ) ) ;
#3601 = CARTESIAN_POINT ( 'NONE',  ( -2.216241773533209614, -5.350480947161678991, 1.937500000000005995 ) ) ;
#3602 = CARTESIAN_POINT ( 'NONE',  ( -3.783361360347445412, 3.783361360347443636, 2.625000000000005773 ) ) ;
#3603 = CARTESIAN_POINT ( 'NONE',  ( 6.000000000000000888, 3.673940397442060361E-16, 1.749999999999999112 ) ) ;
#3604 = CARTESIAN_POINT ( 'NONE',  ( 7.414166747304424153E-16, -6.054126587736526233, 4.406250000000001776 ) ) ;
#3605 = VERTEX_POINT ( 'NONE', #2770 ) ;
#3606 = CARTESIAN_POINT ( 'NONE',  ( 0.000000000000000000, -1.128949729586049168E-15, 3.999999999999998224 ) ) ;
#3607 = DIRECTION ( 'NONE',  ( -0.000000000000000000, -0.000000000000000000, -1.000000000000000000 ) ) ;
#3608 = CARTESIAN_POINT ( 'NONE',  ( -6.054126587736524456, -2.507701340964020531, 5.281250000000000000 ) ) ;
#3609 = ADVANCED_FACE ( 'NONE', ( #3714 ), #262, .T. ) ;
#3610 = ORIENTED_EDGE ( 'NONE', *, *, #1930, .T. ) ;
#3611 = EDGE_LOOP ( 'NONE', ( #1507, #2988, #632, #2973 ) ) ;
#3612 = CARTESIAN_POINT ( 'NONE',  ( 6.014685861647102172, -0.7955812963778248204, -6.000000000000004441 ) ) ;
#3613 = CARTESIAN_POINT ( 'NONE',  ( -2.955549338455876640, 4.460086823582379623, 3.593750000000003553 ) ) ;
#3614 = CARTESIAN_POINT ( 'NONE',  ( 5.350480947161678102, -2.216241773533210946, 6.062500000000004441 ) ) ;
#3615 = CARTESIAN_POINT ( 'NONE',  ( -2.507701340964015202, -6.054126587736528009, -3.593749999999999556 ) ) ;
#3616 = CARTESIAN_POINT ( 'NONE',  ( -2.216241773533209614, -5.350480947161678991, 2.812500000000005773 ) ) ;
#3617 = DIRECTION ( 'NONE',  ( -1.000000000000000000, 0.000000000000000000, 0.000000000000000000 ) ) ;
#3618 = CARTESIAN_POINT ( 'NONE',  ( -5.350480947161677214, -2.216241773533213610, -1.187499999999994227 ) ) ;
#3619 = CYLINDRICAL_SURFACE ( 'NONE', #1196, 6.000000000000000888 ) ;
#3620 = CIRCLE ( 'NONE', #3294, 5.350480947161682543 ) ;
#3621 = DIRECTION ( 'NONE',  ( -0.000000000000000000, 1.939024098649975398E-16, -1.000000000000000000 ) ) ;
#3622 = CARTESIAN_POINT ( 'NONE',  ( -3.783361360347445412, 3.783361360347443636, -0.3749999999999942824 ) ) ;
#3623 = VECTOR ( 'NONE', #935, 1000.000000000000000 ) ;
#3624 = ORIENTED_EDGE ( 'NONE', *, *, #645, .F. ) ;
#3625 = CARTESIAN_POINT ( 'NONE',  ( 5.350480947161678102, 2.216241773533211390, 5.312500000000005329 ) ) ;
#3626 = CARTESIAN_POINT ( 'NONE',  ( 5.485797416503542578, -2.322106970219120342E-11, -5.671875000000317080 ) ) ;
#3627 = CARTESIAN_POINT ( 'NONE',  ( 2.507701340964016978, 6.054126587736527121, 4.906250000000000000 ) ) ;
#3628 = ORIENTED_EDGE ( 'NONE', *, *, #3584, .T. ) ;
#3629 = VERTEX_POINT ( 'NONE', #3285 ) ;
#3630 = CARTESIAN_POINT ( 'NONE',  ( 6.000000000000001776, 2.485281374238571317, 1.687500000000003775 ) ) ;
#3631 = CARTESIAN_POINT ( 'NONE',  ( 3.958811313895144846, 8.684034336854598024, -6.000000000000000888 ) ) ;
#3632 = CARTESIAN_POINT ( 'NONE',  ( 0.000000000000000000, 5.350480947161678102, 2.500000000000005773 ) ) ;
#3633 = ADVANCED_FACE ( 'NONE', ( #1386 ), #283, .F. ) ;
#3634 = CARTESIAN_POINT ( 'NONE',  ( -5.324188316081921890, 0.7137553799040824432, 3.599129952973334934 ) ) ;
#3635 = CARTESIAN_POINT ( 'NONE',  ( 5.350480947161678102, 2.216241773533211390, 6.187500000000005329 ) ) ;
#3636 = B_SPLINE_CURVE_WITH_KNOTS ( 'NONE', 3,
 ( #3874, #724, #3557, #1336, #1316, #2247, #3831, #3494, #88, #2290, #744, #3248, #684, #434, #1017, #1277, #2268, #1965, #170, #3265, #1434, #2348, #3311, #1393, #3934, #2984, #3338, #2062, #763, #3027, #2676, #1113, #2021, #454, #476, #828, #1135, #1719, #849, #1455, #3600, #494 ),
 .UNSPECIFIED., .F., .F.,
 ( 4, 2, 2, 2, 2, 2, 2, 2, 2, 2, 2, 2, 2, 2, 2, 2, 2, 2, 2, 2, 4 ),
 ( 0.01049091451204109404, 0.01158812199902829049, 0.01268532948601548693, 0.01323393322950908689, 0.01378253697300268338, 0.01487974445998988156, 0.01597695194697707974, 0.01707415943396427271, 0.01762276317745787441, 0.01817136692095147263, 0.01926857440793867254, 0.02036578189492586899, 0.02091438563841947068, 0.02146298938191307237, 0.02256019686890027229, 0.02365740435588747220, 0.02475461184287467559, 0.02585181932986187897, 0.02640042307335547719, 0.02694902681684907889, 0.02804623430383627880 ),
 .UNSPECIFIED. ) ;
#3637 = CARTESIAN_POINT ( 'NONE',  ( -2.507701340964015202, -6.054126587736528009, -4.593750000000000888 ) ) ;
#3638 = CARTESIAN_POINT ( 'NONE',  ( -2.216241773533214054, 5.350480947161677214, 3.437500000000005773 ) ) ;
#3639 = ADVANCED_FACE ( 'NONE', ( #777 ), #1711, .F. ) ;
#3640 = DIRECTION ( 'NONE',  ( 1.000000000000000000, 0.000000000000000000, 0.000000000000000000 ) ) ;
#3641 = CARTESIAN_POINT ( 'NONE',  ( 0.7861204697126983332, -10.51578824979878668, -5.526330160054981455 ) ) ;
#3642 = CARTESIAN_POINT ( 'NONE',  ( -3.783361360347445412, 3.783361360347443636, 0.6250000000000057732 ) ) ;
#3643 = CARTESIAN_POINT ( 'NONE',  ( -4.798892977828849382, 3.699332255009092574, -6.000000000000000888 ) ) ;
#3644 = CARTESIAN_POINT ( 'NONE',  ( -5.451989434534588064, 2.643886356904575408, 4.000000000000000888 ) ) ;
#3645 = ORIENTED_EDGE ( 'NONE', *, *, #1800, .F. ) ;
#3646 = CARTESIAN_POINT ( 'NONE',  ( -4.242640687119284770, -4.242640687119286547, 2.250000000000003997 ) ) ;
#3647 = AXIS2_PLACEMENT_3D ( 'NONE', #685, #358, #1944 ) ;
#3648 = CARTESIAN_POINT ( 'NONE',  ( 0.000000000000000000, 6.054126587736526233, 5.968750000000000000 ) ) ;
#3649 = ORIENTED_EDGE ( 'NONE', *, *, #395, .F. ) ;
#3650 = EDGE_LOOP ( 'NONE', ( #793, #3732, #2868 ) ) ;
#3651 = CARTESIAN_POINT ( 'NONE',  ( -2.136011620222150409, -5.668261269255295609, 3.999999999999999112 ) ) ;
#3652 = CARTESIAN_POINT ( 'NONE',  ( -5.350480947161677214, -2.216241773533214054, 0.6875000000000058842 ) ) ;
#3653 = CARTESIAN_POINT ( 'NONE',  ( 4.171080944542989499, 4.393730755285077727, 3.999999999999998224 ) ) ;
#3654 = CARTESIAN_POINT ( 'NONE',  ( -3.783361360347445412, 3.783361360347443636, 5.500000000000005329 ) ) ;
#3655 = ADVANCED_FACE ( 'NONE', ( #1633 ), #3853, .F. ) ;
#3656 = CARTESIAN_POINT ( 'NONE',  ( -4.242640687119284770, -4.242640687119286547, -3.749999999999997335 ) ) ;
#3657 = CARTESIAN_POINT ( 'NONE',  ( -2.216241773533214054, 5.350480947161677214, 1.437500000000005773 ) ) ;
#3658 = CARTESIAN_POINT ( 'NONE',  ( 6.552449365840447993E-16, -5.350480947161678102, -2.999999999999993783 ) ) ;
#3659 = EDGE_CURVE ( 'NONE', #1397, #2209, #1411, .T. ) ;
#3660 = CARTESIAN_POINT ( 'NONE',  ( 6.000000000000000888, 3.673940397442060361E-16, 0.7499999999999992228 ) ) ;
#3661 = FACE_OUTER_BOUND ( 'NONE', #1812, .T. ) ;
#3662 = CARTESIAN_POINT ( 'NONE',  ( 0.000000000000000000, 5.350480947161678102, 2.500000000000005773 ) ) ;
#3663 = CARTESIAN_POINT ( 'NONE',  ( -5.999999999999977796, -2.485281374238596630, 1.187500000000005107 ) ) ;
#3664 = CARTESIAN_POINT ( 'NONE',  ( -6.054126587736525344, 2.507701340964018311, 4.093750000000002665 ) ) ;
#3665 = VERTEX_POINT ( 'NONE', #2882 ) ;
#3666 = CARTESIAN_POINT ( 'NONE',  ( -9.500000000000001776, -2.849426077799246647E-15, -6.000000000000005329 ) ) ;
#3667 = COORDINATED_UNIVERSAL_TIME_OFFSET ( 8, 0, .BEHIND. ) ;
#3668 = CIRCLE ( 'NONE', #921, 1.950000000000000400 ) ;
#3669 = CARTESIAN_POINT ( 'NONE',  ( 5.350480947161678102, -2.216241773533210946, -5.937499999999994671 ) ) ;
#3670 = VERTEX_POINT ( 'NONE', #1015 ) ;
#3671 = ORIENTED_EDGE ( 'NONE', *, *, #2203, .T. ) ;
#3672 = CARTESIAN_POINT ( 'NONE',  ( 5.143697210156291888, -3.199114699083109858, 3.999999999999999112 ) ) ;
#3673 = CARTESIAN_POINT ( 'NONE',  ( -5.350480947161677214, 2.216241773533211834, 2.562500000000006217 ) ) ;
#3674 = CARTESIAN_POINT ( 'NONE',  ( -2.216241773533214499, 5.350480947161677214, -0.4374999999999943379 ) ) ;
#3675 = CARTESIAN_POINT ( 'NONE',  ( -5.377544241029966976, -9.751944634004514866E-13, 3.609375000000018652 ) ) ;
#3676 = CARTESIAN_POINT ( 'NONE',  ( -1.561251128379126385E-14, -10.96965511460289910, -5.314688565214028770 ) ) ;
#3677 = CARTESIAN_POINT ( 'NONE',  ( -6.000000000000000888, -1.102182119232618108E-15, -3.874999999999997335 ) ) ;
#3678 = CARTESIAN_POINT ( 'NONE',  ( -3.783361360347445412, 3.783361360347443636, -0.4999999999999943934 ) ) ;
#3679 = CARTESIAN_POINT ( 'NONE',  ( 3.783361360347444080, 3.783361360347444968, -1.624999999999994449 ) ) ;
#3680 =( BOUNDED_CURVE ( )  B_SPLINE_CURVE ( 2, ( #3799, #2899, #3866, #3244, #1609, #3779, #2530 ),
 .UNSPECIFIED., .F., .T. ) 
 B_SPLINE_CURVE_WITH_KNOTS ( ( 3, 2, 2, 3 ),
 ( 0.7500000000000000000, 0.7596153846153845812, 0.7692307692307691624, 0.7763723780700617638 ),
 .UNSPECIFIED. ) 
 CURVE ( )  GEOMETRIC_REPRESENTATION_ITEM ( )  RATIONAL_B_SPLINE_CURVE ( ( 1.000000000000000000, 0.9238795325112867385, 1.000000000000000000, 0.9238795325112867385, 1.000000000000000000, 0.9434632492392786007, 0.9709092771459079119 ) ) 
 REPRESENTATION_ITEM ( '' )  );
#3681 = CARTESIAN_POINT ( 'NONE',  ( 6.054126587736527121, 2.507701340964017422, 1.781250000000000000 ) ) ;
#3682 = CARTESIAN_POINT ( 'NONE',  ( 3.350063984039695680E-16, 10.96965511460289555, 6.000000000000000000 ) ) ;
#3683 = CARTESIAN_POINT ( 'NONE',  ( -6.054126587736525344, 2.507701340964018311, -1.906249999999998668 ) ) ;
#3684 = CARTESIAN_POINT ( 'NONE',  ( 5.350480947161678102, -2.216241773533210946, -3.812499999999994671 ) ) ;
#3685 = CARTESIAN_POINT ( 'NONE',  ( 0.000000000000000000, 5.350480947161678991, 5.949999999999999289 ) ) ;
#3686 = ADVANCED_FACE ( 'NONE', ( #122 ), #1178, .T. ) ;
#3687 = B_SPLINE_CURVE_WITH_KNOTS ( 'NONE', 3,
 ( #2124, #2144, #3394, #3118, #2183, #556 ),
 .UNSPECIFIED., .F., .F.,
 ( 4, 2, 4 ),
 ( 0.009532769841425340826, 0.01230303950336725932, 0.01507330916530917608 ),
 .UNSPECIFIED. ) ;
#3688 = CYLINDRICAL_SURFACE ( 'NONE', #1643, 6.000000000000000888 ) ;
#3689 = ORIENTED_EDGE ( 'NONE', *, *, #3208, .T. ) ;
#3690 = CARTESIAN_POINT ( 'NONE',  ( 0.000000000000000000, 0.000000000000000000, 6.000000000000000000 ) ) ;
#3691 = EDGE_CURVE ( 'NONE', #3605, #1039, #825, .T. ) ;
#3692 = LINE ( 'NONE', #2693, #1431 ) ;
#3693 = ORIENTED_EDGE ( 'NONE', *, *, #3577, .F. ) ;
#3694 = CARTESIAN_POINT ( 'NONE',  ( 5.518294910684040211, -2.497953433827458269, 3.999999999999996447 ) ) ;
#3695 = CARTESIAN_POINT ( 'NONE',  ( 2.216241773533210946, 5.350480947161678102, 1.312500000000005551 ) ) ;
#3696 = CARTESIAN_POINT ( 'NONE',  ( 2.216241773533211834, -5.350480947161678102, -0.9374999999999948930 ) ) ;
#3697 = CARTESIAN_POINT ( 'NONE',  ( 2.216241773533212278, -5.350480947161678102, 2.937500000000005773 ) ) ;
#3698 =( BOUNDED_CURVE ( )  B_SPLINE_CURVE ( 2, ( #3132, #2778, #250, #1451, #907, #2720, #2157, #844, #1327 ),
 .UNSPECIFIED., .F., .T. ) 
 B_SPLINE_CURVE_WITH_KNOTS ( ( 3, 2, 2, 2, 3 ),
 ( 0.3269230769230769273, 0.3365384615384616196, 0.3461538461538462008, 0.3557692307692307820, 0.3653846153846154743 ),
 .UNSPECIFIED. ) 
 CURVE ( )  GEOMETRIC_REPRESENTATION_ITEM ( )  RATIONAL_B_SPLINE_CURVE ( ( 0.9999999999999995559, 0.9238795325112871826, 1.000000000000000000, 0.9238795325112867385, 1.000000000000000000, 0.9238795325112867385, 1.000000000000000000, 0.9238795325112862944, 1.000000000000000444 ) ) 
 REPRESENTATION_ITEM ( '' )  );
#3699 = CARTESIAN_POINT ( 'NONE',  ( -6.000000000000005329, 2.485281374238566876, -4.937499999999995559 ) ) ;
#3700 = CARTESIAN_POINT ( 'NONE',  ( -5.350480947161678102, -9.828674048760671990E-16, -3.374999999999994227 ) ) ;
#3701 = CIRCLE ( 'NONE', #1932, 6.425240473580844380 ) ;
#3702 = CARTESIAN_POINT ( 'NONE',  ( -5.350480947161677214, -2.216241773533213610, -2.187499999999994671 ) ) ;
#3703 = LINE ( 'NONE', #3071, #3364 ) ;
#3704 = CARTESIAN_POINT ( 'NONE',  ( 4.280913964350270717, 4.280913964350271605, 3.843750000000000000 ) ) ;
#3705 = CARTESIAN_POINT ( 'NONE',  ( 0.000000000000000000, -3.664245276948808681E-15, 5.949999999999998401 ) ) ;
#3706 = CARTESIAN_POINT ( 'NONE',  ( -2.507701340964015202, -6.054126587736528009, -2.656249999999996891 ) ) ;
#3707 = CARTESIAN_POINT ( 'NONE',  ( 2.216241773533211390, 5.350480947161678102, -2.562499999999993783 ) ) ;
#3708 = CARTESIAN_POINT ( 'NONE',  ( -2.507701340964015202, -6.054126587736528009, 1.343750000000003331 ) ) ;
#3709 = CARTESIAN_POINT ( 'NONE',  ( 6.054126587736527121, 2.507701340964017422, 3.718750000000002665 ) ) ;
#3710 = CARTESIAN_POINT ( 'NONE',  ( -2.216241773533214499, 5.350480947161677214, -5.437499999999994671 ) ) ;
#3711 = ORIENTED_EDGE ( 'NONE', *, *, #1610, .T. ) ;
#3712 = CARTESIAN_POINT ( 'NONE',  ( 2.216241773533211390, 5.350480947161678102, 3.437500000000005773 ) ) ;
#3713 = EDGE_CURVE ( 'NONE', #2592, #792, #3928, .T. ) ;
#3714 = FACE_OUTER_BOUND ( 'NONE', #2925, .T. ) ;
#3715 = ORIENTED_EDGE ( 'NONE', *, *, #3584, .F. ) ;
#3716 = EDGE_CURVE ( 'NONE', #1039, #524, #2561, .T. ) ;
#3717 = CARTESIAN_POINT ( 'NONE',  ( 0.000000000000000000, 6.000000000000000888, 2.999999999999999112 ) ) ;
#3718 = CARTESIAN_POINT ( 'NONE',  ( -3.783361360347445412, 3.783361360347443636, 3.500000000000005773 ) ) ;
#3719 = CARTESIAN_POINT ( 'NONE',  ( 0.000000000000000000, 5.350480947161678102, -1.499999999999994449 ) ) ;
#3720 = DIRECTION ( 'NONE',  ( 0.000000000000000000, 0.000000000000000000, 1.000000000000000000 ) ) ;
#3721 = CARTESIAN_POINT ( 'NONE',  ( -5.350480947161677214, -2.216241773533213610, 1.687500000000005995 ) ) ;
#3722 = CONICAL_SURFACE ( 'NONE', #2082, 9.500000000000001776, 1.134464013796313786 ) ;
#3723 = CARTESIAN_POINT ( 'NONE',  ( -5.350480947161677214, -2.216241773533213610, -0.3124999999999942268 ) ) ;
#3724 = CARTESIAN_POINT ( 'NONE',  ( 9.499999999999994671, 3.215108921568242017, 3.757716717032077991 ) ) ;
#3725 = CARTESIAN_POINT ( 'NONE',  ( -3.783361360347444080, -3.783361360347445412, -4.124999999999994671 ) ) ;
#3726 = CARTESIAN_POINT ( 'NONE',  ( 2.507701340964016978, 6.054126587736527121, 1.906250000000000000 ) ) ;
#3727 = DIRECTION ( 'NONE',  ( -0.000000000000000000, 1.939024098649975398E-16, -1.000000000000000000 ) ) ;
#3728 = CARTESIAN_POINT ( 'NONE',  ( 6.552449365840447993E-16, -5.350480947161678102, -1.999999999999994893 ) ) ;
#3729 = CYLINDRICAL_SURFACE ( 'NONE', #410, 6.000000000000000888 ) ;
#3730 = EDGE_LOOP ( 'NONE', ( #2002, #1182, #57, #640, #3922, #355, #2661 ) ) ;
#3731 = CARTESIAN_POINT ( 'NONE',  ( 6.000000000000001776, -2.485281374238570429, 2.562500000000003553 ) ) ;
#3732 = ORIENTED_EDGE ( 'NONE', *, *, #1496, .F. ) ;
#3733 = CARTESIAN_POINT ( 'NONE',  ( -2.485281374238575314, 5.999999999999999112, 3.062499999999999556 ) ) ;
#3734 = CARTESIAN_POINT ( 'NONE',  ( -2.216241773533214499, 5.350480947161677214, 2.437500000000006217 ) ) ;
#3735 = CARTESIAN_POINT ( 'NONE',  ( -5.350480947161678102, -9.828674048760671990E-16, 1.750000000000005995 ) ) ;
#3736 = ADVANCED_FACE ( 'NONE', ( #2346 ), #651, .F. ) ;
#3737 = CARTESIAN_POINT ( 'NONE',  ( 2.216241773533211390, 5.350480947161678102, 1.312500000000005551 ) ) ;
#3738 = AXIS2_PLACEMENT_3D ( 'NONE', #890, #866, #3113 ) ;
#3739 = CARTESIAN_POINT ( 'NONE',  ( 0.000000000000000000, -1.479995017775127959E-15, -5.314688565214026106 ) ) ;
#3740 = CARTESIAN_POINT ( 'NONE',  ( 3.783361360347444968, -3.783361360347444080, 5.204170427930421283E-15 ) ) ;
#3741 = CARTESIAN_POINT ( 'NONE',  ( 5.350480947161678102, -2.216241773533210946, -5.812499999999994671 ) ) ;
#3742 = CARTESIAN_POINT ( 'NONE',  ( -4.280913964350270717, -4.280913964350272494, 3.343750000000000000 ) ) ;
#3743 = LINE ( 'NONE', #2495, #681 ) ;
#3744 = CARTESIAN_POINT ( 'NONE',  ( 0.000000000000000000, 5.350480947161678102, -3.499999999999994227 ) ) ;
#3745 = CARTESIAN_POINT ( 'NONE',  ( 6.000000000000000888, 7.347880794884120722E-16, 6.000000000000000000 ) ) ;
#3746 = EDGE_LOOP ( 'NONE', ( #3475, #69, #1726 ) ) ;
#3747 = CARTESIAN_POINT ( 'NONE',  ( 9.499999999999998224, -5.484827557301464651, -5.314688565214026994 ) ) ;
#3748 = APPROVAL_STATUS ( 'not_yet_approved' ) ;
#3749 = ORIENTED_EDGE ( 'NONE', *, *, #1770, .T. ) ;
#3750 = CARTESIAN_POINT ( 'NONE',  ( -4.280913964350270717, -4.280913964350272494, -5.718749999999998224 ) ) ;
#3751 = CARTESIAN_POINT ( 'NONE',  ( 5.350480947161678102, 3.276224682920223997E-16, 4.250000000000005329 ) ) ;
#3752 = CONICAL_SURFACE ( 'NONE', #802, 6.054126587736530674, 1.047197551196600074 ) ;
#3753 = CARTESIAN_POINT ( 'NONE',  ( 2.216241773533211834, -5.350480947161678102, -1.062499999999994893 ) ) ;
#3754 = CARTESIAN_POINT ( 'NONE',  ( 5.350480947161678102, -2.216241773533210058, 0.1875000000000053846 ) ) ;
#3755 = CARTESIAN_POINT ( 'NONE',  ( -5.350480947161677214, 2.216241773533212278, 0.5625000000000057732 ) ) ;
#3756 = AXIS2_PLACEMENT_3D ( 'NONE', #2126, #1554, #4082 ) ;
#3757 = ORIENTED_EDGE ( 'NONE', *, *, #1496, .T. ) ;
#3758 = CARTESIAN_POINT ( 'NONE',  ( 0.3926183772394485905, -6.054303964516792647, -6.000000000000015099 ) ) ;
#3759 = ADVANCED_FACE ( 'NONE', ( #803 ), #2623, .T. ) ;
#3760 = CARTESIAN_POINT ( 'NONE',  ( -2.216241773533209614, -5.350480947161678991, -3.187499999999994227 ) ) ;
#3761 = DIRECTION ( 'NONE',  ( 0.000000000000000000, 1.000000000000000000, 1.939024098649975398E-16 ) ) ;
#3762 = CARTESIAN_POINT ( 'NONE',  ( 0.000000000000000000, 5.350480947161678102, -4.499999999999993783 ) ) ;
#3763 = CYLINDRICAL_SURFACE ( 'NONE', #2118, 6.425240473580843492 ) ;
#3764 = CARTESIAN_POINT ( 'NONE',  ( -6.054126587736525344, 2.507701340964018311, 0.1562500000000001388 ) ) ;
#3765 = CARTESIAN_POINT ( 'NONE',  ( 6.552449365840447993E-16, -5.350480947161678102, -3.999999999999994671 ) ) ;
#3766 = DIRECTION ( 'NONE',  ( -0.4999999999999998335, -0.8660254037844387076, 0.000000000000000000 ) ) ;
#3767 = ORIENTED_EDGE ( 'NONE', *, *, #18, .T. ) ;
#3768 = FACE_OUTER_BOUND ( 'NONE', #3746, .T. ) ;
#3769 = CALENDAR_DATE ( 2026, 22, 8 ) ;
#3770 = VERTEX_POINT ( 'NONE', #253 ) ;
#3771 = CARTESIAN_POINT ( 'NONE',  ( 0.000000000000000000, 5.350480947161678102, 3.500000000000005773 ) ) ;
#3772 = CARTESIAN_POINT ( 'NONE',  ( 6.552449365840447993E-16, -5.350480947161678102, -1.124999999999994005 ) ) ;
#3773 = CARTESIAN_POINT ( 'NONE',  ( -5.350480947161678102, -9.828674048760671990E-16, -4.249999999999994671 ) ) ;
#3774 = CARTESIAN_POINT ( 'NONE',  ( 2.485281374238572205, -6.000000000000001776, -2.562499999999996447 ) ) ;
#3775 = CARTESIAN_POINT ( 'NONE',  ( -5.350480947161678102, -9.828674048760671990E-16, 2.625000000000005773 ) ) ;
#3776 = CARTESIAN_POINT ( 'NONE',  ( -2.507701340964015202, -6.054126587736528009, -0.6562499999999972244 ) ) ;
#3777 = CARTESIAN_POINT ( 'NONE',  ( -6.000000000000000888, -1.102182119232618108E-15, 3.250000000000000000 ) ) ;
#3778 = CARTESIAN_POINT ( 'NONE',  ( 0.000000000000000000, 7.500000000000000000, 4.000000000000000000 ) ) ;
#3779 = CARTESIAN_POINT ( 'NONE',  ( -1.807570820071864537, 6.000000000000000000, 3.920456895716330159 ) ) ;
#3780 = AXIS2_PLACEMENT_3D ( 'NONE', #1425, #1729, #446 ) ;
#3781 = CARTESIAN_POINT ( 'NONE',  ( 4.280913964350271605, -4.280913964350270717, -2.406250000000000444 ) ) ;
#3782 = CARTESIAN_POINT ( 'NONE',  ( 5.350480947161678102, -2.216241773533210946, 5.062500000000005329 ) ) ;
#3783 = ADVANCED_FACE ( 'NONE', ( #3092, #271 ), #593, .T. ) ;
#3784 = FACE_BOUND ( 'NONE', #3862, .T. ) ;
#3785 = CARTESIAN_POINT ( 'NONE',  ( -1.561251128379126701E-14, -10.96965511460290088, 3.314688565214003457 ) ) ;
#3786 = CARTESIAN_POINT ( 'NONE',  ( 0.000000000000000000, 0.000000000000000000, 6.000000000000000000 ) ) ;
#3787 = FACE_OUTER_BOUND ( 'NONE', #3347, .T. ) ;
#3788 = VERTEX_POINT ( 'NONE', #1803 ) ;
#3789 = CARTESIAN_POINT ( 'NONE',  ( 0.000000000000000000, 6.000000000000000888, 0.9999999999999993339 ) ) ;
#3790 = CARTESIAN_POINT ( 'NONE',  ( -2.216241773533214054, 5.350480947161677214, 5.562500000000006217 ) ) ;
#3791 = CARTESIAN_POINT ( 'NONE',  ( 0.000000000000000000, 5.350480947161678102, -0.6249999999999944489 ) ) ;
#3792 = CARTESIAN_POINT ( 'NONE',  ( 0.000000000000000000, 5.350480947161678102, -3.499999999999994227 ) ) ;
#3793 = CARTESIAN_POINT ( 'NONE',  ( -2.485281374238569541, -6.000000000000003553, -2.687499999999996003 ) ) ;
#3794 = CARTESIAN_POINT ( 'NONE',  ( -5.350480947161677214, 2.216241773533212278, -2.437499999999994671 ) ) ;
#3795 = VERTEX_POINT ( 'NONE', #4060 ) ;
#3796 = CARTESIAN_POINT ( 'NONE',  ( 2.507701340964016978, 6.054126587736527121, -1.156249999999997558 ) ) ;
#3797 = CARTESIAN_POINT ( 'NONE',  ( -2.485281374238569541, -6.000000000000003553, 3.437499999999999112 ) ) ;
#3798 = CARTESIAN_POINT ( 'NONE',  ( 2.216241773533211390, 5.350480947161678102, -5.687499999999994671 ) ) ;
#3799 = CARTESIAN_POINT ( 'NONE',  ( 6.000000000000000888, 3.673940397442060854E-16, 3.625000000000003553 ) ) ;
#3800 = CARTESIAN_POINT ( 'NONE',  ( -5.350480947161677214, 2.216241773533212278, -4.312499999999994671 ) ) ;
#3801 = CARTESIAN_POINT ( 'NONE',  ( 6.054126587736527121, -2.507701340964016534, -1.343750000000000444 ) ) ;
#3802 = B_SPLINE_CURVE_WITH_KNOTS ( 'NONE', 3,
 ( #1363, #1064, #3328, #2382, #2363, #3882 ),
 .UNSPECIFIED., .F., .F.,
 ( 4, 2, 4 ),
 ( 0.02347961018006189393, 0.02622620038168799877, 0.02897279058331410015 ),
 .UNSPECIFIED. ) ;
#3803 = CARTESIAN_POINT ( 'NONE',  ( -2.216241773533209614, -5.350480947161678991, -5.062499999999993783 ) ) ;
#3804 = CARTESIAN_POINT ( 'NONE',  ( 4.143390052686346969, 3.453775437872149023, -5.616305899804123314 ) ) ;
#3805 = CARTESIAN_POINT ( 'NONE',  ( -6.000000000000012434, 2.485281374238561991, -0.9374999999999957812 ) ) ;
#3806 = CARTESIAN_POINT ( 'NONE',  ( -1.574451649796335451, -10.06064503076692773, 3.699139003783536772 ) ) ;
#3807 = EDGE_CURVE ( 'NONE', #3795, #2174, #1864, .T. ) ;
#3808 = CARTESIAN_POINT ( 'NONE',  ( 8.717934693346414576, -5.936353172621759100, -5.525238417491041609 ) ) ;
#3809 = CARTESIAN_POINT ( 'NONE',  ( -5.977308614060956593, 0.9932933112428994349, 3.999999999999999112 ) ) ;
#3810 = PERSON_AND_ORGANIZATION ( #2697, #1829 ) ;
#3811 =( BOUNDED_CURVE ( )  B_SPLINE_CURVE ( 2, ( #3569, #3883, #1667, #1047, #797, #3304, #736, #3001, #487 ),
 .UNSPECIFIED., .F., .T. ) 
 B_SPLINE_CURVE_WITH_KNOTS ( ( 3, 2, 2, 2, 3 ),
 ( 0.5192307692307692735, 0.5288461538461538547, 0.5384615384615385469, 0.5480769230769232392, 0.5576923076923078204 ),
 .UNSPECIFIED. ) 
 CURVE ( )  GEOMETRIC_REPRESENTATION_ITEM ( )  RATIONAL_B_SPLINE_CURVE ( ( 1.000000000000000000, 0.9238795325112867385, 1.000000000000000000, 0.9238795325112867385, 1.000000000000000000, 0.9238795325112867385, 1.000000000000000000, 0.9238795325112858503, 1.000000000000000888 ) ) 
 REPRESENTATION_ITEM ( '' )  );
#3812 = ORIENTED_EDGE ( 'NONE', *, *, #3276, .T. ) ;
#3813 = CARTESIAN_POINT ( 'NONE',  ( 5.350480947161678102, 2.216241773533211390, 6.312500000000005329 ) ) ;
#3814 = DIRECTION ( 'NONE',  ( -0.000000000000000000, -0.000000000000000000, -1.000000000000000000 ) ) ;
#3815 = CARTESIAN_POINT ( 'NONE',  ( 5.350480947161678102, 3.276224682920223997E-16, 6.250000000000005329 ) ) ;
#3816 = CARTESIAN_POINT ( 'NONE',  ( 3.783361360347444080, 3.783361360347444968, -0.7499999999999945599 ) ) ;
#3817 = CARTESIAN_POINT ( 'NONE',  ( 6.552449365840447993E-16, -5.350480947161678102, -2.999999999999993783 ) ) ;
#3818 = CARTESIAN_POINT ( 'NONE',  ( -5.350480947161677214, -2.216241773533213610, -1.312499999999994449 ) ) ;
#3819 = ORIENTED_EDGE ( 'NONE', *, *, #1022, .F. ) ;
#3820 = CARTESIAN_POINT ( 'NONE',  ( -6.054126587736526233, -1.112125012095663524E-15, 0.1562500000000027478 ) ) ;
#3821 = CARTESIAN_POINT ( 'NONE',  ( -5.744576920766465200, -1.951719421792685871, -5.999999999999997335 ) ) ;
#3822 = CARTESIAN_POINT ( 'NONE',  ( 6.552449365840447993E-16, -5.350480947161678102, -5.124999999999993783 ) ) ;
#3823 = CC_DESIGN_APPROVAL ( #187, ( #2905 ) ) ;
#3824 = CARTESIAN_POINT ( 'NONE',  ( -1.650268368053736001, -5.503045777779392189, -5.819860648885138765 ) ) ;
#3825 = CARTESIAN_POINT ( 'NONE',  ( -5.350480947161677214, 2.216241773533212278, -6.312499999999994671 ) ) ;
#3826 = CONICAL_SURFACE ( 'NONE', #2577, 6.054126587736529785, 1.047197551196600074 ) ;
#3827 = CARTESIAN_POINT ( 'NONE',  ( -6.054126587736524456, -2.507701340964020531, -1.718749999999999778 ) ) ;
#3828 = CARTESIAN_POINT ( 'NONE',  ( 2.216241773533212278, -5.350480947161678102, -4.937499999999993783 ) ) ;
#3829 = CARTESIAN_POINT ( 'NONE',  ( 5.461790788995950940, 0.4418454884548966288, -5.665713736754054430 ) ) ;
#3830 = FACE_OUTER_BOUND ( 'NONE', #1469, .T. ) ;
#3831 = CARTESIAN_POINT ( 'NONE',  ( 5.197146573992386998, -2.465404888126404348, 3.824024023003390838 ) ) ;
#3832 = CARTESIAN_POINT ( 'NONE',  ( -3.344235781421603715, 5.046636085413505057, 3.999999999999999112 ) ) ;
#3833 = VECTOR ( 'NONE', #3301, 1000.000000000000114 ) ;
#3834 = EDGE_CURVE ( 'NONE', #1345, #1438, #2137, .T. ) ;
#3835 = ORIENTED_EDGE ( 'NONE', *, *, #1344, .F. ) ;
#3836 = CARTESIAN_POINT ( 'NONE',  ( 5.350480947161678102, -2.216241773533210946, 6.187500000000005329 ) ) ;
#3837 = LINE ( 'NONE', #2911, #472 ) ;
#3838 = CARTESIAN_POINT ( 'NONE',  ( -3.783361360347444080, -3.783361360347445412, -0.2499999999999941436 ) ) ;
#3839 = CARTESIAN_POINT ( 'NONE',  ( -2.216241773533214499, 5.350480947161677214, -3.437499999999994227 ) ) ;
#3840 =( BOUNDED_CURVE ( )  B_SPLINE_CURVE ( 2, ( #1441, #2768, #2133, #3382, #1813 ),
 .UNSPECIFIED., .F., .T. ) 
 B_SPLINE_CURVE_WITH_KNOTS ( ( 3, 2, 3 ),
 ( 0.1563199296222455570, 0.1634615384615384914, 0.1730769230769231559 ),
 .UNSPECIFIED. ) 
 CURVE ( )  GEOMETRIC_REPRESENTATION_ITEM ( )  RATIONAL_B_SPLINE_CURVE ( ( 0.9709092771459105764, 0.9434632492392756031, 1.000000000000000000, 0.9238795325112860723, 1.000000000000000666 ) ) 
 REPRESENTATION_ITEM ( '' )  );
#3841 = CARTESIAN_POINT ( 'NONE',  ( -2.216241773533214054, 5.350480947161677214, -1.562499999999994893 ) ) ;
#3842 = EDGE_CURVE ( 'NONE', #1753, #2767, #780, .T. ) ;
#3843 = ORIENTED_EDGE ( 'NONE', *, *, #3031, .F. ) ;
#3844 = DIRECTION ( 'NONE',  ( -0.000000000000000000, 1.939024098649975398E-16, -1.000000000000000000 ) ) ;
#3845 = CARTESIAN_POINT ( 'NONE',  ( 7.868650179722805857E-16, -6.425240473580848821, 5.949999999999997513 ) ) ;
#3846 = CARTESIAN_POINT ( 'NONE',  ( 1.574451649796332564, 10.06064503076693306, 3.699139003783534108 ) ) ;
#3847 = CARTESIAN_POINT ( 'NONE',  ( -6.000000000000000888, 0.000000000000000000, 6.000000000000000000 ) ) ;
#3848 = CARTESIAN_POINT ( 'NONE',  ( 7.347880794884120722E-16, -6.000000000000000888, 2.499999999999999556 ) ) ;
#3849 = CARTESIAN_POINT ( 'NONE',  ( 7.414166747304424153E-16, -6.054126587736526233, -1.531249999999999556 ) ) ;
#3850 = CARTESIAN_POINT ( 'NONE',  ( -2.216241773533209614, -5.350480947161678991, -6.062499999999995559 ) ) ;
#3851 = CIRCLE ( 'NONE', #1875, 9.500000000000001776 ) ;
#3852 = CARTESIAN_POINT ( 'NONE',  ( -4.242640687119284770, -4.242640687119286547, 2.374999999999999112 ) ) ;
#3853 = CYLINDRICAL_SURFACE ( 'NONE', #3272, 5.350480947161681655 ) ;
#3854 = CARTESIAN_POINT ( 'NONE',  ( 0.000000000000000000, 0.000000000000000000, 6.000000000000000000 ) ) ;
#3855 = CARTESIAN_POINT ( 'NONE',  ( -4.749999999999998224, -8.227241335952165002, 3.999999999999996447 ) ) ;
#3856 = DIRECTION ( 'NONE',  ( 0.000000000000000000, 1.000000000000000000, 1.826024711554533420E-16 ) ) ;
#3857 = ORIENTED_EDGE ( 'NONE', *, *, #2079, .F. ) ;
#3858 = CARTESIAN_POINT ( 'NONE',  ( 2.216241773533212278, -5.350480947161678102, 5.062500000000006217 ) ) ;
#3859 = CARTESIAN_POINT ( 'NONE',  ( -5.377544241029966976, -9.751944634004514866E-13, 3.609375000000018652 ) ) ;
#3860 = CARTESIAN_POINT ( 'NONE',  ( -1.063868658281872603, 5.243646616989522613, -5.593750000000005329 ) ) ;
#3861 = CARTESIAN_POINT ( 'NONE',  ( 2.216241773533211390, 5.350480947161678102, -2.687499999999993783 ) ) ;
#3862 = EDGE_LOOP ( 'NONE', ( #2030, #815 ) ) ;
#3863 = CARTESIAN_POINT ( 'NONE',  ( -2.507701340964015202, -6.054126587736528009, 0.3437500000000029976 ) ) ;
#3864 = FACE_BOUND ( 'NONE', #3300, .T. ) ;
#3865 = CARTESIAN_POINT ( 'NONE',  ( 6.000000000000000888, 3.673940397442060361E-16, -0.2500000000000008327 ) ) ;
#3866 = CARTESIAN_POINT ( 'NONE',  ( 4.242640687119284770, 4.242640687119285658, 3.750000000000003553 ) ) ;
#3867 = EDGE_CURVE ( 'NONE', #2209, #205, #4086, .T. ) ;
#3868 = CARTESIAN_POINT ( 'NONE',  ( -6.054126587736525344, 2.507701340964018311, -4.843750000000000888 ) ) ;
#3869 = CARTESIAN_POINT ( 'NONE',  ( -5.350480947161677214, 2.216241773533212278, 4.562500000000006217 ) ) ;
#3870 = CARTESIAN_POINT ( 'NONE',  ( 5.548169017786897861, 7.766418238674090979, -6.000000000000003553 ) ) ;
#3871 = CARTESIAN_POINT ( 'NONE',  ( -5.350480947161677214, 2.216241773533212278, -0.3124999999999942268 ) ) ;
#3872 = CARTESIAN_POINT ( 'NONE',  ( 6.054126587736527121, -2.507701340964016534, 3.593750000000002665 ) ) ;
#3873 = CARTESIAN_POINT ( 'NONE',  ( -5.999999999999999112, 2.485281374238572649, -2.937499999999996003 ) ) ;
#3874 = CARTESIAN_POINT ( 'NONE',  ( 5.810556942922158186, 3.557939980706525905E-16, 3.859375000000000888 ) ) ;
#3875 = CARTESIAN_POINT ( 'NONE',  ( 0.000000000000000000, 0.000000000000000000, 6.000000000000000000 ) ) ;
#3876 = CARTESIAN_POINT ( 'NONE',  ( 2.507701340964016978, 6.054126587736527121, 6.843750000000001776 ) ) ;
#3877 = ORIENTED_EDGE ( 'NONE', *, *, #1638, .T. ) ;
#3878 = CARTESIAN_POINT ( 'NONE',  ( 0.000000000000000000, -1.347111479062087616E-15, -6.000000000000005329 ) ) ;
#3879 = CARTESIAN_POINT ( 'NONE',  ( -3.783361360347444080, -3.783361360347445412, -3.249999999999994227 ) ) ;
#3880 = ORIENTED_EDGE ( 'NONE', *, *, #4078, .T. ) ;
#3881 = CARTESIAN_POINT ( 'NONE',  ( 8.717934693346430564, 5.936353172621754659, 3.525238417491018961 ) ) ;
#3882 = CARTESIAN_POINT ( 'NONE',  ( -9.500000000000001776, -5.484827557301440670, -5.314688565214031435 ) ) ;
#3883 = CARTESIAN_POINT ( 'NONE',  ( -5.999999999999999112, 2.485281374238572649, -0.8125000000000004441 ) ) ;
#3884 = B_SPLINE_CURVE_WITH_KNOTS ( 'NONE', 3,
 ( #3785, #2225, #3806, #381, #997, #3855 ),
 .UNSPECIFIED., .F., .F.,
 ( 4, 2, 4 ),
 ( 2.339747056487972913E-07, 0.002759217899624837305, 0.005518201824544026295 ),
 .UNSPECIFIED. ) ;
#3885 = CARTESIAN_POINT ( 'NONE',  ( -4.280913964350272494, 4.280913964350270717, -4.906250000000000888 ) ) ;
#3886 = CARTESIAN_POINT ( 'NONE',  ( 5.350480947161678102, 3.276224682920223997E-16, 0.1250000000000053291 ) ) ;
#3887 = DIRECTION ( 'NONE',  ( 0.000000000000000000, -1.000000000000000000, -1.581383788144377214E-16 ) ) ;
#3888 = CARTESIAN_POINT ( 'NONE',  ( -3.783361360347445412, 3.783361360347443636, 0.6250000000000057732 ) ) ;
#3889 = AXIS2_PLACEMENT_3D ( 'NONE', #330, #3983, #2065 ) ;
#3890 = EDGE_CURVE ( 'NONE', #303, #459, #2596, .T. ) ;
#3891 = DIRECTION ( 'NONE',  ( -0.000000000000000000, -0.000000000000000000, -1.000000000000000000 ) ) ;
#3892 = CARTESIAN_POINT ( 'NONE',  ( 6.000000000000000888, 7.347880794884120722E-16, 6.000000000000000000 ) ) ;
#3893 = CARTESIAN_POINT ( 'NONE',  ( 5.350480947161678102, -2.216241773533210946, 1.187500000000005329 ) ) ;
#3894 = CARTESIAN_POINT ( 'NONE',  ( -5.350480947161677214, -2.216241773533213610, -0.1874999999999940881 ) ) ;
#3895 = CARTESIAN_POINT ( 'NONE',  ( 5.999999999999968026, 2.485281374238603735, -4.312499999999993783 ) ) ;
#3896 = CARTESIAN_POINT ( 'NONE',  ( 6.054126587736526233, 3.707083373652212077E-16, 2.656250000000002220 ) ) ;
#3897 = DIRECTION ( 'NONE',  ( -0.000000000000000000, -0.000000000000000000, -1.000000000000000000 ) ) ;
#3898 = ORIENTED_EDGE ( 'NONE', *, *, #3914, .F. ) ;
#3899 = CARTESIAN_POINT ( 'NONE',  ( 4.945772485036026289, 3.217823213204817012, 3.905606171689342432 ) ) ;
#3900 = CARTESIAN_POINT ( 'NONE',  ( 2.216241773533212278, -5.350480947161678102, -4.062499999999995559 ) ) ;
#3901 = ORIENTED_EDGE ( 'NONE', *, *, #3974, .F. ) ;
#3902 = CARTESIAN_POINT ( 'NONE',  ( 6.000000000000001776, -2.485281374238570429, -5.312499999999999112 ) ) ;
#3903 = CARTESIAN_POINT ( 'NONE',  ( 9.499999999999998224, -0.9178249441460614166, 4.000000000000001776 ) ) ;
#3904 = DIRECTION ( 'NONE',  ( 0.000000000000000000, 1.000000000000000000, 1.826024711554533420E-16 ) ) ;
#3905 = DIRECTION ( 'NONE',  ( -0.000000000000000000, -0.000000000000000000, -1.000000000000000000 ) ) ;
#3906 = CARTESIAN_POINT ( 'NONE',  ( -1.193016480710895610, 5.880196567866775581, -5.968750000000000000 ) ) ;
#3907 = CARTESIAN_POINT ( 'NONE',  ( -2.507701340964020531, 6.054126587736524456, -5.968750000000000000 ) ) ;
#3908 = CARTESIAN_POINT ( 'NONE',  ( 5.350480947161678102, 2.216241773533211390, 3.187500000000005329 ) ) ;
#3909 = CARTESIAN_POINT ( 'NONE',  ( -9.500000000000003553, 3.215108911171367545, -5.757716718549868773 ) ) ;
#3910 = DIRECTION ( 'NONE',  ( -0.000000000000000000, 1.939024098649975398E-16, -1.000000000000000000 ) ) ;
#3911 = CARTESIAN_POINT ( 'NONE',  ( 6.552449365840447993E-16, -5.350480947161678102, 2.000000000000005329 ) ) ;
#3912 = CARTESIAN_POINT ( 'NONE',  ( 2.216241773533212278, -5.350480947161678102, 2.062500000000005329 ) ) ;
#3913 = CARTESIAN_POINT ( 'NONE',  ( 2.485281374238571317, 6.000000000000001776, -4.187499999999995559 ) ) ;
#3914 = EDGE_CURVE ( 'NONE', #2196, #3100, #3811, .T. ) ;
#3915 = AXIS2_PLACEMENT_3D ( 'NONE', #3279, #773, #2611 ) ;
#3916 = CARTESIAN_POINT ( 'NONE',  ( -4.280913964350272494, 4.280913964350270717, 2.031250000000002665 ) ) ;
#3917 = CARTESIAN_POINT ( 'NONE',  ( 4.280913964350270717, 4.280913964350271605, 4.781250000000002665 ) ) ;
#3918 = ORIENTED_EDGE ( 'NONE', *, *, #2059, .F. ) ;
#3919 = FACE_OUTER_BOUND ( 'NONE', #2749, .T. ) ;
#3920 = CARTESIAN_POINT ( 'NONE',  ( 5.350480947161678102, 2.216241773533210946, -4.812499999999993783 ) ) ;
#3921 = CARTESIAN_POINT ( 'NONE',  ( -3.783361360347445412, 3.783361360347443636, -6.499999999999995559 ) ) ;
#3922 = ORIENTED_EDGE ( 'NONE', *, *, #168, .F. ) ;
#3923 = ORIENTED_EDGE ( 'NONE', *, *, #3252, .F. ) ;
#3924 = CARTESIAN_POINT ( 'NONE',  ( 6.054126587736527121, 3.707083373652212077E-16, -6.000000000000003553 ) ) ;
#3925 = CARTESIAN_POINT ( 'NONE',  ( 9.184850993605153861E-16, -7.500000000000007105, 3.999999999999996447 ) ) ;
#3926 = CARTESIAN_POINT ( 'NONE',  ( -1.203778799246461473, 5.933242397106585742, 3.999999999999998224 ) ) ;
#3927 = CARTESIAN_POINT ( 'NONE',  ( 6.552449365840447993E-16, -5.350480947161678102, 4.875000000000006217 ) ) ;
#3928 = B_SPLINE_CURVE_WITH_KNOTS ( 'NONE', 3,
 ( #740, #3334, #2923, #3263, #3870, #451 ),
 .UNSPECIFIED., .F., .F.,
 ( 4, 2, 4 ),
 ( 2.339747056303267585E-07, 0.002759217899624822994, 0.005518201824544017621 ),
 .UNSPECIFIED. ) ;
#3929 = CARTESIAN_POINT ( 'NONE',  ( -2.507701340964020531, 6.054126587736524456, -6.968750000000000888 ) ) ;
#3930 = CARTESIAN_POINT ( 'NONE',  ( 0.000000000000000000, 5.350480947161678102, 3.375000000000005773 ) ) ;
#3931 = CARTESIAN_POINT ( 'NONE',  ( 0.000000000000000000, -3.664245276948808681E-15, 5.949999999999998401 ) ) ;
#3932 = CARTESIAN_POINT ( 'NONE',  ( -2.216241773533214054, 5.350480947161677214, -1.437499999999994671 ) ) ;
#3933 = CARTESIAN_POINT ( 'NONE',  ( -6.000000000000000888, -1.102182119232618108E-15, -0.7500000000000003331 ) ) ;
#3934 = CARTESIAN_POINT ( 'NONE',  ( -1.277384687925755991, -5.417097521692065598, 3.716234892424262526 ) ) ;
#3935 = CARTESIAN_POINT ( 'NONE',  ( -5.350480947161677214, -2.216241773533213610, 2.812500000000005773 ) ) ;
#3936 = DIRECTION ( 'NONE',  ( -1.000000000000000000, 0.000000000000000000, 0.000000000000000000 ) ) ;
#3937 = CARTESIAN_POINT ( 'NONE',  ( -2.507701340964020531, 6.054126587736524456, 4.968750000000002665 ) ) ;
#3938 = VECTOR ( 'NONE', #3905, 1000.000000000000000 ) ;
#3939 = EDGE_LOOP ( 'NONE', ( #837, #3757, #1831, #131, #91, #1103 ) ) ;
#3940 = ADVANCED_FACE ( 'NONE', ( #2342 ), #1731, .F. ) ;
#3941 = CARTESIAN_POINT ( 'NONE',  ( 0.000000000000000000, 0.000000000000000000, 6.000000000000000000 ) ) ;
#3942 = CARTESIAN_POINT ( 'NONE',  ( -2.507701340964020531, 6.054126587736524456, 5.031250000000000000 ) ) ;
#3943 = EDGE_LOOP ( 'NONE', ( #1954, #416, #3196, #1814 ) ) ;
#3944 = EDGE_LOOP ( 'NONE', ( #3365, #2025, #1924, #3715 ) ) ;
#3945 = CARTESIAN_POINT ( 'NONE',  ( 2.507701340964016978, 6.054126587736527121, -3.156249999999997335 ) ) ;
#3946 = EDGE_CURVE ( 'NONE', #2278, #2443, #3950, .T. ) ;
#3947 = CARTESIAN_POINT ( 'NONE',  ( 6.000000000000000888, 3.673940397442060854E-16, 1.625000000000003553 ) ) ;
#3948 = CARTESIAN_POINT ( 'NONE',  ( 9.499999999999996447, -1.834492943524148378, 3.936841482686503468 ) ) ;
#3949 = CARTESIAN_POINT ( 'NONE',  ( 3.783361360347444080, 3.783361360347444968, 2.375000000000005773 ) ) ;
#3950 = LINE ( 'NONE', #718, #3938 ) ;
#3951 = DIRECTION ( 'NONE',  ( 0.000000000000000000, 1.000000000000000000, 1.939024098649975398E-16 ) ) ;
#3952 = B_SPLINE_CURVE_WITH_KNOTS ( 'NONE', 3,
 ( #1395, #1967, #2944, #3214, #2351, #2042 ),
 .UNSPECIFIED., .F., .F.,
 ( 4, 2, 4 ),
 ( 2.420176285165461250E-17, 0.002101984949730054900, 0.004203969899460085514 ),
 .UNSPECIFIED. ) ;
#3953 = CARTESIAN_POINT ( 'NONE',  ( 2.507701340964016978, 6.054126587736527121, -6.093750000000000000 ) ) ;
#3954 = CARTESIAN_POINT ( 'NONE',  ( -3.783361360347445412, 3.783361360347443636, 0.5000000000000056621 ) ) ;
#3955 = CARTESIAN_POINT ( 'NONE',  ( -6.000000000000010658, -2.485281374238563767, 2.312499999999998224 ) ) ;
#3956 = CARTESIAN_POINT ( 'NONE',  ( -9.500000000000001776, -2.849426077799246647E-15, -6.000000000000005329 ) ) ;
#3957 = CARTESIAN_POINT ( 'NONE',  ( -3.344235781421725839, 5.046636085413428674, -6.000000000000000000 ) ) ;
#3958 = CARTESIAN_POINT ( 'NONE',  ( 0.000000000000000000, 5.350480947161678102, 1.500000000000005773 ) ) ;
#3959 = CARTESIAN_POINT ( 'NONE',  ( -6.000000000000007105, -2.485281374238570429, -5.812499999999997335 ) ) ;
#3960 = CC_DESIGN_SECURITY_CLASSIFICATION ( #4030, ( #2905 ) ) ;
#3961 = CARTESIAN_POINT ( 'NONE',  ( -6.054126587736525344, 2.507701340964018311, 5.093750000000003553 ) ) ;
#3962 = VERTEX_POINT ( 'NONE', #3225 ) ;
#3963 = CARTESIAN_POINT ( 'NONE',  ( -6.000000000000000888, -1.102182119232618108E-15, -0.8749999999999960032 ) ) ;
#3964 = PERSON_AND_ORGANIZATION_ROLE ( 'creator' ) ;
#3965 = EDGE_CURVE ( 'NONE', #1280, #2968, #1838, .T. ) ;
#3966 = CARTESIAN_POINT ( 'NONE',  ( -2.216241773533214054, 5.350480947161677214, -4.562499999999995559 ) ) ;
#3967 = ORIENTED_EDGE ( 'NONE', *, *, #2958, .F. ) ;
#3968 = VERTEX_POINT ( 'NONE', #1167 ) ;
#3969 =( BOUNDED_CURVE ( )  B_SPLINE_CURVE ( 2, ( #349, #2854, #2550, #3485, #2875, #676, #1935, #370, #60 ),
 .UNSPECIFIED., .F., .T. ) 
 B_SPLINE_CURVE_WITH_KNOTS ( ( 3, 2, 2, 2, 3 ),
 ( 0.4038461538461539102, 0.4134615384615384914, 0.4230769230769231837, 0.4326923076923077649, 0.4423076923076923461 ),
 .UNSPECIFIED. ) 
 CURVE ( )  GEOMETRIC_REPRESENTATION_ITEM ( )  RATIONAL_B_SPLINE_CURVE ( ( 0.9999999999999995559, 0.9238795325112871826, 1.000000000000000000, 0.9238795325112867385, 1.000000000000000000, 0.9238795325112867385, 1.000000000000000000, 0.9238795325112862944, 1.000000000000000444 ) ) 
 REPRESENTATION_ITEM ( '' )  );
#3970 = CARTESIAN_POINT ( 'NONE',  ( -4.242640687119284770, -4.242640687119286547, -5.625000000000000888 ) ) ;
#3971 = CARTESIAN_POINT ( 'NONE',  ( 2.216241773533210946, 5.350480947161678102, 0.3125000000000054956 ) ) ;
#3972 = CARTESIAN_POINT ( 'NONE',  ( 4.484847994958379047, 4.072950362818755998, 3.999999999999997335 ) ) ;
#3973 = CARTESIAN_POINT ( 'NONE',  ( 4.242640687119285658, -4.242640687119284770, 1.624999999999999334 ) ) ;
#3974 = EDGE_CURVE ( 'NONE', #3219, #3670, #2993, .T. ) ;
#3975 = DIRECTION ( 'NONE',  ( -0.000000000000000000, 1.939024098649975398E-16, -1.000000000000000000 ) ) ;
#3976 = DIRECTION ( 'NONE',  ( 1.581383788144375735E-16, -1.000000000000000000, 0.000000000000000000 ) ) ;
#3977 = CARTESIAN_POINT ( 'NONE',  ( -5.350480947161678102, -9.828674048760671990E-16, 0.6250000000000057732 ) ) ;
#3978 = CARTESIAN_POINT ( 'NONE',  ( 5.350480947161678102, -2.216241773533210946, -2.812499999999994227 ) ) ;
#3979 = CARTESIAN_POINT ( 'NONE',  ( -9.500000000000003553, 5.484827557301449552, 3.314688565214007898 ) ) ;
#3980 = LINE ( 'NONE', #3892, #1390 ) ;
#3981 = CARTESIAN_POINT ( 'NONE',  ( -2.507701340964020531, 6.054126587736524456, -2.031249999999998668 ) ) ;
#3982 = CARTESIAN_POINT ( 'NONE',  ( 3.783361360347444968, -3.783361360347444080, 1.125000000000005329 ) ) ;
#3983 = DIRECTION ( 'NONE',  ( -0.000000000000000000, 1.939024098649975398E-16, -1.000000000000000000 ) ) ;
#3984 = ORIENTED_EDGE ( 'NONE', *, *, #2233, .T. ) ;
#3985 = CARTESIAN_POINT ( 'NONE',  ( -2.485281374238569541, -6.000000000000003553, 0.3125000000000041078 ) ) ;
#3986 = CARTESIAN_POINT ( 'NONE',  ( 6.000000000000000888, 3.673940397442060854E-16, 0.6250000000000035527 ) ) ;
#3987 = AXIS2_PLACEMENT_3D ( 'NONE', #2845, #1879, #3143 ) ;
#3988 = CARTESIAN_POINT ( 'NONE',  ( -5.350480947161678102, -9.828674048760671990E-16, -6.374999999999995559 ) ) ;
#3989 = ORIENTED_EDGE ( 'NONE', *, *, #3341, .T. ) ;
#3990 = ORIENTED_EDGE ( 'NONE', *, *, #3691, .T. ) ;
#3991 = CARTESIAN_POINT ( 'NONE',  ( -4.280913964350272494, 4.280913964350270717, -4.968749999999997335 ) ) ;
#3992 = DIRECTION ( 'NONE',  ( -0.000000000000000000, 1.939024098649975398E-16, -1.000000000000000000 ) ) ;
#3993 = CARTESIAN_POINT ( 'NONE',  ( 5.350480947161678102, 3.276224682920223997E-16, 1.125000000000005329 ) ) ;
#3994 = CARTESIAN_POINT ( 'NONE',  ( -5.350480947161678102, -9.828674048760671990E-16, -0.2499999999999941436 ) ) ;
#3995 = CARTESIAN_POINT ( 'NONE',  ( -5.999999999999977796, -2.485281374238596630, 3.187500000000004441 ) ) ;
#3996 =( BOUNDED_CURVE ( )  B_SPLINE_CURVE ( 2, ( #2474, #3995, #2424, #1150, #843, #2385, #3045, #1428, #1088 ),
 .UNSPECIFIED., .F., .F. ) 
 B_SPLINE_CURVE_WITH_KNOTS ( ( 3, 2, 2, 2, 3 ),
 ( 0.7115384615384616751, 0.7211538461538462563, 0.7307692307692308376, 0.7403846153846154188, 0.7500000000000000000 ),
 .UNSPECIFIED. ) 
 CURVE ( )  GEOMETRIC_REPRESENTATION_ITEM ( )  RATIONAL_B_SPLINE_CURVE ( ( 0.9999999999999991118, 0.9238795325112876267, 1.000000000000000000, 0.9238795325112867385, 1.000000000000000000, 0.9238795325112867385, 1.000000000000000000, 0.9238795325112867385, 1.000000000000000000 ) ) 
 REPRESENTATION_ITEM ( '' )  );
#3997 = PLANE ( 'NONE',  #549 ) ;
#3998 = EDGE_CURVE ( 'NONE', #3140, #1790, #3466, .T. ) ;
#3999 = CARTESIAN_POINT ( 'NONE',  ( 3.783361360347444080, 3.783361360347444968, -1.749999999999994671 ) ) ;
#4000 = EDGE_CURVE ( 'NONE', #1143, #3039, #1127, .T. ) ;
#4001 = CARTESIAN_POINT ( 'NONE',  ( -4.280913964350270717, -4.280913964350272494, 3.281250000000002665 ) ) ;
#4002 = CARTESIAN_POINT ( 'NONE',  ( -6.054126587736525344, 2.507701340964018311, 4.156250000000000000 ) ) ;
#4003 = CARTESIAN_POINT ( 'NONE',  ( 6.054126587736530674, -1.128949729586049168E-15, 3.999999999999998224 ) ) ;
#4004 = CARTESIAN_POINT ( 'NONE',  ( 5.350480947161678102, 2.216241773533211390, -4.687499999999992895 ) ) ;
#4005 = CARTESIAN_POINT ( 'NONE',  ( 5.999999999999996447, -2.485281374238575758, -5.437499999999996447 ) ) ;
#4006 = FACE_OUTER_BOUND ( 'NONE', #2049, .T. ) ;
#4007 = ORIENTED_EDGE ( 'NONE', *, *, #1344, .T. ) ;
#4008 = CARTESIAN_POINT ( 'NONE',  ( -5.350480947161677214, -2.216241773533213610, 3.812500000000005329 ) ) ;
#4009 = DIRECTION ( 'NONE',  ( -0.000000000000000000, 1.939024098649975398E-16, -1.000000000000000000 ) ) ;
#4010 = CARTESIAN_POINT ( 'NONE',  ( 9.499999999999998224, -5.484827557301465539, 3.314688565214004790 ) ) ;
#4011 = DIRECTION ( 'NONE',  ( -0.000000000000000000, -0.000000000000000000, -1.000000000000000000 ) ) ;
#4012 = VERTEX_POINT ( 'NONE', #1190 ) ;
#4013 = CARTESIAN_POINT ( 'NONE',  ( -6.054126587736332610, -0.3952730341247185364, 3.999999999999976019 ) ) ;
#4014 = CARTESIAN_POINT ( 'NONE',  ( -3.783361360347444080, -3.783361360347445412, 2.750000000000005329 ) ) ;
#4015 = CARTESIAN_POINT ( 'NONE',  ( -2.216241773533209614, -5.350480947161678991, 1.937500000000005995 ) ) ;
#4016 = DIRECTION ( 'NONE',  ( -0.8660254037844397068, 0.000000000000000000, -0.4999999999999979461 ) ) ;
#4017 = CARTESIAN_POINT ( 'NONE',  ( -2.216241773533214054, 5.350480947161677214, 0.4375000000000055511 ) ) ;
#4018 = CARTESIAN_POINT ( 'NONE',  ( 0.000000000000000000, -3.286135577712063753E-15, 3.999999999999998224 ) ) ;
#4019 = CARTESIAN_POINT ( 'NONE',  ( -5.350480947161677214, 2.216241773533212278, -1.437499999999994671 ) ) ;
#4020 = CARTESIAN_POINT ( 'NONE',  ( 3.783361360347444080, 3.783361360347444968, -2.624999999999993783 ) ) ;
#4021 = DIRECTION ( 'NONE',  ( -0.000000000000000000, 1.939024098649975398E-16, -1.000000000000000000 ) ) ;
#4022 = EDGE_CURVE ( 'NONE', #3962, #96, #852, .T. ) ;
#4023 = CARTESIAN_POINT ( 'NONE',  ( 0.000000000000000000, 6.054126587736526233, 0.9687500000000000000 ) ) ;
#4024 = DIRECTION ( 'NONE',  ( 0.000000000000000000, -0.9063077870366531563, 0.4226182617406926134 ) ) ;
#4025 = CARTESIAN_POINT ( 'NONE',  ( 5.350480947161678102, 2.216241773533211390, -1.687499999999994671 ) ) ;
#4026 = APPLICATION_CONTEXT ( 'configuration controlled 3d designs of mechanical parts and assemblies' ) ;
#4027 = DIRECTION ( 'NONE',  ( 0.000000000000000000, 0.000000000000000000, -1.000000000000000000 ) ) ;
#4028 = EDGE_LOOP ( 'NONE', ( #3162, #1238, #1240, #3649 ) ) ;
#4029 = CARTESIAN_POINT ( 'NONE',  ( 2.485281374238572205, -6.000000000000001776, 0.5624999999999991118 ) ) ;
#4030 = SECURITY_CLASSIFICATION ( '', '', #50 ) ;
#4031 = CARTESIAN_POINT ( 'NONE',  ( -6.000000000000000888, -1.102182119232618108E-15, -2.750000000000001332 ) ) ;
#4032 = AXIS2_PLACEMENT_3D ( 'NONE', #3581, #787, #727 ) ;
#4033 = ORIENTED_EDGE ( 'NONE', *, *, #1542, .F. ) ;
#4034 = CARTESIAN_POINT ( 'NONE',  ( -6.054126587736526233, -1.112125012095663524E-15, -4.843749999999997335 ) ) ;
#4035 = CARTESIAN_POINT ( 'NONE',  ( -3.692077422528672326, -4.814355515104013605, 3.999999999999995559 ) ) ;
#4036 = CARTESIAN_POINT ( 'NONE',  ( -3.783361360347445412, 3.783361360347443636, 2.500000000000005773 ) ) ;
#4037 = CARTESIAN_POINT ( 'NONE',  ( -3.783361360347444080, -3.783361360347445412, -1.124999999999994005 ) ) ;
#4038 = CARTESIAN_POINT ( 'NONE',  ( 6.552449365840447993E-16, -5.350480947161678102, 1.875000000000005107 ) ) ;
#4039 = DIRECTION ( 'NONE',  ( -0.000000000000000000, -0.000000000000000000, -1.000000000000000000 ) ) ;
#4040 = CARTESIAN_POINT ( 'NONE',  ( 3.783361360347444080, 3.783361360347444968, -3.749999999999994671 ) ) ;
#4041 = AXIS2_PLACEMENT_3D ( 'NONE', #3739, #2405, #2175 ) ;
#4042 = CARTESIAN_POINT ( 'NONE',  ( 4.242640687119284770, 4.242640687119285658, 0.7500000000000035527 ) ) ;
#4043 = CARTESIAN_POINT ( 'NONE',  ( 7.414166747304424153E-16, -6.054126587736526233, 4.468750000000000888 ) ) ;
#4044 = CARTESIAN_POINT ( 'NONE',  ( -4.280913964350272494, 4.280913964350270717, -1.968749999999998224 ) ) ;
#4045 = CARTESIAN_POINT ( 'NONE',  ( -2.216241773533209614, -5.350480947161678991, -1.062499999999994227 ) ) ;
#4046 = EDGE_LOOP ( 'NONE', ( #3295, #2628 ) ) ;
#4047 = CARTESIAN_POINT ( 'NONE',  ( -5.350480947161677214, 2.216241773533212278, 4.687500000000005329 ) ) ;
#4048 = LINE ( 'NONE', #857, #2078 ) ;
#4049 = EDGE_LOOP ( 'NONE', ( #2272, #2687, #1161, #335 ) ) ;
#4050 = CARTESIAN_POINT ( 'NONE',  ( -4.812313637173849301, -3.695033907660253636, 3.999999999999996447 ) ) ;
#4051 = AXIS2_PLACEMENT_3D ( 'NONE', #2445, #3992, #1816 ) ;
#4052 = CARTESIAN_POINT ( 'NONE',  ( 2.216241773533211834, -5.350480947161678102, 1.937500000000005107 ) ) ;
#4053 = CARTESIAN_POINT ( 'NONE',  ( 3.783361360347444968, -3.783361360347444080, 2.125000000000005329 ) ) ;
#4054 = CARTESIAN_POINT ( 'NONE',  ( 3.783361360347444968, -3.783361360347444080, 3.000000000000005773 ) ) ;
#4055 = AXIS2_PLACEMENT_3D ( 'NONE', #1599, #1038, #2023 ) ;
#4056 = EDGE_LOOP ( 'NONE', ( #3012, #2187, #961, #27 ) ) ;
#4057 = CARTESIAN_POINT ( 'NONE',  ( 6.552449365840452924E-16, -5.350480947161685208, 3.999999999999995559 ) ) ;
#4058 = CARTESIAN_POINT ( 'NONE',  ( 6.552449365840447993E-16, -5.350480947161678102, -0.1249999999999949069 ) ) ;
#4059 = CYLINDRICAL_SURFACE ( 'NONE', #2579, 6.000000000000000888 ) ;
#4060 = CARTESIAN_POINT ( 'NONE',  ( 9.500000000000007105, 5.484827557301442447, 3.314688565214006122 ) ) ;
#4061 = CARTESIAN_POINT ( 'NONE',  ( 3.783361360347444080, 3.783361360347444968, -5.624999999999994671 ) ) ;
#4062 = CARTESIAN_POINT ( 'NONE',  ( -6.054126587736526233, -1.112125012095663524E-15, 3.156250000000002665 ) ) ;
#4063 = FACE_OUTER_BOUND ( 'NONE', #4049, .T. ) ;
#4064 = CARTESIAN_POINT ( 'NONE',  ( -2.507701340964020531, 6.054126587736524456, 2.031250000000000000 ) ) ;
#4065 = LINE ( 'NONE', #1235, #937 ) ;
#4066 = CARTESIAN_POINT ( 'NONE',  ( 3.783361360347444968, -3.783361360347444080, -3.874999999999994671 ) ) ;
#4067 = CARTESIAN_POINT ( 'NONE',  ( -3.783361360347445412, 3.783361360347443636, -5.374999999999994671 ) ) ;
#4068 = EDGE_LOOP ( 'NONE', ( #1123, #2895, #263, #949 ) ) ;
#4069 = CARTESIAN_POINT ( 'NONE',  ( -3.783361360347444080, -3.783361360347445412, 2.875000000000005773 ) ) ;
#4070 = DIRECTION ( 'NONE',  ( -0.000000000000000000, 1.939024098649975398E-16, -1.000000000000000000 ) ) ;
#4071 = CYLINDRICAL_SURFACE ( 'NONE', #3192, 6.000000000000000888 ) ;
#4072 = EDGE_CURVE ( 'NONE', #1600, #3523, #2024, .T. ) ;
#4073 = ORIENTED_EDGE ( 'NONE', *, *, #1246, .T. ) ;
#4074 = CARTESIAN_POINT ( 'NONE',  ( 0.000000000000000000, 5.350480947161678102, 5.500000000000005329 ) ) ;
#4075 = CARTESIAN_POINT ( 'NONE',  ( -5.350480947161678102, -9.828674048760671990E-16, -3.374999999999994227 ) ) ;
#4076 = CARTESIAN_POINT ( 'NONE',  ( 2.216241773533210946, 5.350480947161678102, 0.4375000000000056066 ) ) ;
#4077 = CARTESIAN_POINT ( 'NONE',  ( 5.350480947161678102, -2.216241773533210946, 3.062500000000005773 ) ) ;
#4078 = EDGE_CURVE ( 'NONE', #3438, #1600, #2450, .T. ) ;
#4079 = CARTESIAN_POINT ( 'NONE',  ( -3.162542013991322065, 9.143760631501503866, 3.937125092958755790 ) ) ;
#4080 = CARTESIAN_POINT ( 'NONE',  ( -2.216241773533214054, 5.350480947161677214, -2.562499999999995115 ) ) ;
#4081 = CARTESIAN_POINT ( 'NONE',  ( -6.000000000000000888, -1.102182119232618108E-15, 2.249999999999999556 ) ) ;
#4082 = DIRECTION ( 'NONE',  ( -1.000000000000000000, 0.000000000000000000, 0.000000000000000000 ) ) ;
#4083 = CARTESIAN_POINT ( 'NONE',  ( 7.347880794884120722E-16, -6.000000000000000888, -3.500000000000000444 ) ) ;
#4084 = CARTESIAN_POINT ( 'NONE',  ( -5.350480947161678102, -9.828674048760671990E-16, -6.249999999999995559 ) ) ;
#4085 = DIRECTION ( 'NONE',  ( -0.000000000000000000, -0.000000000000000000, -1.000000000000000000 ) ) ;
#4086 = B_SPLINE_CURVE_WITH_KNOTS ( 'NONE', 3,
 ( #991, #2552, #2242, #678, #81, #1937 ),
 .UNSPECIFIED., .F., .F.,
 ( 4, 2, 4 ),
 ( 0.000000000000000000, 0.002101984949730022374, 0.004203969899460043881 ),
 .UNSPECIFIED. ) ;
#4087 = CARTESIAN_POINT ( 'NONE',  ( -4.280913964350272494, 4.280913964350270717, 3.093750000000000000 ) ) ;
#4088 = CARTESIAN_POINT ( 'NONE',  ( -5.350480947161677214, 2.216241773533212278, -3.312499999999994227 ) ) ;
#4089 = CARTESIAN_POINT ( 'NONE',  ( 5.397025805069280757, 0.8816891210425662484, -5.659321091874931042 ) ) ;
ENDSEC;
END-ISO-10303-21;
