ISO-10303-21;
HEADER;
FILE_DESCRIPTION (( 'STEP AP203' ),
    '1' );
FILE_NAME ('91273A784_Same-Size Thread 18-8 Stainless Steel Shoulder Screw_91273A784_sldprt.STEP',
    '2026-08-23T00:51:19',
    ( '' ),
    ( '' ),
    'SwSTEP 2.0',
    'SolidWorks 2025',
    '' );
FILE_SCHEMA (( 'CONFIG_CONTROL_DESIGN' ));
ENDSEC;

DATA;
#1 = CIRCLE ( 'NONE', #2277, 0.06000000000000015737 ) ;
#2 = CARTESIAN_POINT ( 'NONE',  ( -2.533292686689785356, 1.235569399674210755, 8.077500000000002345 ) ) ;
#3 = ORIENTED_EDGE ( 'NONE', *, *, #8338, .F. ) ;
#4 = DIRECTION ( 'NONE',  ( 0.000000000000000000, 0.000000000000000000, -1.000000000000000000 ) ) ;
#5 = VERTEX_POINT ( 'NONE', #1262 ) ;
#6 = CONICAL_SURFACE ( 'NONE', #3218, 1.154700538379251462, 0.7853981633974500554 ) ;
#7 = FACE_OUTER_BOUND ( 'NONE', #4759, .T. ) ;
#8 = ORIENTED_EDGE ( 'NONE', *, *, #2767, .T. ) ;
#9 = CARTESIAN_POINT ( 'NONE',  ( 2.230140069598329777, 1.914788085895088976, 9.510800894373550918 ) ) ;
#10 = EDGE_CURVE ( 'NONE', #2183, #10865, #4846, .T. ) ;
#11 = ADVANCED_FACE ( 'NONE', ( #9298 ), #372, .T. ) ;
#12 = CIRCLE ( 'NONE', #8781, 3.000000000000000000 ) ;
#13 = ORIENTED_EDGE ( 'NONE', *, *, #6125, .T. ) ;
#14 = DIRECTION ( 'NONE',  ( -0.000000000000000000, -0.000000000000000000, -1.000000000000000000 ) ) ;
#15 = EDGE_CURVE ( 'NONE', #1702, #951, #2198, .T. ) ;
#16 = LINE ( 'NONE', #11469, #3615 ) ;
#17 = CARTESIAN_POINT ( 'NONE',  ( -2.734823486451059882, 0.6818680780054973134, 9.750000000000001776 ) ) ;
#18 = ORIENTED_EDGE ( 'NONE', *, *, #9948, .F. ) ;
#19 = DIRECTION ( 'NONE',  ( -0.000000000000000000, 0.000000000000000000, 1.000000000000000000 ) ) ;
#20 = AXIS2_PLACEMENT_3D ( 'NONE', #2148, #5561, #10881 ) ;
#21 = CARTESIAN_POINT ( 'NONE',  ( 2.000000000000003553, 4.241462009623571877E-15, -7.125000000000003553 ) ) ;
#22 = ORIENTED_EDGE ( 'NONE', *, *, #2223, .T. ) ;
#23 = DIRECTION ( 'NONE',  ( 0.2756373558169951665, -0.9612616959383201154, 0.000000000000000000 ) ) ;
#24 = CARTESIAN_POINT ( 'NONE',  ( -1.811726676894002352, 2.159131775987249480, 9.631453640997325039 ) ) ;
#25 = ORIENTED_EDGE ( 'NONE', *, *, #3312, .F. ) ;
#26 = AXIS2_PLACEMENT_3D ( 'NONE', #7048, #8822, #6988 ) ;
#27 = VECTOR ( 'NONE', #11527, 1000.000000000000227 ) ;
#28 = CARTESIAN_POINT ( 'NONE',  ( -0.5860087391484503083, 2.756954358615477663, 9.750000000000001776 ) ) ;
#29 = EDGE_CURVE ( 'NONE', #6667, #5603, #2929, .T. ) ;
#30 = ADVANCED_FACE ( 'NONE', ( #6920 ), #4126, .T. ) ;
#31 = CARTESIAN_POINT ( 'NONE',  ( 0.8922005383792529498, -1.545336663013173517, -9.691666666666669983 ) ) ;
#32 = FACE_OUTER_BOUND ( 'NONE', #6310, .T. ) ;
#33 = AXIS2_PLACEMENT_3D ( 'NONE', #931, #8712, #6139 ) ;
#34 = CARTESIAN_POINT ( 'NONE',  ( -1.784401076758506788, 6.065988351121004614E-17, -9.837500000000003908 ) ) ;
#35 = CIRCLE ( 'NONE', #4750, 3.000000000000000000 ) ;
#36 = ORIENTED_EDGE ( 'NONE', *, *, #8408, .T. ) ;
#37 = CARTESIAN_POINT ( 'NONE',  ( -2.934240477815728720, -0.6246861758897215289, -9.750000000000001776 ) ) ;
#38 = CARTESIAN_POINT ( 'NONE',  ( 0.4775843509039988111, 2.900319177553640770, 9.510800894373550918 ) ) ;
#39 = CARTESIAN_POINT ( 'NONE',  ( -0.5860087391485057084, -2.756954358615466116, 9.631453640997325039 ) ) ;
#40 = ORIENTED_EDGE ( 'NONE', *, *, #4780, .T. ) ;
#41 = ORIENTED_EDGE ( 'NONE', *, *, #1163, .F. ) ;
#42 = CALENDAR_DATE ( 2026, 22, 8 ) ;
#43 = AXIS2_PLACEMENT_3D ( 'NONE', #11026, #234, #3059 ) ;
#44 = CARTESIAN_POINT ( 'NONE',  ( 0.000000000000000000, 0.000000000000000000, 9.449999999999999289 ) ) ;
#45 = ORIENTED_EDGE ( 'NONE', *, *, #11147, .T. ) ;
#46 = DIRECTION ( 'NONE',  ( -1.000000000000000000, 0.000000000000000000, 0.000000000000000000 ) ) ;
#47 = ORIENTED_EDGE ( 'NONE', *, *, #7686, .F. ) ;
#48 = CARTESIAN_POINT ( 'NONE',  ( 2.803106067138688040, 0.2946183195551809186, 9.750000000000001776 ) ) ;
#49 = DIRECTION ( 'NONE',  ( 0.1736481776669259181, -0.9848077530122089085, 0.000000000000000000 ) ) ;
#50 = CARTESIAN_POINT ( 'NONE',  ( 2.741031733634758272, -1.219321547093808134, 9.449999999999999289 ) ) ;
#51 = CARTESIAN_POINT ( 'NONE',  ( 1.784401076758506788, -3.763923298982691022E-16, -8.087500000000003908 ) ) ;
#52 = LINE ( 'NONE', #963, #1503 ) ;
#53 = AXIS2_PLACEMENT_3D ( 'NONE', #11447, #4647, #104 ) ;
#54 = AXIS2_PLACEMENT_3D ( 'NONE', #10613, #2630, #6211 ) ;
#55 = ORIENTED_EDGE ( 'NONE', *, *, #10116, .F. ) ;
#56 = CARTESIAN_POINT ( 'NONE',  ( -2.440932748640435079, 1.409273179501366435, 9.631453640997325039 ) ) ;
#57 = EDGE_CURVE ( 'NONE', #2078, #5937, #7791, .T. ) ;
#58 = CARTESIAN_POINT ( 'NONE',  ( -2.820796215196649026, 1.026685859262374212, 9.750000000000001776 ) ) ;
#59 = EDGE_LOOP ( 'NONE', ( #8335, #10221, #1577 ) ) ;
#60 = CARTESIAN_POINT ( 'NONE',  ( 2.680596881209476479, 0.8709787243654514288, 8.077500000000002345 ) ) ;
#61 = CARTESIAN_POINT ( 'NONE',  ( -1.974727778455052984, 2.094877535726532791, 9.571310031034848009 ) ) ;
#62 = VECTOR ( 'NONE', #10432, 1000.000000000000227 ) ;
#63 = CIRCLE ( 'NONE', #7909, 3.000000000000000000 ) ;
#64 = DIRECTION ( 'NONE',  ( 0.000000000000000000, -0.000000000000000000, 1.000000000000000000 ) ) ;
#65 = CARTESIAN_POINT ( 'NONE',  ( -1.784401076758506788, 6.065988351121004614E-17, -8.437500000000003553 ) ) ;
#66 = VECTOR ( 'NONE', #10664, 1000.000000000000000 ) ;
#67 = CARTESIAN_POINT ( 'NONE',  ( 1.656699982724421982, 2.280251903866794105, 9.750000000000001776 ) ) ;
#68 = LINE ( 'NONE', #6243, #3775 ) ;
#69 = B_SPLINE_CURVE_WITH_KNOTS ( 'NONE', 3,
 ( #2943, #6513, #2063, #292 ),
 .UNSPECIFIED., .F., .F.,
 ( 4, 4 ),
 ( 3.054997924346516903E-07, 0.0002759181450133581432 ),
 .UNSPECIFIED. ) ;
#70 = VERTEX_POINT ( 'NONE', #9580 ) ;
#71 = CARTESIAN_POINT ( 'NONE',  ( -2.648386132258333969, -1.409273179501313589, -9.750000000000001776 ) ) ;
#72 = EDGE_CURVE ( 'NONE', #9526, #3972, #1607, .T. ) ;
#73 = AXIS2_PLACEMENT_3D ( 'NONE', #7285, #375, #9120 ) ;
#74 = VECTOR ( 'NONE', #8009, 1000.000000000000000 ) ;
#75 = LINE ( 'NONE', #3663, #2128 ) ;
#76 = DIRECTION ( 'NONE',  ( 0.9902680687415709171, 0.1391731009600608859, 0.000000000000000000 ) ) ;
#77 = ORIENTED_EDGE ( 'NONE', *, *, #4604, .F. ) ;
#78 = CARTESIAN_POINT ( 'NONE',  ( 1.431712212873053058, -1.139639205627729135, -9.399546808940131726 ) ) ;
#79 = APPROVAL_PERSON_ORGANIZATION ( #8239, #10506, #9928 ) ;
#80 = CARTESIAN_POINT ( 'NONE',  ( 0.000000000000000000, 0.000000000000000000, 8.077500000000000568 ) ) ;
#81 = CARTESIAN_POINT ( 'NONE',  ( 2.934352083914273379, 0.1718021872438733333, 9.510800894373550918 ) ) ;
#82 = DIRECTION ( 'NONE',  ( -1.000000000000000000, 0.000000000000000000, 0.000000000000000000 ) ) ;
#83 = ORIENTED_EDGE ( 'NONE', *, *, #7200, .T. ) ;
#84 = CARTESIAN_POINT ( 'NONE',  ( 1.338300807568879813, -0.7726683315065872026, -6.133333333333338189 ) ) ;
#85 = ORIENTED_EDGE ( 'NONE', *, *, #7790, .T. ) ;
#86 = CARTESIAN_POINT ( 'NONE',  ( 0.000000000000000000, 0.000000000000000000, 8.077500000000002345 ) ) ;
#87 = CARTESIAN_POINT ( 'NONE',  ( 0.9639996296761385031, 2.648567214897803002, 9.631453640997325039 ) ) ;
#88 = CARTESIAN_POINT ( 'NONE',  ( 2.221044840433172407, -1.735270409657360569, 8.077500000000002345 ) ) ;
#89 = EDGE_CURVE ( 'NONE', #8928, #4282, #599, .T. ) ;
#90 = ADVANCED_FACE ( 'NONE', ( #7670 ), #11275, .F. ) ;
#91 = FACE_OUTER_BOUND ( 'NONE', #3691, .T. ) ;
#92 = ORIENTED_EDGE ( 'NONE', *, *, #1516, .T. ) ;
#93 = ORIENTED_EDGE ( 'NONE', *, *, #6981, .F. ) ;
#94 = ORIENTED_EDGE ( 'NONE', *, *, #8522, .T. ) ;
#95 = DIRECTION ( 'NONE',  ( -0.000000000000000000, -0.000000000000000000, -1.000000000000000000 ) ) ;
#96 = CARTESIAN_POINT ( 'NONE',  ( 0.000000000000000000, 1.545336663013173073, -5.900000000000004796 ) ) ;
#97 = ORIENTED_EDGE ( 'NONE', *, *, #2263, .T. ) ;
#98 = CARTESIAN_POINT ( 'NONE',  ( -0.8842215543322604621, -1.836067056343950732, -5.227740761701809902 ) ) ;
#99 = VERTEX_POINT ( 'NONE', #2425 ) ;
#100 = LINE ( 'NONE', #10033, #4154 ) ;
#101 = EDGE_CURVE ( 'NONE', #11483, #11033, #1375, .T. ) ;
#102 = EDGE_CURVE ( 'NONE', #2721, #1995, #11509, .T. ) ;
#103 = DIRECTION ( 'NONE',  ( 0.5000000000000024425, 0.8660254037844373753, 0.000000000000000000 ) ) ;
#104 = DIRECTION ( 'NONE',  ( -0.3090169943749433989, 0.9510565162951548634, 0.000000000000000000 ) ) ;
#105 = AXIS2_PLACEMENT_3D ( 'NONE', #6169, #9984, #3530 ) ;
#106 = VERTEX_POINT ( 'NONE', #8071 ) ;
#107 = ORIENTED_EDGE ( 'NONE', *, *, #2737, .F. ) ;
#108 = EDGE_CURVE ( 'NONE', #6735, #1696, #5942, .T. ) ;
#109 = ORIENTED_EDGE ( 'NONE', *, *, #3401, .T. ) ;
#110 = APPROVAL_STATUS ( 'not_yet_approved' ) ;
#111 = CARTESIAN_POINT ( 'NONE',  ( -2.840985947017419910, 0.4656828722888881611, 9.571310031034848009 ) ) ;
#112 = CIRCLE ( 'NONE', #8143, 1.999999999999992673 ) ;
#113 = VERTEX_POINT ( 'NONE', #3586 ) ;
#114 = CARTESIAN_POINT ( 'NONE',  ( 0.000000000000000000, 0.000000000000000000, 9.449999999999999289 ) ) ;
#115 = CARTESIAN_POINT ( 'NONE',  ( -1.323227363945437496, 2.488628723042721536, 9.631453640997325039 ) ) ;
#116 = PLANE ( 'NONE',  #6215 ) ;
#117 = VERTEX_POINT ( 'NONE', #4474 ) ;
#118 = LINE ( 'NONE', #2719, #8589 ) ;
#119 = ORIENTED_EDGE ( 'NONE', *, *, #6145, .F. ) ;
#120 = PLANE ( 'NONE',  #8319 ) ;
#121 = CARTESIAN_POINT ( 'NONE',  ( -2.803106067138689372, -0.2946183195551620448, 9.631453640997325039 ) ) ;
#122 = DIRECTION ( 'NONE',  ( 0.1736481776669340227, 0.9848077530122073542, 0.000000000000000000 ) ) ;
#123 = ADVANCED_FACE ( 'NONE', ( #3652 ), #10759, .F. ) ;
#124 = CARTESIAN_POINT ( 'NONE',  ( 0.8922005383792529498, -1.545336663013173517, -8.904166666666672114 ) ) ;
#125 = CARTESIAN_POINT ( 'NONE',  ( 0.9279757276600573146, 2.852868915473297129, 8.077500000000000568 ) ) ;
#126 = DIRECTION ( 'NONE',  ( -0.9396926207859285229, -0.3420201433256135348, 0.000000000000000000 ) ) ;
#127 = ORIENTED_EDGE ( 'NONE', *, *, #5556, .T. ) ;
#128 = DIRECTION ( 'NONE',  ( 0.000000000000000000, 0.000000000000000000, 1.000000000000000000 ) ) ;
#129 = DIRECTION ( 'NONE',  ( -0.8829475928589287648, -0.4694715627858873641, 0.000000000000000000 ) ) ;
#130 = VERTEX_POINT ( 'NONE', #8989 ) ;
#131 = CARTESIAN_POINT ( 'NONE',  ( -2.934240477815717174, 0.6246861758897803707, 9.449999999999999289 ) ) ;
#132 = CARTESIAN_POINT ( 'NONE',  ( 0.000000000000000000, 0.000000000000000000, 6.810000000000000497 ) ) ;
#133 = CARTESIAN_POINT ( 'NONE',  ( -1.678384766113639737, 2.486568836143021599, 8.077500000000000568 ) ) ;
#134 = VERTEX_POINT ( 'NONE', #10699 ) ;
#135 = CARTESIAN_POINT ( 'NONE',  ( 2.162518398525973939, 1.900414655997567870, 9.571310031034848009 ) ) ;
#136 = EDGE_CURVE ( 'NONE', #6128, #5395, #4421, .T. ) ;
#137 = EDGE_CURVE ( 'NONE', #3292, #11358, #11384, .T. ) ;
#138 = CARTESIAN_POINT ( 'NONE',  ( -0.1966118550883310945, 2.811680521731792393, 9.750000000000001776 ) ) ;
#139 = ORIENTED_EDGE ( 'NONE', *, *, #11094, .T. ) ;
#140 = DIRECTION ( 'NONE',  ( -0.000000000000000000, -0.000000000000000000, 1.000000000000000000 ) ) ;
#141 = ORIENTED_EDGE ( 'NONE', *, *, #1123, .F. ) ;
#142 = CARTESIAN_POINT ( 'NONE',  ( 0.9276160617663243846, 2.854908682117555774, 8.077500000000002345 ) ) ;
#143 = CARTESIAN_POINT ( 'NONE',  ( -0.3137765339894680872, 2.985384301558949183, 8.077500000000002345 ) ) ;
#144 = VERTEX_POINT ( 'NONE', #2540 ) ;
#145 = ORIENTED_EDGE ( 'NONE', *, *, #7268, .T. ) ;
#146 = EDGE_LOOP ( 'NONE', ( #473, #867, #5411 ) ) ;
#147 = B_SPLINE_CURVE_WITH_KNOTS ( 'NONE', 3,
 ( #2251, #8024, #9245, #928 ),
 .UNSPECIFIED., .F., .F.,
 ( 4, 4 ),
 ( 3.021976174288995575E-07, 0.0002759148428383536764 ),
 .UNSPECIFIED. ) ;
#148 = CARTESIAN_POINT ( 'NONE',  ( 1.846218079001115120, 2.364630796714242589, 9.449999999999999289 ) ) ;
#149 = CARTESIAN_POINT ( 'NONE',  ( -1.784401076758506788, 6.065988351121004614E-17, -5.725000000000004974 ) ) ;
#150 = CARTESIAN_POINT ( 'NONE',  ( 1.338300807568880924, 0.7726683315065854263, -8.729166666666669627 ) ) ;
#151 = CARTESIAN_POINT ( 'NONE',  ( -1.338300807568880035, 0.7726683315065867586, -9.983333333333339610 ) ) ;
#152 = ORIENTED_EDGE ( 'NONE', *, *, #2510, .F. ) ;
#153 = CARTESIAN_POINT ( 'NONE',  ( 0.000000000000000000, 0.000000000000000000, 8.077500000000002345 ) ) ;
#154 = ORIENTED_EDGE ( 'NONE', *, *, #5934, .T. ) ;
#155 = CARTESIAN_POINT ( 'NONE',  ( 1.499157810963796633, -2.598562267452185104, 9.449999999999999289 ) ) ;
#156 = PLANE ( 'NONE',  #3490 ) ;
#157 = DIRECTION ( 'NONE',  ( 0.000000000000000000, 0.000000000000000000, -1.000000000000000000 ) ) ;
#158 = ORIENTED_EDGE ( 'NONE', *, *, #11031, .T. ) ;
#159 = ORIENTED_EDGE ( 'NONE', *, *, #1854, .T. ) ;
#160 = ORIENTED_EDGE ( 'NONE', *, *, #102, .T. ) ;
#161 = SHAPE_DEFINITION_REPRESENTATION ( #1133, #10638 ) ;
#162 = CARTESIAN_POINT ( 'NONE',  ( 2.816829376715345390, 0.09836584936185029104, 9.750000000000001776 ) ) ;
#163 = EDGE_CURVE ( 'NONE', #4009, #5761, #112, .T. ) ;
#164 = ORIENTED_EDGE ( 'NONE', *, *, #7496, .F. ) ;
#165 = EDGE_CURVE ( 'NONE', #6269, #2649, #9435, .T. ) ;
#166 = CARTESIAN_POINT ( 'NONE',  ( 0.7267091498297101326, -2.910651784661603791, 8.077500000000000568 ) ) ;
#167 = CARTESIAN_POINT ( 'NONE',  ( 1.671185562066232588, -2.418072985055494950, 9.510800894373550918 ) ) ;
#168 = CARTESIAN_POINT ( 'NONE',  ( 2.158694763139499262, 2.083275526567261338, 9.449999999999999289 ) ) ;
#169 = CARTESIAN_POINT ( 'NONE',  ( 0.8922005383792529498, -1.545336663013173517, -8.204166666666671048 ) ) ;
#170 = CARTESIAN_POINT ( 'NONE',  ( -2.883516910659394306, 0.8278467406116321037, 8.077500000000000568 ) ) ;
#171 = EDGE_CURVE ( 'NONE', #3575, #6512, #3469, .T. ) ;
#172 = DIRECTION ( 'NONE',  ( -0.9781476007338077983, -0.2079116908177486012, 0.000000000000000000 ) ) ;
#173 = EDGE_LOOP ( 'NONE', ( #10558, #9467, #2693, #8178 ) ) ;
#174 = AXIS2_PLACEMENT_3D ( 'NONE', #9702, #4, #1723 ) ;
#175 = B_SPLINE_CURVE_WITH_KNOTS ( 'NONE', 3,
 ( #5553, #3887, #2081, #4837 ),
 .UNSPECIFIED., .F., .F.,
 ( 4, 4 ),
 ( 3.021976174287308391E-07, 0.0002759148428383532969 ),
 .UNSPECIFIED. ) ;
#176 = LINE ( 'NONE', #1246, #9622 ) ;
#177 = DIRECTION ( 'NONE',  ( -0.1045284632676551639, -0.9945218953682731788, 0.000000000000000000 ) ) ;
#178 = ORIENTED_EDGE ( 'NONE', *, *, #5363, .T. ) ;
#179 = DIRECTION ( 'NONE',  ( -0.000000000000000000, -0.000000000000000000, 1.000000000000000000 ) ) ;
#180 = PRODUCT ( '91273A784_Same-Size Thread 18-8 Stainless Steel Shoulder Screw_91273A784_sldprt', '91273A784_Same-Size Thread 18-8 Stainless Steel Shoulder Screw_91273A784_sldprt', '', ( #6344 ) ) ;
#181 = CARTESIAN_POINT ( 'NONE',  ( -0.9276160617662878582, 2.854908682117567320, 9.750000000000001776 ) ) ;
#182 = EDGE_CURVE ( 'NONE', #3913, #9495, #4777, .T. ) ;
#183 = CARTESIAN_POINT ( 'NONE',  ( -0.8922005383792531719, 1.545336663013173073, -7.154166666666670338 ) ) ;
#184 = VECTOR ( 'NONE', #5366, 1000.000000000000000 ) ;
#185 = CARTESIAN_POINT ( 'NONE',  ( -0.1037266918089348178, -2.998206259316789524, 9.449999999999999289 ) ) ;
#186 = EDGE_CURVE ( 'NONE', #8554, #6678, #176, .T. ) ;
#187 = DIRECTION ( 'NONE',  ( -0.3746065934159016897, 0.9271838545667915321, 0.000000000000000000 ) ) ;
#188 = FACE_OUTER_BOUND ( 'NONE', #4911, .T. ) ;
#189 = ORIENTED_EDGE ( 'NONE', *, *, #6738, .F. ) ;
#190 = CARTESIAN_POINT ( 'NONE',  ( -1.314239397301729229, -2.696808262850732607, -9.750000000000001776 ) ) ;
#191 = ORIENTED_EDGE ( 'NONE', *, *, #2093, .T. ) ;
#192 = CIRCLE ( 'NONE', #1701, 3.000000000000000000 ) ;
#193 = CARTESIAN_POINT ( 'NONE',  ( 0.03472392940187189747, 2.878689968965152612, 9.571310031034848009 ) ) ;
#194 = DIRECTION ( 'NONE',  ( -0.000000000000000000, 0.000000000000000000, -1.000000000000000000 ) ) ;
#195 = CARTESIAN_POINT ( 'NONE',  ( 0.1056702774065306910, 2.998138387812148586, 9.449999999999999289 ) ) ;
#196 = FACE_OUTER_BOUND ( 'NONE', #5167, .T. ) ;
#197 = CARTESIAN_POINT ( 'NONE',  ( 0.000000000000000000, 0.000000000000000000, 5.550000000000000711 ) ) ;
#198 = LINE ( 'NONE', #9132, #3375 ) ;
#199 = ORIENTED_EDGE ( 'NONE', *, *, #10593, .T. ) ;
#200 = CARTESIAN_POINT ( 'NONE',  ( 2.992759823733688318, -0.2082993937713409072, 9.449999999999999289 ) ) ;
#201 = AXIS2_PLACEMENT_3D ( 'NONE', #5056, #5220, #814 ) ;
#202 = DIRECTION ( 'NONE',  ( -0.9510565162951507556, 0.3090169943749560000, 0.000000000000000000 ) ) ;
#203 = PLANE ( 'NONE',  #9121 ) ;
#204 = PLANE ( 'NONE',  #3226 ) ;
#205 = DIRECTION ( 'NONE',  ( 0.000000000000000000, 0.000000000000000000, -1.000000000000000000 ) ) ;
#206 = EDGE_CURVE ( 'NONE', #761, #8972, #524, .T. ) ;
#207 = ORIENTED_EDGE ( 'NONE', *, *, #6419, .T. ) ;
#208 = CARTESIAN_POINT ( 'NONE',  ( -2.353151076758508875, 9.548577686196303386E-17, -7.409375000000006928 ) ) ;
#209 = ORIENTED_EDGE ( 'NONE', *, *, #6489, .T. ) ;
#210 = EDGE_LOOP ( 'NONE', ( #4197, #6411, #6517, #8026 ) ) ;
#211 = AXIS2_PLACEMENT_3D ( 'NONE', #1937, #7255, #4643 ) ;
#212 = DIRECTION ( 'NONE',  ( -0.7660444431189781245, -0.6427876096865391409, 0.000000000000000000 ) ) ;
#213 = CARTESIAN_POINT ( 'NONE',  ( -1.176575538379254215, 2.037888611415574314, -9.626041666666672825 ) ) ;
#214 = DIRECTION ( 'NONE',  ( 0.4999999999999996114, -0.8660254037844388186, -0.000000000000000000 ) ) ;
#215 = CARTESIAN_POINT ( 'NONE',  ( -0.8922005383792539490, -1.545336663013172851, -7.620833333333336235 ) ) ;
#216 = CARTESIAN_POINT ( 'NONE',  ( -0.8922005383792539490, -1.545336663013172851, -9.108333333333337833 ) ) ;
#217 = ORIENTED_EDGE ( 'NONE', *, *, #2726, .F. ) ;
#218 = B_SPLINE_CURVE_WITH_KNOTS ( 'NONE', 3,
 ( #3245, #1483, #7789, #6057 ),
 .UNSPECIFIED., .F., .F.,
 ( 4, 4 ),
 ( 3.021976174288224775E-07, 0.0002759148428383533511 ),
 .UNSPECIFIED. ) ;
#219 = AXIS2_PLACEMENT_3D ( 'NONE', #2187, #3118, #6689 ) ;
#220 = VERTEX_POINT ( 'NONE', #8363 ) ;
#221 = VECTOR ( 'NONE', #3494, 1000.000000000000000 ) ;
#222 = CARTESIAN_POINT ( 'NONE',  ( -0.5219021180700001983, -2.954254250932720094, -9.750000000000001776 ) ) ;
#223 = DIRECTION ( 'NONE',  ( -0.000000000000000000, -0.000000000000000000, -1.000000000000000000 ) ) ;
#224 = EDGE_CURVE ( 'NONE', #2314, #916, #3941, .T. ) ;
#225 = DIRECTION ( 'NONE',  ( -0.9396926207859052083, 0.3420201433256773171, 0.000000000000000000 ) ) ;
#226 = ORIENTED_EDGE ( 'NONE', *, *, #9834, .F. ) ;
#227 = VERTEX_POINT ( 'NONE', #3885 ) ;
#228 = COORDINATED_UNIVERSAL_TIME_OFFSET ( 8, 0, .BEHIND. ) ;
#229 = VECTOR ( 'NONE', #8763, 1000.000000000000114 ) ;
#230 = CARTESIAN_POINT ( 'NONE',  ( -0.9218689959748747054, -0.6224592253955880672, 9.704891043794038552 ) ) ;
#231 = CIRCLE ( 'NONE', #607, 3.000000000000000000 ) ;
#232 = CIRCLE ( 'NONE', #7694, 3.000000000000000000 ) ;
#233 = ORIENTED_EDGE ( 'NONE', *, *, #745, .F. ) ;
#234 = DIRECTION ( 'NONE',  ( -0.000000000000000000, -0.000000000000000000, -1.000000000000000000 ) ) ;
#235 = PLANE ( 'NONE',  #3193 ) ;
#236 = CARTESIAN_POINT ( 'NONE',  ( -1.440750071144363931, 2.562065060924746618, 9.510800894373550918 ) ) ;
#237 = LINE ( 'NONE', #7387, #6386 ) ;
#238 = EDGE_LOOP ( 'NONE', ( #6897, #8684, #4537, #2042 ) ) ;
#239 = DIRECTION ( 'NONE',  ( -0.000000000000000000, 0.000000000000000000, 1.000000000000000000 ) ) ;
#240 = DIRECTION ( 'NONE',  ( -1.000000000000000000, 1.609823385706476589E-15, 0.000000000000000000 ) ) ;
#241 = ORIENTED_EDGE ( 'NONE', *, *, #9619, .T. ) ;
#242 = AXIS2_PLACEMENT_3D ( 'NONE', #3495, #8029, #7113 ) ;
#243 = EDGE_CURVE ( 'NONE', #2829, #4888, #9175, .T. ) ;
#244 = EDGE_CURVE ( 'NONE', #4061, #10384, #10167, .T. ) ;
#245 = CARTESIAN_POINT ( 'NONE',  ( 2.775726306570163615, -0.4894354389105865510, 8.077500000000002345 ) ) ;
#246 = EDGE_CURVE ( 'NONE', #6745, #6667, #6941, .T. ) ;
#247 = DIRECTION ( 'NONE',  ( -0.000000000000000000, 0.000000000000000000, 1.000000000000000000 ) ) ;
#248 = VECTOR ( 'NONE', #6531, 1000.000000000000000 ) ;
#249 = CONICAL_SURFACE ( 'NONE', #441, 3.000000000000000000, 0.7853981633974482790 ) ;
#250 = CARTESIAN_POINT ( 'NONE',  ( -1.338300807568880035, 0.7726683315065867586, -7.795833333333336945 ) ) ;
#251 = CARTESIAN_POINT ( 'NONE',  ( 2.298758245762866359, -1.927617837523099897, 9.449999999999999289 ) ) ;
#252 = CARTESIAN_POINT ( 'NONE',  ( 2.840985947017426572, 0.4656828722888503580, 9.571310031034848009 ) ) ;
#253 = ORIENTED_EDGE ( 'NONE', *, *, #838, .T. ) ;
#254 = FACE_OUTER_BOUND ( 'NONE', #8553, .T. ) ;
#255 = DIRECTION ( 'NONE',  ( -0.000000000000000000, -0.000000000000000000, -1.000000000000000000 ) ) ;
#256 = DIRECTION ( 'NONE',  ( -1.000000000000000000, 0.000000000000000000, 0.000000000000000000 ) ) ;
#257 = ADVANCED_FACE ( 'NONE', ( #9053 ), #2898, .T. ) ;
#258 = EDGE_CURVE ( 'NONE', #3067, #6773, #3868, .T. ) ;
#259 = CARTESIAN_POINT ( 'NONE',  ( 0.000000000000000000, 0.000000000000000000, 6.749999999999999112 ) ) ;
#260 = CIRCLE ( 'NONE', #8288, 3.000000000000000000 ) ;
#261 = AXIS2_PLACEMENT_3D ( 'NONE', #8461, #4226, #11188 ) ;
#262 = CARTESIAN_POINT ( 'NONE',  ( 2.440932748640454619, 1.409273179501332240, 9.750000000000001776 ) ) ;
#263 = CIRCLE ( 'NONE', #10890, 3.000000000000000000 ) ;
#264 = CARTESIAN_POINT ( 'NONE',  ( -0.7248221475198702857, 2.911122267178876566, 9.449999999999999289 ) ) ;
#265 = LINE ( 'NONE', #9200, #10871 ) ;
#266 = FACE_OUTER_BOUND ( 'NONE', #6408, .T. ) ;
#267 = LINE ( 'NONE', #3610, #7106 ) ;
#268 = CIRCLE ( 'NONE', #6460, 2.999999999999999556 ) ;
#269 = EDGE_LOOP ( 'NONE', ( #8959, #1798, #391, #7887 ) ) ;
#270 = CARTESIAN_POINT ( 'NONE',  ( -0.9639996296761037531, 2.648567214897816768, 9.631453640997323262 ) ) ;
#271 = ORIENTED_EDGE ( 'NONE', *, *, #7889, .T. ) ;
#272 = DIRECTION ( 'NONE',  ( -0.000000000000000000, -0.000000000000000000, 1.000000000000000000 ) ) ;
#273 = CARTESIAN_POINT ( 'NONE',  ( -1.807015805810755715, 0.8571428571423262976, -6.824999999999973532 ) ) ;
#274 = DIRECTION ( 'NONE',  ( -0.8090169943749474513, -0.5877852522924730261, 0.000000000000000000 ) ) ;
#275 = EDGE_CURVE ( 'NONE', #4423, #7059, #10138, .T. ) ;
#276 = LINE ( 'NONE', #3859, #2903 ) ;
#277 = ORIENTED_EDGE ( 'NONE', *, *, #5253, .T. ) ;
#278 = ORIENTED_EDGE ( 'NONE', *, *, #10205, .F. ) ;
#279 = ORIENTED_EDGE ( 'NONE', *, *, #9655, .T. ) ;
#280 = AXIS2_PLACEMENT_3D ( 'NONE', #11172, #3365, #3261 ) ;
#281 = VECTOR ( 'NONE', #9812, 1000.000000000000114 ) ;
#282 = LINE ( 'NONE', #6333, #6628 ) ;
#283 = CARTESIAN_POINT ( 'NONE',  ( -1.338300807568880257, -0.7726683315065862034, -7.066666666666671759 ) ) ;
#284 = CARTESIAN_POINT ( 'NONE',  ( -2.970939380026124343, 0.4165563589839762493, -9.750000000000001776 ) ) ;
#285 = EDGE_CURVE ( 'NONE', #534, #1909, #9841, .T. ) ;
#286 = CARTESIAN_POINT ( 'NONE',  ( 1.338300807568880924, 0.7726683315065854263, -9.429166666666670693 ) ) ;
#287 = CARTESIAN_POINT ( 'NONE',  ( 1.338300807568879813, -0.7726683315065872026, -8.933333333333338899 ) ) ;
#288 = ORIENTED_EDGE ( 'NONE', *, *, #8424, .F. ) ;
#289 = VECTOR ( 'NONE', #179, 1000.000000000000000 ) ;
#290 = DIRECTION ( 'NONE',  ( 0.6691306063588483566, -0.7431448254774030149, 0.000000000000000000 ) ) ;
#291 = ORIENTED_EDGE ( 'NONE', *, *, #1123, .T. ) ;
#292 = CARTESIAN_POINT ( 'NONE',  ( -0.9261261411943478850, 2.853469882545892400, 9.449999999999999289 ) ) ;
#293 = CARTESIAN_POINT ( 'NONE',  ( 2.803106067138685820, -0.2946183195551997924, 9.750000000000001776 ) ) ;
#294 = DIRECTION ( 'NONE',  ( 0.000000000000000000, 0.000000000000000000, -1.000000000000000000 ) ) ;
#295 = CARTESIAN_POINT ( 'NONE',  ( 1.876986317341276633, -2.182884342608954586, 9.571310031034848009 ) ) ;
#296 = ORIENTED_EDGE ( 'NONE', *, *, #11362, .F. ) ;
#297 = ORIENTED_EDGE ( 'NONE', *, *, #57, .T. ) ;
#298 = ORIENTED_EDGE ( 'NONE', *, *, #10884, .T. ) ;
#299 = CARTESIAN_POINT ( 'NONE',  ( 0.000000000000000000, 0.000000000000000000, 0.000000000000000000 ) ) ;
#300 = DIRECTION ( 'NONE',  ( 0.000000000000000000, 0.000000000000000000, -1.000000000000000000 ) ) ;
#301 = APPROVAL_PERSON_ORGANIZATION ( #5536, #8438, #8978 ) ;
#302 = ORIENTED_EDGE ( 'NONE', *, *, #7025, .T. ) ;
#303 = CARTESIAN_POINT ( 'NONE',  ( 2.000000000000003553, 2.449293598294710852E-16, -9.750000000000001776 ) ) ;
#304 = ADVANCED_FACE ( 'NONE', ( #9461 ), #7718, .F. ) ;
#305 = CARTESIAN_POINT ( 'NONE',  ( 2.649299146609910505, 1.407556049247064012, 9.449999999999999289 ) ) ;
#306 = ORIENTED_EDGE ( 'NONE', *, *, #9743, .F. ) ;
#307 = CARTESIAN_POINT ( 'NONE',  ( -0.9261261411943478850, 2.853469882545892400, 9.449999999999999289 ) ) ;
#308 = VERTEX_POINT ( 'NONE', #11311 ) ;
#309 = DIRECTION ( 'NONE',  ( -0.6691306063588604580, -0.7431448254773922457, 0.000000000000000000 ) ) ;
#310 = AXIS2_PLACEMENT_3D ( 'NONE', #418, #3123, #6692 ) ;
#311 = CARTESIAN_POINT ( 'NONE',  ( -0.7267091498296913699, 2.910651784661608676, -9.750000000000001776 ) ) ;
#312 = PLANE ( 'NONE',  #3074 ) ;
#313 = CARTESIAN_POINT ( 'NONE',  ( -1.338300807568880035, 0.7726683315065867586, -7.095833333333337656 ) ) ;
#314 = CARTESIAN_POINT ( 'NONE',  ( -2.803106067138689372, -0.2946183195551620448, 9.631453640997325039 ) ) ;
#315 = ORIENTED_EDGE ( 'NONE', *, *, #1244, .T. ) ;
#316 = DIRECTION ( 'NONE',  ( -0.000000000000000000, -0.000000000000000000, -1.000000000000000000 ) ) ;
#317 = CARTESIAN_POINT ( 'NONE',  ( 2.297508171510907804, -1.929107618003880420, 9.449999999999999289 ) ) ;
#318 = CARTESIAN_POINT ( 'NONE',  ( 0.000000000000000000, 0.000000000000000000, 8.077500000000002345 ) ) ;
#319 = CARTESIAN_POINT ( 'NONE',  ( 2.680596881209476479, 0.8709787243654514288, 9.750000000000001776 ) ) ;
#320 = EDGE_CURVE ( 'NONE', #8902, #6730, #3305, .T. ) ;
#321 = EDGE_CURVE ( 'NONE', #11417, #9061, #11145, .T. ) ;
#322 = CARTESIAN_POINT ( 'NONE',  ( -2.008114336621357854, -2.228783706656113583, 8.077500000000000568 ) ) ;
#323 = PLANE ( 'NONE',  #754 ) ;
#324 = CARTESIAN_POINT ( 'NONE',  ( 2.221044840433183509, 1.735270409657345247, 9.631453640997325039 ) ) ;
#325 = FACE_OUTER_BOUND ( 'NONE', #2804, .T. ) ;
#326 = ORIENTED_EDGE ( 'NONE', *, *, #4228, .F. ) ;
#327 = EDGE_CURVE ( 'NONE', #7666, #7468, #4590, .T. ) ;
#328 = DIRECTION ( 'NONE',  ( 0.000000000000000000, 0.000000000000000000, -1.000000000000000000 ) ) ;
#329 = ADVANCED_FACE ( 'NONE', ( #6908 ), #4952, .T. ) ;
#330 = CARTESIAN_POINT ( 'NONE',  ( -0.8922005383792531719, 1.545336663013173073, -9.341666666666673891 ) ) ;
#331 = CARTESIAN_POINT ( 'NONE',  ( -2.158694763139513473, -2.083275526567247127, -9.750000000000001776 ) ) ;
#332 = ORIENTED_EDGE ( 'NONE', *, *, #6220, .T. ) ;
#333 = ORIENTED_EDGE ( 'NONE', *, *, #6762, .F. ) ;
#334 = CARTESIAN_POINT ( 'NONE',  ( 0.000000000000000000, 0.000000000000000000, -9.750000000000001776 ) ) ;
#335 = CARTESIAN_POINT ( 'NONE',  ( -1.764863307568881545, 1.018944305707787379, -9.567708333333339255 ) ) ;
#336 = CARTESIAN_POINT ( 'NONE',  ( -2.734823486451073205, -0.6818680780054423574, 8.077500000000002345 ) ) ;
#337 = EDGE_CURVE ( 'NONE', #5278, #7554, #8857, .T. ) ;
#338 = CARTESIAN_POINT ( 'NONE',  ( 0.000000000000000000, 0.000000000000000000, 8.077500000000002345 ) ) ;
#339 = CARTESIAN_POINT ( 'NONE',  ( 1.784401076758506788, -3.763923298982691022E-16, -8.875000000000003553 ) ) ;
#340 = ORIENTED_EDGE ( 'NONE', *, *, #7055, .T. ) ;
#341 = DIRECTION ( 'NONE',  ( -0.2419218955996777776, -0.9702957262759939194, 0.000000000000000000 ) ) ;
#342 = ORIENTED_EDGE ( 'NONE', *, *, #10220, .F. ) ;
#343 = LINE ( 'NONE', #7373, #1721 ) ;
#344 = DIRECTION ( 'NONE',  ( -0.1736481776668818977, 0.9848077530122165690, 0.000000000000000000 ) ) ;
#345 = CARTESIAN_POINT ( 'NONE',  ( 0.000000000000000000, 0.000000000000000000, 8.077500000000002345 ) ) ;
#346 = ORIENTED_EDGE ( 'NONE', *, *, #3266, .T. ) ;
#347 = VERTEX_POINT ( 'NONE', #705 ) ;
#348 = ORIENTED_EDGE ( 'NONE', *, *, #1754, .T. ) ;
#349 = DIRECTION ( 'NONE',  ( -0.4999999999999905631, 0.8660254037844440367, 0.000000000000000000 ) ) ;
#350 = B_SPLINE_CURVE_WITH_KNOTS ( 'NONE', 3,
 ( #2614, #630, #10428, #11294 ),
 .UNSPECIFIED., .F., .F.,
 ( 4, 4 ),
 ( 3.021976174286745114E-07, 0.0002759148428383536222 ),
 .UNSPECIFIED. ) ;
#351 = ORIENTED_EDGE ( 'NONE', *, *, #1468, .T. ) ;
#352 = EDGE_CURVE ( 'NONE', #6160, #9900, #3127, .T. ) ;
#353 = FACE_OUTER_BOUND ( 'NONE', #10499, .T. ) ;
#354 = CARTESIAN_POINT ( 'NONE',  ( -2.992759823733686542, 0.2082993937713604748, 9.449999999999999289 ) ) ;
#355 = CARTESIAN_POINT ( 'NONE',  ( -0.8922005383792531719, 1.545336663013173073, -7.154166666666670338 ) ) ;
#356 = DIRECTION ( 'NONE',  ( -0.000000000000000000, 0.000000000000000000, -1.000000000000000000 ) ) ;
#357 = VERTEX_POINT ( 'NONE', #5354 ) ;
#358 = DIRECTION ( 'NONE',  ( 0.000000000000000000, -0.000000000000000000, -1.000000000000000000 ) ) ;
#359 = ORIENTED_EDGE ( 'NONE', *, *, #376, .T. ) ;
#360 = DIRECTION ( 'NONE',  ( -1.000000000000000000, 0.000000000000000000, 0.000000000000000000 ) ) ;
#361 = EDGE_CURVE ( 'NONE', #6870, #11030, #9285, .T. ) ;
#362 = CARTESIAN_POINT ( 'NONE',  ( -2.883516910659394306, 0.8278467406116321037, 9.449999999999999289 ) ) ;
#363 = CARTESIAN_POINT ( 'NONE',  ( 2.866549843091850569, -0.2663713305965632605, 9.571310031034848009 ) ) ;
#364 = CARTESIAN_POINT ( 'NONE',  ( 0.7248221475198892705, -2.911122267178871681, 8.077500000000000568 ) ) ;
#365 = VECTOR ( 'NONE', #3662, 1000.000000000000000 ) ;
#366 = CARTESIAN_POINT ( 'NONE',  ( 0.000000000000000000, 1.545336663013173073, -7.912500000000004974 ) ) ;
#367 = DIRECTION ( 'NONE',  ( 0.000000000000000000, -0.000000000000000000, -1.000000000000000000 ) ) ;
#368 = VERTEX_POINT ( 'NONE', #4341 ) ;
#369 = PLANE ( 'NONE',  #1618 ) ;
#370 = DIRECTION ( 'NONE',  ( 0.3746065934159032440, -0.9271838545667909770, 0.000000000000000000 ) ) ;
#371 = DIRECTION ( 'NONE',  ( -0.000000000000000000, -0.000000000000000000, 1.000000000000000000 ) ) ;
#372 = PLANE ( 'NONE',  #10546 ) ;
#373 = B_SPLINE_CURVE_WITH_KNOTS ( 'NONE', 3,
 ( #5398, #3035, #10786, #8219 ),
 .UNSPECIFIED., .F., .F.,
 ( 4, 4 ),
 ( 3.021976174288394711E-07, 0.0002759148428383535138 ),
 .UNSPECIFIED. ) ;
#374 = CARTESIAN_POINT ( 'NONE',  ( -0.5860087391485055974, -2.756954358615466560, 8.077500000000002345 ) ) ;
#375 = DIRECTION ( 'NONE',  ( 0.6427876096865493549, 0.7660444431189696868, 0.000000000000000000 ) ) ;
#376 = EDGE_CURVE ( 'NONE', #4010, #5758, #11368, .T. ) ;
#377 = PLANE ( 'NONE',  #650 ) ;
#378 = VECTOR ( 'NONE', #6450, 1000.000000000000000 ) ;
#379 = CARTESIAN_POINT ( 'NONE',  ( -1.783299329881794959, -2.336617564762569987, 9.510800894373550918 ) ) ;
#380 = DIRECTION ( 'NONE',  ( -0.7193398003386510808, -0.6946583704589973651, 0.000000000000000000 ) ) ;
#381 = CARTESIAN_POINT ( 'NONE',  ( -2.533292686689810669, -1.235569399674157909, 8.077500000000002345 ) ) ;
#382 = CYLINDRICAL_SURFACE ( 'NONE', #964, 2.000000000000003553 ) ;
#383 = ORIENTED_EDGE ( 'NONE', *, *, #10200, .T. ) ;
#384 = CARTESIAN_POINT ( 'NONE',  ( 2.297508171510920683, 1.929107618003864877, 8.077500000000000568 ) ) ;
#385 = CARTESIAN_POINT ( 'NONE',  ( -2.449293598294710852E-16, -2.000000000000003553, -7.300000000000003375 ) ) ;
#386 = DIRECTION ( 'NONE',  ( -0.000000000000000000, -0.000000000000000000, 1.000000000000000000 ) ) ;
#387 = DIRECTION ( 'NONE',  ( 0.3746065934159016342, -0.9271838545667915321, 0.000000000000000000 ) ) ;
#388 = AXIS2_PLACEMENT_3D ( 'NONE', #3767, #8137, #122 ) ;
#389 = ORIENTED_EDGE ( 'NONE', *, *, #4892, .F. ) ;
#390 = CARTESIAN_POINT ( 'NONE',  ( 0.9639996296761210726, -2.648567214897810551, 8.077500000000002345 ) ) ;
#391 = ORIENTED_EDGE ( 'NONE', *, *, #9512, .F. ) ;
#392 = VERTEX_POINT ( 'NONE', #2529 ) ;
#393 = ADVANCED_FACE ( 'NONE', ( #4519 ), #825, .T. ) ;
#394 = ORIENTED_EDGE ( 'NONE', *, *, #9182, .T. ) ;
#395 = DIRECTION ( 'NONE',  ( -0.000000000000000000, -0.000000000000000000, -1.000000000000000000 ) ) ;
#396 = CARTESIAN_POINT ( 'NONE',  ( -1.764863307568881767, -1.018944305707786713, -8.051041666666673535 ) ) ;
#397 = EDGE_CURVE ( 'NONE', #7517, #11483, #8705, .T. ) ;
#398 = CIRCLE ( 'NONE', #3576, 3.000000000000000000 ) ;
#399 = CARTESIAN_POINT ( 'NONE',  ( -1.000000000000000000, -0.5773502691896259531, 8.250000000000001776 ) ) ;
#400 = CARTESIAN_POINT ( 'NONE',  ( 0.5860087391484866126, 2.756954358615470113, 9.631453640997325039 ) ) ;
#401 = CARTESIAN_POINT ( 'NONE',  ( -0.8922005383792539490, -1.545336663013172851, -8.408333333333338544 ) ) ;
#402 = VERTEX_POINT ( 'NONE', #2635 ) ;
#403 = ORIENTED_EDGE ( 'NONE', *, *, #3839, .T. ) ;
#404 = DIRECTION ( 'NONE',  ( -0.5000000000000003331, 0.8660254037844384856, 0.000000000000000000 ) ) ;
#405 = DIRECTION ( 'NONE',  ( 0.000000000000000000, 0.000000000000000000, -1.000000000000000000 ) ) ;
#406 = CARTESIAN_POINT ( 'NONE',  ( 1.000000000000000000, -0.5773502691896258421, 8.250000000000001776 ) ) ;
#407 = CARTESIAN_POINT ( 'NONE',  ( 1.847750578910113850, 2.363433476562719182, -9.750000000000001776 ) ) ;
#408 = VECTOR ( 'NONE', #11142, 1000.000000000000000 ) ;
#409 = EDGE_CURVE ( 'NONE', #10156, #2499, #8736, .T. ) ;
#410 = ORIENTED_EDGE ( 'NONE', *, *, #3991, .T. ) ;
#411 = EDGE_CURVE ( 'NONE', #8799, #5817, #4462, .T. ) ;
#412 = ORIENTED_EDGE ( 'NONE', *, *, #7169, .F. ) ;
#413 = CARTESIAN_POINT ( 'NONE',  ( 0.000000000000000000, 0.000000000000000000, 9.750000000000001776 ) ) ;
#414 = ORIENTED_EDGE ( 'NONE', *, *, #5150, .T. ) ;
#415 = AXIS2_PLACEMENT_3D ( 'NONE', #10217, #3997, #5941 ) ;
#416 = LINE ( 'NONE', #479, #1169 ) ;
#417 = EDGE_LOOP ( 'NONE', ( #9832, #5990, #7319, #9090 ) ) ;
#418 = CARTESIAN_POINT ( 'NONE',  ( 0.000000000000000000, 0.000000000000000000, 8.077500000000002345 ) ) ;
#419 = ORIENTED_EDGE ( 'NONE', *, *, #1864, .T. ) ;
#420 = VECTOR ( 'NONE', #3019, 1000.000000000000000 ) ;
#421 = EDGE_LOOP ( 'NONE', ( #3108, #7282, #1812 ) ) ;
#422 = EDGE_CURVE ( 'NONE', #4634, #7701, #7768, .T. ) ;
#423 = CARTESIAN_POINT ( 'NONE',  ( -0.5212620717708467133, 2.956224110890482315, 8.077500000000002345 ) ) ;
#424 = AXIS2_PLACEMENT_3D ( 'NONE', #2043, #2923, #10896 ) ;
#425 = AXIS2_PLACEMENT_3D ( 'NONE', #9862, #9808, #1824 ) ;
#426 = CARTESIAN_POINT ( 'NONE',  ( 0.7262080731356725938, 2.912661493512356703, 8.077500000000002345 ) ) ;
#427 = DIRECTION ( 'NONE',  ( -0.000000000000000000, 0.000000000000000000, -1.000000000000000000 ) ) ;
#428 = DIRECTION ( 'NONE',  ( 0.000000000000000000, 0.000000000000000000, -1.000000000000000000 ) ) ;
#429 = DIRECTION ( 'NONE',  ( -0.8090169943749513370, -0.5877852522924675860, 0.000000000000000000 ) ) ;
#430 = EDGE_CURVE ( 'NONE', #8387, #5628, #7477, .T. ) ;
#431 = CARTESIAN_POINT ( 'NONE',  ( -2.299534143425753463, 1.929538251628157619, 8.077500000000002345 ) ) ;
#432 = AXIS2_PLACEMENT_3D ( 'NONE', #67, #10764, #5614 ) ;
#433 = ORIENTED_EDGE ( 'NONE', *, *, #4645, .T. ) ;
#434 = CARTESIAN_POINT ( 'NONE',  ( -1.678601268951016801, -2.488628723042690893, 9.750000000000001776 ) ) ;
#435 = DIRECTION ( 'NONE',  ( -1.000000000000000000, 0.000000000000000000, 0.000000000000000000 ) ) ;
#436 = CARTESIAN_POINT ( 'NONE',  ( -1.671185562066265229, -2.418072985055470969, 9.510800894373550918 ) ) ;
#437 = LINE ( 'NONE', #1378, #4164 ) ;
#438 = DIRECTION ( 'NONE',  ( 0.000000000000000000, -0.000000000000000000, 1.000000000000000000 ) ) ;
#439 = APPLICATION_CONTEXT ( 'configuration controlled 3d designs of mechanical parts and assemblies' ) ;
#440 = LINE ( 'NONE', #319, #8103 ) ;
#441 = AXIS2_PLACEMENT_3D ( 'NONE', #3819, #5771, #9279 ) ;
#442 = CARTESIAN_POINT ( 'NONE',  ( -2.884052962002330300, -0.8259773074156354644, 9.449999999999999289 ) ) ;
#443 = CARTESIAN_POINT ( 'NONE',  ( 0.9062599177585696220, -1.251702186431309594, -9.679663336986674693 ) ) ;
#444 = EDGE_CURVE ( 'NONE', #5662, #6018, #11489, .T. ) ;
#445 = DIRECTION ( 'NONE',  ( 0.9612616959383204485, 0.2756373558169932791, 0.000000000000000000 ) ) ;
#446 = EDGE_LOOP ( 'NONE', ( #2086, #8451, #11540, #11233 ) ) ;
#447 = ORIENTED_EDGE ( 'NONE', *, *, #2625, .F. ) ;
#448 = CARTESIAN_POINT ( 'NONE',  ( 0.000000000000000000, 0.000000000000000000, 8.077500000000000568 ) ) ;
#449 = VECTOR ( 'NONE', #7568, 999.9999999999998863 ) ;
#450 = CARTESIAN_POINT ( 'NONE',  ( 0.5219021180699799922, 2.954254250932723647, 9.449999999999999289 ) ) ;
#451 = VECTOR ( 'NONE', #9164, 1000.000000000000000 ) ;
#452 = PLANE ( 'NONE',  #4173 ) ;
#453 = DIRECTION ( 'NONE',  ( -0.000000000000000000, -0.000000000000000000, -1.000000000000000000 ) ) ;
#454 = CARTESIAN_POINT ( 'NONE',  ( -0.7267091498296911478, 2.910651784661609121, 9.449999999999999289 ) ) ;
#455 = VERTEX_POINT ( 'NONE', #6564 ) ;
#456 = ORIENTED_EDGE ( 'NONE', *, *, #1481, .T. ) ;
#457 = DIRECTION ( 'NONE',  ( 0.000000000000000000, 0.000000000000000000, -1.000000000000000000 ) ) ;
#458 = CARTESIAN_POINT ( 'NONE',  ( -1.176575538379255104, -2.037888611415573870, -7.992708333333339077 ) ) ;
#459 = CIRCLE ( 'NONE', #4201, 3.000000000000000444 ) ;
#460 = VECTOR ( 'NONE', #2430, 1000.000000000000000 ) ;
#461 = DIRECTION ( 'NONE',  ( -0.000000000000000000, -0.000000000000000000, 1.000000000000000000 ) ) ;
#462 = CARTESIAN_POINT ( 'NONE',  ( 0.000000000000000000, 0.000000000000000000, 8.077500000000002345 ) ) ;
#463 = CARTESIAN_POINT ( 'NONE',  ( -1.892491597964134370E-16, -1.545336663013173073, -6.162500000000004086 ) ) ;
#464 = CARTESIAN_POINT ( 'NONE',  ( -1.338300807568880035, 0.7726683315065867586, -8.583333333333339255 ) ) ;
#465 = EDGE_CURVE ( 'NONE', #9036, #6482, #10564, .T. ) ;
#466 = ORIENTED_EDGE ( 'NONE', *, *, #1377, .F. ) ;
#467 = CARTESIAN_POINT ( 'NONE',  ( -2.671535350428088762, 1.225902530924414036, 9.510800894373550918 ) ) ;
#468 = EDGE_LOOP ( 'NONE', ( #1680, #5194, #11547, #2204 ) ) ;
#469 = DIRECTION ( 'NONE',  ( -0.000000000000000000, -0.000000000000000000, 1.000000000000000000 ) ) ;
#470 = AXIS2_PLACEMENT_3D ( 'NONE', #6249, #8829, #6998 ) ;
#471 = FACE_OUTER_BOUND ( 'NONE', #1838, .T. ) ;
#472 = AXIS2_PLACEMENT_3D ( 'NONE', #10436, #10550, #642 ) ;
#473 = ORIENTED_EDGE ( 'NONE', *, *, #7654, .T. ) ;
#474 = ORIENTED_EDGE ( 'NONE', *, *, #8516, .F. ) ;
#475 = CARTESIAN_POINT ( 'NONE',  ( 0.9279757276600382188, -2.852868915473304234, 8.077500000000000568 ) ) ;
#476 = EDGE_LOOP ( 'NONE', ( #3679, #1334, #10535, #1792 ) ) ;
#477 = AXIS2_PLACEMENT_3D ( 'NONE', #7842, #7161, #779 ) ;
#478 = CARTESIAN_POINT ( 'NONE',  ( -0.3137765339894680872, 2.985384301558949183, 9.750000000000001776 ) ) ;
#479 = CARTESIAN_POINT ( 'NONE',  ( -2.298758245762853036, 1.927617837523115440, -9.750000000000001776 ) ) ;
#480 = CARTESIAN_POINT ( 'NONE',  ( -1.338300807568880257, -0.7726683315065862034, -6.979166666666670515 ) ) ;
#481 = EDGE_CURVE ( 'NONE', #1005, #5021, #2945, .T. ) ;
#482 = EDGE_CURVE ( 'NONE', #3943, #3112, #4588, .T. ) ;
#483 = LINE ( 'NONE', #4058, #408 ) ;
#484 = ORIENTED_EDGE ( 'NONE', *, *, #6297, .T. ) ;
#485 = DIRECTION ( 'NONE',  ( 0.06975647374412036195, -0.9975640502598246417, 0.000000000000000000 ) ) ;
#486 = B_SPLINE_CURVE_WITH_KNOTS ( 'NONE', 3,
 ( #4513, #5527, #5407, #8109 ),
 .UNSPECIFIED., .F., .F.,
 ( 4, 4 ),
 ( 3.054997924343871513E-07, 0.0002759181450133579806 ),
 .UNSPECIFIED. ) ;
#487 = ORIENTED_EDGE ( 'NONE', *, *, #11435, .F. ) ;
#488 = ORIENTED_EDGE ( 'NONE', *, *, #8153, .T. ) ;
#489 = CARTESIAN_POINT ( 'NONE',  ( 1.124721301025019438, 2.781187155698189528, -9.750000000000001776 ) ) ;
#490 = CARTESIAN_POINT ( 'NONE',  ( -1.919999999999993046, 0.000000000000000000, -5.175312581422624625 ) ) ;
#491 = ORIENTED_EDGE ( 'NONE', *, *, #285, .T. ) ;
#492 = ORIENTED_EDGE ( 'NONE', *, *, #3876, .F. ) ;
#493 = LINE ( 'NONE', #11209, #2654 ) ;
#494 = FACE_OUTER_BOUND ( 'NONE', #6963, .T. ) ;
#495 = CARTESIAN_POINT ( 'NONE',  ( 2.741031733634757828, -1.219321547093807911, 8.077500000000000568 ) ) ;
#496 = DIRECTION ( 'NONE',  ( -1.000000000000000000, 0.000000000000000000, 0.000000000000000000 ) ) ;
#497 = DIRECTION ( 'NONE',  ( -0.000000000000000000, -0.000000000000000000, -1.000000000000000000 ) ) ;
#498 = CIRCLE ( 'NONE', #7035, 1.154700538379251462 ) ;
#499 = CARTESIAN_POINT ( 'NONE',  ( -0.7248221475199284614, -2.911122267178862355, -9.750000000000001776 ) ) ;
#500 = EDGE_CURVE ( 'NONE', #9039, #5549, #6834, .T. ) ;
#501 = LINE ( 'NONE', #9361, #9330 ) ;
#502 = VECTOR ( 'NONE', #294, 1000.000000000000000 ) ;
#503 = LINE ( 'NONE', #2265, #10874 ) ;
#504 = CARTESIAN_POINT ( 'NONE',  ( 1.732050807568880968, 1.000000000000000222, -7.066666666666669983 ) ) ;
#505 = LINE ( 'NONE', #4300, #10456 ) ;
#506 = CARTESIAN_POINT ( 'NONE',  ( 2.299534143425778776, 1.929538251628127199, 8.077500000000002345 ) ) ;
#507 = LINE ( 'NONE', #1498, #4490 ) ;
#508 = DIRECTION ( 'NONE',  ( 0.6691306063588173814, -0.7431448254774308815, 0.000000000000000000 ) ) ;
#509 = ORIENTED_EDGE ( 'NONE', *, *, #4670, .F. ) ;
#510 = ORIENTED_EDGE ( 'NONE', *, *, #3403, .F. ) ;
#511 = EDGE_CURVE ( 'NONE', #6999, #3376, #4823, .T. ) ;
#512 = ADVANCED_FACE ( 'NONE', ( #8352 ), #156, .F. ) ;
#513 = CARTESIAN_POINT ( 'NONE',  ( 1.000000000000000000, 0.5773502691896259531, 8.250000000000001776 ) ) ;
#514 = CARTESIAN_POINT ( 'NONE',  ( 2.000000000000003553, -8.715332896486790042E-16, -8.525000000000003908 ) ) ;
#515 = CARTESIAN_POINT ( 'NONE',  ( 0.8922005383792542821, 1.545336663013172851, -7.270833333333337478 ) ) ;
#516 = ORIENTED_EDGE ( 'NONE', *, *, #10567, .T. ) ;
#517 = LINE ( 'NONE', #5763, #7132 ) ;
#518 = CARTESIAN_POINT ( 'NONE',  ( -2.818745138964445118, 1.026974119228090121, -9.750000000000001776 ) ) ;
#519 = CARTESIAN_POINT ( 'NONE',  ( 1.738156659040090091, 0.1948793803528041657, -6.563156659040065399 ) ) ;
#520 = ORIENTED_EDGE ( 'NONE', *, *, #10414, .F. ) ;
#521 = ORIENTED_EDGE ( 'NONE', *, *, #9496, .F. ) ;
#522 = EDGE_CURVE ( 'NONE', #3637, #3171, #6504, .T. ) ;
#523 = CARTESIAN_POINT ( 'NONE',  ( -0.1262837116100704038, -2.201083767923363244, -5.835964645834945230 ) ) ;
#524 = B_SPLINE_CURVE_WITH_KNOTS ( 'NONE', 3,
 ( #9106, #2077, #8131, #6581 ),
 .UNSPECIFIED., .F., .F.,
 ( 4, 4 ),
 ( 3.021976174289139570E-07, 0.0002759148428383535138 ),
 .UNSPECIFIED. ) ;
#525 = CARTESIAN_POINT ( 'NONE',  ( 0.000000000000000000, 0.000000000000000000, 8.250000000000001776 ) ) ;
#526 = ORIENTED_EDGE ( 'NONE', *, *, #5646, .T. ) ;
#527 = CARTESIAN_POINT ( 'NONE',  ( 0.5860087391484868347, 2.756954358615470557, 9.750000000000001776 ) ) ;
#528 = CYLINDRICAL_SURFACE ( 'NONE', #3781, 2.000000000000003553 ) ;
#529 = LINE ( 'NONE', #8464, #8595 ) ;
#530 = CARTESIAN_POINT ( 'NONE',  ( 2.750542262296636675, -1.036559408444068575, 9.510800894373550918 ) ) ;
#531 = ORIENTED_EDGE ( 'NONE', *, *, #6488, .T. ) ;
#532 =( BOUNDED_CURVE ( )  B_SPLINE_CURVE ( 2, ( #932, #4560, #799, #7114, #5391, #7177, #7237, #10725, #10778 ),
 .UNSPECIFIED., .F., .F. ) 
 B_SPLINE_CURVE_WITH_KNOTS ( ( 3, 2, 2, 2, 3 ),
 ( 0.5969003381211717141, 0.6088051000259336876, 0.6326146238354575235, 0.6564241476449812485, 0.6683289095497432220 ),
 .UNSPECIFIED. ) 
 CURVE ( )  GEOMETRIC_REPRESENTATION_ITEM ( )  RATIONAL_B_SPLINE_CURVE ( ( 0.9330127018922192983, 0.9330127018922189652, 1.000000000000000000, 0.8660254037844387076, 1.000000000000000000, 0.8660254037844387076, 1.000000000000000000, 0.9330127018922194093, 0.9330127018922194093 ) ) 
 REPRESENTATION_ITEM ( '' )  );
#533 = ORIENTED_EDGE ( 'NONE', *, *, #10640, .T. ) ;
#534 = VERTEX_POINT ( 'NONE', #8561 ) ;
#535 = DIRECTION ( 'NONE',  ( 0.9975640502598243087, 0.06975647374412384527, 0.000000000000000000 ) ) ;
#536 = ADVANCED_FACE ( 'NONE', ( #8396 ), #1517, .T. ) ;
#537 = EDGE_CURVE ( 'NONE', #10514, #9587, #4153, .T. ) ;
#538 = CARTESIAN_POINT ( 'NONE',  ( 1.493602012769879694, 2.390262873680843558, 9.631453640997325039 ) ) ;
#539 = ORIENTED_EDGE ( 'NONE', *, *, #5150, .F. ) ;
#540 = ADVANCED_FACE ( 'NONE', ( #471 ), #6729, .F. ) ;
#541 = DIRECTION ( 'NONE',  ( -0.8090169943749545567, -0.5877852522924632561, 0.000000000000000000 ) ) ;
#542 = CYLINDRICAL_SURFACE ( 'NONE', #3964, 2.000000000000003553 ) ;
#543 = VERTEX_POINT ( 'NONE', #4996 ) ;
#544 = ORIENTED_EDGE ( 'NONE', *, *, #4853, .T. ) ;
#545 = LINE ( 'NONE', #8749, #8136 ) ;
#546 = CARTESIAN_POINT ( 'NONE',  ( -1.732050807568880302, 1.000000000000001998, -8.933333333333335347 ) ) ;
#547 = LINE ( 'NONE', #3247, #3257 ) ;
#548 = DIRECTION ( 'NONE',  ( -0.9781476007338055778, 0.2079116908177597867, 0.000000000000000000 ) ) ;
#549 = EDGE_CURVE ( 'NONE', #10107, #10980, #3988, .T. ) ;
#550 = ADVANCED_FACE ( 'NONE', ( #7706 ), #11249, .T. ) ;
#551 = DIRECTION ( 'NONE',  ( -1.000000000000000000, 0.000000000000000000, 0.000000000000000000 ) ) ;
#552 = ORIENTED_EDGE ( 'NONE', *, *, #2963, .T. ) ;
#553 = DIRECTION ( 'NONE',  ( -0.000000000000000000, -0.000000000000000000, -1.000000000000000000 ) ) ;
#554 = CARTESIAN_POINT ( 'NONE',  ( 0.000000000000000000, 0.000000000000000000, 8.077500000000000568 ) ) ;
#555 = AXIS2_PLACEMENT_3D ( 'NONE', #3080, #8201, #2088 ) ;
#556 = VECTOR ( 'NONE', #10584, 1000.000000000000000 ) ;
#557 = DIRECTION ( 'NONE',  ( -0.000000000000000000, -0.000000000000000000, 1.000000000000000000 ) ) ;
#558 = ORIENTED_EDGE ( 'NONE', *, *, #3280, .T. ) ;
#559 = AXIS2_PLACEMENT_3D ( 'NONE', #4714, #7155, #2715 ) ;
#560 = ORIENTED_EDGE ( 'NONE', *, *, #10520, .F. ) ;
#561 = EDGE_CURVE ( 'NONE', #1575, #7416, #3912, .T. ) ;
#562 = B_SPLINE_CURVE_WITH_KNOTS ( 'NONE', 3,
 ( #11198, #5064, #10445, #2530 ),
 .UNSPECIFIED., .F., .F.,
 ( 4, 4 ),
 ( 3.054997924342788899E-07, 0.0002759181450133577638 ),
 .UNSPECIFIED. ) ;
#563 = DIRECTION ( 'NONE',  ( -0.9135454576425957596, 0.4067366430758116991, 0.000000000000000000 ) ) ;
#564 = DIRECTION ( 'NONE',  ( 0.000000000000000000, 0.000000000000000000, -1.000000000000000000 ) ) ;
#565 = CARTESIAN_POINT ( 'NONE',  ( -1.099967607507855494, -1.185473543142758768, -5.548001543119861267 ) ) ;
#566 = CIRCLE ( 'NONE', #5464, 3.000000000000000000 ) ;
#567 = ORIENTED_EDGE ( 'NONE', *, *, #983, .T. ) ;
#568 = EDGE_CURVE ( 'NONE', #1005, #10733, #11535, .T. ) ;
#569 = CARTESIAN_POINT ( 'NONE',  ( 2.157343812172583863, -2.084674477245946456, 8.077500000000000568 ) ) ;
#570 = CARTESIAN_POINT ( 'NONE',  ( 0.000000000000000000, 0.000000000000000000, 8.077500000000000568 ) ) ;
#571 = CARTESIAN_POINT ( 'NONE',  ( 2.613310677415288108, 1.055846049930807995, 8.077500000000002345 ) ) ;
#572 = EDGE_LOOP ( 'NONE', ( #6860, #7427, #3926, #1658 ) ) ;
#573 = EDGE_LOOP ( 'NONE', ( #9210, #8051, #2123, #10556 ) ) ;
#574 = CARTESIAN_POINT ( 'NONE',  ( -1.764863307568881545, 1.018944305707787379, -6.767708333333340320 ) ) ;
#575 = CIRCLE ( 'NONE', #969, 3.000000000000000444 ) ;
#576 = DIRECTION ( 'NONE',  ( 0.4383711467890892277, 0.8987940462991612645, 0.000000000000000000 ) ) ;
#577 = CARTESIAN_POINT ( 'NONE',  ( -2.440932748640435079, 1.409273179501366213, 9.750000000000001776 ) ) ;
#578 = ORIENTED_EDGE ( 'NONE', *, *, #1711, .T. ) ;
#579 = CARTESIAN_POINT ( 'NONE',  ( -2.999999842411182449, 0.0009723851495880750893, 9.449999999999999289 ) ) ;
#580 = VECTOR ( 'NONE', #9430, 1000.000000000000114 ) ;
#581 = EDGE_CURVE ( 'NONE', #7250, #6685, #3617, .T. ) ;
#582 = LINE ( 'NONE', #1358, #4912 ) ;
#583 = AXIS2_PLACEMENT_3D ( 'NONE', #8295, #5470, #8115 ) ;
#584 = VERTEX_POINT ( 'NONE', #4677 ) ;
#585 = CARTESIAN_POINT ( 'NONE',  ( -1.511537159001918429, -0.5026268290491610058, -6.412575407180474585 ) ) ;
#586 = VERTEX_POINT ( 'NONE', #8209 ) ;
#587 = ORIENTED_EDGE ( 'NONE', *, *, #2605, .F. ) ;
#588 = CARTESIAN_POINT ( 'NONE',  ( 1.391108209107292382, -1.139632919827181068, -6.619211912470094106 ) ) ;
#589 = CARTESIAN_POINT ( 'NONE',  ( -2.000000000000003553, 2.776705060820691653E-13, -8.087500000000021672 ) ) ;
#590 = ORIENTED_EDGE ( 'NONE', *, *, #6952, .T. ) ;
#591 = AXIS2_PLACEMENT_3D ( 'NONE', #6607, #10134, #7520 ) ;
#592 = CARTESIAN_POINT ( 'NONE',  ( -0.3126183150084358431, 2.983667171304682508, 8.077500000000000568 ) ) ;
#593 = DIRECTION ( 'NONE',  ( -0.9848077530122065770, 0.1736481776669389909, 0.000000000000000000 ) ) ;
#594 = CARTESIAN_POINT ( 'NONE',  ( -1.482864587467278561, 0.4349459935304481606, -6.370336663013146605 ) ) ;
#595 = CARTESIAN_POINT ( 'NONE',  ( 0.000000000000000000, 0.000000000000000000, 8.077500000000002345 ) ) ;
#596 = EDGE_LOOP ( 'NONE', ( #487, #9934, #6330, #6455 ) ) ;
#597 = EDGE_CURVE ( 'NONE', #7537, #2780, #3847, .T. ) ;
#598 = EDGE_CURVE ( 'NONE', #10562, #6341, #5624, .T. ) ;
#599 = LINE ( 'NONE', #5135, #1434 ) ;
#600 = CARTESIAN_POINT ( 'NONE',  ( 1.000000000000000000, 0.5773502691896259531, 8.250000000000001776 ) ) ;
#601 = PLANE ( 'NONE',  #6600 ) ;
#602 = CIRCLE ( 'NONE', #9922, 3.000000000000000000 ) ;
#603 = CARTESIAN_POINT ( 'NONE',  ( 2.000000000000003553, 2.765148529399950325E-11, -7.737499999998392219 ) ) ;
#604 = CARTESIAN_POINT ( 'NONE',  ( -0.3145524316523686803, 2.983463887453908114, 9.449999999999999289 ) ) ;
#605 = VECTOR ( 'NONE', #553, 1000.000000000000000 ) ;
#606 = ORIENTED_EDGE ( 'NONE', *, *, #206, .F. ) ;
#607 = AXIS2_PLACEMENT_3D ( 'NONE', #1861, #140, #5453 ) ;
#608 = CARTESIAN_POINT ( 'NONE',  ( 0.000000000000000000, 1.545336663013173073, -9.312500000000005329 ) ) ;
#609 = CIRCLE ( 'NONE', #9189, 3.000000000000000000 ) ;
#610 = CARTESIAN_POINT ( 'NONE',  ( -2.008615413315411935, -2.230793415506871824, 9.750000000000001776 ) ) ;
#611 = PLANE ( 'NONE',  #5281 ) ;
#612 = ORIENTED_EDGE ( 'NONE', *, *, #3185, .F. ) ;
#613 = LINE ( 'NONE', #1441, #8787 ) ;
#614 = EDGE_CURVE ( 'NONE', #227, #8839, #2383, .T. ) ;
#615 = CARTESIAN_POINT ( 'NONE',  ( 1.991452414734073750, 2.161956388034606658, 9.510800894373550918 ) ) ;
#616 = EDGE_CURVE ( 'NONE', #4489, #2179, #10011, .T. ) ;
#617 = CARTESIAN_POINT ( 'NONE',  ( -2.939999999999999947, 0.000000000000000000, 6.810000000000001386 ) ) ;
#618 = CARTESIAN_POINT ( 'NONE',  ( -2.162518398525947294, 1.900414655997597624, 9.571310031034848009 ) ) ;
#619 = ADVANCED_FACE ( 'NONE', ( #8272 ), #5448, .F. ) ;
#620 = CARTESIAN_POINT ( 'NONE',  ( -1.475000000000007860, 1.806354028742355663E-16, -9.750000000000001776 ) ) ;
#621 = ORIENTED_EDGE ( 'NONE', *, *, #8831, .T. ) ;
#622 = VECTOR ( 'NONE', #5955, 999.9999999999998863 ) ;
#623 = VERTEX_POINT ( 'NONE', #264 ) ;
#624 = ORIENTED_EDGE ( 'NONE', *, *, #4425, .T. ) ;
#625 = CARTESIAN_POINT ( 'NONE',  ( -2.543628869203391929, -1.590582338565054821, 9.449999999999999289 ) ) ;
#626 = CARTESIAN_POINT ( 'NONE',  ( -1.656699982724391340, 2.280251903866815866, 9.631453640997325039 ) ) ;
#627 = AXIS2_PLACEMENT_3D ( 'NONE', #2482, #9642, #6121 ) ;
#628 = CARTESIAN_POINT ( 'NONE',  ( 0.000000000000000000, 0.000000000000000000, 8.077500000000002345 ) ) ;
#629 = VECTOR ( 'NONE', #10189, 1000.000000000000000 ) ;
#630 = CARTESIAN_POINT ( 'NONE',  ( -2.137411790759683683, 2.017773272851860700, 9.510800894373550918 ) ) ;
#631 = CARTESIAN_POINT ( 'NONE',  ( -1.338300807568880257, -0.7726683315065862034, -7.766666666666671937 ) ) ;
#632 = EDGE_CURVE ( 'NONE', #9874, #10156, #10422, .T. ) ;
#633 = ORIENTED_EDGE ( 'NONE', *, *, #10452, .T. ) ;
#634 = DIRECTION ( 'NONE',  ( -0.000000000000000000, 0.000000000000000000, -1.000000000000000000 ) ) ;
#635 = CARTESIAN_POINT ( 'NONE',  ( -1.180790761812820389, 1.046962213392568675, -6.400056286168182673 ) ) ;
#636 = CARTESIAN_POINT ( 'NONE',  ( 0.4775843509039791601, -2.900319177553643435, 9.510800894373550918 ) ) ;
#637 = ORIENTED_EDGE ( 'NONE', *, *, #2905, .F. ) ;
#638 = VERTEX_POINT ( 'NONE', #7406 ) ;
#639 = AXIS2_PLACEMENT_3D ( 'NONE', #1286, #2008, #8454 ) ;
#640 = CARTESIAN_POINT ( 'NONE',  ( 1.764863307568881101, -1.018944305707788045, -6.417708333333339787 ) ) ;
#641 = AXIS2_PLACEMENT_3D ( 'NONE', #4492, #2200, #5446 ) ;
#642 = DIRECTION ( 'NONE',  ( -1.000000000000000000, 0.000000000000000000, 0.000000000000000000 ) ) ;
#643 = CARTESIAN_POINT ( 'NONE',  ( 2.840985947017423019, -0.4656828722888696204, 9.571310031034848009 ) ) ;
#644 = EDGE_CURVE ( 'NONE', #6233, #9526, #10950, .T. ) ;
#645 = EDGE_LOOP ( 'NONE', ( #4473, #1676, #929, #3796 ) ) ;
#646 = PLANE ( 'NONE',  #9753 ) ;
#647 = CARTESIAN_POINT ( 'NONE',  ( -1.764863307568881767, -1.018944305707786713, -6.694791666666668917 ) ) ;
#648 = CARTESIAN_POINT ( 'NONE',  ( -0.8922005383792539490, -1.545336663013172851, -6.220833333333336768 ) ) ;
#649 = CIRCLE ( 'NONE', #470, 3.000000000000000444 ) ;
#650 = AXIS2_PLACEMENT_3D ( 'NONE', #10889, #2914, #5623 ) ;
#651 = ORIENTED_EDGE ( 'NONE', *, *, #4799, .T. ) ;
#652 = LINE ( 'NONE', #1529, #5869 ) ;
#653 = ORIENTED_EDGE ( 'NONE', *, *, #6982, .T. ) ;
#654 = ORIENTED_EDGE ( 'NONE', *, *, #4631, .T. ) ;
#655 = PLANE ( 'NONE',  #9794 ) ;
#656 = DIRECTION ( 'NONE',  ( -0.000000000000000000, 0.000000000000000000, -1.000000000000000000 ) ) ;
#657 = EDGE_CURVE ( 'NONE', #2947, #5900, #3642, .T. ) ;
#658 = AXIS2_PLACEMENT_3D ( 'NONE', #2306, #11201, #360 ) ;
#659 = VECTOR ( 'NONE', #1474, 1000.000000000000000 ) ;
#660 = PLANE ( 'NONE',  #6006 ) ;
#661 = DIRECTION ( 'NONE',  ( 0.8660254037844388186, 0.4999999999999996114, 0.000000000000000000 ) ) ;
#662 = PLANE ( 'NONE',  #7317 ) ;
#663 = VERTEX_POINT ( 'NONE', #8088 ) ;
#664 = CARTESIAN_POINT ( 'NONE',  ( 1.732050807568880968, 1.000000000000000222, -9.166666666666669627 ) ) ;
#665 = DIRECTION ( 'NONE',  ( -1.000000000000000000, 0.000000000000000000, 0.000000000000000000 ) ) ;
#666 = PLANE ( 'NONE',  #9179 ) ;
#667 = CARTESIAN_POINT ( 'NONE',  ( -2.000000000000003553, 2.776705060820691653E-13, -8.087500000000021672 ) ) ;
#668 = B_SPLINE_CURVE_WITH_KNOTS ( 'NONE', 3,
 ( #1539, #714, #11153, #5842 ),
 .UNSPECIFIED., .F., .F.,
 ( 4, 4 ),
 ( 3.021976174287550854E-07, 0.0002759148428383530801 ),
 .UNSPECIFIED. ) ;
#669 = CARTESIAN_POINT ( 'NONE',  ( -2.440932748640435079, 1.409273179501366213, 8.077500000000002345 ) ) ;
#670 = ORIENTED_EDGE ( 'NONE', *, *, #6849, .T. ) ;
#671 = CARTESIAN_POINT ( 'NONE',  ( -0.5431850904497305121, 2.888751997217299028, 9.510800894373550918 ) ) ;
#672 = VERTEX_POINT ( 'NONE', #9897 ) ;
#673 = DIRECTION ( 'NONE',  ( 0.000000000000000000, -0.000000000000000000, -1.000000000000000000 ) ) ;
#674 = CARTESIAN_POINT ( 'NONE',  ( 0.000000000000000000, 2.000000000000006661, -8.962500000000007461 ) ) ;
#675 = AXIS2_PLACEMENT_3D ( 'NONE', #10834, #1327, #3854 ) ;
#676 = DIRECTION ( 'NONE',  ( -0.8290375725550420682, 0.5591929034707464607, 0.000000000000000000 ) ) ;
#677 = CARTESIAN_POINT ( 'NONE',  ( -0.8922005383792538380, -1.545336663013172851, -9.108333333333337833 ) ) ;
#678 = CARTESIAN_POINT ( 'NONE',  ( 1.124721301025019216, 2.781187155698189528, 9.449999999999999289 ) ) ;
#679 = ORIENTED_EDGE ( 'NONE', *, *, #11031, .F. ) ;
#680 = ORIENTED_EDGE ( 'NONE', *, *, #4065, .F. ) ;
#681 = CARTESIAN_POINT ( 'NONE',  ( -0.7768966656431479656, -2.709360653135679531, 8.077500000000002345 ) ) ;
#682 = EDGE_CURVE ( 'NONE', #5436, #5562, #6452, .T. ) ;
#683 = EDGE_CURVE ( 'NONE', #1215, #8621, #8150, .T. ) ;
#684 = LINE ( 'NONE', #1670, #8638 ) ;
#685 = ADVANCED_FACE ( 'NONE', ( #10378 ), #9384, .T. ) ;
#686 = DIRECTION ( 'NONE',  ( 0.000000000000000000, -0.000000000000000000, -1.000000000000000000 ) ) ;
#687 = CARTESIAN_POINT ( 'NONE',  ( 0.000000000000000000, 0.000000000000000000, -5.774999999999992362 ) ) ;
#688 = CARTESIAN_POINT ( 'NONE',  ( 0.8922005383792542821, 1.545336663013172851, -7.358333333333337833 ) ) ;
#689 = EDGE_LOOP ( 'NONE', ( #3479, #2883, #3, #4701 ) ) ;
#690 = DIRECTION ( 'NONE',  ( 0.8829475928589287648, 0.4694715627858873641, 0.000000000000000000 ) ) ;
#691 = DIRECTION ( 'NONE',  ( 0.8987940462991659274, -0.4383711467890798463, 0.000000000000000000 ) ) ;
#692 = DIRECTION ( 'NONE',  ( 0.000000000000000000, -0.000000000000000000, 1.000000000000000000 ) ) ;
#693 = ORIENTED_EDGE ( 'NONE', *, *, #7348, .T. ) ;
#694 = DIRECTION ( 'NONE',  ( 0.9902680687415693628, -0.1391731009600725433, 0.000000000000000000 ) ) ;
#695 = DIRECTION ( 'NONE',  ( -0.000000000000000000, -0.000000000000000000, -1.000000000000000000 ) ) ;
#696 = EDGE_CURVE ( 'NONE', #1693, #1932, #263, .T. ) ;
#697 = CARTESIAN_POINT ( 'NONE',  ( 1.338300807568880924, 0.7726683315065854263, -9.516666666666671048 ) ) ;
#698 = DIRECTION ( 'NONE',  ( 0.6427876096865418054, 0.7660444431189761261, 0.000000000000000000 ) ) ;
#699 = VERTEX_POINT ( 'NONE', #10543 ) ;
#700 = ADVANCED_FACE ( 'NONE', ( #8613 ), #7810, .F. ) ;
#701 = B_SPLINE_CURVE_WITH_KNOTS ( 'NONE', 3,
 ( #7393, #1301, #5557, #3013 ),
 .UNSPECIFIED., .F., .F.,
 ( 4, 4 ),
 ( 3.054997924344442202E-07, 0.0002759181450133578722 ),
 .UNSPECIFIED. ) ;
#702 = CARTESIAN_POINT ( 'NONE',  ( 1.764863307568881101, -1.018944305707788045, -7.861458333333334991 ) ) ;
#703 = DIRECTION ( 'NONE',  ( 0.7431448254773965756, 0.6691306063588556841, 0.000000000000000000 ) ) ;
#704 = ORIENTED_EDGE ( 'NONE', *, *, #8911, .T. ) ;
#705 = CARTESIAN_POINT ( 'NONE',  ( 2.816829376715345390, 0.09836584936185029104, 8.077500000000002345 ) ) ;
#706 = ORIENTED_EDGE ( 'NONE', *, *, #3300, .T. ) ;
#707 = ORIENTED_EDGE ( 'NONE', *, *, #10763, .T. ) ;
#708 = CARTESIAN_POINT ( 'NONE',  ( 2.533292686689793793, -1.235569399674193214, 8.077500000000002345 ) ) ;
#709 = EDGE_LOOP ( 'NONE', ( #8349, #7749, #233, #6185 ) ) ;
#710 = ORIENTED_EDGE ( 'NONE', *, *, #3043, .F. ) ;
#711 = CARTESIAN_POINT ( 'NONE',  ( -2.741031733634748502, 1.219321547093827895, 9.449999999999999289 ) ) ;
#712 = B_SPLINE_CURVE_WITH_KNOTS ( 'NONE', 3,
 ( #11059, #2166, #9076, #9208 ),
 .UNSPECIFIED., .F., .F.,
 ( 4, 4 ),
 ( 3.054997924345016596E-07, 0.0002759181450133581432 ),
 .UNSPECIFIED. ) ;
#713 = CARTESIAN_POINT ( 'NONE',  ( -1.154700538379253238, 2.000000000000003553, -6.891666666666669272 ) ) ;
#714 = CARTESIAN_POINT ( 'NONE',  ( 2.579512986874078262, 1.409273179501332018, 9.510800894373550918 ) ) ;
#715 = EDGE_LOOP ( 'NONE', ( #3730, #11426, #2687 ) ) ;
#716 = EDGE_CURVE ( 'NONE', #6342, #2688, #6008, .T. ) ;
#717 = CARTESIAN_POINT ( 'NONE',  ( 2.428530378214547536, -1.764430600325829435, 8.077500000000002345 ) ) ;
#718 = CARTESIAN_POINT ( 'NONE',  ( 2.819410289580891682, -1.025146632928866541, -9.750000000000001776 ) ) ;
#719 = LINE ( 'NONE', #10519, #11251 ) ;
#720 = DIRECTION ( 'NONE',  ( 0.000000000000000000, 0.000000000000000000, -1.000000000000000000 ) ) ;
#721 = FACE_OUTER_BOUND ( 'NONE', #11533, .T. ) ;
#722 = ORIENTED_EDGE ( 'NONE', *, *, #6083, .F. ) ;
#723 = CARTESIAN_POINT ( 'NONE',  ( -1.678601268950967063, 2.488628723042724644, 8.077500000000002345 ) ) ;
#724 = CARTESIAN_POINT ( 'NONE',  ( 2.298758245762878794, 1.927617837523084132, 9.449999999999999289 ) ) ;
#725 = VERTEX_POINT ( 'NONE', #8718 ) ;
#726 = CARTESIAN_POINT ( 'NONE',  ( -1.618539639574660136E-17, 2.818546359002675583, 9.631453640997325039 ) ) ;
#727 = EDGE_CURVE ( 'NONE', #8977, #9024, #4900, .T. ) ;
#728 = CARTESIAN_POINT ( 'NONE',  ( 0.9218689959748748164, 0.6224592253955877341, 9.704891043794042105 ) ) ;
#729 = CARTESIAN_POINT ( 'NONE',  ( 0.5199868932015822010, 2.954591956751146054, -9.750000000000001776 ) ) ;
#730 = DIRECTION ( 'NONE',  ( 0.9396926207859104263, 0.3420201433256630508, 0.000000000000000000 ) ) ;
#731 = LINE ( 'NONE', #9831, #9779 ) ;
#732 = VERTEX_POINT ( 'NONE', #569 ) ;
#733 = CARTESIAN_POINT ( 'NONE',  ( 1.211716631231709584, 1.146740644607680215, -9.560483165818567386 ) ) ;
#734 = ORIENTED_EDGE ( 'NONE', *, *, #482, .T. ) ;
#735 = CARTESIAN_POINT ( 'NONE',  ( 0.5219021180699801032, 2.954254250932723647, -9.750000000000001776 ) ) ;
#736 = CARTESIAN_POINT ( 'NONE',  ( -0.9639996296761037531, 2.648567214897816768, 9.631453640997323262 ) ) ;
#737 = DIRECTION ( 'NONE',  ( -0.000000000000000000, 0.000000000000000000, -1.000000000000000000 ) ) ;
#738 = CIRCLE ( 'NONE', #1305, 3.000000000000000000 ) ;
#739 = CARTESIAN_POINT ( 'NONE',  ( 0.8765829465449866964, 2.805626575604874162, 9.510800894373549141 ) ) ;
#740 = CARTESIAN_POINT ( 'NONE',  ( -1.892491597964134370E-16, -1.545336663013173073, -6.950000000000004619 ) ) ;
#741 = B_SPLINE_CURVE_WITH_KNOTS ( 'NONE', 3,
 ( #3293, #9406, #7722, #8365, #2417, #5782, #5992, #6696, #5067, #1365, #11092, #3126, #10225, #11265, #7604, #8475, #10171, #2248, #5893, #5836, #588, #8573, #7660, #11149, #1532, #8529 ),
 .UNSPECIFIED., .F., .F.,
 ( 4, 2, 2, 2, 2, 2, 2, 2, 2, 2, 2, 2, 4 ),
 ( 0.0008757888694634105142, 0.001603383474669020994, 0.002330978079874631258, 0.003058572685080242388, 0.003422369987683047086, 0.003786167290285852652, 0.004149964592888657350, 0.004513761895491462915, 0.004877559198094268481, 0.005241356500697074046, 0.005605153803299878744, 0.005968951105902684309, 0.006696545711108294573 ),
 .UNSPECIFIED. ) ;
#742 = VERTEX_POINT ( 'NONE', #9492 ) ;
#743 = CARTESIAN_POINT ( 'NONE',  ( 2.784780095336901073, 0.7301106144339358783, 9.571310031034848009 ) ) ;
#744 = CARTESIAN_POINT ( 'NONE',  ( -1.941949504148934968, -2.206529008929980495, 9.510800894373550918 ) ) ;
#745 = EDGE_CURVE ( 'NONE', #8773, #7537, #9866, .T. ) ;
#746 = ADVANCED_FACE ( 'NONE', ( #11414 ), #7704, .F. ) ;
#747 = CARTESIAN_POINT ( 'NONE',  ( -1.846218079001131551, -2.364630796714229266, 8.077500000000000568 ) ) ;
#748 = EDGE_LOOP ( 'NONE', ( #2050, #5216, #4166, #1664 ) ) ;
#749 = ORIENTED_EDGE ( 'NONE', *, *, #4781, .F. ) ;
#750 = EDGE_CURVE ( 'NONE', #4032, #1847, #4320, .T. ) ;
#751 = EDGE_LOOP ( 'NONE', ( #447, #10110, #7465, #6948 ) ) ;
#752 = DIRECTION ( 'NONE',  ( 0.1736481776669421273, 0.9848077530122060219, 0.000000000000000000 ) ) ;
#753 = CARTESIAN_POINT ( 'NONE',  ( -1.338300807568880257, -0.7726683315065862034, -8.466666666666670338 ) ) ;
#754 = AXIS2_PLACEMENT_3D ( 'NONE', #10953, #1211, #9201 ) ;
#755 = CARTESIAN_POINT ( 'NONE',  ( 1.122918141402837522, 2.781915679474917802, 8.077500000000000568 ) ) ;
#756 = ORIENTED_EDGE ( 'NONE', *, *, #3399, .T. ) ;
#757 = DIRECTION ( 'NONE',  ( -1.000000000000000000, 8.548717289613705361E-15, 0.000000000000000000 ) ) ;
#758 = CARTESIAN_POINT ( 'NONE',  ( -1.176575538379254215, 2.037888611415574314, -7.569791666666670693 ) ) ;
#759 = VERTEX_POINT ( 'NONE', #2450 ) ;
#760 = DIRECTION ( 'NONE',  ( -0.9945218953682741780, -0.1045284632676455883, 0.000000000000000000 ) ) ;
#761 = VERTEX_POINT ( 'NONE', #7764 ) ;
#762 = ADVANCED_FACE ( 'NONE', ( #11296 ), #6946, .T. ) ;
#763 = ADVANCED_FACE ( 'NONE', ( #9547 ), #1572, .T. ) ;
#764 = EDGE_LOOP ( 'NONE', ( #1968, #9315, #8097 ) ) ;
#765 = VECTOR ( 'NONE', #5097, 1000.000000000000114 ) ;
#766 = ORIENTED_EDGE ( 'NONE', *, *, #8940, .T. ) ;
#767 = CARTESIAN_POINT ( 'NONE',  ( 0.1661679175825074017, -2.874099843752820682, 9.571310031034848009 ) ) ;
#768 = CARTESIAN_POINT ( 'NONE',  ( 0.000000000000000000, 0.000000000000000000, 9.449999999999999289 ) ) ;
#769 = ORIENTED_EDGE ( 'NONE', *, *, #3270, .F. ) ;
#770 = DIRECTION ( 'NONE',  ( 0.000000000000000000, -0.000000000000000000, -1.000000000000000000 ) ) ;
#771 = FACE_OUTER_BOUND ( 'NONE', #4262, .T. ) ;
#772 = AXIS2_PLACEMENT_3D ( 'NONE', #1439, #10466, #5032 ) ;
#773 = DIRECTION ( 'NONE',  ( -0.9396926207858923297, 0.3420201433257127333, 0.000000000000000000 ) ) ;
#774 = ORIENTED_EDGE ( 'NONE', *, *, #10087, .F. ) ;
#775 = EDGE_CURVE ( 'NONE', #9533, #4595, #1807, .T. ) ;
#776 = DIRECTION ( 'NONE',  ( 0.000000000000000000, 0.000000000000000000, -1.000000000000000000 ) ) ;
#777 = ORIENTED_EDGE ( 'NONE', *, *, #10454, .T. ) ;
#778 = CARTESIAN_POINT ( 'NONE',  ( -1.500914316448251906, -2.599659853895839312, 8.077500000000002345 ) ) ;
#779 = DIRECTION ( 'NONE',  ( 0.2419218955996135512, -0.9702957262760100177, 0.000000000000000000 ) ) ;
#780 = AXIS2_PLACEMENT_3D ( 'NONE', #9336, #5943, #2463 ) ;
#781 = DIRECTION ( 'NONE',  ( -0.9702957262759983603, -0.2419218955996601528, 0.000000000000000000 ) ) ;
#782 = ADVANCED_FACE ( 'NONE', ( #1044 ), #7297, .T. ) ;
#783 = CARTESIAN_POINT ( 'NONE',  ( 1.124504798187673238, -2.783247042597900567, 9.750000000000001776 ) ) ;
#784 = DIRECTION ( 'NONE',  ( -0.000000000000000000, -0.000000000000000000, -1.000000000000000000 ) ) ;
#785 = AXIS2_PLACEMENT_3D ( 'NONE', #8719, #2746, #4387 ) ;
#786 = ORIENTED_EDGE ( 'NONE', *, *, #11095, .F. ) ;
#787 = FACE_OUTER_BOUND ( 'NONE', #3963, .T. ) ;
#788 = CARTESIAN_POINT ( 'NONE',  ( 2.157343812172597630, 2.084674477245932245, 8.077500000000000568 ) ) ;
#789 = LINE ( 'NONE', #5438, #365 ) ;
#790 = DIRECTION ( 'NONE',  ( 0.4383711467890769042, -0.8987940462991672597, 0.000000000000000000 ) ) ;
#791 = ORIENTED_EDGE ( 'NONE', *, *, #4130, .F. ) ;
#792 = AXIS2_PLACEMENT_3D ( 'NONE', #9789, #3722, #6435 ) ;
#793 = CIRCLE ( 'NONE', #424, 3.000000000000000000 ) ;
#794 = B_SPLINE_CURVE_WITH_KNOTS ( 'NONE', 3,
 ( #9059, #363, #4839, #1897 ),
 .UNSPECIFIED., .F., .F.,
 ( 4, 4 ),
 ( 3.054997924344452260E-07, 0.0002759181450133583059 ),
 .UNSPECIFIED. ) ;
#795 = CARTESIAN_POINT ( 'NONE',  ( 0.9736358273305996125, 1.386376549509944711, -9.545897077367987649 ) ) ;
#796 = EDGE_CURVE ( 'NONE', #2274, #2538, #4449, .T. ) ;
#797 = ORIENTED_EDGE ( 'NONE', *, *, #3866, .F. ) ;
#798 = CARTESIAN_POINT ( 'NONE',  ( -1.154700538379253238, 2.000000000000003553, -7.591666666666670338 ) ) ;
#799 = CARTESIAN_POINT ( 'NONE',  ( -1.732050807568880302, 1.000000000000001998, -8.233333333333337833 ) ) ;
#800 = LINE ( 'NONE', #7653, #4327 ) ;
#801 = VERTEX_POINT ( 'NONE', #6378 ) ;
#802 = CARTESIAN_POINT ( 'NONE',  ( 2.992759823733687874, -0.2082993937713407961, 8.077500000000000568 ) ) ;
#803 = CARTESIAN_POINT ( 'NONE',  ( -0.8922005383792539490, -1.545336663013172851, -6.308333333333337123 ) ) ;
#804 = DIRECTION ( 'NONE',  ( 0.000000000000000000, -0.000000000000000000, -1.000000000000000000 ) ) ;
#805 = ORIENTED_EDGE ( 'NONE', *, *, #8586, .F. ) ;
#806 = VECTOR ( 'NONE', #10913, 1000.000000000000000 ) ;
#807 = FACE_OUTER_BOUND ( 'NONE', #1653, .T. ) ;
#808 = DIRECTION ( 'NONE',  ( 0.7193398003386466399, -0.6946583704590020281, 0.000000000000000000 ) ) ;
#809 = ORIENTED_EDGE ( 'NONE', *, *, #7395, .T. ) ;
#810 = VERTEX_POINT ( 'NONE', #3558 ) ;
#811 = CARTESIAN_POINT ( 'NONE',  ( -2.157343812172612729, -2.084674477245918478, 9.449999999999999289 ) ) ;
#812 = CARTESIAN_POINT ( 'NONE',  ( -1.784401076758506788, 6.065988351121004614E-17, -9.925000000000004263 ) ) ;
#813 = AXIS2_PLACEMENT_3D ( 'NONE', #10566, #8924, #2585 ) ;
#814 = DIRECTION ( 'NONE',  ( 0.8829475928589296529, 0.4694715627858855878, 0.000000000000000000 ) ) ;
#815 = ORIENTED_EDGE ( 'NONE', *, *, #4334, .F. ) ;
#816 = EDGE_CURVE ( 'NONE', #10106, #4741, #7980, .T. ) ;
#817 = CARTESIAN_POINT ( 'NONE',  ( -0.1056702774064886274, 2.998138387812149475, 9.449999999999999289 ) ) ;
#818 = DIRECTION ( 'NONE',  ( 0.000000000000000000, -0.000000000000000000, 1.000000000000000000 ) ) ;
#819 = CARTESIAN_POINT ( 'NONE',  ( 1.176575538379255326, 2.037888611415573425, -6.986458333333335879 ) ) ;
#820 = VERTEX_POINT ( 'NONE', #2682 ) ;
#821 = PLANE ( 'NONE',  #10282 ) ;
#822 = EDGE_LOOP ( 'NONE', ( #6290, #4027, #433 ) ) ;
#823 = FACE_OUTER_BOUND ( 'NONE', #9066, .T. ) ;
#824 = CIRCLE ( 'NONE', #5522, 3.000000000000000000 ) ;
#825 = PLANE ( 'NONE',  #1069 ) ;
#826 = LINE ( 'NONE', #8056, #6415 ) ;
#827 = EDGE_LOOP ( 'NONE', ( #1184, #777, #1224, #333 ) ) ;
#828 = AXIS2_PLACEMENT_3D ( 'NONE', #6915, #2372, #8690 ) ;
#829 = ORIENTED_EDGE ( 'NONE', *, *, #10027, .F. ) ;
#830 = CARTESIAN_POINT ( 'NONE',  ( 2.000000000000071498, 0.5358983848622662638, -7.006239260883081243 ) ) ;
#831 = ORIENTED_EDGE ( 'NONE', *, *, #7689, .F. ) ;
#832 = EDGE_CURVE ( 'NONE', #8293, #7815, #9792, .T. ) ;
#833 = EDGE_LOOP ( 'NONE', ( #2074, #1584 ) ) ;
#834 = EDGE_CURVE ( 'NONE', #10181, #9800, #6631, .T. ) ;
#835 = DIRECTION ( 'NONE',  ( 0.8829475928589317624, 0.4694715627858814799, 0.000000000000000000 ) ) ;
#836 = CONICAL_SURFACE ( 'NONE', #9572, 1.154700538379251462, 0.7853981633974500554 ) ;
#837 = VECTOR ( 'NONE', #5082, 1000.000000000000114 ) ;
#838 = EDGE_CURVE ( 'NONE', #6289, #392, #5515, .T. ) ;
#839 = LINE ( 'NONE', #5799, #5834 ) ;
#840 = ADVANCED_FACE ( 'NONE', ( #11478 ), #7183, .T. ) ;
#841 = ORIENTED_EDGE ( 'NONE', *, *, #9761, .F. ) ;
#842 = FACE_OUTER_BOUND ( 'NONE', #3870, .T. ) ;
#843 = DIRECTION ( 'NONE',  ( -1.000000000000000000, 0.000000000000000000, 0.000000000000000000 ) ) ;
#844 = CARTESIAN_POINT ( 'NONE',  ( -1.957926820807955881, -2.027492575130200425, 9.750000000000001776 ) ) ;
#845 = B_SPLINE_CURVE_WITH_KNOTS ( 'NONE', 3,
 ( #9421, #6872, #10410, #5961 ),
 .UNSPECIFIED., .F., .F.,
 ( 4, 4 ),
 ( 3.021976174287576265E-07, 0.0002759148428383534596 ),
 .UNSPECIFIED. ) ;
#846 = LINE ( 'NONE', #8007, #9035 ) ;
#847 = VECTOR ( 'NONE', #11524, 1000.000000000000000 ) ;
#848 = AXIS2_PLACEMENT_3D ( 'NONE', #5837, #5127, #6970 ) ;
#849 = CARTESIAN_POINT ( 'NONE',  ( -1.991452414734044218, 2.161956388034635079, 9.510800894373550918 ) ) ;
#850 = EDGE_CURVE ( 'NONE', #9040, #5215, #11534, .T. ) ;
#851 = CARTESIAN_POINT ( 'NONE',  ( 2.008114336621327656, -2.228783706656140673, 8.077500000000000568 ) ) ;
#852 = CIRCLE ( 'NONE', #477, 2.999999999999999556 ) ;
#853 = B_SPLINE_CURVE_WITH_KNOTS ( 'NONE', 3,
 ( #10690, #4466, #7886, #10630 ),
 .UNSPECIFIED., .F., .F.,
 ( 4, 4 ),
 ( 3.021976174301029795E-07, 0.0002759148428383535138 ),
 .UNSPECIFIED. ) ;
#854 = ORIENTED_EDGE ( 'NONE', *, *, #4425, .F. ) ;
#855 = DIRECTION ( 'NONE',  ( -1.000000000000000000, 0.000000000000000000, 0.000000000000000000 ) ) ;
#856 = ORIENTED_EDGE ( 'NONE', *, *, #5526, .T. ) ;
#857 = DIRECTION ( 'NONE',  ( -0.5591929034707463497, -0.8290375725550419572, 0.000000000000000000 ) ) ;
#858 = CARTESIAN_POINT ( 'NONE',  ( 2.741031733634765821, 1.219321547093789704, 9.449999999999999289 ) ) ;
#859 = CARTESIAN_POINT ( 'NONE',  ( 1.784401076758506788, -3.763923298982691022E-16, -9.487500000000006040 ) ) ;
#860 = LINE ( 'NONE', #7854, #1590 ) ;
#861 = EDGE_LOOP ( 'NONE', ( #11429, #5644, #3030 ) ) ;
#862 = CARTESIAN_POINT ( 'NONE',  ( 1.176575538379253549, -2.037888611415574758, -7.876041666666672825 ) ) ;
#863 = FACE_OUTER_BOUND ( 'NONE', #2567, .T. ) ;
#864 = CARTESIAN_POINT ( 'NONE',  ( 2.336680831601432473, 1.576111122057602953, 8.077500000000002345 ) ) ;
#865 = CARTESIAN_POINT ( 'NONE',  ( -1.500842031447392477, -2.597589882302605346, 9.449999999999999289 ) ) ;
#866 = CARTESIAN_POINT ( 'NONE',  ( -1.676772478465734739, -2.487656337893134229, 9.449999999999999289 ) ) ;
#867 = ORIENTED_EDGE ( 'NONE', *, *, #2181, .T. ) ;
#868 = DIRECTION ( 'NONE',  ( 0.000000000000000000, 0.000000000000000000, -1.000000000000000000 ) ) ;
#869 = CARTESIAN_POINT ( 'NONE',  ( -1.099964191629215993, -1.185479459618115516, -5.635501096449906377 ) ) ;
#870 = EDGE_LOOP ( 'NONE', ( #9864, #544, #2017, #41, #8626, #94, #9673, #7584, #11113, #11551, #7932, #900, #11494, #11340, #7043, #8741, #670, #516, #3282, #5726, #9729, #8596, #1455, #5572, #9756, #11399, #6081, #7144, #10421, #4232, #11507, #5362, #10935, #5260, #1570, #8707, #7878, #7089, #5057, #9041, #9836, #8238, #2615, #6753, #1014, #10180, #6245, #2941, #3671, #5165, #9923, #8854, #8343, #9701, #8886, #5312, #7482, #8221, #1178, #6201, #10801, #3632, #8157, #8871, #1893, #8923, #3751, #1876, #6893, #4405, #8602, #3498, #11079, #4635, #10905, #9289, #4444, #3329, #10277, #9236, #8142, #11199, #7767, #7975, #10433, #85, #7642, #10973, #10719, #1363, #10223, #3585, #4104, #8990, #7906, #2818, #9820, #11459, #5246, #10097, #8896, #191, #8732, #9613, #7147, #4517, #2177, #1989, #2168, #5844, #4804, #2704, #10005, #2880, #4812, #4170, #10161, #7715, #5634, #2790, #9316, #11301, #7067, #9920, #5342, #40, #5800, #7488, #2453, #7361, #5887, #6994, #8394, #383, #4390, #8942, #279, #9372, #1020 ) ) ;
#871 = CARTESIAN_POINT ( 'NONE',  ( 1.017199775999258149, 2.693207438056110181, 9.571310031034848009 ) ) ;
#872 = CARTESIAN_POINT ( 'NONE',  ( 0.000000000000000000, 0.000000000000000000, 8.077500000000000568 ) ) ;
#873 = CARTESIAN_POINT ( 'NONE',  ( -1.499157810963779314, 2.598562267452193986, 9.449999999999999289 ) ) ;
#874 = CIRCLE ( 'NONE', #4429, 2.939999999999999947 ) ;
#875 = CARTESIAN_POINT ( 'NONE',  ( 3.000000000000000000, 3.673940397442059868E-16, 9.449999999999999289 ) ) ;
#876 = ADVANCED_FACE ( 'NONE', ( #807 ), #4502, .F. ) ;
#877 = ORIENTED_EDGE ( 'NONE', *, *, #9011, .F. ) ;
#878 = EDGE_CURVE ( 'NONE', #4032, #10215, #2795, .T. ) ;
#879 = AXIS2_PLACEMENT_3D ( 'NONE', #5240, #4357, #11445 ) ;
#880 = ORIENTED_EDGE ( 'NONE', *, *, #10298, .F. ) ;
#881 = VERTEX_POINT ( 'NONE', #4385 ) ;
#882 = DIRECTION ( 'NONE',  ( 0.9702957262759975832, 0.2419218955996635667, 0.000000000000000000 ) ) ;
#883 = CARTESIAN_POINT ( 'NONE',  ( -2.881884927995130852, 0.5785130989945878044, 9.510800894373550918 ) ) ;
#884 = B_SPLINE_CURVE_WITH_KNOTS ( 'NONE', 3,
 ( #8184, #167, #10045, #3753 ),
 .UNSPECIFIED., .F., .F.,
 ( 4, 4 ),
 ( 3.021976174287999252E-07, 0.0002759148428383534596 ),
 .UNSPECIFIED. ) ;
#885 = CARTESIAN_POINT ( 'NONE',  ( 1.154700538379252572, -2.000000000000003997, -8.641666666666671048 ) ) ;
#886 = FACE_OUTER_BOUND ( 'NONE', #5468, .T. ) ;
#887 = CARTESIAN_POINT ( 'NONE',  ( 1.176575538379253549, -2.037888611415574758, -8.619791666666669627 ) ) ;
#888 = VECTOR ( 'NONE', #4558, 1000.000000000000000 ) ;
#889 = CARTESIAN_POINT ( 'NONE',  ( -0.8922005383792531719, 1.545336663013173073, -9.341666666666672114 ) ) ;
#890 = VERTEX_POINT ( 'NONE', #5455 ) ;
#891 = DIRECTION ( 'NONE',  ( 0.8090169943749495607, 0.5877852522924701395, 0.000000000000000000 ) ) ;
#892 = ORIENTED_EDGE ( 'NONE', *, *, #2996, .F. ) ;
#893 = DIRECTION ( 'NONE',  ( 0.7193398003386444195, -0.6946583704590042485, 0.000000000000000000 ) ) ;
#894 = EDGE_CURVE ( 'NONE', #3872, #6056, #3616, .T. ) ;
#895 = CARTESIAN_POINT ( 'NONE',  ( 0.3922658369821047653, 2.791116459588163679, 9.631453640997325039 ) ) ;
#896 = DIRECTION ( 'NONE',  ( -1.000000000000000000, 0.000000000000000000, 0.000000000000000000 ) ) ;
#897 = FACE_OUTER_BOUND ( 'NONE', #11200, .T. ) ;
#898 = EDGE_LOOP ( 'NONE', ( #7302, #940, #7182, #6891 ) ) ;
#899 = EDGE_LOOP ( 'NONE', ( #226, #5883, #4227, #8965 ) ) ;
#900 = ORIENTED_EDGE ( 'NONE', *, *, #10356, .T. ) ;
#901 = DIRECTION ( 'NONE',  ( -0.9702957262759935864, 0.2419218955996793596, 0.000000000000000000 ) ) ;
#902 = LINE ( 'NONE', #2534, #281 ) ;
#903 = ORIENTED_EDGE ( 'NONE', *, *, #7955, .F. ) ;
#904 = PLANE ( 'NONE',  #8747 ) ;
#905 = VERTEX_POINT ( 'NONE', #88 ) ;
#906 = FACE_OUTER_BOUND ( 'NONE', #5901, .T. ) ;
#907 = EDGE_CURVE ( 'NONE', #9997, #3746, #3502, .T. ) ;
#908 = ADVANCED_FACE ( 'NONE', ( #10785 ), #2805, .T. ) ;
#909 = DIRECTION ( 'NONE',  ( -0.000000000000000000, -0.000000000000000000, -1.000000000000000000 ) ) ;
#910 = EDGE_LOOP ( 'NONE', ( #2882, #4615, #10760 ) ) ;
#911 = EDGE_CURVE ( 'NONE', #7468, #8315, #1522, .T. ) ;
#912 = LINE ( 'NONE', #9823, #74 ) ;
#913 = LINE ( 'NONE', #5671, #4316 ) ;
#914 = CARTESIAN_POINT ( 'NONE',  ( 2.734823486451063879, -0.6818680780054792168, 9.631453640997325039 ) ) ;
#915 = CARTESIAN_POINT ( 'NONE',  ( 2.221044840433172407, -1.735270409657360791, 9.631453640997325039 ) ) ;
#916 = VERTEX_POINT ( 'NONE', #6500 ) ;
#917 = CARTESIAN_POINT ( 'NONE',  ( -0.7262080731356924668, -2.912661493512351818, 8.077500000000002345 ) ) ;
#918 = ADVANCED_FACE ( 'NONE', ( #1329 ), #8437, .T. ) ;
#919 = CARTESIAN_POINT ( 'NONE',  ( -2.816829376715344058, 0.09836584936188838557, 9.750000000000001776 ) ) ;
#920 = EDGE_CURVE ( 'NONE', #2561, #9669, #2236, .T. ) ;
#921 =( BOUNDED_CURVE ( )  B_SPLINE_CURVE ( 2, ( #589, #6747, #10280, #5895, #1423, #7661, #7723, #11267, #2310 ),
 .UNSPECIFIED., .F., .F. ) 
 B_SPLINE_CURVE_WITH_KNOTS ( ( 3, 2, 2, 2, 3 ),
 ( 0.02263426515295235281, 0.02367941470292942580, 0.02576971380288413729, 0.02786001290283884185, 0.02890516245281616464 ),
 .UNSPECIFIED. ) 
 CURVE ( )  GEOMETRIC_REPRESENTATION_ITEM ( )  RATIONAL_B_SPLINE_CURVE ( ( 0.9330127018922194093, 0.9330127018922373949, 1.000000000000000000, 0.8660254037844387076, 1.000000000000000000, 0.8660254037844387076, 1.000000000000000000, 0.9330127018922215187, 0.9330127018922194093 ) ) 
 REPRESENTATION_ITEM ( '' )  );
#922 = CARTESIAN_POINT ( 'NONE',  ( 1.338300807568880924, 0.7726683315065854263, -9.429166666666670693 ) ) ;
#923 = CARTESIAN_POINT ( 'NONE',  ( 2.613310677415280558, -1.055846049930825759, 9.750000000000001776 ) ) ;
#924 = VERTEX_POINT ( 'NONE', #10019 ) ;
#925 = CIRCLE ( 'NONE', #4861, 3.000000000000000000 ) ;
#926 = CARTESIAN_POINT ( 'NONE',  ( 1.877873098521754880, -0.5068504375719833366, -9.296946529470050180 ) ) ;
#927 = B_SPLINE_CURVE_WITH_KNOTS ( 'NONE', 3,
 ( #2678, #8093, #5573, #6263 ),
 .UNSPECIFIED., .F., .F.,
 ( 4, 4 ),
 ( 3.021976174288983399E-07, 0.0002759148428383534054 ),
 .UNSPECIFIED. ) ;
#928 = CARTESIAN_POINT ( 'NONE',  ( -2.803106067138683599, 0.2946183195552178335, 9.631453640997325039 ) ) ;
#929 = ORIENTED_EDGE ( 'NONE', *, *, #4924, .F. ) ;
#930 = DIRECTION ( 'NONE',  ( -0.4999999999999998335, -0.8660254037844388186, 0.000000000000000000 ) ) ;
#931 = CARTESIAN_POINT ( 'NONE',  ( 0.000000000000000000, 0.000000000000000000, 8.077500000000000568 ) ) ;
#932 = CARTESIAN_POINT ( 'NONE',  ( -2.000000000000003553, -2.382190991706389344E-15, -8.175000000000004263 ) ) ;
#933 = ORIENTED_EDGE ( 'NONE', *, *, #2181, .F. ) ;
#934 = CARTESIAN_POINT ( 'NONE',  ( 1.957926820807942558, 2.027492575130213748, 9.631453640997325039 ) ) ;
#935 = EDGE_LOOP ( 'NONE', ( #856, #199, #1421 ) ) ;
#936 = DIRECTION ( 'NONE',  ( -0.000000000000000000, -0.000000000000000000, -1.000000000000000000 ) ) ;
#937 = DIRECTION ( 'NONE',  ( -1.000000000000000000, 0.000000000000000000, 0.000000000000000000 ) ) ;
#938 = CARTESIAN_POINT ( 'NONE',  ( 2.734823486451064323, -0.6818680780054793278, 9.750000000000001776 ) ) ;
#939 = DIRECTION ( 'NONE',  ( 0.8829475928589225475, -0.4694715627858989659, 0.000000000000000000 ) ) ;
#940 = ORIENTED_EDGE ( 'NONE', *, *, #8133, .T. ) ;
#941 = ORIENTED_EDGE ( 'NONE', *, *, #3889, .T. ) ;
#942 = EDGE_LOOP ( 'NONE', ( #1621, #8661 ) ) ;
#943 = DIRECTION ( 'NONE',  ( 0.000000000000000000, 0.000000000000000000, -1.000000000000000000 ) ) ;
#944 = CARTESIAN_POINT ( 'NONE',  ( -2.828926452893278931, 0.5340756620689122158, 9.571310031034848009 ) ) ;
#945 = AXIS2_PLACEMENT_3D ( 'NONE', #3543, #9888, #9649 ) ;
#946 = ORIENTED_EDGE ( 'NONE', *, *, #10000, .F. ) ;
#947 = DIRECTION ( 'NONE',  ( -0.000000000000000000, 0.000000000000000000, -1.000000000000000000 ) ) ;
#948 = EDGE_CURVE ( 'NONE', #1596, #881, #4321, .T. ) ;
#949 = CARTESIAN_POINT ( 'NONE',  ( -1.892491597964134370E-16, -1.545336663013173073, -9.662500000000004974 ) ) ;
#950 = ORIENTED_EDGE ( 'NONE', *, *, #4575, .F. ) ;
#951 = VERTEX_POINT ( 'NONE', #3908 ) ;
#952 = DIRECTION ( 'NONE',  ( -0.000000000000000000, 0.000000000000000000, -1.000000000000000000 ) ) ;
#953 = FACE_OUTER_BOUND ( 'NONE', #9560, .T. ) ;
#954 = DIRECTION ( 'NONE',  ( 0.7193398003386131112, -0.6946583704590366670, 0.000000000000000000 ) ) ;
#955 = EDGE_LOOP ( 'NONE', ( #4997, #4668, #7464, #9910 ) ) ;
#956 = VERTEX_POINT ( 'NONE', #273 ) ;
#957 = AXIS2_PLACEMENT_3D ( 'NONE', #6739, #10389, #5940 ) ;
#958 = DIRECTION ( 'NONE',  ( -0.000000000000000000, -0.000000000000000000, -1.000000000000000000 ) ) ;
#959 = B_SPLINE_CURVE_WITH_KNOTS ( 'NONE', 3,
 ( #1888, #1016, #4599, #8128 ),
 .UNSPECIFIED., .F., .F.,
 ( 4, 4 ),
 ( 3.054997924343755576E-07, 0.0002759181450133581432 ),
 .UNSPECIFIED. ) ;
#960 = ORIENTED_EDGE ( 'NONE', *, *, #5400, .T. ) ;
#961 = EDGE_CURVE ( 'NONE', #3721, #1959, #9261, .T. ) ;
#962 = LINE ( 'NONE', #3820, #2658 ) ;
#963 = CARTESIAN_POINT ( 'NONE',  ( 1.999999999999992673, 2.449293598294697540E-16, -9.750000000000001776 ) ) ;
#964 = AXIS2_PLACEMENT_3D ( 'NONE', #6666, #10192, #9308 ) ;
#965 = EDGE_LOOP ( 'NONE', ( #11061, #6784, #7625 ) ) ;
#966 = LINE ( 'NONE', #11564, #6907 ) ;
#967 = DIRECTION ( 'NONE',  ( 0.9781476007338052447, -0.2079116908177612300, 0.000000000000000000 ) ) ;
#968 = DIRECTION ( 'NONE',  ( 0.000000000000000000, 0.000000000000000000, -1.000000000000000000 ) ) ;
#969 = AXIS2_PLACEMENT_3D ( 'NONE', #132, #7229, #10769 ) ;
#970 = EDGE_CURVE ( 'NONE', #3229, #2997, #4860, .T. ) ;
#971 = EDGE_CURVE ( 'NONE', #9776, #9448, #3966, .T. ) ;
#972 = CARTESIAN_POINT ( 'NONE',  ( -1.122918141402800662, 2.781915679474933789, 8.077500000000000568 ) ) ;
#973 = ORIENTED_EDGE ( 'NONE', *, *, #9719, .T. ) ;
#974 = CARTESIAN_POINT ( 'NONE',  ( -1.957926820807914359, 2.027492575130240393, 9.750000000000001776 ) ) ;
#975 = VERTEX_POINT ( 'NONE', #8384 ) ;
#976 = VECTOR ( 'NONE', #6232, 1000.000000000000000 ) ;
#977 = DIRECTION ( 'NONE',  ( -0.000000000000000000, 0.000000000000000000, -1.000000000000000000 ) ) ;
#978 = VERTEX_POINT ( 'NONE', #3857 ) ;
#979 = AXIS2_PLACEMENT_3D ( 'NONE', #9062, #7344, #370 ) ;
#980 = FACE_OUTER_BOUND ( 'NONE', #3231, .T. ) ;
#981 = CARTESIAN_POINT ( 'NONE',  ( 1.999999999994833688, -0.5358983848712013387, -9.168760739117493230 ) ) ;
#982 = CIRCLE ( 'NONE', #7509, 3.000000000000000000 ) ;
#983 = EDGE_CURVE ( 'NONE', #8179, #3507, #609, .T. ) ;
#984 = VERTEX_POINT ( 'NONE', #9312 ) ;
#985 = ADVANCED_FACE ( 'NONE', ( #3034 ), #452, .T. ) ;
#986 = CARTESIAN_POINT ( 'NONE',  ( 0.000000000000000000, 0.000000000000000000, 5.470000000000002416 ) ) ;
#987 = ORIENTED_EDGE ( 'NONE', *, *, #4783, .T. ) ;
#988 = DIRECTION ( 'NONE',  ( -0.000000000000000000, -0.000000000000000000, 1.000000000000000000 ) ) ;
#989 = VERTEX_POINT ( 'NONE', #1991 ) ;
#990 = CARTESIAN_POINT ( 'NONE',  ( 0.000000000000000000, 0.000000000000000000, 8.077500000000002345 ) ) ;
#991 = AXIS2_PLACEMENT_3D ( 'NONE', #6288, #1825, #1594 ) ;
#992 = LINE ( 'NONE', #9908, #2152 ) ;
#993 = ORIENTED_EDGE ( 'NONE', *, *, #7892, .T. ) ;
#994 = AXIS2_PLACEMENT_3D ( 'NONE', #2861, #988, #7294 ) ;
#995 = AXIS2_PLACEMENT_3D ( 'NONE', #5261, #8769, #4378 ) ;
#996 = ORIENTED_EDGE ( 'NONE', *, *, #10330, .F. ) ;
#997 = VERTEX_POINT ( 'NONE', #2165 ) ;
#998 = DIRECTION ( 'NONE',  ( -0.8480480961564279552, -0.5299192642332016812, 0.000000000000000000 ) ) ;
#999 = CARTESIAN_POINT ( 'NONE',  ( -0.8922005383792539490, -1.545336663013172851, -7.008333333333339077 ) ) ;
#1000 = EDGE_CURVE ( 'NONE', #881, #7666, #2124, .T. ) ;
#1001 = VECTOR ( 'NONE', #7351, 1000.000000000000000 ) ;
#1002 = CARTESIAN_POINT ( 'NONE',  ( -0.8922005383792539490, -1.545336663013172851, -9.020833333333337478 ) ) ;
#1003 = AXIS2_PLACEMENT_3D ( 'NONE', #11046, #9193, #2150 ) ;
#1004 = ORIENTED_EDGE ( 'NONE', *, *, #4160, .T. ) ;
#1005 = VERTEX_POINT ( 'NONE', #6363 ) ;
#1006 = FACE_OUTER_BOUND ( 'NONE', #2788, .T. ) ;
#1007 = ORIENTED_EDGE ( 'NONE', *, *, #285, .F. ) ;
#1008 = ORIENTED_EDGE ( 'NONE', *, *, #9778, .F. ) ;
#1009 = VERTEX_POINT ( 'NONE', #9889 ) ;
#1010 = PERSON_AND_ORGANIZATION_ROLE ( 'classification_officer' ) ;
#1011 = EDGE_CURVE ( 'NONE', #2696, #5535, #10119, .T. ) ;
#1012 = AXIS2_PLACEMENT_3D ( 'NONE', #7572, #6764, #7681 ) ;
#1013 = DIRECTION ( 'NONE',  ( -0.4067366430758053153, -0.9135454576425986462, 0.000000000000000000 ) ) ;
#1014 = ORIENTED_EDGE ( 'NONE', *, *, #9834, .T. ) ;
#1015 = FACE_OUTER_BOUND ( 'NONE', #9142, .T. ) ;
#1016 = CARTESIAN_POINT ( 'NONE',  ( 1.554920832529834485, -2.422866668485581521, 9.571310031034848009 ) ) ;
#1017 = CARTESIAN_POINT ( 'NONE',  ( 1.784401076758506788, -3.763923298982691022E-16, -7.387500000000003730 ) ) ;
#1018 = VECTOR ( 'NONE', #6871, 1000.000000000000000 ) ;
#1019 = VECTOR ( 'NONE', #6651, 1000.000000000000000 ) ;
#1020 = ORIENTED_EDGE ( 'NONE', *, *, #8665, .F. ) ;
#1021 = ORIENTED_EDGE ( 'NONE', *, *, #10747, .T. ) ;
#1022 = CARTESIAN_POINT ( 'NONE',  ( 2.999999842411182449, -0.0009723851495684510300, 9.449999999999999289 ) ) ;
#1023 = EDGE_CURVE ( 'NONE', #732, #8130, #6312, .T. ) ;
#1024 = DIRECTION ( 'NONE',  ( -0.000000000000000000, -0.000000000000000000, -1.000000000000000000 ) ) ;
#1025 = AXIS2_PLACEMENT_3D ( 'NONE', #7538, #223, #10035 ) ;
#1026 = VECTOR ( 'NONE', #6367, 1000.000000000000000 ) ;
#1027 = FACE_OUTER_BOUND ( 'NONE', #4956, .T. ) ;
#1028 = CARTESIAN_POINT ( 'NONE',  ( 1.323227363945471691, 2.488628723042703772, 9.631453640997325039 ) ) ;
#1029 = CARTESIAN_POINT ( 'NONE',  ( -2.475656678042336800, -1.469416789463791506, 9.571310031034848009 ) ) ;
#1030 = ORIENTED_EDGE ( 'NONE', *, *, #5930, .T. ) ;
#1031 = CARTESIAN_POINT ( 'NONE',  ( -1.323227363945437496, 2.488628723042721536, 9.750000000000001776 ) ) ;
#1032 = VECTOR ( 'NONE', #8497, 1000.000000000000000 ) ;
#1033 = VECTOR ( 'NONE', #2457, 1000.000000000000000 ) ;
#1034 = CARTESIAN_POINT ( 'NONE',  ( 2.881884927995137957, 0.5785130989945488356, 9.510800894373550918 ) ) ;
#1035 = DIRECTION ( 'NONE',  ( 0.9781476007338071321, 0.2079116908177516265, 0.000000000000000000 ) ) ;
#1036 = ORIENTED_EDGE ( 'NONE', *, *, #5011, .F. ) ;
#1037 = CARTESIAN_POINT ( 'NONE',  ( -1.618539639574660136E-17, 2.818546359002675583, 9.631453640997325039 ) ) ;
#1038 = CIRCLE ( 'NONE', #8114, 2.999999999999999556 ) ;
#1039 = DIRECTION ( 'NONE',  ( 0.000000000000000000, -0.000000000000000000, 1.000000000000000000 ) ) ;
#1040 = CARTESIAN_POINT ( 'NONE',  ( -1.000000000000000000, 0.2034012310318560890, 9.595312263244133888 ) ) ;
#1041 = ORIENTED_EDGE ( 'NONE', *, *, #11065, .F. ) ;
#1042 = CARTESIAN_POINT ( 'NONE',  ( -2.426479301982368941, -1.764142340360084882, 9.449999999999999289 ) ) ;
#1043 = ORIENTED_EDGE ( 'NONE', *, *, #8708, .F. ) ;
#1044 = FACE_OUTER_BOUND ( 'NONE', #1743, .T. ) ;
#1045 = CARTESIAN_POINT ( 'NONE',  ( -1.847750578910081876, 2.363433476562744939, 9.449999999999999289 ) ) ;
#1046 = CC_DESIGN_APPROVAL ( #8438, ( #11466 ) ) ;
#1047 = VERTEX_POINT ( 'NONE', #858 ) ;
#1048 = VERTEX_POINT ( 'NONE', #6182 ) ;
#1049 = EDGE_CURVE ( 'NONE', #3879, #5161, #75, .T. ) ;
#1050 = EDGE_CURVE ( 'NONE', #6999, #2741, #4758, .T. ) ;
#1051 = ORIENTED_EDGE ( 'NONE', *, *, #3985, .F. ) ;
#1052 = DIRECTION ( 'NONE',  ( -0.6427876096865392519, 0.7660444431189782355, 0.000000000000000000 ) ) ;
#1053 = EDGE_CURVE ( 'NONE', #2743, #8554, #5746, .T. ) ;
#1054 = CARTESIAN_POINT ( 'NONE',  ( -1.338300807568880035, 0.7726683315065867586, -5.783333333333338544 ) ) ;
#1055 = EDGE_CURVE ( 'NONE', #9284, #2897, #1256, .T. ) ;
#1056 = DIRECTION ( 'NONE',  ( 0.6156614753256529626, -0.7880107536067261220, 0.000000000000000000 ) ) ;
#1057 = CARTESIAN_POINT ( 'NONE',  ( 0.8922005383792529498, -1.545336663013173517, -9.604166666666671404 ) ) ;
#1058 = ORIENTED_EDGE ( 'NONE', *, *, #4830, .F. ) ;
#1059 = EDGE_LOOP ( 'NONE', ( #10376, #4255, #7939 ) ) ;
#1060 = CARTESIAN_POINT ( 'NONE',  ( 2.428530378214558638, 1.764430600325814114, 9.750000000000001776 ) ) ;
#1061 = CIRCLE ( 'NONE', #8674, 3.000000000000000000 ) ;
#1062 = CARTESIAN_POINT ( 'NONE',  ( -2.750542262296629126, 1.036559408444088337, 9.510800894373550918 ) ) ;
#1063 = DIRECTION ( 'NONE',  ( 0.06975647374411667045, -0.9975640502598248638, 0.000000000000000000 ) ) ;
#1064 = VERTEX_POINT ( 'NONE', #10532 ) ;
#1065 = ORIENTED_EDGE ( 'NONE', *, *, #8867, .T. ) ;
#1066 = EDGE_CURVE ( 'NONE', #2367, #6361, #2553, .T. ) ;
#1067 = ORIENTED_EDGE ( 'NONE', *, *, #246, .F. ) ;
#1068 = CARTESIAN_POINT ( 'NONE',  ( 0.000000000000000000, 0.000000000000000000, 8.077500000000002345 ) ) ;
#1069 = AXIS2_PLACEMENT_3D ( 'NONE', #9629, #1643, #8054 ) ;
#1070 = ORIENTED_EDGE ( 'NONE', *, *, #9890, .F. ) ;
#1071 = CARTESIAN_POINT ( 'NONE',  ( 1.676772478465699878, -2.487656337893157321, -9.750000000000001776 ) ) ;
#1072 = DIRECTION ( 'NONE',  ( -0.3746065934159049648, 0.9271838545667903109, 0.000000000000000000 ) ) ;
#1073 = CARTESIAN_POINT ( 'NONE',  ( 2.440932748640445293, -1.409273179501349338, 9.750000000000001776 ) ) ;
#1074 = ORIENTED_EDGE ( 'NONE', *, *, #108, .T. ) ;
#1075 = ORIENTED_EDGE ( 'NONE', *, *, #9522, .T. ) ;
#1076 = VERTEX_POINT ( 'NONE', #8761 ) ;
#1077 = DIRECTION ( 'NONE',  ( -0.9396926207859086499, -0.3420201433256679913, 0.000000000000000000 ) ) ;
#1078 = FACE_OUTER_BOUND ( 'NONE', #6699, .T. ) ;
#1079 = CARTESIAN_POINT ( 'NONE',  ( 1.493602012769862597, -2.390262873680853772, 9.631453640997325039 ) ) ;
#1080 = CARTESIAN_POINT ( 'NONE',  ( -1.892491597964134370E-16, -1.545336663013173073, -7.562500000000004441 ) ) ;
#1081 = CARTESIAN_POINT ( 'NONE',  ( -2.859290565133870921, -0.3354387467632918840, 9.571310031034848009 ) ) ;
#1082 = EDGE_CURVE ( 'NONE', #5183, #1528, #35, .T. ) ;
#1083 = EDGE_LOOP ( 'NONE', ( #2447, #1221, #3288, #8710 ) ) ;
#1084 = CARTESIAN_POINT ( 'NONE',  ( 0.7433710717169984550, 2.843824466040079102, 9.510800894373550918 ) ) ;
#1085 = CARTESIAN_POINT ( 'NONE',  ( 0.5212620717708843499, 2.956224110890476098, 9.750000000000001776 ) ) ;
#1086 = DIRECTION ( 'NONE',  ( 0.6691306063588843278, 0.7431448254773707074, 0.000000000000000000 ) ) ;
#1087 = CARTESIAN_POINT ( 'NONE',  ( 2.297508171510921127, 1.929107618003865099, 9.449999999999999289 ) ) ;
#1088 = ORIENTED_EDGE ( 'NONE', *, *, #7516, .F. ) ;
#1089 = CARTESIAN_POINT ( 'NONE',  ( -0.5860087391485057084, -2.756954358615466116, 9.631453640997325039 ) ) ;
#1090 = CARTESIAN_POINT ( 'NONE',  ( 2.866549843091852789, 0.2663713305965439981, 9.571310031034848009 ) ) ;
#1091 = CARTESIAN_POINT ( 'NONE',  ( -2.544659440449400734, -1.588933079815427751, 8.077500000000000568 ) ) ;
#1092 = DIRECTION ( 'NONE',  ( 0.2419218955996730314, 0.9702957262759951407, 0.000000000000000000 ) ) ;
#1093 = EDGE_CURVE ( 'NONE', #6373, #7930, #6237, .T. ) ;
#1094 = DIRECTION ( 'NONE',  ( -1.000000000000000000, 0.000000000000000000, 0.000000000000000000 ) ) ;
#1095 = ORIENTED_EDGE ( 'NONE', *, *, #4711, .T. ) ;
#1096 = CARTESIAN_POINT ( 'NONE',  ( -2.297508171510934005, -1.929107618003849556, 9.449999999999999289 ) ) ;
#1097 = DIRECTION ( 'NONE',  ( 0.000000000000000000, 0.000000000000000000, -1.000000000000000000 ) ) ;
#1098 = CARTESIAN_POINT ( 'NONE',  ( -1.154700538379253905, -2.000000000000003109, -7.358333333333335169 ) ) ;
#1099 = FACE_OUTER_BOUND ( 'NONE', #8215, .T. ) ;
#1100 = ORIENTED_EDGE ( 'NONE', *, *, #6112, .T. ) ;
#1101 = VERTEX_POINT ( 'NONE', #5793 ) ;
#1102 = ORIENTED_EDGE ( 'NONE', *, *, #9527, .T. ) ;
#1103 = LINE ( 'NONE', #10792, #9391 ) ;
#1104 = CARTESIAN_POINT ( 'NONE',  ( 1.176575538379255326, 2.037888611415573425, -9.742708333333339965 ) ) ;
#1105 = CARTESIAN_POINT ( 'NONE',  ( 0.000000000000000000, 2.818546359002675583, 8.077500000000002345 ) ) ;
#1106 = DIRECTION ( 'NONE',  ( -0.5877852522924807976, -0.8090169943749417891, 0.000000000000000000 ) ) ;
#1107 = CARTESIAN_POINT ( 'NONE',  ( 1.784401076758506788, -3.763923298982691022E-16, -8.787500000000003197 ) ) ;
#1108 = CARTESIAN_POINT ( 'NONE',  ( 0.000000000000000000, 1.545336663013173073, -8.000000000000005329 ) ) ;
#1109 = EDGE_CURVE ( 'NONE', #8481, #7074, #10008, .T. ) ;
#1110 = ADVANCED_FACE ( 'NONE', ( #6538 ), #6048, .T. ) ;
#1111 = VERTEX_POINT ( 'NONE', #4671 ) ;
#1112 = ORIENTED_EDGE ( 'NONE', *, *, #2642, .F. ) ;
#1113 = EDGE_CURVE ( 'NONE', #2815, #584, #6612, .T. ) ;
#1114 = DIRECTION ( 'NONE',  ( -0.000000000000000000, 0.000000000000000000, -1.000000000000000000 ) ) ;
#1115 = CARTESIAN_POINT ( 'NONE',  ( -2.818745138964445118, 1.026974119228090121, 9.449999999999999289 ) ) ;
#1116 = ORIENTED_EDGE ( 'NONE', *, *, #1573, .T. ) ;
#1117 = ORIENTED_EDGE ( 'NONE', *, *, #7888, .T. ) ;
#1118 = ORIENTED_EDGE ( 'NONE', *, *, #7084, .F. ) ;
#1119 = DIRECTION ( 'NONE',  ( 1.000000000000000000, 0.000000000000000000, 0.000000000000000000 ) ) ;
#1120 = FACE_OUTER_BOUND ( 'NONE', #2149, .T. ) ;
#1121 = ORIENTED_EDGE ( 'NONE', *, *, #3087, .T. ) ;
#1122 = DIRECTION ( 'NONE',  ( -0.000000000000000000, -0.000000000000000000, -1.000000000000000000 ) ) ;
#1123 = EDGE_CURVE ( 'NONE', #11525, #1047, #7527, .T. ) ;
#1124 = CARTESIAN_POINT ( 'NONE',  ( -2.999999842411182893, -0.0009723851495278883162, 9.449999999999999289 ) ) ;
#1125 = EDGE_CURVE ( 'NONE', #7554, #801, #6486, .T. ) ;
#1126 = CIRCLE ( 'NONE', #7461, 3.000000000000000000 ) ;
#1127 = ORIENTED_EDGE ( 'NONE', *, *, #1468, .F. ) ;
#1128 = EDGE_CURVE ( 'NONE', #9668, #10487, #7452, .T. ) ;
#1129 = CARTESIAN_POINT ( 'NONE',  ( 0.000000000000000000, 0.000000000000000000, 9.449999999999999289 ) ) ;
#1130 = ORIENTED_EDGE ( 'NONE', *, *, #10173, .T. ) ;
#1131 = VECTOR ( 'NONE', #9638, 1000.000000000000114 ) ;
#1132 = CARTESIAN_POINT ( 'NONE',  ( 0.000000000000000000, 0.000000000000000000, 8.077500000000002345 ) ) ;
#1133 = PRODUCT_DEFINITION_SHAPE ( 'NONE', 'NONE',  #4113 ) ;
#1134 = DIRECTION ( 'NONE',  ( -0.9975640502598250858, -0.06975647374411336754, 0.000000000000000000 ) ) ;
#1135 = AXIS2_PLACEMENT_3D ( 'NONE', #7974, #7116, #7758 ) ;
#1136 = EDGE_CURVE ( 'NONE', #5198, #8284, #5621, .T. ) ;
#1137 = LINE ( 'NONE', #7560, #10308 ) ;
#1138 = ORIENTED_EDGE ( 'NONE', *, *, #7265, .T. ) ;
#1139 = CARTESIAN_POINT ( 'NONE',  ( 2.230140069598316011, -1.914788085895103853, 9.510800894373550918 ) ) ;
#1140 = ORIENTED_EDGE ( 'NONE', *, *, #3061, .F. ) ;
#1141 = CARTESIAN_POINT ( 'NONE',  ( 0.000000000000000000, 0.000000000000000000, -9.750000000000001776 ) ) ;
#1142 = B_SPLINE_CURVE_WITH_KNOTS ( 'NONE', 3,
 ( #6903, #4231, #6039, #5829 ),
 .UNSPECIFIED., .F., .F.,
 ( 4, 4 ),
 ( 3.021976174285727086E-07, 0.0002759148428383534596 ),
 .UNSPECIFIED. ) ;
#1143 = CARTESIAN_POINT ( 'NONE',  ( 2.999999842411182449, -0.0009723851495685187927, 8.077500000000000568 ) ) ;
#1144 = AXIS2_PLACEMENT_3D ( 'NONE', #1525, #2242, #11141 ) ;
#1145 = LINE ( 'NONE', #3959, #10894 ) ;
#1146 = ADVANCED_FACE ( 'NONE', ( #8202 ), #5564, .T. ) ;
#1147 = CARTESIAN_POINT ( 'NONE',  ( -0.7267091498296911478, 2.910651784661608676, 8.077500000000000568 ) ) ;
#1148 = AXIS2_PLACEMENT_3D ( 'NONE', #554, #10530, #5318 ) ;
#1149 = DIRECTION ( 'NONE',  ( -1.000000000000000000, 0.000000000000000000, 0.000000000000000000 ) ) ;
#1150 = CARTESIAN_POINT ( 'NONE',  ( 0.000000000000000000, 0.000000000000000000, 8.077500000000002345 ) ) ;
#1151 = CARTESIAN_POINT ( 'NONE',  ( 2.819410289580892126, -1.025146632928866763, 9.449999999999999289 ) ) ;
#1152 = DIRECTION ( 'NONE',  ( 0.9781476007338042455, -0.2079116908177664758, 0.000000000000000000 ) ) ;
#1153 = VERTEX_POINT ( 'NONE', #9119 ) ;
#1154 = LINE ( 'NONE', #5686, #5299 ) ;
#1155 = AXIS2_PLACEMENT_3D ( 'NONE', #9202, #10069, #4803 ) ;
#1156 = CARTESIAN_POINT ( 'NONE',  ( 2.000000000000004885, -0.5358983848622446144, -7.156260739116968139 ) ) ;
#1157 = CARTESIAN_POINT ( 'NONE',  ( -2.885542882574252843, 0.8274161069873685603, 8.077500000000002345 ) ) ;
#1158 = CARTESIAN_POINT ( 'NONE',  ( -0.3922658369820654634, 2.791116459588170340, 9.631453640997325039 ) ) ;
#1159 = CARTESIAN_POINT ( 'NONE',  ( 1.846218079001099577, -2.364630796714254579, -9.750000000000001776 ) ) ;
#1160 = EDGE_LOOP ( 'NONE', ( #5301, #10655, #10571, #4003 ) ) ;
#1161 = VERTEX_POINT ( 'NONE', #9252 ) ;
#1162 = ORIENTED_EDGE ( 'NONE', *, *, #11508, .F. ) ;
#1163 = EDGE_CURVE ( 'NONE', #7601, #3457, #232, .T. ) ;
#1164 = VECTOR ( 'NONE', #10942, 1000.000000000000114 ) ;
#1165 = DIRECTION ( 'NONE',  ( 0.9781476007338065770, 0.2079116908177548462, 0.000000000000000000 ) ) ;
#1166 = CARTESIAN_POINT ( 'NONE',  ( -2.353151076758508875, 9.548577686196303386E-17, -9.509375000000005684 ) ) ;
#1167 = CARTESIAN_POINT ( 'NONE',  ( -1.176575538379254215, 2.037888611415574314, -5.469791666666669272 ) ) ;
#1168 = VERTEX_POINT ( 'NONE', #5678 ) ;
#1169 = VECTOR ( 'NONE', #10333, 1000.000000000000000 ) ;
#1170 = ORIENTED_EDGE ( 'NONE', *, *, #1000, .T. ) ;
#1171 = VECTOR ( 'NONE', #1264, 1000.000000000000000 ) ;
#1172 = CARTESIAN_POINT ( 'NONE',  ( 2.972615042991531897, 0.4177737993909065306, 9.750000000000001776 ) ) ;
#1173 = CARTESIAN_POINT ( 'NONE',  ( 2.221044840433183953, 1.735270409657345247, 9.750000000000001776 ) ) ;
#1174 = DIRECTION ( 'NONE',  ( 0.000000000000000000, 0.000000000000000000, -1.000000000000000000 ) ) ;
#1175 = FACE_OUTER_BOUND ( 'NONE', #7388, .T. ) ;
#1176 = ORIENTED_EDGE ( 'NONE', *, *, #4715, .F. ) ;
#1177 = ORIENTED_EDGE ( 'NONE', *, *, #8408, .F. ) ;
#1178 = ORIENTED_EDGE ( 'NONE', *, *, #5377, .T. ) ;
#1179 = APPROVAL_DATE_TIME ( #2885, #4317 ) ;
#1180 = VECTOR ( 'NONE', #157, 1000.000000000000000 ) ;
#1181 = CARTESIAN_POINT ( 'NONE',  ( 2.740240724291740815, -1.221098183166724249, 9.449999999999999289 ) ) ;
#1182 = VECTOR ( 'NONE', #7698, 1000.000000000000000 ) ;
#1183 = AXIS2_PLACEMENT_3D ( 'NONE', #8340, #8217, #387 ) ;
#1184 = ORIENTED_EDGE ( 'NONE', *, *, #7467, .F. ) ;
#1185 = CARTESIAN_POINT ( 'NONE',  ( 0.000000000000000000, 0.000000000000000000, 9.449999999999999289 ) ) ;
#1186 = FACE_OUTER_BOUND ( 'NONE', #59, .T. ) ;
#1187 = FACE_OUTER_BOUND ( 'NONE', #7022, .T. ) ;
#1188 = CARTESIAN_POINT ( 'NONE',  ( 2.816148808746807397, -0.8421662727203897969, 9.510800894373550918 ) ) ;
#1189 = CARTESIAN_POINT ( 'NONE',  ( -1.999999999999992673, 0.000000000000000000, -5.175312581422624625 ) ) ;
#1190 = ORIENTED_EDGE ( 'NONE', *, *, #1230, .F. ) ;
#1191 = CARTESIAN_POINT ( 'NONE',  ( 1.919999999999993046, 2.351321854362909993E-16, -5.175312581422624625 ) ) ;
#1192 = ORIENTED_EDGE ( 'NONE', *, *, #1429, .T. ) ;
#1193 = AXIS2_PLACEMENT_3D ( 'NONE', #2373, #6868, #11206 ) ;
#1194 = DIRECTION ( 'NONE',  ( -0.3420201433256679913, 0.9396926207859086499, 0.000000000000000000 ) ) ;
#1195 = EDGE_CURVE ( 'NONE', #6951, #11364, #11035, .T. ) ;
#1196 = EDGE_CURVE ( 'NONE', #10196, #1693, #7401, .T. ) ;
#1197 = CARTESIAN_POINT ( 'NONE',  ( 2.613310677415280558, -1.055846049930825759, 8.077500000000002345 ) ) ;
#1198 = EDGE_CURVE ( 'NONE', #5519, #7151, #10946, .T. ) ;
#1199 = CARTESIAN_POINT ( 'NONE',  ( -2.682082674431115255, -1.046180776066035545, 9.571310031034848009 ) ) ;
#1200 = AXIS2_PLACEMENT_3D ( 'NONE', #3863, #5462, #8104 ) ;
#1201 = CARTESIAN_POINT ( 'NONE',  ( -2.934644818296870294, -0.6227839034876625490, 8.077500000000000568 ) ) ;
#1202 = ORIENTED_EDGE ( 'NONE', *, *, #4665, .F. ) ;
#1203 = CARTESIAN_POINT ( 'NONE',  ( -2.159334809438564928, 2.085245386525043099, 9.750000000000001776 ) ) ;
#1204 = EDGE_LOOP ( 'NONE', ( #1426, #5584, #1067, #3199 ) ) ;
#1205 = FACE_OUTER_BOUND ( 'NONE', #6919, .T. ) ;
#1206 = CARTESIAN_POINT ( 'NONE',  ( 0.5860087391484868347, 2.756954358615470557, 8.077500000000002345 ) ) ;
#1207 = CIRCLE ( 'NONE', #639, 3.000000000000000000 ) ;
#1208 = VECTOR ( 'NONE', #10347, 1000.000000000000000 ) ;
#1209 = ADVANCED_FACE ( 'NONE', ( #1205 ), #3082, .T. ) ;
#1210 = FACE_OUTER_BOUND ( 'NONE', #8440, .T. ) ;
#1211 = DIRECTION ( 'NONE',  ( -0.2079116908177582324, 0.9781476007338059109, 0.000000000000000000 ) ) ;
#1212 = VECTOR ( 'NONE', #7841, 1000.000000000000000 ) ;
#1213 = CYLINDRICAL_SURFACE ( 'NONE', #11370, 2.000000000000003553 ) ;
#1214 = AXIS2_PLACEMENT_3D ( 'NONE', #4784, #2902, #6697 ) ;
#1215 = VERTEX_POINT ( 'NONE', #131 ) ;
#1216 = FACE_OUTER_BOUND ( 'NONE', #10025, .T. ) ;
#1217 = ORIENTED_EDGE ( 'NONE', *, *, #3441, .T. ) ;
#1218 = DIRECTION ( 'NONE',  ( 0.4383711467890674118, -0.8987940462991718116, 0.000000000000000000 ) ) ;
#1219 = CARTESIAN_POINT ( 'NONE',  ( 1.784401076758506788, -3.763923298982691022E-16, -9.575000000000004619 ) ) ;
#1220 = DIRECTION ( 'NONE',  ( 0.7193398003386535233, 0.6946583704589948116, 0.000000000000000000 ) ) ;
#1221 = ORIENTED_EDGE ( 'NONE', *, *, #9659, .T. ) ;
#1222 = VERTEX_POINT ( 'NONE', #4849 ) ;
#1223 = EDGE_CURVE ( 'NONE', #1076, #5065, #4932, .T. ) ;
#1224 = ORIENTED_EDGE ( 'NONE', *, *, #6598, .F. ) ;
#1225 = AXIS2_PLACEMENT_3D ( 'NONE', #9775, #8764, #7912 ) ;
#1226 = CIRCLE ( 'NONE', #8311, 3.000000000000000000 ) ;
#1227 = CARTESIAN_POINT ( 'NONE',  ( 2.970668720312946931, 0.4184822029121888498, -9.750000000000001776 ) ) ;
#1228 = CARTESIAN_POINT ( 'NONE',  ( -1.338300807568880257, -0.7726683315065862034, -6.366666666666671581 ) ) ;
#1229 = DIRECTION ( 'NONE',  ( -0.000000000000000000, -0.000000000000000000, 1.000000000000000000 ) ) ;
#1230 = EDGE_CURVE ( 'NONE', #6842, #11250, #2297, .T. ) ;
#1231 = AXIS2_PLACEMENT_3D ( 'NONE', #6063, #6173, #8075 ) ;
#1232 = CARTESIAN_POINT ( 'NONE',  ( -2.000000000000003553, 0.000000000000000000, -9.750000000000001776 ) ) ;
#1233 = ORIENTED_EDGE ( 'NONE', *, *, #1755, .T. ) ;
#1234 = DIRECTION ( 'NONE',  ( -0.000000000000000000, 0.000000000000000000, 1.000000000000000000 ) ) ;
#1235 = ORIENTED_EDGE ( 'NONE', *, *, #10, .F. ) ;
#1236 = EDGE_LOOP ( 'NONE', ( #9135, #4518, #11502, #47 ) ) ;
#1237 = ORIENTED_EDGE ( 'NONE', *, *, #4141, .T. ) ;
#1238 = CARTESIAN_POINT ( 'NONE',  ( 1.678384766113657278, -2.486568836143010053, 9.449999999999999289 ) ) ;
#1239 = LOCAL_TIME ( 17, 51, 19.00000000000000000, #3747 ) ;
#1240 = EDGE_LOOP ( 'NONE', ( #6106, #734, #1070, #8003 ) ) ;
#1241 = CARTESIAN_POINT ( 'NONE',  ( 2.299534143425766786, -1.929538251628141410, 9.750000000000001776 ) ) ;
#1242 = CARTESIAN_POINT ( 'NONE',  ( 1.314239397301711687, 2.696808262850741489, 8.077500000000000568 ) ) ;
#1243 = FACE_OUTER_BOUND ( 'NONE', #4690, .T. ) ;
#1244 = EDGE_CURVE ( 'NONE', #3171, #1727, #3304, .T. ) ;
#1245 = ORIENTED_EDGE ( 'NONE', *, *, #7931, .T. ) ;
#1246 = CARTESIAN_POINT ( 'NONE',  ( -1.315987345267994657, -2.695955731664467780, -9.750000000000001776 ) ) ;
#1247 = DIRECTION ( 'NONE',  ( -1.000000000000000000, 0.000000000000000000, 0.000000000000000000 ) ) ;
#1248 = VERTEX_POINT ( 'NONE', #3139 ) ;
#1249 = DIRECTION ( 'NONE',  ( -8.604228440844961611E-15, -1.000000000000000000, 0.000000000000000000 ) ) ;
#1250 = VECTOR ( 'NONE', #2720, 1000.000000000000000 ) ;
#1251 = DIRECTION ( 'NONE',  ( -0.1736481776669420996, -0.9848077530122059109, 0.000000000000000000 ) ) ;
#1252 = DIRECTION ( 'NONE',  ( 0.8660254037844384856, 0.5000000000000002220, 0.000000000000000000 ) ) ;
#1253 = CARTESIAN_POINT ( 'NONE',  ( 0.3403527660226422502, 2.919605819040397954, 9.510800894373550918 ) ) ;
#1254 = CARTESIAN_POINT ( 'NONE',  ( 1.678384766113673043, 2.486568836142999395, -9.750000000000001776 ) ) ;
#1255 = CARTESIAN_POINT ( 'NONE',  ( -2.741031733634774259, -1.219321547093770164, 8.077500000000000568 ) ) ;
#1256 = B_SPLINE_CURVE_WITH_KNOTS ( 'NONE', 3,
 ( #7228, #4486, #10587, #9706 ),
 .UNSPECIFIED., .F., .F.,
 ( 4, 4 ),
 ( 3.021976174285161163E-07, 0.0002759148428383531885 ),
 .UNSPECIFIED. ) ;
#1257 = EDGE_LOOP ( 'NONE', ( #6095, #10483, #8515, #11443 ) ) ;
#1258 = ADVANCED_FACE ( 'NONE', ( #3189 ), #10236, .F. ) ;
#1259 = DIRECTION ( 'NONE',  ( -0.000000000000000000, -0.000000000000000000, -1.000000000000000000 ) ) ;
#1260 = EDGE_CURVE ( 'NONE', #6160, #1064, #845, .T. ) ;
#1261 = DIRECTION ( 'NONE',  ( 0.000000000000000000, 0.000000000000000000, -1.000000000000000000 ) ) ;
#1262 = CARTESIAN_POINT ( 'NONE',  ( 0.3126183150084566598, -2.983667171304680288, 8.077500000000000568 ) ) ;
#1263 = CARTESIAN_POINT ( 'NONE',  ( 1.475000000000007860, 0.000000000000000000, -9.750000000000001776 ) ) ;
#1264 = DIRECTION ( 'NONE',  ( -0.000000000000000000, -0.000000000000000000, 1.000000000000000000 ) ) ;
#1265 = B_SPLINE_CURVE_WITH_KNOTS ( 'NONE', 3,
 ( #3776, #2151, #9893, #7402 ),
 .UNSPECIFIED., .F., .F.,
 ( 4, 4 ),
 ( 3.054997924345486699E-07, 0.0002759181450133580890 ),
 .UNSPECIFIED. ) ;
#1266 = EDGE_CURVE ( 'NONE', #6466, #4454, #6853, .T. ) ;
#1267 = CARTESIAN_POINT ( 'NONE',  ( 2.427622409283272997, 1.762568988137961146, 8.077500000000000568 ) ) ;
#1268 = CARTESIAN_POINT ( 'NONE',  ( -0.5199868932016028511, -2.954591956751142945, 9.449999999999999289 ) ) ;
#1269 = DIRECTION ( 'NONE',  ( 0.000000000000000000, 0.000000000000000000, -1.000000000000000000 ) ) ;
#1270 = DIRECTION ( 'NONE',  ( 0.000000000000000000, 0.000000000000000000, -1.000000000000000000 ) ) ;
#1271 = ORIENTED_EDGE ( 'NONE', *, *, #9607, .T. ) ;
#1272 = EDGE_CURVE ( 'NONE', #7778, #5767, #7619, .T. ) ;
#1273 = LINE ( 'NONE', #10955, #9616 ) ;
#1274 = EDGE_CURVE ( 'NONE', #4986, #8098, #437, .T. ) ;
#1275 = VERTEX_POINT ( 'NONE', #9519 ) ;
#1276 = CARTESIAN_POINT ( 'NONE',  ( 1.011287582689940789, -1.183027256752714473, -9.673695832576116871 ) ) ;
#1277 = CARTESIAN_POINT ( 'NONE',  ( 2.970939380026130561, 0.4165563589839371139, 9.449999999999999289 ) ) ;
#1278 = ORIENTED_EDGE ( 'NONE', *, *, #7083, .F. ) ;
#1279 = ORIENTED_EDGE ( 'NONE', *, *, #2563, .F. ) ;
#1280 = DIRECTION ( 'NONE',  ( -0.000000000000000000, -0.000000000000000000, 1.000000000000000000 ) ) ;
#1281 = CARTESIAN_POINT ( 'NONE',  ( -2.353151076758508875, 9.548577686196303386E-17, -8.109375000000005329 ) ) ;
#1282 = CARTESIAN_POINT ( 'NONE',  ( 3.001828632896465177, -9.744267025213471101E-15, 8.077500000000002345 ) ) ;
#1283 = CARTESIAN_POINT ( 'NONE',  ( 0.000000000000000000, 1.545336663013173073, -5.812500000000004441 ) ) ;
#1284 = ADVANCED_FACE ( 'NONE', ( #10357 ), #11158, .T. ) ;
#1285 = ORIENTED_EDGE ( 'NONE', *, *, #361, .F. ) ;
#1286 = CARTESIAN_POINT ( 'NONE',  ( 0.000000000000000000, 0.000000000000000000, 9.449999999999999289 ) ) ;
#1287 = CARTESIAN_POINT ( 'NONE',  ( 0.000000000000000000, 0.000000000000000000, 9.750000000000001776 ) ) ;
#1288 = VERTEX_POINT ( 'NONE', #9473 ) ;
#1289 = ORIENTED_EDGE ( 'NONE', *, *, #10464, .T. ) ;
#1290 = CARTESIAN_POINT ( 'NONE',  ( -2.699999999999998401, 0.000000000000000000, 9.750000000000001776 ) ) ;
#1291 = EDGE_CURVE ( 'NONE', #725, #2096, #3228, .T. ) ;
#1292 = DIRECTION ( 'NONE',  ( -0.6156614753256470784, 0.7880107536067306739, 0.000000000000000000 ) ) ;
#1293 = ORIENTED_EDGE ( 'NONE', *, *, #10939, .T. ) ;
#1294 = DIRECTION ( 'NONE',  ( -0.000000000000000000, -0.000000000000000000, 1.000000000000000000 ) ) ;
#1295 = FACE_OUTER_BOUND ( 'NONE', #7210, .T. ) ;
#1296 = CARTESIAN_POINT ( 'NONE',  ( -2.000000000000003553, -2.382190991706389344E-15, -8.175000000000004263 ) ) ;
#1297 = ORIENTED_EDGE ( 'NONE', *, *, #4693, .T. ) ;
#1298 = ORIENTED_EDGE ( 'NONE', *, *, #598, .F. ) ;
#1299 = ORIENTED_EDGE ( 'NONE', *, *, #7756, .F. ) ;
#1300 = CARTESIAN_POINT ( 'NONE',  ( 2.545695057115697324, 1.590726820498657101, 8.077500000000002345 ) ) ;
#1301 = CARTESIAN_POINT ( 'NONE',  ( -1.139146806456303063, -2.643937639588744837, 9.571310031034848009 ) ) ;
#1302 = EDGE_CURVE ( 'NONE', #10980, #6641, #4077, .T. ) ;
#1303 = CARTESIAN_POINT ( 'NONE',  ( -0.5860087391485055974, -2.756954358615466560, 9.750000000000001776 ) ) ;
#1304 = DIRECTION ( 'NONE',  ( 0.000000000000000000, 0.000000000000000000, -1.000000000000000000 ) ) ;
#1305 = AXIS2_PLACEMENT_3D ( 'NONE', #5665, #3009, #1247 ) ;
#1306 = CARTESIAN_POINT ( 'NONE',  ( 0.8922005383792529498, -1.545336663013173517, -7.504166666666669983 ) ) ;
#1307 = DIRECTION ( 'NONE',  ( 0.1045284632676620751, 0.9945218953682722907, 0.000000000000000000 ) ) ;
#1308 = B_SPLINE_CURVE_WITH_KNOTS ( 'NONE', 3,
 ( #10821, #6535, #1084, #10991 ),
 .UNSPECIFIED., .F., .F.,
 ( 4, 4 ),
 ( 3.054997924344004392E-07, 0.0002759181450133583059 ),
 .UNSPECIFIED. ) ;
#1309 = CARTESIAN_POINT ( 'NONE',  ( -2.158694763139470396, 2.083275526567291536, 8.077500000000000568 ) ) ;
#1310 = ORIENTED_EDGE ( 'NONE', *, *, #9847, .T. ) ;
#1311 = ORIENTED_EDGE ( 'NONE', *, *, #8367, .T. ) ;
#1312 = CARTESIAN_POINT ( 'NONE',  ( 1.811726676894017229, -2.159131775987237045, 8.077500000000002345 ) ) ;
#1313 = CARTESIAN_POINT ( 'NONE',  ( -2.221044840433196388, -1.735270409657329482, 9.750000000000001776 ) ) ;
#1314 = LINE ( 'NONE', #8422, #4694 ) ;
#1315 = CARTESIAN_POINT ( 'NONE',  ( -1.656699982724437969, -2.280251903866782115, 9.631453640997325039 ) ) ;
#1316 = DIRECTION ( 'NONE',  ( -0.1045284632676620612, -0.9945218953682722907, 0.000000000000000000 ) ) ;
#1317 = CARTESIAN_POINT ( 'NONE',  ( -2.936231475081710673, 0.6241152666106966063, 8.077500000000002345 ) ) ;
#1318 = FACE_OUTER_BOUND ( 'NONE', #1869, .T. ) ;
#1319 = AXIS2_PLACEMENT_3D ( 'NONE', #11558, #8986, #2019 ) ;
#1320 = CC_DESIGN_PERSON_AND_ORGANIZATION_ASSIGNMENT ( #4650, #9042, ( #11466 ) ) ;
#1321 = EDGE_CURVE ( 'NONE', #8087, #4423, #2117, .T. ) ;
#1322 = CARTESIAN_POINT ( 'NONE',  ( 2.299534143425766786, -1.929538251628141410, 8.077500000000002345 ) ) ;
#1323 = CARTESIAN_POINT ( 'NONE',  ( -2.840985947017429236, -0.4656828722888312622, 9.571310031034848009 ) ) ;
#1324 = FACE_OUTER_BOUND ( 'NONE', #11148, .T. ) ;
#1325 = ORIENTED_EDGE ( 'NONE', *, *, #2924, .F. ) ;
#1326 = LINE ( 'NONE', #2098, #1921 ) ;
#1327 = DIRECTION ( 'NONE',  ( -0.000000000000000000, 0.000000000000000000, 1.000000000000000000 ) ) ;
#1328 = CARTESIAN_POINT ( 'NONE',  ( -0.7768966656430936757, 2.709360653135695518, 8.077500000000002345 ) ) ;
#1329 = FACE_OUTER_BOUND ( 'NONE', #1469, .T. ) ;
#1330 = VECTOR ( 'NONE', #9625, 1000.000000000000227 ) ;
#1331 = CARTESIAN_POINT ( 'NONE',  ( 2.734823486451069208, 0.6818680780054610091, 9.750000000000001776 ) ) ;
#1332 = EDGE_LOOP ( 'NONE', ( #841, #3598, #1043, #4819 ) ) ;
#1333 = B_SPLINE_CURVE_WITH_KNOTS ( 'NONE', 3,
 ( #1623, #10536, #9487, #2556, #6884, #10478, #5973, #2501, #7060, #5199, #2603, #9539, #6084, #4376, #6134, #1506, #795, #733, #8606, #3428, #9602, #6019, #1564, #8709 ),
 .UNSPECIFIED., .F., .F.,
 ( 4, 2, 2, 2, 2, 2, 2, 2, 2, 2, 2, 4 ),
 ( 0.004486153252876891838, 0.005159931566567984781, 0.005833709880259077725, 0.006170599037104624630, 0.006507488193950171536, 0.006844377350795718441, 0.007181266507641265347, 0.007855044821332358290, 0.008528823135023452101, 0.008865712291868999007, 0.009202601448714545912, 0.009876379762405637988 ),
 .UNSPECIFIED. ) ;
#1334 = ORIENTED_EDGE ( 'NONE', *, *, #10237, .T. ) ;
#1335 = CARTESIAN_POINT ( 'NONE',  ( 1.000000000000000000, 0.2033615549488324292, 9.595299461620749426 ) ) ;
#1336 = EDGE_CURVE ( 'NONE', #6964, #6870, #6922, .T. ) ;
#1337 = EDGE_CURVE ( 'NONE', #3894, #10251, #4904, .T. ) ;
#1338 = CIRCLE ( 'NONE', #1896, 1.154700538379251462 ) ;
#1339 = ADVANCED_FACE ( 'NONE', ( #2379 ), #666, .F. ) ;
#1340 = DIRECTION ( 'NONE',  ( -0.000000000000000000, 0.000000000000000000, 1.000000000000000000 ) ) ;
#1341 = CARTESIAN_POINT ( 'NONE',  ( 2.440932748640455063, 1.409273179501332240, 9.631453640997325039 ) ) ;
#1342 = CARTESIAN_POINT ( 'NONE',  ( 0.8922005383792529498, -1.545336663013173517, -8.291666666666671404 ) ) ;
#1343 = CIRCLE ( 'NONE', #5111, 3.000000000000000000 ) ;
#1344 = VERTEX_POINT ( 'NONE', #2483 ) ;
#1345 = CARTESIAN_POINT ( 'NONE',  ( -0.3235293953625343333, 0.9679107548759354751, 9.611735735160801042 ) ) ;
#1346 = ORIENTED_EDGE ( 'NONE', *, *, #1274, .F. ) ;
#1347 = CARTESIAN_POINT ( 'NONE',  ( -2.579512986874088032, -1.409273179501314255, 9.510800894373550918 ) ) ;
#1348 = AXIS2_PLACEMENT_3D ( 'NONE', #4075, #4183, #3186 ) ;
#1349 = VERTEX_POINT ( 'NONE', #3248 ) ;
#1350 = VERTEX_POINT ( 'NONE', #3356 ) ;
#1351 = EDGE_CURVE ( 'NONE', #9843, #7780, #11324, .T. ) ;
#1352 = DIRECTION ( 'NONE',  ( -0.9396926207859126468, -0.3420201433256568335, 0.000000000000000000 ) ) ;
#1353 = CARTESIAN_POINT ( 'NONE',  ( 2.884052962002325859, 0.8259773074156551154, 8.077500000000000568 ) ) ;
#1354 = ORIENTED_EDGE ( 'NONE', *, *, #320, .T. ) ;
#1355 = DIRECTION ( 'NONE',  ( 0.000000000000000000, 0.000000000000000000, -1.000000000000000000 ) ) ;
#1356 = VECTOR ( 'NONE', #4383, 1000.000000000000000 ) ;
#1357 = CARTESIAN_POINT ( 'NONE',  ( 0.000000000000000000, 0.000000000000000000, 9.750000000000001776 ) ) ;
#1358 = CARTESIAN_POINT ( 'NONE',  ( 1.124504798187690557, 2.783247042597893461, 8.077500000000002345 ) ) ;
#1359 = EDGE_LOOP ( 'NONE', ( #1615, #4346, #4389, #5600 ) ) ;
#1360 = ADVANCED_FACE ( 'NONE', ( #8425 ), #601, .T. ) ;
#1361 = CARTESIAN_POINT ( 'NONE',  ( -1.445612383625681341, -0.6170037274789107462, -6.391205599446605490 ) ) ;
#1362 = DIRECTION ( 'NONE',  ( -0.7660444431189739056, 0.6427876096865442479, 0.000000000000000000 ) ) ;
#1363 = ORIENTED_EDGE ( 'NONE', *, *, #10379, .T. ) ;
#1364 = EDGE_LOOP ( 'NONE', ( #8566, #7561, #3938 ) ) ;
#1365 = CARTESIAN_POINT ( 'NONE',  ( -0.3296836216560259936, -1.843866575620368708, -6.694165540623867372 ) ) ;
#1366 = AXIS2_PLACEMENT_3D ( 'NONE', #4298, #1845, #2657 ) ;
#1367 = VECTOR ( 'NONE', #11214, 1000.000000000000000 ) ;
#1368 = CARTESIAN_POINT ( 'NONE',  ( 0.7768966656431114393, -2.709360653135690633, 8.077500000000002345 ) ) ;
#1369 = PLANE ( 'NONE',  #5523 ) ;
#1370 = CARTESIAN_POINT ( 'NONE',  ( 0.000000000000000000, 1.545336663013173073, -6.512500000000004619 ) ) ;
#1371 = CARTESIAN_POINT ( 'NONE',  ( 0.000000000000000000, 0.000000000000000000, 9.449999999999999289 ) ) ;
#1372 = VERTEX_POINT ( 'NONE', #4015 ) ;
#1373 = EDGE_LOOP ( 'NONE', ( #786, #6007, #1285, #3549 ) ) ;
#1374 = EDGE_CURVE ( 'NONE', #11427, #1563, #9538, .T. ) ;
#1375 = LINE ( 'NONE', #4968, #5382 ) ;
#1376 = CARTESIAN_POINT ( 'NONE',  ( 0.5860087391484868347, 2.756954358615470557, 9.750000000000001776 ) ) ;
#1377 = EDGE_CURVE ( 'NONE', #7250, #672, #7342, .T. ) ;
#1378 = CARTESIAN_POINT ( 'NONE',  ( 1.500914316448234587, 2.599659853895848638, 8.077500000000002345 ) ) ;
#1379 = DIRECTION ( 'NONE',  ( -1.000000000000000000, 5.051514762044462259E-15, 0.000000000000000000 ) ) ;
#1380 = CARTESIAN_POINT ( 'NONE',  ( -2.008114336621312113, 2.228783706656155328, 9.449999999999999289 ) ) ;
#1381 = AXIS2_PLACEMENT_3D ( 'NONE', #9686, #10632, #2645 ) ;
#1382 = DIRECTION ( 'NONE',  ( 0.3420201433256615520, -0.9396926207859109814, 0.000000000000000000 ) ) ;
#1383 = CARTESIAN_POINT ( 'NONE',  ( -1.772416575852979959, 0.9300844384453889058, -6.829254925575984458 ) ) ;
#1384 = CARTESIAN_POINT ( 'NONE',  ( 1.323227363945471025, 2.488628723042703772, 8.077500000000002345 ) ) ;
#1385 = CARTESIAN_POINT ( 'NONE',  ( 2.094588142060978875, -1.885975634250022903, 9.631453640997325039 ) ) ;
#1386 = LINE ( 'NONE', #6011, #8758 ) ;
#1387 = EDGE_CURVE ( 'NONE', #10231, #5001, #9733, .T. ) ;
#1388 = CIRCLE ( 'NONE', #1200, 3.000000000000000000 ) ;
#1389 = AXIS2_PLACEMENT_3D ( 'NONE', #1521, #9497, #1352 ) ;
#1390 = CARTESIAN_POINT ( 'NONE',  ( -0.9639996296761567107, -2.648567214897797228, 9.750000000000001776 ) ) ;
#1391 = EDGE_LOOP ( 'NONE', ( #3003, #5013, #2568, #412 ) ) ;
#1392 = ORIENTED_EDGE ( 'NONE', *, *, #8169, .F. ) ;
#1393 = CARTESIAN_POINT ( 'NONE',  ( 0.8268532745289428609, -2.757603189564166168, 9.571310031034848009 ) ) ;
#1394 = AXIS2_PLACEMENT_3D ( 'NONE', #1741, #9846, #8899 ) ;
#1395 = CIRCLE ( 'NONE', #3646, 3.000000000000000000 ) ;
#1396 = CARTESIAN_POINT ( 'NONE',  ( 1.338300807568880924, 0.7726683315065854263, -6.629166666666669983 ) ) ;
#1397 = CARTESIAN_POINT ( 'NONE',  ( 0.8922005383792529498, -1.545336663013173517, -7.591666666666672114 ) ) ;
#1398 = ORIENTED_EDGE ( 'NONE', *, *, #8600, .F. ) ;
#1399 = CARTESIAN_POINT ( 'NONE',  ( -2.748527137674446674, 0.8565397026179278894, 9.571310031034848009 ) ) ;
#1400 = CARTESIAN_POINT ( 'NONE',  ( 0.000000000000000000, 0.000000000000000000, 9.449999999999999289 ) ) ;
#1401 = EDGE_CURVE ( 'NONE', #10211, #6709, #3635, .T. ) ;
#1402 = ADVANCED_FACE ( 'NONE', ( #6287 ), #6340, .F. ) ;
#1403 = DIRECTION ( 'NONE',  ( 0.6156614753256510753, -0.7880107536067275653, 0.000000000000000000 ) ) ;
#1404 = LINE ( 'NONE', #1515, #5147 ) ;
#1405 = VECTOR ( 'NONE', #7734, 1000.000000000000000 ) ;
#1406 = DIRECTION ( 'NONE',  ( 0.000000000000000000, 0.000000000000000000, -1.000000000000000000 ) ) ;
#1407 = CIRCLE ( 'NONE', #4025, 3.000000000000000444 ) ;
#1408 = ORIENTED_EDGE ( 'NONE', *, *, #9692, .F. ) ;
#1409 = EDGE_CURVE ( 'NONE', #1917, #7059, #6038, .T. ) ;
#1410 = DIRECTION ( 'NONE',  ( -1.000000000000000000, 0.000000000000000000, 0.000000000000000000 ) ) ;
#1411 = ORIENTED_EDGE ( 'NONE', *, *, #1136, .T. ) ;
#1412 = DIRECTION ( 'NONE',  ( -0.7193398003386489714, 0.6946583704589994746, 0.000000000000000000 ) ) ;
#1413 = VECTOR ( 'NONE', #3234, 1000.000000000000000 ) ;
#1414 = DIRECTION ( 'NONE',  ( -0.9993908270190954291, 0.03489949670250958036, 0.000000000000000000 ) ) ;
#1415 = LINE ( 'NONE', #5828, #6775 ) ;
#1416 = CARTESIAN_POINT ( 'NONE',  ( 2.820796215196655687, -1.026685859262356448, 9.750000000000001776 ) ) ;
#1417 = ORIENTED_EDGE ( 'NONE', *, *, #1916, .F. ) ;
#1418 = ADVANCED_FACE ( 'NONE', ( #953 ), #5355, .T. ) ;
#1419 = ADVANCED_FACE ( 'NONE', ( #7146 ), #10685, .T. ) ;
#1420 = ORIENTED_EDGE ( 'NONE', *, *, #9457, .T. ) ;
#1421 = ORIENTED_EDGE ( 'NONE', *, *, #10520, .T. ) ;
#1422 = FACE_OUTER_BOUND ( 'NONE', #7440, .T. ) ;
#1423 = CARTESIAN_POINT ( 'NONE',  ( 0.000000000000000000, 2.000000000000845990, -8.262500000000493117 ) ) ;
#1424 = DIRECTION ( 'NONE',  ( -0.000000000000000000, 0.000000000000000000, -1.000000000000000000 ) ) ;
#1425 = LINE ( 'NONE', #4179, #5125 ) ;
#1426 = ORIENTED_EDGE ( 'NONE', *, *, #7811, .F. ) ;
#1427 = EDGE_LOOP ( 'NONE', ( #633, #4981, #5166 ) ) ;
#1428 = DIRECTION ( 'NONE',  ( -0.7193398003386466399, 0.6946583704590020281, 0.000000000000000000 ) ) ;
#1429 = EDGE_CURVE ( 'NONE', #7176, #1847, #5002, .T. ) ;
#1430 = CIRCLE ( 'NONE', #6828, 3.000000000000000000 ) ;
#1431 = CARTESIAN_POINT ( 'NONE',  ( 0.000000000000000000, 0.000000000000000000, 8.077500000000000568 ) ) ;
#1432 = CARTESIAN_POINT ( 'NONE',  ( -1.554920832529818941, 2.422866668485592623, 9.571310031034848009 ) ) ;
#1433 = DIRECTION ( 'NONE',  ( -0.9975640502598236425, 0.06975647374413394830, 0.000000000000000000 ) ) ;
#1434 = VECTOR ( 'NONE', #11102, 1000.000000000000000 ) ;
#1435 = DIRECTION ( 'NONE',  ( 0.7880107536067201268, -0.6156614753256606232, 0.000000000000000000 ) ) ;
#1436 = CARTESIAN_POINT ( 'NONE',  ( -0.9261261411943477739, 2.853469882545892400, -9.750000000000001776 ) ) ;
#1437 = ADVANCED_FACE ( 'NONE', ( #1799 ), #528, .T. ) ;
#1438 = VECTOR ( 'NONE', #2352, 1000.000000000000000 ) ;
#1439 = CARTESIAN_POINT ( 'NONE',  ( 0.000000000000000000, 0.000000000000000000, 9.750000000000001776 ) ) ;
#1440 = ORIENTED_EDGE ( 'NONE', *, *, #7607, .F. ) ;
#1441 = CARTESIAN_POINT ( 'NONE',  ( 2.734823486451064323, -0.6818680780054793278, 9.750000000000001776 ) ) ;
#1442 = LINE ( 'NONE', #10246, #580 ) ;
#1443 = DIRECTION ( 'NONE',  ( 0.5591929034707507906, 0.8290375725550389596, 0.000000000000000000 ) ) ;
#1444 = CARTESIAN_POINT ( 'NONE',  ( 0.000000000000000000, 1.545336663013173073, -8.000000000000005329 ) ) ;
#1445 = CARTESIAN_POINT ( 'NONE',  ( 0.000000000000000000, 0.000000000000000000, 8.077500000000002345 ) ) ;
#1446 = EDGE_LOOP ( 'NONE', ( #4869, #1058, #9258, #5970 ) ) ;
#1447 = ORIENTED_EDGE ( 'NONE', *, *, #10816, .T. ) ;
#1448 = ORIENTED_EDGE ( 'NONE', *, *, #9262, .T. ) ;
#1449 = CARTESIAN_POINT ( 'NONE',  ( 1.131920505072425698, -2.712691304610682419, 9.510800894373549141 ) ) ;
#1450 = CARTESIAN_POINT ( 'NONE',  ( 1.176575538379255326, 2.037888611415573425, -8.342708333333341386 ) ) ;
#1451 = EDGE_CURVE ( 'NONE', #3637, #8894, #9885, .T. ) ;
#1452 = DIRECTION ( 'NONE',  ( 0.6156614753256146599, -0.7880107536067559870, 0.000000000000000000 ) ) ;
#1453 = CARTESIAN_POINT ( 'NONE',  ( 0.8922005383792529498, -1.545336663013173517, -6.804166666666669805 ) ) ;
#1454 = B_SPLINE_CURVE_WITH_KNOTS ( 'NONE', 3,
 ( #2227, #8555, #8345, #9317 ),
 .UNSPECIFIED., .F., .F.,
 ( 4, 4 ),
 ( 3.054997924346147385E-07, 0.0002759181450133578722 ),
 .UNSPECIFIED. ) ;
#1455 = ORIENTED_EDGE ( 'NONE', *, *, #1977, .T. ) ;
#1456 = FACE_OUTER_BOUND ( 'NONE', #1236, .T. ) ;
#1457 = PLANE ( 'NONE',  #6366 ) ;
#1458 = CARTESIAN_POINT ( 'NONE',  ( 1.823786171018157320, -2.227524565767261766, 9.571310031034848009 ) ) ;
#1459 = CARTESIAN_POINT ( 'NONE',  ( 1.551760488480541156, 0.7533927709122815175, -6.538934379787274764 ) ) ;
#1460 = ORIENTED_EDGE ( 'NONE', *, *, #430, .F. ) ;
#1461 = EDGE_LOOP ( 'NONE', ( #5948, #1293 ) ) ;
#1462 = CARTESIAN_POINT ( 'NONE',  ( 2.775726306570163171, -0.4894354389105862180, 9.631453640997325039 ) ) ;
#1463 = ORIENTED_EDGE ( 'NONE', *, *, #10056, .F. ) ;
#1464 = ADVANCED_FACE ( 'NONE', ( #863 ), #4441, .T. ) ;
#1465 = CARTESIAN_POINT ( 'NONE',  ( -2.336680831601444019, -1.576111122057586522, 9.631453640997325039 ) ) ;
#1466 = DIRECTION ( 'NONE',  ( -0.000000000000000000, 0.000000000000000000, -1.000000000000000000 ) ) ;
#1467 = CARTESIAN_POINT ( 'NONE',  ( -0.8922005383792531719, 1.545336663013173073, -6.454166666666670160 ) ) ;
#1468 = EDGE_CURVE ( 'NONE', #820, #2649, #7005, .T. ) ;
#1469 = EDGE_LOOP ( 'NONE', ( #3925, #10583, #11351, #722 ) ) ;
#1470 = CARTESIAN_POINT ( 'NONE',  ( 0.000000000000000000, 0.000000000000000000, 8.077500000000000568 ) ) ;
#1471 = ORIENTED_EDGE ( 'NONE', *, *, #3017, .F. ) ;
#1472 = ORIENTED_EDGE ( 'NONE', *, *, #3568, .T. ) ;
#1473 = CARTESIAN_POINT ( 'NONE',  ( -0.6746321639314698526, 1.882782898634133728, -6.824999999999975309 ) ) ;
#1474 = DIRECTION ( 'NONE',  ( -0.000000000000000000, -0.000000000000000000, 1.000000000000000000 ) ) ;
#1475 = ORIENTED_EDGE ( 'NONE', *, *, #9577, .T. ) ;
#1476 = CARTESIAN_POINT ( 'NONE',  ( 1.764863307568882433, 1.018944305707785603, -7.701041666666673891 ) ) ;
#1477 = ADVANCED_FACE ( 'NONE', ( #7972 ), #9604, .T. ) ;
#1478 = EDGE_CURVE ( 'NONE', #4216, #6604, #3008, .T. ) ;
#1479 = CARTESIAN_POINT ( 'NONE',  ( 2.157343812172584308, -2.084674477245946456, 9.449999999999999289 ) ) ;
#1480 = DIRECTION ( 'NONE',  ( 0.000000000000000000, 0.000000000000000000, -1.000000000000000000 ) ) ;
#1481 = EDGE_CURVE ( 'NONE', #392, #3871, #6256, .T. ) ;
#1482 = ORIENTED_EDGE ( 'NONE', *, *, #1351, .T. ) ;
#1483 = CARTESIAN_POINT ( 'NONE',  ( -1.440750071144416333, -2.562065060924718640, 9.510800894373550918 ) ) ;
#1484 = CARTESIAN_POINT ( 'NONE',  ( 2.868035361279052342, -0.6436701875702743880, 9.510800894373550918 ) ) ;
#1485 = CARTESIAN_POINT ( 'NONE',  ( 0.000000000000000000, 0.000000000000000000, 9.449999999999999289 ) ) ;
#1486 = CARTESIAN_POINT ( 'NONE',  ( 1.499157810963796633, -2.598562267452185104, -9.750000000000001776 ) ) ;
#1487 = CARTESIAN_POINT ( 'NONE',  ( 2.427622409283261451, -1.762568988137978243, 9.449999999999999289 ) ) ;
#1488 = DIRECTION ( 'NONE',  ( 0.6156614753256858252, 0.7880107536067003648, 0.000000000000000000 ) ) ;
#1489 = DIRECTION ( 'NONE',  ( -0.000000000000000000, -0.000000000000000000, 1.000000000000000000 ) ) ;
#1490 = CARTESIAN_POINT ( 'NONE',  ( 1.823786171018172420, 2.227524565767249332, 9.571310031034848009 ) ) ;
#1491 = EDGE_CURVE ( 'NONE', #6437, #2367, #10656, .T. ) ;
#1492 = CARTESIAN_POINT ( 'NONE',  ( -0.3126183150084981266, -2.983667171304675847, -9.750000000000001776 ) ) ;
#1493 = DIRECTION ( 'NONE',  ( -0.000000000000000000, -0.000000000000000000, 1.000000000000000000 ) ) ;
#1494 = DIRECTION ( 'NONE',  ( -0.000000000000000000, 0.000000000000000000, -1.000000000000000000 ) ) ;
#1495 = EDGE_LOOP ( 'NONE', ( #1985, #7206, #7597, #9403 ) ) ;
#1496 = CARTESIAN_POINT ( 'NONE',  ( 2.440932748640444849, -1.409273179501349116, 9.631453640997325039 ) ) ;
#1497 = CARTESIAN_POINT ( 'NONE',  ( 2.818745138964460217, 1.026974119228050819, 8.077500000000000568 ) ) ;
#1498 = CARTESIAN_POINT ( 'NONE',  ( -2.613310677415295213, -1.055846049930789787, 8.077500000000002345 ) ) ;
#1499 = CARTESIAN_POINT ( 'NONE',  ( -1.338300807568880257, -0.7726683315065862034, -7.766666666666671937 ) ) ;
#1500 = CARTESIAN_POINT ( 'NONE',  ( 0.5199868932015627720, -2.954591956751149606, -9.750000000000001776 ) ) ;
#1501 = EDGE_CURVE ( 'NONE', #7994, #1648, #2870, .T. ) ;
#1502 = EDGE_LOOP ( 'NONE', ( #2033, #2186, #1162, #7827 ) ) ;
#1503 = VECTOR ( 'NONE', #5369, 1000.000000000000000 ) ;
#1504 = VERTEX_POINT ( 'NONE', #7859 ) ;
#1505 = B_SPLINE_CURVE_WITH_KNOTS ( 'NONE', 3,
 ( #50, #11441, #5185, #6165 ),
 .UNSPECIFIED., .F., .F.,
 ( 4, 4 ),
 ( 3.021976174287970136E-07, 0.0002759148428383535680 ),
 .UNSPECIFIED. ) ;
#1506 = CARTESIAN_POINT ( 'NONE',  ( 0.7808879898031604316, 1.514641496656386810, -9.535742225964797925 ) ) ;
#1507 = CARTESIAN_POINT ( 'NONE',  ( 2.353151076758508875, -4.808700099505280283E-16, -9.159375000000006040 ) ) ;
#1508 = CARTESIAN_POINT ( 'NONE',  ( -2.803106067138683599, 0.2946183195552181111, 9.750000000000001776 ) ) ;
#1509 = VECTOR ( 'NONE', #1494, 1000.000000000000000 ) ;
#1510 = CARTESIAN_POINT ( 'NONE',  ( -1.338300807568880035, 0.7726683315065867586, -7.883333333333337301 ) ) ;
#1511 = ORIENTED_EDGE ( 'NONE', *, *, #6926, .T. ) ;
#1512 = CARTESIAN_POINT ( 'NONE',  ( -2.883516910659394306, 0.8278467406116321037, 9.449999999999999289 ) ) ;
#1513 = CARTESIAN_POINT ( 'NONE',  ( -0.1966118550883898530, -2.811680521731787952, 9.631453640997325039 ) ) ;
#1514 = DIRECTION ( 'NONE',  ( -0.8660254037844384856, -0.5000000000000003331, 0.000000000000000000 ) ) ;
#1515 = CARTESIAN_POINT ( 'NONE',  ( 0.7768966656431298690, 2.709360653135685748, 8.077500000000002345 ) ) ;
#1516 = EDGE_CURVE ( 'NONE', #106, #4010, #8222, .T. ) ;
#1517 = PLANE ( 'NONE',  #2015 ) ;
#1518 = ORIENTED_EDGE ( 'NONE', *, *, #10899, .T. ) ;
#1519 = VERTEX_POINT ( 'NONE', #1672 ) ;
#1520 = VECTOR ( 'NONE', #5701, 1000.000000000000227 ) ;
#1521 = CARTESIAN_POINT ( 'NONE',  ( 0.000000000000000000, 0.000000000000000000, 8.077500000000002345 ) ) ;
#1522 = B_SPLINE_CURVE_WITH_KNOTS ( 'NONE', 3,
 ( #5271, #8777, #7068, #2617, #6197, #9717, #3790, #9136, #10137, #3098 ),
 .UNSPECIFIED., .F., .F.,
 ( 4, 2, 2, 2, 4 ),
 ( 0.0008014508268158197953, 0.001373029999384434586, 0.001944609171953049376, 0.002516188344521663733, 0.003087767517090278524 ),
 .UNSPECIFIED. ) ;
#1523 = VERTEX_POINT ( 'NONE', #9397 ) ;
#1524 = CARTESIAN_POINT ( 'NONE',  ( -1.764863307568881545, 1.018944305707787379, -6.811458333333336057 ) ) ;
#1525 = CARTESIAN_POINT ( 'NONE',  ( -1.298831058049645514E-14, -1.859999999999999876, 6.750000000000000888 ) ) ;
#1526 = DIRECTION ( 'NONE',  ( 0.7660444431189781245, 0.6427876096865392519, 0.000000000000000000 ) ) ;
#1527 = AXIS2_PLACEMENT_3D ( 'NONE', #3939, #9051, #6642 ) ;
#1528 = VERTEX_POINT ( 'NONE', #3430 ) ;
#1529 = CARTESIAN_POINT ( 'NONE',  ( 2.740240724291750141, 1.221098183166705597, -9.750000000000001776 ) ) ;
#1530 = ORIENTED_EDGE ( 'NONE', *, *, #5803, .T. ) ;
#1531 = ORIENTED_EDGE ( 'NONE', *, *, #8863, .T. ) ;
#1532 = CARTESIAN_POINT ( 'NONE',  ( 1.756660639798600876, -0.2420314118553351102, -6.581660639798573520 ) ) ;
#1533 = DIRECTION ( 'NONE',  ( -0.5591929034707565638, -0.8290375725550350738, 0.000000000000000000 ) ) ;
#1534 = ORIENTED_EDGE ( 'NONE', *, *, #6536, .T. ) ;
#1535 = VECTOR ( 'NONE', #4818, 1000.000000000000000 ) ;
#1536 = DIRECTION ( 'NONE',  ( -0.8290375725550361841, 0.5591929034707550095, 0.000000000000000000 ) ) ;
#1537 = DIRECTION ( 'NONE',  ( -0.1736481776669389909, -0.9848077530122065770, 0.000000000000000000 ) ) ;
#1538 = CARTESIAN_POINT ( 'NONE',  ( 0.8922005383792542821, 1.545336663013172851, -6.570833333333337301 ) ) ;
#1539 = CARTESIAN_POINT ( 'NONE',  ( 2.648386132258324643, 1.409273179501331796, 9.449999999999999289 ) ) ;
#1540 = ORIENTED_EDGE ( 'NONE', *, *, #8120, .T. ) ;
#1541 = CARTESIAN_POINT ( 'NONE',  ( 1.315987345267958464, -2.695955731664485988, 8.077500000000000568 ) ) ;
#1542 = DIRECTION ( 'NONE',  ( -0.000000000000000000, -0.000000000000000000, 1.000000000000000000 ) ) ;
#1543 = CARTESIAN_POINT ( 'NONE',  ( -2.298758245762852592, 1.927617837523115885, 9.449999999999999289 ) ) ;
#1544 = DIRECTION ( 'NONE',  ( -0.2079116908177645884, -0.9781476007338045786, 0.000000000000000000 ) ) ;
#1545 = VECTOR ( 'NONE', #2595, 1000.000000000000000 ) ;
#1546 = AXIS2_PLACEMENT_3D ( 'NONE', #7569, #7204, #9582 ) ;
#1547 = ADVANCED_FACE ( 'NONE', ( #2558 ), #6138, .T. ) ;
#1548 = EDGE_CURVE ( 'NONE', #8359, #3517, #11468, .T. ) ;
#1549 = LINE ( 'NONE', #6818, #6085 ) ;
#1550 = ADVANCED_FACE ( 'NONE', ( #11138 ), #7475, .F. ) ;
#1551 = CARTESIAN_POINT ( 'NONE',  ( -0.7248221475198701746, 2.911122267178876566, 8.077500000000000568 ) ) ;
#1552 = CIRCLE ( 'NONE', #6794, 3.000000000000000000 ) ;
#1553 = LINE ( 'NONE', #10300, #6055 ) ;
#1554 = DIRECTION ( 'NONE',  ( -1.000000000000000000, 0.000000000000000000, 0.000000000000000000 ) ) ;
#1555 = CARTESIAN_POINT ( 'NONE',  ( 0.3145524316524107022, 2.983463887453902785, 8.077500000000000568 ) ) ;
#1556 = CARTESIAN_POINT ( 'NONE',  ( 1.732050807568883855, 1.000000000000001776, -9.079166666666674601 ) ) ;
#1557 = CARTESIAN_POINT ( 'NONE',  ( 0.1571845235116775819, 1.063950011417340802, 9.659249473037188949 ) ) ;
#1558 = CARTESIAN_POINT ( 'NONE',  ( 1.784401076758506788, -3.763923298982691022E-16, -8.875000000000003553 ) ) ;
#1559 = EDGE_CURVE ( 'NONE', #663, #308, #2485, .T. ) ;
#1560 = DIRECTION ( 'NONE',  ( -0.000000000000000000, -0.000000000000000000, 1.000000000000000000 ) ) ;
#1561 = VERTEX_POINT ( 'NONE', #2060 ) ;
#1562 = CIRCLE ( 'NONE', #2886, 2.999999999999999556 ) ;
#1563 = VERTEX_POINT ( 'NONE', #5816 ) ;
#1564 = CARTESIAN_POINT ( 'NONE',  ( 1.622090902952981084, 0.2266264964867190090, -9.602909097044564746 ) ) ;
#1565 = CARTESIAN_POINT ( 'NONE',  ( -0.7267091498297494345, -2.910651784661593577, -9.750000000000001776 ) ) ;
#1566 = CIRCLE ( 'NONE', #5713, 3.000000000000000000 ) ;
#1567 = CARTESIAN_POINT ( 'NONE',  ( 0.7692737474970799960, -1.825780288188491252, -9.252716784435531139 ) ) ;
#1568 = AXIS2_PLACEMENT_3D ( 'NONE', #1068, #7380, #9093 ) ;
#1569 = DIRECTION ( 'NONE',  ( -1.000000000000000000, 0.000000000000000000, 0.000000000000000000 ) ) ;
#1570 = ORIENTED_EDGE ( 'NONE', *, *, #10234, .T. ) ;
#1571 = FACE_OUTER_BOUND ( 'NONE', #2922, .T. ) ;
#1572 = PLANE ( 'NONE',  #6070 ) ;
#1573 = EDGE_CURVE ( 'NONE', #3709, #1878, #3109, .T. ) ;
#1574 = CARTESIAN_POINT ( 'NONE',  ( 1.146406084414269833, 2.574870223421984683, 8.077500000000002345 ) ) ;
#1575 = VERTEX_POINT ( 'NONE', #6622 ) ;
#1576 = ORIENTED_EDGE ( 'NONE', *, *, #1198, .F. ) ;
#1577 = ORIENTED_EDGE ( 'NONE', *, *, #9469, .T. ) ;
#1578 = VECTOR ( 'NONE', #7015, 1000.000000000000000 ) ;
#1579 = PLANE ( 'NONE',  #9965 ) ;
#1580 = VECTOR ( 'NONE', #7288, 1000.000000000000000 ) ;
#1581 = CARTESIAN_POINT ( 'NONE',  ( 0.000000000000000000, 0.000000000000000000, 8.077500000000000568 ) ) ;
#1582 = CARTESIAN_POINT ( 'NONE',  ( 2.905949133825052488, -0.4420382059678181763, 9.510800894373550918 ) ) ;
#1583 = VECTOR ( 'NONE', #10731, 1000.000000000000000 ) ;
#1584 = ORIENTED_EDGE ( 'NONE', *, *, #4853, .F. ) ;
#1585 = PLANE ( 'NONE',  #2692 ) ;
#1586 = EDGE_CURVE ( 'NONE', #9265, #3810, #4871, .T. ) ;
#1587 = DIRECTION ( 'NONE',  ( -1.000000000000000000, 0.000000000000000000, 0.000000000000000000 ) ) ;
#1588 = CARTESIAN_POINT ( 'NONE',  ( 0.000000000000000000, 2.037888611415574314, -7.628125000000003375 ) ) ;
#1589 = CARTESIAN_POINT ( 'NONE',  ( -1.892491597964134370E-16, -1.545336663013173073, -6.162500000000004086 ) ) ;
#1590 = VECTOR ( 'NONE', #2792, 1000.000000000000114 ) ;
#1591 = CARTESIAN_POINT ( 'NONE',  ( -2.157343812172612729, -2.084674477245918034, 8.077500000000000568 ) ) ;
#1592 = CIRCLE ( 'NONE', #3444, 3.000000000000000888 ) ;
#1593 = ORIENTED_EDGE ( 'NONE', *, *, #1196, .F. ) ;
#1594 = DIRECTION ( 'NONE',  ( 1.000000000000000000, 0.000000000000000000, 0.000000000000000000 ) ) ;
#1595 = ORIENTED_EDGE ( 'NONE', *, *, #1586, .F. ) ;
#1596 = VERTEX_POINT ( 'NONE', #11073 ) ;
#1597 = CARTESIAN_POINT ( 'NONE',  ( -2.449293598294714303E-16, -2.000000000000006661, -8.612500000000007816 ) ) ;
#1598 = LINE ( 'NONE', #4284, #659 ) ;
#1599 = CC_DESIGN_APPROVAL ( #10506, ( #4113 ) ) ;
#1600 = ORIENTED_EDGE ( 'NONE', *, *, #10675, .F. ) ;
#1601 = CARTESIAN_POINT ( 'NONE',  ( -2.533292686689810669, -1.235569399674157909, 9.750000000000001776 ) ) ;
#1602 = EDGE_CURVE ( 'NONE', #8775, #10107, #5048, .T. ) ;
#1603 = CARTESIAN_POINT ( 'NONE',  ( 0.000000000000000000, 0.000000000000000000, 8.077500000000000568 ) ) ;
#1604 = CARTESIAN_POINT ( 'NONE',  ( 0.8922005383792542821, 1.545336663013172851, -8.670833333333336057 ) ) ;
#1605 = CARTESIAN_POINT ( 'NONE',  ( -2.734823486451073205, -0.6818680780054423574, 9.750000000000001776 ) ) ;
#1606 = VERTEX_POINT ( 'NONE', #4930 ) ;
#1607 = LINE ( 'NONE', #7566, #6491 ) ;
#1608 = CARTESIAN_POINT ( 'NONE',  ( -2.000000000000003553, -1.103942166888326870E-15, -8.875000000000003553 ) ) ;
#1609 = DIRECTION ( 'NONE',  ( 1.000000000000000000, 0.000000000000000000, 0.000000000000000000 ) ) ;
#1610 = CARTESIAN_POINT ( 'NONE',  ( 0.1037266918089348039, -2.998206259316789080, 9.449999999999999289 ) ) ;
#1611 = LINE ( 'NONE', #3250, #837 ) ;
#1612 = DIRECTION ( 'NONE',  ( 0.000000000000000000, -0.000000000000000000, -1.000000000000000000 ) ) ;
#1613 = ADVANCED_FACE ( 'NONE', ( #1682 ), #5103, .T. ) ;
#1614 = CARTESIAN_POINT ( 'NONE',  ( -1.314239397301729451, -2.696808262850732607, 8.077500000000000568 ) ) ;
#1615 = ORIENTED_EDGE ( 'NONE', *, *, #5537, .F. ) ;
#1616 = CARTESIAN_POINT ( 'NONE',  ( 2.008114336621342311, 2.228783706656126906, 9.449999999999999289 ) ) ;
#1617 = ADVANCED_FACE ( 'NONE', ( #2512 ), #9544, .T. ) ;
#1618 = AXIS2_PLACEMENT_3D ( 'NONE', #5736, #128, #8643 ) ;
#1619 = CARTESIAN_POINT ( 'NONE',  ( -0.8922005383792538380, -1.545336663013172851, -7.708333333333336590 ) ) ;
#1620 = CARTESIAN_POINT ( 'NONE',  ( -2.427622409283285876, -1.762568988137944270, 9.449999999999999289 ) ) ;
#1621 = ORIENTED_EDGE ( 'NONE', *, *, #7466, .T. ) ;
#1622 = AXIS2_PLACEMENT_3D ( 'NONE', #1470, #5063, #2245 ) ;
#1623 = CARTESIAN_POINT ( 'NONE',  ( -1.833581668493418082, -9.005843993036349382E-16, -9.391418331506589112 ) ) ;
#1624 = ADVANCED_FACE ( 'NONE', ( #5211 ), #1457, .T. ) ;
#1625 = EDGE_CURVE ( 'NONE', #3255, #8733, #7107, .T. ) ;
#1626 = CARTESIAN_POINT ( 'NONE',  ( 1.732050807568880968, 1.000000000000000222, -7.766666666666670160 ) ) ;
#1627 = CARTESIAN_POINT ( 'NONE',  ( 1.656699982724407327, -2.280251903866804764, 8.077500000000002345 ) ) ;
#1628 = LINE ( 'NONE', #9664, #8430 ) ;
#1629 = ORIENTED_EDGE ( 'NONE', *, *, #8325, .T. ) ;
#1630 = CARTESIAN_POINT ( 'NONE',  ( -2.936231475081710673, 0.6241152666106966063, 9.750000000000001776 ) ) ;
#1631 = CARTESIAN_POINT ( 'NONE',  ( 1.696198531443914304, 0.3909731475545444868, -6.554728081961363806 ) ) ;
#1632 = ORIENTED_EDGE ( 'NONE', *, *, #6345, .T. ) ;
#1633 = ORIENTED_EDGE ( 'NONE', *, *, #327, .F. ) ;
#1634 = DIRECTION ( 'NONE',  ( 0.1736481776669190069, -0.9848077530122100187, 0.000000000000000000 ) ) ;
#1635 = CARTESIAN_POINT ( 'NONE',  ( 0.8922005383792542821, 1.545336663013172851, -8.758333333333338189 ) ) ;
#1636 = ORIENTED_EDGE ( 'NONE', *, *, #5794, .F. ) ;
#1637 = LINE ( 'NONE', #8789, #6918 ) ;
#1638 = CARTESIAN_POINT ( 'NONE',  ( -2.353151076758508875, 9.548577686196303386E-17, -7.453125000000002665 ) ) ;
#1639 = VERTEX_POINT ( 'NONE', #4319 ) ;
#1640 = DIRECTION ( 'NONE',  ( 0.000000000000000000, 0.000000000000000000, -1.000000000000000000 ) ) ;
#1641 = B_SPLINE_CURVE_WITH_KNOTS ( 'NONE', 3,
 ( #1735, #5330, #11529, #865 ),
 .UNSPECIFIED., .F., .F.,
 ( 4, 4 ),
 ( 3.054997924345648165E-07, 0.0002759181450133579264 ),
 .UNSPECIFIED. ) ;
#1642 = EDGE_LOOP ( 'NONE', ( #7411, #1956, #8247, #6348 ) ) ;
#1643 = DIRECTION ( 'NONE',  ( 0.8290375725550400698, -0.5591929034707492363, 0.000000000000000000 ) ) ;
#1644 = ORIENTED_EDGE ( 'NONE', *, *, #5888, .F. ) ;
#1645 = VERTEX_POINT ( 'NONE', #4217 ) ;
#1646 = EDGE_CURVE ( 'NONE', #2179, #3745, #9589, .T. ) ;
#1647 = DIRECTION ( 'NONE',  ( 0.9612616959383191162, 0.2756373558169982751, 0.000000000000000000 ) ) ;
#1648 = VERTEX_POINT ( 'NONE', #2864 ) ;
#1649 = FACE_OUTER_BOUND ( 'NONE', #7725, .T. ) ;
#1650 = CARTESIAN_POINT ( 'NONE',  ( -2.297508171510934005, -1.929107618003849556, 8.077500000000000568 ) ) ;
#1651 = CARTESIAN_POINT ( 'NONE',  ( 2.000000000000003553, 4.241462009623571877E-15, -7.125000000000003553 ) ) ;
#1652 = DIRECTION ( 'NONE',  ( 0.000000000000000000, -0.000000000000000000, -1.000000000000000000 ) ) ;
#1653 = EDGE_LOOP ( 'NONE', ( #10848, #127, #3343 ) ) ;
#1654 = CARTESIAN_POINT ( 'NONE',  ( 2.775726306570163615, -0.4894354389105865510, 8.077500000000002345 ) ) ;
#1655 = CARTESIAN_POINT ( 'NONE',  ( 0.000000000000000000, 0.000000000000000000, 8.077500000000000568 ) ) ;
#1656 = EDGE_CURVE ( 'NONE', #9681, #10927, #7123, .T. ) ;
#1657 = CARTESIAN_POINT ( 'NONE',  ( 2.775726306570166724, 0.4894354389105677883, 8.077500000000002345 ) ) ;
#1658 = ORIENTED_EDGE ( 'NONE', *, *, #5894, .F. ) ;
#1659 = PLANE ( 'NONE',  #7159 ) ;
#1660 = CARTESIAN_POINT ( 'NONE',  ( 0.7248221475198892705, -2.911122267178871681, 9.449999999999999289 ) ) ;
#1661 = ORIENTED_EDGE ( 'NONE', *, *, #6162, .T. ) ;
#1662 = DIRECTION ( 'NONE',  ( 0.000000000000000000, 0.000000000000000000, -1.000000000000000000 ) ) ;
#1663 = CARTESIAN_POINT ( 'NONE',  ( -2.834509767352931142, -0.7781340004746289951, 9.510800894373550918 ) ) ;
#1664 = ORIENTED_EDGE ( 'NONE', *, *, #1401, .F. ) ;
#1665 = CARTESIAN_POINT ( 'NONE',  ( 1.338300807568880924, 0.7726683315065854263, -6.716666666666671226 ) ) ;
#1666 = CARTESIAN_POINT ( 'NONE',  ( 0.5860087391484868347, 2.756954358615470557, 8.077500000000002345 ) ) ;
#1667 = ORIENTED_EDGE ( 'NONE', *, *, #5582, .F. ) ;
#1668 = EDGE_CURVE ( 'NONE', #455, #6604, #10784, .T. ) ;
#1669 = DIRECTION ( 'NONE',  ( -0.000000000000000000, -0.000000000000000000, -1.000000000000000000 ) ) ;
#1670 = CARTESIAN_POINT ( 'NONE',  ( 1.146406084414252069, -2.574870223421992677, 9.750000000000001776 ) ) ;
#1671 = EDGE_LOOP ( 'NONE', ( #389, #3690, #492, #7419 ) ) ;
#1672 = CARTESIAN_POINT ( 'NONE',  ( 2.970939380026130561, 0.4165563589839370584, 8.077500000000000568 ) ) ;
#1673 = LINE ( 'NONE', #17, #11479 ) ;
#1674 = CIRCLE ( 'NONE', #11344, 3.000000000000000000 ) ;
#1675 = CARTESIAN_POINT ( 'NONE',  ( -0.8686817348990731880, -1.713020692194778816, -9.313396094454729379 ) ) ;
#1676 = ORIENTED_EDGE ( 'NONE', *, *, #7957, .T. ) ;
#1677 = DIRECTION ( 'NONE',  ( -0.000000000000000000, -0.000000000000000000, -1.000000000000000000 ) ) ;
#1678 = CARTESIAN_POINT ( 'NONE',  ( -1.338300807568880035, 0.7726683315065867586, -6.483333333333338722 ) ) ;
#1679 = VECTOR ( 'NONE', #5676, 1000.000000000000000 ) ;
#1680 = ORIENTED_EDGE ( 'NONE', *, *, #6244, .T. ) ;
#1681 = FACE_OUTER_BOUND ( 'NONE', #446, .T. ) ;
#1682 = FACE_OUTER_BOUND ( 'NONE', #8356, .T. ) ;
#1683 = DIRECTION ( 'NONE',  ( -0.000000000000000000, -0.000000000000000000, 1.000000000000000000 ) ) ;
#1684 = CARTESIAN_POINT ( 'NONE',  ( 0.1966118550883507454, -2.811680521731791060, 8.077500000000002345 ) ) ;
#1685 = ORIENTED_EDGE ( 'NONE', *, *, #9634, .F. ) ;
#1686 = EDGE_CURVE ( 'NONE', #8977, #10215, #2431, .T. ) ;
#1687 = EDGE_CURVE ( 'NONE', #5861, #4464, #1919, .T. ) ;
#1688 = ORIENTED_EDGE ( 'NONE', *, *, #2605, .T. ) ;
#1689 = PLANE ( 'NONE',  #9410 ) ;
#1690 = CARTESIAN_POINT ( 'NONE',  ( -2.775726306570160062, 0.4894354389106045367, 9.631453640997325039 ) ) ;
#1691 = EDGE_CURVE ( 'NONE', #9228, #820, #8901, .T. ) ;
#1692 = VECTOR ( 'NONE', #6231, 1000.000000000000000 ) ;
#1693 = VERTEX_POINT ( 'NONE', #3725 ) ;
#1694 = LINE ( 'NONE', #8728, #10697 ) ;
#1695 = FACE_OUTER_BOUND ( 'NONE', #2578, .T. ) ;
#1696 = VERTEX_POINT ( 'NONE', #4684 ) ;
#1697 = ORIENTED_EDGE ( 'NONE', *, *, #1573, .F. ) ;
#1698 = CARTESIAN_POINT ( 'NONE',  ( -2.094588142060965996, 1.885975634250037558, 8.077500000000002345 ) ) ;
#1699 = CARTESIAN_POINT ( 'NONE',  ( 2.883516910659405408, 0.8278467406115945781, 9.449999999999999289 ) ) ;
#1700 = ORIENTED_EDGE ( 'NONE', *, *, #4919, .T. ) ;
#1701 = AXIS2_PLACEMENT_3D ( 'NONE', #2280, #11240, #11179 ) ;
#1702 = VERTEX_POINT ( 'NONE', #10957 ) ;
#1703 = ADVANCED_FACE ( 'NONE', ( #8216 ), #3789, .T. ) ;
#1704 = CARTESIAN_POINT ( 'NONE',  ( -2.885542882574268830, -0.8274161069873120500, 9.750000000000001776 ) ) ;
#1705 = DIRECTION ( 'NONE',  ( -0.000000000000000000, -0.000000000000000000, 1.000000000000000000 ) ) ;
#1706 = VERTEX_POINT ( 'NONE', #3907 ) ;
#1707 = CARTESIAN_POINT ( 'NONE',  ( -1.676772478465683225, 2.487656337893167979, -9.750000000000001776 ) ) ;
#1708 = CARTESIAN_POINT ( 'NONE',  ( -2.648386132258304659, 1.409273179501368878, -9.750000000000001776 ) ) ;
#1709 = AXIS2_PLACEMENT_3D ( 'NONE', #1073, #5722, #10047 ) ;
#1710 = DIRECTION ( 'NONE',  ( 0.000000000000000000, 0.000000000000000000, -1.000000000000000000 ) ) ;
#1711 = EDGE_CURVE ( 'NONE', #4648, #4384, #3927, .T. ) ;
#1712 = CARTESIAN_POINT ( 'NONE',  ( -1.720143758677556090, 2.308498892825454174, 9.571310031034848009 ) ) ;
#1713 = ORIENTED_EDGE ( 'NONE', *, *, #816, .F. ) ;
#1714 = EDGE_CURVE ( 'NONE', #3810, #2741, #1674, .T. ) ;
#1715 = LINE ( 'NONE', #5374, #3463 ) ;
#1716 = VECTOR ( 'NONE', #371, 1000.000000000000000 ) ;
#1717 = PLANE ( 'NONE',  #1772 ) ;
#1718 = LINE ( 'NONE', #8701, #9537 ) ;
#1719 = EDGE_CURVE ( 'NONE', #1161, #3883, #3097, .T. ) ;
#1720 = ADVANCED_FACE ( 'NONE', ( #5630 ), #203, .F. ) ;
#1721 = VECTOR ( 'NONE', #9220, 1000.000000000000000 ) ;
#1722 = EDGE_LOOP ( 'NONE', ( #749, #9389, #8939, #7381 ) ) ;
#1723 = DIRECTION ( 'NONE',  ( -0.4383711467890752389, 0.8987940462991680368, 0.000000000000000000 ) ) ;
#1724 = DIRECTION ( 'NONE',  ( -0.000000000000000000, -0.000000000000000000, -1.000000000000000000 ) ) ;
#1725 = CARTESIAN_POINT ( 'NONE',  ( -0.8922005383792539490, -1.545336663013172851, -9.720833333333338544 ) ) ;
#1726 = CARTESIAN_POINT ( 'NONE',  ( -2.939999999999999947, 0.000000000000000000, 6.749999999999999112 ) ) ;
#1727 = VERTEX_POINT ( 'NONE', #2436 ) ;
#1728 = CIRCLE ( 'NONE', #9929, 3.000000000000000444 ) ;
#1729 = TOROIDAL_SURFACE ( 'NONE', #3981, 1.919999999999992601, 0.08000000000000009881 ) ;
#1730 = VECTOR ( 'NONE', #4795, 1000.000000000000227 ) ;
#1731 = CARTESIAN_POINT ( 'NONE',  ( 1.154700538379254349, 2.000000000000002665, -7.708333333333335702 ) ) ;
#1732 = CARTESIAN_POINT ( 'NONE',  ( -1.469230260914982988, -0.4951577900280737521, -6.370336663013144829 ) ) ;
#1733 = CARTESIAN_POINT ( 'NONE',  ( 0.000000000000000000, 0.000000000000000000, 9.449999999999999289 ) ) ;
#1734 = EDGE_CURVE ( 'NONE', #5809, #1168, #6429, .T. ) ;
#1735 = CARTESIAN_POINT ( 'NONE',  ( -1.493602012769896792, -2.390262873680833344, 9.631453640997325039 ) ) ;
#1736 = ORIENTED_EDGE ( 'NONE', *, *, #10385, .F. ) ;
#1737 = DIRECTION ( 'NONE',  ( -0.000000000000000000, -0.000000000000000000, -1.000000000000000000 ) ) ;
#1738 = VERTEX_POINT ( 'NONE', #2390 ) ;
#1739 = CIRCLE ( 'NONE', #8270, 3.000000000000000000 ) ;
#1740 = DIRECTION ( 'NONE',  ( 0.7660444431189824543, 0.6427876096865341449, 0.000000000000000000 ) ) ;
#1741 = CARTESIAN_POINT ( 'NONE',  ( 0.000000000000000000, 0.000000000000000000, 8.077500000000002345 ) ) ;
#1742 = ORIENTED_EDGE ( 'NONE', *, *, #1374, .F. ) ;
#1743 = EDGE_LOOP ( 'NONE', ( #8546, #97, #1685, #8237 ) ) ;
#1744 = ORIENTED_EDGE ( 'NONE', *, *, #5673, .T. ) ;
#1745 = DIRECTION ( 'NONE',  ( -0.2419218955996635390, 0.9702957262759974721, 0.000000000000000000 ) ) ;
#1746 = CARTESIAN_POINT ( 'NONE',  ( 1.784401076758506788, -3.763923298982691022E-16, -8.175000000000006040 ) ) ;
#1747 = AXIS2_PLACEMENT_3D ( 'NONE', #8530, #2418, #6913 ) ;
#1748 = VECTOR ( 'NONE', #4829, 1000.000000000000000 ) ;
#1749 = CARTESIAN_POINT ( 'NONE',  ( 2.367124769107276094, 1.638530444078633019, 9.571310031034848009 ) ) ;
#1750 = CARTESIAN_POINT ( 'NONE',  ( -2.929705414296039478, 0.2382526586594311269, 9.510800894373550918 ) ) ;
#1751 = CARTESIAN_POINT ( 'NONE',  ( -0.9639996296761568217, -2.648567214897797673, 9.631453640997325039 ) ) ;
#1752 = CARTESIAN_POINT ( 'NONE',  ( -2.495693764988927099E-16, -2.037888611415574314, -8.678125000000001421 ) ) ;
#1753 = CARTESIAN_POINT ( 'NONE',  ( 1.784401076758506788, -3.763923298982691022E-16, -9.575000000000004619 ) ) ;
#1754 = EDGE_CURVE ( 'NONE', #725, #10743, #9873, .T. ) ;
#1755 = EDGE_CURVE ( 'NONE', #5065, #9415, #507, .T. ) ;
#1756 = EDGE_LOOP ( 'NONE', ( #5529, #7436, #2823 ) ) ;
#1757 = FACE_OUTER_BOUND ( 'NONE', #3172, .T. ) ;
#1758 = PLANE ( 'NONE',  #2464 ) ;
#1759 = ORIENTED_EDGE ( 'NONE', *, *, #5813, .T. ) ;
#1760 = CARTESIAN_POINT ( 'NONE',  ( -1.498438393337111485, 2.528758692577668388, 9.510800894373550918 ) ) ;
#1761 = ADVANCED_FACE ( 'NONE', ( #8598 ), #7746, .T. ) ;
#1762 = VECTOR ( 'NONE', #4184, 999.9999999999998863 ) ;
#1763 = CARTESIAN_POINT ( 'NONE',  ( 0.000000000000000000, 0.000000000000000000, 9.449999999999999289 ) ) ;
#1764 = ORIENTED_EDGE ( 'NONE', *, *, #10200, .F. ) ;
#1765 = AXIS2_PLACEMENT_3D ( 'NONE', #3750, #2827, #10925 ) ;
#1766 = ORIENTED_EDGE ( 'NONE', *, *, #11224, .T. ) ;
#1767 = PLANE ( 'NONE',  #9418 ) ;
#1768 = VECTOR ( 'NONE', #1683, 1000.000000000000000 ) ;
#1769 = ORIENTED_EDGE ( 'NONE', *, *, #7050, .F. ) ;
#1770 = FACE_OUTER_BOUND ( 'NONE', #10977, .T. ) ;
#1771 = AXIS2_PLACEMENT_3D ( 'NONE', #3148, #1560, #11288 ) ;
#1772 = AXIS2_PLACEMENT_3D ( 'NONE', #2655, #781, #9758 ) ;
#1773 = ADVANCED_FACE ( 'NONE', ( #4435 ), #10715, .T. ) ;
#1774 = LINE ( 'NONE', #3755, #9321 ) ;
#1775 = EDGE_CURVE ( 'NONE', #220, #8846, #8482, .T. ) ;
#1776 = ORIENTED_EDGE ( 'NONE', *, *, #8060, .F. ) ;
#1777 = CARTESIAN_POINT ( 'NONE',  ( 2.803106067138688040, 0.2946183195551809186, 8.077500000000002345 ) ) ;
#1778 = DIRECTION ( 'NONE',  ( 0.8480480961564216269, -0.5299192642332118952, 0.000000000000000000 ) ) ;
#1779 = DIRECTION ( 'NONE',  ( -1.000000000000000000, 0.000000000000000000, 0.000000000000000000 ) ) ;
#1780 = AXIS2_PLACEMENT_3D ( 'NONE', #6184, #5256, #4372 ) ;
#1781 = VERTEX_POINT ( 'NONE', #6311 ) ;
#1782 = CIRCLE ( 'NONE', #2527, 3.000000000000000444 ) ;
#1783 = PLANE ( 'NONE',  #3833 ) ;
#1784 = AXIS2_PLACEMENT_3D ( 'NONE', #10658, #737, #1801 ) ;
#1785 = CARTESIAN_POINT ( 'NONE',  ( -1.338300807568880035, 0.7726683315065867586, -8.495833333333337123 ) ) ;
#1786 = EDGE_CURVE ( 'NONE', #11186, #7943, #789, .T. ) ;
#1787 = PLANE ( 'NONE',  #8790 ) ;
#1788 = VECTOR ( 'NONE', #3191, 1000.000000000000000 ) ;
#1789 = EDGE_CURVE ( 'NONE', #7994, #7785, #6181, .T. ) ;
#1790 = ORIENTED_EDGE ( 'NONE', *, *, #7654, .F. ) ;
#1791 = PLANE ( 'NONE',  #8563 ) ;
#1792 = ORIENTED_EDGE ( 'NONE', *, *, #10380, .F. ) ;
#1793 = CARTESIAN_POINT ( 'NONE',  ( -1.835790882723965067, -2.295606669013962708, 9.510800894373550918 ) ) ;
#1794 = LINE ( 'NONE', #1666, #4978 ) ;
#1795 = ORIENTED_EDGE ( 'NONE', *, *, #137, .T. ) ;
#1796 = CARTESIAN_POINT ( 'NONE',  ( 2.297508171510921127, 1.929107618003865099, 9.449999999999999289 ) ) ;
#1797 = EDGE_CURVE ( 'NONE', #2499, #5809, #7830, .T. ) ;
#1798 = ORIENTED_EDGE ( 'NONE', *, *, #4676, .F. ) ;
#1799 = FACE_OUTER_BOUND ( 'NONE', #2547, .T. ) ;
#1800 = CARTESIAN_POINT ( 'NONE',  ( -1.529879591533806371, -0.2515695371505676237, -6.370336663013147493 ) ) ;
#1801 = DIRECTION ( 'NONE',  ( -0.7660444431189857850, -0.6427876096865299260, 0.000000000000000000 ) ) ;
#1802 = VERTEX_POINT ( 'NONE', #9770 ) ;
#1803 = DIRECTION ( 'NONE',  ( -0.7193398003386500816, 0.6946583704589984753, 0.000000000000000000 ) ) ;
#1804 = VERTEX_POINT ( 'NONE', #4847 ) ;
#1805 = CARTESIAN_POINT ( 'NONE',  ( 0.000000000000000000, 0.000000000000000000, 9.449999999999999289 ) ) ;
#1806 = CARTESIAN_POINT ( 'NONE',  ( 0.000000000000000000, 0.000000000000000000, 9.449999999999999289 ) ) ;
#1807 = LINE ( 'NONE', #9666, #4779 ) ;
#1808 = CARTESIAN_POINT ( 'NONE',  ( 2.734823486451069208, 0.6818680780054610091, 8.077500000000002345 ) ) ;
#1809 = CARTESIAN_POINT ( 'NONE',  ( -2.934644818296870294, -0.6227839034876626600, 9.449999999999999289 ) ) ;
#1810 = ORIENTED_EDGE ( 'NONE', *, *, #6839, .F. ) ;
#1811 = VECTOR ( 'NONE', #358, 1000.000000000000000 ) ;
#1812 = ORIENTED_EDGE ( 'NONE', *, *, #9936, .T. ) ;
#1813 = ORIENTED_EDGE ( 'NONE', *, *, #3989, .T. ) ;
#1814 = EDGE_CURVE ( 'NONE', #8162, #9133, #10620, .T. ) ;
#1815 = DIRECTION ( 'NONE',  ( -0.5877852522924648104, 0.8090169943749534465, 0.000000000000000000 ) ) ;
#1816 = DIRECTION ( 'NONE',  ( 0.000000000000000000, -0.000000000000000000, -1.000000000000000000 ) ) ;
#1817 = CARTESIAN_POINT ( 'NONE',  ( -2.221044840433196388, -1.735270409657329482, 9.631453640997325039 ) ) ;
#1818 = ORIENTED_EDGE ( 'NONE', *, *, #3129, .F. ) ;
#1819 = CARTESIAN_POINT ( 'NONE',  ( -2.868035361279048345, 0.6436701875702932618, 9.510800894373550918 ) ) ;
#1820 = CARTESIAN_POINT ( 'NONE',  ( 1.764863307568881101, -1.018944305707788045, -5.761458333333335347 ) ) ;
#1821 = ORIENTED_EDGE ( 'NONE', *, *, #7710, .T. ) ;
#1822 = ORIENTED_EDGE ( 'NONE', *, *, #4675, .T. ) ;
#1823 = CARTESIAN_POINT ( 'NONE',  ( 2.680596881209476035, 0.8709787243654514288, 9.631453640997325039 ) ) ;
#1824 = DIRECTION ( 'NONE',  ( 0.6156614753256620665, 0.7880107536067189056, 0.000000000000000000 ) ) ;
#1825 = DIRECTION ( 'NONE',  ( -0.000000000000000000, -0.000000000000000000, 1.000000000000000000 ) ) ;
#1826 = ORIENTED_EDGE ( 'NONE', *, *, #2000, .T. ) ;
#1827 = ORIENTED_EDGE ( 'NONE', *, *, #971, .F. ) ;
#1828 = APPROVAL_ROLE ( '' ) ;
#1829 = EDGE_CURVE ( 'NONE', #8972, #6526, #2034, .T. ) ;
#1830 = EDGE_CURVE ( 'NONE', #7818, #3336, #1314, .T. ) ;
#1831 = DIRECTION ( 'NONE',  ( -0.000000000000000000, -0.000000000000000000, -1.000000000000000000 ) ) ;
#1832 = EDGE_LOOP ( 'NONE', ( #3346, #8582, #3149 ) ) ;
#1833 = ORIENTED_EDGE ( 'NONE', *, *, #8953, .F. ) ;
#1834 = CARTESIAN_POINT ( 'NONE',  ( 0.5199868932015825340, 2.954591956751146498, 9.449999999999999289 ) ) ;
#1835 = CARTESIAN_POINT ( 'NONE',  ( -1.338300807568880257, -0.7726683315065862034, -8.379166666666669983 ) ) ;
#1836 = EDGE_LOOP ( 'NONE', ( #4637, #11526, #2668 ) ) ;
#1837 = CARTESIAN_POINT ( 'NONE',  ( 0.000000000000000000, 0.000000000000000000, 8.077500000000002345 ) ) ;
#1838 = EDGE_LOOP ( 'NONE', ( #3665, #5915, #10326 ) ) ;
#1839 = CARTESIAN_POINT ( 'NONE',  ( 0.000000000000000000, 0.000000000000000000, 6.749999999999999112 ) ) ;
#1840 = ADVANCED_FACE ( 'NONE', ( #2910 ), #6485, .T. ) ;
#1841 = ADVANCED_FACE ( 'NONE', ( #10059 ), #2847, .T. ) ;
#1842 = FACE_OUTER_BOUND ( 'NONE', #2949, .T. ) ;
#1843 = B_SPLINE_CURVE_WITH_KNOTS ( 'NONE', 3,
 ( #9598, #10366, #10250, #678 ),
 .UNSPECIFIED., .F., .F.,
 ( 4, 4 ),
 ( 3.054997924341026012E-07, 0.0002759181450133576553 ),
 .UNSPECIFIED. ) ;
#1844 = CARTESIAN_POINT ( 'NONE',  ( 0.8922005383792529498, -1.545336663013173517, -8.204166666666671048 ) ) ;
#1845 = DIRECTION ( 'NONE',  ( 0.000000000000000000, -0.000000000000000000, 1.000000000000000000 ) ) ;
#1846 = DIRECTION ( 'NONE',  ( -0.000000000000000000, -0.000000000000000000, 1.000000000000000000 ) ) ;
#1847 = VERTEX_POINT ( 'NONE', #5620 ) ;
#1848 = DIRECTION ( 'NONE',  ( 0.9396926207858901092, -0.3420201433257191170, 0.000000000000000000 ) ) ;
#1849 = B_SPLINE_CURVE_WITH_KNOTS ( 'NONE', 3,
 ( #8181, #230, #4770, #3816, #11024, #7263, #8306, #8357 ),
 .UNSPECIFIED., .F., .F.,
 ( 4, 2, 2, 4 ),
 ( 2.544396950731918517E-07, 0.0002984430161323460714, 0.0005966315925696189437, 0.001193008745444164471 ),
 .UNSPECIFIED. ) ;
#1850 = CARTESIAN_POINT ( 'NONE',  ( -3.000000000000000000, 0.000000000000000000, -9.750000000000001776 ) ) ;
#1851 = B_SPLINE_CURVE_WITH_KNOTS ( 'NONE', 3,
 ( #8002, #7272, #1951, #3584 ),
 .UNSPECIFIED., .F., .F.,
 ( 4, 4 ),
 ( 3.054997924345375526E-07, 0.0002759181450133579264 ),
 .UNSPECIFIED. ) ;
#1852 = DIRECTION ( 'NONE',  ( -0.8829475928589304301, -0.4694715627858842000, 0.000000000000000000 ) ) ;
#1853 = ORIENTED_EDGE ( 'NONE', *, *, #4556, .T. ) ;
#1854 = EDGE_CURVE ( 'NONE', #6159, #5662, #2191, .T. ) ;
#1855 = FACE_OUTER_BOUND ( 'NONE', #5232, .T. ) ;
#1856 = CARTESIAN_POINT ( 'NONE',  ( 0.3922658369821047653, 2.791116459588163679, 9.631453640997325039 ) ) ;
#1857 = VERTEX_POINT ( 'NONE', #6814 ) ;
#1858 = PLANE ( 'NONE',  #9371 ) ;
#1859 = CARTESIAN_POINT ( 'NONE',  ( -2.158694763139470396, 2.083275526567291980, 9.449999999999999289 ) ) ;
#1860 = VERTEX_POINT ( 'NONE', #10354 ) ;
#1861 = CARTESIAN_POINT ( 'NONE',  ( 0.000000000000000000, 0.000000000000000000, 8.077500000000000568 ) ) ;
#1862 = CARTESIAN_POINT ( 'NONE',  ( 1.122918141402837966, 2.781915679474918246, 9.449999999999999289 ) ) ;
#1863 = ORIENTED_EDGE ( 'NONE', *, *, #8821, .T. ) ;
#1864 = EDGE_CURVE ( 'NONE', #6964, #5566, #8735, .T. ) ;
#1865 = DIRECTION ( 'NONE',  ( -0.000000000000000000, 0.000000000000000000, 1.000000000000000000 ) ) ;
#1866 = DIRECTION ( 'NONE',  ( -0.8660254037844389297, 0.4999999999999995559, 0.000000000000000000 ) ) ;
#1867 = VERTEX_POINT ( 'NONE', #3137 ) ;
#1868 = ORIENTED_EDGE ( 'NONE', *, *, #10232, .T. ) ;
#1869 = EDGE_LOOP ( 'NONE', ( #3220, #9077, #9714, #8753 ) ) ;
#1870 = CARTESIAN_POINT ( 'NONE',  ( 0.000000000000000000, 0.000000000000000000, 9.449999999999999289 ) ) ;
#1871 = LINE ( 'NONE', #7871, #9771 ) ;
#1872 = VECTOR ( 'NONE', #177, 1000.000000000000114 ) ;
#1873 = VERTEX_POINT ( 'NONE', #2257 ) ;
#1874 = CARTESIAN_POINT ( 'NONE',  ( 2.000000000000003553, -8.715332896486790042E-16, -8.525000000000003908 ) ) ;
#1875 = CARTESIAN_POINT ( 'NONE',  ( -0.8922005383792531719, 1.545336663013173073, -9.254166666666669983 ) ) ;
#1876 = ORIENTED_EDGE ( 'NONE', *, *, #745, .T. ) ;
#1877 = EDGE_CURVE ( 'NONE', #9973, #1047, #1126, .T. ) ;
#1878 = VERTEX_POINT ( 'NONE', #10408 ) ;
#1879 = CARTESIAN_POINT ( 'NONE',  ( -0.1047623084752425798, -2.999999999999999556, 8.077500000000002345 ) ) ;
#1880 = CARTESIAN_POINT ( 'NONE',  ( -2.649299146609919831, -1.407556049247045138, -9.750000000000001776 ) ) ;
#1881 = ORIENTED_EDGE ( 'NONE', *, *, #2571, .F. ) ;
#1882 = ORIENTED_EDGE ( 'NONE', *, *, #5599, .F. ) ;
#1883 = DATE_AND_TIME ( #9163, #5373 ) ;
#1884 = VECTOR ( 'NONE', #9980, 1000.000000000000000 ) ;
#1885 = ORIENTED_EDGE ( 'NONE', *, *, #10524, .F. ) ;
#1886 = DIRECTION ( 'NONE',  ( 0.000000000000000000, -0.000000000000000000, 1.000000000000000000 ) ) ;
#1887 = CARTESIAN_POINT ( 'NONE',  ( 2.579512986874067604, -1.409273179501350004, 9.510800894373550918 ) ) ;
#1888 = CARTESIAN_POINT ( 'NONE',  ( 1.493602012769862597, -2.390262873680853772, 9.631453640997325039 ) ) ;
#1889 = CARTESIAN_POINT ( 'NONE',  ( 1.338300807568879813, -0.7726683315065872026, -7.445833333333337301 ) ) ;
#1890 = CARTESIAN_POINT ( 'NONE',  ( -1.499157810963779314, 2.598562267452193986, 9.449999999999999289 ) ) ;
#1891 = CARTESIAN_POINT ( 'NONE',  ( -1.482864587467278561, 0.4349459935304481606, -6.370336663013146605 ) ) ;
#1892 = AXIS2_PLACEMENT_3D ( 'NONE', #577, #9499, #3116 ) ;
#1893 = ORIENTED_EDGE ( 'NONE', *, *, #8587, .T. ) ;
#1894 = DIRECTION ( 'NONE',  ( 0.9396926207859261915, 0.3420201433256197521, 0.000000000000000000 ) ) ;
#1895 = CARTESIAN_POINT ( 'NONE',  ( -0.3922658369820654634, 2.791116459588170340, 9.631453640997325039 ) ) ;
#1896 = AXIS2_PLACEMENT_3D ( 'NONE', #11505, #9749, #10512 ) ;
#1897 = CARTESIAN_POINT ( 'NONE',  ( 2.992624163415379179, -0.2102394267077520029, 9.449999999999999289 ) ) ;
#1898 = CARTESIAN_POINT ( 'NONE',  ( 2.336680831601421815, -1.576111122057619163, 9.750000000000001776 ) ) ;
#1899 = ORIENTED_EDGE ( 'NONE', *, *, #9847, .F. ) ;
#1900 = ADVANCED_FACE ( 'NONE', ( #494 ), #9693, .T. ) ;
#1901 = CARTESIAN_POINT ( 'NONE',  ( -2.298758245762893004, -1.927617837523067257, 9.449999999999999289 ) ) ;
#1902 = ADVANCED_FACE ( 'NONE', ( #11510 ), #6354, .T. ) ;
#1903 = CARTESIAN_POINT ( 'NONE',  ( 0.000000000000000000, 0.000000000000000000, 9.449999999999999289 ) ) ;
#1904 = VECTOR ( 'NONE', #187, 1000.000000000000114 ) ;
#1905 = CARTESIAN_POINT ( 'NONE',  ( 0.000000000000000000, 0.000000000000000000, 8.077500000000000568 ) ) ;
#1906 = ORIENTED_EDGE ( 'NONE', *, *, #6952, .F. ) ;
#1907 = CARTESIAN_POINT ( 'NONE',  ( -2.533292686689810669, -1.235569399674157909, 9.631453640997325039 ) ) ;
#1908 = AXIS2_PLACEMENT_3D ( 'NONE', #5472, #10559, #103 ) ;
#1909 = VERTEX_POINT ( 'NONE', #4358 ) ;
#1910 = CARTESIAN_POINT ( 'NONE',  ( -2.336680831601444019, -1.576111122057586522, 9.631453640997325039 ) ) ;
#1911 = CARTESIAN_POINT ( 'NONE',  ( -2.426479301982368497, -1.764142340360084660, -9.750000000000001776 ) ) ;
#1912 = DIRECTION ( 'NONE',  ( 0.9135454576425998674, -0.4067366430758023732, 0.000000000000000000 ) ) ;
#1913 = ORIENTED_EDGE ( 'NONE', *, *, #2356, .T. ) ;
#1914 = DIRECTION ( 'NONE',  ( -0.9396926207859082059, 0.3420201433256694901, 0.000000000000000000 ) ) ;
#1915 = CARTESIAN_POINT ( 'NONE',  ( -1.784401076758506788, 6.065988351121004614E-17, -6.425000000000006040 ) ) ;
#1916 = EDGE_CURVE ( 'NONE', #6227, #11166, #7042, .T. ) ;
#1917 = VERTEX_POINT ( 'NONE', #5241 ) ;
#1918 = LINE ( 'NONE', #2207, #1716 ) ;
#1919 = LINE ( 'NONE', #5513, #8926 ) ;
#1920 = CARTESIAN_POINT ( 'NONE',  ( -1.957926820807955437, -2.027492575130199981, 9.631453640997325039 ) ) ;
#1921 = VECTOR ( 'NONE', #11002, 1000.000000000000000 ) ;
#1922 = FACE_OUTER_BOUND ( 'NONE', #11539, .T. ) ;
#1923 = CARTESIAN_POINT ( 'NONE',  ( -3.001828632896465177, 2.936832634720110136E-14, 9.750000000000001776 ) ) ;
#1924 = VERTEX_POINT ( 'NONE', #2651 ) ;
#1925 = VECTOR ( 'NONE', #5248, 1000.000000000000000 ) ;
#1926 = VECTOR ( 'NONE', #4463, 1000.000000000000000 ) ;
#1927 = ORIENTED_EDGE ( 'NONE', *, *, #9512, .T. ) ;
#1928 = B_SPLINE_CURVE_WITH_KNOTS ( 'NONE', 3,
 ( #3253, #1490, #8592, #7960 ),
 .UNSPECIFIED., .F., .F.,
 ( 4, 4 ),
 ( 3.054997924344129329E-07, 0.0002759181450133579264 ),
 .UNSPECIFIED. ) ;
#1929 = VERTEX_POINT ( 'NONE', #10517 ) ;
#1930 = DIRECTION ( 'NONE',  ( -1.000000000000000000, 0.000000000000000000, 0.000000000000000000 ) ) ;
#1931 = CARTESIAN_POINT ( 'NONE',  ( 0.8922005383792529498, -1.545336663013173517, -6.891666666666671048 ) ) ;
#1932 = VERTEX_POINT ( 'NONE', #3470 ) ;
#1933 = VECTOR ( 'NONE', #1307, 1000.000000000000341 ) ;
#1934 = CARTESIAN_POINT ( 'NONE',  ( -1.338300807568880035, 0.7726683315065867586, -9.895833333333337478 ) ) ;
#1935 = CARTESIAN_POINT ( 'NONE',  ( 0.8922005383792542821, 1.545336663013172851, -9.458333333333335702 ) ) ;
#1936 = ORIENTED_EDGE ( 'NONE', *, *, #3889, .F. ) ;
#1937 = CARTESIAN_POINT ( 'NONE',  ( -2.545695057115675564, 1.590726820498691296, 9.750000000000001776 ) ) ;
#1938 = ORIENTED_EDGE ( 'NONE', *, *, #258, .T. ) ;
#1939 = CARTESIAN_POINT ( 'NONE',  ( -2.272957911392621710, 1.863759769109611053, 9.510800894373549141 ) ) ;
#1940 = ORIENTED_EDGE ( 'NONE', *, *, #5430, .T. ) ;
#1941 = ORIENTED_EDGE ( 'NONE', *, *, #8722, .F. ) ;
#1942 = COORDINATED_UNIVERSAL_TIME_OFFSET ( 8, 0, .BEHIND. ) ;
#1943 = AXIS2_PLACEMENT_3D ( 'NONE', #8594, #8985, #8066 ) ;
#1944 = LINE ( 'NONE', #162, #7728 ) ;
#1945 = EDGE_CURVE ( 'NONE', #9742, #8902, #966, .T. ) ;
#1946 = ORIENTED_EDGE ( 'NONE', *, *, #11163, .T. ) ;
#1947 = CARTESIAN_POINT ( 'NONE',  ( -2.159334809438606673, -2.085245386525000022, 9.750000000000001776 ) ) ;
#1948 = CARTESIAN_POINT ( 'NONE',  ( 0.000000000000000000, 0.000000000000000000, 8.077500000000002345 ) ) ;
#1949 = LINE ( 'NONE', #3005, #6413 ) ;
#1950 = CARTESIAN_POINT ( 'NONE',  ( -1.784401076758506788, 6.065988351121004614E-17, -8.437500000000003553 ) ) ;
#1951 = CARTESIAN_POINT ( 'NONE',  ( 2.510222867757266663, 1.529287186274148613, 9.510800894373550918 ) ) ;
#1952 = VECTOR ( 'NONE', #4691, 1000.000000000000000 ) ;
#1953 = DIRECTION ( 'NONE',  ( -0.2079116908177486289, 0.9781476007338079093, 0.000000000000000000 ) ) ;
#1954 = AXIS2_PLACEMENT_3D ( 'NONE', #5769, #300, #3001 ) ;
#1955 = ORIENTED_EDGE ( 'NONE', *, *, #1082, .T. ) ;
#1956 = ORIENTED_EDGE ( 'NONE', *, *, #321, .F. ) ;
#1957 = DIRECTION ( 'NONE',  ( 0.9396926207859086499, 0.3420201433256681023, 0.000000000000000000 ) ) ;
#1958 = CARTESIAN_POINT ( 'NONE',  ( -2.533292686689810669, -1.235569399674157909, 9.631453640997325039 ) ) ;
#1959 = VERTEX_POINT ( 'NONE', #9877 ) ;
#1960 = DIRECTION ( 'NONE',  ( 0.000000000000000000, -0.000000000000000000, -1.000000000000000000 ) ) ;
#1961 = DIRECTION ( 'NONE',  ( 0.000000000000000000, 0.000000000000000000, -1.000000000000000000 ) ) ;
#1962 = EDGE_CURVE ( 'NONE', #8469, #10157, #9197, .T. ) ;
#1963 = VECTOR ( 'NONE', #205, 1000.000000000000000 ) ;
#1964 = VECTOR ( 'NONE', #6761, 999.9999999999998863 ) ;
#1965 = DIRECTION ( 'NONE',  ( -0.7071067811865474617, 0.000000000000000000, -0.7071067811865475727 ) ) ;
#1966 = CARTESIAN_POINT ( 'NONE',  ( 0.8922005383792542821, 1.545336663013172851, -7.270833333333337478 ) ) ;
#1967 = DIRECTION ( 'NONE',  ( 0.000000000000000000, 0.000000000000000000, -1.000000000000000000 ) ) ;
#1968 = ORIENTED_EDGE ( 'NONE', *, *, #8877, .T. ) ;
#1969 = CARTESIAN_POINT ( 'NONE',  ( 1.859999999999999876, 2.277843046414076852E-16, -9.750000000000001776 ) ) ;
#1970 = VECTOR ( 'NONE', #6364, 1000.000000000000000 ) ;
#1971 = ORIENTED_EDGE ( 'NONE', *, *, #10593, .F. ) ;
#1972 = AXIS2_PLACEMENT_3D ( 'NONE', #9345, #4174, #8688 ) ;
#1973 = CARTESIAN_POINT ( 'NONE',  ( 0.000000000000000000, 0.000000000000000000, 9.449999999999999289 ) ) ;
#1974 = DIRECTION ( 'NONE',  ( -0.000000000000000000, 0.000000000000000000, 1.000000000000000000 ) ) ;
#1975 = ORIENTED_EDGE ( 'NONE', *, *, #3640, .F. ) ;
#1976 = CARTESIAN_POINT ( 'NONE',  ( 0.000000000000000000, 0.000000000000000000, 8.077500000000002345 ) ) ;
#1977 = EDGE_CURVE ( 'NONE', #3447, #8469, #11273, .T. ) ;
#1978 = EDGE_CURVE ( 'NONE', #11538, #6623, #10934, .T. ) ;
#1979 = AXIS2_PLACEMENT_3D ( 'NONE', #2653, #9757, #1894 ) ;
#1980 = EDGE_CURVE ( 'NONE', #2594, #6482, #4877, .T. ) ;
#1981 = DIRECTION ( 'NONE',  ( -0.5591929034707349144, 0.8290375725550496178, 0.000000000000000000 ) ) ;
#1982 = CARTESIAN_POINT ( 'NONE',  ( -0.5860087391484503083, 2.756954358615478107, 9.631453640997325039 ) ) ;
#1983 = CARTESIAN_POINT ( 'NONE',  ( -2.992759823733686098, 0.2082993937713603638, 8.077500000000000568 ) ) ;
#1984 = CARTESIAN_POINT ( 'NONE',  ( 0.9261261411943859656, 2.853469882545880409, 9.449999999999999289 ) ) ;
#1985 = ORIENTED_EDGE ( 'NONE', *, *, #10452, .F. ) ;
#1986 = DIRECTION ( 'NONE',  ( -0.000000000000000000, -0.000000000000000000, 1.000000000000000000 ) ) ;
#1987 = LINE ( 'NONE', #4805, #11219 ) ;
#1988 = DIRECTION ( 'NONE',  ( -1.000000000000000000, 0.000000000000000000, 0.000000000000000000 ) ) ;
#1989 = ORIENTED_EDGE ( 'NONE', *, *, #2876, .T. ) ;
#1990 = CARTESIAN_POINT ( 'NONE',  ( 0.5645481705551781415, 2.823003197273516562, 9.571310031034848009 ) ) ;
#1991 = CARTESIAN_POINT ( 'NONE',  ( -2.648386132258333969, -1.409273179501313367, 8.077500000000000568 ) ) ;
#1992 = LINE ( 'NONE', #1159, #8467 ) ;
#1993 = ORIENTED_EDGE ( 'NONE', *, *, #1113, .T. ) ;
#1994 = VERTEX_POINT ( 'NONE', #2960 ) ;
#1995 = VERTEX_POINT ( 'NONE', #7493 ) ;
#1996 = CARTESIAN_POINT ( 'NONE',  ( -1.957926820807913915, 2.027492575130239949, 9.631453640997325039 ) ) ;
#1997 = EDGE_CURVE ( 'NONE', #6870, #8733, #738, .T. ) ;
#1998 = EDGE_CURVE ( 'NONE', #5761, #4158, #5244, .T. ) ;
#1999 = CARTESIAN_POINT ( 'NONE',  ( -1.338300807568880257, -0.7726683315065862034, -5.666666666666671404 ) ) ;
#2000 = EDGE_CURVE ( 'NONE', #7049, #10384, #8526, .T. ) ;
#2001 = LINE ( 'NONE', #5588, #806 ) ;
#2002 = FACE_OUTER_BOUND ( 'NONE', #10458, .T. ) ;
#2003 = CARTESIAN_POINT ( 'NONE',  ( 0.000000000000000000, 2.037888611415574314, -5.528125000000002842 ) ) ;
#2004 = CARTESIAN_POINT ( 'NONE',  ( 0.000000000000000000, 1.545336663013173073, -8.700000000000004619 ) ) ;
#2005 = ORIENTED_EDGE ( 'NONE', *, *, #4159, .T. ) ;
#2006 = ORIENTED_EDGE ( 'NONE', *, *, #8253, .T. ) ;
#2007 = DIRECTION ( 'NONE',  ( 0.3420201433256709334, 0.9396926207859076507, 0.000000000000000000 ) ) ;
#2008 = DIRECTION ( 'NONE',  ( -0.000000000000000000, -0.000000000000000000, -1.000000000000000000 ) ) ;
#2009 = VERTEX_POINT ( 'NONE', #2302 ) ;
#2010 = ORIENTED_EDGE ( 'NONE', *, *, #6561, .T. ) ;
#2011 = ORIENTED_EDGE ( 'NONE', *, *, #4299, .F. ) ;
#2012 = SECURITY_CLASSIFICATION_LEVEL ( 'unclassified' ) ;
#2013 = EDGE_CURVE ( 'NONE', #3883, #1344, #3232, .T. ) ;
#2014 = DIRECTION ( 'NONE',  ( -0.4383711467890737956, 0.8987940462991687030, 0.000000000000000000 ) ) ;
#2015 = AXIS2_PLACEMENT_3D ( 'NONE', #9327, #4935, #6844 ) ;
#2016 = CARTESIAN_POINT ( 'NONE',  ( -1.656699982724391340, 2.280251903866815866, 9.631453640997325039 ) ) ;
#2017 = ORIENTED_EDGE ( 'NONE', *, *, #4211, .T. ) ;
#2018 = FACE_OUTER_BOUND ( 'NONE', #6914, .T. ) ;
#2019 = DIRECTION ( 'NONE',  ( -1.000000000000000000, 0.000000000000000000, 0.000000000000000000 ) ) ;
#2020 = CARTESIAN_POINT ( 'NONE',  ( -2.740240724291758134, -1.221098183166686058, 9.449999999999999289 ) ) ;
#2021 = ORIENTED_EDGE ( 'NONE', *, *, #243, .T. ) ;
#2022 = EDGE_CURVE ( 'NONE', #5341, #9973, #652, .T. ) ;
#2023 = CARTESIAN_POINT ( 'NONE',  ( 2.884052962002320086, -0.8259773074156746553, 9.449999999999999289 ) ) ;
#2024 = CARTESIAN_POINT ( 'NONE',  ( -2.740240724291758134, -1.221098183166686058, 9.449999999999999289 ) ) ;
#2025 = VERTEX_POINT ( 'NONE', #5889 ) ;
#2026 = DIRECTION ( 'NONE',  ( -0.1736481776669291932, 0.9848077530122083534, 0.000000000000000000 ) ) ;
#2027 = DIRECTION ( 'NONE',  ( 0.7880107536067242346, 0.6156614753256555161, 0.000000000000000000 ) ) ;
#2028 = CARTESIAN_POINT ( 'NONE',  ( -1.338300807568880257, -0.7726683315065862034, -6.979166666666670515 ) ) ;
#2029 = CARTESIAN_POINT ( 'NONE',  ( 0.000000000000000000, 0.000000000000000000, 9.449999999999999289 ) ) ;
#2030 = ORIENTED_EDGE ( 'NONE', *, *, #2000, .F. ) ;
#2031 = CARTESIAN_POINT ( 'NONE',  ( -2.734823486451072760, -0.6818680780054423574, 9.631453640997325039 ) ) ;
#2032 = EDGE_CURVE ( 'NONE', #2781, #984, #4233, .T. ) ;
#2033 = ORIENTED_EDGE ( 'NONE', *, *, #9703, .F. ) ;
#2034 = LINE ( 'NONE', #8374, #8205 ) ;
#2035 = CARTESIAN_POINT ( 'NONE',  ( 2.741031733634765821, 1.219321547093789704, 9.449999999999999289 ) ) ;
#2036 = DIRECTION ( 'NONE',  ( -0.000000000000000000, -0.000000000000000000, -1.000000000000000000 ) ) ;
#2037 = LINE ( 'NONE', #1436, #6751 ) ;
#2038 = CARTESIAN_POINT ( 'NONE',  ( 2.353151076758508875, -4.808700099505280283E-16, -7.759375000000005684 ) ) ;
#2039 = CARTESIAN_POINT ( 'NONE',  ( -1.323227363945437496, 2.488628723042721536, 9.631453640997325039 ) ) ;
#2040 = LINE ( 'NONE', #5747, #8073 ) ;
#2041 = CARTESIAN_POINT ( 'NONE',  ( -1.000000000000000000, 0.5773502691896256200, 9.750000000000001776 ) ) ;
#2042 = ORIENTED_EDGE ( 'NONE', *, *, #2032, .F. ) ;
#2043 = CARTESIAN_POINT ( 'NONE',  ( 0.000000000000000000, 0.000000000000000000, 8.077500000000000568 ) ) ;
#2044 = CARTESIAN_POINT ( 'NONE',  ( -2.298758245762893004, -1.927617837523067257, 9.449999999999999289 ) ) ;
#2045 = CARTESIAN_POINT ( 'NONE',  ( 1.732050807568879858, -1.000000000000002665, -7.183333333333337123 ) ) ;
#2046 = CARTESIAN_POINT ( 'NONE',  ( -2.008615413315411935, -2.230793415506871824, 8.077500000000002345 ) ) ;
#2047 = EDGE_CURVE ( 'NONE', #9211, #8799, #562, .T. ) ;
#2048 = CARTESIAN_POINT ( 'NONE',  ( -0.1056702774065514383, -2.998138387812146810, 9.449999999999999289 ) ) ;
#2049 = VERTEX_POINT ( 'NONE', #6909 ) ;
#2050 = ORIENTED_EDGE ( 'NONE', *, *, #10356, .F. ) ;
#2051 = ORIENTED_EDGE ( 'NONE', *, *, #9091, .T. ) ;
#2052 = LINE ( 'NONE', #10734, #3073 ) ;
#2053 = CARTESIAN_POINT ( 'NONE',  ( 0.8922005383792542821, 1.545336663013172851, -7.358333333333337833 ) ) ;
#2054 = LINE ( 'NONE', #3737, #2091 ) ;
#2055 = CARTESIAN_POINT ( 'NONE',  ( 0.000000000000000000, 0.000000000000000000, 9.449999999999999289 ) ) ;
#2056 = DIRECTION ( 'NONE',  ( -0.7431448254773943551, 0.6691306063588581265, 0.000000000000000000 ) ) ;
#2057 = CARTESIAN_POINT ( 'NONE',  ( 1.338300807568879813, -0.7726683315065872026, -7.445833333333337301 ) ) ;
#2058 = ORIENTED_EDGE ( 'NONE', *, *, #5838, .T. ) ;
#2059 = CARTESIAN_POINT ( 'NONE',  ( -0.5860087391484503083, 2.756954358615477663, 8.077500000000002345 ) ) ;
#2060 = CARTESIAN_POINT ( 'NONE',  ( -2.094588142061005076, -1.885975634249994703, 9.631453640997325039 ) ) ;
#2061 = EDGE_CURVE ( 'NONE', #4377, #5861, #10503, .T. ) ;
#2062 = ADVANCED_FACE ( 'NONE', ( #897 ), #3977, .F. ) ;
#2063 = CARTESIAN_POINT ( 'NONE',  ( -0.8765829465449493929, 2.805626575604884820, 9.510800894373550918 ) ) ;
#2064 = DIRECTION ( 'NONE',  ( -0.3746065934159141242, -0.9271838545667865361, 0.000000000000000000 ) ) ;
#2065 = ORIENTED_EDGE ( 'NONE', *, *, #11083, .T. ) ;
#2066 = ORIENTED_EDGE ( 'NONE', *, *, #4500, .T. ) ;
#2067 = EDGE_CURVE ( 'NONE', #5276, #7176, #10476, .T. ) ;
#2068 = ORIENTED_EDGE ( 'NONE', *, *, #2836, .F. ) ;
#2069 = PERSON_AND_ORGANIZATION ( #3273, #5164 ) ;
#2070 = PLANE ( 'NONE',  #1765 ) ;
#2071 = ORIENTED_EDGE ( 'NONE', *, *, #8726, .T. ) ;
#2072 = CARTESIAN_POINT ( 'NONE',  ( 0.000000000000000000, 0.000000000000000000, 8.077500000000002345 ) ) ;
#2073 = ORIENTED_EDGE ( 'NONE', *, *, #10702, .T. ) ;
#2074 = ORIENTED_EDGE ( 'NONE', *, *, #6126, .F. ) ;
#2075 = EDGE_CURVE ( 'NONE', #7494, #4325, #826, .T. ) ;
#2076 = DIRECTION ( 'NONE',  ( -0.000000000000000000, -0.000000000000000000, 1.000000000000000000 ) ) ;
#2077 = CARTESIAN_POINT ( 'NONE',  ( -2.510222867757245346, 1.529287186274184585, 9.510800894373550918 ) ) ;
#2078 = VERTEX_POINT ( 'NONE', #10622 ) ;
#2079 = VECTOR ( 'NONE', #5772, 1000.000000000000114 ) ;
#2080 = EDGE_CURVE ( 'NONE', #4138, #8387, #4342, .T. ) ;
#2081 = CARTESIAN_POINT ( 'NONE',  ( -1.017199775999276135, -2.693207438056103520, 9.571310031034848009 ) ) ;
#2082 = LINE ( 'NONE', #6478, #9976 ) ;
#2083 = CARTESIAN_POINT ( 'NONE',  ( 0.3662502111756054668, 2.855507393005229044, 9.571310031034848009 ) ) ;
#2084 = AXIS2_PLACEMENT_3D ( 'NONE', #11501, #6226, #3878 ) ;
#2085 = FACE_OUTER_BOUND ( 'NONE', #5688, .T. ) ;
#2086 = ORIENTED_EDGE ( 'NONE', *, *, #1945, .F. ) ;
#2087 = CARTESIAN_POINT ( 'NONE',  ( 2.162518398525961061, -1.900414655997582525, 9.571310031034848009 ) ) ;
#2088 = DIRECTION ( 'NONE',  ( 0.3090169943749401238, -0.9510565162951559737, 0.000000000000000000 ) ) ;
#2089 = DIRECTION ( 'NONE',  ( 0.9975640502598234205, -0.06975647374413747326, 0.000000000000000000 ) ) ;
#2090 = DIRECTION ( 'NONE',  ( -0.6156614753256567374, 0.7880107536067231244, 0.000000000000000000 ) ) ;
#2091 = VECTOR ( 'NONE', #2753, 1000.000000000000000 ) ;
#2092 = CARTESIAN_POINT ( 'NONE',  ( 0.1056702774065096245, -2.998138387812148586, 8.077500000000000568 ) ) ;
#2093 = EDGE_CURVE ( 'NONE', #2688, #5535, #7125, .T. ) ;
#2094 = ADVANCED_FACE ( 'NONE', ( #7028 ), #5596, .T. ) ;
#2095 = CARTESIAN_POINT ( 'NONE',  ( 1.000000000000000000, -0.5773502691896258421, 8.250000000000001776 ) ) ;
#2096 = VERTEX_POINT ( 'NONE', #8353 ) ;
#2097 = AXIS2_PLACEMENT_3D ( 'NONE', #4150, #7536, #11071 ) ;
#2098 = CARTESIAN_POINT ( 'NONE',  ( -0.3145524316523689023, 2.983463887453907670, -9.750000000000001776 ) ) ;
#2099 = DIRECTION ( 'NONE',  ( 0.9781476007337945866, -0.2079116908178116063, 0.000000000000000000 ) ) ;
#2100 = DIRECTION ( 'NONE',  ( -0.9612616959383191162, -0.2756373558169981641, 0.000000000000000000 ) ) ;
#2101 = FACE_OUTER_BOUND ( 'NONE', #3723, .T. ) ;
#2102 = ORIENTED_EDGE ( 'NONE', *, *, #8794, .T. ) ;
#2103 = B_SPLINE_CURVE_WITH_KNOTS ( 'NONE', 3,
 ( #8500, #1393, #11234, #4865 ),
 .UNSPECIFIED., .F., .F.,
 ( 4, 4 ),
 ( 3.054997924343661873E-07, 0.0002759181450133576553 ),
 .UNSPECIFIED. ) ;
#2104 = ORIENTED_EDGE ( 'NONE', *, *, #11465, .F. ) ;
#2105 = VERTEX_POINT ( 'NONE', #8176 ) ;
#2106 = VECTOR ( 'NONE', #453, 1000.000000000000000 ) ;
#2107 = DIRECTION ( 'NONE',  ( 0.000000000000000000, 0.000000000000000000, -1.000000000000000000 ) ) ;
#2108 = CARTESIAN_POINT ( 'NONE',  ( -1.784401076758506788, 6.065988351121004614E-17, -7.825000000000006395 ) ) ;
#2109 = EDGE_CURVE ( 'NONE', #10157, #6688, #5649, .T. ) ;
#2110 = CARTESIAN_POINT ( 'NONE',  ( -0.9279757276600765215, -2.852868915473290912, 9.449999999999999289 ) ) ;
#2111 = CARTESIAN_POINT ( 'NONE',  ( 2.699999999999998401, 3.490243377569955568E-16, 9.750000000000001776 ) ) ;
#2112 = CARTESIAN_POINT ( 'NONE',  ( -1.892491597964134370E-16, -1.545336663013173073, -9.050000000000004263 ) ) ;
#2113 = ORIENTED_EDGE ( 'NONE', *, *, #8798, .T. ) ;
#2114 = DIRECTION ( 'NONE',  ( -0.000000000000000000, -0.000000000000000000, -1.000000000000000000 ) ) ;
#2115 = TOROIDAL_SURFACE ( 'NONE', #5872, 2.939999999999999947, 0.06000000000000037248 ) ;
#2116 = ORIENTED_EDGE ( 'NONE', *, *, #10524, .T. ) ;
#2117 = B_SPLINE_CURVE_WITH_KNOTS ( 'NONE', 3,
 ( #1487, #5078, #5137, #5906 ),
 .UNSPECIFIED., .F., .F.,
 ( 4, 4 ),
 ( 3.021976174287732437E-07, 0.0002759148428383532427 ),
 .UNSPECIFIED. ) ;
#2118 = AXIS2_PLACEMENT_3D ( 'NONE', #3956, #9953, #7284 ) ;
#2119 = CARTESIAN_POINT ( 'NONE',  ( -2.426479301982332082, 1.764142340360135508, 9.449999999999999289 ) ) ;
#2120 = CARTESIAN_POINT ( 'NONE',  ( 1.496025708089196549, 2.459668426725422297, 9.571310031034848009 ) ) ;
#2121 = DIRECTION ( 'NONE',  ( 0.9975640502598248638, 0.06975647374411667045, 0.000000000000000000 ) ) ;
#2122 = ORIENTED_EDGE ( 'NONE', *, *, #4541, .T. ) ;
#2123 = ORIENTED_EDGE ( 'NONE', *, *, #7674, .F. ) ;
#2124 =( BOUNDED_CURVE ( )  B_SPLINE_CURVE ( 2, ( #5576, #5689, #7522, #1219, #4809, #9074, #4685, #330, #6608, #10195, #2221, #677, #5858, #7687, #3314, #1558, #4253, #11229, #8550, #9431, #6829, #4203, #11117, #3147, #9480, #8599, #2437, #6713, #6012, #4083, #1444, #4984, #5037, #6077, #1499, #1619, #6770, #10365, #10471, #5149, #8495, #11336, #7628, #3204, #2391, #7747, #9597, #11286, #7801, #2333, #2496, #8704, #1665, #5439, #2600, #3600, #5320, #9001, #9772 ),
 .UNSPECIFIED., .F., .F. ) 
 B_SPLINE_CURVE_WITH_KNOTS ( ( 3, 2, 2, 2, 2, 2, 2, 2, 2, 2, 2, 2, 2, 2, 2, 2, 2, 2, 2, 2, 2, 2, 2, 2, 2, 2, 2, 2, 2, 3 ),
 ( 0.09323997037650655351, 0.1037080240222047894, 0.1296350300277461232, 0.1555620360332874430, 0.1814890420388287628, 0.2074160480443700827, 0.2333430540499114025, 0.2592700600554527224, 0.2851970660609940422, 0.3111240720665353621, 0.3370510780720766819, 0.3629780840776180018, 0.3889050900831593771, 0.4148320960887006414, 0.4407591020942420168, 0.4666861080997833366, 0.4926131141053246565, 0.5185401201108659208, 0.5444671261164073517, 0.5703941321219485605, 0.5963211381274899914, 0.6222481441330312002, 0.6481751501385726311, 0.6741021561441139509, 0.7000291621496552708, 0.7259561681551964796, 0.7518831741607379104, 0.7778101801662793413, 0.8037371861718205501, 0.8287362770395995115 ),
 .UNSPECIFIED. ) 
 CURVE ( )  GEOMETRIC_REPRESENTATION_ITEM ( )  RATIONAL_B_SPLINE_CURVE ( ( 0.9354949502797489380, 0.9459076277436155866, 1.000000000000000000, 0.8660254037844387076, 1.000000000000000000, 0.8660254037844387076, 1.000000000000000000, 0.8660254037844387076, 1.000000000000000000, 0.8660254037844387076, 1.000000000000000000, 0.8660254037844387076, 1.000000000000000000, 0.8660254037844387076, 1.000000000000000000, 0.8660254037844387076, 1.000000000000000000, 0.8660254037844387076, 1.000000000000000000, 0.8660254037844387076, 1.000000000000000000, 0.8660254037844387076, 1.000000000000000000, 0.8660254037844387076, 1.000000000000000000, 0.8660254037844387076, 1.000000000000000000, 0.8660254037844387076, 1.000000000000000000, 0.8660254037844387076, 1.000000000000000000, 0.8660254037844387076, 1.000000000000000000, 0.8660254037844387076, 1.000000000000000000, 0.8660254037844387076, 1.000000000000000000, 0.8660254037844387076, 1.000000000000000000, 0.8660254037844387076, 1.000000000000000000, 0.8660254037844387076, 1.000000000000000000, 0.8660254037844387076, 1.000000000000000000, 0.8660254037844387076, 1.000000000000000000, 0.8660254037844387076, 1.000000000000000000, 0.8660254037844387076, 1.000000000000000000, 0.8660254037844387076, 1.000000000000000000, 0.8660254037844387076, 1.000000000000000000, 0.8660254037844387076, 1.000000000000000000, 0.8708202904704466230, 0.9907534400278539266 ) ) 
 REPRESENTATION_ITEM ( '' )  );
#2125 = ORIENTED_EDGE ( 'NONE', *, *, #9819, .T. ) ;
#2126 = CARTESIAN_POINT ( 'NONE',  ( 1.499157810963813953, 2.598562267452173558, 8.077500000000000568 ) ) ;
#2127 = CIRCLE ( 'NONE', #1366, 3.000000000000000444 ) ;
#2128 = VECTOR ( 'NONE', #11463, 1000.000000000000000 ) ;
#2129 = EDGE_CURVE ( 'NONE', #6861, #11538, #7511, .T. ) ;
#2130 = EDGE_LOOP ( 'NONE', ( #9325, #8737, #9549, #1595 ) ) ;
#2131 = ADVANCED_FACE ( 'NONE', ( #1175 ), #7377, .T. ) ;
#2132 = EDGE_CURVE ( 'NONE', #10243, #6156, #5766, .T. ) ;
#2133 = LINE ( 'NONE', #4886, #9137 ) ;
#2134 = ORIENTED_EDGE ( 'NONE', *, *, #9535, .T. ) ;
#2135 = ORIENTED_EDGE ( 'NONE', *, *, #2061, .F. ) ;
#2136 = DIRECTION ( 'NONE',  ( -1.224646799147353207E-16, 1.000000000000000000, 0.000000000000000000 ) ) ;
#2137 = ORIENTED_EDGE ( 'NONE', *, *, #920, .F. ) ;
#2138 = VECTOR ( 'NONE', #686, 1000.000000000000000 ) ;
#2139 = LINE ( 'NONE', #7277, #2729 ) ;
#2140 = LINE ( 'NONE', #311, #6076 ) ;
#2141 = ADVANCED_FACE ( 'NONE', ( #7478 ), #6625, .F. ) ;
#2142 = ADVANCED_FACE ( 'NONE', ( #9274 ), #2480, .F. ) ;
#2143 = VECTOR ( 'NONE', #8750, 1000.000000000000114 ) ;
#2144 = AXIS2_PLACEMENT_3D ( 'NONE', #6876, #2432, #10240 ) ;
#2145 = PLANE ( 'NONE',  #4545 ) ;
#2146 = CARTESIAN_POINT ( 'NONE',  ( -1.124504798187709431, -2.783247042597886356, 8.077500000000002345 ) ) ;
#2147 = ORIENTED_EDGE ( 'NONE', *, *, #2454, .F. ) ;
#2148 = CARTESIAN_POINT ( 'NONE',  ( -0.7768966656430936757, 2.709360653135695518, 9.750000000000001776 ) ) ;
#2149 = EDGE_LOOP ( 'NONE', ( #3310, #8593, #5877 ) ) ;
#2150 = DIRECTION ( 'NONE',  ( -1.000000000000000000, 0.000000000000000000, 0.000000000000000000 ) ) ;
#2151 = CARTESIAN_POINT ( 'NONE',  ( -0.03472392940187180727, 2.878689968965152168, 9.571310031034848009 ) ) ;
#2152 = VECTOR ( 'NONE', #10787, 1000.000000000000000 ) ;
#2153 = VECTOR ( 'NONE', #1424, 1000.000000000000000 ) ;
#2154 = CARTESIAN_POINT ( 'NONE',  ( 0.000000000000000000, 0.000000000000000000, 8.077500000000000568 ) ) ;
#2155 = EDGE_CURVE ( 'NONE', #7817, #7267, #8397, .T. ) ;
#2156 = DIRECTION ( 'NONE',  ( -0.4383711467890706315, 0.8987940462991703683, 0.000000000000000000 ) ) ;
#2157 = FACE_OUTER_BOUND ( 'NONE', #955, .T. ) ;
#2158 = AXIS2_PLACEMENT_3D ( 'NONE', #6772, #2393, #10306 ) ;
#2159 = AXIS2_PLACEMENT_3D ( 'NONE', #10641, #8993, #5376 ) ;
#2160 = ORIENTED_EDGE ( 'NONE', *, *, #6780, .F. ) ;
#2161 = CARTESIAN_POINT ( 'NONE',  ( 2.734823486451064323, -0.6818680780054793278, 8.077500000000002345 ) ) ;
#2162 = CARTESIAN_POINT ( 'NONE',  ( 2.934240477815720283, -0.6246861758897610528, -9.750000000000001776 ) ) ;
#2163 = ORIENTED_EDGE ( 'NONE', *, *, #2775, .T. ) ;
#2164 = CARTESIAN_POINT ( 'NONE',  ( 0.000000000000000000, 0.000000000000000000, 8.077500000000000568 ) ) ;
#2165 = CARTESIAN_POINT ( 'NONE',  ( 2.008114336621342311, 2.228783706656126906, 8.077500000000000568 ) ) ;
#2166 = CARTESIAN_POINT ( 'NONE',  ( -2.024684387340885738, 2.046634999298057256, 9.571310031034848009 ) ) ;
#2167 = ADVANCED_FACE ( 'NONE', ( #4936 ), #7676, .T. ) ;
#2168 = ORIENTED_EDGE ( 'NONE', *, *, #6393, .F. ) ;
#2169 = EDGE_LOOP ( 'NONE', ( #4343, #1769, #8040, #7330 ) ) ;
#2170 =( GEOMETRIC_REPRESENTATION_CONTEXT ( 3 ) GLOBAL_UNCERTAINTY_ASSIGNED_CONTEXT ( ( #5805 ) ) GLOBAL_UNIT_ASSIGNED_CONTEXT ( ( #5179, #6108, #5420 ) ) REPRESENTATION_CONTEXT ( 'NONE', 'WORKASPACE' ) );
#2171 = CIRCLE ( 'NONE', #4980, 3.000000000000000000 ) ;
#2172 = CARTESIAN_POINT ( 'NONE',  ( 1.000000000000000000, 0.3986914069070856548, 9.660670568858732210 ) ) ;
#2173 = CARTESIAN_POINT ( 'NONE',  ( -0.8922005383792531719, 1.545336663013173073, -7.241666666666671581 ) ) ;
#2174 = CARTESIAN_POINT ( 'NONE',  ( 0.5860087391484684050, -2.756954358615474554, 8.077500000000002345 ) ) ;
#2175 = B_SPLINE_CURVE_WITH_KNOTS ( 'NONE', 3,
 ( #9420, #1432, #8583, #2258 ),
 .UNSPECIFIED., .F., .F.,
 ( 4, 4 ),
 ( 3.054997924345196061E-07, 0.0002759181450133580348 ),
 .UNSPECIFIED. ) ;
#2176 = CARTESIAN_POINT ( 'NONE',  ( -1.784401076758506788, 6.065988351121004614E-17, -8.525000000000003908 ) ) ;
#2177 = ORIENTED_EDGE ( 'NONE', *, *, #3916, .T. ) ;
#2178 = DIRECTION ( 'NONE',  ( 0.000000000000000000, -0.000000000000000000, 1.000000000000000000 ) ) ;
#2179 = VERTEX_POINT ( 'NONE', #1862 ) ;
#2180 = LINE ( 'NONE', #7374, #9963 ) ;
#2181 = EDGE_CURVE ( 'NONE', #7983, #9997, #6234, .T. ) ;
#2182 = DIRECTION ( 'NONE',  ( 0.000000000000000000, 0.000000000000000000, -1.000000000000000000 ) ) ;
#2183 = VERTEX_POINT ( 'NONE', #384 ) ;
#2184 = ORIENTED_EDGE ( 'NONE', *, *, #4709, .F. ) ;
#2185 = FACE_OUTER_BOUND ( 'NONE', #1836, .T. ) ;
#2186 = ORIENTED_EDGE ( 'NONE', *, *, #9009, .F. ) ;
#2187 = CARTESIAN_POINT ( 'NONE',  ( 0.000000000000000000, 0.000000000000000000, 8.077500000000002345 ) ) ;
#2188 = VECTOR ( 'NONE', #1428, 1000.000000000000114 ) ;
#2189 = EDGE_LOOP ( 'NONE', ( #7098, #2203, #11091 ) ) ;
#2190 = CARTESIAN_POINT ( 'NONE',  ( 1.957926820807929014, -2.027492575130227070, 9.631453640997325039 ) ) ;
#2191 =( BOUNDED_CURVE ( )  B_SPLINE_CURVE ( 2, ( #1608, #2481, #546, #9517, #11211, #2426, #664, #3302, #4012 ),
 .UNSPECIFIED., .F., .F. ) 
 B_SPLINE_CURVE_WITH_KNOTS ( ( 3, 2, 2, 2, 3 ),
 ( 0.7397574809783146188, 0.7516622428830765923, 0.7754717666926003172, 0.7992812905021241532, 0.8111860524068854605 ),
 .UNSPECIFIED. ) 
 CURVE ( )  GEOMETRIC_REPRESENTATION_ITEM ( )  RATIONAL_B_SPLINE_CURVE ( ( 0.9330127018922192983, 0.9330127018922189652, 1.000000000000000000, 0.8660254037844387076, 1.000000000000000000, 0.8660254037844387076, 1.000000000000000000, 0.9330127018922227400, 0.9330127018922192983 ) ) 
 REPRESENTATION_ITEM ( '' )  );
#2192 = CARTESIAN_POINT ( 'NONE',  ( -2.602571373999946314, -1.230724961934928308, 9.571310031034848009 ) ) ;
#2193 = VERTEX_POINT ( 'NONE', #3852 ) ;
#2194 = EDGE_CURVE ( 'NONE', #3745, #10768, #1987, .T. ) ;
#2195 = EDGE_CURVE ( 'NONE', #5452, #8721, #1326, .T. ) ;
#2196 = ORIENTED_EDGE ( 'NONE', *, *, #5146, .F. ) ;
#2197 = DIRECTION ( 'NONE',  ( -0.2419218955996648712, 0.9702957262759971391, 0.000000000000000000 ) ) ;
#2198 = CIRCLE ( 'NONE', #7593, 3.000000000000000000 ) ;
#2199 = PLANE ( 'NONE',  #6800 ) ;
#2200 = DIRECTION ( 'NONE',  ( 0.000000000000000000, 0.000000000000000000, -1.000000000000000000 ) ) ;
#2201 = LINE ( 'NONE', #2253, #2315 ) ;
#2202 = CARTESIAN_POINT ( 'NONE',  ( 2.905949133825055597, 0.4420382059677983033, 9.510800894373550918 ) ) ;
#2203 = ORIENTED_EDGE ( 'NONE', *, *, #9373, .T. ) ;
#2204 = ORIENTED_EDGE ( 'NONE', *, *, #8981, .F. ) ;
#2205 = DIRECTION ( 'NONE',  ( 0.000000000000000000, 0.000000000000000000, -1.000000000000000000 ) ) ;
#2206 = DIRECTION ( 'NONE',  ( 0.000000000000000000, 0.000000000000000000, -1.000000000000000000 ) ) ;
#2207 = CARTESIAN_POINT ( 'NONE',  ( -6.466857128753951852E-16, 1.154700538379251462, 8.250000000000001776 ) ) ;
#2208 = CARTESIAN_POINT ( 'NONE',  ( 2.298758245762866359, -1.927617837523099231, -9.750000000000001776 ) ) ;
#2209 = DIRECTION ( 'NONE',  ( -0.000000000000000000, -0.000000000000000000, -1.000000000000000000 ) ) ;
#2210 = EDGE_CURVE ( 'NONE', #3125, #3721, #4913, .T. ) ;
#2211 = ADVANCED_FACE ( 'NONE', ( #7518 ), #10017, .T. ) ;
#2212 = DIRECTION ( 'NONE',  ( -1.000000000000000000, 0.000000000000000000, 0.000000000000000000 ) ) ;
#2213 = CARTESIAN_POINT ( 'NONE',  ( -2.008114336621357854, -2.228783706656113583, -9.750000000000001776 ) ) ;
#2214 = LINE ( 'NONE', #1322, #5891 ) ;
#2215 = CARTESIAN_POINT ( 'NONE',  ( 2.970668720312946931, 0.4184822029121886278, 8.077500000000000568 ) ) ;
#2216 = B_SPLINE_CURVE_WITH_KNOTS ( 'NONE', 3,
 ( #4042, #1399, #2283, #1512 ),
 .UNSPECIFIED., .F., .F.,
 ( 4, 4 ),
 ( 3.054997924346405201E-07, 0.0002759181450133582516 ),
 .UNSPECIFIED. ) ;
#2217 = ORIENTED_EDGE ( 'NONE', *, *, #9815, .F. ) ;
#2218 = CARTESIAN_POINT ( 'NONE',  ( -1.017199775999222400, 2.693207438056124392, 9.571310031034848009 ) ) ;
#2219 = VERTEX_POINT ( 'NONE', #2044 ) ;
#2220 = CARTESIAN_POINT ( 'NONE',  ( 2.427622409283261007, -1.762568988137978021, 8.077500000000000568 ) ) ;
#2221 = CARTESIAN_POINT ( 'NONE',  ( -1.338300807568880257, -0.7726683315065862034, -9.166666666666671404 ) ) ;
#2222 = VERTEX_POINT ( 'NONE', #2161 ) ;
#2223 = EDGE_CURVE ( 'NONE', #9806, #5817, #1728, .T. ) ;
#2224 = LINE ( 'NONE', #331, #7375 ) ;
#2225 = EDGE_LOOP ( 'NONE', ( #8512, #9765, #306, #4656 ) ) ;
#2226 = VERTEX_POINT ( 'NONE', #10469 ) ;
#2227 = CARTESIAN_POINT ( 'NONE',  ( -2.094588142061005076, -1.885975634249994703, 9.631453640997325039 ) ) ;
#2228 = EDGE_CURVE ( 'NONE', #1917, #5110, #3352, .T. ) ;
#2229 = CARTESIAN_POINT ( 'NONE',  ( -0.7248221475198702857, 2.911122267178876566, 9.449999999999999289 ) ) ;
#2230 = ORIENTED_EDGE ( 'NONE', *, *, #6298, .F. ) ;
#2231 = CARTESIAN_POINT ( 'NONE',  ( -0.8268532745289803865, -2.757603189564154622, 9.571310031034848009 ) ) ;
#2232 = ORIENTED_EDGE ( 'NONE', *, *, #2550, .T. ) ;
#2233 = CARTESIAN_POINT ( 'NONE',  ( 2.221044840433183953, 1.735270409657345247, 8.077500000000002345 ) ) ;
#2234 = EDGE_LOOP ( 'NONE', ( #4859, #7171, #7692, #3418 ) ) ;
#2235 = DIRECTION ( 'NONE',  ( -0.8829475928589256561, 0.4694715627858931928, 0.000000000000000000 ) ) ;
#2236 = B_SPLINE_CURVE_WITH_KNOTS ( 'NONE', 3,
 ( #6440, #5806, #7414, #7358 ),
 .UNSPECIFIED., .F., .F.,
 ( 4, 4 ),
 ( 3.021976174288344948E-07, 0.0002759148428383538390 ),
 .UNSPECIFIED. ) ;
#2237 = VERTEX_POINT ( 'NONE', #1555 ) ;
#2238 = EDGE_CURVE ( 'NONE', #10993, #9810, #2388, .T. ) ;
#2239 = EDGE_CURVE ( 'NONE', #7245, #951, #11167, .T. ) ;
#2240 = FACE_OUTER_BOUND ( 'NONE', #6157, .T. ) ;
#2241 = DIRECTION ( 'NONE',  ( 0.000000000000000000, -0.000000000000000000, -1.000000000000000000 ) ) ;
#2242 = DIRECTION ( 'NONE',  ( -0.000000000000000000, 0.000000000000000000, -1.000000000000000000 ) ) ;
#2243 = DIRECTION ( 'NONE',  ( 0.9902680687415714722, 0.1391731009600571112, 0.000000000000000000 ) ) ;
#2244 = ORIENTED_EDGE ( 'NONE', *, *, #1125, .F. ) ;
#2245 = DIRECTION ( 'NONE',  ( -0.8480480961564570430, -0.5299192642331553849, 0.000000000000000000 ) ) ;
#2246 = ORIENTED_EDGE ( 'NONE', *, *, #5457, .F. ) ;
#2247 = ORIENTED_EDGE ( 'NONE', *, *, #3928, .F. ) ;
#2248 = CARTESIAN_POINT ( 'NONE',  ( 1.047863013999190018, -1.485265049882429356, -6.638664677738922215 ) ) ;
#2249 = CARTESIAN_POINT ( 'NONE',  ( -0.3922658369821239166, -2.791116459588161014, 9.631453640997325039 ) ) ;
#2250 = LINE ( 'NONE', #8742, #5840 ) ;
#2251 = CARTESIAN_POINT ( 'NONE',  ( -2.970939380026124788, 0.4165563589839765823, 9.449999999999999289 ) ) ;
#2252 = VECTOR ( 'NONE', #1362, 1000.000000000000114 ) ;
#2253 = CARTESIAN_POINT ( 'NONE',  ( -2.775726306570160062, 0.4894354389106047587, 9.750000000000001776 ) ) ;
#2254 = ORIENTED_EDGE ( 'NONE', *, *, #10849, .F. ) ;
#2255 = ORIENTED_EDGE ( 'NONE', *, *, #9718, .T. ) ;
#2256 = CARTESIAN_POINT ( 'NONE',  ( 2.801581052984035924, -0.6627256538376633532, 9.571310031034848009 ) ) ;
#2257 = CARTESIAN_POINT ( 'NONE',  ( 1.957926820807942114, 2.027492575130213304, 8.077500000000002345 ) ) ;
#2258 = CARTESIAN_POINT ( 'NONE',  ( -1.676772478465683447, 2.487656337893167979, 9.449999999999999289 ) ) ;
#2259 = DIRECTION ( 'NONE',  ( -0.8829475928589327616, -0.4694715627858797591, 0.000000000000000000 ) ) ;
#2260 = CARTESIAN_POINT ( 'NONE',  ( -2.000000000000070166, -0.5358983848622668189, -7.356239260883080888 ) ) ;
#2261 = B_SPLINE_CURVE_WITH_KNOTS ( 'NONE', 3,
 ( #3100, #3909, #7524, #1277 ),
 .UNSPECIFIED., .F., .F.,
 ( 4, 4 ),
 ( 3.054997924343685166E-07, 0.0002759181450133582516 ),
 .UNSPECIFIED. ) ;
#2262 = VECTOR ( 'NONE', #7328, 1000.000000000000000 ) ;
#2263 = EDGE_CURVE ( 'NONE', #6667, #2222, #613, .T. ) ;
#2264 = EDGE_CURVE ( 'NONE', #8839, #4009, #9367, .T. ) ;
#2265 = CARTESIAN_POINT ( 'NONE',  ( -2.221044840433160417, 1.735270409657376112, 8.077500000000002345 ) ) ;
#2266 = DIRECTION ( 'NONE',  ( -0.000000000000000000, -0.000000000000000000, -1.000000000000000000 ) ) ;
#2267 = CARTESIAN_POINT ( 'NONE',  ( 2.116048710654287124, -1.952024472908069352, 9.571310031034848009 ) ) ;
#2268 = CARTESIAN_POINT ( 'NONE',  ( 1.000000000000000000, -0.5773502691896258421, 8.250000000000001776 ) ) ;
#2269 = ORIENTED_EDGE ( 'NONE', *, *, #878, .F. ) ;
#2270 = DIRECTION ( 'NONE',  ( -0.000000000000000000, -0.000000000000000000, -1.000000000000000000 ) ) ;
#2271 = EDGE_CURVE ( 'NONE', #11392, #6096, #6010, .T. ) ;
#2272 = VECTOR ( 'NONE', #9125, 1000.000000000000000 ) ;
#2273 = PLANE ( 'NONE',  #2158 ) ;
#2274 = VERTEX_POINT ( 'NONE', #4432 ) ;
#2275 = ORIENTED_EDGE ( 'NONE', *, *, #2998, .F. ) ;
#2276 = CARTESIAN_POINT ( 'NONE',  ( 1.000000000000000000, 0.5773502691896255090, 9.750000000000001776 ) ) ;
#2277 = AXIS2_PLACEMENT_3D ( 'NONE', #8465, #2505, #10540 ) ;
#2278 = ADVANCED_FACE ( 'NONE', ( #9766 ), #6991, .T. ) ;
#2279 = DIRECTION ( 'NONE',  ( -0.1736481776669259181, 0.9848077530122087975, 0.000000000000000000 ) ) ;
#2280 = CARTESIAN_POINT ( 'NONE',  ( 0.000000000000000000, 0.000000000000000000, 9.449999999999999289 ) ) ;
#2281 = CARTESIAN_POINT ( 'NONE',  ( 1.338300807568880924, 0.7726683315065854263, -5.929166666666670693 ) ) ;
#2282 = ORIENTED_EDGE ( 'NONE', *, *, #7050, .T. ) ;
#2283 = CARTESIAN_POINT ( 'NONE',  ( -2.816148808746802068, 0.8421662727204075605, 9.510800894373550918 ) ) ;
#2284 = LINE ( 'NONE', #7640, #62 ) ;
#2285 = AXIS2_PLACEMENT_3D ( 'NONE', #8996, #11514, #3593 ) ;
#2286 = ORIENTED_EDGE ( 'NONE', *, *, #4130, .T. ) ;
#2287 = ORIENTED_EDGE ( 'NONE', *, *, #1337, .F. ) ;
#2288 = CARTESIAN_POINT ( 'NONE',  ( -1.450568432494347526, -1.563318997895393858, -5.919876871692377307 ) ) ;
#2289 = B_SPLINE_CURVE_WITH_KNOTS ( 'NONE', 3,
 ( #5683, #10012, #7407, #5625, #3718, #8210, #2973, #7290 ),
 .UNSPECIFIED., .F., .F.,
 ( 4, 2, 2, 4 ),
 ( 2.544396950738844599E-07, 0.0002984430161323463424, 0.0005966315925696187268, 0.001193008745444163604 ),
 .UNSPECIFIED. ) ;
#2290 = DIRECTION ( 'NONE',  ( -1.000000000000000000, 0.000000000000000000, 0.000000000000000000 ) ) ;
#2291 = ORIENTED_EDGE ( 'NONE', *, *, #9671, .T. ) ;
#2292 = CARTESIAN_POINT ( 'NONE',  ( -2.008615413315367082, 2.230793415506912236, 8.077500000000002345 ) ) ;
#2293 = DIRECTION ( 'NONE',  ( 0.000000000000000000, -0.000000000000000000, 1.000000000000000000 ) ) ;
#2294 = DIRECTION ( 'NONE',  ( 0.000000000000000000, -1.000000000000000000, 0.000000000000000000 ) ) ;
#2295 = AXIS2_PLACEMENT_3D ( 'NONE', #6830, #6545, #7624 ) ;
#2296 = CARTESIAN_POINT ( 'NONE',  ( 0.5431850904497491639, -2.888751997217296807, 9.510800894373550918 ) ) ;
#2297 = CIRCLE ( 'NONE', #6418, 3.000000000000000444 ) ;
#2298 = PLANE ( 'NONE',  #7325 ) ;
#2299 = VERTEX_POINT ( 'NONE', #5251 ) ;
#2300 = CARTESIAN_POINT ( 'NONE',  ( 1.941949504148920536, 2.206529008929994706, 9.510800894373549141 ) ) ;
#2301 = DIRECTION ( 'NONE',  ( 0.9975640502598245307, 0.06975647374412034807, 0.000000000000000000 ) ) ;
#2302 = CARTESIAN_POINT ( 'NONE',  ( -2.158694763139513473, -2.083275526567247127, 8.077500000000000568 ) ) ;
#2303 = EDGE_LOOP ( 'NONE', ( #7575, #9176, #6932, #8568 ) ) ;
#2304 = VECTOR ( 'NONE', #8547, 1000.000000000000114 ) ;
#2305 = ORIENTED_EDGE ( 'NONE', *, *, #7819, .F. ) ;
#2306 = CARTESIAN_POINT ( 'NONE',  ( 0.000000000000000000, 0.000000000000000000, 9.449999999999999289 ) ) ;
#2307 = ADVANCED_FACE ( 'NONE', ( #787 ), #10766, .T. ) ;
#2308 = AXIS2_PLACEMENT_3D ( 'NONE', #9540, #6143, #5209 ) ;
#2309 = AXIS2_PLACEMENT_3D ( 'NONE', #8584, #1544, #6060 ) ;
#2310 = CARTESIAN_POINT ( 'NONE',  ( 2.000000000000003553, 4.125257571003747352E-15, -8.437500000000003553 ) ) ;
#2311 = EDGE_LOOP ( 'NONE', ( #2247, #6499, #6131, #7630 ) ) ;
#2312 = PLANE ( 'NONE',  #9957 ) ;
#2313 = CARTESIAN_POINT ( 'NONE',  ( 0.000000000000000000, 0.000000000000000000, 8.077500000000002345 ) ) ;
#2314 = VERTEX_POINT ( 'NONE', #11460 ) ;
#2315 = VECTOR ( 'NONE', #3297, 1000.000000000000000 ) ;
#2316 = B_SPLINE_CURVE_WITH_KNOTS ( 'NONE', 3,
 ( #9326, #1347, #9089, #8351 ),
 .UNSPECIFIED., .F., .F.,
 ( 4, 4 ),
 ( 3.021976174287550854E-07, 0.0002759148428383534054 ),
 .UNSPECIFIED. ) ;
#2317 = ORIENTED_EDGE ( 'NONE', *, *, #7201, .T. ) ;
#2318 = CARTESIAN_POINT ( 'NONE',  ( 2.939999999999999947, 3.637200993467638614E-16, 6.749999999999999112 ) ) ;
#2319 = CARTESIAN_POINT ( 'NONE',  ( -1.656699982724437969, -2.280251903866782115, 9.750000000000001776 ) ) ;
#2320 = DIRECTION ( 'NONE',  ( -1.000000000000000000, 0.000000000000000000, 0.000000000000000000 ) ) ;
#2321 = EDGE_CURVE ( 'NONE', #2780, #4648, #3539, .T. ) ;
#2322 = CIRCLE ( 'NONE', #10495, 3.000000000000000000 ) ;
#2323 = DIRECTION ( 'NONE',  ( 0.000000000000000000, 0.000000000000000000, -1.000000000000000000 ) ) ;
#2324 = AXIS2_PLACEMENT_3D ( 'NONE', #10007, #1259, #3895 ) ;
#2325 = DIRECTION ( 'NONE',  ( 0.9902680687415684746, -0.1391731009600775948, 0.000000000000000000 ) ) ;
#2326 = CARTESIAN_POINT ( 'NONE',  ( -0.2506926312427378289, -1.524866750471424393, -9.679663336662811091 ) ) ;
#2327 = CARTESIAN_POINT ( 'NONE',  ( 2.272957911392647468, 1.863759769109579079, 9.510800894373550918 ) ) ;
#2328 = ORIENTED_EDGE ( 'NONE', *, *, #7724, .T. ) ;
#2329 = DIRECTION ( 'NONE',  ( -0.000000000000000000, -0.000000000000000000, -1.000000000000000000 ) ) ;
#2330 = CARTESIAN_POINT ( 'NONE',  ( 2.008114336621327656, -2.228783706656141117, 9.449999999999999289 ) ) ;
#2331 = CIRCLE ( 'NONE', #8816, 3.000000000000000444 ) ;
#2332 = AXIS2_PLACEMENT_3D ( 'NONE', #10455, #6051, #9571 ) ;
#2333 = CARTESIAN_POINT ( 'NONE',  ( 0.8922005383792529498, -1.545336663013173517, -6.891666666666669272 ) ) ;
#2334 = CARTESIAN_POINT ( 'NONE',  ( -2.727066569081156189, -0.9225885412759190496, 9.571310031034848009 ) ) ;
#2335 = ORIENTED_EDGE ( 'NONE', *, *, #6738, .T. ) ;
#2336 = ORIENTED_EDGE ( 'NONE', *, *, #8697, .T. ) ;
#2337 = EDGE_CURVE ( 'NONE', #8191, #455, #5419, .T. ) ;
#2338 = EDGE_CURVE ( 'NONE', #5229, #3292, #4612, .T. ) ;
#2339 = VERTEX_POINT ( 'NONE', #5618 ) ;
#2340 = CARTESIAN_POINT ( 'NONE',  ( -2.221044840433160417, 1.735270409657376112, 9.750000000000001776 ) ) ;
#2341 = CARTESIAN_POINT ( 'NONE',  ( 0.000000000000000000, 2.037888611415574314, -8.284375000000007816 ) ) ;
#2342 = ADVANCED_FACE ( 'NONE', ( #8324 ), #10297, .T. ) ;
#2343 = VECTOR ( 'NONE', #7463, 1000.000000000000114 ) ;
#2344 = CIRCLE ( 'NONE', #4210, 3.000000000000000000 ) ;
#2345 = LINE ( 'NONE', #2506, #4510 ) ;
#2346 = CARTESIAN_POINT ( 'NONE',  ( 0.6324784270201603276, 2.808564175525956941, 9.571310031034848009 ) ) ;
#2347 = VERTEX_POINT ( 'NONE', #7450 ) ;
#2348 = DIRECTION ( 'NONE',  ( 0.06975647374413748714, 0.9975640502598235315, 0.000000000000000000 ) ) ;
#2349 = ORIENTED_EDGE ( 'NONE', *, *, #6684, .F. ) ;
#2350 = CARTESIAN_POINT ( 'NONE',  ( -2.230140069598343100, -1.914788085895074321, 9.510800894373550918 ) ) ;
#2351 = VECTOR ( 'NONE', #4078, 1000.000000000000000 ) ;
#2352 = DIRECTION ( 'NONE',  ( 0.000000000000000000, -0.000000000000000000, -1.000000000000000000 ) ) ;
#2353 = AXIS2_PLACEMENT_3D ( 'NONE', #7769, #9617, #6895 ) ;
#2354 = ADVANCED_FACE ( 'NONE', ( #6589, #10121 ), #369, .T. ) ;
#2355 = VERTEX_POINT ( 'NONE', #10351 ) ;
#2356 = EDGE_CURVE ( 'NONE', #11025, #7818, #5958, .T. ) ;
#2357 = CARTESIAN_POINT ( 'NONE',  ( -2.353151076758508875, 9.548577686196303386E-17, -6.709375000000006750 ) ) ;
#2358 = FACE_OUTER_BOUND ( 'NONE', #2395, .T. ) ;
#2359 = FACE_OUTER_BOUND ( 'NONE', #861, .T. ) ;
#2360 = ORIENTED_EDGE ( 'NONE', *, *, #10126, .F. ) ;
#2361 = DIRECTION ( 'NONE',  ( -0.03489949670249586217, 0.9993908270190958731, 0.000000000000000000 ) ) ;
#2362 = VECTOR ( 'NONE', #967, 1000.000000000000114 ) ;
#2363 = DIRECTION ( 'NONE',  ( 0.9135454576425957596, -0.4067366430758116436, 0.000000000000000000 ) ) ;
#2364 = DIRECTION ( 'NONE',  ( -0.9702957262759992485, -0.2419218955996566556, 0.000000000000000000 ) ) ;
#2365 = CARTESIAN_POINT ( 'NONE',  ( -2.818745138964466879, -1.026974119228031057, 9.449999999999999289 ) ) ;
#2366 = ORIENTED_EDGE ( 'NONE', *, *, #9892, .F. ) ;
#2367 = VERTEX_POINT ( 'NONE', #1541 ) ;
#2368 = ORIENTED_EDGE ( 'NONE', *, *, #5658, .F. ) ;
#2369 = ADVANCED_FACE ( 'NONE', ( #8418 ), #4074, .F. ) ;
#2370 = FACE_OUTER_BOUND ( 'NONE', #10686, .T. ) ;
#2371 = CARTESIAN_POINT ( 'NONE',  ( -2.533292686689810669, -1.235569399674157909, 9.750000000000001776 ) ) ;
#2372 = DIRECTION ( 'NONE',  ( -0.1391731009600707114, -0.9902680687415695848, 0.000000000000000000 ) ) ;
#2373 = CARTESIAN_POINT ( 'NONE',  ( 0.000000000000000000, 0.000000000000000000, 9.449999999999999289 ) ) ;
#2374 = ADVANCED_FACE ( 'NONE', ( #7731 ), #10289, .T. ) ;
#2375 = ORIENTED_EDGE ( 'NONE', *, *, #10579, .T. ) ;
#2376 = DIRECTION ( 'NONE',  ( 0.8480480961564191844, -0.5299192642332157810, 0.000000000000000000 ) ) ;
#2377 = VECTOR ( 'NONE', #7007, 1000.000000000000000 ) ;
#2378 = CARTESIAN_POINT ( 'NONE',  ( -1.678384766113690807, -2.486568836142987404, 9.449999999999999289 ) ) ;
#2379 = FACE_OUTER_BOUND ( 'NONE', #764, .T. ) ;
#2380 = LINE ( 'NONE', #1317, #1405 ) ;
#2381 = LINE ( 'NONE', #499, #10716 ) ;
#2382 = CARTESIAN_POINT ( 'NONE',  ( -0.9399354238462402922, -2.785042107924547317, 9.510800894373550918 ) ) ;
#2383 = CIRCLE ( 'NONE', #8874, 1.999999999999992673 ) ;
#2384 = FACE_OUTER_BOUND ( 'NONE', #5871, .T. ) ;
#2385 = EDGE_CURVE ( 'NONE', #10618, #9061, #5902, .T. ) ;
#2386 = CARTESIAN_POINT ( 'NONE',  ( 4.433605334556190233E-16, -1.154700538379251684, 8.250000000000001776 ) ) ;
#2387 = VERTEX_POINT ( 'NONE', #5023 ) ;
#2388 = LINE ( 'NONE', #7626, #2304 ) ;
#2389 = CARTESIAN_POINT ( 'NONE',  ( 2.543628869203379494, 1.590582338565072362, 8.077500000000000568 ) ) ;
#2390 = CARTESIAN_POINT ( 'NONE',  ( -1.545336663013172629, -1.237234468207195847E-11, -6.370336663013147493 ) ) ;
#2391 = CARTESIAN_POINT ( 'NONE',  ( -1.338300807568880035, 0.7726683315065867586, -7.183333333333338011 ) ) ;
#2392 = CARTESIAN_POINT ( 'NONE',  ( -1.973781560086455888, 0.1458399342733270321, -6.798781560087779674 ) ) ;
#2393 = DIRECTION ( 'NONE',  ( -0.4694715627858903062, 0.8829475928589272105, 0.000000000000000000 ) ) ;
#2394 = VERTEX_POINT ( 'NONE', #8538 ) ;
#2395 = EDGE_LOOP ( 'NONE', ( #1448, #5518, #488 ) ) ;
#2396 = ORIENTED_EDGE ( 'NONE', *, *, #6280, .T. ) ;
#2397 = DIRECTION ( 'NONE',  ( 0.000000000000000000, 0.000000000000000000, -1.000000000000000000 ) ) ;
#2398 = CARTESIAN_POINT ( 'NONE',  ( -1.764863307568881545, 1.018944305707787379, -8.167708333333338899 ) ) ;
#2399 = LINE ( 'NONE', #7065, #10112 ) ;
#2400 = EDGE_LOOP ( 'NONE', ( #5921, #10714, #2275, #7071 ) ) ;
#2401 = CARTESIAN_POINT ( 'NONE',  ( -2.650457365590920933, 1.409273179501367546, 9.750000000000001776 ) ) ;
#2402 = DIRECTION ( 'NONE',  ( -0.1391731009600742086, -0.9902680687415691407, 0.000000000000000000 ) ) ;
#2403 = CARTESIAN_POINT ( 'NONE',  ( -0.7768966656430935647, 2.709360653135695962, 9.631453640997325039 ) ) ;
#2404 = ORIENTED_EDGE ( 'NONE', *, *, #10068, .F. ) ;
#2405 = ORIENTED_EDGE ( 'NONE', *, *, #3359, .T. ) ;
#2406 = CARTESIAN_POINT ( 'NONE',  ( -0.1047623084752021816, 3.000000000000000888, 8.077500000000002345 ) ) ;
#2407 = ORIENTED_EDGE ( 'NONE', *, *, #657, .F. ) ;
#2408 = DIRECTION ( 'NONE',  ( 0.000000000000000000, 0.000000000000000000, -1.000000000000000000 ) ) ;
#2409 = DIRECTION ( 'NONE',  ( 0.6691306063588556841, -0.7431448254773965756, 0.000000000000000000 ) ) ;
#2410 = EDGE_CURVE ( 'NONE', #6316, #402, #545, .T. ) ;
#2411 = EDGE_CURVE ( 'NONE', #1519, #6568, #8872, .T. ) ;
#2412 = PLANE ( 'NONE',  #780 ) ;
#2413 = ORIENTED_EDGE ( 'NONE', *, *, #1451, .T. ) ;
#2414 = ADVANCED_FACE ( 'NONE', ( #906 ), #9576, .F. ) ;
#2415 = EDGE_LOOP ( 'NONE', ( #9830, #1822, #348, #9974 ) ) ;
#2416 = ORIENTED_EDGE ( 'NONE', *, *, #6806, .F. ) ;
#2417 = CARTESIAN_POINT ( 'NONE',  ( -1.571971998149280791, -1.136855584551041076, -6.749848297651917406 ) ) ;
#2418 = DIRECTION ( 'NONE',  ( -0.000000000000000000, -0.000000000000000000, -1.000000000000000000 ) ) ;
#2419 = VERTEX_POINT ( 'NONE', #10515 ) ;
#2420 = CARTESIAN_POINT ( 'NONE',  ( -2.698629191337165611, 1.165048767896322168, 9.510800894373550918 ) ) ;
#2421 = CARTESIAN_POINT ( 'NONE',  ( -1.338300807568880257, -0.7726683315065862034, -9.079166666666671048 ) ) ;
#2422 = EDGE_CURVE ( 'NONE', #11525, #10199, #11381, .T. ) ;
#2423 = CARTESIAN_POINT ( 'NONE',  ( -2.883516910659411181, -0.8278467406115741500, 9.449999999999999289 ) ) ;
#2424 = ORIENTED_EDGE ( 'NONE', *, *, #9892, .T. ) ;
#2425 = CARTESIAN_POINT ( 'NONE',  ( 0.1966118550883705629, 2.811680521731790172, 8.077500000000002345 ) ) ;
#2426 = CARTESIAN_POINT ( 'NONE',  ( 1.154700538379254349, 2.000000000000002665, -9.108333333333336057 ) ) ;
#2427 = CARTESIAN_POINT ( 'NONE',  ( -2.803106067138689816, -0.2946183195551619338, 9.750000000000001776 ) ) ;
#2428 = CARTESIAN_POINT ( 'NONE',  ( -2.289816837449017317, -1.744935683522082615, 9.571310031034848009 ) ) ;
#2429 = DIRECTION ( 'NONE',  ( -0.8090169943749456749, 0.5877852522924754686, 0.000000000000000000 ) ) ;
#2430 = DIRECTION ( 'NONE',  ( 0.000000000000000000, -0.000000000000000000, 1.000000000000000000 ) ) ;
#2431 = CIRCLE ( 'NONE', #11169, 3.000000000000000000 ) ;
#2432 = DIRECTION ( 'NONE',  ( -0.000000000000000000, -0.000000000000000000, -1.000000000000000000 ) ) ;
#2433 = FACE_OUTER_BOUND ( 'NONE', #7949, .T. ) ;
#2434 = CARTESIAN_POINT ( 'NONE',  ( 0.7267091498297103547, -2.910651784661603791, -9.750000000000001776 ) ) ;
#2435 = CARTESIAN_POINT ( 'NONE',  ( 1.957926820807942558, 2.027492575130213748, 9.631453640997325039 ) ) ;
#2436 = CARTESIAN_POINT ( 'NONE',  ( 1.315987345267976671, 2.695955731664476218, 8.077500000000000568 ) ) ;
#2437 = CARTESIAN_POINT ( 'NONE',  ( 1.338300807568879813, -0.7726683315065872026, -8.233333333333339610 ) ) ;
#2438 = DIRECTION ( 'NONE',  ( 0.000000000000000000, -0.000000000000000000, 1.000000000000000000 ) ) ;
#2439 = LINE ( 'NONE', #7748, #1032 ) ;
#2440 = EDGE_LOOP ( 'NONE', ( #8976, #8008, #4927, #10230 ) ) ;
#2441 = AXIS2_PLACEMENT_3D ( 'NONE', #8110, #3919, #7423 ) ;
#2442 = ORIENTED_EDGE ( 'NONE', *, *, #9075, .T. ) ;
#2443 = ADVANCED_FACE ( 'NONE', ( #10572 ), #10850, .T. ) ;
#2444 = CARTESIAN_POINT ( 'NONE',  ( 0.1047623084752231232, -3.000000000000000444, 8.077500000000002345 ) ) ;
#2445 = CARTESIAN_POINT ( 'NONE',  ( -2.440932748640464389, -1.409273179501314921, 8.077500000000002345 ) ) ;
#2446 = AXIS2_PLACEMENT_3D ( 'NONE', #5655, #4771, #8124 ) ;
#2447 = ORIENTED_EDGE ( 'NONE', *, *, #1602, .F. ) ;
#2448 = CARTESIAN_POINT ( 'NONE',  ( -2.816829376715346278, -0.09836584936183187522, 8.077500000000002345 ) ) ;
#2449 = B_SPLINE_CURVE_WITH_KNOTS ( 'NONE', 3,
 ( #11028, #7489, #8791, #10680 ),
 .UNSPECIFIED., .F., .F.,
 ( 4, 4 ),
 ( 3.021976174287732437E-07, 0.0002759148428383533511 ),
 .UNSPECIFIED. ) ;
#2450 = CARTESIAN_POINT ( 'NONE',  ( -2.970939380026133225, -0.4165563589839168523, 8.077500000000000568 ) ) ;
#2451 = CARTESIAN_POINT ( 'NONE',  ( -0.7248221475199289054, -2.911122267178862799, 9.449999999999999289 ) ) ;
#2452 = ORIENTED_EDGE ( 'NONE', *, *, #3214, .F. ) ;
#2453 = ORIENTED_EDGE ( 'NONE', *, *, #29, .T. ) ;
#2454 = EDGE_CURVE ( 'NONE', #5560, #8130, #6235, .T. ) ;
#2455 = DIRECTION ( 'NONE',  ( -0.000000000000000000, 0.000000000000000000, -1.000000000000000000 ) ) ;
#2456 = VECTOR ( 'NONE', #5235, 1000.000000000000227 ) ;
#2457 = DIRECTION ( 'NONE',  ( 0.000000000000000000, -0.000000000000000000, -1.000000000000000000 ) ) ;
#2458 = PLANE ( 'NONE',  #1389 ) ;
#2459 = ORIENTED_EDGE ( 'NONE', *, *, #3200, .F. ) ;
#2460 = FACE_OUTER_BOUND ( 'NONE', #1204, .T. ) ;
#2461 = CARTESIAN_POINT ( 'NONE',  ( 1.764863307568881101, -1.018944305707788045, -6.461458333333335524 ) ) ;
#2462 = CARTESIAN_POINT ( 'NONE',  ( -0.6704964495434923011, -1.392300223803135006, -5.512114822414912574 ) ) ;
#2463 = DIRECTION ( 'NONE',  ( 0.9396926207859064295, -0.3420201433256739310, 0.000000000000000000 ) ) ;
#2464 = AXIS2_PLACEMENT_3D ( 'NONE', #4460, #1640, #2758 ) ;
#2465 = ORIENTED_EDGE ( 'NONE', *, *, #8911, .F. ) ;
#2466 = CARTESIAN_POINT ( 'NONE',  ( -2.775726306570169832, -0.4894354389105490255, 9.750000000000001776 ) ) ;
#2467 = ORIENTED_EDGE ( 'NONE', *, *, #2642, .T. ) ;
#2468 = ORIENTED_EDGE ( 'NONE', *, *, #3621, .F. ) ;
#2469 = CARTESIAN_POINT ( 'NONE',  ( -0.7262080731356355123, 2.912661493512366029, 9.750000000000001776 ) ) ;
#2470 = EDGE_CURVE ( 'NONE', #6883, #4216, #6596, .T. ) ;
#2471 = CARTESIAN_POINT ( 'NONE',  ( -2.820796215196649026, 1.026685859262374212, 8.077500000000002345 ) ) ;
#2472 = ORIENTED_EDGE ( 'NONE', *, *, #7466, .F. ) ;
#2473 = B_SPLINE_CURVE_WITH_KNOTS ( 'NONE', 3,
 ( #10959, #6550, #5691, #7688, #2392, #6714 ),
 .UNSPECIFIED., .F., .F.,
 ( 4, 2, 4 ),
 ( 0.000000000000000000, 0.0004378944347317052571, 0.0008757888694634105142 ),
 .UNSPECIFIED. ) ;
#2474 = AXIS2_PLACEMENT_3D ( 'NONE', #687, #1677, #9489 ) ;
#2475 = CARTESIAN_POINT ( 'NONE',  ( 0.000000000000000000, 0.000000000000000000, 9.449999999999999289 ) ) ;
#2476 = ADVANCED_FACE ( 'NONE', ( #10132 ), #7519, .T. ) ;
#2477 = DIRECTION ( 'NONE',  ( 0.8090169943749457859, -0.5877852522924754686, 0.000000000000000000 ) ) ;
#2478 = DIRECTION ( 'NONE',  ( 0.9848077530122071321, -0.1736481776669356880, 0.000000000000000000 ) ) ;
#2479 = ORIENTED_EDGE ( 'NONE', *, *, #5171, .F. ) ;
#2480 = CONICAL_SURFACE ( 'NONE', #9185, 1.154700538379251462, 0.7853981633974500554 ) ;
#2481 = CARTESIAN_POINT ( 'NONE',  ( -2.000000000000004885, 0.5358983848622440593, -8.906260739116964587 ) ) ;
#2482 = CARTESIAN_POINT ( 'NONE',  ( 2.885542882574263057, 0.8274161069873321450, 9.750000000000001776 ) ) ;
#2483 = CARTESIAN_POINT ( 'NONE',  ( -1.500842031447392477, -2.597589882302605346, 9.449999999999999289 ) ) ;
#2484 = CIRCLE ( 'NONE', #6959, 3.000000000000000000 ) ;
#2485 = CIRCLE ( 'NONE', #8983, 3.000000000000000888 ) ;
#2486 = DIRECTION ( 'NONE',  ( 0.000000000000000000, 0.000000000000000000, -1.000000000000000000 ) ) ;
#2487 = EDGE_CURVE ( 'NONE', #5791, #9071, #7460, .T. ) ;
#2488 = EDGE_CURVE ( 'NONE', #4835, #7246, #498, .T. ) ;
#2489 = CARTESIAN_POINT ( 'NONE',  ( 2.884052962002325859, 0.8259773074156551154, 9.449999999999999289 ) ) ;
#2490 = EDGE_CURVE ( 'NONE', #5603, #5900, #4742, .T. ) ;
#2491 = CIRCLE ( 'NONE', #5314, 3.000000000000000000 ) ;
#2492 = CARTESIAN_POINT ( 'NONE',  ( -0.9639996296761568217, -2.648567214897797673, 9.631453640997325039 ) ) ;
#2493 = LINE ( 'NONE', #723, #6236 ) ;
#2494 = EDGE_LOOP ( 'NONE', ( #10149, #7247, #11446, #5284 ) ) ;
#2495 = CARTESIAN_POINT ( 'NONE',  ( 2.428530378214558638, 1.764430600325814114, 8.077500000000002345 ) ) ;
#2496 = CARTESIAN_POINT ( 'NONE',  ( 1.338300807568879813, -0.7726683315065872026, -6.833333333333338366 ) ) ;
#2497 = DIRECTION ( 'NONE',  ( -0.9902680687415684746, 0.1391731009600775948, 0.000000000000000000 ) ) ;
#2498 = DIRECTION ( 'NONE',  ( -0.7071067811865462405, 8.659560562354918067E-17, 0.7071067811865489050 ) ) ;
#2499 = VERTEX_POINT ( 'NONE', #6546 ) ;
#2500 = ORIENTED_EDGE ( 'NONE', *, *, #10983, .T. ) ;
#2501 = CARTESIAN_POINT ( 'NONE',  ( -0.9509731934519077834, 1.488713353476341483, -9.462046434170252596 ) ) ;
#2502 = DIRECTION ( 'NONE',  ( -0.4067366430757904938, 0.9135454576426051965, 0.000000000000000000 ) ) ;
#2503 = DIRECTION ( 'NONE',  ( -0.000000000000000000, -0.000000000000000000, -1.000000000000000000 ) ) ;
#2504 = VECTOR ( 'NONE', #3303, 1000.000000000000000 ) ;
#2505 = DIRECTION ( 'NONE',  ( -1.224646799147353207E-16, 1.000000000000000000, 0.000000000000000000 ) ) ;
#2506 = CARTESIAN_POINT ( 'NONE',  ( 2.741031733634765821, 1.219321547093789482, -9.750000000000001776 ) ) ;
#2507 = AXIS2_PLACEMENT_3D ( 'NONE', #5716, #10804, #9229 ) ;
#2508 = CARTESIAN_POINT ( 'NONE',  ( 0.8268532745289617347, 2.757603189564161283, 9.571310031034848009 ) ) ;
#2509 = ORIENTED_EDGE ( 'NONE', *, *, #1978, .T. ) ;
#2510 = EDGE_CURVE ( 'NONE', #6295, #2339, #10573, .T. ) ;
#2511 = DIRECTION ( 'NONE',  ( -0.9993908270190962062, -0.03489949670248931185, 0.000000000000000000 ) ) ;
#2512 = FACE_OUTER_BOUND ( 'NONE', #9166, .T. ) ;
#2513 = FACE_OUTER_BOUND ( 'NONE', #11412, .T. ) ;
#2514 = CARTESIAN_POINT ( 'NONE',  ( -1.459388150058503753, 0.5311219672873356279, -6.374878700327138326 ) ) ;
#2515 = ORIENTED_EDGE ( 'NONE', *, *, #2550, .F. ) ;
#2516 = ORIENTED_EDGE ( 'NONE', *, *, #3389, .F. ) ;
#2517 = AXIS2_PLACEMENT_3D ( 'NONE', #5275, #8780, #808 ) ;
#2518 = VECTOR ( 'NONE', #5139, 1000.000000000000000 ) ;
#2519 = DIRECTION ( 'NONE',  ( -0.000000000000000000, -0.000000000000000000, 1.000000000000000000 ) ) ;
#2520 = CARTESIAN_POINT ( 'NONE',  ( -2.803106067138689816, -0.2946183195551619338, 8.077500000000002345 ) ) ;
#2521 = ORIENTED_EDGE ( 'NONE', *, *, #5400, .F. ) ;
#2522 = CARTESIAN_POINT ( 'NONE',  ( -1.323227363945487456, -2.488628723042695334, 9.750000000000001776 ) ) ;
#2523 = CARTESIAN_POINT ( 'NONE',  ( -2.495693764988927099E-16, -2.037888611415574314, -9.378125000000002487 ) ) ;
#2524 = EDGE_LOOP ( 'NONE', ( #4382, #271, #11015, #9741 ) ) ;
#2525 = EDGE_CURVE ( 'NONE', #5341, #5758, #6113, .T. ) ;
#2526 = AXIS2_PLACEMENT_3D ( 'NONE', #923, #4488, #76 ) ;
#2527 = AXIS2_PLACEMENT_3D ( 'NONE', #9466, #11150, #5951 ) ;
#2528 = ORIENTED_EDGE ( 'NONE', *, *, #6632, .F. ) ;
#2529 = CARTESIAN_POINT ( 'NONE',  ( 0.9261261411943858546, 2.853469882545880409, 8.077500000000000568 ) ) ;
#2530 = CARTESIAN_POINT ( 'NONE',  ( -2.006669090636782116, 2.230085011985631471, 9.449999999999999289 ) ) ;
#2531 = ORIENTED_EDGE ( 'NONE', *, *, #4000, .T. ) ;
#2532 = VERTEX_POINT ( 'NONE', #6498 ) ;
#2533 = DIRECTION ( 'NONE',  ( -0.2419218955996793319, -0.9702957262759934753, 0.000000000000000000 ) ) ;
#2534 = CARTESIAN_POINT ( 'NONE',  ( -1.146406084414235638, 2.574870223422000670, 8.077500000000002345 ) ) ;
#2535 = AXIS2_PLACEMENT_3D ( 'NONE', #5667, #8318, #3012 ) ;
#2536 = CARTESIAN_POINT ( 'NONE',  ( 2.137411790759710328, 2.017773272851829613, 9.510800894373550918 ) ) ;
#2537 = CARTESIAN_POINT ( 'NONE',  ( 2.742306912204059532, -1.220953701233137956, 8.077500000000002345 ) ) ;
#2538 = VERTEX_POINT ( 'NONE', #5751 ) ;
#2539 = EDGE_CURVE ( 'NONE', #6023, #10993, #1061, .T. ) ;
#2540 = CARTESIAN_POINT ( 'NONE',  ( 1.146406084414252291, -2.574870223421992677, 9.631453640997325039 ) ) ;
#2541 = EDGE_LOOP ( 'NONE', ( #9878, #8393, #4902, #5359 ) ) ;
#2542 = CARTESIAN_POINT ( 'NONE',  ( 1.314239397301693257, -2.696808262850749927, 9.449999999999999289 ) ) ;
#2543 = DIRECTION ( 'NONE',  ( -1.000000000000000000, 0.000000000000000000, 0.000000000000000000 ) ) ;
#2544 = DIRECTION ( 'NONE',  ( -0.000000000000000000, -0.000000000000000000, 1.000000000000000000 ) ) ;
#2545 = ORIENTED_EDGE ( 'NONE', *, *, #8686, .F. ) ;
#2546 = CARTESIAN_POINT ( 'NONE',  ( 1.146406084414269833, 2.574870223421984683, 9.750000000000001776 ) ) ;
#2547 = EDGE_LOOP ( 'NONE', ( #5092, #158, #1116, #1051 ) ) ;
#2548 = ADVANCED_FACE ( 'NONE', ( #2862 ), #7221, .F. ) ;
#2549 = CARTESIAN_POINT ( 'NONE',  ( 0.000000000000000000, 0.000000000000000000, -9.750000000000001776 ) ) ;
#2550 = EDGE_CURVE ( 'NONE', #7074, #7720, #1273, .T. ) ;
#2551 = AXIS2_PLACEMENT_3D ( 'NONE', #10406, #11322, #3351 ) ;
#2552 = ORIENTED_EDGE ( 'NONE', *, *, #10836, .F. ) ;
#2553 = LINE ( 'NONE', #9650, #8612 ) ;
#2554 = CARTESIAN_POINT ( 'NONE',  ( -1.124504798187655252, 2.783247042597908560, 8.077500000000002345 ) ) ;
#2555 = EDGE_LOOP ( 'NONE', ( #7004, #6326, #7231, #10919 ) ) ;
#2556 = CARTESIAN_POINT ( 'NONE',  ( -1.592687082988008651, 0.8648829268769496759, -9.426953973342007131 ) ) ;
#2557 = EDGE_LOOP ( 'NONE', ( #7712, #3426, #2479, #10637 ) ) ;
#2558 = FACE_OUTER_BOUND ( 'NONE', #9323, .T. ) ;
#2559 = FACE_OUTER_BOUND ( 'NONE', #4304, .T. ) ;
#2560 = CARTESIAN_POINT ( 'NONE',  ( -0.7262080731356355123, 2.912661493512366029, 8.077500000000002345 ) ) ;
#2561 = VERTEX_POINT ( 'NONE', #2978 ) ;
#2562 = DIRECTION ( 'NONE',  ( -1.000000000000000000, 0.000000000000000000, 0.000000000000000000 ) ) ;
#2563 = EDGE_CURVE ( 'NONE', #9328, #5804, #4623, .T. ) ;
#2564 = ORIENTED_EDGE ( 'NONE', *, *, #7874, .F. ) ;
#2565 = DIRECTION ( 'NONE',  ( -1.000000000000000000, 0.000000000000000000, 0.000000000000000000 ) ) ;
#2566 = PLANE ( 'NONE',  #2517 ) ;
#2567 = EDGE_LOOP ( 'NONE', ( #7029, #2396, #2366, #11121 ) ) ;
#2568 = ORIENTED_EDGE ( 'NONE', *, *, #3669, .F. ) ;
#2569 = FACE_OUTER_BOUND ( 'NONE', #4122, .T. ) ;
#2570 = CARTESIAN_POINT ( 'NONE',  ( -1.338300807568880257, -0.7726683315065862034, -9.866666666666670693 ) ) ;
#2571 = EDGE_CURVE ( 'NONE', #8098, #2594, #8214, .T. ) ;
#2572 = CARTESIAN_POINT ( 'NONE',  ( -1.314239397301729673, -2.696808262850733051, 9.449999999999999289 ) ) ;
#2573 = ORIENTED_EDGE ( 'NONE', *, *, #2487, .F. ) ;
#2574 = CARTESIAN_POINT ( 'NONE',  ( -2.934240477815717174, 0.6246861758897803707, 9.449999999999999289 ) ) ;
#2575 = CARTESIAN_POINT ( 'NONE',  ( 1.176575538379255326, 2.037888611415573425, -6.286458333333335702 ) ) ;
#2576 = ORIENTED_EDGE ( 'NONE', *, *, #6704, .F. ) ;
#2577 = ORIENTED_EDGE ( 'NONE', *, *, #9165, .T. ) ;
#2578 = EDGE_LOOP ( 'NONE', ( #11500, #9640, #6100, #8092, #109, #7774, #3611, #6381, #3807, #8132, #159, #1177 ) ) ;
#2579 = VERTEX_POINT ( 'NONE', #3786 ) ;
#2580 = CARTESIAN_POINT ( 'NONE',  ( 2.613310677415287664, 1.055846049930808217, 9.631453640997325039 ) ) ;
#2581 = DIRECTION ( 'NONE',  ( -1.000000000000000000, 0.000000000000000000, 0.000000000000000000 ) ) ;
#2582 = ADVANCED_FACE ( 'NONE', ( #1216 ), #4806, .F. ) ;
#2583 = EDGE_CURVE ( 'NONE', #9993, #810, #8138, .T. ) ;
#2584 = CARTESIAN_POINT ( 'NONE',  ( 1.176575538379255326, 2.037888611415573425, -7.642708333333339432 ) ) ;
#2585 = DIRECTION ( 'NONE',  ( -1.000000000000000000, 0.000000000000000000, 0.000000000000000000 ) ) ;
#2586 = CARTESIAN_POINT ( 'NONE',  ( -2.426479301982332082, 1.764142340360135508, 8.077500000000000568 ) ) ;
#2587 = DIRECTION ( 'NONE',  ( -1.000000000000000000, 0.000000000000000000, 0.000000000000000000 ) ) ;
#2588 = ORIENTED_EDGE ( 'NONE', *, *, #7700, .T. ) ;
#2589 = CARTESIAN_POINT ( 'NONE',  ( -2.648386132258304659, 1.409273179501368878, 9.449999999999999289 ) ) ;
#2590 = CARTESIAN_POINT ( 'NONE',  ( -2.992624163415377403, 0.2102394267077715428, 9.449999999999999289 ) ) ;
#2591 = FACE_OUTER_BOUND ( 'NONE', #1446, .T. ) ;
#2592 = CARTESIAN_POINT ( 'NONE',  ( -2.299534143425791655, -1.929538251628111878, 8.077500000000002345 ) ) ;
#2593 = EDGE_CURVE ( 'NONE', #5, #10346, #1442, .T. ) ;
#2594 = VERTEX_POINT ( 'NONE', #4252 ) ;
#2595 = DIRECTION ( 'NONE',  ( -0.000000000000000000, 0.000000000000000000, 1.000000000000000000 ) ) ;
#2596 = CARTESIAN_POINT ( 'NONE',  ( 2.272957911392635033, -1.863759769109595288, 9.510800894373549141 ) ) ;
#2597 = ORIENTED_EDGE ( 'NONE', *, *, #10791, .T. ) ;
#2598 = CARTESIAN_POINT ( 'NONE',  ( -1.323227363945487456, -2.488628723042695334, 9.631453640997325039 ) ) ;
#2599 = ORIENTED_EDGE ( 'NONE', *, *, #9948, .T. ) ;
#2600 = CARTESIAN_POINT ( 'NONE',  ( 0.000000000000000000, 1.545336663013173073, -6.600000000000004974 ) ) ;
#2601 = CARTESIAN_POINT ( 'NONE',  ( 2.533292686689803119, 1.235569399674175894, 8.077500000000002345 ) ) ;
#2602 = ORIENTED_EDGE ( 'NONE', *, *, #597, .T. ) ;
#2603 = CARTESIAN_POINT ( 'NONE',  ( -0.5348330295567084169, 1.663784892139571925, -9.481007179782142913 ) ) ;
#2604 = EDGE_CURVE ( 'NONE', #6511, #5804, #10034, .T. ) ;
#2605 = EDGE_CURVE ( 'NONE', #5814, #11025, #8703, .T. ) ;
#2606 = ADVANCED_FACE ( 'NONE', ( #11228 ), #7798, .T. ) ;
#2607 = CARTESIAN_POINT ( 'NONE',  ( -2.803106067138683599, 0.2946183195552181111, 9.750000000000001776 ) ) ;
#2608 = EDGE_CURVE ( 'NONE', #7659, #9415, #3201, .T. ) ;
#2609 = DIRECTION ( 'NONE',  ( 0.9612616959383168957, -0.2756373558170063243, 0.000000000000000000 ) ) ;
#2610 = DIRECTION ( 'NONE',  ( 0.000000000000000000, 0.000000000000000000, -1.000000000000000000 ) ) ;
#2611 = AXIS2_PLACEMENT_3D ( 'NONE', #617, #3420, #4983 ) ;
#2612 = FACE_OUTER_BOUND ( 'NONE', #6582, .T. ) ;
#2613 = ORIENTED_EDGE ( 'NONE', *, *, #8543, .F. ) ;
#2614 = CARTESIAN_POINT ( 'NONE',  ( -2.158694763139470396, 2.083275526567291980, 9.449999999999999289 ) ) ;
#2615 = ORIENTED_EDGE ( 'NONE', *, *, #696, .F. ) ;
#2616 = DIRECTION ( 'NONE',  ( 0.03489949670248930491, -0.9993908270190959842, 0.000000000000000000 ) ) ;
#2617 = CARTESIAN_POINT ( 'NONE',  ( -1.636674326641945898, 0.7502496463236960622, -6.615746944857037626 ) ) ;
#2618 = AXIS2_PLACEMENT_3D ( 'NONE', #2831, #3649, #10867 ) ;
#2619 = FACE_OUTER_BOUND ( 'NONE', #6748, .T. ) ;
#2620 = ORIENTED_EDGE ( 'NONE', *, *, #7548, .T. ) ;
#2621 = EDGE_LOOP ( 'NONE', ( #297, #10040, #7187 ) ) ;
#2622 = VERTEX_POINT ( 'NONE', #11285 ) ;
#2623 = FACE_OUTER_BOUND ( 'NONE', #6043, .T. ) ;
#2624 = EDGE_CURVE ( 'NONE', #9078, #3162, #8669, .T. ) ;
#2625 = EDGE_CURVE ( 'NONE', #1857, #2299, #4139, .T. ) ;
#2626 = CARTESIAN_POINT ( 'NONE',  ( 1.338300807568880924, 0.7726683315065854263, -8.816666666666669983 ) ) ;
#2627 = CIRCLE ( 'NONE', #1135, 3.000000000000000000 ) ;
#2628 = CARTESIAN_POINT ( 'NONE',  ( 0.000000000000000000, 0.000000000000000000, 8.077500000000000568 ) ) ;
#2629 = EDGE_CURVE ( 'NONE', #1575, #9462, #10362, .T. ) ;
#2630 = DIRECTION ( 'NONE',  ( 0.3420201433256804813, 0.9396926207859040980, 0.000000000000000000 ) ) ;
#2631 = CARTESIAN_POINT ( 'NONE',  ( -1.764863307568881545, 1.018944305707787379, -9.611458333333336768 ) ) ;
#2632 = ORIENTED_EDGE ( 'NONE', *, *, #1625, .F. ) ;
#2633 = DIRECTION ( 'NONE',  ( 0.000000000000000000, 0.000000000000000000, -1.000000000000000000 ) ) ;
#2634 = ORIENTED_EDGE ( 'NONE', *, *, #1198, .T. ) ;
#2635 = CARTESIAN_POINT ( 'NONE',  ( -1.493602012769896126, -2.390262873680833344, 8.077500000000002345 ) ) ;
#2636 = CARTESIAN_POINT ( 'NONE',  ( 1.811726676894017229, -2.159131775987237045, 9.631453640997325039 ) ) ;
#2637 = EDGE_LOOP ( 'NONE', ( #6153, #4072, #6933, #11295 ) ) ;
#2638 = AXIS2_PLACEMENT_3D ( 'NONE', #2628, #3335, #11357 ) ;
#2639 = VERTEX_POINT ( 'NONE', #2389 ) ;
#2640 = VERTEX_POINT ( 'NONE', #1497 ) ;
#2641 = CARTESIAN_POINT ( 'NONE',  ( 2.775726306570163171, -0.4894354389105862180, 9.631453640997325039 ) ) ;
#2642 = EDGE_CURVE ( 'NONE', #4820, #5065, #3311, .T. ) ;
#2643 = VECTOR ( 'NONE', #5196, 1000.000000000000000 ) ;
#2644 = ORIENTED_EDGE ( 'NONE', *, *, #10899, .F. ) ;
#2645 = DIRECTION ( 'NONE',  ( -1.000000000000000000, 0.000000000000000000, 0.000000000000000000 ) ) ;
#2646 = VECTOR ( 'NONE', #10481, 1000.000000000000000 ) ;
#2647 = DIRECTION ( 'NONE',  ( -0.9945218953682721796, 0.1045284632676652531, 0.000000000000000000 ) ) ;
#2648 = CARTESIAN_POINT ( 'NONE',  ( 1.678601268950999259, 2.488628723042702884, 8.077500000000002345 ) ) ;
#2649 = VERTEX_POINT ( 'NONE', #11115 ) ;
#2650 = EDGE_CURVE ( 'NONE', #7259, #2183, #3145, .T. ) ;
#2651 = CARTESIAN_POINT ( 'NONE',  ( 2.970939380026130561, 0.4165563589839371139, 9.449999999999999289 ) ) ;
#2652 = ORIENTED_EDGE ( 'NONE', *, *, #8794, .F. ) ;
#2653 = CARTESIAN_POINT ( 'NONE',  ( 0.000000000000000000, 0.000000000000000000, 8.077500000000000568 ) ) ;
#2654 = VECTOR ( 'NONE', #11382, 1000.000000000000227 ) ;
#2655 = CARTESIAN_POINT ( 'NONE',  ( -0.7768966656431479656, -2.709360653135679531, 9.750000000000001776 ) ) ;
#2656 = CARTESIAN_POINT ( 'NONE',  ( -1.545336663013172629, -1.237234468207195847E-11, -6.370336663013147493 ) ) ;
#2657 = DIRECTION ( 'NONE',  ( 0.3746065934159587552, 0.9271838545667684395, 0.000000000000000000 ) ) ;
#2658 = VECTOR ( 'NONE', #49, 1000.000000000000000 ) ;
#2659 = VECTOR ( 'NONE', #9658, 1000.000000000000114 ) ;
#2660 = ORIENTED_EDGE ( 'NONE', *, *, #7829, .T. ) ;
#2661 = CARTESIAN_POINT ( 'NONE',  ( -2.784780095336905514, -0.7301106144339167825, 9.571310031034848009 ) ) ;
#2662 = EDGE_CURVE ( 'NONE', #3812, #7216, #1386, .T. ) ;
#2663 = EDGE_LOOP ( 'NONE', ( #9627, #45, #1130 ) ) ;
#2664 = DIRECTION ( 'NONE',  ( 1.000000000000000000, 0.000000000000000000, 0.000000000000000000 ) ) ;
#2665 = CARTESIAN_POINT ( 'NONE',  ( 0.000000000000000000, 0.000000000000000000, -9.750000000000001776 ) ) ;
#2666 = DIRECTION ( 'NONE',  ( -0.9135454576425816597, 0.4067366430758432294, 0.000000000000000000 ) ) ;
#2667 = LINE ( 'NONE', #5442, #9223 ) ;
#2668 = ORIENTED_EDGE ( 'NONE', *, *, #9390, .T. ) ;
#2669 = VECTOR ( 'NONE', #6042, 1000.000000000000000 ) ;
#2670 = CARTESIAN_POINT ( 'NONE',  ( -0.0006120258127817747003, -1.590787067399337174, -9.639345512829560647 ) ) ;
#2671 = AXIS2_PLACEMENT_3D ( 'NONE', #7281, #8140, #5674 ) ;
#2672 = AXIS2_PLACEMENT_3D ( 'NONE', #1903, #4549, #7910 ) ;
#2673 = CARTESIAN_POINT ( 'NONE',  ( -0.1037266918089345263, -2.998206259316789080, -9.750000000000001776 ) ) ;
#2674 = CARTESIAN_POINT ( 'NONE',  ( -1.957926820807955881, -2.027492575130200425, 8.077500000000002345 ) ) ;
#2675 = FACE_OUTER_BOUND ( 'NONE', #7803, .T. ) ;
#2676 = LINE ( 'NONE', #11409, #10937 ) ;
#2677 = ORIENTED_EDGE ( 'NONE', *, *, #11477, .F. ) ;
#2678 = CARTESIAN_POINT ( 'NONE',  ( 2.543628869203379939, 1.590582338565072584, 9.449999999999999289 ) ) ;
#2679 = ORIENTED_EDGE ( 'NONE', *, *, #7547, .T. ) ;
#2680 = DIRECTION ( 'NONE',  ( -0.000000000000000000, -0.000000000000000000, -1.000000000000000000 ) ) ;
#2681 = AXIS2_PLACEMENT_3D ( 'NONE', #2313, #8414, #541 ) ;
#2682 = CARTESIAN_POINT ( 'NONE',  ( 0.5219021180699799922, 2.954254250932723647, 9.449999999999999289 ) ) ;
#2683 = EDGE_CURVE ( 'NONE', #2947, #6745, #6710, .T. ) ;
#2684 = EDGE_CURVE ( 'NONE', #7363, #2105, #3762, .T. ) ;
#2685 = CARTESIAN_POINT ( 'NONE',  ( -2.649299146609890521, 1.407556049247100427, -9.750000000000001776 ) ) ;
#2686 = CARTESIAN_POINT ( 'NONE',  ( 2.742306912204067526, 1.220953701233120858, 8.077500000000002345 ) ) ;
#2687 = ORIENTED_EDGE ( 'NONE', *, *, #8338, .T. ) ;
#2688 = VERTEX_POINT ( 'NONE', #4082 ) ;
#2689 = ORIENTED_EDGE ( 'NONE', *, *, #5068, .F. ) ;
#2690 = CARTESIAN_POINT ( 'NONE',  ( 0.000000000000000000, 0.000000000000000000, 8.077500000000002345 ) ) ;
#2691 = CARTESIAN_POINT ( 'NONE',  ( -2.775726306570169832, -0.4894354389105490255, 8.077500000000002345 ) ) ;
#2692 = AXIS2_PLACEMENT_3D ( 'NONE', #3448, #8852, #8966 ) ;
#2693 = ORIENTED_EDGE ( 'NONE', *, *, #9619, .F. ) ;
#2694 = CARTESIAN_POINT ( 'NONE',  ( 2.000000000000003109, -0.5358983848622470569, -8.556260739116966718 ) ) ;
#2695 = CARTESIAN_POINT ( 'NONE',  ( -1.784401076758506788, 6.065988351121004614E-17, -9.137500000000002842 ) ) ;
#2696 = VERTEX_POINT ( 'NONE', #2330 ) ;
#2697 = PLANE ( 'NONE',  #8022 ) ;
#2698 = VERTEX_POINT ( 'NONE', #8548 ) ;
#2699 = EDGE_CURVE ( 'NONE', #9782, #8775, #3260, .T. ) ;
#2700 = EDGE_CURVE ( 'NONE', #2781, #997, #6200, .T. ) ;
#2701 = PLANE ( 'NONE',  #4347 ) ;
#2702 = AXIS2_PLACEMENT_3D ( 'NONE', #5531, #9038, #665 ) ;
#2703 = CARTESIAN_POINT ( 'NONE',  ( -2.934644818296870294, -0.6227839034876625490, -9.750000000000001776 ) ) ;
#2704 = ORIENTED_EDGE ( 'NONE', *, *, #7700, .F. ) ;
#2705 = VECTOR ( 'NONE', #10099, 1000.000000000000000 ) ;
#2706 = ORIENTED_EDGE ( 'NONE', *, *, #1478, .F. ) ;
#2707 = EDGE_CURVE ( 'NONE', #4454, #2219, #4535, .T. ) ;
#2708 = CARTESIAN_POINT ( 'NONE',  ( 1.154700538379254349, -2.000000000000007105, -8.554166666666674246 ) ) ;
#2709 = DIRECTION ( 'NONE',  ( -0.9612616959383349924, -0.2756373558169426530, 0.000000000000000000 ) ) ;
#2710 = VERTEX_POINT ( 'NONE', #5497 ) ;
#2711 = CARTESIAN_POINT ( 'NONE',  ( 2.158694763139499262, 2.083275526567261338, 9.449999999999999289 ) ) ;
#2712 = CIRCLE ( 'NONE', #280, 3.000000000000000444 ) ;
#2713 = CIRCLE ( 'NONE', #10335, 2.999999999999999556 ) ;
#2714 = CARTESIAN_POINT ( 'NONE',  ( -1.784401076758506788, 6.065988351121004614E-17, -7.737500000000004263 ) ) ;
#2715 = DIRECTION ( 'NONE',  ( 0.9902680687415775784, 0.1391731009600134239, 0.000000000000000000 ) ) ;
#2716 = LINE ( 'NONE', #4533, #9710 ) ;
#2717 = ORIENTED_EDGE ( 'NONE', *, *, #6102, .T. ) ;
#2718 = ADVANCED_FACE ( 'NONE', ( #8882 ), #6758, .T. ) ;
#2719 = CARTESIAN_POINT ( 'NONE',  ( 2.613310677415288108, 1.055846049930807995, 8.077500000000002345 ) ) ;
#2720 = DIRECTION ( 'NONE',  ( -0.1045284632676455883, 0.9945218953682741780, 0.000000000000000000 ) ) ;
#2721 = VERTEX_POINT ( 'NONE', #726 ) ;
#2722 = CARTESIAN_POINT ( 'NONE',  ( 0.7267091498297298946, 2.910651784661599351, 8.077500000000000568 ) ) ;
#2723 = CIRCLE ( 'NONE', #4023, 3.000000000000000000 ) ;
#2724 = CIRCLE ( 'NONE', #9233, 3.000000000000000000 ) ;
#2725 = CARTESIAN_POINT ( 'NONE',  ( 1.678384766113673043, 2.486568836142999395, 9.449999999999999289 ) ) ;
#2726 = EDGE_CURVE ( 'NONE', #638, #4652, #5277, .T. ) ;
#2727 = B_SPLINE_CURVE_WITH_KNOTS ( 'NONE', 3,
 ( #10310, #1449, #4815, #7469 ),
 .UNSPECIFIED., .F., .F.,
 ( 4, 4 ),
 ( 3.021976174287999252E-07, 0.0002759148428383532969 ),
 .UNSPECIFIED. ) ;
#2728 = CARTESIAN_POINT ( 'NONE',  ( 2.819410289580898343, 1.025146632928847668, 9.449999999999999289 ) ) ;
#2729 = VECTOR ( 'NONE', #9056, 1000.000000000000114 ) ;
#2730 = EDGE_LOOP ( 'NONE', ( #2868, #6553, #3758, #9329 ) ) ;
#2731 = PLANE ( 'NONE',  #3556 ) ;
#2732 = ORIENTED_EDGE ( 'NONE', *, *, #10245, .T. ) ;
#2733 = CARTESIAN_POINT ( 'NONE',  ( 2.828926452893286481, 0.5340756620688742462, 9.571310031034848009 ) ) ;
#2734 = CARTESIAN_POINT ( 'NONE',  ( -1.678601268951016801, -2.488628723042690893, 8.077500000000002345 ) ) ;
#2735 = EDGE_LOOP ( 'NONE', ( #11207, #2597, #10823, #1863, #6394, #5109, #1237, #9647, #11556, #7992, #4890, #9644, #5322, #9055, #3007, #10969, #2010, #2809, #83, #291, #4501, #2756, #92, #11154, #8364, #7121, #1742, #9341, #2066, #6566, #1289, #8889, #4354, #9037, #9828, #7064, #410, #7117, #1279, #5178, #5294, #5319, #1927, #6717, #18, #1853, #7304, #3979, #5988, #9434, #10853, #2413, #2375, #5635, #4453, #9631, #5484, #2879, #4881, #5750, #8683, #2749, #189, #10350, #993, #5052, #8125, #590, #6634, #9034, #5981, #11056, #8851, #5821, #1176, #1531, #2058, #3587, #693, #10057, #10321, #3500, #7449, #2652, #6565, #3644, #10048, #4571, #4570, #466, #3332, #10758, #8527, #1744, #3836, #2644, #7831, #2976, #6669, #7078, #7873, #2521, #621, #9925, #9593, #5017, #10974, #9917, #10451, #10474, #4661, #1661, #491, #4591, #7431, #8844, #10606, #9490, #10590, #10723, #11455, #5034, #1776, #9657, #178, #774, #10098, #2328, #7894, #4547, #3731, #10287, #1117, #10496, #8917, #3316, #13, #2465, #8660 ) ) ;
#2736 = FACE_OUTER_BOUND ( 'NONE', #6534, .T. ) ;
#2737 = EDGE_CURVE ( 'NONE', #2897, #7286, #10775, .T. ) ;
#2738 = CARTESIAN_POINT ( 'NONE',  ( -0.9399354238461844480, 2.785042107924566857, 9.510800894373549141 ) ) ;
#2739 = CARTESIAN_POINT ( 'NONE',  ( -2.006669090636826969, -2.230085011985589727, 8.077500000000000568 ) ) ;
#2740 = CARTESIAN_POINT ( 'NONE',  ( -2.533292686689810669, -1.235569399674157909, 8.077500000000002345 ) ) ;
#2741 = VERTEX_POINT ( 'NONE', #4370 ) ;
#2742 = FACE_OUTER_BOUND ( 'NONE', #7354, .T. ) ;
#2743 = VERTEX_POINT ( 'NONE', #2598 ) ;
#2744 = FACE_OUTER_BOUND ( 'NONE', #715, .T. ) ;
#2745 = CARTESIAN_POINT ( 'NONE',  ( 2.648386132258324643, 1.409273179501332018, -9.750000000000001776 ) ) ;
#2746 = DIRECTION ( 'NONE',  ( 0.6946583704589924801, -0.7193398003386557438, 0.000000000000000000 ) ) ;
#2747 = DIRECTION ( 'NONE',  ( 0.5591929034707007196, -0.8290375725550725994, 0.000000000000000000 ) ) ;
#2748 = ORIENTED_EDGE ( 'NONE', *, *, #4559, .F. ) ;
#2749 = ORIENTED_EDGE ( 'NONE', *, *, #1691, .T. ) ;
#2750 = ORIENTED_EDGE ( 'NONE', *, *, #971, .T. ) ;
#2751 = CARTESIAN_POINT ( 'NONE',  ( -1.122918141402856396, -2.781915679474911141, 8.077500000000000568 ) ) ;
#2752 = CARTESIAN_POINT ( 'NONE',  ( -1.784401076758506788, 6.065988351121004614E-17, -9.225000000000004974 ) ) ;
#2753 = DIRECTION ( 'NONE',  ( -0.4999999999999996114, 0.8660254037844388186, 0.000000000000000000 ) ) ;
#2754 = CARTESIAN_POINT ( 'NONE',  ( -1.154700538379253905, -2.000000000000003109, -8.758333333333336412 ) ) ;
#2755 = CARTESIAN_POINT ( 'NONE',  ( -1.338300807568880257, -0.7726683315065862034, -8.379166666666669983 ) ) ;
#2756 = ORIENTED_EDGE ( 'NONE', *, *, #4051, .T. ) ;
#2757 = CARTESIAN_POINT ( 'NONE',  ( 0.9639996296761211836, -2.648567214897809663, 9.631453640997325039 ) ) ;
#2758 = DIRECTION ( 'NONE',  ( 0.3746065934159159561, 0.9271838545667858700, 0.000000000000000000 ) ) ;
#2759 = ORIENTED_EDGE ( 'NONE', *, *, #907, .F. ) ;
#2760 = CARTESIAN_POINT ( 'NONE',  ( -2.336680831601444019, -1.576111122057586744, 9.750000000000001776 ) ) ;
#2761 = CARTESIAN_POINT ( 'NONE',  ( -0.7248221475199289054, -2.911122267178862799, 9.449999999999999289 ) ) ;
#2762 = ORIENTED_EDGE ( 'NONE', *, *, #5291, .T. ) ;
#2763 = ORIENTED_EDGE ( 'NONE', *, *, #2022, .T. ) ;
#2764 = ORIENTED_EDGE ( 'NONE', *, *, #5905, .T. ) ;
#2765 = PERSON_AND_ORGANIZATION_ROLE ( 'creator' ) ;
#2766 = PLANE ( 'NONE',  #5742 ) ;
#2767 = EDGE_CURVE ( 'NONE', #9443, #9681, #3179, .T. ) ;
#2768 = CARTESIAN_POINT ( 'NONE',  ( -0.3137765339895290939, -2.985384301558942965, 9.750000000000001776 ) ) ;
#2769 = ORIENTED_EDGE ( 'NONE', *, *, #2132, .F. ) ;
#2770 = EDGE_CURVE ( 'NONE', #4158, #2355, #9682, .T. ) ;
#2771 = DIRECTION ( 'NONE',  ( 0.5877852522924835732, 0.8090169943749397907, 0.000000000000000000 ) ) ;
#2772 = B_SPLINE_CURVE_WITH_KNOTS ( 'NONE', 3,
 ( #2779, #6974, #9639, #8746 ),
 .UNSPECIFIED., .F., .F.,
 ( 4, 4 ),
 ( 3.054997924345967920E-07, 0.0002759181450133579806 ),
 .UNSPECIFIED. ) ;
#2773 = CARTESIAN_POINT ( 'NONE',  ( 2.510380607444188783, -1.409273179501349782, 9.571310031034848009 ) ) ;
#2774 = CARTESIAN_POINT ( 'NONE',  ( 2.748527137674452447, -0.8565397026179104589, 9.571310031034848009 ) ) ;
#2775 = EDGE_CURVE ( 'NONE', #2179, #11321, #10624, .T. ) ;
#2776 = CARTESIAN_POINT ( 'NONE',  ( 0.8922005383792529498, -1.545336663013173517, -7.504166666666669983 ) ) ;
#2777 = LINE ( 'NONE', #10695, #5999 ) ;
#2778 = ADVANCED_FACE ( 'NONE', ( #11394 ), #4433, .F. ) ;
#2779 = CARTESIAN_POINT ( 'NONE',  ( -0.1966118550883310667, 2.811680521731792393, 9.631453640997325039 ) ) ;
#2780 = VERTEX_POINT ( 'NONE', #3419 ) ;
#2781 = VERTEX_POINT ( 'NONE', #788 ) ;
#2782 = LINE ( 'NONE', #8194, #9983 ) ;
#2783 = CARTESIAN_POINT ( 'NONE',  ( -0.3145524316523686803, 2.983463887453908114, 9.449999999999999289 ) ) ;
#2784 = EDGE_CURVE ( 'NONE', #2049, #8121, #6992, .T. ) ;
#2785 = CARTESIAN_POINT ( 'NONE',  ( 1.784401076758506788, -3.763923298982691022E-16, -8.087500000000003908 ) ) ;
#2786 = CARTESIAN_POINT ( 'NONE',  ( -2.545695057115708870, -1.590726820498639338, 8.077500000000002345 ) ) ;
#2787 = CARTESIAN_POINT ( 'NONE',  ( 2.247060466239671594, -1.799661343074425934, 9.571310031034848009 ) ) ;
#2788 = EDGE_LOOP ( 'NONE', ( #10490, #1202, #5578, #2230 ) ) ;
#2789 = CARTESIAN_POINT ( 'NONE',  ( 0.000000000000000000, 0.000000000000000000, 9.449999999999999289 ) ) ;
#2790 = ORIENTED_EDGE ( 'NONE', *, *, #6727, .T. ) ;
#2791 = LINE ( 'NONE', #6313, #11195 ) ;
#2792 = DIRECTION ( 'NONE',  ( -0.9135454576425986462, 0.4067366430758053153, 0.000000000000000000 ) ) ;
#2793 = VERTEX_POINT ( 'NONE', #11520 ) ;
#2794 = CARTESIAN_POINT ( 'NONE',  ( 1.120920303159358422, -1.373849438637931852, -9.456525891428647412 ) ) ;
#2795 = B_SPLINE_CURVE_WITH_KNOTS ( 'NONE', 3,
 ( #1920, #3726, #9906, #9844 ),
 .UNSPECIFIED., .F., .F.,
 ( 4, 4 ),
 ( 3.054997924344004392E-07, 0.0002759181450133583059 ),
 .UNSPECIFIED. ) ;
#2796 = EDGE_CURVE ( 'NONE', #1076, #5210, #9767, .T. ) ;
#2797 = ORIENTED_EDGE ( 'NONE', *, *, #3401, .F. ) ;
#2798 = CARTESIAN_POINT ( 'NONE',  ( 1.000000000000000000, -0.5773502691896258421, 9.750000000000001776 ) ) ;
#2799 = CARTESIAN_POINT ( 'NONE',  ( 2.750542262296644669, 1.036559408444050145, 9.510800894373549141 ) ) ;
#2800 = FACE_OUTER_BOUND ( 'NONE', #2225, .T. ) ;
#2801 = ORIENTED_EDGE ( 'NONE', *, *, #9960, .F. ) ;
#2802 = CARTESIAN_POINT ( 'NONE',  ( 1.499157810963796633, -2.598562267452185104, 9.449999999999999289 ) ) ;
#2803 = CARTESIAN_POINT ( 'NONE',  ( 1.784401076758506788, -3.763923298982691022E-16, -6.075000000000004619 ) ) ;
#2804 = EDGE_LOOP ( 'NONE', ( #2051, #1311, #1818, #1697 ) ) ;
#2805 = PLANE ( 'NONE',  #5309 ) ;
#2806 = FACE_OUTER_BOUND ( 'NONE', #5474, .T. ) ;
#2807 = EDGE_CURVE ( 'NONE', #989, #5994, #8081, .T. ) ;
#2808 = EDGE_LOOP ( 'NONE', ( #2287, #4431, #9969, #2068 ) ) ;
#2809 = ORIENTED_EDGE ( 'NONE', *, *, #11022, .F. ) ;
#2810 = ORIENTED_EDGE ( 'NONE', *, *, #2032, .T. ) ;
#2811 = DIRECTION ( 'NONE',  ( 0.2079116908177548462, -0.9781476007338065770, 0.000000000000000000 ) ) ;
#2812 = CARTESIAN_POINT ( 'NONE',  ( 1.176575538379253549, -2.037888611415574758, -9.976041666666674246 ) ) ;
#2813 = AXIS2_PLACEMENT_3D ( 'NONE', #1085, #7506, #5741 ) ;
#2814 = CARTESIAN_POINT ( 'NONE',  ( -0.8922005383792539490, -1.545336663013172851, -8.320833333333338189 ) ) ;
#2815 = VERTEX_POINT ( 'NONE', #3540 ) ;
#2816 = CARTESIAN_POINT ( 'NONE',  ( 2.816829376715345390, 0.09836584936185036043, 9.631453640997325039 ) ) ;
#2817 = DIRECTION ( 'NONE',  ( 0.000000000000000000, -0.000000000000000000, 1.000000000000000000 ) ) ;
#2818 = ORIENTED_EDGE ( 'NONE', *, *, #4781, .T. ) ;
#2819 = DIRECTION ( 'NONE',  ( 0.9135454576426051965, 0.4067366430757904938, 0.000000000000000000 ) ) ;
#2820 = EDGE_CURVE ( 'NONE', #9810, #6023, #7100, .T. ) ;
#2821 = DIRECTION ( 'NONE',  ( -0.000000000000000000, -0.000000000000000000, -1.000000000000000000 ) ) ;
#2822 = CARTESIAN_POINT ( 'NONE',  ( -2.545695057115708870, -1.590726820498639338, 9.750000000000001776 ) ) ;
#2823 = ORIENTED_EDGE ( 'NONE', *, *, #10126, .T. ) ;
#2824 = ORIENTED_EDGE ( 'NONE', *, *, #5368, .T. ) ;
#2825 = PERSON_AND_ORGANIZATION ( #3273, #5164 ) ;
#2826 = AXIS2_PLACEMENT_3D ( 'NONE', #10216, #11085, #5885 ) ;
#2827 = DIRECTION ( 'NONE',  ( 0.000000000000000000, 0.000000000000000000, -1.000000000000000000 ) ) ;
#2828 = FACE_OUTER_BOUND ( 'NONE', #1359, .T. ) ;
#2829 = VERTEX_POINT ( 'NONE', #3597 ) ;
#2830 = CARTESIAN_POINT ( 'NONE',  ( -0.5199868932015407896, 2.954591956751153603, 8.077500000000000568 ) ) ;
#2831 = CARTESIAN_POINT ( 'NONE',  ( 0.000000000000000000, 0.000000000000000000, 8.077500000000000568 ) ) ;
#2832 = CIRCLE ( 'NONE', #9697, 3.000000000000000000 ) ;
#2833 = EDGE_LOOP ( 'NONE', ( #5756, #9190, #4434, #6409 ) ) ;
#2834 = DIRECTION ( 'NONE',  ( 0.000000000000000000, -0.000000000000000000, -1.000000000000000000 ) ) ;
#2835 = ORIENTED_EDGE ( 'NONE', *, *, #5171, .T. ) ;
#2836 = EDGE_CURVE ( 'NONE', #10251, #3447, #6309, .T. ) ;
#2837 = ADVANCED_FACE ( 'NONE', ( #9829 ), #1791, .T. ) ;
#2838 = LINE ( 'NONE', #245, #3655 ) ;
#2839 = ADVANCED_FACE ( 'NONE', ( #8937 ), #2731, .T. ) ;
#2840 = DIRECTION ( 'NONE',  ( 0.3090169943749495052, 0.9510565162951529761, 0.000000000000000000 ) ) ;
#2841 = VECTOR ( 'NONE', #3402, 1000.000000000000000 ) ;
#2842 = CARTESIAN_POINT ( 'NONE',  ( -0.8922005383792538380, -1.545336663013172851, -7.620833333333337123 ) ) ;
#2843 = CONICAL_SURFACE ( 'NONE', #10284, 1.154700538379251462, 0.7853981633974500554 ) ;
#2844 = CARTESIAN_POINT ( 'NONE',  ( -2.649299146609919831, -1.407556049247045138, 8.077500000000000568 ) ) ;
#2845 = EDGE_LOOP ( 'NONE', ( #2660, #9162, #10859, #11284 ) ) ;
#2846 = PLANE ( 'NONE',  #20 ) ;
#2847 = PLANE ( 'NONE',  #555 ) ;
#2848 = VECTOR ( 'NONE', #1652, 1000.000000000000000 ) ;
#2849 = EDGE_CURVE ( 'NONE', #4652, #7849, #6484, .T. ) ;
#2850 = LINE ( 'NONE', #4349, #2456 ) ;
#2851 = ADVANCED_FACE ( 'NONE', ( #9117 ), #5619, .T. ) ;
#2852 = FACE_OUTER_BOUND ( 'NONE', #2400, .T. ) ;
#2853 = ORIENTED_EDGE ( 'NONE', *, *, #57, .F. ) ;
#2854 = B_SPLINE_CURVE_WITH_KNOTS ( 'NONE', 3,
 ( #4136, #671, #5798, #5911 ),
 .UNSPECIFIED., .F., .F.,
 ( 4, 4 ),
 ( 3.021976174301522663E-07, 0.0002759148428383534054 ),
 .UNSPECIFIED. ) ;
#2855 = CARTESIAN_POINT ( 'NONE',  ( 0.7684901366539175216, -1.530732852004564215, -9.516928229077374013 ) ) ;
#2856 = VECTOR ( 'NONE', #4450, 1000.000000000000000 ) ;
#2857 = DIRECTION ( 'NONE',  ( 0.000000000000000000, -0.000000000000000000, -1.000000000000000000 ) ) ;
#2858 = CARTESIAN_POINT ( 'NONE',  ( 0.000000000000000000, 0.000000000000000000, 8.077500000000000568 ) ) ;
#2859 = LINE ( 'NONE', #4802, #7473 ) ;
#2860 = VERTEX_POINT ( 'NONE', #9191 ) ;
#2861 = CARTESIAN_POINT ( 'NONE',  ( 0.000000000000000000, 0.000000000000000000, 8.077500000000000568 ) ) ;
#2862 = FACE_OUTER_BOUND ( 'NONE', #3033, .T. ) ;
#2863 = ORIENTED_EDGE ( 'NONE', *, *, #1501, .F. ) ;
#2864 = CARTESIAN_POINT ( 'NONE',  ( -1.314239397301675938, 2.696808262850759697, 8.077500000000000568 ) ) ;
#2865 = CARTESIAN_POINT ( 'NONE',  ( 1.106122161727992603, -1.102914922327392633, -9.667944976737430807 ) ) ;
#2866 = EDGE_CURVE ( 'NONE', #3745, #1639, #5378, .T. ) ;
#2867 = DIRECTION ( 'NONE',  ( -0.7193398003386596296, -0.6946583704589885944, 0.000000000000000000 ) ) ;
#2868 = ORIENTED_EDGE ( 'NONE', *, *, #8501, .F. ) ;
#2869 = CIRCLE ( 'NONE', #3794, 1.475000000000006750 ) ;
#2870 = CIRCLE ( 'NONE', #4546, 3.000000000000000444 ) ;
#2871 = ORIENTED_EDGE ( 'NONE', *, *, #5253, .F. ) ;
#2872 = VERTEX_POINT ( 'NONE', #8145 ) ;
#2873 = DIRECTION ( 'NONE',  ( 0.000000000000000000, -0.000000000000000000, 1.000000000000000000 ) ) ;
#2874 = CARTESIAN_POINT ( 'NONE',  ( 1.338300807568879813, -0.7726683315065872026, -6.833333333333338366 ) ) ;
#2875 = LINE ( 'NONE', #1105, #6013 ) ;
#2876 = EDGE_CURVE ( 'NONE', #10562, #7583, #7721, .T. ) ;
#2877 = CIRCLE ( 'NONE', #6047, 3.000000000000000000 ) ;
#2878 = CARTESIAN_POINT ( 'NONE',  ( -1.784401076758506788, 6.065988351121004614E-17, -7.737500000000004263 ) ) ;
#2879 = ORIENTED_EDGE ( 'NONE', *, *, #6358, .T. ) ;
#2880 = ORIENTED_EDGE ( 'NONE', *, *, #275, .T. ) ;
#2881 = PLANE ( 'NONE',  #53 ) ;
#2882 = ORIENTED_EDGE ( 'NONE', *, *, #3389, .T. ) ;
#2883 = ORIENTED_EDGE ( 'NONE', *, *, #6137, .T. ) ;
#2884 = EDGE_LOOP ( 'NONE', ( #10015, #10943, #5495, #9748 ) ) ;
#2885 = DATE_AND_TIME ( #7207, #1239 ) ;
#2886 = AXIS2_PLACEMENT_3D ( 'NONE', #6296, #1886, #9816 ) ;
#2887 = DIRECTION ( 'NONE',  ( 0.8987940462991688140, 0.4383711467890738511, 0.000000000000000000 ) ) ;
#2888 = ORIENTED_EDGE ( 'NONE', *, *, #5292, .F. ) ;
#2889 = DIRECTION ( 'NONE',  ( 0.9271838545667889786, 0.3746065934159082955, 0.000000000000000000 ) ) ;
#2890 = EDGE_CURVE ( 'NONE', #1706, #699, #5717, .T. ) ;
#2891 = PLANE ( 'NONE',  #3780 ) ;
#2892 = CARTESIAN_POINT ( 'NONE',  ( -1.338300807568880035, 0.7726683315065867586, -7.795833333333336945 ) ) ;
#2893 = CARTESIAN_POINT ( 'NONE',  ( -2.157343812172612729, -2.084674477245918478, 9.449999999999999289 ) ) ;
#2894 = VECTOR ( 'NONE', #457, 1000.000000000000000 ) ;
#2895 = AXIS2_PLACEMENT_3D ( 'NONE', #413, #9930, #10975 ) ;
#2896 = ORIENTED_EDGE ( 'NONE', *, *, #3764, .T. ) ;
#2897 = VERTEX_POINT ( 'NONE', #2031 ) ;
#2898 = PLANE ( 'NONE',  #8865 ) ;
#2899 = CARTESIAN_POINT ( 'NONE',  ( -2.572127436494103581, -1.293144283955958596, 9.571310031034848009 ) ) ;
#2900 = ORIENTED_EDGE ( 'NONE', *, *, #7135, .F. ) ;
#2901 = CARTESIAN_POINT ( 'NONE',  ( 0.9639996296761388361, 2.648567214897803002, 9.750000000000001776 ) ) ;
#2902 = DIRECTION ( 'NONE',  ( -0.000000000000000000, -0.000000000000000000, -1.000000000000000000 ) ) ;
#2903 = VECTOR ( 'NONE', #7415, 1000.000000000000000 ) ;
#2904 = CONICAL_SURFACE ( 'NONE', #9226, 2.000000000000001776, 0.7853981633974506105 ) ;
#2905 = EDGE_CURVE ( 'NONE', #4234, #3676, #8265, .T. ) ;
#2906 = DIRECTION ( 'NONE',  ( -0.3090169943749448977, 0.9510565162951543083, 0.000000000000000000 ) ) ;
#2907 = ORIENTED_EDGE ( 'NONE', *, *, #5526, .F. ) ;
#2908 = DIRECTION ( 'NONE',  ( 0.3090169943749367931, -0.9510565162951570839, 0.000000000000000000 ) ) ;
#2909 = CIRCLE ( 'NONE', #5913, 3.000000000000000000 ) ;
#2910 = FACE_OUTER_BOUND ( 'NONE', #10586, .T. ) ;
#2911 = VECTOR ( 'NONE', #7784, 1000.000000000000000 ) ;
#2912 = DIRECTION ( 'NONE',  ( -0.000000000000000000, -0.000000000000000000, -1.000000000000000000 ) ) ;
#2913 = DIRECTION ( 'NONE',  ( -0.6691306063588671194, -0.7431448254773862505, 0.000000000000000000 ) ) ;
#2914 = DIRECTION ( 'NONE',  ( -0.2756373558170044369, -0.9612616959383174509, 0.000000000000000000 ) ) ;
#2915 = VECTOR ( 'NONE', #535, 1000.000000000000227 ) ;
#2916 = EDGE_CURVE ( 'NONE', #890, #6117, #10122, .T. ) ;
#2917 = ADVANCED_FACE ( 'NONE', ( #254 ), #6420, .T. ) ;
#2918 = CARTESIAN_POINT ( 'NONE',  ( -2.427622409283285876, -1.762568988137944270, 9.449999999999999289 ) ) ;
#2919 = LINE ( 'NONE', #8333, #1001 ) ;
#2920 = CARTESIAN_POINT ( 'NONE',  ( 1.315987345267976671, 2.695955731664476218, 9.449999999999999289 ) ) ;
#2921 = DIRECTION ( 'NONE',  ( -0.000000000000000000, -0.000000000000000000, -1.000000000000000000 ) ) ;
#2922 = EDGE_LOOP ( 'NONE', ( #2468, #2967, #1325, #25 ) ) ;
#2923 = DIRECTION ( 'NONE',  ( 0.000000000000000000, -0.000000000000000000, 1.000000000000000000 ) ) ;
#2924 = EDGE_CURVE ( 'NONE', #10921, #6213, #8999, .T. ) ;
#2925 = CARTESIAN_POINT ( 'NONE',  ( -2.000000000000003553, -2.382190991706389344E-15, -7.475000000000002309 ) ) ;
#2926 = ADVANCED_FACE ( 'NONE', ( #7399 ), #2843, .F. ) ;
#2927 = ORIENTED_EDGE ( 'NONE', *, *, #9879, .F. ) ;
#2928 = DIRECTION ( 'NONE',  ( -0.000000000000000000, -0.000000000000000000, 1.000000000000000000 ) ) ;
#2929 = B_SPLINE_CURVE_WITH_KNOTS ( 'NONE', 3,
 ( #6058, #2256, #1484, #3354 ),
 .UNSPECIFIED., .F., .F.,
 ( 4, 4 ),
 ( 3.054997924344791603E-07, 0.0002759181450133580348 ),
 .UNSPECIFIED. ) ;
#2930 = PLANE ( 'NONE',  #3084 ) ;
#2931 = ORIENTED_EDGE ( 'NONE', *, *, #4193, .T. ) ;
#2932 = VERTEX_POINT ( 'NONE', #2968 ) ;
#2933 = EDGE_LOOP ( 'NONE', ( #10420, #11143, #7883, #6383 ) ) ;
#2934 = DIRECTION ( 'NONE',  ( -0.000000000000000000, -0.000000000000000000, -1.000000000000000000 ) ) ;
#2935 = CARTESIAN_POINT ( 'NONE',  ( -1.784401076758506788, 6.065988351121004614E-17, -7.125000000000004441 ) ) ;
#2936 = EDGE_CURVE ( 'NONE', #7128, #117, #1308, .T. ) ;
#2937 = CARTESIAN_POINT ( 'NONE',  ( 0.000000000000000000, 2.037888611415574314, -6.228125000000003020 ) ) ;
#2938 = CARTESIAN_POINT ( 'NONE',  ( 0.8922005383792529498, -1.545336663013173517, -8.991666666666672469 ) ) ;
#2939 = ORIENTED_EDGE ( 'NONE', *, *, #6567, .T. ) ;
#2940 = DIRECTION ( 'NONE',  ( -0.000000000000000000, 0.000000000000000000, 1.000000000000000000 ) ) ;
#2941 = ORIENTED_EDGE ( 'NONE', *, *, #4892, .T. ) ;
#2942 = VECTOR ( 'NONE', #10516, 1000.000000000000000 ) ;
#2943 = CARTESIAN_POINT ( 'NONE',  ( -0.7768966656430935647, 2.709360653135695962, 9.631453640997325039 ) ) ;
#2944 = CARTESIAN_POINT ( 'NONE',  ( -2.649299146609919831, -1.407556049247045138, 9.449999999999999289 ) ) ;
#2945 = LINE ( 'NONE', #2760, #10944 ) ;
#2946 = EDGE_LOOP ( 'NONE', ( #3442, #4993, #9463, #7544 ) ) ;
#2947 = VERTEX_POINT ( 'NONE', #3020 ) ;
#2948 =( BOUNDED_CURVE ( )  B_SPLINE_CURVE ( 2, ( #3309, #6989, #3481, #11515, #7549, #3756, #9172, #3823, #1296 ),
 .UNSPECIFIED., .F., .F. ) 
 B_SPLINE_CURVE_WITH_KNOTS ( ( 3, 2, 2, 2, 3 ),
 ( 0.5254717666926003172, 0.5373765285973622907, 0.5611860524068861267, 0.5849955762164098516, 0.5969003381211717141 ),
 .UNSPECIFIED. ) 
 CURVE ( )  GEOMETRIC_REPRESENTATION_ITEM ( )  RATIONAL_B_SPLINE_CURVE ( ( 0.9330127018922192983, 0.9330127018922189652, 1.000000000000000000, 0.8660254037844387076, 1.000000000000000000, 0.8660254037844387076, 1.000000000000000000, 0.9330127018922196314, 0.9330127018922192983 ) ) 
 REPRESENTATION_ITEM ( '' )  );
#2949 = EDGE_LOOP ( 'NONE', ( #7952, #2125, #1795 ) ) ;
#2950 = PLANE ( 'NONE',  #1954 ) ;
#2951 = VECTOR ( 'NONE', #9010, 1000.000000000000000 ) ;
#2952 = PLANE ( 'NONE',  #2446 ) ;
#2953 = ORIENTED_EDGE ( 'NONE', *, *, #5867, .T. ) ;
#2954 = CARTESIAN_POINT ( 'NONE',  ( 2.297508171510907804, -1.929107618003880420, 9.449999999999999289 ) ) ;
#2955 = CARTESIAN_POINT ( 'NONE',  ( -0.3145524316524311859, -2.983463887453901009, 8.077500000000000568 ) ) ;
#2956 = B_SPLINE_CURVE_WITH_KNOTS ( 'NONE', 3,
 ( #4362, #4538, #5310, #8696 ),
 .UNSPECIFIED., .F., .F.,
 ( 4, 4 ),
 ( 3.021976174287312626E-07, 0.0002759148428383537306 ),
 .UNSPECIFIED. ) ;
#2957 = ORIENTED_EDGE ( 'NONE', *, *, #1055, .F. ) ;
#2958 = EDGE_LOOP ( 'NONE', ( #5257, #2531, #880, #5461 ) ) ;
#2959 = DIRECTION ( 'NONE',  ( 0.000000000000000000, 0.000000000000000000, -1.000000000000000000 ) ) ;
#2960 = CARTESIAN_POINT ( 'NONE',  ( -2.221044840433160417, 1.735270409657376112, 8.077500000000002345 ) ) ;
#2961 = EDGE_LOOP ( 'NONE', ( #7234, #10907, #5418, #4257 ) ) ;
#2962 = DIRECTION ( 'NONE',  ( -0.9396926207859097602, -0.3420201433256648271, 0.000000000000000000 ) ) ;
#2963 = EDGE_CURVE ( 'NONE', #5752, #7286, #1343, .T. ) ;
#2964 = ADVANCED_FACE ( 'NONE', ( #188 ), #2846, .T. ) ;
#2965 = LINE ( 'NONE', #7498, #248 ) ;
#2966 = DIRECTION ( 'NONE',  ( -1.000000000000000000, 0.000000000000000000, 0.000000000000000000 ) ) ;
#2967 = ORIENTED_EDGE ( 'NONE', *, *, #4830, .T. ) ;
#2968 = CARTESIAN_POINT ( 'NONE',  ( -2.992759823733690538, -0.2082993937713004118, 9.449999999999999289 ) ) ;
#2969 = DIRECTION ( 'NONE',  ( -1.000000000000000000, 0.000000000000000000, 0.000000000000000000 ) ) ;
#2970 = DIRECTION ( 'NONE',  ( -0.000000000000000000, -0.000000000000000000, -1.000000000000000000 ) ) ;
#2971 = ADVANCED_FACE ( 'NONE', ( #8372 ), #9251, .F. ) ;
#2972 = CARTESIAN_POINT ( 'NONE',  ( 1.000000000000000000, -0.3984623138739120107, 9.660556022342145610 ) ) ;
#2973 = CARTESIAN_POINT ( 'NONE',  ( 0.8428154764883226679, -0.6681007961515360583, 9.659249473037196054 ) ) ;
#2974 = CARTESIAN_POINT ( 'NONE',  ( 2.648386132258314873, -1.409273179501350448, -9.750000000000001776 ) ) ;
#2975 = CARTESIAN_POINT ( 'NONE',  ( -1.820189940796181460, -0.3740360314274068787, -9.376424735520071607 ) ) ;
#2976 = ORIENTED_EDGE ( 'NONE', *, *, #5146, .T. ) ;
#2977 = CARTESIAN_POINT ( 'NONE',  ( -2.994516329218110506, -0.2093969802149767967, 8.077500000000002345 ) ) ;
#2978 = CARTESIAN_POINT ( 'NONE',  ( -2.884052962002314757, 0.8259773074156936401, 9.449999999999999289 ) ) ;
#2979 = CARTESIAN_POINT ( 'NONE',  ( 1.518157797153109279, -0.4856479225706893388, -9.635893796188204519 ) ) ;
#2980 = CARTESIAN_POINT ( 'NONE',  ( 2.426479301982356063, 1.764142340360102201, 9.449999999999999289 ) ) ;
#2981 = EDGE_LOOP ( 'NONE', ( #2160, #4465, #3971, #9237, #3405, #8193, #10268 ) ) ;
#2982 = ORIENTED_EDGE ( 'NONE', *, *, #6779, .F. ) ;
#2983 = EDGE_CURVE ( 'NONE', #6685, #7818, #6656, .T. ) ;
#2984 = EDGE_CURVE ( 'NONE', #9951, #8634, #10233, .T. ) ;
#2985 = ORIENTED_EDGE ( 'NONE', *, *, #9656, .F. ) ;
#2986 = CARTESIAN_POINT ( 'NONE',  ( -2.999999842411182449, 0.0009723851495881428520, 8.077500000000000568 ) ) ;
#2987 = CARTESIAN_POINT ( 'NONE',  ( -0.09576129352666917782, -1.669088008972400949, -5.551589645834944520 ) ) ;
#2988 = ADVANCED_FACE ( 'NONE', ( #4901 ), #7563, .T. ) ;
#2989 = DIRECTION ( 'NONE',  ( -0.000000000000000000, -0.000000000000000000, -1.000000000000000000 ) ) ;
#2990 = CARTESIAN_POINT ( 'NONE',  ( 1.784401076758506788, -3.763923298982691022E-16, -5.987500000000004263 ) ) ;
#2991 = VERTEX_POINT ( 'NONE', #4011 ) ;
#2992 = ORIENTED_EDGE ( 'NONE', *, *, #7109, .T. ) ;
#2993 = PLANE ( 'NONE',  #10468 ) ;
#2994 = CARTESIAN_POINT ( 'NONE',  ( 0.5860087391484685160, -2.756954358615474554, 9.631453640997325039 ) ) ;
#2995 = EDGE_LOOP ( 'NONE', ( #10224, #10504, #342, #3459 ) ) ;
#2996 = EDGE_CURVE ( 'NONE', #3169, #7766, #6701, .T. ) ;
#2997 = VERTEX_POINT ( 'NONE', #2739 ) ;
#2998 = EDGE_CURVE ( 'NONE', #6361, #4050, #10626, .T. ) ;
#2999 = EDGE_LOOP ( 'NONE', ( #107, #2405, #8094, #2677 ) ) ;
#3000 = DATE_AND_TIME ( #42, #6658 ) ;
#3001 = DIRECTION ( 'NONE',  ( 0.5000000000000039968, 0.8660254037844363761, 0.000000000000000000 ) ) ;
#3002 = EDGE_CURVE ( 'NONE', #10743, #9863, #874, .T. ) ;
#3003 = ORIENTED_EDGE ( 'NONE', *, *, #2866, .F. ) ;
#3004 = PLANE ( 'NONE',  #6803 ) ;
#3005 = CARTESIAN_POINT ( 'NONE',  ( -2.680596881209464488, 0.8709787243654864008, 9.750000000000001776 ) ) ;
#3006 = FACE_OUTER_BOUND ( 'NONE', #5820, .T. ) ;
#3007 = ORIENTED_EDGE ( 'NONE', *, *, #1997, .F. ) ;
#3008 =( BOUNDED_CURVE ( )  B_SPLINE_CURVE ( 2, ( #6189, #10270, #8711, #798, #9711, #1731, #1626, #6087, #4312 ),
 .UNSPECIFIED., .F., .F. ) 
 B_SPLINE_CURVE_WITH_KNOTS ( ( 3, 2, 2, 2, 3 ),
 ( 0.4540431952640289204, 0.4659479571687908384, 0.4897574809783146743, 0.5135670047878384548, 0.5254717666926003172 ),
 .UNSPECIFIED. ) 
 CURVE ( )  GEOMETRIC_REPRESENTATION_ITEM ( )  RATIONAL_B_SPLINE_CURVE ( ( 0.9330127018922191873, 0.9330127018922191873, 1.000000000000000000, 0.8660254037844387076, 1.000000000000000000, 0.8660254037844387076, 1.000000000000000000, 0.9330127018922196314, 0.9330127018922192983 ) ) 
 REPRESENTATION_ITEM ( '' )  );
#3009 = DIRECTION ( 'NONE',  ( -0.000000000000000000, -0.000000000000000000, -1.000000000000000000 ) ) ;
#3010 = EDGE_LOOP ( 'NONE', ( #4302, #3538, #710, #7261 ) ) ;
#3011 = VECTOR ( 'NONE', #1912, 1000.000000000000000 ) ;
#3012 = DIRECTION ( 'NONE',  ( -0.9135454576426011997, -0.4067366430757996532, 0.000000000000000000 ) ) ;
#3013 = CARTESIAN_POINT ( 'NONE',  ( -1.124721301025037645, -2.781187155698182867, 9.449999999999999289 ) ) ;
#3014 = AXIS2_PLACEMENT_3D ( 'NONE', #628, #564, #8503 ) ;
#3015 = CARTESIAN_POINT ( 'NONE',  ( -2.970939380026133225, -0.4165563589839169079, 9.449999999999999289 ) ) ;
#3016 = CARTESIAN_POINT ( 'NONE',  ( 0.9519401355519804264, -2.716960004677833052, 9.571310031034848009 ) ) ;
#3017 = EDGE_CURVE ( 'NONE', #4481, #11358, #2676, .T. ) ;
#3018 = ORIENTED_EDGE ( 'NONE', *, *, #5790, .T. ) ;
#3019 = DIRECTION ( 'NONE',  ( 0.000000000000000000, 0.000000000000000000, -1.000000000000000000 ) ) ;
#3020 = CARTESIAN_POINT ( 'NONE',  ( 2.884052962002319642, -0.8259773074156744332, 8.077500000000000568 ) ) ;
#3021 = LINE ( 'NONE', #6118, #9912 ) ;
#3022 = DIRECTION ( 'NONE',  ( 0.000000000000000000, -0.000000000000000000, -1.000000000000000000 ) ) ;
#3023 = CARTESIAN_POINT ( 'NONE',  ( -2.299534143425791655, -1.929538251628111878, 9.750000000000001776 ) ) ;
#3024 = AXIS2_PLACEMENT_3D ( 'NONE', #197, #2921, #4024 ) ;
#3025 = DIRECTION ( 'NONE',  ( 0.000000000000000000, -0.000000000000000000, 1.000000000000000000 ) ) ;
#3026 = CARTESIAN_POINT ( 'NONE',  ( 2.001914819259426990E-16, -2.818546359002675139, 9.631453640997325039 ) ) ;
#3027 = DIRECTION ( 'NONE',  ( -0.3746065934159172883, -0.9271838545667853149, 0.000000000000000000 ) ) ;
#3028 = CARTESIAN_POINT ( 'NONE',  ( 0.000000000000000000, 0.000000000000000000, 8.077500000000000568 ) ) ;
#3029 = EDGE_CURVE ( 'NONE', #7766, #10032, #4313, .T. ) ;
#3030 = ORIENTED_EDGE ( 'NONE', *, *, #9359, .T. ) ;
#3031 = DIRECTION ( 'NONE',  ( -0.000000000000000000, -0.000000000000000000, 1.000000000000000000 ) ) ;
#3032 = DIRECTION ( 'NONE',  ( -0.1045284632676503761, 0.9945218953682736229, 0.000000000000000000 ) ) ;
#3033 = EDGE_LOOP ( 'NONE', ( #3053, #7495, #8536, #10489 ) ) ;
#3034 = FACE_OUTER_BOUND ( 'NONE', #238, .T. ) ;
#3035 = CARTESIAN_POINT ( 'NONE',  ( -1.258519852229817548, -2.656325643714877671, 9.510800894373550918 ) ) ;
#3036 = CARTESIAN_POINT ( 'NONE',  ( 0.000000000000000000, 0.000000000000000000, 8.077500000000002345 ) ) ;
#3037 = ORIENTED_EDGE ( 'NONE', *, *, #581, .F. ) ;
#3038 = EDGE_LOOP ( 'NONE', ( #539, #5099, #9239, #5091 ) ) ;
#3039 = AXIS2_PLACEMENT_3D ( 'NONE', #338, #7472, #11014 ) ;
#3040 = CYLINDRICAL_SURFACE ( 'NONE', #9005, 1.475000000000006750 ) ;
#3041 = CARTESIAN_POINT ( 'NONE',  ( 0.000000000000000000, 2.037888611415574314, -10.38437500000000568 ) ) ;
#3042 = CARTESIAN_POINT ( 'NONE',  ( -0.1056702774065515077, -2.998138387812146810, -9.750000000000001776 ) ) ;
#3043 = EDGE_CURVE ( 'NONE', #1248, #9668, #11528, .T. ) ;
#3044 = EDGE_CURVE ( 'NONE', #4112, #1275, #7978, .T. ) ;
#3045 = EDGE_LOOP ( 'NONE', ( #5541, #8037, #950, #2871 ) ) ;
#3046 = PLANE ( 'NONE',  #211 ) ;
#3047 = VECTOR ( 'NONE', #8213, 1000.000000000000000 ) ;
#3048 = ORIENTED_EDGE ( 'NONE', *, *, #11523, .F. ) ;
#3049 = VECTOR ( 'NONE', #7672, 1000.000000000000114 ) ;
#3050 = B_SPLINE_CURVE_WITH_KNOTS ( 'NONE', 3,
 ( #2492, #8651, #2382, #2110 ),
 .UNSPECIFIED., .F., .F.,
 ( 4, 4 ),
 ( 3.054997924347485697E-07, 0.0002759181450133582516 ),
 .UNSPECIFIED. ) ;
#3051 = LINE ( 'NONE', #3924, #6260 ) ;
#3052 = CARTESIAN_POINT ( 'NONE',  ( 0.5199868932015628831, -2.954591956751149606, 9.449999999999999289 ) ) ;
#3053 = ORIENTED_EDGE ( 'NONE', *, *, #6663, .F. ) ;
#3054 = ORIENTED_EDGE ( 'NONE', *, *, #3916, .F. ) ;
#3055 = FACE_OUTER_BOUND ( 'NONE', #965, .T. ) ;
#3056 = AXIS2_PLACEMENT_3D ( 'NONE', #7757, #2503, #4261 ) ;
#3057 = VECTOR ( 'NONE', #8095, 1000.000000000000000 ) ;
#3058 = VERTEX_POINT ( 'NONE', #8892 ) ;
#3059 = DIRECTION ( 'NONE',  ( -1.000000000000000000, 0.000000000000000000, 0.000000000000000000 ) ) ;
#3060 = CARTESIAN_POINT ( 'NONE',  ( 0.2354466048926423249, -2.869255406013592413, 9.571310031034848009 ) ) ;
#3061 = EDGE_CURVE ( 'NONE', #9669, #9776, #1673, .T. ) ;
#3062 = EDGE_CURVE ( 'NONE', #4373, #8748, #11470, .T. ) ;
#3063 = DIRECTION ( 'NONE',  ( -0.06975647374413400381, -0.9975640502598236425, 0.000000000000000000 ) ) ;
#3064 = VERTEX_POINT ( 'NONE', #8713 ) ;
#3065 = EDGE_CURVE ( 'NONE', #9782, #2226, #1430, .T. ) ;
#3066 = CARTESIAN_POINT ( 'NONE',  ( -2.972615042991526568, 0.4177737993909445557, 8.077500000000002345 ) ) ;
#3067 = VERTEX_POINT ( 'NONE', #1859 ) ;
#3068 = AXIS2_PLACEMENT_3D ( 'NONE', #7713, #3283, #2361 ) ;
#3069 = VERTEX_POINT ( 'NONE', #6191 ) ;
#3070 = DIRECTION ( 'NONE',  ( 0.000000000000000000, 0.000000000000000000, -1.000000000000000000 ) ) ;
#3071 = CARTESIAN_POINT ( 'NONE',  ( -1.475000000000006972, 0.000000000000000000, -6.299999999999982059 ) ) ;
#3072 = CARTESIAN_POINT ( 'NONE',  ( -2.992759823733690538, -0.2082993937713003563, -9.750000000000001776 ) ) ;
#3073 = VECTOR ( 'NONE', #998, 1000.000000000000227 ) ;
#3074 = AXIS2_PLACEMENT_3D ( 'NONE', #10987, #10228, #11037 ) ;
#3075 = ADVANCED_FACE ( 'NONE', ( #9713 ), #5450, .F. ) ;
#3076 = DIRECTION ( 'NONE',  ( 0.4383711467890815117, 0.8987940462991649282, 0.000000000000000000 ) ) ;
#3077 = ORIENTED_EDGE ( 'NONE', *, *, #5627, .T. ) ;
#3078 = AXIS2_PLACEMENT_3D ( 'NONE', #11246, #634, #5104 ) ;
#3079 = DIRECTION ( 'NONE',  ( -0.000000000000000000, -0.000000000000000000, -1.000000000000000000 ) ) ;
#3080 = CARTESIAN_POINT ( 'NONE',  ( -0.5860087391485055974, -2.756954358615466560, 9.750000000000001776 ) ) ;
#3081 = DIRECTION ( 'NONE',  ( 0.4999999999999995559, 0.8660254037844389297, 0.000000000000000000 ) ) ;
#3082 = PLANE ( 'NONE',  #11403 ) ;
#3083 = CARTESIAN_POINT ( 'NONE',  ( 0.000000000000000000, 0.000000000000000000, -6.824999999999974420 ) ) ;
#3084 = AXIS2_PLACEMENT_3D ( 'NONE', #3036, #10839, #2867 ) ;
#3085 = AXIS2_PLACEMENT_3D ( 'NONE', #8930, #968, #3656 ) ;
#3086 = CARTESIAN_POINT ( 'NONE',  ( -0.4775843509040188506, -2.900319177553637662, 9.510800894373550918 ) ) ;
#3087 = EDGE_CURVE ( 'NONE', #8308, #117, #8314, .T. ) ;
#3088 = DIRECTION ( 'NONE',  ( -1.000000000000000000, 0.000000000000000000, 0.000000000000000000 ) ) ;
#3089 = CARTESIAN_POINT ( 'NONE',  ( -2.680596881209464488, 0.8709787243654859568, 9.631453640997325039 ) ) ;
#3090 = AXIS2_PLACEMENT_3D ( 'NONE', #5321, #3424, #10534 ) ;
#3091 = AXIS2_PLACEMENT_3D ( 'NONE', #768, #1831, #7032 ) ;
#3092 = ORIENTED_EDGE ( 'NONE', *, *, #2109, .T. ) ;
#3093 = B_SPLINE_CURVE_WITH_KNOTS ( 'NONE', 3,
 ( #3504, #6268, #10605, #1809 ),
 .UNSPECIFIED., .F., .F.,
 ( 4, 4 ),
 ( 3.054997924343287590E-07, 0.0002759181450133579264 ),
 .UNSPECIFIED. ) ;
#3094 = DIRECTION ( 'NONE',  ( 0.9945218953682738450, 0.1045284632676489606, 0.000000000000000000 ) ) ;
#3095 = DIRECTION ( 'NONE',  ( 1.000000000000000000, 0.000000000000000000, 0.000000000000000000 ) ) ;
#3096 = ORIENTED_EDGE ( 'NONE', *, *, #8877, .F. ) ;
#3097 = LINE ( 'NONE', #6712, #4120 ) ;
#3098 = CARTESIAN_POINT ( 'NONE',  ( -0.6746321639314698526, 1.882782898634133728, -6.824999999999975309 ) ) ;
#3099 = CARTESIAN_POINT ( 'NONE',  ( -2.230140069598302688, 1.914788085895119618, 9.510800894373550918 ) ) ;
#3100 = CARTESIAN_POINT ( 'NONE',  ( 2.803106067138687596, 0.2946183195551812517, 9.631453640997325039 ) ) ;
#3101 = ORIENTED_EDGE ( 'NONE', *, *, #7442, .T. ) ;
#3102 = EDGE_LOOP ( 'NONE', ( #4966, #809, #10401 ) ) ;
#3103 = EDGE_CURVE ( 'NONE', #6096, #4143, #8836, .T. ) ;
#3104 = AXIS2_PLACEMENT_3D ( 'NONE', #9583, #8875, #5191 ) ;
#3105 = DIRECTION ( 'NONE',  ( -0.9612616959383200044, -0.2756373558169951110, 0.000000000000000000 ) ) ;
#3106 = CARTESIAN_POINT ( 'NONE',  ( -0.3922658369820654634, 2.791116459588170340, 9.631453640997325039 ) ) ;
#3107 = CARTESIAN_POINT ( 'NONE',  ( 2.992759823733688762, 0.2082993937713199240, 8.077500000000000568 ) ) ;
#3108 = ORIENTED_EDGE ( 'NONE', *, *, #430, .T. ) ;
#3109 = LINE ( 'NONE', #1232, #3983 ) ;
#3110 = ORIENTED_EDGE ( 'NONE', *, *, #186, .T. ) ;
#3111 = LINE ( 'NONE', #6683, #7550 ) ;
#3112 = VERTEX_POINT ( 'NONE', #864 ) ;
#3113 = ORIENTED_EDGE ( 'NONE', *, *, #397, .F. ) ;
#3114 = CARTESIAN_POINT ( 'NONE',  ( -2.353151076758508875, 9.548577686196303386E-17, -6.009375000000007461 ) ) ;
#3115 = DIRECTION ( 'NONE',  ( -0.000000000000000000, -0.000000000000000000, -1.000000000000000000 ) ) ;
#3116 = DIRECTION ( 'NONE',  ( -1.000000000000000000, 1.210143096841420629E-14, 0.000000000000000000 ) ) ;
#3117 = VERTEX_POINT ( 'NONE', #3608 ) ;
#3118 = DIRECTION ( 'NONE',  ( -0.000000000000000000, 0.000000000000000000, -1.000000000000000000 ) ) ;
#3119 = CARTESIAN_POINT ( 'NONE',  ( -0.1966118550883310945, 2.811680521731792393, 9.750000000000001776 ) ) ;
#3120 = VECTOR ( 'NONE', #10194, 1000.000000000000114 ) ;
#3121 = ORIENTED_EDGE ( 'NONE', *, *, #3989, .F. ) ;
#3122 = B_SPLINE_CURVE_WITH_KNOTS ( 'NONE', 3,
 ( #443, #11111, #5186, #6167, #10301, #6115, #3144, #2326 ),
 .UNSPECIFIED., .F., .F.,
 ( 4, 2, 2, 4 ),
 ( 0.000000000000000000, 0.0006142454120727022663, 0.0009213681181090532368, 0.001228490824145404316 ),
 .UNSPECIFIED. ) ;
#3123 = DIRECTION ( 'NONE',  ( 0.000000000000000000, 0.000000000000000000, -1.000000000000000000 ) ) ;
#3124 = ORIENTED_EDGE ( 'NONE', *, *, #4924, .T. ) ;
#3125 = VERTEX_POINT ( 'NONE', #6258 ) ;
#3126 = CARTESIAN_POINT ( 'NONE',  ( 0.03436829993631046465, -1.859777515377402768, -6.681106484665780165 ) ) ;
#3127 = CIRCLE ( 'NONE', #4636, 3.000000000000000000 ) ;
#3128 = EDGE_CURVE ( 'NONE', #7785, #2049, #7175, .T. ) ;
#3129 = EDGE_CURVE ( 'NONE', #1878, #7011, #532, .T. ) ;
#3130 = FACE_OUTER_BOUND ( 'NONE', #6673, .T. ) ;
#3131 = LINE ( 'NONE', #10115, #9393 ) ;
#3132 = LINE ( 'NONE', #1254, #8802 ) ;
#3133 = FACE_OUTER_BOUND ( 'NONE', #11175, .T. ) ;
#3134 = ORIENTED_EDGE ( 'NONE', *, *, #1797, .T. ) ;
#3135 = ORIENTED_EDGE ( 'NONE', *, *, #7066, .T. ) ;
#3136 = DIRECTION ( 'NONE',  ( -0.6156614753256497430, 0.7880107536067286755, 0.000000000000000000 ) ) ;
#3137 = CARTESIAN_POINT ( 'NONE',  ( 2.970668720312943822, -0.4184822029122086118, 9.449999999999999289 ) ) ;
#3138 = DIRECTION ( 'NONE',  ( -0.8660254037844389297, 0.4999999999999995559, 0.000000000000000000 ) ) ;
#3139 = CARTESIAN_POINT ( 'NONE',  ( -0.7267091498297494345, -2.910651784661593577, 8.077500000000000568 ) ) ;
#3140 = FACE_OUTER_BOUND ( 'NONE', #6203, .T. ) ;
#3141 = ADVANCED_FACE ( 'NONE', ( #2800 ), #6370, .T. ) ;
#3142 = B_SPLINE_CURVE_WITH_KNOTS ( 'NONE', 3,
 ( #8720, #519, #1631, #1459, #11349, #7705, #6790, #5931, #9445, #6093, #6843, #11248, #4995, #5051, #8615, #8559, #6947, #3159, #635, #7814, #10485, #3328, #2514, #5980 ),
 .UNSPECIFIED., .F., .F.,
 ( 4, 2, 2, 2, 2, 2, 2, 2, 2, 2, 2, 4 ),
 ( 0.006696545711108294573, 0.007282391923067079408, 0.007868238135025865110, 0.008454084346984649945, 0.009039930558943436514, 0.009625776770902221349, 0.009918699876881613767, 0.01021162298286100792, 0.01050454608884040034, 0.01079746919481979275, 0.01109039230079918691, 0.01138331540677857932 ),
 .UNSPECIFIED. ) ;
#3143 = DIRECTION ( 'NONE',  ( -1.000000000000000000, 0.000000000000000000, 0.000000000000000000 ) ) ;
#3144 = CARTESIAN_POINT ( 'NONE',  ( -0.1495116250134177205, -1.541501209282942542, -9.679663336986841671 ) ) ;
#3145 = LINE ( 'NONE', #506, #5668 ) ;
#3146 = CARTESIAN_POINT ( 'NONE',  ( 2.006669090636812314, 2.230085011985603938, -9.750000000000001776 ) ) ;
#3147 = CARTESIAN_POINT ( 'NONE',  ( -0.8922005383792538380, -1.545336663013172851, -8.408333333333338544 ) ) ;
#3148 = CARTESIAN_POINT ( 'NONE',  ( 0.000000000000000000, 0.000000000000000000, 8.077500000000000568 ) ) ;
#3149 = ORIENTED_EDGE ( 'NONE', *, *, #5019, .T. ) ;
#3150 = EDGE_LOOP ( 'NONE', ( #9550, #5617, #8212 ) ) ;
#3151 = CARTESIAN_POINT ( 'NONE',  ( 2.992759823733688318, -0.2082993937713409072, 9.449999999999999289 ) ) ;
#3152 = CARTESIAN_POINT ( 'NONE',  ( 1.176575538379253549, -2.037888611415574758, -8.576041666666672114 ) ) ;
#3153 = CARTESIAN_POINT ( 'NONE',  ( 2.816829376715344946, -0.09836584936186996975, 8.077500000000002345 ) ) ;
#3154 = CARTESIAN_POINT ( 'NONE',  ( 1.338300807568879813, -0.7726683315065872026, -8.233333333333339610 ) ) ;
#3155 = ORIENTED_EDGE ( 'NONE', *, *, #6204, .T. ) ;
#3156 = EDGE_CURVE ( 'NONE', #8098, #1727, #925, .T. ) ;
#3157 = ORIENTED_EDGE ( 'NONE', *, *, #11120, .T. ) ;
#3158 = LINE ( 'NONE', #5050, #3974 ) ;
#3159 = CARTESIAN_POINT ( 'NONE',  ( -1.117082895443312962, 1.120852273961056689, -6.404436158529442480 ) ) ;
#3160 = CARTESIAN_POINT ( 'NONE',  ( -0.8922005383792531719, 1.545336663013173073, -9.954166666666671048 ) ) ;
#3161 = ORIENTED_EDGE ( 'NONE', *, *, #136, .F. ) ;
#3162 = VERTEX_POINT ( 'NONE', #3089 ) ;
#3163 = CARTESIAN_POINT ( 'NONE',  ( 0.7248221475199089214, 2.911122267178868128, 9.449999999999999289 ) ) ;
#3164 = CARTESIAN_POINT ( 'NONE',  ( -1.764863307568881545, 1.018944305707787379, -7.467708333333340498 ) ) ;
#3165 = VERTEX_POINT ( 'NONE', #6432 ) ;
#3166 = DIRECTION ( 'NONE',  ( 0.6946583704589995856, 0.7193398003386490824, 0.000000000000000000 ) ) ;
#3167 = CARTESIAN_POINT ( 'NONE',  ( 0.1966118550883507732, -2.811680521731791060, 9.631453640997325039 ) ) ;
#3168 = ADVANCED_FACE ( 'NONE', ( #196 ), #8380, .T. ) ;
#3169 = VERTEX_POINT ( 'NONE', #7352 ) ;
#3170 = DIRECTION ( 'NONE',  ( -1.000000000000000000, 0.000000000000000000, 0.000000000000000000 ) ) ;
#3171 = VERTEX_POINT ( 'NONE', #2920 ) ;
#3172 = EDGE_LOOP ( 'NONE', ( #2750, #1447, #5076 ) ) ;
#3173 = LINE ( 'NONE', #9510, #1413 ) ;
#3174 = CARTESIAN_POINT ( 'NONE',  ( 2.648386132258324643, 1.409273179501331796, 8.077500000000000568 ) ) ;
#3175 = ORIENTED_EDGE ( 'NONE', *, *, #11190, .T. ) ;
#3176 = LINE ( 'NONE', #5952, #7658 ) ;
#3177 = CARTESIAN_POINT ( 'NONE',  ( 2.091138695635916811, -2.065690465565432898, 9.510800894373550918 ) ) ;
#3178 = AXIS2_PLACEMENT_3D ( 'NONE', #7965, #10647, #2664 ) ;
#3179 = CIRCLE ( 'NONE', #4695, 3.000000000000000000 ) ;
#3180 = DIRECTION ( 'NONE',  ( -1.000000000000000000, 0.000000000000000000, 0.000000000000000000 ) ) ;
#3181 = ORIENTED_EDGE ( 'NONE', *, *, #11205, .T. ) ;
#3182 = ORIENTED_EDGE ( 'NONE', *, *, #9052, .F. ) ;
#3183 = CARTESIAN_POINT ( 'NONE',  ( 0.000000000000000000, 0.000000000000000000, 8.077500000000002345 ) ) ;
#3184 = ADVANCED_FACE ( 'NONE', ( #5748 ), #5626, .T. ) ;
#3185 = EDGE_CURVE ( 'NONE', #10529, #5697, #10817, .T. ) ;
#3186 = DIRECTION ( 'NONE',  ( -0.3090169943749589421, -0.9510565162951497564, 0.000000000000000000 ) ) ;
#3187 = DIRECTION ( 'NONE',  ( -0.000000000000000000, 0.000000000000000000, 1.000000000000000000 ) ) ;
#3188 = CARTESIAN_POINT ( 'NONE',  ( 2.336680831601421815, -1.576111122057619163, 8.077500000000002345 ) ) ;
#3189 = FACE_OUTER_BOUND ( 'NONE', #8575, .T. ) ;
#3190 = ADVANCED_FACE ( 'NONE', ( #5684 ), #3719, .T. ) ;
#3191 = DIRECTION ( 'NONE',  ( -0.000000000000000000, -0.000000000000000000, 1.000000000000000000 ) ) ;
#3192 = CARTESIAN_POINT ( 'NONE',  ( -2.970939380026133225, -0.4165563589839168523, -9.750000000000001776 ) ) ;
#3193 = AXIS2_PLACEMENT_3D ( 'NONE', #4654, #1355, #9453 ) ;
#3194 = LINE ( 'NONE', #8429, #3757 ) ;
#3195 = CARTESIAN_POINT ( 'NONE',  ( 2.426479301982356063, 1.764142340360102201, 9.449999999999999289 ) ) ;
#3196 = DIRECTION ( 'NONE',  ( -0.000000000000000000, 0.000000000000000000, -1.000000000000000000 ) ) ;
#3197 = DIRECTION ( 'NONE',  ( -0.1736481776669404620, -0.9848077530122062440, 0.000000000000000000 ) ) ;
#3198 = LINE ( 'NONE', #2268, #9178 ) ;
#3199 = ORIENTED_EDGE ( 'NONE', *, *, #2683, .F. ) ;
#3200 = EDGE_CURVE ( 'NONE', #11166, #2347, #7581, .T. ) ;
#3201 = LINE ( 'NONE', #7576, #10272 ) ;
#3202 = ADVANCED_FACE ( 'NONE', ( #266 ), #323, .T. ) ;
#3203 = PLANE ( 'NONE',  #5488 ) ;
#3204 = CARTESIAN_POINT ( 'NONE',  ( -0.8922005383792531719, 1.545336663013173073, -7.241666666666672469 ) ) ;
#3205 = AXIS2_PLACEMENT_3D ( 'NONE', #9592, #5249, #6928 ) ;
#3206 = PLANE ( 'NONE',  #4792 ) ;
#3207 = VERTEX_POINT ( 'NONE', #6495 ) ;
#3208 = ORIENTED_EDGE ( 'NONE', *, *, #5239, .T. ) ;
#3209 = DIRECTION ( 'NONE',  ( -1.000000000000000000, 0.000000000000000000, 0.000000000000000000 ) ) ;
#3210 = CIRCLE ( 'NONE', #11012, 3.000000000000000000 ) ;
#3211 = FACE_OUTER_BOUND ( 'NONE', #4224, .T. ) ;
#3212 = CARTESIAN_POINT ( 'NONE',  ( 1.338300807568879813, -0.7726683315065872026, -6.745833333333337123 ) ) ;
#3213 = CARTESIAN_POINT ( 'NONE',  ( -0.8922005383792539490, -1.545336663013172851, -7.708333333333338366 ) ) ;
#3214 = EDGE_CURVE ( 'NONE', #8916, #10529, #2859, .T. ) ;
#3215 = ORIENTED_EDGE ( 'NONE', *, *, #10803, .T. ) ;
#3216 = DIRECTION ( 'NONE',  ( -1.000000000000000000, 0.000000000000000000, 0.000000000000000000 ) ) ;
#3217 = CARTESIAN_POINT ( 'NONE',  ( -0.7600957079959531626, 2.776745613731986584, 9.571310031034848009 ) ) ;
#3218 = AXIS2_PLACEMENT_3D ( 'NONE', #10349, #10404, #5956 ) ;
#3219 = ORIENTED_EDGE ( 'NONE', *, *, #6847, .T. ) ;
#3220 = ORIENTED_EDGE ( 'NONE', *, *, #8000, .F. ) ;
#3221 = FACE_OUTER_BOUND ( 'NONE', #1832, .T. ) ;
#3222 = EDGE_CURVE ( 'NONE', #6568, #5198, #8152, .T. ) ;
#3223 = VERTEX_POINT ( 'NONE', #1982 ) ;
#3224 = CARTESIAN_POINT ( 'NONE',  ( 0.3145524316523908848, -2.983463887453905450, 8.077500000000000568 ) ) ;
#3225 = FACE_OUTER_BOUND ( 'NONE', #11227, .T. ) ;
#3226 = AXIS2_PLACEMENT_3D ( 'NONE', #9021, #3727, #7299 ) ;
#3227 = CARTESIAN_POINT ( 'NONE',  ( -2.878148196475316389, 0.06576205455716159498, 9.571310031034848009 ) ) ;
#3228 = CIRCLE ( 'NONE', #10668, 3.000000000000000444 ) ;
#3229 = VERTEX_POINT ( 'NONE', #4679 ) ;
#3230 = B_SPLINE_CURVE_WITH_KNOTS ( 'NONE', 3,
 ( #9971, #10020, #10077, #2048 ),
 .UNSPECIFIED., .F., .F.,
 ( 4, 4 ),
 ( 3.054997924343692578E-07, 0.0002759181450133578180 ),
 .UNSPECIFIED. ) ;
#3231 = EDGE_LOOP ( 'NONE', ( #4100, #5890, #2957, #2368 ) ) ;
#3232 = CIRCLE ( 'NONE', #6956, 3.000000000000000000 ) ;
#3233 = VERTEX_POINT ( 'NONE', #5505 ) ;
#3234 = DIRECTION ( 'NONE',  ( -0.000000000000000000, -0.000000000000000000, 1.000000000000000000 ) ) ;
#3235 = CIRCLE ( 'NONE', #10679, 3.000000000000000000 ) ;
#3236 = AXIS2_PLACEMENT_3D ( 'NONE', #2665, #6247, #8376 ) ;
#3237 = DIRECTION ( 'NONE',  ( -0.000000000000000000, -0.000000000000000000, -1.000000000000000000 ) ) ;
#3238 = EDGE_CURVE ( 'NONE', #9416, #4835, #7838, .T. ) ;
#3239 = B_SPLINE_CURVE_WITH_KNOTS ( 'NONE', 3,
 ( #5168, #9777, #2670, #8149, #5387, #8888, #2855, #3603, #2794, #8023, #78, #6317, #7821, #926, #7232, #11353 ),
 .UNSPECIFIED., .F., .F.,
 ( 4, 2, 2, 2, 2, 2, 2, 4 ),
 ( 0.000000000000000000, 0.0003907813735362696082, 0.0007815627470725392163, 0.001172344120608808824, 0.001563125494145078433, 0.001953906867681348258, 0.002344688241217618083, 0.003126250988290157733 ),
 .UNSPECIFIED. ) ;
#3240 = DIRECTION ( 'NONE',  ( -0.5591929034707550095, -0.8290375725550361841, 0.000000000000000000 ) ) ;
#3241 = LINE ( 'NONE', #11152, #622 ) ;
#3242 = CARTESIAN_POINT ( 'NONE',  ( 0.000000000000000000, 0.000000000000000000, -9.750000000000001776 ) ) ;
#3243 = CIRCLE ( 'NONE', #9745, 3.000000000000000000 ) ;
#3244 = EDGE_LOOP ( 'NONE', ( #2764, #10701, #1271, #4359, #8803 ) ) ;
#3245 = CARTESIAN_POINT ( 'NONE',  ( -1.499157810963831494, -2.598562267452164676, 9.449999999999999289 ) ) ;
#3246 = DIRECTION ( 'NONE',  ( -0.1736481776669273613, 0.9848077530122086864, 0.000000000000000000 ) ) ;
#3247 = CARTESIAN_POINT ( 'NONE',  ( 2.533292686689803119, 1.235569399674175894, 9.750000000000001776 ) ) ;
#3248 = CARTESIAN_POINT ( 'NONE',  ( 2.992624163415379179, -0.2102394267077520862, 8.077500000000000568 ) ) ;
#3249 = DIRECTION ( 'NONE',  ( 0.000000000000000000, -0.000000000000000000, 1.000000000000000000 ) ) ;
#3250 = CARTESIAN_POINT ( 'NONE',  ( 1.957926820807942114, 2.027492575130213304, 8.077500000000002345 ) ) ;
#3251 = AXIS2_PLACEMENT_3D ( 'NONE', #44, #5297, #6292 ) ;
#3252 = VECTOR ( 'NONE', #11256, 1000.000000000000114 ) ;
#3253 = CARTESIAN_POINT ( 'NONE',  ( 1.811726676894031440, 2.159131775987225499, 9.631453640997325039 ) ) ;
#3254 = FACE_OUTER_BOUND ( 'NONE', #3557, .T. ) ;
#3255 = VERTEX_POINT ( 'NONE', #3783 ) ;
#3256 = CARTESIAN_POINT ( 'NONE',  ( -2.000000000000003553, -3.008346988765448202E-11, -8.787499999998251710 ) ) ;
#3257 = VECTOR ( 'NONE', #6815, 1000.000000000000000 ) ;
#3258 = AXIS2_PLACEMENT_3D ( 'NONE', #8534, #3875, #7432 ) ;
#3259 = CARTESIAN_POINT ( 'NONE',  ( 2.934240477815720283, -0.6246861758897610528, 8.077500000000000568 ) ) ;
#3260 = B_SPLINE_CURVE_WITH_KNOTS ( 'NONE', 3,
 ( #7685, #5967, #9477, #10712 ),
 .UNSPECIFIED., .F., .F.,
 ( 4, 4 ),
 ( 3.021976174287312626E-07, 0.0002759148428383534596 ),
 .UNSPECIFIED. ) ;
#3261 = DIRECTION ( 'NONE',  ( 0.03489949670244483354, -0.9993908270190976495, 0.000000000000000000 ) ) ;
#3262 = ORIENTED_EDGE ( 'NONE', *, *, #8522, .F. ) ;
#3263 = ORIENTED_EDGE ( 'NONE', *, *, #9222, .T. ) ;
#3264 = CARTESIAN_POINT ( 'NONE',  ( -1.656699982724391340, 2.280251903866816310, 9.750000000000001776 ) ) ;
#3265 = ADVANCED_FACE ( 'NONE', ( #2157 ), #9257, .T. ) ;
#3266 = EDGE_CURVE ( 'NONE', #2991, #5697, #3903, .T. ) ;
#3267 = CARTESIAN_POINT ( 'NONE',  ( -1.176575538379254215, 2.037888611415574314, -8.226041666666674246 ) ) ;
#3268 = VECTOR ( 'NONE', #3618, 1000.000000000000227 ) ;
#3269 = VECTOR ( 'NONE', #8366, 1000.000000000000000 ) ;
#3270 = EDGE_CURVE ( 'NONE', #9599, #9849, #3466, .T. ) ;
#3271 = CARTESIAN_POINT ( 'NONE',  ( -1.493602012769896792, -2.390262873680833344, 9.631453640997325039 ) ) ;
#3272 = ORIENTED_EDGE ( 'NONE', *, *, #6934, .T. ) ;
#3273 = PERSON ( 'UNSPECIFIED', 'UNSPECIFIED', 'UNSPECIFIED', ('UNSPECIFIED'), ('UNSPECIFIED'), ('UNSPECIFIED') ) ;
#3274 = CARTESIAN_POINT ( 'NONE',  ( -2.934644818296870294, -0.6227839034876626600, 9.449999999999999289 ) ) ;
#3275 = AXIS2_PLACEMENT_3D ( 'NONE', #1445, #4204, #9432 ) ;
#3276 = CIRCLE ( 'NONE', #5544, 3.000000000000000000 ) ;
#3277 = ORIENTED_EDGE ( 'NONE', *, *, #6318, .T. ) ;
#3278 = ORIENTED_EDGE ( 'NONE', *, *, #5054, .F. ) ;
#3279 = AXIS2_PLACEMENT_3D ( 'NONE', #1733, #5328, #8948 ) ;
#3280 = EDGE_CURVE ( 'NONE', #7553, #10618, #3367, .T. ) ;
#3281 = LINE ( 'NONE', #5000, #5331 ) ;
#3282 = ORIENTED_EDGE ( 'NONE', *, *, #7548, .F. ) ;
#3283 = DIRECTION ( 'NONE',  ( 0.9993908270190958731, 0.03489949670249586217, 0.000000000000000000 ) ) ;
#3284 = VECTOR ( 'NONE', #8739, 1000.000000000000000 ) ;
#3285 = CARTESIAN_POINT ( 'NONE',  ( -0.5219021180699408013, 2.954254250932730752, 9.449999999999999289 ) ) ;
#3286 = CARTESIAN_POINT ( 'NONE',  ( -1.338300807568880257, -0.7726683315065862034, -5.579166666666671048 ) ) ;
#3287 =( BOUNDED_CURVE ( )  B_SPLINE_CURVE ( 2, ( #3918, #11013, #6617, #5910, #7847, #9588, #11221, #5084, #608, #4191, #7223, #8819, #5247, #9762, #11456, #124, #3535, #10578, #4479, #8139, #9698, #3707, #1785, #65, #6124, #4542, #5379, #1844, #7164, #2785, #9645, #4841, #366, #8259, #250, #5613, #9184, #2842, #1080, #1306, #4895, #8321, #8413, #1966, #7280, #183, #313, #8196, #2028, #10875, #3891, #7446, #9412, #5954, #11319, #1538, #1370, #8639, #8578, #4068, #594 ),
 .UNSPECIFIED., .F., .F. ) 
 B_SPLINE_CURVE_WITH_KNOTS ( ( 3, 2, 2, 2, 2, 2, 2, 2, 2, 2, 2, 2, 2, 2, 2, 2, 2, 2, 2, 2, 2, 2, 2, 2, 2, 2, 2, 2, 2, 2, 3 ),
 ( 0.07363762803775264487, 0.07778103322870763559, 0.1037080443049435141, 0.1296350553811793926, 0.1555620664574152712, 0.1814890775336511219, 0.2074160886098870282, 0.2333430996861229068, 0.2592701107623587298, 0.2851971218385946916, 0.3111241329148305423, 0.3370511439910664486, 0.3629781550673022994, 0.3889051661435382057, 0.4148321772197740565, 0.4407591882960099627, 0.4666861993722458135, 0.4926132104484817198, 0.5185402215247175706, 0.5444672326009534213, 0.5703942436771893831, 0.5963212547534252339, 0.6222482658296610847, 0.6481752769058970465, 0.6741022879821328972, 0.7000292990583688590, 0.7259563101346047098, 0.7518833212108405606, 0.7778103322870765224, 0.8037373433633123732, 0.8097518762036386430 ),
 .UNSPECIFIED. ) 
 CURVE ( )  GEOMETRIC_REPRESENTATION_ITEM ( )  RATIONAL_B_SPLINE_CURVE ( ( 0.9640221900884871076, 0.9785894704259042731, 1.000000000000000000, 0.8660254037844387076, 1.000000000000000000, 0.8660254037844387076, 1.000000000000000000, 0.8660254037844387076, 1.000000000000000000, 0.8660254037844387076, 1.000000000000000000, 0.8660254037844387076, 1.000000000000000000, 0.8660254037844387076, 1.000000000000000000, 0.8660254037844387076, 1.000000000000000000, 0.8660254037844387076, 1.000000000000000000, 0.8660254037844387076, 1.000000000000000000, 0.8660254037844387076, 1.000000000000000000, 0.8660254037844387076, 1.000000000000000000, 0.8660254037844387076, 1.000000000000000000, 0.8660254037844387076, 1.000000000000000000, 0.8660254037844387076, 1.000000000000000000, 0.8660254037844387076, 1.000000000000000000, 0.8660254037844387076, 1.000000000000000000, 0.8660254037844387076, 1.000000000000000000, 0.8660254037844387076, 1.000000000000000000, 0.8660254037844387076, 1.000000000000000000, 0.8660254037844387076, 1.000000000000000000, 0.8660254037844387076, 1.000000000000000000, 0.8660254037844387076, 1.000000000000000000, 0.8660254037844387076, 1.000000000000000000, 0.8660254037844387076, 1.000000000000000000, 0.8660254037844387076, 1.000000000000000000, 0.8660254037844387076, 1.000000000000000000, 0.8660254037844387076, 1.000000000000000000, 0.8660254037844387076, 1.000000000000000000, 0.9689206516578949824, 0.9522608413574012998 ) ) 
 REPRESENTATION_ITEM ( '' )  );
#3288 = ORIENTED_EDGE ( 'NONE', *, *, #1302, .F. ) ;
#3289 = CARTESIAN_POINT ( 'NONE',  ( 1.811726676894031440, 2.159131775987225499, 9.631453640997325039 ) ) ;
#3290 = CARTESIAN_POINT ( 'NONE',  ( -2.474923495339714119, 1.585777990807435422, 9.510800894373550918 ) ) ;
#3291 = EDGE_LOOP ( 'NONE', ( #7137, #4175 ) ) ;
#3292 = VERTEX_POINT ( 'NONE', #8808 ) ;
#3293 = CARTESIAN_POINT ( 'NONE',  ( -1.968301270189927177, 1.821359319817464581E-11, -6.793301270189900265 ) ) ;
#3294 = DIRECTION ( 'NONE',  ( -0.6946583704589900377, 0.7193398003386582973, 0.000000000000000000 ) ) ;
#3295 = ORIENTED_EDGE ( 'NONE', *, *, #2067, .T. ) ;
#3296 = FACE_OUTER_BOUND ( 'NONE', #2884, .T. ) ;
#3297 = DIRECTION ( 'NONE',  ( 0.000000000000000000, 0.000000000000000000, -1.000000000000000000 ) ) ;
#3298 = ORIENTED_EDGE ( 'NONE', *, *, #6465, .F. ) ;
#3299 = FACE_OUTER_BOUND ( 'NONE', #6120, .T. ) ;
#3300 = EDGE_CURVE ( 'NONE', #8449, #7142, #7096, .T. ) ;
#3301 = DIRECTION ( 'NONE',  ( 0.000000000000000000, 0.000000000000000000, -1.000000000000000000 ) ) ;
#3302 = CARTESIAN_POINT ( 'NONE',  ( 1.999999999999989120, 0.5358983848622709267, -9.193739260883038611 ) ) ;
#3303 = DIRECTION ( 'NONE',  ( 0.000000000000000000, 0.000000000000000000, -1.000000000000000000 ) ) ;
#3304 = LINE ( 'NONE', #6703, #8431 ) ;
#3305 = CIRCLE ( 'NONE', #1622, 2.999999999999999556 ) ;
#3306 = FACE_OUTER_BOUND ( 'NONE', #5009, .T. ) ;
#3307 = DIRECTION ( 'NONE',  ( 0.6156614753256579586, 0.7880107536067222362, 0.000000000000000000 ) ) ;
#3308 = DIRECTION ( 'NONE',  ( -0.000000000000000000, -0.000000000000000000, -1.000000000000000000 ) ) ;
#3309 = CARTESIAN_POINT ( 'NONE',  ( 2.000000000000003553, -8.715332896486790042E-16, -7.825000000000001954 ) ) ;
#3310 = ORIENTED_EDGE ( 'NONE', *, *, #3214, .T. ) ;
#3311 = LINE ( 'NONE', #8493, #7673 ) ;
#3312 = EDGE_CURVE ( 'NONE', #11299, #10921, #5303, .T. ) ;
#3313 = CARTESIAN_POINT ( 'NONE',  ( 0.3137765339895084993, 2.985384301558946074, 9.750000000000001776 ) ) ;
#3314 = CARTESIAN_POINT ( 'NONE',  ( 1.338300807568879813, -0.7726683315065872026, -8.933333333333338899 ) ) ;
#3315 = FACE_OUTER_BOUND ( 'NONE', #4073, .T. ) ;
#3316 = ORIENTED_EDGE ( 'NONE', *, *, #1260, .T. ) ;
#3317 = ORIENTED_EDGE ( 'NONE', *, *, #834, .T. ) ;
#3318 = CARTESIAN_POINT ( 'NONE',  ( 1.991452414734059984, -2.161956388034620424, 9.510800894373549141 ) ) ;
#3319 = DIRECTION ( 'NONE',  ( 0.9848077530122089085, 0.1736481776669259458, 0.000000000000000000 ) ) ;
#3320 = CARTESIAN_POINT ( 'NONE',  ( 2.094588142060978875, -1.885975634250022681, 8.077500000000002345 ) ) ;
#3321 = CARTESIAN_POINT ( 'NONE',  ( -1.784401076758506788, 6.065988351121004614E-17, -7.825000000000006395 ) ) ;
#3322 = ORIENTED_EDGE ( 'NONE', *, *, #4415, .T. ) ;
#3323 = CARTESIAN_POINT ( 'NONE',  ( 2.734823486451069208, 0.6818680780054608981, 9.631453640997325039 ) ) ;
#3324 = DIRECTION ( 'NONE',  ( -0.6427876096865466904, -0.7660444431189719072, 0.000000000000000000 ) ) ;
#3325 = EDGE_CURVE ( 'NONE', #2793, #4138, #7006, .T. ) ;
#3326 = EDGE_CURVE ( 'NONE', #1504, #9071, #10570, .T. ) ;
#3327 = DIRECTION ( 'NONE',  ( 0.000000000000000000, -0.000000000000000000, -1.000000000000000000 ) ) ;
#3328 = CARTESIAN_POINT ( 'NONE',  ( -1.426979857841889521, 0.6235750555770421810, -6.379205575817929130 ) ) ;
#3329 = ORIENTED_EDGE ( 'NONE', *, *, #561, .T. ) ;
#3330 = ORIENTED_EDGE ( 'NONE', *, *, #1516, .F. ) ;
#3331 = EDGE_CURVE ( 'NONE', #6056, #905, #839, .T. ) ;
#3332 = ORIENTED_EDGE ( 'NONE', *, *, #581, .T. ) ;
#3333 = DIRECTION ( 'NONE',  ( -0.6691306063588896569, -0.7431448254773660445, 0.000000000000000000 ) ) ;
#3334 = PLANE ( 'NONE',  #3638 ) ;
#3335 = DIRECTION ( 'NONE',  ( -0.000000000000000000, -0.000000000000000000, 1.000000000000000000 ) ) ;
#3336 = VERTEX_POINT ( 'NONE', #3527 ) ;
#3337 = CARTESIAN_POINT ( 'NONE',  ( 1.176575538379255326, 2.037888611415573425, -7.686458333333336057 ) ) ;
#3338 = PLANE ( 'NONE',  #1144 ) ;
#3339 = VERTEX_POINT ( 'NONE', #2215 ) ;
#3340 = EDGE_CURVE ( 'NONE', #3676, #4124, #11165, .T. ) ;
#3341 = EDGE_CURVE ( 'NONE', #7296, #5021, #4910, .T. ) ;
#3342 = CARTESIAN_POINT ( 'NONE',  ( -1.674671506979708457, 2.033577675846917841E-16, -6.499671506979682434 ) ) ;
#3343 = ORIENTED_EDGE ( 'NONE', *, *, #2061, .T. ) ;
#3344 = CARTESIAN_POINT ( 'NONE',  ( -2.358276425314516089, 1.754557051144135738, 9.510800894373550918 ) ) ;
#3345 = DIRECTION ( 'NONE',  ( -0.6691306063588509101, 0.7431448254774006834, 0.000000000000000000 ) ) ;
#3346 = ORIENTED_EDGE ( 'NONE', *, *, #644, .T. ) ;
#3347 = CARTESIAN_POINT ( 'NONE',  ( -2.816829376715346278, -0.09836584936183187522, 9.750000000000001776 ) ) ;
#3348 = CARTESIAN_POINT ( 'NONE',  ( 1.957926820807929014, -2.027492575130227070, 9.631453640997325039 ) ) ;
#3349 = CARTESIAN_POINT ( 'NONE',  ( 0.8922005383792529498, -1.545336663013173517, -8.904166666666672114 ) ) ;
#3350 = ORIENTED_EDGE ( 'NONE', *, *, #9011, .T. ) ;
#3351 = DIRECTION ( 'NONE',  ( -0.03489949670251268204, -0.9993908270190952070, 0.000000000000000000 ) ) ;
#3352 = B_SPLINE_CURVE_WITH_KNOTS ( 'NONE', 3,
 ( #8435, #10244, #5856, #1496 ),
 .UNSPECIFIED., .F., .F.,
 ( 4, 4 ),
 ( 3.021976174289139570E-07, 0.0002759148428383535138 ),
 .UNSPECIFIED. ) ;
#3353 = CARTESIAN_POINT ( 'NONE',  ( 1.500842031447356284, -2.597589882302626663, 9.449999999999999289 ) ) ;
#3354 = CARTESIAN_POINT ( 'NONE',  ( 2.934240477815720283, -0.6246861758897609418, 9.449999999999999289 ) ) ;
#3355 = DIRECTION ( 'NONE',  ( 0.8480480961564210718, -0.5299192642332128944, 0.000000000000000000 ) ) ;
#3356 = CARTESIAN_POINT ( 'NONE',  ( 2.970939380026127008, -0.4165563589839570424, 8.077500000000000568 ) ) ;
#3357 = DIRECTION ( 'NONE',  ( -0.000000000000000000, -0.000000000000000000, 1.000000000000000000 ) ) ;
#3358 = AXIS2_PLACEMENT_3D ( 'NONE', #1129, #4720, #3828 ) ;
#3359 = EDGE_CURVE ( 'NONE', #2897, #4595, #7573, .T. ) ;
#3360 = CARTESIAN_POINT ( 'NONE',  ( 0.5212620717708843499, 2.956224110890476098, 8.077500000000002345 ) ) ;
#3361 = DIRECTION ( 'NONE',  ( -0.3090169943749495052, -0.9510565162951529761, 0.000000000000000000 ) ) ;
#3362 = AXIS2_PLACEMENT_3D ( 'NONE', #3961, #10999, #7458 ) ;
#3363 = ORIENTED_EDGE ( 'NONE', *, *, #7913, .T. ) ;
#3364 = DIRECTION ( 'NONE',  ( 0.8480480961564225151, -0.5299192642332103409, 0.000000000000000000 ) ) ;
#3365 = DIRECTION ( 'NONE',  ( -0.000000000000000000, -0.000000000000000000, 1.000000000000000000 ) ) ;
#3366 = ORIENTED_EDGE ( 'NONE', *, *, #5582, .T. ) ;
#3367 = CIRCLE ( 'NONE', #10256, 3.000000000000000000 ) ;
#3368 = ORIENTED_EDGE ( 'NONE', *, *, #7846, .T. ) ;
#3369 = DIRECTION ( 'NONE',  ( -0.4383711467890828994, -0.8987940462991642621, 0.000000000000000000 ) ) ;
#3370 = EDGE_CURVE ( 'NONE', #881, #10204, #3122, .T. ) ;
#3371 = CARTESIAN_POINT ( 'NONE',  ( 1.859999999999999876, 2.277843046414076852E-16, 5.550000000000000711 ) ) ;
#3372 = DIRECTION ( 'NONE',  ( -0.9135454576426248474, -0.4067366430757465845, 0.000000000000000000 ) ) ;
#3373 = B_SPLINE_CURVE_WITH_KNOTS ( 'NONE', 3,
 ( #866, #6939, #4214, #5208 ),
 .UNSPECIFIED., .F., .F.,
 ( 4, 4 ),
 ( 3.021976174288342830E-07, 0.0002759148428383530801 ),
 .UNSPECIFIED. ) ;
#3374 = CARTESIAN_POINT ( 'NONE',  ( 0.1037266918089347345, -2.998206259316789080, 8.077500000000000568 ) ) ;
#3375 = VECTOR ( 'NONE', #8031, 1000.000000000000114 ) ;
#3376 = VERTEX_POINT ( 'NONE', #4351 ) ;
#3377 = LINE ( 'NONE', #6944, #6936 ) ;
#3378 = CARTESIAN_POINT ( 'NONE',  ( -0.2741049408699185452, -2.926568746041090296, 9.510800894373550918 ) ) ;
#3379 = CARTESIAN_POINT ( 'NONE',  ( 2.970939380026127452, -0.4165563589839572090, 9.449999999999999289 ) ) ;
#3380 = EDGE_LOOP ( 'NONE', ( #4521, #7990, #1826 ) ) ;
#3381 = ORIENTED_EDGE ( 'NONE', *, *, #6806, .T. ) ;
#3382 = ORIENTED_EDGE ( 'NONE', *, *, #10669, .F. ) ;
#3383 = PLANE ( 'NONE',  #9015 ) ;
#3384 = CIRCLE ( 'NONE', #11376, 3.000000000000000444 ) ;
#3385 = CARTESIAN_POINT ( 'NONE',  ( -2.091138695635945677, -2.065690465565404921, 9.510800894373550918 ) ) ;
#3386 = CARTESIAN_POINT ( 'NONE',  ( 0.8922005383792542821, 1.545336663013172851, -9.458333333333335702 ) ) ;
#3387 = CC_DESIGN_PERSON_AND_ORGANIZATION_ASSIGNMENT ( #2069, #10860, ( #11466 ) ) ;
#3388 = ORIENTED_EDGE ( 'NONE', *, *, #6763, .F. ) ;
#3389 = EDGE_CURVE ( 'NONE', #3376, #3339, #5912, .T. ) ;
#3390 = CARTESIAN_POINT ( 'NONE',  ( 1.176575538379253549, -2.037888611415574758, -7.919791666666668561 ) ) ;
#3391 = ORIENTED_EDGE ( 'NONE', *, *, #6259, .T. ) ;
#3392 = AXIS2_PLACEMENT_3D ( 'NONE', #6657, #4628, #8158 ) ;
#3393 = ORIENTED_EDGE ( 'NONE', *, *, #6906, .T. ) ;
#3394 = ORIENTED_EDGE ( 'NONE', *, *, #10, .T. ) ;
#3395 = ORIENTED_EDGE ( 'NONE', *, *, #8192, .T. ) ;
#3396 = ORIENTED_EDGE ( 'NONE', *, *, #2321, .T. ) ;
#3397 = CARTESIAN_POINT ( 'NONE',  ( -1.500842031447339409, 2.597589882302635989, -9.750000000000001776 ) ) ;
#3398 = VECTOR ( 'NONE', #4808, 1000.000000000000000 ) ;
#3399 = EDGE_CURVE ( 'NONE', #134, #130, #10997, .T. ) ;
#3400 = FACE_OUTER_BOUND ( 'NONE', #9004, .T. ) ;
#3401 = EDGE_CURVE ( 'NONE', #956, #6883, #11235, .T. ) ;
#3402 = DIRECTION ( 'NONE',  ( 0.000000000000000000, 0.000000000000000000, -1.000000000000000000 ) ) ;
#3403 = EDGE_CURVE ( 'NONE', #4489, #6741, #5075, .T. ) ;
#3404 = CARTESIAN_POINT ( 'NONE',  ( 2.000000000000002665, 0.5358983848622477231, -7.093739260883039854 ) ) ;
#3405 = ORIENTED_EDGE ( 'NONE', *, *, #327, .T. ) ;
#3406 = VECTOR ( 'NONE', #6497, 1000.000000000000000 ) ;
#3407 = LINE ( 'NONE', #10854, #4767 ) ;
#3408 = VECTOR ( 'NONE', #868, 1000.000000000000000 ) ;
#3409 = AXIS2_PLACEMENT_3D ( 'NONE', #7993, #11549, #3574 ) ;
#3410 = DIRECTION ( 'NONE',  ( 0.000000000000000000, -0.000000000000000000, -1.000000000000000000 ) ) ;
#3411 = CARTESIAN_POINT ( 'NONE',  ( -2.000000000000001776, 0.000000000000000000, -6.824999999999974420 ) ) ;
#3412 = EDGE_CURVE ( 'NONE', #1344, #5381, #5236, .T. ) ;
#3413 = AXIS2_PLACEMENT_3D ( 'NONE', #595, #7729, #3076 ) ;
#3414 = LINE ( 'NONE', #3360, #5661 ) ;
#3415 = B_SPLINE_CURVE_WITH_KNOTS ( 'NONE', 3,
 ( #3151, #6719, #5864, #9376 ),
 .UNSPECIFIED., .F., .F.,
 ( 4, 4 ),
 ( 3.021976174287576265E-07, 0.0002759148428383535680 ),
 .UNSPECIFIED. ) ;
#3416 = CARTESIAN_POINT ( 'NONE',  ( -2.803106067138689372, -0.2946183195551620448, 9.631453640997325039 ) ) ;
#3417 = LINE ( 'NONE', #2434, #8571 ) ;
#3418 = ORIENTED_EDGE ( 'NONE', *, *, #6567, .F. ) ;
#3419 = CARTESIAN_POINT ( 'NONE',  ( -0.1966118550883900196, -2.811680521731788396, 8.077500000000002345 ) ) ;
#3420 = DIRECTION ( 'NONE',  ( 0.000000000000000000, -1.000000000000000000, 0.000000000000000000 ) ) ;
#3421 = CARTESIAN_POINT ( 'NONE',  ( -1.318390983378222359, -2.627124541939498403, 9.510800894373550918 ) ) ;
#3422 = CARTESIAN_POINT ( 'NONE',  ( 0.3922658369820865576, -2.791116459588166787, 8.077500000000002345 ) ) ;
#3423 = DIRECTION ( 'NONE',  ( 1.000000000000000000, 0.000000000000000000, 0.000000000000000000 ) ) ;
#3424 = DIRECTION ( 'NONE',  ( 0.000000000000000000, 0.000000000000000000, -1.000000000000000000 ) ) ;
#3425 = EDGE_CURVE ( 'NONE', #227, #5761, #52, .T. ) ;
#3426 = ORIENTED_EDGE ( 'NONE', *, *, #10027, .T. ) ;
#3427 = AXIS2_PLACEMENT_3D ( 'NONE', #114, #4596, #8126 ) ;
#3428 = CARTESIAN_POINT ( 'NONE',  ( 1.407638565726687663, 0.8691414309977935071, -9.574487599562813145 ) ) ;
#3429 = ORIENTED_EDGE ( 'NONE', *, *, #1719, .F. ) ;
#3430 = CARTESIAN_POINT ( 'NONE',  ( -0.9279757276600765215, -2.852868915473290912, 9.449999999999999289 ) ) ;
#3431 = CARTESIAN_POINT ( 'NONE',  ( -2.613310677415273009, 1.055846049930844410, 9.750000000000001776 ) ) ;
#3432 = DIRECTION ( 'NONE',  ( -0.000000000000000000, -0.000000000000000000, -1.000000000000000000 ) ) ;
#3433 = VECTOR ( 'NONE', #3105, 1000.000000000000227 ) ;
#3434 = CARTESIAN_POINT ( 'NONE',  ( 0.02968821049023269779, -1.954380055915628356, -9.279309038584703018 ) ) ;
#3435 = VECTOR ( 'NONE', #2477, 1000.000000000000114 ) ;
#3436 = LINE ( 'NONE', #8774, #1182 ) ;
#3437 = CARTESIAN_POINT ( 'NONE',  ( -1.892491597964134370E-16, -1.545336663013173073, -6.250000000000004441 ) ) ;
#3438 = ORIENTED_EDGE ( 'NONE', *, *, #9374, .F. ) ;
#3439 = LINE ( 'NONE', #8842, #1578 ) ;
#3440 = EDGE_CURVE ( 'NONE', #8191, #4216, #7087, .T. ) ;
#3441 = EDGE_CURVE ( 'NONE', #6910, #10243, #8188, .T. ) ;
#3442 = ORIENTED_EDGE ( 'NONE', *, *, #3806, .F. ) ;
#3443 = AXIS2_PLACEMENT_3D ( 'NONE', #9139, #4746, #8282 ) ;
#3444 = AXIS2_PLACEMENT_3D ( 'NONE', #4187, #7737, #11280 ) ;
#3445 = FACE_OUTER_BOUND ( 'NONE', #5353, .T. ) ;
#3446 = CARTESIAN_POINT ( 'NONE',  ( -0.8922005383792539490, -1.545336663013172851, -8.408333333333338544 ) ) ;
#3447 = VERTEX_POINT ( 'NONE', #2020 ) ;
#3448 = CARTESIAN_POINT ( 'NONE',  ( 0.000000000000000000, 0.000000000000000000, 8.077500000000002345 ) ) ;
#3449 = CARTESIAN_POINT ( 'NONE',  ( -2.000000000000003553, 2.776705060820691653E-13, -8.087500000000021672 ) ) ;
#3450 = CARTESIAN_POINT ( 'NONE',  ( -1.764863307568881767, -1.018944305707786713, -8.794791666666670338 ) ) ;
#3451 = CARTESIAN_POINT ( 'NONE',  ( 1.338300807568880924, 0.7726683315065854263, -5.929166666666670693 ) ) ;
#3452 = ORIENTED_EDGE ( 'NONE', *, *, #8723, .F. ) ;
#3453 = CARTESIAN_POINT ( 'NONE',  ( 0.000000000000000000, 0.000000000000000000, 8.077500000000002345 ) ) ;
#3454 = VECTOR ( 'NONE', #7968, 1000.000000000000227 ) ;
#3455 = CARTESIAN_POINT ( 'NONE',  ( 2.297508171510907804, -1.929107618003880420, -9.750000000000001776 ) ) ;
#3456 = VECTOR ( 'NONE', #7822, 999.9999999999998863 ) ;
#3457 = VERTEX_POINT ( 'NONE', #8069 ) ;
#3458 = EDGE_CURVE ( 'NONE', #6685, #5814, #10900, .T. ) ;
#3459 = ORIENTED_EDGE ( 'NONE', *, *, #8936, .F. ) ;
#3460 = ORIENTED_EDGE ( 'NONE', *, *, #8197, .T. ) ;
#3461 = CARTESIAN_POINT ( 'NONE',  ( 0.1056702774065095690, -2.998138387812149031, 9.449999999999999289 ) ) ;
#3462 = CARTESIAN_POINT ( 'NONE',  ( -2.775726306570160062, 0.4894354389106045367, 9.631453640997325039 ) ) ;
#3463 = VECTOR ( 'NONE', #2486, 1000.000000000000000 ) ;
#3464 = PLANE ( 'NONE',  #5131 ) ;
#3465 = CARTESIAN_POINT ( 'NONE',  ( -1.784401076758506788, 6.065988351121004614E-17, -9.137500000000002842 ) ) ;
#3466 = LINE ( 'NONE', #2537, #4308 ) ;
#3467 = VERTEX_POINT ( 'NONE', #2893 ) ;
#3468 = DIRECTION ( 'NONE',  ( -0.6156614753256606232, -0.7880107536067201268, 0.000000000000000000 ) ) ;
#3469 = LINE ( 'NONE', #7041, #3678 ) ;
#3470 = CARTESIAN_POINT ( 'NONE',  ( -1.847750578910129615, -2.363433476562706304, 9.449999999999999289 ) ) ;
#3471 = ORIENTED_EDGE ( 'NONE', *, *, #4200, .T. ) ;
#3472 = DIRECTION ( 'NONE',  ( 0.000000000000000000, -0.000000000000000000, 1.000000000000000000 ) ) ;
#3473 = ADVANCED_FACE ( 'NONE', ( #9049 ), #5548, .T. ) ;
#3474 = EDGE_CURVE ( 'NONE', #4887, #9495, #4503, .T. ) ;
#3475 = CARTESIAN_POINT ( 'NONE',  ( 2.819410289580892126, -1.025146632928866763, 9.449999999999999289 ) ) ;
#3476 = EDGE_CURVE ( 'NONE', #7601, #6128, #6473, .T. ) ;
#3477 = CARTESIAN_POINT ( 'NONE',  ( -2.866549843091854566, -0.2663713305965243472, 9.571310031034848009 ) ) ;
#3478 = CARTESIAN_POINT ( 'NONE',  ( -1.545336663014340361, 0.1457892604622767208, -6.370336663013146605 ) ) ;
#3479 = ORIENTED_EDGE ( 'NONE', *, *, #1053, .F. ) ;
#3480 = LINE ( 'NONE', #11513, #1545 ) ;
#3481 = CARTESIAN_POINT ( 'NONE',  ( 1.732050807568879858, -1.000000000000002665, -7.883333333333335524 ) ) ;
#3482 = ORIENTED_EDGE ( 'NONE', *, *, #9825, .F. ) ;
#3483 = AXIS2_PLACEMENT_3D ( 'NONE', #9353, #3301, #3246 ) ;
#3484 = CARTESIAN_POINT ( 'NONE',  ( -2.818745138964466879, -1.026974119228031057, -9.750000000000001776 ) ) ;
#3485 = CARTESIAN_POINT ( 'NONE',  ( 1.663959260682406516, 2.349319320033561809, 9.571310031034848009 ) ) ;
#3486 = LINE ( 'NONE', #729, #10083 ) ;
#3487 = EDGE_CURVE ( 'NONE', #1372, #5591, #1774, .T. ) ;
#3488 = LINE ( 'NONE', #2734, #6824 ) ;
#3489 = ORIENTED_EDGE ( 'NONE', *, *, #8325, .F. ) ;
#3490 = AXIS2_PLACEMENT_3D ( 'NONE', #345, #1406, #9494 ) ;
#3491 = LINE ( 'NONE', #2444, #9759 ) ;
#3492 = LINE ( 'NONE', #1565, #3825 ) ;
#3493 = ORIENTED_EDGE ( 'NONE', *, *, #4726, .F. ) ;
#3494 = DIRECTION ( 'NONE',  ( -0.000000000000000000, 0.000000000000000000, -1.000000000000000000 ) ) ;
#3495 = CARTESIAN_POINT ( 'NONE',  ( 2.545695057115697324, 1.590726820498657101, 9.750000000000001776 ) ) ;
#3496 = DIRECTION ( 'NONE',  ( -0.000000000000000000, -0.000000000000000000, -1.000000000000000000 ) ) ;
#3497 = CARTESIAN_POINT ( 'NONE',  ( -1.315888835346558094, -1.369180434185089723, -9.335235450311477834 ) ) ;
#3498 = ORIENTED_EDGE ( 'NONE', *, *, #11108, .T. ) ;
#3499 = DIRECTION ( 'NONE',  ( -0.000000000000000000, -0.000000000000000000, 1.000000000000000000 ) ) ;
#3500 = ORIENTED_EDGE ( 'NONE', *, *, #10220, .T. ) ;
#3501 = CARTESIAN_POINT ( 'NONE',  ( -1.500914316448200836, 2.599659853895868622, 9.750000000000001776 ) ) ;
#3502 = LINE ( 'NONE', #3674, #4555 ) ;
#3503 = EDGE_CURVE ( 'NONE', #6861, #9116, #9995, .T. ) ;
#3504 = CARTESIAN_POINT ( 'NONE',  ( -2.775726306570169832, -0.4894354389105491365, 9.631453640997325039 ) ) ;
#3505 = ORIENTED_EDGE ( 'NONE', *, *, #2238, .T. ) ;
#3506 = ORIENTED_EDGE ( 'NONE', *, *, #224, .F. ) ;
#3507 = VERTEX_POINT ( 'NONE', #170 ) ;
#3508 = PLANE ( 'NONE',  #5914 ) ;
#3509 = CARTESIAN_POINT ( 'NONE',  ( 2.803106067138685820, -0.2946183195551997924, 9.750000000000001776 ) ) ;
#3510 = VERTEX_POINT ( 'NONE', #9940 ) ;
#3511 = FACE_OUTER_BOUND ( 'NONE', #898, .T. ) ;
#3512 = ADVANCED_FACE ( 'NONE', ( #7215 ), #904, .T. ) ;
#3513 = CARTESIAN_POINT ( 'NONE',  ( -1.176575538379254215, 2.037888611415574314, -6.869791666666668739 ) ) ;
#3514 = ORIENTED_EDGE ( 'NONE', *, *, #7931, .F. ) ;
#3515 = FACE_OUTER_BOUND ( 'NONE', #5757, .T. ) ;
#3516 = ORIENTED_EDGE ( 'NONE', *, *, #5627, .F. ) ;
#3517 = VERTEX_POINT ( 'NONE', #6352 ) ;
#3518 = ORIENTED_EDGE ( 'NONE', *, *, #4940, .F. ) ;
#3519 = ORIENTED_EDGE ( 'NONE', *, *, #1548, .F. ) ;
#3520 = CARTESIAN_POINT ( 'NONE',  ( 0.3126183150084778095, 2.983667171304678956, 9.449999999999999289 ) ) ;
#3521 = DIRECTION ( 'NONE',  ( -0.000000000000000000, -0.000000000000000000, -1.000000000000000000 ) ) ;
#3522 = ORIENTED_EDGE ( 'NONE', *, *, #9240, .T. ) ;
#3523 = LINE ( 'NONE', #1707, #3815 ) ;
#3524 = EDGE_CURVE ( 'NONE', #9061, #7553, #2777, .T. ) ;
#3525 = B_SPLINE_CURVE_WITH_KNOTS ( 'NONE', 3,
 ( #711, #2420, #11375, #5839 ),
 .UNSPECIFIED., .F., .F.,
 ( 4, 4 ),
 ( 3.021976174287970136E-07, 0.0002759148428383534054 ),
 .UNSPECIFIED. ) ;
#3526 = CARTESIAN_POINT ( 'NONE',  ( -1.338300807568880035, 0.7726683315065867586, -8.495833333333337123 ) ) ;
#3527 = CARTESIAN_POINT ( 'NONE',  ( -1.315987345267940478, 2.695955731664493982, 8.077500000000000568 ) ) ;
#3528 = CARTESIAN_POINT ( 'NONE',  ( 1.811726676894017229, -2.159131775987237045, 9.750000000000001776 ) ) ;
#3529 = ORIENTED_EDGE ( 'NONE', *, *, #500, .F. ) ;
#3530 = DIRECTION ( 'NONE',  ( 0.03489949670250264147, 0.9993908270190956511, 0.000000000000000000 ) ) ;
#3531 = DIRECTION ( 'NONE',  ( 0.000000000000000000, 0.000000000000000000, -1.000000000000000000 ) ) ;
#3532 = CARTESIAN_POINT ( 'NONE',  ( 0.000000000000000000, 2.818546359002675583, 9.750000000000001776 ) ) ;
#3533 = DIRECTION ( 'NONE',  ( -0.000000000000000000, -0.000000000000000000, -1.000000000000000000 ) ) ;
#3534 = CYLINDRICAL_SURFACE ( 'NONE', #7736, 2.000000000000003553 ) ;
#3535 = CARTESIAN_POINT ( 'NONE',  ( 1.338300807568879813, -0.7726683315065872026, -8.845833333333336768 ) ) ;
#3536 = EDGE_CURVE ( 'NONE', #6179, #1563, #1851, .T. ) ;
#3537 = CARTESIAN_POINT ( 'NONE',  ( -2.000000000000003553, 0.000000000000000000, -9.750000000000001776 ) ) ;
#3538 = ORIENTED_EDGE ( 'NONE', *, *, #3954, .T. ) ;
#3539 = LINE ( 'NONE', #7850, #4745 ) ;
#3540 = CARTESIAN_POINT ( 'NONE',  ( 2.158694763139485051, -2.083275526567276437, 9.449999999999999289 ) ) ;
#3541 = EDGE_CURVE ( 'NONE', #7683, #2710, #9124, .T. ) ;
#3542 = ORIENTED_EDGE ( 'NONE', *, *, #7686, .T. ) ;
#3543 = CARTESIAN_POINT ( 'NONE',  ( 2.742306912204067526, 1.220953701233120858, 9.750000000000001776 ) ) ;
#3544 = CARTESIAN_POINT ( 'NONE',  ( 0.8922005383792529498, -1.545336663013173517, -9.604166666666671404 ) ) ;
#3545 = LINE ( 'NONE', #7170, #1970 ) ;
#3546 = ORIENTED_EDGE ( 'NONE', *, *, #9268, .T. ) ;
#3547 = CARTESIAN_POINT ( 'NONE',  ( -1.323227363945437496, 2.488628723042721536, 8.077500000000002345 ) ) ;
#3548 = EDGE_CURVE ( 'NONE', #4285, #7322, #4241, .T. ) ;
#3549 = ORIENTED_EDGE ( 'NONE', *, *, #1336, .F. ) ;
#3550 = EDGE_CURVE ( 'NONE', #2226, #5562, #4470, .T. ) ;
#3551 = CARTESIAN_POINT ( 'NONE',  ( -1.493602012769896126, -2.390262873680833344, 9.750000000000001776 ) ) ;
#3552 = DIRECTION ( 'NONE',  ( -0.000000000000000000, 0.000000000000000000, 1.000000000000000000 ) ) ;
#3553 = CARTESIAN_POINT ( 'NONE',  ( 1.107061361469375393, -1.659902206038548655, -9.238670340869489905 ) ) ;
#3554 = ORIENTED_EDGE ( 'NONE', *, *, #2608, .F. ) ;
#3555 = DIRECTION ( 'NONE',  ( 0.8660254037844407060, 0.4999999999999966138, 0.000000000000000000 ) ) ;
#3556 = AXIS2_PLACEMENT_3D ( 'NONE', #974, #7283, #5737 ) ;
#3557 = EDGE_LOOP ( 'NONE', ( #2888, #4458, #10789, #4391 ) ) ;
#3558 = CARTESIAN_POINT ( 'NONE',  ( 2.000000000000003553, -1.929214469522454669E-11, -9.137500000001130829 ) ) ;
#3559 = AXIS2_PLACEMENT_3D ( 'NONE', #5409, #8908, #1587 ) ;
#3560 = PLANE ( 'NONE',  #785 ) ;
#3561 = PLANE ( 'NONE',  #9768 ) ;
#3562 = VERTEX_POINT ( 'NONE', #10511 ) ;
#3563 = VERTEX_POINT ( 'NONE', #6229 ) ;
#3564 = ORIENTED_EDGE ( 'NONE', *, *, #9819, .F. ) ;
#3565 = PLANE ( 'NONE',  #7558 ) ;
#3566 = CARTESIAN_POINT ( 'NONE',  ( 0.000000000000000000, 1.545336663013173073, -8.000000000000005329 ) ) ;
#3567 = CIRCLE ( 'NONE', #8229, 0.07999999999999998779 ) ;
#3568 = EDGE_CURVE ( 'NONE', #10181, #9570, #5425, .T. ) ;
#3569 = PLANE ( 'NONE',  #5714 ) ;
#3570 = B_SPLINE_CURVE_WITH_KNOTS ( 'NONE', 3,
 ( #6740, #2296, #5886, #9399 ),
 .UNSPECIFIED., .F., .F.,
 ( 4, 4 ),
 ( 3.021976174286745114E-07, 0.0002759148428383534596 ),
 .UNSPECIFIED. ) ;
#3571 = CARTESIAN_POINT ( 'NONE',  ( -1.764863307568881767, -1.018944305707786713, -7.394791666666669094 ) ) ;
#3572 = ORIENTED_EDGE ( 'NONE', *, *, #6421, .F. ) ;
#3573 = EDGE_LOOP ( 'NONE', ( #4344, #3135, #296, #11070 ) ) ;
#3574 = DIRECTION ( 'NONE',  ( 0.9135454576426039752, 0.4067366430757932694, 0.000000000000000000 ) ) ;
#3575 = VERTEX_POINT ( 'NONE', #1650 ) ;
#3576 = AXIS2_PLACEMENT_3D ( 'NONE', #8068, #10693, #7214 ) ;
#3577 = ORIENTED_EDGE ( 'NONE', *, *, #5480, .T. ) ;
#3578 = PLANE ( 'NONE',  #7197 ) ;
#3579 = EDGE_CURVE ( 'NONE', #2622, #5, #6114, .T. ) ;
#3580 = AXIS2_PLACEMENT_3D ( 'NONE', #9260, #328, #3032 ) ;
#3581 = ORIENTED_EDGE ( 'NONE', *, *, #7052, .F. ) ;
#3582 = VECTOR ( 'NONE', #5429, 1000.000000000000114 ) ;
#3583 = LINE ( 'NONE', #11559, #8762 ) ;
#3584 = CARTESIAN_POINT ( 'NONE',  ( 2.544659440449390519, 1.588933079815445293, 9.449999999999999289 ) ) ;
#3585 = ORIENTED_EDGE ( 'NONE', *, *, #2998, .T. ) ;
#3586 = CARTESIAN_POINT ( 'NONE',  ( 0.1966118550883507732, -2.811680521731791060, 9.631453640997325039 ) ) ;
#3587 = ORIENTED_EDGE ( 'NONE', *, *, #8253, .F. ) ;
#3588 = LINE ( 'NONE', #8751, #7016 ) ;
#3589 = ADVANCED_FACE ( 'NONE', ( #771 ), #4417, .F. ) ;
#3590 = AXIS2_PLACEMENT_3D ( 'NONE', #4933, #5105, #1403 ) ;
#3591 = CARTESIAN_POINT ( 'NONE',  ( -1.957926820807913915, 2.027492575130239949, 9.631453640997325039 ) ) ;
#3592 = DIRECTION ( 'NONE',  ( -0.000000000000000000, -0.000000000000000000, -1.000000000000000000 ) ) ;
#3593 = DIRECTION ( 'NONE',  ( 0.6691306063588532416, -0.7431448254773986850, 0.000000000000000000 ) ) ;
#3594 = AXIS2_PLACEMENT_3D ( 'NONE', #11474, #3499, #8838 ) ;
#3595 = EDGE_LOOP ( 'NONE', ( #8084, #10782, #1233 ) ) ;
#3596 = CARTESIAN_POINT ( 'NONE',  ( -2.000000000000003553, -4.764381983412778688E-15, -7.387500000000005507 ) ) ;
#3597 = CARTESIAN_POINT ( 'NONE',  ( -2.803106067138683599, 0.2946183195552181111, 8.077500000000002345 ) ) ;
#3598 = ORIENTED_EDGE ( 'NONE', *, *, #7904, .T. ) ;
#3599 = CARTESIAN_POINT ( 'NONE',  ( 1.678384766113673043, 2.486568836142999395, 9.449999999999999289 ) ) ;
#3600 = CARTESIAN_POINT ( 'NONE',  ( -0.8922005383792531719, 1.545336663013173073, -6.541666666666671404 ) ) ;
#3601 = PLANE ( 'NONE',  #6282 ) ;
#3602 = VERTEX_POINT ( 'NONE', #10633 ) ;
#3603 = CARTESIAN_POINT ( 'NONE',  ( 1.007837874266126477, -1.434763794273380633, -9.476265215521413765 ) ) ;
#3604 = CIRCLE ( 'NONE', #3056, 3.000000000000000000 ) ;
#3605 = DIRECTION ( 'NONE',  ( -0.000000000000000000, 0.000000000000000000, 1.000000000000000000 ) ) ;
#3606 = ORIENTED_EDGE ( 'NONE', *, *, #2683, .T. ) ;
#3607 = CARTESIAN_POINT ( 'NONE',  ( -1.320803668626119753, 2.558034276087300718, 9.571310031034848009 ) ) ;
#3608 = CARTESIAN_POINT ( 'NONE',  ( 2.000000000000003553, 4.125257571003747352E-15, -8.437500000000003553 ) ) ;
#3609 = DIRECTION ( 'NONE',  ( -0.1736481776669356603, -0.9848077530122071321, 0.000000000000000000 ) ) ;
#3610 = CARTESIAN_POINT ( 'NONE',  ( -1.678384766113639959, 2.486568836143021155, -9.750000000000001776 ) ) ;
#3611 = ORIENTED_EDGE ( 'NONE', *, *, #1478, .T. ) ;
#3612 = CARTESIAN_POINT ( 'NONE',  ( -0.8922005383792531719, 1.545336663013173073, -6.541666666666670515 ) ) ;
#3613 = ORIENTED_EDGE ( 'NONE', *, *, #10897, .T. ) ;
#3614 = DIRECTION ( 'NONE',  ( 0.3090169943749383474, -0.9510565162951566398, 0.000000000000000000 ) ) ;
#3615 = VECTOR ( 'NONE', #8947, 1000.000000000000000 ) ;
#3616 = LINE ( 'NONE', #4567, #3057 ) ;
#3617 = B_SPLINE_CURVE_WITH_KNOTS ( 'NONE', 3,
 ( #6368, #8890, #3607, #2039 ),
 .UNSPECIFIED., .F., .F.,
 ( 4, 4 ),
 ( 3.021976174285788496E-07, 0.0002759148428383530801 ),
 .UNSPECIFIED. ) ;
#3618 = DIRECTION ( 'NONE',  ( -0.9902680687415714722, -0.1391731009600571112, 0.000000000000000000 ) ) ;
#3619 = VERTEX_POINT ( 'NONE', #8001 ) ;
#3620 = EDGE_LOOP ( 'NONE', ( #1299, #8759, #2404, #4583 ) ) ;
#3621 = EDGE_CURVE ( 'NONE', #3233, #11299, #6343, .T. ) ;
#3622 = EDGE_CURVE ( 'NONE', #2793, #6402, #3944, .T. ) ;
#3623 = DIRECTION ( 'NONE',  ( 0.000000000000000000, -0.000000000000000000, 1.000000000000000000 ) ) ;
#3624 = CARTESIAN_POINT ( 'NONE',  ( -0.8922005383792531719, 1.545336663013173073, -9.341666666666672114 ) ) ;
#3625 = ADVANCED_FACE ( 'NONE', ( #4712 ), #5720, .F. ) ;
#3626 = VECTOR ( 'NONE', #2397, 1000.000000000000000 ) ;
#3627 = AXIS2_PLACEMENT_3D ( 'NONE', #8868, #11557, #6349 ) ;
#3628 = PLANE ( 'NONE',  #11181 ) ;
#3629 = CARTESIAN_POINT ( 'NONE',  ( -1.338300807568880257, -0.7726683315065862034, -9.079166666666671048 ) ) ;
#3630 = AXIS2_PLACEMENT_3D ( 'NONE', #10182, #3838, #3710 ) ;
#3631 = VERTEX_POINT ( 'NONE', #2955 ) ;
#3632 = ORIENTED_EDGE ( 'NONE', *, *, #1387, .T. ) ;
#3633 = CARTESIAN_POINT ( 'NONE',  ( 2.000000000000003553, 5.037462414169366676E-14, -9.225000000000001421 ) ) ;
#3634 = VECTOR ( 'NONE', #1866, 1000.000000000000114 ) ;
#3635 = LINE ( 'NONE', #2703, #1926 ) ;
#3636 = DIRECTION ( 'NONE',  ( -0.000000000000000000, 0.000000000000000000, -1.000000000000000000 ) ) ;
#3637 = VERTEX_POINT ( 'NONE', #7435 ) ;
#3638 = AXIS2_PLACEMENT_3D ( 'NONE', #9553, #4102, #8619 ) ;
#3639 = VERTEX_POINT ( 'NONE', #9048 ) ;
#3640 = EDGE_CURVE ( 'NONE', #8162, #8481, #884, .T. ) ;
#3641 = COORDINATED_UNIVERSAL_TIME_OFFSET ( 8, 0, .BEHIND. ) ;
#3642 = CIRCLE ( 'NONE', #11433, 3.000000000000000000 ) ;
#3643 = PLANE ( 'NONE',  #6925 ) ;
#3644 = ORIENTED_EDGE ( 'NONE', *, *, #2510, .T. ) ;
#3645 = VECTOR ( 'NONE', #5197, 1000.000000000000114 ) ;
#3646 = AXIS2_PLACEMENT_3D ( 'NONE', #4509, #4396, #10735 ) ;
#3647 = DIRECTION ( 'NONE',  ( 0.3746065934159173993, 0.9271838545667853149, 0.000000000000000000 ) ) ;
#3648 = CARTESIAN_POINT ( 'NONE',  ( -1.338300807568880257, -0.7726683315065862034, -7.679166666666670693 ) ) ;
#3649 = DIRECTION ( 'NONE',  ( -0.000000000000000000, -0.000000000000000000, 1.000000000000000000 ) ) ;
#3650 = FACE_OUTER_BOUND ( 'NONE', #2808, .T. ) ;
#3651 = ORIENTED_EDGE ( 'NONE', *, *, #6906, .F. ) ;
#3652 = FACE_OUTER_BOUND ( 'NONE', #8305, .T. ) ;
#3653 = ADVANCED_FACE ( 'NONE', ( #1186 ), #235, .F. ) ;
#3654 = CARTESIAN_POINT ( 'NONE',  ( 2.613310677415280558, -1.055846049930825759, 9.750000000000001776 ) ) ;
#3655 = VECTOR ( 'NONE', #2962, 1000.000000000000227 ) ;
#3656 = DIRECTION ( 'NONE',  ( 0.9135454576425978690, -0.4067366430758070917, 0.000000000000000000 ) ) ;
#3657 = CARTESIAN_POINT ( 'NONE',  ( 0.000000000000000000, 0.000000000000000000, 8.077500000000002345 ) ) ;
#3658 = ADVANCED_FACE ( 'NONE', ( #3225 ), #7775, .T. ) ;
#3659 = ORIENTED_EDGE ( 'NONE', *, *, #8745, .F. ) ;
#3660 = DIRECTION ( 'NONE',  ( 0.000000000000000000, 0.000000000000000000, -1.000000000000000000 ) ) ;
#3661 = ORIENTED_EDGE ( 'NONE', *, *, #165, .F. ) ;
#3662 = DIRECTION ( 'NONE',  ( 0.000000000000000000, 0.000000000000000000, -1.000000000000000000 ) ) ;
#3663 = CARTESIAN_POINT ( 'NONE',  ( 2.883516910659399635, -0.8278467406116138960, -9.750000000000001776 ) ) ;
#3664 = DIRECTION ( 'NONE',  ( 0.000000000000000000, 0.000000000000000000, -1.000000000000000000 ) ) ;
#3665 = ORIENTED_EDGE ( 'NONE', *, *, #8953, .T. ) ;
#3666 = LINE ( 'NONE', #10774, #1026 ) ;
#3667 = DIRECTION ( 'NONE',  ( -0.000000000000000000, -0.000000000000000000, 1.000000000000000000 ) ) ;
#3668 = DIRECTION ( 'NONE',  ( 0.2419218955996792486, 0.9702957262759934753, 0.000000000000000000 ) ) ;
#3669 = EDGE_CURVE ( 'NONE', #6741, #10768, #4883, .T. ) ;
#3670 = VECTOR ( 'NONE', #804, 1000.000000000000000 ) ;
#3671 = ORIENTED_EDGE ( 'NONE', *, *, #2013, .F. ) ;
#3672 = CARTESIAN_POINT ( 'NONE',  ( 1.323227363945454149, -2.488628723042713098, 9.631453640997325039 ) ) ;
#3673 = ORIENTED_EDGE ( 'NONE', *, *, #2916, .T. ) ;
#3674 = CARTESIAN_POINT ( 'NONE',  ( -1.957926820807914359, 2.027492575130240393, 8.077500000000002345 ) ) ;
#3675 = DIRECTION ( 'NONE',  ( 0.1045284632676436315, -0.9945218953682742891, 0.000000000000000000 ) ) ;
#3676 = VERTEX_POINT ( 'NONE', #4161 ) ;
#3677 = ORIENTED_EDGE ( 'NONE', *, *, #5457, .T. ) ;
#3678 = VECTOR ( 'NONE', #10574, 1000.000000000000000 ) ;
#3679 = ORIENTED_EDGE ( 'NONE', *, *, #465, .F. ) ;
#3680 = LINE ( 'NONE', #8904, #1952 ) ;
#3681 = CARTESIAN_POINT ( 'NONE',  ( -1.176575538379254215, 2.037888611415574314, -10.32604166666667389 ) ) ;
#3682 = CARTESIAN_POINT ( 'NONE',  ( -0.8922005383792539490, -1.545336663013172851, -9.720833333333338544 ) ) ;
#3683 = EDGE_CURVE ( 'NONE', #2419, #2355, #8392, .T. ) ;
#3684 = ORIENTED_EDGE ( 'NONE', *, *, #2022, .F. ) ;
#3685 = ORIENTED_EDGE ( 'NONE', *, *, #1656, .T. ) ;
#3686 = EDGE_CURVE ( 'NONE', #6512, #2219, #10438, .T. ) ;
#3687 = DIRECTION ( 'NONE',  ( -0.1391731009600642166, 0.9902680687415704730, 0.000000000000000000 ) ) ;
#3688 = CARTESIAN_POINT ( 'NONE',  ( 2.006669090636797215, -2.230085011985617260, 9.449999999999999289 ) ) ;
#3689 = ORIENTED_EDGE ( 'NONE', *, *, #3698, .T. ) ;
#3690 = ORIENTED_EDGE ( 'NONE', *, *, #2410, .T. ) ;
#3691 = EDGE_LOOP ( 'NONE', ( #2907, #3161, #5862, #10368 ) ) ;
#3692 = B_SPLINE_CURVE_WITH_KNOTS ( 'NONE', 3,
 ( #6480, #4788, #10818, #7224 ),
 .UNSPECIFIED., .F., .F.,
 ( 4, 4 ),
 ( 3.054997924345072712E-07, 0.0002759181450133578722 ),
 .UNSPECIFIED. ) ;
#3693 = B_SPLINE_CURVE_WITH_KNOTS ( 'NONE', 3,
 ( #11010, #1335, #2172, #2276 ),
 .UNSPECIFIED., .F., .F.,
 ( 4, 4 ),
 ( 0.001281143171721438063, 0.001879577262376465937 ),
 .UNSPECIFIED. ) ;
#3694 = CARTESIAN_POINT ( 'NONE',  ( -1.811726676894002352, 2.159131775987249480, 9.631453640997325039 ) ) ;
#3695 = ORIENTED_EDGE ( 'NONE', *, *, #4177, .T. ) ;
#3696 = CARTESIAN_POINT ( 'NONE',  ( 2.094588142060991753, 1.885975634250008470, 9.631453640997325039 ) ) ;
#3697 = PLANE ( 'NONE',  #8952 ) ;
#3698 = EDGE_CURVE ( 'NONE', #9039, #9375, #9398, .T. ) ;
#3699 = EDGE_CURVE ( 'NONE', #8116, #5791, #4107, .T. ) ;
#3700 = EDGE_LOOP ( 'NONE', ( #1118, #11350, #5237, #10416, #3546, #3391, #7998, #9641, #1511, #6107, #9943, #10811, #6461, #8856, #8355, #2407, #3606, #3460, #7017, #8797, #5740, #7474, #3366, #2528, #3368, #3175, #6331, #3182, #6387, #9600, #346, #612, #6950, #6810, #7977, #10397, #8283, #2588, #10835, #1041, #9856, #5768, #277, #1190, #3613, #1993, #1530, #4627, #8204, #4002, #1245, #1088, #1940, #8053, #10079, #8934, #8507, #6655, #2679, #6518, #5645, #973, #7303, #521, #8629, #154, #4297, #8455, #7167, #1632, #4414, #8562, #4625, #4605, #9047, #5650, #8021, #4642, #7260, #8945, #10599, #9295, #10636, #7602, #8823, #3714, #4699, #2613, #7196, #8298, #2824, #164, #9909, #1074, #332, #10212, #5231, #6911, #3077, #3572, #139, #3787, #9342, #4270, #5693, #11264, #11008, #10790, #6774, #1955, #10561, #9118, #3155, #403, #4863, #3564, #3911, #5485, #3110, #10931, #9982, #10831, #3711, #6621, #1075, #9869, #10018, #474, #11155, #8342, #10131, #5293, #209, #9230, #2286, #5920, #4326, #4950, #7942, #3382, #5705, #4026, #11136, #10141, #1138, #394, #3542, #10336, #10309, #3522, #8997, #4875, #11496, #3277, #3092, #8631, #7397, #302, #2467, #10607, #4324, #2620, #10036, #8317, #7591, #552, #4864, #6219, #7562, #11182, #4824, #6957, #11422, #9227, #10198, #9568, #6554, #8344, #3363, #1971, #2065, #7971, #1297, #6000 ) ) ;
#3701 = CARTESIAN_POINT ( 'NONE',  ( 0.9639996296761210726, -2.648567214897810551, 9.750000000000001776 ) ) ;
#3702 = CARTESIAN_POINT ( 'NONE',  ( -2.610785772471339250, -1.350457623983459143, 9.510800894373550918 ) ) ;
#3703 = ORIENTED_EDGE ( 'NONE', *, *, #409, .F. ) ;
#3704 = DIRECTION ( 'NONE',  ( 0.000000000000000000, 0.000000000000000000, -1.000000000000000000 ) ) ;
#3705 = DIRECTION ( 'NONE',  ( -0.9781476007338071321, -0.2079116908177517098, 0.000000000000000000 ) ) ;
#3706 = FACE_OUTER_BOUND ( 'NONE', #8057, .T. ) ;
#3707 = CARTESIAN_POINT ( 'NONE',  ( -0.8922005383792531719, 1.545336663013173073, -8.554166666666670693 ) ) ;
#3708 = DIRECTION ( 'NONE',  ( -1.000000000000000000, 0.000000000000000000, 0.000000000000000000 ) ) ;
#3709 = VERTEX_POINT ( 'NONE', #3449 ) ;
#3710 = DIRECTION ( 'NONE',  ( -0.9781476007338030243, 0.2079116908177714440, 0.000000000000000000 ) ) ;
#3711 = ORIENTED_EDGE ( 'NONE', *, *, #3412, .T. ) ;
#3712 = DIRECTION ( 'NONE',  ( -1.000000000000000000, 0.000000000000000000, 0.000000000000000000 ) ) ;
#3713 = PLANE ( 'NONE',  #10908 ) ;
#3714 = ORIENTED_EDGE ( 'NONE', *, *, #11401, .T. ) ;
#3715 = FACE_OUTER_BOUND ( 'NONE', #2663, .T. ) ;
#3716 = EDGE_CURVE ( 'NONE', #663, #7962, #1637, .T. ) ;
#3717 = CARTESIAN_POINT ( 'NONE',  ( -2.934240477815717174, 0.6246861758897803707, -9.750000000000001776 ) ) ;
#3718 = CARTESIAN_POINT ( 'NONE',  ( 0.4108596822587319286, -0.9174905902280088288, 9.595516201587646066 ) ) ;
#3719 = PLANE ( 'NONE',  #11174 ) ;
#3720 = DIRECTION ( 'NONE',  ( -0.000000000000000000, -0.000000000000000000, -1.000000000000000000 ) ) ;
#3721 = VERTEX_POINT ( 'NONE', #4515 ) ;
#3722 = DIRECTION ( 'NONE',  ( -0.000000000000000000, -0.000000000000000000, 1.000000000000000000 ) ) ;
#3723 = EDGE_LOOP ( 'NONE', ( #8101, #5677, #7205, #9797 ) ) ;
#3724 = CARTESIAN_POINT ( 'NONE',  ( -0.3145524316523686803, 2.983463887453907670, 8.077500000000000568 ) ) ;
#3725 = CARTESIAN_POINT ( 'NONE',  ( -1.846218079001131773, -2.364630796714229710, 9.449999999999999289 ) ) ;
#3726 = CARTESIAN_POINT ( 'NONE',  ( -1.974727778455096283, -2.094877535726491047, 9.571310031034848009 ) ) ;
#3727 = DIRECTION ( 'NONE',  ( 0.000000000000000000, 0.000000000000000000, -1.000000000000000000 ) ) ;
#3728 = CARTESIAN_POINT ( 'NONE',  ( 2.094588142060991753, 1.885975634250008692, 9.750000000000001776 ) ) ;
#3729 = EDGE_LOOP ( 'NONE', ( #3101, #8328, #7804, #3471, #11352 ) ) ;
#3730 = ORIENTED_EDGE ( 'NONE', *, *, #9960, .T. ) ;
#3731 = ORIENTED_EDGE ( 'NONE', *, *, #9187, .T. ) ;
#3732 = ADVANCED_FACE ( 'NONE', ( #5223 ), #3628, .T. ) ;
#3733 = CARTESIAN_POINT ( 'NONE',  ( 1.720143758677586954, 2.308498892825431081, 9.571310031034848009 ) ) ;
#3734 = CARTESIAN_POINT ( 'NONE',  ( 1.338300807568880924, 0.7726683315065854263, -6.716666666666671226 ) ) ;
#3735 = VECTOR ( 'NONE', #2680, 1000.000000000000000 ) ;
#3736 = AXIS2_PLACEMENT_3D ( 'NONE', #9887, #6246, #5252 ) ;
#3737 = CARTESIAN_POINT ( 'NONE',  ( 0.000000000000000000, -2.818546359002675583, 8.077500000000002345 ) ) ;
#3738 = CARTESIAN_POINT ( 'NONE',  ( -0.8922005383792531719, 1.545336663013173073, -7.854166666666671404 ) ) ;
#3739 = VERTEX_POINT ( 'NONE', #1751 ) ;
#3740 = EDGE_LOOP ( 'NONE', ( #10133, #2416, #5364, #11562 ) ) ;
#3741 = DIRECTION ( 'NONE',  ( -0.4999999999999993339, -0.8660254037844389297, 0.000000000000000000 ) ) ;
#3742 = CARTESIAN_POINT ( 'NONE',  ( -0.3922658369821239166, -2.791116459588161014, 9.631453640997325039 ) ) ;
#3743 = DIRECTION ( 'NONE',  ( -0.000000000000000000, 0.000000000000000000, 1.000000000000000000 ) ) ;
#3744 = EDGE_LOOP ( 'NONE', ( #2632, #207, #7274, #7603 ) ) ;
#3745 = VERTEX_POINT ( 'NONE', #7140 ) ;
#3746 = VERTEX_POINT ( 'NONE', #5348 ) ;
#3747 = COORDINATED_UNIVERSAL_TIME_OFFSET ( 8, 0, .BEHIND. ) ;
#3748 = AXIS2_PLACEMENT_3D ( 'NONE', #3849, #6602, #7408 ) ;
#3749 = ADVANCED_FACE ( 'NONE', ( #886 ), #8565, .T. ) ;
#3750 = CARTESIAN_POINT ( 'NONE',  ( 0.000000000000000000, 0.000000000000000000, 8.077500000000002345 ) ) ;
#3751 = ORIENTED_EDGE ( 'NONE', *, *, #7454, .F. ) ;
#3752 = CARTESIAN_POINT ( 'NONE',  ( -2.775726306570169832, -0.4894354389105490255, 9.750000000000001776 ) ) ;
#3753 = CARTESIAN_POINT ( 'NONE',  ( 1.656699982724407327, -2.280251903866804319, 9.631453640997325039 ) ) ;
#3754 = CARTESIAN_POINT ( 'NONE',  ( 1.338300807568880924, 0.7726683315065854263, -8.029166666666670338 ) ) ;
#3755 = CARTESIAN_POINT ( 'NONE',  ( -1.678384766113690807, -2.486568836142987404, -9.750000000000001776 ) ) ;
#3756 = CARTESIAN_POINT ( 'NONE',  ( -1.154700538379253905, -2.000000000000003109, -8.058333333333337123 ) ) ;
#3757 = VECTOR ( 'NONE', #10239, 1000.000000000000000 ) ;
#3758 = ORIENTED_EDGE ( 'NONE', *, *, #5894, .T. ) ;
#3759 = CARTESIAN_POINT ( 'NONE',  ( -2.649299146609919831, -1.407556049247045138, 9.449999999999999289 ) ) ;
#3760 = ORIENTED_EDGE ( 'NONE', *, *, #3326, .F. ) ;
#3761 = CARTESIAN_POINT ( 'NONE',  ( 0.1037266918089348039, -2.998206259316789080, 9.449999999999999289 ) ) ;
#3762 = CIRCLE ( 'NONE', #11194, 3.000000000000000000 ) ;
#3763 = ADVANCED_FACE ( 'NONE', ( #8048 ), #10678, .T. ) ;
#3764 = EDGE_CURVE ( 'NONE', #392, #11130, #10064, .T. ) ;
#3765 = DIRECTION ( 'NONE',  ( -0.9902680687415709171, -0.1391731009600608859, 0.000000000000000000 ) ) ;
#3766 = VECTOR ( 'NONE', #9334, 1000.000000000000000 ) ;
#3767 = CARTESIAN_POINT ( 'NONE',  ( 0.000000000000000000, 0.000000000000000000, 8.077500000000002345 ) ) ;
#3768 = EDGE_CURVE ( 'NONE', #5937, #8087, #7308, .T. ) ;
#3769 = DIRECTION ( 'NONE',  ( -0.000000000000000000, -0.000000000000000000, -1.000000000000000000 ) ) ;
#3770 = ORIENTED_EDGE ( 'NONE', *, *, #2684, .T. ) ;
#3771 = CARTESIAN_POINT ( 'NONE',  ( 1.732050807568979556, 1.000000000000057065, -7.679166666666738195 ) ) ;
#3772 = CARTESIAN_POINT ( 'NONE',  ( 0.000000000000000000, 0.000000000000000000, 9.449999999999999289 ) ) ;
#3773 = ORIENTED_EDGE ( 'NONE', *, *, #5205, .F. ) ;
#3774 = DIRECTION ( 'NONE',  ( -1.000000000000000000, 0.000000000000000000, 0.000000000000000000 ) ) ;
#3775 = VECTOR ( 'NONE', #10582, 1000.000000000000000 ) ;
#3776 = CARTESIAN_POINT ( 'NONE',  ( -1.618539639574660136E-17, 2.818546359002675583, 9.631453640997325039 ) ) ;
#3777 = EDGE_CURVE ( 'NONE', #9284, #10211, #6558, .T. ) ;
#3778 = CARTESIAN_POINT ( 'NONE',  ( -2.934352083914274267, -0.1718021872438540987, 9.510800894373550918 ) ) ;
#3779 = CARTESIAN_POINT ( 'NONE',  ( 1.930578512396687207, 2.364276795709262294E-16, -5.254610091317154286 ) ) ;
#3780 = AXIS2_PLACEMENT_3D ( 'NONE', #9871, #5721, #8185 ) ;
#3781 = AXIS2_PLACEMENT_3D ( 'NONE', #7918, #8518, #6937 ) ;
#3782 = CARTESIAN_POINT ( 'NONE',  ( -1.846218079001131773, -2.364630796714229710, 9.449999999999999289 ) ) ;
#3783 = CARTESIAN_POINT ( 'NONE',  ( 2.734823486451069208, 0.6818680780054608981, 9.631453640997325039 ) ) ;
#3784 = ORIENTED_EDGE ( 'NONE', *, *, #5218, .T. ) ;
#3785 = PLANE ( 'NONE',  #8604 ) ;
#3786 = CARTESIAN_POINT ( 'NONE',  ( 2.819410289580898343, 1.025146632928847668, 9.449999999999999289 ) ) ;
#3787 = ORIENTED_EDGE ( 'NONE', *, *, #2890, .T. ) ;
#3788 = EDGE_CURVE ( 'NONE', #5436, #761, #9032, .T. ) ;
#3789 = PLANE ( 'NONE',  #6176 ) ;
#3790 = CARTESIAN_POINT ( 'NONE',  ( -1.269640637011554052, 1.418044459487037612, -6.719174337790843943 ) ) ;
#3791 = AXIS2_PLACEMENT_3D ( 'NONE', #8824, #7099, #7963 ) ;
#3792 = PLANE ( 'NONE',  #3443 ) ;
#3793 = EDGE_LOOP ( 'NONE', ( #414, #3317, #3577 ) ) ;
#3794 = AXIS2_PLACEMENT_3D ( 'NONE', #5380, #8880, #10465 ) ;
#3795 = VECTOR ( 'NONE', #4616, 1000.000000000000000 ) ;
#3796 = ORIENTED_EDGE ( 'NONE', *, *, #2109, .F. ) ;
#3797 = ADVANCED_FACE ( 'NONE', ( #2002 ), #5589, .T. ) ;
#3798 = ORIENTED_EDGE ( 'NONE', *, *, #2983, .T. ) ;
#3799 = CARTESIAN_POINT ( 'NONE',  ( 1.783299329881778306, 2.336617564762582866, 9.510800894373550918 ) ) ;
#3800 = CARTESIAN_POINT ( 'NONE',  ( -1.338300807568880035, 0.7726683315065867586, -7.183333333333338011 ) ) ;
#3801 = AXIS2_PLACEMENT_3D ( 'NONE', #1371, #8369, #3180 ) ;
#3802 = CARTESIAN_POINT ( 'NONE',  ( -1.892491597964134370E-16, -1.545336663013173073, -7.562500000000004441 ) ) ;
#3803 = ORIENTED_EDGE ( 'NONE', *, *, #1980, .T. ) ;
#3804 = ADVANCED_FACE ( 'NONE', ( #10085 ), #9438, .F. ) ;
#3805 = DIRECTION ( 'NONE',  ( 1.000000000000000000, -0.000000000000000000, 0.000000000000000000 ) ) ;
#3806 = EDGE_CURVE ( 'NONE', #347, #975, #10374, .T. ) ;
#3807 = ORIENTED_EDGE ( 'NONE', *, *, #3129, .T. ) ;
#3808 = LINE ( 'NONE', #2233, #5532 ) ;
#3809 = CARTESIAN_POINT ( 'NONE',  ( 0.000000000000000000, 0.000000000000000000, -9.225000000000001421 ) ) ;
#3810 = VERTEX_POINT ( 'NONE', #4867 ) ;
#3811 = VERTEX_POINT ( 'NONE', #399 ) ;
#3812 = VERTEX_POINT ( 'NONE', #7635 ) ;
#3813 = APPROVAL_DATE_TIME ( #1883, #8438 ) ;
#3814 = CIRCLE ( 'NONE', #1747, 3.000000000000000000 ) ;
#3815 = VECTOR ( 'NONE', #770, 1000.000000000000000 ) ;
#3816 = CARTESIAN_POINT ( 'NONE',  ( -0.6764706046374656667, -0.7641400526929419401, 9.611735735160802818 ) ) ;
#3817 = FACE_OUTER_BOUND ( 'NONE', #4279, .T. ) ;
#3818 = ORIENTED_EDGE ( 'NONE', *, *, #7621, .F. ) ;
#3819 = CARTESIAN_POINT ( 'NONE',  ( 0.000000000000000000, 0.000000000000000000, 9.449999999999999289 ) ) ;
#3820 = CARTESIAN_POINT ( 'NONE',  ( 1.848110244803829572, -2.365473243206988485, 8.077500000000002345 ) ) ;
#3821 = CARTESIAN_POINT ( 'NONE',  ( 0.000000000000000000, 0.000000000000000000, 8.077500000000002345 ) ) ;
#3822 = EDGE_CURVE ( 'NONE', #130, #227, #3567, .T. ) ;
#3823 = CARTESIAN_POINT ( 'NONE',  ( -2.000000000000002220, -0.5358983848622485002, -8.143739260883039677 ) ) ;
#3824 = CIRCLE ( 'NONE', #5329, 3.000000000000000000 ) ;
#3825 = VECTOR ( 'NONE', #10592, 1000.000000000000000 ) ;
#3826 = ORIENTED_EDGE ( 'NONE', *, *, #11379, .F. ) ;
#3827 = DIRECTION ( 'NONE',  ( -0.000000000000000000, -0.000000000000000000, -1.000000000000000000 ) ) ;
#3828 = DIRECTION ( 'NONE',  ( -1.000000000000000000, 0.000000000000000000, 0.000000000000000000 ) ) ;
#3829 = ORIENTED_EDGE ( 'NONE', *, *, #7265, .F. ) ;
#3830 = PLANE ( 'NONE',  #7565 ) ;
#3831 = DIRECTION ( 'NONE',  ( -0.2419218955996355891, 0.9702957262760044665, 0.000000000000000000 ) ) ;
#3832 = AXIS2_PLACEMENT_3D ( 'NONE', #7594, #1234, #344 ) ;
#3833 = AXIS2_PLACEMENT_3D ( 'NONE', #10815, #7162, #2840 ) ;
#3834 = CARTESIAN_POINT ( 'NONE',  ( 2.006669090636797215, -2.230085011985617260, -9.750000000000001776 ) ) ;
#3835 = CARTESIAN_POINT ( 'NONE',  ( 0.000000000000000000, 0.000000000000000000, 8.077500000000002345 ) ) ;
#3836 = ORIENTED_EDGE ( 'NONE', *, *, #9761, .T. ) ;
#3837 = ADVANCED_FACE ( 'NONE', ( #3211 ), #9379, .F. ) ;
#3838 = DIRECTION ( 'NONE',  ( 0.2079116908177714440, 0.9781476007338030243, 0.000000000000000000 ) ) ;
#3839 = EDGE_CURVE ( 'NONE', #2394, #5229, #192, .T. ) ;
#3840 = CIRCLE ( 'NONE', #5555, 3.000000000000000000 ) ;
#3841 = AXIS2_PLACEMENT_3D ( 'NONE', #10492, #2519, #3333 ) ;
#3842 = DIRECTION ( 'NONE',  ( 0.000000000000000000, -0.000000000000000000, 1.000000000000000000 ) ) ;
#3843 = EDGE_CURVE ( 'NONE', #1860, #6316, #3373, .T. ) ;
#3844 = DIRECTION ( 'NONE',  ( -0.000000000000000000, -0.000000000000000000, -1.000000000000000000 ) ) ;
#3845 = B_SPLINE_CURVE_WITH_KNOTS ( 'NONE', 3,
 ( #8666, #739, #2508, #6885 ),
 .UNSPECIFIED., .F., .F.,
 ( 4, 4 ),
 ( 3.021976174289478913E-07, 0.0002759148428383535138 ),
 .UNSPECIFIED. ) ;
#3846 = VECTOR ( 'NONE', #1960, 1000.000000000000000 ) ;
#3847 = LINE ( 'NONE', #7289, #5950 ) ;
#3848 = CARTESIAN_POINT ( 'NONE',  ( 0.000000000000000000, 0.000000000000000000, 8.077500000000000568 ) ) ;
#3849 = CARTESIAN_POINT ( 'NONE',  ( 0.7768966656431298690, 2.709360653135685748, 9.750000000000001776 ) ) ;
#3850 = LINE ( 'NONE', #381, #6206 ) ;
#3851 = ORIENTED_EDGE ( 'NONE', *, *, #2210, .F. ) ;
#3852 = CARTESIAN_POINT ( 'NONE',  ( -0.5860087391484503083, 2.756954358615477663, 8.077500000000002345 ) ) ;
#3853 = EDGE_CURVE ( 'NONE', #1047, #10392, #2345, .T. ) ;
#3854 = DIRECTION ( 'NONE',  ( -0.4383711467890337721, 0.8987940462991883539, 0.000000000000000000 ) ) ;
#3855 = EDGE_CURVE ( 'NONE', #3871, #1639, #2627, .T. ) ;
#3856 = CARTESIAN_POINT ( 'NONE',  ( 0.000000000000000000, 0.000000000000000000, 8.077500000000002345 ) ) ;
#3857 = CARTESIAN_POINT ( 'NONE',  ( -1.676772478465683447, 2.487656337893167979, 9.449999999999999289 ) ) ;
#3858 = CARTESIAN_POINT ( 'NONE',  ( -1.846218079001083145, 2.364630796714267014, 8.077500000000000568 ) ) ;
#3859 = CARTESIAN_POINT ( 'NONE',  ( -2.816829376715346278, -0.09836584936183187522, 8.077500000000002345 ) ) ;
#3860 = ORIENTED_EDGE ( 'NONE', *, *, #5583, .F. ) ;
#3861 = ORIENTED_EDGE ( 'NONE', *, *, #9636, .T. ) ;
#3862 = ORIENTED_EDGE ( 'NONE', *, *, #9607, .F. ) ;
#3863 = CARTESIAN_POINT ( 'NONE',  ( 0.000000000000000000, 0.000000000000000000, 9.449999999999999289 ) ) ;
#3864 = CARTESIAN_POINT ( 'NONE',  ( -1.892491597964134370E-16, -1.545336663013173073, -6.950000000000004619 ) ) ;
#3865 = CARTESIAN_POINT ( 'NONE',  ( -1.338300807568880257, -0.7726683315065862034, -9.779166666666670338 ) ) ;
#3866 = EDGE_CURVE ( 'NONE', #6018, #3207, #8107, .T. ) ;
#3867 = ORIENTED_EDGE ( 'NONE', *, *, #10187, .T. ) ;
#3868 = CIRCLE ( 'NONE', #10370, 3.000000000000000000 ) ;
#3869 = DIRECTION ( 'NONE',  ( 0.3746065934159141797, 0.9271838545667865361, 0.000000000000000000 ) ) ;
#3870 = EDGE_LOOP ( 'NONE', ( #1629, #4778, #8603 ) ) ;
#3871 = VERTEX_POINT ( 'NONE', #1984 ) ;
#3872 = VERTEX_POINT ( 'NONE', #5507 ) ;
#3873 = APPROVAL_STATUS ( 'not_yet_approved' ) ;
#3874 = CARTESIAN_POINT ( 'NONE',  ( 1.176575538379255326, 2.037888611415573425, -6.942708333333339255 ) ) ;
#3875 = DIRECTION ( 'NONE',  ( -0.000000000000000000, -0.000000000000000000, -1.000000000000000000 ) ) ;
#3876 = EDGE_CURVE ( 'NONE', #5381, #402, #198, .T. ) ;
#3877 = VECTOR ( 'NONE', #6492, 1000.000000000000000 ) ;
#3878 = DIRECTION ( 'NONE',  ( -0.6156614753256661743, -0.7880107536067157969, 0.000000000000000000 ) ) ;
#3879 = VERTEX_POINT ( 'NONE', #9070 ) ;
#3880 = DIRECTION ( 'NONE',  ( -0.7660444431189845638, -0.6427876096865315914, 0.000000000000000000 ) ) ;
#3881 = CARTESIAN_POINT ( 'NONE',  ( 2.999999842411182449, -0.0009723851495684510300, 9.449999999999999289 ) ) ;
#3882 = LINE ( 'NONE', #9996, #5670 ) ;
#3883 = VERTEX_POINT ( 'NONE', #7292 ) ;
#3884 = ORIENTED_EDGE ( 'NONE', *, *, #101, .F. ) ;
#3885 = CARTESIAN_POINT ( 'NONE',  ( 1.999999999999992673, 2.449293598294697540E-16, 5.470000000000002416 ) ) ;
#3886 = ORIENTED_EDGE ( 'NONE', *, *, #6137, .F. ) ;
#3887 = CARTESIAN_POINT ( 'NONE',  ( -1.070158251101128055, -2.737644874981778109, 9.510800894373549141 ) ) ;
#3888 = CARTESIAN_POINT ( 'NONE',  ( 2.742306912204059532, -1.220953701233137956, 9.750000000000001776 ) ) ;
#3889 = EDGE_CURVE ( 'NONE', #10956, #2387, #267, .T. ) ;
#3890 = LINE ( 'NONE', #5558, #5268 ) ;
#3891 = CARTESIAN_POINT ( 'NONE',  ( -1.892491597964134370E-16, -1.545336663013173073, -6.862500000000004263 ) ) ;
#3892 = CARTESIAN_POINT ( 'NONE',  ( -1.676772478465683225, 2.487656337893167979, 8.077500000000000568 ) ) ;
#3893 = DIRECTION ( 'NONE',  ( 0.3090169943749527248, 0.9510565162951518658, 0.000000000000000000 ) ) ;
#3894 = VERTEX_POINT ( 'NONE', #2740 ) ;
#3895 = DIRECTION ( 'NONE',  ( -1.000000000000000000, 0.000000000000000000, 0.000000000000000000 ) ) ;
#3896 = ORIENTED_EDGE ( 'NONE', *, *, #4715, .T. ) ;
#3897 = CARTESIAN_POINT ( 'NONE',  ( 2.698629191337181599, 1.165048767896283533, 9.510800894373550918 ) ) ;
#3898 = LINE ( 'NONE', #190, #4208 ) ;
#3899 = CARTESIAN_POINT ( 'NONE',  ( -1.315987345267994657, -2.695955731664467780, 9.449999999999999289 ) ) ;
#3900 = ADVANCED_FACE ( 'NONE', ( #7238 ), #10779, .F. ) ;
#3901 = ADVANCED_FACE ( 'NONE', ( #10242 ), #1213, .T. ) ;
#3902 = DIRECTION ( 'NONE',  ( 0.7193398003386867190, 0.6946583704589603947, 0.000000000000000000 ) ) ;
#3903 = LINE ( 'NONE', #2974, #7647 ) ;
#3904 = ORIENTED_EDGE ( 'NONE', *, *, #3103, .T. ) ;
#3905 = DIRECTION ( 'NONE',  ( 0.000000000000000000, 0.000000000000000000, -1.000000000000000000 ) ) ;
#3906 = ORIENTED_EDGE ( 'NONE', *, *, #8772, .F. ) ;
#3907 = CARTESIAN_POINT ( 'NONE',  ( -0.5199868932016028511, -2.954591956751142945, 9.449999999999999289 ) ) ;
#3908 = CARTESIAN_POINT ( 'NONE',  ( -0.1037266918089347345, 2.998206259316789080, 8.077500000000000568 ) ) ;
#3909 = CARTESIAN_POINT ( 'NONE',  ( 2.859290565133868700, 0.3354387467633112574, 9.571310031034848009 ) ) ;
#3910 = EDGE_LOOP ( 'NONE', ( #11021, #8386, #10682 ) ) ;
#3911 = ORIENTED_EDGE ( 'NONE', *, *, #10868, .T. ) ;
#3912 = B_SPLINE_CURVE_WITH_KNOTS ( 'NONE', 3,
 ( #8616, #5107, #636, #3052 ),
 .UNSPECIFIED., .F., .F.,
 ( 4, 4 ),
 ( 3.054997924346512668E-07, 0.0002759181450133579806 ),
 .UNSPECIFIED. ) ;
#3913 = VERTEX_POINT ( 'NONE', #11226 ) ;
#3914 = FACE_OUTER_BOUND ( 'NONE', #1722, .T. ) ;
#3915 = ADVANCED_FACE ( 'NONE', ( #325 ), #382, .T. ) ;
#3916 = EDGE_CURVE ( 'NONE', #2815, #10562, #7959, .T. ) ;
#3917 = CARTESIAN_POINT ( 'NONE',  ( 0.8922005383792542821, 1.545336663013172851, -6.658333333333337656 ) ) ;
#3918 = CARTESIAN_POINT ( 'NONE',  ( -0.2506926312427378289, -1.524866750471424393, -9.679663336662811091 ) ) ;
#3919 = DIRECTION ( 'NONE',  ( -0.000000000000000000, 0.000000000000000000, 1.000000000000000000 ) ) ;
#3920 = CARTESIAN_POINT ( 'NONE',  ( 0.8922005383792542821, 1.545336663013172851, -5.870833333333338011 ) ) ;
#3921 = CARTESIAN_POINT ( 'NONE',  ( 1.338300807568880924, 0.7726683315065854263, -8.816666666666669983 ) ) ;
#3922 = ORIENTED_EDGE ( 'NONE', *, *, #7724, .F. ) ;
#3923 = B_SPLINE_CURVE_WITH_KNOTS ( 'NONE', 3,
 ( #10948, #4974, #3778, #10063 ),
 .UNSPECIFIED., .F., .F.,
 ( 4, 4 ),
 ( 3.054997924346973772E-07, 0.0002759181450133581974 ),
 .UNSPECIFIED. ) ;
#3924 = CARTESIAN_POINT ( 'NONE',  ( 2.934644818296865854, 0.6227839034876823110, -9.750000000000001776 ) ) ;
#3925 = ORIENTED_EDGE ( 'NONE', *, *, #5073, .F. ) ;
#3926 = ORIENTED_EDGE ( 'NONE', *, *, #7442, .F. ) ;
#3927 = CIRCLE ( 'NONE', #6731, 3.000000000000000000 ) ;
#3928 = EDGE_CURVE ( 'NONE', #10092, #11186, #10596, .T. ) ;
#3929 = CARTESIAN_POINT ( 'NONE',  ( 2.428530378214547536, -1.764430600325829435, 9.750000000000001776 ) ) ;
#3930 = CARTESIAN_POINT ( 'NONE',  ( 2.992759823733688762, 0.2082993937713199240, -9.750000000000001776 ) ) ;
#3931 = ORIENTED_EDGE ( 'NONE', *, *, #3044, .F. ) ;
#3932 = FACE_OUTER_BOUND ( 'NONE', #10963, .T. ) ;
#3933 = CARTESIAN_POINT ( 'NONE',  ( 1.847750578910097863, -2.363433476562731173, 8.077500000000000568 ) ) ;
#3934 = DIRECTION ( 'NONE',  ( 0.1045284632675977377, -0.9945218953682792851, 0.000000000000000000 ) ) ;
#3935 = CARTESIAN_POINT ( 'NONE',  ( -0.8922005383792539490, -1.545336663013172851, -6.920833333333337833 ) ) ;
#3936 = CARTESIAN_POINT ( 'NONE',  ( 2.024684387340913272, 2.046634999298030166, 9.571310031034848009 ) ) ;
#3937 = DIRECTION ( 'NONE',  ( 0.3090169943749560000, 0.9510565162951507556, 0.000000000000000000 ) ) ;
#3938 = ORIENTED_EDGE ( 'NONE', *, *, #1302, .T. ) ;
#3939 = CARTESIAN_POINT ( 'NONE',  ( 0.000000000000000000, 0.000000000000000000, 8.077500000000000568 ) ) ;
#3940 = ADVANCED_FACE ( 'NONE', ( #1324 ), #5316, .F. ) ;
#3941 = LINE ( 'NONE', #4719, #10188 ) ;
#3942 = CARTESIAN_POINT ( 'NONE',  ( -2.671535350428114519, -1.225902530924358302, 9.510800894373550918 ) ) ;
#3943 = VERTEX_POINT ( 'NONE', #8757 ) ;
#3944 = CIRCLE ( 'NONE', #1319, 3.000000000000000000 ) ;
#3945 = ORIENTED_EDGE ( 'NONE', *, *, #1128, .T. ) ;
#3946 = CARTESIAN_POINT ( 'NONE',  ( 0.7768966656431113282, -2.709360653135690633, 9.631453640997325039 ) ) ;
#3947 = CARTESIAN_POINT ( 'NONE',  ( -0.3126183150084358986, 2.983667171304682508, 9.449999999999999289 ) ) ;
#3948 = CARTESIAN_POINT ( 'NONE',  ( -2.818745138964466879, -1.026974119228031057, 9.449999999999999289 ) ) ;
#3949 = AXIS2_PLACEMENT_3D ( 'NONE', #462, #7589, #11126 ) ;
#3950 = CARTESIAN_POINT ( 'NONE',  ( 2.970939380026127008, -0.4165563589839568204, -9.750000000000001776 ) ) ;
#3951 = ORIENTED_EDGE ( 'NONE', *, *, #7471, .T. ) ;
#3952 = DIRECTION ( 'NONE',  ( -0.000000000000000000, -0.000000000000000000, 1.000000000000000000 ) ) ;
#3953 = PLANE ( 'NONE',  #7682 ) ;
#3954 = EDGE_CURVE ( 'NONE', #4285, #9668, #4368, .T. ) ;
#3955 = LINE ( 'NONE', #2427, #5897 ) ;
#3956 = CARTESIAN_POINT ( 'NONE',  ( 0.000000000000000000, 0.000000000000000000, 8.077500000000000568 ) ) ;
#3957 = PLANE ( 'NONE',  #73 ) ;
#3958 = CIRCLE ( 'NONE', #3024, 1.859999999999999876 ) ;
#3959 = CARTESIAN_POINT ( 'NONE',  ( -0.5212620717709046669, -2.956224110890472545, 8.077500000000002345 ) ) ;
#3960 = FACE_OUTER_BOUND ( 'NONE', #3244, .T. ) ;
#3961 = CARTESIAN_POINT ( 'NONE',  ( 0.3922658369821050983, 2.791116459588164123, 9.750000000000001776 ) ) ;
#3962 = CARTESIAN_POINT ( 'NONE',  ( 2.247060466239684029, 1.799661343074410391, 9.571310031034848009 ) ) ;
#3963 = EDGE_LOOP ( 'NONE', ( #1346, #2689, #8231, #1881 ) ) ;
#3964 = AXIS2_PLACEMENT_3D ( 'NONE', #3242, #10457, #8581 ) ;
#3965 = CARTESIAN_POINT ( 'NONE',  ( 1.154700538379252572, -2.000000000000003997, -7.241666666666669805 ) ) ;
#3966 = LINE ( 'NONE', #1157, #10681 ) ;
#3967 = B_SPLINE_CURVE_WITH_KNOTS ( 'NONE', 3,
 ( #3696, #7269, #2536, #2711 ),
 .UNSPECIFIED., .F., .F.,
 ( 4, 4 ),
 ( 3.054997924343042480E-07, 0.0002759181450133579264 ),
 .UNSPECIFIED. ) ;
#3968 = CC_DESIGN_PERSON_AND_ORGANIZATION_ASSIGNMENT ( #2825, #5652, ( #180 ) ) ;
#3969 = VECTOR ( 'NONE', #8419, 1000.000000000000227 ) ;
#3970 = PLANE ( 'NONE',  #10145 ) ;
#3971 = ORIENTED_EDGE ( 'NONE', *, *, #10553, .T. ) ;
#3972 = VERTEX_POINT ( 'NONE', #4196 ) ;
#3973 = EDGE_LOOP ( 'NONE', ( #4954, #298, #2634 ) ) ;
#3974 = VECTOR ( 'NONE', #10259, 1000.000000000000000 ) ;
#3975 = CARTESIAN_POINT ( 'NONE',  ( -2.680596881209464488, 0.8709787243654864008, 8.077500000000002345 ) ) ;
#3976 = CARTESIAN_POINT ( 'NONE',  ( 1.146406084414269833, 2.574870223421984683, 9.750000000000001776 ) ) ;
#3977 = CONICAL_SURFACE ( 'NONE', #991, 1.154700538379251462, 0.7853981633974500554 ) ;
#3978 = CARTESIAN_POINT ( 'NONE',  ( -1.892491597964134370E-16, -1.545336663013173073, -8.350000000000004974 ) ) ;
#3979 = ORIENTED_EDGE ( 'NONE', *, *, #1980, .F. ) ;
#3980 = CARTESIAN_POINT ( 'NONE',  ( -0.8428154764883223349, 0.6681007961515360583, 9.659249473037196054 ) ) ;
#3981 = AXIS2_PLACEMENT_3D ( 'NONE', #7010, #10541, #9715 ) ;
#3982 = EDGE_LOOP ( 'NONE', ( #10080, #10575, #9079, #1636 ) ) ;
#3983 = VECTOR ( 'NONE', #2114, 1000.000000000000000 ) ;
#3984 = EDGE_CURVE ( 'NONE', #7553, #10193, #3417, .T. ) ;
#3985 = EDGE_CURVE ( 'NONE', #6604, #1878, #2948, .T. ) ;
#3986 = CARTESIAN_POINT ( 'NONE',  ( 1.999999999999992673, 2.449293598294697540E-16, -5.175312581422624625 ) ) ;
#3987 = PLANE ( 'NONE',  #10893 ) ;
#3988 = LINE ( 'NONE', #7641, #1438 ) ;
#3989 = EDGE_CURVE ( 'NONE', #5804, #997, #2133, .T. ) ;
#3990 = ORIENTED_EDGE ( 'NONE', *, *, #4646, .T. ) ;
#3991 = EDGE_CURVE ( 'NONE', #984, #6511, #9478, .T. ) ;
#3992 = EDGE_LOOP ( 'NONE', ( #6724, #1700 ) ) ;
#3993 = DIRECTION ( 'NONE',  ( -0.000000000000000000, 0.000000000000000000, -1.000000000000000000 ) ) ;
#3994 = VECTOR ( 'NONE', #4801, 1000.000000000000000 ) ;
#3995 = EDGE_LOOP ( 'NONE', ( #2452, #3651, #4534, #6462 ) ) ;
#3996 = CARTESIAN_POINT ( 'NONE',  ( -2.999999842411182893, -0.0009723851495278883162, 9.449999999999999289 ) ) ;
#3997 = DIRECTION ( 'NONE',  ( 0.000000000000000000, 0.000000000000000000, 1.000000000000000000 ) ) ;
#3998 = CARTESIAN_POINT ( 'NONE',  ( 2.999999842411182449, 0.0009723851495477834261, -9.750000000000001776 ) ) ;
#3999 = VERTEX_POINT ( 'NONE', #4716 ) ;
#4000 = EDGE_CURVE ( 'NONE', #7655, #2314, #237, .T. ) ;
#4001 = CARTESIAN_POINT ( 'NONE',  ( -1.315987345267940700, 2.695955731664493982, -9.750000000000001776 ) ) ;
#4002 = ORIENTED_EDGE ( 'NONE', *, *, #1011, .T. ) ;
#4003 = ORIENTED_EDGE ( 'NONE', *, *, #1754, .F. ) ;
#4004 = DIRECTION ( 'NONE',  ( -0.000000000000000000, 0.000000000000000000, -1.000000000000000000 ) ) ;
#4005 = CARTESIAN_POINT ( 'NONE',  ( -2.934644818296857860, 0.6227839034877216129, 9.449999999999999289 ) ) ;
#4006 = AXIS2_PLACEMENT_3D ( 'NONE', #600, #3081, #3138 ) ;
#4007 = VECTOR ( 'NONE', #576, 1000.000000000000000 ) ;
#4008 = LINE ( 'NONE', #5785, #1933 ) ;
#4009 = VERTEX_POINT ( 'NONE', #1189 ) ;
#4010 = VERTEX_POINT ( 'NONE', #305 ) ;
#4011 = CARTESIAN_POINT ( 'NONE',  ( 2.648386132258314873, -1.409273179501350448, 9.449999999999999289 ) ) ;
#4012 = CARTESIAN_POINT ( 'NONE',  ( 2.000000000000003553, 5.037462414169366045E-14, -9.225000000000001421 ) ) ;
#4013 = B_SPLINE_CURVE_WITH_KNOTS ( 'NONE', 3,
 ( #11287, #618, #3099, #6771 ),
 .UNSPECIFIED., .F., .F.,
 ( 4, 4 ),
 ( 3.054997924346575137E-07, 0.0002759181450133580890 ),
 .UNSPECIFIED. ) ;
#4014 = LINE ( 'NONE', #3188, #1762 ) ;
#4015 = CARTESIAN_POINT ( 'NONE',  ( -1.678384766113690807, -2.486568836142987404, 9.449999999999999289 ) ) ;
#4016 = CARTESIAN_POINT ( 'NONE',  ( -1.154700538379293429, -2.000000000000071054, -7.270833333333379223 ) ) ;
#4017 = AXIS2_PLACEMENT_3D ( 'NONE', #1331, #7300, #1220 ) ;
#4018 = AXIS2_PLACEMENT_3D ( 'NONE', #10435, #2455, #6030 ) ;
#4019 = ADVANCED_FACE ( 'NONE', ( #3006 ), #5723, .T. ) ;
#4020 = B_SPLINE_CURVE_WITH_KNOTS ( 'NONE', 3,
 ( #4305, #6997, #1793, #8884 ),
 .UNSPECIFIED., .F., .F.,
 ( 4, 4 ),
 ( 3.054997924344129329E-07, 0.0002759181450133580348 ),
 .UNSPECIFIED. ) ;
#4021 = CARTESIAN_POINT ( 'NONE',  ( -2.427622409283285876, -1.762568988137944270, 8.077500000000000568 ) ) ;
#4022 = CARTESIAN_POINT ( 'NONE',  ( 2.999999842411182449, -0.0009723851495685187927, -9.750000000000001776 ) ) ;
#4023 = AXIS2_PLACEMENT_3D ( 'NONE', #6595, #1974, #5565 ) ;
#4024 = DIRECTION ( 'NONE',  ( -1.000000000000000000, 0.000000000000000000, 0.000000000000000000 ) ) ;
#4025 = AXIS2_PLACEMENT_3D ( 'NONE', #8254, #247, #3831 ) ;
#4026 = ORIENTED_EDGE ( 'NONE', *, *, #3686, .T. ) ;
#4027 = ORIENTED_EDGE ( 'NONE', *, *, #3541, .T. ) ;
#4028 = DIRECTION ( 'NONE',  ( -0.000000000000000000, 0.000000000000000000, -1.000000000000000000 ) ) ;
#4029 = DIRECTION ( 'NONE',  ( -0.000000000000000000, -0.000000000000000000, -1.000000000000000000 ) ) ;
#4030 = CARTESIAN_POINT ( 'NONE',  ( 0.9062599177585696220, -1.251702186431309594, -9.679663336986674693 ) ) ;
#4031 = CARTESIAN_POINT ( 'NONE',  ( -2.819410289580905893, -1.025146632928827906, 9.449999999999999289 ) ) ;
#4032 = VERTEX_POINT ( 'NONE', #9559 ) ;
#4033 = ORIENTED_EDGE ( 'NONE', *, *, #10949, .T. ) ;
#4034 = ORIENTED_EDGE ( 'NONE', *, *, #5465, .F. ) ;
#4035 = AXIS2_PLACEMENT_3D ( 'NONE', #7441, #6583, #5727 ) ;
#4036 = CARTESIAN_POINT ( 'NONE',  ( 2.159334809438579139, -2.085245386525028444, 8.077500000000002345 ) ) ;
#4037 = ADVANCED_FACE ( 'NONE', ( #10391, #4109 ), #3338, .T. ) ;
#4038 = CARTESIAN_POINT ( 'NONE',  ( -2.992624163415377403, 0.2102394267077716261, -9.750000000000001776 ) ) ;
#4039 = CARTESIAN_POINT ( 'NONE',  ( -1.338300807568880035, 0.7726683315065867586, -7.095833333333337656 ) ) ;
#4040 = EDGE_LOOP ( 'NONE', ( #9404, #7882, #6573, #7085 ) ) ;
#4041 = LOCAL_TIME ( 17, 51, 19.00000000000000000, #228 ) ;
#4042 = CARTESIAN_POINT ( 'NONE',  ( -2.680596881209464488, 0.8709787243654859568, 9.631453640997325039 ) ) ;
#4043 = CARTESIAN_POINT ( 'NONE',  ( -2.602571373999919668, 1.230724961934982487, 9.571310031034848009 ) ) ;
#4044 = CARTESIAN_POINT ( 'NONE',  ( 0.000000000000000000, 1.545336663013173073, -10.01250000000000462 ) ) ;
#4045 = ORIENTED_EDGE ( 'NONE', *, *, #6187, .F. ) ;
#4046 = ORIENTED_EDGE ( 'NONE', *, *, #5008, .F. ) ;
#4047 = DIRECTION ( 'NONE',  ( 0.5591929034707407986, -0.8290375725550457320, 0.000000000000000000 ) ) ;
#4048 = ADVANCED_FACE ( 'NONE', ( #9400 ), #10273, .T. ) ;
#4049 = LINE ( 'NONE', #3930, #8400 ) ;
#4050 = VERTEX_POINT ( 'NONE', #5060 ) ;
#4051 = EDGE_CURVE ( 'NONE', #9973, #106, #1142, .T. ) ;
#4052 = CARTESIAN_POINT ( 'NONE',  ( 2.572127436494094699, 1.293144283955976137, 9.571310031034848009 ) ) ;
#4053 = DIRECTION ( 'NONE',  ( -0.000000000000000000, -0.000000000000000000, 1.000000000000000000 ) ) ;
#4054 = CLOSED_SHELL ( 'NONE', ( #1110, #7485, #7534, #9145, #8755, #3915, #7332, #1437, #3901, #2718, #5080, #6377, #8330, #3749, #9459, #4938, #2548, #9596, #9305, #1146, #11050, #7571, #6750, #7413, #2342, #5441, #6390, #2354, #7533, #4037, #10142, #5984, #2062, #5007, #10001, #10105, #2142, #2926, #8313, #10926, #7185, #9813, #5745, #5100, #619, #6862, #5081, #8420, #4852, #8390, #2167, #6174, #8036, #8141, #3837, #908, #1761, #10029, #3184, #1840, #3804, #7669, #3763, #1339, #3265, #3168, #6208, #11302, #9511, #6507, #6591, #5865, #7443, #2278, #2307, #11532, #2443, #10612, #5272, #6769, #11255, #304, #7857, #11237, #3625, #4247, #985, #6479, #8793, #3202, #512, #10039, #9896, #10951, #763, #7108, #10726, #5681, #257, #540, #393, #1773, #2778, #11087, #762, #7233, #9414, #9959, #6736, #10398, #10521, #11438, #1209, #5698, #90, #4070, #8047, #2582, #2837, #8225, #3653, #5414, #11192, #7967, #10088, #11081, #11361, #6971, #4482, #4237, #782, #7668, #10580, #9388, #4048, #2414, #10709, #9008, #5273, #329, #1547, #6902, #4762, #6453, #8076, #3141, #8189, #1720, #7987, #7609, #1402, #1284, #9979, #5852, #8532, #9253, #10266, #5201, #7040, #7684, #4392, #2211, #1550, #9543, #7632, #9304, #2606, #10851, #4447, #536, #6579, #876, #8938, #4614, #2141, #10352, #3190, #4906, #5030, #5042, #8240, #4526, #5998, #2369, #8327, #9029, #8173, #9739, #8099, #4098, #4992, #4409, #4375, #8756, #5995, #8453, #1841, #30, #4920, #8778, #5801, #7112, #10628, #840, #11291, #5279, #3658, #8847, #7754, #7606, #5440, #1419, #2988, #5503, #1360, #1418, #5964, #8025, #7405, #8100, #1900, #7585, #123, #2476, #10882, #6715, #11, #5203, #5788, #5370, #2094, #4066, #6064, #11292, #7941, #4271, #5160, #4747, #4366, #1624, #2971, #550, #11491, #5431, #9087, #8452, #9344, #7586, #6616, #9674, #9318, #1613, #10315, #4290, #10257, #10813, #10488, #9907, #3589, #1464, #3797, #10394, #5181, #685, #3900, #8636, #5659, #4085, #5200, #1902, #3940, #7056, #3512, #8514, #8878, #4129, #10425, #4410, #5295, #9044, #1617, #1703, #9126, #2131, #918, #10281, #2917, #2851, #10885, #2839, #4019, #10473, #7783, #9377, #3075, #9523, #3732, #6901, #10585, #5402, #746, #5932, #2374, #1258, #7479, #3473, #6026, #10915, #8887, #8208, #2964, #11567, #7770, #9241, #5491, #7315, #4426, #1477, #700, #7184, #5903, #5554 ) ) ;
#4055 = EDGE_CURVE ( 'NONE', #8910, #1215, #2832, .T. ) ;
#4056 = CARTESIAN_POINT ( 'NONE',  ( -2.008615413315367082, 2.230793415506912236, 9.750000000000001776 ) ) ;
#4057 = AXIS2_PLACEMENT_3D ( 'NONE', #7953, #4700, #4356 ) ;
#4058 = CARTESIAN_POINT ( 'NONE',  ( 2.803106067138685820, -0.2946183195551997924, 8.077500000000002345 ) ) ;
#4059 = ORIENTED_EDGE ( 'NONE', *, *, #8012, .F. ) ;
#4060 = LINE ( 'NONE', #10222, #7858 ) ;
#4061 = VERTEX_POINT ( 'NONE', #2757 ) ;
#4062 = ORIENTED_EDGE ( 'NONE', *, *, #11330, .F. ) ;
#4063 = LINE ( 'NONE', #7555, #11458 ) ;
#4064 = CARTESIAN_POINT ( 'NONE',  ( -1.811726676894046539, -2.159131775987212620, 9.631453640997325039 ) ) ;
#4065 = EDGE_CURVE ( 'NONE', #8957, #8058, #4402, .T. ) ;
#4066 = ADVANCED_FACE ( 'NONE', ( #9857 ), #5469, .F. ) ;
#4067 = FACE_OUTER_BOUND ( 'NONE', #9203, .T. ) ;
#4068 = CARTESIAN_POINT ( 'NONE',  ( -1.430797105678758507, 0.6124600436682401394, -6.383738255696319364 ) ) ;
#4069 = DIRECTION ( 'NONE',  ( 1.000000000000000000, 0.000000000000000000, 0.000000000000000000 ) ) ;
#4070 = ADVANCED_FACE ( 'NONE', ( #4337 ), #7991, .T. ) ;
#4071 = LINE ( 'NONE', #7613, #4146 ) ;
#4072 = ORIENTED_EDGE ( 'NONE', *, *, #5946, .F. ) ;
#4073 = EDGE_LOOP ( 'NONE', ( #11263, #4965, #5401, #7293 ) ) ;
#4074 = PLANE ( 'NONE',  #5571 ) ;
#4075 = CARTESIAN_POINT ( 'NONE',  ( -0.5212620717708467133, 2.956224110890482315, 9.750000000000001776 ) ) ;
#4076 = DIRECTION ( 'NONE',  ( 0.4999999999999996114, -0.8660254037844388186, 0.000000000000000000 ) ) ;
#4077 = LINE ( 'NONE', #6757, #3049 ) ;
#4078 = DIRECTION ( 'NONE',  ( 0.000000000000000000, -0.000000000000000000, -1.000000000000000000 ) ) ;
#4079 = FACE_OUTER_BOUND ( 'NONE', #10796, .T. ) ;
#4080 = CARTESIAN_POINT ( 'NONE',  ( 0.000000000000000000, 0.000000000000000000, 9.449999999999999289 ) ) ;
#4081 = CARTESIAN_POINT ( 'NONE',  ( 0.6787370179870866327, -2.859939545572216524, 9.510800894373550918 ) ) ;
#4082 = CARTESIAN_POINT ( 'NONE',  ( 1.811726676894017229, -2.159131775987237045, 9.631453640997325039 ) ) ;
#4083 = CARTESIAN_POINT ( 'NONE',  ( 0.8922005383792542821, 1.545336663013172851, -8.058333333333337123 ) ) ;
#4084 = LINE ( 'NONE', #11119, #6468 ) ;
#4085 = ADVANCED_FACE ( 'NONE', ( #1757 ), #2697, .F. ) ;
#4086 = ORIENTED_EDGE ( 'NONE', *, *, #9815, .T. ) ;
#4087 = EDGE_LOOP ( 'NONE', ( #6216, #2927, #6426, #3684 ) ) ;
#4088 = CARTESIAN_POINT ( 'NONE',  ( -0.1037266918089348178, -2.998206259316789524, 9.449999999999999289 ) ) ;
#4089 = B_SPLINE_CURVE_WITH_KNOTS ( 'NONE', 3,
 ( #1462, #643, #1582, #5170 ),
 .UNSPECIFIED., .F., .F.,
 ( 4, 4 ),
 ( 3.054997924343067362E-07, 0.0002759181450133578180 ),
 .UNSPECIFIED. ) ;
#4090 = CARTESIAN_POINT ( 'NONE',  ( 2.775726306570163171, -0.4894354389105862180, 9.631453640997325039 ) ) ;
#4091 = CARTESIAN_POINT ( 'NONE',  ( 0.7248221475199089214, 2.911122267178868128, 9.449999999999999289 ) ) ;
#4092 = CARTESIAN_POINT ( 'NONE',  ( 0.000000000000000000, 1.545336663013173073, -7.300000000000004263 ) ) ;
#4093 = ORIENTED_EDGE ( 'NONE', *, *, #2539, .T. ) ;
#4094 = DIRECTION ( 'NONE',  ( -0.8290375725550477304, -0.5591929034707378010, 0.000000000000000000 ) ) ;
#4095 = CARTESIAN_POINT ( 'NONE',  ( -0.9261261411944050614, -2.853469882545873748, 9.449999999999999289 ) ) ;
#4096 = ORIENTED_EDGE ( 'NONE', *, *, #5587, .T. ) ;
#4097 = CARTESIAN_POINT ( 'NONE',  ( -0.2506926312427378289, -1.524866750471424393, -9.679663336662811091 ) ) ;
#4098 = ADVANCED_FACE ( 'NONE', ( #5592 ), #9271, .F. ) ;
#4099 = DIRECTION ( 'NONE',  ( 0.000000000000000000, 0.000000000000000000, -1.000000000000000000 ) ) ;
#4100 = ORIENTED_EDGE ( 'NONE', *, *, #5118, .F. ) ;
#4101 = CARTESIAN_POINT ( 'NONE',  ( 0.000000000000000000, 2.037888611415574314, -6.184375000000006395 ) ) ;
#4102 = DIRECTION ( 'NONE',  ( 0.000000000000000000, 0.000000000000000000, -1.000000000000000000 ) ) ;
#4103 = LINE ( 'NONE', #5825, #9895 ) ;
#4104 = ORIENTED_EDGE ( 'NONE', *, *, #6508, .T. ) ;
#4105 = DIRECTION ( 'NONE',  ( 0.9510565162951538642, 0.3090169943749465076, 0.000000000000000000 ) ) ;
#4106 = CARTESIAN_POINT ( 'NONE',  ( 1.314239397301711909, 2.696808262850741933, 9.449999999999999289 ) ) ;
#4107 = LINE ( 'NONE', #5114, #4889 ) ;
#4108 = LINE ( 'NONE', #8520, #7868 ) ;
#4109 = FACE_BOUND ( 'NONE', #5386, .T. ) ;
#4110 = CARTESIAN_POINT ( 'NONE',  ( 2.818745138964453112, -1.026974119228069693, 9.449999999999999289 ) ) ;
#4111 = ORIENTED_EDGE ( 'NONE', *, *, #10010, .T. ) ;
#4112 = VERTEX_POINT ( 'NONE', #2816 ) ;
#4113 = PRODUCT_DEFINITION ( 'UNKNOWN', '', #11466, #10304 ) ;
#4114 = EDGE_CURVE ( 'NONE', #3563, #1575, #11517, .T. ) ;
#4115 = ORIENTED_EDGE ( 'NONE', *, *, #3536, .F. ) ;
#4116 = DIRECTION ( 'NONE',  ( 0.000000000000000000, 0.000000000000000000, -1.000000000000000000 ) ) ;
#4117 = CARTESIAN_POINT ( 'NONE',  ( 1.846218079001115120, 2.364630796714242589, 9.449999999999999289 ) ) ;
#4118 = ORIENTED_EDGE ( 'NONE', *, *, #4177, .F. ) ;
#4119 = DIRECTION ( 'NONE',  ( 0.5591929034707349144, -0.8290375725550497288, 0.000000000000000000 ) ) ;
#4120 = VECTOR ( 'NONE', #272, 1000.000000000000000 ) ;
#4121 = LINE ( 'NONE', #7665, #9944 ) ;
#4122 = EDGE_LOOP ( 'NONE', ( #10771, #3157, #9563 ) ) ;
#4123 = VECTOR ( 'NONE', #8743, 1000.000000000000000 ) ;
#4124 = VERTEX_POINT ( 'NONE', #9152 ) ;
#4125 = CARTESIAN_POINT ( 'NONE',  ( 1.493602012769862597, -2.390262873680853772, 9.631453640997325039 ) ) ;
#4126 = PLANE ( 'NONE',  #5568 ) ;
#4127 = LINE ( 'NONE', #1376, #1018 ) ;
#4128 = DIRECTION ( 'NONE',  ( -0.000000000000000000, -0.000000000000000000, -1.000000000000000000 ) ) ;
#4129 = ADVANCED_FACE ( 'NONE', ( #4928 ), #5815, .T. ) ;
#4130 = EDGE_CURVE ( 'NONE', #10215, #7176, #6785, .T. ) ;
#4131 = CARTESIAN_POINT ( 'NONE',  ( 0.000000000000000000, 0.000000000000000000, 9.449999999999999289 ) ) ;
#4132 =( BOUNDED_CURVE ( )  B_SPLINE_CURVE ( 2, ( #10627, #6046, #6161, #2708, #1597, #7031, #11498, #9811, #4283 ),
 .UNSPECIFIED., .F., .F. ) 
 B_SPLINE_CURVE_WITH_KNOTS ( ( 3, 2, 2, 2, 3 ),
 ( 0.02890516245281616464, 0.02995010719074512814, 0.03203999666660303780, 0.03412988614246095787, 0.03517483088036058025 ),
 .UNSPECIFIED. ) 
 CURVE ( )  GEOMETRIC_REPRESENTATION_ITEM ( )  RATIONAL_B_SPLINE_CURVE ( ( 0.9330127018922192983, 0.9330127018922189652, 1.000000000000000000, 0.8660254037844387076, 1.000000000000000000, 0.8660254037844387076, 1.000000000000000000, 0.9330127018940995720, 0.9330127018922194093 ) ) 
 REPRESENTATION_ITEM ( '' )  );
#4133 = LINE ( 'NONE', #7678, #460 ) ;
#4134 = AXIS2_PLACEMENT_3D ( 'NONE', #5128, #10227, #7662 ) ;
#4135 = CARTESIAN_POINT ( 'NONE',  ( -1.493602012769847054, 2.390262873680863542, 9.631453640997325039 ) ) ;
#4136 = CARTESIAN_POINT ( 'NONE',  ( -0.5219021180699408013, 2.954254250932730752, 9.449999999999999289 ) ) ;
#4137 = CARTESIAN_POINT ( 'NONE',  ( -0.5860087391485057084, -2.756954358615466116, 9.631453640997325039 ) ) ;
#4138 = VERTEX_POINT ( 'NONE', #8271 ) ;
#4139 = LINE ( 'NONE', #2495, #10644 ) ;
#4140 = CIRCLE ( 'NONE', #2638, 2.999999999999999556 ) ;
#4141 = EDGE_CURVE ( 'NONE', #8284, #7080, #5580, .T. ) ;
#4142 = DIRECTION ( 'NONE',  ( 0.2756373558170013283, 0.9612616959383182280, 0.000000000000000000 ) ) ;
#4143 = VERTEX_POINT ( 'NONE', #1147 ) ;
#4144 = ORIENTED_EDGE ( 'NONE', *, *, #9469, .F. ) ;
#4145 = DIRECTION ( 'NONE',  ( 0.4067366430758117546, 0.9135454576425958706, 0.000000000000000000 ) ) ;
#4146 = VECTOR ( 'NONE', #10286, 1000.000000000000114 ) ;
#4147 = CARTESIAN_POINT ( 'NONE',  ( -1.678384766113639959, 2.486568836143022043, 9.449999999999999289 ) ) ;
#4148 = CARTESIAN_POINT ( 'NONE',  ( 1.338300807568880924, 0.7726683315065854263, -7.329166666666671048 ) ) ;
#4149 = ORIENTED_EDGE ( 'NONE', *, *, #6727, .F. ) ;
#4150 = CARTESIAN_POINT ( 'NONE',  ( -2.336680831601444019, -1.576111122057586744, 9.750000000000001776 ) ) ;
#4151 = CARTESIAN_POINT ( 'NONE',  ( -0.2354466048926824318, -2.869255406013589305, 9.571310031034848009 ) ) ;
#4152 = CARTESIAN_POINT ( 'NONE',  ( 2.915219834954215106, -0.3760737398481012184, 9.510800894373549141 ) ) ;
#4153 = LINE ( 'NONE', #406, #10006 ) ;
#4154 = VECTOR ( 'NONE', #2817, 1000.000000000000000 ) ;
#4155 = VERTEX_POINT ( 'NONE', #3026 ) ;
#4156 = ORIENTED_EDGE ( 'NONE', *, *, #9890, .T. ) ;
#4157 = PLANE ( 'NONE',  #11252 ) ;
#4158 = VERTEX_POINT ( 'NONE', #3779 ) ;
#4159 = EDGE_CURVE ( 'NONE', #5597, #368, #2037, .T. ) ;
#4160 = EDGE_CURVE ( 'NONE', #117, #11130, #3194, .T. ) ;
#4161 = CARTESIAN_POINT ( 'NONE',  ( 1.493602012769862819, -2.390262873680853772, 8.077500000000002345 ) ) ;
#4162 = CIRCLE ( 'NONE', #415, 1.154700538379251462 ) ;
#4163 = CARTESIAN_POINT ( 'NONE',  ( 2.648386132258314873, -1.409273179501350448, 9.449999999999999289 ) ) ;
#4164 = VECTOR ( 'NONE', #4245, 999.9999999999998863 ) ;
#4165 = CARTESIAN_POINT ( 'NONE',  ( -1.784401076758506788, 6.065988351121004614E-17, -6.337500000000003908 ) ) ;
#4166 = ORIENTED_EDGE ( 'NONE', *, *, #9936, .F. ) ;
#4167 = CARTESIAN_POINT ( 'NONE',  ( 0.000000000000000000, 0.000000000000000000, 9.449999999999999289 ) ) ;
#4168 = ORIENTED_EDGE ( 'NONE', *, *, #8831, .F. ) ;
#4169 = AXIS2_PLACEMENT_3D ( 'NONE', #10560, #8915, #954 ) ;
#4170 = ORIENTED_EDGE ( 'NONE', *, *, #2228, .T. ) ;
#4171 = CARTESIAN_POINT ( 'NONE',  ( 2.543628869203379939, 1.590582338565072584, 9.449999999999999289 ) ) ;
#4172 = AXIS2_PLACEMENT_3D ( 'NONE', #10375, #10482, #8608 ) ;
#4173 = AXIS2_PLACEMENT_3D ( 'NONE', #10958, #6549, #2100 ) ;
#4174 = DIRECTION ( 'NONE',  ( -0.000000000000000000, 0.000000000000000000, -1.000000000000000000 ) ) ;
#4175 = ORIENTED_EDGE ( 'NONE', *, *, #3238, .F. ) ;
#4176 = LINE ( 'NONE', #9468, #2153 ) ;
#4177 = EDGE_CURVE ( 'NONE', #9442, #3746, #501, .T. ) ;
#4178 = CARTESIAN_POINT ( 'NONE',  ( -2.819410289580905893, -1.025146632928827906, 8.077500000000000568 ) ) ;
#4179 = CARTESIAN_POINT ( 'NONE',  ( 2.440932748640445293, -1.409273179501349338, 9.750000000000001776 ) ) ;
#4180 = PLANE ( 'NONE',  #8960 ) ;
#4181 = AXIS2_PLACEMENT_3D ( 'NONE', #3431, #6088, #7919 ) ;
#4182 = VERTEX_POINT ( 'NONE', #9525 ) ;
#4183 = DIRECTION ( 'NONE',  ( -0.9510565162951498674, 0.3090169943749589976, 0.000000000000000000 ) ) ;
#4184 = DIRECTION ( 'NONE',  ( -0.9975640502598239756, 0.06975647374413046498, 0.000000000000000000 ) ) ;
#4185 = DIRECTION ( 'NONE',  ( -0.000000000000000000, 0.000000000000000000, 1.000000000000000000 ) ) ;
#4186 = CARTESIAN_POINT ( 'NONE',  ( -2.000000000000003553, -4.764381983412778688E-15, -7.387500000000005507 ) ) ;
#4187 = CARTESIAN_POINT ( 'NONE',  ( 0.000000000000000000, 0.000000000000000000, 8.077500000000000568 ) ) ;
#4188 = AXIS2_PLACEMENT_3D ( 'NONE', #1060, #3687, #10459 ) ;
#4189 = AXIS2_PLACEMENT_3D ( 'NONE', #6335, #11487, #9853 ) ;
#4190 = ORIENTED_EDGE ( 'NONE', *, *, #11018, .T. ) ;
#4191 = CARTESIAN_POINT ( 'NONE',  ( -0.8922005383792531719, 1.545336663013173073, -9.254166666666671759 ) ) ;
#4192 = EDGE_CURVE ( 'NONE', #7655, #7817, #1928, .T. ) ;
#4193 = EDGE_CURVE ( 'NONE', #4124, #543, #9508, .T. ) ;
#4194 = CARTESIAN_POINT ( 'NONE',  ( -0.9279757276600195670, 2.852868915473310008, 8.077500000000000568 ) ) ;
#4195 = DIRECTION ( 'NONE',  ( -0.000000000000000000, -0.000000000000000000, -1.000000000000000000 ) ) ;
#4196 = CARTESIAN_POINT ( 'NONE',  ( 0.5219021180699601192, -2.954254250932727643, 9.449999999999999289 ) ) ;
#4197 = ORIENTED_EDGE ( 'NONE', *, *, #8470, .F. ) ;
#4198 = CARTESIAN_POINT ( 'NONE',  ( -1.999999999999992673, 0.000000000000000000, -9.750000000000001776 ) ) ;
#4199 = DIRECTION ( 'NONE',  ( 0.9902680687415704730, 0.1391731009600642444, 0.000000000000000000 ) ) ;
#4200 = EDGE_CURVE ( 'NONE', #5119, #1738, #11360, .T. ) ;
#4201 = AXIS2_PLACEMENT_3D ( 'NONE', #8671, #6148, #4505 ) ;
#4202 = VECTOR ( 'NONE', #4310, 1000.000000000000000 ) ;
#4203 = CARTESIAN_POINT ( 'NONE',  ( -1.784401076758506788, 6.065988351121004614E-17, -8.525000000000005684 ) ) ;
#4204 = DIRECTION ( 'NONE',  ( 0.000000000000000000, 0.000000000000000000, -1.000000000000000000 ) ) ;
#4205 = ORIENTED_EDGE ( 'NONE', *, *, #9991, .T. ) ;
#4206 = VERTEX_POINT ( 'NONE', #8699 ) ;
#4207 = DIRECTION ( 'NONE',  ( 0.000000000000000000, 0.000000000000000000, -1.000000000000000000 ) ) ;
#4208 = VECTOR ( 'NONE', #4850, 1000.000000000000000 ) ;
#4209 = DIRECTION ( 'NONE',  ( -0.000000000000000000, -0.000000000000000000, 1.000000000000000000 ) ) ;
#4210 = AXIS2_PLACEMENT_3D ( 'NONE', #5567, #4273, #9067 ) ;
#4211 = EDGE_CURVE ( 'NONE', #8148, #3457, #913, .T. ) ;
#4212 = EDGE_CURVE ( 'NONE', #6389, #10514, #3890, .T. ) ;
#4213 = DIRECTION ( 'NONE',  ( -1.000000000000000000, 0.000000000000000000, 0.000000000000000000 ) ) ;
#4214 = CARTESIAN_POINT ( 'NONE',  ( -1.554920832529869124, -2.422866668485559760, 9.571310031034848009 ) ) ;
#4215 = DIRECTION ( 'NONE',  ( -0.000000000000000000, -0.000000000000000000, -1.000000000000000000 ) ) ;
#4216 = VERTEX_POINT ( 'NONE', #10003 ) ;
#4217 = CARTESIAN_POINT ( 'NONE',  ( -2.999999842411182449, -0.0009723851495279560789, 8.077500000000000568 ) ) ;
#4218 = CARTESIAN_POINT ( 'NONE',  ( -1.957926820807955881, -2.027492575130200425, 9.750000000000001776 ) ) ;
#4219 = LINE ( 'NONE', #6890, #8300 ) ;
#4220 = VECTOR ( 'NONE', #8632, 1000.000000000000000 ) ;
#4221 = CARTESIAN_POINT ( 'NONE',  ( -2.680596881209482252, -0.8709787243654325550, 9.750000000000001776 ) ) ;
#4222 = CIRCLE ( 'NONE', #10722, 1.919999999999992601 ) ;
#4223 = B_SPLINE_CURVE_WITH_KNOTS ( 'NONE', 3,
 ( #2783, #6359, #9882, #1895 ),
 .UNSPECIFIED., .F., .F.,
 ( 4, 4 ),
 ( 3.021976174285414743E-07, 0.0002759148428383530259 ),
 .UNSPECIFIED. ) ;
#4224 = EDGE_LOOP ( 'NONE', ( #8032, #6376, #9086 ) ) ;
#4225 = CARTESIAN_POINT ( 'NONE',  ( -2.970668720312941158, 0.4184822029122280407, 9.449999999999999289 ) ) ;
#4226 = DIRECTION ( 'NONE',  ( -0.000000000000000000, -0.000000000000000000, -1.000000000000000000 ) ) ;
#4227 = ORIENTED_EDGE ( 'NONE', *, *, #6934, .F. ) ;
#4228 = EDGE_CURVE ( 'NONE', #5326, #9270, #794, .T. ) ;
#4229 = CIRCLE ( 'NONE', #1979, 3.000000000000000444 ) ;
#4230 = CARTESIAN_POINT ( 'NONE',  ( 1.764863307568881101, -1.018944305707788045, -9.261458333333335347 ) ) ;
#4231 = CARTESIAN_POINT ( 'NONE',  ( 2.671535350428107414, 1.225902530924376954, 9.510800894373549141 ) ) ;
#4232 = ORIENTED_EDGE ( 'NONE', *, *, #568, .T. ) ;
#4233 = LINE ( 'NONE', #7656, #7872 ) ;
#4234 = VERTEX_POINT ( 'NONE', #1079 ) ;
#4235 = ORIENTED_EDGE ( 'NONE', *, *, #8027, .F. ) ;
#4236 = CARTESIAN_POINT ( 'NONE',  ( 0.000000000000000000, 0.000000000000000000, 8.077500000000002345 ) ) ;
#4237 = ADVANCED_FACE ( 'NONE', ( #1027 ), #4609, .F. ) ;
#4238 = CARTESIAN_POINT ( 'NONE',  ( -2.734823486451059882, 0.6818680780054973134, 8.077500000000002345 ) ) ;
#4239 = CARTESIAN_POINT ( 'NONE',  ( -1.811726676894046317, -2.159131775987212620, 9.750000000000001776 ) ) ;
#4240 = B_SPLINE_CURVE_WITH_KNOTS ( 'NONE', 3,
 ( #9961, #2799, #9898, #9068 ),
 .UNSPECIFIED., .F., .F.,
 ( 4, 4 ),
 ( 3.021976174289070220E-07, 0.0002759148428383538390 ),
 .UNSPECIFIED. ) ;
#4241 = B_SPLINE_CURVE_WITH_KNOTS ( 'NONE', 3,
 ( #9818, #9872, #10809, #7212 ),
 .UNSPECIFIED., .F., .F.,
 ( 4, 4 ),
 ( 3.054997924344004392E-07, 0.0002759181450133579806 ),
 .UNSPECIFIED. ) ;
#4242 = DIRECTION ( 'NONE',  ( -1.000000000000000000, 0.000000000000000000, -0.000000000000000000 ) ) ;
#4243 = ORIENTED_EDGE ( 'NONE', *, *, #8697, .F. ) ;
#4244 = PLANE ( 'NONE',  #7172 ) ;
#4245 = DIRECTION ( 'NONE',  ( 0.8480480961564261788, 0.5299192642332046788, 0.000000000000000000 ) ) ;
#4246 = CARTESIAN_POINT ( 'NONE',  ( 1.732050807569610829, -1.000000000000424549, -7.795833333333826332 ) ) ;
#4247 = ADVANCED_FACE ( 'NONE', ( #3706 ), #4664, .T. ) ;
#4248 = DIRECTION ( 'NONE',  ( 1.000000000000000000, -1.210143096841420629E-14, 0.000000000000000000 ) ) ;
#4249 = DIRECTION ( 'NONE',  ( -0.000000000000000000, 0.000000000000000000, -1.000000000000000000 ) ) ;
#4250 = CARTESIAN_POINT ( 'NONE',  ( 0.000000000000000000, 0.000000000000000000, -6.299999999999982059 ) ) ;
#4251 = ORIENTED_EDGE ( 'NONE', *, *, #683, .F. ) ;
#4252 = CARTESIAN_POINT ( 'NONE',  ( 1.499157810963814397, 2.598562267452174002, 9.449999999999999289 ) ) ;
#4253 = CARTESIAN_POINT ( 'NONE',  ( 1.338300807568880924, 0.7726683315065854263, -8.816666666666669983 ) ) ;
#4254 = FACE_OUTER_BOUND ( 'NONE', #7148, .T. ) ;
#4255 = ORIENTED_EDGE ( 'NONE', *, *, #6987, .T. ) ;
#4256 = B_SPLINE_CURVE_WITH_KNOTS ( 'NONE', 3,
 ( #4147, #10373, #4990, #626 ),
 .UNSPECIFIED., .F., .F.,
 ( 4, 4 ),
 ( 3.021976174287999252E-07, 0.0002759148428383536764 ),
 .UNSPECIFIED. ) ;
#4257 = ORIENTED_EDGE ( 'NONE', *, *, #5368, .F. ) ;
#4258 = EDGE_CURVE ( 'NONE', #7151, #11099, #3176, .T. ) ;
#4259 = DIRECTION ( 'NONE',  ( 0.000000000000000000, -0.000000000000000000, -1.000000000000000000 ) ) ;
#4260 = CARTESIAN_POINT ( 'NONE',  ( -2.298758245762852592, 1.927617837523115663, 8.077500000000000568 ) ) ;
#4261 = DIRECTION ( 'NONE',  ( -1.000000000000000000, 0.000000000000000000, 0.000000000000000000 ) ) ;
#4262 = EDGE_LOOP ( 'NONE', ( #2953, #6791, #3951 ) ) ;
#4263 = CARTESIAN_POINT ( 'NONE',  ( 0.000000000000000000, 0.000000000000000000, 9.449999999999999289 ) ) ;
#4264 = CARTESIAN_POINT ( 'NONE',  ( -0.8922005383792531719, 1.545336663013173073, -7.241666666666671581 ) ) ;
#4265 = ORIENTED_EDGE ( 'NONE', *, *, #7138, .F. ) ;
#4266 = CARTESIAN_POINT ( 'NONE',  ( 2.884052962002325859, 0.8259773074156551154, 9.449999999999999289 ) ) ;
#4267 = CARTESIAN_POINT ( 'NONE',  ( 1.676772478465717198, 2.487656337893145331, 8.077500000000000568 ) ) ;
#4268 = ORIENTED_EDGE ( 'NONE', *, *, #6421, .T. ) ;
#4269 = EDGE_CURVE ( 'NONE', #2299, #3517, #10824, .T. ) ;
#4270 = ORIENTED_EDGE ( 'NONE', *, *, #2539, .F. ) ;
#4271 = ADVANCED_FACE ( 'NONE', ( #6866 ), #6809, .T. ) ;
#4272 = ORIENTED_EDGE ( 'NONE', *, *, #7799, .F. ) ;
#4273 = DIRECTION ( 'NONE',  ( -0.000000000000000000, -0.000000000000000000, -1.000000000000000000 ) ) ;
#4274 = CARTESIAN_POINT ( 'NONE',  ( 2.006669090636812758, 2.230085011985603938, 9.449999999999999289 ) ) ;
#4275 = CARTESIAN_POINT ( 'NONE',  ( 0.8922005383792529498, -1.545336663013173517, -8.991666666666672469 ) ) ;
#4276 = ORIENTED_EDGE ( 'NONE', *, *, #4334, .T. ) ;
#4277 = CARTESIAN_POINT ( 'NONE',  ( -2.449293598294710852E-16, -2.000000000000003553, -8.700000000000002842 ) ) ;
#4278 = CARTESIAN_POINT ( 'NONE',  ( -1.176575538379254215, 2.037888611415574314, -9.669791666666666785 ) ) ;
#4279 = EDGE_LOOP ( 'NONE', ( #3396, #578, #5143 ) ) ;
#4280 = CARTESIAN_POINT ( 'NONE',  ( 2.748527137674458221, 0.8565397026178918072, 9.571310031034848009 ) ) ;
#4281 = ORIENTED_EDGE ( 'NONE', *, *, #2210, .T. ) ;
#4282 = VERTEX_POINT ( 'NONE', #592 ) ;
#4283 = CARTESIAN_POINT ( 'NONE',  ( -2.000000000000003553, -3.008346988765448202E-11, -8.787499999998251710 ) ) ;
#4284 = CARTESIAN_POINT ( 'NONE',  ( 1.000000000000000000, 0.5773502691896259531, 8.250000000000001776 ) ) ;
#4285 = VERTEX_POINT ( 'NONE', #11269 ) ;
#4286 = LINE ( 'NONE', #8922, #10635 ) ;
#4287 = LINE ( 'NONE', #1601, #1208 ) ;
#4288 = CARTESIAN_POINT ( 'NONE',  ( 0.000000000000000000, 1.545336663013173073, -8.612500000000004263 ) ) ;
#4289 = CARTESIAN_POINT ( 'NONE',  ( 1.500914316448217711, -2.599659853895859296, 8.077500000000002345 ) ) ;
#4290 = ADVANCED_FACE ( 'NONE', ( #8576 ), #660, .T. ) ;
#4291 = ORIENTED_EDGE ( 'NONE', *, *, #2525, .F. ) ;
#4292 = ORIENTED_EDGE ( 'NONE', *, *, #3764, .F. ) ;
#4293 = FACE_OUTER_BOUND ( 'NONE', #1373, .T. ) ;
#4294 = LINE ( 'NONE', #11387, #7392 ) ;
#4295 = DIRECTION ( 'NONE',  ( -0.2756373558169888383, 0.9612616959383218918, 0.000000000000000000 ) ) ;
#4296 = AXIS2_PLACEMENT_3D ( 'NONE', #58, #7091, #9821 ) ;
#4297 = ORIENTED_EDGE ( 'NONE', *, *, #8027, .T. ) ;
#4298 = CARTESIAN_POINT ( 'NONE',  ( 0.000000000000000000, 0.000000000000000000, 8.077500000000000568 ) ) ;
#4299 = EDGE_CURVE ( 'NONE', #5001, #9810, #9292, .T. ) ;
#4300 = CARTESIAN_POINT ( 'NONE',  ( 2.992624163415379179, -0.2102394267077520862, -9.750000000000001776 ) ) ;
#4301 = EDGE_CURVE ( 'NONE', #99, #663, #2250, .T. ) ;
#4302 = ORIENTED_EDGE ( 'NONE', *, *, #3548, .F. ) ;
#4303 = CARTESIAN_POINT ( 'NONE',  ( -2.734823486451072760, -0.6818680780054423574, 9.631453640997325039 ) ) ;
#4304 = EDGE_LOOP ( 'NONE', ( #7070, #7840, #9987, #7855 ) ) ;
#4305 = CARTESIAN_POINT ( 'NONE',  ( -1.811726676894046539, -2.159131775987212620, 9.631453640997325039 ) ) ;
#4306 = DIRECTION ( 'NONE',  ( -0.5591929034707450175, 0.8290375725550428454, 0.000000000000000000 ) ) ;
#4307 = ORIENTED_EDGE ( 'NONE', *, *, #10814, .T. ) ;
#4308 = VECTOR ( 'NONE', #8744, 1000.000000000000000 ) ;
#4309 = CARTESIAN_POINT ( 'NONE',  ( 0.000000000000000000, 0.000000000000000000, 9.449999999999999289 ) ) ;
#4310 = DIRECTION ( 'NONE',  ( -0.000000000000000000, -0.000000000000000000, 1.000000000000000000 ) ) ;
#4311 = ORIENTED_EDGE ( 'NONE', *, *, #7928, .F. ) ;
#4312 = CARTESIAN_POINT ( 'NONE',  ( 2.000000000000003553, -8.715332896486790042E-16, -7.825000000000001954 ) ) ;
#4313 = LINE ( 'NONE', #6323, #5938 ) ;
#4314 = CARTESIAN_POINT ( 'NONE',  ( 0.5893779027526343528, -1.884132830799534641, -9.259713173100733385 ) ) ;
#4315 = FACE_OUTER_BOUND ( 'NONE', #1160, .T. ) ;
#4316 = VECTOR ( 'NONE', #1965, 1000.000000000000000 ) ;
#4317 = APPROVAL ( #8180, 'UNSPECIFIED' ) ;
#4318 = EDGE_LOOP ( 'NONE', ( #8511, #5417, #3037, #9848 ) ) ;
#4319 = CARTESIAN_POINT ( 'NONE',  ( 0.9279757276600572036, 2.852868915473297129, 9.449999999999999289 ) ) ;
#4320 = LINE ( 'NONE', #4218, #8820 ) ;
#4321 = B_SPLINE_CURVE_WITH_KNOTS ( 'NONE', 3,
 ( #7462, #10075, #10902, #2979, #5754, #11005, #4744, #2865, #1276, #4030 ),
 .UNSPECIFIED., .F., .F.,
 ( 4, 2, 2, 2, 4 ),
 ( 0.009876379762405637988, 0.01024690899356528809, 0.01061743822472493645, 0.01098796745588458482, 0.01135849668704423492 ),
 .UNSPECIFIED. ) ;
#4322 = LINE ( 'NONE', #11415, #11027 ) ;
#4323 = CARTESIAN_POINT ( 'NONE',  ( 0.000000000000000000, 0.000000000000000000, 9.449999999999999289 ) ) ;
#4324 = ORIENTED_EDGE ( 'NONE', *, *, #2796, .T. ) ;
#4325 = VERTEX_POINT ( 'NONE', #11437 ) ;
#4326 = ORIENTED_EDGE ( 'NONE', *, *, #7607, .T. ) ;
#4327 = VECTOR ( 'NONE', #2241, 1000.000000000000000 ) ;
#4328 = DIRECTION ( 'NONE',  ( -0.000000000000000000, -0.000000000000000000, 1.000000000000000000 ) ) ;
#4329 = DIRECTION ( 'NONE',  ( -0.1045284632676044545, 0.9945218953682785079, 0.000000000000000000 ) ) ;
#4330 = DIRECTION ( 'NONE',  ( -0.9781476007338039125, 0.2079116908177680856, 0.000000000000000000 ) ) ;
#4331 = VERTEX_POINT ( 'NONE', #6294 ) ;
#4332 = PLANE ( 'NONE',  #9216 ) ;
#4333 = CARTESIAN_POINT ( 'NONE',  ( 1.764863307568882433, 1.018944305707785603, -7.044791666666669450 ) ) ;
#4334 = EDGE_CURVE ( 'NONE', #5767, #10196, #4286, .T. ) ;
#4335 = EDGE_CURVE ( 'NONE', #8950, #2991, #566, .T. ) ;
#4336 = ORIENTED_EDGE ( 'NONE', *, *, #10312, .T. ) ;
#4337 = FACE_OUTER_BOUND ( 'NONE', #10972, .T. ) ;
#4338 = VECTOR ( 'NONE', #10395, 1000.000000000000000 ) ;
#4339 = ORIENTED_EDGE ( 'NONE', *, *, #1997, .T. ) ;
#4340 = EDGE_CURVE ( 'NONE', #2049, #672, #6817, .T. ) ;
#4341 = CARTESIAN_POINT ( 'NONE',  ( -0.9261261411943477739, 2.853469882545892400, 8.077500000000000568 ) ) ;
#4342 = LINE ( 'NONE', #2466, #2669 ) ;
#4343 = ORIENTED_EDGE ( 'NONE', *, *, #9262, .F. ) ;
#4344 = ORIENTED_EDGE ( 'NONE', *, *, #8252, .F. ) ;
#4345 = CARTESIAN_POINT ( 'NONE',  ( 2.881884927995134404, -0.5785130989945685975, 9.510800894373549141 ) ) ;
#4346 = ORIENTED_EDGE ( 'NONE', *, *, #1829, .T. ) ;
#4347 = AXIS2_PLACEMENT_3D ( 'NONE', #7940, #4585, #893 ) ;
#4348 = DIRECTION ( 'NONE',  ( 0.000000000000000000, 0.000000000000000000, -1.000000000000000000 ) ) ;
#4349 = CARTESIAN_POINT ( 'NONE',  ( 2.440932748640454619, 1.409273179501332240, 8.077500000000002345 ) ) ;
#4350 = B_SPLINE_CURVE_WITH_KNOTS ( 'NONE', 3,
 ( #9386, #11184, #3217, #2403 ),
 .UNSPECIFIED., .F., .F.,
 ( 4, 4 ),
 ( 3.021976174300693629E-07, 0.0002759148428383534054 ),
 .UNSPECIFIED. ) ;
#4351 = CARTESIAN_POINT ( 'NONE',  ( 2.775726306570166724, 0.4894354389105677883, 8.077500000000002345 ) ) ;
#4352 = EDGE_CURVE ( 'NONE', #7142, #308, #7033, .T. ) ;
#4353 = LINE ( 'NONE', #3528, #2848 ) ;
#4354 = ORIENTED_EDGE ( 'NONE', *, *, #8192, .F. ) ;
#4355 = AXIS2_PLACEMENT_3D ( 'NONE', #2822, #1063, #2121 ) ;
#4356 = DIRECTION ( 'NONE',  ( 0.3090169943749513926, 0.9510565162951523099, 0.000000000000000000 ) ) ;
#4357 = DIRECTION ( 'NONE',  ( -0.000000000000000000, 0.000000000000000000, 1.000000000000000000 ) ) ;
#4358 = CARTESIAN_POINT ( 'NONE',  ( -2.543628869203357290, 1.590582338565107889, 9.449999999999999289 ) ) ;
#4359 = ORIENTED_EDGE ( 'NONE', *, *, #9075, .F. ) ;
#4360 = CARTESIAN_POINT ( 'NONE',  ( -2.000000000000003553, -3.008346988765448202E-11, -8.787499999998251710 ) ) ;
#4361 = AXIS2_PLACEMENT_3D ( 'NONE', #4480, #3592, #7165 ) ;
#4362 = CARTESIAN_POINT ( 'NONE',  ( 2.649299146609900735, -1.407556049247082441, 9.449999999999999289 ) ) ;
#4363 = FACE_OUTER_BOUND ( 'NONE', #827, .T. ) ;
#4364 = ORIENTED_EDGE ( 'NONE', *, *, #8809, .F. ) ;
#4365 = VECTOR ( 'NONE', #6601, 1000.000000000000000 ) ;
#4366 = ADVANCED_FACE ( 'NONE', ( #3400 ), #6111, .T. ) ;
#4367 = CARTESIAN_POINT ( 'NONE',  ( 1.656699982724421982, 2.280251903866794105, 8.077500000000002345 ) ) ;
#4368 = LINE ( 'NONE', #10467, #1509 ) ;
#4369 = DIRECTION ( 'NONE',  ( -0.5299192642332046788, 0.8480480961564261788, 0.000000000000000000 ) ) ;
#4370 = CARTESIAN_POINT ( 'NONE',  ( 2.934644818296865854, 0.6227839034876824220, 9.449999999999999289 ) ) ;
#4371 = CARTESIAN_POINT ( 'NONE',  ( 1.656699982724421538, 2.280251903866794105, 9.631453640997325039 ) ) ;
#4372 = DIRECTION ( 'NONE',  ( -0.9902680687415638117, 0.1391731009601114566, 0.000000000000000000 ) ) ;
#4373 = VERTEX_POINT ( 'NONE', #2016 ) ;
#4374 = AXIS2_PLACEMENT_3D ( 'NONE', #8432, #4975, #11110 ) ;
#4375 = ADVANCED_FACE ( 'NONE', ( #3817 ), #2952, .F. ) ;
#4376 = CARTESIAN_POINT ( 'NONE',  ( 0.1372130913634486971, 1.726545287200968115, -9.507636643509361107 ) ) ;
#4377 = VERTEX_POINT ( 'NONE', #6403 ) ;
#4378 = DIRECTION ( 'NONE',  ( -0.5591929034707435742, 0.8290375725550439556, 0.000000000000000000 ) ) ;
#4379 = CARTESIAN_POINT ( 'NONE',  ( -1.131920505072408156, 2.712691304610689969, 9.510800894373549141 ) ) ;
#4380 = AXIS2_PLACEMENT_3D ( 'NONE', #4638, #2873, #6446 ) ;
#4381 = AXIS2_PLACEMENT_3D ( 'NONE', #11306, #6032, #2235 ) ;
#4382 = ORIENTED_EDGE ( 'NONE', *, *, #6508, .F. ) ;
#4383 = DIRECTION ( 'NONE',  ( -0.000000000000000000, -0.000000000000000000, 1.000000000000000000 ) ) ;
#4384 = VERTEX_POINT ( 'NONE', #8182 ) ;
#4385 = CARTESIAN_POINT ( 'NONE',  ( 0.9062599177585696220, -1.251702186431309594, -9.679663336986674693 ) ) ;
#4386 = VECTOR ( 'NONE', #2857, 1000.000000000000000 ) ;
#4387 = DIRECTION ( 'NONE',  ( 0.7193398003386557438, 0.6946583704589924801, 0.000000000000000000 ) ) ;
#4388 = CARTESIAN_POINT ( 'NONE',  ( -2.740240724291757690, -1.221098183166686058, 8.077500000000000568 ) ) ;
#4389 = ORIENTED_EDGE ( 'NONE', *, *, #8726, .F. ) ;
#4390 = ORIENTED_EDGE ( 'NONE', *, *, #4228, .T. ) ;
#4391 = ORIENTED_EDGE ( 'NONE', *, *, #7347, .T. ) ;
#4392 = ADVANCED_FACE ( 'NONE', ( #9046 ), #8307, .T. ) ;
#4393 = CIRCLE ( 'NONE', #1771, 3.000000000000000000 ) ;
#4394 = VECTOR ( 'NONE', #11107, 1000.000000000000000 ) ;
#4395 = FACE_OUTER_BOUND ( 'NONE', #417, .T. ) ;
#4396 = DIRECTION ( 'NONE',  ( -0.000000000000000000, -0.000000000000000000, -1.000000000000000000 ) ) ;
#4397 = CARTESIAN_POINT ( 'NONE',  ( 1.124721301025000120, -2.781187155698197522, 8.077500000000000568 ) ) ;
#4398 = EDGE_LOOP ( 'NONE', ( #8830, #10749, #11032, #4772 ) ) ;
#4399 = CARTESIAN_POINT ( 'NONE',  ( -2.741031733634748058, 1.219321547093827895, 8.077500000000000568 ) ) ;
#4400 = CARTESIAN_POINT ( 'NONE',  ( 1.764863307568882433, 1.018944305707785603, -6.344791666666668384 ) ) ;
#4401 = ORIENTED_EDGE ( 'NONE', *, *, #1714, .T. ) ;
#4402 = LINE ( 'NONE', #10557, #1330 ) ;
#4403 = AXIS2_PLACEMENT_3D ( 'NONE', #259, #3844, #10947 ) ;
#4404 = AXIS2_PLACEMENT_3D ( 'NONE', #4525, #11436, #7150 ) ;
#4405 = ORIENTED_EDGE ( 'NONE', *, *, #108, .F. ) ;
#4406 = ORIENTED_EDGE ( 'NONE', *, *, #9181, .F. ) ;
#4407 = ORIENTED_EDGE ( 'NONE', *, *, #11178, .F. ) ;
#4408 = DIRECTION ( 'NONE',  ( -0.2079116908177680301, -0.9781476007338038015, 0.000000000000000000 ) ) ;
#4409 = ADVANCED_FACE ( 'NONE', ( #4827 ), #3643, .T. ) ;
#4410 = ADVANCED_FACE ( 'NONE', ( #2828 ), #5540, .T. ) ;
#4411 = CARTESIAN_POINT ( 'NONE',  ( -2.905949133825048936, 0.4420382059678372166, 9.510800894373550918 ) ) ;
#4412 = VERTEX_POINT ( 'NONE', #1353 ) ;
#4413 = CARTESIAN_POINT ( 'NONE',  ( -1.146406084414235638, 2.574870223422000670, 9.631453640997325039 ) ) ;
#4414 = ORIENTED_EDGE ( 'NONE', *, *, #7301, .T. ) ;
#4415 = EDGE_CURVE ( 'NONE', #1275, #6218, #4049, .T. ) ;
#4416 = CARTESIAN_POINT ( 'NONE',  ( -1.674671506979708457, 2.033577675846917841E-16, -6.499671506979682434 ) ) ;
#4417 = PLANE ( 'NONE',  #6744 ) ;
#4418 = DIRECTION ( 'NONE',  ( 0.9612616959383332160, 0.2756373558169489257, 0.000000000000000000 ) ) ;
#4419 = ORIENTED_EDGE ( 'NONE', *, *, #6638, .T. ) ;
#4420 = PLANE ( 'NONE',  #11020 ) ;
#4421 = LINE ( 'NONE', #8006, #2942 ) ;
#4422 = DIRECTION ( 'NONE',  ( -0.9702957262759943635, 0.2419218955996764175, 0.000000000000000000 ) ) ;
#4423 = VERTEX_POINT ( 'NONE', #6734 ) ;
#4424 = PLANE ( 'NONE',  #3104 ) ;
#4425 = EDGE_CURVE ( 'NONE', #1702, #8449, #4103, .T. ) ;
#4426 = ADVANCED_FACE ( 'NONE', ( #9277 ), #6633, .T. ) ;
#4427 = CARTESIAN_POINT ( 'NONE',  ( 2.999999842411182893, 0.0009723851495474988230, 9.449999999999999289 ) ) ;
#4428 = CARTESIAN_POINT ( 'NONE',  ( -2.972615042991534562, -0.4177737993908864911, 9.750000000000001776 ) ) ;
#4429 = AXIS2_PLACEMENT_3D ( 'NONE', #9899, #3432, #7973 ) ;
#4430 = CARTESIAN_POINT ( 'NONE',  ( -2.336680831601444019, -1.576111122057586744, 8.077500000000002345 ) ) ;
#4431 = ORIENTED_EDGE ( 'NONE', *, *, #7957, .F. ) ;
#4432 = CARTESIAN_POINT ( 'NONE',  ( 2.934644818296861857, -0.6227839034877021840, 8.077500000000000568 ) ) ;
#4433 = PLANE ( 'NONE',  #174 ) ;
#4434 = ORIENTED_EDGE ( 'NONE', *, *, #2264, .T. ) ;
#4435 = FACE_OUTER_BOUND ( 'NONE', #4087, .T. ) ;
#4436 = LINE ( 'NONE', #6132, #3454 ) ;
#4437 = ORIENTED_EDGE ( 'NONE', *, *, #6332, .F. ) ;
#4438 = EDGE_CURVE ( 'NONE', #8920, #3507, #5882, .T. ) ;
#4439 = AXIS2_PLACEMENT_3D ( 'NONE', #10261, #4099, #9387 ) ;
#4440 = CARTESIAN_POINT ( 'NONE',  ( 0.7768966656431298690, 2.709360653135685748, 9.750000000000001776 ) ) ;
#4441 = PLANE ( 'NONE',  #10113 ) ;
#4442 = CARTESIAN_POINT ( 'NONE',  ( 1.318390983378187276, -2.627124541939517055, 9.510800894373549141 ) ) ;
#4443 = PLANE ( 'NONE',  #7491 ) ;
#4444 = ORIENTED_EDGE ( 'NONE', *, *, #4114, .T. ) ;
#4445 = CARTESIAN_POINT ( 'NONE',  ( 2.545695057115687554, -1.590726820498673755, 9.750000000000001776 ) ) ;
#4446 = ORIENTED_EDGE ( 'NONE', *, *, #5073, .T. ) ;
#4447 = ADVANCED_FACE ( 'NONE', ( #2359 ), #5936, .F. ) ;
#4448 = DIRECTION ( 'NONE',  ( 0.4694715627858873641, -0.8829475928589287648, 0.000000000000000000 ) ) ;
#4449 = LINE ( 'NONE', #4630, #1768 ) ;
#4450 = DIRECTION ( 'NONE',  ( 0.000000000000000000, 0.000000000000000000, -1.000000000000000000 ) ) ;
#4451 = DIRECTION ( 'NONE',  ( 0.9975640502598241977, -0.06975647374412700941, 0.000000000000000000 ) ) ;
#4452 = ORIENTED_EDGE ( 'NONE', *, *, #750, .T. ) ;
#4453 = ORIENTED_EDGE ( 'NONE', *, *, #1646, .T. ) ;
#4454 = VERTEX_POINT ( 'NONE', #1817 ) ;
#4455 = DIRECTION ( 'NONE',  ( -0.000000000000000000, -0.000000000000000000, 1.000000000000000000 ) ) ;
#4456 = CARTESIAN_POINT ( 'NONE',  ( 1.338300807568880924, 0.7726683315065854263, -8.116666666666670693 ) ) ;
#4457 = CARTESIAN_POINT ( 'NONE',  ( 0.000000000000000000, 2.037888611415574314, -9.728125000000002132 ) ) ;
#4458 = ORIENTED_EDGE ( 'NONE', *, *, #6279, .F. ) ;
#4459 = EDGE_CURVE ( 'NONE', #4325, #2872, #8678, .T. ) ;
#4460 = CARTESIAN_POINT ( 'NONE',  ( 0.000000000000000000, 0.000000000000000000, 8.077500000000002345 ) ) ;
#4461 = ORIENTED_EDGE ( 'NONE', *, *, #11043, .T. ) ;
#4462 = LINE ( 'NONE', #10684, #7418 ) ;
#4463 = DIRECTION ( 'NONE',  ( 0.000000000000000000, 0.000000000000000000, -1.000000000000000000 ) ) ;
#4464 = VERTEX_POINT ( 'NONE', #4397 ) ;
#4465 = ORIENTED_EDGE ( 'NONE', *, *, #4963, .T. ) ;
#4466 = CARTESIAN_POINT ( 'NONE',  ( 1.440750071144399014, 2.562065060924727078, 9.510800894373550918 ) ) ;
#4467 = ORIENTED_EDGE ( 'NONE', *, *, #1351, .F. ) ;
#4468 = ORIENTED_EDGE ( 'NONE', *, *, #6204, .F. ) ;
#4469 = CARTESIAN_POINT ( 'NONE',  ( -2.816829376715344058, 0.09836584936188838557, 8.077500000000002345 ) ) ;
#4470 = LINE ( 'NONE', #1708, #4123 ) ;
#4471 = CARTESIAN_POINT ( 'NONE',  ( -0.8922005383792531719, 1.545336663013173073, -7.854166666666671404 ) ) ;
#4472 = CARTESIAN_POINT ( 'NONE',  ( 1.846218079001114676, 2.364630796714242589, -9.750000000000001776 ) ) ;
#4473 = ORIENTED_EDGE ( 'NONE', *, *, #1962, .F. ) ;
#4474 = CARTESIAN_POINT ( 'NONE',  ( 0.7267091498297298946, 2.910651784661599795, 9.449999999999999289 ) ) ;
#4475 = CARTESIAN_POINT ( 'NONE',  ( 2.001914819259426990E-16, -2.818546359002675139, 9.631453640997325039 ) ) ;
#4476 = ORIENTED_EDGE ( 'NONE', *, *, #10594, .F. ) ;
#4477 = B_SPLINE_CURVE_WITH_KNOTS ( 'NONE', 3,
 ( #11448, #10461, #9643, #8929 ),
 .UNSPECIFIED., .F., .F.,
 ( 4, 4 ),
 ( 3.021976174288524413E-07, 0.0002759148428383535138 ),
 .UNSPECIFIED. ) ;
#4478 = CARTESIAN_POINT ( 'NONE',  ( -2.819410289580905893, -1.025146632928827906, -9.750000000000001776 ) ) ;
#4479 = CARTESIAN_POINT ( 'NONE',  ( 1.338300807568880924, 0.7726683315065854263, -8.729166666666669627 ) ) ;
#4480 = CARTESIAN_POINT ( 'NONE',  ( 0.000000000000000000, 0.000000000000000000, 9.449999999999999289 ) ) ;
#4481 = VERTEX_POINT ( 'NONE', #11486 ) ;
#4482 = ADVANCED_FACE ( 'NONE', ( #10611 ), #8850, .T. ) ;
#4483 = DIRECTION ( 'NONE',  ( 0.5299192642332017922, -0.8480480961564280662, 0.000000000000000000 ) ) ;
#4484 = EDGE_CURVE ( 'NONE', #8689, #10980, #4140, .T. ) ;
#4485 =( BOUNDED_CURVE ( )  B_SPLINE_CURVE ( 2, ( #1874, #2694, #9801, #885, #4277, #2754, #10738, #5347, #7192 ),
 .UNSPECIFIED., .F., .F. ) 
 B_SPLINE_CURVE_WITH_KNOTS ( ( 3, 2, 2, 2, 3 ),
 ( 0.6683289095497432220, 0.6802336714545051954, 0.7040431952640289204, 0.7278527190735527563, 0.7397574809783146188 ),
 .UNSPECIFIED. ) 
 CURVE ( )  GEOMETRIC_REPRESENTATION_ITEM ( )  RATIONAL_B_SPLINE_CURVE ( ( 0.9330127018922194093, 0.9330127018922194093, 1.000000000000000000, 0.8660254037844387076, 1.000000000000000000, 0.8660254037844387076, 1.000000000000000000, 0.9330127018922196314, 0.9330127018922192983 ) ) 
 REPRESENTATION_ITEM ( '' )  );
#4486 = CARTESIAN_POINT ( 'NONE',  ( -2.868035361279062556, -0.6436701875702353082, 9.510800894373550918 ) ) ;
#4487 = CARTESIAN_POINT ( 'NONE',  ( -0.8922005383792531719, 1.545336663013173073, -9.254166666666669983 ) ) ;
#4488 = DIRECTION ( 'NONE',  ( 0.1391731009600608859, -0.9902680687415709171, 0.000000000000000000 ) ) ;
#4489 = VERTEX_POINT ( 'NONE', #755 ) ;
#4490 = VECTOR ( 'NONE', #5148, 1000.000000000000000 ) ;
#4491 = DIRECTION ( 'NONE',  ( -0.000000000000000000, -0.000000000000000000, -1.000000000000000000 ) ) ;
#4492 = CARTESIAN_POINT ( 'NONE',  ( 0.000000000000000000, 0.000000000000000000, 8.077500000000002345 ) ) ;
#4493 = ORIENTED_EDGE ( 'NONE', *, *, #1291, .F. ) ;
#4494 = DIRECTION ( 'NONE',  ( 0.000000000000000000, -0.000000000000000000, 1.000000000000000000 ) ) ;
#4495 = CARTESIAN_POINT ( 'NONE',  ( -0.9519401355519625518, 2.716960004677841045, 9.571310031034848009 ) ) ;
#4496 = CARTESIAN_POINT ( 'NONE',  ( 2.875724501156001089, 0.1351676076017014339, 9.571310031034848009 ) ) ;
#4497 = VERTEX_POINT ( 'NONE', #6099 ) ;
#4498 = CARTESIAN_POINT ( 'NONE',  ( -2.297508171510893593, 1.929107618003896629, 8.077500000000000568 ) ) ;
#4499 = B_SPLINE_CURVE_WITH_KNOTS ( 'NONE', 3,
 ( #3379, #4152, #9611, #10382 ),
 .UNSPECIFIED., .F., .F.,
 ( 4, 4 ),
 ( 3.021976174288995575E-07, 0.0002759148428383537306 ),
 .UNSPECIFIED. ) ;
#4500 = EDGE_CURVE ( 'NONE', #3943, #2105, #5300, .T. ) ;
#4501 = ORIENTED_EDGE ( 'NONE', *, *, #1877, .F. ) ;
#4502 = PLANE ( 'NONE',  #9546 ) ;
#4503 = CIRCLE ( 'NONE', #2618, 3.000000000000000444 ) ;
#4504 = CARTESIAN_POINT ( 'NONE',  ( 2.740240724291740815, -1.221098183166724249, 8.077500000000000568 ) ) ;
#4505 = DIRECTION ( 'NONE',  ( 0.03489949670255065861, 0.9993908270190939858, 0.000000000000000000 ) ) ;
#4506 = ORIENTED_EDGE ( 'NONE', *, *, #8623, .F. ) ;
#4507 = VERTEX_POINT ( 'NONE', #2572 ) ;
#4508 = CARTESIAN_POINT ( 'NONE',  ( -2.613310677415295213, -1.055846049930789787, 8.077500000000002345 ) ) ;
#4509 = CARTESIAN_POINT ( 'NONE',  ( 0.000000000000000000, 0.000000000000000000, 9.449999999999999289 ) ) ;
#4510 = VECTOR ( 'NONE', #7921, 1000.000000000000000 ) ;
#4511 = PLANE ( 'NONE',  #10642 ) ;
#4512 = ORIENTED_EDGE ( 'NONE', *, *, #5734, .T. ) ;
#4513 = CARTESIAN_POINT ( 'NONE',  ( 0.1966118550883700078, 2.811680521731789728, 9.631453640997325039 ) ) ;
#4514 = CARTESIAN_POINT ( 'NONE',  ( -2.427622409283285876, -1.762568988137944270, -9.750000000000001776 ) ) ;
#4515 = CARTESIAN_POINT ( 'NONE',  ( -2.992624163415381844, -0.2102394267077116186, 8.077500000000000568 ) ) ;
#4516 = CARTESIAN_POINT ( 'NONE',  ( -1.764863307568881545, 1.018944305707787379, -6.111458333333335879 ) ) ;
#4517 = ORIENTED_EDGE ( 'NONE', *, *, #1113, .F. ) ;
#4518 = ORIENTED_EDGE ( 'NONE', *, *, #481, .T. ) ;
#4519 = FACE_OUTER_BOUND ( 'NONE', #6799, .T. ) ;
#4520 = DIRECTION ( 'NONE',  ( -0.000000000000000000, -0.000000000000000000, -1.000000000000000000 ) ) ;
#4521 = ORIENTED_EDGE ( 'NONE', *, *, #4858, .T. ) ;
#4522 = CIRCLE ( 'NONE', #9160, 2.699999999999998401 ) ;
#4523 = ORIENTED_EDGE ( 'NONE', *, *, #8120, .F. ) ;
#4524 = PERSON_AND_ORGANIZATION ( #3273, #5164 ) ;
#4525 = CARTESIAN_POINT ( 'NONE',  ( 0.000000000000000000, 0.000000000000000000, -9.750000000000001776 ) ) ;
#4526 = ADVANCED_FACE ( 'NONE', ( #10084 ), #4511, .T. ) ;
#4527 = ORIENTED_EDGE ( 'NONE', *, *, #7012, .T. ) ;
#4528 = CARTESIAN_POINT ( 'NONE',  ( -1.258519852229763591, 2.656325643714902540, 9.510800894373550918 ) ) ;
#4529 = EDGE_LOOP ( 'NONE', ( #5947, #5725, #3677 ) ) ;
#4530 = VECTOR ( 'NONE', #239, 1000.000000000000000 ) ;
#4531 = DIRECTION ( 'NONE',  ( 0.9271838545667853149, -0.3746065934159173993, 0.000000000000000000 ) ) ;
#4532 = DIRECTION ( 'NONE',  ( 0.1045284632676521386, -0.9945218953682735119, 0.000000000000000000 ) ) ;
#4533 = CARTESIAN_POINT ( 'NONE',  ( 0.3145524316523911068, -2.983463887453905450, -9.750000000000001776 ) ) ;
#4534 = ORIENTED_EDGE ( 'NONE', *, *, #2228, .F. ) ;
#4535 = B_SPLINE_CURVE_WITH_KNOTS ( 'NONE', 3,
 ( #10767, #11461, #5383, #1901 ),
 .UNSPECIFIED., .F., .F.,
 ( 4, 4 ),
 ( 3.054997924345642342E-07, 0.0002759181450133579264 ),
 .UNSPECIFIED. ) ;
#4536 = DIRECTION ( 'NONE',  ( -1.000000000000000000, 0.000000000000000000, 0.000000000000000000 ) ) ;
#4537 = ORIENTED_EDGE ( 'NONE', *, *, #3991, .F. ) ;
#4538 = CARTESIAN_POINT ( 'NONE',  ( 2.610785772471321042, -1.350457623983495559, 9.510800894373549141 ) ) ;
#4539 = VECTOR ( 'NONE', #10305, 1000.000000000000114 ) ;
#4540 = CARTESIAN_POINT ( 'NONE',  ( 0.000000000000000000, 0.000000000000000000, -9.750000000000001776 ) ) ;
#4541 = EDGE_CURVE ( 'NONE', #6338, #3165, #2054, .T. ) ;
#4542 = CARTESIAN_POINT ( 'NONE',  ( -0.8922005383792538380, -1.545336663013172851, -8.320833333333338189 ) ) ;
#4543 = LINE ( 'NONE', #10004, #7350 ) ;
#4544 = CARTESIAN_POINT ( 'NONE',  ( 2.298758245762866359, -1.927617837523099897, 9.449999999999999289 ) ) ;
#4545 = AXIS2_PLACEMENT_3D ( 'NONE', #3657, #1967, #2906 ) ;
#4546 = AXIS2_PLACEMENT_3D ( 'NONE', #9783, #5884, #3372 ) ;
#4547 = ORIENTED_EDGE ( 'NONE', *, *, #8348, .T. ) ;
#4548 = CARTESIAN_POINT ( 'NONE',  ( -2.884052962002330300, -0.8259773074156354644, 9.449999999999999289 ) ) ;
#4549 = DIRECTION ( 'NONE',  ( -0.000000000000000000, -0.000000000000000000, -1.000000000000000000 ) ) ;
#4550 = CARTESIAN_POINT ( 'NONE',  ( 0.000000000000000000, 0.000000000000000000, 8.077500000000002345 ) ) ;
#4551 = ORIENTED_EDGE ( 'NONE', *, *, #7369, .T. ) ;
#4552 = CARTESIAN_POINT ( 'NONE',  ( 0.1037266918089348178, 2.998206259316789524, 9.449999999999999289 ) ) ;
#4553 = B_SPLINE_CURVE_WITH_KNOTS ( 'NONE', 3,
 ( #9269, #6677, #10202, #2229 ),
 .UNSPECIFIED., .F., .F.,
 ( 4, 4 ),
 ( 3.054997924345813336E-07, 0.0002759181450133581432 ),
 .UNSPECIFIED. ) ;
#4554 = CONICAL_SURFACE ( 'NONE', #7711, 1.475000000000007860, 0.7853981633974465026 ) ;
#4555 = VECTOR ( 'NONE', #7243, 1000.000000000000227 ) ;
#4556 = EDGE_CURVE ( 'NONE', #9570, #9036, #7486, .T. ) ;
#4557 = EDGE_CURVE ( 'NONE', #951, #1995, #2875, .T. ) ;
#4558 = DIRECTION ( 'NONE',  ( -0.3090169943749526693, -0.9510565162951518658, 0.000000000000000000 ) ) ;
#4559 = EDGE_CURVE ( 'NONE', #4888, #1288, #7368, .T. ) ;
#4560 = CARTESIAN_POINT ( 'NONE',  ( -2.000000000000004885, 0.5358983848622440593, -8.206260739116968850 ) ) ;
#4561 = EDGE_LOOP ( 'NONE', ( #7708, #4751, #7239 ) ) ;
#4562 = DIRECTION ( 'NONE',  ( -0.000000000000000000, 0.000000000000000000, 1.000000000000000000 ) ) ;
#4563 = CARTESIAN_POINT ( 'NONE',  ( 0.000000000000000000, 1.545336663013173073, -5.900000000000004796 ) ) ;
#4564 = EDGE_LOOP ( 'NONE', ( #6105, #6505, #4493, #7750, #704, #5113, #11272, #6943, #10923, #4527, #4364, #5153, #10984, #4461, #3298, #8795, #9556, #4704, #6887, #10169, #11481, #10922, #5047, #533, #6199, #3018, #6365, #8155, #9754, #5460, #4998, #5332, #6050, #4776, #8702, #7657, #7242, #3181, #8362, #653, #5500, #5423, #1885, #11133, #2992, #6474, #5443, #9140, #1938, #6454, #933, #10788, #960, #11550, #5675, #9985, #8410, #1821, #5696, #941, #1518, #4876, #6398, #6443, #7577, #1688, #4062, #4096, #10841, #6281, #2863, #4766, #10752, #4419, #4046, #9016, #2102, #2005, #6306, #10711, #1420, #9447, #8570, #3673, #2006, #6502, #7480, #10662, #3896, #8860, #5944, #1482, #9383, #6610, #7130, #624, #706, #9141, #11473, #5710, #3263, #2939, #10954, #3990, #2335, #351, #3661, #484, #1121, #1004, #4292, #456, #7316, #4814, #510, #9309, #2163, #11004, #10448, #8572, #6725, #315, #8642, #6527, #3803, #5039, #6205, #1472, #2599, #11016, #7492, #8866, #8673, #9103, #8462, #1030, #6433, #1813, #9565, #2810, #340, #5826, #8499, #3394, #3395, #6329, #8724, #11078, #3770, #6544, #1278, #11262, #8224, #4190, #5172, #8782, #4205, #359, #4291, #2763, #11310, #8768, #1941, #11254, #9482, #10302, #8235, #6091, #4339, #7667, #877, #6976, #4401, #9429, #7105, #1475, #9635, #4512, #11244, #1411, #526, #3322, #2254, #5666 ) ) ;
#4565 = CARTESIAN_POINT ( 'NONE',  ( 0.000000000000000000, 0.000000000000000000, 8.077500000000002345 ) ) ;
#4566 = AXIS2_PLACEMENT_3D ( 'NONE', #9231, #10806, #7323 ) ;
#4567 = CARTESIAN_POINT ( 'NONE',  ( 2.426479301982344072, -1.764142340360118411, -9.750000000000001776 ) ) ;
#4568 = CARTESIAN_POINT ( 'NONE',  ( -0.4350222081913857619, 2.845842119140481685, 9.571310031034848009 ) ) ;
#4569 = PLANE ( 'NONE',  #1394 ) ;
#4570 = ORIENTED_EDGE ( 'NONE', *, *, #4340, .T. ) ;
#4571 = ORIENTED_EDGE ( 'NONE', *, *, #3128, .T. ) ;
#4572 = EDGE_LOOP ( 'NONE', ( #5607, #2147, #1408, #6802 ) ) ;
#4573 = CARTESIAN_POINT ( 'NONE',  ( 2.680596881209470261, -0.8709787243654695255, 9.750000000000001776 ) ) ;
#4574 = EDGE_CURVE ( 'NONE', #3739, #1528, #3050, .T. ) ;
#4575 = EDGE_CURVE ( 'NONE', #11250, #6341, #10030, .T. ) ;
#4576 = CARTESIAN_POINT ( 'NONE',  ( 1.784401076758506788, -3.763923298982691022E-16, -6.775000000000005684 ) ) ;
#4577 = VECTOR ( 'NONE', #4989, 1000.000000000000000 ) ;
#4578 = VECTOR ( 'NONE', #6686, 1000.000000000000000 ) ;
#4579 = CARTESIAN_POINT ( 'NONE',  ( 1.554920832529851582, 2.422866668485571306, 9.571310031034848009 ) ) ;
#4580 = EDGE_LOOP ( 'NONE', ( #9663, #5530, #5459, #5511 ) ) ;
#4581 = CARTESIAN_POINT ( 'NONE',  ( 1.338300807568879813, -0.7726683315065872026, -8.845833333333336768 ) ) ;
#4582 = CARTESIAN_POINT ( 'NONE',  ( -1.338300807568880257, -0.7726683315065862034, -9.866666666666670693 ) ) ;
#4583 = ORIENTED_EDGE ( 'NONE', *, *, #2807, .F. ) ;
#4584 = ORIENTED_EDGE ( 'NONE', *, *, #3768, .F. ) ;
#4585 = DIRECTION ( 'NONE',  ( -0.6946583704590042485, -0.7193398003386444195, 0.000000000000000000 ) ) ;
#4586 = DIRECTION ( 'NONE',  ( 0.7660444431189845638, 0.6427876096865314803, 0.000000000000000000 ) ) ;
#4587 = VECTOR ( 'NONE', #5765, 1000.000000000000000 ) ;
#4588 = LINE ( 'NONE', #6339, #10555 ) ;
#4589 = CIRCLE ( 'NONE', #8303, 3.000000000000000444 ) ;
#4590 = B_SPLINE_CURVE_WITH_KNOTS ( 'NONE', 3,
 ( #9340, #1361, #585, #9506, #10276, #3342 ),
 .UNSPECIFIED., .F., .F.,
 ( 4, 2, 4 ),
 ( 0.000000000000000000, 0.0004007254134079098976, 0.0008014508268158197953 ),
 .UNSPECIFIED. ) ;
#4591 = ORIENTED_EDGE ( 'NONE', *, *, #9460, .F. ) ;
#4592 = VERTEX_POINT ( 'NONE', #4135 ) ;
#4593 = EDGE_CURVE ( 'NONE', #11033, #3639, #3414, .T. ) ;
#4594 = CYLINDRICAL_SURFACE ( 'NONE', #4404, 2.000000000000003553 ) ;
#4595 = VERTEX_POINT ( 'NONE', #336 ) ;
#4596 = DIRECTION ( 'NONE',  ( -0.000000000000000000, -0.000000000000000000, -1.000000000000000000 ) ) ;
#4597 = VECTOR ( 'NONE', #977, 1000.000000000000000 ) ;
#4598 = VECTOR ( 'NONE', #8919, 1000.000000000000000 ) ;
#4599 = CARTESIAN_POINT ( 'NONE',  ( 1.615961100536055906, -2.455322354695634424, 9.510800894373550918 ) ) ;
#4600 = CARTESIAN_POINT ( 'NONE',  ( 1.338300807568880924, 0.7726683315065854263, -7.329166666666671048 ) ) ;
#4601 = CARTESIAN_POINT ( 'NONE',  ( 1.146406084414269833, 2.574870223421984683, 8.077500000000002345 ) ) ;
#4602 = DIRECTION ( 'NONE',  ( -0.000000000000000000, -0.000000000000000000, 1.000000000000000000 ) ) ;
#4603 = ORIENTED_EDGE ( 'NONE', *, *, #7819, .T. ) ;
#4604 = EDGE_CURVE ( 'NONE', #10204, #5119, #3287, .T. ) ;
#4605 = ORIENTED_EDGE ( 'NONE', *, *, #5313, .T. ) ;
#4606 = DIRECTION ( 'NONE',  ( -0.8829475928589544109, -0.4694715627858390139, 0.000000000000000000 ) ) ;
#4607 = AXIS2_PLACEMENT_3D ( 'NONE', #2901, #7391, #2026 ) ;
#4608 = DIRECTION ( 'NONE',  ( -0.1045284632677095232, -0.9945218953682674057, 0.000000000000000000 ) ) ;
#4609 = PLANE ( 'NONE',  #388 ) ;
#4610 = CARTESIAN_POINT ( 'NONE',  ( 1.320803668626153948, 2.558034276087282954, 9.571310031034848009 ) ) ;
#4611 = VERTEX_POINT ( 'NONE', #4178 ) ;
#4612 = LINE ( 'NONE', #10820, #420 ) ;
#4613 = CARTESIAN_POINT ( 'NONE',  ( 2.094588142060978875, -1.885975634250022903, 9.631453640997325039 ) ) ;
#4614 = ADVANCED_FACE ( 'NONE', ( #3296 ), #662, .T. ) ;
#4615 = ORIENTED_EDGE ( 'NONE', *, *, #10023, .T. ) ;
#4616 = DIRECTION ( 'NONE',  ( -0.7193398003386557438, -0.6946583704589924801, 0.000000000000000000 ) ) ;
#4617 = LINE ( 'NONE', #1850, #5850 ) ;
#4618 = DIRECTION ( 'NONE',  ( -1.000000000000000000, 0.000000000000000000, 0.000000000000000000 ) ) ;
#4619 = VERTEX_POINT ( 'NONE', #7611 ) ;
#4620 = PLANE ( 'NONE',  #4018 ) ;
#4621 = DIRECTION ( 'NONE',  ( 0.7660444431189429304, -0.6427876096865811073, 0.000000000000000000 ) ) ;
#4622 = DIRECTION ( 'NONE',  ( 0.5000000000000440759, 0.8660254037844132835, 0.000000000000000000 ) ) ;
#4623 = CIRCLE ( 'NONE', #9700, 3.000000000000000000 ) ;
#4624 = LINE ( 'NONE', #5392, #8236 ) ;
#4625 = ORIENTED_EDGE ( 'NONE', *, *, #832, .T. ) ;
#4626 = CARTESIAN_POINT ( 'NONE',  ( 2.734823486451069208, 0.6818680780054610091, 9.750000000000001776 ) ) ;
#4627 = ORIENTED_EDGE ( 'NONE', *, *, #7268, .F. ) ;
#4628 = DIRECTION ( 'NONE',  ( -0.000000000000000000, -0.000000000000000000, -1.000000000000000000 ) ) ;
#4629 = DIRECTION ( 'NONE',  ( -0.1045284632676586750, -0.9945218953682727347, 0.000000000000000000 ) ) ;
#4630 = CARTESIAN_POINT ( 'NONE',  ( 2.934644818296861857, -0.6227839034877019619, -9.750000000000001776 ) ) ;
#4631 = EDGE_CURVE ( 'NONE', #6156, #6910, #7853, .T. ) ;
#4632 = CARTESIAN_POINT ( 'NONE',  ( -0.4775843509039575108, 2.900319177553646988, 9.510800894373550918 ) ) ;
#4633 = CARTESIAN_POINT ( 'NONE',  ( -1.823786171018141999, 2.227524565767273312, 9.571310031034848009 ) ) ;
#4634 = VERTEX_POINT ( 'NONE', #6078 ) ;
#4635 = ORIENTED_EDGE ( 'NONE', *, *, #11508, .T. ) ;
#4636 = AXIS2_PLACEMENT_3D ( 'NONE', #10502, #7881, #7079 ) ;
#4637 = ORIENTED_EDGE ( 'NONE', *, *, #970, .T. ) ;
#4638 = CARTESIAN_POINT ( 'NONE',  ( 0.000000000000000000, 0.000000000000000000, 8.077500000000000568 ) ) ;
#4639 = CARTESIAN_POINT ( 'NONE',  ( -1.338300807568880035, 0.7726683315065867586, -6.483333333333338722 ) ) ;
#4640 = CARTESIAN_POINT ( 'NONE',  ( -2.544659440449367871, 1.588933079815480820, -9.750000000000001776 ) ) ;
#4641 = CARTESIAN_POINT ( 'NONE',  ( 0.000000000000000000, 1.545336663013173073, -7.912500000000004974 ) ) ;
#4642 = ORIENTED_EDGE ( 'NONE', *, *, #6819, .T. ) ;
#4643 = DIRECTION ( 'NONE',  ( 0.4999999999999905076, -0.8660254037844441477, 0.000000000000000000 ) ) ;
#4644 = ORIENTED_EDGE ( 'NONE', *, *, #1755, .F. ) ;
#4645 = EDGE_CURVE ( 'NONE', #2710, #9462, #7103, .T. ) ;
#4646 = EDGE_CURVE ( 'NONE', #3639, #7517, #3486, .T. ) ;
#4647 = DIRECTION ( 'NONE',  ( 0.9510565162951548634, 0.3090169943749433989, 0.000000000000000000 ) ) ;
#4648 = VERTEX_POINT ( 'NONE', #9651 ) ;
#4649 = ORIENTED_EDGE ( 'NONE', *, *, #7134, .F. ) ;
#4650 = PERSON_AND_ORGANIZATION ( #3273, #5164 ) ;
#4651 = CARTESIAN_POINT ( 'NONE',  ( -0.9639996296761036421, 2.648567214897816768, 8.077500000000002345 ) ) ;
#4652 = VERTEX_POINT ( 'NONE', #11522 ) ;
#4653 = FACE_OUTER_BOUND ( 'NONE', #748, .T. ) ;
#4654 = CARTESIAN_POINT ( 'NONE',  ( 0.000000000000000000, 0.000000000000000000, 8.077500000000002345 ) ) ;
#4655 = DIRECTION ( 'NONE',  ( 0.000000000000000000, 0.000000000000000000, -1.000000000000000000 ) ) ;
#4656 = ORIENTED_EDGE ( 'NONE', *, *, #9441, .F. ) ;
#4657 = ORIENTED_EDGE ( 'NONE', *, *, #8105, .T. ) ;
#4658 = EDGE_CURVE ( 'NONE', #9024, #1932, #4020, .T. ) ;
#4659 = CARTESIAN_POINT ( 'NONE',  ( 2.819410289580898343, 1.025146632928847668, 8.077500000000000568 ) ) ;
#4660 = CARTESIAN_POINT ( 'NONE',  ( 1.656699982724421982, 2.280251903866794105, 8.077500000000002345 ) ) ;
#4661 = ORIENTED_EDGE ( 'NONE', *, *, #10037, .F. ) ;
#4662 = DIRECTION ( 'NONE',  ( 1.000000000000000000, -8.604228440844961611E-15, 0.000000000000000000 ) ) ;
#4663 = CARTESIAN_POINT ( 'NONE',  ( 2.680596881209470261, -0.8709787243654695255, 8.077500000000002345 ) ) ;
#4664 = PLANE ( 'NONE',  #7664 ) ;
#4665 = EDGE_CURVE ( 'NONE', #1064, #10367, #6014, .T. ) ;
#4666 = FACE_OUTER_BOUND ( 'NONE', #9795, .T. ) ;
#4667 = CARTESIAN_POINT ( 'NONE',  ( 0.9279757276600382188, -2.852868915473304678, 9.449999999999999289 ) ) ;
#4668 = ORIENTED_EDGE ( 'NONE', *, *, #7799, .T. ) ;
#4669 = DIRECTION ( 'NONE',  ( 0.000000000000000000, -0.000000000000000000, -1.000000000000000000 ) ) ;
#4670 = EDGE_CURVE ( 'NONE', #623, #8700, #9531, .T. ) ;
#4671 = CARTESIAN_POINT ( 'NONE',  ( 2.741031733634758272, -1.219321547093808134, 9.449999999999999289 ) ) ;
#4672 = DIRECTION ( 'NONE',  ( 0.9993908270190955401, -0.03489949670250613173, 0.000000000000000000 ) ) ;
#4673 = ORIENTED_EDGE ( 'NONE', *, *, #9198, .F. ) ;
#4674 = CARTESIAN_POINT ( 'NONE',  ( -0.5219021180700000873, -2.954254250932720094, 9.449999999999999289 ) ) ;
#4675 = EDGE_CURVE ( 'NONE', #2096, #725, #575, .T. ) ;
#4676 = EDGE_CURVE ( 'NONE', #220, #6623, #2791, .T. ) ;
#4677 = CARTESIAN_POINT ( 'NONE',  ( 2.157343812172584308, -2.084674477245946456, 9.449999999999999289 ) ) ;
#4678 = CARTESIAN_POINT ( 'NONE',  ( 1.847750578910113850, 2.363433476562719182, 8.077500000000000568 ) ) ;
#4679 = CARTESIAN_POINT ( 'NONE',  ( -1.811726676894046317, -2.159131775987212620, 8.077500000000002345 ) ) ;
#4680 = CARTESIAN_POINT ( 'NONE',  ( 0.000000000000000000, 0.000000000000000000, 8.077500000000002345 ) ) ;
#4681 = ORIENTED_EDGE ( 'NONE', *, *, #6297, .F. ) ;
#4682 = CARTESIAN_POINT ( 'NONE',  ( -2.970939380026133225, -0.4165563589839169079, 9.449999999999999289 ) ) ;
#4683 = CARTESIAN_POINT ( 'NONE',  ( -1.122918141402800885, 2.781915679474933789, 9.449999999999999289 ) ) ;
#4684 = CARTESIAN_POINT ( 'NONE',  ( -0.1056702774065514383, -2.998138387812146810, 9.449999999999999289 ) ) ;
#4685 = CARTESIAN_POINT ( 'NONE',  ( 0.000000000000000000, 1.545336663013173073, -9.400000000000005684 ) ) ;
#4686 = FACE_OUTER_BOUND ( 'NONE', #7922, .T. ) ;
#4687 = CARTESIAN_POINT ( 'NONE',  ( 2.221044840433183509, 1.735270409657345247, 9.631453640997325039 ) ) ;
#4688 = ORIENTED_EDGE ( 'NONE', *, *, #6202, .F. ) ;
#4689 = ORIENTED_EDGE ( 'NONE', *, *, #7874, .T. ) ;
#4690 = EDGE_LOOP ( 'NONE', ( #6017, #3393, #7914, #5290 ) ) ;
#4691 = DIRECTION ( 'NONE',  ( -0.000000000000000000, 0.000000000000000000, 1.000000000000000000 ) ) ;
#4692 = CARTESIAN_POINT ( 'NONE',  ( 0.000000000000000000, 2.037888611415574314, -9.684375000000006395 ) ) ;
#4693 = EDGE_CURVE ( 'NONE', #3457, #725, #4617, .T. ) ;
#4694 = VECTOR ( 'NONE', #7345, 1000.000000000000114 ) ;
#4695 = AXIS2_PLACEMENT_3D ( 'NONE', #7851, #8016, #1848 ) ;
#4696 = DIRECTION ( 'NONE',  ( 0.8090169943749417891, -0.5877852522924807976, 0.000000000000000000 ) ) ;
#4697 = CARTESIAN_POINT ( 'NONE',  ( 1.338300807568879813, -0.7726683315065872026, -8.145833333333337478 ) ) ;
#4698 = CARTESIAN_POINT ( 'NONE',  ( -0.8922005383792531719, 1.545336663013173073, -7.941666666666671759 ) ) ;
#4699 = ORIENTED_EDGE ( 'NONE', *, *, #3579, .T. ) ;
#4700 = DIRECTION ( 'NONE',  ( 0.000000000000000000, 0.000000000000000000, -1.000000000000000000 ) ) ;
#4701 = ORIENTED_EDGE ( 'NONE', *, *, #186, .F. ) ;
#4702 = LINE ( 'NONE', #222, #10852 ) ;
#4703 = CARTESIAN_POINT ( 'NONE',  ( 0.000000000000000000, 0.000000000000000000, 8.077500000000002345 ) ) ;
#4704 = ORIENTED_EDGE ( 'NONE', *, *, #683, .T. ) ;
#4705 = ORIENTED_EDGE ( 'NONE', *, *, #2525, .T. ) ;
#4706 = ORIENTED_EDGE ( 'NONE', *, *, #796, .F. ) ;
#4707 = VECTOR ( 'NONE', #8519, 1000.000000000000000 ) ;
#4708 = DIRECTION ( 'NONE',  ( 0.8660254037844390407, -0.4999999999999994449, 0.000000000000000000 ) ) ;
#4709 = EDGE_CURVE ( 'NONE', #586, #5594, #2850, .T. ) ;
#4710 = ORIENTED_EDGE ( 'NONE', *, *, #6839, .T. ) ;
#4711 = EDGE_CURVE ( 'NONE', #4412, #5833, #3583, .T. ) ;
#4712 = FACE_OUTER_BOUND ( 'NONE', #7869, .T. ) ;
#4713 = DIRECTION ( 'NONE',  ( 1.000000000000000000, 0.000000000000000000, -0.000000000000000000 ) ) ;
#4714 = CARTESIAN_POINT ( 'NONE',  ( 0.000000000000000000, 0.000000000000000000, 8.077500000000000568 ) ) ;
#4715 = EDGE_CURVE ( 'NONE', #8721, #8928, #398, .T. ) ;
#4716 = CARTESIAN_POINT ( 'NONE',  ( -2.427622409283248572, 1.762568988137995118, 9.449999999999999289 ) ) ;
#4717 = AXIS2_PLACEMENT_3D ( 'NONE', #1416, #703, #11088 ) ;
#4718 = ORIENTED_EDGE ( 'NONE', *, *, #3822, .F. ) ;
#4719 = CARTESIAN_POINT ( 'NONE',  ( 2.008615413315397280, 2.230793415506886479, 8.077500000000002345 ) ) ;
#4720 = DIRECTION ( 'NONE',  ( -0.000000000000000000, -0.000000000000000000, -1.000000000000000000 ) ) ;
#4721 = EDGE_LOOP ( 'NONE', ( #946, #1463, #2985, #6146 ) ) ;
#4722 = DIRECTION ( 'NONE',  ( -0.000000000000000000, -0.000000000000000000, 1.000000000000000000 ) ) ;
#4723 = VECTOR ( 'NONE', #9073, 1000.000000000000000 ) ;
#4724 = DIRECTION ( 'NONE',  ( 0.7660444431189760151, -0.6427876096865416944, 0.000000000000000000 ) ) ;
#4725 = VECTOR ( 'NONE', #5255, 1000.000000000000000 ) ;
#4726 = EDGE_CURVE ( 'NONE', #1111, #1929, #1505, .T. ) ;
#4727 = DIRECTION ( 'NONE',  ( 0.9702957262759960289, -0.2419218955996697840, 0.000000000000000000 ) ) ;
#4728 = EDGE_CURVE ( 'NONE', #4634, #3169, #8691, .T. ) ;
#4729 = CARTESIAN_POINT ( 'NONE',  ( 0.3145524316524106467, 2.983463887453902785, 9.449999999999999289 ) ) ;
#4730 = CARTESIAN_POINT ( 'NONE',  ( 1.318390983378205039, 2.627124541939507285, 9.510800894373550918 ) ) ;
#4731 = ORIENTED_EDGE ( 'NONE', *, *, #9181, .T. ) ;
#4732 = DIRECTION ( 'NONE',  ( -0.000000000000000000, 0.000000000000000000, 1.000000000000000000 ) ) ;
#4733 = CARTESIAN_POINT ( 'NONE',  ( 0.000000000000000000, 0.000000000000000000, 9.449999999999999289 ) ) ;
#4734 = CIRCLE ( 'NONE', #583, 3.000000000000000000 ) ;
#4735 = DIRECTION ( 'NONE',  ( 0.5000000000000002220, -0.8660254037844385966, 0.000000000000000000 ) ) ;
#4736 = EDGE_CURVE ( 'NONE', #9416, #4835, #1338, .T. ) ;
#4737 = AXIS2_PLACEMENT_3D ( 'NONE', #6470, #8067, #4713 ) ;
#4738 = CARTESIAN_POINT ( 'NONE',  ( 1.122918141402837300, 2.781915679474918246, -9.750000000000001776 ) ) ;
#4739 = CARTESIAN_POINT ( 'NONE',  ( -1.720143758677603607, -2.308498892825418647, 9.571310031034848009 ) ) ;
#4740 = CARTESIAN_POINT ( 'NONE',  ( 2.727066569081143754, -0.9225885412759569082, 9.571310031034848009 ) ) ;
#4741 = VERTEX_POINT ( 'NONE', #2586 ) ;
#4742 = LINE ( 'NONE', #2162, #5184 ) ;
#4743 = DIRECTION ( 'NONE',  ( -1.000000000000000000, 0.000000000000000000, 0.000000000000000000 ) ) ;
#4744 = CARTESIAN_POINT ( 'NONE',  ( 1.275817005791879843, -0.9202792800134553808, -9.656843193937925562 ) ) ;
#4745 = VECTOR ( 'NONE', #11393, 1000.000000000000000 ) ;
#4746 = DIRECTION ( 'NONE',  ( -0.4694715627858815354, 0.8829475928589318734, 0.000000000000000000 ) ) ;
#4747 = ADVANCED_FACE ( 'NONE', ( #7086 ), #3697, .F. ) ;
#4748 = ORIENTED_EDGE ( 'NONE', *, *, #3822, .T. ) ;
#4749 = AXIS2_PLACEMENT_3D ( 'NONE', #7355, #4562, #6434 ) ;
#4750 = AXIS2_PLACEMENT_3D ( 'NONE', #7054, #1724, #8019 ) ;
#4751 = ORIENTED_EDGE ( 'NONE', *, *, #9254, .T. ) ;
#4752 = ORIENTED_EDGE ( 'NONE', *, *, #4944, .T. ) ;
#4753 = LINE ( 'NONE', #8286, #8832 ) ;
#4754 = CARTESIAN_POINT ( 'NONE',  ( 1.338300807568879813, -0.7726683315065872026, -7.533333333333337656 ) ) ;
#4755 = CARTESIAN_POINT ( 'NONE',  ( -2.972615042991526568, 0.4177737993909445557, 9.750000000000001776 ) ) ;
#4756 = CIRCLE ( 'NONE', #11232, 3.000000000000000000 ) ;
#4757 = CARTESIAN_POINT ( 'NONE',  ( -1.764863307568881767, -1.018944305707786713, -5.294791666666668561 ) ) ;
#4758 = B_SPLINE_CURVE_WITH_KNOTS ( 'NONE', 3,
 ( #7102, #2733, #1034, #7852 ),
 .UNSPECIFIED., .F., .F.,
 ( 4, 4 ),
 ( 3.054997924346312557E-07, 0.0002759181450133577638 ),
 .UNSPECIFIED. ) ;
#4759 = EDGE_LOOP ( 'NONE', ( #8323, #10443, #4156 ) ) ;
#4760 = ORIENTED_EDGE ( 'NONE', *, *, #911, .F. ) ;
#4761 = FACE_OUTER_BOUND ( 'NONE', #8800, .T. ) ;
#4762 = ADVANCED_FACE ( 'NONE', ( #1243 ), #5546, .T. ) ;
#4763 = CARTESIAN_POINT ( 'NONE',  ( 1.941949504148905215, -2.206529008930006697, 9.510800894373550918 ) ) ;
#4764 = ORIENTED_EDGE ( 'NONE', *, *, #537, .T. ) ;
#4765 = VERTEX_POINT ( 'NONE', #6524 ) ;
#4766 = ORIENTED_EDGE ( 'NONE', *, *, #1789, .T. ) ;
#4767 = VECTOR ( 'NONE', #8973, 1000.000000000000227 ) ;
#4768 = CARTESIAN_POINT ( 'NONE',  ( 1.764863307568882433, 1.018944305707785603, -7.001041666666672825 ) ) ;
#4769 = CIRCLE ( 'NONE', #1943, 1.475000000000006972 ) ;
#4770 = CARTESIAN_POINT ( 'NONE',  ( -0.8419752161881550734, -0.6685859206620269335, 9.666536875587615540 ) ) ;
#4771 = DIRECTION ( 'NONE',  ( 0.000000000000000000, 0.000000000000000000, -1.000000000000000000 ) ) ;
#4772 = ORIENTED_EDGE ( 'NONE', *, *, #9522, .F. ) ;
#4773 = LINE ( 'NONE', #303, #1748 ) ;
#4774 = AXIS2_PLACEMENT_3D ( 'NONE', #7507, #6756, #6660 ) ;
#4775 = AXIS2_PLACEMENT_3D ( 'NONE', #525, #9331, #9450 ) ;
#4776 = ORIENTED_EDGE ( 'NONE', *, *, #3550, .T. ) ;
#4777 = LINE ( 'NONE', #5779, #1811 ) ;
#4778 = ORIENTED_EDGE ( 'NONE', *, *, #6346, .T. ) ;
#4779 = VECTOR ( 'NONE', #6267, 999.9999999999998863 ) ;
#4780 = EDGE_CURVE ( 'NONE', #2347, #3879, #10411, .T. ) ;
#4781 = EDGE_CURVE ( 'NONE', #4234, #9133, #959, .T. ) ;
#4782 = PLANE ( 'NONE',  #4035 ) ;
#4783 = EDGE_CURVE ( 'NONE', #3721, #759, #5088, .T. ) ;
#4784 = CARTESIAN_POINT ( 'NONE',  ( 0.000000000000000000, 0.000000000000000000, 9.449999999999999289 ) ) ;
#4785 = VECTOR ( 'NONE', #2498, 999.9999999999998863 ) ;
#4786 = VECTOR ( 'NONE', #9291, 1000.000000000000000 ) ;
#4787 = CARTESIAN_POINT ( 'NONE',  ( -2.613310677415294769, -1.055846049930790009, 9.631453640997325039 ) ) ;
#4788 = CARTESIAN_POINT ( 'NONE',  ( 2.602571373999928994, -1.230724961934964501, 9.571310031034848009 ) ) ;
#4789 = CARTESIAN_POINT ( 'NONE',  ( 0.5212620717708661422, -2.956224110890479650, 9.750000000000001776 ) ) ;
#4790 = ORIENTED_EDGE ( 'NONE', *, *, #10742, .F. ) ;
#4791 = CARTESIAN_POINT ( 'NONE',  ( 0.9519401355519984120, 2.716960004677827278, 9.571310031034848009 ) ) ;
#4792 = AXIS2_PLACEMENT_3D ( 'NONE', #1390, #7690, #4985 ) ;
#4793 = EDGE_LOOP ( 'NONE', ( #11497, #651, #2244, #6659 ) ) ;
#4794 = VECTOR ( 'NONE', #3345, 1000.000000000000114 ) ;
#4795 = DIRECTION ( 'NONE',  ( 0.6156614753256470784, -0.7880107536067306739, 0.000000000000000000 ) ) ;
#4796 = EDGE_CURVE ( 'NONE', #1847, #5276, #10164, .T. ) ;
#4797 = EDGE_CURVE ( 'NONE', #5551, #9192, #7861, .T. ) ;
#4798 = CARTESIAN_POINT ( 'NONE',  ( 2.000000000000004441, 4.183359790313660798E-15, -7.037500000000005862 ) ) ;
#4799 = EDGE_CURVE ( 'NONE', #6965, #801, #7008, .T. ) ;
#4800 = CARTESIAN_POINT ( 'NONE',  ( 2.544659440449379417, -1.588933079815463278, -9.750000000000001776 ) ) ;
#4801 = DIRECTION ( 'NONE',  ( -0.000000000000000000, -0.000000000000000000, 1.000000000000000000 ) ) ;
#4802 = CARTESIAN_POINT ( 'NONE',  ( 2.545695057115687554, -1.590726820498673755, 8.077500000000002345 ) ) ;
#4803 = DIRECTION ( 'NONE',  ( -1.000000000000000000, 0.000000000000000000, 0.000000000000000000 ) ) ;
#4804 = ORIENTED_EDGE ( 'NONE', *, *, #11435, .T. ) ;
#4805 = CARTESIAN_POINT ( 'NONE',  ( 0.9639996296761388361, 2.648567214897803002, 9.750000000000001776 ) ) ;
#4806 = PLANE ( 'NONE',  #3580 ) ;
#4807 = EDGE_LOOP ( 'NONE', ( #3096, #8837, #4688, #4681 ) ) ;
#4808 = DIRECTION ( 'NONE',  ( 0.000000000000000000, -0.000000000000000000, 1.000000000000000000 ) ) ;
#4809 = CARTESIAN_POINT ( 'NONE',  ( 1.338300807568880924, 0.7726683315065854263, -9.516666666666671048 ) ) ;
#4810 = EDGE_CURVE ( 'NONE', #975, #7540, #6938, .T. ) ;
#4811 = FACE_OUTER_BOUND ( 'NONE', #146, .T. ) ;
#4812 = ORIENTED_EDGE ( 'NONE', *, *, #1409, .F. ) ;
#4813 = ORIENTED_EDGE ( 'NONE', *, *, #8533, .T. ) ;
#4814 = ORIENTED_EDGE ( 'NONE', *, *, #7169, .T. ) ;
#4815 = CARTESIAN_POINT ( 'NONE',  ( 1.139146806456267536, -2.643937639588760824, 9.571310031034848009 ) ) ;
#4816 = CARTESIAN_POINT ( 'NONE',  ( 1.176575538379253549, -2.037888611415574758, -9.276041666666673180 ) ) ;
#4817 = EDGE_CURVE ( 'NONE', #2096, #9863, #1, .T. ) ;
#4818 = DIRECTION ( 'NONE',  ( 0.000000000000000000, 0.000000000000000000, -1.000000000000000000 ) ) ;
#4819 = ORIENTED_EDGE ( 'NONE', *, *, #7481, .F. ) ;
#4820 = VERTEX_POINT ( 'NONE', #10218 ) ;
#4821 = VECTOR ( 'NONE', #8569, 1000.000000000000000 ) ;
#4822 = DIRECTION ( 'NONE',  ( 0.000000000000000000, 0.000000000000000000, -1.000000000000000000 ) ) ;
#4823 = LINE ( 'NONE', #6515, #502 ) ;
#4824 = ORIENTED_EDGE ( 'NONE', *, *, #1401, .T. ) ;
#4825 = EDGE_LOOP ( 'NONE', ( #8900, #6904, #6188, #6396 ) ) ;
#4826 = CARTESIAN_POINT ( 'NONE',  ( -2.545695057115675564, 1.590726820498691296, 8.077500000000002345 ) ) ;
#4827 = FACE_OUTER_BOUND ( 'NONE', #709, .T. ) ;
#4828 = EDGE_LOOP ( 'NONE', ( #8833, #5371, #6104, #4706 ) ) ;
#4829 = DIRECTION ( 'NONE',  ( -0.000000000000000000, -0.000000000000000000, -1.000000000000000000 ) ) ;
#4830 = EDGE_CURVE ( 'NONE', #3233, #6213, #800, .T. ) ;
#4831 = CARTESIAN_POINT ( 'NONE',  ( -2.000000000000003553, -1.103942166888327067E-15, -8.875000000000003553 ) ) ;
#4832 = DIRECTION ( 'NONE',  ( 0.000000000000000000, 0.000000000000000000, -1.000000000000000000 ) ) ;
#4833 = DIRECTION ( 'NONE',  ( -0.9396926207859119806, -0.3420201433256586099, 0.000000000000000000 ) ) ;
#4834 = ORIENTED_EDGE ( 'NONE', *, *, #136, .T. ) ;
#4835 = VERTEX_POINT ( 'NONE', #9282 ) ;
#4836 = EDGE_LOOP ( 'NONE', ( #4281, #987, #6045 ) ) ;
#4837 = CARTESIAN_POINT ( 'NONE',  ( -0.9639996296761568217, -2.648567214897797673, 9.631453640997325039 ) ) ;
#4838 = CARTESIAN_POINT ( 'NONE',  ( 1.146406084414269611, 2.574870223421984239, 9.631453640997325039 ) ) ;
#4839 = CARTESIAN_POINT ( 'NONE',  ( 2.929705414296040811, -0.2382526586594120865, 9.510800894373550918 ) ) ;
#4840 = CARTESIAN_POINT ( 'NONE',  ( -1.475000000000007860, 2.127823813518536215E-16, -9.750000000000001776 ) ) ;
#4841 = CARTESIAN_POINT ( 'NONE',  ( 0.8922005383792542821, 1.545336663013172851, -7.970833333333336768 ) ) ;
#4842 = CARTESIAN_POINT ( 'NONE',  ( 0.000000000000000000, 0.000000000000000000, 8.077500000000000568 ) ) ;
#4843 = CARTESIAN_POINT ( 'NONE',  ( 1.323227363945471025, 2.488628723042703772, 9.750000000000001776 ) ) ;
#4844 = EDGE_LOOP ( 'NONE', ( #8861, #10430, #2255, #1008 ) ) ;
#4845 = CARTESIAN_POINT ( 'NONE',  ( 1.493602012769862819, -2.390262873680853772, 9.750000000000001776 ) ) ;
#4846 = LINE ( 'NONE', #11044, #7226 ) ;
#4847 = CARTESIAN_POINT ( 'NONE',  ( 2.970668720312943822, -0.4184822029122087228, 8.077500000000000568 ) ) ;
#4848 = DIRECTION ( 'NONE',  ( 1.000000000000000000, 0.000000000000000000, 0.000000000000000000 ) ) ;
#4849 = CARTESIAN_POINT ( 'NONE',  ( -6.466857128753951852E-16, 1.154700538379251462, 8.250000000000001776 ) ) ;
#4850 = DIRECTION ( 'NONE',  ( -0.000000000000000000, -0.000000000000000000, 1.000000000000000000 ) ) ;
#4851 = B_SPLINE_CURVE_WITH_KNOTS ( 'NONE', 3,
 ( #3167, #3060, #6797, #7546 ),
 .UNSPECIFIED., .F., .F.,
 ( 4, 4 ),
 ( 3.054997924346082269E-07, 0.0002759181450133579806 ),
 .UNSPECIFIED. ) ;
#4852 = ADVANCED_FACE ( 'NONE', ( #1295 ), #6089, .T. ) ;
#4853 = EDGE_CURVE ( 'NONE', #6195, #8148, #4522, .T. ) ;
#4854 = CARTESIAN_POINT ( 'NONE',  ( 2.094588142060991753, 1.885975634250008692, 8.077500000000002345 ) ) ;
#4855 = CARTESIAN_POINT ( 'NONE',  ( 0.000000000000000000, 0.000000000000000000, 8.077500000000000568 ) ) ;
#4856 = CARTESIAN_POINT ( 'NONE',  ( 0.000000000000000000, 0.000000000000000000, -9.750000000000001776 ) ) ;
#4857 = ORIENTED_EDGE ( 'NONE', *, *, #561, .F. ) ;
#4858 = EDGE_CURVE ( 'NONE', #10384, #8293, #4624, .T. ) ;
#4859 = ORIENTED_EDGE ( 'NONE', *, *, #7892, .F. ) ;
#4860 = LINE ( 'NONE', #2046, #11222 ) ;
#4861 = AXIS2_PLACEMENT_3D ( 'NONE', #3028, #7515, #5570 ) ;
#4862 = FACE_OUTER_BOUND ( 'NONE', #3744, .T. ) ;
#4863 = ORIENTED_EDGE ( 'NONE', *, *, #2338, .T. ) ;
#4864 = ORIENTED_EDGE ( 'NONE', *, *, #11477, .T. ) ;
#4865 = CARTESIAN_POINT ( 'NONE',  ( 0.9261261411943664257, -2.853469882545885739, 9.449999999999999289 ) ) ;
#4866 = EDGE_CURVE ( 'NONE', #10231, #7322, #3210, .T. ) ;
#4867 = CARTESIAN_POINT ( 'NONE',  ( 2.934240477815725168, 0.6246861758897412908, 9.449999999999999289 ) ) ;
#4868 = LINE ( 'NONE', #11180, #8052 ) ;
#4869 = ORIENTED_EDGE ( 'NONE', *, *, #10010, .F. ) ;
#4870 = DIRECTION ( 'NONE',  ( 0.000000000000000000, 0.000000000000000000, -1.000000000000000000 ) ) ;
#4871 = LINE ( 'NONE', #10150, #9680 ) ;
#4872 = PLANE ( 'NONE',  #6594 ) ;
#4873 = CARTESIAN_POINT ( 'NONE',  ( -2.741031733634748502, 1.219321547093827895, 9.449999999999999289 ) ) ;
#4874 = B_SPLINE_CURVE_WITH_KNOTS ( 'NONE', 3,
 ( #8468, #9504, #530, #4110 ),
 .UNSPECIFIED., .F., .F.,
 ( 4, 4 ),
 ( 3.054997924344992773E-07, 0.0002759181450133580890 ),
 .UNSPECIFIED. ) ;
#4875 = ORIENTED_EDGE ( 'NONE', *, *, #9254, .F. ) ;
#4876 = ORIENTED_EDGE ( 'NONE', *, *, #7481, .T. ) ;
#4877 = CIRCLE ( 'NONE', #3358, 3.000000000000000000 ) ;
#4878 = CARTESIAN_POINT ( 'NONE',  ( -1.176575538379254215, 2.037888611415574314, -6.126041666666672825 ) ) ;
#4879 = PLANE ( 'NONE',  #8817 ) ;
#4880 = DIRECTION ( 'NONE',  ( 0.000000000000000000, -0.000000000000000000, -1.000000000000000000 ) ) ;
#4881 = ORIENTED_EDGE ( 'NONE', *, *, #2936, .T. ) ;
#4882 = PLANE ( 'NONE',  #10136 ) ;
#4883 = LINE ( 'NONE', #6898, #2079 ) ;
#4884 = LINE ( 'NONE', #5004, #6224 ) ;
#4885 = CARTESIAN_POINT ( 'NONE',  ( -1.892491597964134370E-16, -1.545336663013173073, -6.862500000000004263 ) ) ;
#4886 = CARTESIAN_POINT ( 'NONE',  ( 2.008114336621342311, 2.228783706656126906, -9.750000000000001776 ) ) ;
#4887 = VERTEX_POINT ( 'NONE', #1983 ) ;
#4888 = VERTEX_POINT ( 'NONE', #11471 ) ;
#4889 = VECTOR ( 'NONE', #6035, 1000.000000000000000 ) ;
#4890 = ORIENTED_EDGE ( 'NONE', *, *, #1050, .T. ) ;
#4891 = CARTESIAN_POINT ( 'NONE',  ( -0.3474992970474097831, 2.000000000000072387, -6.844944978889362375 ) ) ;
#4892 = EDGE_CURVE ( 'NONE', #6316, #1344, #1641, .T. ) ;
#4893 = DIRECTION ( 'NONE',  ( 0.7660444431189739056, -0.6427876096865442479, 0.000000000000000000 ) ) ;
#4894 = PLANE ( 'NONE',  #641 ) ;
#4895 = CARTESIAN_POINT ( 'NONE',  ( 1.338300807568879813, -0.7726683315065872026, -7.445833333333337301 ) ) ;
#4896 = AXIS2_PLACEMENT_3D ( 'NONE', #10267, #6687, #1292 ) ;
#4897 = LINE ( 'NONE', #5020, #5703 ) ;
#4898 = ORIENTED_EDGE ( 'NONE', *, *, #7337, .T. ) ;
#4899 = ORIENTED_EDGE ( 'NONE', *, *, #11379, .T. ) ;
#4900 = B_SPLINE_CURVE_WITH_KNOTS ( 'NONE', 3,
 ( #5049, #744, #5979, #8558 ),
 .UNSPECIFIED., .F., .F.,
 ( 4, 4 ),
 ( 3.021976174301153145E-07, 0.0002759148428383534054 ),
 .UNSPECIFIED. ) ;
#4901 = FACE_OUTER_BOUND ( 'NONE', #4398, .T. ) ;
#4902 = ORIENTED_EDGE ( 'NONE', *, *, #7956, .F. ) ;
#4903 = LINE ( 'NONE', #1263, #449 ) ;
#4904 = LINE ( 'NONE', #10292, #8605 ) ;
#4905 = CARTESIAN_POINT ( 'NONE',  ( 0.000000000000000000, 0.000000000000000000, 8.077500000000000568 ) ) ;
#4906 = ADVANCED_FACE ( 'NONE', ( #2612 ), #4443, .F. ) ;
#4907 = AXIS2_PLACEMENT_3D ( 'NONE', #7773, #698, #7021 ) ;
#4908 = B_SPLINE_CURVE_WITH_KNOTS ( 'NONE', 3,
 ( #148, #3799, #3733, #10844 ),
 .UNSPECIFIED., .F., .F.,
 ( 4, 4 ),
 ( 3.021976174287574677E-07, 0.0002759148428383536764 ),
 .UNSPECIFIED. ) ;
#4909 = CARTESIAN_POINT ( 'NONE',  ( 2.000000000000004441, 4.183359790313660798E-15, -7.037500000000005862 ) ) ;
#4910 = LINE ( 'NONE', #11442, #11356 ) ;
#4911 = EDGE_LOOP ( 'NONE', ( #8457, #9433, #11185, #4946 ) ) ;
#4912 = VECTOR ( 'NONE', #1526, 1000.000000000000000 ) ;
#4913 = LINE ( 'NONE', #2977, #3406 ) ;
#4914 = DIRECTION ( 'NONE',  ( 0.1045284632676490855, -0.9945218953682738450, 0.000000000000000000 ) ) ;
#4915 = CARTESIAN_POINT ( 'NONE',  ( 0.000000000000000000, 0.000000000000000000, 8.077500000000000568 ) ) ;
#4916 = CARTESIAN_POINT ( 'NONE',  ( -2.773325160048102145, -0.9739639113221728595, 9.510800894373550918 ) ) ;
#4917 = EDGE_LOOP ( 'NONE', ( #11090, #7372, #2552, #1127 ) ) ;
#4918 = ORIENTED_EDGE ( 'NONE', *, *, #7301, .F. ) ;
#4919 = EDGE_CURVE ( 'NONE', #7849, #3510, #3958, .T. ) ;
#4920 = ADVANCED_FACE ( 'NONE', ( #5749 ), #7353, .F. ) ;
#4921 = VECTOR ( 'NONE', #8471, 1000.000000000000000 ) ;
#4922 = LINE ( 'NONE', #11063, #3433 ) ;
#4923 = CARTESIAN_POINT ( 'NONE',  ( -1.176575538379255104, -2.037888611415573870, -8.692708333333339255 ) ) ;
#4924 = EDGE_CURVE ( 'NONE', #6688, #3894, #3850, .T. ) ;
#4925 = LINE ( 'NONE', #4038, #2138 ) ;
#4926 = CARTESIAN_POINT ( 'NONE',  ( 0.000000000000000000, 1.545336663013173073, -7.212500000000003908 ) ) ;
#4927 = ORIENTED_EDGE ( 'NONE', *, *, #9390, .F. ) ;
#4928 = FACE_OUTER_BOUND ( 'NONE', #3982, .T. ) ;
#4929 = CARTESIAN_POINT ( 'NONE',  ( -1.500842031447392477, -2.597589882302605346, 8.077500000000000568 ) ) ;
#4930 = CARTESIAN_POINT ( 'NONE',  ( -2.992624163415377403, 0.2102394267077716261, 8.077500000000000568 ) ) ;
#4931 = CIRCLE ( 'NONE', #3594, 2.999999999999999556 ) ;
#4932 = CIRCLE ( 'NONE', #2118, 3.000000000000000000 ) ;
#4933 = CARTESIAN_POINT ( 'NONE',  ( 0.000000000000000000, 0.000000000000000000, 8.077500000000002345 ) ) ;
#4934 = FACE_OUTER_BOUND ( 'NONE', #3910, .T. ) ;
#4935 = DIRECTION ( 'NONE',  ( -0.5877852522924782441, -0.8090169943749436765, 0.000000000000000000 ) ) ;
#4936 = FACE_OUTER_BOUND ( 'NONE', #10981, .T. ) ;
#4937 = B_SPLINE_CURVE_WITH_KNOTS ( 'NONE', 3,
 ( #4552, #8086, #193, #1037 ),
 .UNSPECIFIED., .F., .F.,
 ( 4, 4 ),
 ( 3.021976174287011930E-07, 0.0002759148428383534596 ),
 .UNSPECIFIED. ) ;
#4938 = ADVANCED_FACE ( 'NONE', ( #10191 ), #10274, .T. ) ;
#4939 = ORIENTED_EDGE ( 'NONE', *, *, #1451, .F. ) ;
#4940 = EDGE_CURVE ( 'NONE', #3069, #8359, #5028, .T. ) ;
#4941 = ORIENTED_EDGE ( 'NONE', *, *, #2984, .F. ) ;
#4942 = CARTESIAN_POINT ( 'NONE',  ( 1.176575538379253549, -2.037888611415574758, -6.476041666666673358 ) ) ;
#4943 = CARTESIAN_POINT ( 'NONE',  ( 0.1966118550883507454, -2.811680521731791060, 9.750000000000001776 ) ) ;
#4944 = EDGE_CURVE ( 'NONE', #6389, #7246, #11000, .T. ) ;
#4945 = CIRCLE ( 'NONE', #1193, 3.000000000000000000 ) ;
#4946 = ORIENTED_EDGE ( 'NONE', *, *, #4159, .F. ) ;
#4947 = CARTESIAN_POINT ( 'NONE',  ( -1.365213383122405144, -0.7240565037316943897, -6.370336663012976963 ) ) ;
#4948 = DIRECTION ( 'NONE',  ( -1.000000000000000000, 0.000000000000000000, 0.000000000000000000 ) ) ;
#4949 = CARTESIAN_POINT ( 'NONE',  ( -2.159334809438606673, -2.085245386525000022, 8.077500000000002345 ) ) ;
#4950 = ORIENTED_EDGE ( 'NONE', *, *, #7382, .T. ) ;
#4951 = CARTESIAN_POINT ( 'NONE',  ( 2.008114336621327656, -2.228783706656140229, -9.750000000000001776 ) ) ;
#4952 = PLANE ( 'NONE',  #6307 ) ;
#4953 = CARTESIAN_POINT ( 'NONE',  ( 0.000000000000000000, 0.000000000000000000, 9.449999999999999289 ) ) ;
#4954 = ORIENTED_EDGE ( 'NONE', *, *, #4258, .T. ) ;
#4955 = AXIS2_PLACEMENT_3D ( 'NONE', #610, #1382, #9424 ) ;
#4956 = EDGE_LOOP ( 'NONE', ( #9620, #7797, #6109 ) ) ;
#4957 = LINE ( 'NONE', #423, #8484 ) ;
#4958 = CARTESIAN_POINT ( 'NONE',  ( -2.819410289580885465, 1.025146632928884749, 9.449999999999999289 ) ) ;
#4959 = CARTESIAN_POINT ( 'NONE',  ( 1.314239397301693257, -2.696808262850749927, -9.750000000000001776 ) ) ;
#4960 = VECTOR ( 'NONE', #5094, 1000.000000000000000 ) ;
#4961 = VECTOR ( 'NONE', #1304, 1000.000000000000000 ) ;
#4962 = CARTESIAN_POINT ( 'NONE',  ( 0.000000000000000000, 0.000000000000000000, -9.750000000000001776 ) ) ;
#4963 = EDGE_CURVE ( 'NONE', #7264, #8954, #10833, .T. ) ;
#4964 = CARTESIAN_POINT ( 'NONE',  ( 2.440932748640444849, -1.409273179501349116, 9.631453640997325039 ) ) ;
#4965 = ORIENTED_EDGE ( 'NONE', *, *, #9104, .T. ) ;
#4966 = ORIENTED_EDGE ( 'NONE', *, *, #2650, .T. ) ;
#4967 = CARTESIAN_POINT ( 'NONE',  ( 0.7768966656431114393, -2.709360653135690633, 8.077500000000002345 ) ) ;
#4968 = CARTESIAN_POINT ( 'NONE',  ( 0.3922658369821050983, 2.791116459588164123, 9.750000000000001776 ) ) ;
#4969 = CARTESIAN_POINT ( 'NONE',  ( -1.847750578910081654, 2.363433476562744495, 8.077500000000000568 ) ) ;
#4970 = CARTESIAN_POINT ( 'NONE',  ( -2.221044840433196388, -1.735270409657329482, 9.631453640997325039 ) ) ;
#4971 = DIRECTION ( 'NONE',  ( -0.000000000000000000, 0.000000000000000000, -1.000000000000000000 ) ) ;
#4972 = CIRCLE ( 'NONE', #10705, 3.000000000000000000 ) ;
#4973 = VECTOR ( 'NONE', #11421, 1000.000000000000000 ) ;
#4974 = CARTESIAN_POINT ( 'NONE',  ( -2.875724501156001534, -0.1351676076016825601, 9.571310031034848009 ) ) ;
#4975 = DIRECTION ( 'NONE',  ( -0.000000000000000000, 0.000000000000000000, 1.000000000000000000 ) ) ;
#4976 = CARTESIAN_POINT ( 'NONE',  ( -2.905949133825057817, -0.4420382059677789854, 9.510800894373550918 ) ) ;
#4977 = EDGE_CURVE ( 'NONE', #9270, #1349, #505, .T. ) ;
#4978 = VECTOR ( 'NONE', #8203, 1000.000000000000000 ) ;
#4979 = CARTESIAN_POINT ( 'NONE',  ( 0.5860087391484685160, -2.756954358615474554, 9.631453640997325039 ) ) ;
#4980 = AXIS2_PLACEMENT_3D ( 'NONE', #11499, #10751, #8864 ) ;
#4981 = ORIENTED_EDGE ( 'NONE', *, *, #8590, .T. ) ;
#4982 = CARTESIAN_POINT ( 'NONE',  ( 2.000000000005176748, 0.5358983848532919980, -9.106239260883567610 ) ) ;
#4983 = DIRECTION ( 'NONE',  ( 0.000000000000000000, 0.000000000000000000, -1.000000000000000000 ) ) ;
#4984 = CARTESIAN_POINT ( 'NONE',  ( -0.8922005383792531719, 1.545336663013173073, -7.941666666666671759 ) ) ;
#4985 = DIRECTION ( 'NONE',  ( 0.1736481776669225319, -0.9848077530122094636, 0.000000000000000000 ) ) ;
#4986 = VERTEX_POINT ( 'NONE', #1384 ) ;
#4987 = ORIENTED_EDGE ( 'NONE', *, *, #9485, .F. ) ;
#4988 = CIRCLE ( 'NONE', #7751, 3.000000000000000000 ) ;
#4989 = DIRECTION ( 'NONE',  ( -0.000000000000000000, -0.000000000000000000, 1.000000000000000000 ) ) ;
#4990 = CARTESIAN_POINT ( 'NONE',  ( -1.663959260682374985, 2.349319320033583569, 9.571310031034848009 ) ) ;
#4991 = CARTESIAN_POINT ( 'NONE',  ( 0.000000000000000000, 1.545336663013173073, -6.512500000000004619 ) ) ;
#4992 = ADVANCED_FACE ( 'NONE', ( #11331 ), #611, .T. ) ;
#4993 = ORIENTED_EDGE ( 'NONE', *, *, #8105, .F. ) ;
#4994 = DIRECTION ( 'NONE',  ( 0.7660444431189719072, -0.6427876096865466904, 0.000000000000000000 ) ) ;
#4995 = CARTESIAN_POINT ( 'NONE',  ( -0.4681915999626614644, 1.549167015013120707, -6.440395646704471844 ) ) ;
#4996 = CARTESIAN_POINT ( 'NONE',  ( 1.676772478465699878, -2.487656337893157321, 8.077500000000000568 ) ) ;
#4997 = ORIENTED_EDGE ( 'NONE', *, *, #2936, .F. ) ;
#4998 = ORIENTED_EDGE ( 'NONE', *, *, #4484, .F. ) ;
#4999 = CARTESIAN_POINT ( 'NONE',  ( 1.176575538379255326, 2.037888611415573425, -6.242708333333339965 ) ) ;
#5000 = CARTESIAN_POINT ( 'NONE',  ( 2.427622409283272997, 1.762568988137961146, -9.750000000000001776 ) ) ;
#5001 = VERTEX_POINT ( 'NONE', #4137 ) ;
#5002 = LINE ( 'NONE', #2674, #2659 ) ;
#5003 = CARTESIAN_POINT ( 'NONE',  ( -0.3922658369821241942, -2.791116459588161458, 9.750000000000001776 ) ) ;
#5004 = CARTESIAN_POINT ( 'NONE',  ( 0.3922658369821050983, 2.791116459588164123, 8.077500000000002345 ) ) ;
#5005 = CARTESIAN_POINT ( 'NONE',  ( -0.3922658369820657964, 2.791116459588169896, 9.750000000000001776 ) ) ;
#5006 = CARTESIAN_POINT ( 'NONE',  ( -0.8922005383792531719, 1.545336663013173073, -5.754166666666670871 ) ) ;
#5007 = ADVANCED_FACE ( 'NONE', ( #2433 ), #9902, .F. ) ;
#5008 = EDGE_CURVE ( 'NONE', #7311, #6643, #3384, .T. ) ;
#5009 = EDGE_LOOP ( 'NONE', ( #4059, #9483, #1764, #6559 ) ) ;
#5010 = EDGE_CURVE ( 'NONE', #3510, #7849, #6397, .T. ) ;
#5011 = EDGE_CURVE ( 'NONE', #6674, #4497, #9159, .T. ) ;
#5012 = ORIENTED_EDGE ( 'NONE', *, *, #1998, .T. ) ;
#5013 = ORIENTED_EDGE ( 'NONE', *, *, #2194, .T. ) ;
#5014 = CARTESIAN_POINT ( 'NONE',  ( 0.000000000000000000, 0.000000000000000000, 8.077500000000002345 ) ) ;
#5015 = VECTOR ( 'NONE', #6041, 1000.000000000000000 ) ;
#5016 = DIRECTION ( 'NONE',  ( -0.000000000000000000, 0.000000000000000000, -1.000000000000000000 ) ) ;
#5017 = ORIENTED_EDGE ( 'NONE', *, *, #6332, .T. ) ;
#5018 = DIRECTION ( 'NONE',  ( -0.4999999999999996114, 0.8660254037844388186, 0.000000000000000000 ) ) ;
#5019 = EDGE_CURVE ( 'NONE', #7943, #6233, #68, .T. ) ;
#5020 = CARTESIAN_POINT ( 'NONE',  ( -2.440932748640464389, -1.409273179501314921, 8.077500000000002345 ) ) ;
#5021 = VERTEX_POINT ( 'NONE', #4430 ) ;
#5022 = ORIENTED_EDGE ( 'NONE', *, *, #4796, .F. ) ;
#5023 = CARTESIAN_POINT ( 'NONE',  ( -1.678384766113639959, 2.486568836143022043, 9.449999999999999289 ) ) ;
#5024 = CARTESIAN_POINT ( 'NONE',  ( 1.496025708089179007, -2.459668426725433399, 9.571310031034848009 ) ) ;
#5025 = CARTESIAN_POINT ( 'NONE',  ( 0.000000000000000000, 0.000000000000000000, 8.077500000000000568 ) ) ;
#5026 = DIRECTION ( 'NONE',  ( 0.000000000000000000, 0.000000000000000000, -1.000000000000000000 ) ) ;
#5027 = LINE ( 'NONE', #10295, #11076 ) ;
#5028 = B_SPLINE_CURVE_WITH_KNOTS ( 'NONE', 3,
 ( #324, #3962, #2327, #724 ),
 .UNSPECIFIED., .F., .F.,
 ( 4, 4 ),
 ( 3.054997924344129329E-07, 0.0002759181450133579806 ),
 .UNSPECIFIED. ) ;
#5029 = CARTESIAN_POINT ( 'NONE',  ( -2.934240477815717174, 0.6246861758897803707, 8.077500000000000568 ) ) ;
#5030 = ADVANCED_FACE ( 'NONE', ( #5493 ), #8014, .T. ) ;
#5031 = CARTESIAN_POINT ( 'NONE',  ( 0.000000000000000000, 0.000000000000000000, -5.774999999999992362 ) ) ;
#5032 = DIRECTION ( 'NONE',  ( 1.000000000000000000, 0.000000000000000000, 0.000000000000000000 ) ) ;
#5033 = DIRECTION ( 'NONE',  ( -1.000000000000000000, 0.000000000000000000, 0.000000000000000000 ) ) ;
#5034 = ORIENTED_EDGE ( 'NONE', *, *, #422, .T. ) ;
#5035 = DIRECTION ( 'NONE',  ( -0.000000000000000000, -0.000000000000000000, 1.000000000000000000 ) ) ;
#5036 = LINE ( 'NONE', #3146, #3398 ) ;
#5037 = CARTESIAN_POINT ( 'NONE',  ( -1.338300807568880035, 0.7726683315065867586, -7.883333333333337301 ) ) ;
#5038 = FACE_OUTER_BOUND ( 'NONE', #1332, .T. ) ;
#5039 = ORIENTED_EDGE ( 'NONE', *, *, #10380, .T. ) ;
#5040 = ORIENTED_EDGE ( 'NONE', *, *, #2650, .F. ) ;
#5041 = EDGE_CURVE ( 'NONE', #9092, #3812, #6808, .T. ) ;
#5042 = ADVANCED_FACE ( 'NONE', ( #7166 ), #10877, .T. ) ;
#5043 = LINE ( 'NONE', #1227, #10887 ) ;
#5044 = CARTESIAN_POINT ( 'NONE',  ( 2.775726306570166724, 0.4894354389105677883, 9.631453640997325039 ) ) ;
#5045 = CARTESIAN_POINT ( 'NONE',  ( -1.784401076758506788, 6.065988351121004614E-17, -5.637500000000004619 ) ) ;
#5046 = CARTESIAN_POINT ( 'NONE',  ( 1.784401076758506788, -3.763923298982691022E-16, -6.775000000000005684 ) ) ;
#5047 = ORIENTED_EDGE ( 'NONE', *, *, #983, .F. ) ;
#5048 = B_SPLINE_CURVE_WITH_KNOTS ( 'NONE', 3,
 ( #8450, #4043, #467, #10320 ),
 .UNSPECIFIED., .F., .F.,
 ( 4, 4 ),
 ( 3.054997924341816400E-07, 0.0002759181450133577638 ),
 .UNSPECIFIED. ) ;
#5049 = CARTESIAN_POINT ( 'NONE',  ( -2.006669090636827413, -2.230085011985590171, 9.449999999999999289 ) ) ;
#5050 = CARTESIAN_POINT ( 'NONE',  ( -2.820796215196669010, -1.026685859262319145, 8.077500000000002345 ) ) ;
#5051 = CARTESIAN_POINT ( 'NONE',  ( -0.6490919382482922551, 1.472820813305139920, -6.431518836837974540 ) ) ;
#5052 = ORIENTED_EDGE ( 'NONE', *, *, #9222, .F. ) ;
#5053 = EDGE_LOOP ( 'NONE', ( #2500, #5476, #4307 ) ) ;
#5054 = EDGE_CURVE ( 'NONE', #10927, #9443, #5616, .T. ) ;
#5055 = LINE ( 'NONE', #2406, #4007 ) ;
#5056 = CARTESIAN_POINT ( 'NONE',  ( 0.000000000000000000, 0.000000000000000000, 8.077500000000002345 ) ) ;
#5057 = ORIENTED_EDGE ( 'NONE', *, *, #878, .T. ) ;
#5058 = CARTESIAN_POINT ( 'NONE',  ( -2.939188464481538254, 0.03330636834710980210, 9.510800894373550918 ) ) ;
#5059 = CARTESIAN_POINT ( 'NONE',  ( -1.338300807568880035, 0.7726683315065867586, -6.395833333333337478 ) ) ;
#5060 = CARTESIAN_POINT ( 'NONE',  ( 1.323227363945454149, -2.488628723042713098, 9.631453640997325039 ) ) ;
#5061 = EDGE_LOOP ( 'NONE', ( #2442, #9653, #6691, #11332 ) ) ;
#5062 = CARTESIAN_POINT ( 'NONE',  ( -0.1966118550883310667, 2.811680521731792393, 9.631453640997325039 ) ) ;
#5063 = DIRECTION ( 'NONE',  ( -0.000000000000000000, -0.000000000000000000, 1.000000000000000000 ) ) ;
#5064 = CARTESIAN_POINT ( 'NONE',  ( -1.876986317341261756, 2.182884342608967909, 9.571310031034848009 ) ) ;
#5065 = VERTEX_POINT ( 'NONE', #1255 ) ;
#5066 = ORIENTED_EDGE ( 'NONE', *, *, #2488, .F. ) ;
#5067 = CARTESIAN_POINT ( 'NONE',  ( -0.5677642335129711171, -1.794630828542089551, -6.703377122621476225 ) ) ;
#5068 = EDGE_CURVE ( 'NONE', #1048, #4986, #9115, .T. ) ;
#5069 = EDGE_CURVE ( 'NONE', #1009, #6999, #8043, .T. ) ;
#5070 = LINE ( 'NONE', #3397, #7917 ) ;
#5071 = VERTEX_POINT ( 'NONE', #1309 ) ;
#5072 = AXIS2_PLACEMENT_3D ( 'NONE', #9962, #9069, #380 ) ;
#5073 = EDGE_CURVE ( 'NONE', #1994, #7820, #8415, .T. ) ;
#5074 = FACE_OUTER_BOUND ( 'NONE', #10140, .T. ) ;
#5075 = CIRCLE ( 'NONE', #7298, 3.000000000000000444 ) ;
#5076 = ORIENTED_EDGE ( 'NONE', *, *, #9127, .T. ) ;
#5077 = PLANE ( 'NONE',  #6984 ) ;
#5078 = CARTESIAN_POINT ( 'NONE',  ( 2.397430409558198416, -1.700666215116720448, 9.510800894373550918 ) ) ;
#5079 = CARTESIAN_POINT ( 'NONE',  ( -2.449293598294793682E-16, -2.000000000000071498, -7.212500000000045652 ) ) ;
#5080 = ADVANCED_FACE ( 'NONE', ( #11098 ), #6, .F. ) ;
#5081 = ADVANCED_FACE ( 'NONE', ( #3133 ), #542, .T. ) ;
#5082 = DIRECTION ( 'NONE',  ( -0.2419218955996697840, -0.9702957262759960289, 0.000000000000000000 ) ) ;
#5083 = AXIS2_PLACEMENT_3D ( 'NONE', #7879, #11492, #891 ) ;
#5084 = CARTESIAN_POINT ( 'NONE',  ( 0.8922005383792542821, 1.545336663013172851, -9.370833333333338899 ) ) ;
#5085 = DIRECTION ( 'NONE',  ( -0.000000000000000000, -0.000000000000000000, 1.000000000000000000 ) ) ;
#5086 = ORIENTED_EDGE ( 'NONE', *, *, #11519, .T. ) ;
#5087 = CARTESIAN_POINT ( 'NONE',  ( 2.000000000000003553, -1.929214469522454992E-11, -9.137500000001130829 ) ) ;
#5088 = CIRCLE ( 'NONE', #6760, 2.999999999999999556 ) ;
#5089 = CARTESIAN_POINT ( 'NONE',  ( 1.122918141402819092, -2.781915679474926684, 9.449999999999999289 ) ) ;
#5090 = CARTESIAN_POINT ( 'NONE',  ( 2.094588142060978875, -1.885975634250022903, 9.631453640997325039 ) ) ;
#5091 = ORIENTED_EDGE ( 'NONE', *, *, #3568, .F. ) ;
#5092 = ORIENTED_EDGE ( 'NONE', *, *, #1668, .F. ) ;
#5093 = EDGE_CURVE ( 'NONE', #5215, #6179, #668, .T. ) ;
#5094 = DIRECTION ( 'NONE',  ( 0.5591929034707436852, -0.8290375725550438446, 0.000000000000000000 ) ) ;
#5095 = CIRCLE ( 'NONE', #1527, 2.999999999999999556 ) ;
#5096 = CARTESIAN_POINT ( 'NONE',  ( 2.775726306570163615, -0.4894354389105865510, 9.750000000000001776 ) ) ;
#5097 = DIRECTION ( 'NONE',  ( 0.8829475928589256561, -0.4694715627858931373, 0.000000000000000000 ) ) ;
#5098 = CARTESIAN_POINT ( 'NONE',  ( -0.9639996296761037531, 2.648567214897816768, 9.631453640997323262 ) ) ;
#5099 = ORIENTED_EDGE ( 'NONE', *, *, #10237, .F. ) ;
#5100 = ADVANCED_FACE ( 'NONE', ( #5130 ), #4180, .F. ) ;
#5101 = CARTESIAN_POINT ( 'NONE',  ( 0.3922658369820865021, -2.791116459588167231, 9.631453640997325039 ) ) ;
#5102 = CARTESIAN_POINT ( 'NONE',  ( -0.07813100402512594689, 1.109591582173289126, 9.704891043794040328 ) ) ;
#5103 = PLANE ( 'NONE',  #9311 ) ;
#5104 = DIRECTION ( 'NONE',  ( -0.8480480961564325071, -0.5299192642331944647, 0.000000000000000000 ) ) ;
#5105 = DIRECTION ( 'NONE',  ( 0.000000000000000000, 0.000000000000000000, -1.000000000000000000 ) ) ;
#5106 = CARTESIAN_POINT ( 'NONE',  ( 2.426479301982355619, 1.764142340360102201, -9.750000000000001776 ) ) ;
#5107 = CARTESIAN_POINT ( 'NONE',  ( 0.4350222081914069672, -2.845842119140478577, 9.571310031034848009 ) ) ;
#5108 = VECTOR ( 'NONE', #2409, 1000.000000000000000 ) ;
#5109 = ORIENTED_EDGE ( 'NONE', *, *, #5646, .F. ) ;
#5110 = VERTEX_POINT ( 'NONE', #4964 ) ;
#5111 = AXIS2_PLACEMENT_3D ( 'NONE', #3772, #3079, #10058 ) ;
#5112 = PLANE ( 'NONE',  #4381 ) ;
#5113 = ORIENTED_EDGE ( 'NONE', *, *, #182, .T. ) ;
#5114 = CARTESIAN_POINT ( 'NONE',  ( 2.740240724291740815, -1.221098183166724249, -9.750000000000001776 ) ) ;
#5115 = CIRCLE ( 'NONE', #7341, 3.000000000000000000 ) ;
#5116 = CARTESIAN_POINT ( 'NONE',  ( -2.353151076758508875, 9.548577686196303386E-17, -6.753125000000002487 ) ) ;
#5117 = AXIS2_PLACEMENT_3D ( 'NONE', #478, #6737, #5327 ) ;
#5118 = EDGE_CURVE ( 'NONE', #4595, #9534, #4071, .T. ) ;
#5119 = VERTEX_POINT ( 'NONE', #1891 ) ;
#5120 = CARTESIAN_POINT ( 'NONE',  ( 2.006669090636812758, 2.230085011985603938, 9.449999999999999289 ) ) ;
#5121 = DIRECTION ( 'NONE',  ( 0.000000000000000000, -0.000000000000000000, 1.000000000000000000 ) ) ;
#5122 = ORIENTED_EDGE ( 'NONE', *, *, #11555, .F. ) ;
#5123 = VERTEX_POINT ( 'NONE', #6116 ) ;
#5124 = CARTESIAN_POINT ( 'NONE',  ( 2.828926452893282040, -0.5340756620688930090, 9.571310031034848009 ) ) ;
#5125 = VECTOR ( 'NONE', #367, 1000.000000000000000 ) ;
#5126 = AXIS2_PLACEMENT_3D ( 'NONE', #872, #1865, #7124 ) ;
#5127 = DIRECTION ( 'NONE',  ( 0.8987940462991643731, -0.4383711467890830105, 0.000000000000000000 ) ) ;
#5128 = CARTESIAN_POINT ( 'NONE',  ( 0.000000000000000000, 0.000000000000000000, 8.077500000000000568 ) ) ;
#5129 = DIRECTION ( 'NONE',  ( 0.000000000000000000, 0.000000000000000000, -1.000000000000000000 ) ) ;
#5130 = FACE_OUTER_BOUND ( 'NONE', #6029, .T. ) ;
#5131 = AXIS2_PLACEMENT_3D ( 'NONE', #7950, #11503, #10692 ) ;
#5132 = ORIENTED_EDGE ( 'NONE', *, *, #1830, .T. ) ;
#5133 = EDGE_CURVE ( 'NONE', #7683, #3563, #2716, .T. ) ;
#5134 = EDGE_CURVE ( 'NONE', #5551, #8928, #2772, .T. ) ;
#5135 = CARTESIAN_POINT ( 'NONE',  ( -0.3126183150084358431, 2.983667171304682508, -9.750000000000001776 ) ) ;
#5136 = DIRECTION ( 'NONE',  ( 0.1736481776669794863, 0.9848077530121993606, 0.000000000000000000 ) ) ;
#5137 = CARTESIAN_POINT ( 'NONE',  ( 2.367124769107264992, -1.638530444078649451, 9.571310031034848009 ) ) ;
#5138 = CARTESIAN_POINT ( 'NONE',  ( 1.154700538379739960, -2.000000000000847766, -7.854166666667158125 ) ) ;
#5139 = DIRECTION ( 'NONE',  ( 0.000000000000000000, 0.000000000000000000, -1.000000000000000000 ) ) ;
#5140 = VECTOR ( 'NONE', #7587, 1000.000000000000114 ) ;
#5141 = AXIS2_PLACEMENT_3D ( 'NONE', #5965, #3308, #3088 ) ;
#5142 = DIRECTION ( 'NONE',  ( 0.3746065934159082955, -0.9271838545667888676, 0.000000000000000000 ) ) ;
#5143 = ORIENTED_EDGE ( 'NONE', *, *, #7222, .T. ) ;
#5144 = EDGE_CURVE ( 'NONE', #2688, #8634, #4353, .T. ) ;
#5145 = CARTESIAN_POINT ( 'NONE',  ( -1.499157810963779092, 2.598562267452193986, -9.750000000000001776 ) ) ;
#5146 = EDGE_CURVE ( 'NONE', #4373, #5685, #7499, .T. ) ;
#5147 = VECTOR ( 'NONE', #8510, 1000.000000000000114 ) ;
#5148 = DIRECTION ( 'NONE',  ( 0.6156614753256661743, 0.7880107536067157969, 0.000000000000000000 ) ) ;
#5149 = CARTESIAN_POINT ( 'NONE',  ( 1.784401076758506788, -3.763923298982691022E-16, -7.475000000000004086 ) ) ;
#5150 = EDGE_CURVE ( 'NONE', #70, #10181, #8810, .T. ) ;
#5151 = CARTESIAN_POINT ( 'NONE',  ( 2.544659440449378973, -1.588933079815463500, 8.077500000000000568 ) ) ;
#5152 = ORIENTED_EDGE ( 'NONE', *, *, #4728, .F. ) ;
#5153 = ORIENTED_EDGE ( 'NONE', *, *, #4559, .T. ) ;
#5154 = AXIS2_PLACEMENT_3D ( 'NONE', #938, #23, #8955 ) ;
#5155 = CARTESIAN_POINT ( 'NONE',  ( -2.533292686689785356, 1.235569399674210755, 9.750000000000001776 ) ) ;
#5156 = AXIS2_PLACEMENT_3D ( 'NONE', #8377, #2036, #8331 ) ;
#5157 = AXIS2_PLACEMENT_3D ( 'NONE', #5311, #1024, #7047 ) ;
#5158 = DIRECTION ( 'NONE',  ( 0.9396926207859098712, 0.3420201433256648826, 0.000000000000000000 ) ) ;
#5159 = CARTESIAN_POINT ( 'NONE',  ( 0.000000000000000000, 0.000000000000000000, 6.810000000000001386 ) ) ;
#5160 = ADVANCED_FACE ( 'NONE', ( #3650 ), #11561, .T. ) ;
#5161 = VERTEX_POINT ( 'NONE', #9102 ) ;
#5162 = DIRECTION ( 'NONE',  ( -0.9902680687415700289, 0.1391731009600672975, 0.000000000000000000 ) ) ;
#5163 = LINE ( 'NONE', #6728, #7178 ) ;
#5164 = ORGANIZATION ( 'UNSPECIFIED', 'UNSPECIFIED', '' ) ;
#5165 = ORIENTED_EDGE ( 'NONE', *, *, #5502, .T. ) ;
#5166 = ORIENTED_EDGE ( 'NONE', *, *, #1125, .T. ) ;
#5167 = EDGE_LOOP ( 'NONE', ( #10631, #4272, #7552, #11476 ) ) ;
#5168 = CARTESIAN_POINT ( 'NONE',  ( -0.2506926312427378289, -1.524866750471424393, -9.679663336662811091 ) ) ;
#5169 = CARTESIAN_POINT ( 'NONE',  ( 2.934240477815724724, 0.6246861758897412908, 8.077500000000000568 ) ) ;
#5170 = CARTESIAN_POINT ( 'NONE',  ( 2.970668720312943822, -0.4184822029122086118, 9.449999999999999289 ) ) ;
#5171 = EDGE_CURVE ( 'NONE', #2009, #4765, #3882, .T. ) ;
#5172 = ORIENTED_EDGE ( 'NONE', *, *, #8297, .F. ) ;
#5173 = CARTESIAN_POINT ( 'NONE',  ( -1.764863307568881545, 1.018944305707787379, -7.511458333333335347 ) ) ;
#5174 = CARTESIAN_POINT ( 'NONE',  ( -0.5199868932015409007, 2.954591956751153603, 9.449999999999999289 ) ) ;
#5175 = EDGE_LOOP ( 'NONE', ( #2516, #8442, #11314, #9850 ) ) ;
#5176 = DIRECTION ( 'NONE',  ( -1.000000000000000000, 0.000000000000000000, 0.000000000000000000 ) ) ;
#5177 = ORIENTED_EDGE ( 'NONE', *, *, #3403, .T. ) ;
#5178 = ORIENTED_EDGE ( 'NONE', *, *, #5615, .T. ) ;
#5179 =( LENGTH_UNIT ( ) NAMED_UNIT ( * ) SI_UNIT ( .MILLI., .METRE. ) );
#5180 = DIRECTION ( 'NONE',  ( -0.7193398003386582973, -0.6946583704589900377, 0.000000000000000000 ) ) ;
#5181 = ADVANCED_FACE ( 'NONE', ( #9173 ), #116, .T. ) ;
#5182 = ORIENTED_EDGE ( 'NONE', *, *, #4796, .T. ) ;
#5183 = VERTEX_POINT ( 'NONE', #8190 ) ;
#5184 = VECTOR ( 'NONE', #3905, 1000.000000000000000 ) ;
#5185 = CARTESIAN_POINT ( 'NONE',  ( 2.656067048624601412, -1.110571709483137770, 9.571310031034848009 ) ) ;
#5186 = CARTESIAN_POINT ( 'NONE',  ( 0.5528328352864216866, -1.457339298108012660, -9.679663336986831013 ) ) ;
#5187 = ORIENTED_EDGE ( 'NONE', *, *, #10342, .F. ) ;
#5188 = DIRECTION ( 'NONE',  ( -0.000000000000000000, 0.000000000000000000, -1.000000000000000000 ) ) ;
#5189 = LINE ( 'NONE', #8695, #1212 ) ;
#5190 = VECTOR ( 'NONE', #10109, 1000.000000000000000 ) ;
#5191 = DIRECTION ( 'NONE',  ( -0.8480480961564245135, 0.5299192642332072323, 0.000000000000000000 ) ) ;
#5192 = ORIENTED_EDGE ( 'NONE', *, *, #5975, .T. ) ;
#5193 = CARTESIAN_POINT ( 'NONE',  ( 0.000000000000000000, 0.000000000000000000, 9.449999999999999289 ) ) ;
#5194 = ORIENTED_EDGE ( 'NONE', *, *, #8169, .T. ) ;
#5195 = CARTESIAN_POINT ( 'NONE',  ( 1.500914316448234587, 2.599659853895848638, 9.750000000000001776 ) ) ;
#5196 = DIRECTION ( 'NONE',  ( 0.000000000000000000, -0.000000000000000000, -1.000000000000000000 ) ) ;
#5197 = DIRECTION ( 'NONE',  ( 0.1045284632676652115, 0.9945218953682720686, 0.000000000000000000 ) ) ;
#5198 = VERTEX_POINT ( 'NONE', #11029 ) ;
#5199 = CARTESIAN_POINT ( 'NONE',  ( -0.6420516402608299478, 1.630429723563890487, -9.476331867791738972 ) ) ;
#5200 = ADVANCED_FACE ( 'NONE', ( #10165 ), #5776, .T. ) ;
#5201 = ADVANCED_FACE ( 'NONE', ( #7329 ), #2412, .T. ) ;
#5202 = DIRECTION ( 'NONE',  ( 0.000000000000000000, -0.000000000000000000, -1.000000000000000000 ) ) ;
#5203 = ADVANCED_FACE ( 'NONE', ( #11089 ), #2298, .T. ) ;
#5204 = CARTESIAN_POINT ( 'NONE',  ( 1.146406084414269611, 2.574870223421984239, 9.631453640997325039 ) ) ;
#5205 = EDGE_CURVE ( 'NONE', #1929, #1523, #4874, .T. ) ;
#5206 = CARTESIAN_POINT ( 'NONE',  ( 2.803106067138687596, 0.2946183195551812517, 9.631453640997325039 ) ) ;
#5207 = CARTESIAN_POINT ( 'NONE',  ( -1.656699982724391340, 2.280251903866816310, 9.750000000000001776 ) ) ;
#5208 = CARTESIAN_POINT ( 'NONE',  ( -1.493602012769896792, -2.390262873680833344, 9.631453640997325039 ) ) ;
#5209 = DIRECTION ( 'NONE',  ( -1.000000000000000000, 0.000000000000000000, 0.000000000000000000 ) ) ;
#5210 = VERTEX_POINT ( 'NONE', #2365 ) ;
#5211 = FACE_OUTER_BOUND ( 'NONE', #6743, .T. ) ;
#5212 = CARTESIAN_POINT ( 'NONE',  ( 1.847750578910098307, -2.363433476562731617, 9.449999999999999289 ) ) ;
#5213 = CARTESIAN_POINT ( 'NONE',  ( 0.7267091498297101326, -2.910651784661604236, 9.449999999999999289 ) ) ;
#5214 = ORIENTED_EDGE ( 'NONE', *, *, #750, .F. ) ;
#5215 = VERTEX_POINT ( 'NONE', #6855 ) ;
#5216 = ORIENTED_EDGE ( 'NONE', *, *, #2080, .T. ) ;
#5217 = CARTESIAN_POINT ( 'NONE',  ( -2.024684387340927927, -2.046634999298015511, 9.571310031034848009 ) ) ;
#5218 = EDGE_CURVE ( 'NONE', #10768, #4489, #582, .T. ) ;
#5219 = CARTESIAN_POINT ( 'NONE',  ( -1.338300807568880035, 0.7726683315065867586, -8.583333333333339255 ) ) ;
#5220 = DIRECTION ( 'NONE',  ( 0.000000000000000000, 0.000000000000000000, -1.000000000000000000 ) ) ;
#5221 = ORIENTED_EDGE ( 'NONE', *, *, #9127, .F. ) ;
#5222 = DIRECTION ( 'NONE',  ( 0.03489949670249292007, -0.9993908270190958731, 0.000000000000000000 ) ) ;
#5223 = FACE_OUTER_BOUND ( 'NONE', #8177, .T. ) ;
#5224 = CARTESIAN_POINT ( 'NONE',  ( -2.495693764988927099E-16, -2.037888611415574314, -7.278125000000002842 ) ) ;
#5225 = CARTESIAN_POINT ( 'NONE',  ( 0.8922005383792542821, 1.545336663013172851, -6.570833333333337301 ) ) ;
#5226 = EDGE_LOOP ( 'NONE', ( #9085, #10021, #10797, #3860 ) ) ;
#5227 = CARTESIAN_POINT ( 'NONE',  ( 0.000000000000000000, 0.000000000000000000, 8.077500000000002345 ) ) ;
#5228 = CARTESIAN_POINT ( 'NONE',  ( -1.146406084414286930, -2.574870223421977133, 9.750000000000001776 ) ) ;
#5229 = VERTEX_POINT ( 'NONE', #8625 ) ;
#5230 = ORIENTED_EDGE ( 'NONE', *, *, #4593, .T. ) ;
#5231 = ORIENTED_EDGE ( 'NONE', *, *, #7422, .T. ) ;
#5232 = EDGE_LOOP ( 'NONE', ( #5288, #4268, #6627 ) ) ;
#5233 = DIRECTION ( 'NONE',  ( -0.9135454576426038642, -0.4067366430757932694, 0.000000000000000000 ) ) ;
#5234 = FACE_OUTER_BOUND ( 'NONE', #2981, .T. ) ;
#5235 = DIRECTION ( 'NONE',  ( -0.5000000000000023315, -0.8660254037844372643, 0.000000000000000000 ) ) ;
#5236 = LINE ( 'NONE', #7891, #2262 ) ;
#5237 = ORIENTED_EDGE ( 'NONE', *, *, #3312, .T. ) ;
#5238 = CARTESIAN_POINT ( 'NONE',  ( -2.579512986874057834, 1.409273179501367990, 9.510800894373550918 ) ) ;
#5239 = EDGE_CURVE ( 'NONE', #1349, #5335, #483, .T. ) ;
#5240 = CARTESIAN_POINT ( 'NONE',  ( 0.000000000000000000, 0.000000000000000000, 8.077500000000000568 ) ) ;
#5241 = CARTESIAN_POINT ( 'NONE',  ( 2.544659440449379417, -1.588933079815463723, 9.449999999999999289 ) ) ;
#5242 = PLANE ( 'NONE',  #627 ) ;
#5243 = LINE ( 'NONE', #3192, #2518 ) ;
#5244 = CIRCLE ( 'NONE', #7287, 0.07999999999999977962 ) ;
#5245 = AXIS2_PLACEMENT_3D ( 'NONE', #7964, #9648, #855 ) ;
#5246 = ORIENTED_EDGE ( 'NONE', *, *, #10671, .T. ) ;
#5247 = CARTESIAN_POINT ( 'NONE',  ( -1.338300807568880257, -0.7726683315065862034, -9.079166666666671048 ) ) ;
#5248 = DIRECTION ( 'NONE',  ( -0.000000000000000000, -0.000000000000000000, -1.000000000000000000 ) ) ;
#5249 = DIRECTION ( 'NONE',  ( -0.000000000000000000, 0.000000000000000000, -1.000000000000000000 ) ) ;
#5250 = ORIENTED_EDGE ( 'NONE', *, *, #10880, .F. ) ;
#5251 = CARTESIAN_POINT ( 'NONE',  ( 2.426479301982355619, 1.764142340360102201, 8.077500000000000568 ) ) ;
#5252 = DIRECTION ( 'NONE',  ( -1.000000000000000000, 0.000000000000000000, 0.000000000000000000 ) ) ;
#5253 = EDGE_CURVE ( 'NONE', #7583, #11250, #11546, .T. ) ;
#5254 = DIRECTION ( 'NONE',  ( -0.000000000000000000, -0.000000000000000000, 1.000000000000000000 ) ) ;
#5255 = DIRECTION ( 'NONE',  ( 0.000000000000000000, -0.000000000000000000, -1.000000000000000000 ) ) ;
#5256 = DIRECTION ( 'NONE',  ( -0.000000000000000000, 0.000000000000000000, 1.000000000000000000 ) ) ;
#5257 = ORIENTED_EDGE ( 'NONE', *, *, #4192, .F. ) ;
#5258 = VECTOR ( 'NONE', #1710, 1000.000000000000000 ) ;
#5259 = PLANE ( 'NONE',  #6067 ) ;
#5260 = ORIENTED_EDGE ( 'NONE', *, *, #3686, .F. ) ;
#5261 = CARTESIAN_POINT ( 'NONE',  ( 2.650457365590931591, -1.409273179501348894, 9.750000000000001776 ) ) ;
#5262 = FACE_OUTER_BOUND ( 'NONE', #7417, .T. ) ;
#5263 = CARTESIAN_POINT ( 'NONE',  ( -1.124721301024982356, 2.781187155698205959, 9.449999999999999289 ) ) ;
#5264 = DIRECTION ( 'NONE',  ( -0.9612616959383210036, -0.2756373558169917248, 0.000000000000000000 ) ) ;
#5265 = CARTESIAN_POINT ( 'NONE',  ( -1.030779405039565777, -1.611986729390854300, -9.320794401200222623 ) ) ;
#5266 = ORIENTED_EDGE ( 'NONE', *, *, #11279, .T. ) ;
#5267 = DIRECTION ( 'NONE',  ( 0.000000000000000000, -0.000000000000000000, 1.000000000000000000 ) ) ;
#5268 = VECTOR ( 'NONE', #1252, 1000.000000000000114 ) ;
#5269 = ORIENTED_EDGE ( 'NONE', *, *, #3716, .F. ) ;
#5270 = PLANE ( 'NONE',  #11203 ) ;
#5271 = CARTESIAN_POINT ( 'NONE',  ( -1.674671506979708457, 2.033577675846917841E-16, -6.499671506979682434 ) ) ;
#5272 = ADVANCED_FACE ( 'NONE', ( #8796 ), #821, .F. ) ;
#5273 = ADVANCED_FACE ( 'NONE', ( #3515 ), #1758, .F. ) ;
#5274 = LINE ( 'NONE', #2685, #5863 ) ;
#5275 = CARTESIAN_POINT ( 'NONE',  ( 0.7768966656431114393, -2.709360653135690633, 9.750000000000001776 ) ) ;
#5276 = VERTEX_POINT ( 'NONE', #1591 ) ;
#5277 = CIRCLE ( 'NONE', #5245, 1.859999999999999876 ) ;
#5278 = VERTEX_POINT ( 'NONE', #5174 ) ;
#5279 = ADVANCED_FACE ( 'NONE', ( #11363 ), #10500, .T. ) ;
#5280 = ORIENTED_EDGE ( 'NONE', *, *, #6493, .F. ) ;
#5281 = AXIS2_PLACEMENT_3D ( 'NONE', #11283, #9427, #7741 ) ;
#5282 = DIRECTION ( 'NONE',  ( 0.4999999999999520384, -0.8660254037844663522, 0.000000000000000000 ) ) ;
#5283 = CARTESIAN_POINT ( 'NONE',  ( 0.8922005383792529498, -1.545336663013173517, -8.291666666666671404 ) ) ;
#5284 = ORIENTED_EDGE ( 'NONE', *, *, #72, .F. ) ;
#5285 = FACE_OUTER_BOUND ( 'NONE', #689, .T. ) ;
#5286 = CARTESIAN_POINT ( 'NONE',  ( -1.176575538379255104, -2.037888611415573870, -7.336458333333334636 ) ) ;
#5287 = CARTESIAN_POINT ( 'NONE',  ( -0.8922005383792539490, -1.545336663013172851, -9.808333333333338899 ) ) ;
#5288 = ORIENTED_EDGE ( 'NONE', *, *, #8560, .T. ) ;
#5289 = AXIS2_PLACEMENT_3D ( 'NONE', #8717, #4448, #690 ) ;
#5290 = ORIENTED_EDGE ( 'NONE', *, *, #3266, .F. ) ;
#5291 = EDGE_CURVE ( 'NONE', #8700, #2193, #9219, .T. ) ;
#5292 = EDGE_CURVE ( 'NONE', #6826, #4158, #9521, .T. ) ;
#5293 = ORIENTED_EDGE ( 'NONE', *, *, #7273, .F. ) ;
#5294 = ORIENTED_EDGE ( 'NONE', *, *, #4192, .T. ) ;
#5295 = ADVANCED_FACE ( 'NONE', ( #5593 ), #3046, .T. ) ;
#5296 = CARTESIAN_POINT ( 'NONE',  ( 1.678384766113673043, 2.486568836142999395, 8.077500000000000568 ) ) ;
#5297 = DIRECTION ( 'NONE',  ( -0.000000000000000000, -0.000000000000000000, -1.000000000000000000 ) ) ;
#5298 = EDGE_LOOP ( 'NONE', ( #4276, #7018, #3272 ) ) ;
#5299 = VECTOR ( 'NONE', #6605, 1000.000000000000000 ) ;
#5300 = B_SPLINE_CURVE_WITH_KNOTS ( 'NONE', 3,
 ( #9728, #1749, #9916, #5525 ),
 .UNSPECIFIED., .F., .F.,
 ( 4, 4 ),
 ( 3.054997924345875276E-07, 0.0002759181450133577638 ),
 .UNSPECIFIED. ) ;
#5301 = ORIENTED_EDGE ( 'NONE', *, *, #1291, .T. ) ;
#5302 = LINE ( 'NONE', #48, #7893 ) ;
#5303 = LINE ( 'NONE', #4022, #5258 ) ;
#5304 = ORIENTED_EDGE ( 'NONE', *, *, #2662, .F. ) ;
#5305 = AXIS2_PLACEMENT_3D ( 'NONE', #6483, #316, #9250 ) ;
#5306 = CARTESIAN_POINT ( 'NONE',  ( -0.1966118550883310667, 2.811680521731792393, 9.631453640997325039 ) ) ;
#5307 = CARTESIAN_POINT ( 'NONE',  ( 0.000000000000000000, 0.000000000000000000, 9.449999999999999289 ) ) ;
#5308 = VECTOR ( 'NONE', #9247, 1000.000000000000000 ) ;
#5309 = AXIS2_PLACEMENT_3D ( 'NONE', #10837, #6147, #9020 ) ;
#5310 = CARTESIAN_POINT ( 'NONE',  ( 2.572127436494085817, -1.293144283955994345, 9.571310031034848009 ) ) ;
#5311 = CARTESIAN_POINT ( 'NONE',  ( 0.000000000000000000, 0.000000000000000000, 9.449999999999999289 ) ) ;
#5312 = ORIENTED_EDGE ( 'NONE', *, *, #11243, .T. ) ;
#5313 = EDGE_CURVE ( 'NONE', #7815, #3058, #4734, .T. ) ;
#5314 = AXIS2_PLACEMENT_3D ( 'NONE', #7808, #461, #1452 ) ;
#5315 = CARTESIAN_POINT ( 'NONE',  ( 2.803106067138688040, 0.2946183195551809186, 8.077500000000002345 ) ) ;
#5316 = PLANE ( 'NONE',  #3205 ) ;
#5317 = ORIENTED_EDGE ( 'NONE', *, *, #1230, .T. ) ;
#5318 = DIRECTION ( 'NONE',  ( -0.7193398003386289874, 0.6946583704590202357, 0.000000000000000000 ) ) ;
#5319 = ORIENTED_EDGE ( 'NONE', *, *, #6560, .F. ) ;
#5320 = CARTESIAN_POINT ( 'NONE',  ( -1.338300807568880035, 0.7726683315065867586, -6.483333333333338722 ) ) ;
#5321 = CARTESIAN_POINT ( 'NONE',  ( 0.000000000000000000, 0.000000000000000000, 8.077500000000002345 ) ) ;
#5322 = ORIENTED_EDGE ( 'NONE', *, *, #11160, .T. ) ;
#5323 = VECTOR ( 'NONE', #4455, 1000.000000000000000 ) ;
#5324 = CIRCLE ( 'NONE', #7531, 1.154700538379251462 ) ;
#5325 = EDGE_CURVE ( 'NONE', #2640, #3064, #100, .T. ) ;
#5326 = VERTEX_POINT ( 'NONE', #6392 ) ;
#5327 = DIRECTION ( 'NONE',  ( -0.3746065934159241717, -0.9271838545667824283, 0.000000000000000000 ) ) ;
#5328 = DIRECTION ( 'NONE',  ( -0.000000000000000000, -0.000000000000000000, -1.000000000000000000 ) ) ;
#5329 = AXIS2_PLACEMENT_3D ( 'NONE', #8045, #2934, #7420 ) ;
#5330 = CARTESIAN_POINT ( 'NONE',  ( -1.496025708089213868, -2.459668426725412083, 9.571310031034848009 ) ) ;
#5331 = VECTOR ( 'NONE', #3993, 1000.000000000000000 ) ;
#5332 = ORIENTED_EDGE ( 'NONE', *, *, #5794, .T. ) ;
#5333 = DIRECTION ( 'NONE',  ( -1.000000000000000000, 0.000000000000000000, 0.000000000000000000 ) ) ;
#5334 = CARTESIAN_POINT ( 'NONE',  ( -1.784401076758506788, 6.065988351121004614E-17, -5.725000000000004974 ) ) ;
#5335 = VERTEX_POINT ( 'NONE', #10918 ) ;
#5336 = CARTESIAN_POINT ( 'NONE',  ( -1.124504798187709431, -2.783247042597886356, 9.750000000000001776 ) ) ;
#5337 = CARTESIAN_POINT ( 'NONE',  ( 1.000000000000000000, 0.5773502691896255090, 9.750000000000001776 ) ) ;
#5338 = LINE ( 'NONE', #5458, #3634 ) ;
#5339 = EDGE_LOOP ( 'NONE', ( #7024, #3215, #680, #4407 ) ) ;
#5340 = ORIENTED_EDGE ( 'NONE', *, *, #10363, .T. ) ;
#5341 = VERTEX_POINT ( 'NONE', #9153 ) ;
#5342 = ORIENTED_EDGE ( 'NONE', *, *, #3200, .T. ) ;
#5343 = CONICAL_SURFACE ( 'NONE', #8090, 1.154700538379251462, 0.7853981633974500554 ) ;
#5344 = CIRCLE ( 'NONE', #5157, 3.000000000000000000 ) ;
#5345 = DIRECTION ( 'NONE',  ( 0.8480480961564290654, 0.5299192642332000158, 0.000000000000000000 ) ) ;
#5346 = CARTESIAN_POINT ( 'NONE',  ( 0.000000000000000000, 1.545336663013173073, -10.10000000000000497 ) ) ;
#5347 = CARTESIAN_POINT ( 'NONE',  ( -2.000000000000002220, -0.5358983848622485002, -8.843739260883042519 ) ) ;
#5348 = CARTESIAN_POINT ( 'NONE',  ( -1.957926820807914359, 2.027492575130240393, 8.077500000000002345 ) ) ;
#5349 = CARTESIAN_POINT ( 'NONE',  ( -2.353151076758508875, 9.548577686196303386E-17, -8.153125000000002842 ) ) ;
#5350 = ORIENTED_EDGE ( 'NONE', *, *, #6917, .F. ) ;
#5351 = CIRCLE ( 'NONE', #1780, 3.000000000000000444 ) ;
#5352 = AXIS2_PLACEMENT_3D ( 'NONE', #8676, #695, #6097 ) ;
#5353 = EDGE_LOOP ( 'NONE', ( #11196, #2931, #3219 ) ) ;
#5354 = CARTESIAN_POINT ( 'NONE',  ( 2.543628869203368836, -1.590582338565090126, 8.077500000000000568 ) ) ;
#5355 = PLANE ( 'NONE',  #3409 ) ;
#5356 = CARTESIAN_POINT ( 'NONE',  ( 1.146406084414252069, -2.574870223421992677, 8.077500000000002345 ) ) ;
#5357 = ORIENTED_EDGE ( 'NONE', *, *, #3325, .F. ) ;
#5358 = ORIENTED_EDGE ( 'NONE', *, *, #11320, .F. ) ;
#5359 = ORIENTED_EDGE ( 'NONE', *, *, #89, .F. ) ;
#5360 = CARTESIAN_POINT ( 'NONE',  ( 1.732050807568940920, 1.000000000000034639, -6.979166666666711372 ) ) ;
#5361 = VECTOR ( 'NONE', #309, 1000.000000000000000 ) ;
#5362 = ORIENTED_EDGE ( 'NONE', *, *, #1266, .T. ) ;
#5363 = EDGE_CURVE ( 'NONE', #3162, #8920, #2216, .T. ) ;
#5364 = ORIENTED_EDGE ( 'NONE', *, *, #8348, .F. ) ;
#5365 = EDGE_CURVE ( 'NONE', #1168, #9416, #10130, .T. ) ;
#5366 = DIRECTION ( 'NONE',  ( 0.000000000000000000, 0.000000000000000000, -1.000000000000000000 ) ) ;
#5367 = DIRECTION ( 'NONE',  ( -0.7193398003386535233, -0.6946583704589948116, 0.000000000000000000 ) ) ;
#5368 = EDGE_CURVE ( 'NONE', #11364, #6338, #517, .T. ) ;
#5369 = DIRECTION ( 'NONE',  ( -0.000000000000000000, -0.000000000000000000, -1.000000000000000000 ) ) ;
#5370 = ADVANCED_FACE ( 'NONE', ( #1456 ), #9324, .T. ) ;
#5371 = ORIENTED_EDGE ( 'NONE', *, *, #7066, .F. ) ;
#5372 = CARTESIAN_POINT ( 'NONE',  ( 0.000000000000000000, 0.000000000000000000, 8.077500000000002345 ) ) ;
#5373 = LOCAL_TIME ( 17, 51, 19.00000000000000000, #1942 ) ;
#5374 = CARTESIAN_POINT ( 'NONE',  ( -2.298758245762893004, -1.927617837523067257, -9.750000000000001776 ) ) ;
#5375 = ORIENTED_EDGE ( 'NONE', *, *, #2700, .T. ) ;
#5376 = DIRECTION ( 'NONE',  ( 0.3746065934159049648, -0.9271838545667903109, 0.000000000000000000 ) ) ;
#5377 = EDGE_CURVE ( 'NONE', #5183, #4285, #9000, .T. ) ;
#5378 = B_SPLINE_CURVE_WITH_KNOTS ( 'NONE', 3,
 ( #8326, #4791, #11042, #8200 ),
 .UNSPECIFIED., .F., .F.,
 ( 4, 4 ),
 ( 3.054997924344129329E-07, 0.0002759181450133580890 ),
 .UNSPECIFIED. ) ;
#5379 = CARTESIAN_POINT ( 'NONE',  ( -1.892491597964134370E-16, -1.545336663013173073, -8.262500000000004619 ) ) ;
#5380 = CARTESIAN_POINT ( 'NONE',  ( 0.000000000000000000, 0.000000000000000000, -5.774999999999992362 ) ) ;
#5381 = VERTEX_POINT ( 'NONE', #4929 ) ;
#5382 = VECTOR ( 'NONE', #8485, 1000.000000000000000 ) ;
#5383 = CARTESIAN_POINT ( 'NONE',  ( -2.272957911392660346, -1.863759769109562869, 9.510800894373550918 ) ) ;
#5384 = EDGE_LOOP ( 'NONE', ( #4551, #10745, #7180 ) ) ;
#5385 = LINE ( 'NONE', #8941, #4597 ) ;
#5386 = EDGE_LOOP ( 'NONE', ( #217, #8609 ) ) ;
#5387 = CARTESIAN_POINT ( 'NONE',  ( 0.3879131709672491990, -1.604673854256765786, -9.578993884971065853 ) ) ;
#5388 = CARTESIAN_POINT ( 'NONE',  ( 0.9279757276600382188, -2.852868915473304678, 9.449999999999999289 ) ) ;
#5389 = CARTESIAN_POINT ( 'NONE',  ( 0.000000000000000000, 0.000000000000000000, 8.077500000000000568 ) ) ;
#5390 = CARTESIAN_POINT ( 'NONE',  ( -1.424589363795881525, -0.6121026948314290950, -6.370336663013147493 ) ) ;
#5391 = CARTESIAN_POINT ( 'NONE',  ( 0.000000000000000000, 2.000000000000003553, -8.350000000000003197 ) ) ;
#5392 = CARTESIAN_POINT ( 'NONE',  ( 0.9276160617663065100, -2.854908682117561547, 8.077500000000002345 ) ) ;
#5393 = ORIENTED_EDGE ( 'NONE', *, *, #3128, .F. ) ;
#5394 = CARTESIAN_POINT ( 'NONE',  ( -0.9639996296761036421, 2.648567214897816768, 8.077500000000002345 ) ) ;
#5395 = VERTEX_POINT ( 'NONE', #2448 ) ;
#5396 = B_SPLINE_CURVE_WITH_KNOTS ( 'NONE', 3,
 ( #11139, #3227, #5058, #579 ),
 .UNSPECIFIED., .F., .F.,
 ( 4, 4 ),
 ( 3.054997924345531698E-07, 0.0002759181450133579264 ),
 .UNSPECIFIED. ) ;
#5397 = DIRECTION ( 'NONE',  ( 0.000000000000000000, -0.000000000000000000, 1.000000000000000000 ) ) ;
#5398 = CARTESIAN_POINT ( 'NONE',  ( -1.314239397301729673, -2.696808262850733051, 9.449999999999999289 ) ) ;
#5399 = DIRECTION ( 'NONE',  ( -0.000000000000000000, -0.000000000000000000, 1.000000000000000000 ) ) ;
#5400 = EDGE_CURVE ( 'NONE', #8531, #8799, #5482, .T. ) ;
#5401 = ORIENTED_EDGE ( 'NONE', *, *, #1656, .F. ) ;
#5402 = ADVANCED_FACE ( 'NONE', ( #1681 ), #5270, .T. ) ;
#5403 = ORIENTED_EDGE ( 'NONE', *, *, #2411, .F. ) ;
#5404 = CARTESIAN_POINT ( 'NONE',  ( 2.992759823733687874, -0.2082993937713405741, -9.750000000000001776 ) ) ;
#5405 = CARTESIAN_POINT ( 'NONE',  ( 0.000000000000000000, 0.000000000000000000, 8.077500000000000568 ) ) ;
#5406 = ORIENTED_EDGE ( 'NONE', *, *, #5930, .F. ) ;
#5407 = CARTESIAN_POINT ( 'NONE',  ( 0.1358622771315940447, 2.936235614790890125, 9.510800894373550918 ) ) ;
#5408 = LINE ( 'NONE', #4514, #9554 ) ;
#5409 = CARTESIAN_POINT ( 'NONE',  ( 0.000000000000000000, 0.000000000000000000, 5.470000000000000639 ) ) ;
#5410 = CARTESIAN_POINT ( 'NONE',  ( -1.450565118862508163, -1.563324737274096599, -5.263626543119859669 ) ) ;
#5411 = ORIENTED_EDGE ( 'NONE', *, *, #907, .T. ) ;
#5412 = DIRECTION ( 'NONE',  ( -0.000000000000000000, -0.000000000000000000, -1.000000000000000000 ) ) ;
#5413 = ORIENTED_EDGE ( 'NONE', *, *, #4114, .F. ) ;
#5414 = ADVANCED_FACE ( 'NONE', ( #1571 ), #7979, .T. ) ;
#5415 = CARTESIAN_POINT ( 'NONE',  ( 2.649299146609910505, 1.407556049247064012, -9.750000000000001776 ) ) ;
#5416 = CARTESIAN_POINT ( 'NONE',  ( 0.000000000000000000, 0.000000000000000000, 9.449999999999999289 ) ) ;
#5417 = ORIENTED_EDGE ( 'NONE', *, *, #2983, .F. ) ;
#5418 = ORIENTED_EDGE ( 'NONE', *, *, #4541, .F. ) ;
#5419 =( BOUNDED_CURVE ( )  B_SPLINE_CURVE ( 2, ( #3596, #6308, #8935, #8144, #10879, #5496, #3771, #8998, #7398 ),
 .UNSPECIFIED., .F., .F. ) 
 B_SPLINE_CURVE_WITH_KNOTS ( ( 3, 2, 2, 2, 3 ),
 ( 0.01009228940152076710, 0.01113733758958161506, 0.01322743396570330229, 0.01531753034182498086, 0.01636257852985881223 ),
 .UNSPECIFIED. ) 
 CURVE ( )  GEOMETRIC_REPRESENTATION_ITEM ( )  RATIONAL_B_SPLINE_CURVE ( ( 0.9330127018922192983, 0.9330127018922189652, 1.000000000000000000, 0.8660254037844387076, 1.000000000000000000, 0.8660254037844387076, 1.000000000000000000, 0.9330127018939506911, 0.9330127018922192983 ) ) 
 REPRESENTATION_ITEM ( '' )  );
#5420 =( NAMED_UNIT ( * ) SI_UNIT ( $, .STERADIAN. ) SOLID_ANGLE_UNIT ( ) );
#5421 = CARTESIAN_POINT ( 'NONE',  ( 0.5860087391484866126, 2.756954358615470113, 9.631453640997325039 ) ) ;
#5422 = ORIENTED_EDGE ( 'NONE', *, *, #6145, .T. ) ;
#5423 = ORIENTED_EDGE ( 'NONE', *, *, #816, .T. ) ;
#5424 = CYLINDRICAL_SURFACE ( 'NONE', #813, 1.859999999999999876 ) ;
#5425 = LINE ( 'NONE', #5481, #6186 ) ;
#5426 = CARTESIAN_POINT ( 'NONE',  ( -2.878148196475317722, -0.06576205455710390502, 9.571310031034848009 ) ) ;
#5427 = CARTESIAN_POINT ( 'NONE',  ( -1.846218079001083145, 2.364630796714267014, 9.449999999999999289 ) ) ;
#5428 = VERTEX_POINT ( 'NONE', #11347 ) ;
#5429 = DIRECTION ( 'NONE',  ( -0.8829475928589225475, 0.4694715627858989104, 0.000000000000000000 ) ) ;
#5430 = EDGE_CURVE ( 'NONE', #6171, #6342, #3377, .T. ) ;
#5431 = ADVANCED_FACE ( 'NONE', ( #9609 ), #7564, .F. ) ;
#5432 = CARTESIAN_POINT ( 'NONE',  ( 2.885542882574263057, 0.8274161069873321450, 8.077500000000002345 ) ) ;
#5433 = EDGE_CURVE ( 'NONE', #1222, #1168, #1918, .T. ) ;
#5434 = PLANE ( 'NONE',  #3085 ) ;
#5435 = DIRECTION ( 'NONE',  ( -0.3420201433256773726, -0.9396926207859053193, 0.000000000000000000 ) ) ;
#5436 = VERTEX_POINT ( 'NONE', #5738 ) ;
#5437 = CARTESIAN_POINT ( 'NONE',  ( 2.816829376715345390, 0.09836584936185029104, 9.750000000000001776 ) ) ;
#5438 = CARTESIAN_POINT ( 'NONE',  ( 0.7248221475198892705, -2.911122267178871681, -9.750000000000001776 ) ) ;
#5439 = CARTESIAN_POINT ( 'NONE',  ( 0.8922005383792542821, 1.545336663013172851, -6.658333333333338544 ) ) ;
#5440 = ADVANCED_FACE ( 'NONE', ( #2744 ), #3953, .F. ) ;
#5441 = ADVANCED_FACE ( 'NONE', ( #7505 ), #5512, .T. ) ;
#5442 = CARTESIAN_POINT ( 'NONE',  ( -1.848110244803813584, 2.365473243207002252, 8.077500000000002345 ) ) ;
#5443 = ORIENTED_EDGE ( 'NONE', *, *, #9373, .F. ) ;
#5444 = VECTOR ( 'NONE', #6978, 1000.000000000000000 ) ;
#5445 = DIRECTION ( 'NONE',  ( 0.000000000000000000, 0.000000000000000000, -1.000000000000000000 ) ) ;
#5446 = DIRECTION ( 'NONE',  ( 0.4999999999999919509, -0.8660254037844432595, 0.000000000000000000 ) ) ;
#5447 = ORIENTED_EDGE ( 'NONE', *, *, #4212, .T. ) ;
#5448 = PLANE ( 'NONE',  #9444 ) ;
#5449 = CARTESIAN_POINT ( 'NONE',  ( 0.000000000000000000, 0.000000000000000000, 8.077500000000002345 ) ) ;
#5450 = PLANE ( 'NONE',  #1784 ) ;
#5451 = CARTESIAN_POINT ( 'NONE',  ( -1.841185188751048418, -0.1884934747087756990, -9.383814811248964105 ) ) ;
#5452 = VERTEX_POINT ( 'NONE', #3724 ) ;
#5453 = DIRECTION ( 'NONE',  ( 0.9902680687415629235, -0.1391731009601182845, 0.000000000000000000 ) ) ;
#5454 = ORIENTED_EDGE ( 'NONE', *, *, #7516, .T. ) ;
#5455 = CARTESIAN_POINT ( 'NONE',  ( -0.5219021180699408013, 2.954254250932730308, 8.077500000000000568 ) ) ;
#5456 = VECTOR ( 'NONE', #9307, 1000.000000000000000 ) ;
#5457 = EDGE_CURVE ( 'NONE', #4611, #4325, #3021, .T. ) ;
#5458 = CARTESIAN_POINT ( 'NONE',  ( 1.000000000000000000, 0.5773502691896259531, 8.250000000000001776 ) ) ;
#5459 = ORIENTED_EDGE ( 'NONE', *, *, #716, .F. ) ;
#5460 = ORIENTED_EDGE ( 'NONE', *, *, #549, .T. ) ;
#5461 = ORIENTED_EDGE ( 'NONE', *, *, #2155, .F. ) ;
#5462 = DIRECTION ( 'NONE',  ( -0.000000000000000000, -0.000000000000000000, -1.000000000000000000 ) ) ;
#5463 = CARTESIAN_POINT ( 'NONE',  ( 1.784401076758506788, -3.763923298982691022E-16, -9.575000000000004619 ) ) ;
#5464 = AXIS2_PLACEMENT_3D ( 'NONE', #2475, #9747, #46 ) ;
#5465 = EDGE_CURVE ( 'NONE', #3619, #4234, #9428, .T. ) ;
#5466 = CARTESIAN_POINT ( 'NONE',  ( -1.338300807568880035, 0.7726683315065867586, -9.195833333333336412 ) ) ;
#5467 = CARTESIAN_POINT ( 'NONE',  ( 0.000000000000000000, 1.545336663013173073, -10.10000000000000497 ) ) ;
#5468 = EDGE_LOOP ( 'NONE', ( #756, #4748, #10780, #7637 ) ) ;
#5469 = PLANE ( 'NONE',  #11187 ) ;
#5470 = DIRECTION ( 'NONE',  ( -0.000000000000000000, -0.000000000000000000, -1.000000000000000000 ) ) ;
#5471 = EDGE_LOOP ( 'NONE', ( #4718, #4731, #1946, #10548 ) ) ;
#5472 = CARTESIAN_POINT ( 'NONE',  ( 2.440932748640454619, 1.409273179501332240, 9.750000000000001776 ) ) ;
#5473 = CARTESIAN_POINT ( 'NONE',  ( 0.000000000000000000, 0.000000000000000000, 9.449999999999999289 ) ) ;
#5474 = EDGE_LOOP ( 'NONE', ( #6522, #11009, #9458, #3048 ) ) ;
#5475 = VECTOR ( 'NONE', #4330, 999.9999999999998863 ) ;
#5476 = ORIENTED_EDGE ( 'NONE', *, *, #6465, .T. ) ;
#5477 = ORIENTED_EDGE ( 'NONE', *, *, #7222, .F. ) ;
#5478 = B_SPLINE_CURVE_WITH_KNOTS ( 'NONE', 3,
 ( #4427, #10762, #7958, #11512 ),
 .UNSPECIFIED., .F., .F.,
 ( 4, 4 ),
 ( 3.021976174286710174E-07, 0.0002759148428383532427 ),
 .UNSPECIFIED. ) ;
#5479 = EDGE_LOOP ( 'NONE', ( #3506, #8354, #7459, #5406 ) ) ;
#5480 = EDGE_CURVE ( 'NONE', #9800, #70, #493, .T. ) ;
#5481 = CARTESIAN_POINT ( 'NONE',  ( 1.676772478465716976, 2.487656337893145331, -9.750000000000001776 ) ) ;
#5482 = CIRCLE ( 'NONE', #10096, 3.000000000000000000 ) ;
#5483 = CARTESIAN_POINT ( 'NONE',  ( -2.648386132258334413, -1.409273179501313589, 9.449999999999999289 ) ) ;
#5484 = ORIENTED_EDGE ( 'NONE', *, *, #3855, .F. ) ;
#5485 = ORIENTED_EDGE ( 'NONE', *, *, #6650, .T. ) ;
#5486 = ORIENTED_EDGE ( 'NONE', *, *, #444, .T. ) ;
#5487 = CARTESIAN_POINT ( 'NONE',  ( 0.000000000000000000, 0.000000000000000000, 8.077500000000000568 ) ) ;
#5488 = AXIS2_PLACEMENT_3D ( 'NONE', #5918, #6548, #10073 ) ;
#5489 = CARTESIAN_POINT ( 'NONE',  ( -1.656699982724391340, 2.280251903866816310, 8.077500000000002345 ) ) ;
#5490 = AXIS2_PLACEMENT_3D ( 'NONE', #5195, #4369, #11518 ) ;
#5491 = ADVANCED_FACE ( 'NONE', ( #3299 ), #6001, .T. ) ;
#5492 = FACE_OUTER_BOUND ( 'NONE', #2730, .T. ) ;
#5493 = FACE_OUTER_BOUND ( 'NONE', #2311, .T. ) ;
#5494 = VECTOR ( 'NONE', #19, 1000.000000000000000 ) ;
#5495 = ORIENTED_EDGE ( 'NONE', *, *, #7790, .F. ) ;
#5496 = CARTESIAN_POINT ( 'NONE',  ( 1.154700538379320074, 2.000000000000116351, -7.620833333333403736 ) ) ;
#5497 = CARTESIAN_POINT ( 'NONE',  ( 0.5199868932015627720, -2.954591956751149606, 8.077500000000000568 ) ) ;
#5498 = CARTESIAN_POINT ( 'NONE',  ( -1.124721301024982578, 2.781187155698205071, -9.750000000000001776 ) ) ;
#5499 = PLANE ( 'NONE',  #8647 ) ;
#5500 = ORIENTED_EDGE ( 'NONE', *, *, #10037, .T. ) ;
#5501 = VECTOR ( 'NONE', #1340, 1000.000000000000000 ) ;
#5502 = EDGE_CURVE ( 'NONE', #3883, #2743, #218, .T. ) ;
#5503 = ADVANCED_FACE ( 'NONE', ( #9579 ), #8694, .F. ) ;
#5504 = CARTESIAN_POINT ( 'NONE',  ( -2.336680831601410269, 1.576111122057635594, 8.077500000000002345 ) ) ;
#5505 = CARTESIAN_POINT ( 'NONE',  ( 2.816829376715344946, -0.09836584936186998362, 9.631453640997325039 ) ) ;
#5506 = CARTESIAN_POINT ( 'NONE',  ( 0.000000000000000000, 0.000000000000000000, 9.750000000000001776 ) ) ;
#5507 = CARTESIAN_POINT ( 'NONE',  ( 2.426479301982344072, -1.764142340360118411, 9.449999999999999289 ) ) ;
#5508 = ORIENTED_EDGE ( 'NONE', *, *, #11159, .T. ) ;
#5509 = LINE ( 'NONE', #9017, #6417 ) ;
#5510 = EDGE_CURVE ( 'NONE', #10392, #10199, #118, .T. ) ;
#5511 = ORIENTED_EDGE ( 'NONE', *, *, #5430, .F. ) ;
#5512 = CYLINDRICAL_SURFACE ( 'NONE', #3392, 1.999999999999992673 ) ;
#5513 = CARTESIAN_POINT ( 'NONE',  ( 1.124504798187673238, -2.783247042597900567, 8.077500000000002345 ) ) ;
#5514 = TOROIDAL_SURFACE ( 'NONE', #9947, 1.999999999999995781, 0.5249999999999891420 ) ;
#5515 = LINE ( 'NONE', #142, #7160 ) ;
#5516 = CARTESIAN_POINT ( 'NONE',  ( 0.000000000000000000, 0.000000000000000000, 8.077500000000002345 ) ) ;
#5517 = ORIENTED_EDGE ( 'NONE', *, *, #137, .F. ) ;
#5518 = ORIENTED_EDGE ( 'NONE', *, *, #5008, .T. ) ;
#5519 = VERTEX_POINT ( 'NONE', #9876 ) ;
#5520 = CARTESIAN_POINT ( 'NONE',  ( 0.3922658369820865576, -2.791116459588166787, 8.077500000000002345 ) ) ;
#5521 = CARTESIAN_POINT ( 'NONE',  ( -1.176575538379255104, -2.037888611415573870, -9.392708333333338544 ) ) ;
#5522 = AXIS2_PLACEMENT_3D ( 'NONE', #4309, #1669, #11467 ) ;
#5523 = AXIS2_PLACEMENT_3D ( 'NONE', #4239, #593, #1537 ) ;
#5524 = B_SPLINE_CURVE_WITH_KNOTS ( 'NONE', 3,
 ( #6190, #9712, #1800, #1732, #5390, #8891 ),
 .UNSPECIFIED., .F., .F.,
 ( 4, 2, 4 ),
 ( 0.0004429486941470713946, 0.0008225110586984410183, 0.001202073423249810750 ),
 .UNSPECIFIED. ) ;
#5525 = CARTESIAN_POINT ( 'NONE',  ( 2.427622409283272997, 1.762568988137961146, 9.449999999999999289 ) ) ;
#5526 = EDGE_CURVE ( 'NONE', #5395, #1645, #8005, .T. ) ;
#5527 = CARTESIAN_POINT ( 'NONE',  ( 0.1661679175825276356, 2.874099843752820238, 9.571310031034848009 ) ) ;
#5528 = CARTESIAN_POINT ( 'NONE',  ( 0.8922005383792542821, 1.545336663013172851, -7.970833333333336768 ) ) ;
#5529 = ORIENTED_EDGE ( 'NONE', *, *, #2625, .T. ) ;
#5530 = ORIENTED_EDGE ( 'NONE', *, *, #5144, .F. ) ;
#5531 = CARTESIAN_POINT ( 'NONE',  ( 0.000000000000000000, 0.000000000000000000, 9.449999999999999289 ) ) ;
#5532 = VECTOR ( 'NONE', #2064, 1000.000000000000114 ) ;
#5533 = VECTOR ( 'NONE', #4248, 1000.000000000000000 ) ;
#5534 = ORIENTED_EDGE ( 'NONE', *, *, #5866, .T. ) ;
#5535 = VERTEX_POINT ( 'NONE', #7896 ) ;
#5536 = PERSON_AND_ORGANIZATION ( #3273, #5164 ) ;
#5537 = EDGE_CURVE ( 'NONE', #8972, #2226, #10518, .T. ) ;
#5538 = PLANE ( 'NONE',  #2507 ) ;
#5539 = ORIENTED_EDGE ( 'NONE', *, *, #3698, .F. ) ;
#5540 = PLANE ( 'NONE',  #1892 ) ;
#5541 = ORIENTED_EDGE ( 'NONE', *, *, #2876, .F. ) ;
#5542 = PLANE ( 'NONE',  #4566 ) ;
#5543 = AXIS2_PLACEMENT_3D ( 'NONE', #8601, #557, #508 ) ;
#5544 = AXIS2_PLACEMENT_3D ( 'NONE', #1581, #4328, #5282 ) ;
#5545 = LINE ( 'NONE', #7326, #11215 ) ;
#5546 = PLANE ( 'NONE',  #1709 ) ;
#5547 = CARTESIAN_POINT ( 'NONE',  ( -1.892491597964134370E-16, -1.545336663013173073, -8.262500000000004619 ) ) ;
#5548 = PLANE ( 'NONE',  #9498 ) ;
#5549 = VERTEX_POINT ( 'NONE', #9691 ) ;
#5550 = CARTESIAN_POINT ( 'NONE',  ( 2.734823486451063879, -0.6818680780054792168, 9.631453640997325039 ) ) ;
#5551 = VERTEX_POINT ( 'NONE', #5306 ) ;
#5552 = B_SPLINE_CURVE_WITH_KNOTS ( 'NONE', 3,
 ( #1315, #8423, #436, #2378 ),
 .UNSPECIFIED., .F., .F.,
 ( 4, 4 ),
 ( 3.054997924344442202E-07, 0.0002759181450133578722 ),
 .UNSPECIFIED. ) ;
#5553 = CARTESIAN_POINT ( 'NONE',  ( -1.122918141402856396, -2.781915679474911585, 9.449999999999999289 ) ) ;
#5554 = ADVANCED_FACE ( 'NONE', ( #842 ), #4420, .F. ) ;
#5555 = AXIS2_PLACEMENT_3D ( 'NONE', #4905, #438, #1488 ) ;
#5556 = EDGE_CURVE ( 'NONE', #4464, #4377, #5095, .T. ) ;
#5557 = CARTESIAN_POINT ( 'NONE',  ( -1.131920505072462113, -2.712691304610666432, 9.510800894373550918 ) ) ;
#5558 = CARTESIAN_POINT ( 'NONE',  ( 4.433605334556190233E-16, -1.154700538379251684, 8.250000000000001776 ) ) ;
#5559 = CARTESIAN_POINT ( 'NONE',  ( 2.158694763139499262, 2.083275526567261338, -9.750000000000001776 ) ) ;
#5560 = VERTEX_POINT ( 'NONE', #2190 ) ;
#5561 = DIRECTION ( 'NONE',  ( 0.6946583704590066910, 0.7193398003386420880, 0.000000000000000000 ) ) ;
#5562 = VERTEX_POINT ( 'NONE', #6580 ) ;
#5563 = CARTESIAN_POINT ( 'NONE',  ( 0.000000000000000000, 0.000000000000000000, 9.449999999999999289 ) ) ;
#5564 = CYLINDRICAL_SURFACE ( 'NONE', #9734, 3.000000000000000000 ) ;
#5565 = DIRECTION ( 'NONE',  ( -0.03489949670245136998, 0.9993908270190975385, 0.000000000000000000 ) ) ;
#5566 = VERTEX_POINT ( 'NONE', #4659 ) ;
#5567 = CARTESIAN_POINT ( 'NONE',  ( 0.000000000000000000, 0.000000000000000000, 9.449999999999999289 ) ) ;
#5568 = AXIS2_PLACEMENT_3D ( 'NONE', #11156, #10407, #10290 ) ;
#5569 = CARTESIAN_POINT ( 'NONE',  ( -1.000000000000000000, 0.5773502691896256200, 8.250000000000001776 ) ) ;
#5570 = DIRECTION ( 'NONE',  ( -0.8829475928589047840, 0.4694715627859324947, 0.000000000000000000 ) ) ;
#5571 = AXIS2_PLACEMENT_3D ( 'NONE', #3183, #2205, #9352 ) ;
#5572 = ORIENTED_EDGE ( 'NONE', *, *, #1962, .T. ) ;
#5573 = CARTESIAN_POINT ( 'NONE',  ( 2.405959518911567674, 1.580955559796831889, 9.571310031034848009 ) ) ;
#5574 = DIRECTION ( 'NONE',  ( -0.000000000000000000, -0.000000000000000000, -1.000000000000000000 ) ) ;
#5575 = ORIENTED_EDGE ( 'NONE', *, *, #2784, .T. ) ;
#5576 = CARTESIAN_POINT ( 'NONE',  ( 0.9062599177585693999, -1.251702186431309594, -9.679663336986674693 ) ) ;
#5577 = DIRECTION ( 'NONE',  ( 0.000000000000000000, 0.000000000000000000, -1.000000000000000000 ) ) ;
#5578 = ORIENTED_EDGE ( 'NONE', *, *, #1260, .F. ) ;
#5579 = EDGE_LOOP ( 'NONE', ( #10857, #5086, #1534, #831 ) ) ;
#5581 = VECTOR ( 'NONE', #225, 1000.000000000000114 ) ;
#5580 = B_SPLINE_CURVE_WITH_KNOTS ( 'NONE', 3,
 ( #7512, #10827, #1090, #10891 ),
 .UNSPECIFIED., .F., .F.,
 ( 4, 4 ),
 ( 3.021976174299576605E-07, 0.0002759148428383539475 ),
 .UNSPECIFIED. ) ;
#5582 = EDGE_CURVE ( 'NONE', #1523, #7744, #9238, .T. ) ;
#5583 = EDGE_CURVE ( 'NONE', #2872, #5752, #5778, .T. ) ;
#5584 = ORIENTED_EDGE ( 'NONE', *, *, #2263, .F. ) ;
#5585 = CARTESIAN_POINT ( 'NONE',  ( -1.676772478465734295, -2.487656337893134229, -9.750000000000001776 ) ) ;
#5586 = CARTESIAN_POINT ( 'NONE',  ( 1.764863307568882433, 1.018944305707785603, -9.801041666666673535 ) ) ;
#5587 = EDGE_CURVE ( 'NONE', #3336, #7250, #9286, .T. ) ;
#5588 = CARTESIAN_POINT ( 'NONE',  ( -2.094588142060965996, 1.885975634250037558, 9.750000000000001776 ) ) ;
#5589 = PLANE ( 'NONE',  #10447 ) ;
#5590 = CARTESIAN_POINT ( 'NONE',  ( -1.764863307568881767, -1.018944305707786713, -5.994791666666668739 ) ) ;
#5591 = VERTEX_POINT ( 'NONE', #5663 ) ;
#5592 = FACE_OUTER_BOUND ( 'NONE', #8537, .T. ) ;
#5593 = FACE_OUTER_BOUND ( 'NONE', #8285, .T. ) ;
#5594 = VERTEX_POINT ( 'NONE', #8316 ) ;
#5595 = DIRECTION ( 'NONE',  ( 0.9135454576426025319, 0.4067366430757964890, 0.000000000000000000 ) ) ;
#5596 = PLANE ( 'NONE',  #4355 ) ;
#5597 = VERTEX_POINT ( 'NONE', #307 ) ;
#5598 = ORIENTED_EDGE ( 'NONE', *, *, #8187, .F. ) ;
#5599 = EDGE_CURVE ( 'NONE', #7780, #5551, #7219, .T. ) ;
#5600 = ORIENTED_EDGE ( 'NONE', *, *, #3550, .F. ) ;
#5601 = PERSON_AND_ORGANIZATION ( #3273, #5164 ) ;
#5602 = CARTESIAN_POINT ( 'NONE',  ( -2.000000000000003553, -4.764381983412778688E-15, -7.387500000000005507 ) ) ;
#5603 = VERTEX_POINT ( 'NONE', #7438 ) ;
#5604 = PLANE ( 'NONE',  #6618 ) ;
#5605 = CARTESIAN_POINT ( 'NONE',  ( 0.000000000000000000, 0.000000000000000000, 8.077500000000000568 ) ) ;
#5606 = DIRECTION ( 'NONE',  ( 0.6156614753256497430, -0.7880107536067286755, 0.000000000000000000 ) ) ;
#5607 = ORIENTED_EDGE ( 'NONE', *, *, #5945, .F. ) ;
#5608 = CARTESIAN_POINT ( 'NONE',  ( 2.650457365590940473, 1.409273179501331796, 9.750000000000001776 ) ) ;
#5609 = ORIENTED_EDGE ( 'NONE', *, *, #6436, .T. ) ;
#5610 = EDGE_CURVE ( 'NONE', #4206, #5685, #7500, .T. ) ;
#5611 = DIRECTION ( 'NONE',  ( -0.5591929034707379120, 0.8290375725550477304, 0.000000000000000000 ) ) ;
#5612 = LINE ( 'NONE', #5783, #7743 ) ;
#5613 = CARTESIAN_POINT ( 'NONE',  ( -1.784401076758506788, 6.065988351121004614E-17, -7.737500000000004263 ) ) ;
#5614 = DIRECTION ( 'NONE',  ( 0.1045284632676551639, 0.9945218953682732899, 0.000000000000000000 ) ) ;
#5615 = EDGE_CURVE ( 'NONE', #9328, #7655, #6110, .T. ) ;
#5616 = LINE ( 'NONE', #2146, #1164 ) ;
#5617 = ORIENTED_EDGE ( 'NONE', *, *, #1501, .T. ) ;
#5618 = CARTESIAN_POINT ( 'NONE',  ( -1.122918141402800885, 2.781915679474933789, 9.449999999999999289 ) ) ;
#5619 = PLANE ( 'NONE',  #8206 ) ;
#5620 = CARTESIAN_POINT ( 'NONE',  ( -1.957926820807955881, -2.027492575130200425, 8.077500000000002345 ) ) ;
#5621 = LINE ( 'NONE', #8329, #8263 ) ;
#5622 = FACE_OUTER_BOUND ( 'NONE', #6270, .T. ) ;
#5623 = DIRECTION ( 'NONE',  ( 0.9612616959383174509, -0.2756373558170044369, 0.000000000000000000 ) ) ;
#5624 = LINE ( 'NONE', #9128, #3877 ) ;
#5625 = CARTESIAN_POINT ( 'NONE',  ( 0.3235293953625346108, -0.9679107548759356972, 9.611735735160802818 ) ) ;
#5626 = PLANE ( 'NONE',  #3362 ) ;
#5627 = EDGE_CURVE ( 'NONE', #5549, #3631, #4060, .T. ) ;
#5628 = VERTEX_POINT ( 'NONE', #5831 ) ;
#5629 = PLANE ( 'NONE',  #6036 ) ;
#5630 = FACE_OUTER_BOUND ( 'NONE', #2621, .T. ) ;
#5631 = DIRECTION ( 'NONE',  ( -0.000000000000000000, -0.000000000000000000, 1.000000000000000000 ) ) ;
#5632 = CARTESIAN_POINT ( 'NONE',  ( 2.741031733634765821, 1.219321547093789482, 8.077500000000000568 ) ) ;
#5633 = ORIENTED_EDGE ( 'NONE', *, *, #6162, .F. ) ;
#5634 = ORIENTED_EDGE ( 'NONE', *, *, #11132, .T. ) ;
#5635 = ORIENTED_EDGE ( 'NONE', *, *, #2775, .F. ) ;
#5636 = FACE_OUTER_BOUND ( 'NONE', #2845, .T. ) ;
#5637 = CARTESIAN_POINT ( 'NONE',  ( 1.338300807568880924, 0.7726683315065854263, -6.016666666666671937 ) ) ;
#5638 = VECTOR ( 'NONE', #9705, 1000.000000000000000 ) ;
#5639 = AXIS2_PLACEMENT_3D ( 'NONE', #2789, #8760, #7227 ) ;
#5640 = CARTESIAN_POINT ( 'NONE',  ( 1.176575538379253549, -2.037888611415574758, -5.819791666666668917 ) ) ;
#5641 = VECTOR ( 'NONE', #6765, 1000.000000000000114 ) ;
#5642 = EDGE_CURVE ( 'NONE', #10288, #6516, #6858, .T. ) ;
#5643 = EDGE_CURVE ( 'NONE', #6578, #2696, #9339, .T. ) ;
#5644 = ORIENTED_EDGE ( 'NONE', *, *, #9496, .T. ) ;
#5645 = ORIENTED_EDGE ( 'NONE', *, *, #11434, .T. ) ;
#5646 = EDGE_CURVE ( 'NONE', #8284, #1275, #12, .T. ) ;
#5647 = FACE_OUTER_BOUND ( 'NONE', #2415, .T. ) ;
#5648 = CARTESIAN_POINT ( 'NONE',  ( -2.613310677415272565, 1.055846049930844188, 9.631453640997325039 ) ) ;
#5649 = LINE ( 'NONE', #1880, #1180 ) ;
#5650 = ORIENTED_EDGE ( 'NONE', *, *, #3280, .F. ) ;
#5651 = ORIENTED_EDGE ( 'NONE', *, *, #10803, .F. ) ;
#5652 = PERSON_AND_ORGANIZATION_ROLE ( 'design_owner' ) ;
#5653 = VECTOR ( 'NONE', #7948, 1000.000000000000000 ) ;
#5654 = LINE ( 'NONE', #4826, #9006 ) ;
#5655 = CARTESIAN_POINT ( 'NONE',  ( 0.000000000000000000, 0.000000000000000000, 8.077500000000002345 ) ) ;
#5656 = EDGE_LOOP ( 'NONE', ( #4111, #2732, #10990 ) ) ;
#5657 = PLANE ( 'NONE',  #4737 ) ;
#5658 = EDGE_CURVE ( 'NONE', #9534, #9284, #10746, .T. ) ;
#5659 = ADVANCED_FACE ( 'NONE', ( #823 ), #2701, .T. ) ;
#5660 = DIRECTION ( 'NONE',  ( 0.9975640502598236425, -0.06975647374413400381, 0.000000000000000000 ) ) ;
#5661 = VECTOR ( 'NONE', #3307, 1000.000000000000000 ) ;
#5662 = VERTEX_POINT ( 'NONE', #3633 ) ;
#5663 = CARTESIAN_POINT ( 'NONE',  ( -1.678384766113690807, -2.486568836142987404, 8.077500000000000568 ) ) ;
#5664 = EDGE_CURVE ( 'NONE', #6516, #1101, #9859, .T. ) ;
#5665 = CARTESIAN_POINT ( 'NONE',  ( 0.000000000000000000, 0.000000000000000000, 9.449999999999999289 ) ) ;
#5666 = ORIENTED_EDGE ( 'NONE', *, *, #4810, .T. ) ;
#5667 = CARTESIAN_POINT ( 'NONE',  ( 1.848110244803844004, 2.365473243206977383, 9.750000000000001776 ) ) ;
#5668 = VECTOR ( 'NONE', #6879, 1000.000000000000114 ) ;
#5669 = CARTESIAN_POINT ( 'NONE',  ( 2.649299146609900735, -1.407556049247082441, 9.449999999999999289 ) ) ;
#5670 = VECTOR ( 'NONE', #3937, 1000.000000000000000 ) ;
#5671 = CARTESIAN_POINT ( 'NONE',  ( -3.000000000000000000, 0.000000000000000000, 9.449999999999999289 ) ) ;
#5672 = LINE ( 'NONE', #3072, #1019 ) ;
#5673 = EDGE_CURVE ( 'NONE', #2532, #4592, #7340, .T. ) ;
#5674 = DIRECTION ( 'NONE',  ( 0.1045284632677030145, 0.9945218953682680718, 0.000000000000000000 ) ) ;
#5675 = ORIENTED_EDGE ( 'NONE', *, *, #2223, .F. ) ;
#5676 = DIRECTION ( 'NONE',  ( -0.000000000000000000, -0.000000000000000000, -1.000000000000000000 ) ) ;
#5677 = ORIENTED_EDGE ( 'NONE', *, *, #4665, .T. ) ;
#5678 = CARTESIAN_POINT ( 'NONE',  ( -4.336808689942017736E-16, 1.154700538379251684, 9.750000000000001776 ) ) ;
#5679 = VECTOR ( 'NONE', #2363, 1000.000000000000227 ) ;
#5680 = DIRECTION ( 'NONE',  ( 0.03489949670250612479, 0.9993908270190954291, 0.000000000000000000 ) ) ;
#5681 = ADVANCED_FACE ( 'NONE', ( #9628 ), #7202, .T. ) ;
#5682 = VECTOR ( 'NONE', #3327, 1000.000000000000000 ) ;
#5683 = CARTESIAN_POINT ( 'NONE',  ( 8.673617379884035472E-16, -1.154700538379251684, 9.750000000000001776 ) ) ;
#5684 = FACE_OUTER_BOUND ( 'NONE', #1642, .T. ) ;
#5685 = VERTEX_POINT ( 'NONE', #8734 ) ;
#5686 = CARTESIAN_POINT ( 'NONE',  ( 2.000000000000003553, 2.449293598294710852E-16, -9.750000000000001776 ) ) ;
#5687 = DIRECTION ( 'NONE',  ( -1.000000000000000000, 0.000000000000000000, 0.000000000000000000 ) ) ;
#5688 = EDGE_LOOP ( 'NONE', ( #5855, #6422, #7434, #10405 ) ) ;
#5689 = CARTESIAN_POINT ( 'NONE',  ( 1.173398033834760268, -1.058288313923116952, -9.654896486579801262 ) ) ;
#5690 = VECTOR ( 'NONE', #8859, 1000.000000000000000 ) ;
#5691 = CARTESIAN_POINT ( 'NONE',  ( -1.908583732397364230, 0.5818020503403540378, -6.814940314227632356 ) ) ;
#5692 = CARTESIAN_POINT ( 'NONE',  ( 1.258519852229781133, -2.656325643714894102, 9.510800894373550918 ) ) ;
#5693 = ORIENTED_EDGE ( 'NONE', *, *, #8686, .T. ) ;
#5694 = CIRCLE ( 'NONE', #994, 3.000000000000000444 ) ;
#5695 = VECTOR ( 'NONE', #2928, 1000.000000000000000 ) ;
#5696 = ORIENTED_EDGE ( 'NONE', *, *, #6845, .F. ) ;
#5697 = VERTEX_POINT ( 'NONE', #6562 ) ;
#5698 = ADVANCED_FACE ( 'NONE', ( #7257 ), #2993, .T. ) ;
#5699 = CARTESIAN_POINT ( 'NONE',  ( -2.934240477815728720, -0.6246861758897213068, 8.077500000000000568 ) ) ;
#5700 = CARTESIAN_POINT ( 'NONE',  ( 2.353151076758508875, -4.808700099505280283E-16, -9.859375000000007105 ) ) ;
#5701 = DIRECTION ( 'NONE',  ( -0.9781476007338044676, 0.2079116908177645884, 0.000000000000000000 ) ) ;
#5702 = DIRECTION ( 'NONE',  ( -0.6691306063588581265, -0.7431448254773943551, 0.000000000000000000 ) ) ;
#5703 = VECTOR ( 'NONE', #5841, 1000.000000000000114 ) ;
#5704 = CARTESIAN_POINT ( 'NONE',  ( 0.6787370179871062836, 2.859939545572212083, 9.510800894373550918 ) ) ;
#5705 = ORIENTED_EDGE ( 'NONE', *, *, #171, .T. ) ;
#5706 = DIRECTION ( 'NONE',  ( 0.000000000000000000, 0.000000000000000000, -1.000000000000000000 ) ) ;
#5707 = DIRECTION ( 'NONE',  ( 0.000000000000000000, -0.000000000000000000, -1.000000000000000000 ) ) ;
#5708 = CARTESIAN_POINT ( 'NONE',  ( 1.498438393337145680, 2.528758692577647071, 9.510800894373550918 ) ) ;
#5709 =( BOUNDED_CURVE ( )  B_SPLINE_CURVE ( 2, ( #6319, #981, #8258, #10054, #7445 ),
 .UNSPECIFIED., .F., .F. ) 
 B_SPLINE_CURVE_WITH_KNOTS ( ( 3, 2, 3 ),
 ( 0.04144626552390121704, 0.04248452683405620767, 0.04303061843032224970 ),
 .UNSPECIFIED. ) 
 CURVE ( )  GEOMETRIC_REPRESENTATION_ITEM ( )  RATIONAL_B_SPLINE_CURVE ( ( 0.9330127018922191873, 0.9330127018934251115, 1.000000000000000000, 0.9647668653403760342, 0.9480652107226230640 ) ) 
 REPRESENTATION_ITEM ( '' )  );
#5710 = ORIENTED_EDGE ( 'NONE', *, *, #3716, .T. ) ;
#5711 = ORIENTED_EDGE ( 'NONE', *, *, #5762, .F. ) ;
#5712 = ORIENTED_EDGE ( 'NONE', *, *, #1337, .T. ) ;
#5713 = AXIS2_PLACEMENT_3D ( 'NONE', #5473, #6979, #7314 ) ;
#5714 = AXIS2_PLACEMENT_3D ( 'NONE', #2522, #6101, #5222 ) ;
#5715 = CC_DESIGN_DATE_AND_TIME_ASSIGNMENT ( #9990, #7262, ( #4113 ) ) ;
#5716 = CARTESIAN_POINT ( 'NONE',  ( 0.1047623084752425798, 2.999999999999999556, 9.750000000000001776 ) ) ;
#5717 = CIRCLE ( 'NONE', #2324, 3.000000000000000000 ) ;
#5718 = ORIENTED_EDGE ( 'NONE', *, *, #11365, .F. ) ;
#5719 = CARTESIAN_POINT ( 'NONE',  ( 2.999999842411182893, 0.0009723851495474988230, 9.449999999999999289 ) ) ;
#5720 = PLANE ( 'NONE',  #9883 ) ;
#5721 = DIRECTION ( 'NONE',  ( 0.7880107536067180174, -0.6156614753256633987, 0.000000000000000000 ) ) ;
#5722 = DIRECTION ( 'NONE',  ( -5.051514762044462259E-15, -1.000000000000000000, 0.000000000000000000 ) ) ;
#5723 = PLANE ( 'NONE',  #10076 ) ;
#5724 = VECTOR ( 'NONE', #1816, 1000.000000000000000 ) ;
#5725 = ORIENTED_EDGE ( 'NONE', *, *, #5774, .T. ) ;
#5726 = ORIENTED_EDGE ( 'NONE', *, *, #7955, .T. ) ;
#5727 = DIRECTION ( 'NONE',  ( 0.9396926207859057634, -0.3420201433256757073, 0.000000000000000000 ) ) ;
#5728 = CARTESIAN_POINT ( 'NONE',  ( -2.495693764988927099E-16, -2.037888611415574314, -7.234375000000006217 ) ) ;
#5729 = EDGE_CURVE ( 'NONE', #699, #10993, #4702, .T. ) ;
#5730 = EDGE_CURVE ( 'NONE', #11392, #5597, #69, .T. ) ;
#5731 = DIRECTION ( 'NONE',  ( -0.6427876096865442479, -0.7660444431189739056, 0.000000000000000000 ) ) ;
#5732 = CIRCLE ( 'NONE', #5543, 3.000000000000000444 ) ;
#5733 = VECTOR ( 'NONE', #9524, 1000.000000000000000 ) ;
#5734 = EDGE_CURVE ( 'NONE', #1924, #1519, #343, .T. ) ;
#5735 = DIRECTION ( 'NONE',  ( -0.9975640502598248638, -0.06975647374411673984, 0.000000000000000000 ) ) ;
#5736 = CARTESIAN_POINT ( 'NONE',  ( -1.298831058049645514E-14, -1.859999999999999876, 5.550000000000000711 ) ) ;
#5737 = DIRECTION ( 'NONE',  ( -0.9612616959383154525, 0.2756373558170112092, 0.000000000000000000 ) ) ;
#5738 = CARTESIAN_POINT ( 'NONE',  ( -2.544659440449367871, 1.588933079815481042, 8.077500000000000568 ) ) ;
#5739 = CIRCLE ( 'NONE', #10353, 3.000000000000000000 ) ;
#5740 = ORIENTED_EDGE ( 'NONE', *, *, #1916, .T. ) ;
#5741 = DIRECTION ( 'NONE',  ( -0.6156614753256579586, -0.7880107536067221252, 0.000000000000000000 ) ) ;
#5742 = AXIS2_PLACEMENT_3D ( 'NONE', #9867, #6207, #8848 ) ;
#5743 = CARTESIAN_POINT ( 'NONE',  ( 2.613310677415287664, 1.055846049930808217, 9.631453640997325039 ) ) ;
#5744 = FACE_OUTER_BOUND ( 'NONE', #2189, .T. ) ;
#5745 = ADVANCED_FACE ( 'NONE', ( #10151 ), #4872, .F. ) ;
#5746 = B_SPLINE_CURVE_WITH_KNOTS ( 'NONE', 3,
 ( #11395, #10648, #3421, #8883 ),
 .UNSPECIFIED., .F., .F.,
 ( 4, 4 ),
 ( 3.054997924345647106E-07, 0.0002759181450133581432 ),
 .UNSPECIFIED. ) ;
#5747 = CARTESIAN_POINT ( 'NONE',  ( 0.3137765339894902361, -2.985384301558947406, 8.077500000000002345 ) ) ;
#5748 = FACE_OUTER_BOUND ( 'NONE', #2234, .T. ) ;
#5749 = FACE_OUTER_BOUND ( 'NONE', #8119, .T. ) ;
#5750 = ORIENTED_EDGE ( 'NONE', *, *, #3087, .F. ) ;
#5751 = CARTESIAN_POINT ( 'NONE',  ( 2.934644818296862301, -0.6227839034877024060, 9.449999999999999289 ) ) ;
#5752 = VERTEX_POINT ( 'NONE', #6726 ) ;
#5753 = DIRECTION ( 'NONE',  ( 0.9975640502598205339, -0.06975647374417844049, 0.000000000000000000 ) ) ;
#5754 = CARTESIAN_POINT ( 'NONE',  ( 1.469792628380437449, -0.6022392375017430188, -9.641421156546616800 ) ) ;
#5755 = CARTESIAN_POINT ( 'NONE',  ( 0.000000000000000000, 0.000000000000000000, 8.077500000000002345 ) ) ;
#5756 = ORIENTED_EDGE ( 'NONE', *, *, #3425, .F. ) ;
#5757 = EDGE_LOOP ( 'NONE', ( #8682, #6475, #766 ) ) ;
#5758 = VERTEX_POINT ( 'NONE', #11297 ) ;
#5759 = LINE ( 'NONE', #3975, #9205 ) ;
#5760 = CARTESIAN_POINT ( 'NONE',  ( -1.338300807568880035, 0.7726683315065867586, -5.695833333333337301 ) ) ;
#5761 = VERTEX_POINT ( 'NONE', #3986 ) ;
#5762 = EDGE_CURVE ( 'NONE', #9415, #1076, #3158, .T. ) ;
#5763 = CARTESIAN_POINT ( 'NONE',  ( 0.1037266918089347345, -2.998206259316789080, -9.750000000000001776 ) ) ;
#5764 = DIRECTION ( 'NONE',  ( 0.000000000000000000, 0.000000000000000000, -1.000000000000000000 ) ) ;
#5765 = DIRECTION ( 'NONE',  ( -0.000000000000000000, 0.000000000000000000, -1.000000000000000000 ) ) ;
#5766 = LINE ( 'NONE', #5876, #229 ) ;
#5767 = VERTEX_POINT ( 'NONE', #5874 ) ;
#5768 = ORIENTED_EDGE ( 'NONE', *, *, #6393, .T. ) ;
#5769 = CARTESIAN_POINT ( 'NONE',  ( 0.000000000000000000, 0.000000000000000000, 8.077500000000002345 ) ) ;
#5770 = VERTEX_POINT ( 'NONE', #10323 ) ;
#5771 = DIRECTION ( 'NONE',  ( -0.000000000000000000, -0.000000000000000000, -1.000000000000000000 ) ) ;
#5772 = DIRECTION ( 'NONE',  ( 0.1736481776669291655, -0.9848077530122082424, 0.000000000000000000 ) ) ;
#5773 = PLANE ( 'NONE',  #8426 ) ;
#5774 = EDGE_CURVE ( 'NONE', #2872, #4611, #7693, .T. ) ;
#5775 = CARTESIAN_POINT ( 'NONE',  ( 2.157343812172598074, 2.084674477245932689, 9.449999999999999289 ) ) ;
#5776 = PLANE ( 'NONE',  #11388 ) ;
#5777 = ORIENTED_EDGE ( 'NONE', *, *, #961, .F. ) ;
#5778 = LINE ( 'NONE', #10050, #9346 ) ;
#5779 = CARTESIAN_POINT ( 'NONE',  ( -2.999999842411182449, 0.0009723851495881428520, -9.750000000000001776 ) ) ;
#5780 = ORIENTED_EDGE ( 'NONE', *, *, #6835, .F. ) ;
#5781 = EDGE_LOOP ( 'NONE', ( #6986, #5012, #8113, #1810 ) ) ;
#5782 = CARTESIAN_POINT ( 'NONE',  ( -1.228798216096659957, -1.478225236000906273, -6.731986966425156815 ) ) ;
#5783 = CARTESIAN_POINT ( 'NONE',  ( 0.1966118550883507454, -2.811680521731791060, 9.750000000000001776 ) ) ;
#5784 = DIRECTION ( 'NONE',  ( -0.8480480961564315079, -0.5299192642331961300, 0.000000000000000000 ) ) ;
#5785 = CARTESIAN_POINT ( 'NONE',  ( -1.656699982724437969, -2.280251903866782115, 8.077500000000002345 ) ) ;
#5786 = EDGE_LOOP ( 'NONE', ( #2349, #4086, #9804, #10916 ) ) ;
#5787 = ORIENTED_EDGE ( 'NONE', *, *, #5133, .F. ) ;
#5788 = ADVANCED_FACE ( 'NONE', ( #9385 ), #10381, .F. ) ;
#5789 = DIRECTION ( 'NONE',  ( 0.4694715627858841445, -0.8829475928589304301, 0.000000000000000000 ) ) ;
#5790 = EDGE_CURVE ( 'NONE', #7701, #742, #10207, .T. ) ;
#5791 = VERTEX_POINT ( 'NONE', #4504 ) ;
#5792 = LINE ( 'NONE', #2208, #9956 ) ;
#5793 = CARTESIAN_POINT ( 'NONE',  ( -2.094588142060965996, 1.885975634250037558, 8.077500000000002345 ) ) ;
#5794 = EDGE_CURVE ( 'NONE', #8689, #9782, #5274, .T. ) ;
#5795 = CARTESIAN_POINT ( 'NONE',  ( 2.000000000000072831, -0.5358983848622630441, -7.068760739117009528 ) ) ;
#5796 =( BOUNDED_CURVE ( )  B_SPLINE_CURVE ( 2, ( #603, #10358, #4246, #5138, #8646, #7675, #6004, #6662, #667 ),
 .UNSPECIFIED., .F., .T. ) 
 B_SPLINE_CURVE_WITH_KNOTS ( ( 3, 2, 2, 2, 3 ),
 ( 0.01636257852985881223, 0.01740785963373021883, 0.01949842184141896070, 0.02158898404910770258, 0.02263426515295235281 ),
 .UNSPECIFIED. ) 
 CURVE ( )  GEOMETRIC_REPRESENTATION_ITEM ( )  RATIONAL_B_SPLINE_CURVE ( ( 0.9330127018922194093, 0.9330127018904866842, 1.000000000000000000, 0.8660254037844387076, 1.000000000000000000, 0.8660254037844387076, 1.000000000000000000, 0.9330127018922014237, 0.9330127018922194093 ) ) 
 REPRESENTATION_ITEM ( '' )  );
#5797 = CARTESIAN_POINT ( 'NONE',  ( -0.4350222081914456029, -2.845842119140472803, 9.571310031034848009 ) ) ;
#5798 = CARTESIAN_POINT ( 'NONE',  ( -0.5645481705551409490, 2.823003197273524112, 9.571310031034848009 ) ) ;
#5799 = CARTESIAN_POINT ( 'NONE',  ( 2.221044840433172407, -1.735270409657360569, 8.077500000000002345 ) ) ;
#5800 = ORIENTED_EDGE ( 'NONE', *, *, #8197, .F. ) ;
#5801 = ADVANCED_FACE ( 'NONE', ( #2513 ), #3560, .T. ) ;
#5802 = CARTESIAN_POINT ( 'NONE',  ( -1.070158251101073210, 2.737644874981799870, 9.510800894373550918 ) ) ;
#5803 = EDGE_CURVE ( 'NONE', #584, #732, #10604, .T. ) ;
#5804 = VERTEX_POINT ( 'NONE', #9845 ) ;
#5805 = UNCERTAINTY_MEASURE_WITH_UNIT (LENGTH_MEASURE( 1.000000000000000082E-05 ), #5179, 'distance_accuracy_value', 'NONE');
#5806 = CARTESIAN_POINT ( 'NONE',  ( -2.834509767352916043, 0.7781340004746867267, 9.510800894373549141 ) ) ;
#5807 = DIRECTION ( 'NONE',  ( 0.000000000000000000, 0.000000000000000000, -1.000000000000000000 ) ) ;
#5808 = ORIENTED_EDGE ( 'NONE', *, *, #8940, .F. ) ;
#5809 = VERTEX_POINT ( 'NONE', #5337 ) ;
#5810 = CARTESIAN_POINT ( 'NONE',  ( 1.676772478465717420, 2.487656337893145775, 9.449999999999999289 ) ) ;
#5811 = LINE ( 'NONE', #5868, #1356 ) ;
#5812 = B_SPLINE_CURVE_WITH_KNOTS ( 'NONE', 3,
 ( #6935, #3318, #11341, #7805 ),
 .UNSPECIFIED., .F., .F.,
 ( 4, 4 ),
 ( 3.021976174286106134E-07, 0.0002759148428383530801 ),
 .UNSPECIFIED. ) ;
#5813 = EDGE_CURVE ( 'NONE', #6623, #6861, #4322, .T. ) ;
#5814 = VERTEX_POINT ( 'NONE', #873 ) ;
#5815 = PLANE ( 'NONE',  #7844 ) ;
#5816 = CARTESIAN_POINT ( 'NONE',  ( 2.544659440449390519, 1.588933079815445293, 9.449999999999999289 ) ) ;
#5817 = VERTEX_POINT ( 'NONE', #7126 ) ;
#5818 = DIRECTION ( 'NONE',  ( -0.000000000000000000, -0.000000000000000000, -1.000000000000000000 ) ) ;
#5819 = DIRECTION ( 'NONE',  ( -1.000000000000000000, 0.000000000000000000, 0.000000000000000000 ) ) ;
#5820 = EDGE_LOOP ( 'NONE', ( #1790, #4118, #4168, #4311 ) ) ;
#5821 = ORIENTED_EDGE ( 'NONE', *, *, #5134, .T. ) ;
#5822 = AXIS2_PLACEMENT_3D ( 'NONE', #7567, #3187, #9419 ) ;
#5823 = CARTESIAN_POINT ( 'NONE',  ( 0.000000000000000000, 0.000000000000000000, 8.077500000000000568 ) ) ;
#5824 = EDGE_CURVE ( 'NONE', #4507, #4481, #373, .T. ) ;
#5825 = CARTESIAN_POINT ( 'NONE',  ( 0.1037266918089345263, 2.998206259316789080, -9.750000000000001776 ) ) ;
#5826 = ORIENTED_EDGE ( 'NONE', *, *, #6762, .T. ) ;
#5827 = DIRECTION ( 'NONE',  ( -0.000000000000000000, 0.000000000000000000, -1.000000000000000000 ) ) ;
#5828 = CARTESIAN_POINT ( 'NONE',  ( -1.811726676894002575, 2.159131775987249924, 8.077500000000002345 ) ) ;
#5829 = CARTESIAN_POINT ( 'NONE',  ( 2.533292686689802675, 1.235569399674175894, 9.631453640997325039 ) ) ;
#5830 = ORIENTED_EDGE ( 'NONE', *, *, #6694, .T. ) ;
#5831 = CARTESIAN_POINT ( 'NONE',  ( -2.970668720312949596, -0.4184822029121685327, 8.077500000000000568 ) ) ;
#5832 = CARTESIAN_POINT ( 'NONE',  ( 0.7768966656431114393, -2.709360653135690633, 9.750000000000001776 ) ) ;
#5833 = VERTEX_POINT ( 'NONE', #1808 ) ;
#5834 = VECTOR ( 'NONE', #7951, 1000.000000000000114 ) ;
#5835 = EDGE_LOOP ( 'NONE', ( #4115, #10339, #2184, #10327 ) ) ;
#5836 = CARTESIAN_POINT ( 'NONE',  ( 1.314851377921903763, -1.233766618270718762, -6.623932606279216095 ) ) ;
#5837 = CARTESIAN_POINT ( 'NONE',  ( 0.1047623084752231232, -3.000000000000000444, 9.750000000000001776 ) ) ;
#5838 = EDGE_CURVE ( 'NONE', #6965, #5278, #9536, .T. ) ;
#5839 = CARTESIAN_POINT ( 'NONE',  ( -2.613310677415272565, 1.055846049930844188, 9.631453640997325039 ) ) ;
#5840 = VECTOR ( 'NONE', #10691, 1000.000000000000000 ) ;
#5841 = DIRECTION ( 'NONE',  ( 0.5000000000000083267, 0.8660254037844338226, 0.000000000000000000 ) ) ;
#5842 = CARTESIAN_POINT ( 'NONE',  ( 2.440932748640455063, 1.409273179501332240, 9.631453640997325039 ) ) ;
#5843 = VERTEX_POINT ( 'NONE', #3858 ) ;
#5844 = ORIENTED_EDGE ( 'NONE', *, *, #5011, .T. ) ;
#5845 = DIRECTION ( 'NONE',  ( 0.4383711467890737956, -0.8987940462991687030, 0.000000000000000000 ) ) ;
#5846 = DIRECTION ( 'NONE',  ( -0.000000000000000000, -0.000000000000000000, -1.000000000000000000 ) ) ;
#5847 = DIRECTION ( 'NONE',  ( 0.000000000000000000, 0.000000000000000000, 1.000000000000000000 ) ) ;
#5848 = CARTESIAN_POINT ( 'NONE',  ( 0.000000000000000000, 0.000000000000000000, 8.077500000000002345 ) ) ;
#5849 = CARTESIAN_POINT ( 'NONE',  ( -2.740240724291732821, 1.221098183166743345, 8.077500000000000568 ) ) ;
#5850 = VECTOR ( 'NONE', #9891, 1000.000000000000000 ) ;
#5851 = DIRECTION ( 'NONE',  ( -0.000000000000000000, -0.000000000000000000, 1.000000000000000000 ) ) ;
#5852 = ADVANCED_FACE ( 'NONE', ( #1922 ), #204, .F. ) ;
#5853 = CYLINDRICAL_SURFACE ( 'NONE', #5141, 2.000000000000003553 ) ;
#5854 = AXIS2_PLACEMENT_3D ( 'NONE', #6305, #784, #3708 ) ;
#5855 = ORIENTED_EDGE ( 'NONE', *, *, #1775, .F. ) ;
#5856 = CARTESIAN_POINT ( 'NONE',  ( 2.475656678042316816, -1.469416789463826145, 9.571310031034848009 ) ) ;
#5857 = DIRECTION ( 'NONE',  ( -1.000000000000000000, 0.000000000000000000, 0.000000000000000000 ) ) ;
#5858 = CARTESIAN_POINT ( 'NONE',  ( -1.892491597964134370E-16, -1.545336663013173073, -9.050000000000004263 ) ) ;
#5859 = FACE_OUTER_BOUND ( 'NONE', #6767, .T. ) ;
#5860 = DIRECTION ( 'NONE',  ( -0.9612616959383182280, 0.2756373558170013283, 0.000000000000000000 ) ) ;
#5861 = VERTEX_POINT ( 'NONE', #10838 ) ;
#5862 = ORIENTED_EDGE ( 'NONE', *, *, #3476, .F. ) ;
#5863 = VECTOR ( 'NONE', #8779, 1000.000000000000000 ) ;
#5864 = CARTESIAN_POINT ( 'NONE',  ( 2.875724501156000645, -0.1351676076017216399, 9.571310031034848009 ) ) ;
#5865 = ADVANCED_FACE ( 'NONE', ( #4686 ), #8281, .T. ) ;
#5866 = EDGE_CURVE ( 'NONE', #956, #9155, #2473, .T. ) ;
#5867 = EDGE_CURVE ( 'NONE', #10367, #4887, #7523, .T. ) ;
#5868 = CARTESIAN_POINT ( 'NONE',  ( -1.000000000000000000, -0.5773502691896259531, 8.250000000000001776 ) ) ;
#5869 = VECTOR ( 'NONE', #5121, 1000.000000000000000 ) ;
#5870 = CARTESIAN_POINT ( 'NONE',  ( -0.8922005383792539490, -1.545336663013172851, -7.008333333333339077 ) ) ;
#5871 = EDGE_LOOP ( 'NONE', ( #4899, #1102, #2762 ) ) ;
#5872 = AXIS2_PLACEMENT_3D ( 'NONE', #5159, #10600, #6193 ) ;
#5873 = AXIS2_PLACEMENT_3D ( 'NONE', #7346, #2912, #256 ) ;
#5874 = CARTESIAN_POINT ( 'NONE',  ( -1.656699982724437969, -2.280251903866782115, 8.077500000000002345 ) ) ;
#5875 = LINE ( 'NONE', #5106, #9215 ) ;
#5876 = CARTESIAN_POINT ( 'NONE',  ( 1.315915060267113690, 2.698025703257709740, 8.077500000000002345 ) ) ;
#5877 = ORIENTED_EDGE ( 'NONE', *, *, #11017, .T. ) ;
#5878 = CARTESIAN_POINT ( 'NONE',  ( -0.8842324587068952635, -1.836061804925547047, -5.883991452647514109 ) ) ;
#5879 = EDGE_CURVE ( 'NONE', #11307, #10288, #4013, .T. ) ;
#5880 = LINE ( 'NONE', #3509, #5724 ) ;
#5881 = AXIS2_PLACEMENT_3D ( 'NONE', #2095, #6494, #7514 ) ;
#5882 = LINE ( 'NONE', #7648, #7307 ) ;
#5883 = ORIENTED_EDGE ( 'NONE', *, *, #1272, .T. ) ;
#5884 = DIRECTION ( 'NONE',  ( -0.000000000000000000, -0.000000000000000000, 1.000000000000000000 ) ) ;
#5885 = DIRECTION ( 'NONE',  ( -1.000000000000000000, 0.000000000000000000, 0.000000000000000000 ) ) ;
#5886 = CARTESIAN_POINT ( 'NONE',  ( 0.5645481705551594898, -2.823003197273520559, 9.571310031034848009 ) ) ;
#5887 = ORIENTED_EDGE ( 'NONE', *, *, #11521, .T. ) ;
#5888 = EDGE_CURVE ( 'NONE', #4061, #6613, #11212, .T. ) ;
#5889 = CARTESIAN_POINT ( 'NONE',  ( -2.775726306570160062, 0.4894354389106047587, 8.077500000000002345 ) ) ;
#5890 = ORIENTED_EDGE ( 'NONE', *, *, #3359, .F. ) ;
#5891 = VECTOR ( 'NONE', #5142, 1000.000000000000114 ) ;
#5892 = ORIENTED_EDGE ( 'NONE', *, *, #9485, .T. ) ;
#5893 = CARTESIAN_POINT ( 'NONE',  ( 1.143051777878262287, -1.406979098028608544, -6.633674060396810290 ) ) ;
#5894 = EDGE_CURVE ( 'NONE', #2419, #8954, #9313, .T. ) ;
#5895 = CARTESIAN_POINT ( 'NONE',  ( -1.154700538379739960, 2.000000000000846434, -8.204166666667159546 ) ) ;
#5896 = CARTESIAN_POINT ( 'NONE',  ( -2.221044840433196388, -1.735270409657329482, 8.077500000000002345 ) ) ;
#5897 = VECTOR ( 'NONE', #6702, 1000.000000000000000 ) ;
#5898 = CIRCLE ( 'NONE', #2895, 1.154700538379251462 ) ;
#5899 = DIRECTION ( 'NONE',  ( 0.7071067811865491270, 8.659560562354952580E-17, -0.7071067811865459074 ) ) ;
#5900 = VERTEX_POINT ( 'NONE', #3259 ) ;
#5901 = EDGE_LOOP ( 'NONE', ( #5422, #5609, #1065 ) ) ;
#5902 = LINE ( 'NONE', #4967, #2188 ) ;
#5903 = ADVANCED_FACE ( 'NONE', ( #5859 ), #8496, .T. ) ;
#5904 = CARTESIAN_POINT ( 'NONE',  ( 1.000000000000000000, -0.5773502691896258421, 9.750000000000001776 ) ) ;
#5905 = EDGE_CURVE ( 'NONE', #10514, #9874, #3198, .T. ) ;
#5906 = CARTESIAN_POINT ( 'NONE',  ( 2.336680831601422259, -1.576111122057619163, 9.631453640997325039 ) ) ;
#5907 = DIRECTION ( 'NONE',  ( 0.9781476007338164580, 0.2079116908177080780, 0.000000000000000000 ) ) ;
#5908 = TOROIDAL_SURFACE ( 'NONE', #11260, 2.939999999999999947, 0.06000000000000037248 ) ;
#5909 = VECTOR ( 'NONE', #8698, 1000.000000000000000 ) ;
#5910 = CARTESIAN_POINT ( 'NONE',  ( 0.8922005383792529498, -1.545336663013173517, -9.604166666666671404 ) ) ;
#5911 = CARTESIAN_POINT ( 'NONE',  ( -0.5860087391484503083, 2.756954358615478107, 9.631453640997325039 ) ) ;
#5912 = LINE ( 'NONE', #6708, #1131 ) ;
#5913 = AXIS2_PLACEMENT_3D ( 'NONE', #4131, #497, #2320 ) ;
#5914 = AXIS2_PLACEMENT_3D ( 'NONE', #6274, #1815, #6031 ) ;
#5915 = ORIENTED_EDGE ( 'NONE', *, *, #8297, .T. ) ;
#5916 = CARTESIAN_POINT ( 'NONE',  ( 0.000000000000000000, 0.000000000000000000, 9.449999999999999289 ) ) ;
#5917 = EDGE_CURVE ( 'NONE', #810, #5662, #1154, .T. ) ;
#5918 = CARTESIAN_POINT ( 'NONE',  ( -1.323227363945437496, 2.488628723042721536, 9.750000000000001776 ) ) ;
#5919 = PLANE ( 'NONE',  #9401 ) ;
#5920 = ORIENTED_EDGE ( 'NONE', *, *, #2067, .F. ) ;
#5921 = ORIENTED_EDGE ( 'NONE', *, *, #1491, .F. ) ;
#5922 = ORIENTED_EDGE ( 'NONE', *, *, #1998, .F. ) ;
#5923 = AXIS2_PLACEMENT_3D ( 'NONE', #6122, #7046, #11565 ) ;
#5924 = PLANE ( 'NONE',  #10328 ) ;
#5925 = CARTESIAN_POINT ( 'NONE',  ( -0.8922005383792539490, -1.545336663013172851, -6.220833333333336768 ) ) ;
#5926 = ORIENTED_EDGE ( 'NONE', *, *, #6982, .F. ) ;
#5927 = EDGE_LOOP ( 'NONE', ( #8818, #9288, #9716, #854 ) ) ;
#5928 = CARTESIAN_POINT ( 'NONE',  ( -0.3126183150084984597, -2.983667171304676291, 9.449999999999999289 ) ) ;
#5929 = EDGE_CURVE ( 'NONE', #368, #6096, #11116, .T. ) ;
#5930 = EDGE_CURVE ( 'NONE', #916, #9328, #5036, .T. ) ;
#5931 = CARTESIAN_POINT ( 'NONE',  ( 0.6896698168330390732, 1.528018905775934355, -6.490084429843444802 ) ) ;
#5932 = ADVANCED_FACE ( 'NONE', ( #8494 ), #3203, .T. ) ;
#5933 = VERTEX_POINT ( 'NONE', #8339 ) ;
#5934 = EDGE_CURVE ( 'NONE', #6361, #9911, #6028, .T. ) ;
#5935 = FACE_OUTER_BOUND ( 'NONE', #2946, .T. ) ;
#5936 = PLANE ( 'NONE',  #201 ) ;
#5937 = VERTEX_POINT ( 'NONE', #2220 ) ;
#5938 = VECTOR ( 'NONE', #3552, 1000.000000000000000 ) ;
#5939 = CARTESIAN_POINT ( 'NONE',  ( -2.474923495339749202, -1.585777990807383908, 9.510800894373549141 ) ) ;
#5940 = DIRECTION ( 'NONE',  ( 0.8090169943749513370, 0.5877852522924675860, 0.000000000000000000 ) ) ;
#5941 = DIRECTION ( 'NONE',  ( 1.000000000000000000, 0.000000000000000000, 0.000000000000000000 ) ) ;
#5942 = CIRCLE ( 'NONE', #7777, 3.000000000000000000 ) ;
#5943 = DIRECTION ( 'NONE',  ( -0.3420201433256739865, -0.9396926207859065405, 0.000000000000000000 ) ) ;
#5944 = ORIENTED_EDGE ( 'NONE', *, *, #6346, .F. ) ;
#5945 = EDGE_CURVE ( 'NONE', #8130, #6578, #9097, .T. ) ;
#5946 = EDGE_CURVE ( 'NONE', #3162, #5770, #1949, .T. ) ;
#5947 = ORIENTED_EDGE ( 'NONE', *, *, #4459, .T. ) ;
#5948 = ORIENTED_EDGE ( 'NONE', *, *, #3002, .T. ) ;
#5949 = CARTESIAN_POINT ( 'NONE',  ( -2.656067048624616511, -1.110571709483100467, 9.571310031034848009 ) ) ;
#5950 = VECTOR ( 'NONE', #194, 1000.000000000000000 ) ;
#5951 = DIRECTION ( 'NONE',  ( 0.4383711467891229230, 0.8987940462991447221, 0.000000000000000000 ) ) ;
#5952 = CARTESIAN_POINT ( 'NONE',  ( -2.428530378214535101, 1.764430600325846310, 8.077500000000002345 ) ) ;
#5953 = FACE_OUTER_BOUND ( 'NONE', #596, .T. ) ;
#5954 = CARTESIAN_POINT ( 'NONE',  ( 1.784401076758506788, -3.763923298982691022E-16, -6.687500000000005329 ) ) ;
#5955 = DIRECTION ( 'NONE',  ( -0.8829475928589239908, 0.4694715627858963569, 0.000000000000000000 ) ) ;
#5956 = DIRECTION ( 'NONE',  ( 1.000000000000000000, 0.000000000000000000, 0.000000000000000000 ) ) ;
#5957 = VERTEX_POINT ( 'NONE', #10046 ) ;
#5958 = LINE ( 'NONE', #11100, #11106 ) ;
#5959 = DIRECTION ( 'NONE',  ( -1.000000000000000000, 4.618527782440651208E-14, 0.000000000000000000 ) ) ;
#5960 = CARTESIAN_POINT ( 'NONE',  ( -0.1056702774064886829, 2.998138387812149031, 8.077500000000000568 ) ) ;
#5961 = CARTESIAN_POINT ( 'NONE',  ( -2.816829376715344058, 0.09836584936188837169, 9.631453640997325039 ) ) ;
#5962 = CARTESIAN_POINT ( 'NONE',  ( -2.970668720312941158, 0.4184822029122280962, -9.750000000000001776 ) ) ;
#5963 = CARTESIAN_POINT ( 'NONE',  ( -0.9261261411944047284, -2.853469882545873304, -9.750000000000001776 ) ) ;
#5964 = ADVANCED_FACE ( 'NONE', ( #6575 ), #8127, .F. ) ;
#5965 = CARTESIAN_POINT ( 'NONE',  ( 0.000000000000000000, 0.000000000000000000, -9.750000000000001776 ) ) ;
#5966 = CARTESIAN_POINT ( 'NONE',  ( -0.1037266918089347345, 2.998206259316789080, -9.750000000000001776 ) ) ;
#5967 = CARTESIAN_POINT ( 'NONE',  ( -2.610785772471311272, 1.350457623983514654, 9.510800894373550918 ) ) ;
#5968 = CARTESIAN_POINT ( 'NONE',  ( -2.994516329218106954, 0.2093969802150353887, 8.077500000000002345 ) ) ;
#5969 = CARTESIAN_POINT ( 'NONE',  ( 1.783299329881762540, -2.336617564762593968, 9.510800894373550918 ) ) ;
#5970 = ORIENTED_EDGE ( 'NONE', *, *, #9268, .F. ) ;
#5971 = EDGE_LOOP ( 'NONE', ( #119, #6082, #2459, #1417 ) ) ;
#5972 = B_SPLINE_CURVE_WITH_KNOTS ( 'NONE', 3,
 ( #8245, #7385, #8312, #10929 ),
 .UNSPECIFIED., .F., .F.,
 ( 4, 4 ),
 ( 3.021976174285909199E-07, 0.0002759148428383532427 ),
 .UNSPECIFIED. ) ;
#5973 = CARTESIAN_POINT ( 'NONE',  ( -1.137708469738451411, 1.363549524635181420, -9.452703275397603022 ) ) ;
#5974 = CARTESIAN_POINT ( 'NONE',  ( 2.353151076758508875, -4.808700099505280283E-16, -8.459375000000006750 ) ) ;
#5975 = EDGE_CURVE ( 'NONE', #8634, #6171, #962, .T. ) ;
#5976 = CARTESIAN_POINT ( 'NONE',  ( -2.159334809438564928, 2.085245386525043099, 8.077500000000002345 ) ) ;
#5977 = CARTESIAN_POINT ( 'NONE',  ( 0.000000000000000000, 0.000000000000000000, 9.449999999999999289 ) ) ;
#5978 = ORIENTED_EDGE ( 'NONE', *, *, #2470, .F. ) ;
#5979 = CARTESIAN_POINT ( 'NONE',  ( -1.876986317341306165, -2.182884342608929273, 9.571310031034848009 ) ) ;
#5980 = CARTESIAN_POINT ( 'NONE',  ( -1.482864587467278561, 0.4349459935304481606, -6.370336663013146605 ) ) ;
#5981 = ORIENTED_EDGE ( 'NONE', *, *, #10880, .T. ) ;
#5982 = CARTESIAN_POINT ( 'NONE',  ( -1.176575538379255104, -2.037888611415573870, -6.592708333333339610 ) ) ;
#5983 = CARTESIAN_POINT ( 'NONE',  ( 0.000000000000000000, 0.000000000000000000, 9.449999999999999289 ) ) ;
#5984 = ADVANCED_FACE ( 'NONE', ( #10102, #7270 ), #5657, .T. ) ;
#5985 = ORIENTED_EDGE ( 'NONE', *, *, #9725, .F. ) ;
#5986 = EDGE_CURVE ( 'NONE', #3631, #9375, #5545, .T. ) ;
#5987 = CARTESIAN_POINT ( 'NONE',  ( -2.353151076758508875, 9.548577686196303386E-17, -8.853125000000000355 ) ) ;
#5988 = ORIENTED_EDGE ( 'NONE', *, *, #9171, .T. ) ;
#5989 = VECTOR ( 'NONE', #10663, 1000.000000000000000 ) ;
#5990 = ORIENTED_EDGE ( 'NONE', *, *, #8133, .F. ) ;
#5991 = VERTEX_POINT ( 'NONE', #168 ) ;
#5992 = CARTESIAN_POINT ( 'NONE',  ( -1.021610812633442000, -1.617112455429953188, -6.722354635724329341 ) ) ;
#5993 = CARTESIAN_POINT ( 'NONE',  ( 0.000000000000000000, 0.000000000000000000, 8.077500000000002345 ) ) ;
#5994 = VERTEX_POINT ( 'NONE', #5483 ) ;
#5995 = ADVANCED_FACE ( 'NONE', ( #1187 ), #2891, .T. ) ;
#5996 = EDGE_CURVE ( 'NONE', #10193, #11417, #5972, .T. ) ;
#5997 = CARTESIAN_POINT ( 'NONE',  ( -2.748527137674464438, -0.8565397026178726003, 9.571310031034848009 ) ) ;
#5998 = ADVANCED_FACE ( 'NONE', ( #1015 ), #6350, .T. ) ;
#5999 = VECTOR ( 'NONE', #9100, 999.9999999999998863 ) ;
#6000 = ORIENTED_EDGE ( 'NONE', *, *, #4675, .F. ) ;
#6001 = PLANE ( 'NONE',  #1348 ) ;
#6002 = CARTESIAN_POINT ( 'NONE',  ( 0.000000000000000000, -2.818546359002675583, 9.750000000000001776 ) ) ;
#6003 = DIRECTION ( 'NONE',  ( 0.000000000000000000, -0.000000000000000000, 1.000000000000000000 ) ) ;
#6004 = CARTESIAN_POINT ( 'NONE',  ( -1.732050807569611495, -1.000000000000423217, -8.029166666667160612 ) ) ;
#6005 = LINE ( 'NONE', #10463, #5733 ) ;
#6006 = AXIS2_PLACEMENT_3D ( 'NONE', #3347, #10176, #5784 ) ;
#6007 = ORIENTED_EDGE ( 'NONE', *, *, #8533, .F. ) ;
#6008 = B_SPLINE_CURVE_WITH_KNOTS ( 'NONE', 3,
 ( #5212, #7014, #1458, #7865 ),
 .UNSPECIFIED., .F., .F.,
 ( 4, 4 ),
 ( 3.021976174289189863E-07, 0.0002759148428383536222 ),
 .UNSPECIFIED. ) ;
#6009 = DIRECTION ( 'NONE',  ( -0.8660254037844384856, -0.5000000000000002220, 0.000000000000000000 ) ) ;
#6010 = LINE ( 'NONE', #11333, #8260 ) ;
#6011 = CARTESIAN_POINT ( 'NONE',  ( -2.544659440449400734, -1.588933079815427751, -9.750000000000001776 ) ) ;
#6012 = CARTESIAN_POINT ( 'NONE',  ( 1.338300807568880924, 0.7726683315065854263, -8.116666666666670693 ) ) ;
#6013 = VECTOR ( 'NONE', #214, 1000.000000000000000 ) ;
#6014 = LINE ( 'NONE', #919, #7119 ) ;
#6015 = CARTESIAN_POINT ( 'NONE',  ( -1.493602012769846832, 2.390262873680863986, 9.750000000000001776 ) ) ;
#6016 = EDGE_CURVE ( 'NONE', #5110, #2991, #11072, .T. ) ;
#6017 = ORIENTED_EDGE ( 'NONE', *, *, #6016, .F. ) ;
#6018 = VERTEX_POINT ( 'NONE', #7213 ) ;
#6019 = CARTESIAN_POINT ( 'NONE',  ( 1.584386185100481903, 0.4531674474105996664, -9.592721621037121338 ) ) ;
#6020 = DIRECTION ( 'NONE',  ( 0.000000000000000000, 0.000000000000000000, -1.000000000000000000 ) ) ;
#6021 = AXIS2_PLACEMENT_3D ( 'NONE', #4167, #11197, #5176 ) ;
#6022 = FACE_OUTER_BOUND ( 'NONE', #5471, .T. ) ;
#6023 = VERTEX_POINT ( 'NONE', #7600 ) ;
#6024 = DIRECTION ( 'NONE',  ( 0.1391731009600672975, 0.9902680687415700289, 0.000000000000000000 ) ) ;
#6025 = CARTESIAN_POINT ( 'NONE',  ( -2.297508171510934005, -1.929107618003849556, 9.449999999999999289 ) ) ;
#6026 = ADVANCED_FACE ( 'NONE', ( #7714 ), #10163, .F. ) ;
#6027 = ORIENTED_EDGE ( 'NONE', *, *, #7846, .F. ) ;
#6028 = CIRCLE ( 'NONE', #591, 3.000000000000000000 ) ;
#6029 = EDGE_LOOP ( 'NONE', ( #10842, #8242, #10625, #9690 ) ) ;
#6030 = DIRECTION ( 'NONE',  ( -0.3746065934159226729, -0.9271838545667830944, 0.000000000000000000 ) ) ;
#6031 = DIRECTION ( 'NONE',  ( -0.8090169943749534465, -0.5877852522924648104, 0.000000000000000000 ) ) ;
#6032 = DIRECTION ( 'NONE',  ( 0.4694715627858931928, 0.8829475928589256561, 0.000000000000000000 ) ) ;
#6033 = ORIENTED_EDGE ( 'NONE', *, *, #3029, .F. ) ;
#6034 = PLANE ( 'NONE',  #7719 ) ;
#6035 = DIRECTION ( 'NONE',  ( 0.000000000000000000, 0.000000000000000000, -1.000000000000000000 ) ) ;
#6036 = AXIS2_PLACEMENT_3D ( 'NONE', #4445, #3555, #7118 ) ;
#6037 = CARTESIAN_POINT ( 'NONE',  ( 2.353151076758508875, -4.808700099505280283E-16, -6.403125000000004619 ) ) ;
#6038 = CIRCLE ( 'NONE', #8064, 3.000000000000000000 ) ;
#6039 = CARTESIAN_POINT ( 'NONE',  ( 2.602571373999938320, 1.230724961934946515, 9.571310031034848009 ) ) ;
#6040 = ORIENTED_EDGE ( 'NONE', *, *, #171, .F. ) ;
#6041 = DIRECTION ( 'NONE',  ( 0.7071067811865487940, 0.000000000000000000, 0.7071067811865463515 ) ) ;
#6042 = DIRECTION ( 'NONE',  ( -0.000000000000000000, 0.000000000000000000, -1.000000000000000000 ) ) ;
#6043 = EDGE_LOOP ( 'NONE', ( #8483, #2291, #9225, #11431 ) ) ;
#6044 = CC_DESIGN_DATE_AND_TIME_ASSIGNMENT ( #6569, #10924, ( #9601 ) ) ;
#6045 = ORIENTED_EDGE ( 'NONE', *, *, #8389, .T. ) ;
#6046 = CARTESIAN_POINT ( 'NONE',  ( 2.000000000000007994, -0.5358983848622455026, -8.468760739116971692 ) ) ;
#6047 = AXIS2_PLACEMENT_3D ( 'NONE', #7634, #6840, #6257 ) ;
#6048 = CONICAL_SURFACE ( 'NONE', #1003, 2.000000000000001776, 0.7853981633974506105 ) ;
#6049 = FACE_OUTER_BOUND ( 'NONE', #1502, .T. ) ;
#6050 = ORIENTED_EDGE ( 'NONE', *, *, #3065, .T. ) ;
#6051 = DIRECTION ( 'NONE',  ( 0.4067366430758024287, 0.9135454576425999784, 0.000000000000000000 ) ) ;
#6052 = DIRECTION ( 'NONE',  ( 0.1736481776669356603, 0.9848077530122070211, 0.000000000000000000 ) ) ;
#6053 = CARTESIAN_POINT ( 'NONE',  ( 1.338300807568879813, -0.7726683315065872026, -8.845833333333336768 ) ) ;
#6054 = CARTESIAN_POINT ( 'NONE',  ( -1.000000000000000000, 0.5773502691896256200, 8.250000000000001776 ) ) ;
#6055 = VECTOR ( 'NONE', #6009, 1000.000000000000227 ) ;
#6056 = VERTEX_POINT ( 'NONE', #7652 ) ;
#6057 = CARTESIAN_POINT ( 'NONE',  ( -1.323227363945487456, -2.488628723042695334, 9.631453640997325039 ) ) ;
#6058 = CARTESIAN_POINT ( 'NONE',  ( 2.734823486451063879, -0.6818680780054792168, 9.631453640997325039 ) ) ;
#6059 = LINE ( 'NONE', #778, #2143 ) ;
#6060 = DIRECTION ( 'NONE',  ( 0.9781476007338045786, -0.2079116908177645884, 0.000000000000000000 ) ) ;
#6061 = EDGE_CURVE ( 'NONE', #9874, #2499, #4162, .T. ) ;
#6062 = EDGE_CURVE ( 'NONE', #113, #2622, #4851, .T. ) ;
#6063 = CARTESIAN_POINT ( 'NONE',  ( -1.919999999999992601, 0.000000000000000000, 5.470000000000000639 ) ) ;
#6064 = ADVANCED_FACE ( 'NONE', ( #2240 ), #5773, .T. ) ;
#6065 = EDGE_CURVE ( 'NONE', #2237, #11033, #4884, .T. ) ;
#6066 = LINE ( 'NONE', #2592, #10155 ) ;
#6067 = AXIS2_PLACEMENT_3D ( 'NONE', #9654, #4207, #10423 ) ;
#6068 = VECTOR ( 'NONE', #428, 1000.000000000000000 ) ;
#6069 = B_SPLINE_CURVE_WITH_KNOTS ( 'NONE', 3,
 ( #6154, #6277, #1750, #7139 ),
 .UNSPECIFIED., .F., .F.,
 ( 4, 4 ),
 ( 3.054997924344452260E-07, 0.0002759181450133581432 ),
 .UNSPECIFIED. ) ;
#6070 = AXIS2_PLACEMENT_3D ( 'NONE', #8670, #691, #7926 ) ;
#6071 = PLANE ( 'NONE',  #11220 ) ;
#6072 = ORIENTED_EDGE ( 'NONE', *, *, #5905, .F. ) ;
#6073 = CARTESIAN_POINT ( 'NONE',  ( 0.3922658369820865576, -2.791116459588166787, 9.750000000000001776 ) ) ;
#6074 = VECTOR ( 'NONE', #10152, 1000.000000000000227 ) ;
#6075 = CARTESIAN_POINT ( 'NONE',  ( -4.336808689942017736E-16, 1.154700538379251684, 9.750000000000001776 ) ) ;
#6076 = VECTOR ( 'NONE', #9057, 1000.000000000000000 ) ;
#6077 = CARTESIAN_POINT ( 'NONE',  ( -1.784401076758506788, 6.065988351121004614E-17, -7.825000000000005507 ) ) ;
#6078 = CARTESIAN_POINT ( 'NONE',  ( -2.613310677415272565, 1.055846049930844188, 9.631453640997325039 ) ) ;
#6079 = EDGE_CURVE ( 'NONE', #5817, #8371, #1415, .T. ) ;
#6080 = CARTESIAN_POINT ( 'NONE',  ( 0.9261261411943663147, -2.853469882545885739, 8.077500000000000568 ) ) ;
#6081 = ORIENTED_EDGE ( 'NONE', *, *, #5041, .T. ) ;
#6082 = ORIENTED_EDGE ( 'NONE', *, *, #9671, .F. ) ;
#6083 = EDGE_CURVE ( 'NONE', #7820, #9903, #416, .T. ) ;
#6084 = CARTESIAN_POINT ( 'NONE',  ( -0.1999185839137913034, 1.722294009902165302, -9.494782728674181271 ) ) ;
#6085 = VECTOR ( 'NONE', #1379, 1000.000000000000000 ) ;
#6086 = AXIS2_PLACEMENT_3D ( 'NONE', #10565, #958, #2581 ) ;
#6087 = CARTESIAN_POINT ( 'NONE',  ( 2.000000000000002665, 0.5358983848622477231, -7.793739260883040032 ) ) ;
#6088 = DIRECTION ( 'NONE',  ( -0.1391731009600536972, 0.9902680687415720273, 0.000000000000000000 ) ) ;
#6089 = PLANE ( 'NONE',  #9337 ) ;
#6090 = CARTESIAN_POINT ( 'NONE',  ( 0.7768966656431298690, 2.709360653135685748, 8.077500000000002345 ) ) ;
#6091 = ORIENTED_EDGE ( 'NONE', *, *, #1336, .T. ) ;
#6092 = DIRECTION ( 'NONE',  ( -0.000000000000000000, -0.000000000000000000, 1.000000000000000000 ) ) ;
#6093 = CARTESIAN_POINT ( 'NONE',  ( 0.1129940339641387348, 1.647430898256740939, -6.464746874117335729 ) ) ;
#6094 = AXIS2_PLACEMENT_3D ( 'NONE', #6706, #1435, #11511 ) ;
#6095 = ORIENTED_EDGE ( 'NONE', *, *, #2726, .T. ) ;
#6096 = VERTEX_POINT ( 'NONE', #9234 ) ;
#6097 = DIRECTION ( 'NONE',  ( -1.000000000000000000, 0.000000000000000000, 0.000000000000000000 ) ) ;
#6098 = DIRECTION ( 'NONE',  ( -0.000000000000000000, 0.000000000000000000, 1.000000000000000000 ) ) ;
#6099 = CARTESIAN_POINT ( 'NONE',  ( 2.221044840433172407, -1.735270409657360791, 9.631453640997325039 ) ) ;
#6100 = ORIENTED_EDGE ( 'NONE', *, *, #11419, .F. ) ;
#6101 = DIRECTION ( 'NONE',  ( -0.9993908270190959842, -0.03489949670249292701, 0.000000000000000000 ) ) ;
#6102 = EDGE_CURVE ( 'NONE', #10487, #1248, #602, .T. ) ;
#6103 = CARTESIAN_POINT ( 'NONE',  ( 2.353151076758508875, -4.808700099505280283E-16, -9.203125000000003553 ) ) ;
#6104 = ORIENTED_EDGE ( 'NONE', *, *, #11521, .F. ) ;
#6105 = ORIENTED_EDGE ( 'NONE', *, *, #8456, .T. ) ;
#6106 = ORIENTED_EDGE ( 'NONE', *, *, #4500, .F. ) ;
#6107 = ORIENTED_EDGE ( 'NONE', *, *, #9310, .T. ) ;
#6108 =( NAMED_UNIT ( * ) PLANE_ANGLE_UNIT ( ) SI_UNIT ( $, .RADIAN. ) );
#6109 = ORIENTED_EDGE ( 'NONE', *, *, #11362, .T. ) ;
#6110 = B_SPLINE_CURVE_WITH_KNOTS ( 'NONE', 3,
 ( #5120, #2300, #11366, #3289 ),
 .UNSPECIFIED., .F., .F.,
 ( 4, 4 ),
 ( 3.021976174289732494E-07, 0.0002759148428383536764 ),
 .UNSPECIFIED. ) ;
#6111 = PLANE ( 'NONE',  #2084 ) ;
#6112 = EDGE_CURVE ( 'NONE', #5843, #8748, #11086, .T. ) ;
#6113 = CIRCLE ( 'NONE', #675, 3.000000000000000888 ) ;
#6114 = LINE ( 'NONE', #7036, #184 ) ;
#6115 = CARTESIAN_POINT ( 'NONE',  ( -0.04839655589962667259, -1.547884530724406682, -9.679663336986543243 ) ) ;
#6116 = CARTESIAN_POINT ( 'NONE',  ( 2.094588142060991753, 1.885975634250008470, 9.631453640997325039 ) ) ;
#6117 = VERTEX_POINT ( 'NONE', #3285 ) ;
#6118 = CARTESIAN_POINT ( 'NONE',  ( -2.680596881209482252, -0.8709787243654325550, 8.077500000000002345 ) ) ;
#6119 = DIRECTION ( 'NONE',  ( 0.7193398003386451967, -0.6946583704590033603, 0.000000000000000000 ) ) ;
#6120 = EDGE_LOOP ( 'NONE', ( #3826, #4987, #6271, #8264 ) ) ;
#6121 = DIRECTION ( 'NONE',  ( -0.9781476007338052447, 0.2079116908177612022, 0.000000000000000000 ) ) ;
#6122 = CARTESIAN_POINT ( 'NONE',  ( 0.000000000000000000, 0.000000000000000000, 9.449999999999999289 ) ) ;
#6123 = LINE ( 'NONE', #8591, #1964 ) ;
#6124 = CARTESIAN_POINT ( 'NONE',  ( -1.338300807568880257, -0.7726683315065862034, -8.379166666666669983 ) ) ;
#6125 = EDGE_CURVE ( 'NONE', #1064, #3913, #5396, .T. ) ;
#6126 = EDGE_CURVE ( 'NONE', #8148, #6195, #11391, .T. ) ;
#6127 = LINE ( 'NONE', #6241, #9932 ) ;
#6128 = VERTEX_POINT ( 'NONE', #11193 ) ;
#6129 = DIRECTION ( 'NONE',  ( 1.000000000000000000, 0.000000000000000000, 0.000000000000000000 ) ) ;
#6130 = EDGE_CURVE ( 'NONE', #924, #9724, #529, .T. ) ;
#6131 = ORIENTED_EDGE ( 'NONE', *, *, #5019, .F. ) ;
#6132 = CARTESIAN_POINT ( 'NONE',  ( -2.775726306570160062, 0.4894354389106047587, 8.077500000000002345 ) ) ;
#6133 = ORIENTED_EDGE ( 'NONE', *, *, #8011, .F. ) ;
#6134 = CARTESIAN_POINT ( 'NONE',  ( 0.3649541957138823789, 1.684054820994948853, -9.516521403057225825 ) ) ;
#6135 = EDGE_CURVE ( 'NONE', #3972, #10092, #3570, .T. ) ;
#6136 = ORIENTED_EDGE ( 'NONE', *, *, #6845, .T. ) ;
#6137 = EDGE_CURVE ( 'NONE', #2743, #7788, #4108, .T. ) ;
#6138 = PLANE ( 'NONE',  #995 ) ;
#6139 = DIRECTION ( 'NONE',  ( -0.5591929034707066037, 0.8290375725550687136, 0.000000000000000000 ) ) ;
#6140 = CARTESIAN_POINT ( 'NONE',  ( 1.320803668626136851, -2.558034276087292724, 9.571310031034848009 ) ) ;
#6141 = CARTESIAN_POINT ( 'NONE',  ( 0.2206775523056546673, -1.948339179187519976, -9.273140984885756666 ) ) ;
#6142 = ORIENTED_EDGE ( 'NONE', *, *, #10868, .F. ) ;
#6143 = DIRECTION ( 'NONE',  ( -0.000000000000000000, -0.000000000000000000, -1.000000000000000000 ) ) ;
#6144 = CARTESIAN_POINT ( 'NONE',  ( 0.000000000000000000, 1.545336663013173073, -6.600000000000004974 ) ) ;
#6145 = EDGE_CURVE ( 'NONE', #4331, #6227, #6852, .T. ) ;
#6146 = ORIENTED_EDGE ( 'NONE', *, *, #7828, .F. ) ;
#6147 = DIRECTION ( 'NONE',  ( 0.8987940462991672597, 0.4383711467890769597, 0.000000000000000000 ) ) ;
#6148 = DIRECTION ( 'NONE',  ( 0.000000000000000000, -0.000000000000000000, 1.000000000000000000 ) ) ;
#6149 = ORIENTED_EDGE ( 'NONE', *, *, #5041, .F. ) ;
#6150 = ORIENTED_EDGE ( 'NONE', *, *, #6280, .F. ) ;
#6151 = LINE ( 'NONE', #11305, #3456 ) ;
#6152 = CARTESIAN_POINT ( 'NONE',  ( -0.8922005383792531719, 1.545336663013173073, -8.641666666666671048 ) ) ;
#6153 = ORIENTED_EDGE ( 'NONE', *, *, #9088, .F. ) ;
#6154 = CARTESIAN_POINT ( 'NONE',  ( -2.803106067138683599, 0.2946183195552178335, 9.631453640997325039 ) ) ;
#6155 = CARTESIAN_POINT ( 'NONE',  ( 1.764863307568881101, -1.018944305707788045, -7.161458333333335702 ) ) ;
#6156 = VERTEX_POINT ( 'NONE', #1242 ) ;
#6157 = EDGE_LOOP ( 'NONE', ( #6149, #6168, #5780, #5304 ) ) ;
#6158 = CARTESIAN_POINT ( 'NONE',  ( -0.5199868932015407896, 2.954591956751153603, -9.750000000000001776 ) ) ;
#6159 = VERTEX_POINT ( 'NONE', #4831 ) ;
#6160 = VERTEX_POINT ( 'NONE', #354 ) ;
#6161 = CARTESIAN_POINT ( 'NONE',  ( 1.732050807568882300, -1.000000000000004219, -8.495833333333338899 ) ) ;
#6162 = EDGE_CURVE ( 'NONE', #3999, #534, #2449, .T. ) ;
#6163 = FACE_OUTER_BOUND ( 'NONE', #9396, .T. ) ;
#6164 = DIRECTION ( 'NONE',  ( -0.8090169943749397907, 0.5877852522924835732, 0.000000000000000000 ) ) ;
#6165 = CARTESIAN_POINT ( 'NONE',  ( 2.613310677415280558, -1.055846049930825981, 9.631453640997325039 ) ) ;
#6166 = CARTESIAN_POINT ( 'NONE',  ( -0.8922005383792531719, 1.545336663013173073, -8.554166666666668917 ) ) ;
#6167 = CARTESIAN_POINT ( 'NONE',  ( 0.2557936912251891903, -1.527410924559629235, -9.679663336986832789 ) ) ;
#6168 = ORIENTED_EDGE ( 'NONE', *, *, #10024, .T. ) ;
#6169 = CARTESIAN_POINT ( 'NONE',  ( 1.493602012769879472, 2.390262873680843558, 9.750000000000001776 ) ) ;
#6170 = DIRECTION ( 'NONE',  ( -0.000000000000000000, -0.000000000000000000, -1.000000000000000000 ) ) ;
#6171 = VERTEX_POINT ( 'NONE', #3933 ) ;
#6172 = CARTESIAN_POINT ( 'NONE',  ( -2.157343812172569653, 2.084674477245961999, 8.077500000000000568 ) ) ;
#6173 = DIRECTION ( 'NONE',  ( 0.000000000000000000, -1.000000000000000000, 0.000000000000000000 ) ) ;
#6174 = ADVANCED_FACE ( 'NONE', ( #1695 ), #7772, .T. ) ;
#6175 = CARTESIAN_POINT ( 'NONE',  ( -0.3126183150084984597, -2.983667171304676291, 9.449999999999999289 ) ) ;
#6176 = AXIS2_PLACEMENT_3D ( 'NONE', #10074, #10901, #1218 ) ;
#6177 = AXIS2_PLACEMENT_3D ( 'NONE', #4080, #7623, #6973 ) ;
#6178 = CARTESIAN_POINT ( 'NONE',  ( 2.773325160048095483, 0.9739639113221922884, 9.510800894373550918 ) ) ;
#6179 = VERTEX_POINT ( 'NONE', #1341 ) ;
#6180 = CARTESIAN_POINT ( 'NONE',  ( -2.740240724291757690, -1.221098183166686280, -9.750000000000001776 ) ) ;
#6181 = LINE ( 'NONE', #5498, #5638 ) ;
#6182 = CARTESIAN_POINT ( 'NONE',  ( 1.323227363945471691, 2.488628723042703772, 9.631453640997325039 ) ) ;
#6183 = CARTESIAN_POINT ( 'NONE',  ( -1.338300807568880035, 0.7726683315065867586, -9.895833333333337478 ) ) ;
#6184 = CARTESIAN_POINT ( 'NONE',  ( 0.000000000000000000, 0.000000000000000000, 8.077500000000000568 ) ) ;
#6185 = ORIENTED_EDGE ( 'NONE', *, *, #7422, .F. ) ;
#6186 = VECTOR ( 'NONE', #6972, 1000.000000000000000 ) ;
#6187 = EDGE_CURVE ( 'NONE', #8894, #10243, #7636, .T. ) ;
#6188 = ORIENTED_EDGE ( 'NONE', *, *, #727, .F. ) ;
#6189 = CARTESIAN_POINT ( 'NONE',  ( -2.000000000000003553, -2.382190991706389344E-15, -7.475000000000002309 ) ) ;
#6190 = CARTESIAN_POINT ( 'NONE',  ( -1.545336663013172629, -1.237234468207195847E-11, -6.370336663013147493 ) ) ;
#6191 = CARTESIAN_POINT ( 'NONE',  ( 2.221044840433183509, 1.735270409657345247, 9.631453640997325039 ) ) ;
#6192 = ORIENTED_EDGE ( 'NONE', *, *, #11554, .F. ) ;
#6193 = DIRECTION ( 'NONE',  ( -1.000000000000000000, 0.000000000000000000, 0.000000000000000000 ) ) ;
#6194 = AXIS2_PLACEMENT_3D ( 'NONE', #153, #7254, #3805 ) ;
#6195 = VERTEX_POINT ( 'NONE', #2111 ) ;
#6196 = CARTESIAN_POINT ( 'NONE',  ( 1.070158251101110292, 2.737644874981785215, 9.510800894373550918 ) ) ;
#6197 = CARTESIAN_POINT ( 'NONE',  ( -1.569125558909732820, 0.9318593401952847133, -6.640288240541014630 ) ) ;
#6198 = FACE_OUTER_BOUND ( 'NONE', #4836, .T. ) ;
#6199 = ORIENTED_EDGE ( 'NONE', *, *, #8060, .T. ) ;
#6200 = CIRCLE ( 'NONE', #1148, 3.000000000000000000 ) ;
#6201 = ORIENTED_EDGE ( 'NONE', *, *, #3548, .T. ) ;
#6202 = EDGE_CURVE ( 'NONE', #8308, #9228, #7456, .T. ) ;
#6203 = EDGE_LOOP ( 'NONE', ( #141, #8668, #8183, #7256 ) ) ;
#6204 = EDGE_CURVE ( 'NONE', #9443, #2394, #4868, .T. ) ;
#6205 = ORIENTED_EDGE ( 'NONE', *, *, #834, .F. ) ;
#6206 = VECTOR ( 'NONE', #7409, 1000.000000000000000 ) ;
#6207 = DIRECTION ( 'NONE',  ( 0.7431448254774030149, 0.6691306063588484676, 0.000000000000000000 ) ) ;
#6208 = ADVANCED_FACE ( 'NONE', ( #8347 ), #8448, .F. ) ;
#6209 = CARTESIAN_POINT ( 'NONE',  ( -1.784401076758506788, 6.065988351121004614E-17, -8.525000000000003908 ) ) ;
#6210 = B_SPLINE_CURVE_WITH_KNOTS ( 'NONE', 3,
 ( #4088, #7633, #11176, #7915 ),
 .UNSPECIFIED., .F., .F.,
 ( 4, 4 ),
 ( 3.021976174287011930E-07, 0.0002759148428383537306 ),
 .UNSPECIFIED. ) ;
#6211 = DIRECTION ( 'NONE',  ( -0.9396926207859040980, 0.3420201433256804813, 0.000000000000000000 ) ) ;
#6212 = CARTESIAN_POINT ( 'NONE',  ( 2.353151076758508875, -4.808700099505280283E-16, -7.803125000000003197 ) ) ;
#6213 = VERTEX_POINT ( 'NONE', #3153 ) ;
#6214 = DIRECTION ( 'NONE',  ( -0.8480480961564252906, 0.5299192642332060110, 0.000000000000000000 ) ) ;
#6215 = AXIS2_PLACEMENT_3D ( 'NONE', #9235, #7490, #4833 ) ;
#6216 = ORIENTED_EDGE ( 'NONE', *, *, #10312, .F. ) ;
#6217 = DIRECTION ( 'NONE',  ( -1.000000000000000000, 0.000000000000000000, 0.000000000000000000 ) ) ;
#6218 = VERTEX_POINT ( 'NONE', #3107 ) ;
#6219 = ORIENTED_EDGE ( 'NONE', *, *, #11120, .F. ) ;
#6220 = EDGE_CURVE ( 'NONE', #1696, #4384, #6723, .T. ) ;
#6221 = CARTESIAN_POINT ( 'NONE',  ( 0.2354466048926617816, 2.869255406013590637, 9.571310031034848009 ) ) ;
#6222 = CARTESIAN_POINT ( 'NONE',  ( -1.968301270189927177, 1.821359319817464581E-11, -6.793301270189900265 ) ) ;
#6223 = EDGE_LOOP ( 'NONE', ( #5187, #5651, #7209, #3829 ) ) ;
#6224 = VECTOR ( 'NONE', #8361, 1000.000000000000227 ) ;
#6225 = AXIS2_PLACEMENT_3D ( 'NONE', #1763, #8858, #10748 ) ;
#6226 = DIRECTION ( 'NONE',  ( -0.7880107536067157969, 0.6156614753256661743, 0.000000000000000000 ) ) ;
#6227 = VERTEX_POINT ( 'NONE', #10255 ) ;
#6228 = DIRECTION ( 'NONE',  ( 0.000000000000000000, 0.000000000000000000, 1.000000000000000000 ) ) ;
#6229 = CARTESIAN_POINT ( 'NONE',  ( 0.3145524316523908848, -2.983463887453905894, 9.449999999999999289 ) ) ;
#6230 = CARTESIAN_POINT ( 'NONE',  ( -0.8922005383792539490, -1.545336663013172851, -8.320833333333338189 ) ) ;
#6231 = DIRECTION ( 'NONE',  ( -0.000000000000000000, -0.000000000000000000, -1.000000000000000000 ) ) ;
#6232 = DIRECTION ( 'NONE',  ( 0.8829475928589272105, 0.4694715627858903062, 0.000000000000000000 ) ) ;
#6233 = VERTEX_POINT ( 'NONE', #2174 ) ;
#6234 = CIRCLE ( 'NONE', #792, 2.999999999999999556 ) ;
#6235 = LINE ( 'NONE', #8004, #3670 ) ;
#6236 = VECTOR ( 'NONE', #8933, 1000.000000000000114 ) ;
#6237 = CIRCLE ( 'NONE', #3236, 1.475000000000007860 ) ;
#6238 = CARTESIAN_POINT ( 'NONE',  ( 0.7248221475198892705, -2.911122267178871681, 9.449999999999999289 ) ) ;
#6239 = DIRECTION ( 'NONE',  ( -0.000000000000000000, -0.000000000000000000, -1.000000000000000000 ) ) ;
#6240 = AXIS2_PLACEMENT_3D ( 'NONE', #7447, #3769, #6532 ) ;
#6241 = CARTESIAN_POINT ( 'NONE',  ( 2.094588142060991753, 1.885975634250008692, 8.077500000000002345 ) ) ;
#6242 = EDGE_CURVE ( 'NONE', #3223, #623, #4553, .T. ) ;
#6243 = CARTESIAN_POINT ( 'NONE',  ( 0.5860087391484684050, -2.756954358615474554, 8.077500000000002345 ) ) ;
#6244 = EDGE_CURVE ( 'NONE', #3811, #4835, #5811, .T. ) ;
#6245 = ORIENTED_EDGE ( 'NONE', *, *, #3843, .T. ) ;
#6246 = DIRECTION ( 'NONE',  ( -0.000000000000000000, -0.000000000000000000, -1.000000000000000000 ) ) ;
#6247 = DIRECTION ( 'NONE',  ( -0.000000000000000000, -0.000000000000000000, -1.000000000000000000 ) ) ;
#6248 = DIRECTION ( 'NONE',  ( 0.000000000000000000, 0.000000000000000000, -1.000000000000000000 ) ) ;
#6249 = CARTESIAN_POINT ( 'NONE',  ( 0.000000000000000000, 0.000000000000000000, 8.077500000000000568 ) ) ;
#6250 = ORIENTED_EDGE ( 'NONE', *, *, #911, .T. ) ;
#6251 = CIRCLE ( 'NONE', #4380, 3.000000000000000000 ) ;
#6252 = AXIS2_PLACEMENT_3D ( 'NONE', #11282, #4249, #9306 ) ;
#6253 = CARTESIAN_POINT ( 'NONE',  ( -0.5431850904497884658, -2.888751997217287926, 9.510800894373550918 ) ) ;
#6254 = DIRECTION ( 'NONE',  ( -0.000000000000000000, -0.000000000000000000, -1.000000000000000000 ) ) ;
#6255 = EDGE_LOOP ( 'NONE', ( #1460, #7158, #5357, #10962 ) ) ;
#6256 = LINE ( 'NONE', #7111, #10294 ) ;
#6257 = DIRECTION ( 'NONE',  ( -1.000000000000000000, 0.000000000000000000, 0.000000000000000000 ) ) ;
#6258 = CARTESIAN_POINT ( 'NONE',  ( -2.803106067138689816, -0.2946183195551619338, 8.077500000000002345 ) ) ;
#6259 = EDGE_CURVE ( 'NONE', #6442, #9270, #982, .T. ) ;
#6260 = VECTOR ( 'NONE', #1114, 1000.000000000000000 ) ;
#6261 = VECTOR ( 'NONE', #4119, 1000.000000000000114 ) ;
#6262 = ORIENTED_EDGE ( 'NONE', *, *, #1244, .F. ) ;
#6263 = CARTESIAN_POINT ( 'NONE',  ( 2.336680831601432473, 1.576111122057602953, 9.631453640997325039 ) ) ;
#6264 = CARTESIAN_POINT ( 'NONE',  ( -0.8922005383792531719, 1.545336663013173073, -5.841666666666671226 ) ) ;
#6265 = ORIENTED_EDGE ( 'NONE', *, *, #2820, .T. ) ;
#6266 = CARTESIAN_POINT ( 'NONE',  ( 2.000000000000003553, 2.449293598294710852E-16, -9.750000000000001776 ) ) ;
#6267 = DIRECTION ( 'NONE',  ( 0.7193398003386582973, 0.6946583704589900377, 0.000000000000000000 ) ) ;
#6268 = CARTESIAN_POINT ( 'NONE',  ( -2.828926452893289589, -0.5340756620688553724, 9.571310031034848009 ) ) ;
#6269 = VERTEX_POINT ( 'NONE', #6940 ) ;
#6270 = EDGE_LOOP ( 'NONE', ( #152, #2282, #8382, #7999 ) ) ;
#6271 = ORIENTED_EDGE ( 'NONE', *, *, #7348, .F. ) ;
#6272 = CIRCLE ( 'NONE', #3832, 3.000000000000000000 ) ;
#6273 = CIRCLE ( 'NONE', #8827, 3.000000000000000000 ) ;
#6274 = CARTESIAN_POINT ( 'NONE',  ( -2.803106067138689816, -0.2946183195551619338, 9.750000000000001776 ) ) ;
#6275 = CARTESIAN_POINT ( 'NONE',  ( 2.298758245762878794, 1.927617837523084132, 9.449999999999999289 ) ) ;
#6276 = ORIENTED_EDGE ( 'NONE', *, *, #6528, .T. ) ;
#6277 = CARTESIAN_POINT ( 'NONE',  ( -2.866549843091848793, 0.2663713305965819123, 9.571310031034848009 ) ) ;
#6278 = CARTESIAN_POINT ( 'NONE',  ( -2.353151076758508875, 9.548577686196303386E-17, -6.053125000000002309 ) ) ;
#6279 = EDGE_CURVE ( 'NONE', #2419, #6826, #9357, .T. ) ;
#6280 = EDGE_CURVE ( 'NONE', #8812, #2829, #11242, .T. ) ;
#6281 = ORIENTED_EDGE ( 'NONE', *, *, #10205, .T. ) ;
#6282 = AXIS2_PLACEMENT_3D ( 'NONE', #4550, #3664, #4306 ) ;
#6283 = CIRCLE ( 'NONE', #11450, 3.000000000000000000 ) ;
#6284 = ORIENTED_EDGE ( 'NONE', *, *, #2629, .T. ) ;
#6285 = CARTESIAN_POINT ( 'NONE',  ( -1.496025708089163242, 2.459668426725443169, 9.571310031034848009 ) ) ;
#6286 = EDGE_CURVE ( 'NONE', #7930, #6373, #9731, .T. ) ;
#6287 = FACE_OUTER_BOUND ( 'NONE', #5384, .T. ) ;
#6288 = CARTESIAN_POINT ( 'NONE',  ( 0.000000000000000000, 0.000000000000000000, 9.750000000000001776 ) ) ;
#6289 = VERTEX_POINT ( 'NONE', #6090 ) ;
#6290 = ORIENTED_EDGE ( 'NONE', *, *, #7135, .T. ) ;
#6291 = LINE ( 'NONE', #7996, #4220 ) ;
#6292 = DIRECTION ( 'NONE',  ( -1.000000000000000000, 0.000000000000000000, 0.000000000000000000 ) ) ;
#6293 = AXIS2_PLACEMENT_3D ( 'NONE', #1839, #909, #1779 ) ;
#6294 = CARTESIAN_POINT ( 'NONE',  ( 2.680596881209470261, -0.8709787243654695255, 8.077500000000002345 ) ) ;
#6295 = VERTEX_POINT ( 'NONE', #5098 ) ;
#6296 = CARTESIAN_POINT ( 'NONE',  ( 0.000000000000000000, 0.000000000000000000, 8.077500000000000568 ) ) ;
#6297 = EDGE_CURVE ( 'NONE', #6269, #8308, #1628, .T. ) ;
#6298 = EDGE_CURVE ( 'NONE', #4887, #6160, #3436, .T. ) ;
#6299 = ORIENTED_EDGE ( 'NONE', *, *, #7710, .F. ) ;
#6300 = CARTESIAN_POINT ( 'NONE',  ( 0.000000000000000000, 0.000000000000000000, -5.175312581422624625 ) ) ;
#6301 = B_SPLINE_CURVE_WITH_KNOTS ( 'NONE', 3,
 ( #3462, #111, #4411, #8740 ),
 .UNSPECIFIED., .F., .F.,
 ( 4, 4 ),
 ( 3.054997924343347412E-07, 0.0002759181450133578180 ),
 .UNSPECIFIED. ) ;
#6302 = DIRECTION ( 'NONE',  ( -0.3746065934159655275, -0.9271838545667657749, 0.000000000000000000 ) ) ;
#6303 = CARTESIAN_POINT ( 'NONE',  ( 2.680596881209476479, 0.8709787243654514288, 8.077500000000002345 ) ) ;
#6304 = DIRECTION ( 'NONE',  ( -0.1045284632676521386, 0.9945218953682735119, 0.000000000000000000 ) ) ;
#6305 = CARTESIAN_POINT ( 'NONE',  ( 0.000000000000000000, 0.000000000000000000, 5.550000000000000711 ) ) ;
#6306 = ORIENTED_EDGE ( 'NONE', *, *, #9209, .F. ) ;
#6307 = AXIS2_PLACEMENT_3D ( 'NONE', #8472, #485, #2301 ) ;
#6308 = CARTESIAN_POINT ( 'NONE',  ( -2.000000000000119016, 0.5358983848622744794, -7.418760739117034930 ) ) ;
#6309 = LINE ( 'NONE', #6180, #6732 ) ;
#6310 = EDGE_LOOP ( 'NONE', ( #3904, #7437, #10262 ) ) ;
#6311 = CARTESIAN_POINT ( 'NONE',  ( 2.158694763139499262, 2.083275526567261338, 8.077500000000000568 ) ) ;
#6312 = LINE ( 'NONE', #8082, #7703 ) ;
#6313 = CARTESIAN_POINT ( 'NONE',  ( 1.656699982724421982, 2.280251903866794105, 9.750000000000001776 ) ) ;
#6314 = CARTESIAN_POINT ( 'NONE',  ( -1.338300807568880257, -0.7726683315065862034, -9.779166666666670338 ) ) ;
#6315 = DIRECTION ( 'NONE',  ( 0.7071067811865474617, 8.659560562354931626E-17, -0.7071067811865475727 ) ) ;
#6316 = VERTEX_POINT ( 'NONE', #3271 ) ;
#6317 = CARTESIAN_POINT ( 'NONE',  ( 1.604850122405479418, -0.9488316938974709069, -9.365019496880078620 ) ) ;
#6318 = EDGE_CURVE ( 'NONE', #5994, #10157, #8982, .T. ) ;
#6319 = CARTESIAN_POINT ( 'NONE',  ( 2.000000000000003553, -1.929214469522454992E-11, -9.137500000001130829 ) ) ;
#6320 = VERTEX_POINT ( 'NONE', #802 ) ;
#6321 = CARTESIAN_POINT ( 'NONE',  ( -1.000000000000000000, -0.5773502691896259531, 8.250000000000001776 ) ) ;
#6322 = PLANE ( 'NONE',  #242 ) ;
#6323 = CARTESIAN_POINT ( 'NONE',  ( -2.741031733634748502, 1.219321547093827673, -9.750000000000001776 ) ) ;
#6324 = ORIENTED_EDGE ( 'NONE', *, *, #10757, .F. ) ;
#6325 = DIRECTION ( 'NONE',  ( 0.8829475928589016753, -0.4694715627859383233, 0.000000000000000000 ) ) ;
#6326 = ORIENTED_EDGE ( 'NONE', *, *, #1109, .T. ) ;
#6327 = DIRECTION ( 'NONE',  ( 0.000000000000000000, 0.000000000000000000, -1.000000000000000000 ) ) ;
#6328 = CARTESIAN_POINT ( 'NONE',  ( 1.202590582409432285, -2.615690650630123848, 9.571310031034848009 ) ) ;
#6329 = ORIENTED_EDGE ( 'NONE', *, *, #1548, .T. ) ;
#6330 = ORIENTED_EDGE ( 'NONE', *, *, #3331, .F. ) ;
#6331 = ORIENTED_EDGE ( 'NONE', *, *, #3699, .T. ) ;
#6332 = EDGE_CURVE ( 'NONE', #3067, #11307, #350, .T. ) ;
#6333 = CARTESIAN_POINT ( 'NONE',  ( 2.543628869203368836, -1.590582338565090126, -9.750000000000001776 ) ) ;
#6334 = CARTESIAN_POINT ( 'NONE',  ( -1.338300807568880257, -0.7726683315065862034, -9.166666666666671404 ) ) ;
#6335 = CARTESIAN_POINT ( 'NONE',  ( 0.000000000000000000, 0.000000000000000000, 9.449999999999999289 ) ) ;
#6336 = CARTESIAN_POINT ( 'NONE',  ( 1.176575538379255326, 2.037888611415573425, -5.586458333333336412 ) ) ;
#6337 = ORIENTED_EDGE ( 'NONE', *, *, #6065, .T. ) ;
#6338 = VERTEX_POINT ( 'NONE', #3374 ) ;
#6339 = CARTESIAN_POINT ( 'NONE',  ( 2.336680831601432473, 1.576111122057602953, 9.750000000000001776 ) ) ;
#6340 = PLANE ( 'NONE',  #425 ) ;
#6341 = VERTEX_POINT ( 'NONE', #3320 ) ;
#6342 = VERTEX_POINT ( 'NONE', #6841 ) ;
#6343 = B_SPLINE_CURVE_WITH_KNOTS ( 'NONE', 3,
 ( #7324, #8360, #9096, #3881 ),
 .UNSPECIFIED., .F., .F.,
 ( 4, 4 ),
 ( 3.054997924345531698E-07, 0.0002759181450133577638 ),
 .UNSPECIFIED. ) ;
#6344 = MECHANICAL_CONTEXT ( 'NONE', #439, 'mechanical' ) ;
#6345 = EDGE_CURVE ( 'NONE', #9875, #6613, #3235, .T. ) ;
#6346 = EDGE_CURVE ( 'NONE', #9843, #4282, #4931, .T. ) ;
#6347 = CARTESIAN_POINT ( 'NONE',  ( -0.1966118550883310945, 2.811680521731792393, 8.077500000000002345 ) ) ;
#6348 = ORIENTED_EDGE ( 'NONE', *, *, #3984, .F. ) ;
#6349 = DIRECTION ( 'NONE',  ( 1.000000000000000000, -4.618527782440651208E-14, 0.000000000000000000 ) ) ;
#6350 = PLANE ( 'NONE',  #6949 ) ;
#6351 = CARTESIAN_POINT ( 'NONE',  ( 2.883516910659399635, -0.8278467406116138960, 9.449999999999999289 ) ) ;
#6352 = CARTESIAN_POINT ( 'NONE',  ( 2.298758245762878794, 1.927617837523084132, 8.077500000000000568 ) ) ;
#6353 = ORIENTED_EDGE ( 'NONE', *, *, #7404, .F. ) ;
#6354 = PLANE ( 'NONE',  #4296 ) ;
#6355 = VERTEX_POINT ( 'NONE', #2445 ) ;
#6356 = LINE ( 'NONE', #9109, #289 ) ;
#6357 = EDGE_CURVE ( 'NONE', #1528, #9681, #2399, .T. ) ;
#6358 = EDGE_CURVE ( 'NONE', #3871, #7128, #3845, .T. ) ;
#6359 = CARTESIAN_POINT ( 'NONE',  ( -0.3403527660226007834, 2.919605819040403727, 9.510800894373550918 ) ) ;
#6360 = DIRECTION ( 'NONE',  ( -0.000000000000000000, 0.000000000000000000, -1.000000000000000000 ) ) ;
#6361 = VERTEX_POINT ( 'NONE', #7759 ) ;
#6362 = DIRECTION ( 'NONE',  ( -0.000000000000000000, -0.000000000000000000, 1.000000000000000000 ) ) ;
#6363 = CARTESIAN_POINT ( 'NONE',  ( -2.336680831601444019, -1.576111122057586522, 9.631453640997325039 ) ) ;
#6364 = DIRECTION ( 'NONE',  ( 0.000000000000000000, 0.000000000000000000, -1.000000000000000000 ) ) ;
#6365 = ORIENTED_EDGE ( 'NONE', *, *, #11147, .F. ) ;
#6366 = AXIS2_PLACEMENT_3D ( 'NONE', #10377, #2402, #9491 ) ;
#6367 = DIRECTION ( 'NONE',  ( -0.000000000000000000, -0.000000000000000000, -1.000000000000000000 ) ) ;
#6368 = CARTESIAN_POINT ( 'NONE',  ( -1.315987345267940478, 2.695955731664494426, 9.449999999999999289 ) ) ;
#6369 = PLANE ( 'NONE',  #9545 ) ;
#6370 = PLANE ( 'NONE',  #9302 ) ;
#6371 = DIRECTION ( 'NONE',  ( -0.000000000000000000, 0.000000000000000000, -1.000000000000000000 ) ) ;
#6372 = CARTESIAN_POINT ( 'NONE',  ( -1.440660043287147252, -1.226438758406366070, -9.342355689627959592 ) ) ;
#6373 = VERTEX_POINT ( 'NONE', #9605 ) ;
#6374 = CARTESIAN_POINT ( 'NONE',  ( 1.323227363945454149, -2.488628723042713542, 8.077500000000002345 ) ) ;
#6375 = CARTESIAN_POINT ( 'NONE',  ( 0.8922005383792542821, 1.545336663013172851, -6.658333333333337656 ) ) ;
#6376 = ORIENTED_EDGE ( 'NONE', *, *, #15, .T. ) ;
#6377 = ADVANCED_FACE ( 'NONE', ( #4315 ), #2115, .T. ) ;
#6378 = CARTESIAN_POINT ( 'NONE',  ( -0.3922658369820657964, 2.791116459588169896, 8.077500000000002345 ) ) ;
#6379 = VECTOR ( 'NONE', #3196, 1000.000000000000000 ) ;
#6380 = DIRECTION ( 'NONE',  ( -0.4694715627858990215, -0.8829475928589226585, 0.000000000000000000 ) ) ;
#6381 = ORIENTED_EDGE ( 'NONE', *, *, #3985, .T. ) ;
#6382 = ORIENTED_EDGE ( 'NONE', *, *, #5642, .F. ) ;
#6383 = ORIENTED_EDGE ( 'NONE', *, *, #3579, .F. ) ;
#6384 = DIRECTION ( 'NONE',  ( 0.7431448254773922457, -0.6691306063588604580, 0.000000000000000000 ) ) ;
#6385 = CARTESIAN_POINT ( 'NONE',  ( -0.8922005383792531719, 1.545336663013173073, -5.841666666666671226 ) ) ;
#6386 = VECTOR ( 'NONE', #6525, 1000.000000000000000 ) ;
#6387 = ORIENTED_EDGE ( 'NONE', *, *, #11320, .T. ) ;
#6388 = CARTESIAN_POINT ( 'NONE',  ( 1.784401076758506788, -3.763923298982691022E-16, -8.087500000000003908 ) ) ;
#6389 = VERTEX_POINT ( 'NONE', #7862 ) ;
#6390 = ADVANCED_FACE ( 'NONE', ( #6022 ), #1729, .T. ) ;
#6391 = CARTESIAN_POINT ( 'NONE',  ( 0.3403527660226227103, -2.919605819040401062, 9.510800894373550918 ) ) ;
#6392 = CARTESIAN_POINT ( 'NONE',  ( 2.803106067138685376, -0.2946183195551994594, 9.631453640997325039 ) ) ;
#6393 = EDGE_CURVE ( 'NONE', #6674, #7583, #11402, .T. ) ;
#6394 = ORIENTED_EDGE ( 'NONE', *, *, #3044, .T. ) ;
#6395 = PLANE ( 'NONE',  #4188 ) ;
#6396 = ORIENTED_EDGE ( 'NONE', *, *, #6489, .F. ) ;
#6397 = CIRCLE ( 'NONE', #5854, 1.859999999999999876 ) ;
#6398 = ORIENTED_EDGE ( 'NONE', *, *, #320, .F. ) ;
#6399 = ORIENTED_EDGE ( 'NONE', *, *, #1829, .F. ) ;
#6400 = APPLICATION_PROTOCOL_DEFINITION ( 'international standard', 'config_control_design', 1994, #7241 ) ;
#6401 = FACE_OUTER_BOUND ( 'NONE', #4721, .T. ) ;
#6402 = VERTEX_POINT ( 'NONE', #4682 ) ;
#6403 = CARTESIAN_POINT ( 'NONE',  ( 1.314239397301693257, -2.696808262850749927, 8.077500000000000568 ) ) ;
#6404 = LINE ( 'NONE', #1071, #7357 ) ;
#6405 = VECTOR ( 'NONE', #290, 1000.000000000000114 ) ;
#6406 = DIRECTION ( 'NONE',  ( 0.8090169943749426773, -0.5877852522924797984, 0.000000000000000000 ) ) ;
#6407 = CARTESIAN_POINT ( 'NONE',  ( -2.000000000000003553, 0.000000000000000000, -9.750000000000001776 ) ) ;
#6408 = EDGE_LOOP ( 'NONE', ( #5040, #6754, #288, #1235 ) ) ;
#6409 = ORIENTED_EDGE ( 'NONE', *, *, #10825, .F. ) ;
#6410 = CARTESIAN_POINT ( 'NONE',  ( 2.834509767352920928, -0.7781340004746682970, 9.510800894373550918 ) ) ;
#6411 = ORIENTED_EDGE ( 'NONE', *, *, #4299, .T. ) ;
#6412 = LINE ( 'NONE', #60, #5361 ) ;
#6413 = VECTOR ( 'NONE', #4655, 1000.000000000000000 ) ;
#6414 = DIRECTION ( 'NONE',  ( -1.000000000000000000, 0.000000000000000000, 0.000000000000000000 ) ) ;
#6415 = VECTOR ( 'NONE', #3636, 1000.000000000000000 ) ;
#6416 = CARTESIAN_POINT ( 'NONE',  ( -1.315987345267994657, -2.695955731664467780, 8.077500000000000568 ) ) ;
#6417 = VECTOR ( 'NONE', #10708, 1000.000000000000000 ) ;
#6418 = AXIS2_PLACEMENT_3D ( 'NONE', #6423, #9064, #1086 ) ;
#6419 = EDGE_CURVE ( 'NONE', #3255, #5833, #10832, .T. ) ;
#6420 = PLANE ( 'NONE',  #3630 ) ;
#6421 = EDGE_CURVE ( 'NONE', #7343, #3631, #231, .T. ) ;
#6422 = ORIENTED_EDGE ( 'NONE', *, *, #4676, .T. ) ;
#6423 = CARTESIAN_POINT ( 'NONE',  ( 0.000000000000000000, 0.000000000000000000, 8.077500000000000568 ) ) ;
#6424 = EDGE_CURVE ( 'NONE', #1161, #6678, #2484, .T. ) ;
#6425 = FACE_OUTER_BOUND ( 'NONE', #6529, .T. ) ;
#6426 = ORIENTED_EDGE ( 'NONE', *, *, #4051, .F. ) ;
#6427 = CARTESIAN_POINT ( 'NONE',  ( 0.1037266918089348178, 2.998206259316789524, 9.449999999999999289 ) ) ;
#6428 = VECTOR ( 'NONE', #7501, 1000.000000000000000 ) ;
#6429 = B_SPLINE_CURVE_WITH_KNOTS ( 'NONE', 3,
 ( #9479, #728, #11335, #7800, #8549, #10364, #1557, #6075 ),
 .UNSPECIFIED., .F., .F.,
 ( 4, 2, 2, 4 ),
 ( 2.544396950731918517E-07, 0.0002984430161323458545, 0.0005966315925696185100, 0.001193008745444164038 ),
 .UNSPECIFIED. ) ;
#6430 = CARTESIAN_POINT ( 'NONE',  ( -2.367124769107287641, -1.638530444078616366, 9.571310031034848009 ) ) ;
#6431 = DIRECTION ( 'NONE',  ( 0.8290375725550497288, 0.5591929034707350255, 0.000000000000000000 ) ) ;
#6432 = CARTESIAN_POINT ( 'NONE',  ( 0.000000000000000000, -2.818546359002675583, 8.077500000000002345 ) ) ;
#6433 = ORIENTED_EDGE ( 'NONE', *, *, #2563, .T. ) ;
#6434 = DIRECTION ( 'NONE',  ( -0.7660444431189474823, 0.6427876096865757782, 0.000000000000000000 ) ) ;
#6435 = DIRECTION ( 'NONE',  ( -0.7193398003386916040, -0.6946583704589555097, 0.000000000000000000 ) ) ;
#6436 = EDGE_CURVE ( 'NONE', #6227, #5161, #793, .T. ) ;
#6437 = VERTEX_POINT ( 'NONE', #6374 ) ;
#6438 = CARTESIAN_POINT ( 'NONE',  ( 0.5860087391484866126, 2.756954358615470113, 9.631453640997325039 ) ) ;
#6439 = CONICAL_SURFACE ( 'NONE', #1381, 2.000000000000001776, 0.7853981633974506105 ) ;
#6440 = CARTESIAN_POINT ( 'NONE',  ( -2.884052962002314757, 0.8259773074156936401, 9.449999999999999289 ) ) ;
#6441 = LINE ( 'NONE', #3728, #1963 ) ;
#6442 = VERTEX_POINT ( 'NONE', #200 ) ;
#6443 = ORIENTED_EDGE ( 'NONE', *, *, #9030, .T. ) ;
#6444 = VECTOR ( 'NONE', #4732, 1000.000000000000000 ) ;
#6445 = ORIENTED_EDGE ( 'NONE', *, *, #3222, .T. ) ;
#6446 = DIRECTION ( 'NONE',  ( 0.8090169943749776493, 0.5877852522924315037, 0.000000000000000000 ) ) ;
#6447 = CARTESIAN_POINT ( 'NONE',  ( -1.338300807568880035, 0.7726683315065867586, -7.883333333333337301 ) ) ;
#6448 = AXIS2_PLACEMENT_3D ( 'NONE', #10235, #5847, #4848 ) ;
#6449 = CIRCLE ( 'NONE', #3258, 3.000000000000000000 ) ;
#6450 = DIRECTION ( 'NONE',  ( -0.000000000000000000, -0.000000000000000000, 1.000000000000000000 ) ) ;
#6451 = CARTESIAN_POINT ( 'NONE',  ( -1.338300807568880257, -0.7726683315065862034, -7.679166666666670693 ) ) ;
#6452 = CIRCLE ( 'NONE', #9395, 3.000000000000000000 ) ;
#6453 = ADVANCED_FACE ( 'NONE', ( #8156 ), #5629, .T. ) ;
#6454 = ORIENTED_EDGE ( 'NONE', *, *, #6704, .T. ) ;
#6455 = ORIENTED_EDGE ( 'NONE', *, *, #894, .F. ) ;
#6456 = PLANE ( 'NONE',  #7727 ) ;
#6457 = CIRCLE ( 'NONE', #10509, 3.000000000000001332 ) ;
#6458 = DIRECTION ( 'NONE',  ( 0.1391731009600776225, 0.9902680687415685856, 0.000000000000000000 ) ) ;
#6459 = ORIENTED_EDGE ( 'NONE', *, *, #10311, .T. ) ;
#6460 = AXIS2_PLACEMENT_3D ( 'NONE', #6953, #5851, #9360 ) ;
#6461 = ORIENTED_EDGE ( 'NONE', *, *, #796, .T. ) ;
#6462 = ORIENTED_EDGE ( 'NONE', *, *, #8552, .F. ) ;
#6463 = DIRECTION ( 'NONE',  ( 0.000000000000000000, 0.000000000000000000, 1.000000000000000000 ) ) ;
#6464 = CARTESIAN_POINT ( 'NONE',  ( -0.1047623084752425798, -2.999999999999999556, 9.750000000000001776 ) ) ;
#6465 = EDGE_CURVE ( 'NONE', #9769, #3602, #5694, .T. ) ;
#6466 = VERTEX_POINT ( 'NONE', #1042 ) ;
#6467 = DIRECTION ( 'NONE',  ( -0.3746065934159082955, 0.9271838545667889786, 0.000000000000000000 ) ) ;
#6468 = VECTOR ( 'NONE', #6716, 1000.000000000000000 ) ;
#6469 = CIRCLE ( 'NONE', #3841, 3.000000000000000000 ) ;
#6470 = CARTESIAN_POINT ( 'NONE',  ( 0.000000000000000000, 0.000000000000000000, 9.750000000000001776 ) ) ;
#6471 = CARTESIAN_POINT ( 'NONE',  ( 0.000000000000000000, 1.545336663013173073, -7.912500000000004974 ) ) ;
#6472 = CARTESIAN_POINT ( 'NONE',  ( -2.816829376715346278, -0.09836584936183180583, 9.631453640997325039 ) ) ;
#6473 = B_SPLINE_CURVE_WITH_KNOTS ( 'NONE', 3,
 ( #1124, #11560, #5426, #6472 ),
 .UNSPECIFIED., .F., .F.,
 ( 4, 4 ),
 ( 3.021976174301376550E-07, 0.0002759148428383536222 ),
 .UNSPECIFIED. ) ;
#6474 = ORIENTED_EDGE ( 'NONE', *, *, #5642, .T. ) ;
#6475 = ORIENTED_EDGE ( 'NONE', *, *, #6632, .T. ) ;
#6476 = CARTESIAN_POINT ( 'NONE',  ( -1.146406084414286930, -2.574870223421977133, 8.077500000000002345 ) ) ;
#6477 = CIRCLE ( 'NONE', #658, 3.000000000000000000 ) ;
#6478 = CARTESIAN_POINT ( 'NONE',  ( -1.000000000000000000, -0.5773502691896259531, 8.250000000000001776 ) ) ;
#6479 = ADVANCED_FACE ( 'NONE', ( #9967 ), #3785, .F. ) ;
#6480 = CARTESIAN_POINT ( 'NONE',  ( 2.533292686689793793, -1.235569399674192548, 9.631453640997325039 ) ) ;
#6481 = LOCAL_TIME ( 17, 51, 19.00000000000000000, #3641 ) ;
#6482 = VERTEX_POINT ( 'NONE', #10729 ) ;
#6483 = CARTESIAN_POINT ( 'NONE',  ( 0.000000000000000000, 0.000000000000000000, -5.175312581422624625 ) ) ;
#6484 = LINE ( 'NONE', #1969, #1679 ) ;
#6485 = PLANE ( 'NONE',  #2813 ) ;
#6486 = LINE ( 'NONE', #9300, #1730 ) ;
#6487 = LINE ( 'NONE', #10009, #10153 ) ;
#6488 = EDGE_CURVE ( 'NONE', #916, #7267, #10477, .T. ) ;
#6489 = EDGE_CURVE ( 'NONE', #2997, #8977, #9134, .T. ) ;
#6490 = VECTOR ( 'NONE', #8030, 1000.000000000000114 ) ;
#6491 = VECTOR ( 'NONE', #1542, 1000.000000000000000 ) ;
#6492 = DIRECTION ( 'NONE',  ( 0.000000000000000000, -0.000000000000000000, -1.000000000000000000 ) ) ;
#6493 = EDGE_CURVE ( 'NONE', #11427, #3943, #927, .T. ) ;
#6494 = DIRECTION ( 'NONE',  ( 1.000000000000000000, -0.000000000000000000, 0.000000000000000000 ) ) ;
#6495 = CARTESIAN_POINT ( 'NONE',  ( -1.833581668493418082, -9.005843993036349382E-16, -9.391418331506589112 ) ) ;
#6496 = VERTEX_POINT ( 'NONE', #5394 ) ;
#6497 = DIRECTION ( 'NONE',  ( -0.9135454576425972029, 0.4067366430758085905, 0.000000000000000000 ) ) ;
#6498 = CARTESIAN_POINT ( 'NONE',  ( -1.500842031447339187, 2.597589882302636877, 9.449999999999999289 ) ) ;
#6499 = ORIENTED_EDGE ( 'NONE', *, *, #9280, .T. ) ;
#6500 = CARTESIAN_POINT ( 'NONE',  ( 2.006669090636812314, 2.230085011985603494, 8.077500000000000568 ) ) ;
#6501 = CARTESIAN_POINT ( 'NONE',  ( 1.500842031447374270, 2.597589882302615560, -9.750000000000001776 ) ) ;
#6502 = ORIENTED_EDGE ( 'NONE', *, *, #337, .T. ) ;
#6503 = VERTEX_POINT ( 'NONE', #10660 ) ;
#6504 = CIRCLE ( 'NONE', #7045, 3.000000000000000000 ) ;
#6505 = ORIENTED_EDGE ( 'NONE', *, *, #7084, .T. ) ;
#6506 = DIRECTION ( 'NONE',  ( 0.9902680687415701399, -0.1391731009600672975, 0.000000000000000000 ) ) ;
#6507 = ADVANCED_FACE ( 'NONE', ( #2742 ), #9840, .F. ) ;
#6508 = EDGE_CURVE ( 'NONE', #4050, #9998, #11328, .T. ) ;
#6509 = CARTESIAN_POINT ( 'NONE',  ( -1.892491597964134370E-16, -1.545336663013173073, -7.650000000000004796 ) ) ;
#6510 = CARTESIAN_POINT ( 'NONE',  ( 0.000000000000000000, 1.545336663013173073, -9.312500000000005329 ) ) ;
#6511 = VERTEX_POINT ( 'NONE', #934 ) ;
#6512 = VERTEX_POINT ( 'NONE', #1096 ) ;
#6513 = CARTESIAN_POINT ( 'NONE',  ( -0.8268532745289250974, 2.757603189564171053, 9.571310031034848009 ) ) ;
#6514 = LINE ( 'NONE', #9157, #6074 ) ;
#6515 = CARTESIAN_POINT ( 'NONE',  ( 2.775726306570166724, 0.4894354389105677883, 9.750000000000001776 ) ) ;
#6516 = VERTEX_POINT ( 'NONE', #4498 ) ;
#6517 = ORIENTED_EDGE ( 'NONE', *, *, #2238, .F. ) ;
#6518 = ORIENTED_EDGE ( 'NONE', *, *, #4193, .F. ) ;
#6519 = EDGE_CURVE ( 'NONE', #9448, #2561, #8033, .T. ) ;
#6520 = DIRECTION ( 'NONE',  ( 0.4999999999999993894, 0.8660254037844389297, 0.000000000000000000 ) ) ;
#6521 = CARTESIAN_POINT ( 'NONE',  ( -1.176575538379254215, 2.037888611415574314, -7.526041666666672292 ) ) ;
#6522 = ORIENTED_EDGE ( 'NONE', *, *, #9558, .F. ) ;
#6523 = DIRECTION ( 'NONE',  ( -0.6427876096865315914, 0.7660444431189845638, 0.000000000000000000 ) ) ;
#6524 = CARTESIAN_POINT ( 'NONE',  ( -2.094588142061004632, -1.885975634249994481, 8.077500000000002345 ) ) ;
#6525 = DIRECTION ( 'NONE',  ( 0.000000000000000000, 0.000000000000000000, -1.000000000000000000 ) ) ;
#6526 = VERTEX_POINT ( 'NONE', #7181 ) ;
#6527 = ORIENTED_EDGE ( 'NONE', *, *, #2571, .T. ) ;
#6528 = EDGE_CURVE ( 'NONE', #3069, #1857, #5509, .T. ) ;
#6529 = EDGE_LOOP ( 'NONE', ( #3659, #829, #10683, #6040 ) ) ;
#6530 = CARTESIAN_POINT ( 'NONE',  ( 1.124721301025000342, -2.781187155698197522, -9.750000000000001776 ) ) ;
#6531 = DIRECTION ( 'NONE',  ( 1.000000000000000000, -1.554312234475219157E-15, 0.000000000000000000 ) ) ;
#6532 = DIRECTION ( 'NONE',  ( -1.000000000000000000, 0.000000000000000000, 0.000000000000000000 ) ) ;
#6533 = CARTESIAN_POINT ( 'NONE',  ( 2.775726306570166724, 0.4894354389105677883, 9.631453640997325039 ) ) ;
#6534 = EDGE_LOOP ( 'NONE', ( #4506, #6250, #9575, #5534 ) ) ;
#6535 = CARTESIAN_POINT ( 'NONE',  ( 0.7600957079959902440, 2.776745613731976814, 9.571310031034848009 ) ) ;
#6536 = EDGE_CURVE ( 'NONE', #9993, #6159, #7796, .T. ) ;
#6537 = DIRECTION ( 'NONE',  ( 0.000000000000000000, 0.000000000000000000, -1.000000000000000000 ) ) ;
#6538 = FACE_OUTER_BOUND ( 'NONE', #3729, .T. ) ;
#6539 = CARTESIAN_POINT ( 'NONE',  ( 0.000000000000000000, 0.000000000000000000, 8.077500000000002345 ) ) ;
#6540 = CARTESIAN_POINT ( 'NONE',  ( 0.5212620717708661422, -2.956224110890479650, 8.077500000000002345 ) ) ;
#6541 = DIRECTION ( 'NONE',  ( -0.000000000000000000, -0.000000000000000000, 1.000000000000000000 ) ) ;
#6542 = CARTESIAN_POINT ( 'NONE',  ( 2.336680831601421815, -1.576111122057619163, 9.750000000000001776 ) ) ;
#6543 = CARTESIAN_POINT ( 'NONE',  ( -1.833581668493418082, -9.005843993036349382E-16, -9.391418331506589112 ) ) ;
#6544 = ORIENTED_EDGE ( 'NONE', *, *, #8257, .T. ) ;
#6545 = DIRECTION ( 'NONE',  ( -0.8987940462991612645, 0.4383711467890892832, 0.000000000000000000 ) ) ;
#6546 = CARTESIAN_POINT ( 'NONE',  ( 1.154700538379251462, 0.000000000000000000, 9.750000000000001776 ) ) ;
#6547 = VERTEX_POINT ( 'NONE', #3416 ) ;
#6548 = DIRECTION ( 'NONE',  ( 0.5299192642332157810, 0.8480480961564191844, 0.000000000000000000 ) ) ;
#6549 = DIRECTION ( 'NONE',  ( -0.2756373558169982196, 0.9612616959383192272, 0.000000000000000000 ) ) ;
#6550 = CARTESIAN_POINT ( 'NONE',  ( -1.865894267287203867, 0.7214934693844631264, -6.820061703358663685 ) ) ;
#6551 = DIRECTION ( 'NONE',  ( -0.1045284632676635739, -0.9945218953682721796, 0.000000000000000000 ) ) ;
#6552 = ORIENTED_EDGE ( 'NONE', *, *, #482, .F. ) ;
#6553 = ORIENTED_EDGE ( 'NONE', *, *, #6663, .T. ) ;
#6554 = ORIENTED_EDGE ( 'NONE', *, *, #961, .T. ) ;
#6555 = CARTESIAN_POINT ( 'NONE',  ( 0.000000000000000000, 0.000000000000000000, 8.077500000000000568 ) ) ;
#6556 = CARTESIAN_POINT ( 'NONE',  ( -1.764863307568881767, -1.018944305707786713, -9.451041666666673891 ) ) ;
#6557 = CARTESIAN_POINT ( 'NONE',  ( -0.8922005383792531719, 1.545336663013173073, -7.154166666666670338 ) ) ;
#6558 = CIRCLE ( 'NONE', #8010, 3.000000000000000000 ) ;
#6559 = ORIENTED_EDGE ( 'NONE', *, *, #6926, .F. ) ;
#6560 = EDGE_CURVE ( 'NONE', #9116, #7817, #9188, .T. ) ;
#6561 = EDGE_CURVE ( 'NONE', #11030, #2579, #7193, .T. ) ;
#6562 = CARTESIAN_POINT ( 'NONE',  ( 2.648386132258314873, -1.409273179501350448, 8.077500000000000568 ) ) ;
#6563 = CARTESIAN_POINT ( 'NONE',  ( 0.000000000000000000, 0.000000000000000000, 6.810000000000001386 ) ) ;
#6564 = CARTESIAN_POINT ( 'NONE',  ( 2.000000000000003553, 2.765148529399950325E-11, -7.737499999998392219 ) ) ;
#6565 = ORIENTED_EDGE ( 'NONE', *, *, #7095, .T. ) ;
#6566 = ORIENTED_EDGE ( 'NONE', *, *, #2684, .F. ) ;
#6567 = EDGE_CURVE ( 'NONE', #6592, #2237, #1718, .T. ) ;
#6568 = VERTEX_POINT ( 'NONE', #5315 ) ;
#6569 = DATE_AND_TIME ( #8122, #6481 ) ;
#6570 = CARTESIAN_POINT ( 'NONE',  ( 0.000000000000000000, 2.037888611415574314, -6.884375000000006573 ) ) ;
#6571 = AXIS2_PLACEMENT_3D ( 'NONE', #4680, #10014, #3197 ) ;
#6572 = CARTESIAN_POINT ( 'NONE',  ( -1.146406084414235638, 2.574870223422000670, 8.077500000000002345 ) ) ;
#6573 = ORIENTED_EDGE ( 'NONE', *, *, #1646, .F. ) ;
#6574 = LINE ( 'NONE', #10044, #8078 ) ;
#6575 = FACE_OUTER_BOUND ( 'NONE', #5298, .T. ) ;
#6576 = CARTESIAN_POINT ( 'NONE',  ( -2.742306912204075076, -1.220953701233101540, 9.750000000000001776 ) ) ;
#6577 = AXIS2_PLACEMENT_3D ( 'NONE', #6665, #9131, #1152 ) ;
#6578 = VERTEX_POINT ( 'NONE', #851 ) ;
#6579 = ADVANCED_FACE ( 'NONE', ( #10526 ), #6071, .T. ) ;
#6580 = CARTESIAN_POINT ( 'NONE',  ( -2.648386132258304659, 1.409273179501368878, 8.077500000000000568 ) ) ;
#6581 = CARTESIAN_POINT ( 'NONE',  ( -2.440932748640435079, 1.409273179501366435, 9.631453640997325039 ) ) ;
#6582 = EDGE_LOOP ( 'NONE', ( #8381, #558, #11482 ) ) ;
#6583 = DIRECTION ( 'NONE',  ( 0.000000000000000000, 0.000000000000000000, -1.000000000000000000 ) ) ;
#6584 = CARTESIAN_POINT ( 'NONE',  ( -1.176575538379255104, -2.037888611415573870, -7.292708333333340676 ) ) ;
#6585 = DIRECTION ( 'NONE',  ( 0.000000000000000000, -0.000000000000000000, -1.000000000000000000 ) ) ;
#6586 = DIRECTION ( 'NONE',  ( 0.000000000000000000, -0.000000000000000000, -1.000000000000000000 ) ) ;
#6587 = DIRECTION ( 'NONE',  ( 0.000000000000000000, -0.000000000000000000, -1.000000000000000000 ) ) ;
#6588 = ORIENTED_EDGE ( 'NONE', *, *, #850, .F. ) ;
#6589 = FACE_BOUND ( 'NONE', #3992, .T. ) ;
#6590 = DIRECTION ( 'NONE',  ( 1.000000000000000000, 0.000000000000000000, 0.000000000000000000 ) ) ;
#6591 = ADVANCED_FACE ( 'NONE', ( #11390 ), #1659, .T. ) ;
#6592 = VERTEX_POINT ( 'NONE', #10581 ) ;
#6593 = DIRECTION ( 'NONE',  ( 0.7660444431189803449, 0.6427876096865366984, 0.000000000000000000 ) ) ;
#6594 = AXIS2_PLACEMENT_3D ( 'NONE', #10798, #404, #1514 ) ;
#6595 = CARTESIAN_POINT ( 'NONE',  ( 0.000000000000000000, 0.000000000000000000, 8.077500000000000568 ) ) ;
#6596 =( BOUNDED_CURVE ( )  B_SPLINE_CURVE ( 2, ( #21, #1156, #2045, #3965, #385, #1098, #10898, #10072, #2925 ),
 .UNSPECIFIED., .F., .F. ) 
 B_SPLINE_CURVE_WITH_KNOTS ( ( 3, 2, 2, 2, 3 ),
 ( 0.3826146238354574125, 0.3945193857402193860, 0.4183289095497432220, 0.4421384333592670579, 0.4540431952640289204 ),
 .UNSPECIFIED. ) 
 CURVE ( )  GEOMETRIC_REPRESENTATION_ITEM ( )  RATIONAL_B_SPLINE_CURVE ( ( 0.9330127018922192983, 0.9330127018922189652, 1.000000000000000000, 0.8660254037844387076, 1.000000000000000000, 0.8660254037844387076, 1.000000000000000000, 0.9330127018922194093, 0.9330127018922191873 ) ) 
 REPRESENTATION_ITEM ( '' )  );
#6597 = DIRECTION ( 'NONE',  ( 0.000000000000000000, 0.000000000000000000, -1.000000000000000000 ) ) ;
#6598 = EDGE_CURVE ( 'NONE', #1781, #7259, #6127, .T. ) ;
#6599 = CIRCLE ( 'NONE', #2671, 3.000000000000000444 ) ;
#6600 = AXIS2_PLACEMENT_3D ( 'NONE', #7733, #10460, #1316 ) ;
#6601 = DIRECTION ( 'NONE',  ( -0.000000000000000000, -0.000000000000000000, 1.000000000000000000 ) ) ;
#6602 = DIRECTION ( 'NONE',  ( 0.9702957262759966950, 0.2419218955996667308, 0.000000000000000000 ) ) ;
#6603 = DIRECTION ( 'NONE',  ( 0.000000000000000000, 0.000000000000000000, -1.000000000000000000 ) ) ;
#6604 = VERTEX_POINT ( 'NONE', #10643 ) ;
#6605 = DIRECTION ( 'NONE',  ( -0.000000000000000000, -0.000000000000000000, -1.000000000000000000 ) ) ;
#6606 = ORIENTED_EDGE ( 'NONE', *, *, #1050, .F. ) ;
#6607 = CARTESIAN_POINT ( 'NONE',  ( 0.000000000000000000, 0.000000000000000000, 9.449999999999999289 ) ) ;
#6608 = CARTESIAN_POINT ( 'NONE',  ( -1.338300807568880035, 0.7726683315065867586, -9.283333333333338544 ) ) ;
#6609 = DIRECTION ( 'NONE',  ( -0.000000000000000000, 0.000000000000000000, -1.000000000000000000 ) ) ;
#6610 = ORIENTED_EDGE ( 'NONE', *, *, #2239, .T. ) ;
#6611 = VECTOR ( 'NONE', #10597, 1000.000000000000000 ) ;
#6612 = CIRCLE ( 'NONE', #8792, 3.000000000000000000 ) ;
#6613 = VERTEX_POINT ( 'NONE', #8013 ) ;
#6614 = CARTESIAN_POINT ( 'NONE',  ( 2.613310677415280558, -1.055846049930825759, 8.077500000000002345 ) ) ;
#6615 = CARTESIAN_POINT ( 'NONE',  ( -0.3831386263731429986, -1.530689418621150599, -5.575603049241228071 ) ) ;
#6616 = ADVANCED_FACE ( 'NONE', ( #11457 ), #1787, .T. ) ;
#6617 = CARTESIAN_POINT ( 'NONE',  ( -1.892491597964134370E-16, -1.545336663013173073, -9.662500000000004974 ) ) ;
#6618 = AXIS2_PLACEMENT_3D ( 'NONE', #1241, #2889, #6467 ) ;
#6619 = CARTESIAN_POINT ( 'NONE',  ( -0.6705076904016765704, -1.392294810435239061, -5.512115761701811500 ) ) ;
#6620 = CARTESIAN_POINT ( 'NONE',  ( -0.8922005383792531719, 1.545336663013173073, -8.641666666666671048 ) ) ;
#6621 = ORIENTED_EDGE ( 'NONE', *, *, #11224, .F. ) ;
#6622 = CARTESIAN_POINT ( 'NONE',  ( 0.3922658369820865021, -2.791116459588167231, 9.631453640997325039 ) ) ;
#6623 = VERTEX_POINT ( 'NONE', #4367 ) ;
#6624 = CARTESIAN_POINT ( 'NONE',  ( 2.221044840433172407, -1.735270409657360569, 9.750000000000001776 ) ) ;
#6625 = PLANE ( 'NONE',  #10861 ) ;
#6626 = VERTEX_POINT ( 'NONE', #1614 ) ;
#6627 = ORIENTED_EDGE ( 'NONE', *, *, #5986, .T. ) ;
#6628 = VECTOR ( 'NONE', #2107, 1000.000000000000000 ) ;
#6629 = AXIS2_PLACEMENT_3D ( 'NONE', #6464, #4708, #6520 ) ;
#6630 = CARTESIAN_POINT ( 'NONE',  ( -2.819410289580885021, 1.025146632928884527, 8.077500000000000568 ) ) ;
#6631 = CIRCLE ( 'NONE', #5126, 3.000000000000000000 ) ;
#6632 = EDGE_CURVE ( 'NONE', #9849, #7744, #2127, .T. ) ;
#6633 = PLANE ( 'NONE',  #4896 ) ;
#6634 = ORIENTED_EDGE ( 'NONE', *, *, #3300, .F. ) ;
#6635 = EDGE_CURVE ( 'NONE', #8748, #10956, #2493, .T. ) ;
#6636 = DIRECTION ( 'NONE',  ( -1.000000000000000000, 0.000000000000000000, 0.000000000000000000 ) ) ;
#6637 = DIRECTION ( 'NONE',  ( 0.9396926207859040980, -0.3420201433256804813, 0.000000000000000000 ) ) ;
#6638 = EDGE_CURVE ( 'NONE', #2339, #6643, #7905, .T. ) ;
#6639 = AXIS2_PLACEMENT_3D ( 'NONE', #8385, #8160, #10197 ) ;
#6640 = VECTOR ( 'NONE', #757, 1000.000000000000000 ) ;
#6641 = VERTEX_POINT ( 'NONE', #2 ) ;
#6642 = DIRECTION ( 'NONE',  ( 0.9135454576426221829, 0.4067366430757526352, 0.000000000000000000 ) ) ;
#6643 = VERTEX_POINT ( 'NONE', #972 ) ;
#6644 = ORIENTED_EDGE ( 'NONE', *, *, #10755, .F. ) ;
#6645 = PLANE ( 'NONE',  #7929 ) ;
#6646 = CARTESIAN_POINT ( 'NONE',  ( -2.298758245762893004, -1.927617837523067257, 8.077500000000000568 ) ) ;
#6647 = AXIS2_PLACEMENT_3D ( 'NONE', #7620, #3249, #5907 ) ;
#6648 = AXIS2_PLACEMENT_3D ( 'NONE', #181, #8412, #1251 ) ;
#6649 = EDGE_CURVE ( 'NONE', #9806, #4206, #3480, .T. ) ;
#6650 = EDGE_CURVE ( 'NONE', #4507, #8554, #5115, .T. ) ;
#6651 = DIRECTION ( 'NONE',  ( 0.000000000000000000, 0.000000000000000000, -1.000000000000000000 ) ) ;
#6652 = CARTESIAN_POINT ( 'NONE',  ( 1.124721301025019438, 2.781187155698189528, 8.077500000000000568 ) ) ;
#6653 = CARTESIAN_POINT ( 'NONE',  ( 2.970668720312947375, 0.4184822029121886278, 9.449999999999999289 ) ) ;
#6654 = ORIENTED_EDGE ( 'NONE', *, *, #4557, .F. ) ;
#6655 = ORIENTED_EDGE ( 'NONE', *, *, #1814, .T. ) ;
#6656 = LINE ( 'NONE', #1031, #8963 ) ;
#6657 = CARTESIAN_POINT ( 'NONE',  ( 0.000000000000000000, 0.000000000000000000, -9.750000000000001776 ) ) ;
#6658 = LOCAL_TIME ( 17, 51, 19.00000000000000000, #8918 ) ;
#6659 = ORIENTED_EDGE ( 'NONE', *, *, #337, .F. ) ;
#6660 = DIRECTION ( 'NONE',  ( 0.9135454576425789952, -0.4067366430758492801, 0.000000000000000000 ) ) ;
#6661 = CARTESIAN_POINT ( 'NONE',  ( -1.846218079001131329, -2.364630796714229710, -9.750000000000001776 ) ) ;
#6662 = CARTESIAN_POINT ( 'NONE',  ( -2.000000000000924594, -0.5358983848623389834, -8.056239260883536701 ) ) ;
#6663 = EDGE_CURVE ( 'NONE', #6826, #2419, #2869, .T. ) ;
#6664 = CARTESIAN_POINT ( 'NONE',  ( 2.994516329218109618, 0.2093969802149970860, 8.077500000000002345 ) ) ;
#6665 = CARTESIAN_POINT ( 'NONE',  ( 0.000000000000000000, 0.000000000000000000, 8.077500000000002345 ) ) ;
#6666 = CARTESIAN_POINT ( 'NONE',  ( 0.000000000000000000, 0.000000000000000000, -9.750000000000001776 ) ) ;
#6667 = VERTEX_POINT ( 'NONE', #914 ) ;
#6668 = CARTESIAN_POINT ( 'NONE',  ( -2.094588142061004632, -1.885975634249994481, 9.750000000000001776 ) ) ;
#6669 = ORIENTED_EDGE ( 'NONE', *, *, #5610, .F. ) ;
#6670 = CARTESIAN_POINT ( 'NONE',  ( -1.475000000000006750, 0.000000000000000000, -9.750000000000001776 ) ) ;
#6671 = PLANE ( 'NONE',  #6639 ) ;
#6672 = EDGE_CURVE ( 'NONE', #3972, #7416, #9362, .T. ) ;
#6673 = EDGE_LOOP ( 'NONE', ( #769, #9679, #3493, #6027 ) ) ;
#6674 = VERTEX_POINT ( 'NONE', #251 ) ;
#6675 = FACE_OUTER_BOUND ( 'NONE', #9108, .T. ) ;
#6676 = AXIS2_PLACEMENT_3D ( 'NONE', #7412, #11003, #1988 ) ;
#6677 = CARTESIAN_POINT ( 'NONE',  ( -0.6324784270201231351, 2.808564175525965823, 9.571310031034848009 ) ) ;
#6678 = VERTEX_POINT ( 'NONE', #6416 ) ;
#6679 = CARTESIAN_POINT ( 'NONE',  ( -0.8765829465450062363, -2.805626575604867945, 9.510800894373550918 ) ) ;
#6680 = DIRECTION ( 'NONE',  ( -0.9975640502598209780, 0.06975647374417152935, 0.000000000000000000 ) ) ;
#6681 = VECTOR ( 'NONE', #7145, 1000.000000000000000 ) ;
#6682 = DIRECTION ( 'NONE',  ( -0.000000000000000000, -0.000000000000000000, 1.000000000000000000 ) ) ;
#6683 = CARTESIAN_POINT ( 'NONE',  ( 0.000000000000000000, -2.818546359002675583, 9.750000000000001776 ) ) ;
#6684 = EDGE_CURVE ( 'NONE', #6547, #6402, #9107, .T. ) ;
#6685 = VERTEX_POINT ( 'NONE', #7339 ) ;
#6686 = DIRECTION ( 'NONE',  ( -0.000000000000000000, -0.000000000000000000, -1.000000000000000000 ) ) ;
#6687 = DIRECTION ( 'NONE',  ( 0.7880107536067307850, 0.6156614753256471895, 0.000000000000000000 ) ) ;
#6688 = VERTEX_POINT ( 'NONE', #2844 ) ;
#6689 = DIRECTION ( 'NONE',  ( -0.9135454576426059736, -0.4067366430757887730, 0.000000000000000000 ) ) ;
#6690 = CARTESIAN_POINT ( 'NONE',  ( -2.428530378214571517, -1.764430600325796572, 9.750000000000001776 ) ) ;
#6691 = ORIENTED_EDGE ( 'NONE', *, *, #5433, .F. ) ;
#6692 = DIRECTION ( 'NONE',  ( -0.8090169943749466741, 0.5877852522924741363, 0.000000000000000000 ) ) ;
#6693 = PRODUCT_RELATED_PRODUCT_CATEGORY ( 'detail', '', ( #180 ) ) ;
#6694 = EDGE_CURVE ( 'NONE', #1350, #1349, #6599, .T. ) ;
#6695 = ORIENTED_EDGE ( 'NONE', *, *, #4919, .F. ) ;
#6696 = CARTESIAN_POINT ( 'NONE',  ( -0.6859982084113137590, -1.757952110603834273, -6.708160238016674271 ) ) ;
#6697 = DIRECTION ( 'NONE',  ( -1.000000000000000000, 0.000000000000000000, 0.000000000000000000 ) ) ;
#6698 = CARTESIAN_POINT ( 'NONE',  ( 1.315987345267976671, 2.695955731664476218, 9.449999999999999289 ) ) ;
#6699 = EDGE_LOOP ( 'NONE', ( #1644, #10608, #2030, #4918 ) ) ;
#6700 = ORIENTED_EDGE ( 'NONE', *, *, #4212, .F. ) ;
#6701 = LINE ( 'NONE', #9297, #7946 ) ;
#6702 = DIRECTION ( 'NONE',  ( -0.000000000000000000, 0.000000000000000000, -1.000000000000000000 ) ) ;
#6703 = CARTESIAN_POINT ( 'NONE',  ( 1.315987345267976671, 2.695955731664476218, -9.750000000000001776 ) ) ;
#6704 = EDGE_CURVE ( 'NONE', #6773, #9997, #10988, .T. ) ;
#6705 = EDGE_CURVE ( 'NONE', #5021, #924, #9113, .T. ) ;
#6706 = CARTESIAN_POINT ( 'NONE',  ( 2.613310677415288108, 1.055846049930807995, 9.750000000000001776 ) ) ;
#6707 = CARTESIAN_POINT ( 'NONE',  ( -0.5199868932016027401, -2.954591956751142501, 8.077500000000000568 ) ) ;
#6708 = CARTESIAN_POINT ( 'NONE',  ( 2.972615042991531897, 0.4177737993909065306, 8.077500000000002345 ) ) ;
#6709 = VERTEX_POINT ( 'NONE', #1201 ) ;
#6710 = LINE ( 'NONE', #10303, #7129 ) ;
#6711 = ORIENTED_EDGE ( 'NONE', *, *, #8294, .T. ) ;
#6712 = CARTESIAN_POINT ( 'NONE',  ( -1.499157810963831050, -2.598562267452164232, -9.750000000000001776 ) ) ;
#6713 = CARTESIAN_POINT ( 'NONE',  ( 1.784401076758506788, -3.763923298982691022E-16, -8.175000000000006040 ) ) ;
#6714 = CARTESIAN_POINT ( 'NONE',  ( -1.968301270189927177, 1.821359319817464581E-11, -6.793301270189900265 ) ) ;
#6715 = ADVANCED_FACE ( 'NONE', ( #4666 ), #8198, .F. ) ;
#6716 = DIRECTION ( 'NONE',  ( -0.7071067811865491270, 0.000000000000000000, -0.7071067811865459074 ) ) ;
#6717 = ORIENTED_EDGE ( 'NONE', *, *, #1775, .T. ) ;
#6718 = ORIENTED_EDGE ( 'NONE', *, *, #3699, .F. ) ;
#6719 = CARTESIAN_POINT ( 'NONE',  ( 2.934352083914272935, -0.1718021872438944553, 9.510800894373550918 ) ) ;
#6720 = CARTESIAN_POINT ( 'NONE',  ( 1.764863307568881101, -1.018944305707788045, -8.517708333333338544 ) ) ;
#6721 = LINE ( 'NONE', #5976, #9196 ) ;
#6722 = EDGE_CURVE ( 'NONE', #4423, #2078, #8322, .T. ) ;
#6723 = LINE ( 'NONE', #3042, #9529 ) ;
#6724 = ORIENTED_EDGE ( 'NONE', *, *, #5010, .T. ) ;
#6725 = ORIENTED_EDGE ( 'NONE', *, *, #522, .T. ) ;
#6726 = CARTESIAN_POINT ( 'NONE',  ( -2.883516910659411181, -0.8278467406115741500, 9.449999999999999289 ) ) ;
#6727 = EDGE_CURVE ( 'NONE', #1504, #8116, #3692, .T. ) ;
#6728 = CARTESIAN_POINT ( 'NONE',  ( -1.314239397301675938, 2.696808262850759697, -9.750000000000001776 ) ) ;
#6729 = PLANE ( 'NONE',  #4439 ) ;
#6730 = VERTEX_POINT ( 'NONE', #3892 ) ;
#6731 = AXIS2_PLACEMENT_3D ( 'NONE', #2164, #386, #5753 ) ;
#6732 = VECTOR ( 'NONE', #10646, 1000.000000000000000 ) ;
#6733 = CARTESIAN_POINT ( 'NONE',  ( 0.000000000000000000, 0.000000000000000000, -9.750000000000001776 ) ) ;
#6734 = CARTESIAN_POINT ( 'NONE',  ( 2.336680831601422259, -1.576111122057619163, 9.631453640997325039 ) ) ;
#6735 = VERTEX_POINT ( 'NONE', #185 ) ;
#6736 = ADVANCED_FACE ( 'NONE', ( #7396 ), #2145, .F. ) ;
#6737 = DIRECTION ( 'NONE',  ( -0.9271838545667825393, 0.3746065934159242272, 0.000000000000000000 ) ) ;
#6738 = EDGE_CURVE ( 'NONE', #7517, #820, #6787, .T. ) ;
#6739 = CARTESIAN_POINT ( 'NONE',  ( -1.315915060267131675, -2.698025703257700858, 9.750000000000001776 ) ) ;
#6740 = CARTESIAN_POINT ( 'NONE',  ( 0.5219021180699601192, -2.954254250932727643, 9.449999999999999289 ) ) ;
#6741 = VERTEX_POINT ( 'NONE', #125 ) ;
#6742 = CARTESIAN_POINT ( 'NONE',  ( -2.405959518911545914, 1.580955559796865417, 9.571310031034848009 ) ) ;
#6743 = EDGE_LOOP ( 'NONE', ( #5711, #3554, #903, #9955 ) ) ;
#6744 = AXIS2_PLACEMENT_3D ( 'NONE', #10568, #8806, #11504 ) ;
#6745 = VERTEX_POINT ( 'NONE', #10055 ) ;
#6746 = LINE ( 'NONE', #489, #9243 ) ;
#6747 = CARTESIAN_POINT ( 'NONE',  ( -2.000000000000769607, 0.5358983848626057700, -8.118760739117464098 ) ) ;
#6748 = EDGE_LOOP ( 'NONE', ( #10728, #145, #9790 ) ) ;
#6749 = DIRECTION ( 'NONE',  ( -0.4383711467890675229, 0.8987940462991719226, 0.000000000000000000 ) ) ;
#6750 = ADVANCED_FACE ( 'NONE', ( #5492 ), #10876, .T. ) ;
#6751 = VECTOR ( 'NONE', #1612, 1000.000000000000000 ) ;
#6752 = PLANE ( 'NONE',  #2681 ) ;
#6753 = ORIENTED_EDGE ( 'NONE', *, *, #7157, .T. ) ;
#6754 = ORIENTED_EDGE ( 'NONE', *, *, #10454, .F. ) ;
#6755 = CARTESIAN_POINT ( 'NONE',  ( 0.000000000000000000, 0.000000000000000000, 8.077500000000002345 ) ) ;
#6756 = DIRECTION ( 'NONE',  ( -0.000000000000000000, -0.000000000000000000, 1.000000000000000000 ) ) ;
#6757 = CARTESIAN_POINT ( 'NONE',  ( -2.533292686689785356, 1.235569399674210755, 8.077500000000002345 ) ) ;
#6758 = CONICAL_SURFACE ( 'NONE', #8233, 1.475000000000007860, 0.7853981633974465026 ) ;
#6759 = CARTESIAN_POINT ( 'NONE',  ( 0.000000000000000000, 0.000000000000000000, -9.750000000000001776 ) ) ;
#6760 = AXIS2_PLACEMENT_3D ( 'NONE', #5605, #9098, #3934 ) ;
#6761 = DIRECTION ( 'NONE',  ( 0.8829475928589209932, -0.4694715627859021301, 0.000000000000000000 ) ) ;
#6762 = EDGE_CURVE ( 'NONE', #5991, #1781, #9060, .T. ) ;
#6763 = EDGE_CURVE ( 'NONE', #2639, #11427, #4543, .T. ) ;
#6764 = DIRECTION ( 'NONE',  ( -0.000000000000000000, -0.000000000000000000, -1.000000000000000000 ) ) ;
#6765 = DIRECTION ( 'NONE',  ( 0.03489949670249586217, -0.9993908270190958731, 0.000000000000000000 ) ) ;
#6766 = AXIS2_PLACEMENT_3D ( 'NONE', #4565, #1261, #3614 ) ;
#6767 = EDGE_LOOP ( 'NONE', ( #3489, #10737, #1882, #4467 ) ) ;
#6768 = DIRECTION ( 'NONE',  ( 0.000000000000000000, -0.000000000000000000, -1.000000000000000000 ) ) ;
#6769 = ADVANCED_FACE ( 'NONE', ( #2085 ), #8079, .T. ) ;
#6770 = CARTESIAN_POINT ( 'NONE',  ( -1.892491597964134370E-16, -1.545336663013173073, -7.650000000000004796 ) ) ;
#6771 = CARTESIAN_POINT ( 'NONE',  ( -2.297508171510894037, 1.929107618003896629, 9.449999999999999289 ) ) ;
#6772 = CARTESIAN_POINT ( 'NONE',  ( 1.678601268950999259, 2.488628723042702884, 9.750000000000001776 ) ) ;
#6773 = VERTEX_POINT ( 'NONE', #8995 ) ;
#6774 = ORIENTED_EDGE ( 'NONE', *, *, #8614, .T. ) ;
#6775 = VECTOR ( 'NONE', #6637, 1000.000000000000114 ) ;
#6776 = AXIS2_PLACEMENT_3D ( 'NONE', #9154, #5706, #9272 ) ;
#6777 = CARTESIAN_POINT ( 'NONE',  ( -2.884052962002330300, -0.8259773074156353534, 8.077500000000000568 ) ) ;
#6778 = CARTESIAN_POINT ( 'NONE',  ( 1.176575538379255326, 2.037888611415573425, -9.042708333333338899 ) ) ;
#6779 = EDGE_CURVE ( 'NONE', #1048, #3171, #10494, .T. ) ;
#6780 = EDGE_CURVE ( 'NONE', #7264, #3562, #1137, .T. ) ;
#6781 = PLANE ( 'NONE',  #8611 ) ;
#6782 = CARTESIAN_POINT ( 'NONE',  ( -1.892491597964134370E-16, -1.545336663013173073, -6.862500000000004263 ) ) ;
#6783 = VECTOR ( 'NONE', #10210, 1000.000000000000000 ) ;
#6784 = ORIENTED_EDGE ( 'NONE', *, *, #8543, .T. ) ;
#6785 = LINE ( 'NONE', #2213, #2272 ) ;
#6786 = DIRECTION ( 'NONE',  ( -0.4067366430758087015, -0.9135454576425972029, 0.000000000000000000 ) ) ;
#6787 = CIRCLE ( 'NONE', #8262, 3.000000000000000000 ) ;
#6789 = DIRECTION ( 'NONE',  ( -0.000000000000000000, 0.000000000000000000, -1.000000000000000000 ) ) ;
#6788 = VECTOR ( 'NONE', #3022, 1000.000000000000000 ) ;
#6790 = CARTESIAN_POINT ( 'NONE',  ( 1.032742627646287881, 1.342228845183157881, -6.507306611069259006 ) ) ;
#6791 = ORIENTED_EDGE ( 'NONE', *, *, #3474, .T. ) ;
#6792 = ORIENTED_EDGE ( 'NONE', *, *, #11205, .F. ) ;
#6793 = CARTESIAN_POINT ( 'NONE',  ( 2.992624163415381400, 0.2102394267077318524, 9.449999999999999289 ) ) ;
#6794 = AXIS2_PLACEMENT_3D ( 'NONE', #9837, #10657, #8770 ) ;
#6795 = EDGE_LOOP ( 'NONE', ( #10730, #8, #3685 ) ) ;
#6796 = CARTESIAN_POINT ( 'NONE',  ( -2.543628869203391929, -1.590582338565054821, 9.449999999999999289 ) ) ;
#6797 = CARTESIAN_POINT ( 'NONE',  ( 0.2741049408698771339, -2.926568746041093405, 9.510800894373550918 ) ) ;
#6798 = DIRECTION ( 'NONE',  ( 0.1391731009600571389, -0.9902680687415715832, 0.000000000000000000 ) ) ;
#6799 = EDGE_LOOP ( 'NONE', ( #3330, #11023, #6324, #8062 ) ) ;
#6800 = AXIS2_PLACEMENT_3D ( 'NONE', #3888, #2027, #10938 ) ;
#6801 = CARTESIAN_POINT ( 'NONE',  ( -2.543628869203357290, 1.590582338565107889, 9.449999999999999289 ) ) ;
#6802 = ORIENTED_EDGE ( 'NONE', *, *, #5643, .F. ) ;
#6803 = AXIS2_PLACEMENT_3D ( 'NONE', #3752, #6523, #3880 ) ;
#6804 = EDGE_LOOP ( 'NONE', ( #5230, #2073, #6337 ) ) ;
#6805 = CARTESIAN_POINT ( 'NONE',  ( -2.698629191337189148, -1.165048767896264659, 9.510800894373550918 ) ) ;
#6806 = EDGE_CURVE ( 'NONE', #7969, #2025, #2201, .T. ) ;
#6807 = FACE_OUTER_BOUND ( 'NONE', #3973, .T. ) ;
#6808 = B_SPLINE_CURVE_WITH_KNOTS ( 'NONE', 3,
 ( #10710, #1029, #7448, #9294 ),
 .UNSPECIFIED., .F., .F.,
 ( 4, 4 ),
 ( 3.054997924345375526E-07, 0.0002759181450133581432 ),
 .UNSPECIFIED. ) ;
#6809 = PLANE ( 'NONE',  #11006 ) ;
#6810 = ORIENTED_EDGE ( 'NONE', *, *, #1409, .T. ) ;
#6811 = CIRCLE ( 'NONE', #7717, 3.000000000000000000 ) ;
#6812 = AXIS2_PLACEMENT_3D ( 'NONE', #5823, #7771, #10387 ) ;
#6813 = CARTESIAN_POINT ( 'NONE',  ( 2.000000000000003553, 4.241462009623571877E-15, -7.125000000000003553 ) ) ;
#6814 = CARTESIAN_POINT ( 'NONE',  ( 2.221044840433183953, 1.735270409657345247, 8.077500000000002345 ) ) ;
#6815 = DIRECTION ( 'NONE',  ( 0.000000000000000000, 0.000000000000000000, -1.000000000000000000 ) ) ;
#6816 = CARTESIAN_POINT ( 'NONE',  ( -0.1056702774064889050, 2.998138387812149031, -9.750000000000001776 ) ) ;
#6817 = B_SPLINE_CURVE_WITH_KNOTS ( 'NONE', 3,
 ( #4413, #7836, #4528, #9685 ),
 .UNSPECIFIED., .F., .F.,
 ( 4, 4 ),
 ( 3.054997924345965273E-07, 0.0002759181450133581432 ),
 .UNSPECIFIED. ) ;
#6818 = CARTESIAN_POINT ( 'NONE',  ( 2.440932748640445293, -1.409273179501349338, 8.077500000000002345 ) ) ;
#6819 = EDGE_CURVE ( 'NONE', #10193, #11186, #4945, .T. ) ;
#6820 = VECTOR ( 'NONE', #4451, 999.9999999999998863 ) ;
#6821 = AXIS2_PLACEMENT_3D ( 'NONE', #10296, #4295, #6924 ) ;
#6822 = DIRECTION ( 'NONE',  ( -1.000000000000000000, 0.000000000000000000, 0.000000000000000000 ) ) ;
#6823 = PLANE ( 'NONE',  #6252 ) ;
#6824 = VECTOR ( 'NONE', #1852, 1000.000000000000114 ) ;
#6825 = AXIS2_PLACEMENT_3D ( 'NONE', #9851, #6384, #9080 ) ;
#6826 = VERTEX_POINT ( 'NONE', #10403 ) ;
#6827 = CARTESIAN_POINT ( 'NONE',  ( -2.727066569081137537, 0.9225885412759737836, 9.571310031034848009 ) ) ;
#6828 = AXIS2_PLACEMENT_3D ( 'NONE', #9838, #3496, #10539 ) ;
#6829 = CARTESIAN_POINT ( 'NONE',  ( -1.338300807568880035, 0.7726683315065867586, -8.583333333333339255 ) ) ;
#6830 = CARTESIAN_POINT ( 'NONE',  ( -0.1047623084752021816, 3.000000000000000888, 9.750000000000001776 ) ) ;
#6831 = FACE_OUTER_BOUND ( 'NONE', #2130, .T. ) ;
#6832 = EDGE_LOOP ( 'NONE', ( #2577, #5375, #2336 ) ) ;
#6833 = EDGE_LOOP ( 'NONE', ( #1736, #3695, #2759, #2576 ) ) ;
#6834 = B_SPLINE_CURVE_WITH_KNOTS ( 'NONE', 3,
 ( #3742, #8301, #10855, #7376 ),
 .UNSPECIFIED., .F., .F.,
 ( 4, 4 ),
 ( 3.054997924342157331E-07, 0.0002759181450133579806 ),
 .UNSPECIFIED. ) ;
#6835 = EDGE_CURVE ( 'NONE', #7216, #6355, #4897, .T. ) ;
#6836 = CIRCLE ( 'NONE', #10527, 3.000000000000000444 ) ;
#6837 = LINE ( 'NONE', #2340, #2894 ) ;
#6838 = CARTESIAN_POINT ( 'NONE',  ( 0.000000000000000000, 2.037888611415574314, -8.984375000000007105 ) ) ;
#6839 = EDGE_CURVE ( 'NONE', #4009, #2355, #6967, .T. ) ;
#6840 = DIRECTION ( 'NONE',  ( -0.000000000000000000, -0.000000000000000000, -1.000000000000000000 ) ) ;
#6841 = CARTESIAN_POINT ( 'NONE',  ( 1.847750578910098307, -2.363433476562731617, 9.449999999999999289 ) ) ;
#6842 = VERTEX_POINT ( 'NONE', #11271 ) ;
#6843 = CARTESIAN_POINT ( 'NONE',  ( -0.08747934307181814972, 1.641551824607162979, -6.457284254632146947 ) ) ;
#6844 = DIRECTION ( 'NONE',  ( 0.8090169943749436765, -0.5877852522924782441, 0.000000000000000000 ) ) ;
#6845 = EDGE_CURVE ( 'NONE', #10956, #5843, #8441, .T. ) ;
#6846 = ORIENTED_EDGE ( 'NONE', *, *, #10187, .F. ) ;
#6847 = EDGE_CURVE ( 'NONE', #543, #3676, #3241, .T. ) ;
#6848 = CARTESIAN_POINT ( 'NONE',  ( 0.1056702774065098466, -2.998138387812148586, -9.750000000000001776 ) ) ;
#6849 = EDGE_CURVE ( 'NONE', #5752, #7494, #9378, .T. ) ;
#6850 = ORIENTED_EDGE ( 'NONE', *, *, #11243, .F. ) ;
#6851 = FACE_OUTER_BOUND ( 'NONE', #8416, .T. ) ;
#6852 = LINE ( 'NONE', #8567, #5108 ) ;
#6853 = B_SPLINE_CURVE_WITH_KNOTS ( 'NONE', 3,
 ( #7793, #9356, #2428, #4970 ),
 .UNSPECIFIED., .F., .F.,
 ( 4, 4 ),
 ( 3.021976174289070749E-07, 0.0002759148428383535138 ),
 .UNSPECIFIED. ) ;
#6854 = CARTESIAN_POINT ( 'NONE',  ( -1.099964191629215993, -1.185479459618115516, -5.548001096449905134 ) ) ;
#6855 = CARTESIAN_POINT ( 'NONE',  ( 2.648386132258324643, 1.409273179501331796, 9.449999999999999289 ) ) ;
#6856 = ORIENTED_EDGE ( 'NONE', *, *, #4340, .F. ) ;
#6857 = B_SPLINE_CURVE_WITH_KNOTS ( 'NONE', 3,
 ( #1045, #7127, #4633, #24 ),
 .UNSPECIFIED., .F., .F.,
 ( 4, 4 ),
 ( 3.021976174289189863E-07, 0.0002759148428383549232 ),
 .UNSPECIFIED. ) ;
#6858 = LINE ( 'NONE', #7716, #4338 ) ;
#6859 = DIRECTION ( 'NONE',  ( -0.000000000000000000, -0.000000000000000000, -1.000000000000000000 ) ) ;
#6860 = ORIENTED_EDGE ( 'NONE', *, *, #6279, .T. ) ;
#6861 = VERTEX_POINT ( 'NONE', #8535 ) ;
#6862 = ADVANCED_FACE ( 'NONE', ( #9348 ), #4554, .T. ) ;
#6863 = CARTESIAN_POINT ( 'NONE',  ( -0.7768966656430935647, 2.709360653135695962, 9.631453640997325039 ) ) ;
#6864 = LINE ( 'NONE', #10400, #7384 ) ;
#6865 = B_SPLINE_CURVE_WITH_KNOTS ( 'NONE', 3,
 ( #1268, #3086, #5797, #9303 ),
 .UNSPECIFIED., .F., .F.,
 ( 4, 4 ),
 ( 3.021976174289256037E-07, 0.0002759148428383538390 ),
 .UNSPECIFIED. ) ;
#6866 = FACE_OUTER_BOUND ( 'NONE', #645, .T. ) ;
#6867 = LINE ( 'NONE', #8577, #3435 ) ;
#6868 = DIRECTION ( 'NONE',  ( -0.000000000000000000, -0.000000000000000000, -1.000000000000000000 ) ) ;
#6869 = EDGE_CURVE ( 'NONE', #8846, #11538, #3132, .T. ) ;
#6870 = VERTEX_POINT ( 'NONE', #10229 ) ;
#6871 = DIRECTION ( 'NONE',  ( 0.000000000000000000, 0.000000000000000000, -1.000000000000000000 ) ) ;
#6872 = CARTESIAN_POINT ( 'NONE',  ( -2.934352083914272047, 0.1718021872439135234, 9.510800894373550918 ) ) ;
#6873 = DIRECTION ( 'NONE',  ( 0.5877852522924755796, 0.8090169943749457859, 0.000000000000000000 ) ) ;
#6874 =( BOUNDED_CURVE ( )  B_SPLINE_CURVE ( 2, ( #4798, #5795, #11217, #10184, #5079, #4016, #9301, #2260, #4186 ),
 .UNSPECIFIED., .F., .F. ) 
 B_SPLINE_CURVE_WITH_KNOTS ( ( 3, 2, 2, 2, 3 ),
 ( 0.003822162989238730903, 0.004867184057952410325, 0.006957226195379749220, 0.009047268332807096788, 0.01009228940152076710 ),
 .UNSPECIFIED. ) 
 CURVE ( )  GEOMETRIC_REPRESENTATION_ITEM ( )  RATIONAL_B_SPLINE_CURVE ( ( 0.9330127018922192983, 0.9330127018922189652, 1.000000000000000000, 0.8660254037844387076, 1.000000000000000000, 0.8660254037844387076, 1.000000000000000000, 0.9330127018922196314, 0.9330127018922192983 ) ) 
 REPRESENTATION_ITEM ( '' )  );
#6875 = LINE ( 'NONE', #1657, #11440 ) ;
#6876 = CARTESIAN_POINT ( 'NONE',  ( 0.000000000000000000, 0.000000000000000000, -5.254610091317154286 ) ) ;
#6877 = EDGE_CURVE ( 'NONE', #1959, #2932, #11039, .T. ) ;
#6878 = ORIENTED_EDGE ( 'NONE', *, *, #9088, .T. ) ;
#6879 = DIRECTION ( 'NONE',  ( 0.9781476007338057999, 0.2079116908177583156, 0.000000000000000000 ) ) ;
#6880 = B_SPLINE_CURVE_WITH_KNOTS ( 'NONE', 3,
 ( #4667, #9114, #3016, #8663 ),
 .UNSPECIFIED., .F., .F.,
 ( 4, 4 ),
 ( 3.021976174285834024E-07, 0.0002759148428383547606 ),
 .UNSPECIFIED. ) ;
#6881 = LINE ( 'NONE', #10718, #847 ) ;
#6882 = ORIENTED_EDGE ( 'NONE', *, *, #11279, .F. ) ;
#6883 = VERTEX_POINT ( 'NONE', #6813 ) ;
#6884 = CARTESIAN_POINT ( 'NONE',  ( -1.465618804629832628, 1.052878401124045293, -9.434649121696235596 ) ) ;
#6885 = CARTESIAN_POINT ( 'NONE',  ( 0.7768966656431298690, 2.709360653135685748, 9.631453640997325039 ) ) ;
#6886 = CC_DESIGN_PERSON_AND_ORGANIZATION_ASSIGNMENT ( #7320, #2765, ( #4113 ) ) ;
#6887 = ORIENTED_EDGE ( 'NONE', *, *, #10816, .F. ) ;
#6888 = CARTESIAN_POINT ( 'NONE',  ( 2.834509767352926257, 0.7781340004746485350, 9.510800894373550918 ) ) ;
#6889 = CARTESIAN_POINT ( 'NONE',  ( 2.820796215196662349, 1.026685859262338907, 9.750000000000001776 ) ) ;
#6890 = CARTESIAN_POINT ( 'NONE',  ( 1.493602012769879472, 2.390262873680843558, 9.750000000000001776 ) ) ;
#6891 = ORIENTED_EDGE ( 'NONE', *, *, #411, .F. ) ;
#6892 = EDGE_LOOP ( 'NONE', ( #2982, #7313, #6846, #6262 ) ) ;
#6893 = ORIENTED_EDGE ( 'NONE', *, *, #10393, .T. ) ;
#6894 = CARTESIAN_POINT ( 'NONE',  ( 1.846218079001099577, -2.364630796714254579, 8.077500000000000568 ) ) ;
#6895 = DIRECTION ( 'NONE',  ( 0.2419218955996582932, -0.9702957262759986934, 0.000000000000000000 ) ) ;
#6896 = DIRECTION ( 'NONE',  ( -0.000000000000000000, -0.000000000000000000, -1.000000000000000000 ) ) ;
#6897 = ORIENTED_EDGE ( 'NONE', *, *, #9165, .F. ) ;
#6898 = CARTESIAN_POINT ( 'NONE',  ( 0.9639996296761388361, 2.648567214897803002, 8.077500000000002345 ) ) ;
#6899 = CARTESIAN_POINT ( 'NONE',  ( -1.176575538379255104, -2.037888611415573870, -6.636458333333336235 ) ) ;
#6900 = CARTESIAN_POINT ( 'NONE',  ( 0.8922005383792542821, 1.545336663013172851, -5.870833333333338011 ) ) ;
#6901 = ADVANCED_FACE ( 'NONE', ( #5074 ), #6752, .F. ) ;
#6902 = ADVANCED_FACE ( 'NONE', ( #10285 ), #8580, .F. ) ;
#6903 = CARTESIAN_POINT ( 'NONE',  ( 2.740240724291750585, 1.221098183166705597, 9.449999999999999289 ) ) ;
#6904 = ORIENTED_EDGE ( 'NONE', *, *, #9199, .F. ) ;
#6905 = DIRECTION ( 'NONE',  ( 0.000000000000000000, 0.000000000000000000, -1.000000000000000000 ) ) ;
#6906 = EDGE_CURVE ( 'NONE', #5110, #8916, #1425, .T. ) ;
#6907 = VECTOR ( 'NONE', #10700, 1000.000000000000227 ) ;
#6908 = FACE_OUTER_BOUND ( 'NONE', #11374, .T. ) ;
#6909 = CARTESIAN_POINT ( 'NONE',  ( -1.146406084414235638, 2.574870223422000670, 9.631453640997325039 ) ) ;
#6910 = VERTEX_POINT ( 'NONE', #6652 ) ;
#6911 = ORIENTED_EDGE ( 'NONE', *, *, #7454, .T. ) ;
#6912 = CARTESIAN_POINT ( 'NONE',  ( -2.426479301982332082, 1.764142340360135508, 9.449999999999999289 ) ) ;
#6913 = DIRECTION ( 'NONE',  ( -1.000000000000000000, 0.000000000000000000, 0.000000000000000000 ) ) ;
#6914 = EDGE_LOOP ( 'NONE', ( #7691, #637, #4034, #9516 ) ) ;
#6915 = CARTESIAN_POINT ( 'NONE',  ( 2.221044840433172407, -1.735270409657360569, 9.750000000000001776 ) ) ;
#6916 = CARTESIAN_POINT ( 'NONE',  ( 0.9276160617663065100, -2.854908682117561547, 9.750000000000001776 ) ) ;
#6917 = EDGE_CURVE ( 'NONE', #11358, #6626, #4121, .T. ) ;
#6918 = VECTOR ( 'NONE', #818, 1000.000000000000000 ) ;
#6919 = EDGE_LOOP ( 'NONE', ( #6606, #9941, #1398, #10100 ) ) ;
#6920 = FACE_OUTER_BOUND ( 'NONE', #6962, .T. ) ;
#6921 = CARTESIAN_POINT ( 'NONE',  ( 2.006669090636797215, -2.230085011985617260, 8.077500000000000568 ) ) ;
#6922 = LINE ( 'NONE', #8645, #9363 ) ;
#6923 = CARTESIAN_POINT ( 'NONE',  ( -2.427622409283248128, 1.762568988137994896, 8.077500000000000568 ) ) ;
#6924 = DIRECTION ( 'NONE',  ( -0.9612616959383218918, -0.2756373558169888383, 0.000000000000000000 ) ) ;
#6925 = AXIS2_PLACEMENT_3D ( 'NONE', #2768, #7266, #9868 ) ;
#6926 = EDGE_CURVE ( 'NONE', #1350, #4182, #10348, .T. ) ;
#6927 = CARTESIAN_POINT ( 'NONE',  ( 2.680596881209476035, 0.8709787243654514288, 9.631453640997325039 ) ) ;
#6928 = DIRECTION ( 'NONE',  ( -0.3090169943749573878, -0.9510565162951503115, 0.000000000000000000 ) ) ;
#6929 = CARTESIAN_POINT ( 'NONE',  ( 1.154700538379256125, 2.000000000000006217, -9.020833333333341031 ) ) ;
#6930 = VECTOR ( 'NONE', #5264, 1000.000000000000227 ) ;
#6931 = DIRECTION ( 'NONE',  ( 0.000000000000000000, 0.000000000000000000, -1.000000000000000000 ) ) ;
#6932 = ORIENTED_EDGE ( 'NONE', *, *, #1854, .F. ) ;
#6933 = ORIENTED_EDGE ( 'NONE', *, *, #2624, .F. ) ;
#6934 = EDGE_CURVE ( 'NONE', #5591, #5767, #4008, .T. ) ;
#6935 = CARTESIAN_POINT ( 'NONE',  ( 2.008114336621327656, -2.228783706656141117, 9.449999999999999289 ) ) ;
#6936 = VECTOR ( 'NONE', #6092, 1000.000000000000000 ) ;
#6937 = DIRECTION ( 'NONE',  ( -1.000000000000000000, 0.000000000000000000, 0.000000000000000000 ) ) ;
#6938 = LINE ( 'NONE', #3998, #2646 ) ;
#6939 = CARTESIAN_POINT ( 'NONE',  ( -1.615961100536091655, -2.455322354695612219, 9.510800894373550918 ) ) ;
#6940 = CARTESIAN_POINT ( 'NONE',  ( 0.7248221475199088104, 2.911122267178867684, 8.077500000000000568 ) ) ;
#6941 = B_SPLINE_CURVE_WITH_KNOTS ( 'NONE', 3,
 ( #2023, #6410, #9942, #5550 ),
 .UNSPECIFIED., .F., .F.,
 ( 4, 4 ),
 ( 3.021976174287777965E-07, 0.0002759148428383532969 ),
 .UNSPECIFIED. ) ;
#6942 = CARTESIAN_POINT ( 'NONE',  ( -1.784401076758506788, 6.065988351121004614E-17, -7.125000000000004441 ) ) ;
#6943 = ORIENTED_EDGE ( 'NONE', *, *, #6298, .T. ) ;
#6944 = CARTESIAN_POINT ( 'NONE',  ( 1.847750578910098085, -2.363433476562731173, -9.750000000000001776 ) ) ;
#6945 = CARTESIAN_POINT ( 'NONE',  ( -2.336680831601410269, 1.576111122057635594, 9.750000000000001776 ) ) ;
#6946 = PLANE ( 'NONE',  #10148 ) ;
#6947 = CARTESIAN_POINT ( 'NONE',  ( -0.9761840853909544702, 1.256828254473769224, -6.413391385442740678 ) ) ;
#6948 = ORIENTED_EDGE ( 'NONE', *, *, #10177, .F. ) ;
#6949 = AXIS2_PLACEMENT_3D ( 'NONE', #9170, #4531, #3647 ) ;
#6950 = ORIENTED_EDGE ( 'NONE', *, *, #8552, .T. ) ;
#6951 = VERTEX_POINT ( 'NONE', #8925 ) ;
#6952 = EDGE_CURVE ( 'NONE', #10602, #7142, #486, .T. ) ;
#6953 = CARTESIAN_POINT ( 'NONE',  ( 0.000000000000000000, 0.000000000000000000, 8.077500000000000568 ) ) ;
#6954 = LINE ( 'NONE', #5404, #5323 ) ;
#6955 = CARTESIAN_POINT ( 'NONE',  ( 0.000000000000000000, 1.545336663013173073, -9.400000000000005684 ) ) ;
#6956 = AXIS2_PLACEMENT_3D ( 'NONE', #4953, #6859, #3170 ) ;
#6957 = ORIENTED_EDGE ( 'NONE', *, *, #7279, .F. ) ;
#6958 = DIRECTION ( 'NONE',  ( 0.000000000000000000, 0.000000000000000000, -1.000000000000000000 ) ) ;
#6959 = AXIS2_PLACEMENT_3D ( 'NONE', #8951, #9072, #6325 ) ;
#6960 = CARTESIAN_POINT ( 'NONE',  ( -1.176575538379255104, -2.037888611415573870, -9.436458333333332504 ) ) ;
#6961 = VECTOR ( 'NONE', #4185, 1000.000000000000000 ) ;
#6962 = EDGE_LOOP ( 'NONE', ( #8041, #2011, #9858, #2545 ) ) ;
#6963 = EDGE_LOOP ( 'NONE', ( #2269, #4452, #9409, #791 ) ) ;
#6964 = VERTEX_POINT ( 'NONE', #10795 ) ;
#6965 = VERTEX_POINT ( 'NONE', #3106 ) ;
#6966 = CARTESIAN_POINT ( 'NONE',  ( -2.221044840433160417, 1.735270409657376334, 9.631453640997325039 ) ) ;
#6967 = CIRCLE ( 'NONE', #10689, 0.07999999999999934941 ) ;
#6968 = EDGE_CURVE ( 'NONE', #11307, #1101, #2001, .T. ) ;
#6969 = EDGE_CURVE ( 'NONE', #7785, #2339, #7163, .T. ) ;
#6970 = DIRECTION ( 'NONE',  ( 0.4383711467890829550, 0.8987940462991642621, 0.000000000000000000 ) ) ;
#6971 = ADVANCED_FACE ( 'NONE', ( #8445 ), #6781, .T. ) ;
#6972 = DIRECTION ( 'NONE',  ( 0.000000000000000000, -0.000000000000000000, 1.000000000000000000 ) ) ;
#6973 = DIRECTION ( 'NONE',  ( -1.000000000000000000, 0.000000000000000000, 0.000000000000000000 ) ) ;
#6974 = CARTESIAN_POINT ( 'NONE',  ( -0.2354466048926222299, 2.869255406013594190, 9.571310031034848009 ) ) ;
#6975 = CIRCLE ( 'NONE', #9380, 3.000000000000000000 ) ;
#6976 = ORIENTED_EDGE ( 'NONE', *, *, #1586, .T. ) ;
#6977 = CARTESIAN_POINT ( 'NONE',  ( -1.146406084414286930, -2.574870223421977133, 8.077500000000002345 ) ) ;
#6978 = DIRECTION ( 'NONE',  ( -0.000000000000000000, -0.000000000000000000, 1.000000000000000000 ) ) ;
#6979 = DIRECTION ( 'NONE',  ( -0.000000000000000000, -0.000000000000000000, -1.000000000000000000 ) ) ;
#6980 = LINE ( 'NONE', #5432, #2362 ) ;
#6981 = EDGE_CURVE ( 'NONE', #2387, #4373, #4256, .T. ) ;
#6982 = EDGE_CURVE ( 'NONE', #11099, #3999, #11177, .T. ) ;
#6983 = LINE ( 'NONE', #3411, #5909 ) ;
#6984 = AXIS2_PLACEMENT_3D ( 'NONE', #6002, #11045, #4076 ) ;
#6985 = CIRCLE ( 'NONE', #10888, 1.999999999999992673 ) ;
#6986 = ORIENTED_EDGE ( 'NONE', *, *, #163, .T. ) ;
#6987 = EDGE_CURVE ( 'NONE', #6503, #8957, #2491, .T. ) ;
#6988 = DIRECTION ( 'NONE',  ( -1.000000000000000000, 0.000000000000000000, 0.000000000000000000 ) ) ;
#6989 = CARTESIAN_POINT ( 'NONE',  ( 2.000000000000004885, -0.5358983848622446144, -7.856260739116967429 ) ) ;
#6990 = ORIENTED_EDGE ( 'NONE', *, *, #9104, .F. ) ;
#6991 = PLANE ( 'NONE',  #3791 ) ;
#6992 = LINE ( 'NONE', #7907, #7645 ) ;
#6993 = VECTOR ( 'NONE', #8096, 1000.000000000000000 ) ;
#6994 = ORIENTED_EDGE ( 'NONE', *, *, #8252, .T. ) ;
#6995 = DIRECTION ( 'NONE',  ( 0.000000000000000000, 0.000000000000000000, -1.000000000000000000 ) ) ;
#6996 = VECTOR ( 'NONE', #6597, 1000.000000000000000 ) ;
#6997 = CARTESIAN_POINT ( 'NONE',  ( -1.823786171018187297, -2.227524565767236897, 9.571310031034848009 ) ) ;
#6998 = DIRECTION ( 'NONE',  ( 0.4383711467890417102, -0.8987940462991842461, 0.000000000000000000 ) ) ;
#6999 = VERTEX_POINT ( 'NONE', #5044 ) ;
#7000 = CARTESIAN_POINT ( 'NONE',  ( 2.680596881209470261, -0.8709787243654695255, 9.750000000000001776 ) ) ;
#7001 = CIRCLE ( 'NONE', #4403, 2.939999999999999947 ) ;
#7002 = DIRECTION ( 'NONE',  ( 0.7193398003386489714, -0.6946583704589994746, 0.000000000000000000 ) ) ;
#7003 = CIRCLE ( 'NONE', #5352, 3.000000000000000000 ) ;
#7004 = ORIENTED_EDGE ( 'NONE', *, *, #10671, .F. ) ;
#7005 = LINE ( 'NONE', #735, #7336 ) ;
#7006 = B_SPLINE_CURVE_WITH_KNOTS ( 'NONE', 3,
 ( #7037, #4976, #1323, #9425 ),
 .UNSPECIFIED., .F., .F.,
 ( 4, 4 ),
 ( 3.021976174300735452E-07, 0.0002759148428383536764 ),
 .UNSPECIFIED. ) ;
#7007 = DIRECTION ( 'NONE',  ( 0.000000000000000000, 0.000000000000000000, -1.000000000000000000 ) ) ;
#7008 = LINE ( 'NONE', #5005, #3766 ) ;
#7009 = CARTESIAN_POINT ( 'NONE',  ( -0.3410086011986944166, -1.911638090701432091, -9.292158159485781610 ) ) ;
#7010 = CARTESIAN_POINT ( 'NONE',  ( 0.000000000000000000, 0.000000000000000000, 5.470000000000000639 ) ) ;
#7011 = VERTEX_POINT ( 'NONE', #514 ) ;
#7012 = EDGE_CURVE ( 'NONE', #9900, #1606, #4925, .T. ) ;
#7013 = CARTESIAN_POINT ( 'NONE',  ( -2.994516329218110506, -0.2093969802149767967, 9.750000000000001776 ) ) ;
#7014 = CARTESIAN_POINT ( 'NONE',  ( 1.835790882723934203, -2.295606669013988466, 9.510800894373550918 ) ) ;
#7015 = DIRECTION ( 'NONE',  ( -0.000000000000000000, 0.000000000000000000, 1.000000000000000000 ) ) ;
#7016 = VECTOR ( 'NONE', #3357, 1000.000000000000000 ) ;
#7017 = ORIENTED_EDGE ( 'NONE', *, *, #1049, .T. ) ;
#7018 = ORIENTED_EDGE ( 'NONE', *, *, #8516, .T. ) ;
#7019 = DIRECTION ( 'NONE',  ( 0.000000000000000000, 0.000000000000000000, -1.000000000000000000 ) ) ;
#7020 = CARTESIAN_POINT ( 'NONE',  ( 1.338300807568879813, -0.7726683315065872026, -8.933333333333338899 ) ) ;
#7021 = DIRECTION ( 'NONE',  ( -0.7660444431189760151, 0.6427876096865416944, 0.000000000000000000 ) ) ;
#7022 = EDGE_LOOP ( 'NONE', ( #9451, #5539, #8072, #8249 ) ) ;
#7023 = DIRECTION ( 'NONE',  ( -0.9612616959383224469, -0.2756373558169870064, 0.000000000000000000 ) ) ;
#7024 = ORIENTED_EDGE ( 'NONE', *, *, #2707, .F. ) ;
#7025 = EDGE_CURVE ( 'NONE', #3447, #4820, #3604, .T. ) ;
#7026 = DIRECTION ( 'NONE',  ( 0.1045284632676455883, -0.9945218953682741780, 0.000000000000000000 ) ) ;
#7027 = ORIENTED_EDGE ( 'NONE', *, *, #9091, .F. ) ;
#7028 = FACE_OUTER_BOUND ( 'NONE', #573, .T. ) ;
#7029 = ORIENTED_EDGE ( 'NONE', *, *, #7753, .F. ) ;
#7030 = ORIENTED_EDGE ( 'NONE', *, *, #1274, .T. ) ;
#7031 = CARTESIAN_POINT ( 'NONE',  ( -1.154700538379255903, -2.000000000000006217, -8.670833333333341386 ) ) ;
#7032 = DIRECTION ( 'NONE',  ( -1.000000000000000000, 0.000000000000000000, 0.000000000000000000 ) ) ;
#7033 = LINE ( 'NONE', #9569, #5653 ) ;
#7034 = CARTESIAN_POINT ( 'NONE',  ( 0.000000000000000000, 0.000000000000000000, 9.750000000000001776 ) ) ;
#7035 = AXIS2_PLACEMENT_3D ( 'NONE', #9968, #11055, #3095 ) ;
#7036 = CARTESIAN_POINT ( 'NONE',  ( 0.3126183150084566598, -2.983667171304680288, -9.750000000000001776 ) ) ;
#7037 = CARTESIAN_POINT ( 'NONE',  ( -2.970668720312950040, -0.4184822029121684772, 9.449999999999999289 ) ) ;
#7038 = ORIENTED_EDGE ( 'NONE', *, *, #3866, .T. ) ;
#7039 = DIRECTION ( 'NONE',  ( 0.000000000000000000, 0.000000000000000000, -1.000000000000000000 ) ) ;
#7040 = ADVANCED_FACE ( 'NONE', ( #11343 ), #7697, .T. ) ;
#7041 = CARTESIAN_POINT ( 'NONE',  ( -2.297508171510934005, -1.929107618003849778, -9.750000000000001776 ) ) ;
#7042 = LINE ( 'NONE', #718, #5444 ) ;
#7043 = ORIENTED_EDGE ( 'NONE', *, *, #2737, .T. ) ;
#7044 = CARTESIAN_POINT ( 'NONE',  ( -2.221044840433160417, 1.735270409657376334, 9.631453640997325039 ) ) ;
#7045 = AXIS2_PLACEMENT_3D ( 'NONE', #10209, #10325, #5819 ) ;
#7046 = DIRECTION ( 'NONE',  ( -0.000000000000000000, -0.000000000000000000, -1.000000000000000000 ) ) ;
#7047 = DIRECTION ( 'NONE',  ( -1.000000000000000000, 0.000000000000000000, 0.000000000000000000 ) ) ;
#7048 = CARTESIAN_POINT ( 'NONE',  ( 0.000000000000000000, 0.000000000000000000, 9.449999999999999289 ) ) ;
#7049 = VERTEX_POINT ( 'NONE', #11238 ) ;
#7050 = EDGE_CURVE ( 'NONE', #6295, #6496, #10480, .T. ) ;
#7051 = DIRECTION ( 'NONE',  ( -0.000000000000000000, -0.000000000000000000, 1.000000000000000000 ) ) ;
#7052 = EDGE_CURVE ( 'NONE', #1101, #5071, #6721, .T. ) ;
#7053 = VERTEX_POINT ( 'NONE', #4090 ) ;
#7054 = CARTESIAN_POINT ( 'NONE',  ( 0.000000000000000000, 0.000000000000000000, 9.449999999999999289 ) ) ;
#7055 = EDGE_CURVE ( 'NONE', #984, #5991, #2877, .T. ) ;
#7056 = ADVANCED_FACE ( 'NONE', ( #2559 ), #7236, .T. ) ;
#7057 = CARTESIAN_POINT ( 'NONE',  ( 0.8922005383792542821, 1.545336663013172851, -9.370833333333338899 ) ) ;
#7058 = CARTESIAN_POINT ( 'NONE',  ( 0.000000000000000000, 0.000000000000000000, -5.175312581422624625 ) ) ;
#7059 = VERTEX_POINT ( 'NONE', #10724 ) ;
#7060 = CARTESIAN_POINT ( 'NONE',  ( -0.8499807639191512276, 1.543138286558398020, -9.466861235614924652 ) ) ;
#7061 = DIRECTION ( 'NONE',  ( -0.9135454576426051965, -0.4067366430757904938, 0.000000000000000000 ) ) ;
#7062 = DIRECTION ( 'NONE',  ( 0.000000000000000000, 0.000000000000000000, -1.000000000000000000 ) ) ;
#7063 = DIRECTION ( 'NONE',  ( -0.000000000000000000, 0.000000000000000000, -1.000000000000000000 ) ) ;
#7064 = ORIENTED_EDGE ( 'NONE', *, *, #7055, .F. ) ;
#7065 = CARTESIAN_POINT ( 'NONE',  ( -0.9279757276600766325, -2.852868915473290912, -9.750000000000001776 ) ) ;
#7066 = EDGE_CURVE ( 'NONE', #7053, #9927, #16, .T. ) ;
#7067 = ORIENTED_EDGE ( 'NONE', *, *, #5205, .T. ) ;
#7068 = CARTESIAN_POINT ( 'NONE',  ( -1.703745858570432814, 0.3790692769201062795, -6.560407936053583633 ) ) ;
#7069 = CARTESIAN_POINT ( 'NONE',  ( -2.297508171510894037, 1.929107618003896629, 9.449999999999999289 ) ) ;
#7070 = ORIENTED_EDGE ( 'NONE', *, *, #422, .F. ) ;
#7071 = ORIENTED_EDGE ( 'NONE', *, *, #1066, .F. ) ;
#7072 = DIRECTION ( 'NONE',  ( -0.9848077530122100187, -0.1736481776669190069, 0.000000000000000000 ) ) ;
#7073 = CARTESIAN_POINT ( 'NONE',  ( -1.892491597964134370E-16, -1.545336663013173073, -9.750000000000005329 ) ) ;
#7074 = VERTEX_POINT ( 'NONE', #1627 ) ;
#7075 = PLANE ( 'NONE',  #54 ) ;
#7076 = CARTESIAN_POINT ( 'NONE',  ( -1.176575538379255104, -2.037888611415573870, -8.736458333333336768 ) ) ;
#7077 = ORIENTED_EDGE ( 'NONE', *, *, #6112, .F. ) ;
#7078 = ORIENTED_EDGE ( 'NONE', *, *, #10314, .T. ) ;
#7079 = DIRECTION ( 'NONE',  ( -1.000000000000000000, 0.000000000000000000, 0.000000000000000000 ) ) ;
#7080 = VERTEX_POINT ( 'NONE', #5206 ) ;
#7081 = ORIENTED_EDGE ( 'NONE', *, *, #10814, .F. ) ;
#7082 = CARTESIAN_POINT ( 'NONE',  ( 0.2741049408698976175, 2.926568746041092073, 9.510800894373549141 ) ) ;
#7083 = EDGE_CURVE ( 'NONE', #2639, #10858, #10118, .T. ) ;
#7084 = EDGE_CURVE ( 'NONE', #10252, #2096, #9660, .T. ) ;
#7085 = ORIENTED_EDGE ( 'NONE', *, *, #616, .F. ) ;
#7086 = FACE_OUTER_BOUND ( 'NONE', #10651, .T. ) ;
#7087 = LINE ( 'NONE', #6407, #1692 ) ;
#7088 = CARTESIAN_POINT ( 'NONE',  ( -1.656699982724391340, 2.280251903866815866, 9.631453640997325039 ) ) ;
#7089 = ORIENTED_EDGE ( 'NONE', *, *, #9374, .T. ) ;
#7090 = DIRECTION ( 'NONE',  ( -0.000000000000000000, 0.000000000000000000, -1.000000000000000000 ) ) ;
#7091 = DIRECTION ( 'NONE',  ( -0.7431448254774007944, -0.6691306063588510211, 0.000000000000000000 ) ) ;
#7092 = ORIENTED_EDGE ( 'NONE', *, *, #9634, .T. ) ;
#7093 = DIRECTION ( 'NONE',  ( -0.000000000000000000, -0.000000000000000000, 1.000000000000000000 ) ) ;
#7094 = PLANE ( 'NONE',  #2159 ) ;
#7095 = EDGE_CURVE ( 'NONE', #9736, #6295, #10213, .T. ) ;
#7096 = CIRCLE ( 'NONE', #6177, 3.000000000000000000 ) ;
#7097 = DIRECTION ( 'NONE',  ( 0.9945218953682735119, 0.1045284632676521386, 0.000000000000000000 ) ) ;
#7098 = ORIENTED_EDGE ( 'NONE', *, *, #7052, .T. ) ;
#7099 = DIRECTION ( 'NONE',  ( 0.9993908270190957621, 0.03489949670249953978, 0.000000000000000000 ) ) ;
#7100 = LINE ( 'NONE', #917, #556 ) ;
#7101 = ORIENTED_EDGE ( 'NONE', *, *, #3669, .T. ) ;
#7102 = CARTESIAN_POINT ( 'NONE',  ( 2.775726306570166724, 0.4894354389105677883, 9.631453640997325039 ) ) ;
#7103 = LINE ( 'NONE', #3422, #8579 ) ;
#7104 = LINE ( 'NONE', #2554, #3645 ) ;
#7105 = ORIENTED_EDGE ( 'NONE', *, *, #10023, .F. ) ;
#7106 = VECTOR ( 'NONE', #7410, 1000.000000000000000 ) ;
#7107 = B_SPLINE_CURVE_WITH_KNOTS ( 'NONE', 3,
 ( #3323, #743, #6888, #4266 ),
 .UNSPECIFIED., .F., .F.,
 ( 4, 4 ),
 ( 3.054997924344815955E-07, 0.0002759181450133579806 ),
 .UNSPECIFIED. ) ;
#7108 = ADVANCED_FACE ( 'NONE', ( #5262 ), #6322, .T. ) ;
#7109 = EDGE_CURVE ( 'NONE', #9903, #10288, #1552, .T. ) ;
#7110 = LINE ( 'NONE', #10653, #8460 ) ;
#7111 = CARTESIAN_POINT ( 'NONE',  ( 0.9261261411943856325, 2.853469882545880409, -9.750000000000001776 ) ) ;
#7112 = ADVANCED_FACE ( 'NONE', ( #2675 ), #1858, .F. ) ;
#7113 = DIRECTION ( 'NONE',  ( -0.9975640502598243087, -0.06975647374412380364, 0.000000000000000000 ) ) ;
#7114 = CARTESIAN_POINT ( 'NONE',  ( -1.154700538379253238, 2.000000000000003553, -8.291666666666669627 ) ) ;
#7115 = CARTESIAN_POINT ( 'NONE',  ( 0.000000000000000000, 0.000000000000000000, 8.077500000000002345 ) ) ;
#7116 = DIRECTION ( 'NONE',  ( -0.000000000000000000, -0.000000000000000000, -1.000000000000000000 ) ) ;
#7117 = ORIENTED_EDGE ( 'NONE', *, *, #2604, .T. ) ;
#7118 = DIRECTION ( 'NONE',  ( -0.4999999999999965583, 0.8660254037844405950, 0.000000000000000000 ) ) ;
#7119 = VECTOR ( 'NONE', #6248, 1000.000000000000000 ) ;
#7120 = CARTESIAN_POINT ( 'NONE',  ( -1.338300807568880257, -0.7726683315065862034, -6.366666666666671581 ) ) ;
#7121 = ORIENTED_EDGE ( 'NONE', *, *, #3536, .T. ) ;
#7122 = MANIFOLD_SOLID_BREP ( 'CirPattern1', #4054 ) ;
#7123 = LINE ( 'NONE', #8776, #5989 ) ;
#7124 = DIRECTION ( 'NONE',  ( -0.8480480961564008657, 0.5299192642332452019, 0.000000000000000000 ) ) ;
#7125 = B_SPLINE_CURVE_WITH_KNOTS ( 'NONE', 3,
 ( #2636, #295, #4763, #3688 ),
 .UNSPECIFIED., .F., .F.,
 ( 4, 4 ),
 ( 3.054997924345439054E-07, 0.0002759181450133578180 ),
 .UNSPECIFIED. ) ;
#7126 = CARTESIAN_POINT ( 'NONE',  ( -2.006669090636782116, 2.230085011985631471, 8.077500000000000568 ) ) ;
#7127 = CARTESIAN_POINT ( 'NONE',  ( -1.835790882723918660, 2.295606669014001344, 9.510800894373549141 ) ) ;
#7128 = VERTEX_POINT ( 'NONE', #8835 ) ;
#7129 = VECTOR ( 'NONE', #5035, 1000.000000000000000 ) ;
#7130 = ORIENTED_EDGE ( 'NONE', *, *, #15, .F. ) ;
#7131 = ORIENTED_EDGE ( 'NONE', *, *, #1136, .F. ) ;
#7132 = VECTOR ( 'NONE', #4870, 1000.000000000000000 ) ;
#7133 = PLANE ( 'NONE',  #10316 ) ;
#7134 = EDGE_CURVE ( 'NONE', #1738, #7666, #5524, .T. ) ;
#7135 = EDGE_CURVE ( 'NONE', #9462, #7683, #2040, .T. ) ;
#7136 = CARTESIAN_POINT ( 'NONE',  ( -0.8922005383792531719, 1.545336663013173073, -7.941666666666671759 ) ) ;
#7137 = ORIENTED_EDGE ( 'NONE', *, *, #4736, .T. ) ;
#7138 = EDGE_CURVE ( 'NONE', #11530, #9416, #10066, .T. ) ;
#7139 = CARTESIAN_POINT ( 'NONE',  ( -2.992624163415377403, 0.2102394267077715428, 9.449999999999999289 ) ) ;
#7140 = CARTESIAN_POINT ( 'NONE',  ( 0.9639996296761385031, 2.648567214897803002, 9.631453640997325039 ) ) ;
#7141 = CARTESIAN_POINT ( 'NONE',  ( 2.353151076758508875, -4.808700099505280283E-16, -7.103125000000001243 ) ) ;
#7142 = VERTEX_POINT ( 'NONE', #195 ) ;
#7143 = AXIS2_PLACEMENT_3D ( 'NONE', #1357, #10390, #4948 ) ;
#7144 = ORIENTED_EDGE ( 'NONE', *, *, #9240, .F. ) ;
#7145 = DIRECTION ( 'NONE',  ( 0.000000000000000000, -0.000000000000000000, -1.000000000000000000 ) ) ;
#7146 = FACE_OUTER_BOUND ( 'NONE', #1671, .T. ) ;
#7147 = ORIENTED_EDGE ( 'NONE', *, *, #8000, .T. ) ;
#7148 = EDGE_LOOP ( 'NONE', ( #8015, #10542, #7092 ) ) ;
#7149 = CARTESIAN_POINT ( 'NONE',  ( 0.1358622771315733946, -2.936235614790891013, 9.510800894373550918 ) ) ;
#7150 = DIRECTION ( 'NONE',  ( -1.000000000000000000, 0.000000000000000000, 0.000000000000000000 ) ) ;
#7151 = VERTEX_POINT ( 'NONE', #5504 ) ;
#7152 = VECTOR ( 'NONE', #1986, 1000.000000000000000 ) ;
#7153 = ORIENTED_EDGE ( 'NONE', *, *, #2337, .F. ) ;
#7154 = DIRECTION ( 'NONE',  ( 1.000000000000000000, 0.000000000000000000, 0.000000000000000000 ) ) ;
#7155 = DIRECTION ( 'NONE',  ( 0.000000000000000000, -0.000000000000000000, 1.000000000000000000 ) ) ;
#7156 = ORIENTED_EDGE ( 'NONE', *, *, #1109, .F. ) ;
#7157 = EDGE_CURVE ( 'NONE', #1693, #7778, #9082, .T. ) ;
#7158 = ORIENTED_EDGE ( 'NONE', *, *, #2080, .F. ) ;
#7159 = AXIS2_PLACEMENT_3D ( 'NONE', #2546, #7097, #6304 ) ;
#7160 = VECTOR ( 'NONE', #10603, 1000.000000000000114 ) ;
#7161 = DIRECTION ( 'NONE',  ( -0.000000000000000000, -0.000000000000000000, 1.000000000000000000 ) ) ;
#7162 = DIRECTION ( 'NONE',  ( 0.9510565162951529761, -0.3090169943749495052, 0.000000000000000000 ) ) ;
#7163 = CIRCLE ( 'NONE', #7885, 3.000000000000000000 ) ;
#7164 = CARTESIAN_POINT ( 'NONE',  ( 1.338300807568879813, -0.7726683315065872026, -8.145833333333337478 ) ) ;
#7165 = DIRECTION ( 'NONE',  ( -1.000000000000000000, 0.000000000000000000, 0.000000000000000000 ) ) ;
#7166 = FACE_OUTER_BOUND ( 'NONE', #2494, .T. ) ;
#7167 = ORIENTED_EDGE ( 'NONE', *, *, #11365, .T. ) ;
#7168 = DIRECTION ( 'NONE',  ( 0.8480480961564279552, 0.5299192642332016812, 0.000000000000000000 ) ) ;
#7169 = EDGE_CURVE ( 'NONE', #1639, #6741, #2919, .T. ) ;
#7170 = CARTESIAN_POINT ( 'NONE',  ( -2.336680831601410269, 1.576111122057635594, 9.750000000000001776 ) ) ;
#7171 = ORIENTED_EDGE ( 'NONE', *, *, #101, .T. ) ;
#7172 = AXIS2_PLACEMENT_3D ( 'NONE', #7899, #8174, #3355 ) ;
#7173 = CIRCLE ( 'NONE', #2144, 1.930578512396687874 ) ;
#7174 = CARTESIAN_POINT ( 'NONE',  ( 2.094588142060991753, 1.885975634250008470, 9.631453640997325039 ) ) ;
#7175 = B_SPLINE_CURVE_WITH_KNOTS ( 'NONE', 3,
 ( #5263, #4379, #7920, #8089 ),
 .UNSPECIFIED., .F., .F.,
 ( 4, 4 ),
 ( 3.021976174287999252E-07, 0.0002759148428383534054 ),
 .UNSPECIFIED. ) ;
#7176 = VERTEX_POINT ( 'NONE', #322 ) ;
#7177 = CARTESIAN_POINT ( 'NONE',  ( 1.154700538379254349, 2.000000000000002665, -8.408333333333336768 ) ) ;
#7178 = VECTOR ( 'NONE', #10260, 1000.000000000000000 ) ;
#7179 = AXIS2_PLACEMENT_3D ( 'NONE', #6733, #10265, #2290 ) ;
#7180 = ORIENTED_EDGE ( 'NONE', *, *, #3331, .T. ) ;
#7181 = CARTESIAN_POINT ( 'NONE',  ( -2.440932748640435079, 1.409273179501366213, 8.077500000000002345 ) ) ;
#7182 = ORIENTED_EDGE ( 'NONE', *, *, #6079, .F. ) ;
#7183 = PLANE ( 'NONE',  #11040 ) ;
#7184 = ADVANCED_FACE ( 'NONE', ( #10998 ), #6369, .T. ) ;
#7185 = ADVANCED_FACE ( 'NONE', ( #3960 ), #10128, .F. ) ;
#7186 = LINE ( 'NONE', #9667, #6993 ) ;
#7187 = ORIENTED_EDGE ( 'NONE', *, *, #9743, .T. ) ;
#7188 = AXIS2_PLACEMENT_3D ( 'NONE', #3023, #7349, #1035 ) ;
#7189 = VECTOR ( 'NONE', #9423, 1000.000000000000000 ) ;
#7190 = FACE_OUTER_BOUND ( 'NONE', #4040, .T. ) ;
#7191 = DIRECTION ( 'NONE',  ( -0.03489949670249292007, 0.9993908270190958731, 0.000000000000000000 ) ) ;
#7192 = CARTESIAN_POINT ( 'NONE',  ( -2.000000000000003553, -1.103942166888326870E-15, -8.875000000000003553 ) ) ;
#7193 = B_SPLINE_CURVE_WITH_KNOTS ( 'NONE', 3,
 ( #6927, #8754, #6178, #2728 ),
 .UNSPECIFIED., .F., .F.,
 ( 4, 4 ),
 ( 3.054997924344054155E-07, 0.0002759181450133577638 ),
 .UNSPECIFIED. ) ;
#7194 = CARTESIAN_POINT ( 'NONE',  ( -1.764863307568881545, 1.018944305707787379, -5.411458333333335702 ) ) ;
#7195 = CARTESIAN_POINT ( 'NONE',  ( 0.000000000000000000, 1.545336663013173073, -9.400000000000005684 ) ) ;
#7196 = ORIENTED_EDGE ( 'NONE', *, *, #8268, .T. ) ;
#7197 = AXIS2_PLACEMENT_3D ( 'NONE', #1704, #4408, #7884 ) ;
#7198 = VECTOR ( 'NONE', #3765, 1000.000000000000000 ) ;
#7199 = ORIENTED_EDGE ( 'NONE', *, *, #5824, .F. ) ;
#7200 = EDGE_CURVE ( 'NONE', #3064, #11525, #4240, .T. ) ;
#7201 = EDGE_CURVE ( 'NONE', #7246, #9874, #2289, .T. ) ;
#7202 = PLANE ( 'NONE',  #1908 ) ;
#7203 = CARTESIAN_POINT ( 'NONE',  ( 1.154700538379251462, 0.000000000000000000, 9.750000000000001776 ) ) ;
#7204 = DIRECTION ( 'NONE',  ( -0.000000000000000000, -0.000000000000000000, -1.000000000000000000 ) ) ;
#7205 = ORIENTED_EDGE ( 'NONE', *, *, #7471, .F. ) ;
#7206 = ORIENTED_EDGE ( 'NONE', *, *, #4799, .F. ) ;
#7207 = CALENDAR_DATE ( 2026, 22, 8 ) ;
#7208 = LINE ( 'NONE', #9746, #8278 ) ;
#7209 = ORIENTED_EDGE ( 'NONE', *, *, #1266, .F. ) ;
#7210 = EDGE_LOOP ( 'NONE', ( #8473, #10869 ) ) ;
#7211 = LINE ( 'NONE', #4469, #11241 ) ;
#7212 = CARTESIAN_POINT ( 'NONE',  ( -0.7267091498297494345, -2.910651784661593577, 9.449999999999999289 ) ) ;
#7213 = CARTESIAN_POINT ( 'NONE',  ( 1.401258538444132951, -1.427050983124789507, -9.225000000000001421 ) ) ;
#7214 = DIRECTION ( 'NONE',  ( -1.000000000000000000, 0.000000000000000000, 0.000000000000000000 ) ) ;
#7215 = FACE_OUTER_BOUND ( 'NONE', #9809, .T. ) ;
#7216 = VERTEX_POINT ( 'NONE', #1091 ) ;
#7217 = EDGE_LOOP ( 'NONE', ( #8765, #11346, #8876 ) ) ;
#7218 = FACE_OUTER_BOUND ( 'NONE', #1391, .T. ) ;
#7219 = B_SPLINE_CURVE_WITH_KNOTS ( 'NONE', 3,
 ( #10982, #10108, #9561, #5062 ),
 .UNSPECIFIED., .F., .F.,
 ( 4, 4 ),
 ( 3.021976174301335257E-07, 0.0002759148428383536764 ),
 .UNSPECIFIED. ) ;
#7220 = LINE ( 'NONE', #4663, #3269 ) ;
#7221 = TOROIDAL_SURFACE ( 'NONE', #6676, 1.999999999999995781, 0.5249999999999891420 ) ;
#7222 = EDGE_CURVE ( 'NONE', #4384, #2780, #265, .T. ) ;
#7223 = CARTESIAN_POINT ( 'NONE',  ( -1.338300807568880035, 0.7726683315065867586, -9.195833333333336412 ) ) ;
#7224 = CARTESIAN_POINT ( 'NONE',  ( 2.740240724291740815, -1.221098183166724249, 9.449999999999999289 ) ) ;
#7225 = ORIENTED_EDGE ( 'NONE', *, *, #6635, .F. ) ;
#7226 = VECTOR ( 'NONE', #8373, 1000.000000000000000 ) ;
#7227 = DIRECTION ( 'NONE',  ( -1.000000000000000000, 0.000000000000000000, 0.000000000000000000 ) ) ;
#7228 = CARTESIAN_POINT ( 'NONE',  ( -2.934240477815729164, -0.6246861758897213068, 9.449999999999999289 ) ) ;
#7229 = DIRECTION ( 'NONE',  ( -0.000000000000000000, -0.000000000000000000, -1.000000000000000000 ) ) ;
#7230 = LINE ( 'NONE', #2601, #8310 ) ;
#7231 = ORIENTED_EDGE ( 'NONE', *, *, #10763, .F. ) ;
#7232 = CARTESIAN_POINT ( 'NONE',  ( 1.964335478196588491, -0.2584045806805150280, -9.260664521803429139 ) ) ;
#7233 = ADVANCED_FACE ( 'NONE', ( #1210 ), #9012, .F. ) ;
#7234 = ORIENTED_EDGE ( 'NONE', *, *, #11108, .F. ) ;
#7235 = DIRECTION ( 'NONE',  ( -0.5000000000000500711, -0.8660254037844096198, 0.000000000000000000 ) ) ;
#7236 = PLANE ( 'NONE',  #4181 ) ;
#7237 = CARTESIAN_POINT ( 'NONE',  ( 1.732050807568880968, 1.000000000000000222, -8.466666666666670338 ) ) ;
#7238 = FACE_OUTER_BOUND ( 'NONE', #5053, .T. ) ;
#7239 = ORIENTED_EDGE ( 'NONE', *, *, #6835, .T. ) ;
#7240 = CARTESIAN_POINT ( 'NONE',  ( 1.382122488386108961, -2.525430481282564976, 9.571310031034848009 ) ) ;
#7241 = APPLICATION_CONTEXT ( 'configuration controlled 3d designs of mechanical parts and assemblies' ) ;
#7242 = ORIENTED_EDGE ( 'NONE', *, *, #9460, .T. ) ;
#7243 = DIRECTION ( 'NONE',  ( 0.9612616959383153414, -0.2756373558170111537, 0.000000000000000000 ) ) ;
#7244 = CARTESIAN_POINT ( 'NONE',  ( -2.428530378214571517, -1.764430600325796572, 8.077500000000002345 ) ) ;
#7245 = VERTEX_POINT ( 'NONE', #9256 ) ;
#7246 = VERTEX_POINT ( 'NONE', #9129 ) ;
#7247 = ORIENTED_EDGE ( 'NONE', *, *, #9280, .F. ) ;
#7248 = CARTESIAN_POINT ( 'NONE',  ( -2.884052962002314313, 0.8259773074156934181, 8.077500000000000568 ) ) ;
#7249 = CARTESIAN_POINT ( 'NONE',  ( -1.764863307568881767, -1.018944305707786713, -10.15104166666667318 ) ) ;
#7250 = VERTEX_POINT ( 'NONE', #8273 ) ;
#7251 = CARTESIAN_POINT ( 'NONE',  ( 0.000000000000000000, 0.000000000000000000, 9.449999999999999289 ) ) ;
#7252 = CARTESIAN_POINT ( 'NONE',  ( -1.892491597964134370E-16, -1.545336663013173073, -8.962500000000003908 ) ) ;
#7253 = ORIENTED_EDGE ( 'NONE', *, *, #5377, .F. ) ;
#7254 = DIRECTION ( 'NONE',  ( 0.000000000000000000, 0.000000000000000000, -1.000000000000000000 ) ) ;
#7255 = DIRECTION ( 'NONE',  ( -0.8660254037844441477, -0.4999999999999905076, 0.000000000000000000 ) ) ;
#7256 = ORIENTED_EDGE ( 'NONE', *, *, #3853, .F. ) ;
#7257 = FACE_OUTER_BOUND ( 'NONE', #5175, .T. ) ;
#7258 = CARTESIAN_POINT ( 'NONE',  ( -2.775726306570169832, -0.4894354389105490255, 8.077500000000002345 ) ) ;
#7259 = VERTEX_POINT ( 'NONE', #4854 ) ;
#7260 = ORIENTED_EDGE ( 'NONE', *, *, #1786, .T. ) ;
#7261 = ORIENTED_EDGE ( 'NONE', *, *, #7812, .F. ) ;
#7262 = DATE_TIME_ROLE ( 'creation_date' ) ;
#7263 = CARTESIAN_POINT ( 'NONE',  ( -0.3272472668956657449, -0.9657642407454699596, 9.594872772280240270 ) ) ;
#7264 = VERTEX_POINT ( 'NONE', #10952 ) ;
#7265 = EDGE_CURVE ( 'NONE', #6503, #6466, #8379, .T. ) ;
#7266 = DIRECTION ( 'NONE',  ( 0.8290375725550381825, -0.5591929034707521229, 0.000000000000000000 ) ) ;
#7267 = VERTEX_POINT ( 'NONE', #4678 ) ;
#7268 = EDGE_CURVE ( 'NONE', #6578, #732, #1739, .T. ) ;
#7269 = CARTESIAN_POINT ( 'NONE',  ( 2.116048710654300891, 1.952024472908054697, 9.571310031034848009 ) ) ;
#7270 = FACE_OUTER_BOUND ( 'NONE', #833, .T. ) ;
#7271 = B_SPLINE_CURVE_WITH_KNOTS ( 'NONE', 3,
 ( #2980, #8341, #11007, #4687 ),
 .UNSPECIFIED., .F., .F.,
 ( 4, 4 ),
 ( 3.021976174289069690E-07, 0.0002759148428383534054 ),
 .UNSPECIFIED. ) ;
#7272 = CARTESIAN_POINT ( 'NONE',  ( 2.475656678042327030, 1.469416789463809048, 9.571310031034848009 ) ) ;
#7273 = EDGE_CURVE ( 'NONE', #2997, #5933, #3243, .T. ) ;
#7274 = ORIENTED_EDGE ( 'NONE', *, *, #4711, .F. ) ;
#7275 = CARTESIAN_POINT ( 'NONE',  ( -2.510380607444178569, 1.409273179501367101, 9.571310031034848009 ) ) ;
#7276 = ORIENTED_EDGE ( 'NONE', *, *, #2984, .T. ) ;
#7277 = CARTESIAN_POINT ( 'NONE',  ( 0.1047623084752425798, 2.999999999999999556, 8.077500000000002345 ) ) ;
#7278 = CARTESIAN_POINT ( 'NONE',  ( -2.533292686689784912, 1.235569399674210755, 9.631453640997325039 ) ) ;
#7279 = EDGE_CURVE ( 'NONE', #5628, #6709, #4756, .T. ) ;
#7280 = CARTESIAN_POINT ( 'NONE',  ( 0.000000000000000000, 1.545336663013173073, -7.212500000000003908 ) ) ;
#7281 = CARTESIAN_POINT ( 'NONE',  ( 0.000000000000000000, 0.000000000000000000, 8.077500000000000568 ) ) ;
#7282 = ORIENTED_EDGE ( 'NONE', *, *, #7279, .T. ) ;
#7283 = DIRECTION ( 'NONE',  ( 0.2756373558170112092, 0.9612616959383154525, 0.000000000000000000 ) ) ;
#7284 = DIRECTION ( 'NONE',  ( 0.3746065934158605004, -0.9271838545668082965, 0.000000000000000000 ) ) ;
#7285 = CARTESIAN_POINT ( 'NONE',  ( -0.9639996296761036421, 2.648567214897816768, 9.750000000000001776 ) ) ;
#7286 = VERTEX_POINT ( 'NONE', #442 ) ;
#7287 = AXIS2_PLACEMENT_3D ( 'NONE', #1191, #2136, #10168 ) ;
#7288 = DIRECTION ( 'NONE',  ( -0.000000000000000000, 0.000000000000000000, 1.000000000000000000 ) ) ;
#7289 = CARTESIAN_POINT ( 'NONE',  ( -0.1966118550883900196, -2.811680521731788396, 9.750000000000001776 ) ) ;
#7290 = CARTESIAN_POINT ( 'NONE',  ( 1.000000000000000000, -0.5773502691896258421, 9.750000000000001776 ) ) ;
#7291 = DIRECTION ( 'NONE',  ( 0.9975640502598239756, -0.06975647374413046498, 0.000000000000000000 ) ) ;
#7292 = CARTESIAN_POINT ( 'NONE',  ( -1.499157810963831494, -2.598562267452164676, 9.449999999999999289 ) ) ;
#7293 = ORIENTED_EDGE ( 'NONE', *, *, #6357, .F. ) ;
#7294 = DIRECTION ( 'NONE',  ( -0.1736481776669859256, -0.9848077530121982504, 0.000000000000000000 ) ) ;
#7295 = DIRECTION ( 'NONE',  ( -0.000000000000000000, -0.000000000000000000, 1.000000000000000000 ) ) ;
#7296 = VERTEX_POINT ( 'NONE', #4021 ) ;
#7297 = PLANE ( 'NONE',  #5154 ) ;
#7298 = AXIS2_PLACEMENT_3D ( 'NONE', #11378, #10513, #773 ) ;
#7299 = DIRECTION ( 'NONE',  ( 0.6691306063588620123, 0.7431448254773910245, 0.000000000000000000 ) ) ;
#7300 = DIRECTION ( 'NONE',  ( 0.6946583704589948116, -0.7193398003386535233, 0.000000000000000000 ) ) ;
#7301 = EDGE_CURVE ( 'NONE', #6613, #7049, #11051, .T. ) ;
#7302 = ORIENTED_EDGE ( 'NONE', *, *, #2047, .F. ) ;
#7303 = ORIENTED_EDGE ( 'NONE', *, *, #9738, .T. ) ;
#7304 = ORIENTED_EDGE ( 'NONE', *, *, #465, .T. ) ;
#7305 = CYLINDRICAL_SURFACE ( 'NONE', #7541, 1.999999999999992673 ) ;
#7306 = CARTESIAN_POINT ( 'NONE',  ( 1.764863307568881101, -1.018944305707788045, -9.917708333333338899 ) ) ;
#7307 = VECTOR ( 'NONE', #4880, 1000.000000000000000 ) ;
#7308 = LINE ( 'NONE', #8967, #378 ) ;
#7309 = CARTESIAN_POINT ( 'NONE',  ( -1.784401076758506788, 6.065988351121004614E-17, -8.437500000000003553 ) ) ;
#7310 = CARTESIAN_POINT ( 'NONE',  ( -1.784401076758506788, 6.065988351121004614E-17, -9.925000000000004263 ) ) ;
#7311 = VERTEX_POINT ( 'NONE', #4194 ) ;
#7312 = DIRECTION ( 'NONE',  ( -1.000000000000000000, -1.224646799147353454E-16, 0.000000000000000000 ) ) ;
#7313 = ORIENTED_EDGE ( 'NONE', *, *, #5068, .T. ) ;
#7314 = DIRECTION ( 'NONE',  ( -1.000000000000000000, 0.000000000000000000, 0.000000000000000000 ) ) ;
#7315 = ADVANCED_FACE ( 'NONE', ( #2384 ), #6823, .F. ) ;
#7316 = ORIENTED_EDGE ( 'NONE', *, *, #3855, .T. ) ;
#7317 = AXIS2_PLACEMENT_3D ( 'NONE', #6916, #2478, #6052 ) ;
#7318 = ORIENTED_EDGE ( 'NONE', *, *, #2093, .F. ) ;
#7319 = ORIENTED_EDGE ( 'NONE', *, *, #10314, .F. ) ;
#7320 = PERSON_AND_ORGANIZATION ( #3273, #5164 ) ;
#7321 = FACE_OUTER_BOUND ( 'NONE', #11123, .T. ) ;
#7322 = VERTEX_POINT ( 'NONE', #10415 ) ;
#7323 = DIRECTION ( 'NONE',  ( 0.8480480961564297315, 0.5299192642331990166, 0.000000000000000000 ) ) ;
#7324 = CARTESIAN_POINT ( 'NONE',  ( 2.816829376715344946, -0.09836584936186998362, 9.631453640997325039 ) ) ;
#7325 = AXIS2_PLACEMENT_3D ( 'NONE', #6690, #6798, #2243 ) ;
#7326 = CARTESIAN_POINT ( 'NONE',  ( -0.3922658369821241942, -2.791116459588161458, 8.077500000000002345 ) ) ;
#7327 = CARTESIAN_POINT ( 'NONE',  ( 0.8922005383792542821, 1.545336663013172851, -7.970833333333336768 ) ) ;
#7328 = DIRECTION ( 'NONE',  ( 0.000000000000000000, 0.000000000000000000, -1.000000000000000000 ) ) ;
#7329 = FACE_OUTER_BOUND ( 'NONE', #10800, .T. ) ;
#7330 = ORIENTED_EDGE ( 'NONE', *, *, #8401, .F. ) ;
#7331 = ORIENTED_EDGE ( 'NONE', *, *, #5093, .F. ) ;
#7332 = ADVANCED_FACE ( 'NONE', ( #4079 ), #5853, .T. ) ;
#7333 = EDGE_CURVE ( 'NONE', #11166, #1523, #6975, .T. ) ;
#7334 = CARTESIAN_POINT ( 'NONE',  ( -2.094588142060965996, 1.885975634250037336, 9.631453640997325039 ) ) ;
#7335 = AXIS2_PLACEMENT_3D ( 'NONE', #2072, #10808, #6406 ) ;
#7336 = VECTOR ( 'NONE', #7651, 1000.000000000000000 ) ;
#7337 = EDGE_CURVE ( 'NONE', #1222, #11530, #1553, .T. ) ;
#7338 = CARTESIAN_POINT ( 'NONE',  ( -2.440932748640435079, 1.409273179501366435, 9.631453640997325039 ) ) ;
#7339 = CARTESIAN_POINT ( 'NONE',  ( -1.323227363945437496, 2.488628723042721536, 9.631453640997325039 ) ) ;
#7340 = B_SPLINE_CURVE_WITH_KNOTS ( 'NONE', 3,
 ( #10619, #1760, #6285, #9807 ),
 .UNSPECIFIED., .F., .F.,
 ( 4, 4 ),
 ( 3.021976174289050103E-07, 0.0002759148428383536222 ),
 .UNSPECIFIED. ) ;
#7341 = AXIS2_PLACEMENT_3D ( 'NONE', #5193, #9699, #9763 ) ;
#7342 = CIRCLE ( 'NONE', #6225, 3.000000000000000000 ) ;
#7343 = VERTEX_POINT ( 'NONE', #6707 ) ;
#7344 = DIRECTION ( 'NONE',  ( 0.000000000000000000, 0.000000000000000000, -1.000000000000000000 ) ) ;
#7345 = DIRECTION ( 'NONE',  ( 0.03489949670251263347, 0.9993908270190952070, 0.000000000000000000 ) ) ;
#7346 = CARTESIAN_POINT ( 'NONE',  ( 0.000000000000000000, 0.000000000000000000, 9.449999999999999289 ) ) ;
#7347 = EDGE_CURVE ( 'NONE', #2355, #4158, #7173, .T. ) ;
#7348 = EDGE_CURVE ( 'NONE', #6117, #3223, #2854, .T. ) ;
#7349 = DIRECTION ( 'NONE',  ( 0.2079116908177516543, -0.9781476007338072431, 0.000000000000000000 ) ) ;
#7350 = VECTOR ( 'NONE', #9884, 1000.000000000000000 ) ;
#7351 = DIRECTION ( 'NONE',  ( -0.000000000000000000, 0.000000000000000000, -1.000000000000000000 ) ) ;
#7352 = CARTESIAN_POINT ( 'NONE',  ( -2.613310677415273009, 1.055846049930844410, 8.077500000000002345 ) ) ;
#7353 = PLANE ( 'NONE',  #6577 ) ;
#7354 = EDGE_LOOP ( 'NONE', ( #3784, #5177, #7101 ) ) ;
#7355 = CARTESIAN_POINT ( 'NONE',  ( 0.000000000000000000, 0.000000000000000000, 8.077500000000000568 ) ) ;
#7356 = DIRECTION ( 'NONE',  ( -0.1045284632676489606, 0.9945218953682738450, 0.000000000000000000 ) ) ;
#7357 = VECTOR ( 'NONE', #10928, 1000.000000000000000 ) ;
#7358 = CARTESIAN_POINT ( 'NONE',  ( -2.734823486451059438, 0.6818680780054969803, 9.631453640997325039 ) ) ;
#7359 = CARTESIAN_POINT ( 'NONE',  ( 1.315915060267113690, 2.698025703257709740, 9.750000000000001776 ) ) ;
#7360 = DIRECTION ( 'NONE',  ( -0.000000000000000000, 0.000000000000000000, -1.000000000000000000 ) ) ;
#7361 = ORIENTED_EDGE ( 'NONE', *, *, #10174, .F. ) ;
#7362 = EDGE_LOOP ( 'NONE', ( #3862, #9709, #3134 ) ) ;
#7363 = VERTEX_POINT ( 'NONE', #3195 ) ;
#7364 = CARTESIAN_POINT ( 'NONE',  ( 1.124504798187690557, 2.783247042597893461, 9.750000000000001776 ) ) ;
#7365 = CARTESIAN_POINT ( 'NONE',  ( 0.000000000000000000, 1.545336663013173073, -6.600000000000004974 ) ) ;
#7366 = VECTOR ( 'NONE', #11157, 1000.000000000000000 ) ;
#7367 = VECTOR ( 'NONE', #5129, 1000.000000000000000 ) ;
#7368 = LINE ( 'NONE', #284, #9707 ) ;
#7369 = EDGE_CURVE ( 'NONE', #905, #1153, #2214, .T. ) ;
#7370 = CARTESIAN_POINT ( 'NONE',  ( 0.8922005383792529498, -1.545336663013173517, -8.904166666666672114 ) ) ;
#7371 = AXIS2_PLACEMENT_3D ( 'NONE', #8508, #6789, #10322 ) ;
#7372 = ORIENTED_EDGE ( 'NONE', *, *, #9755, .T. ) ;
#7373 = CARTESIAN_POINT ( 'NONE',  ( 2.970939380026130561, 0.4165563589839370584, -9.750000000000001776 ) ) ;
#7374 = CARTESIAN_POINT ( 'NONE',  ( -2.440932748640464389, -1.409273179501314921, 9.750000000000001776 ) ) ;
#7375 = VECTOR ( 'NONE', #5807, 1000.000000000000000 ) ;
#7376 = CARTESIAN_POINT ( 'NONE',  ( -0.3145524316524310748, -2.983463887453901009, 9.449999999999999289 ) ) ;
#7377 = PLANE ( 'NONE',  #8428 ) ;
#7378 = ORIENTED_EDGE ( 'NONE', *, *, #10776, .T. ) ;
#7379 = EDGE_LOOP ( 'NONE', ( #8223, #2305, #9615, #5718 ) ) ;
#7380 = DIRECTION ( 'NONE',  ( 0.000000000000000000, 0.000000000000000000, -1.000000000000000000 ) ) ;
#7381 = ORIENTED_EDGE ( 'NONE', *, *, #7547, .F. ) ;
#7382 = EDGE_CURVE ( 'NONE', #3467, #11208, #10317, .T. ) ;
#7383 = CIRCLE ( 'NONE', #9584, 2.000000000000001776 ) ;
#7384 = VECTOR ( 'NONE', #5016, 1000.000000000000000 ) ;
#7385 = CARTESIAN_POINT ( 'NONE',  ( 0.7433710717169788040, -2.843824466040084875, 9.510800894373550918 ) ) ;
#7386 = CARTESIAN_POINT ( 'NONE',  ( 1.338300807568879813, -0.7726683315065872026, -6.745833333333337123 ) ) ;
#7387 = CARTESIAN_POINT ( 'NONE',  ( 1.811726676894031884, 2.159131775987225499, 9.750000000000001776 ) ) ;
#7388 = EDGE_LOOP ( 'NONE', ( #6192, #2134, #6353, #1713 ) ) ;
#7389 = VERTEX_POINT ( 'NONE', #4909 ) ;
#7390 = ORIENTED_EDGE ( 'NONE', *, *, #3061, .T. ) ;
#7391 = DIRECTION ( 'NONE',  ( 0.9848077530122083534, 0.1736481776669291932, 0.000000000000000000 ) ) ;
#7392 = VECTOR ( 'NONE', #3410, 1000.000000000000000 ) ;
#7393 = CARTESIAN_POINT ( 'NONE',  ( -1.146406084414286708, -2.574870223421977133, 9.631453640997325039 ) ) ;
#7394 = CARTESIAN_POINT ( 'NONE',  ( -0.1966118550883310945, 2.811680521731792393, 8.077500000000002345 ) ) ;
#7395 = EDGE_CURVE ( 'NONE', #2183, #1781, #11049, .T. ) ;
#7396 = FACE_OUTER_BOUND ( 'NONE', #9471, .T. ) ;
#7397 = ORIENTED_EDGE ( 'NONE', *, *, #2836, .T. ) ;
#7398 = CARTESIAN_POINT ( 'NONE',  ( 2.000000000000003553, 2.765148529399950325E-11, -7.737499999998391331 ) ) ;
#7399 = FACE_OUTER_BOUND ( 'NONE', #9174, .T. ) ;
#7400 = ORIENTED_EDGE ( 'NONE', *, *, #5239, .F. ) ;
#7401 = LINE ( 'NONE', #6661, #1171 ) ;
#7402 = CARTESIAN_POINT ( 'NONE',  ( -0.1037266918089348039, 2.998206259316789080, 9.449999999999999289 ) ) ;
#7403 = VECTOR ( 'NONE', #2834, 1000.000000000000000 ) ;
#7404 = EDGE_CURVE ( 'NONE', #4741, #1994, #503, .T. ) ;
#7405 = ADVANCED_FACE ( 'NONE', ( #8490 ), #9364, .T. ) ;
#7406 = CARTESIAN_POINT ( 'NONE',  ( -1.859999999999999876, 0.000000000000000000, 6.749999999999999112 ) ) ;
#7407 = CARTESIAN_POINT ( 'NONE',  ( 0.1580247838118457038, -1.063464886906850593, 9.666536875587615540 ) ) ;
#7408 = DIRECTION ( 'NONE',  ( -0.2419218955996667308, 0.9702957262759966950, 0.000000000000000000 ) ) ;
#7409 = DIRECTION ( 'NONE',  ( 0.5591929034707550095, 0.8290375725550361841, 0.000000000000000000 ) ) ;
#7410 = DIRECTION ( 'NONE',  ( -0.000000000000000000, 0.000000000000000000, 1.000000000000000000 ) ) ;
#7411 = ORIENTED_EDGE ( 'NONE', *, *, #3524, .F. ) ;
#7412 = CARTESIAN_POINT ( 'NONE',  ( 0.000000000000000000, 0.000000000000000000, -5.774999999999992362 ) ) ;
#7413 = ADVANCED_FACE ( 'NONE', ( #3254 ), #5514, .F. ) ;
#7414 = CARTESIAN_POINT ( 'NONE',  ( -2.784780095336891304, 0.7301106144339731818, 9.571310031034848009 ) ) ;
#7415 = DIRECTION ( 'NONE',  ( 0.8480480961564315079, 0.5299192642331961300, 0.000000000000000000 ) ) ;
#7416 = VERTEX_POINT ( 'NONE', #11225 ) ;
#7417 = EDGE_LOOP ( 'NONE', ( #7880, #6552, #5280, #3388 ) ) ;
#7418 = VECTOR ( 'NONE', #10094, 1000.000000000000000 ) ;
#7419 = ORIENTED_EDGE ( 'NONE', *, *, #3412, .F. ) ;
#7420 = DIRECTION ( 'NONE',  ( -1.000000000000000000, 0.000000000000000000, 0.000000000000000000 ) ) ;
#7421 = CARTESIAN_POINT ( 'NONE',  ( -0.8922005383792539490, -1.545336663013172851, -7.708333333333338366 ) ) ;
#7422 = EDGE_CURVE ( 'NONE', #4648, #8773, #9476, .T. ) ;
#7423 = DIRECTION ( 'NONE',  ( -0.9612616959383104565, 0.2756373558170288063, 0.000000000000000000 ) ) ;
#7424 = CARTESIAN_POINT ( 'NONE',  ( -1.176575538379255104, -2.037888611415573870, -5.936458333333335169 ) ) ;
#7425 = EDGE_LOOP ( 'NONE', ( #11082, #3798, #9704, #587 ) ) ;
#7426 = CARTESIAN_POINT ( 'NONE',  ( -4.336808689942017736E-16, 1.154700538379251684, 9.750000000000001776 ) ) ;
#7427 = ORIENTED_EDGE ( 'NONE', *, *, #8501, .T. ) ;
#7428 = PLANE ( 'NONE',  #7908 ) ;
#7429 = DIRECTION ( 'NONE',  ( -0.8090169943749289105, 0.5877852522924985612, 0.000000000000000000 ) ) ;
#7430 = ORIENTED_EDGE ( 'NONE', *, *, #682, .T. ) ;
#7431 = ORIENTED_EDGE ( 'NONE', *, *, #206, .T. ) ;
#7432 = DIRECTION ( 'NONE',  ( -1.000000000000000000, 0.000000000000000000, 0.000000000000000000 ) ) ;
#7433 = CARTESIAN_POINT ( 'NONE',  ( 1.656699982724407327, -2.280251903866804764, 9.750000000000001776 ) ) ;
#7434 = ORIENTED_EDGE ( 'NONE', *, *, #1978, .F. ) ;
#7435 = CARTESIAN_POINT ( 'NONE',  ( 1.314239397301711909, 2.696808262850741933, 9.449999999999999289 ) ) ;
#7436 = ORIENTED_EDGE ( 'NONE', *, *, #4269, .T. ) ;
#7437 = ORIENTED_EDGE ( 'NONE', *, *, #9209, .T. ) ;
#7438 = CARTESIAN_POINT ( 'NONE',  ( 2.934240477815720283, -0.6246861758897609418, 9.449999999999999289 ) ) ;
#7439 = CARTESIAN_POINT ( 'NONE',  ( 0.000000000000000000, 0.000000000000000000, 9.449999999999999289 ) ) ;
#7440 = EDGE_LOOP ( 'NONE', ( #9094, #3350, #1095 ) ) ;
#7441 = CARTESIAN_POINT ( 'NONE',  ( 0.000000000000000000, 0.000000000000000000, 8.077500000000002345 ) ) ;
#7442 = EDGE_CURVE ( 'NONE', #8954, #7264, #4769, .T. ) ;
#7443 = ADVANCED_FACE ( 'NONE', ( #1770 ), #3464, .F. ) ;
#7444 = LINE ( 'NONE', #426, #4786 ) ;
#7445 = CARTESIAN_POINT ( 'NONE',  ( 1.401258538444132951, -1.427050983124789507, -9.225000000000001421 ) ) ;
#7446 = CARTESIAN_POINT ( 'NONE',  ( 0.8922005383792529498, -1.545336663013173517, -6.804166666666669805 ) ) ;
#7447 = CARTESIAN_POINT ( 'NONE',  ( 0.000000000000000000, 0.000000000000000000, -9.750000000000001776 ) ) ;
#7448 = CARTESIAN_POINT ( 'NONE',  ( -2.510222867757276877, -1.529287186274130850, 9.510800894373550918 ) ) ;
#7449 = ORIENTED_EDGE ( 'NONE', *, *, #5730, .T. ) ;
#7450 = CARTESIAN_POINT ( 'NONE',  ( 2.680596881209469817, -0.8709787243654691924, 9.631453640997325039 ) ) ;
#7451 = CARTESIAN_POINT ( 'NONE',  ( 2.816829376715344946, -0.09836584936186996975, 8.077500000000002345 ) ) ;
#7452 = LINE ( 'NONE', #7508, #3795 ) ;
#7453 = CARTESIAN_POINT ( 'NONE',  ( 1.315915060267096814, -2.698025703257718177, 9.750000000000001776 ) ) ;
#7454 = EDGE_CURVE ( 'NONE', #8773, #5549, #8811, .T. ) ;
#7455 = LINE ( 'NONE', #262, #6996 ) ;
#7456 = B_SPLINE_CURVE_WITH_KNOTS ( 'NONE', 3,
 ( #4091, #5704, #2346, #400 ),
 .UNSPECIFIED., .F., .F.,
 ( 4, 4 ),
 ( 3.021976174285352274E-07, 0.0002759148428383535138 ),
 .UNSPECIFIED. ) ;
#7457 = CARTESIAN_POINT ( 'NONE',  ( 0.000000000000000000, 0.000000000000000000, 8.077500000000000568 ) ) ;
#7458 = DIRECTION ( 'NONE',  ( -0.3746065934159114041, 0.9271838545667877574, 0.000000000000000000 ) ) ;
#7459 = ORIENTED_EDGE ( 'NONE', *, *, #5615, .F. ) ;
#7460 = LINE ( 'NONE', #8436, #3120 ) ;
#7461 = AXIS2_PLACEMENT_3D ( 'NONE', #1485, #5846, #9354 ) ;
#7462 = CARTESIAN_POINT ( 'NONE',  ( 1.611690559818778068, 1.756183155306570683E-11, -9.613309440181231125 ) ) ;
#7463 = DIRECTION ( 'NONE',  ( 0.3746065934159241162, 0.9271838545667824283, 0.000000000000000000 ) ) ;
#7464 = ORIENTED_EDGE ( 'NONE', *, *, #10232, .F. ) ;
#7465 = ORIENTED_EDGE ( 'NONE', *, *, #10464, .F. ) ;
#7466 = EDGE_CURVE ( 'NONE', #5809, #1168, #5324, .T. ) ;
#7467 = EDGE_CURVE ( 'NONE', #5123, #5991, #3967, .T. ) ;
#7468 = VERTEX_POINT ( 'NONE', #4416 ) ;
#7469 = CARTESIAN_POINT ( 'NONE',  ( 1.146406084414252291, -2.574870223421992677, 9.631453640997325039 ) ) ;
#7470 = CARTESIAN_POINT ( 'NONE',  ( 1.784401076758506788, -3.763923298982691022E-16, -7.475000000000004086 ) ) ;
#7471 = EDGE_CURVE ( 'NONE', #9495, #10367, #7211, .T. ) ;
#7472 = DIRECTION ( 'NONE',  ( 0.000000000000000000, 0.000000000000000000, -1.000000000000000000 ) ) ;
#7473 = VECTOR ( 'NONE', #10013, 1000.000000000000114 ) ;
#7474 = ORIENTED_EDGE ( 'NONE', *, *, #7333, .T. ) ;
#7475 = PLANE ( 'NONE',  #6776 ) ;
#7476 = LINE ( 'NONE', #6624, #8826 ) ;
#7477 = LINE ( 'NONE', #9158, #5581 ) ;
#7478 = FACE_OUTER_BOUND ( 'NONE', #3380, .T. ) ;
#7479 = ADVANCED_FACE ( 'NONE', ( #1649 ), #9637, .T. ) ;
#7480 = ORIENTED_EDGE ( 'NONE', *, *, #8590, .F. ) ;
#7481 = EDGE_CURVE ( 'NONE', #978, #6730, #3523, .T. ) ;
#7482 = ORIENTED_EDGE ( 'NONE', *, *, #4574, .T. ) ;
#7483 = VECTOR ( 'NONE', #427, 1000.000000000000000 ) ;
#7484 = LINE ( 'NONE', #10160, #2705 ) ;
#7485 = ADVANCED_FACE ( 'NONE', ( #5234 ), #6439, .T. ) ;
#7486 = B_SPLINE_CURVE_WITH_KNOTS ( 'NONE', 3,
 ( #8964, #8290, #4579, #8108 ),
 .UNSPECIFIED., .F., .F.,
 ( 4, 4 ),
 ( 3.021976174299763481E-07, 0.0002759148428383534054 ),
 .UNSPECIFIED. ) ;
#7487 = DIRECTION ( 'NONE',  ( 0.000000000000000000, 0.000000000000000000, 1.000000000000000000 ) ) ;
#7488 = ORIENTED_EDGE ( 'NONE', *, *, #246, .T. ) ;
#7489 = CARTESIAN_POINT ( 'NONE',  ( -2.397430409558186870, 1.700666215116737101, 9.510800894373550918 ) ) ;
#7490 = DIRECTION ( 'NONE',  ( -0.3420201433256586654, 0.9396926207859120916, 0.000000000000000000 ) ) ;
#7491 = AXIS2_PLACEMENT_3D ( 'NONE', #7115, #6603, #445 ) ;
#7492 = ORIENTED_EDGE ( 'NONE', *, *, #2129, .F. ) ;
#7493 = CARTESIAN_POINT ( 'NONE',  ( 0.000000000000000000, 2.818546359002675583, 8.077500000000002345 ) ) ;
#7494 = VERTEX_POINT ( 'NONE', #9870 ) ;
#7495 = ORIENTED_EDGE ( 'NONE', *, *, #5292, .T. ) ;
#7496 = EDGE_CURVE ( 'NONE', #4619, #6338, #8447, .T. ) ;
#7497 = CARTESIAN_POINT ( 'NONE',  ( 2.358276425314528080, -1.754557051144119084, 9.510800894373550918 ) ) ;
#7498 = CARTESIAN_POINT ( 'NONE',  ( 2.650457365590940473, 1.409273179501331796, 8.077500000000002345 ) ) ;
#7499 = B_SPLINE_CURVE_WITH_KNOTS ( 'NONE', 3,
 ( #7088, #1712, #8927, #5427 ),
 .UNSPECIFIED., .F., .F.,
 ( 4, 4 ),
 ( 3.054997924344949892E-07, 0.0002759181450133580890 ),
 .UNSPECIFIED. ) ;
#7500 = CIRCLE ( 'NONE', #6021, 3.000000000000000000 ) ;
#7501 = DIRECTION ( 'NONE',  ( -0.000000000000000000, -0.000000000000000000, 1.000000000000000000 ) ) ;
#7502 = EDGE_CURVE ( 'NONE', #7080, #6568, #5302, .T. ) ;
#7503 = ORIENTED_EDGE ( 'NONE', *, *, #5734, .F. ) ;
#7504 = DIRECTION ( 'NONE',  ( -0.9510565162951570839, -0.3090169943749367931, 0.000000000000000000 ) ) ;
#7505 = FACE_OUTER_BOUND ( 'NONE', #2833, .T. ) ;
#7506 = DIRECTION ( 'NONE',  ( -0.7880107536067222362, 0.6156614753256580697, 0.000000000000000000 ) ) ;
#7507 = CARTESIAN_POINT ( 'NONE',  ( 0.000000000000000000, 0.000000000000000000, 8.077500000000000568 ) ) ;
#7508 = CARTESIAN_POINT ( 'NONE',  ( -0.9276160617663434804, -2.854908682117548224, 8.077500000000002345 ) ) ;
#7509 = AXIS2_PLACEMENT_3D ( 'NONE', #5977, #7923, #2562 ) ;
#7510 = CARTESIAN_POINT ( 'NONE',  ( 4.433605334556190233E-16, -1.154700538379251684, 8.250000000000001776 ) ) ;
#7511 = CIRCLE ( 'NONE', #11400, 3.000000000000000000 ) ;
#7512 = CARTESIAN_POINT ( 'NONE',  ( 2.992624163415381400, 0.2102394267077318524, 9.449999999999999289 ) ) ;
#7513 = AXIS2_PLACEMENT_3D ( 'NONE', #9788, #8895, #1914 ) ;
#7514 = DIRECTION ( 'NONE',  ( 0.000000000000000000, 0.000000000000000000, -1.000000000000000000 ) ) ;
#7515 = DIRECTION ( 'NONE',  ( -0.000000000000000000, 0.000000000000000000, 1.000000000000000000 ) ) ;
#7516 = EDGE_CURVE ( 'NONE', #6171, #9951, #1562, .T. ) ;
#7517 = VERTEX_POINT ( 'NONE', #1834 ) ;
#7518 = FACE_OUTER_BOUND ( 'NONE', #9988, .T. ) ;
#7519 = PLANE ( 'NONE',  #10185 ) ;
#7520 = DIRECTION ( 'NONE',  ( -1.000000000000000000, 0.000000000000000000, 0.000000000000000000 ) ) ;
#7521 = CARTESIAN_POINT ( 'NONE',  ( 0.000000000000000000, 0.000000000000000000, 9.449999999999999289 ) ) ;
#7522 = CARTESIAN_POINT ( 'NONE',  ( 1.338300807568879813, -0.7726683315065872026, -9.633333333333338189 ) ) ;
#7523 = LINE ( 'NONE', #5968, #10293 ) ;
#7524 = CARTESIAN_POINT ( 'NONE',  ( 2.915219834954217326, 0.3760737398480814009, 9.510800894373550918 ) ) ;
#7525 = ORIENTED_EDGE ( 'NONE', *, *, #224, .T. ) ;
#7526 = AXIS2_PLACEMENT_3D ( 'NONE', #1150, #1269, #10829 ) ;
#7527 = B_SPLINE_CURVE_WITH_KNOTS ( 'NONE', 3,
 ( #5743, #10883, #3897, #2035 ),
 .UNSPECIFIED., .F., .F.,
 ( 4, 4 ),
 ( 3.054997924344472907E-07, 0.0002759181450133579806 ),
 .UNSPECIFIED. ) ;
#7528 = ORIENTED_EDGE ( 'NONE', *, *, #5365, .T. ) ;
#7529 = DIRECTION ( 'NONE',  ( 0.9781476007338077983, 0.2079116908177486012, 0.000000000000000000 ) ) ;
#7530 = DIRECTION ( 'NONE',  ( -1.224646799147353207E-16, 1.000000000000000000, 0.000000000000000000 ) ) ;
#7531 = AXIS2_PLACEMENT_3D ( 'NONE', #7034, #6228, #7154 ) ;
#7532 = CARTESIAN_POINT ( 'NONE',  ( 0.8922005383792542821, 1.545336663013172851, -6.570833333333337301 ) ) ;
#7533 = ADVANCED_FACE ( 'NONE', ( #7890 ), #5424, .T. ) ;
#7534 = ADVANCED_FACE ( 'NONE', ( #8805 ), #10978, .T. ) ;
#7535 = ORIENTED_EDGE ( 'NONE', *, *, #8657, .F. ) ;
#7536 = DIRECTION ( 'NONE',  ( -0.8987940462991627077, 0.4383711467890861746, 0.000000000000000000 ) ) ;
#7537 = VERTEX_POINT ( 'NONE', #9935 ) ;
#7538 = CARTESIAN_POINT ( 'NONE',  ( 0.000000000000000000, 0.000000000000000000, 9.449999999999999289 ) ) ;
#7539 = DIRECTION ( 'NONE',  ( -0.7431448254773875828, 0.6691306063588655650, 0.000000000000000000 ) ) ;
#7540 = VERTEX_POINT ( 'NONE', #5719 ) ;
#7541 = AXIS2_PLACEMENT_3D ( 'NONE', #10964, #95, #1930 ) ;
#7542 = AXIS2_PLACEMENT_3D ( 'NONE', #7663, #7726, #11204 ) ;
#7543 = LINE ( 'NONE', #6848, #10706 ) ;
#7544 = ORIENTED_EDGE ( 'NONE', *, *, #4810, .F. ) ;
#7545 = CARTESIAN_POINT ( 'NONE',  ( -1.999999999999995781, 0.000000000000000000, -5.774999999999992362 ) ) ;
#7546 = CARTESIAN_POINT ( 'NONE',  ( 0.3126183150084567708, -2.983667171304680288, 9.449999999999999289 ) ) ;
#7547 = EDGE_CURVE ( 'NONE', #9133, #543, #6404, .T. ) ;
#7548 = EDGE_CURVE ( 'NONE', #5210, #5957, #2322, .T. ) ;
#7549 = CARTESIAN_POINT ( 'NONE',  ( -2.449293598294710852E-16, -2.000000000000003553, -8.000000000000003553 ) ) ;
#7550 = VECTOR ( 'NONE', #405, 1000.000000000000000 ) ;
#7551 = AXIS2_PLACEMENT_3D ( 'NONE', #10226, #5731, #4893 ) ;
#7552 = ORIENTED_EDGE ( 'NONE', *, *, #6358, .F. ) ;
#7553 = VERTEX_POINT ( 'NONE', #166 ) ;
#7554 = VERTEX_POINT ( 'NONE', #2830 ) ;
#7555 = CARTESIAN_POINT ( 'NONE',  ( 2.970668720312943822, -0.4184822029122087228, -9.750000000000001776 ) ) ;
#7556 = CARTESIAN_POINT ( 'NONE',  ( 2.440932748640445293, -1.409273179501349338, 8.077500000000002345 ) ) ;
#7557 = VECTOR ( 'NONE', #790, 999.9999999999998863 ) ;
#7558 = AXIS2_PLACEMENT_3D ( 'NONE', #2690, #7019, #5345 ) ;
#7559 = B_SPLINE_CURVE_WITH_KNOTS ( 'NONE', 3,
 ( #3948, #10940, #1199, #4787 ),
 .UNSPECIFIED., .F., .F.,
 ( 4, 4 ),
 ( 3.021976174289069690E-07, 0.0002759148428383536222 ),
 .UNSPECIFIED. ) ;
#7560 = CARTESIAN_POINT ( 'NONE',  ( 2.000000000000001776, 2.449293598294708880E-16, -6.824999999999974420 ) ) ;
#7561 = ORIENTED_EDGE ( 'NONE', *, *, #4484, .T. ) ;
#7562 = ORIENTED_EDGE ( 'NONE', *, *, #5658, .T. ) ;
#7563 = PLANE ( 'NONE',  #9915 ) ;
#7564 = PLANE ( 'NONE',  #6766 ) ;
#7565 = AXIS2_PLACEMENT_3D ( 'NONE', #10052, #1194, #1077 ) ;
#7566 = CARTESIAN_POINT ( 'NONE',  ( 0.5219021180699603413, -2.954254250932727199, -9.750000000000001776 ) ) ;
#7567 = CARTESIAN_POINT ( 'NONE',  ( 0.000000000000000000, 0.000000000000000000, 8.077500000000000568 ) ) ;
#7568 = DIRECTION ( 'NONE',  ( 0.7071067811865462405, 0.000000000000000000, 0.7071067811865489050 ) ) ;
#7569 = CARTESIAN_POINT ( 'NONE',  ( 0.000000000000000000, 0.000000000000000000, 9.449999999999999289 ) ) ;
#7570 = CARTESIAN_POINT ( 'NONE',  ( 2.972615042991529233, -0.4177737993909251824, 9.750000000000001776 ) ) ;
#7571 = ADVANCED_FACE ( 'NONE', ( #8243 ), #249, .T. ) ;
#7572 = CARTESIAN_POINT ( 'NONE',  ( 0.000000000000000000, 0.000000000000000000, 9.449999999999999289 ) ) ;
#7573 = LINE ( 'NONE', #1605, #6379 ) ;
#7574 = CARTESIAN_POINT ( 'NONE',  ( 2.158694763139485051, -2.083275526567276437, 9.449999999999999289 ) ) ;
#7575 = ORIENTED_EDGE ( 'NONE', *, *, #2583, .T. ) ;
#7576 = CARTESIAN_POINT ( 'NONE',  ( -2.613310677415295213, -1.055846049930789787, 9.750000000000001776 ) ) ;
#7577 = ORIENTED_EDGE ( 'NONE', *, *, #9063, .T. ) ;
#7578 = DIRECTION ( 'NONE',  ( -0.9396926207859109814, -0.3420201433256615520, 0.000000000000000000 ) ) ;
#7579 = DIRECTION ( 'NONE',  ( -0.8480480961564210718, 0.5299192642332127834, 0.000000000000000000 ) ) ;
#7580 = B_SPLINE_CURVE_WITH_KNOTS ( 'NONE', 3,
 ( #3520, #7082, #6221, #9744 ),
 .UNSPECIFIED., .F., .F.,
 ( 4, 4 ),
 ( 3.021976174288225304E-07, 0.0002759148428383548148 ),
 .UNSPECIFIED. ) ;
#7581 = B_SPLINE_CURVE_WITH_KNOTS ( 'NONE', 3,
 ( #1151, #10067, #4740, #10830 ),
 .UNSPECIFIED., .F., .F.,
 ( 4, 4 ),
 ( 3.021976174289416444E-07, 0.0002759148428383538390 ),
 .UNSPECIFIED. ) ;
#7582 = FACE_OUTER_BOUND ( 'NONE', #3038, .T. ) ;
#7583 = VERTEX_POINT ( 'NONE', #2954 ) ;
#7584 = ORIENTED_EDGE ( 'NONE', *, *, #8772, .T. ) ;
#7585 = ADVANCED_FACE ( 'NONE', ( #353 ), #4882, .T. ) ;
#7586 = ADVANCED_FACE ( 'NONE', ( #4653 ), #3004, .T. ) ;
#7587 = DIRECTION ( 'NONE',  ( 0.3090169943749433434, -0.9510565162951548634, 0.000000000000000000 ) ) ;
#7588 = DIRECTION ( 'NONE',  ( 0.000000000000000000, 0.000000000000000000, -1.000000000000000000 ) ) ;
#7589 = DIRECTION ( 'NONE',  ( 0.000000000000000000, 0.000000000000000000, -1.000000000000000000 ) ) ;
#7590 = CARTESIAN_POINT ( 'NONE',  ( -1.338300807568880035, 0.7726683315065867586, -6.395833333333337478 ) ) ;
#7591 = ORIENTED_EDGE ( 'NONE', *, *, #5583, .T. ) ;
#7592 = ORIENTED_EDGE ( 'NONE', *, *, #7502, .F. ) ;
#7593 = AXIS2_PLACEMENT_3D ( 'NONE', #1431, #11210, #5959 ) ;
#7594 = CARTESIAN_POINT ( 'NONE',  ( 0.000000000000000000, 0.000000000000000000, 8.077500000000000568 ) ) ;
#7595 = ORIENTED_EDGE ( 'NONE', *, *, #3399, .F. ) ;
#7596 = LINE ( 'NONE', #11080, #4578 ) ;
#7597 = ORIENTED_EDGE ( 'NONE', *, *, #8863, .F. ) ;
#7598 = CARTESIAN_POINT ( 'NONE',  ( 2.885542882574258172, -0.8274161069873495755, 9.750000000000001776 ) ) ;
#7599 = CARTESIAN_POINT ( 'NONE',  ( 2.649299146609910505, 1.407556049247064012, 9.449999999999999289 ) ) ;
#7600 = CARTESIAN_POINT ( 'NONE',  ( -0.7248221475199286834, -2.911122267178862355, 8.077500000000000568 ) ) ;
#7601 = VERTEX_POINT ( 'NONE', #3996 ) ;
#7602 = ORIENTED_EDGE ( 'NONE', *, *, #3541, .F. ) ;
#7603 = ORIENTED_EDGE ( 'NONE', *, *, #7966, .F. ) ;
#7604 = CARTESIAN_POINT ( 'NONE',  ( 0.5116490038516938732, -1.769761955625327010, -6.663163009471436915 ) ) ;
#7605 = CARTESIAN_POINT ( 'NONE',  ( 1.176575538379253549, -2.037888611415574758, -7.176041666666672647 ) ) ;
#7606 = ADVANCED_FACE ( 'NONE', ( #3932 ), #5542, .T. ) ;
#7607 = EDGE_CURVE ( 'NONE', #5276, #3467, #6574, .T. ) ;
#7608 = PLANE ( 'NONE',  #848 ) ;
#7609 = ADVANCED_FACE ( 'NONE', ( #8309 ), #5604, .T. ) ;
#7610 = PLANE ( 'NONE',  #7542 ) ;
#7611 = CARTESIAN_POINT ( 'NONE',  ( -0.1037266918089347345, -2.998206259316789080, 8.077500000000000568 ) ) ;
#7612 = DIRECTION ( 'NONE',  ( -0.000000000000000000, 0.000000000000000000, -1.000000000000000000 ) ) ;
#7613 = CARTESIAN_POINT ( 'NONE',  ( -2.936231475081722664, -0.6241152666106390967, 8.077500000000002345 ) ) ;
#7614 = VERTEX_POINT ( 'NONE', #9994 ) ;
#7615 = ORIENTED_EDGE ( 'NONE', *, *, #10755, .T. ) ;
#7616 = CARTESIAN_POINT ( 'NONE',  ( 1.498438393337127916, -2.528758692577658174, 9.510800894373550918 ) ) ;
#7617 = DIRECTION ( 'NONE',  ( -0.3746065934159208966, -0.9271838545667838716, 0.000000000000000000 ) ) ;
#7618 = LINE ( 'NONE', #9355, #7366 ) ;
#7619 = LINE ( 'NONE', #2319, #1367 ) ;
#7620 = CARTESIAN_POINT ( 'NONE',  ( 0.000000000000000000, 0.000000000000000000, 8.077500000000000568 ) ) ;
#7621 = EDGE_CURVE ( 'NONE', #7389, #6883, #4773, .T. ) ;
#7622 = DIRECTION ( 'NONE',  ( -0.000000000000000000, -0.000000000000000000, -1.000000000000000000 ) ) ;
#7623 = DIRECTION ( 'NONE',  ( -0.000000000000000000, -0.000000000000000000, -1.000000000000000000 ) ) ;
#7624 = DIRECTION ( 'NONE',  ( -0.4383711467890892832, -0.8987940462991612645, 0.000000000000000000 ) ) ;
#7625 = ORIENTED_EDGE ( 'NONE', *, *, #2593, .T. ) ;
#7626 = CARTESIAN_POINT ( 'NONE',  ( -0.5860087391485055974, -2.756954358615466560, 8.077500000000002345 ) ) ;
#7627 = CARTESIAN_POINT ( 'NONE',  ( -2.773325160048083493, 0.9739639113222291478, 9.510800894373550918 ) ) ;
#7628 = CARTESIAN_POINT ( 'NONE',  ( 0.000000000000000000, 1.545336663013173073, -7.300000000000004263 ) ) ;
#7629 = CARTESIAN_POINT ( 'NONE',  ( 1.846218079001099577, -2.364630796714254579, 9.449999999999999289 ) ) ;
#7630 = ORIENTED_EDGE ( 'NONE', *, *, #1786, .F. ) ;
#7631 = ORIENTED_EDGE ( 'NONE', *, *, #8708, .T. ) ;
#7632 = ADVANCED_FACE ( 'NONE', ( #2018 ), #9095, .T. ) ;
#7633 = CARTESIAN_POINT ( 'NONE',  ( -0.06929011911681177971, -2.938560365775492844, 9.510800894373550918 ) ) ;
#7634 = CARTESIAN_POINT ( 'NONE',  ( 0.000000000000000000, 0.000000000000000000, 9.449999999999999289 ) ) ;
#7635 = CARTESIAN_POINT ( 'NONE',  ( -2.544659440449400734, -1.588933079815427751, 9.449999999999999289 ) ) ;
#7636 = LINE ( 'NONE', #3976, #1535 ) ;
#7637 = ORIENTED_EDGE ( 'NONE', *, *, #11163, .F. ) ;
#7638 = EDGE_CURVE ( 'NONE', #2579, #5566, #8517, .T. ) ;
#7639 = DIRECTION ( 'NONE',  ( 0.5591929034707378010, -0.8290375725550477304, 0.000000000000000000 ) ) ;
#7640 = CARTESIAN_POINT ( 'NONE',  ( 1.323227363945471025, 2.488628723042703772, 8.077500000000002345 ) ) ;
#7641 = CARTESIAN_POINT ( 'NONE',  ( -2.740240724291732821, 1.221098183166743345, -9.750000000000001776 ) ) ;
#7642 = ORIENTED_EDGE ( 'NONE', *, *, #5888, .T. ) ;
#7643 = EDGE_LOOP ( 'NONE', ( #9796, #5508, #6711, #6695 ) ) ;
#7644 = AXIS2_PLACEMENT_3D ( 'NONE', #844, #4422, #11385 ) ;
#7645 = VECTOR ( 'NONE', #3660, 1000.000000000000000 ) ;
#7646 = CARTESIAN_POINT ( 'NONE',  ( -0.6746321639314698526, 1.882782898634133728, -6.824999999999975309 ) ) ;
#7647 = VECTOR ( 'NONE', #1270, 1000.000000000000000 ) ;
#7648 = CARTESIAN_POINT ( 'NONE',  ( -2.883516910659394306, 0.8278467406116321037, -9.750000000000001776 ) ) ;
#7649 = ORIENTED_EDGE ( 'NONE', *, *, #3326, .T. ) ;
#7650 = DIRECTION ( 'NONE',  ( -0.3090169943749465076, 0.9510565162951538642, 0.000000000000000000 ) ) ;
#7651 = DIRECTION ( 'NONE',  ( -0.000000000000000000, 0.000000000000000000, -1.000000000000000000 ) ) ;
#7652 = CARTESIAN_POINT ( 'NONE',  ( 2.426479301982344072, -1.764142340360118411, 8.077500000000000568 ) ) ;
#7653 = CARTESIAN_POINT ( 'NONE',  ( 2.816829376715344946, -0.09836584936186996975, 9.750000000000001776 ) ) ;
#7654 = EDGE_CURVE ( 'NONE', #3746, #7983, #9501, .T. ) ;
#7655 = VERTEX_POINT ( 'NONE', #8622 ) ;
#7656 = CARTESIAN_POINT ( 'NONE',  ( 2.157343812172597630, 2.084674477245932245, -9.750000000000001776 ) ) ;
#7657 = ORIENTED_EDGE ( 'NONE', *, *, #3788, .T. ) ;
#7658 = VECTOR ( 'NONE', #6749, 999.9999999999998863 ) ;
#7659 = VERTEX_POINT ( 'NONE', #11137 ) ;
#7660 = CARTESIAN_POINT ( 'NONE',  ( 1.581898408283163082, -0.8266541390555807167, -6.605757191836998388 ) ) ;
#7661 = CARTESIAN_POINT ( 'NONE',  ( 1.154700538379741515, 2.000000000000845546, -8.320833333333826687 ) ) ;
#7662 = DIRECTION ( 'NONE',  ( -0.6156614753256329786, 0.7880107536067417762, 0.000000000000000000 ) ) ;
#7663 = CARTESIAN_POINT ( 'NONE',  ( 0.000000000000000000, 0.000000000000000000, 8.077500000000002345 ) ) ;
#7664 = AXIS2_PLACEMENT_3D ( 'NONE', #9111, #4727, #8256 ) ;
#7665 = CARTESIAN_POINT ( 'NONE',  ( -1.315915060267131675, -2.698025703257700858, 8.077500000000002345 ) ) ;
#7666 = VERTEX_POINT ( 'NONE', #4947 ) ;
#7667 = ORIENTED_EDGE ( 'NONE', *, *, #7966, .T. ) ;
#7668 = ADVANCED_FACE ( 'NONE', ( #2460 ), #646, .T. ) ;
#7669 = ADVANCED_FACE ( 'NONE', ( #10441 ), #6034, .T. ) ;
#7670 = FACE_OUTER_BOUND ( 'NONE', #910, .T. ) ;
#7671 = CARTESIAN_POINT ( 'NONE',  ( 1.500842031447374270, 2.597589882302615560, 8.077500000000000568 ) ) ;
#7672 = DIRECTION ( 'NONE',  ( 0.9975640502598250858, 0.06975647374411336754, 0.000000000000000000 ) ) ;
#7673 = VECTOR ( 'NONE', #7745, 1000.000000000000000 ) ;
#7674 = EDGE_CURVE ( 'NONE', #9724, #1005, #10062, .T. ) ;
#7675 = CARTESIAN_POINT ( 'NONE',  ( -1.154700538379741515, -2.000000000000846878, -7.970833333333826154 ) ) ;
#7676 =( BOUNDED_SURFACE ( )  B_SPLINE_SURFACE ( 1, 2, ( 
 ( #4044, #3160, #6183, #9774, #6314, #1725, #8828, #3544, #10588, #859, #922, #7057, #7911, #4487, #9687, #3465, #2421, #8641, #7787, #3349, #6053, #10569, #9574, #1604, #4288, #6166, #3526, #1950, #1835, #6230, #5547, #169, #10694, #51, #3754, #7327, #6471, #4471, #2892, #2714, #3648, #9099, #9750, #2776, #1889, #1017, #4600, #8869, #10103, #355, #10219, #9335, #480, #3935, #4885, #11140, #7386, #10930, #9455, #5225, #9623, #1467, #5059, #4165, #9503, #648, #1589, #8731, #11425, #11309, #3451, #6900, #9677, #5006, #8521, #11258, #3286, #6854, #2462 ),
 ( #5467, #10847, #151, #7310, #4582, #5287, #9735, #9803, #8112, #1753, #8050, #1935, #7195, #889, #10740, #7937, #10616, #216, #2112, #2938, #287, #339, #3921, #9322, #2004, #6620, #464, #2176, #11069, #401, #3978, #1342, #3154, #9150, #10203, #9084, #1108, #4698, #1510, #3321, #631, #3213, #7760, #1397, #9440, #10429, #9541, #688, #4092, #4264, #11345, #6942, #9606, #5870, #740, #7863, #8505, #5046, #11411, #6375, #6144, #3612, #1678, #1915, #7120, #803, #3437, #11475, #84, #2803, #9018, #10601, #4563, #6264, #9842, #5334, #8035, #869, #10661 ) ),
 .UNSPECIFIED., .F., .F., .F. ) 
 B_SPLINE_SURFACE_WITH_KNOTS ( ( 2, 2 ),
 ( 3, 2, 2, 2, 2, 2, 2, 2, 2, 2, 2, 2, 2, 2, 2, 2, 2, 2, 2, 2, 2, 2, 2, 2, 2, 2, 2, 2, 2, 2, 2, 2, 2, 2, 2, 2, 2, 2, 2, 3 ),
 ( 0.000000000000000000, 1.000000000000000000 ),
 ( 0.000000000000000000, 0.02380952380952380820, 0.04761904761904761640, 0.07142857142857142461, 0.09523809523809523281, 0.1190476190476190410, 0.1428571428571428492, 0.1666666666666666574, 0.1904761904761904656, 0.2142857142857142738, 0.2380952380952380820, 0.2619047619047619180, 0.2857142857142856984, 0.3095238095238095344, 0.3333333333333333148, 0.3571428571428571508, 0.3809523809523809312, 0.4047619047619047672, 0.4285714285714285476, 0.4523809523809523836, 0.4761904761904761640, 0.5000000000000000000, 0.5238095238095238360, 0.5476190476190476719, 0.5714285714285713969, 0.5952380952380952328, 0.6190476190476190688, 0.6428571428571429047, 0.6666666666666666297, 0.6904761904761904656, 0.7142857142857143016, 0.7380952380952381375, 0.7619047619047618625, 0.7857142857142856984, 0.8095238095238095344, 0.8333333333333333703, 0.8571428571428570953, 0.8809523809523809312, 0.9047619047619047672, 0.9183290891525969224 ),
 .UNSPECIFIED. ) 
 GEOMETRIC_REPRESENTATION_ITEM ( )  RATIONAL_B_SPLINE_SURFACE ( (
 ( 1.000000000000000000, 0.8660254037844387076, 1.000000000000000000, 0.8660254037844387076, 1.000000000000000000, 0.8660254037844387076, 1.000000000000000000, 0.8660254037844387076, 1.000000000000000000, 0.8660254037844387076, 1.000000000000000000, 0.8660254037844387076, 1.000000000000000000, 0.8660254037844387076, 1.000000000000000000, 0.8660254037844387076, 1.000000000000000000, 0.8660254037844387076, 1.000000000000000000, 0.8660254037844387076, 1.000000000000000000, 0.8660254037844387076, 1.000000000000000000, 0.8660254037844387076, 1.000000000000000000, 0.8660254037844387076, 1.000000000000000000, 0.8660254037844387076, 1.000000000000000000, 0.8660254037844387076, 1.000000000000000000, 0.8660254037844387076, 1.000000000000000000, 0.8660254037844387076, 1.000000000000000000, 0.8660254037844387076, 1.000000000000000000, 0.8660254037844387076, 1.000000000000000000, 0.8660254037844387076, 1.000000000000000000, 0.8660254037844387076, 1.000000000000000000, 0.8660254037844387076, 1.000000000000000000, 0.8660254037844387076, 1.000000000000000000, 0.8660254037844387076, 1.000000000000000000, 0.8660254037844387076, 1.000000000000000000, 0.8660254037844387076, 1.000000000000000000, 0.8660254037844387076, 1.000000000000000000, 0.8660254037844387076, 1.000000000000000000, 0.8660254037844387076, 1.000000000000000000, 0.8660254037844387076, 1.000000000000000000, 0.8660254037844387076, 1.000000000000000000, 0.8660254037844387076, 1.000000000000000000, 0.8660254037844387076, 1.000000000000000000, 0.8660254037844387076, 1.000000000000000000, 0.8660254037844387076, 1.000000000000000000, 0.8660254037844387076, 1.000000000000000000, 0.8660254037844387076, 1.000000000000000000, 0.8660254037844387076, 1.000000000000000000, 0.9236583618779481419, 0.9343189745674034263),
 ( 1.000000000000000000, 0.8660254037844387076, 1.000000000000000000, 0.8660254037844387076, 1.000000000000000000, 0.8660254037844387076, 1.000000000000000000, 0.8660254037844387076, 1.000000000000000000, 0.8660254037844387076, 1.000000000000000000, 0.8660254037844387076, 1.000000000000000000, 0.8660254037844387076, 1.000000000000000000, 0.8660254037844387076, 1.000000000000000000, 0.8660254037844387076, 1.000000000000000000, 0.8660254037844387076, 1.000000000000000000, 0.8660254037844387076, 1.000000000000000000, 0.8660254037844387076, 1.000000000000000000, 0.8660254037844387076, 1.000000000000000000, 0.8660254037844387076, 1.000000000000000000, 0.8660254037844387076, 1.000000000000000000, 0.8660254037844387076, 1.000000000000000000, 0.8660254037844387076, 1.000000000000000000, 0.8660254037844387076, 1.000000000000000000, 0.8660254037844387076, 1.000000000000000000, 0.8660254037844387076, 1.000000000000000000, 0.8660254037844387076, 1.000000000000000000, 0.8660254037844387076, 1.000000000000000000, 0.8660254037844387076, 1.000000000000000000, 0.8660254037844387076, 1.000000000000000000, 0.8660254037844387076, 1.000000000000000000, 0.8660254037844387076, 1.000000000000000000, 0.8660254037844387076, 1.000000000000000000, 0.8660254037844387076, 1.000000000000000000, 0.8660254037844387076, 1.000000000000000000, 0.8660254037844387076, 1.000000000000000000, 0.8660254037844387076, 1.000000000000000000, 0.8660254037844387076, 1.000000000000000000, 0.8660254037844387076, 1.000000000000000000, 0.8660254037844387076, 1.000000000000000000, 0.8660254037844387076, 1.000000000000000000, 0.8660254037844387076, 1.000000000000000000, 0.8660254037844387076, 1.000000000000000000, 0.8660254037844387076, 1.000000000000000000, 0.9236583618779481419, 0.9343189745674034263) ) ) 
 REPRESENTATION_ITEM ( '' )  SURFACE ( )  );
#7677 = VECTOR ( 'NONE', #1493, 1000.000000000000000 ) ;
#7678 = CARTESIAN_POINT ( 'NONE',  ( 1.314239397301711465, 2.696808262850741489, -9.750000000000001776 ) ) ;
#7679 = CARTESIAN_POINT ( 'NONE',  ( 0.000000000000000000, 0.000000000000000000, 8.077500000000000568 ) ) ;
#7680 = CARTESIAN_POINT ( 'NONE',  ( 2.094588142060978875, -1.885975634250022681, 8.077500000000002345 ) ) ;
#7681 = DIRECTION ( 'NONE',  ( -1.000000000000000000, 0.000000000000000000, 0.000000000000000000 ) ) ;
#7682 = AXIS2_PLACEMENT_3D ( 'NONE', #86, #10783, #9904 ) ;
#7683 = VERTEX_POINT ( 'NONE', #3224 ) ;
#7684 = ADVANCED_FACE ( 'NONE', ( #6851 ), #1585, .F. ) ;
#7685 = CARTESIAN_POINT ( 'NONE',  ( -2.649299146609890521, 1.407556049247100871, 9.449999999999999289 ) ) ;
#7686 = EDGE_CURVE ( 'NONE', #10733, #7296, #5408, .T. ) ;
#7687 = CARTESIAN_POINT ( 'NONE',  ( 0.8922005383792529498, -1.545336663013173517, -8.991666666666672469 ) ) ;
#7688 = CARTESIAN_POINT ( 'NONE',  ( -1.962714964130165329, 0.2946180695784804682, -6.804324834932077515 ) ) ;
#7689 = EDGE_CURVE ( 'NONE', #7011, #6159, #4485, .T. ) ;
#7690 = DIRECTION ( 'NONE',  ( -0.9848077530122094636, -0.1736481776669225319, 0.000000000000000000 ) ) ;
#7691 = ORIENTED_EDGE ( 'NONE', *, *, #3340, .F. ) ;
#7692 = ORIENTED_EDGE ( 'NONE', *, *, #6065, .F. ) ;
#7693 = CIRCLE ( 'NONE', #8251, 3.000000000000000000 ) ;
#7694 = AXIS2_PLACEMENT_3D ( 'NONE', #4733, #8266, #2969 ) ;
#7695 = DIRECTION ( 'NONE',  ( -0.9781476007338177903, -0.2079116908177016665, 0.000000000000000000 ) ) ;
#7696 =( BOUNDED_SURFACE ( )  B_SPLINE_SURFACE ( 1, 2, ( 
 ( #5346, #7934, #9618, #812, #2570, #11485, #7073, #31, #9799, #5463, #697, #3386, #6955, #3624, #7985, #2752, #6334, #9852, #10610, #4275, #7020, #10493, #2626, #1635, #7823, #6152, #5219, #6209, #753, #3446, #10551, #5283, #9727, #1746, #4456, #11542, #3566, #7136, #6447, #2108, #10845, #7421, #6509, #8287, #4754, #7470, #8165, #2053, #10144, #2173, #3800, #2935, #283, #999, #3864, #1931, #2874, #4576, #3734, #3917, #7365, #11011, #4639, #9978, #1228, #10967, #8962, #10082, #10028, #8106, #5637, #9081, #96, #6385, #1054, #149, #1999, #8228, #10911, #6615, #2987 ),
 ( #3041, #3681, #9144, #8346, #7249, #10793, #9914, #2812, #7306, #5700, #5586, #1104, #4692, #213, #335, #1166, #6556, #5521, #9214, #4816, #9031, #1507, #9267, #6778, #6838, #8607, #10424, #11064, #8444, #4923, #10372, #3152, #6720, #5974, #10313, #1450, #2341, #3267, #2398, #1281, #396, #458, #7806, #862, #10652, #2038, #1476, #2584, #8921, #6521, #3164, #208, #11122, #6584, #5728, #7605, #8687, #9043, #4768, #3874, #6570, #10263, #574, #2357, #9449, #5982, #8618, #4942, #640, #11304, #10158, #4999, #4101, #4878, #8399, #3114, #8459, #2288, #5878, #9392, #523 ) ),
 .UNSPECIFIED., .F., .F., .F. ) 
 B_SPLINE_SURFACE_WITH_KNOTS ( ( 2, 2 ),
 ( 3, 2, 2, 2, 2, 2, 2, 2, 2, 2, 2, 2, 2, 2, 2, 2, 2, 2, 2, 2, 2, 2, 2, 2, 2, 2, 2, 2, 2, 2, 2, 2, 2, 2, 2, 2, 2, 2, 2, 2, 3 ),
 ( 0.000000000000000000, 1.000000000000000000 ),
 ( 0.000000000000000000, 0.02380952380952380820, 0.04761904761904761640, 0.07142857142857142461, 0.09523809523809523281, 0.1190476190476190410, 0.1428571428571428492, 0.1666666666666666574, 0.1904761904761904656, 0.2142857142857142738, 0.2380952380952380820, 0.2619047619047619180, 0.2857142857142856984, 0.3095238095238095344, 0.3333333333333333148, 0.3571428571428571508, 0.3809523809523809312, 0.4047619047619047672, 0.4285714285714285476, 0.4523809523809523836, 0.4761904761904761640, 0.5000000000000000000, 0.5238095238095238360, 0.5476190476190476719, 0.5714285714285713969, 0.5952380952380952328, 0.6190476190476190688, 0.6428571428571429047, 0.6666666666666666297, 0.6904761904761904656, 0.7142857142857143016, 0.7380952380952381375, 0.7619047619047618625, 0.7857142857142856984, 0.8095238095238095344, 0.8333333333333333703, 0.8571428571428570953, 0.8809523809523809312, 0.9047619047619047672, 0.9183287774327912878, 0.9275120652071191518 ),
 .UNSPECIFIED. ) 
 GEOMETRIC_REPRESENTATION_ITEM ( )  RATIONAL_B_SPLINE_SURFACE ( (
 ( 1.000000000000000000, 0.8660254037844387076, 1.000000000000000000, 0.8660254037844387076, 1.000000000000000000, 0.8660254037844387076, 1.000000000000000000, 0.8660254037844387076, 1.000000000000000000, 0.8660254037844387076, 1.000000000000000000, 0.8660254037844387076, 1.000000000000000000, 0.8660254037844387076, 1.000000000000000000, 0.8660254037844387076, 1.000000000000000000, 0.8660254037844387076, 1.000000000000000000, 0.8660254037844387076, 1.000000000000000000, 0.8660254037844387076, 1.000000000000000000, 0.8660254037844387076, 1.000000000000000000, 0.8660254037844387076, 1.000000000000000000, 0.8660254037844387076, 1.000000000000000000, 0.8660254037844387076, 1.000000000000000000, 0.8660254037844387076, 1.000000000000000000, 0.8660254037844387076, 1.000000000000000000, 0.8660254037844387076, 1.000000000000000000, 0.8660254037844387076, 1.000000000000000000, 0.8660254037844387076, 1.000000000000000000, 0.8660254037844387076, 1.000000000000000000, 0.8660254037844387076, 1.000000000000000000, 0.8660254037844387076, 1.000000000000000000, 0.8660254037844387076, 1.000000000000000000, 0.8660254037844387076, 1.000000000000000000, 0.8660254037844387076, 1.000000000000000000, 0.8660254037844387076, 1.000000000000000000, 0.8660254037844387076, 1.000000000000000000, 0.8660254037844387076, 1.000000000000000000, 0.8660254037844387076, 1.000000000000000000, 0.8660254037844387076, 1.000000000000000000, 0.8660254037844387076, 1.000000000000000000, 0.8660254037844387076, 1.000000000000000000, 0.8660254037844387076, 1.000000000000000000, 0.8660254037844387076, 1.000000000000000000, 0.8660254037844387076, 1.000000000000000000, 0.8660254037844387076, 1.000000000000000000, 0.8660254037844387076, 1.000000000000000000, 0.9236601159044219855, 0.9343184847365788581, 0.9343184847365788581, 0.9343184847365788581),
 ( 1.000000000000000000, 0.8660254037844387076, 1.000000000000000000, 0.8660254037844387076, 1.000000000000000000, 0.8660254037844387076, 1.000000000000000000, 0.8660254037844387076, 1.000000000000000000, 0.8660254037844387076, 1.000000000000000000, 0.8660254037844387076, 1.000000000000000000, 0.8660254037844387076, 1.000000000000000000, 0.8660254037844387076, 1.000000000000000000, 0.8660254037844387076, 1.000000000000000000, 0.8660254037844387076, 1.000000000000000000, 0.8660254037844387076, 1.000000000000000000, 0.8660254037844387076, 1.000000000000000000, 0.8660254037844387076, 1.000000000000000000, 0.8660254037844387076, 1.000000000000000000, 0.8660254037844387076, 1.000000000000000000, 0.8660254037844387076, 1.000000000000000000, 0.8660254037844387076, 1.000000000000000000, 0.8660254037844387076, 1.000000000000000000, 0.8660254037844387076, 1.000000000000000000, 0.8660254037844387076, 1.000000000000000000, 0.8660254037844387076, 1.000000000000000000, 0.8660254037844387076, 1.000000000000000000, 0.8660254037844387076, 1.000000000000000000, 0.8660254037844387076, 1.000000000000000000, 0.8660254037844387076, 1.000000000000000000, 0.8660254037844387076, 1.000000000000000000, 0.8660254037844387076, 1.000000000000000000, 0.8660254037844387076, 1.000000000000000000, 0.8660254037844387076, 1.000000000000000000, 0.8660254037844387076, 1.000000000000000000, 0.8660254037844387076, 1.000000000000000000, 0.8660254037844387076, 1.000000000000000000, 0.8660254037844387076, 1.000000000000000000, 0.8660254037844387076, 1.000000000000000000, 0.8660254037844387076, 1.000000000000000000, 0.8660254037844387076, 1.000000000000000000, 0.8660254037844387076, 1.000000000000000000, 0.8660254037844387076, 1.000000000000000000, 0.9236601159044219855, 0.9343184847365788581, 0.9343184847365788581, 0.9343184847365788581) ) ) 
 REPRESENTATION_ITEM ( '' )  SURFACE ( )  );
#7697 = PLANE ( 'NONE',  #8620 ) ;
#7698 = DIRECTION ( 'NONE',  ( -0.000000000000000000, 0.000000000000000000, 1.000000000000000000 ) ) ;
#7699 = VECTOR ( 'NONE', #2329, 1000.000000000000000 ) ;
#7700 = EDGE_CURVE ( 'NONE', #8087, #3872, #9206, .T. ) ;
#7701 = VERTEX_POINT ( 'NONE', #11543 ) ;
#7702 = AXIS2_PLACEMENT_3D ( 'NONE', #11410, #1737, #5333 ) ;
#7704 = PLANE ( 'NONE',  #3078 ) ;
#7703 = VECTOR ( 'NONE', #10717, 1000.000000000000227 ) ;
#7705 = CARTESIAN_POINT ( 'NONE',  ( 1.189806355908170410, 1.217177676284026955, -6.515934220868333071 ) ) ;
#7706 = FACE_OUTER_BOUND ( 'NONE', #9608, .T. ) ;
#7707 = ORIENTED_EDGE ( 'NONE', *, *, #11330, .T. ) ;
#7708 = ORIENTED_EDGE ( 'NONE', *, *, #7756, .T. ) ;
#7709 = DIRECTION ( 'NONE',  ( -0.8290375725550457320, -0.5591929034707407986, 0.000000000000000000 ) ) ;
#7710 = EDGE_CURVE ( 'NONE', #5685, #5843, #1694, .T. ) ;
#7711 = AXIS2_PLACEMENT_3D ( 'NONE', #4962, #9413, #4069 ) ;
#7712 = ORIENTED_EDGE ( 'NONE', *, *, #9578, .F. ) ;
#7713 = CARTESIAN_POINT ( 'NONE',  ( 1.500914316448217711, -2.599659853895859296, 9.750000000000001776 ) ) ;
#7714 = FACE_OUTER_BOUND ( 'NONE', #3150, .T. ) ;
#7715 = ORIENTED_EDGE ( 'NONE', *, *, #4335, .F. ) ;
#7716 = CARTESIAN_POINT ( 'NONE',  ( -2.297508171510893593, 1.929107618003896629, -9.750000000000001776 ) ) ;
#7717 = AXIS2_PLACEMENT_3D ( 'NONE', #10143, #1280, #7695 ) ;
#7718 = PLANE ( 'NONE',  #310 ) ;
#7719 = AXIS2_PLACEMENT_3D ( 'NONE', #527, #4105, #7650 ) ;
#7720 = VERTEX_POINT ( 'NONE', #10552 ) ;
#7721 = B_SPLINE_CURVE_WITH_KNOTS ( 'NONE', 3,
 ( #4613, #2087, #1139, #317 ),
 .UNSPECIFIED., .F., .F.,
 ( 4, 4 ),
 ( 3.054997924346575137E-07, 0.0002759181450133578722 ),
 .UNSPECIFIED. ) ;
#7722 = CARTESIAN_POINT ( 'NONE',  ( -1.904027021036891254, -0.4853002588581946664, -6.774930959228149696 ) ) ;
#7723 = CARTESIAN_POINT ( 'NONE',  ( 1.732050807569611051, 1.000000000000421885, -8.379166666667160257 ) ) ;
#7724 = EDGE_CURVE ( 'NONE', #9669, #1215, #10772, .T. ) ;
#7725 = EDGE_LOOP ( 'NONE', ( #6856, #5575, #4673, #278 ) ) ;
#7726 = DIRECTION ( 'NONE',  ( 0.000000000000000000, 0.000000000000000000, -1.000000000000000000 ) ) ;
#7727 = AXIS2_PLACEMENT_3D ( 'NONE', #4703, #4822, #9986 ) ;
#7728 = VECTOR ( 'NONE', #9276, 1000.000000000000000 ) ;
#7729 = DIRECTION ( 'NONE',  ( 0.000000000000000000, 0.000000000000000000, -1.000000000000000000 ) ) ;
#7730 = ORIENTED_EDGE ( 'NONE', *, *, #2604, .F. ) ;
#7731 = FACE_OUTER_BOUND ( 'NONE', #4318, .T. ) ;
#7732 = LINE ( 'NONE', #1486, #2504 ) ;
#7733 = CARTESIAN_POINT ( 'NONE',  ( -1.656699982724437969, -2.280251903866782115, 9.750000000000001776 ) ) ;
#7734 = DIRECTION ( 'NONE',  ( -0.7660444431189719072, 0.6427876096865465794, 0.000000000000000000 ) ) ;
#7735 = AXIS2_PLACEMENT_3D ( 'NONE', #7453, #4672, #5680 ) ;
#7736 = AXIS2_PLACEMENT_3D ( 'NONE', #4540, #6239, #6414 ) ;
#7737 = DIRECTION ( 'NONE',  ( -0.000000000000000000, 0.000000000000000000, 1.000000000000000000 ) ) ;
#7738 = ORIENTED_EDGE ( 'NONE', *, *, #10669, .T. ) ;
#7739 = CARTESIAN_POINT ( 'NONE',  ( 0.000000000000000000, 0.000000000000000000, 9.449999999999999289 ) ) ;
#7740 = VECTOR ( 'NONE', #6931, 1000.000000000000000 ) ;
#7741 = DIRECTION ( 'NONE',  ( 0.4383711467890706315, -0.8987940462991702573, 0.000000000000000000 ) ) ;
#7742 = DIRECTION ( 'NONE',  ( -0.000000000000000000, -0.000000000000000000, 1.000000000000000000 ) ) ;
#7743 = VECTOR ( 'NONE', #6585, 1000.000000000000000 ) ;
#7744 = VERTEX_POINT ( 'NONE', #7875 ) ;
#7745 = DIRECTION ( 'NONE',  ( 0.000000000000000000, 0.000000000000000000, -1.000000000000000000 ) ) ;
#7746 = PLANE ( 'NONE',  #8383 ) ;
#7747 = CARTESIAN_POINT ( 'NONE',  ( -1.784401076758506788, 6.065988351121004614E-17, -7.125000000000004441 ) ) ;
#7748 = CARTESIAN_POINT ( 'NONE',  ( -2.819410289580885021, 1.025146632928884305, -9.750000000000001776 ) ) ;
#7749 = ORIENTED_EDGE ( 'NONE', *, *, #597, .F. ) ;
#7750 = ORIENTED_EDGE ( 'NONE', *, *, #4693, .F. ) ;
#7751 = AXIS2_PLACEMENT_3D ( 'NONE', #1655, #7093, #10639 ) ;
#7752 = CARTESIAN_POINT ( 'NONE',  ( -0.9279757276600194560, 2.852868915473310452, 9.449999999999999289 ) ) ;
#7753 = EDGE_CURVE ( 'NONE', #8812, #9900, #6069, .T. ) ;
#7754 = ADVANCED_FACE ( 'NONE', ( #5285 ), #3569, .T. ) ;
#7755 = CARTESIAN_POINT ( 'NONE',  ( 2.741031733634757828, -1.219321547093807689, -9.750000000000001776 ) ) ;
#7756 = EDGE_CURVE ( 'NONE', #6355, #989, #8907, .T. ) ;
#7757 = CARTESIAN_POINT ( 'NONE',  ( 0.000000000000000000, 0.000000000000000000, 9.449999999999999289 ) ) ;
#7758 = DIRECTION ( 'NONE',  ( -1.000000000000000000, 0.000000000000000000, 0.000000000000000000 ) ) ;
#7759 = CARTESIAN_POINT ( 'NONE',  ( 1.315987345267958464, -2.695955731664486432, 9.449999999999999289 ) ) ;
#7760 = CARTESIAN_POINT ( 'NONE',  ( -1.892491597964134370E-16, -1.545336663013173073, -7.650000000000004796 ) ) ;
#7761 = ORIENTED_EDGE ( 'NONE', *, *, #2629, .F. ) ;
#7762 = APPROVAL_PERSON_ORGANIZATION ( #5601, #4317, #1828 ) ;
#7763 = CARTESIAN_POINT ( 'NONE',  ( -0.6727527331043342551, 0.7662865668234078997, 9.594872772280240270 ) ) ;
#7764 = CARTESIAN_POINT ( 'NONE',  ( -2.544659440449368315, 1.588933079815481264, 9.449999999999999289 ) ) ;
#7765 = CARTESIAN_POINT ( 'NONE',  ( -2.162518398525986818, -1.900414655997553659, 9.571310031034848009 ) ) ;
#7766 = VERTEX_POINT ( 'NONE', #4399 ) ;
#7767 = ORIENTED_EDGE ( 'NONE', *, *, #5996, .T. ) ;
#7768 = B_SPLINE_CURVE_WITH_KNOTS ( 'NONE', 3,
 ( #5648, #10971, #1062, #1115 ),
 .UNSPECIFIED., .F., .F.,
 ( 4, 4 ),
 ( 3.054997924344992773E-07, 0.0002759181450133579264 ),
 .UNSPECIFIED. ) ;
#7769 = CARTESIAN_POINT ( 'NONE',  ( 0.000000000000000000, 0.000000000000000000, 8.077500000000002345 ) ) ;
#7770 = ADVANCED_FACE ( 'NONE', ( #32 ), #4332, .F. ) ;
#7771 = DIRECTION ( 'NONE',  ( -0.000000000000000000, 0.000000000000000000, 1.000000000000000000 ) ) ;
#7772 =( BOUNDED_SURFACE ( )  B_SPLINE_SURFACE ( 1, 2, ( 
 ( #4457, #4278, #2631, #10498, #9557, #6960, #2523, #11488, #4230, #6103, #7776, #7825, #7877, #11359, #9732, #5987, #3450, #7076, #1752, #887, #11308, #8680, #7936, #8853, #7988, #8624, #8730, #5349, #9621, #9676, #11544, #3390, #702, #6212, #10615, #3337, #1588, #758, #5173, #1638, #3571, #5286, #5224, #9502, #6155, #7141, #4333, #819, #11424, #3513, #1524, #5116, #647, #6899, #10554, #10442, #2461, #6037, #4400, #2575, #2937, #9919, #4516, #6278, #5590, #7424, #9149, #5640, #1820, #9802, #8111, #6336, #2003, #1167, #7194, #9855, #4757, #5410, #98 ),
 ( #8968, #8909, #1934, #34, #3865, #3682, #949, #1057, #8291, #8049, #286, #10914, #6510, #1875, #5466, #2695, #3629, #1002, #7252, #7370, #4581, #1107, #150, #9083, #9981, #10739, #10794, #7309, #2755, #2814, #9033, #8168, #4697, #6388, #8230, #5528, #4641, #3738, #10846, #2878, #6451, #215, #3802, #10031, #2057, #9381, #4148, #515, #4926, #6557, #4039, #11068, #11127, #9217, #6782, #1453, #3212, #8391, #1396, #7532, #4991, #8504, #7590, #8556, #9439, #5925, #463, #10318, #10968, #2990, #2281, #3920, #1283, #10086, #5760, #5045, #9320, #565, #6619 ) ),
 .UNSPECIFIED., .F., .F., .F. ) 
 B_SPLINE_SURFACE_WITH_KNOTS ( ( 2, 2 ),
 ( 3, 2, 2, 2, 2, 2, 2, 2, 2, 2, 2, 2, 2, 2, 2, 2, 2, 2, 2, 2, 2, 2, 2, 2, 2, 2, 2, 2, 2, 2, 2, 2, 2, 2, 2, 2, 2, 2, 2, 3 ),
 ( 0.000000000000000000, 1.000000000000000000 ),
 ( 0.000000000000000000, 0.02380952380952380820, 0.04761904761904761640, 0.07142857142857142461, 0.09523809523809523281, 0.1190476190476190410, 0.1428571428571428492, 0.1666666666666666574, 0.1904761904761904656, 0.2142857142857142738, 0.2380952380952380820, 0.2619047619047619180, 0.2857142857142856984, 0.3095238095238095344, 0.3333333333333333148, 0.3571428571428571508, 0.3809523809523809312, 0.4047619047619047672, 0.4285714285714285476, 0.4523809523809523836, 0.4761904761904761640, 0.5000000000000000000, 0.5238095238095238360, 0.5476190476190476719, 0.5714285714285713969, 0.5952380952380952328, 0.6190476190476190688, 0.6428571428571429047, 0.6666666666666666297, 0.6904761904761904656, 0.7142857142857143016, 0.7380952380952381375, 0.7619047619047618625, 0.7857142857142856984, 0.8095238095238095344, 0.8333333333333333703, 0.8571428571428570953, 0.8809523809523809312, 0.9047619047619047672, 0.9183289095497432220 ),
 .UNSPECIFIED. ) 
 GEOMETRIC_REPRESENTATION_ITEM ( )  RATIONAL_B_SPLINE_SURFACE ( (
 ( 1.000000000000000000, 0.8660254037844387076, 1.000000000000000000, 0.8660254037844387076, 1.000000000000000000, 0.8660254037844387076, 1.000000000000000000, 0.8660254037844387076, 1.000000000000000000, 0.8660254037844387076, 1.000000000000000000, 0.8660254037844387076, 1.000000000000000000, 0.8660254037844387076, 1.000000000000000000, 0.8660254037844387076, 1.000000000000000000, 0.8660254037844387076, 1.000000000000000000, 0.8660254037844387076, 1.000000000000000000, 0.8660254037844387076, 1.000000000000000000, 0.8660254037844387076, 1.000000000000000000, 0.8660254037844387076, 1.000000000000000000, 0.8660254037844387076, 1.000000000000000000, 0.8660254037844387076, 1.000000000000000000, 0.8660254037844387076, 1.000000000000000000, 0.8660254037844387076, 1.000000000000000000, 0.8660254037844387076, 1.000000000000000000, 0.8660254037844387076, 1.000000000000000000, 0.8660254037844387076, 1.000000000000000000, 0.8660254037844387076, 1.000000000000000000, 0.8660254037844387076, 1.000000000000000000, 0.8660254037844387076, 1.000000000000000000, 0.8660254037844387076, 1.000000000000000000, 0.8660254037844387076, 1.000000000000000000, 0.8660254037844387076, 1.000000000000000000, 0.8660254037844387076, 1.000000000000000000, 0.8660254037844387076, 1.000000000000000000, 0.8660254037844387076, 1.000000000000000000, 0.8660254037844387076, 1.000000000000000000, 0.8660254037844387076, 1.000000000000000000, 0.8660254037844387076, 1.000000000000000000, 0.8660254037844387076, 1.000000000000000000, 0.8660254037844387076, 1.000000000000000000, 0.8660254037844387076, 1.000000000000000000, 0.8660254037844387076, 1.000000000000000000, 0.8660254037844387076, 1.000000000000000000, 0.8660254037844387076, 1.000000000000000000, 0.9236593724911799086, 0.9343186923315349723),
 ( 1.000000000000000000, 0.8660254037844387076, 1.000000000000000000, 0.8660254037844387076, 1.000000000000000000, 0.8660254037844387076, 1.000000000000000000, 0.8660254037844387076, 1.000000000000000000, 0.8660254037844387076, 1.000000000000000000, 0.8660254037844387076, 1.000000000000000000, 0.8660254037844387076, 1.000000000000000000, 0.8660254037844387076, 1.000000000000000000, 0.8660254037844387076, 1.000000000000000000, 0.8660254037844387076, 1.000000000000000000, 0.8660254037844387076, 1.000000000000000000, 0.8660254037844387076, 1.000000000000000000, 0.8660254037844387076, 1.000000000000000000, 0.8660254037844387076, 1.000000000000000000, 0.8660254037844387076, 1.000000000000000000, 0.8660254037844387076, 1.000000000000000000, 0.8660254037844387076, 1.000000000000000000, 0.8660254037844387076, 1.000000000000000000, 0.8660254037844387076, 1.000000000000000000, 0.8660254037844387076, 1.000000000000000000, 0.8660254037844387076, 1.000000000000000000, 0.8660254037844387076, 1.000000000000000000, 0.8660254037844387076, 1.000000000000000000, 0.8660254037844387076, 1.000000000000000000, 0.8660254037844387076, 1.000000000000000000, 0.8660254037844387076, 1.000000000000000000, 0.8660254037844387076, 1.000000000000000000, 0.8660254037844387076, 1.000000000000000000, 0.8660254037844387076, 1.000000000000000000, 0.8660254037844387076, 1.000000000000000000, 0.8660254037844387076, 1.000000000000000000, 0.8660254037844387076, 1.000000000000000000, 0.8660254037844387076, 1.000000000000000000, 0.8660254037844387076, 1.000000000000000000, 0.8660254037844387076, 1.000000000000000000, 0.8660254037844387076, 1.000000000000000000, 0.8660254037844387076, 1.000000000000000000, 0.8660254037844387076, 1.000000000000000000, 0.9236593724911799086, 0.9343186923315349723) ) ) 
 REPRESENTATION_ITEM ( '' )  SURFACE ( )  );
#7773 = CARTESIAN_POINT ( 'NONE',  ( 2.936231475081715114, -0.6241152666106773994, 9.750000000000001776 ) ) ;
#7774 = ORIENTED_EDGE ( 'NONE', *, *, #2470, .T. ) ;
#7775 = PLANE ( 'NONE',  #957 ) ;
#7776 = CARTESIAN_POINT ( 'NONE',  ( 1.764863307568882433, 1.018944305707785603, -9.144791666666669983 ) ) ;
#7777 = AXIS2_PLACEMENT_3D ( 'NONE', #5307, #6170, #843 ) ;
#7778 = VERTEX_POINT ( 'NONE', #9675 ) ;
#7779 = CARTESIAN_POINT ( 'NONE',  ( -2.336680831601410713, 1.576111122057635594, 9.631453640997325039 ) ) ;
#7780 = VERTEX_POINT ( 'NONE', #817 ) ;
#7781 = EDGE_LOOP ( 'NONE', ( #7030, #11128, #3867 ) ) ;
#7782 = DIRECTION ( 'NONE',  ( 0.000000000000000000, 0.000000000000000000, -1.000000000000000000 ) ) ;
#7783 = ADVANCED_FACE ( 'NONE', ( #3511 ), #7075, .T. ) ;
#7784 = DIRECTION ( 'NONE',  ( 0.9612616959383218918, 0.2756373558169888383, 0.000000000000000000 ) ) ;
#7785 = VERTEX_POINT ( 'NONE', #10677 ) ;
#7786 = PLANE ( 'NONE',  #2332 ) ;
#7787 = CARTESIAN_POINT ( 'NONE',  ( -1.892491597964134370E-16, -1.545336663013173073, -8.962500000000003908 ) ) ;
#7788 = VERTEX_POINT ( 'NONE', #9827 ) ;
#7789 = CARTESIAN_POINT ( 'NONE',  ( -1.382122488386143155, -2.525430481282546324, 9.571310031034848009 ) ) ;
#7790 = EDGE_CURVE ( 'NONE', #7815, #4061, #6880, .T. ) ;
#7791 = LINE ( 'NONE', #717, #8332 ) ;
#7792 = FACE_OUTER_BOUND ( 'NONE', #942, .T. ) ;
#7793 = CARTESIAN_POINT ( 'NONE',  ( -2.426479301982368941, -1.764142340360084882, 9.449999999999999289 ) ) ;
#7794 = CYLINDRICAL_SURFACE ( 'NONE', #10344, 3.000000000000000000 ) ;
#7795 = DIRECTION ( 'NONE',  ( -0.7660444431189803449, -0.6427876096865365874, 0.000000000000000000 ) ) ;
#7796 = LINE ( 'NONE', #3537, #1925 ) ;
#7797 = ORIENTED_EDGE ( 'NONE', *, *, #9918, .T. ) ;
#7798 = PLANE ( 'NONE',  #9156 ) ;
#7799 = EDGE_CURVE ( 'NONE', #7128, #6289, #9950, .T. ) ;
#7800 = CARTESIAN_POINT ( 'NONE',  ( 0.6764706046374658888, 0.7641400526929416070, 9.611735735160801042 ) ) ;
#7801 = CARTESIAN_POINT ( 'NONE',  ( -1.892491597964134370E-16, -1.545336663013173073, -6.950000000000004619 ) ) ;
#7802 = PLANE ( 'NONE',  #3275 ) ;
#7803 = EDGE_LOOP ( 'NONE', ( #3945, #2717, #11146 ) ) ;
#7804 = ORIENTED_EDGE ( 'NONE', *, *, #10186, .T. ) ;
#7805 = CARTESIAN_POINT ( 'NONE',  ( 1.957926820807929014, -2.027492575130227070, 9.631453640997325039 ) ) ;
#7806 = CARTESIAN_POINT ( 'NONE',  ( -2.495693764988927099E-16, -2.037888611415574314, -7.934375000000007283 ) ) ;
#7807 = LINE ( 'NONE', #2673, #7903 ) ;
#7808 = CARTESIAN_POINT ( 'NONE',  ( 0.000000000000000000, 0.000000000000000000, 8.077500000000000568 ) ) ;
#7809 = EDGE_LOOP ( 'NONE', ( #3278, #6990, #6850, #4468 ) ) ;
#7810 = PLANE ( 'NONE',  #7371 ) ;
#7811 = EDGE_CURVE ( 'NONE', #2222, #2947, #7110, .T. ) ;
#7812 = EDGE_CURVE ( 'NONE', #7322, #1248, #3492, .T. ) ;
#7813 = CARTESIAN_POINT ( 'NONE',  ( 2.157343812172583863, -2.084674477245946456, -9.750000000000001776 ) ) ;
#7814 = CARTESIAN_POINT ( 'NONE',  ( -1.294670235034659278, 0.8873307659810586445, -6.391503275095448799 ) ) ;
#7815 = VERTEX_POINT ( 'NONE', #5388 ) ;
#7816 = B_SPLINE_CURVE_WITH_KNOTS ( 'NONE', 3,
 ( #11566, #849, #61, #3591 ),
 .UNSPECIFIED., .F., .F.,
 ( 4, 4 ),
 ( 3.021976174286106134E-07, 0.0002759148428383535138 ),
 .UNSPECIFIED. ) ;
#7817 = VERTEX_POINT ( 'NONE', #7970 ) ;
#7818 = VERTEX_POINT ( 'NONE', #3547 ) ;
#7819 = EDGE_CURVE ( 'NONE', #144, #5861, #684, .T. ) ;
#7820 = VERTEX_POINT ( 'NONE', #4260 ) ;
#7821 = CARTESIAN_POINT ( 'NONE',  ( 1.681535934726288373, -0.8421745817423982317, -9.348742425155924352 ) ) ;
#7822 = DIRECTION ( 'NONE',  ( -0.8480480961564226261, 0.5299192642332104519, 0.000000000000000000 ) ) ;
#7823 = CARTESIAN_POINT ( 'NONE',  ( 0.000000000000000000, 1.545336663013173073, -8.700000000000004619 ) ) ;
#7824 = ORIENTED_EDGE ( 'NONE', *, *, #5510, .T. ) ;
#7825 = CARTESIAN_POINT ( 'NONE',  ( 1.176575538379255326, 2.037888611415573425, -9.086458333333334636 ) ) ;
#7826 = DIRECTION ( 'NONE',  ( -0.000000000000000000, 0.000000000000000000, -1.000000000000000000 ) ) ;
#7827 = ORIENTED_EDGE ( 'NONE', *, *, #8268, .F. ) ;
#7828 = EDGE_CURVE ( 'NONE', #4619, #6735, #7807, .T. ) ;
#7829 = EDGE_CURVE ( 'NONE', #8839, #227, #6985, .T. ) ;
#7830 = CIRCLE ( 'NONE', #3178, 1.154700538379251462 ) ;
#7831 = ORIENTED_EDGE ( 'NONE', *, *, #6981, .T. ) ;
#7832 = ORIENTED_EDGE ( 'NONE', *, *, #10825, .T. ) ;
#7833 = LINE ( 'NONE', #11552, #3284 ) ;
#7834 = PLANE ( 'NONE',  #10345 ) ;
#7835 = ORIENTED_EDGE ( 'NONE', *, *, #5986, .F. ) ;
#7836 = CARTESIAN_POINT ( 'NONE',  ( -1.202590582409415187, 2.615690650630131842, 9.571310031034848009 ) ) ;
#7837 = CARTESIAN_POINT ( 'NONE',  ( 1.154700538379254349, 2.000000000000002665, -7.008333333333335524 ) ) ;
#7838 = B_SPLINE_CURVE_WITH_KNOTS ( 'NONE', 3,
 ( #2041, #8334, #1040, #8274, #8211, #10129 ),
 .UNSPECIFIED., .F., .F.,
 ( 4, 2, 4 ),
 ( 0.0006269138418756161962, 0.001224952637099760606, 0.001822991432323905342 ),
 .UNSPECIFIED. ) ;
#7839 = VECTOR ( 'NONE', #4532, 1000.000000000000000 ) ;
#7840 = ORIENTED_EDGE ( 'NONE', *, *, #4728, .T. ) ;
#7841 = DIRECTION ( 'NONE',  ( 0.8480480961564245135, -0.5299192642332072323, 0.000000000000000000 ) ) ;
#7842 = CARTESIAN_POINT ( 'NONE',  ( 0.000000000000000000, 0.000000000000000000, 8.077500000000000568 ) ) ;
#7843 = DIRECTION ( 'NONE',  ( -1.000000000000000000, 0.000000000000000000, 0.000000000000000000 ) ) ;
#7844 = AXIS2_PLACEMENT_3D ( 'NONE', #2401, #4094, #7639 ) ;
#7845 = ORIENTED_EDGE ( 'NONE', *, *, #2608, .T. ) ;
#7846 = EDGE_CURVE ( 'NONE', #9849, #1111, #9780, .T. ) ;
#7847 = CARTESIAN_POINT ( 'NONE',  ( 1.338300807568879813, -0.7726683315065872026, -9.545833333333336057 ) ) ;
#7848 = CARTESIAN_POINT ( 'NONE',  ( -1.122918141402800662, 2.781915679474933789, -9.750000000000001776 ) ) ;
#7849 = VERTEX_POINT ( 'NONE', #3371 ) ;
#7850 = CARTESIAN_POINT ( 'NONE',  ( -0.3137765339895290939, -2.985384301558942965, 8.077500000000002345 ) ) ;
#7851 = CARTESIAN_POINT ( 'NONE',  ( 0.000000000000000000, 0.000000000000000000, 8.077500000000000568 ) ) ;
#7852 = CARTESIAN_POINT ( 'NONE',  ( 2.934644818296865854, 0.6227839034876824220, 9.449999999999999289 ) ) ;
#7853 = CIRCLE ( 'NONE', #9146, 3.000000000000000444 ) ;
#7854 = CARTESIAN_POINT ( 'NONE',  ( 1.656699982724407327, -2.280251903866804764, 8.077500000000002345 ) ) ;
#7855 = ORIENTED_EDGE ( 'NONE', *, *, #5790, .F. ) ;
#7856 = CARTESIAN_POINT ( 'NONE',  ( -2.734823486451059438, 0.6818680780054969803, 9.631453640997325039 ) ) ;
#7857 = ADVANCED_FACE ( 'NONE', ( #11405 ), #312, .T. ) ;
#7858 = VECTOR ( 'NONE', #6905, 1000.000000000000000 ) ;
#7859 = CARTESIAN_POINT ( 'NONE',  ( 2.533292686689793793, -1.235569399674192548, 9.631453640997325039 ) ) ;
#7860 = CARTESIAN_POINT ( 'NONE',  ( -0.7768966656431479656, -2.709360653135679531, 8.077500000000002345 ) ) ;
#7861 = LINE ( 'NONE', #3119, #8034 ) ;
#7862 = CARTESIAN_POINT ( 'NONE',  ( 4.433605334556190233E-16, -1.154700538379251684, 8.250000000000001776 ) ) ;
#7863 = CARTESIAN_POINT ( 'NONE',  ( 0.8922005383792529498, -1.545336663013173517, -6.891666666666671048 ) ) ;
#7864 = EDGE_LOOP ( 'NONE', ( #9370, #4603, #2135, #4235 ) ) ;
#7865 = CARTESIAN_POINT ( 'NONE',  ( 1.811726676894017229, -2.159131775987237045, 9.631453640997325039 ) ) ;
#7866 = DIRECTION ( 'NONE',  ( -0.000000000000000000, -0.000000000000000000, -1.000000000000000000 ) ) ;
#7867 = ORIENTED_EDGE ( 'NONE', *, *, #6061, .F. ) ;
#7868 = VECTOR ( 'NONE', #1466, 1000.000000000000000 ) ;
#7869 = EDGE_LOOP ( 'NONE', ( #7525, #531, #10049 ) ) ;
#7870 = FACE_OUTER_BOUND ( 'NONE', #4572, .T. ) ;
#7871 = CARTESIAN_POINT ( 'NONE',  ( 2.000000000000003553, 2.449293598294710852E-16, -9.750000000000001776 ) ) ;
#7872 = VECTOR ( 'NONE', #11312, 1000.000000000000000 ) ;
#7873 = ORIENTED_EDGE ( 'NONE', *, *, #2047, .T. ) ;
#7874 = EDGE_CURVE ( 'NONE', #810, #6018, #5709, .T. ) ;
#7875 = CARTESIAN_POINT ( 'NONE',  ( 2.818745138964453112, -1.026974119228069693, 8.077500000000000568 ) ) ;
#7876 = VECTOR ( 'NONE', #7961, 1000.000000000000000 ) ;
#7877 = CARTESIAN_POINT ( 'NONE',  ( 0.000000000000000000, 2.037888611415574314, -9.028125000000002842 ) ) ;
#7878 = ORIENTED_EDGE ( 'NONE', *, *, #7382, .F. ) ;
#7879 = CARTESIAN_POINT ( 'NONE',  ( 2.803106067138688040, 0.2946183195551809186, 9.750000000000001776 ) ) ;
#7880 = ORIENTED_EDGE ( 'NONE', *, *, #11451, .F. ) ;
#7881 = DIRECTION ( 'NONE',  ( -0.000000000000000000, -0.000000000000000000, -1.000000000000000000 ) ) ;
#7882 = ORIENTED_EDGE ( 'NONE', *, *, #2194, .F. ) ;
#7883 = ORIENTED_EDGE ( 'NONE', *, *, #2593, .F. ) ;
#7884 = DIRECTION ( 'NONE',  ( 0.9781476007338038015, -0.2079116908177680301, 0.000000000000000000 ) ) ;
#7885 = AXIS2_PLACEMENT_3D ( 'NONE', #2055, #9147, #4213 ) ;
#7886 = CARTESIAN_POINT ( 'NONE',  ( 1.382122488386126502, 2.525430481282555206, 9.571310031034848009 ) ) ;
#7887 = ORIENTED_EDGE ( 'NONE', *, *, #3503, .F. ) ;
#7888 = EDGE_CURVE ( 'NONE', #1288, #8812, #147, .T. ) ;
#7889 = EDGE_CURVE ( 'NONE', #4050, #6437, #10721, .T. ) ;
#7890 = FACE_OUTER_BOUND ( 'NONE', #7643, .T. ) ;
#7891 = CARTESIAN_POINT ( 'NONE',  ( -1.500842031447392477, -2.597589882302605346, -9.750000000000001776 ) ) ;
#7892 = EDGE_CURVE ( 'NONE', #11483, #6592, #9773, .T. ) ;
#7893 = VECTOR ( 'NONE', #4348, 1000.000000000000000 ) ;
#7894 = ORIENTED_EDGE ( 'NONE', *, *, #4055, .F. ) ;
#7895 = CARTESIAN_POINT ( 'NONE',  ( 2.613310677415288108, 1.055846049930807995, 9.750000000000001776 ) ) ;
#7896 = CARTESIAN_POINT ( 'NONE',  ( 2.006669090636797215, -2.230085011985617260, 9.449999999999999289 ) ) ;
#7897 = DIRECTION ( 'NONE',  ( -0.000000000000000000, -0.000000000000000000, -1.000000000000000000 ) ) ;
#7898 = EDGE_LOOP ( 'NONE', ( #9723, #1298, #3054, #9972 ) ) ;
#7899 = CARTESIAN_POINT ( 'NONE',  ( -2.994516329218106954, 0.2093969802150353887, 9.750000000000001776 ) ) ;
#7900 = DIRECTION ( 'NONE',  ( -0.000000000000000000, -0.000000000000000000, 1.000000000000000000 ) ) ;
#7901 = CARTESIAN_POINT ( 'NONE',  ( -2.929705414296045696, -0.2382526586593720352, 9.510800894373550918 ) ) ;
#7902 = AXIS2_PLACEMENT_3D ( 'NONE', #10799, #3472, #5136 ) ;
#7903 = VECTOR ( 'NONE', #4209, 1000.000000000000000 ) ;
#7904 = EDGE_CURVE ( 'NONE', #4592, #9742, #10178, .T. ) ;
#7905 = LINE ( 'NONE', #7848, #7876 ) ;
#7906 = ORIENTED_EDGE ( 'NONE', *, *, #5465, .T. ) ;
#7907 = CARTESIAN_POINT ( 'NONE',  ( -1.146406084414235638, 2.574870223422000670, 9.750000000000001776 ) ) ;
#7908 = AXIS2_PLACEMENT_3D ( 'NONE', #293, #10970, #5595 ) ;
#7909 = AXIS2_PLACEMENT_3D ( 'NONE', #5405, #6098, #4329 ) ;
#7910 = DIRECTION ( 'NONE',  ( -1.000000000000000000, 0.000000000000000000, 0.000000000000000000 ) ) ;
#7911 = CARTESIAN_POINT ( 'NONE',  ( 0.000000000000000000, 1.545336663013173073, -9.312500000000005329 ) ) ;
#7912 = DIRECTION ( 'NONE',  ( -0.2419218955997225751, -0.9702957262759827062, 0.000000000000000000 ) ) ;
#7913 = EDGE_CURVE ( 'NONE', #2932, #9814, #5672, .T. ) ;
#7914 = ORIENTED_EDGE ( 'NONE', *, *, #11017, .F. ) ;
#7915 = CARTESIAN_POINT ( 'NONE',  ( 2.001914819259426990E-16, -2.818546359002675139, 9.631453640997325039 ) ) ;
#7916 = VECTOR ( 'NONE', #4971, 1000.000000000000000 ) ;
#7917 = VECTOR ( 'NONE', #9513, 1000.000000000000000 ) ;
#7918 = CARTESIAN_POINT ( 'NONE',  ( 0.000000000000000000, 0.000000000000000000, -9.750000000000001776 ) ) ;
#7919 = DIRECTION ( 'NONE',  ( -0.9902680687415720273, -0.1391731009600536972, 0.000000000000000000 ) ) ;
#7920 = CARTESIAN_POINT ( 'NONE',  ( -1.139146806456250438, 2.643937639588768373, 9.571310031034848009 ) ) ;
#7921 = DIRECTION ( 'NONE',  ( -0.000000000000000000, 0.000000000000000000, -1.000000000000000000 ) ) ;
#7922 = EDGE_LOOP ( 'NONE', ( #2769, #4045, #4939, #7535 ) ) ;
#7923 = DIRECTION ( 'NONE',  ( -0.000000000000000000, -0.000000000000000000, -1.000000000000000000 ) ) ;
#7924 = ORIENTED_EDGE ( 'NONE', *, *, #11452, .F. ) ;
#7925 = CARTESIAN_POINT ( 'NONE',  ( 0.5431850904497687038, 2.888751997217291922, 9.510800894373550918 ) ) ;
#7926 = DIRECTION ( 'NONE',  ( 0.4383711467890797908, 0.8987940462991658164, 0.000000000000000000 ) ) ;
#7927 = DIRECTION ( 'NONE',  ( 0.000000000000000000, 0.000000000000000000, -1.000000000000000000 ) ) ;
#7928 = EDGE_CURVE ( 'NONE', #7983, #8531, #3131, .T. ) ;
#7929 = AXIS2_PLACEMENT_3D ( 'NONE', #5014, #3070, #2197 ) ;
#7930 = VERTEX_POINT ( 'NONE', #4840 ) ;
#7931 = EDGE_CURVE ( 'NONE', #5535, #9951, #8368, .T. ) ;
#7932 = ORIENTED_EDGE ( 'NONE', *, *, #3325, .T. ) ;
#7933 = CARTESIAN_POINT ( 'NONE',  ( -1.848110244803813584, 2.365473243207002252, 9.750000000000001776 ) ) ;
#7934 = CARTESIAN_POINT ( 'NONE',  ( -0.8922005383792531719, 1.545336663013173073, -10.04166666666667140 ) ) ;
#7935 = CARTESIAN_POINT ( 'NONE',  ( 0.000000000000000000, 0.000000000000000000, 8.077500000000002345 ) ) ;
#7936 = CARTESIAN_POINT ( 'NONE',  ( 1.764863307568882433, 1.018944305707785603, -8.444791666666670693 ) ) ;
#7937 = CARTESIAN_POINT ( 'NONE',  ( -1.784401076758506788, 6.065988351121004614E-17, -9.225000000000004974 ) ) ;
#7938 = ORIENTED_EDGE ( 'NONE', *, *, #3876, .T. ) ;
#7939 = ORIENTED_EDGE ( 'NONE', *, *, #4065, .T. ) ;
#7940 = CARTESIAN_POINT ( 'NONE',  ( -2.885542882574252843, 0.8274161069873685603, 9.750000000000001776 ) ) ;
#7941 = ADVANCED_FACE ( 'NONE', ( #9183 ), #4894, .F. ) ;
#7942 = ORIENTED_EDGE ( 'NONE', *, *, #10440, .T. ) ;
#7943 = VERTEX_POINT ( 'NONE', #364 ) ;
#7944 = CARTESIAN_POINT ( 'NONE',  ( -2.289816837448980902, 1.744935683522130576, 9.571310031034848009 ) ) ;
#7945 = DIRECTION ( 'NONE',  ( -1.000000000000000000, 0.000000000000000000, 0.000000000000000000 ) ) ;
#7946 = VECTOR ( 'NONE', #3136, 1000.000000000000114 ) ;
#7947 = VECTOR ( 'NONE', #8873, 1000.000000000000000 ) ;
#7948 = DIRECTION ( 'NONE',  ( -0.000000000000000000, 0.000000000000000000, -1.000000000000000000 ) ) ;
#7949 = EDGE_LOOP ( 'NONE', ( #3703, #11339, #10332 ) ) ;
#7950 = CARTESIAN_POINT ( 'NONE',  ( 0.000000000000000000, 0.000000000000000000, 8.077500000000002345 ) ) ;
#7951 = DIRECTION ( 'NONE',  ( -0.9902680687415695848, 0.1391731009600706837, 0.000000000000000000 ) ) ;
#7952 = ORIENTED_EDGE ( 'NONE', *, *, #6917, .T. ) ;
#7953 = CARTESIAN_POINT ( 'NONE',  ( 0.000000000000000000, 0.000000000000000000, 8.077500000000002345 ) ) ;
#7954 = AXIS2_PLACEMENT_3D ( 'NONE', #4221, #7539, #10383 ) ;
#7955 = EDGE_CURVE ( 'NONE', #5210, #7659, #7559, .T. ) ;
#7956 = EDGE_CURVE ( 'NONE', #4282, #9192, #9293, .T. ) ;
#7957 = EDGE_CURVE ( 'NONE', #8469, #3894, #4287, .T. ) ;
#7958 = CARTESIAN_POINT ( 'NONE',  ( 2.878148196475317722, 0.06576205455712261227, 9.571310031034848009 ) ) ;
#7959 = B_SPLINE_CURVE_WITH_KNOTS ( 'NONE', 3,
 ( #7574, #11112, #2267, #1385 ),
 .UNSPECIFIED., .F., .F.,
 ( 4, 4 ),
 ( 3.021976174286745114E-07, 0.0002759148428383533511 ),
 .UNSPECIFIED. ) ;
#7960 = CARTESIAN_POINT ( 'NONE',  ( 1.847750578910113850, 2.363433476562719182, 9.449999999999999289 ) ) ;
#7961 = DIRECTION ( 'NONE',  ( 0.000000000000000000, -0.000000000000000000, -1.000000000000000000 ) ) ;
#7962 = VERTEX_POINT ( 'NONE', #10508 ) ;
#7963 = DIRECTION ( 'NONE',  ( -0.03489949670249953978, 0.9993908270190957621, 0.000000000000000000 ) ) ;
#7964 = CARTESIAN_POINT ( 'NONE',  ( 0.000000000000000000, 0.000000000000000000, 6.749999999999999112 ) ) ;
#7965 = CARTESIAN_POINT ( 'NONE',  ( 0.000000000000000000, 0.000000000000000000, 9.750000000000001776 ) ) ;
#7966 = EDGE_CURVE ( 'NONE', #8733, #4412, #4176, .T. ) ;
#7967 = ADVANCED_FACE ( 'NONE', ( #8479 ), #7610, .F. ) ;
#7968 = DIRECTION ( 'NONE',  ( 0.9396926207859120916, 0.3420201433256586099, 0.000000000000000000 ) ) ;
#7969 = VERTEX_POINT ( 'NONE', #11270 ) ;
#7970 = CARTESIAN_POINT ( 'NONE',  ( 1.847750578910113850, 2.363433476562719182, 9.449999999999999289 ) ) ;
#7971 = ORIENTED_EDGE ( 'NONE', *, *, #1163, .T. ) ;
#7972 = FACE_OUTER_BOUND ( 'NONE', #1495, .T. ) ;
#7973 = DIRECTION ( 'NONE',  ( -1.000000000000000000, 0.000000000000000000, 0.000000000000000000 ) ) ;
#7974 = CARTESIAN_POINT ( 'NONE',  ( 0.000000000000000000, 0.000000000000000000, 9.449999999999999289 ) ) ;
#7975 = ORIENTED_EDGE ( 'NONE', *, *, #9558, .T. ) ;
#7976 = CARTESIAN_POINT ( 'NONE',  ( 0.000000000000000000, 0.000000000000000000, 8.077500000000002345 ) ) ;
#7977 = ORIENTED_EDGE ( 'NONE', *, *, #9441, .T. ) ;
#7978 = B_SPLINE_CURVE_WITH_KNOTS ( 'NONE', 3,
 ( #8771, #4496, #81, #9661 ),
 .UNSPECIFIED., .F., .F.,
 ( 4, 4 ),
 ( 3.054997924343827044E-07, 0.0002759181450133580348 ),
 .UNSPECIFIED. ) ;
#7979 = PLANE ( 'NONE',  #5289 ) ;
#7980 = LINE ( 'NONE', #8898, #66 ) ;
#7981 = LINE ( 'NONE', #7244, #3268 ) ;
#7982 = ORIENTED_EDGE ( 'NONE', *, *, #3370, .F. ) ;
#7983 = VERTEX_POINT ( 'NONE', #11151 ) ;
#7984 = CARTESIAN_POINT ( 'NONE',  ( 0.5860087391484684050, -2.756954358615474554, 9.750000000000001776 ) ) ;
#7985 = CARTESIAN_POINT ( 'NONE',  ( -1.338300807568880035, 0.7726683315065867586, -9.283333333333338544 ) ) ;
#7986 = DIRECTION ( 'NONE',  ( 0.000000000000000000, -0.000000000000000000, -1.000000000000000000 ) ) ;
#7987 = ADVANCED_FACE ( 'NONE', ( #5953 ), #10283, .T. ) ;
#7988 = CARTESIAN_POINT ( 'NONE',  ( 0.000000000000000000, 2.037888611415574314, -8.328125000000001776 ) ) ;
#7989 = B_SPLINE_CURVE_WITH_KNOTS ( 'NONE', 3,
 ( #3461, #7149, #767, #10688 ),
 .UNSPECIFIED., .F., .F.,
 ( 4, 4 ),
 ( 3.021976174301335257E-07, 0.0002759148428383538390 ),
 .UNSPECIFIED. ) ;
#7990 = ORIENTED_EDGE ( 'NONE', *, *, #11236, .T. ) ;
#7991 = PLANE ( 'NONE',  #5083 ) ;
#7992 = ORIENTED_EDGE ( 'NONE', *, *, #5069, .T. ) ;
#7993 = CARTESIAN_POINT ( 'NONE',  ( -1.848110244803860658, -2.365473243206964060, 9.750000000000001776 ) ) ;
#7994 = VERTEX_POINT ( 'NONE', #10402 ) ;
#7995 = ORIENTED_EDGE ( 'NONE', *, *, #5433, .T. ) ;
#7996 = CARTESIAN_POINT ( 'NONE',  ( 0.9261261411943663147, -2.853469882545885739, -9.750000000000001776 ) ) ;
#7997 = LINE ( 'NONE', #9633, #4598 ) ;
#7998 = ORIENTED_EDGE ( 'NONE', *, *, #4977, .T. ) ;
#7999 = ORIENTED_EDGE ( 'NONE', *, *, #6638, .F. ) ;
#8000 = EDGE_CURVE ( 'NONE', #5560, #584, #8255, .T. ) ;
#8001 = CARTESIAN_POINT ( 'NONE',  ( 1.500842031447356284, -2.597589882302626663, 9.449999999999999289 ) ) ;
#8002 = CARTESIAN_POINT ( 'NONE',  ( 2.440932748640455063, 1.409273179501332240, 9.631453640997325039 ) ) ;
#8003 = ORIENTED_EDGE ( 'NONE', *, *, #8257, .F. ) ;
#8004 = CARTESIAN_POINT ( 'NONE',  ( 1.957926820807928570, -2.027492575130226626, 9.750000000000001776 ) ) ;
#8005 = LINE ( 'NONE', #8813, #3582 ) ;
#8006 = CARTESIAN_POINT ( 'NONE',  ( -2.816829376715346278, -0.09836584936183187522, 9.750000000000001776 ) ) ;
#8007 = CARTESIAN_POINT ( 'NONE',  ( 1.957926820807942114, 2.027492575130213304, 9.750000000000001776 ) ) ;
#8008 = ORIENTED_EDGE ( 'NONE', *, *, #9199, .T. ) ;
#8009 = DIRECTION ( 'NONE',  ( 0.000000000000000000, -1.000000000000000000, 0.000000000000000000 ) ) ;
#8010 = AXIS2_PLACEMENT_3D ( 'NONE', #7251, #2989, #9148 ) ;
#8011 = EDGE_CURVE ( 'NONE', #10032, #4634, #3525, .T. ) ;
#8012 = EDGE_CURVE ( 'NONE', #5335, #1350, #6867, .T. ) ;
#8013 = CARTESIAN_POINT ( 'NONE',  ( 1.122918141402819092, -2.781915679474926684, 9.449999999999999289 ) ) ;
#8014 = PLANE ( 'NONE',  #2285 ) ;
#8015 = ORIENTED_EDGE ( 'NONE', *, *, #7811, .T. ) ;
#8016 = DIRECTION ( 'NONE',  ( -0.000000000000000000, -0.000000000000000000, 1.000000000000000000 ) ) ;
#8017 = EDGE_LOOP ( 'NONE', ( #2104, #4760, #1633, #8304, #9665, #11406, #797, #2564, #9894, #10361, #7027, #679, #7153, #9678 ) ) ;
#8018 = CARTESIAN_POINT ( 'NONE',  ( 1.671185562066248131, 2.418072985055483404, 9.510800894373550918 ) ) ;
#8019 = DIRECTION ( 'NONE',  ( -1.000000000000000000, 0.000000000000000000, 0.000000000000000000 ) ) ;
#8020 = PLANE ( 'NONE',  #3090 ) ;
#8021 = ORIENTED_EDGE ( 'NONE', *, *, #3984, .T. ) ;
#8022 = AXIS2_PLACEMENT_3D ( 'NONE', #3453, #7826, #341 ) ;
#8023 = CARTESIAN_POINT ( 'NONE',  ( 1.333721222561523145, -1.225882553362012795, -9.418020088447306648 ) ) ;
#8024 = CARTESIAN_POINT ( 'NONE',  ( -2.915219834954213773, 0.3760737398481205362, 9.510800894373550918 ) ) ;
#8025 = ADVANCED_FACE ( 'NONE', ( #9347 ), #1369, .T. ) ;
#8026 = ORIENTED_EDGE ( 'NONE', *, *, #5729, .F. ) ;
#8027 = EDGE_CURVE ( 'NONE', #9911, #4377, #9515, .T. ) ;
#8028 = DIRECTION ( 'NONE',  ( 0.2419218955997007592, 0.9702957262759882573, 0.000000000000000000 ) ) ;
#8029 = DIRECTION ( 'NONE',  ( -0.06975647374412381752, 0.9975640502598244197, 0.000000000000000000 ) ) ;
#8030 = DIRECTION ( 'NONE',  ( -0.2419218955996601528, 0.9702957262759983603, 0.000000000000000000 ) ) ;
#8031 = DIRECTION ( 'NONE',  ( 0.03489949670250957342, 0.9993908270190953180, 0.000000000000000000 ) ) ;
#8032 = ORIENTED_EDGE ( 'NONE', *, *, #11266, .T. ) ;
#8033 = LINE ( 'NONE', #9901, #5494 ) ;
#8034 = VECTOR ( 'NONE', #8714, 1000.000000000000000 ) ;
#8035 = CARTESIAN_POINT ( 'NONE',  ( -1.338300807568880257, -0.7726683315065862034, -5.666666666666671404 ) ) ;
#8036 = ADVANCED_FACE ( 'NONE', ( #8635 ), #2312, .T. ) ;
#8037 = ORIENTED_EDGE ( 'NONE', *, *, #598, .T. ) ;
#8038 = DIRECTION ( 'NONE',  ( 0.9135454576426033091, 0.4067366430757947682, 0.000000000000000000 ) ) ;
#8039 = PLANE ( 'NONE',  #11439 ) ;
#8040 = ORIENTED_EDGE ( 'NONE', *, *, #7095, .F. ) ;
#8041 = ORIENTED_EDGE ( 'NONE', *, *, #2820, .F. ) ;
#8042 =( BOUNDED_CURVE ( )  B_SPLINE_CURVE ( 2, ( #1473, #4891, #8685, #11372, #5360, #830, #9632 ),
 .UNSPECIFIED., .F., .F. ) 
 B_SPLINE_CURVE_WITH_KNOTS ( ( 3, 2, 2, 3 ),
 ( 3.640659844332038715E-17, 0.0006927323866692222968, 0.002779019455048898062, 0.003822162989238730903 ),
 .UNSPECIFIED. ) 
 CURVE ( )  GEOMETRIC_REPRESENTATION_ITEM ( )  RATIONAL_B_SPLINE_CURVE ( ( 0.9405716288327966579, 0.9555149704965930635, 1.000000000000000000, 0.8660254037844387076, 1.000000000000000000, 0.9330127018922196314, 0.9330127018922192983 ) ) 
 REPRESENTATION_ITEM ( '' )  );
#8043 = B_SPLINE_CURVE_WITH_KNOTS ( 'NONE', 3,
 ( #6653, #2202, #252, #6533 ),
 .UNSPECIFIED., .F., .F.,
 ( 4, 4 ),
 ( 3.021976174285967432E-07, 0.0002759148428383530259 ),
 .UNSPECIFIED. ) ;
#8044 = VECTOR ( 'NONE', #9105, 1000.000000000000000 ) ;
#8045 = CARTESIAN_POINT ( 'NONE',  ( 0.000000000000000000, 0.000000000000000000, 9.449999999999999289 ) ) ;
#8046 = LINE ( 'NONE', #2520, #4973 ) ;
#8047 = ADVANCED_FACE ( 'NONE', ( #4067 ), #7786, .T. ) ;
#8048 = FACE_OUTER_BOUND ( 'NONE', #4807, .T. ) ;
#8049 = CARTESIAN_POINT ( 'NONE',  ( 1.784401076758506788, -3.763923298982691022E-16, -9.487500000000006040 ) ) ;
#8050 = CARTESIAN_POINT ( 'NONE',  ( 1.338300807568880924, 0.7726683315065854263, -9.516666666666671048 ) ) ;
#8051 = ORIENTED_EDGE ( 'NONE', *, *, #481, .F. ) ;
#8052 = VECTOR ( 'NONE', #1229, 1000.000000000000000 ) ;
#8053 = ORIENTED_EDGE ( 'NONE', *, *, #9167, .T. ) ;
#8054 = DIRECTION ( 'NONE',  ( 0.5591929034707492363, 0.8290375725550400698, 0.000000000000000000 ) ) ;
#8055 = CARTESIAN_POINT ( 'NONE',  ( -0.6324784270201796454, -2.808564175525952944, 9.571310031034848009 ) ) ;
#8056 = CARTESIAN_POINT ( 'NONE',  ( -2.680596881209482252, -0.8709787243654325550, 9.750000000000001776 ) ) ;
#8057 = EDGE_LOOP ( 'NONE', ( #7730, #10687, #4243, #3121 ) ) ;
#8058 = VERTEX_POINT ( 'NONE', #5896 ) ;
#8059 = APPLICATION_PROTOCOL_DEFINITION ( 'international standard', 'config_control_design', 1994, #439 ) ;
#8060 = EDGE_CURVE ( 'NONE', #9078, #7701, #6449, .T. ) ;
#8061 = CARTESIAN_POINT ( 'NONE',  ( 0.000000000000000000, 0.000000000000000000, 5.550000000000000711 ) ) ;
#8062 = ORIENTED_EDGE ( 'NONE', *, *, #376, .F. ) ;
#8063 = VECTOR ( 'NONE', #5735, 1000.000000000000000 ) ;
#8064 = AXIS2_PLACEMENT_3D ( 'NONE', #5416, #4520, #896 ) ;
#8065 = ORIENTED_EDGE ( 'NONE', *, *, #5664, .F. ) ;
#8066 = DIRECTION ( 'NONE',  ( -1.000000000000000000, 0.000000000000000000, 0.000000000000000000 ) ) ;
#8067 = DIRECTION ( 'NONE',  ( 0.000000000000000000, 0.000000000000000000, 1.000000000000000000 ) ) ;
#8068 = CARTESIAN_POINT ( 'NONE',  ( 0.000000000000000000, 0.000000000000000000, 9.449999999999999289 ) ) ;
#8069 = CARTESIAN_POINT ( 'NONE',  ( -3.000000000000000000, 0.000000000000000000, 9.449999999999999289 ) ) ;
#8070 = ORIENTED_EDGE ( 'NONE', *, *, #4200, .F. ) ;
#8071 = CARTESIAN_POINT ( 'NONE',  ( 2.533292686689802675, 1.235569399674175894, 9.631453640997325039 ) ) ;
#8072 = ORIENTED_EDGE ( 'NONE', *, *, #8587, .F. ) ;
#8073 = VECTOR ( 'NONE', #3027, 1000.000000000000000 ) ;
#8074 = VECTOR ( 'NONE', #5397, 1000.000000000000000 ) ;
#8075 = DIRECTION ( 'NONE',  ( 0.000000000000000000, 0.000000000000000000, -1.000000000000000000 ) ) ;
#8076 = ADVANCED_FACE ( 'NONE', ( #1120 ), #2950, .F. ) ;
#8077 = DIRECTION ( 'NONE',  ( -0.000000000000000000, -0.000000000000000000, 1.000000000000000000 ) ) ;
#8078 = VECTOR ( 'NONE', #10866, 1000.000000000000000 ) ;
#8079 = PLANE ( 'NONE',  #432 ) ;
#8080 = ORIENTED_EDGE ( 'NONE', *, *, #3341, .T. ) ;
#8081 = LINE ( 'NONE', #71, #9122 ) ;
#8082 = CARTESIAN_POINT ( 'NONE',  ( 1.957926820807928570, -2.027492575130226626, 8.077500000000002345 ) ) ;
#8083 = FACE_OUTER_BOUND ( 'NONE', #9151, .T. ) ;
#8084 = ORIENTED_EDGE ( 'NONE', *, *, #5762, .T. ) ;
#8085 = CIRCLE ( 'NONE', #9564, 3.000000000000000000 ) ;
#8086 = CARTESIAN_POINT ( 'NONE',  ( 0.06929011911681177971, 2.938560365775492844, 9.510800894373550918 ) ) ;
#8087 = VERTEX_POINT ( 'NONE', #9992 ) ;
#8088 = CARTESIAN_POINT ( 'NONE',  ( 0.3126183150084776985, 2.983667171304678511, 8.077500000000000568 ) ) ;
#8089 = CARTESIAN_POINT ( 'NONE',  ( -1.146406084414235638, 2.574870223422000670, 9.631453640997325039 ) ) ;
#8090 = AXIS2_PLACEMENT_3D ( 'NONE', #11323, #9581, #1609 ) ;
#8091 = AXIS2_PLACEMENT_3D ( 'NONE', #9195, #3025, #10996 ) ;
#8092 = ORIENTED_EDGE ( 'NONE', *, *, #5866, .F. ) ;
#8093 = CARTESIAN_POINT ( 'NONE',  ( 2.474923495339737656, 1.585777990807401228, 9.510800894373550918 ) ) ;
#8094 = ORIENTED_EDGE ( 'NONE', *, *, #775, .F. ) ;
#8095 = DIRECTION ( 'NONE',  ( 0.000000000000000000, 0.000000000000000000, -1.000000000000000000 ) ) ;
#8096 = DIRECTION ( 'NONE',  ( -0.1736481776669322186, -0.9848077530122076872, 0.000000000000000000 ) ) ;
#8097 = ORIENTED_EDGE ( 'NONE', *, *, #10836, .T. ) ;
#8098 = VERTEX_POINT ( 'NONE', #2126 ) ;
#8099 = ADVANCED_FACE ( 'NONE', ( #6401 ), #10862, .T. ) ;
#8100 = ADVANCED_FACE ( 'NONE', ( #2185 ), #10042, .F. ) ;
#8101 = ORIENTED_EDGE ( 'NONE', *, *, #6125, .F. ) ;
#8102 = AXIS2_PLACEMENT_3D ( 'NONE', #1905, #8147, #10125 ) ;
#8103 = VECTOR ( 'NONE', #9123, 1000.000000000000000 ) ;
#8104 = DIRECTION ( 'NONE',  ( -1.000000000000000000, 0.000000000000000000, 0.000000000000000000 ) ) ;
#8105 = EDGE_CURVE ( 'NONE', #4112, #347, #1944, .T. ) ;
#8106 = CARTESIAN_POINT ( 'NONE',  ( 1.784401076758506788, -3.763923298982691022E-16, -6.075000000000004619 ) ) ;
#8107 = B_SPLINE_CURVE_WITH_KNOTS ( 'NONE', 3,
 ( #10427, #11472, #3553, #1567, #4314, #6141, #3434, #7009, #9662, #1675, #5265, #3497, #6372, #10727, #9964, #2975, #5451, #6543 ),
 .UNSPECIFIED., .F., .F.,
 ( 4, 2, 2, 2, 2, 2, 2, 2, 4 ),
 ( 0.000000000000000000, 0.0005607691566096113713, 0.001121538313219222743, 0.001682307469828833897, 0.002243076626438445485, 0.002803845783048057507, 0.003364614939657668662, 0.003925384096267280250, 0.004486153252876891838 ),
 .UNSPECIFIED. ) ;
#8108 = CARTESIAN_POINT ( 'NONE',  ( 1.493602012769879694, 2.390262873680843558, 9.631453640997325039 ) ) ;
#8109 = CARTESIAN_POINT ( 'NONE',  ( 0.1056702774065306910, 2.998138387812148586, 9.449999999999999289 ) ) ;
#8110 = CARTESIAN_POINT ( 'NONE',  ( 0.000000000000000000, 0.000000000000000000, 8.077500000000000568 ) ) ;
#8111 = CARTESIAN_POINT ( 'NONE',  ( 1.764863307568882433, 1.018944305707785603, -5.644791666666669094 ) ) ;
#8112 = CARTESIAN_POINT ( 'NONE',  ( 1.338300807568879813, -0.7726683315065872026, -9.633333333333338189 ) ) ;
#8113 = ORIENTED_EDGE ( 'NONE', *, *, #7347, .F. ) ;
#8114 = AXIS2_PLACEMENT_3D ( 'NONE', #8814, #7900, #6302 ) ;
#8115 = DIRECTION ( 'NONE',  ( -1.000000000000000000, 0.000000000000000000, 0.000000000000000000 ) ) ;
#8116 = VERTEX_POINT ( 'NONE', #1181 ) ;
#8117 = LINE ( 'NONE', #7258, #11428 ) ;
#8118 = ORIENTED_EDGE ( 'NONE', *, *, #7496, .T. ) ;
#8119 = EDGE_LOOP ( 'NONE', ( #6265, #4093, #3505 ) ) ;
#8120 = EDGE_CURVE ( 'NONE', #1168, #9416, #5898, .T. ) ;
#8121 = VERTEX_POINT ( 'NONE', #6572 ) ;
#8122 = CALENDAR_DATE ( 2026, 22, 8 ) ;
#8123 = CARTESIAN_POINT ( 'NONE',  ( 0.000000000000000000, 0.000000000000000000, 8.077500000000000568 ) ) ;
#8124 = DIRECTION ( 'NONE',  ( 0.9975640502598238646, -0.06975647374413236623, 0.000000000000000000 ) ) ;
#8125 = ORIENTED_EDGE ( 'NONE', *, *, #11555, .T. ) ;
#8126 = DIRECTION ( 'NONE',  ( -1.000000000000000000, 0.000000000000000000, 0.000000000000000000 ) ) ;
#8127 = PLANE ( 'NONE',  #7335 ) ;
#8128 = CARTESIAN_POINT ( 'NONE',  ( 1.676772478465699878, -2.487656337893157321, 9.449999999999999289 ) ) ;
#8129 = DIRECTION ( 'NONE',  ( -0.7880107536067286755, -0.6156614753256497430, 0.000000000000000000 ) ) ;
#8130 = VERTEX_POINT ( 'NONE', #8241 ) ;
#8131 = CARTESIAN_POINT ( 'NONE',  ( -2.475656678042306158, 1.469416789463843687, 9.571310031034848009 ) ) ;
#8132 = ORIENTED_EDGE ( 'NONE', *, *, #7689, .T. ) ;
#8133 = EDGE_CURVE ( 'NONE', #9211, #8371, #7484, .T. ) ;
#8134 = FACE_OUTER_BOUND ( 'NONE', #8523, .T. ) ;
#8135 = CARTESIAN_POINT ( 'NONE',  ( -2.803106067138683599, 0.2946183195552178335, 9.631453640997325039 ) ) ;
#8136 = VECTOR ( 'NONE', #5188, 1000.000000000000000 ) ;
#8137 = DIRECTION ( 'NONE',  ( 0.000000000000000000, 0.000000000000000000, -1.000000000000000000 ) ) ;
#8138 =( BOUNDED_CURVE ( )  B_SPLINE_CURVE ( 2, ( #3256, #10470, #8597, #9530, #674, #6929, #1556, #4982, #5087 ),
 .UNSPECIFIED., .F., .F. ) 
 B_SPLINE_CURVE_WITH_KNOTS ( ( 3, 2, 2, 2, 3 ),
 ( 0.03517483088036058025, 0.03622006998763866586, 0.03831054820213616180, 0.04040102641663365080, 0.04144626552390121704 ),
 .UNSPECIFIED. ) 
 CURVE ( )  GEOMETRIC_REPRESENTATION_ITEM ( )  RATIONAL_B_SPLINE_CURVE ( ( 0.9330127018922194093, 0.9330127018903391356, 1.000000000000000000, 0.8660254037844387076, 1.000000000000000000, 0.8660254037844387076, 1.000000000000000000, 0.9330127018910134851, 0.9330127018922191873 ) ) 
 REPRESENTATION_ITEM ( '' )  );
#8139 = CARTESIAN_POINT ( 'NONE',  ( 0.8922005383792542821, 1.545336663013172851, -8.670833333333337833 ) ) ;
#8140 = DIRECTION ( 'NONE',  ( 0.000000000000000000, -0.000000000000000000, 1.000000000000000000 ) ) ;
#8141 = ADVANCED_FACE ( 'NONE', ( #8402 ), #5538, .T. ) ;
#8142 = ORIENTED_EDGE ( 'NONE', *, *, #3928, .T. ) ;
#8143 = AXIS2_PLACEMENT_3D ( 'NONE', #6300, #7897, #4536 ) ;
#8144 = CARTESIAN_POINT ( 'NONE',  ( -1.154700538379318520, 2.000000000000117240, -7.504166666666737484 ) ) ;
#8145 = CARTESIAN_POINT ( 'NONE',  ( -2.883516910659410737, -0.8278467406115741500, 8.077500000000000568 ) ) ;
#8146 = DIRECTION ( 'NONE',  ( 0.6427876096865366984, -0.7660444431189803449, 0.000000000000000000 ) ) ;
#8147 = DIRECTION ( 'NONE',  ( -0.000000000000000000, -0.000000000000000000, 1.000000000000000000 ) ) ;
#8148 = VERTEX_POINT ( 'NONE', #1290 ) ;
#8149 = CARTESIAN_POINT ( 'NONE',  ( 0.2571117672691043965, -1.609917364703884024, -9.599688747855809723 ) ) ;
#8150 = LINE ( 'NONE', #3717, #4386 ) ;
#8151 = CARTESIAN_POINT ( 'NONE',  ( -1.656699982724437969, -2.280251903866782115, 9.631453640997325039 ) ) ;
#8152 = LINE ( 'NONE', #6664, #3011 ) ;
#8153 = EDGE_CURVE ( 'NONE', #6643, #6496, #9045, .T. ) ;
#8154 = DIRECTION ( 'NONE',  ( -0.000000000000000000, -0.000000000000000000, -1.000000000000000000 ) ) ;
#8155 = ORIENTED_EDGE ( 'NONE', *, *, #3029, .T. ) ;
#8156 = FACE_OUTER_BOUND ( 'NONE', #3995, .T. ) ;
#8157 = ORIENTED_EDGE ( 'NONE', *, *, #8470, .T. ) ;
#8158 = DIRECTION ( 'NONE',  ( -1.000000000000000000, 0.000000000000000000, 0.000000000000000000 ) ) ;
#8159 = CARTESIAN_POINT ( 'NONE',  ( 0.9279757276600384408, -2.852868915473304234, -9.750000000000001776 ) ) ;
#8160 = DIRECTION ( 'NONE',  ( -0.000000000000000000, 0.000000000000000000, -1.000000000000000000 ) ) ;
#8161 = ORIENTED_EDGE ( 'NONE', *, *, #6561, .F. ) ;
#8162 = VERTEX_POINT ( 'NONE', #1238 ) ;
#8163 = ORIENTED_EDGE ( 'NONE', *, *, #8981, .T. ) ;
#8164 = PLANE ( 'NONE',  #6825 ) ;
#8165 = CARTESIAN_POINT ( 'NONE',  ( 1.338300807568880924, 0.7726683315065854263, -7.416666666666672292 ) ) ;
#8166 = DIRECTION ( 'NONE',  ( -0.7880107536067261220, -0.6156614753256529626, 0.000000000000000000 ) ) ;
#8167 = EDGE_LOOP ( 'NONE', ( #4857, #6284, #9683, #4476 ) ) ;
#8168 = CARTESIAN_POINT ( 'NONE',  ( 0.8922005383792529498, -1.545336663013173517, -8.204166666666671048 ) ) ;
#8169 = EDGE_CURVE ( 'NONE', #4835, #7246, #1849, .T. ) ;
#8170 = ORIENTED_EDGE ( 'NONE', *, *, #2075, .T. ) ;
#8171 = DIRECTION ( 'NONE',  ( -1.224646799147353207E-16, 1.000000000000000000, 0.000000000000000000 ) ) ;
#8172 = EDGE_LOOP ( 'NONE', ( #11289, #8672, #2706, #10275 ) ) ;
#8173 = ADVANCED_FACE ( 'NONE', ( #3055 ), #2070, .F. ) ;
#8174 = DIRECTION ( 'NONE',  ( -0.5299192642332128944, -0.8480480961564210718, 0.000000000000000000 ) ) ;
#8175 = DIRECTION ( 'NONE',  ( -1.000000000000000000, 0.000000000000000000, 0.000000000000000000 ) ) ;
#8176 = CARTESIAN_POINT ( 'NONE',  ( 2.427622409283272997, 1.762568988137961146, 9.449999999999999289 ) ) ;
#8177 = EDGE_LOOP ( 'NONE', ( #7225, #10388, #93, #1936 ) ) ;
#8178 = ORIENTED_EDGE ( 'NONE', *, *, #4438, .F. ) ;
#8179 = VERTEX_POINT ( 'NONE', #6630 ) ;
#8180 = APPROVAL_STATUS ( 'not_yet_approved' ) ;
#8181 = CARTESIAN_POINT ( 'NONE',  ( -1.000000000000000000, -0.5773502691896255090, 9.750000000000001776 ) ) ;
#8182 = CARTESIAN_POINT ( 'NONE',  ( -0.1056702774065515077, -2.998138387812146810, 8.077500000000000568 ) ) ;
#8183 = ORIENTED_EDGE ( 'NONE', *, *, #5510, .F. ) ;
#8184 = CARTESIAN_POINT ( 'NONE',  ( 1.678384766113657278, -2.486568836143010053, 9.449999999999999289 ) ) ;
#8185 = DIRECTION ( 'NONE',  ( 0.6156614753256633987, 0.7880107536067180174, 0.000000000000000000 ) ) ;
#8186 = CARTESIAN_POINT ( 'NONE',  ( 2.680596881209469817, -0.8709787243654691924, 9.631453640997325039 ) ) ;
#8187 = EDGE_CURVE ( 'NONE', #6526, #5436, #5654, .T. ) ;
#8188 = LINE ( 'NONE', #4601, #7839 ) ;
#8189 = ADVANCED_FACE ( 'NONE', ( #7321 ), #4879, .T. ) ;
#8190 = CARTESIAN_POINT ( 'NONE',  ( -0.9261261411944050614, -2.853469882545873748, 9.449999999999999289 ) ) ;
#8191 = VERTEX_POINT ( 'NONE', #5602 ) ;
#8192 = EDGE_CURVE ( 'NONE', #10865, #8359, #8085, .T. ) ;
#8193 = ORIENTED_EDGE ( 'NONE', *, *, #8623, .T. ) ;
#8194 = CARTESIAN_POINT ( 'NONE',  ( -2.650457365590920933, 1.409273179501367546, 8.077500000000002345 ) ) ;
#8195 = PLANE ( 'NONE',  #6648 ) ;
#8196 = CARTESIAN_POINT ( 'NONE',  ( -1.784401076758506788, 6.065988351121004614E-17, -7.037500000000004086 ) ) ;
#8197 = EDGE_CURVE ( 'NONE', #6745, #3879, #9760, .T. ) ;
#8198 = PLANE ( 'NONE',  #10299 ) ;
#8199 = EDGE_LOOP ( 'NONE', ( #5250, #160, #6654, #10545 ) ) ;
#8200 = CARTESIAN_POINT ( 'NONE',  ( 0.9279757276600572036, 2.852868915473297129, 9.449999999999999289 ) ) ;
#8201 = DIRECTION ( 'NONE',  ( -0.9510565162951559737, -0.3090169943749401238, 0.000000000000000000 ) ) ;
#8202 = FACE_OUTER_BOUND ( 'NONE', #4564, .T. ) ;
#8203 = DIRECTION ( 'NONE',  ( 0.3090169943749465076, -0.9510565162951538642, 0.000000000000000000 ) ) ;
#8204 = ORIENTED_EDGE ( 'NONE', *, *, #5643, .T. ) ;
#8205 = VECTOR ( 'NONE', #6537, 1000.000000000000000 ) ;
#8206 = AXIS2_PLACEMENT_3D ( 'NONE', #1203, #7504, #2908 ) ;
#8207 = CARTESIAN_POINT ( 'NONE',  ( 1.656699982724407327, -2.280251903866804319, 9.631453640997325039 ) ) ;
#8208 = ADVANCED_FACE ( 'NONE', ( #2358 ), #2458, .F. ) ;
#8209 = CARTESIAN_POINT ( 'NONE',  ( 2.544659440449390519, 1.588933079815445293, 8.077500000000000568 ) ) ;
#8210 = CARTESIAN_POINT ( 'NONE',  ( 0.6727527331043338110, -0.7662865668234082328, 9.594872772280243822 ) ) ;
#8211 = CARTESIAN_POINT ( 'NONE',  ( -1.000000000000000000, -0.3984438525967711753, 9.660546791703575664 ) ) ;
#8212 = ORIENTED_EDGE ( 'NONE', *, *, #9198, .T. ) ;
#8213 = DIRECTION ( 'NONE',  ( 0.000000000000000000, 0.000000000000000000, -1.000000000000000000 ) ) ;
#8214 = LINE ( 'NONE', #9204, #4723 ) ;
#8215 = EDGE_LOOP ( 'NONE', ( #2021, #10932, #2424 ) ) ;
#8216 = FACE_OUTER_BOUND ( 'NONE', #8277, .T. ) ;
#8217 = DIRECTION ( 'NONE',  ( -0.9271838545667916431, -0.3746065934159016897, 0.000000000000000000 ) ) ;
#8218 = VECTOR ( 'NONE', #8870, 1000.000000000000000 ) ;
#8219 = CARTESIAN_POINT ( 'NONE',  ( -1.146406084414286708, -2.574870223421977133, 9.631453640997325039 ) ) ;
#8220 = CARTESIAN_POINT ( 'NONE',  ( -0.9261261411944049504, -2.853469882545873304, 8.077500000000000568 ) ) ;
#8221 = ORIENTED_EDGE ( 'NONE', *, *, #1082, .F. ) ;
#8222 = B_SPLINE_CURVE_WITH_KNOTS ( 'NONE', 3,
 ( #11407, #4052, #10538, #7599 ),
 .UNSPECIFIED., .F., .F.,
 ( 4, 4 ),
 ( 3.054997924344272795E-07, 0.0002759181450133581432 ),
 .UNSPECIFIED. ) ;
#8223 = ORIENTED_EDGE ( 'NONE', *, *, #1687, .F. ) ;
#8224 = ORIENTED_EDGE ( 'NONE', *, *, #1374, .T. ) ;
#8225 = ADVANCED_FACE ( 'NONE', ( #5935 ), #5112, .T. ) ;
#8226 = B_SPLINE_CURVE_WITH_KNOTS ( 'NONE', 3,
 ( #4475, #10703, #9822, #1610 ),
 .UNSPECIFIED., .F., .F.,
 ( 4, 4 ),
 ( 3.054997924345184415E-07, 0.0002759181450133580890 ),
 .UNSPECIFIED. ) ;
#8227 = FACE_OUTER_BOUND ( 'NONE', #9542, .T. ) ;
#8228 = CARTESIAN_POINT ( 'NONE',  ( -1.099970120244194716, -1.185469190955753760, -5.635501871692375708 ) ) ;
#8229 = AXIS2_PLACEMENT_3D ( 'NONE', #9319, #7530, #8446 ) ;
#8230 = CARTESIAN_POINT ( 'NONE',  ( 1.338300807568880924, 0.7726683315065854263, -8.029166666666670338 ) ) ;
#8231 = ORIENTED_EDGE ( 'NONE', *, *, #9171, .F. ) ;
#8232 = ORIENTED_EDGE ( 'NONE', *, *, #6079, .T. ) ;
#8233 = AXIS2_PLACEMENT_3D ( 'NONE', #2549, #8825, #6129 ) ;
#8234 = FACE_OUTER_BOUND ( 'NONE', #10078, .T. ) ;
#8235 = ORIENTED_EDGE ( 'NONE', *, *, #1864, .F. ) ;
#8236 = VECTOR ( 'NONE', #3609, 1000.000000000000000 ) ;
#8237 = ORIENTED_EDGE ( 'NONE', *, *, #2490, .F. ) ;
#8238 = ORIENTED_EDGE ( 'NONE', *, *, #4658, .T. ) ;
#8239 = PERSON_AND_ORGANIZATION ( #3273, #5164 ) ;
#8240 = ADVANCED_FACE ( 'NONE', ( #3221 ), #3334, .F. ) ;
#8241 = CARTESIAN_POINT ( 'NONE',  ( 1.957926820807928570, -2.027492575130226626, 8.077500000000002345 ) ) ;
#8242 = ORIENTED_EDGE ( 'NONE', *, *, #3238, .T. ) ;
#8243 = FACE_OUTER_BOUND ( 'NONE', #870, .T. ) ;
#8244 = AXIS2_PLACEMENT_3D ( 'NONE', #4789, #10989, #3893 ) ;
#8245 = CARTESIAN_POINT ( 'NONE',  ( 0.7267091498297101326, -2.910651784661604236, 9.449999999999999289 ) ) ;
#8246 = CARTESIAN_POINT ( 'NONE',  ( -1.382122488386092085, 2.525430481282573858, 9.571310031034848009 ) ) ;
#8247 = ORIENTED_EDGE ( 'NONE', *, *, #5996, .F. ) ;
#8248 = DIRECTION ( 'NONE',  ( 1.609823385706476589E-15, 1.000000000000000000, 0.000000000000000000 ) ) ;
#8249 = ORIENTED_EDGE ( 'NONE', *, *, #11094, .F. ) ;
#8250 = DIRECTION ( 'NONE',  ( 0.1045284632676570929, 0.9945218953682730678, 0.000000000000000000 ) ) ;
#8251 = AXIS2_PLACEMENT_3D ( 'NONE', #570, #6682, #11247 ) ;
#8252 = EDGE_CURVE ( 'NONE', #7053, #1867, #4089, .T. ) ;
#8253 = EDGE_CURVE ( 'NONE', #6117, #5278, #10329, .T. ) ;
#8254 = CARTESIAN_POINT ( 'NONE',  ( 0.000000000000000000, 0.000000000000000000, 8.077500000000000568 ) ) ;
#8255 = B_SPLINE_CURVE_WITH_KNOTS ( 'NONE', 3,
 ( #3348, #11318, #3177, #1479 ),
 .UNSPECIFIED., .F., .F.,
 ( 4, 4 ),
 ( 3.054997924348154324E-07, 0.0002759181450133578722 ),
 .UNSPECIFIED. ) ;
#8256 = DIRECTION ( 'NONE',  ( 0.2419218955996697840, 0.9702957262759960289, 0.000000000000000000 ) ) ;
#8257 = EDGE_CURVE ( 'NONE', #2105, #10858, #3281, .T. ) ;
#8258 = CARTESIAN_POINT ( 'NONE',  ( 1.732050807568879858, -1.000000000000002665, -9.195833333333338189 ) ) ;
#8259 = CARTESIAN_POINT ( 'NONE',  ( -0.8922005383792531719, 1.545336663013173073, -7.854166666666670515 ) ) ;
#8260 = VECTOR ( 'NONE', #1662, 1000.000000000000000 ) ;
#8261 = CARTESIAN_POINT ( 'NONE',  ( -2.915219834954219991, -0.3760737398480615834, 9.510800894373550918 ) ) ;
#8262 = AXIS2_PLACEMENT_3D ( 'NONE', #2029, #10941, #2966 ) ;
#8263 = VECTOR ( 'NONE', #3842, 1000.000000000000000 ) ;
#8264 = ORIENTED_EDGE ( 'NONE', *, *, #2916, .F. ) ;
#8265 = LINE ( 'NONE', #4845, #11062 ) ;
#8266 = DIRECTION ( 'NONE',  ( -0.000000000000000000, -0.000000000000000000, -1.000000000000000000 ) ) ;
#8267 = PLANE ( 'NONE',  #7188 ) ;
#8268 = EDGE_CURVE ( 'NONE', #8528, #6951, #7543, .T. ) ;
#8269 = DIRECTION ( 'NONE',  ( -0.6156614753256632877, -0.7880107536067179064, 0.000000000000000000 ) ) ;
#8270 = AXIS2_PLACEMENT_3D ( 'NONE', #3848, #1039, #3902 ) ;
#8271 = CARTESIAN_POINT ( 'NONE',  ( -2.775726306570169832, -0.4894354389105491365, 9.631453640997325039 ) ) ;
#8272 = FACE_OUTER_BOUND ( 'NONE', #468, .T. ) ;
#8273 = CARTESIAN_POINT ( 'NONE',  ( -1.315987345267940478, 2.695955731664494426, 9.449999999999999289 ) ) ;
#8274 = CARTESIAN_POINT ( 'NONE',  ( -1.000000000000000000, -0.2032753359766513168, 9.595286663959758044 ) ) ;
#8275 = ORIENTED_EDGE ( 'NONE', *, *, #10579, .F. ) ;
#8276 = DIRECTION ( 'NONE',  ( -0.3090169943749560000, -0.9510565162951507556, 0.000000000000000000 ) ) ;
#8277 = EDGE_LOOP ( 'NONE', ( #11303, #6644, #5633, #5926 ) ) ;
#8278 = VECTOR ( 'NONE', #1647, 1000.000000000000000 ) ;
#8279 = VECTOR ( 'NONE', #5827, 1000.000000000000000 ) ;
#8280 = DIRECTION ( 'NONE',  ( -0.3090169943750012971, -0.9510565162951359897, 0.000000000000000000 ) ) ;
#8281 = PLANE ( 'NONE',  #10101 ) ;
#8282 = DIRECTION ( 'NONE',  ( -0.8829475928589317624, -0.4694715627858814799, 0.000000000000000000 ) ) ;
#8283 = ORIENTED_EDGE ( 'NONE', *, *, #3768, .T. ) ;
#8284 = VERTEX_POINT ( 'NONE', #6793 ) ;
#8285 = EDGE_LOOP ( 'NONE', ( #5598, #6399, #606, #10089 ) ) ;
#8286 = CARTESIAN_POINT ( 'NONE',  ( -1.811726676894046317, -2.159131775987212620, 8.077500000000002345 ) ) ;
#8287 = CARTESIAN_POINT ( 'NONE',  ( 0.8922005383792529498, -1.545336663013173517, -7.591666666666672114 ) ) ;
#8288 = AXIS2_PLACEMENT_3D ( 'NONE', #5025, #11213, #10291 ) ;
#8289 = AXIS2_PLACEMENT_3D ( 'NONE', #8677, #3115, #1410 ) ;
#8290 = CARTESIAN_POINT ( 'NONE',  ( 1.615961100536073225, 2.455322354695623321, 9.510800894373550918 ) ) ;
#8291 = CARTESIAN_POINT ( 'NONE',  ( 1.338300807568879813, -0.7726683315065872026, -9.545833333333336057 ) ) ;
#8292 = AXIS2_PLACEMENT_3D ( 'NONE', #1630, #3324, #4994 ) ;
#8293 = VERTEX_POINT ( 'NONE', #475 ) ;
#8294 = EDGE_CURVE ( 'NONE', #638, #3510, #7596, .T. ) ;
#8295 = CARTESIAN_POINT ( 'NONE',  ( 0.000000000000000000, 0.000000000000000000, 9.449999999999999289 ) ) ;
#8296 = CARTESIAN_POINT ( 'NONE',  ( 0.000000000000000000, 0.000000000000000000, 8.077500000000000568 ) ) ;
#8297 = EDGE_CURVE ( 'NONE', #9040, #586, #11058, .T. ) ;
#8298 = ORIENTED_EDGE ( 'NONE', *, *, #1195, .T. ) ;
#8299 = FACE_OUTER_BOUND ( 'NONE', #11041, .T. ) ;
#8300 = VECTOR ( 'NONE', #9548, 1000.000000000000000 ) ;
#8301 = CARTESIAN_POINT ( 'NONE',  ( -0.3662502111756250622, -2.855507393005226824, 9.571310031034848009 ) ) ;
#8302 = VERTEX_POINT ( 'NONE', #10331 ) ;
#8303 = AXIS2_PLACEMENT_3D ( 'NONE', #8815, #8077, #4608 ) ;
#8304 = ORIENTED_EDGE ( 'NONE', *, *, #1000, .F. ) ;
#8305 = EDGE_LOOP ( 'NONE', ( #5182, #3295, #1192 ) ) ;
#8306 = CARTESIAN_POINT ( 'NONE',  ( -0.1571845235116774431, -1.063950011417341912, 9.659249473037196054 ) ) ;
#8307 = PLANE ( 'NONE',  #8943 ) ;
#8308 = VERTEX_POINT ( 'NONE', #3163 ) ;
#8309 = FACE_OUTER_BOUND ( 'NONE', #8407, .T. ) ;
#8310 = VECTOR ( 'NONE', #10770, 999.9999999999998863 ) ;
#8311 = AXIS2_PLACEMENT_3D ( 'NONE', #1870, #10026, #9913 ) ;
#8312 = CARTESIAN_POINT ( 'NONE',  ( 0.7600957079959711482, -2.776745613731982143, 9.571310031034848009 ) ) ;
#8313 = ADVANCED_FACE ( 'NONE', ( #9394 ), #10214, .T. ) ;
#8314 = CIRCLE ( 'NONE', #3279, 3.000000000000000000 ) ;
#8315 = VERTEX_POINT ( 'NONE', #7646 ) ;
#8316 = CARTESIAN_POINT ( 'NONE',  ( 2.440932748640454619, 1.409273179501332240, 8.077500000000002345 ) ) ;
#8317 = ORIENTED_EDGE ( 'NONE', *, *, #5774, .F. ) ;
#8318 = DIRECTION ( 'NONE',  ( -0.4067366430757996532, 0.9135454576426011997, 0.000000000000000000 ) ) ;
#8319 = AXIS2_PLACEMENT_3D ( 'NONE', #1132, #3704, #8250 ) ;
#8320 = DIRECTION ( 'NONE',  ( -0.06975647374411336754, 0.9975640502598250858, 0.000000000000000000 ) ) ;
#8321 = CARTESIAN_POINT ( 'NONE',  ( 1.784401076758506788, -3.763923298982691022E-16, -7.387500000000003730 ) ) ;
#8322 = LINE ( 'NONE', #1898, #5308 ) ;
#8323 = ORIENTED_EDGE ( 'NONE', *, *, #11451, .T. ) ;
#8324 = FACE_OUTER_BOUND ( 'NONE', #10810, .T. ) ;
#8325 = EDGE_CURVE ( 'NONE', #9192, #9843, #5055, .T. ) ;
#8326 = CARTESIAN_POINT ( 'NONE',  ( 0.9639996296761385031, 2.648567214897803002, 9.631453640997325039 ) ) ;
#8327 = ADVANCED_FACE ( 'NONE', ( #8564 ), #4157, .T. ) ;
#8328 = ORIENTED_EDGE ( 'NONE', *, *, #6780, .T. ) ;
#8329 = CARTESIAN_POINT ( 'NONE',  ( 2.992624163415380956, 0.2102394267077321022, -9.750000000000001776 ) ) ;
#8330 = ADVANCED_FACE ( 'NONE', ( #11253 ), #11134, .T. ) ;
#8331 = DIRECTION ( 'NONE',  ( -1.000000000000000000, 0.000000000000000000, 0.000000000000000000 ) ) ;
#8332 = VECTOR ( 'NONE', #5845, 1000.000000000000114 ) ;
#8333 = CARTESIAN_POINT ( 'NONE',  ( 0.9279757276600573146, 2.852868915473297129, -9.750000000000001776 ) ) ;
#8334 = CARTESIAN_POINT ( 'NONE',  ( -1.000000000000000000, 0.3987098407370234243, 9.660679785773702122 ) ) ;
#8335 = ORIENTED_EDGE ( 'NONE', *, *, #3806, .T. ) ;
#8336 = EDGE_CURVE ( 'NONE', #5326, #5335, #5880, .T. ) ;
#8337 = CARTESIAN_POINT ( 'NONE',  ( 0.000000000000000000, 0.000000000000000000, 9.449999999999999289 ) ) ;
#8338 = EDGE_CURVE ( 'NONE', #6678, #7788, #9672, .T. ) ;
#8339 = CARTESIAN_POINT ( 'NONE',  ( -1.847750578910129615, -2.363433476562706304, 8.077500000000000568 ) ) ;
#8340 = CARTESIAN_POINT ( 'NONE',  ( -2.299534143425753463, 1.929538251628157619, 9.750000000000001776 ) ) ;
#8341 = CARTESIAN_POINT ( 'NONE',  ( 2.358276425314541402, 1.754557051144103097, 9.510800894373550918 ) ) ;
#8342 = ORIENTED_EDGE ( 'NONE', *, *, #696, .T. ) ;
#8343 = ORIENTED_EDGE ( 'NONE', *, *, #5824, .T. ) ;
#8344 = ORIENTED_EDGE ( 'NONE', *, *, #6877, .T. ) ;
#8345 = CARTESIAN_POINT ( 'NONE',  ( -2.137411790759723651, -2.017773272851815847, 9.510800894373550918 ) ) ;
#8346 = CARTESIAN_POINT ( 'NONE',  ( -2.353151076758508875, 9.548577686196303386E-17, -10.20937500000000675 ) ) ;
#8347 = FACE_OUTER_BOUND ( 'NONE', #9509, .T. ) ;
#8348 = EDGE_CURVE ( 'NONE', #8910, #7969, #8649, .T. ) ;
#8349 = ORIENTED_EDGE ( 'NONE', *, *, #2321, .F. ) ;
#8350 = DIRECTION ( 'NONE',  ( -0.9396926207859076507, 0.3420201433256709334, 0.000000000000000000 ) ) ;
#8351 = CARTESIAN_POINT ( 'NONE',  ( -2.440932748640463945, -1.409273179501315143, 9.631453640997325039 ) ) ;
#8352 = FACE_OUTER_BOUND ( 'NONE', #3102, .T. ) ;
#8353 = CARTESIAN_POINT ( 'NONE',  ( 3.000000000000000888, 3.673940397442060854E-16, 6.810000000000000497 ) ) ;
#8354 = ORIENTED_EDGE ( 'NONE', *, *, #4000, .F. ) ;
#8355 = ORIENTED_EDGE ( 'NONE', *, *, #2490, .T. ) ;
#8356 = EDGE_LOOP ( 'NONE', ( #3851, #2217, #3906, #5777 ) ) ;
#8357 = CARTESIAN_POINT ( 'NONE',  ( 8.673617379884035472E-16, -1.154700538379251684, 9.750000000000001776 ) ) ;
#8358 = EDGE_CURVE ( 'NONE', #5198, #1519, #63, .T. ) ;
#8359 = VERTEX_POINT ( 'NONE', #6275 ) ;
#8360 = CARTESIAN_POINT ( 'NONE',  ( 2.878148196475316833, -0.06576205455714281833, 9.571310031034848009 ) ) ;
#8361 = DIRECTION ( 'NONE',  ( 0.3746065934159112931, -0.9271838545667876463, 0.000000000000000000 ) ) ;
#8362 = ORIENTED_EDGE ( 'NONE', *, *, #10884, .F. ) ;
#8363 = CARTESIAN_POINT ( 'NONE',  ( 1.656699982724421538, 2.280251903866794105, 9.631453640997325039 ) ) ;
#8364 = ORIENTED_EDGE ( 'NONE', *, *, #5093, .T. ) ;
#8365 = CARTESIAN_POINT ( 'NONE',  ( -1.711557132759887301, -0.9298993769088300665, -6.757753522192269990 ) ) ;
#8366 = DIRECTION ( 'NONE',  ( -0.9781476007338065770, -0.2079116908177548462, 0.000000000000000000 ) ) ;
#8367 = EDGE_CURVE ( 'NONE', #3117, #7011, #1871, .T. ) ;
#8368 = LINE ( 'NONE', #3834, #4961 ) ;
#8369 = DIRECTION ( 'NONE',  ( -0.000000000000000000, -0.000000000000000000, -1.000000000000000000 ) ) ;
#8370 = DIRECTION ( 'NONE',  ( 0.000000000000000000, 0.000000000000000000, -1.000000000000000000 ) ) ;
#8371 = VERTEX_POINT ( 'NONE', #8905 ) ;
#8372 = FACE_OUTER_BOUND ( 'NONE', #3595, .T. ) ;
#8373 = DIRECTION ( 'NONE',  ( 0.000000000000000000, -0.000000000000000000, 1.000000000000000000 ) ) ;
#8374 = CARTESIAN_POINT ( 'NONE',  ( -2.440932748640435079, 1.409273179501366213, 9.750000000000001776 ) ) ;
#8375 = FACE_OUTER_BOUND ( 'NONE', #5061, .T. ) ;
#8376 = DIRECTION ( 'NONE',  ( -1.000000000000000000, 0.000000000000000000, 0.000000000000000000 ) ) ;
#8377 = CARTESIAN_POINT ( 'NONE',  ( 0.000000000000000000, 0.000000000000000000, 9.449999999999999289 ) ) ;
#8378 = EDGE_CURVE ( 'NONE', #1860, #1372, #1395, .T. ) ;
#8379 = LINE ( 'NONE', #1911, #3994 ) ;
#8380 = PLANE ( 'NONE',  #5072 ) ;
#8381 = ORIENTED_EDGE ( 'NONE', *, *, #3524, .T. ) ;
#8382 = ORIENTED_EDGE ( 'NONE', *, *, #8153, .F. ) ;
#8383 = AXIS2_PLACEMENT_3D ( 'NONE', #3313, #676, #857 ) ;
#8384 = CARTESIAN_POINT ( 'NONE',  ( 2.999999842411182449, 0.0009723851495475665857, 8.077500000000000568 ) ) ;
#8385 = CARTESIAN_POINT ( 'NONE',  ( 0.000000000000000000, 0.000000000000000000, 8.077500000000002345 ) ) ;
#8386 = ORIENTED_EDGE ( 'NONE', *, *, #1559, .T. ) ;
#8387 = VERTEX_POINT ( 'NONE', #2691 ) ;
#8388 = DIRECTION ( 'NONE',  ( 0.8829475928589239908, -0.4694715627858963569, 0.000000000000000000 ) ) ;
#8389 = EDGE_CURVE ( 'NONE', #759, #3125, #8046, .T. ) ;
#8390 = ADVANCED_FACE ( 'NONE', ( #8786 ), #7696, .T. ) ;
#8391 = CARTESIAN_POINT ( 'NONE',  ( 1.784401076758506788, -3.763923298982691022E-16, -6.687500000000005329 ) ) ;
#8392 = CIRCLE ( 'NONE', #10629, 0.5249999999999890310 ) ;
#8393 = ORIENTED_EDGE ( 'NONE', *, *, #4797, .T. ) ;
#8394 = ORIENTED_EDGE ( 'NONE', *, *, #9310, .F. ) ;
#8395 = CARTESIAN_POINT ( 'NONE',  ( -2.740240724291732821, 1.221098183166743345, 9.449999999999999289 ) ) ;
#8396 = FACE_OUTER_BOUND ( 'NONE', #7864, .T. ) ;
#8397 = LINE ( 'NONE', #407, #6783 ) ;
#8398 = VERTEX_POINT ( 'NONE', #9551 ) ;
#8399 = CARTESIAN_POINT ( 'NONE',  ( -1.764863307568881545, 1.018944305707787379, -6.067708333333340143 ) ) ;
#8400 = VECTOR ( 'NONE', #11135, 1000.000000000000000 ) ;
#8401 = EDGE_CURVE ( 'NONE', #7311, #9736, #10491, .T. ) ;
#8402 = FACE_OUTER_BOUND ( 'NONE', #5927, .T. ) ;
#8403 = ORIENTED_EDGE ( 'NONE', *, *, #243, .F. ) ;
#8404 = DIRECTION ( 'NONE',  ( 0.9612616959383210036, 0.2756373558169916693, 0.000000000000000000 ) ) ;
#8405 = DIRECTION ( 'NONE',  ( 0.9612616959383041282, -0.2756373558170506777, 0.000000000000000000 ) ) ;
#8406 = AXIS2_PLACEMENT_3D ( 'NONE', #4250, #4195, #1554 ) ;
#8407 = EDGE_LOOP ( 'NONE', ( #8969, #55, #1036, #3482 ) ) ;
#8408 = EDGE_CURVE ( 'NONE', #10204, #5662, #3239, .T. ) ;
#8409 = CARTESIAN_POINT ( 'NONE',  ( 2.543628869203368836, -1.590582338565090126, 9.449999999999999289 ) ) ;
#8410 = ORIENTED_EDGE ( 'NONE', *, *, #5610, .T. ) ;
#8411 = CARTESIAN_POINT ( 'NONE',  ( -2.613310677415294769, -1.055846049930790009, 9.631453640997325039 ) ) ;
#8412 = DIRECTION ( 'NONE',  ( -0.9848077530122060219, 0.1736481776669421273, 0.000000000000000000 ) ) ;
#8413 = CARTESIAN_POINT ( 'NONE',  ( 1.338300807568880924, 0.7726683315065854263, -7.329166666666671048 ) ) ;
#8414 = DIRECTION ( 'NONE',  ( -0.000000000000000000, 0.000000000000000000, -1.000000000000000000 ) ) ;
#8415 = LINE ( 'NONE', #431, #1904 ) ;
#8416 = EDGE_LOOP ( 'NONE', ( #5192, #5454, #7276 ) ) ;
#8417 = ORIENTED_EDGE ( 'NONE', *, *, #6220, .F. ) ;
#8418 = FACE_OUTER_BOUND ( 'NONE', #822, .T. ) ;
#8419 = DIRECTION ( 'NONE',  ( -0.9396926207859064295, 0.3420201433256739310, 0.000000000000000000 ) ) ;
#8420 = ADVANCED_FACE ( 'NONE', ( #2736 ), #2904, .T. ) ;
#8421 = DIRECTION ( 'NONE',  ( -0.9271838545667838716, 0.3746065934159208966, 0.000000000000000000 ) ) ;
#8422 = CARTESIAN_POINT ( 'NONE',  ( -1.315915060267078829, 2.698025703257726615, 8.077500000000002345 ) ) ;
#8423 = CARTESIAN_POINT ( 'NONE',  ( -1.663959260682422947, -2.349319320033549374, 9.571310031034848009 ) ) ;
#8424 = EDGE_CURVE ( 'NONE', #10865, #5123, #8784, .T. ) ;
#8425 = FACE_OUTER_BOUND ( 'NONE', #899, .T. ) ;
#8426 = AXIS2_PLACEMENT_3D ( 'NONE', #10271, #11257, #9281 ) ;
#8427 = CARTESIAN_POINT ( 'NONE',  ( 0.3922658369821050983, 2.791116459588164123, 8.077500000000002345 ) ) ;
#8428 = AXIS2_PLACEMENT_3D ( 'NONE', #10856, #6458, #2497 ) ;
#8429 = CARTESIAN_POINT ( 'NONE',  ( 0.7267091498297298946, 2.910651784661599351, -9.750000000000001776 ) ) ;
#8430 = VECTOR ( 'NONE', #5267, 1000.000000000000000 ) ;
#8431 = VECTOR ( 'NONE', #11277, 1000.000000000000000 ) ;
#8432 = CARTESIAN_POINT ( 'NONE',  ( 0.000000000000000000, 0.000000000000000000, 8.077500000000000568 ) ) ;
#8433 = DIRECTION ( 'NONE',  ( 0.4383711467890861746, 0.8987940462991627077, 0.000000000000000000 ) ) ;
#8434 = ORIENTED_EDGE ( 'NONE', *, *, #9817, .F. ) ;
#8435 = CARTESIAN_POINT ( 'NONE',  ( 2.544659440449379417, -1.588933079815463723, 9.449999999999999289 ) ) ;
#8436 = CARTESIAN_POINT ( 'NONE',  ( 2.533292686689793793, -1.235569399674193214, 8.077500000000002345 ) ) ;
#8437 = PLANE ( 'NONE',  #1183 ) ;
#8438 = APPROVAL ( #3873, 'UNSPECIFIED' ) ;
#8439 = LINE ( 'NONE', #1500, #7740 ) ;
#8440 = EDGE_LOOP ( 'NONE', ( #10906, #10659, #7824 ) ) ;
#8441 = CIRCLE ( 'NONE', #8991, 3.000000000000000000 ) ;
#8442 = ORIENTED_EDGE ( 'NONE', *, *, #511, .F. ) ;
#8443 = LINE ( 'NONE', #4036, #5140 ) ;
#8444 = CARTESIAN_POINT ( 'NONE',  ( -1.764863307568881767, -1.018944305707786713, -8.751041666666672825 ) ) ;
#8445 = FACE_OUTER_BOUND ( 'NONE', #3573, .T. ) ;
#8446 = DIRECTION ( 'NONE',  ( -1.000000000000000000, -1.224646799147352714E-16, 0.000000000000000000 ) ) ;
#8447 = CIRCLE ( 'NONE', #3627, 3.000000000000000000 ) ;
#8448 = PLANE ( 'NONE',  #3039 ) ;
#8449 = VERTEX_POINT ( 'NONE', #6427 ) ;
#8450 = CARTESIAN_POINT ( 'NONE',  ( -2.533292686689784912, 1.235569399674210755, 9.631453640997325039 ) ) ;
#8451 = ORIENTED_EDGE ( 'NONE', *, *, #7904, .F. ) ;
#8452 = ADVANCED_FACE ( 'NONE', ( #980 ), #1579, .T. ) ;
#8453 = ADVANCED_FACE ( 'NONE', ( #1855 ), #3383, .F. ) ;
#8454 = DIRECTION ( 'NONE',  ( -1.000000000000000000, 0.000000000000000000, 0.000000000000000000 ) ) ;
#8455 = ORIENTED_EDGE ( 'NONE', *, *, #5556, .F. ) ;
#8456 = EDGE_CURVE ( 'NONE', #7540, #10252, #2344, .T. ) ;
#8457 = ORIENTED_EDGE ( 'NONE', *, *, #5730, .F. ) ;
#8458 = CIRCLE ( 'NONE', #4774, 3.000000000000000000 ) ;
#8459 = CARTESIAN_POINT ( 'NONE',  ( -1.764863307568881767, -1.018944305707786713, -5.951041666666673002 ) ) ;
#8460 = VECTOR ( 'NONE', #7002, 1000.000000000000114 ) ;
#8461 = CARTESIAN_POINT ( 'NONE',  ( 0.000000000000000000, 0.000000000000000000, 9.449999999999999289 ) ) ;
#8462 = ORIENTED_EDGE ( 'NONE', *, *, #6488, .F. ) ;
#8463 = CARTESIAN_POINT ( 'NONE',  ( 2.298758245762878794, 1.927617837523084132, -9.750000000000001776 ) ) ;
#8464 = CARTESIAN_POINT ( 'NONE',  ( -2.543628869203391485, -1.590582338565054821, -9.750000000000001776 ) ) ;
#8465 = CARTESIAN_POINT ( 'NONE',  ( 2.939999999999999947, 3.600461589493218345E-16, 6.810000000000001386 ) ) ;
#8466 = CARTESIAN_POINT ( 'NONE',  ( 0.000000000000000000, 0.000000000000000000, 9.449999999999999289 ) ) ;
#8467 = VECTOR ( 'NONE', #5577, 1000.000000000000000 ) ;
#8468 = CARTESIAN_POINT ( 'NONE',  ( 2.613310677415280558, -1.055846049930825981, 9.631453640997325039 ) ) ;
#8469 = VERTEX_POINT ( 'NONE', #1907 ) ;
#8470 = EDGE_CURVE ( 'NONE', #5001, #699, #9626, .T. ) ;
#8471 = DIRECTION ( 'NONE',  ( -0.000000000000000000, -0.000000000000000000, 1.000000000000000000 ) ) ;
#8472 = CARTESIAN_POINT ( 'NONE',  ( 2.533292686689793793, -1.235569399674193214, 9.750000000000001776 ) ) ;
#8473 = ORIENTED_EDGE ( 'NONE', *, *, #1093, .T. ) ;
#8474 = ORIENTED_EDGE ( 'NONE', *, *, #11367, .F. ) ;
#8475 = CARTESIAN_POINT ( 'NONE',  ( 0.7385915219429365353, -1.677095355156377199, -6.653433054076892894 ) ) ;
#8476 = LINE ( 'NONE', #2471, #4794 ) ;
#8477 = AXIS2_PLACEMENT_3D ( 'NONE', #6015, #8551, #11338 ) ;
#8478 = CIRCLE ( 'NONE', #3251, 3.000000000000000000 ) ;
#8479 = FACE_OUTER_BOUND ( 'NONE', #5656, .T. ) ;
#8480 = DIRECTION ( 'NONE',  ( 0.000000000000000000, -1.000000000000000000, 0.000000000000000000 ) ) ;
#8481 = VERTEX_POINT ( 'NONE', #8207 ) ;
#8482 = B_SPLINE_CURVE_WITH_KNOTS ( 'NONE', 3,
 ( #4371, #3485, #8018, #3599 ),
 .UNSPECIFIED., .F., .F.,
 ( 4, 4 ),
 ( 3.054997924344442202E-07, 0.0002759181450133580348 ),
 .UNSPECIFIED. ) ;
#8483 = ORIENTED_EDGE ( 'NONE', *, *, #4780, .F. ) ;
#8484 = VECTOR ( 'NONE', #10279, 1000.000000000000227 ) ;
#8485 = DIRECTION ( 'NONE',  ( 0.000000000000000000, 0.000000000000000000, -1.000000000000000000 ) ) ;
#8486 = DIRECTION ( 'NONE',  ( -0.000000000000000000, -0.000000000000000000, 1.000000000000000000 ) ) ;
#8487 = CARTESIAN_POINT ( 'NONE',  ( 0.000000000000000000, 0.000000000000000000, 6.810000000000000497 ) ) ;
#8488 = LINE ( 'NONE', #5962, #2351 ) ;
#8489 = EDGE_CURVE ( 'NONE', #8449, #2721, #4937, .T. ) ;
#8490 = FACE_OUTER_BOUND ( 'NONE', #4825, .T. ) ;
#8491 = CARTESIAN_POINT ( 'NONE',  ( 0.000000000000000000, 2.000000000000003553, -6.950000000000002842 ) ) ;
#8492 = CARTESIAN_POINT ( 'NONE',  ( 0.6324784270201413428, -2.808564175525961826, 9.571310031034848009 ) ) ;
#8493 = CARTESIAN_POINT ( 'NONE',  ( -2.741031733634774259, -1.219321547093770164, -9.750000000000001776 ) ) ;
#8494 = FACE_OUTER_BOUND ( 'NONE', #7425, .T. ) ;
#8495 = CARTESIAN_POINT ( 'NONE',  ( 1.338300807568880924, 0.7726683315065854263, -7.416666666666672292 ) ) ;
#8496 = PLANE ( 'NONE',  #2295 ) ;
#8497 = DIRECTION ( 'NONE',  ( -0.000000000000000000, 0.000000000000000000, 1.000000000000000000 ) ) ;
#8498 = VERTEX_POINT ( 'NONE', #6894 ) ;
#8499 = ORIENTED_EDGE ( 'NONE', *, *, #7395, .F. ) ;
#8500 = CARTESIAN_POINT ( 'NONE',  ( 0.7768966656431113282, -2.709360653135690633, 9.631453640997325039 ) ) ;
#8501 = EDGE_CURVE ( 'NONE', #6826, #7264, #3666, .T. ) ;
#8502 = CARTESIAN_POINT ( 'NONE',  ( -2.427622409283248128, 1.762568988137994674, -9.750000000000001776 ) ) ;
#8503 = DIRECTION ( 'NONE',  ( -0.9902680687415703620, 0.1391731009600657432, 0.000000000000000000 ) ) ;
#8504 = CARTESIAN_POINT ( 'NONE',  ( -0.8922005383792531719, 1.545336663013173073, -6.454166666666670160 ) ) ;
#8505 = CARTESIAN_POINT ( 'NONE',  ( 1.338300807568879813, -0.7726683315065872026, -6.833333333333338366 ) ) ;
#8506 = ORIENTED_EDGE ( 'NONE', *, *, #10000, .T. ) ;
#8507 = ORIENTED_EDGE ( 'NONE', *, *, #8723, .T. ) ;
#8508 = CARTESIAN_POINT ( 'NONE',  ( 0.000000000000000000, 0.000000000000000000, 8.077500000000002345 ) ) ;
#8509 = AXIS2_PLACEMENT_3D ( 'NONE', #3809, #2821, #8175 ) ;
#8510 = DIRECTION ( 'NONE',  ( 0.2419218955996667308, -0.9702957262759966950, 0.000000000000000000 ) ) ;
#8511 = ORIENTED_EDGE ( 'NONE', *, *, #1830, .F. ) ;
#8512 = ORIENTED_EDGE ( 'NONE', *, *, #275, .F. ) ;
#8513 = DIRECTION ( 'NONE',  ( -0.000000000000000000, -0.000000000000000000, 1.000000000000000000 ) ) ;
#8514 = ADVANCED_FACE ( 'NONE', ( #3715 ), #4620, .F. ) ;
#8515 = ORIENTED_EDGE ( 'NONE', *, *, #5010, .F. ) ;
#8516 = EDGE_CURVE ( 'NONE', #10196, #5591, #268, .T. ) ;
#8517 = LINE ( 'NONE', #10269, #8279 ) ;
#8518 = DIRECTION ( 'NONE',  ( -0.000000000000000000, -0.000000000000000000, -1.000000000000000000 ) ) ;
#8519 = DIRECTION ( 'NONE',  ( -0.000000000000000000, 0.000000000000000000, -1.000000000000000000 ) ) ;
#8520 = CARTESIAN_POINT ( 'NONE',  ( -1.323227363945487456, -2.488628723042695334, 9.750000000000001776 ) ) ;
#8521 = CARTESIAN_POINT ( 'NONE',  ( -1.338300807568880035, 0.7726683315065867586, -5.695833333333337301 ) ) ;
#8522 = EDGE_CURVE ( 'NONE', #6128, #2932, #3923, .T. ) ;
#8523 = EDGE_LOOP ( 'NONE', ( #11173, #5830, #3208 ) ) ;
#8524 = DIRECTION ( 'NONE',  ( -0.000000000000000000, -0.000000000000000000, -1.000000000000000000 ) ) ;
#8525 = CARTESIAN_POINT ( 'NONE',  ( 2.405959518911557016, -1.580955559796848542, 9.571310031034848009 ) ) ;
#8526 = LINE ( 'NONE', #10338, #2252 ) ;
#8527 = ORIENTED_EDGE ( 'NONE', *, *, #9063, .F. ) ;
#8528 = VERTEX_POINT ( 'NONE', #2092 ) ;
#8529 = CARTESIAN_POINT ( 'NONE',  ( 1.746410161513795911, 2.109110560949804117E-14, -6.571410161513767001 ) ) ;
#8530 = CARTESIAN_POINT ( 'NONE',  ( 0.000000000000000000, 0.000000000000000000, 9.449999999999999289 ) ) ;
#8531 = VERTEX_POINT ( 'NONE', #1380 ) ;
#8532 = ADVANCED_FACE ( 'NONE', ( #1318 ), #377, .T. ) ;
#8533 = EDGE_CURVE ( 'NONE', #11030, #8845, #440, .T. ) ;
#8534 = CARTESIAN_POINT ( 'NONE',  ( 0.000000000000000000, 0.000000000000000000, 9.449999999999999289 ) ) ;
#8535 = CARTESIAN_POINT ( 'NONE',  ( 1.846218079001114898, 2.364630796714242589, 8.077500000000000568 ) ) ;
#8536 = ORIENTED_EDGE ( 'NONE', *, *, #2770, .T. ) ;
#8537 = EDGE_LOOP ( 'NONE', ( #8506, #8118, #2122 ) ) ;
#8538 = CARTESIAN_POINT ( 'NONE',  ( -1.122918141402856396, -2.781915679474911585, 9.449999999999999289 ) ) ;
#8539 = CARTESIAN_POINT ( 'NONE',  ( 1.124721301025000342, -2.781187155698197966, 9.449999999999999289 ) ) ;
#8540 = DIRECTION ( 'NONE',  ( -0.000000000000000000, 0.000000000000000000, -1.000000000000000000 ) ) ;
#8541 = CARTESIAN_POINT ( 'NONE',  ( -1.499157810963779092, 2.598562267452193986, 8.077500000000000568 ) ) ;
#8542 = CARTESIAN_POINT ( 'NONE',  ( 1.811726676894017229, -2.159131775987237045, 8.077500000000002345 ) ) ;
#8543 = EDGE_CURVE ( 'NONE', #8528, #5, #9402, .T. ) ;
#8544 = DIRECTION ( 'NONE',  ( -0.000000000000000000, -0.000000000000000000, -1.000000000000000000 ) ) ;
#8545 = CARTESIAN_POINT ( 'NONE',  ( 0.000000000000000000, 0.000000000000000000, 8.077500000000000568 ) ) ;
#8546 = ORIENTED_EDGE ( 'NONE', *, *, #29, .F. ) ;
#8547 = DIRECTION ( 'NONE',  ( -0.3090169943749401238, 0.9510565162951559737, 0.000000000000000000 ) ) ;
#8548 = CARTESIAN_POINT ( 'NONE',  ( 2.533292686689803119, 1.235569399674175894, 8.077500000000002345 ) ) ;
#8549 = CARTESIAN_POINT ( 'NONE',  ( 0.5891403177412684045, 0.8145602173408684754, 9.595516201587642513 ) ) ;
#8550 = CARTESIAN_POINT ( 'NONE',  ( 0.000000000000000000, 1.545336663013173073, -8.700000000000004619 ) ) ;
#8551 = DIRECTION ( 'NONE',  ( 0.4694715627859021301, 0.8829475928589209932, 0.000000000000000000 ) ) ;
#8552 = EDGE_CURVE ( 'NONE', #10529, #1917, #11048, .T. ) ;
#8553 = EDGE_LOOP ( 'NONE', ( #9507, #10802, #8065, #6382 ) ) ;
#8554 = VERTEX_POINT ( 'NONE', #3899 ) ;
#8555 = CARTESIAN_POINT ( 'NONE',  ( -2.116048710654313769, -1.952024472908040487, 9.571310031034848009 ) ) ;
#8556 = CARTESIAN_POINT ( 'NONE',  ( -1.784401076758506788, 6.065988351121004614E-17, -6.337500000000003908 ) ) ;
#8557 = ORIENTED_EDGE ( 'NONE', *, *, #4646, .F. ) ;
#8558 = CARTESIAN_POINT ( 'NONE',  ( -1.811726676894046539, -2.159131775987212620, 9.631453640997325039 ) ) ;
#8559 = CARTESIAN_POINT ( 'NONE',  ( -0.8983555750368591442, 1.319141843167585870, -6.417996921642120434 ) ) ;
#8560 = EDGE_CURVE ( 'NONE', #9375, #7343, #1145, .T. ) ;
#8561 = CARTESIAN_POINT ( 'NONE',  ( -2.336680831601410713, 1.576111122057635594, 9.631453640997325039 ) ) ;
#8562 = ORIENTED_EDGE ( 'NONE', *, *, #11236, .F. ) ;
#8563 = AXIS2_PLACEMENT_3D ( 'NONE', #5437, #4483, #7168 ) ;
#8564 = FACE_OUTER_BOUND ( 'NONE', #2933, .T. ) ;
#8565 = TOROIDAL_SURFACE ( 'NONE', #3559, 1.919999999999992601, 0.08000000000000009881 ) ;
#8566 = ORIENTED_EDGE ( 'NONE', *, *, #11315, .T. ) ;
#8567 = CARTESIAN_POINT ( 'NONE',  ( 2.820796215196655687, -1.026685859262356448, 8.077500000000002345 ) ) ;
#8568 = ORIENTED_EDGE ( 'NONE', *, *, #6536, .F. ) ;
#8569 = DIRECTION ( 'NONE',  ( 0.000000000000000000, -0.000000000000000000, -1.000000000000000000 ) ) ;
#8570 = ORIENTED_EDGE ( 'NONE', *, *, #9527, .F. ) ;
#8571 = VECTOR ( 'NONE', #7742, 1000.000000000000000 ) ;
#8572 = ORIENTED_EDGE ( 'NONE', *, *, #8657, .T. ) ;
#8573 = CARTESIAN_POINT ( 'NONE',  ( 1.524554563117884953, -0.9364806003156275205, -6.610080859832727640 ) ) ;
#8574 = FACE_OUTER_BOUND ( 'NONE', #2999, .T. ) ;
#8575 = EDGE_LOOP ( 'NONE', ( #5132, #7707, #1913 ) ) ;
#8576 = FACE_OUTER_BOUND ( 'NONE', #8727, .T. ) ;
#8577 = CARTESIAN_POINT ( 'NONE',  ( 2.972615042991529233, -0.4177737993909251824, 8.077500000000002345 ) ) ;
#8578 = CARTESIAN_POINT ( 'NONE',  ( -1.338300807568880035, 0.7726683315065867586, -6.395833333333337478 ) ) ;
#8579 = VECTOR ( 'NONE', #11337, 1000.000000000000000 ) ;
#8580 = PLANE ( 'NONE',  #3413 ) ;
#8581 = DIRECTION ( 'NONE',  ( -1.000000000000000000, 0.000000000000000000, 0.000000000000000000 ) ) ;
#8582 = ORIENTED_EDGE ( 'NONE', *, *, #10966, .T. ) ;
#8583 = CARTESIAN_POINT ( 'NONE',  ( -1.615961100536039474, 2.455322354695645526, 9.510800894373550918 ) ) ;
#8584 = CARTESIAN_POINT ( 'NONE',  ( 2.094588142060978875, -1.885975634250022681, 9.750000000000001776 ) ) ;
#8585 = VECTOR ( 'NONE', #6768, 1000.000000000000000 ) ;
#8586 = EDGE_CURVE ( 'NONE', #6179, #5594, #7455, .T. ) ;
#8587 = EDGE_CURVE ( 'NONE', #1706, #9039, #6865, .T. ) ;
#8588 = CARTESIAN_POINT ( 'NONE',  ( -0.5219021180700001983, -2.954254250932720094, 8.077500000000000568 ) ) ;
#8589 = VECTOR ( 'NONE', #3468, 1000.000000000000114 ) ;
#8590 = EDGE_CURVE ( 'NONE', #5452, #7554, #2713, .T. ) ;
#8591 = CARTESIAN_POINT ( 'NONE',  ( -1.493602012769846832, 2.390262873680863986, 8.077500000000002345 ) ) ;
#8592 = CARTESIAN_POINT ( 'NONE',  ( 1.835790882723949746, 2.295606669013975143, 9.510800894373550918 ) ) ;
#8593 = ORIENTED_EDGE ( 'NONE', *, *, #3185, .T. ) ;
#8594 = CARTESIAN_POINT ( 'NONE',  ( 0.000000000000000000, 0.000000000000000000, -6.299999999999982059 ) ) ;
#8595 = VECTOR ( 'NONE', #4053, 1000.000000000000000 ) ;
#8596 = ORIENTED_EDGE ( 'NONE', *, *, #7025, .F. ) ;
#8597 = CARTESIAN_POINT ( 'NONE',  ( -1.732050807568882966, 1.000000000000003553, -8.845833333333340320 ) ) ;
#8598 = FACE_OUTER_BOUND ( 'NONE', #8783, .T. ) ;
#8599 = CARTESIAN_POINT ( 'NONE',  ( 0.8922005383792529498, -1.545336663013173517, -8.291666666666671404 ) ) ;
#8600 = EDGE_CURVE ( 'NONE', #1802, #3376, #6875, .T. ) ;
#8601 = CARTESIAN_POINT ( 'NONE',  ( 0.000000000000000000, 0.000000000000000000, 8.077500000000000568 ) ) ;
#8602 = ORIENTED_EDGE ( 'NONE', *, *, #9656, .T. ) ;
#8603 = ORIENTED_EDGE ( 'NONE', *, *, #7956, .T. ) ;
#8604 = AXIS2_PLACEMENT_3D ( 'NONE', #7976, #10016, #1803 ) ;
#8605 = VECTOR ( 'NONE', #1433, 1000.000000000000114 ) ;
#8606 = CARTESIAN_POINT ( 'NONE',  ( 1.284100123445113706, 1.057476317826621992, -9.565329154622867591 ) ) ;
#8607 = CARTESIAN_POINT ( 'NONE',  ( -1.176575538379254215, 2.037888611415574314, -8.926041666666671759 ) ) ;
#8608 = DIRECTION ( 'NONE',  ( -1.000000000000000000, 0.000000000000000000, 0.000000000000000000 ) ) ;
#8609 = ORIENTED_EDGE ( 'NONE', *, *, #11159, .F. ) ;
#8610 = CARTESIAN_POINT ( 'NONE',  ( -0.4108596822587317621, 0.9174905902280089398, 9.595516201587642513 ) ) ;
#8611 = AXIS2_PLACEMENT_3D ( 'NONE', #5096, #9437, #5158 ) ;
#8613 = FACE_OUTER_BOUND ( 'NONE', #1427, .T. ) ;
#8612 = VECTOR ( 'NONE', #5254, 1000.000000000000000 ) ;
#8614 = EDGE_CURVE ( 'NONE', #10487, #5183, #9586, .T. ) ;
#8615 = CARTESIAN_POINT ( 'NONE',  ( -0.7351031738627684664, 1.426777459640791168, -6.427039901602963567 ) ) ;
#8616 = CARTESIAN_POINT ( 'NONE',  ( 0.3922658369820865021, -2.791116459588167231, 9.631453640997325039 ) ) ;
#8617 = ORIENTED_EDGE ( 'NONE', *, *, #2132, .T. ) ;
#8618 = CARTESIAN_POINT ( 'NONE',  ( -2.495693764988927099E-16, -2.037888611415574314, -6.534375000000006040 ) ) ;
#8619 = DIRECTION ( 'NONE',  ( 0.9781476007338069101, 0.2079116908177532363, 0.000000000000000000 ) ) ;
#8620 = AXIS2_PLACEMENT_3D ( 'NONE', #9488, #3319, #2279 ) ;
#8621 = VERTEX_POINT ( 'NONE', #5029 ) ;
#8622 = CARTESIAN_POINT ( 'NONE',  ( 1.811726676894031440, 2.159131775987225499, 9.631453640997325039 ) ) ;
#8623 = EDGE_CURVE ( 'NONE', #7468, #9155, #6983, .T. ) ;
#8624 = CARTESIAN_POINT ( 'NONE',  ( -1.176575538379254215, 2.037888611415574314, -8.269791666666668206 ) ) ;
#8625 = CARTESIAN_POINT ( 'NONE',  ( -1.124721301025037645, -2.781187155698182867, 9.449999999999999289 ) ) ;
#8626 = ORIENTED_EDGE ( 'NONE', *, *, #3476, .T. ) ;
#8627 = CIRCLE ( 'NONE', #2702, 3.000000000000000000 ) ;
#8628 = CARTESIAN_POINT ( 'NONE',  ( 2.336680831601422259, -1.576111122057619163, 9.631453640997325039 ) ) ;
#8629 = ORIENTED_EDGE ( 'NONE', *, *, #1066, .T. ) ;
#8630 = AXIS2_PLACEMENT_3D ( 'NONE', #10753, #2771, #6164 ) ;
#8631 = ORIENTED_EDGE ( 'NONE', *, *, #10741, .F. ) ;
#8632 = DIRECTION ( 'NONE',  ( 0.000000000000000000, 0.000000000000000000, -1.000000000000000000 ) ) ;
#8633 = LINE ( 'NONE', #4238, #2911 ) ;
#8634 = VERTEX_POINT ( 'NONE', #8542 ) ;
#8635 = FACE_OUTER_BOUND ( 'NONE', #8199, .T. ) ;
#8636 = ADVANCED_FACE ( 'NONE', ( #721 ), #11164, .T. ) ;
#8637 = AXIS2_PLACEMENT_3D ( 'NONE', #1923, #6380, #939 ) ;
#8638 = VECTOR ( 'NONE', #5202, 1000.000000000000000 ) ;
#8639 = CARTESIAN_POINT ( 'NONE',  ( -0.8922005383792531719, 1.545336663013173073, -6.454166666666670160 ) ) ;
#8640 = B_SPLINE_CURVE_WITH_KNOTS ( 'NONE', 3,
 ( #9532, #11230, #5969, #7629 ),
 .UNSPECIFIED., .F., .F.,
 ( 4, 4 ),
 ( 3.054997924344949892E-07, 0.0002759181450133579264 ),
 .UNSPECIFIED. ) ;
#8641 = CARTESIAN_POINT ( 'NONE',  ( -0.8922005383792539490, -1.545336663013172851, -9.020833333333337478 ) ) ;
#8642 = ORIENTED_EDGE ( 'NONE', *, *, #3156, .F. ) ;
#8643 = DIRECTION ( 'NONE',  ( 1.000000000000000000, 0.000000000000000000, -0.000000000000000000 ) ) ;
#8644 = FACE_OUTER_BOUND ( 'NONE', #7898, .T. ) ;
#8645 = CARTESIAN_POINT ( 'NONE',  ( 2.883516910659404964, 0.8278467406115945781, -9.750000000000001776 ) ) ;
#8646 = CARTESIAN_POINT ( 'NONE',  ( -2.449293598295743766E-16, -2.000000000000847322, -7.912500000000493472 ) ) ;
#8647 = AXIS2_PLACEMENT_3D ( 'NONE', #318, #10886, #2913 ) ;
#8648 = VECTOR ( 'NONE', #1961, 1000.000000000000000 ) ;
#8649 = B_SPLINE_CURVE_WITH_KNOTS ( 'NONE', 3,
 ( #8849, #883, #944, #1690 ),
 .UNSPECIFIED., .F., .F.,
 ( 4, 4 ),
 ( 3.021976174286783760E-07, 0.0002759148428383533511 ),
 .UNSPECIFIED. ) ;
#8650 = LINE ( 'NONE', #669, #5533 ) ;
#8651 = CARTESIAN_POINT ( 'NONE',  ( -0.9519401355520169528, -2.716960004677820617, 9.571310031034848009 ) ) ;
#8652 = EDGE_CURVE ( 'NONE', #6402, #759, #5243, .T. ) ;
#8653 = DIRECTION ( 'NONE',  ( -0.000000000000000000, -0.000000000000000000, 1.000000000000000000 ) ) ;
#8654 = VECTOR ( 'NONE', #752, 999.9999999999998863 ) ;
#8655 = EDGE_LOOP ( 'NONE', ( #10319, #11380, #10434, #8988 ) ) ;
#8656 = CARTESIAN_POINT ( 'NONE',  ( 1.974727778455082072, 2.094877535726504814, 9.571310031034848009 ) ) ;
#8657 = EDGE_CURVE ( 'NONE', #6156, #3637, #4133, .T. ) ;
#8658 = CARTESIAN_POINT ( 'NONE',  ( -0.7248221475198701746, 2.911122267178876566, -9.750000000000001776 ) ) ;
#8659 = CARTESIAN_POINT ( 'NONE',  ( -2.680596881209482252, -0.8709787243654326661, 9.631453640997325039 ) ) ;
#8660 = ORIENTED_EDGE ( 'NONE', *, *, #4211, .F. ) ;
#8661 = ORIENTED_EDGE ( 'NONE', *, *, #1734, .F. ) ;
#8662 = FACE_OUTER_BOUND ( 'NONE', #421, .T. ) ;
#8663 = CARTESIAN_POINT ( 'NONE',  ( 0.9639996296761211836, -2.648567214897809663, 9.631453640997325039 ) ) ;
#8664 = EDGE_CURVE ( 'NONE', #1288, #9332, #9573, .T. ) ;
#8665 = EDGE_CURVE ( 'NONE', #10252, #11299, #6273, .T. ) ;
#8666 = CARTESIAN_POINT ( 'NONE',  ( 0.9261261411943859656, 2.853469882545880409, 9.449999999999999289 ) ) ;
#8667 = B_SPLINE_CURVE_WITH_KNOTS ( 'NONE', 3,
 ( #9464, #9343, #7497, #11034 ),
 .UNSPECIFIED., .F., .F.,
 ( 4, 4 ),
 ( 3.054997924345220413E-07, 0.0002759181450133579806 ),
 .UNSPECIFIED. ) ;
#8668 = ORIENTED_EDGE ( 'NONE', *, *, #2422, .T. ) ;
#8669 = B_SPLINE_CURVE_WITH_KNOTS ( 'NONE', 3,
 ( #9368, #7627, #6827, #11168 ),
 .UNSPECIFIED., .F., .F.,
 ( 4, 4 ),
 ( 3.021976174289416444E-07, 0.0002759148428383537306 ),
 .UNSPECIFIED. ) ;
#8670 = CARTESIAN_POINT ( 'NONE',  ( 2.336680831601432473, 1.576111122057602953, 9.750000000000001776 ) ) ;
#8671 = CARTESIAN_POINT ( 'NONE',  ( 0.000000000000000000, 0.000000000000000000, 8.077500000000000568 ) ) ;
#8672 = ORIENTED_EDGE ( 'NONE', *, *, #1668, .T. ) ;
#8673 = ORIENTED_EDGE ( 'NONE', *, *, #6560, .T. ) ;
#8674 = AXIS2_PLACEMENT_3D ( 'NONE', #448, #7295, #2099 ) ;
#8675 = CARTESIAN_POINT ( 'NONE',  ( 0.000000000000000000, 0.000000000000000000, -6.824999999999974420 ) ) ;
#8676 = CARTESIAN_POINT ( 'NONE',  ( 0.000000000000000000, 0.000000000000000000, 9.449999999999999289 ) ) ;
#8677 = CARTESIAN_POINT ( 'NONE',  ( 0.000000000000000000, 0.000000000000000000, 9.449999999999999289 ) ) ;
#8678 = LINE ( 'NONE', #9555, #5475 ) ;
#8679 = EDGE_LOOP ( 'NONE', ( #7378, #1766, #7938 ) ) ;
#8680 = CARTESIAN_POINT ( 'NONE',  ( 2.353151076758508875, -4.808700099505280283E-16, -8.503125000000002487 ) ) ;
#8681 = AXIS2_PLACEMENT_3D ( 'NONE', #1837, #776, #6119 ) ;
#8682 = ORIENTED_EDGE ( 'NONE', *, *, #3270, .T. ) ;
#8683 = ORIENTED_EDGE ( 'NONE', *, *, #6202, .T. ) ;
#8684 = ORIENTED_EDGE ( 'NONE', *, *, #11183, .F. ) ;
#8685 = CARTESIAN_POINT ( 'NONE',  ( 0.000000000000000000, 2.000000000000072387, -6.862500000000046008 ) ) ;
#8686 = EDGE_CURVE ( 'NONE', #6023, #10231, #2381, .T. ) ;
#8687 = CARTESIAN_POINT ( 'NONE',  ( 1.764863307568881101, -1.018944305707788045, -7.117708333333339965 ) ) ;
#8688 = DIRECTION ( 'NONE',  ( -0.5000000000000101030, -0.8660254037844328234, 0.000000000000000000 ) ) ;
#8689 = VERTEX_POINT ( 'NONE', #11218 ) ;
#8690 = DIRECTION ( 'NONE',  ( 0.9902680687415695848, -0.1391731009600707114, 0.000000000000000000 ) ) ;
#8691 = LINE ( 'NONE', #11377, #2841 ) ;
#8692 = CARTESIAN_POINT ( 'NONE',  ( -1.732050807568880302, 1.000000000000001998, -6.833333333333337478 ) ) ;
#8693 = ORIENTED_EDGE ( 'NONE', *, *, #3954, .F. ) ;
#8694 = PLANE ( 'NONE',  #9169 ) ;
#8695 = CARTESIAN_POINT ( 'NONE',  ( 2.994516329218108286, -0.2093969802150157933, 8.077500000000002345 ) ) ;
#8696 = CARTESIAN_POINT ( 'NONE',  ( 2.533292686689793793, -1.235569399674192548, 9.631453640997325039 ) ) ;
#8697 = EDGE_CURVE ( 'NONE', #997, #1873, #1611, .T. ) ;
#8698 = DIRECTION ( 'NONE',  ( -0.7071067811865491270, 0.000000000000000000, -0.7071067811865459074 ) ) ;
#8699 = CARTESIAN_POINT ( 'NONE',  ( -1.847750578910081876, 2.363433476562744939, 9.449999999999999289 ) ) ;
#8700 = VERTEX_POINT ( 'NONE', #1551 ) ;
#8701 = CARTESIAN_POINT ( 'NONE',  ( 0.3145524316524107022, 2.983463887453902785, -9.750000000000001776 ) ) ;
#8702 = ORIENTED_EDGE ( 'NONE', *, *, #682, .F. ) ;
#8703 = LINE ( 'NONE', #5145, #2643 ) ;
#8704 = CARTESIAN_POINT ( 'NONE',  ( 1.784401076758506788, -3.763923298982691022E-16, -6.775000000000004796 ) ) ;
#8705 = B_SPLINE_CURVE_WITH_KNOTS ( 'NONE', 3,
 ( #11495, #38, #10621, #895 ),
 .UNSPECIFIED., .F., .F.,
 ( 4, 4 ),
 ( 3.021976174286181308E-07, 0.0002759148428383535680 ),
 .UNSPECIFIED. ) ;
#8706 = DIRECTION ( 'NONE',  ( -0.1736481776669190902, 0.9848077530122100187, 0.000000000000000000 ) ) ;
#8707 = ORIENTED_EDGE ( 'NONE', *, *, #9578, .T. ) ;
#8708 = EDGE_CURVE ( 'NONE', #6730, #9742, #6123, .T. ) ;
#8709 = CARTESIAN_POINT ( 'NONE',  ( 1.611690559818778068, 1.756183155306570683E-11, -9.613309440181231125 ) ) ;
#8710 = ORIENTED_EDGE ( 'NONE', *, *, #549, .F. ) ;
#8711 = CARTESIAN_POINT ( 'NONE',  ( -1.732050807568880302, 1.000000000000001998, -7.533333333333335879 ) ) ;
#8712 = DIRECTION ( 'NONE',  ( -0.000000000000000000, 0.000000000000000000, 1.000000000000000000 ) ) ;
#8713 = CARTESIAN_POINT ( 'NONE',  ( 2.818745138964460661, 1.026974119228050597, 9.449999999999999289 ) ) ;
#8714 = DIRECTION ( 'NONE',  ( 0.000000000000000000, 0.000000000000000000, -1.000000000000000000 ) ) ;
#8715 = DIRECTION ( 'NONE',  ( 0.000000000000000000, 0.000000000000000000, -1.000000000000000000 ) ) ;
#8716 = ORIENTED_EDGE ( 'NONE', *, *, #11300, .T. ) ;
#8717 = CARTESIAN_POINT ( 'NONE',  ( 2.816829376715344946, -0.09836584936186996975, 9.750000000000001776 ) ) ;
#8718 = CARTESIAN_POINT ( 'NONE',  ( -3.000000000000000444, 0.000000000000000000, 6.810000000000000497 ) ) ;
#8719 = CARTESIAN_POINT ( 'NONE',  ( -0.9276160617663434804, -2.854908682117548224, 9.750000000000001776 ) ) ;
#8720 = CARTESIAN_POINT ( 'NONE',  ( 1.746410161513795911, 2.109110560949804117E-14, -6.571410161513767001 ) ) ;
#8721 = VERTEX_POINT ( 'NONE', #604 ) ;
#8722 = EDGE_CURVE ( 'NONE', #2640, #10392, #1592, .T. ) ;
#8723 = EDGE_CURVE ( 'NONE', #7720, #8162, #6005, .T. ) ;
#8724 = ORIENTED_EDGE ( 'NONE', *, *, #4269, .F. ) ;
#8725 = CARTESIAN_POINT ( 'NONE',  ( -1.957926820807955437, -2.027492575130199981, 9.631453640997325039 ) ) ;
#8726 = EDGE_CURVE ( 'NONE', #5562, #6526, #8650, .T. ) ;
#8727 = EDGE_LOOP ( 'NONE', ( #3262, #4834, #560, #10278 ) ) ;
#8728 = CARTESIAN_POINT ( 'NONE',  ( -1.846218079001083145, 2.364630796714267014, -9.750000000000001776 ) ) ;
#8729 = DIRECTION ( 'NONE',  ( -0.9945218953682745111, -0.1045284632676420217, 0.000000000000000000 ) ) ;
#8730 = CARTESIAN_POINT ( 'NONE',  ( -1.764863307568881545, 1.018944305707787379, -8.211458333333336412 ) ) ;
#8731 = CARTESIAN_POINT ( 'NONE',  ( 0.8922005383792529498, -1.545336663013173517, -6.104166666666671404 ) ) ;
#8732 = ORIENTED_EDGE ( 'NONE', *, *, #1011, .F. ) ;
#8733 = VERTEX_POINT ( 'NONE', #2489 ) ;
#8734 = CARTESIAN_POINT ( 'NONE',  ( -1.846218079001083145, 2.364630796714267014, 9.449999999999999289 ) ) ;
#8735 = CIRCLE ( 'NONE', #5822, 3.000000000000000444 ) ;
#8736 = LINE ( 'NONE', #7203, #5015 ) ;
#8737 = ORIENTED_EDGE ( 'NONE', *, *, #6419, .F. ) ;
#8738 = EDGE_LOOP ( 'NONE', ( #3529, #3689, #7835, #3516 ) ) ;
#8739 = DIRECTION ( 'NONE',  ( 0.000000000000000000, 0.000000000000000000, -1.000000000000000000 ) ) ;
#8740 = CARTESIAN_POINT ( 'NONE',  ( -2.970668720312941158, 0.4184822029122280407, 9.449999999999999289 ) ) ;
#8741 = ORIENTED_EDGE ( 'NONE', *, *, #2963, .F. ) ;
#8742 = CARTESIAN_POINT ( 'NONE',  ( 0.3137765339895084993, 2.985384301558946074, 8.077500000000002345 ) ) ;
#8743 = DIRECTION ( 'NONE',  ( 0.000000000000000000, -0.000000000000000000, -1.000000000000000000 ) ) ;
#8744 = DIRECTION ( 'NONE',  ( 0.6156614753256555161, -0.7880107536067240126, 0.000000000000000000 ) ) ;
#8745 = EDGE_CURVE ( 'NONE', #4765, #3575, #6066, .T. ) ;
#8746 = CARTESIAN_POINT ( 'NONE',  ( -0.3126183150084358986, 2.983667171304682508, 9.449999999999999289 ) ) ;
#8747 = AXIS2_PLACEMENT_3D ( 'NONE', #10756, #8129, #5606 ) ;
#8748 = VERTEX_POINT ( 'NONE', #5489 ) ;
#8749 = CARTESIAN_POINT ( 'NONE',  ( -1.493602012769896126, -2.390262873680833344, 9.750000000000001776 ) ) ;
#8750 = DIRECTION ( 'NONE',  ( -0.8480480961564296205, -0.5299192642331990166, 0.000000000000000000 ) ) ;
#8751 = CARTESIAN_POINT ( 'NONE',  ( -0.5199868932016025180, -2.954591956751142501, -9.750000000000001776 ) ) ;
#8752 = CARTESIAN_POINT ( 'NONE',  ( -2.992624163415382288, -0.2102394267077115630, 9.449999999999999289 ) ) ;
#8753 = ORIENTED_EDGE ( 'NONE', *, *, #5803, .F. ) ;
#8754 = CARTESIAN_POINT ( 'NONE',  ( 2.727066569081149527, 0.9225885412759379234, 9.571310031034848009 ) ) ;
#8755 = ADVANCED_FACE ( 'NONE', ( #9696 ), #3534, .T. ) ;
#8756 = ADVANCED_FACE ( 'NONE', ( #11453 ), #7094, .T. ) ;
#8757 = CARTESIAN_POINT ( 'NONE',  ( 2.336680831601432473, 1.576111122057602953, 9.631453640997325039 ) ) ;
#8758 = VECTOR ( 'NONE', #10418, 1000.000000000000000 ) ;
#8759 = ORIENTED_EDGE ( 'NONE', *, *, #10024, .F. ) ;
#8760 = DIRECTION ( 'NONE',  ( -0.000000000000000000, -0.000000000000000000, -1.000000000000000000 ) ) ;
#8761 = CARTESIAN_POINT ( 'NONE',  ( -2.818745138964466879, -1.026974119228031057, 8.077500000000000568 ) ) ;
#8762 = VECTOR ( 'NONE', #5367, 1000.000000000000000 ) ;
#8763 = DIRECTION ( 'NONE',  ( 0.8090169943749474513, 0.5877852522924730261, 0.000000000000000000 ) ) ;
#8764 = DIRECTION ( 'NONE',  ( -0.000000000000000000, -0.000000000000000000, 1.000000000000000000 ) ) ;
#8765 = ORIENTED_EDGE ( 'NONE', *, *, #9725, .T. ) ;
#8766 = LINE ( 'NONE', #10591, #4960 ) ;
#8767 = VECTOR ( 'NONE', #9805, 1000.000000000000000 ) ;
#8768 = ORIENTED_EDGE ( 'NONE', *, *, #3853, .T. ) ;
#8769 = DIRECTION ( 'NONE',  ( 0.8290375725550439556, 0.5591929034707435742, 0.000000000000000000 ) ) ;
#8770 = DIRECTION ( 'NONE',  ( -1.000000000000000000, 0.000000000000000000, 0.000000000000000000 ) ) ;
#8771 = CARTESIAN_POINT ( 'NONE',  ( 2.816829376715345390, 0.09836584936185036043, 9.631453640997325039 ) ) ;
#8772 = EDGE_CURVE ( 'NONE', #1959, #6547, #10172, .T. ) ;
#8773 = VERTEX_POINT ( 'NONE', #6175 ) ;
#8774 = CARTESIAN_POINT ( 'NONE',  ( -2.992759823733686098, 0.2082993937713601418, -9.750000000000001776 ) ) ;
#8775 = VERTEX_POINT ( 'NONE', #7278 ) ;
#8776 = CARTESIAN_POINT ( 'NONE',  ( -0.9639996296761567107, -2.648567214897797228, 8.077500000000002345 ) ) ;
#8777 = CARTESIAN_POINT ( 'NONE',  ( -1.705271108864638396, 0.1856432720568321759, -6.530271108864615925 ) ) ;
#8778 = ADVANCED_FACE ( 'NONE', ( #8879 ), #1717, .T. ) ;
#8779 = DIRECTION ( 'NONE',  ( -0.000000000000000000, 0.000000000000000000, 1.000000000000000000 ) ) ;
#8780 = DIRECTION ( 'NONE',  ( -0.6946583704590020281, -0.7193398003386466399, 0.000000000000000000 ) ) ;
#8781 = AXIS2_PLACEMENT_3D ( 'NONE', #11144, #8524, #6217 ) ;
#8782 = ORIENTED_EDGE ( 'NONE', *, *, #850, .T. ) ;
#8783 = EDGE_LOOP ( 'NONE', ( #9721, #1899, #5122, #5269 ) ) ;
#8784 = B_SPLINE_CURVE_WITH_KNOTS ( 'NONE', 3,
 ( #1796, #9, #135, #7174 ),
 .UNSPECIFIED., .F., .F.,
 ( 4, 4 ),
 ( 3.021976174288810816E-07, 0.0002759148428383536222 ),
 .UNSPECIFIED. ) ;
#8785 = CARTESIAN_POINT ( 'NONE',  ( -2.934240477815729164, -0.6246861758897213068, 9.449999999999999289 ) ) ;
#8786 = FACE_OUTER_BOUND ( 'NONE', #8017, .T. ) ;
#8787 = VECTOR ( 'NONE', #673, 1000.000000000000000 ) ;
#8788 = CARTESIAN_POINT ( 'NONE',  ( -2.650457365590949799, -1.409273179501313589, 8.077500000000002345 ) ) ;
#8789 = CARTESIAN_POINT ( 'NONE',  ( 0.3126183150084774764, 2.983667171304678511, -9.750000000000001776 ) ) ;
#8790 = AXIS2_PLACEMENT_3D ( 'NONE', #4428, #5435, #9826 ) ;
#8791 = CARTESIAN_POINT ( 'NONE',  ( -2.367124769107253002, 1.638530444078666326, 9.571310031034848009 ) ) ;
#8792 = AXIS2_PLACEMENT_3D ( 'NONE', #1973, #2209, #3712 ) ;
#8793 = ADVANCED_FACE ( 'NONE', ( #4363 ), #1783, .T. ) ;
#8794 = EDGE_CURVE ( 'NONE', #9736, #5597, #5344, .T. ) ;
#8795 = ORIENTED_EDGE ( 'NONE', *, *, #9456, .T. ) ;
#8796 = FACE_OUTER_BOUND ( 'NONE', #3793, .T. ) ;
#8797 = ORIENTED_EDGE ( 'NONE', *, *, #6436, .F. ) ;
#8798 = EDGE_CURVE ( 'NONE', #11530, #3811, #912, .T. ) ;
#8799 = VERTEX_POINT ( 'NONE', #10577 ) ;
#8800 = EDGE_LOOP ( 'NONE', ( #326, #10369, #7400, #9264 ) ) ;
#8801 = CARTESIAN_POINT ( 'NONE',  ( -1.000000000000000000, 0.5773502691896256200, 8.250000000000001776 ) ) ;
#8802 = VECTOR ( 'NONE', #7612, 1000.000000000000000 ) ;
#8803 = ORIENTED_EDGE ( 'NONE', *, *, #537, .F. ) ;
#8804 = ORIENTED_EDGE ( 'NONE', *, *, #6722, .F. ) ;
#8805 = FACE_OUTER_BOUND ( 'NONE', #2303, .T. ) ;
#8806 = DIRECTION ( 'NONE',  ( -0.000000000000000000, 0.000000000000000000, -1.000000000000000000 ) ) ;
#8807 = EDGE_CURVE ( 'NONE', #5957, #4611, #9946, .T. ) ;
#8808 = CARTESIAN_POINT ( 'NONE',  ( -1.124721301025037645, -2.781187155698182867, 8.077500000000000568 ) ) ;
#8809 = EDGE_CURVE ( 'NONE', #4888, #1606, #4589, .T. ) ;
#8810 = LINE ( 'NONE', #2648, #976 ) ;
#8811 = CIRCLE ( 'NONE', #3427, 3.000000000000000000 ) ;
#8812 = VERTEX_POINT ( 'NONE', #8135 ) ;
#8813 = CARTESIAN_POINT ( 'NONE',  ( -3.001828632896465177, 2.936832634720110136E-14, 8.077500000000002345 ) ) ;
#8814 = CARTESIAN_POINT ( 'NONE',  ( 0.000000000000000000, 0.000000000000000000, 8.077500000000000568 ) ) ;
#8815 = CARTESIAN_POINT ( 'NONE',  ( 0.000000000000000000, 0.000000000000000000, 8.077500000000000568 ) ) ;
#8816 = AXIS2_PLACEMENT_3D ( 'NONE', #6555, #3623, #8961 ) ;
#8817 = AXIS2_PLACEMENT_3D ( 'NONE', #3929, #2887, #2014 ) ;
#8818 = ORIENTED_EDGE ( 'NONE', *, *, #11266, .F. ) ;
#8819 = CARTESIAN_POINT ( 'NONE',  ( -1.784401076758506788, 6.065988351121004614E-17, -9.137500000000002842 ) ) ;
#8820 = VECTOR ( 'NONE', #10431, 1000.000000000000000 ) ;
#8821 = EDGE_CURVE ( 'NONE', #7540, #4112, #5478, .T. ) ;
#8822 = DIRECTION ( 'NONE',  ( -0.000000000000000000, -0.000000000000000000, -1.000000000000000000 ) ) ;
#8823 = ORIENTED_EDGE ( 'NONE', *, *, #5133, .T. ) ;
#8824 = CARTESIAN_POINT ( 'NONE',  ( 1.323227363945471025, 2.488628723042703772, 9.750000000000001776 ) ) ;
#8825 = DIRECTION ( 'NONE',  ( 0.000000000000000000, 0.000000000000000000, 1.000000000000000000 ) ) ;
#8826 = VECTOR ( 'NONE', #5707, 1000.000000000000000 ) ;
#8827 = AXIS2_PLACEMENT_3D ( 'NONE', #10413, #11389, #6822 ) ;
#8828 = CARTESIAN_POINT ( 'NONE',  ( -1.892491597964134370E-16, -1.545336663013173073, -9.662500000000004974 ) ) ;
#8829 = DIRECTION ( 'NONE',  ( -0.000000000000000000, -0.000000000000000000, 1.000000000000000000 ) ) ;
#8830 = ORIENTED_EDGE ( 'NONE', *, *, #10776, .F. ) ;
#8831 = EDGE_CURVE ( 'NONE', #8531, #9442, #7816, .T. ) ;
#8832 = VECTOR ( 'NONE', #10910, 1000.000000000000227 ) ;
#8833 = ORIENTED_EDGE ( 'NONE', *, *, #8994, .F. ) ;
#8834 = CARTESIAN_POINT ( 'NONE',  ( 1.202590582409450715, 2.615690650630115410, 9.571310031034848009 ) ) ;
#8835 = CARTESIAN_POINT ( 'NONE',  ( 0.7768966656431298690, 2.709360653135685748, 9.631453640997325039 ) ) ;
#8836 = LINE ( 'NONE', #2560, #11162 ) ;
#8837 = ORIENTED_EDGE ( 'NONE', *, *, #9755, .F. ) ;
#8838 = DIRECTION ( 'NONE',  ( -0.9975640502598285275, -0.06975647374406540591, 0.000000000000000000 ) ) ;
#8839 = VERTEX_POINT ( 'NONE', #10704 ) ;
#8840 = CARTESIAN_POINT ( 'NONE',  ( -0.7768966656431478546, -2.709360653135679087, 9.631453640997325039 ) ) ;
#8841 = DIRECTION ( 'NONE',  ( 0.6427876096865341449, -0.7660444431189824543, 0.000000000000000000 ) ) ;
#8842 = CARTESIAN_POINT ( 'NONE',  ( -2.158694763139470396, 2.083275526567291536, -9.750000000000001776 ) ) ;
#8843 = AXIS2_PLACEMENT_3D ( 'NONE', #8992, #1249, #4662 ) ;
#8844 = ORIENTED_EDGE ( 'NONE', *, *, #5537, .T. ) ;
#8845 = VERTEX_POINT ( 'NONE', #6303 ) ;
#8846 = VERTEX_POINT ( 'NONE', #2725 ) ;
#8847 = ADVANCED_FACE ( 'NONE', ( #1842 ), #5434, .F. ) ;
#8848 = DIRECTION ( 'NONE',  ( -0.6691306063588484676, 0.7431448254774030149, 0.000000000000000000 ) ) ;
#8849 = CARTESIAN_POINT ( 'NONE',  ( -2.934644818296857860, 0.6227839034877216129, 9.449999999999999289 ) ) ;
#8850 = PLANE ( 'NONE',  #4907 ) ;
#8851 = ORIENTED_EDGE ( 'NONE', *, *, #5599, .T. ) ;
#8852 = DIRECTION ( 'NONE',  ( 0.000000000000000000, 0.000000000000000000, -1.000000000000000000 ) ) ;
#8853 = CARTESIAN_POINT ( 'NONE',  ( 1.176575538379255326, 2.037888611415573425, -8.386458333333335347 ) ) ;
#8854 = ORIENTED_EDGE ( 'NONE', *, *, #6650, .F. ) ;
#8855 = CARTESIAN_POINT ( 'NONE',  ( 0.000000000000000000, 0.000000000000000000, 8.077500000000002345 ) ) ;
#8856 = ORIENTED_EDGE ( 'NONE', *, *, #10174, .T. ) ;
#8857 = LINE ( 'NONE', #6158, #6681 ) ;
#8858 = DIRECTION ( 'NONE',  ( -0.000000000000000000, -0.000000000000000000, -1.000000000000000000 ) ) ;
#8859 = DIRECTION ( 'NONE',  ( -0.8090169943749436765, 0.5877852522924782441, 0.000000000000000000 ) ) ;
#8860 = ORIENTED_EDGE ( 'NONE', *, *, #89, .T. ) ;
#8861 = ORIENTED_EDGE ( 'NONE', *, *, #6286, .F. ) ;
#8862 = CARTESIAN_POINT ( 'NONE',  ( 2.934644818296862301, -0.6227839034877024060, 9.449999999999999289 ) ) ;
#8863 = EDGE_CURVE ( 'NONE', #8721, #6965, #4223, .T. ) ;
#8864 = DIRECTION ( 'NONE',  ( -1.000000000000000000, 0.000000000000000000, 0.000000000000000000 ) ) ;
#8865 = AXIS2_PLACEMENT_3D ( 'NONE', #5608, #8248, #240 ) ;
#8866 = ORIENTED_EDGE ( 'NONE', *, *, #3503, .T. ) ;
#8867 = EDGE_CURVE ( 'NONE', #5161, #4331, #7220, .T. ) ;
#8868 = CARTESIAN_POINT ( 'NONE',  ( 0.000000000000000000, 0.000000000000000000, 8.077500000000000568 ) ) ;
#8869 = CARTESIAN_POINT ( 'NONE',  ( 0.8922005383792542821, 1.545336663013172851, -7.270833333333337478 ) ) ;
#8870 = DIRECTION ( 'NONE',  ( 0.000000000000000000, -0.000000000000000000, 1.000000000000000000 ) ) ;
#8871 = ORIENTED_EDGE ( 'NONE', *, *, #2890, .F. ) ;
#8872 = LINE ( 'NONE', #1777, #9058 ) ;
#8873 = DIRECTION ( 'NONE',  ( 0.000000000000000000, 0.000000000000000000, -1.000000000000000000 ) ) ;
#8874 = AXIS2_PLACEMENT_3D ( 'NONE', #986, #14, #1149 ) ;
#8875 = DIRECTION ( 'NONE',  ( 0.5299192642332072323, 0.8480480961564245135, 0.000000000000000000 ) ) ;
#8876 = ORIENTED_EDGE ( 'NONE', *, *, #2487, .T. ) ;
#8877 = EDGE_CURVE ( 'NONE', #10961, #6269, #7444, .T. ) ;
#8878 = ADVANCED_FACE ( 'NONE', ( #10986 ), #10873, .T. ) ;
#8879 = FACE_OUTER_BOUND ( 'NONE', #3010, .T. ) ;
#8880 = DIRECTION ( 'NONE',  ( -0.000000000000000000, -0.000000000000000000, -1.000000000000000000 ) ) ;
#8881 = EDGE_LOOP ( 'NONE', ( #9278, #3381, #7081, #10805 ) ) ;
#8882 = FACE_OUTER_BOUND ( 'NONE', #4844, .T. ) ;
#8883 = CARTESIAN_POINT ( 'NONE',  ( -1.315987345267994657, -2.695955731664467780, 9.449999999999999289 ) ) ;
#8884 = CARTESIAN_POINT ( 'NONE',  ( -1.847750578910129615, -2.363433476562706304, 9.449999999999999289 ) ) ;
#8885 = LINE ( 'NONE', #11464, #7557 ) ;
#8886 = ORIENTED_EDGE ( 'NONE', *, *, #3839, .F. ) ;
#8887 = ADVANCED_FACE ( 'NONE', ( #11036 ), #8195, .T. ) ;
#8888 = CARTESIAN_POINT ( 'NONE',  ( 0.6421161226732865490, -1.565330703360337639, -9.537856067240532809 ) ) ;
#8889 = ORIENTED_EDGE ( 'NONE', *, *, #4940, .T. ) ;
#8890 = CARTESIAN_POINT ( 'NONE',  ( -1.318390983378169734, 2.627124541939525937, 9.510800894373550918 ) ) ;
#8891 = CARTESIAN_POINT ( 'NONE',  ( -1.365213383122405144, -0.7240565037316943897, -6.370336663012976963 ) ) ;
#8892 = CARTESIAN_POINT ( 'NONE',  ( 0.9261261411943664257, -2.853469882545885739, 9.449999999999999289 ) ) ;
#8893 = CARTESIAN_POINT ( 'NONE',  ( 0.000000000000000000, 0.000000000000000000, 9.449999999999999289 ) ) ;
#8894 = VERTEX_POINT ( 'NONE', #4838 ) ;
#8895 = DIRECTION ( 'NONE',  ( 0.000000000000000000, 0.000000000000000000, -1.000000000000000000 ) ) ;
#8896 = ORIENTED_EDGE ( 'NONE', *, *, #716, .T. ) ;
#8897 = EDGE_CURVE ( 'NONE', #4481, #5229, #701, .T. ) ;
#8898 = CARTESIAN_POINT ( 'NONE',  ( -2.426479301982332082, 1.764142340360135508, -9.750000000000001776 ) ) ;
#8899 = DIRECTION ( 'NONE',  ( -0.6156614753256676176, -0.7880107536067146867, 0.000000000000000000 ) ) ;
#8900 = ORIENTED_EDGE ( 'NONE', *, *, #970, .F. ) ;
#8901 = B_SPLINE_CURVE_WITH_KNOTS ( 'NONE', 3,
 ( #6438, #1990, #7925, #450 ),
 .UNSPECIFIED., .F., .F.,
 ( 4, 4 ),
 ( 3.054997924343294472E-07, 0.0002759181450133579264 ),
 .UNSPECIFIED. ) ;
#8902 = VERTEX_POINT ( 'NONE', #10114 ) ;
#8903 = B_SPLINE_CURVE_WITH_KNOTS ( 'NONE', 3,
 ( #6025, #2350, #7765, #11298 ),
 .UNSPECIFIED., .F., .F.,
 ( 4, 4 ),
 ( 3.021976174288809757E-07, 0.0002759148428383531343 ),
 .UNSPECIFIED. ) ;
#8904 = CARTESIAN_POINT ( 'NONE',  ( -2.934644818296857416, 0.6227839034877211688, -9.750000000000001776 ) ) ;
#8905 = CARTESIAN_POINT ( 'NONE',  ( -1.811726676894002575, 2.159131775987249924, 8.077500000000002345 ) ) ;
#8906 = ORIENTED_EDGE ( 'NONE', *, *, #948, .T. ) ;
#8907 = LINE ( 'NONE', #8788, #6640 ) ;
#8908 = DIRECTION ( 'NONE',  ( -0.000000000000000000, -0.000000000000000000, -1.000000000000000000 ) ) ;
#8909 = CARTESIAN_POINT ( 'NONE',  ( -0.8922005383792531719, 1.545336663013173073, -9.954166666666671048 ) ) ;
#8910 = VERTEX_POINT ( 'NONE', #4005 ) ;
#8911 = EDGE_CURVE ( 'NONE', #3457, #3913, #11067, .T. ) ;
#8912 = ORIENTED_EDGE ( 'NONE', *, *, #3062, .T. ) ;
#8913 = DIRECTION ( 'NONE',  ( -0.000000000000000000, -0.000000000000000000, 1.000000000000000000 ) ) ;
#8914 = CARTESIAN_POINT ( 'NONE',  ( -0.6787370179871260456, -2.859939545572207642, 9.510800894373550918 ) ) ;
#8915 = DIRECTION ( 'NONE',  ( -0.000000000000000000, -0.000000000000000000, 1.000000000000000000 ) ) ;
#8916 = VERTEX_POINT ( 'NONE', #7556 ) ;
#8917 = ORIENTED_EDGE ( 'NONE', *, *, #352, .F. ) ;
#8918 = COORDINATED_UNIVERSAL_TIME_OFFSET ( 8, 0, .BEHIND. ) ;
#8919 = DIRECTION ( 'NONE',  ( -0.000000000000000000, 0.000000000000000000, -1.000000000000000000 ) ) ;
#8920 = VERTEX_POINT ( 'NONE', #362 ) ;
#8921 = CARTESIAN_POINT ( 'NONE',  ( 0.000000000000000000, 2.037888611415574314, -7.584375000000005862 ) ) ;
#8922 = CARTESIAN_POINT ( 'NONE',  ( -1.848110244803860658, -2.365473243206964060, 8.077500000000002345 ) ) ;
#8923 = ORIENTED_EDGE ( 'NONE', *, *, #500, .T. ) ;
#8924 = DIRECTION ( 'NONE',  ( -0.000000000000000000, -0.000000000000000000, -1.000000000000000000 ) ) ;
#8925 = CARTESIAN_POINT ( 'NONE',  ( 0.1056702774065095690, -2.998138387812149031, 9.449999999999999289 ) ) ;
#8926 = VECTOR ( 'NONE', #4629, 1000.000000000000114 ) ;
#8927 = CARTESIAN_POINT ( 'NONE',  ( -1.783299329881746331, 2.336617564762605959, 9.510800894373550918 ) ) ;
#8928 = VERTEX_POINT ( 'NONE', #3947 ) ;
#8929 = CARTESIAN_POINT ( 'NONE',  ( 2.734823486451069208, 0.6818680780054608981, 9.631453640997325039 ) ) ;
#8930 = CARTESIAN_POINT ( 'NONE',  ( 0.000000000000000000, 0.000000000000000000, 8.077500000000002345 ) ) ;
#8931 = B_SPLINE_CURVE_WITH_KNOTS ( 'NONE', 3,
 ( #6966, #7944, #3344, #6912 ),
 .UNSPECIFIED., .F., .F.,
 ( 4, 4 ),
 ( 3.054997924345220413E-07, 0.0002759181450133581432 ),
 .UNSPECIFIED. ) ;
#8932 = AXIS2_PLACEMENT_3D ( 'NONE', #9854, #2056, #5702 ) ;
#8933 = DIRECTION ( 'NONE',  ( -0.1045284632676420217, 0.9945218953682745111, 0.000000000000000000 ) ) ;
#8934 = ORIENTED_EDGE ( 'NONE', *, *, #9514, .F. ) ;
#8935 = CARTESIAN_POINT ( 'NONE',  ( -1.732050807568978668, 1.000000000000058842, -7.445833333333404802 ) ) ;
#8936 = EDGE_CURVE ( 'NONE', #4143, #10531, #2140, .T. ) ;
#8937 = FACE_OUTER_BOUND ( 'NONE', #6833, .T. ) ;
#8938 = ADVANCED_FACE ( 'NONE', ( #1078 ), #10053, .T. ) ;
#8939 = ORIENTED_EDGE ( 'NONE', *, *, #6847, .F. ) ;
#8940 = EDGE_CURVE ( 'NONE', #7744, #9599, #11093, .T. ) ;
#8941 = CARTESIAN_POINT ( 'NONE',  ( -2.221044840433196388, -1.735270409657329482, 9.750000000000001776 ) ) ;
#8942 = ORIENTED_EDGE ( 'NONE', *, *, #6259, .F. ) ;
#8943 = AXIS2_PLACEMENT_3D ( 'NONE', #7433, #1013, #10976 ) ;
#8944 = DIRECTION ( 'NONE',  ( -1.000000000000000000, 0.000000000000000000, 0.000000000000000000 ) ) ;
#8945 = ORIENTED_EDGE ( 'NONE', *, *, #10966, .F. ) ;
#8946 = CARTESIAN_POINT ( 'NONE',  ( 1.000000000000000000, -1.404172411293401014E-25, 9.595299461620749426 ) ) ;
#8947 = DIRECTION ( 'NONE',  ( 0.000000000000000000, -0.000000000000000000, -1.000000000000000000 ) ) ;
#8948 = DIRECTION ( 'NONE',  ( -1.000000000000000000, 0.000000000000000000, 0.000000000000000000 ) ) ;
#8949 = DIRECTION ( 'NONE',  ( -1.000000000000000000, 0.000000000000000000, 0.000000000000000000 ) ) ;
#8950 = VERTEX_POINT ( 'NONE', #5669 ) ;
#8951 = CARTESIAN_POINT ( 'NONE',  ( 0.000000000000000000, 0.000000000000000000, 8.077500000000000568 ) ) ;
#8952 = AXIS2_PLACEMENT_3D ( 'NONE', #3821, #4832, #9939 ) ;
#8953 = EDGE_CURVE ( 'NONE', #5594, #9040, #2965, .T. ) ;
#8954 = VERTEX_POINT ( 'NONE', #3071 ) ;
#8955 = DIRECTION ( 'NONE',  ( 0.9612616959383200044, 0.2756373558169951110, 0.000000000000000000 ) ) ;
#8956 = DIRECTION ( 'NONE',  ( 0.000000000000000000, 0.000000000000000000, -1.000000000000000000 ) ) ;
#8957 = VERTEX_POINT ( 'NONE', #6646 ) ;
#8958 = EDGE_LOOP ( 'NONE', ( #7995, #7528, #4265, #10095 ) ) ;
#8959 = ORIENTED_EDGE ( 'NONE', *, *, #5813, .F. ) ;
#8960 = AXIS2_PLACEMENT_3D ( 'NONE', #6054, #4242, #9349 ) ;
#8961 = DIRECTION ( 'NONE',  ( 0.8829475928589438638, 0.4694715627858589424, 0.000000000000000000 ) ) ;
#8962 = CARTESIAN_POINT ( 'NONE',  ( -1.892491597964134370E-16, -1.545336663013173073, -6.250000000000004441 ) ) ;
#8963 = VECTOR ( 'NONE', #2206, 1000.000000000000000 ) ;
#8964 = CARTESIAN_POINT ( 'NONE',  ( 1.676772478465717420, 2.487656337893145775, 9.449999999999999289 ) ) ;
#8965 = ORIENTED_EDGE ( 'NONE', *, *, #3487, .F. ) ;
#8966 = DIRECTION ( 'NONE',  ( 0.7660444431189813441, 0.6427876096865353661, 0.000000000000000000 ) ) ;
#8967 = CARTESIAN_POINT ( 'NONE',  ( 2.427622409283261451, -1.762568988137977799, -9.750000000000001776 ) ) ;
#8968 = CARTESIAN_POINT ( 'NONE',  ( 0.000000000000000000, 1.545336663013173073, -10.01250000000000462 ) ) ;
#8969 = ORIENTED_EDGE ( 'NONE', *, *, #7369, .F. ) ;
#8970 = DIRECTION ( 'NONE',  ( 0.5591929034707391333, -0.8290375725550468422, 0.000000000000000000 ) ) ;
#8971 = VECTOR ( 'NONE', #8913, 1000.000000000000000 ) ;
#8972 = VERTEX_POINT ( 'NONE', #7338 ) ;
#8973 = DIRECTION ( 'NONE',  ( -0.4383711467890797353, -0.8987940462991658164, 0.000000000000000000 ) ) ;
#8974 = CARTESIAN_POINT ( 'NONE',  ( 1.500842031447374270, 2.597589882302615560, 9.449999999999999289 ) ) ;
#8975 = CARTESIAN_POINT ( 'NONE',  ( 0.000000000000000000, 0.000000000000000000, 8.077500000000000568 ) ) ;
#8976 = ORIENTED_EDGE ( 'NONE', *, *, #4658, .F. ) ;
#8977 = VERTEX_POINT ( 'NONE', #9244 ) ;
#8978 = APPROVAL_ROLE ( '' ) ;
#8979 = AXIS2_PLACEMENT_3D ( 'NONE', #10071, #3094, #7356 ) ;
#8980 = FACE_OUTER_BOUND ( 'NONE', #9023, .T. ) ;
#8981 = EDGE_CURVE ( 'NONE', #3811, #6389, #2082, .T. ) ;
#8982 = CIRCLE ( 'NONE', #4172, 3.000000000000000000 ) ;
#8983 = AXIS2_PLACEMENT_3D ( 'NONE', #8296, #2940, #6680 ) ;
#8984 = ORIENTED_EDGE ( 'NONE', *, *, #8358, .T. ) ;
#8985 = DIRECTION ( 'NONE',  ( -0.000000000000000000, -0.000000000000000000, -1.000000000000000000 ) ) ;
#8986 = DIRECTION ( 'NONE',  ( -0.000000000000000000, -0.000000000000000000, -1.000000000000000000 ) ) ;
#8987 = DIRECTION ( 'NONE',  ( 0.000000000000000000, 0.000000000000000000, -1.000000000000000000 ) ) ;
#8988 = ORIENTED_EDGE ( 'NONE', *, *, #5325, .F. ) ;
#8989 = CARTESIAN_POINT ( 'NONE',  ( 1.919999999999992601, 2.400307726328803027E-16, 5.550000000000000711 ) ) ;
#8990 = ORIENTED_EDGE ( 'NONE', *, *, #9719, .F. ) ;
#8991 = AXIS2_PLACEMENT_3D ( 'NONE', #4842, #11038, #9470 ) ;
#8992 = CARTESIAN_POINT ( 'NONE',  ( -2.650457365590949799, -1.409273179501313589, 9.750000000000001776 ) ) ;
#8993 = DIRECTION ( 'NONE',  ( -0.9271838545667903109, -0.3746065934159049648, 0.000000000000000000 ) ) ;
#8994 = EDGE_CURVE ( 'NONE', #9927, #2274, #10002, .T. ) ;
#8995 = CARTESIAN_POINT ( 'NONE',  ( -2.157343812172569653, 2.084674477245961999, 9.449999999999999289 ) ) ;
#8996 = CARTESIAN_POINT ( 'NONE',  ( 0.5860087391484684050, -2.756954358615474554, 9.750000000000001776 ) ) ;
#8997 = ORIENTED_EDGE ( 'NONE', *, *, #2662, .T. ) ;
#8998 = CARTESIAN_POINT ( 'NONE',  ( 1.999999999992694732, 0.5358983848751325274, -7.706239260882357556 ) ) ;
#8999 = LINE ( 'NONE', #7451, #9566 ) ;
#9000 = B_SPLINE_CURVE_WITH_KNOTS ( 'NONE', 3,
 ( #4095, #6679, #2231, #8840 ),
 .UNSPECIFIED., .F., .F.,
 ( 4, 4 ),
 ( 3.021976174287210982E-07, 0.0002759148428383536764 ),
 .UNSPECIFIED. ) ;
#9001 = CARTESIAN_POINT ( 'NONE',  ( -1.766066966574068919, 0.03175561035101207019, -6.427397420119705274 ) ) ;
#9002 = DIRECTION ( 'NONE',  ( 0.000000000000000000, 0.000000000000000000, -1.000000000000000000 ) ) ;
#9003 = DIRECTION ( 'NONE',  ( 0.8660254037844384856, 0.5000000000000001110, 0.000000000000000000 ) ) ;
#9004 = EDGE_LOOP ( 'NONE', ( #7924, #7845, #4644, #1112 ) ) ;
#9005 = AXIS2_PLACEMENT_3D ( 'NONE', #334, #395, #3209 ) ;
#9006 = VECTOR ( 'NONE', #349, 1000.000000000000114 ) ;
#9007 = CARTESIAN_POINT ( 'NONE',  ( -0.5645481705551975704, -2.823003197273512566, 9.571310031034848009 ) ) ;
#9008 = ADVANCED_FACE ( 'NONE', ( #3130 ), #2199, .T. ) ;
#9009 = EDGE_CURVE ( 'NONE', #113, #10346, #5612, .T. ) ;
#9010 = DIRECTION ( 'NONE',  ( 0.000000000000000000, -0.000000000000000000, 1.000000000000000000 ) ) ;
#9011 = EDGE_CURVE ( 'NONE', #9265, #4412, #1407, .T. ) ;
#9012 = PLANE ( 'NONE',  #7526 ) ;
#9013 = CARTESIAN_POINT ( 'NONE',  ( 0.7262080731356544971, -2.912661493512361144, 9.750000000000001776 ) ) ;
#9014 = VECTOR ( 'NONE', #7360, 1000.000000000000000 ) ;
#9015 = AXIS2_PLACEMENT_3D ( 'NONE', #1976, #5445, #694 ) ;
#9016 = ORIENTED_EDGE ( 'NONE', *, *, #8401, .T. ) ;
#9017 = CARTESIAN_POINT ( 'NONE',  ( 2.221044840433183953, 1.735270409657345247, 9.750000000000001776 ) ) ;
#9018 = CARTESIAN_POINT ( 'NONE',  ( 1.338300807568880924, 0.7726683315065854263, -6.016666666666671937 ) ) ;
#9019 = ORIENTED_EDGE ( 'NONE', *, *, #7404, .T. ) ;
#9020 = DIRECTION ( 'NONE',  ( -0.4383711467890769597, 0.8987940462991672597, 0.000000000000000000 ) ) ;
#9021 = CARTESIAN_POINT ( 'NONE',  ( 0.000000000000000000, 0.000000000000000000, 8.077500000000002345 ) ) ;
#9022 = PLANE ( 'NONE',  #8637 ) ;
#9023 = EDGE_LOOP ( 'NONE', ( #10043, #9966, #2797, #4033 ) ) ;
#9024 = VERTEX_POINT ( 'NONE', #4064 ) ;
#9025 = ORIENTED_EDGE ( 'NONE', *, *, #11132, .F. ) ;
#9026 = CIRCLE ( 'NONE', #8102, 3.000000000000000000 ) ;
#9027 = CONICAL_SURFACE ( 'NONE', #472, 3.000000000000000000, 0.7853981633974482790 ) ;
#9028 = PLANE ( 'NONE',  #10135 ) ;
#9029 = ADVANCED_FACE ( 'NONE', ( #6049 ), #7608, .T. ) ;
#9030 = EDGE_CURVE ( 'NONE', #8902, #2532, #5070, .T. ) ;
#9031 = CARTESIAN_POINT ( 'NONE',  ( 1.764863307568881101, -1.018944305707788045, -9.217708333333339610 ) ) ;
#9032 = LINE ( 'NONE', #4640, #1884 ) ;
#9033 = CARTESIAN_POINT ( 'NONE',  ( -1.892491597964134370E-16, -1.545336663013173073, -8.262500000000004619 ) ) ;
#9034 = ORIENTED_EDGE ( 'NONE', *, *, #8489, .T. ) ;
#9035 = VECTOR ( 'NONE', #720, 1000.000000000000000 ) ;
#9036 = VERTEX_POINT ( 'NONE', #538 ) ;
#9037 = ORIENTED_EDGE ( 'NONE', *, *, #8424, .T. ) ;
#9038 = DIRECTION ( 'NONE',  ( -0.000000000000000000, -0.000000000000000000, -1.000000000000000000 ) ) ;
#9039 = VERTEX_POINT ( 'NONE', #2249 ) ;
#9040 = VERTEX_POINT ( 'NONE', #3174 ) ;
#9041 = ORIENTED_EDGE ( 'NONE', *, *, #1686, .F. ) ;
#9042 = PERSON_AND_ORGANIZATION_ROLE ( 'design_supplier' ) ;
#9043 = CARTESIAN_POINT ( 'NONE',  ( 2.353151076758508875, -4.808700099505280283E-16, -7.059375000000007283 ) ) ;
#9044 = ADVANCED_FACE ( 'NONE', ( #2370 ), #10343, .F. ) ;
#9045 = LINE ( 'NONE', #4651, #451 ) ;
#9046 = FACE_OUTER_BOUND ( 'NONE', #2555, .T. ) ;
#9047 = ORIENTED_EDGE ( 'NONE', *, *, #11523, .T. ) ;
#9048 = CARTESIAN_POINT ( 'NONE',  ( 0.5199868932015824230, 2.954591956751146054, 8.077500000000000568 ) ) ;
#9049 = FACE_OUTER_BOUND ( 'NONE', #9500, .T. ) ;
#9050 = ORIENTED_EDGE ( 'NONE', *, *, #2784, .F. ) ;
#9051 = DIRECTION ( 'NONE',  ( 0.000000000000000000, -0.000000000000000000, 1.000000000000000000 ) ) ;
#9052 = EDGE_CURVE ( 'NONE', #2860, #5791, #1782, .T. ) ;
#9053 = FACE_OUTER_BOUND ( 'NONE', #9484, .T. ) ;
#9054 = CARTESIAN_POINT ( 'NONE',  ( -2.533292686689810669, -1.235569399674157909, 9.631453640997325039 ) ) ;
#9055 = ORIENTED_EDGE ( 'NONE', *, *, #1625, .T. ) ;
#9056 = DIRECTION ( 'NONE',  ( 0.4999999999999993339, 0.8660254037844389297, -0.000000000000000000 ) ) ;
#9057 = DIRECTION ( 'NONE',  ( -0.000000000000000000, 0.000000000000000000, 1.000000000000000000 ) ) ;
#9058 = VECTOR ( 'NONE', #11444, 1000.000000000000000 ) ;
#9059 = CARTESIAN_POINT ( 'NONE',  ( 2.803106067138685376, -0.2946183195551994594, 9.631453640997325039 ) ) ;
#9060 = LINE ( 'NONE', #5559, #10484 ) ;
#9061 = VERTEX_POINT ( 'NONE', #1368 ) ;
#9062 = CARTESIAN_POINT ( 'NONE',  ( 0.000000000000000000, 0.000000000000000000, 8.077500000000002345 ) ) ;
#9063 = EDGE_CURVE ( 'NONE', #2532, #5814, #2724, .T. ) ;
#9064 = DIRECTION ( 'NONE',  ( 0.000000000000000000, -0.000000000000000000, 1.000000000000000000 ) ) ;
#9065 = PLANE ( 'NONE',  #7735 ) ;
#9066 = EDGE_LOOP ( 'NONE', ( #1827, #1140, #2137, #11371 ) ) ;
#9067 = DIRECTION ( 'NONE',  ( -1.000000000000000000, 0.000000000000000000, 0.000000000000000000 ) ) ;
#9068 = CARTESIAN_POINT ( 'NONE',  ( 2.613310677415287664, 1.055846049930808217, 9.631453640997325039 ) ) ;
#9069 = DIRECTION ( 'NONE',  ( -0.6946583704589973651, 0.7193398003386510808, 0.000000000000000000 ) ) ;
#9070 = CARTESIAN_POINT ( 'NONE',  ( 2.883516910659399635, -0.8278467406116138960, 9.449999999999999289 ) ) ;
#9071 = VERTEX_POINT ( 'NONE', #708 ) ;
#9072 = DIRECTION ( 'NONE',  ( -0.000000000000000000, -0.000000000000000000, 1.000000000000000000 ) ) ;
#9073 = DIRECTION ( 'NONE',  ( 0.000000000000000000, -0.000000000000000000, 1.000000000000000000 ) ) ;
#9074 = CARTESIAN_POINT ( 'NONE',  ( 0.8922005383792542821, 1.545336663013172851, -9.458333333333335702 ) ) ;
#9075 = EDGE_CURVE ( 'NONE', #9587, #5809, #1598, .T. ) ;
#9076 = CARTESIAN_POINT ( 'NONE',  ( -2.091138695635902156, 2.065690465565447553, 9.510800894373550918 ) ) ;
#9077 = ORIENTED_EDGE ( 'NONE', *, *, #2454, .T. ) ;
#9078 = VERTEX_POINT ( 'NONE', #4958 ) ;
#9079 = ORIENTED_EDGE ( 'NONE', *, *, #2699, .F. ) ;
#9080 = DIRECTION ( 'NONE',  ( 0.6691306063588604580, 0.7431448254773922457, 0.000000000000000000 ) ) ;
#9081 = CARTESIAN_POINT ( 'NONE',  ( 0.8922005383792542821, 1.545336663013172851, -5.958333333333338366 ) ) ;
#9082 = B_SPLINE_CURVE_WITH_KNOTS ( 'NONE', 3,
 ( #3782, #379, #4739, #8151 ),
 .UNSPECIFIED., .F., .F.,
 ( 4, 4 ),
 ( 3.021976174287574677E-07, 0.0002759148428383534596 ),
 .UNSPECIFIED. ) ;
#9083 = CARTESIAN_POINT ( 'NONE',  ( 0.8922005383792542821, 1.545336663013172851, -8.670833333333336057 ) ) ;
#9084 = CARTESIAN_POINT ( 'NONE',  ( 0.8922005383792542821, 1.545336663013172851, -8.058333333333338899 ) ) ;
#9085 = ORIENTED_EDGE ( 'NONE', *, *, #4459, .F. ) ;
#9086 = ORIENTED_EDGE ( 'NONE', *, *, #4557, .T. ) ;
#9087 = ADVANCED_FACE ( 'NONE', ( #8574 ), #7834, .T. ) ;
#9088 = EDGE_CURVE ( 'NONE', #5770, #8179, #8476, .T. ) ;
#9089 = CARTESIAN_POINT ( 'NONE',  ( -2.510380607444208767, -1.409273179501314477, 9.571310031034848009 ) ) ;
#9090 = ORIENTED_EDGE ( 'NONE', *, *, #6649, .F. ) ;
#9091 = EDGE_CURVE ( 'NONE', #3709, #3117, #921, .T. ) ;
#9092 = VERTEX_POINT ( 'NONE', #9407 ) ;
#9093 = DIRECTION ( 'NONE',  ( 0.7660444431189726844, -0.6427876096865456912, 0.000000000000000000 ) ) ;
#9094 = ORIENTED_EDGE ( 'NONE', *, *, #10992, .T. ) ;
#9095 = PLANE ( 'NONE',  #3068 ) ;
#9096 = CARTESIAN_POINT ( 'NONE',  ( 2.939188464481538698, -0.03330636834709070626, 9.510800894373550918 ) ) ;
#9097 = LINE ( 'NONE', #9938, #10667 ) ;
#9098 = DIRECTION ( 'NONE',  ( -0.000000000000000000, -0.000000000000000000, 1.000000000000000000 ) ) ;
#9099 = CARTESIAN_POINT ( 'NONE',  ( -0.8922005383792539490, -1.545336663013172851, -7.620833333333336235 ) ) ;
#9100 = DIRECTION ( 'NONE',  ( -0.2419218955996730036, -0.9702957262759952517, 0.000000000000000000 ) ) ;
#9101 = CARTESIAN_POINT ( 'NONE',  ( 1.957926820807942558, 2.027492575130213748, 9.631453640997325039 ) ) ;
#9102 = CARTESIAN_POINT ( 'NONE',  ( 2.883516910659399635, -0.8278467406116138960, 8.077500000000000568 ) ) ;
#9103 = ORIENTED_EDGE ( 'NONE', *, *, #2155, .T. ) ;
#9104 = EDGE_CURVE ( 'NONE', #3739, #10927, #6864, .T. ) ;
#9105 = DIRECTION ( 'NONE',  ( 0.000000000000000000, 0.000000000000000000, -1.000000000000000000 ) ) ;
#9106 = CARTESIAN_POINT ( 'NONE',  ( -2.544659440449368315, 1.588933079815481264, 9.449999999999999289 ) ) ;
#9107 = B_SPLINE_CURVE_WITH_KNOTS ( 'NONE', 3,
 ( #314, #1081, #8261, #3015 ),
 .UNSPECIFIED., .F., .F.,
 ( 4, 4 ),
 ( 3.054997924343446409E-07, 0.0002759181450133580890 ),
 .UNSPECIFIED. ) ;
#9108 = EDGE_LOOP ( 'NONE', ( #2196, #8912, #7077, #6299 ) ) ;
#9109 = CARTESIAN_POINT ( 'NONE',  ( 2.649299146609900291, -1.407556049247081775, -9.750000000000001776 ) ) ;
#9110 = CARTESIAN_POINT ( 'NONE',  ( -2.533292686689785356, 1.235569399674210755, 9.750000000000001776 ) ) ;
#9111 = CARTESIAN_POINT ( 'NONE',  ( 1.957926820807942114, 2.027492575130213304, 9.750000000000001776 ) ) ;
#9112 = EDGE_CURVE ( 'NONE', #1009, #1924, #3814, .T. ) ;
#9113 = LINE ( 'NONE', #2786, #8063 ) ;
#9114 = CARTESIAN_POINT ( 'NONE',  ( 0.9399354238462026556, -2.785042107924560639, 9.510800894373549141 ) ) ;
#9115 = LINE ( 'NONE', #4843, #10654 ) ;
#9116 = VERTEX_POINT ( 'NONE', #4117 ) ;
#9117 = FACE_OUTER_BOUND ( 'NONE', #10895, .T. ) ;
#9118 = ORIENTED_EDGE ( 'NONE', *, *, #2767, .F. ) ;
#9119 = CARTESIAN_POINT ( 'NONE',  ( 2.298758245762866359, -1.927617837523099453, 8.077500000000000568 ) ) ;
#9120 = DIRECTION ( 'NONE',  ( -0.7660444431189696868, 0.6427876096865493549, 0.000000000000000000 ) ) ;
#9121 = AXIS2_PLACEMENT_3D ( 'NONE', #3856, #6995, #1443 ) ;
#9122 = VECTOR ( 'NONE', #6362, 1000.000000000000000 ) ;
#9123 = DIRECTION ( 'NONE',  ( 0.000000000000000000, 0.000000000000000000, -1.000000000000000000 ) ) ;
#9124 = CIRCLE ( 'NONE', #559, 3.000000000000000444 ) ;
#9125 = DIRECTION ( 'NONE',  ( 0.000000000000000000, 0.000000000000000000, -1.000000000000000000 ) ) ;
#9126 = ADVANCED_FACE ( 'NONE', ( #6807 ), #10450, .F. ) ;
#9127 = EDGE_CURVE ( 'NONE', #8621, #9776, #8633, .T. ) ;
#9128 = CARTESIAN_POINT ( 'NONE',  ( 2.094588142060978875, -1.885975634250022681, 9.750000000000001776 ) ) ;
#9129 = CARTESIAN_POINT ( 'NONE',  ( 8.673617379884035472E-16, -1.154700538379251684, 9.750000000000001776 ) ) ;
#9130 = DIRECTION ( 'NONE',  ( -0.06975647374413046498, -0.9975640502598239756, 0.000000000000000000 ) ) ;
#9131 = DIRECTION ( 'NONE',  ( 0.000000000000000000, 0.000000000000000000, -1.000000000000000000 ) ) ;
#9132 = CARTESIAN_POINT ( 'NONE',  ( -1.493602012769896126, -2.390262873680833344, 8.077500000000002345 ) ) ;
#9133 = VERTEX_POINT ( 'NONE', #9567 ) ;
#9134 = LINE ( 'NONE', #11531, #7152 ) ;
#9135 = ORIENTED_EDGE ( 'NONE', *, *, #568, .F. ) ;
#9136 = CARTESIAN_POINT ( 'NONE',  ( -0.9995184784294759428, 1.681958429313302750, -6.772583202939591374 ) ) ;
#9137 = VECTOR ( 'NONE', #356, 1000.000000000000000 ) ;
#9138 = CARTESIAN_POINT ( 'NONE',  ( -0.5199868932015409007, 2.954591956751153603, 9.449999999999999289 ) ) ;
#9139 = CARTESIAN_POINT ( 'NONE',  ( -2.816829376715344058, 0.09836584936188838557, 9.750000000000001776 ) ) ;
#9140 = ORIENTED_EDGE ( 'NONE', *, *, #10330, .T. ) ;
#9141 = ORIENTED_EDGE ( 'NONE', *, *, #4352, .T. ) ;
#9142 = EDGE_LOOP ( 'NONE', ( #2900, #7761, #5413, #5787 ) ) ;
#9143 = LINE ( 'NONE', #28, #9562 ) ;
#9144 = CARTESIAN_POINT ( 'NONE',  ( -1.764863307568881545, 1.018944305707787379, -10.26770833333334032 ) ) ;
#9145 = ADVANCED_FACE ( 'NONE', ( #8980 ), #4594, .T. ) ;
#9146 = AXIS2_PLACEMENT_3D ( 'NONE', #1603, #11396, #2666 ) ;
#9147 = DIRECTION ( 'NONE',  ( -0.000000000000000000, -0.000000000000000000, -1.000000000000000000 ) ) ;
#9148 = DIRECTION ( 'NONE',  ( -1.000000000000000000, 0.000000000000000000, 0.000000000000000000 ) ) ;
#9149 = CARTESIAN_POINT ( 'NONE',  ( -2.495693764988927099E-16, -2.037888611415574314, -5.878125000000002487 ) ) ;
#9150 = CARTESIAN_POINT ( 'NONE',  ( 1.784401076758506788, -3.763923298982691022E-16, -8.175000000000006040 ) ) ;
#9151 = EDGE_LOOP ( 'NONE', ( #3773, #8716, #5808, #1667 ) ) ;
#9152 = CARTESIAN_POINT ( 'NONE',  ( 1.500842031447356062, -2.597589882302626663, 8.077500000000000568 ) ) ;
#9153 = CARTESIAN_POINT ( 'NONE',  ( 2.740240724291750141, 1.221098183166705375, 8.077500000000000568 ) ) ;
#9154 = CARTESIAN_POINT ( 'NONE',  ( 0.000000000000000000, 0.000000000000000000, 8.077500000000002345 ) ) ;
#9155 = VERTEX_POINT ( 'NONE', #6222 ) ;
#9156 = AXIS2_PLACEMENT_3D ( 'NONE', #9595, #11334, #3364 ) ;
#9157 = CARTESIAN_POINT ( 'NONE',  ( -2.613310677415273009, 1.055846049930844410, 8.077500000000002345 ) ) ;
#9158 = CARTESIAN_POINT ( 'NONE',  ( -2.972615042991534562, -0.4177737993908864911, 8.077500000000002345 ) ) ;
#9159 = B_SPLINE_CURVE_WITH_KNOTS ( 'NONE', 3,
 ( #4544, #2596, #2787, #915 ),
 .UNSPECIFIED., .F., .F.,
 ( 4, 4 ),
 ( 3.021976174289052750E-07, 0.0002759148428383532969 ),
 .UNSPECIFIED. ) ;
#9160 = AXIS2_PLACEMENT_3D ( 'NONE', #5506, #8154, #1094 ) ;
#9161 = ORIENTED_EDGE ( 'NONE', *, *, #1128, .F. ) ;
#9162 = ORIENTED_EDGE ( 'NONE', *, *, #3425, .T. ) ;
#9163 = CALENDAR_DATE ( 2026, 22, 8 ) ;
#9164 = DIRECTION ( 'NONE',  ( 0.7660444431189696868, -0.6427876096865493549, 0.000000000000000000 ) ) ;
#9165 = EDGE_CURVE ( 'NONE', #1873, #2781, #7208, .T. ) ;
#9166 = EDGE_LOOP ( 'NONE', ( #1007, #7615, #1576, #6792 ) ) ;
#9167 = EDGE_CURVE ( 'NONE', #6342, #5428, #2171, .T. ) ;
#9168 = DIRECTION ( 'NONE',  ( 0.2756373558169916693, -0.9612616959383210036, 0.000000000000000000 ) ) ;
#9169 = AXIS2_PLACEMENT_3D ( 'NONE', #6755, #3531, #1778 ) ;
#9170 = CARTESIAN_POINT ( 'NONE',  ( 0.3137765339894902361, -2.985384301558947406, 9.750000000000001776 ) ) ;
#9171 = EDGE_CURVE ( 'NONE', #2594, #1048, #853, .T. ) ;
#9172 = CARTESIAN_POINT ( 'NONE',  ( -1.732050807568880524, -1.000000000000001332, -8.116666666666668917 ) ) ;
#9173 = FACE_OUTER_BOUND ( 'NONE', #8881, .T. ) ;
#9174 = EDGE_LOOP ( 'NONE', ( #9338, #1392 ) ) ;
#9175 = LINE ( 'NONE', #3066, #5190 ) ;
#9176 = ORIENTED_EDGE ( 'NONE', *, *, #5917, .T. ) ;
#9177 = FACE_OUTER_BOUND ( 'NONE', #5479, .T. ) ;
#9178 = VECTOR ( 'NONE', #3031, 1000.000000000000000 ) ;
#9179 = AXIS2_PLACEMENT_3D ( 'NONE', #11104, #5026, #548 ) ;
#9180 = DIRECTION ( 'NONE',  ( 0.8660254037844387076, -0.4999999999999997780, 0.000000000000000000 ) ) ;
#9181 = EDGE_CURVE ( 'NONE', #130, #134, #4222, .T. ) ;
#9182 = EDGE_CURVE ( 'NONE', #6466, #10733, #8478, .T. ) ;
#9183 = FACE_OUTER_BOUND ( 'NONE', #4561, .T. ) ;
#9184 = CARTESIAN_POINT ( 'NONE',  ( -1.338300807568880257, -0.7726683315065862034, -7.679166666666670693 ) ) ;
#9185 = AXIS2_PLACEMENT_3D ( 'NONE', #1287, #11397, #3423 ) ;
#9186 = CARTESIAN_POINT ( 'NONE',  ( -2.157343812172569653, 2.084674477245961999, -9.750000000000001776 ) ) ;
#9187 = EDGE_CURVE ( 'NONE', #7969, #9332, #6301, .T. ) ;
#9188 = CIRCLE ( 'NONE', #26, 3.000000000000000000 ) ;
#9189 = AXIS2_PLACEMENT_3D ( 'NONE', #4915, #5631, #8280 ) ;
#9190 = ORIENTED_EDGE ( 'NONE', *, *, #614, .T. ) ;
#9191 = CARTESIAN_POINT ( 'NONE',  ( 2.649299146609900291, -1.407556049247081997, 8.077500000000000568 ) ) ;
#9192 = VERTEX_POINT ( 'NONE', #6347 ) ;
#9193 = DIRECTION ( 'NONE',  ( -0.000000000000000000, -0.000000000000000000, -1.000000000000000000 ) ) ;
#9194 = FACE_OUTER_BOUND ( 'NONE', #1756, .T. ) ;
#9195 = CARTESIAN_POINT ( 'NONE',  ( 0.000000000000000000, 0.000000000000000000, 8.077500000000000568 ) ) ;
#9196 = VECTOR ( 'NONE', #11125, 1000.000000000000000 ) ;
#9197 = B_SPLINE_CURVE_WITH_KNOTS ( 'NONE', 3,
 ( #1958, #2899, #3702, #3759 ),
 .UNSPECIFIED., .F., .F.,
 ( 4, 4 ),
 ( 3.054997924344272795E-07, 0.0002759181450133579806 ),
 .UNSPECIFIED. ) ;
#9198 = EDGE_CURVE ( 'NONE', #1648, #8121, #902, .T. ) ;
#9199 = EDGE_CURVE ( 'NONE', #9024, #3229, #7997, .T. ) ;
#9200 = CARTESIAN_POINT ( 'NONE',  ( -0.1966118550883900196, -2.811680521731788396, 8.077500000000002345 ) ) ;
#9201 = DIRECTION ( 'NONE',  ( -0.9781476007338057999, -0.2079116908177582046, 0.000000000000000000 ) ) ;
#9202 = CARTESIAN_POINT ( 'NONE',  ( 0.000000000000000000, 0.000000000000000000, -5.175312581422624625 ) ) ;
#9203 = EDGE_LOOP ( 'NONE', ( #11369, #7592, #9296, #7131 ) ) ;
#9204 = CARTESIAN_POINT ( 'NONE',  ( 1.499157810963813731, 2.598562267452174002, -9.750000000000001776 ) ) ;
#9205 = VECTOR ( 'NONE', #7529, 1000.000000000000114 ) ;
#9206 = CIRCLE ( 'NONE', #4189, 3.000000000000000000 ) ;
#9207 = CARTESIAN_POINT ( 'NONE',  ( -2.992624163415381844, -0.2102394267077118406, -9.750000000000001776 ) ) ;
#9208 = CARTESIAN_POINT ( 'NONE',  ( -2.157343812172569653, 2.084674477245961999, 9.449999999999999289 ) ) ;
#9209 = EDGE_CURVE ( 'NONE', #4143, #368, #6283, .T. ) ;
#9210 = ORIENTED_EDGE ( 'NONE', *, *, #6705, .F. ) ;
#9211 = VERTEX_POINT ( 'NONE', #3694 ) ;
#9212 = EDGE_LOOP ( 'NONE', ( #3931, #4657, #4144, #10307 ) ) ;
#9213 = DIRECTION ( 'NONE',  ( 0.000000000000000000, -0.000000000000000000, 1.000000000000000000 ) ) ;
#9214 = CARTESIAN_POINT ( 'NONE',  ( -2.495693764988927099E-16, -2.037888611415574314, -9.334375000000004974 ) ) ;
#9215 = VECTOR ( 'NONE', #692, 1000.000000000000000 ) ;
#9216 = AXIS2_PLACEMENT_3D ( 'NONE', #7935, #947, #7023 ) ;
#9217 = CARTESIAN_POINT ( 'NONE',  ( -0.8922005383792539490, -1.545336663013172851, -6.920833333333337833 ) ) ;
#9218 = EDGE_LOOP ( 'NONE', ( #9737, #10870, #10750, #8906, #11516, #36, #5486, #7038 ) ) ;
#9219 = LINE ( 'NONE', #2059, #6405 ) ;
#9220 = DIRECTION ( 'NONE',  ( -0.000000000000000000, 0.000000000000000000, -1.000000000000000000 ) ) ;
#9221 = LINE ( 'NONE', #11131, #4587 ) ;
#9222 = EDGE_CURVE ( 'NONE', #7962, #6592, #9752, .T. ) ;
#9223 = VECTOR ( 'NONE', #8706, 1000.000000000000114 ) ;
#9224 = DIRECTION ( 'NONE',  ( -0.000000000000000000, 0.000000000000000000, -1.000000000000000000 ) ) ;
#9225 = ORIENTED_EDGE ( 'NONE', *, *, #8867, .F. ) ;
#9226 = AXIS2_PLACEMENT_3D ( 'NONE', #8675, #4491, #8944 ) ;
#9227 = ORIENTED_EDGE ( 'NONE', *, *, #3622, .T. ) ;
#9228 = VERTEX_POINT ( 'NONE', #5421 ) ;
#9229 = DIRECTION ( 'NONE',  ( -0.4999999999999993894, -0.8660254037844389297, 0.000000000000000000 ) ) ;
#9230 = ORIENTED_EDGE ( 'NONE', *, *, #1686, .T. ) ;
#9231 = CARTESIAN_POINT ( 'NONE',  ( -1.500914316448251906, -2.599659853895839312, 9.750000000000001776 ) ) ;
#9232 = CIRCLE ( 'NONE', #5923, 3.000000000000000000 ) ;
#9233 = AXIS2_PLACEMENT_3D ( 'NONE', #11317, #3237, #11202 ) ;
#9234 = CARTESIAN_POINT ( 'NONE',  ( -0.7768966656430936757, 2.709360653135695518, 8.077500000000002345 ) ) ;
#9235 = CARTESIAN_POINT ( 'NONE',  ( -2.775726306570160062, 0.4894354389106047587, 9.750000000000001776 ) ) ;
#9236 = ORIENTED_EDGE ( 'NONE', *, *, #6135, .T. ) ;
#9237 = ORIENTED_EDGE ( 'NONE', *, *, #7134, .T. ) ;
#9238 = LINE ( 'NONE', #10933, #8044 ) ;
#9239 = ORIENTED_EDGE ( 'NONE', *, *, #4556, .F. ) ;
#9240 = EDGE_CURVE ( 'NONE', #9724, #3812, #11077, .T. ) ;
#9241 = ADVANCED_FACE ( 'NONE', ( #6163 ), #2766, .T. ) ;
#9242 = LINE ( 'NONE', #3654, #3846 ) ;
#9243 = VECTOR ( 'NONE', #4004, 1000.000000000000000 ) ;
#9244 = CARTESIAN_POINT ( 'NONE',  ( -2.006669090636827413, -2.230085011985590171, 9.449999999999999289 ) ) ;
#9245 = CARTESIAN_POINT ( 'NONE',  ( -2.859290565133864259, 0.3354387467633492825, 9.571310031034848009 ) ) ;
#9246 = B_SPLINE_CURVE_WITH_KNOTS ( 'NONE', 3,
 ( #8411, #5949, #6805, #10341 ),
 .UNSPECIFIED., .F., .F.,
 ( 4, 4 ),
 ( 3.054997924344472907E-07, 0.0002759181450133579806 ),
 .UNSPECIFIED. ) ;
#9247 = DIRECTION ( 'NONE',  ( 0.000000000000000000, -0.000000000000000000, -1.000000000000000000 ) ) ;
#9248 = CC_DESIGN_SECURITY_CLASSIFICATION ( #9601, ( #11466 ) ) ;
#9249 = ORIENTED_EDGE ( 'NONE', *, *, #6187, .T. ) ;
#9250 = DIRECTION ( 'NONE',  ( -1.000000000000000000, 0.000000000000000000, 0.000000000000000000 ) ) ;
#9251 = PLANE ( 'NONE',  #979 ) ;
#9252 = CARTESIAN_POINT ( 'NONE',  ( -1.499157810963831272, -2.598562267452164232, 8.077500000000000568 ) ) ;
#9253 = ADVANCED_FACE ( 'NONE', ( #7870 ), #7133, .T. ) ;
#9254 = EDGE_CURVE ( 'NONE', #989, #7216, #3276, .T. ) ;
#9255 = DIRECTION ( 'NONE',  ( -0.000000000000000000, -0.000000000000000000, 1.000000000000000000 ) ) ;
#9256 = CARTESIAN_POINT ( 'NONE',  ( -0.1037266918089348039, 2.998206259316789080, 9.449999999999999289 ) ) ;
#9257 = PLANE ( 'NONE',  #3748 ) ;
#9258 = ORIENTED_EDGE ( 'NONE', *, *, #9655, .F. ) ;
#9259 = CARTESIAN_POINT ( 'NONE',  ( 0.000000000000000000, 0.000000000000000000, 8.077500000000000568 ) ) ;
#9260 = CARTESIAN_POINT ( 'NONE',  ( 0.000000000000000000, 0.000000000000000000, 8.077500000000002345 ) ) ;
#9261 = LINE ( 'NONE', #9207, #5695 ) ;
#9262 = EDGE_CURVE ( 'NONE', #6496, #7311, #11541, .T. ) ;
#9263 = CARTESIAN_POINT ( 'NONE',  ( 1.314239397301693257, -2.696808262850749927, 9.449999999999999289 ) ) ;
#9264 = ORIENTED_EDGE ( 'NONE', *, *, #4977, .F. ) ;
#9265 = VERTEX_POINT ( 'NONE', #5169 ) ;
#9266 = DIRECTION ( 'NONE',  ( -0.4694715627858963569, -0.8829475928589239908, 0.000000000000000000 ) ) ;
#9267 = CARTESIAN_POINT ( 'NONE',  ( 1.764863307568882433, 1.018944305707785603, -9.101041666666674246 ) ) ;
#9268 = EDGE_CURVE ( 'NONE', #6320, #6442, #6954, .T. ) ;
#9269 = CARTESIAN_POINT ( 'NONE',  ( -0.5860087391484503083, 2.756954358615478107, 9.631453640997325039 ) ) ;
#9270 = VERTEX_POINT ( 'NONE', #9798 ) ;
#9271 = PLANE ( 'NONE',  #6194 ) ;
#9272 = DIRECTION ( 'NONE',  ( 0.8090169943749504489, 0.5877852522924689183, 0.000000000000000000 ) ) ;
#9273 = DIRECTION ( 'NONE',  ( 0.9271838545667865361, -0.3746065934159141797, 0.000000000000000000 ) ) ;
#9274 = FACE_OUTER_BOUND ( 'NONE', #3291, .T. ) ;
#9275 = ORIENTED_EDGE ( 'NONE', *, *, #6635, .T. ) ;
#9276 = DIRECTION ( 'NONE',  ( 0.000000000000000000, 0.000000000000000000, -1.000000000000000000 ) ) ;
#9277 = FACE_OUTER_BOUND ( 'NONE', #4793, .T. ) ;
#9278 = ORIENTED_EDGE ( 'NONE', *, *, #9187, .F. ) ;
#9279 = DIRECTION ( 'NONE',  ( -1.000000000000000000, 0.000000000000000000, 0.000000000000000000 ) ) ;
#9280 = EDGE_CURVE ( 'NONE', #10092, #6233, #11420, .T. ) ;
#9281 = DIRECTION ( 'NONE',  ( -0.5000000000000084377, -0.8660254037844339337, 0.000000000000000000 ) ) ;
#9282 = CARTESIAN_POINT ( 'NONE',  ( -1.000000000000000000, -0.5773502691896255090, 9.750000000000001776 ) ) ;
#9283 = CARTESIAN_POINT ( 'NONE',  ( -2.680596881209464488, 0.8709787243654864008, 9.750000000000001776 ) ) ;
#9284 = VERTEX_POINT ( 'NONE', #8785 ) ;
#9285 = B_SPLINE_CURVE_WITH_KNOTS ( 'NONE', 3,
 ( #1699, #9740, #4280, #1823 ),
 .UNSPECIFIED., .F., .F.,
 ( 4, 4 ),
 ( 3.021976174288979693E-07, 0.0002759148428383534596 ),
 .UNSPECIFIED. ) ;
#9286 = LINE ( 'NONE', #4001, #4530 ) ;
#9287 = DIRECTION ( 'NONE',  ( -1.000000000000000000, 0.000000000000000000, 0.000000000000000000 ) ) ;
#9288 = ORIENTED_EDGE ( 'NONE', *, *, #102, .F. ) ;
#9289 = ORIENTED_EDGE ( 'NONE', *, *, #11401, .F. ) ;
#9290 = LINE ( 'NONE', #1300, #2915 ) ;
#9291 = DIRECTION ( 'NONE',  ( 0.6691306063588580155, 0.7431448254773944662, 0.000000000000000000 ) ) ;
#9292 = LINE ( 'NONE', #1303, #7483 ) ;
#9293 = LINE ( 'NONE', #7394, #6261 ) ;
#9294 = CARTESIAN_POINT ( 'NONE',  ( -2.544659440449400734, -1.588933079815427751, 9.449999999999999289 ) ) ;
#9295 = ORIENTED_EDGE ( 'NONE', *, *, #6672, .T. ) ;
#9296 = ORIENTED_EDGE ( 'NONE', *, *, #4141, .F. ) ;
#9297 = CARTESIAN_POINT ( 'NONE',  ( -2.742306912204050651, 1.220953701233157718, 8.077500000000002345 ) ) ;
#9298 = FACE_OUTER_BOUND ( 'NONE', #5339, .T. ) ;
#9299 = CARTESIAN_POINT ( 'NONE',  ( -2.992759823733690538, -0.2082993937713003563, 8.077500000000000568 ) ) ;
#9300 = CARTESIAN_POINT ( 'NONE',  ( -0.3922658369820657964, 2.791116459588169896, 8.077500000000002345 ) ) ;
#9301 = CARTESIAN_POINT ( 'NONE',  ( -1.732050807568939366, -1.000000000000035305, -7.329166666666711905 ) ) ;
#9302 = AXIS2_PLACEMENT_3D ( 'NONE', #6542, #9130, #7291 ) ;
#9303 = CARTESIAN_POINT ( 'NONE',  ( -0.3922658369821239166, -2.791116459588161014, 9.631453640997325039 ) ) ;
#9304 = ADVANCED_FACE ( 'NONE', ( #3445 ), #3565, .F. ) ;
#9305 = ADVANCED_FACE ( 'NONE', ( #10609 ), #9027, .T. ) ;
#9306 = DIRECTION ( 'NONE',  ( -0.9781476007338083534, -0.2079116908177468526, 0.000000000000000000 ) ) ;
#9307 = DIRECTION ( 'NONE',  ( 0.000000000000000000, -0.000000000000000000, -1.000000000000000000 ) ) ;
#9308 = DIRECTION ( 'NONE',  ( -1.000000000000000000, 0.000000000000000000, 0.000000000000000000 ) ) ;
#9309 = ORIENTED_EDGE ( 'NONE', *, *, #616, .T. ) ;
#9310 = EDGE_CURVE ( 'NONE', #4182, #1867, #7003, .T. ) ;
#9311 = AXIS2_PLACEMENT_3D ( 'NONE', #7013, #6786, #11245 ) ;
#9312 = CARTESIAN_POINT ( 'NONE',  ( 2.157343812172598074, 2.084674477245932689, 9.449999999999999289 ) ) ;
#9313 = LINE ( 'NONE', #6670, #2106 ) ;
#9314 = LINE ( 'NONE', #143, #2343 ) ;
#9315 = ORIENTED_EDGE ( 'NONE', *, *, #165, .T. ) ;
#9316 = ORIENTED_EDGE ( 'NONE', *, *, #11190, .F. ) ;
#9317 = CARTESIAN_POINT ( 'NONE',  ( -2.158694763139513473, -2.083275526567247127, 9.449999999999999289 ) ) ;
#9318 = ADVANCED_FACE ( 'NONE', ( #11354 ), #3508, .T. ) ;
#9319 = CARTESIAN_POINT ( 'NONE',  ( 1.919999999999992601, 2.351321854362909500E-16, 5.470000000000000639 ) ) ;
#9320 = CARTESIAN_POINT ( 'NONE',  ( -1.338300807568880257, -0.7726683315065862034, -5.579166666666671048 ) ) ;
#9321 = VECTOR ( 'NONE', #8987, 1000.000000000000000 ) ;
#9322 = CARTESIAN_POINT ( 'NONE',  ( 0.8922005383792542821, 1.545336663013172851, -8.758333333333338189 ) ) ;
#9323 = EDGE_LOOP ( 'NONE', ( #5985, #3760, #9025, #5358 ) ) ;
#9324 = PLANE ( 'NONE',  #2097 ) ;
#9325 = ORIENTED_EDGE ( 'NONE', *, *, #10992, .F. ) ;
#9326 = CARTESIAN_POINT ( 'NONE',  ( -2.648386132258334413, -1.409273179501313589, 9.449999999999999289 ) ) ;
#9327 = CARTESIAN_POINT ( 'NONE',  ( 1.146406084414252069, -2.574870223421992677, 9.750000000000001776 ) ) ;
#9328 = VERTEX_POINT ( 'NONE', #4274 ) ;
#9329 = ORIENTED_EDGE ( 'NONE', *, *, #4963, .F. ) ;
#9330 = VECTOR ( 'NONE', #2323, 1000.000000000000000 ) ;
#9331 = DIRECTION ( 'NONE',  ( -0.000000000000000000, 0.000000000000000000, 1.000000000000000000 ) ) ;
#9332 = VERTEX_POINT ( 'NONE', #4225 ) ;
#9333 = CARTESIAN_POINT ( 'NONE',  ( -1.656699982724391340, 2.280251903866816310, 8.077500000000002345 ) ) ;
#9334 = DIRECTION ( 'NONE',  ( 0.000000000000000000, 0.000000000000000000, -1.000000000000000000 ) ) ;
#9335 = CARTESIAN_POINT ( 'NONE',  ( -1.784401076758506788, 6.065988351121004614E-17, -7.037500000000004086 ) ) ;
#9336 = CARTESIAN_POINT ( 'NONE',  ( 1.811726676894017229, -2.159131775987237045, 9.750000000000001776 ) ) ;
#9337 = AXIS2_PLACEMENT_3D ( 'NONE', #9786, #6371, #8949 ) ;
#9338 = ORIENTED_EDGE ( 'NONE', *, *, #2488, .T. ) ;
#9339 = LINE ( 'NONE', #4951, #4921 ) ;
#9340 = CARTESIAN_POINT ( 'NONE',  ( -1.365213383122405144, -0.7240565037316943897, -6.370336663012976963 ) ) ;
#9341 = ORIENTED_EDGE ( 'NONE', *, *, #6493, .T. ) ;
#9342 = ORIENTED_EDGE ( 'NONE', *, *, #5729, .T. ) ;
#9343 = CARTESIAN_POINT ( 'NONE',  ( 2.289816837448992892, -1.744935683522114589, 9.571310031034848009 ) ) ;
#9344 = ADVANCED_FACE ( 'NONE', ( #2569 ), #9552, .F. ) ;
#9345 = CARTESIAN_POINT ( 'NONE',  ( 0.000000000000000000, 0.000000000000000000, 8.077500000000002345 ) ) ;
#9346 = VECTOR ( 'NONE', #2076, 1000.000000000000000 ) ;
#9347 = FACE_OUTER_BOUND ( 'NONE', #2440, .T. ) ;
#9348 = FACE_OUTER_BOUND ( 'NONE', #9218, .T. ) ;
#9349 = DIRECTION ( 'NONE',  ( -0.000000000000000000, 0.000000000000000000, 1.000000000000000000 ) ) ;
#9350 = ORIENTED_EDGE ( 'NONE', *, *, #2338, .F. ) ;
#9351 = ORIENTED_EDGE ( 'NONE', *, *, #8187, .T. ) ;
#9352 = DIRECTION ( 'NONE',  ( 0.9902680687415711391, 0.1391731009600591651, 0.000000000000000000 ) ) ;
#9353 = CARTESIAN_POINT ( 'NONE',  ( 0.000000000000000000, 0.000000000000000000, 8.077500000000002345 ) ) ;
#9354 = DIRECTION ( 'NONE',  ( -1.000000000000000000, 0.000000000000000000, 0.000000000000000000 ) ) ;
#9355 = CARTESIAN_POINT ( 'NONE',  ( 0.1966118550883705629, 2.811680521731790172, 9.750000000000001776 ) ) ;
#9356 = CARTESIAN_POINT ( 'NONE',  ( -2.358276425314553837, -1.754557051144086222, 9.510800894373550918 ) ) ;
#9357 = CIRCLE ( 'NONE', #2474, 1.475000000000006750 ) ;
#9358 = DIRECTION ( 'NONE',  ( 0.9612616959383183390, -0.2756373558170012728, 0.000000000000000000 ) ) ;
#9359 = EDGE_CURVE ( 'NONE', #8398, #6437, #6151, .T. ) ;
#9360 = DIRECTION ( 'NONE',  ( 0.8090169943749154768, -0.5877852522925172130, 0.000000000000000000 ) ) ;
#9361 = CARTESIAN_POINT ( 'NONE',  ( -1.957926820807914359, 2.027492575130240393, 9.750000000000001776 ) ) ;
#9362 = CIRCLE ( 'NONE', #4361, 3.000000000000000000 ) ;
#9363 = VECTOR ( 'NONE', #6003, 1000.000000000000000 ) ;
#9364 = PLANE ( 'NONE',  #4955 ) ;
#9365 = CARTESIAN_POINT ( 'NONE',  ( -1.807015805810755715, 0.8571428571423262976, -6.824999999999973532 ) ) ;
#9366 = ORIENTED_EDGE ( 'NONE', *, *, #8745, .T. ) ;
#9367 = LINE ( 'NONE', #4198, #605 ) ;
#9368 = CARTESIAN_POINT ( 'NONE',  ( -2.819410289580885465, 1.025146632928884749, 9.449999999999999289 ) ) ;
#9369 = PLANE ( 'NONE',  #8477 ) ;
#9370 = ORIENTED_EDGE ( 'NONE', *, *, #10379, .F. ) ;
#9371 = AXIS2_PLACEMENT_3D ( 'NONE', #5449, #7062, #2609 ) ;
#9372 = ORIENTED_EDGE ( 'NONE', *, *, #3621, .T. ) ;
#9373 = EDGE_CURVE ( 'NONE', #5071, #6516, #6469, .T. ) ;
#9374 = EDGE_CURVE ( 'NONE', #3467, #4032, #9465, .T. ) ;
#9375 = VERTEX_POINT ( 'NONE', #9670 ) ;
#9376 = CARTESIAN_POINT ( 'NONE',  ( 2.816829376715344946, -0.09836584936186998362, 9.631453640997325039 ) ) ;
#9377 = ADVANCED_FACE ( 'NONE', ( #4395 ), #1689, .T. ) ;
#9378 = B_SPLINE_CURVE_WITH_KNOTS ( 'NONE', 3,
 ( #2423, #10179, #5997, #11097 ),
 .UNSPECIFIED., .F., .F.,
 ( 4, 4 ),
 ( 3.021976174288979693E-07, 0.0002759148428383533511 ),
 .UNSPECIFIED. ) ;
#9379 = PLANE ( 'NONE',  #3949 ) ;
#9380 = AXIS2_PLACEMENT_3D ( 'NONE', #7739, #7622, #3143 ) ;
#9381 = CARTESIAN_POINT ( 'NONE',  ( 1.784401076758506788, -3.763923298982691022E-16, -7.387500000000003730 ) ) ;
#9382 = B_SPLINE_CURVE_WITH_KNOTS ( 'NONE', 3,
 ( #11386, #1939, #9518, #7044 ),
 .UNSPECIFIED., .F., .F.,
 ( 4, 4 ),
 ( 3.021976174289052750E-07, 0.0002759148428383531885 ),
 .UNSPECIFIED. ) ;
#9383 = ORIENTED_EDGE ( 'NONE', *, *, #11223, .T. ) ;
#9384 = PLANE ( 'NONE',  #8292 ) ;
#9385 = FACE_OUTER_BOUND ( 'NONE', #1059, .T. ) ;
#9386 = CARTESIAN_POINT ( 'NONE',  ( -0.7267091498296911478, 2.910651784661609121, 9.449999999999999289 ) ) ;
#9387 = DIRECTION ( 'NONE',  ( -0.4999999999999979461, 0.8660254037844397068, 0.000000000000000000 ) ) ;
#9388 = ADVANCED_FACE ( 'NONE', ( #2623 ), #9726, .T. ) ;
#9389 = ORIENTED_EDGE ( 'NONE', *, *, #2905, .T. ) ;
#9390 = EDGE_CURVE ( 'NONE', #5933, #3229, #4753, .T. ) ;
#9391 = VECTOR ( 'NONE', #6506, 999.9999999999998863 ) ;
#9392 = CARTESIAN_POINT ( 'NONE',  ( -0.5052580851584829169, -2.018572786424454701, -5.859978049241230558 ) ) ;
#9393 = VECTOR ( 'NONE', #3605, 1000.000000000000000 ) ;
#9394 = FACE_OUTER_BOUND ( 'NONE', #11313, .T. ) ;
#9395 = AXIS2_PLACEMENT_3D ( 'NONE', #80, #3667, #7235 ) ;
#9396 = EDGE_LOOP ( 'NONE', ( #11054, #5892, #11545, #509 ) ) ;
#9397 = CARTESIAN_POINT ( 'NONE',  ( 2.818745138964453112, -1.026974119228069693, 9.449999999999999289 ) ) ;
#9398 = LINE ( 'NONE', #5003, #4707 ) ;
#9399 = CARTESIAN_POINT ( 'NONE',  ( 0.5860087391484685160, -2.756954358615474554, 9.631453640997325039 ) ) ;
#9400 = FACE_OUTER_BOUND ( 'NONE', #5971, .T. ) ;
#9401 = AXIS2_PLACEMENT_3D ( 'NONE', #9481, #4142, #5860 ) ;
#9402 = CIRCLE ( 'NONE', #8091, 3.000000000000000000 ) ;
#9403 = ORIENTED_EDGE ( 'NONE', *, *, #2195, .F. ) ;
#9404 = ORIENTED_EDGE ( 'NONE', *, *, #5218, .F. ) ;
#9405 = ORIENTED_EDGE ( 'NONE', *, *, #4593, .F. ) ;
#9406 = CARTESIAN_POINT ( 'NONE',  ( -1.959195355504986580, -0.2423240419682431424, -6.784195355502714797 ) ) ;
#9407 = CARTESIAN_POINT ( 'NONE',  ( -2.440932748640463945, -1.409273179501315143, 9.631453640997325039 ) ) ;
#9408 = CIRCLE ( 'NONE', #6647, 3.000000000000000000 ) ;
#9409 = ORIENTED_EDGE ( 'NONE', *, *, #1429, .F. ) ;
#9410 = AXIS2_PLACEMENT_3D ( 'NONE', #7933, #7072, #1634 ) ;
#9411 = CARTESIAN_POINT ( 'NONE',  ( 0.000000000000000000, 2.818546359002675583, 9.750000000000001776 ) ) ;
#9412 = CARTESIAN_POINT ( 'NONE',  ( 1.338300807568879813, -0.7726683315065872026, -6.745833333333337123 ) ) ;
#9413 = DIRECTION ( 'NONE',  ( 0.000000000000000000, 0.000000000000000000, 1.000000000000000000 ) ) ;
#9414 = ADVANCED_FACE ( 'NONE', ( #8227 ), #8164, .T. ) ;
#9415 = VERTEX_POINT ( 'NONE', #4508 ) ;
#9416 = VERTEX_POINT ( 'NONE', #10081 ) ;
#9417 = DIRECTION ( 'NONE',  ( 0.6691306063588656761, 0.7431448254773875828, 0.000000000000000000 ) ) ;
#9418 = AXIS2_PLACEMENT_3D ( 'NONE', #2469, #901, #2533 ) ;
#9419 = DIRECTION ( 'NONE',  ( -0.3090169943749009884, 0.9510565162951686302, 0.000000000000000000 ) ) ;
#9420 = CARTESIAN_POINT ( 'NONE',  ( -1.493602012769847054, 2.390262873680863542, 9.631453640997325039 ) ) ;
#9421 = CARTESIAN_POINT ( 'NONE',  ( -2.992759823733686542, 0.2082993937713604748, 9.449999999999999289 ) ) ;
#9422 = LINE ( 'NONE', #11105, #1788 ) ;
#9423 = DIRECTION ( 'NONE',  ( -0.000000000000000000, -0.000000000000000000, 1.000000000000000000 ) ) ;
#9424 = DIRECTION ( 'NONE',  ( 0.9396926207859109814, 0.3420201433256615520, 0.000000000000000000 ) ) ;
#9425 = CARTESIAN_POINT ( 'NONE',  ( -2.775726306570169832, -0.4894354389105491365, 9.631453640997325039 ) ) ;
#9426 = EDGE_CURVE ( 'NONE', #10032, #10107, #1226, .T. ) ;
#9427 = DIRECTION ( 'NONE',  ( -0.8987940462991703683, -0.4383711467890706870, 0.000000000000000000 ) ) ;
#9428 = B_SPLINE_CURVE_WITH_KNOTS ( 'NONE', 3,
 ( #3353, #7616, #5024, #4125 ),
 .UNSPECIFIED., .F., .F.,
 ( 4, 4 ),
 ( 3.021976174289050103E-07, 0.0002759148428383533511 ),
 .UNSPECIFIED. ) ;
#9429 = ORIENTED_EDGE ( 'NONE', *, *, #10104, .T. ) ;
#9430 = DIRECTION ( 'NONE',  ( -0.5591929034707407986, 0.8290375725550457320, 0.000000000000000000 ) ) ;
#9431 = CARTESIAN_POINT ( 'NONE',  ( -0.8922005383792531719, 1.545336663013173073, -8.641666666666671048 ) ) ;
#9432 = DIRECTION ( 'NONE',  ( 0.2419218955996714493, 0.9702957262759955848, 0.000000000000000000 ) ) ;
#9433 = ORIENTED_EDGE ( 'NONE', *, *, #2271, .T. ) ;
#9434 = ORIENTED_EDGE ( 'NONE', *, *, #6779, .T. ) ;
#9435 = CIRCLE ( 'NONE', #879, 3.000000000000000000 ) ;
#9436 = FACE_OUTER_BOUND ( 'NONE', #572, .T. ) ;
#9437 = DIRECTION ( 'NONE',  ( 0.3420201433256648826, -0.9396926207859098712, 0.000000000000000000 ) ) ;
#9438 = PLANE ( 'NONE',  #3014 ) ;
#9439 = CARTESIAN_POINT ( 'NONE',  ( -1.338300807568880257, -0.7726683315065862034, -6.279166666666670338 ) ) ;
#9440 = CARTESIAN_POINT ( 'NONE',  ( 1.338300807568879813, -0.7726683315065872026, -7.533333333333337656 ) ) ;
#9441 = EDGE_CURVE ( 'NONE', #7059, #357, #282, .T. ) ;
#9442 = VERTEX_POINT ( 'NONE', #1996 ) ;
#9443 = VERTEX_POINT ( 'NONE', #2751 ) ;
#9444 = AXIS2_PLACEMENT_3D ( 'NONE', #6321, #930, #10777 ) ;
#9445 = CARTESIAN_POINT ( 'NONE',  ( 0.4992819542412123557, 1.591215285177190797, -6.481267535317745576 ) ) ;
#9446 = DIRECTION ( 'NONE',  ( 0.000000000000000000, 1.000000000000000000, 0.000000000000000000 ) ) ;
#9447 = ORIENTED_EDGE ( 'NONE', *, *, #4670, .T. ) ;
#9448 = VERTEX_POINT ( 'NONE', #7248 ) ;
#9449 = CARTESIAN_POINT ( 'NONE',  ( -1.764863307568881767, -1.018944305707786713, -6.651041666666673180 ) ) ;
#9450 = DIRECTION ( 'NONE',  ( 1.000000000000000000, 0.000000000000000000, 0.000000000000000000 ) ) ;
#9451 = ORIENTED_EDGE ( 'NONE', *, *, #8560, .F. ) ;
#9452 = CARTESIAN_POINT ( 'NONE',  ( -2.405959518911580108, -1.580955559796815235, 9.571310031034848009 ) ) ;
#9453 = DIRECTION ( 'NONE',  ( -0.03489949670249752750, 0.9993908270190957621, 0.000000000000000000 ) ) ;
#9454 = CARTESIAN_POINT ( 'NONE',  ( 0.000000000000000000, 0.000000000000000000, 8.077500000000000568 ) ) ;
#9455 = CARTESIAN_POINT ( 'NONE',  ( 1.338300807568880924, 0.7726683315065854263, -6.629166666666669983 ) ) ;
#9456 = EDGE_CURVE ( 'NONE', #9769, #8910, #3680, .T. ) ;
#9457 = EDGE_CURVE ( 'NONE', #10531, #623, #1388, .T. ) ;
#9458 = ORIENTED_EDGE ( 'NONE', *, *, #2385, .F. ) ;
#9459 = ADVANCED_FACE ( 'NONE', ( #5636 ), #7305, .T. ) ;
#9460 = EDGE_CURVE ( 'NONE', #761, #1909, #3824, .T. ) ;
#9461 = FACE_OUTER_BOUND ( 'NONE', #11462, .T. ) ;
#9462 = VERTEX_POINT ( 'NONE', #5520 ) ;
#9463 = ORIENTED_EDGE ( 'NONE', *, *, #8821, .F. ) ;
#9464 = CARTESIAN_POINT ( 'NONE',  ( 2.221044840433172407, -1.735270409657360791, 9.631453640997325039 ) ) ;
#9465 = B_SPLINE_CURVE_WITH_KNOTS ( 'NONE', 3,
 ( #811, #3385, #5217, #8725 ),
 .UNSPECIFIED., .F., .F.,
 ( 4, 4 ),
 ( 3.021976174288299420E-07, 0.0002759148428383534054 ),
 .UNSPECIFIED. ) ;
#9466 = CARTESIAN_POINT ( 'NONE',  ( 0.000000000000000000, 0.000000000000000000, 8.077500000000000568 ) ) ;
#9467 = ORIENTED_EDGE ( 'NONE', *, *, #5946, .T. ) ;
#9468 = CARTESIAN_POINT ( 'NONE',  ( 2.884052962002325859, 0.8259773074156551154, -9.750000000000001776 ) ) ;
#9469 = EDGE_CURVE ( 'NONE', #6218, #347, #2052, .T. ) ;
#9470 = DIRECTION ( 'NONE',  ( -0.8090169943749817572, -0.5877852522924259526, 0.000000000000000000 ) ) ;
#9471 = EDGE_LOOP ( 'NONE', ( #10765, #419, #5266 ) ) ;
#9472 = PLANE ( 'NONE',  #4006 ) ;
#9473 = CARTESIAN_POINT ( 'NONE',  ( -2.970939380026124788, 0.4165563589839765823, 9.449999999999999289 ) ) ;
#9474 = FACE_OUTER_BOUND ( 'NONE', #3700, .T. ) ;
#9475 = B_SPLINE_CURVE_WITH_KNOTS ( 'NONE', 3,
 ( #8659, #2334, #4916, #4031 ),
 .UNSPECIFIED., .F., .F.,
 ( 4, 4 ),
 ( 3.054997924344054155E-07, 0.0002759181450133578722 ),
 .UNSPECIFIED. ) ;
#9476 = LINE ( 'NONE', #1492, #10127 ) ;
#9477 = CARTESIAN_POINT ( 'NONE',  ( -2.572127436494076491, 1.293144283956012552, 9.571310031034848009 ) ) ;
#9478 = B_SPLINE_CURVE_WITH_KNOTS ( 'NONE', 3,
 ( #5775, #9764, #3936, #9101 ),
 .UNSPECIFIED., .F., .F.,
 ( 4, 4 ),
 ( 3.021976174288299420E-07, 0.0002759148428383529717 ),
 .UNSPECIFIED. ) ;
#9479 = CARTESIAN_POINT ( 'NONE',  ( 1.000000000000000000, 0.5773502691896255090, 9.750000000000001776 ) ) ;
#9480 = CARTESIAN_POINT ( 'NONE',  ( -1.892491597964134370E-16, -1.545336663013173073, -8.350000000000004974 ) ) ;
#9481 = CARTESIAN_POINT ( 'NONE',  ( 2.936231475081719111, 0.6241152666106590807, 9.750000000000001776 ) ) ;
#9482 = ORIENTED_EDGE ( 'NONE', *, *, #11022, .T. ) ;
#9483 = ORIENTED_EDGE ( 'NONE', *, *, #8336, .F. ) ;
#9484 = EDGE_LOOP ( 'NONE', ( #1833, #805, #7331, #6588 ) ) ;
#9485 = EDGE_CURVE ( 'NONE', #3223, #2193, #9143, .T. ) ;
#9486 = EDGE_CURVE ( 'NONE', #10199, #2640, #1103, .T. ) ;
#9487 = CARTESIAN_POINT ( 'NONE',  ( -1.774016172315406425, 0.4474609719526736473, -9.409607592414815258 ) ) ;
#9488 = CARTESIAN_POINT ( 'NONE',  ( 1.848110244803829572, -2.365473243206988485, 9.750000000000001776 ) ) ;
#9489 = DIRECTION ( 'NONE',  ( -1.000000000000000000, 0.000000000000000000, 0.000000000000000000 ) ) ;
#9490 = ORIENTED_EDGE ( 'NONE', *, *, #2699, .T. ) ;
#9491 = DIRECTION ( 'NONE',  ( 0.9902680687415691407, -0.1391731009600742086, 0.000000000000000000 ) ) ;
#9492 = CARTESIAN_POINT ( 'NONE',  ( -2.818745138964445118, 1.026974119228090121, 8.077500000000000568 ) ) ;
#9493 = DIRECTION ( 'NONE',  ( -1.000000000000000000, 0.000000000000000000, 0.000000000000000000 ) ) ;
#9494 = DIRECTION ( 'NONE',  ( -0.6691306063588569053, 0.7431448254773954654, 0.000000000000000000 ) ) ;
#9495 = VERTEX_POINT ( 'NONE', #2986 ) ;
#9496 = EDGE_CURVE ( 'NONE', #2367, #8398, #2331, .T. ) ;
#9497 = DIRECTION ( 'NONE',  ( -0.000000000000000000, 0.000000000000000000, -1.000000000000000000 ) ) ;
#9498 = AXIS2_PLACEMENT_3D ( 'NONE', #10634, #2647, #9751 ) ;
#9499 = DIRECTION ( 'NONE',  ( 1.210143096841420629E-14, 1.000000000000000000, 0.000000000000000000 ) ) ;
#9500 = EDGE_LOOP ( 'NONE', ( #4790, #9050, #5393, #11074 ) ) ;
#9501 = LINE ( 'NONE', #2292, #3252 ) ;
#9502 = CARTESIAN_POINT ( 'NONE',  ( 1.176575538379253549, -2.037888611415574758, -7.219791666666668384 ) ) ;
#9503 = CARTESIAN_POINT ( 'NONE',  ( -1.338300807568880257, -0.7726683315065862034, -6.279166666666670338 ) ) ;
#9504 = CARTESIAN_POINT ( 'NONE',  ( 2.682082674431101488, -1.046180776066072404, 9.571310031034848009 ) ) ;
#9505 = EDGE_LOOP ( 'NONE', ( #1906, #1310, #1600, #10386 ) ) ;
#9506 = CARTESIAN_POINT ( 'NONE',  ( -1.615466457229753239, -0.2596952609301476644, -6.456009155138213274 ) ) ;
#9507 = ORIENTED_EDGE ( 'NONE', *, *, #5879, .F. ) ;
#9508 = CIRCLE ( 'NONE', #10264, 3.000000000000000000 ) ;
#9509 = EDGE_LOOP ( 'NONE', ( #253, #2896, #1868 ) ) ;
#9510 = CARTESIAN_POINT ( 'NONE',  ( 1.500842031447356284, -2.597589882302626663, -9.750000000000001776 ) ) ;
#9511 = ADVANCED_FACE ( 'NONE', ( #7190 ), #9028, .T. ) ;
#9512 = EDGE_CURVE ( 'NONE', #9116, #220, #4908, .T. ) ;
#9513 = DIRECTION ( 'NONE',  ( -0.000000000000000000, 0.000000000000000000, 1.000000000000000000 ) ) ;
#9514 = EDGE_CURVE ( 'NONE', #7720, #8498, #6251, .T. ) ;
#9515 = LINE ( 'NONE', #4959, #7367 ) ;
#9516 = ORIENTED_EDGE ( 'NONE', *, *, #11434, .F. ) ;
#9517 = CARTESIAN_POINT ( 'NONE',  ( -1.154700538379253238, 2.000000000000003553, -8.991666666666670693 ) ) ;
#9518 = CARTESIAN_POINT ( 'NONE',  ( -2.247060466239659160, 1.799661343074442144, 9.571310031034848009 ) ) ;
#9519 = CARTESIAN_POINT ( 'NONE',  ( 2.992759823733688762, 0.2082993937713199795, 9.449999999999999289 ) ) ;
#9520 = PLANE ( 'NONE',  #6094 ) ;
#9521 = CIRCLE ( 'NONE', #10843, 0.5249999999999890310 ) ;
#9522 = EDGE_CURVE ( 'NONE', #8302, #1860, #9977, .T. ) ;
#9523 = ADVANCED_FACE ( 'NONE', ( #6675 ), #10253, .T. ) ;
#9524 = DIRECTION ( 'NONE',  ( -0.000000000000000000, -0.000000000000000000, 1.000000000000000000 ) ) ;
#9525 = CARTESIAN_POINT ( 'NONE',  ( 2.970939380026127452, -0.4165563589839572090, 9.449999999999999289 ) ) ;
#9526 = VERTEX_POINT ( 'NONE', #10371 ) ;
#9527 = EDGE_CURVE ( 'NONE', #890, #8700, #6811, .T. ) ;
#9528 = DIRECTION ( 'NONE',  ( 0.1736481776668752086, -0.9848077530122177903, 0.000000000000000000 ) ) ;
#9529 = VECTOR ( 'NONE', #10147, 1000.000000000000000 ) ;
#9530 = CARTESIAN_POINT ( 'NONE',  ( -1.154700538379255015, 2.000000000000006661, -8.904166666666673891 ) ) ;
#9531 = LINE ( 'NONE', #8658, #4725 ) ;
#9532 = CARTESIAN_POINT ( 'NONE',  ( 1.656699982724407327, -2.280251903866804319, 9.631453640997325039 ) ) ;
#9533 = VERTEX_POINT ( 'NONE', #6777 ) ;
#9534 = VERTEX_POINT ( 'NONE', #5699 ) ;
#9535 = EDGE_CURVE ( 'NONE', #7614, #1994, #6837, .T. ) ;
#9536 = B_SPLINE_CURVE_WITH_KNOTS ( 'NONE', 3,
 ( #1158, #4568, #4632, #9138 ),
 .UNSPECIFIED., .F., .F.,
 ( 4, 4 ),
 ( 3.054997924346261205E-07, 0.0002759181450133580348 ),
 .UNSPECIFIED. ) ;
#9537 = VECTOR ( 'NONE', #11329, 1000.000000000000000 ) ;
#9538 = CIRCLE ( 'NONE', #1546, 3.000000000000000000 ) ;
#9539 = CARTESIAN_POINT ( 'NONE',  ( -0.3138705164079813592, 1.709860608772026724, -9.490231305719632360 ) ) ;
#9540 = CARTESIAN_POINT ( 'NONE',  ( 0.000000000000000000, 0.000000000000000000, -9.750000000000001776 ) ) ;
#9541 = CARTESIAN_POINT ( 'NONE',  ( 1.338300807568880924, 0.7726683315065854263, -7.416666666666672292 ) ) ;
#9542 = EDGE_LOOP ( 'NONE', ( #8161, #4813, #6882, #11490 ) ) ;
#9543 = ADVANCED_FACE ( 'NONE', ( #3914 ), #5924, .T. ) ;
#9544 = PLANE ( 'NONE',  #10426 ) ;
#9545 = AXIS2_PLACEMENT_3D ( 'NONE', #138, #6431, #1981 ) ;
#9547 = FACE_OUTER_BOUND ( 'NONE', #1240, .T. ) ;
#9546 = AXIS2_PLACEMENT_3D ( 'NONE', #990, #6327, #8038 ) ;
#9548 = DIRECTION ( 'NONE',  ( 0.000000000000000000, 0.000000000000000000, -1.000000000000000000 ) ) ;
#9549 = ORIENTED_EDGE ( 'NONE', *, *, #11160, .F. ) ;
#9550 = ORIENTED_EDGE ( 'NONE', *, *, #10742, .T. ) ;
#9551 = CARTESIAN_POINT ( 'NONE',  ( 1.499157810963796633, -2.598562267452185104, 8.077500000000000568 ) ) ;
#9552 = PLANE ( 'NONE',  #2353 ) ;
#9553 = CARTESIAN_POINT ( 'NONE',  ( 0.000000000000000000, 0.000000000000000000, 8.077500000000002345 ) ) ;
#9554 = VECTOR ( 'NONE', #6958, 1000.000000000000000 ) ;
#9555 = CARTESIAN_POINT ( 'NONE',  ( -2.885542882574268830, -0.8274161069873120500, 8.077500000000002345 ) ) ;
#9556 = ORIENTED_EDGE ( 'NONE', *, *, #4055, .T. ) ;
#9557 = CARTESIAN_POINT ( 'NONE',  ( -1.764863307568881767, -1.018944305707786713, -9.494791666666667851 ) ) ;
#9558 = EDGE_CURVE ( 'NONE', #11417, #3058, #2103, .T. ) ;
#9559 = CARTESIAN_POINT ( 'NONE',  ( -1.957926820807955437, -2.027492575130199981, 9.631453640997325039 ) ) ;
#9560 = EDGE_LOOP ( 'NONE', ( #815, #9989, #10537, #1593 ) ) ;
#9561 = CARTESIAN_POINT ( 'NONE',  ( -0.1661679175824871402, 2.874099843752822014, 9.571310031034848009 ) ) ;
#9562 = VECTOR ( 'NONE', #943, 1000.000000000000000 ) ;
#9563 = ORIENTED_EDGE ( 'NONE', *, *, #775, .T. ) ;
#9564 = AXIS2_PLACEMENT_3D ( 'NONE', #5983, #6896, #10437 ) ;
#9565 = ORIENTED_EDGE ( 'NONE', *, *, #2700, .F. ) ;
#9566 = VECTOR ( 'NONE', #129, 999.9999999999998863 ) ;
#9567 = CARTESIAN_POINT ( 'NONE',  ( 1.676772478465699878, -2.487656337893157321, 9.449999999999999289 ) ) ;
#9568 = ORIENTED_EDGE ( 'NONE', *, *, #4783, .F. ) ;
#9569 = CARTESIAN_POINT ( 'NONE',  ( 0.1056702774065307465, 2.998138387812148586, -9.750000000000001776 ) ) ;
#9570 = VERTEX_POINT ( 'NONE', #5810 ) ;
#9571 = DIRECTION ( 'NONE',  ( -0.9135454576425999784, 0.4067366430758024287, 0.000000000000000000 ) ) ;
#9572 = AXIS2_PLACEMENT_3D ( 'NONE', #10208, #469, #11075 ) ;
#9573 = CIRCLE ( 'NONE', #10510, 3.000000000000000000 ) ;
#9574 = CARTESIAN_POINT ( 'NONE',  ( 1.338300807568880924, 0.7726683315065854263, -8.729166666666669627 ) ) ;
#9575 = ORIENTED_EDGE ( 'NONE', *, *, #10949, .F. ) ;
#9576 = PLANE ( 'NONE',  #4057 ) ;
#9577 = EDGE_CURVE ( 'NONE', #3339, #1009, #5043, .T. ) ;
#9578 = EDGE_CURVE ( 'NONE', #1561, #11208, #1454, .T. ) ;
#9579 = FACE_OUTER_BOUND ( 'NONE', #8679, .T. ) ;
#9580 = CARTESIAN_POINT ( 'NONE',  ( 1.493602012769879472, 2.390262873680843558, 8.077500000000002345 ) ) ;
#9581 = DIRECTION ( 'NONE',  ( -0.000000000000000000, -0.000000000000000000, 1.000000000000000000 ) ) ;
#9582 = DIRECTION ( 'NONE',  ( -1.000000000000000000, 0.000000000000000000, 0.000000000000000000 ) ) ;
#9583 = CARTESIAN_POINT ( 'NONE',  ( 2.994516329218108286, -0.2093969802150157933, 9.750000000000001776 ) ) ;
#9584 = AXIS2_PLACEMENT_3D ( 'NONE', #3083, #2970, #4618 ) ;
#9585 = VECTOR ( 'NONE', #4724, 1000.000000000000114 ) ;
#9586 = LINE ( 'NONE', #5963, #7189 ) ;
#9587 = VERTEX_POINT ( 'NONE', #513 ) ;
#9588 = CARTESIAN_POINT ( 'NONE',  ( 1.784401076758506788, -3.763923298982691022E-16, -9.487500000000004263 ) ) ;
#9589 = B_SPLINE_CURVE_WITH_KNOTS ( 'NONE', 3,
 ( #9905, #6196, #871, #87 ),
 .UNSPECIFIED., .F., .F.,
 ( 4, 4 ),
 ( 3.021976174288558823E-07, 0.0002759148428383537306 ),
 .UNSPECIFIED. ) ;
#9590 = DIRECTION ( 'NONE',  ( 0.9945218953682728458, -0.1045284632676587444, 0.000000000000000000 ) ) ;
#9591 = VECTOR ( 'NONE', #10399, 1000.000000000000000 ) ;
#9592 = CARTESIAN_POINT ( 'NONE',  ( 0.000000000000000000, 0.000000000000000000, 8.077500000000002345 ) ) ;
#9593 = ORIENTED_EDGE ( 'NONE', *, *, #258, .F. ) ;
#9594 = EDGE_CURVE ( 'NONE', #9875, #144, #2727, .T. ) ;
#9595 = CARTESIAN_POINT ( 'NONE',  ( 1.323227363945454149, -2.488628723042713542, 9.750000000000001776 ) ) ;
#9596 = ADVANCED_FACE ( 'NONE', ( #9436 ), #3040, .T. ) ;
#9597 = CARTESIAN_POINT ( 'NONE',  ( -1.338300807568880257, -0.7726683315065862034, -7.066666666666671759 ) ) ;
#9598 = CARTESIAN_POINT ( 'NONE',  ( 1.146406084414269611, 2.574870223421984239, 9.631453640997325039 ) ) ;
#9599 = VERTEX_POINT ( 'NONE', #6614 ) ;
#9600 = ORIENTED_EDGE ( 'NONE', *, *, #4335, .T. ) ;
#9601 = SECURITY_CLASSIFICATION ( '', '', #2012 ) ;
#9602 = CARTESIAN_POINT ( 'NONE',  ( 1.459740664889563888, 0.7695558464727969561, -9.578721740881082525 ) ) ;
#9603 = DIRECTION ( 'NONE',  ( -1.000000000000000000, 0.000000000000000000, 0.000000000000000000 ) ) ;
#9604 = PLANE ( 'NONE',  #5117 ) ;
#9605 = CARTESIAN_POINT ( 'NONE',  ( 1.475000000000007860, 0.000000000000000000, -9.750000000000001776 ) ) ;
#9606 = CARTESIAN_POINT ( 'NONE',  ( -1.338300807568880257, -0.7726683315065862034, -7.066666666666671759 ) ) ;
#9607 = EDGE_CURVE ( 'NONE', #10156, #5809, #3693, .T. ) ;
#9608 = EDGE_LOOP ( 'NONE', ( #9886, #8170, #2246, #10120 ) ) ;
#9609 = FACE_OUTER_BOUND ( 'NONE', #4529, .T. ) ;
#9610 = DIRECTION ( 'NONE',  ( -0.9975640502598235315, 0.06975647374413748714, 0.000000000000000000 ) ) ;
#9611 = CARTESIAN_POINT ( 'NONE',  ( 2.859290565133866480, -0.3354387467633306863, 9.571310031034848009 ) ) ;
#9612 = EDGE_LOOP ( 'NONE', ( #2232, #10166, #707 ) ) ;
#9613 = ORIENTED_EDGE ( 'NONE', *, *, #9692, .T. ) ;
#9614 = ORIENTED_EDGE ( 'NONE', *, *, #1945, .T. ) ;
#9615 = ORIENTED_EDGE ( 'NONE', *, *, #9594, .F. ) ;
#9616 = VECTOR ( 'NONE', #4914, 1000.000000000000000 ) ;
#9617 = DIRECTION ( 'NONE',  ( 0.000000000000000000, 0.000000000000000000, -1.000000000000000000 ) ) ;
#9618 = CARTESIAN_POINT ( 'NONE',  ( -1.338300807568880035, 0.7726683315065867586, -9.983333333333339610 ) ) ;
#9619 = EDGE_CURVE ( 'NONE', #3507, #5770, #5759, .T. ) ;
#9620 = ORIENTED_EDGE ( 'NONE', *, *, #8994, .T. ) ;
#9621 = CARTESIAN_POINT ( 'NONE',  ( -1.764863307568881767, -1.018944305707786713, -8.094791666666669272 ) ) ;
#9622 = VECTOR ( 'NONE', #2959, 1000.000000000000000 ) ;
#9623 = CARTESIAN_POINT ( 'NONE',  ( 0.000000000000000000, 1.545336663013173073, -6.512500000000004619 ) ) ;
#9624 = ORIENTED_EDGE ( 'NONE', *, *, #5144, .T. ) ;
#9625 = DIRECTION ( 'NONE',  ( 0.3746065934159207855, 0.9271838545667837606, 0.000000000000000000 ) ) ;
#9626 = B_SPLINE_CURVE_WITH_KNOTS ( 'NONE', 3,
 ( #1089, #9007, #6253, #4674 ),
 .UNSPECIFIED., .F., .F.,
 ( 4, 4 ),
 ( 3.054997924343294472E-07, 0.0002759181450133579806 ),
 .UNSPECIFIED. ) ;
#9627 = ORIENTED_EDGE ( 'NONE', *, *, #2996, .T. ) ;
#9628 = FACE_OUTER_BOUND ( 'NONE', #5835, .T. ) ;
#9629 = CARTESIAN_POINT ( 'NONE',  ( 2.533292686689803119, 1.235569399674175894, 9.750000000000001776 ) ) ;
#9630 = EDGE_LOOP ( 'NONE', ( #4446, #2116, #9019 ) ) ;
#9631 = ORIENTED_EDGE ( 'NONE', *, *, #2866, .T. ) ;
#9632 = CARTESIAN_POINT ( 'NONE',  ( 2.000000000000004441, 4.183359790313660798E-15, -7.037500000000005862 ) ) ;
#9633 = CARTESIAN_POINT ( 'NONE',  ( -1.811726676894046317, -2.159131775987212620, 9.750000000000001776 ) ) ;
#9634 = EDGE_CURVE ( 'NONE', #5900, #2222, #4922, .T. ) ;
#9635 = ORIENTED_EDGE ( 'NONE', *, *, #9112, .T. ) ;
#9636 = EDGE_CURVE ( 'NONE', #6341, #6842, #8443, .T. ) ;
#9637 = PLANE ( 'NONE',  #8630 ) ;
#9638 = DIRECTION ( 'NONE',  ( 0.9396926207859076507, -0.3420201433256708223, 0.000000000000000000 ) ) ;
#9639 = CARTESIAN_POINT ( 'NONE',  ( -0.2741049408698567058, 2.926568746041095181, 9.510800894373550918 ) ) ;
#9640 = ORIENTED_EDGE ( 'NONE', *, *, #10186, .F. ) ;
#9641 = ORIENTED_EDGE ( 'NONE', *, *, #6694, .F. ) ;
#9642 = DIRECTION ( 'NONE',  ( 0.2079116908177612022, 0.9781476007338052447, 0.000000000000000000 ) ) ;
#9643 = CARTESIAN_POINT ( 'NONE',  ( 2.801581052984040809, 0.6627256538376444794, 9.571310031034848009 ) ) ;
#9644 = ORIENTED_EDGE ( 'NONE', *, *, #1714, .F. ) ;
#9645 = CARTESIAN_POINT ( 'NONE',  ( 1.338300807568880924, 0.7726683315065854263, -8.029166666666670338 ) ) ;
#9646 = DIRECTION ( 'NONE',  ( 0.1045284632676587444, 0.9945218953682728458, 0.000000000000000000 ) ) ;
#9647 = ORIENTED_EDGE ( 'NONE', *, *, #10414, .T. ) ;
#9648 = DIRECTION ( 'NONE',  ( -0.000000000000000000, -0.000000000000000000, -1.000000000000000000 ) ) ;
#9649 = DIRECTION ( 'NONE',  ( -0.9975640502598240866, 0.06975647374412705104, 0.000000000000000000 ) ) ;
#9650 = CARTESIAN_POINT ( 'NONE',  ( 1.315987345267958686, -2.695955731664485988, -9.750000000000001776 ) ) ;
#9651 = CARTESIAN_POINT ( 'NONE',  ( -0.3126183150084983486, -2.983667171304675847, 8.077500000000000568 ) ) ;
#9652 = DIRECTION ( 'NONE',  ( -0.000000000000000000, -0.000000000000000000, -1.000000000000000000 ) ) ;
#9653 = ORIENTED_EDGE ( 'NONE', *, *, #1734, .T. ) ;
#9654 = CARTESIAN_POINT ( 'NONE',  ( 0.000000000000000000, 0.000000000000000000, 8.077500000000002345 ) ) ;
#9655 = EDGE_CURVE ( 'NONE', #6442, #3233, #3415, .T. ) ;
#9656 = EDGE_CURVE ( 'NONE', #6735, #4155, #6210, .T. ) ;
#9657 = ORIENTED_EDGE ( 'NONE', *, *, #2624, .T. ) ;
#9658 = DIRECTION ( 'NONE',  ( 0.2419218955996763898, 0.9702957262759942525, 0.000000000000000000 ) ) ;
#9659 = EDGE_CURVE ( 'NONE', #8775, #6641, #11124, .T. ) ;
#9660 = LINE ( 'NONE', #9784, #6611 ) ;
#9661 = CARTESIAN_POINT ( 'NONE',  ( 2.992759823733688762, 0.2082993937713199795, 9.449999999999999289 ) ) ;
#9662 = CARTESIAN_POINT ( 'NONE',  ( -0.5261845294540690166, -1.861921098895391591, -9.299174986970568213 ) ) ;
#9663 = ORIENTED_EDGE ( 'NONE', *, *, #5975, .F. ) ;
#9664 = CARTESIAN_POINT ( 'NONE',  ( 0.7248221475199085884, 2.911122267178867684, -9.750000000000001776 ) ) ;
#9665 = ORIENTED_EDGE ( 'NONE', *, *, #948, .F. ) ;
#9666 = CARTESIAN_POINT ( 'NONE',  ( -2.734823486451073205, -0.6818680780054423574, 8.077500000000002345 ) ) ;
#9667 = CARTESIAN_POINT ( 'NONE',  ( 1.811726676894031884, 2.159131775987225499, 8.077500000000002345 ) ) ;
#9668 = VERTEX_POINT ( 'NONE', #681 ) ;
#9669 = VERTEX_POINT ( 'NONE', #7856 ) ;
#9670 = CARTESIAN_POINT ( 'NONE',  ( -0.3922658369821241942, -2.791116459588161458, 8.077500000000002345 ) ) ;
#9671 = EDGE_CURVE ( 'NONE', #2347, #4331, #11293, .T. ) ;
#9672 = LINE ( 'NONE', #10674, #10146 ) ;
#9673 = ORIENTED_EDGE ( 'NONE', *, *, #6877, .F. ) ;
#9674 = ADVANCED_FACE ( 'NONE', ( #8662 ), #5259, .F. ) ;
#9675 = CARTESIAN_POINT ( 'NONE',  ( -1.656699982724437969, -2.280251903866782115, 9.631453640997325039 ) ) ;
#9676 = CARTESIAN_POINT ( 'NONE',  ( -1.176575538379255104, -2.037888611415573870, -8.036458333333335702 ) ) ;
#9677 = CARTESIAN_POINT ( 'NONE',  ( 0.000000000000000000, 1.545336663013173073, -5.812500000000004441 ) ) ;
#9678 = ORIENTED_EDGE ( 'NONE', *, *, #10965, .F. ) ;
#9679 = ORIENTED_EDGE ( 'NONE', *, *, #11300, .F. ) ;
#9680 = VECTOR ( 'NONE', #2178, 1000.000000000000000 ) ;
#9681 = VERTEX_POINT ( 'NONE', #11404 ) ;
#9682 = CIRCLE ( 'NONE', #3736, 1.930578512396687874 ) ;
#9683 = ORIENTED_EDGE ( 'NONE', *, *, #4645, .F. ) ;
#9684 = CARTESIAN_POINT ( 'NONE',  ( 0.3922658369821047653, 2.791116459588163679, 9.631453640997325039 ) ) ;
#9685 = CARTESIAN_POINT ( 'NONE',  ( -1.314239397301675938, 2.696808262850759252, 9.449999999999999289 ) ) ;
#9686 = CARTESIAN_POINT ( 'NONE',  ( 0.000000000000000000, 0.000000000000000000, -6.824999999999974420 ) ) ;
#9687 = CARTESIAN_POINT ( 'NONE',  ( -1.338300807568880035, 0.7726683315065867586, -9.195833333333336412 ) ) ;
#9688 = CARTESIAN_POINT ( 'NONE',  ( 0.000000000000000000, 0.000000000000000000, 8.077500000000000568 ) ) ;
#9689 = AXIS2_PLACEMENT_3D ( 'NONE', #4855, #11052, #4622 ) ;
#9690 = ORIENTED_EDGE ( 'NONE', *, *, #8798, .F. ) ;
#9691 = CARTESIAN_POINT ( 'NONE',  ( -0.3145524316524310748, -2.983463887453901009, 9.449999999999999289 ) ) ;
#9692 = EDGE_CURVE ( 'NONE', #2696, #5560, #5812, .T. ) ;
#9693 = PLANE ( 'NONE',  #7644 ) ;
#9694 = LINE ( 'NONE', #1879, #11066 ) ;
#9695 = CARTESIAN_POINT ( 'NONE',  ( 0.000000000000000000, 0.000000000000000000, 9.449999999999999289 ) ) ;
#9696 = FACE_OUTER_BOUND ( 'NONE', #8172, .T. ) ;
#9697 = AXIS2_PLACEMENT_3D ( 'NONE', #8466, #5412, #10744 ) ;
#9698 = CARTESIAN_POINT ( 'NONE',  ( 0.000000000000000000, 1.545336663013173073, -8.612500000000004263 ) ) ;
#9699 = DIRECTION ( 'NONE',  ( -0.000000000000000000, -0.000000000000000000, -1.000000000000000000 ) ) ;
#9700 = AXIS2_PLACEMENT_3D ( 'NONE', #8337, #5574, #5687 ) ;
#9701 = ORIENTED_EDGE ( 'NONE', *, *, #8897, .T. ) ;
#9702 = CARTESIAN_POINT ( 'NONE',  ( 0.000000000000000000, 0.000000000000000000, 8.077500000000002345 ) ) ;
#9703 = EDGE_CURVE ( 'NONE', #10346, #8528, #3491, .T. ) ;
#9704 = ORIENTED_EDGE ( 'NONE', *, *, #2356, .F. ) ;
#9705 = DIRECTION ( 'NONE',  ( -0.000000000000000000, 0.000000000000000000, 1.000000000000000000 ) ) ;
#9706 = CARTESIAN_POINT ( 'NONE',  ( -2.734823486451072760, -0.6818680780054423574, 9.631453640997325039 ) ) ;
#9707 = VECTOR ( 'NONE', #10912, 1000.000000000000000 ) ;
#9708 = CARTESIAN_POINT ( 'NONE',  ( 0.9639996296761388361, 2.648567214897803002, 8.077500000000002345 ) ) ;
#9709 = ORIENTED_EDGE ( 'NONE', *, *, #409, .T. ) ;
#9710 = VECTOR ( 'NONE', #4602, 1000.000000000000000 ) ;
#9711 = CARTESIAN_POINT ( 'NONE',  ( 0.000000000000000000, 2.000000000000003553, -7.650000000000003908 ) ) ;
#9712 = CARTESIAN_POINT ( 'NONE',  ( -1.545336663012173206, -0.1249266950520921127, -6.370336663013145717 ) ) ;
#9713 = FACE_OUTER_BOUND ( 'NONE', #10475, .T. ) ;
#9714 = ORIENTED_EDGE ( 'NONE', *, *, #1023, .F. ) ;
#9715 = DIRECTION ( 'NONE',  ( -1.000000000000000000, 0.000000000000000000, 0.000000000000000000 ) ) ;
#9716 = ORIENTED_EDGE ( 'NONE', *, *, #8489, .F. ) ;
#9717 = CARTESIAN_POINT ( 'NONE',  ( -1.386683101697087084, 1.264073363410622264, -6.691956357103726383 ) ) ;
#9718 = EDGE_CURVE ( 'NONE', #3207, #1596, #1333, .T. ) ;
#9719 = EDGE_CURVE ( 'NONE', #3619, #9998, #824, .T. ) ;
#9720 = LINE ( 'NONE', #2686, #6820 ) ;
#9721 = ORIENTED_EDGE ( 'NONE', *, *, #4301, .F. ) ;
#9722 = VECTOR ( 'NONE', #11548, 1000.000000000000000 ) ;
#9723 = ORIENTED_EDGE ( 'NONE', *, *, #9636, .F. ) ;
#9724 = VERTEX_POINT ( 'NONE', #625 ) ;
#9725 = EDGE_CURVE ( 'NONE', #9071, #2860, #8766, .T. ) ;
#9726 = PLANE ( 'NONE',  #10909 ) ;
#9727 = CARTESIAN_POINT ( 'NONE',  ( 1.338300807568879813, -0.7726683315065872026, -8.233333333333339610 ) ) ;
#9728 = CARTESIAN_POINT ( 'NONE',  ( 2.336680831601432473, 1.576111122057602953, 9.631453640997325039 ) ) ;
#9729 = ORIENTED_EDGE ( 'NONE', *, *, #11452, .T. ) ;
#9730 = DIRECTION ( 'NONE',  ( 0.1045284632676420217, -0.9945218953682745111, 0.000000000000000000 ) ) ;
#9731 = CIRCLE ( 'NONE', #2308, 1.475000000000007860 ) ;
#9732 = CARTESIAN_POINT ( 'NONE',  ( -1.764863307568881545, 1.018944305707787379, -8.911458333333335702 ) ) ;
#9733 = B_SPLINE_CURVE_WITH_KNOTS ( 'NONE', 3,
 ( #2761, #8914, #8055, #39 ),
 .UNSPECIFIED., .F., .F.,
 ( 4, 4 ),
 ( 3.021976174285898611E-07, 0.0002759148428383534054 ),
 .UNSPECIFIED. ) ;
#9734 = AXIS2_PLACEMENT_3D ( 'NONE', #1141, #10822, #3774 ) ;
#9735 = CARTESIAN_POINT ( 'NONE',  ( -1.892491597964134370E-16, -1.545336663013173073, -9.750000000000005329 ) ) ;
#9736 = VERTEX_POINT ( 'NONE', #7752 ) ;
#9737 = ORIENTED_EDGE ( 'NONE', *, *, #10533, .F. ) ;
#9738 = EDGE_CURVE ( 'NONE', #9998, #8398, #7732, .T. ) ;
#9739 = ADVANCED_FACE ( 'NONE', ( #10183 ), #5077, .T. ) ;
#9740 = CARTESIAN_POINT ( 'NONE',  ( 2.816148808746814503, 0.8421662727203704790, 9.510800894373550918 ) ) ;
#9741 = ORIENTED_EDGE ( 'NONE', *, *, #9738, .F. ) ;
#9742 = VERTEX_POINT ( 'NONE', #11276 ) ;
#9743 = EDGE_CURVE ( 'NONE', #357, #2078, #4014, .T. ) ;
#9744 = CARTESIAN_POINT ( 'NONE',  ( 0.1966118550883700078, 2.811680521731789728, 9.631453640997325039 ) ) ;
#9745 = AXIS2_PLACEMENT_3D ( 'NONE', #7457, #6541, #4621 ) ;
#9746 = CARTESIAN_POINT ( 'NONE',  ( 2.159334809438592462, 2.085245386525015121, 8.077500000000002345 ) ) ;
#9747 = DIRECTION ( 'NONE',  ( -0.000000000000000000, -0.000000000000000000, -1.000000000000000000 ) ) ;
#9748 = ORIENTED_EDGE ( 'NONE', *, *, #832, .F. ) ;
#9749 = DIRECTION ( 'NONE',  ( 0.000000000000000000, 0.000000000000000000, 1.000000000000000000 ) ) ;
#9750 = CARTESIAN_POINT ( 'NONE',  ( -1.892491597964134370E-16, -1.545336663013173073, -7.562500000000004441 ) ) ;
#9751 = DIRECTION ( 'NONE',  ( -0.1045284632676652392, -0.9945218953682720686, 0.000000000000000000 ) ) ;
#9752 = CIRCLE ( 'NONE', #3091, 3.000000000000000000 ) ;
#9753 = AXIS2_PLACEMENT_3D ( 'NONE', #7598, #3166, #1412 ) ;
#9754 = ORIENTED_EDGE ( 'NONE', *, *, #9426, .T. ) ;
#9755 = EDGE_CURVE ( 'NONE', #9228, #10961, #4127, .T. ) ;
#9756 = ORIENTED_EDGE ( 'NONE', *, *, #6318, .F. ) ;
#9757 = DIRECTION ( 'NONE',  ( 0.000000000000000000, -0.000000000000000000, 1.000000000000000000 ) ) ;
#9758 = DIRECTION ( 'NONE',  ( 0.2419218955996601528, -0.9702957262759983603, 0.000000000000000000 ) ) ;
#9759 = VECTOR ( 'NONE', #3369, 1000.000000000000114 ) ;
#9760 = CIRCLE ( 'NONE', #261, 3.000000000000000000 ) ;
#9761 = EDGE_CURVE ( 'NONE', #4592, #978, #2175, .T. ) ;
#9762 = CARTESIAN_POINT ( 'NONE',  ( -0.8922005383792538380, -1.545336663013172851, -9.020833333333337478 ) ) ;
#9763 = DIRECTION ( 'NONE',  ( -1.000000000000000000, 0.000000000000000000, 0.000000000000000000 ) ) ;
#9764 = CARTESIAN_POINT ( 'NONE',  ( 2.091138695635931022, 2.065690465565419132, 9.510800894373550918 ) ) ;
#9765 = ORIENTED_EDGE ( 'NONE', *, *, #6722, .T. ) ;
#9766 = FACE_OUTER_BOUND ( 'NONE', #6892, .T. ) ;
#9767 = LINE ( 'NONE', #3484, #11170 ) ;
#9768 = AXIS2_PLACEMENT_3D ( 'NONE', #11416, #8956, #3675 ) ;
#9769 = VERTEX_POINT ( 'NONE', #10355 ) ;
#9770 = CARTESIAN_POINT ( 'NONE',  ( 2.934644818296865854, 0.6227839034876823110, 8.077500000000000568 ) ) ;
#9771 = VECTOR ( 'NONE', #11355, 1000.000000000000000 ) ;
#9772 = CARTESIAN_POINT ( 'NONE',  ( -1.365213383122405144, -0.7240565037316943897, -6.370336663012976963 ) ) ;
#9773 = B_SPLINE_CURVE_WITH_KNOTS ( 'NONE', 3,
 ( #1856, #2083, #1253, #4729 ),
 .UNSPECIFIED., .F., .F.,
 ( 4, 4 ),
 ( 3.054997924342157331E-07, 0.0002759181450133577638 ),
 .UNSPECIFIED. ) ;
#9774 = CARTESIAN_POINT ( 'NONE',  ( -1.784401076758506788, 6.065988351121004614E-17, -9.837500000000003908 ) ) ;
#9775 = CARTESIAN_POINT ( 'NONE',  ( 0.000000000000000000, 0.000000000000000000, 8.077500000000000568 ) ) ;
#9776 = VERTEX_POINT ( 'NONE', #10409 ) ;
#9777 = CARTESIAN_POINT ( 'NONE',  ( -0.1273272774797541418, -1.566922473286471940, -9.658177670818634653 ) ) ;
#9778 = EDGE_CURVE ( 'NONE', #6373, #1596, #4903, .T. ) ;
#9779 = VECTOR ( 'NONE', #6315, 1000.000000000000000 ) ;
#9780 = LINE ( 'NONE', #7755, #4202 ) ;
#9781 = AXIS2_PLACEMENT_3D ( 'NONE', #5993, #656, #1533 ) ;
#9782 = VERTEX_POINT ( 'NONE', #11103 ) ;
#9783 = CARTESIAN_POINT ( 'NONE',  ( 0.000000000000000000, 0.000000000000000000, 8.077500000000000568 ) ) ;
#9784 = CARTESIAN_POINT ( 'NONE',  ( 3.000000000000000000, 3.673940397442059868E-16, -9.750000000000001776 ) ) ;
#9785 = CARTESIAN_POINT ( 'NONE',  ( 1.315987345267958464, -2.695955731664486432, 9.449999999999999289 ) ) ;
#9786 = CARTESIAN_POINT ( 'NONE',  ( -1.029986994958729862E-14, -1.475000000000007860, -9.750000000000001776 ) ) ;
#9787 = EDGE_LOOP ( 'NONE', ( #7595, #4406 ) ) ;
#9788 = CARTESIAN_POINT ( 'NONE',  ( 0.000000000000000000, 0.000000000000000000, 8.077500000000002345 ) ) ;
#9789 = CARTESIAN_POINT ( 'NONE',  ( 0.000000000000000000, 0.000000000000000000, 8.077500000000000568 ) ) ;
#9790 = ORIENTED_EDGE ( 'NONE', *, *, #1023, .T. ) ;
#9791 = DIRECTION ( 'NONE',  ( -0.000000000000000000, -0.000000000000000000, -1.000000000000000000 ) ) ;
#9792 = LINE ( 'NONE', #8159, #1583 ) ;
#9793 = DIRECTION ( 'NONE',  ( 0.7193398003386546335, 0.6946583704589937014, 0.000000000000000000 ) ) ;
#9794 = AXIS2_PLACEMENT_3D ( 'NONE', #4236, #7782, #11316 ) ;
#9795 = EDGE_LOOP ( 'NONE', ( #9366, #7738, #2835 ) ) ;
#9796 = ORIENTED_EDGE ( 'NONE', *, *, #2849, .F. ) ;
#9797 = ORIENTED_EDGE ( 'NONE', *, *, #182, .F. ) ;
#9798 = CARTESIAN_POINT ( 'NONE',  ( 2.992624163415379179, -0.2102394267077520029, 9.449999999999999289 ) ) ;
#9799 = CARTESIAN_POINT ( 'NONE',  ( 1.338300807568879813, -0.7726683315065872026, -9.633333333333338189 ) ) ;
#9800 = VERTEX_POINT ( 'NONE', #7671 ) ;
#9801 = CARTESIAN_POINT ( 'NONE',  ( 1.732050807568879858, -1.000000000000002665, -8.583333333333337478 ) ) ;
#9802 = CARTESIAN_POINT ( 'NONE',  ( 2.353151076758508875, -4.808700099505280283E-16, -5.703125000000001776 ) ) ;
#9803 = CARTESIAN_POINT ( 'NONE',  ( 0.8922005383792529498, -1.545336663013173517, -9.691666666666669983 ) ) ;
#9804 = ORIENTED_EDGE ( 'NONE', *, *, #8389, .F. ) ;
#9805 = DIRECTION ( 'NONE',  ( 0.000000000000000000, 0.000000000000000000, -1.000000000000000000 ) ) ;
#9806 = VERTEX_POINT ( 'NONE', #4969 ) ;
#9807 = CARTESIAN_POINT ( 'NONE',  ( -1.493602012769847054, 2.390262873680863542, 9.631453640997325039 ) ) ;
#9808 = DIRECTION ( 'NONE',  ( 0.000000000000000000, 0.000000000000000000, -1.000000000000000000 ) ) ;
#9809 = EDGE_LOOP ( 'NONE', ( #892, #5152, #6133, #6033 ) ) ;
#9810 = VERTEX_POINT ( 'NONE', #374 ) ;
#9811 = CARTESIAN_POINT ( 'NONE',  ( -1.999999999991945776, -0.5358983848762088886, -8.756239260882230369 ) ) ;
#9812 = DIRECTION ( 'NONE',  ( 0.8090169943749396797, -0.5877852522924835732, 0.000000000000000000 ) ) ;
#9813 = ADVANCED_FACE ( 'NONE', ( #8375 ), #9472, .F. ) ;
#9814 = VERTEX_POINT ( 'NONE', #9299 ) ;
#9815 = EDGE_CURVE ( 'NONE', #6547, #3125, #3955, .T. ) ;
#9816 = DIRECTION ( 'NONE',  ( 0.7660444431190109871, 0.6427876096865001720, 0.000000000000000000 ) ) ;
#9817 = EDGE_CURVE ( 'NONE', #7246, #9874, #10501, .T. ) ;
#9818 = CARTESIAN_POINT ( 'NONE',  ( -0.7768966656431478546, -2.709360653135679087, 9.631453640997325039 ) ) ;
#9819 = EDGE_CURVE ( 'NONE', #6626, #3292, #8458, .T. ) ;
#9820 = ORIENTED_EDGE ( 'NONE', *, *, #1814, .F. ) ;
#9821 = DIRECTION ( 'NONE',  ( 0.6691306063588509101, -0.7431448254774006834, 0.000000000000000000 ) ) ;
#9822 = CARTESIAN_POINT ( 'NONE',  ( 0.06929011911681125235, -2.938560365775491956, 9.510800894373550918 ) ) ;
#9823 = CARTESIAN_POINT ( 'NONE',  ( -1.000000000000000000, 0.5773502691896256200, 8.250000000000001776 ) ) ;
#9824 = CARTESIAN_POINT ( 'NONE',  ( -1.482864587467278561, 0.4349459935304481606, -6.370336663013146605 ) ) ;
#9825 = EDGE_CURVE ( 'NONE', #1153, #6674, #5792, .T. ) ;
#9826 = DIRECTION ( 'NONE',  ( 0.9396926207859052083, -0.3420201433256773171, 0.000000000000000000 ) ) ;
#9827 = CARTESIAN_POINT ( 'NONE',  ( -1.323227363945487456, -2.488628723042695334, 8.077500000000002345 ) ) ;
#9828 = ORIENTED_EDGE ( 'NONE', *, *, #7467, .T. ) ;
#9829 = FACE_OUTER_BOUND ( 'NONE', #9212, .T. ) ;
#9830 = ORIENTED_EDGE ( 'NONE', *, *, #4817, .F. ) ;
#9831 = CARTESIAN_POINT ( 'NONE',  ( 3.000000000000000000, 3.673940397442059868E-16, 9.449999999999999289 ) ) ;
#9832 = ORIENTED_EDGE ( 'NONE', *, *, #10747, .F. ) ;
#9833 = CARTESIAN_POINT ( 'NONE',  ( -2.936231475081722664, -0.6241152666106390967, 9.750000000000001776 ) ) ;
#9834 = EDGE_CURVE ( 'NONE', #7778, #1372, #5552, .T. ) ;
#9835 = CARTESIAN_POINT ( 'NONE',  ( 1.323227363945454149, -2.488628723042713542, 9.750000000000001776 ) ) ;
#9836 = ORIENTED_EDGE ( 'NONE', *, *, #727, .T. ) ;
#9837 = CARTESIAN_POINT ( 'NONE',  ( 0.000000000000000000, 0.000000000000000000, 9.449999999999999289 ) ) ;
#9838 = CARTESIAN_POINT ( 'NONE',  ( 0.000000000000000000, 0.000000000000000000, 9.449999999999999289 ) ) ;
#9839 = EDGE_LOOP ( 'NONE', ( #2472, #11418, #7867, #8434, #5066, #11060, #4523 ) ) ;
#9840 = PLANE ( 'NONE',  #7513 ) ;
#9841 = B_SPLINE_CURVE_WITH_KNOTS ( 'NONE', 3,
 ( #7779, #6742, #3290, #6801 ),
 .UNSPECIFIED., .F., .F.,
 ( 4, 4 ),
 ( 3.054997924348442844E-07, 0.0002759181450133580348 ),
 .UNSPECIFIED. ) ;
#9842 = CARTESIAN_POINT ( 'NONE',  ( -1.338300807568880035, 0.7726683315065867586, -5.783333333333338544 ) ) ;
#9843 = VERTEX_POINT ( 'NONE', #5960 ) ;
#9844 = CARTESIAN_POINT ( 'NONE',  ( -2.008114336621357854, -2.228783706656113583, 9.449999999999999289 ) ) ;
#9845 = CARTESIAN_POINT ( 'NONE',  ( 2.008114336621342311, 2.228783706656126906, 9.449999999999999289 ) ) ;
#9846 = DIRECTION ( 'NONE',  ( -0.000000000000000000, 0.000000000000000000, -1.000000000000000000 ) ) ;
#9847 = EDGE_CURVE ( 'NONE', #10602, #99, #7618, .T. ) ;
#9848 = ORIENTED_EDGE ( 'NONE', *, *, #5587, .F. ) ;
#9849 = VERTEX_POINT ( 'NONE', #495 ) ;
#9850 = ORIENTED_EDGE ( 'NONE', *, *, #9577, .F. ) ;
#9851 = CARTESIAN_POINT ( 'NONE',  ( 2.680596881209476479, 0.8709787243654514288, 9.750000000000001776 ) ) ;
#9852 = CARTESIAN_POINT ( 'NONE',  ( -0.8922005383792539490, -1.545336663013172851, -9.108333333333337833 ) ) ;
#9853 = DIRECTION ( 'NONE',  ( -1.000000000000000000, 0.000000000000000000, 0.000000000000000000 ) ) ;
#9854 = CARTESIAN_POINT ( 'NONE',  ( 0.7262080731356725938, 2.912661493512356703, 9.750000000000001776 ) ) ;
#9855 = CARTESIAN_POINT ( 'NONE',  ( -2.353151076758508875, 9.548577686196303386E-17, -5.353125000000003020 ) ) ;
#9856 = ORIENTED_EDGE ( 'NONE', *, *, #9825, .T. ) ;
#9857 = FACE_OUTER_BOUND ( 'NONE', #10645, .T. ) ;
#9858 = ORIENTED_EDGE ( 'NONE', *, *, #1387, .F. ) ;
#9859 = LINE ( 'NONE', #1698, #9722 ) ;
#9860 = EDGE_CURVE ( 'NONE', #5937, #357, #260, .T. ) ;
#9861 = CARTESIAN_POINT ( 'NONE',  ( 1.493602012769879694, 2.390262873680843558, 9.631453640997325039 ) ) ;
#9862 = CARTESIAN_POINT ( 'NONE',  ( 0.000000000000000000, 0.000000000000000000, 8.077500000000002345 ) ) ;
#9863 = VERTEX_POINT ( 'NONE', #2318 ) ;
#9864 = ORIENTED_EDGE ( 'NONE', *, *, #10791, .F. ) ;
#9865 = CALENDAR_DATE ( 2026, 22, 8 ) ;
#9866 = B_SPLINE_CURVE_WITH_KNOTS ( 'NONE', 3,
 ( #5928, #3378, #4151, #1513 ),
 .UNSPECIFIED., .F., .F.,
 ( 4, 4 ),
 ( 3.021976174288225304E-07, 0.0002759148428383536222 ),
 .UNSPECIFIED. ) ;
#9867 = CARTESIAN_POINT ( 'NONE',  ( -0.5860087391484503083, 2.756954358615477663, 9.750000000000001776 ) ) ;
#9868 = DIRECTION ( 'NONE',  ( 0.5591929034707520119, 0.8290375725550380714, 0.000000000000000000 ) ) ;
#9869 = ORIENTED_EDGE ( 'NONE', *, *, #8378, .T. ) ;
#9870 = CARTESIAN_POINT ( 'NONE',  ( -2.680596881209482252, -0.8709787243654326661, 9.631453640997325039 ) ) ;
#9871 = CARTESIAN_POINT ( 'NONE',  ( -0.5212620717709046669, -2.956224110890472545, 9.750000000000001776 ) ) ;
#9872 = CARTESIAN_POINT ( 'NONE',  ( -0.7600957079960087848, -2.776745613731971041, 9.571310031034848009 ) ) ;
#9873 = CIRCLE ( 'NONE', #2611, 0.06000000000000015737 ) ;
#9874 = VERTEX_POINT ( 'NONE', #5904 ) ;
#9875 = VERTEX_POINT ( 'NONE', #8539 ) ;
#9876 = CARTESIAN_POINT ( 'NONE',  ( -2.543628869203357290, 1.590582338565107889, 8.077500000000000568 ) ) ;
#9877 = CARTESIAN_POINT ( 'NONE',  ( -2.992624163415382288, -0.2102394267077115630, 9.449999999999999289 ) ) ;
#9878 = ORIENTED_EDGE ( 'NONE', *, *, #5134, .F. ) ;
#9879 = EDGE_CURVE ( 'NONE', #106, #2698, #547, .T. ) ;
#9880 = CARTESIAN_POINT ( 'NONE',  ( 1.124721301025019216, 2.781187155698189528, 9.449999999999999289 ) ) ;
#9881 = EDGE_CURVE ( 'NONE', #9903, #7614, #9382, .T. ) ;
#9882 = CARTESIAN_POINT ( 'NONE',  ( -0.3662502111755649992, 2.855507393005234817, 9.571310031034848009 ) ) ;
#9883 = AXIS2_PLACEMENT_3D ( 'NONE', #1948, #10807, #9937 ) ;
#9884 = DIRECTION ( 'NONE',  ( 0.000000000000000000, -0.000000000000000000, 1.000000000000000000 ) ) ;
#9885 = B_SPLINE_CURVE_WITH_KNOTS ( 'NONE', 3,
 ( #4106, #10479, #8834, #5204 ),
 .UNSPECIFIED., .F., .F.,
 ( 4, 4 ),
 ( 3.021976174288394711E-07, 0.0002759148428383537306 ),
 .UNSPECIFIED. ) ;
#9886 = ORIENTED_EDGE ( 'NONE', *, *, #10567, .F. ) ;
#9887 = CARTESIAN_POINT ( 'NONE',  ( 0.000000000000000000, 0.000000000000000000, -5.254610091317154286 ) ) ;
#9888 = DIRECTION ( 'NONE',  ( 0.06975647374412706492, 0.9975640502598241977, 0.000000000000000000 ) ) ;
#9889 = CARTESIAN_POINT ( 'NONE',  ( 2.970668720312947375, 0.4184822029121886278, 9.449999999999999289 ) ) ;
#9890 = EDGE_CURVE ( 'NONE', #10858, #3112, #3407, .T. ) ;
#9891 = DIRECTION ( 'NONE',  ( -0.000000000000000000, -0.000000000000000000, -1.000000000000000000 ) ) ;
#9892 = EDGE_CURVE ( 'NONE', #1606, #2829, #719, .T. ) ;
#9893 = CARTESIAN_POINT ( 'NONE',  ( -0.06929011911681125235, 2.938560365775491956, 9.510800894373550918 ) ) ;
#9894 = ORIENTED_EDGE ( 'NONE', *, *, #2583, .F. ) ;
#9895 = VECTOR ( 'NONE', #7487, 1000.000000000000000 ) ;
#9896 = ADVANCED_FACE ( 'NONE', ( #9924 ), #6395, .T. ) ;
#9897 = CARTESIAN_POINT ( 'NONE',  ( -1.314239397301675938, 2.696808262850759252, 9.449999999999999289 ) ) ;
#9898 = CARTESIAN_POINT ( 'NONE',  ( 2.682082674431108593, 1.046180776066054419, 9.571310031034848009 ) ) ;
#9899 = CARTESIAN_POINT ( 'NONE',  ( 0.000000000000000000, 0.000000000000000000, 6.749999999999999112 ) ) ;
#9900 = VERTEX_POINT ( 'NONE', #2590 ) ;
#9901 = CARTESIAN_POINT ( 'NONE',  ( -2.884052962002314757, 0.8259773074156933070, -9.750000000000001776 ) ) ;
#9902 = CONICAL_SURFACE ( 'NONE', #772, 1.154700538379251462, 0.7853981633974500554 ) ;
#9903 = VERTEX_POINT ( 'NONE', #1543 ) ;
#9904 = DIRECTION ( 'NONE',  ( 0.8829475928589233247, -0.4694715627858975227, 0.000000000000000000 ) ) ;
#9905 = CARTESIAN_POINT ( 'NONE',  ( 1.122918141402837966, 2.781915679474918246, 9.449999999999999289 ) ) ;
#9906 = CARTESIAN_POINT ( 'NONE',  ( -1.991452414734088627, -2.161956388034593335, 9.510800894373550918 ) ) ;
#9907 = ADVANCED_FACE ( 'NONE', ( #1006 ), #4244, .T. ) ;
#9908 = CARTESIAN_POINT ( 'NONE',  ( -2.970668720312949596, -0.4184822029121687548, -9.750000000000001776 ) ) ;
#9909 = ORIENTED_EDGE ( 'NONE', *, *, #7828, .T. ) ;
#9910 = ORIENTED_EDGE ( 'NONE', *, *, #4160, .F. ) ;
#9911 = VERTEX_POINT ( 'NONE', #2542 ) ;
#9912 = VECTOR ( 'NONE', #9417, 1000.000000000000000 ) ;
#9913 = DIRECTION ( 'NONE',  ( -1.000000000000000000, 0.000000000000000000, 0.000000000000000000 ) ) ;
#9914 = CARTESIAN_POINT ( 'NONE',  ( -2.495693764988927099E-16, -2.037888611415574314, -10.03437500000000604 ) ) ;
#9915 = AXIS2_PLACEMENT_3D ( 'NONE', #434, #5789, #11101 ) ;
#9916 = CARTESIAN_POINT ( 'NONE',  ( 2.397430409558209075, 1.700666215116703128, 9.510800894373550918 ) ) ;
#9917 = ORIENTED_EDGE ( 'NONE', *, *, #7109, .F. ) ;
#9918 = EDGE_CURVE ( 'NONE', #2274, #1804, #10696, .T. ) ;
#9919 = CARTESIAN_POINT ( 'NONE',  ( -1.176575538379254215, 2.037888611415574314, -6.169791666666668561 ) ) ;
#9920 = ORIENTED_EDGE ( 'NONE', *, *, #7333, .F. ) ;
#9921 = CARTESIAN_POINT ( 'NONE',  ( 0.3662502111755864820, -2.855507393005231709, 9.571310031034848009 ) ) ;
#9922 = AXIS2_PLACEMENT_3D ( 'NONE', #9454, #1294, #8405 ) ;
#9923 = ORIENTED_EDGE ( 'NONE', *, *, #1053, .T. ) ;
#9924 = FACE_OUTER_BOUND ( 'NONE', #751, .T. ) ;
#9925 = ORIENTED_EDGE ( 'NONE', *, *, #10385, .T. ) ;
#9926 = ORIENTED_EDGE ( 'NONE', *, *, #4575, .T. ) ;
#9927 = VERTEX_POINT ( 'NONE', #1654 ) ;
#9928 = APPROVAL_ROLE ( '' ) ;
#9929 = AXIS2_PLACEMENT_3D ( 'NONE', #9259, #10417, #11114 ) ;
#9930 = DIRECTION ( 'NONE',  ( 0.000000000000000000, 0.000000000000000000, 1.000000000000000000 ) ) ;
#9931 = EDGE_LOOP ( 'NONE', ( #10698, #10840, #5517, #9350 ) ) ;
#9932 = VECTOR ( 'NONE', #3361, 999.9999999999998863 ) ;
#9933 = AXIS2_PLACEMENT_3D ( 'NONE', #3551, #1414, #10595 ) ;
#9934 = ORIENTED_EDGE ( 'NONE', *, *, #10116, .T. ) ;
#9935 = CARTESIAN_POINT ( 'NONE',  ( -0.1966118550883898530, -2.811680521731787952, 9.631453640997325039 ) ) ;
#9936 = EDGE_CURVE ( 'NONE', #6709, #8387, #8117, .T. ) ;
#9937 = DIRECTION ( 'NONE',  ( -0.7660444431189771253, 0.6427876096865404731, 0.000000000000000000 ) ) ;
#9938 = CARTESIAN_POINT ( 'NONE',  ( 2.008615413315383513, -2.230793415506898025, 8.077500000000002345 ) ) ;
#9939 = DIRECTION ( 'NONE',  ( 0.4383711467890689661, -0.8987940462991711454, 0.000000000000000000 ) ) ;
#9940 = CARTESIAN_POINT ( 'NONE',  ( -1.859999999999999876, 0.000000000000000000, 5.550000000000000711 ) ) ;
#9941 = ORIENTED_EDGE ( 'NONE', *, *, #511, .T. ) ;
#9942 = CARTESIAN_POINT ( 'NONE',  ( 2.784780095336895744, -0.7301106144339547521, 9.571310031034848009 ) ) ;
#9943 = ORIENTED_EDGE ( 'NONE', *, *, #11383, .T. ) ;
#9944 = VECTOR ( 'NONE', #429, 1000.000000000000114 ) ;
#9945 = FACE_OUTER_BOUND ( 'NONE', #6795, .T. ) ;
#9946 = LINE ( 'NONE', #4478, #8648 ) ;
#9947 = AXIS2_PLACEMENT_3D ( 'NONE', #5031, #8544, #551 ) ;
#9948 = EDGE_CURVE ( 'NONE', #9570, #8846, #1566, .T. ) ;
#9949 = DIRECTION ( 'NONE',  ( 0.6691306063588519093, -0.7431448254774000173, 0.000000000000000000 ) ) ;
#9950 = LINE ( 'NONE', #4440, #11430 ) ;
#9951 = VERTEX_POINT ( 'NONE', #6921 ) ;
#9952 = CARTESIAN_POINT ( 'NONE',  ( -0.5219021180699410234, 2.954254250932730308, -9.750000000000001776 ) ) ;
#9953 = DIRECTION ( 'NONE',  ( -0.000000000000000000, -0.000000000000000000, 1.000000000000000000 ) ) ;
#9954 = PLANE ( 'NONE',  #11449 ) ;
#9955 = ORIENTED_EDGE ( 'NONE', *, *, #2796, .F. ) ;
#9956 = VECTOR ( 'NONE', #8486, 1000.000000000000000 ) ;
#9957 = AXIS2_PLACEMENT_3D ( 'NONE', #9411, #661, #5018 ) ;
#9958 = DIRECTION ( 'NONE',  ( -0.2756373558170078231, -0.9612616959383164517, 0.000000000000000000 ) ) ;
#9959 = ADVANCED_FACE ( 'NONE', ( #4293 ), #5242, .T. ) ;
#9960 = EDGE_CURVE ( 'NONE', #7788, #1161, #6059, .T. ) ;
#9961 = CARTESIAN_POINT ( 'NONE',  ( 2.818745138964460661, 1.026974119228050597, 9.449999999999999289 ) ) ;
#9962 = CARTESIAN_POINT ( 'NONE',  ( 0.9276160617663243846, 2.854908682117555774, 9.750000000000001776 ) ) ;
#9963 = VECTOR ( 'NONE', #11019, 1000.000000000000000 ) ;
#9964 = CARTESIAN_POINT ( 'NONE',  ( -1.720467045591160593, -0.7391628682632589431, -9.362044086444926805 ) ) ;
#9965 = AXIS2_PLACEMENT_3D ( 'NONE', #9833, #9958, #10720 ) ;
#9966 = ORIENTED_EDGE ( 'NONE', *, *, #7621, .T. ) ;
#9967 = FACE_OUTER_BOUND ( 'NONE', #6832, .T. ) ;
#9968 = CARTESIAN_POINT ( 'NONE',  ( 0.000000000000000000, 0.000000000000000000, 9.750000000000001776 ) ) ;
#9969 = ORIENTED_EDGE ( 'NONE', *, *, #1977, .F. ) ;
#9970 = DIRECTION ( 'NONE',  ( -0.7193398003386444195, 0.6946583704590042485, 0.000000000000000000 ) ) ;
#9971 = CARTESIAN_POINT ( 'NONE',  ( -0.1966118550883898530, -2.811680521731787952, 9.631453640997325039 ) ) ;
#9972 = ORIENTED_EDGE ( 'NONE', *, *, #10897, .F. ) ;
#9973 = VERTEX_POINT ( 'NONE', #10576 ) ;
#9974 = ORIENTED_EDGE ( 'NONE', *, *, #10939, .F. ) ;
#9975 = AXIS2_PLACEMENT_3D ( 'NONE', #7058, #9652, #10589 ) ;
#9976 = VECTOR ( 'NONE', #9180, 1000.000000000000114 ) ;
#9977 = LINE ( 'NONE', #5585, #4577 ) ;
#9978 = CARTESIAN_POINT ( 'NONE',  ( -1.784401076758506788, 6.065988351121004614E-17, -6.425000000000006040 ) ) ;
#9979 = ADVANCED_FACE ( 'NONE', ( #8644 ), #2881, .T. ) ;
#9980 = DIRECTION ( 'NONE',  ( -0.000000000000000000, 0.000000000000000000, 1.000000000000000000 ) ) ;
#9981 = CARTESIAN_POINT ( 'NONE',  ( 0.000000000000000000, 1.545336663013173073, -8.612500000000004263 ) ) ;
#9982 = ORIENTED_EDGE ( 'NONE', *, *, #1719, .T. ) ;
#9983 = VECTOR ( 'NONE', #5611, 1000.000000000000000 ) ;
#9984 = DIRECTION ( 'NONE',  ( 0.9993908270190956511, -0.03489949670250264147, 0.000000000000000000 ) ) ;
#9985 = ORIENTED_EDGE ( 'NONE', *, *, #6649, .T. ) ;
#9986 = DIRECTION ( 'NONE',  ( -0.9975640502598241977, 0.06975647374412545509, 0.000000000000000000 ) ) ;
#9987 = ORIENTED_EDGE ( 'NONE', *, *, #10173, .F. ) ;
#9988 = EDGE_LOOP ( 'NONE', ( #2515, #7156, #1975, #3452 ) ) ;
#9989 = ORIENTED_EDGE ( 'NONE', *, *, #1272, .F. ) ;
#9990 = DATE_AND_TIME ( #9865, #4041 ) ;
#9991 = EDGE_CURVE ( 'NONE', #5215, #4010, #8627, .T. ) ;
#9992 = CARTESIAN_POINT ( 'NONE',  ( 2.427622409283261451, -1.762568988137978243, 9.449999999999999289 ) ) ;
#9993 = VERTEX_POINT ( 'NONE', #4360 ) ;
#9994 = CARTESIAN_POINT ( 'NONE',  ( -2.221044840433160417, 1.735270409657376334, 9.631453640997325039 ) ) ;
#9995 = LINE ( 'NONE', #4472, #8218 ) ;
#9996 = CARTESIAN_POINT ( 'NONE',  ( -2.094588142061004632, -1.885975634249994481, 8.077500000000002345 ) ) ;
#9997 = VERTEX_POINT ( 'NONE', #6172 ) ;
#9998 = VERTEX_POINT ( 'NONE', #155 ) ;
#9999 = PLANE ( 'NONE',  #2535 ) ;
#10000 = EDGE_CURVE ( 'NONE', #3165, #4619, #9694, .T. ) ;
#10001 = ADVANCED_FACE ( 'NONE', ( #7792 ), #5343, .F. ) ;
#10002 = LINE ( 'NONE', #10175, #9585 ) ;
#10003 = CARTESIAN_POINT ( 'NONE',  ( -2.000000000000003553, -2.382190991706389344E-15, -7.475000000000002309 ) ) ;
#10004 = CARTESIAN_POINT ( 'NONE',  ( 2.543628869203379494, 1.590582338565072584, -9.750000000000001776 ) ) ;
#10005 = ORIENTED_EDGE ( 'NONE', *, *, #1321, .T. ) ;
#10006 = VECTOR ( 'NONE', #9446, 1000.000000000000000 ) ;
#10007 = CARTESIAN_POINT ( 'NONE',  ( 0.000000000000000000, 0.000000000000000000, 9.449999999999999289 ) ) ;
#10008 = LINE ( 'NONE', #10124, #6788 ) ;
#10009 = CARTESIAN_POINT ( 'NONE',  ( 2.158694763139485051, -2.083275526567275993, -9.750000000000001776 ) ) ;
#10010 = EDGE_CURVE ( 'NONE', #6213, #6320, #5189, .T. ) ;
#10011 = LINE ( 'NONE', #4738, #2951 ) ;
#10012 = CARTESIAN_POINT ( 'NONE',  ( 0.07813100402512640485, -1.109591582173289126, 9.704891043794040328 ) ) ;
#10013 = DIRECTION ( 'NONE',  ( 0.4999999999999965583, -0.8660254037844405950, 0.000000000000000000 ) ) ;
#10014 = DIRECTION ( 'NONE',  ( -0.000000000000000000, 0.000000000000000000, -1.000000000000000000 ) ) ;
#10015 = ORIENTED_EDGE ( 'NONE', *, *, #4858, .F. ) ;
#10016 = DIRECTION ( 'NONE',  ( 0.000000000000000000, 0.000000000000000000, -1.000000000000000000 ) ) ;
#10017 = PLANE ( 'NONE',  #8979 ) ;
#10018 = ORIENTED_EDGE ( 'NONE', *, *, #3487, .T. ) ;
#10019 = CARTESIAN_POINT ( 'NONE',  ( -2.543628869203391485, -1.590582338565054599, 8.077500000000000568 ) ) ;
#10020 = CARTESIAN_POINT ( 'NONE',  ( -0.1661679175825474808, -2.874099843752818462, 9.571310031034848009 ) ) ;
#10021 = ORIENTED_EDGE ( 'NONE', *, *, #2075, .F. ) ;
#10022 = ORIENTED_EDGE ( 'NONE', *, *, #7502, .T. ) ;
#10023 = EDGE_CURVE ( 'NONE', #3339, #1802, #6272, .T. ) ;
#10024 = EDGE_CURVE ( 'NONE', #9092, #6355, #2180, .T. ) ;
#10025 = EDGE_LOOP ( 'NONE', ( #6445, #8984, #10670 ) ) ;
#10026 = DIRECTION ( 'NONE',  ( -0.000000000000000000, -0.000000000000000000, -1.000000000000000000 ) ) ;
#10027 = EDGE_CURVE ( 'NONE', #1561, #4765, #9221, .T. ) ;
#10028 = CARTESIAN_POINT ( 'NONE',  ( 1.338300807568879813, -0.7726683315065872026, -6.133333333333338189 ) ) ;
#10029 = ADVANCED_FACE ( 'NONE', ( #4934 ), #6456, .F. ) ;
#10030 = LINE ( 'NONE', #7680, #1520 ) ;
#10031 = CARTESIAN_POINT ( 'NONE',  ( 0.8922005383792529498, -1.545336663013173517, -7.504166666666669983 ) ) ;
#10032 = VERTEX_POINT ( 'NONE', #4873 ) ;
#10033 = CARTESIAN_POINT ( 'NONE',  ( 2.818745138964459773, 1.026974119228051041, -9.750000000000001776 ) ) ;
#10034 = B_SPLINE_CURVE_WITH_KNOTS ( 'NONE', 3,
 ( #2435, #8656, #615, #1616 ),
 .UNSPECIFIED., .F., .F.,
 ( 4, 4 ),
 ( 3.054997924347171766E-07, 0.0002759181450133579806 ),
 .UNSPECIFIED. ) ;
#10035 = DIRECTION ( 'NONE',  ( -1.000000000000000000, 0.000000000000000000, 0.000000000000000000 ) ) ;
#10036 = ORIENTED_EDGE ( 'NONE', *, *, #8807, .T. ) ;
#10037 = EDGE_CURVE ( 'NONE', #3999, #10106, #10334, .T. ) ;
#10038 = ORIENTED_EDGE ( 'NONE', *, *, #5502, .F. ) ;
#10039 = ADVANCED_FACE ( 'NONE', ( #8299 ), #3987, .T. ) ;
#10040 = ORIENTED_EDGE ( 'NONE', *, *, #9860, .T. ) ;
#10041 = APPROVAL_DATE_TIME ( #3000, #10506 ) ;
#10042 = PLANE ( 'NONE',  #1568 ) ;
#10043 = ORIENTED_EDGE ( 'NONE', *, *, #11465, .T. ) ;
#10044 = CARTESIAN_POINT ( 'NONE',  ( -2.157343812172612729, -2.084674477245918034, -9.750000000000001776 ) ) ;
#10045 = CARTESIAN_POINT ( 'NONE',  ( 1.663959260682391195, -2.349319320033572467, 9.571310031034848009 ) ) ;
#10046 = CARTESIAN_POINT ( 'NONE',  ( -2.819410289580905893, -1.025146632928827906, 9.449999999999999289 ) ) ;
#10047 = DIRECTION ( 'NONE',  ( 1.000000000000000000, -5.051514762044462259E-15, 0.000000000000000000 ) ) ;
#10048 = ORIENTED_EDGE ( 'NONE', *, *, #6969, .F. ) ;
#10049 = ORIENTED_EDGE ( 'NONE', *, *, #10298, .T. ) ;
#10050 = CARTESIAN_POINT ( 'NONE',  ( -2.883516910659410737, -0.8278467406115743721, -9.750000000000001776 ) ) ;
#10051 = ORIENTED_EDGE ( 'NONE', *, *, #2129, .T. ) ;
#10052 = CARTESIAN_POINT ( 'NONE',  ( 2.008615413315397280, 2.230793415506886479, 9.750000000000001776 ) ) ;
#10053 = PLANE ( 'NONE',  #7551 ) ;
#10054 = CARTESIAN_POINT ( 'NONE',  ( 1.595756897212368575, -1.236067977499716974, -9.209603965354157040 ) ) ;
#10055 = CARTESIAN_POINT ( 'NONE',  ( 2.884052962002320086, -0.8259773074156746553, 9.449999999999999289 ) ) ;
#10056 = EDGE_CURVE ( 'NONE', #4155, #3165, #3111, .T. ) ;
#10057 = ORIENTED_EDGE ( 'NONE', *, *, #6242, .T. ) ;
#10058 = DIRECTION ( 'NONE',  ( -1.000000000000000000, 0.000000000000000000, 0.000000000000000000 ) ) ;
#10059 = FACE_OUTER_BOUND ( 'NONE', #210, .T. ) ;
#10060 = CARTESIAN_POINT ( 'NONE',  ( -2.336680831601410269, 1.576111122057635594, 8.077500000000002345 ) ) ;
#10061 = DIRECTION ( 'NONE',  ( 0.000000000000000000, 0.000000000000000000, -1.000000000000000000 ) ) ;
#10062 = B_SPLINE_CURVE_WITH_KNOTS ( 'NONE', 3,
 ( #6796, #5939, #9452, #1465 ),
 .UNSPECIFIED., .F., .F.,
 ( 4, 4 ),
 ( 3.021976174288983399E-07, 0.0002759148428383536222 ),
 .UNSPECIFIED. ) ;
#10063 = CARTESIAN_POINT ( 'NONE',  ( -2.992759823733690538, -0.2082993937713004118, 9.449999999999999289 ) ) ;
#10064 = CIRCLE ( 'NONE', #2441, 3.000000000000000444 ) ;
#10065 = CARTESIAN_POINT ( 'NONE',  ( -2.397430409558221953, -1.700666215116686031, 9.510800894373550918 ) ) ;
#10066 = LINE ( 'NONE', #5569, #4365 ) ;
#10067 = CARTESIAN_POINT ( 'NONE',  ( 2.773325160048089266, -0.9739639113222114952, 9.510800894373549141 ) ) ;
#10068 = EDGE_CURVE ( 'NONE', #5994, #9092, #2316, .T. ) ;
#10069 = DIRECTION ( 'NONE',  ( -0.000000000000000000, -0.000000000000000000, -1.000000000000000000 ) ) ;
#10070 = EDGE_LOOP ( 'NONE', ( #4752, #2317, #6072, #6700 ) ) ;
#10071 = CARTESIAN_POINT ( 'NONE',  ( 1.678601268950984382, -2.488628723042713098, 9.750000000000001776 ) ) ;
#10072 = CARTESIAN_POINT ( 'NONE',  ( -2.000000000000003109, -0.5358983848622472790, -7.443739260883040387 ) ) ;
#10073 = DIRECTION ( 'NONE',  ( -0.8480480961564191844, 0.5299192642332157810, 0.000000000000000000 ) ) ;
#10074 = CARTESIAN_POINT ( 'NONE',  ( -2.428530378214535101, 1.764430600325846310, 9.750000000000001776 ) ) ;
#10075 = CARTESIAN_POINT ( 'NONE',  ( 1.605971125003190725, -0.1246281451613901747, -9.619028874998175382 ) ) ;
#10076 = AXIS2_PLACEMENT_3D ( 'NONE', #4056, #2364, #11259 ) ;
#10077 = CARTESIAN_POINT ( 'NONE',  ( -0.1358622771316142508, -2.936235614790888793, 9.510800894373550918 ) ) ;
#10078 = EDGE_LOOP ( 'NONE', ( #1540, #10439 ) ) ;
#10079 = ORIENTED_EDGE ( 'NONE', *, *, #10486, .T. ) ;
#10080 = ORIENTED_EDGE ( 'NONE', *, *, #11315, .F. ) ;
#10081 = CARTESIAN_POINT ( 'NONE',  ( -1.000000000000000000, 0.5773502691896256200, 9.750000000000001776 ) ) ;
#10082 = CARTESIAN_POINT ( 'NONE',  ( 0.8922005383792529498, -1.545336663013173517, -6.191666666666671759 ) ) ;
#10083 = VECTOR ( 'NONE', #2438, 1000.000000000000000 ) ;
#10084 = FACE_OUTER_BOUND ( 'NONE', #8167, .T. ) ;
#10085 = FACE_OUTER_BOUND ( 'NONE', #6804, .T. ) ;
#10086 = CARTESIAN_POINT ( 'NONE',  ( -0.8922005383792531719, 1.545336663013173073, -5.754166666666670871 ) ) ;
#10087 = EDGE_CURVE ( 'NONE', #2561, #8920, #1207, .T. ) ;
#10088 = ADVANCED_FACE ( 'NONE', ( #4761 ), #7428, .T. ) ;
#10089 = ORIENTED_EDGE ( 'NONE', *, *, #3788, .F. ) ;
#10090 = CARTESIAN_POINT ( 'NONE',  ( 0.3145524316523908848, -2.983463887453905894, 9.449999999999999289 ) ) ;
#10091 = CARTESIAN_POINT ( 'NONE',  ( 1.999999999999995781, 2.449293598294700991E-16, -5.774999999999992362 ) ) ;
#10092 = VERTEX_POINT ( 'NONE', #2994 ) ;
#10093 = DIRECTION ( 'NONE',  ( -1.000000000000000000, 0.000000000000000000, 0.000000000000000000 ) ) ;
#10094 = DIRECTION ( 'NONE',  ( 0.000000000000000000, -0.000000000000000000, -1.000000000000000000 ) ) ;
#10095 = ORIENTED_EDGE ( 'NONE', *, *, #7337, .F. ) ;
#10096 = AXIS2_PLACEMENT_3D ( 'NONE', #1805, #936, #2565 ) ;
#10097 = ORIENTED_EDGE ( 'NONE', *, *, #9167, .F. ) ;
#10098 = ORIENTED_EDGE ( 'NONE', *, *, #920, .T. ) ;
#10099 = DIRECTION ( 'NONE',  ( 0.000000000000000000, 0.000000000000000000, -1.000000000000000000 ) ) ;
#10100 = ORIENTED_EDGE ( 'NONE', *, *, #10104, .F. ) ;
#10101 = AXIS2_PLACEMENT_3D ( 'NONE', #7359, #10903, #274 ) ;
#10102 = FACE_BOUND ( 'NONE', #9839, .T. ) ;
#10103 = CARTESIAN_POINT ( 'NONE',  ( 0.000000000000000000, 1.545336663013173073, -7.212500000000003908 ) ) ;
#10104 = EDGE_CURVE ( 'NONE', #2741, #1802, #3051, .T. ) ;
#10105 = ADVANCED_FACE ( 'NONE', ( #8234 ), #836, .F. ) ;
#10106 = VERTEX_POINT ( 'NONE', #2119 ) ;
#10107 = VERTEX_POINT ( 'NONE', #8395 ) ;
#10108 = CARTESIAN_POINT ( 'NONE',  ( -0.1358622771315528277, 2.936235614790891457, 9.510800894373550918 ) ) ;
#10109 = DIRECTION ( 'NONE',  ( -0.8090169943749419001, 0.5877852522924807976, 0.000000000000000000 ) ) ;
#10110 = ORIENTED_EDGE ( 'NONE', *, *, #6528, .F. ) ;
#10111 = FACE_OUTER_BOUND ( 'NONE', #269, .T. ) ;
#10112 = VECTOR ( 'NONE', #8715, 1000.000000000000000 ) ;
#10113 = AXIS2_PLACEMENT_3D ( 'NONE', #2607, #2502, #7061 ) ;
#10114 = CARTESIAN_POINT ( 'NONE',  ( -1.500842031447339187, 2.597589882302636433, 8.077500000000000568 ) ) ;
#10115 = CARTESIAN_POINT ( 'NONE',  ( -2.008114336621312113, 2.228783706656154440, -9.750000000000001776 ) ) ;
#10116 = EDGE_CURVE ( 'NONE', #4497, #905, #7476, .T. ) ;
#10117 = DIRECTION ( 'NONE',  ( 0.000000000000000000, 0.000000000000000000, -1.000000000000000000 ) ) ;
#10118 = CIRCLE ( 'NONE', #33, 3.000000000000000444 ) ;
#10119 = CIRCLE ( 'NONE', #2672, 3.000000000000000000 ) ;
#10120 = ORIENTED_EDGE ( 'NONE', *, *, #8807, .F. ) ;
#10121 = FACE_OUTER_BOUND ( 'NONE', #9787, .T. ) ;
#10122 = LINE ( 'NONE', #9952, #6444 ) ;
#10123 = ORIENTED_EDGE ( 'NONE', *, *, #9817, .T. ) ;
#10124 = CARTESIAN_POINT ( 'NONE',  ( 1.656699982724407327, -2.280251903866804764, 9.750000000000001776 ) ) ;
#10125 = DIRECTION ( 'NONE',  ( -0.5591929034707948665, -0.8290375725550092056, 0.000000000000000000 ) ) ;
#10126 = EDGE_CURVE ( 'NONE', #3517, #1857, #3808, .T. ) ;
#10127 = VECTOR ( 'NONE', #5085, 1000.000000000000000 ) ;
#10128 = PLANE ( 'NONE',  #5881 ) ;
#10129 = CARTESIAN_POINT ( 'NONE',  ( -1.000000000000000000, -0.5773502691896255090, 9.750000000000001776 ) ) ;
#10130 = B_SPLINE_CURVE_WITH_KNOTS ( 'NONE', 3,
 ( #7426, #5102, #11129, #1345, #8610, #7763, #3980, #10206 ),
 .UNSPECIFIED., .F., .F.,
 ( 4, 2, 2, 4 ),
 ( 2.544396950732851841E-07, 0.0002984430161323458545, 0.0005966315925696185100, 0.001193008745444163387 ),
 .UNSPECIFIED. ) ;
#10131 = ORIENTED_EDGE ( 'NONE', *, *, #10673, .T. ) ;
#10132 = FACE_OUTER_BOUND ( 'NONE', #2557, .T. ) ;
#10133 = ORIENTED_EDGE ( 'NONE', *, *, #10983, .F. ) ;
#10134 = DIRECTION ( 'NONE',  ( -0.000000000000000000, -0.000000000000000000, -1.000000000000000000 ) ) ;
#10135 = AXIS2_PLACEMENT_3D ( 'NONE', #7364, #1052, #212 ) ;
#10136 = AXIS2_PLACEMENT_3D ( 'NONE', #1947, #9168, #8404 ) ;
#10137 = CARTESIAN_POINT ( 'NONE',  ( -0.8445733010044086386, 1.794517274721839861, -6.799231374902553249 ) ) ;
#10138 = B_SPLINE_CURVE_WITH_KNOTS ( 'NONE', 3,
 ( #8628, #8525, #10337, #8409 ),
 .UNSPECIFIED., .F., .F.,
 ( 4, 4 ),
 ( 3.054997924348442844E-07, 0.0002759181450133579264 ),
 .UNSPECIFIED. ) ;
#10139 = FACE_OUTER_BOUND ( 'NONE', #1364, .T. ) ;
#10140 = EDGE_LOOP ( 'NONE', ( #9275, #6136, #1100 ) ) ;
#10141 = ORIENTED_EDGE ( 'NONE', *, *, #6987, .F. ) ;
#10142 = ADVANCED_FACE ( 'NONE', ( #5647 ), #5908, .T. ) ;
#10143 = CARTESIAN_POINT ( 'NONE',  ( 0.000000000000000000, 0.000000000000000000, 8.077500000000000568 ) ) ;
#10144 = CARTESIAN_POINT ( 'NONE',  ( 0.000000000000000000, 1.545336663013173073, -7.300000000000004263 ) ) ;
#10145 = AXIS2_PLACEMENT_3D ( 'NONE', #5755, #6609, #6551 ) ;
#10146 = VECTOR ( 'NONE', #7191, 1000.000000000000114 ) ;
#10147 = DIRECTION ( 'NONE',  ( 0.000000000000000000, 0.000000000000000000, -1.000000000000000000 ) ) ;
#10148 = AXIS2_PLACEMENT_3D ( 'NONE', #6889, #6024, #5162 ) ;
#10149 = ORIENTED_EDGE ( 'NONE', *, *, #644, .F. ) ;
#10150 = CARTESIAN_POINT ( 'NONE',  ( 2.934240477815724724, 0.6246861758897415129, -9.750000000000001776 ) ) ;
#10151 = FACE_OUTER_BOUND ( 'NONE', #8958, .T. ) ;
#10152 = DIRECTION ( 'NONE',  ( 0.9902680687415719163, 0.1391731009600536972, 0.000000000000000000 ) ) ;
#10153 = VECTOR ( 'NONE', #9255, 1000.000000000000000 ) ;
#10154 = CARTESIAN_POINT ( 'NONE',  ( 0.000000000000000000, 0.000000000000000000, 8.077500000000002345 ) ) ;
#10155 = VECTOR ( 'NONE', #3705, 1000.000000000000227 ) ;
#10156 = VERTEX_POINT ( 'NONE', #10920 ) ;
#10157 = VERTEX_POINT ( 'NONE', #2944 ) ;
#10158 = CARTESIAN_POINT ( 'NONE',  ( 1.764863307568882433, 1.018944305707785603, -6.301041666666673535 ) ) ;
#10159 = CC_DESIGN_PERSON_AND_ORGANIZATION_ASSIGNMENT ( #4524, #1010, ( #9601 ) ) ;
#10160 = CARTESIAN_POINT ( 'NONE',  ( -1.811726676894002575, 2.159131775987249924, 9.750000000000001776 ) ) ;
#10161 = ORIENTED_EDGE ( 'NONE', *, *, #6016, .T. ) ;
#10162 = AXIS2_PLACEMENT_3D ( 'NONE', #299, #6463, #1119 ) ;
#10163 = PLANE ( 'NONE',  #219 ) ;
#10164 = LINE ( 'NONE', #4949, #6930 ) ;
#10165 = FACE_OUTER_BOUND ( 'NONE', #173, .T. ) ;
#10166 = ORIENTED_EDGE ( 'NONE', *, *, #9514, .T. ) ;
#10167 = LINE ( 'NONE', #3701, #7403 ) ;
#10168 = DIRECTION ( 'NONE',  ( -1.000000000000000000, -1.224646799147350002E-16, 0.000000000000000000 ) ) ;
#10169 = ORIENTED_EDGE ( 'NONE', *, *, #6519, .T. ) ;
#10170 = ORIENTED_EDGE ( 'NONE', *, *, #8614, .F. ) ;
#10171 = CARTESIAN_POINT ( 'NONE',  ( 0.8463362868843575804, -1.619735328857083712, -6.648507072871689516 ) ) ;
#10172 = B_SPLINE_CURVE_WITH_KNOTS ( 'NONE', 3,
 ( #8752, #7901, #3477, #121 ),
 .UNSPECIFIED., .F., .F.,
 ( 4, 4 ),
 ( 3.021976174287906608E-07, 0.0002759148428383534054 ),
 .UNSPECIFIED. ) ;
#10173 = EDGE_CURVE ( 'NONE', #742, #3169, #6514, .T. ) ;
#10174 = EDGE_CURVE ( 'NONE', #2538, #5603, #4972, .T. ) ;
#10175 = CARTESIAN_POINT ( 'NONE',  ( 2.936231475081715114, -0.6241152666106773994, 8.077500000000002345 ) ) ;
#10176 = DIRECTION ( 'NONE',  ( -0.5299192642331961300, 0.8480480961564315079, 0.000000000000000000 ) ) ;
#10177 = EDGE_CURVE ( 'NONE', #2299, #7363, #5875, .T. ) ;
#10178 = LINE ( 'NONE', #11096, #6068 ) ;
#10179 = CARTESIAN_POINT ( 'NONE',  ( -2.816148808746819832, -0.8421662727203507171, 9.510800894373550918 ) ) ;
#10180 = ORIENTED_EDGE ( 'NONE', *, *, #8378, .F. ) ;
#10181 = VERTEX_POINT ( 'NONE', #4267 ) ;
#10182 = CARTESIAN_POINT ( 'NONE',  ( -2.094588142060965996, 1.885975634250037558, 9.750000000000001776 ) ) ;
#10183 = FACE_OUTER_BOUND ( 'NONE', #2961, .T. ) ;
#10184 = CARTESIAN_POINT ( 'NONE',  ( 1.154700538379291874, -2.000000000000071942, -7.154166666666710306 ) ) ;
#10185 = AXIS2_PLACEMENT_3D ( 'NONE', #6668, #202, #8276 ) ;
#10186 = EDGE_CURVE ( 'NONE', #3562, #5119, #3142, .T. ) ;
#10187 = EDGE_CURVE ( 'NONE', #1727, #4986, #2284, .T. ) ;
#10188 = VECTOR ( 'NONE', #1957, 1000.000000000000000 ) ;
#10189 = DIRECTION ( 'NONE',  ( 0.000000000000000000, 0.000000000000000000, -1.000000000000000000 ) ) ;
#10190 = DIRECTION ( 'NONE',  ( 0.000000000000000000, -0.000000000000000000, 1.000000000000000000 ) ) ;
#10191 = FACE_OUTER_BOUND ( 'NONE', #5781, .T. ) ;
#10192 = DIRECTION ( 'NONE',  ( -0.000000000000000000, -0.000000000000000000, -1.000000000000000000 ) ) ;
#10193 = VERTEX_POINT ( 'NONE', #5213 ) ;
#10194 = DIRECTION ( 'NONE',  ( -0.9975640502598245307, -0.06975647374412034807, 0.000000000000000000 ) ) ;
#10195 = CARTESIAN_POINT ( 'NONE',  ( -1.784401076758506788, 6.065988351121004614E-17, -9.225000000000003197 ) ) ;
#10196 = VERTEX_POINT ( 'NONE', #747 ) ;
#10197 = DIRECTION ( 'NONE',  ( -0.4383711467890878399, -0.8987940462991620416, 0.000000000000000000 ) ) ;
#10198 = ORIENTED_EDGE ( 'NONE', *, *, #8652, .T. ) ;
#10199 = VERTEX_POINT ( 'NONE', #571 ) ;
#10200 = EDGE_CURVE ( 'NONE', #4182, #5326, #4499, .T. ) ;
#10201 = CARTESIAN_POINT ( 'NONE',  ( 1.493602012769862819, -2.390262873680853772, 9.750000000000001776 ) ) ;
#10202 = CARTESIAN_POINT ( 'NONE',  ( -0.6787370179870680920, 2.859939545572220521, 9.510800894373550918 ) ) ;
#10203 = CARTESIAN_POINT ( 'NONE',  ( 1.338300807568880924, 0.7726683315065854263, -8.116666666666670693 ) ) ;
#10204 = VERTEX_POINT ( 'NONE', #4097 ) ;
#10205 = EDGE_CURVE ( 'NONE', #672, #1648, #5163, .T. ) ;
#10206 = CARTESIAN_POINT ( 'NONE',  ( -1.000000000000000000, 0.5773502691896256200, 9.750000000000001776 ) ) ;
#10207 = LINE ( 'NONE', #518, #5682 ) ;
#10208 = CARTESIAN_POINT ( 'NONE',  ( 0.000000000000000000, 0.000000000000000000, 9.750000000000001776 ) ) ;
#10209 = CARTESIAN_POINT ( 'NONE',  ( 0.000000000000000000, 0.000000000000000000, 9.449999999999999289 ) ) ;
#10210 = DIRECTION ( 'NONE',  ( -0.000000000000000000, 0.000000000000000000, -1.000000000000000000 ) ) ;
#10211 = VERTEX_POINT ( 'NONE', #3274 ) ;
#10212 = ORIENTED_EDGE ( 'NONE', *, *, #1711, .F. ) ;
#10213 = B_SPLINE_CURVE_WITH_KNOTS ( 'NONE', 3,
 ( #11408, #2738, #4495, #736 ),
 .UNSPECIFIED., .F., .F.,
 ( 4, 4 ),
 ( 3.021976174289189863E-07, 0.0002759148428383530801 ),
 .UNSPECIFIED. ) ;
#10214 = PLANE ( 'NONE',  #4775 ) ;
#10215 = VERTEX_POINT ( 'NONE', #10324 ) ;
#10216 = CARTESIAN_POINT ( 'NONE',  ( 0.000000000000000000, 0.000000000000000000, 9.449999999999999289 ) ) ;
#10217 = CARTESIAN_POINT ( 'NONE',  ( 0.000000000000000000, 0.000000000000000000, 9.750000000000001776 ) ) ;
#10218 = CARTESIAN_POINT ( 'NONE',  ( -2.741031733634774259, -1.219321547093770386, 9.449999999999999289 ) ) ;
#10219 = CARTESIAN_POINT ( 'NONE',  ( -1.338300807568880035, 0.7726683315065867586, -7.095833333333337656 ) ) ;
#10220 = EDGE_CURVE ( 'NONE', #10531, #11392, #4350, .T. ) ;
#10221 = ORIENTED_EDGE ( 'NONE', *, *, #10849, .T. ) ;
#10222 = CARTESIAN_POINT ( 'NONE',  ( -0.3145524316524311859, -2.983463887453901009, -9.750000000000001776 ) ) ;
#10223 = ORIENTED_EDGE ( 'NONE', *, *, #5934, .F. ) ;
#10224 = ORIENTED_EDGE ( 'NONE', *, *, #3103, .F. ) ;
#10225 = CARTESIAN_POINT ( 'NONE',  ( 0.1574625804569080023, -1.849121783825138809, -6.676865415562216910 ) ) ;
#10226 = CARTESIAN_POINT ( 'NONE',  ( 0.9639996296761210726, -2.648567214897810551, 9.750000000000001776 ) ) ;
#10227 = DIRECTION ( 'NONE',  ( -0.000000000000000000, 0.000000000000000000, 1.000000000000000000 ) ) ;
#10228 = DIRECTION ( 'NONE',  ( 0.9848077530122077983, -0.1736481776669322463, 0.000000000000000000 ) ) ;
#10229 = CARTESIAN_POINT ( 'NONE',  ( 2.883516910659405408, 0.8278467406115945781, 9.449999999999999289 ) ) ;
#10230 = ORIENTED_EDGE ( 'NONE', *, *, #10673, .F. ) ;
#10231 = VERTEX_POINT ( 'NONE', #2451 ) ;
#10232 = EDGE_CURVE ( 'NONE', #11130, #6289, #1404, .T. ) ;
#10233 = LINE ( 'NONE', #1312, #3969 ) ;
#10234 = EDGE_CURVE ( 'NONE', #6512, #1561, #8903, .T. ) ;
#10235 = CARTESIAN_POINT ( 'NONE',  ( 0.000000000000000000, 0.000000000000000000, 9.750000000000001776 ) ) ;
#10236 = PLANE ( 'NONE',  #11216 ) ;
#10237 = EDGE_CURVE ( 'NONE', #9036, #70, #4219, .T. ) ;
#10238 = LINE ( 'NONE', #11325, #7916 ) ;
#10239 = DIRECTION ( 'NONE',  ( -0.000000000000000000, 0.000000000000000000, -1.000000000000000000 ) ) ;
#10240 = DIRECTION ( 'NONE',  ( -1.000000000000000000, 0.000000000000000000, 0.000000000000000000 ) ) ;
#10241 = CARTESIAN_POINT ( 'NONE',  ( 0.000000000000000000, 0.000000000000000000, 5.550000000000000711 ) ) ;
#10242 = FACE_OUTER_BOUND ( 'NONE', #5579, .T. ) ;
#10243 = VERTEX_POINT ( 'NONE', #1574 ) ;
#10244 = CARTESIAN_POINT ( 'NONE',  ( 2.510222867757256004, -1.529287186274166821, 9.510800894373550918 ) ) ;
#10245 = EDGE_CURVE ( 'NONE', #6320, #10921, #459, .T. ) ;
#10246 = CARTESIAN_POINT ( 'NONE',  ( 0.1966118550883507454, -2.811680521731791060, 8.077500000000002345 ) ) ;
#10247 = EDGE_CURVE ( 'NONE', #5628, #2793, #992, .T. ) ;
#10248 = AXIS2_PLACEMENT_3D ( 'NONE', #5563, #255, #435 ) ;
#10249 = CARTESIAN_POINT ( 'NONE',  ( 1.070158251101090752, -2.737644874981792320, 9.510800894373550918 ) ) ;
#10250 = CARTESIAN_POINT ( 'NONE',  ( 1.131920505072444127, 2.712691304610673981, 9.510800894373550918 ) ) ;
#10251 = VERTEX_POINT ( 'NONE', #4388 ) ;
#10252 = VERTEX_POINT ( 'NONE', #875 ) ;
#10253 = PLANE ( 'NONE',  #11057 ) ;
#10254 = CARTESIAN_POINT ( 'NONE',  ( -0.9639996296761036421, 2.648567214897816768, 9.750000000000001776 ) ) ;
#10255 = CARTESIAN_POINT ( 'NONE',  ( 2.819410289580891682, -1.025146632928866541, 8.077500000000000568 ) ) ;
#10256 = AXIS2_PLACEMENT_3D ( 'NONE', #9688, #10190, #4418 ) ;
#10257 = ADVANCED_FACE ( 'NONE', ( #91 ), #9022, .T. ) ;
#10258 = EDGE_LOOP ( 'NONE', ( #4336, #4705, #10666 ) ) ;
#10259 = DIRECTION ( 'NONE',  ( -0.9902680687415691407, 0.1391731009600741253, 0.000000000000000000 ) ) ;
#10260 = DIRECTION ( 'NONE',  ( 0.000000000000000000, -0.000000000000000000, -1.000000000000000000 ) ) ;
#10261 = CARTESIAN_POINT ( 'NONE',  ( 0.000000000000000000, 0.000000000000000000, 8.077500000000002345 ) ) ;
#10262 = ORIENTED_EDGE ( 'NONE', *, *, #5929, .T. ) ;
#10263 = CARTESIAN_POINT ( 'NONE',  ( -1.176575538379254215, 2.037888611415574314, -6.826041666666672114 ) ) ;
#10264 = AXIS2_PLACEMENT_3D ( 'NONE', #7679, #64, #10707 ) ;
#10265 = DIRECTION ( 'NONE',  ( -0.000000000000000000, -0.000000000000000000, -1.000000000000000000 ) ) ;
#10266 = ADVANCED_FACE ( 'NONE', ( #2619 ), #8039, .F. ) ;
#10267 = CARTESIAN_POINT ( 'NONE',  ( -0.3922658369820657964, 2.791116459588169896, 9.750000000000001776 ) ) ;
#10268 = ORIENTED_EDGE ( 'NONE', *, *, #11419, .T. ) ;
#10269 = CARTESIAN_POINT ( 'NONE',  ( 2.819410289580898343, 1.025146632928847668, -9.750000000000001776 ) ) ;
#10270 = CARTESIAN_POINT ( 'NONE',  ( -2.000000000000003997, 0.5358983848622452806, -7.506260739116966896 ) ) ;
#10271 = CARTESIAN_POINT ( 'NONE',  ( -2.440932748640464389, -1.409273179501314921, 9.750000000000001776 ) ) ;
#10272 = VECTOR ( 'NONE', #4028, 1000.000000000000000 ) ;
#10273 = PLANE ( 'NONE',  #4717 ) ;
#10274 = TOROIDAL_SURFACE ( 'NONE', #1155, 1.919999999999993046, 0.07999999999999975187 ) ;
#10275 = ORIENTED_EDGE ( 'NONE', *, *, #3440, .F. ) ;
#10276 = CARTESIAN_POINT ( 'NONE',  ( -1.653218594235617234, -0.1301516579182781796, -6.478218594235593208 ) ) ;
#10277 = ORIENTED_EDGE ( 'NONE', *, *, #6672, .F. ) ;
#10278 = ORIENTED_EDGE ( 'NONE', *, *, #7913, .F. ) ;
#10279 = DIRECTION ( 'NONE',  ( 0.3090169943749588310, 0.9510565162951497564, 0.000000000000000000 ) ) ;
#10280 = CARTESIAN_POINT ( 'NONE',  ( -1.732050807569610384, 1.000000000000423439, -8.145833333333825976 ) ) ;
#10281 = ADVANCED_FACE ( 'NONE', ( #10544 ), #4569, .F. ) ;
#10282 = AXIS2_PLACEMENT_3D ( 'NONE', #8855, #11493, #6214 ) ;
#10283 = PLANE ( 'NONE',  #828 ) ;
#10284 = AXIS2_PLACEMENT_3D ( 'NONE', #10945, #3952, #6590 ) ;
#10285 = FACE_OUTER_BOUND ( 'NONE', #7217, .T. ) ;
#10286 = DIRECTION ( 'NONE',  ( -0.9612616959383164517, 0.2756373558170077120, 0.000000000000000000 ) ) ;
#10287 = ORIENTED_EDGE ( 'NONE', *, *, #8664, .F. ) ;
#10288 = VERTEX_POINT ( 'NONE', #7069 ) ;
#10289 = PLANE ( 'NONE',  #2551 ) ;
#10290 = DIRECTION ( 'NONE',  ( 0.6691306063588631226, 0.7431448254773898032, 0.000000000000000000 ) ) ;
#10291 = DIRECTION ( 'NONE',  ( 0.5591929034707890933, 0.8290375725550132024, 0.000000000000000000 ) ) ;
#10292 = CARTESIAN_POINT ( 'NONE',  ( -2.742306912204075076, -1.220953701233101540, 8.077500000000002345 ) ) ;
#10293 = VECTOR ( 'NONE', #7579, 1000.000000000000114 ) ;
#10294 = VECTOR ( 'NONE', #2293, 1000.000000000000000 ) ;
#10295 = CARTESIAN_POINT ( 'NONE',  ( 2.936231475081719111, 0.6241152666106590807, 8.077500000000002345 ) ) ;
#10296 = CARTESIAN_POINT ( 'NONE',  ( -2.734823486451059882, 0.6818680780054973134, 9.750000000000001776 ) ) ;
#10297 = TOROIDAL_SURFACE ( 'NONE', #5305, 1.919999999999993046, 0.07999999999999975187 ) ;
#10298 = EDGE_CURVE ( 'NONE', #7267, #2314, #7186, .T. ) ;
#10299 = AXIS2_PLACEMENT_3D ( 'NONE', #3835, #10117, #9949 ) ;
#10300 = CARTESIAN_POINT ( 'NONE',  ( -6.466857128753951852E-16, 1.154700538379251462, 8.250000000000001776 ) ) ;
#10301 = CARTESIAN_POINT ( 'NONE',  ( 0.1537071360034089618, -1.540994115310143631, -9.679663336986545019 ) ) ;
#10302 = ORIENTED_EDGE ( 'NONE', *, *, #7638, .T. ) ;
#10303 = CARTESIAN_POINT ( 'NONE',  ( 2.884052962002319642, -0.8259773074156742112, -9.750000000000001776 ) ) ;
#10304 = DESIGN_CONTEXT ( 'detailed design', #7241, 'design' ) ;
#10305 = DIRECTION ( 'NONE',  ( 0.7193398003386420880, -0.6946583704590066910, 0.000000000000000000 ) ) ;
#10306 = DIRECTION ( 'NONE',  ( -0.8829475928589270994, -0.4694715627858902507, 0.000000000000000000 ) ) ;
#10307 = ORIENTED_EDGE ( 'NONE', *, *, #4415, .F. ) ;
#10308 = VECTOR ( 'NONE', #5899, 1000.000000000000000 ) ;
#10309 = ORIENTED_EDGE ( 'NONE', *, *, #6130, .T. ) ;
#10310 = CARTESIAN_POINT ( 'NONE',  ( 1.124721301025000342, -2.781187155698197966, 9.449999999999999289 ) ) ;
#10311 = EDGE_CURVE ( 'NONE', #9587, #1222, #5338, .T. ) ;
#10312 = EDGE_CURVE ( 'NONE', #2698, #5341, #9720, .T. ) ;
#10313 = CARTESIAN_POINT ( 'NONE',  ( 1.764863307568882433, 1.018944305707785603, -8.401041666666673180 ) ) ;
#10314 = EDGE_CURVE ( 'NONE', #4206, #9211, #6857, .T. ) ;
#10315 = ADVANCED_FACE ( 'NONE', ( #6198 ), #3561, .F. ) ;
#10316 = AXIS2_PLACEMENT_3D ( 'NONE', #11484, #882, #1745 ) ;
#10317 = CIRCLE ( 'NONE', #1012, 3.000000000000000000 ) ;
#10318 = CARTESIAN_POINT ( 'NONE',  ( 0.8922005383792529498, -1.545336663013173517, -6.104166666666671404 ) ) ;
#10319 = ORIENTED_EDGE ( 'NONE', *, *, #9486, .F. ) ;
#10320 = CARTESIAN_POINT ( 'NONE',  ( -2.740240724291732821, 1.221098183166743345, 9.449999999999999289 ) ) ;
#10321 = ORIENTED_EDGE ( 'NONE', *, *, #9457, .F. ) ;
#10322 = DIRECTION ( 'NONE',  ( -0.9902680687415721383, -0.1391731009600518099, 0.000000000000000000 ) ) ;
#10323 = CARTESIAN_POINT ( 'NONE',  ( -2.680596881209464488, 0.8709787243654864008, 8.077500000000002345 ) ) ;
#10324 = CARTESIAN_POINT ( 'NONE',  ( -2.008114336621357854, -2.228783706656113583, 9.449999999999999289 ) ) ;
#10325 = DIRECTION ( 'NONE',  ( -0.000000000000000000, -0.000000000000000000, -1.000000000000000000 ) ) ;
#10326 = ORIENTED_EDGE ( 'NONE', *, *, #4709, .T. ) ;
#10327 = ORIENTED_EDGE ( 'NONE', *, *, #11018, .F. ) ;
#10328 = AXIS2_PLACEMENT_3D ( 'NONE', #10201, #9266, #8388 ) ;
#10329 = CIRCLE ( 'NONE', #8289, 3.000000000000000000 ) ;
#10330 = EDGE_CURVE ( 'NONE', #5071, #3067, #3439, .T. ) ;
#10331 = CARTESIAN_POINT ( 'NONE',  ( -1.676772478465734517, -2.487656337893133784, 8.077500000000000568 ) ) ;
#10332 = ORIENTED_EDGE ( 'NONE', *, *, #6061, .T. ) ;
#10333 = DIRECTION ( 'NONE',  ( -0.000000000000000000, 0.000000000000000000, 1.000000000000000000 ) ) ;
#10334 = CIRCLE ( 'NONE', #1025, 3.000000000000000000 ) ;
#10335 = AXIS2_PLACEMENT_3D ( 'NONE', #2154, #1489, #10359 ) ;
#10336 = ORIENTED_EDGE ( 'NONE', *, *, #10363, .F. ) ;
#10337 = CARTESIAN_POINT ( 'NONE',  ( 2.474923495339725221, -1.585777990807418325, 9.510800894373550918 ) ) ;
#10338 = CARTESIAN_POINT ( 'NONE',  ( 0.9639996296761210726, -2.648567214897810551, 8.077500000000002345 ) ) ;
#10339 = ORIENTED_EDGE ( 'NONE', *, *, #8586, .T. ) ;
#10340 = EDGE_LOOP ( 'NONE', ( #8275, #9249, #10623, #8474 ) ) ;
#10341 = CARTESIAN_POINT ( 'NONE',  ( -2.741031733634774259, -1.219321547093770386, 9.449999999999999289 ) ) ;
#10342 = EDGE_CURVE ( 'NONE', #8058, #6503, #7981, .T. ) ;
#10343 = PLANE ( 'NONE',  #1972 ) ;
#10344 = AXIS2_PLACEMENT_3D ( 'NONE', #6759, #11278, #2212 ) ;
#10345 = AXIS2_PLACEMENT_3D ( 'NONE', #11373, #3294, #5180 ) ;
#10346 = VERTEX_POINT ( 'NONE', #1684 ) ;
#10347 = DIRECTION ( 'NONE',  ( -0.000000000000000000, 0.000000000000000000, -1.000000000000000000 ) ) ;
#10348 = LINE ( 'NONE', #3950, #6428 ) ;
#10349 = CARTESIAN_POINT ( 'NONE',  ( 0.000000000000000000, 0.000000000000000000, 9.750000000000001776 ) ) ;
#10350 = ORIENTED_EDGE ( 'NONE', *, *, #397, .T. ) ;
#10351 = CARTESIAN_POINT ( 'NONE',  ( -1.930578512396687207, 0.000000000000000000, -5.254610091317154286 ) ) ;
#10352 = ADVANCED_FACE ( 'NONE', ( #2806 ), #2566, .T. ) ;
#10353 = AXIS2_PLACEMENT_3D ( 'NONE', #9695, #3533, #2543 ) ;
#10354 = CARTESIAN_POINT ( 'NONE',  ( -1.676772478465734739, -2.487656337893134229, 9.449999999999999289 ) ) ;
#10355 = CARTESIAN_POINT ( 'NONE',  ( -2.934644818296857416, 0.6227839034877213908, 8.077500000000000568 ) ) ;
#10356 = EDGE_CURVE ( 'NONE', #4138, #10211, #3093, .T. ) ;
#10357 = FACE_OUTER_BOUND ( 'NONE', #3045, .T. ) ;
#10358 = CARTESIAN_POINT ( 'NONE',  ( 2.000000000008275602, -0.5358983848496071678, -7.768760739116705949 ) ) ;
#10359 = DIRECTION ( 'NONE',  ( -0.9902680687415786887, -0.1391731009600060964, 0.000000000000000000 ) ) ;
#10360 = CARTESIAN_POINT ( 'NONE',  ( 1.122918141402818870, -2.781915679474926684, -9.750000000000001776 ) ) ;
#10361 = ORIENTED_EDGE ( 'NONE', *, *, #11519, .F. ) ;
#10362 = LINE ( 'NONE', #6073, #8585 ) ;
#10363 = EDGE_CURVE ( 'NONE', #924, #7296, #6457, .T. ) ;
#10364 = CARTESIAN_POINT ( 'NONE',  ( 0.3272472668956660780, 0.9657642407454688493, 9.594872772280242046 ) ) ;
#10365 = CARTESIAN_POINT ( 'NONE',  ( 0.8922005383792529498, -1.545336663013173517, -7.591666666666673002 ) ) ;
#10366 = CARTESIAN_POINT ( 'NONE',  ( 1.139146806456285521, 2.643937639588752386, 9.571310031034848009 ) ) ;
#10367 = VERTEX_POINT ( 'NONE', #11537 ) ;
#10368 = ORIENTED_EDGE ( 'NONE', *, *, #11083, .F. ) ;
#10369 = ORIENTED_EDGE ( 'NONE', *, *, #8336, .T. ) ;
#10370 = AXIS2_PLACEMENT_3D ( 'NONE', #7439, #3827, #9287 ) ;
#10371 = CARTESIAN_POINT ( 'NONE',  ( 0.5219021180699601192, -2.954254250932727199, 8.077500000000000568 ) ) ;
#10372 = CARTESIAN_POINT ( 'NONE',  ( -2.495693764988927099E-16, -2.037888611415574314, -8.634375000000007461 ) ) ;
#10373 = CARTESIAN_POINT ( 'NONE',  ( -1.671185562066215713, 2.418072985055506496, 9.510800894373550918 ) ) ;
#10374 = LINE ( 'NONE', #1282, #765 ) ;
#10375 = CARTESIAN_POINT ( 'NONE',  ( 0.000000000000000000, 0.000000000000000000, 9.449999999999999289 ) ) ;
#10376 = ORIENTED_EDGE ( 'NONE', *, *, #10342, .T. ) ;
#10377 = CARTESIAN_POINT ( 'NONE',  ( -2.820796215196669010, -1.026685859262319145, 9.750000000000001776 ) ) ;
#10378 = FACE_OUTER_BOUND ( 'NONE', #3740, .T. ) ;
#10379 = EDGE_CURVE ( 'NONE', #144, #9911, #10444, .T. ) ;
#10380 = EDGE_CURVE ( 'NONE', #6482, #9800, #10665, .T. ) ;
#10381 = PLANE ( 'NONE',  #3590 ) ;
#10382 = CARTESIAN_POINT ( 'NONE',  ( 2.803106067138685376, -0.2946183195551994594, 9.631453640997325039 ) ) ;
#10383 = DIRECTION ( 'NONE',  ( -0.6691306063588655650, -0.7431448254773875828, 0.000000000000000000 ) ) ;
#10384 = VERTEX_POINT ( 'NONE', #390 ) ;
#10385 = EDGE_CURVE ( 'NONE', #9442, #6773, #712, .T. ) ;
#10386 = ORIENTED_EDGE ( 'NONE', *, *, #4352, .F. ) ;
#10387 = DIRECTION ( 'NONE',  ( -0.4999999999999718558, 0.8660254037844549169, 0.000000000000000000 ) ) ;
#10388 = ORIENTED_EDGE ( 'NONE', *, *, #3062, .F. ) ;
#10389 = DIRECTION ( 'NONE',  ( 0.5877852522924676970, -0.8090169943749514481, 0.000000000000000000 ) ) ;
#10390 = DIRECTION ( 'NONE',  ( -0.000000000000000000, -0.000000000000000000, -1.000000000000000000 ) ) ;
#10391 = FACE_OUTER_BOUND ( 'NONE', #1461, .T. ) ;
#10392 = VERTEX_POINT ( 'NONE', #5632 ) ;
#10393 = EDGE_CURVE ( 'NONE', #7537, #1696, #3230, .T. ) ;
#10394 = ADVANCED_FACE ( 'NONE', ( #1099 ), #3970, .F. ) ;
#10395 = DIRECTION ( 'NONE',  ( 0.000000000000000000, -0.000000000000000000, -1.000000000000000000 ) ) ;
#10396 = ORIENTED_EDGE ( 'NONE', *, *, #1321, .F. ) ;
#10397 = ORIENTED_EDGE ( 'NONE', *, *, #9860, .F. ) ;
#10398 = ADVANCED_FACE ( 'NONE', ( #4862 ), #10960, .T. ) ;
#10399 = DIRECTION ( 'NONE',  ( -0.000000000000000000, -0.000000000000000000, 1.000000000000000000 ) ) ;
#10400 = CARTESIAN_POINT ( 'NONE',  ( -0.9639996296761567107, -2.648567214897797228, 9.750000000000001776 ) ) ;
#10401 = ORIENTED_EDGE ( 'NONE', *, *, #6598, .T. ) ;
#10402 = CARTESIAN_POINT ( 'NONE',  ( -1.124721301024982356, 2.781187155698205071, 8.077500000000000568 ) ) ;
#10403 = CARTESIAN_POINT ( 'NONE',  ( 1.475000000000006750, 1.806354028742354184E-16, -5.774999999999992362 ) ) ;
#10404 = DIRECTION ( 'NONE',  ( -0.000000000000000000, -0.000000000000000000, 1.000000000000000000 ) ) ;
#10405 = ORIENTED_EDGE ( 'NONE', *, *, #6869, .F. ) ;
#10406 = CARTESIAN_POINT ( 'NONE',  ( -1.315915060267078829, 2.698025703257726615, 9.750000000000001776 ) ) ;
#10407 = DIRECTION ( 'NONE',  ( 0.7431448254773898032, -0.6691306063588631226, 0.000000000000000000 ) ) ;
#10408 = CARTESIAN_POINT ( 'NONE',  ( -2.000000000000003553, -2.382190991706389344E-15, -8.175000000000004263 ) ) ;
#10409 = CARTESIAN_POINT ( 'NONE',  ( -2.734823486451059882, 0.6818680780054973134, 8.077500000000002345 ) ) ;
#10410 = CARTESIAN_POINT ( 'NONE',  ( -2.875724501155999313, 0.1351676076017404582, 9.571310031034848009 ) ) ;
#10411 = B_SPLINE_CURVE_WITH_KNOTS ( 'NONE', 3,
 ( #8186, #2774, #1188, #6351 ),
 .UNSPECIFIED., .F., .F.,
 ( 4, 4 ),
 ( 3.054997924346405201E-07, 0.0002759181450133584685 ),
 .UNSPECIFIED. ) ;
#10412 = PLANE ( 'NONE',  #11084 ) ;
#10413 = CARTESIAN_POINT ( 'NONE',  ( 0.000000000000000000, 0.000000000000000000, 9.449999999999999289 ) ) ;
#10414 = EDGE_CURVE ( 'NONE', #7080, #1924, #2261, .T. ) ;
#10415 = CARTESIAN_POINT ( 'NONE',  ( -0.7267091498297494345, -2.910651784661593577, 9.449999999999999289 ) ) ;
#10416 = ORIENTED_EDGE ( 'NONE', *, *, #10245, .F. ) ;
#10417 = DIRECTION ( 'NONE',  ( -0.000000000000000000, -0.000000000000000000, 1.000000000000000000 ) ) ;
#10418 = DIRECTION ( 'NONE',  ( 0.000000000000000000, 0.000000000000000000, -1.000000000000000000 ) ) ;
#10419 = LINE ( 'NONE', #620, #4785 ) ;
#10420 = ORIENTED_EDGE ( 'NONE', *, *, #6062, .F. ) ;
#10421 = ORIENTED_EDGE ( 'NONE', *, *, #7674, .T. ) ;
#10422 = B_SPLINE_CURVE_WITH_KNOTS ( 'NONE', 3,
 ( #2798, #2972, #10828, #8946 ),
 .UNSPECIFIED., .F., .F.,
 ( 4, 4 ),
 ( 0.0006828325726426475719, 0.001281143171721438063 ),
 .UNSPECIFIED. ) ;
#10423 = DIRECTION ( 'NONE',  ( 0.1736481776669206722, -0.9848077530122096857, 0.000000000000000000 ) ) ;
#10424 = CARTESIAN_POINT ( 'NONE',  ( -1.764863307568881545, 1.018944305707787379, -8.867708333333339965 ) ) ;
#10425 = ADVANCED_FACE ( 'NONE', ( #10139 ), #6671, .F. ) ;
#10426 = AXIS2_PLACEMENT_3D ( 'NONE', #6945, #2348, #9610 ) ;
#10427 = CARTESIAN_POINT ( 'NONE',  ( 1.401258538444132951, -1.427050983124789507, -9.225000000000001421 ) ) ;
#10428 = CARTESIAN_POINT ( 'NONE',  ( -2.116048710654274245, 1.952024472908084229, 9.571310031034848009 ) ) ;
#10429 = CARTESIAN_POINT ( 'NONE',  ( 1.784401076758506788, -3.763923298982691022E-16, -7.475000000000004086 ) ) ;
#10430 = ORIENTED_EDGE ( 'NONE', *, *, #10533, .T. ) ;
#10431 = DIRECTION ( 'NONE',  ( -0.000000000000000000, 0.000000000000000000, -1.000000000000000000 ) ) ;
#10432 = DIRECTION ( 'NONE',  ( 0.03489949670249953284, -0.9993908270190956511, 0.000000000000000000 ) ) ;
#10433 = ORIENTED_EDGE ( 'NONE', *, *, #5313, .F. ) ;
#10434 = ORIENTED_EDGE ( 'NONE', *, *, #7200, .F. ) ;
#10435 = CARTESIAN_POINT ( 'NONE',  ( 0.000000000000000000, 0.000000000000000000, 8.077500000000002345 ) ) ;
#10436 = CARTESIAN_POINT ( 'NONE',  ( 0.000000000000000000, 0.000000000000000000, 9.449999999999999289 ) ) ;
#10437 = DIRECTION ( 'NONE',  ( -1.000000000000000000, 0.000000000000000000, 0.000000000000000000 ) ) ;
#10438 = CIRCLE ( 'NONE', #2826, 3.000000000000000000 ) ;
#10439 = ORIENTED_EDGE ( 'NONE', *, *, #5365, .F. ) ;
#10440 = EDGE_CURVE ( 'NONE', #11208, #2009, #2224, .T. ) ;
#10441 = FACE_OUTER_BOUND ( 'NONE', #4917, .T. ) ;
#10442 = CARTESIAN_POINT ( 'NONE',  ( 1.176575538379253549, -2.037888611415574758, -6.519791666666668206 ) ) ;
#10443 = ORIENTED_EDGE ( 'NONE', *, *, #7083, .T. ) ;
#10444 = B_SPLINE_CURVE_WITH_KNOTS ( 'NONE', 3,
 ( #11480, #6328, #5692, #9263 ),
 .UNSPECIFIED., .F., .F.,
 ( 4, 4 ),
 ( 3.054997924345965273E-07, 0.0002759181450133579264 ),
 .UNSPECIFIED. ) ;
#10445 = CARTESIAN_POINT ( 'NONE',  ( -1.941949504148890115, 2.206529008930020463, 9.510800894373550918 ) ) ;
#10446 = ORIENTED_EDGE ( 'NONE', *, *, #10965, .T. ) ;
#10447 = AXIS2_PLACEMENT_3D ( 'NONE', #4755, #1106, #4696 ) ;
#10448 = ORIENTED_EDGE ( 'NONE', *, *, #4631, .F. ) ;
#10449 = FACE_OUTER_BOUND ( 'NONE', #2995, .T. ) ;
#10450 = PLANE ( 'NONE',  #9781 ) ;
#10451 = ORIENTED_EDGE ( 'NONE', *, *, #9881, .T. ) ;
#10452 = EDGE_CURVE ( 'NONE', #801, #5452, #9314, .T. ) ;
#10453 = ORIENTED_EDGE ( 'NONE', *, *, #10741, .T. ) ;
#10454 = EDGE_CURVE ( 'NONE', #5123, #7259, #6441, .T. ) ;
#10455 = CARTESIAN_POINT ( 'NONE',  ( 2.994516329218109618, 0.2093969802149970860, 9.750000000000001776 ) ) ;
#10456 = VECTOR ( 'NONE', #10528, 1000.000000000000000 ) ;
#10457 = DIRECTION ( 'NONE',  ( -0.000000000000000000, -0.000000000000000000, -1.000000000000000000 ) ) ;
#10458 = EDGE_LOOP ( 'NONE', ( #8403, #6150, #11001, #2748 ) ) ;
#10459 = DIRECTION ( 'NONE',  ( -0.9902680687415704730, -0.1391731009600642166, 0.000000000000000000 ) ) ;
#10460 = DIRECTION ( 'NONE',  ( -0.9945218953682725127, 0.1045284632676620890, 0.000000000000000000 ) ) ;
#10461 = CARTESIAN_POINT ( 'NONE',  ( 2.868035361279057671, 0.6436701875702550701, 9.510800894373549141 ) ) ;
#10462 = AXIS2_PLACEMENT_3D ( 'NONE', #5228, #760, #7026 ) ;
#10463 = CARTESIAN_POINT ( 'NONE',  ( 1.678384766113657278, -2.486568836143010053, -9.750000000000001776 ) ) ;
#10464 = EDGE_CURVE ( 'NONE', #7363, #3069, #7271, .T. ) ;
#10465 = DIRECTION ( 'NONE',  ( -1.000000000000000000, 0.000000000000000000, 0.000000000000000000 ) ) ;
#10466 = DIRECTION ( 'NONE',  ( -0.000000000000000000, -0.000000000000000000, 1.000000000000000000 ) ) ;
#10467 = CARTESIAN_POINT ( 'NONE',  ( -0.7768966656431479656, -2.709360653135679531, 9.750000000000001776 ) ) ;
#10468 = AXIS2_PLACEMENT_3D ( 'NONE', #1172, #2007, #8350 ) ;
#10469 = CARTESIAN_POINT ( 'NONE',  ( -2.648386132258304659, 1.409273179501368878, 9.449999999999999289 ) ) ;
#10470 = CARTESIAN_POINT ( 'NONE',  ( -2.000000000008067325, 0.5358983848482852252, -8.818760739116155989 ) ) ;
#10471 = CARTESIAN_POINT ( 'NONE',  ( 1.338300807568879813, -0.7726683315065872026, -7.533333333333337656 ) ) ;
#10472 = CARTESIAN_POINT ( 'NONE',  ( 0.1966118550883700078, 2.811680521731789728, 9.631453640997325039 ) ) ;
#10473 = ADVANCED_FACE ( 'NONE', ( #4811 ), #2930, .F. ) ;
#10474 = ORIENTED_EDGE ( 'NONE', *, *, #11554, .T. ) ;
#10475 = EDGE_LOOP ( 'NONE', ( #1021, #22, #8232 ) ) ;
#10476 = CIRCLE ( 'NONE', #4169, 3.000000000000000444 ) ;
#10477 = CIRCLE ( 'NONE', #4749, 3.000000000000000888 ) ;
#10478 = CARTESIAN_POINT ( 'NONE',  ( -1.224631108059325735, 1.292431210462554159, -9.448123245845245322 ) ) ;
#10479 = CARTESIAN_POINT ( 'NONE',  ( 1.258519852229800229, 2.656325643714886109, 9.510800894373550918 ) ) ;
#10480 = LINE ( 'NONE', #10254, #11413 ) ;
#10481 = DIRECTION ( 'NONE',  ( 0.000000000000000000, -0.000000000000000000, 1.000000000000000000 ) ) ;
#10482 = DIRECTION ( 'NONE',  ( -0.000000000000000000, -0.000000000000000000, -1.000000000000000000 ) ) ;
#10483 = ORIENTED_EDGE ( 'NONE', *, *, #2849, .T. ) ;
#10484 = VECTOR ( 'NONE', #6360, 1000.000000000000000 ) ;
#10485 = CARTESIAN_POINT ( 'NONE',  ( -1.344910221629906921, 0.8012891610765284778, -6.387461337500067060 ) ) ;
#10486 = EDGE_CURVE ( 'NONE', #5428, #8498, #1992, .T. ) ;
#10487 = VERTEX_POINT ( 'NONE', #8220 ) ;
#10488 = ADVANCED_FACE ( 'NONE', ( #2101 ), #3792, .T. ) ;
#10489 = ORIENTED_EDGE ( 'NONE', *, *, #3683, .F. ) ;
#10490 = ORIENTED_EDGE ( 'NONE', *, *, #5867, .F. ) ;
#10491 = LINE ( 'NONE', #10826, #1580 ) ;
#10492 = CARTESIAN_POINT ( 'NONE',  ( 0.000000000000000000, 0.000000000000000000, 8.077500000000000568 ) ) ;
#10493 = CARTESIAN_POINT ( 'NONE',  ( 1.784401076758506788, -3.763923298982691022E-16, -8.875000000000003553 ) ) ;
#10494 = B_SPLINE_CURVE_WITH_KNOTS ( 'NONE', 3,
 ( #1028, #4610, #4730, #6698 ),
 .UNSPECIFIED., .F., .F.,
 ( 4, 4 ),
 ( 3.054997924345647106E-07, 0.0002759181450133585227 ),
 .UNSPECIFIED. ) ;
#10495 = AXIS2_PLACEMENT_3D ( 'NONE', #1185, #1122, #6636 ) ;
#10496 = ORIENTED_EDGE ( 'NONE', *, *, #7753, .T. ) ;
#10497 = CARTESIAN_POINT ( 'NONE',  ( -2.734823486451059438, 0.6818680780054969803, 9.631453640997325039 ) ) ;
#10498 = CARTESIAN_POINT ( 'NONE',  ( -2.353151076758508875, 9.548577686196303386E-17, -9.553125000000001421 ) ) ;
#10499 = EDGE_LOOP ( 'NONE', ( #5022, #5214, #3438, #1440 ) ) ;
#10500 = PLANE ( 'NONE',  #10462 ) ;
#10501 = CIRCLE ( 'NONE', #6448, 1.154700538379251462 ) ;
#10502 = CARTESIAN_POINT ( 'NONE',  ( 0.000000000000000000, 0.000000000000000000, 9.449999999999999289 ) ) ;
#10503 = LINE ( 'NONE', #5356, #5690 ) ;
#10504 = ORIENTED_EDGE ( 'NONE', *, *, #2271, .F. ) ;
#10505 = VECTOR ( 'NONE', #6586, 1000.000000000000000 ) ;
#10506 = APPROVAL ( #110, 'UNSPECIFIED' ) ;
#10507 = EDGE_LOOP ( 'NONE', ( #9614, #1354, #7631 ) ) ;
#10508 = CARTESIAN_POINT ( 'NONE',  ( 0.3126183150084778095, 2.983667171304678956, 9.449999999999999289 ) ) ;
#10509 = AXIS2_PLACEMENT_3D ( 'NONE', #10732, #5399, #2747 ) ;
#10510 = AXIS2_PLACEMENT_3D ( 'NONE', #10525, #11326, #7843 ) ;
#10511 = CARTESIAN_POINT ( 'NONE',  ( 1.746410161513795911, 2.109110560949804117E-14, -6.571410161513767001 ) ) ;
#10512 = DIRECTION ( 'NONE',  ( 1.000000000000000000, 0.000000000000000000, 0.000000000000000000 ) ) ;
#10513 = DIRECTION ( 'NONE',  ( -0.000000000000000000, 0.000000000000000000, 1.000000000000000000 ) ) ;
#10514 = VERTEX_POINT ( 'NONE', #10904 ) ;
#10515 = CARTESIAN_POINT ( 'NONE',  ( -1.475000000000006750, 0.000000000000000000, -5.774999999999992362 ) ) ;
#10516 = DIRECTION ( 'NONE',  ( -0.000000000000000000, 0.000000000000000000, -1.000000000000000000 ) ) ;
#10517 = CARTESIAN_POINT ( 'NONE',  ( 2.613310677415280558, -1.055846049930825981, 9.631453640997325039 ) ) ;
#10518 = B_SPLINE_CURVE_WITH_KNOTS ( 'NONE', 3,
 ( #56, #7275, #5238, #2589 ),
 .UNSPECIFIED., .F., .F.,
 ( 4, 4 ),
 ( 3.054997924344684136E-07, 0.0002759181450133579806 ),
 .UNSPECIFIED. ) ;
#10519 = CARTESIAN_POINT ( 'NONE',  ( -2.803106067138683599, 0.2946183195552181111, 8.077500000000002345 ) ) ;
#10520 = EDGE_CURVE ( 'NONE', #9814, #5395, #276, .T. ) ;
#10521 = ADVANCED_FACE ( 'NONE', ( #6831 ), #5919, .T. ) ;
#10522 = CARTESIAN_POINT ( 'NONE',  ( -2.158694763139513473, -2.083275526567247127, 9.449999999999999289 ) ) ;
#10523 = CIRCLE ( 'NONE', #5156, 3.000000000000000000 ) ;
#10524 = EDGE_CURVE ( 'NONE', #7820, #4741, #4393, .T. ) ;
#10525 = CARTESIAN_POINT ( 'NONE',  ( 0.000000000000000000, 0.000000000000000000, 9.449999999999999289 ) ) ;
#10526 = FACE_OUTER_BOUND ( 'NONE', #7379, .T. ) ;
#10527 = AXIS2_PLACEMENT_3D ( 'NONE', #5487, #4722, #4606 ) ;
#10528 = DIRECTION ( 'NONE',  ( 0.000000000000000000, 0.000000000000000000, -1.000000000000000000 ) ) ;
#10529 = VERTEX_POINT ( 'NONE', #5151 ) ;
#10530 = DIRECTION ( 'NONE',  ( -0.000000000000000000, 0.000000000000000000, 1.000000000000000000 ) ) ;
#10531 = VERTEX_POINT ( 'NONE', #454 ) ;
#10532 = CARTESIAN_POINT ( 'NONE',  ( -2.816829376715344058, 0.09836584936188837169, 9.631453640997325039 ) ) ;
#10533 = EDGE_CURVE ( 'NONE', #7930, #3207, #10419, .T. ) ;
#10534 = DIRECTION ( 'NONE',  ( 0.03489949670249099800, -0.9993908270190959842, 0.000000000000000000 ) ) ;
#10535 = ORIENTED_EDGE ( 'NONE', *, *, #5480, .F. ) ;
#10536 = CARTESIAN_POINT ( 'NONE',  ( -1.824445846744101818, 0.2264796735592709553, -9.400554153255910705 ) ) ;
#10537 = ORIENTED_EDGE ( 'NONE', *, *, #7157, .F. ) ;
#10538 = CARTESIAN_POINT ( 'NONE',  ( 2.610785772471330368, 1.350457623983477129, 9.510800894373550918 ) ) ;
#10539 = DIRECTION ( 'NONE',  ( -1.000000000000000000, 0.000000000000000000, 0.000000000000000000 ) ) ;
#10540 = DIRECTION ( 'NONE',  ( -1.000000000000000000, -1.224646799147359617E-16, 0.000000000000000000 ) ) ;
#10541 = DIRECTION ( 'NONE',  ( -0.000000000000000000, -0.000000000000000000, -1.000000000000000000 ) ) ;
#10542 = ORIENTED_EDGE ( 'NONE', *, *, #657, .T. ) ;
#10543 = CARTESIAN_POINT ( 'NONE',  ( -0.5219021180700000873, -2.954254250932720094, 9.449999999999999289 ) ) ;
#10544 = FACE_OUTER_BOUND ( 'NONE', #9630, .T. ) ;
#10545 = ORIENTED_EDGE ( 'NONE', *, *, #2239, .F. ) ;
#10546 = AXIS2_PLACEMENT_3D ( 'NONE', #1313, #8421, #7617 ) ;
#10547 = ORIENTED_EDGE ( 'NONE', *, *, #10393, .F. ) ;
#10548 = ORIENTED_EDGE ( 'NONE', *, *, #614, .F. ) ;
#10549 = VECTOR ( 'NONE', #7039, 1000.000000000000000 ) ;
#10550 = DIRECTION ( 'NONE',  ( -0.000000000000000000, -0.000000000000000000, -1.000000000000000000 ) ) ;
#10551 = CARTESIAN_POINT ( 'NONE',  ( -1.892491597964134370E-16, -1.545336663013173073, -8.350000000000004974 ) ) ;
#10552 = CARTESIAN_POINT ( 'NONE',  ( 1.678384766113657056, -2.486568836143010053, 8.077500000000000568 ) ) ;
#10553 = EDGE_CURVE ( 'NONE', #8954, #1738, #4084, .T. ) ;
#10554 = CARTESIAN_POINT ( 'NONE',  ( -2.495693764988927099E-16, -2.037888611415574314, -6.578125000000002665 ) ) ;
#10555 = VECTOR ( 'NONE', #1174, 1000.000000000000000 ) ;
#10556 = ORIENTED_EDGE ( 'NONE', *, *, #6130, .F. ) ;
#10557 = CARTESIAN_POINT ( 'NONE',  ( -2.221044840433196388, -1.735270409657329482, 8.077500000000002345 ) ) ;
#10558 = ORIENTED_EDGE ( 'NONE', *, *, #5363, .F. ) ;
#10559 = DIRECTION ( 'NONE',  ( 0.8660254037844373753, -0.5000000000000024425, 0.000000000000000000 ) ) ;
#10560 = CARTESIAN_POINT ( 'NONE',  ( 0.000000000000000000, 0.000000000000000000, 8.077500000000000568 ) ) ;
#10561 = ORIENTED_EDGE ( 'NONE', *, *, #6357, .T. ) ;
#10562 = VERTEX_POINT ( 'NONE', #5090 ) ;
#10563 = FACE_OUTER_BOUND ( 'NONE', #7781, .T. ) ;
#10564 = B_SPLINE_CURVE_WITH_KNOTS ( 'NONE', 3,
 ( #9861, #2120, #5708, #8974 ),
 .UNSPECIFIED., .F., .F.,
 ( 4, 4 ),
 ( 3.054997924345648165E-07, 0.0002759181450133579264 ),
 .UNSPECIFIED. ) ;
#10565 = CARTESIAN_POINT ( 'NONE',  ( 0.000000000000000000, 0.000000000000000000, 9.449999999999999289 ) ) ;
#10566 = CARTESIAN_POINT ( 'NONE',  ( 0.000000000000000000, 0.000000000000000000, -9.750000000000001776 ) ) ;
#10567 = EDGE_CURVE ( 'NONE', #7494, #5957, #9475, .T. ) ;
#10568 = CARTESIAN_POINT ( 'NONE',  ( 0.000000000000000000, 0.000000000000000000, 8.077500000000002345 ) ) ;
#10569 = CARTESIAN_POINT ( 'NONE',  ( 1.784401076758506788, -3.763923298982691022E-16, -8.787500000000003197 ) ) ;
#10570 = LINE ( 'NONE', #11506, #5456 ) ;
#10571 = ORIENTED_EDGE ( 'NONE', *, *, #3002, .F. ) ;
#10572 = FACE_OUTER_BOUND ( 'NONE', #476, .T. ) ;
#10573 = B_SPLINE_CURVE_WITH_KNOTS ( 'NONE', 3,
 ( #270, #2218, #5802, #4683 ),
 .UNSPECIFIED., .F., .F.,
 ( 4, 4 ),
 ( 3.054997924351436047E-07, 0.0002759181450133580348 ),
 .UNSPECIFIED. ) ;
#10574 = DIRECTION ( 'NONE',  ( -0.000000000000000000, -0.000000000000000000, 1.000000000000000000 ) ) ;
#10575 = ORIENTED_EDGE ( 'NONE', *, *, #9659, .F. ) ;
#10576 = CARTESIAN_POINT ( 'NONE',  ( 2.740240724291750585, 1.221098183166705597, 9.449999999999999289 ) ) ;
#10577 = CARTESIAN_POINT ( 'NONE',  ( -2.006669090636782116, 2.230085011985631471, 9.449999999999999289 ) ) ;
#10578 = CARTESIAN_POINT ( 'NONE',  ( 1.784401076758506788, -3.763923298982691022E-16, -8.787500000000003197 ) ) ;
#10579 = EDGE_CURVE ( 'NONE', #8894, #11321, #1843, .T. ) ;
#10580 = ADVANCED_FACE ( 'NONE', ( #4254 ), #7802, .F. ) ;
#10581 = CARTESIAN_POINT ( 'NONE',  ( 0.3145524316524106467, 2.983463887453902785, 9.449999999999999289 ) ) ;
#10582 = DIRECTION ( 'NONE',  ( -0.6691306063588532416, 0.7431448254773986850, 0.000000000000000000 ) ) ;
#10583 = ORIENTED_EDGE ( 'NONE', *, *, #9535, .F. ) ;
#10584 = DIRECTION ( 'NONE',  ( -0.6691306063588631226, -0.7431448254773898032, 0.000000000000000000 ) ) ;
#10585 = ADVANCED_FACE ( 'NONE', ( #5038 ), #9369, .T. ) ;
#10586 = EDGE_LOOP ( 'NONE', ( #9405, #3884, #3113, #8557 ) ) ;
#10587 = CARTESIAN_POINT ( 'NONE',  ( -2.801581052984045250, -0.6627256538376253836, 9.571310031034848009 ) ) ;
#10588 = CARTESIAN_POINT ( 'NONE',  ( 1.338300807568879813, -0.7726683315065872026, -9.545833333333336057 ) ) ;
#10589 = DIRECTION ( 'NONE',  ( -1.000000000000000000, 0.000000000000000000, 0.000000000000000000 ) ) ;
#10590 = ORIENTED_EDGE ( 'NONE', *, *, #1602, .T. ) ;
#10591 = CARTESIAN_POINT ( 'NONE',  ( 2.650457365590931591, -1.409273179501348894, 8.077500000000002345 ) ) ;
#10592 = DIRECTION ( 'NONE',  ( 0.000000000000000000, 0.000000000000000000, -1.000000000000000000 ) ) ;
#10593 = EDGE_CURVE ( 'NONE', #1645, #9814, #2712, .T. ) ;
#10594 = EDGE_CURVE ( 'NONE', #7416, #2710, #8439, .T. ) ;
#10595 = DIRECTION ( 'NONE',  ( -0.03489949670250957342, -0.9993908270190953180, 0.000000000000000000 ) ) ;
#10596 = B_SPLINE_CURVE_WITH_KNOTS ( 'NONE', 3,
 ( #4979, #8492, #4081, #1660 ),
 .UNSPECIFIED., .F., .F.,
 ( 4, 4 ),
 ( 3.054997924346359673E-07, 0.0002759181450133580348 ),
 .UNSPECIFIED. ) ;
#10597 = DIRECTION ( 'NONE',  ( -0.000000000000000000, -0.000000000000000000, -1.000000000000000000 ) ) ;
#10598 = CARTESIAN_POINT ( 'NONE',  ( 1.323227363945454149, -2.488628723042713098, 9.631453640997325039 ) ) ;
#10599 = ORIENTED_EDGE ( 'NONE', *, *, #72, .T. ) ;
#10600 = DIRECTION ( 'NONE',  ( -0.000000000000000000, -0.000000000000000000, -1.000000000000000000 ) ) ;
#10601 = CARTESIAN_POINT ( 'NONE',  ( 0.8922005383792542821, 1.545336663013172851, -5.958333333333338366 ) ) ;
#10602 = VERTEX_POINT ( 'NONE', #10472 ) ;
#10603 = DIRECTION ( 'NONE',  ( 0.7193398003386510808, 0.6946583704589973651, 0.000000000000000000 ) ) ;
#10604 = LINE ( 'NONE', #7813, #2856 ) ;
#10605 = CARTESIAN_POINT ( 'NONE',  ( -2.881884927995141510, -0.5785130989945294067, 9.510800894373550918 ) ) ;
#10606 = ORIENTED_EDGE ( 'NONE', *, *, #3065, .F. ) ;
#10607 = ORIENTED_EDGE ( 'NONE', *, *, #1223, .F. ) ;
#10608 = ORIENTED_EDGE ( 'NONE', *, *, #244, .T. ) ;
#10609 = FACE_OUTER_BOUND ( 'NONE', #2735, .T. ) ;
#10610 = CARTESIAN_POINT ( 'NONE',  ( -1.892491597964134370E-16, -1.545336663013173073, -9.050000000000004263 ) ) ;
#10611 = FACE_OUTER_BOUND ( 'NONE', #4828, .T. ) ;
#10612 = ADVANCED_FACE ( 'NONE', ( #7582 ), #2273, .T. ) ;
#10613 = CARTESIAN_POINT ( 'NONE',  ( -1.811726676894002575, 2.159131775987249924, 9.750000000000001776 ) ) ;
#10614 = CARTESIAN_POINT ( 'NONE',  ( -1.678601268950967063, 2.488628723042724644, 9.750000000000001776 ) ) ;
#10615 = CARTESIAN_POINT ( 'NONE',  ( 1.764863307568882433, 1.018944305707785603, -7.744791666666668739 ) ) ;
#10616 = CARTESIAN_POINT ( 'NONE',  ( -1.338300807568880257, -0.7726683315065862034, -9.166666666666671404 ) ) ;
#10617 = ORIENTED_EDGE ( 'NONE', *, *, #444, .F. ) ;
#10618 = VERTEX_POINT ( 'NONE', #6080 ) ;
#10619 = CARTESIAN_POINT ( 'NONE',  ( -1.500842031447339187, 2.597589882302636877, 9.449999999999999289 ) ) ;
#10620 = CIRCLE ( 'NONE', #10248, 3.000000000000000000 ) ;
#10621 = CARTESIAN_POINT ( 'NONE',  ( 0.4350222081914260630, 2.845842119140475468, 9.571310031034848009 ) ) ;
#10622 = CARTESIAN_POINT ( 'NONE',  ( 2.336680831601421815, -1.576111122057619163, 8.077500000000002345 ) ) ;
#10623 = ORIENTED_EDGE ( 'NONE', *, *, #3441, .F. ) ;
#10624 = CIRCLE ( 'NONE', #5639, 3.000000000000000000 ) ;
#10625 = ORIENTED_EDGE ( 'NONE', *, *, #6244, .F. ) ;
#10626 = B_SPLINE_CURVE_WITH_KNOTS ( 'NONE', 3,
 ( #9785, #4442, #6140, #10598 ),
 .UNSPECIFIED., .F., .F.,
 ( 4, 4 ),
 ( 3.021976174289050103E-07, 0.0002759148428383537306 ),
 .UNSPECIFIED. ) ;
#10627 = CARTESIAN_POINT ( 'NONE',  ( 2.000000000000003553, 4.125257571003747352E-15, -8.437500000000003553 ) ) ;
#10628 = ADVANCED_FACE ( 'NONE', ( #3315 ), #3206, .T. ) ;
#10629 = AXIS2_PLACEMENT_3D ( 'NONE', #7545, #2294, #2408 ) ;
#10630 = CARTESIAN_POINT ( 'NONE',  ( 1.323227363945471691, 2.488628723042703772, 9.631453640997325039 ) ) ;
#10631 = ORIENTED_EDGE ( 'NONE', *, *, #838, .F. ) ;
#10632 = DIRECTION ( 'NONE',  ( -0.000000000000000000, -0.000000000000000000, -1.000000000000000000 ) ) ;
#10633 = CARTESIAN_POINT ( 'NONE',  ( -2.970668720312941158, 0.4184822029122280962, 8.077500000000000568 ) ) ;
#10634 = CARTESIAN_POINT ( 'NONE',  ( -1.124504798187655252, 2.783247042597908560, 9.750000000000001776 ) ) ;
#10635 = VECTOR ( 'NONE', #5233, 1000.000000000000227 ) ;
#10636 = ORIENTED_EDGE ( 'NONE', *, *, #10594, .T. ) ;
#10637 = ORIENTED_EDGE ( 'NONE', *, *, #10440, .F. ) ;
#10638 = ADVANCED_BREP_SHAPE_REPRESENTATION ( '91273A784_Same-Size Thread 18-8 Stainless Steel Shoulder Screw_91273A784_sldprt', ( #7122, #10162 ), #2170 ) ;
#10639 = DIRECTION ( 'NONE',  ( 0.8480480961563970910, -0.5299192642332510861, 0.000000000000000000 ) ) ;
#10640 = EDGE_CURVE ( 'NONE', #8179, #9078, #2439, .T. ) ;
#10641 = CARTESIAN_POINT ( 'NONE',  ( -0.3922658369821241942, -2.791116459588161458, 9.750000000000001776 ) ) ;
#10642 = AXIS2_PLACEMENT_3D ( 'NONE', #10736, #8166, #1056 ) ;
#10643 = CARTESIAN_POINT ( 'NONE',  ( 2.000000000000003553, -8.715332896486790042E-16, -7.825000000000001954 ) ) ;
#10644 = VECTOR ( 'NONE', #4199, 1000.000000000000000 ) ;
#10645 = EDGE_LOOP ( 'NONE', ( #11189, #5340, #8080 ) ) ;
#10646 = DIRECTION ( 'NONE',  ( -0.000000000000000000, -0.000000000000000000, 1.000000000000000000 ) ) ;
#10647 = DIRECTION ( 'NONE',  ( 0.000000000000000000, 0.000000000000000000, 1.000000000000000000 ) ) ;
#10648 = CARTESIAN_POINT ( 'NONE',  ( -1.320803668626171046, -2.558034276087274073, 9.571310031034848009 ) ) ;
#10649 = AXIS2_PLACEMENT_3D ( 'NONE', #6576, #3063, #5660 ) ;
#10650 = PLANE ( 'NONE',  #2526 ) ;
#10651 = EDGE_LOOP ( 'NONE', ( #5712, #10453, #3124 ) ) ;
#10652 = CARTESIAN_POINT ( 'NONE',  ( 1.764863307568881101, -1.018944305707788045, -7.817708333333339255 ) ) ;
#10653 = CARTESIAN_POINT ( 'NONE',  ( 2.885542882574258172, -0.8274161069873495755, 8.077500000000002345 ) ) ;
#10654 = VECTOR ( 'NONE', #8370, 1000.000000000000000 ) ;
#10655 = ORIENTED_EDGE ( 'NONE', *, *, #4817, .T. ) ;
#10656 = LINE ( 'NONE', #11191, #27 ) ;
#10657 = DIRECTION ( 'NONE',  ( -0.000000000000000000, -0.000000000000000000, -1.000000000000000000 ) ) ;
#10658 = CARTESIAN_POINT ( 'NONE',  ( 0.000000000000000000, 0.000000000000000000, 8.077500000000002345 ) ) ;
#10659 = ORIENTED_EDGE ( 'NONE', *, *, #8722, .T. ) ;
#10660 = CARTESIAN_POINT ( 'NONE',  ( -2.426479301982368941, -1.764142340360084438, 8.077500000000000568 ) ) ;
#10661 = CARTESIAN_POINT ( 'NONE',  ( -0.6704964495434923011, -1.392300223803135006, -5.599614822414912929 ) ) ;
#10662 = ORIENTED_EDGE ( 'NONE', *, *, #2195, .T. ) ;
#10663 = DIRECTION ( 'NONE',  ( -0.1736481776669225319, 0.9848077530122094636, 0.000000000000000000 ) ) ;
#10664 = DIRECTION ( 'NONE',  ( 0.000000000000000000, -0.000000000000000000, -1.000000000000000000 ) ) ;
#10665 = LINE ( 'NONE', #6501, #9014 ) ;
#10666 = ORIENTED_EDGE ( 'NONE', *, *, #10757, .T. ) ;
#10667 = VECTOR ( 'NONE', #10979, 1000.000000000000114 ) ;
#10668 = AXIS2_PLACEMENT_3D ( 'NONE', #8487, #4128, #496 ) ;
#10669 = EDGE_CURVE ( 'NONE', #3575, #2009, #5732, .T. ) ;
#10670 = ORIENTED_EDGE ( 'NONE', *, *, #2411, .T. ) ;
#10671 = EDGE_CURVE ( 'NONE', #8481, #5428, #8640, .T. ) ;
#10672 = CARTESIAN_POINT ( 'NONE',  ( -0.9276160617662878582, 2.854908682117567320, 8.077500000000002345 ) ) ;
#10673 = EDGE_CURVE ( 'NONE', #1932, #5933, #6881, .T. ) ;
#10674 = CARTESIAN_POINT ( 'NONE',  ( -1.323227363945487456, -2.488628723042695334, 8.077500000000002345 ) ) ;
#10675 = EDGE_CURVE ( 'NONE', #308, #99, #8885, .T. ) ;
#10676 = EDGE_LOOP ( 'NONE', ( #10547, #2602, #5477, #8417 ) ) ;
#10677 = CARTESIAN_POINT ( 'NONE',  ( -1.124721301024982356, 2.781187155698205959, 9.449999999999999289 ) ) ;
#10678 = PLANE ( 'NONE',  #8932 ) ;
#10679 = AXIS2_PLACEMENT_3D ( 'NONE', #4263, #4215, #1569 ) ;
#10680 = CARTESIAN_POINT ( 'NONE',  ( -2.336680831601410713, 1.576111122057635594, 9.631453640997325039 ) ) ;
#10681 = VECTOR ( 'NONE', #9970, 1000.000000000000000 ) ;
#10682 = ORIENTED_EDGE ( 'NONE', *, *, #10675, .T. ) ;
#10683 = ORIENTED_EDGE ( 'NONE', *, *, #10234, .F. ) ;
#10684 = CARTESIAN_POINT ( 'NONE',  ( -2.006669090636782116, 2.230085011985631471, -9.750000000000001776 ) ) ;
#10685 = PLANE ( 'NONE',  #9933 ) ;
#10686 = EDGE_LOOP ( 'NONE', ( #9351, #7430, #2071 ) ) ;
#10687 = ORIENTED_EDGE ( 'NONE', *, *, #11183, .T. ) ;
#10688 = CARTESIAN_POINT ( 'NONE',  ( 0.1966118550883507732, -2.811680521731791060, 9.631453640997325039 ) ) ;
#10689 = AXIS2_PLACEMENT_3D ( 'NONE', #490, #8480, #1480 ) ;
#10690 = CARTESIAN_POINT ( 'NONE',  ( 1.499157810963814397, 2.598562267452174002, 9.449999999999999289 ) ) ;
#10691 = DIRECTION ( 'NONE',  ( 0.5591929034707463497, 0.8290375725550419572, 0.000000000000000000 ) ) ;
#10692 = DIRECTION ( 'NONE',  ( -0.9135454576426004225, 0.4067366430758009854, 0.000000000000000000 ) ) ;
#10693 = DIRECTION ( 'NONE',  ( -0.000000000000000000, -0.000000000000000000, -1.000000000000000000 ) ) ;
#10694 = CARTESIAN_POINT ( 'NONE',  ( 1.338300807568879813, -0.7726683315065872026, -8.145833333333337478 ) ) ;
#10695 = CARTESIAN_POINT ( 'NONE',  ( 0.7262080731356544971, -2.912661493512361144, 8.077500000000002345 ) ) ;
#10696 = CIRCLE ( 'NONE', #7902, 3.000000000000000444 ) ;
#10697 = VECTOR ( 'NONE', #7986, 1000.000000000000000 ) ;
#10698 = ORIENTED_EDGE ( 'NONE', *, *, #8897, .F. ) ;
#10699 = CARTESIAN_POINT ( 'NONE',  ( -1.919999999999992601, 0.000000000000000000, 5.550000000000000711 ) ) ;
#10700 = DIRECTION ( 'NONE',  ( -0.03489949670248931185, 0.9993908270190959842, 0.000000000000000000 ) ) ;
#10701 = ORIENTED_EDGE ( 'NONE', *, *, #632, .T. ) ;
#10702 = EDGE_CURVE ( 'NONE', #3639, #2237, #5351, .T. ) ;
#10703 = CARTESIAN_POINT ( 'NONE',  ( 0.03472392940187180033, -2.878689968965152168, 9.571310031034848009 ) ) ;
#10704 = CARTESIAN_POINT ( 'NONE',  ( -1.999999999999992673, 0.000000000000000000, 5.470000000000002416 ) ) ;
#10705 = AXIS2_PLACEMENT_3D ( 'NONE', #4323, #7866, #9493 ) ;
#10706 = VECTOR ( 'NONE', #8513, 1000.000000000000000 ) ;
#10707 = DIRECTION ( 'NONE',  ( 0.8480480961564534903, 0.5299192642331608250, 0.000000000000000000 ) ) ;
#10708 = DIRECTION ( 'NONE',  ( 0.000000000000000000, 0.000000000000000000, -1.000000000000000000 ) ) ;
#10709 = ADVANCED_FACE ( 'NONE', ( #8083 ), #10650, .T. ) ;
#10710 = CARTESIAN_POINT ( 'NONE',  ( -2.440932748640463945, -1.409273179501315143, 9.631453640997325039 ) ) ;
#10711 = ORIENTED_EDGE ( 'NONE', *, *, #8936, .T. ) ;
#10712 = CARTESIAN_POINT ( 'NONE',  ( -2.533292686689784912, 1.235569399674210755, 9.631453640997325039 ) ) ;
#10713 = CIRCLE ( 'NONE', #9975, 1.999999999999992673 ) ;
#10714 = ORIENTED_EDGE ( 'NONE', *, *, #7889, .F. ) ;
#10715 = PLANE ( 'NONE',  #945 ) ;
#10716 = VECTOR ( 'NONE', #2544, 1000.000000000000000 ) ;
#10717 = DIRECTION ( 'NONE',  ( -0.9612616959383173398, 0.2756373558170043814, 0.000000000000000000 ) ) ;
#10718 = CARTESIAN_POINT ( 'NONE',  ( -1.847750578910129615, -2.363433476562706304, -9.750000000000001776 ) ) ;
#10719 = ORIENTED_EDGE ( 'NONE', *, *, #9594, .T. ) ;
#10720 = DIRECTION ( 'NONE',  ( 0.9612616959383164517, -0.2756373558170078231, 0.000000000000000000 ) ) ;
#10721 = LINE ( 'NONE', #9835, #10505 ) ;
#10722 = AXIS2_PLACEMENT_3D ( 'NONE', #8061, #3521, #7945 ) ;
#10723 = ORIENTED_EDGE ( 'NONE', *, *, #9426, .F. ) ;
#10724 = CARTESIAN_POINT ( 'NONE',  ( 2.543628869203368836, -1.590582338565090126, 9.449999999999999289 ) ) ;
#10725 = CARTESIAN_POINT ( 'NONE',  ( 2.000000000000003553, 0.5358983848622452806, -8.493739260883039321 ) ) ;
#10726 = ADVANCED_FACE ( 'NONE', ( #7 ), #3601, .F. ) ;
#10727 = CARTESIAN_POINT ( 'NONE',  ( -1.643620601043011442, -0.9098923591593806037, -9.355751756357557625 ) ) ;
#10728 = ORIENTED_EDGE ( 'NONE', *, *, #5945, .T. ) ;
#10729 = CARTESIAN_POINT ( 'NONE',  ( 1.500842031447374270, 2.597589882302615560, 9.449999999999999289 ) ) ;
#10730 = ORIENTED_EDGE ( 'NONE', *, *, #5054, .T. ) ;
#10731 = DIRECTION ( 'NONE',  ( -0.000000000000000000, -0.000000000000000000, 1.000000000000000000 ) ) ;
#10732 = CARTESIAN_POINT ( 'NONE',  ( 0.000000000000000000, 0.000000000000000000, 8.077500000000000568 ) ) ;
#10733 = VERTEX_POINT ( 'NONE', #1620 ) ;
#10734 = CARTESIAN_POINT ( 'NONE',  ( 2.816829376715345390, 0.09836584936185029104, 8.077500000000002345 ) ) ;
#10735 = DIRECTION ( 'NONE',  ( -1.000000000000000000, 0.000000000000000000, 0.000000000000000000 ) ) ;
#10736 = CARTESIAN_POINT ( 'NONE',  ( 0.3922658369820865576, -2.791116459588166787, 9.750000000000001776 ) ) ;
#10737 = ORIENTED_EDGE ( 'NONE', *, *, #4797, .F. ) ;
#10738 = CARTESIAN_POINT ( 'NONE',  ( -1.732050807568880524, -1.000000000000001332, -8.816666666666668206 ) ) ;
#10739 = CARTESIAN_POINT ( 'NONE',  ( -0.8922005383792531719, 1.545336663013173073, -8.554166666666668917 ) ) ;
#10740 = CARTESIAN_POINT ( 'NONE',  ( -1.338300807568880035, 0.7726683315065867586, -9.283333333333338544 ) ) ;
#10741 = EDGE_CURVE ( 'NONE', #10251, #6688, #649, .T. ) ;
#10742 = EDGE_CURVE ( 'NONE', #8121, #7994, #7104, .T. ) ;
#10743 = VERTEX_POINT ( 'NONE', #1726 ) ;
#10744 = DIRECTION ( 'NONE',  ( -1.000000000000000000, 0.000000000000000000, 0.000000000000000000 ) ) ;
#10745 = ORIENTED_EDGE ( 'NONE', *, *, #11065, .T. ) ;
#10746 = LINE ( 'NONE', #37, #8971 ) ;
#10747 = EDGE_CURVE ( 'NONE', #8371, #9806, #2667, .T. ) ;
#10748 = DIRECTION ( 'NONE',  ( -1.000000000000000000, 0.000000000000000000, 0.000000000000000000 ) ) ;
#10749 = ORIENTED_EDGE ( 'NONE', *, *, #2410, .F. ) ;
#10750 = ORIENTED_EDGE ( 'NONE', *, *, #9778, .T. ) ;
#10751 = DIRECTION ( 'NONE',  ( -0.000000000000000000, -0.000000000000000000, -1.000000000000000000 ) ) ;
#10752 = ORIENTED_EDGE ( 'NONE', *, *, #6969, .T. ) ;
#10753 = CARTESIAN_POINT ( 'NONE',  ( -1.146406084414235638, 2.574870223422000670, 9.750000000000001776 ) ) ;
#10754 = CARTESIAN_POINT ( 'NONE',  ( 2.440932748640444849, -1.409273179501349116, 9.631453640997325039 ) ) ;
#10755 = EDGE_CURVE ( 'NONE', #534, #7151, #3545, .T. ) ;
#10756 = CARTESIAN_POINT ( 'NONE',  ( -2.742306912204050651, 1.220953701233157718, 9.750000000000001776 ) ) ;
#10757 = EDGE_CURVE ( 'NONE', #5758, #2698, #7230, .T. ) ;
#10758 = ORIENTED_EDGE ( 'NONE', *, *, #3458, .T. ) ;
#10759 = PLANE ( 'NONE',  #8681 ) ;
#10760 = ORIENTED_EDGE ( 'NONE', *, *, #8600, .T. ) ;
#10761 = PLANE ( 'NONE',  #4607 ) ;
#10762 = CARTESIAN_POINT ( 'NONE',  ( 2.939188464481539587, 0.03330636834706957733, 9.510800894373550918 ) ) ;
#10763 = EDGE_CURVE ( 'NONE', #8498, #7074, #860, .T. ) ;
#10764 = DIRECTION ( 'NONE',  ( 0.9945218953682732899, -0.1045284632676551639, 0.000000000000000000 ) ) ;
#10765 = ORIENTED_EDGE ( 'NONE', *, *, #11095, .T. ) ;
#10766 = PLANE ( 'NONE',  #5490 ) ;
#10767 = CARTESIAN_POINT ( 'NONE',  ( -2.221044840433196388, -1.735270409657329482, 9.631453640997325039 ) ) ;
#10768 = VERTEX_POINT ( 'NONE', #9708 ) ;
#10769 = DIRECTION ( 'NONE',  ( -1.000000000000000000, 0.000000000000000000, 0.000000000000000000 ) ) ;
#10770 = DIRECTION ( 'NONE',  ( -0.5591929034707493473, -0.8290375725550400698, 0.000000000000000000 ) ) ;
#10771 = ORIENTED_EDGE ( 'NONE', *, *, #5118, .T. ) ;
#10772 = B_SPLINE_CURVE_WITH_KNOTS ( 'NONE', 3,
 ( #10497, #11423, #1819, #2574 ),
 .UNSPECIFIED., .F., .F.,
 ( 4, 4 ),
 ( 3.054997924344791603E-07, 0.0002759181450133580890 ),
 .UNSPECIFIED. ) ;
#10773 = B_SPLINE_CURVE_WITH_KNOTS ( 'NONE', 3,
 ( #8862, #4345, #5124, #2641 ),
 .UNSPECIFIED., .F., .F.,
 ( 4, 4 ),
 ( 3.021976174287833022E-07, 0.0002759148428383548690 ),
 .UNSPECIFIED. ) ;
#10774 = CARTESIAN_POINT ( 'NONE',  ( 1.475000000000006750, 1.806354028742354184E-16, -9.750000000000001776 ) ) ;
#10775 = B_SPLINE_CURVE_WITH_KNOTS ( 'NONE', 3,
 ( #4303, #2661, #1663, #4548 ),
 .UNSPECIFIED., .F., .F.,
 ( 4, 4 ),
 ( 3.054997924344248973E-07, 0.0002759181450133577095 ),
 .UNSPECIFIED. ) ;
#10776 = EDGE_CURVE ( 'NONE', #402, #8302, #3488, .T. ) ;
#10777 = DIRECTION ( 'NONE',  ( 0.8660254037844387076, -0.4999999999999997780, 0.000000000000000000 ) ) ;
#10778 = CARTESIAN_POINT ( 'NONE',  ( 2.000000000000003553, -8.715332896486790042E-16, -8.525000000000003908 ) ) ;
#10779 = PLANE ( 'NONE',  #6571 ) ;
#10780 = ORIENTED_EDGE ( 'NONE', *, *, #7829, .F. ) ;
#10781 = CARTESIAN_POINT ( 'NONE',  ( 1.440750071144381250, -2.562065060924737736, 9.510800894373550918 ) ) ;
#10782 = ORIENTED_EDGE ( 'NONE', *, *, #1223, .T. ) ;
#10783 = DIRECTION ( 'NONE',  ( 0.000000000000000000, 0.000000000000000000, -1.000000000000000000 ) ) ;
#10784 = LINE ( 'NONE', #6266, #3735 ) ;
#10785 = FACE_OUTER_BOUND ( 'NONE', #9505, .T. ) ;
#10786 = CARTESIAN_POINT ( 'NONE',  ( -1.202590582409467812, -2.615690650630107417, 9.571310031034848009 ) ) ;
#10787 = DIRECTION ( 'NONE',  ( -0.000000000000000000, -0.000000000000000000, 1.000000000000000000 ) ) ;
#10788 = ORIENTED_EDGE ( 'NONE', *, *, #7928, .T. ) ;
#10789 = ORIENTED_EDGE ( 'NONE', *, *, #3683, .T. ) ;
#10790 = ORIENTED_EDGE ( 'NONE', *, *, #6102, .F. ) ;
#10791 = EDGE_CURVE ( 'NONE', #6195, #10252, #731, .T. ) ;
#10792 = CARTESIAN_POINT ( 'NONE',  ( 2.820796215196662349, 1.026685859262338907, 8.077500000000002345 ) ) ;
#10793 = CARTESIAN_POINT ( 'NONE',  ( -1.176575538379255104, -2.037888611415573870, -10.09270833333333961 ) ) ;
#10794 = CARTESIAN_POINT ( 'NONE',  ( -1.338300807568880035, 0.7726683315065867586, -8.495833333333337123 ) ) ;
#10795 = CARTESIAN_POINT ( 'NONE',  ( 2.883516910659404964, 0.8278467406115943561, 8.077500000000000568 ) ) ;
#10796 = EDGE_LOOP ( 'NONE', ( #3818, #10446, #11290, #5978 ) ) ;
#10797 = ORIENTED_EDGE ( 'NONE', *, *, #6849, .F. ) ;
#10798 = CARTESIAN_POINT ( 'NONE',  ( -6.466857128753951852E-16, 1.154700538379251462, 8.250000000000001776 ) ) ;
#10799 = CARTESIAN_POINT ( 'NONE',  ( 0.000000000000000000, 0.000000000000000000, 8.077500000000000568 ) ) ;
#10800 = EDGE_LOOP ( 'NONE', ( #7318, #9624, #4941, #3514 ) ) ;
#10801 = ORIENTED_EDGE ( 'NONE', *, *, #4866, .F. ) ;
#10802 = ORIENTED_EDGE ( 'NONE', *, *, #6968, .T. ) ;
#10803 = EDGE_CURVE ( 'NONE', #4454, #8058, #5385, .T. ) ;
#10804 = DIRECTION ( 'NONE',  ( -0.8660254037844390407, 0.4999999999999994449, 0.000000000000000000 ) ) ;
#10805 = ORIENTED_EDGE ( 'NONE', *, *, #11043, .F. ) ;
#10806 = DIRECTION ( 'NONE',  ( 0.5299192642331990166, -0.8480480961564297315, 0.000000000000000000 ) ) ;
#10807 = DIRECTION ( 'NONE',  ( 0.000000000000000000, 0.000000000000000000, -1.000000000000000000 ) ) ;
#10808 = DIRECTION ( 'NONE',  ( 0.000000000000000000, 0.000000000000000000, -1.000000000000000000 ) ) ;
#10809 = CARTESIAN_POINT ( 'NONE',  ( -0.7433710717170174398, -2.843824466040073329, 9.510800894373550918 ) ) ;
#10810 = EDGE_LOOP ( 'NONE', ( #5922, #7832, #4710, #10878 ) ) ;
#10811 = ORIENTED_EDGE ( 'NONE', *, *, #9918, .F. ) ;
#10812 = FACE_OUTER_BOUND ( 'NONE', #3620, .T. ) ;
#10813 = ADVANCED_FACE ( 'NONE', ( #11398 ), #8020, .F. ) ;
#10814 = EDGE_CURVE ( 'NONE', #3602, #2025, #4436, .T. ) ;
#10815 = CARTESIAN_POINT ( 'NONE',  ( 2.094588142060991753, 1.885975634250008692, 9.750000000000001776 ) ) ;
#10816 = EDGE_CURVE ( 'NONE', #9448, #8621, #11268, .T. ) ;
#10817 = CIRCLE ( 'NONE', #9689, 3.000000000000000444 ) ;
#10818 = CARTESIAN_POINT ( 'NONE',  ( 2.671535350428097644, -1.225902530924395384, 9.510800894373550918 ) ) ;
#10819 = ORIENTED_EDGE ( 'NONE', *, *, #6968, .F. ) ;
#10820 = CARTESIAN_POINT ( 'NONE',  ( -1.124721301025037645, -2.781187155698182867, -9.750000000000001776 ) ) ;
#10821 = CARTESIAN_POINT ( 'NONE',  ( 0.7768966656431298690, 2.709360653135685748, 9.631453640997325039 ) ) ;
#10822 = DIRECTION ( 'NONE',  ( -0.000000000000000000, -0.000000000000000000, -1.000000000000000000 ) ) ;
#10823 = ORIENTED_EDGE ( 'NONE', *, *, #8456, .F. ) ;
#10824 = CIRCLE ( 'NONE', #4134, 3.000000000000000000 ) ;
#10825 = EDGE_CURVE ( 'NONE', #5761, #4009, #10713, .T. ) ;
#10826 = CARTESIAN_POINT ( 'NONE',  ( -0.9279757276600197891, 2.852868915473309563, -9.750000000000001776 ) ) ;
#10827 = CARTESIAN_POINT ( 'NONE',  ( 2.929705414296043475, 0.2382526586593923523, 9.510800894373550918 ) ) ;
#10828 = CARTESIAN_POINT ( 'NONE',  ( 1.000000000000000000, -0.2033195896942474878, 9.595299461620749426 ) ) ;
#10829 = DIRECTION ( 'NONE',  ( -0.3746065934159096833, 0.9271838545667883125, 0.000000000000000000 ) ) ;
#10830 = CARTESIAN_POINT ( 'NONE',  ( 2.680596881209469817, -0.8709787243654691924, 9.631453640997325039 ) ) ;
#10831 = ORIENTED_EDGE ( 'NONE', *, *, #2013, .T. ) ;
#10832 = LINE ( 'NONE', #4626, #3047 ) ;
#10833 = CIRCLE ( 'NONE', #8406, 1.475000000000006972 ) ;
#10834 = CARTESIAN_POINT ( 'NONE',  ( 0.000000000000000000, 0.000000000000000000, 8.077500000000000568 ) ) ;
#10835 = ORIENTED_EDGE ( 'NONE', *, *, #894, .T. ) ;
#10836 = EDGE_CURVE ( 'NONE', #2649, #10961, #1794, .T. ) ;
#10837 = CARTESIAN_POINT ( 'NONE',  ( 0.1966118550883705629, 2.811680521731790172, 9.750000000000001776 ) ) ;
#10838 = CARTESIAN_POINT ( 'NONE',  ( 1.146406084414252069, -2.574870223421992677, 8.077500000000002345 ) ) ;
#10839 = DIRECTION ( 'NONE',  ( -0.000000000000000000, 0.000000000000000000, -1.000000000000000000 ) ) ;
#10840 = ORIENTED_EDGE ( 'NONE', *, *, #3017, .T. ) ;
#10841 = ORIENTED_EDGE ( 'NONE', *, *, #1377, .T. ) ;
#10842 = ORIENTED_EDGE ( 'NONE', *, *, #7138, .T. ) ;
#10843 = AXIS2_PLACEMENT_3D ( 'NONE', #10091, #8171, #7312 ) ;
#10844 = CARTESIAN_POINT ( 'NONE',  ( 1.656699982724421538, 2.280251903866794105, 9.631453640997325039 ) ) ;
#10845 = CARTESIAN_POINT ( 'NONE',  ( -1.338300807568880257, -0.7726683315065862034, -7.766666666666671937 ) ) ;
#10846 = CARTESIAN_POINT ( 'NONE',  ( -1.338300807568880035, 0.7726683315065867586, -7.795833333333336945 ) ) ;
#10847 = CARTESIAN_POINT ( 'NONE',  ( -0.8922005383792531719, 1.545336663013173073, -10.04166666666667140 ) ) ;
#10848 = ORIENTED_EDGE ( 'NONE', *, *, #1687, .T. ) ;
#10849 = EDGE_CURVE ( 'NONE', #975, #6218, #2723, .T. ) ;
#10850 = PLANE ( 'NONE',  #105 ) ;
#10851 = ADVANCED_FACE ( 'NONE', ( #2852 ), #9065, .T. ) ;
#10852 = VECTOR ( 'NONE', #5764, 1000.000000000000000 ) ;
#10853 = ORIENTED_EDGE ( 'NONE', *, *, #522, .F. ) ;
#10854 = CARTESIAN_POINT ( 'NONE',  ( 2.336680831601432473, 1.576111122057602953, 8.077500000000002345 ) ) ;
#10855 = CARTESIAN_POINT ( 'NONE',  ( -0.3403527660226623452, -2.919605819040395289, 9.510800894373550918 ) ) ;
#10856 = CARTESIAN_POINT ( 'NONE',  ( -2.221044840433160417, 1.735270409657376112, 9.750000000000001776 ) ) ;
#10857 = ORIENTED_EDGE ( 'NONE', *, *, #8367, .F. ) ;
#10858 = VERTEX_POINT ( 'NONE', #1267 ) ;
#10859 = ORIENTED_EDGE ( 'NONE', *, *, #163, .F. ) ;
#10860 = PERSON_AND_ORGANIZATION_ROLE ( 'creator' ) ;
#10861 = AXIS2_PLACEMENT_3D ( 'NONE', #10154, #2182, #730 ) ;
#10862 = PLANE ( 'NONE',  #6629 ) ;
#10863 = VECTOR ( 'NONE', #6587, 1000.000000000000000 ) ;
#10864 = VECTOR ( 'NONE', #2089, 1000.000000000000114 ) ;
#10865 = VERTEX_POINT ( 'NONE', #1087 ) ;
#10866 = DIRECTION ( 'NONE',  ( -0.000000000000000000, -0.000000000000000000, 1.000000000000000000 ) ) ;
#10867 = DIRECTION ( 'NONE',  ( -0.03489949670255719505, -0.9993908270190936527, 0.000000000000000000 ) ) ;
#10868 = EDGE_CURVE ( 'NONE', #6626, #4507, #3898, .T. ) ;
#10869 = ORIENTED_EDGE ( 'NONE', *, *, #6286, .T. ) ;
#10870 = ORIENTED_EDGE ( 'NONE', *, *, #1093, .F. ) ;
#10871 = VECTOR ( 'NONE', #2156, 1000.000000000000227 ) ;
#10872 = PLANE ( 'NONE',  #8843 ) ;
#10873 = PLANE ( 'NONE',  #11261 ) ;
#10874 = VECTOR ( 'NONE', #2325, 1000.000000000000114 ) ;
#10875 = CARTESIAN_POINT ( 'NONE',  ( -0.8922005383792538380, -1.545336663013172851, -6.920833333333337833 ) ) ;
#10876 = CYLINDRICAL_SURFACE ( 'NONE', #6240, 1.475000000000006750 ) ;
#10877 = PLANE ( 'NONE',  #8244 ) ;
#10878 = ORIENTED_EDGE ( 'NONE', *, *, #2770, .F. ) ;
#10879 = CARTESIAN_POINT ( 'NONE',  ( 0.000000000000000000, 2.000000000000117240, -7.562500000000071054 ) ) ;
#10880 = EDGE_CURVE ( 'NONE', #2721, #7245, #1265, .T. ) ;
#10881 = DIRECTION ( 'NONE',  ( -0.7193398003386420880, 0.6946583704590066910, 0.000000000000000000 ) ) ;
#10882 = ADVANCED_FACE ( 'NONE', ( #6425 ), #8267, .T. ) ;
#10883 = CARTESIAN_POINT ( 'NONE',  ( 2.656067048624608962, 1.110571709483119118, 9.571310031034848009 ) ) ;
#10884 = EDGE_CURVE ( 'NONE', #11099, #5519, #9026, .T. ) ;
#10885 = ADVANCED_FACE ( 'NONE', ( #5744 ), #5499, .F. ) ;
#10886 = DIRECTION ( 'NONE',  ( -0.000000000000000000, 0.000000000000000000, -1.000000000000000000 ) ) ;
#10887 = VECTOR ( 'NONE', #9213, 1000.000000000000000 ) ;
#10888 = AXIS2_PLACEMENT_3D ( 'NONE', #11342, #6254, #9603 ) ;
#10889 = CARTESIAN_POINT ( 'NONE',  ( 1.957926820807928570, -2.027492575130226626, 9.750000000000001776 ) ) ;
#10890 = AXIS2_PLACEMENT_3D ( 'NONE', #1400, #11348, #3216 ) ;
#10891 = CARTESIAN_POINT ( 'NONE',  ( 2.803106067138687596, 0.2946183195551812517, 9.631453640997325039 ) ) ;
#10892 = DIRECTION ( 'NONE',  ( 0.9702957262759951407, -0.2419218955996730314, 0.000000000000000000 ) ) ;
#10893 = AXIS2_PLACEMENT_3D ( 'NONE', #1173, #9273, #3869 ) ;
#10894 = VECTOR ( 'NONE', #8269, 1000.000000000000227 ) ;
#10895 = EDGE_LOOP ( 'NONE', ( #3581, #10819, #4437, #996 ) ) ;
#10896 = DIRECTION ( 'NONE',  ( 0.3090169943749801473, 0.9510565162951429841, 0.000000000000000000 ) ) ;
#10897 = EDGE_CURVE ( 'NONE', #6842, #2815, #6487, .T. ) ;
#10898 = CARTESIAN_POINT ( 'NONE',  ( -1.732050807568880524, -1.000000000000001332, -7.416666666666670515 ) ) ;
#10899 = EDGE_CURVE ( 'NONE', #2387, #978, #10523, .T. ) ;
#10900 = B_SPLINE_CURVE_WITH_KNOTS ( 'NONE', 3,
 ( #115, #8246, #236, #1890 ),
 .UNSPECIFIED., .F., .F.,
 ( 4, 4 ),
 ( 3.054997924342854015E-07, 0.0002759181450133577095 ),
 .UNSPECIFIED. ) ;
#10901 = DIRECTION ( 'NONE',  ( -0.8987940462991719226, -0.4383711467890674673, 0.000000000000000000 ) ) ;
#10902 = CARTESIAN_POINT ( 'NONE',  ( 1.586046333348344772, -0.2466697659060143044, -9.624690508001974010 ) ) ;
#10903 = DIRECTION ( 'NONE',  ( -0.5877852522924731371, 0.8090169943749475623, 0.000000000000000000 ) ) ;
#10904 = CARTESIAN_POINT ( 'NONE',  ( 1.000000000000000000, -0.5773502691896258421, 8.250000000000001776 ) ) ;
#10905 = ORIENTED_EDGE ( 'NONE', *, *, #6062, .T. ) ;
#10906 = ORIENTED_EDGE ( 'NONE', *, *, #9486, .T. ) ;
#10907 = ORIENTED_EDGE ( 'NONE', *, *, #10056, .T. ) ;
#10908 = AXIS2_PLACEMENT_3D ( 'NONE', #6539, #10061, #2090 ) ;
#10909 = AXIS2_PLACEMENT_3D ( 'NONE', #4573, #2811, #1165 ) ;
#10910 = DIRECTION ( 'NONE',  ( 0.1736481776669389354, 0.9848077530122064660, 0.000000000000000000 ) ) ;
#10911 = CARTESIAN_POINT ( 'NONE',  ( -0.6705159592196167084, -1.392290828269900915, -5.599616452647513398 ) ) ;
#10912 = DIRECTION ( 'NONE',  ( -0.000000000000000000, 0.000000000000000000, 1.000000000000000000 ) ) ;
#10913 = DIRECTION ( 'NONE',  ( 0.000000000000000000, 0.000000000000000000, -1.000000000000000000 ) ) ;
#10914 = CARTESIAN_POINT ( 'NONE',  ( 0.8922005383792542821, 1.545336663013172851, -9.370833333333338899 ) ) ;
#10915 = ADVANCED_FACE ( 'NONE', ( #5622 ), #3957, .T. ) ;
#10916 = ORIENTED_EDGE ( 'NONE', *, *, #8652, .F. ) ;
#10917 = CIRCLE ( 'NONE', #6293, 1.859999999999999876 ) ;
#10918 = CARTESIAN_POINT ( 'NONE',  ( 2.803106067138685820, -0.2946183195551997924, 8.077500000000002345 ) ) ;
#10919 = ORIENTED_EDGE ( 'NONE', *, *, #10486, .F. ) ;
#10920 = CARTESIAN_POINT ( 'NONE',  ( 1.000000000000000000, -1.404172411293401014E-25, 9.595299461620749426 ) ) ;
#10921 = VERTEX_POINT ( 'NONE', #1143 ) ;
#10922 = ORIENTED_EDGE ( 'NONE', *, *, #4438, .T. ) ;
#10923 = ORIENTED_EDGE ( 'NONE', *, *, #352, .T. ) ;
#10924 = DATE_TIME_ROLE ( 'classification_date' ) ;
#10925 = DIRECTION ( 'NONE',  ( 0.9975640502598247528, 0.06975647374411843293, 0.000000000000000000 ) ) ;
#10926 = ADVANCED_FACE ( 'NONE', ( #10995 ), #9954, .F. ) ;
#10927 = VERTEX_POINT ( 'NONE', #11047 ) ;
#10928 = DIRECTION ( 'NONE',  ( 0.000000000000000000, 0.000000000000000000, -1.000000000000000000 ) ) ;
#10929 = CARTESIAN_POINT ( 'NONE',  ( 0.7768966656431113282, -2.709360653135690633, 9.631453640997325039 ) ) ;
#10930 = CARTESIAN_POINT ( 'NONE',  ( 1.784401076758506788, -3.763923298982691022E-16, -6.687500000000005329 ) ) ;
#10931 = ORIENTED_EDGE ( 'NONE', *, *, #6424, .F. ) ;
#10932 = ORIENTED_EDGE ( 'NONE', *, *, #8809, .T. ) ;
#10933 = CARTESIAN_POINT ( 'NONE',  ( 2.818745138964453112, -1.026974119228069693, -9.750000000000001776 ) ) ;
#10934 = LINE ( 'NONE', #4660, #1872 ) ;
#10935 = ORIENTED_EDGE ( 'NONE', *, *, #2707, .T. ) ;
#10936 = LINE ( 'NONE', #6530, #9591 ) ;
#10937 = VECTOR ( 'NONE', #7063, 1000.000000000000000 ) ;
#10938 = DIRECTION ( 'NONE',  ( -0.6156614753256554051, 0.7880107536067241236, 0.000000000000000000 ) ) ;
#10939 = EDGE_CURVE ( 'NONE', #9863, #10743, #7001, .T. ) ;
#10940 = CARTESIAN_POINT ( 'NONE',  ( -2.750542262296651774, -1.036559408444030606, 9.510800894373550918 ) ) ;
#10941 = DIRECTION ( 'NONE',  ( -0.000000000000000000, -0.000000000000000000, -1.000000000000000000 ) ) ;
#10942 = DIRECTION ( 'NONE',  ( -0.7660444431189823433, -0.6427876096865341449, 0.000000000000000000 ) ) ;
#10943 = ORIENTED_EDGE ( 'NONE', *, *, #244, .F. ) ;
#10944 = VECTOR ( 'NONE', #9224, 1000.000000000000000 ) ;
#10945 = CARTESIAN_POINT ( 'NONE',  ( 0.000000000000000000, 0.000000000000000000, 9.750000000000001776 ) ) ;
#10946 = LINE ( 'NONE', #10060, #10864 ) ;
#10947 = DIRECTION ( 'NONE',  ( -1.000000000000000000, 0.000000000000000000, 0.000000000000000000 ) ) ;
#10948 = CARTESIAN_POINT ( 'NONE',  ( -2.816829376715346278, -0.09836584936183180583, 9.631453640997325039 ) ) ;
#10949 = EDGE_CURVE ( 'NONE', #956, #8315, #7383, .T. ) ;
#10950 = LINE ( 'NONE', #6540, #888 ) ;
#10951 = ADVANCED_FACE ( 'NONE', ( #9194 ), #3713, .F. ) ;
#10952 = CARTESIAN_POINT ( 'NONE',  ( 1.475000000000007194, 1.806354028742354677E-16, -6.299999999999982059 ) ) ;
#10953 = CARTESIAN_POINT ( 'NONE',  ( 2.299534143425778776, 1.929538251628127199, 9.750000000000001776 ) ) ;
#10954 = ORIENTED_EDGE ( 'NONE', *, *, #10702, .F. ) ;
#10955 = CARTESIAN_POINT ( 'NONE',  ( 1.678601268950984382, -2.488628723042713098, 8.077500000000002345 ) ) ;
#10956 = VERTEX_POINT ( 'NONE', #133 ) ;
#10957 = CARTESIAN_POINT ( 'NONE',  ( 0.1037266918089347345, 2.998206259316789080, 8.077500000000000568 ) ) ;
#10958 = CARTESIAN_POINT ( 'NONE',  ( 2.159334809438592462, 2.085245386525015121, 9.750000000000001776 ) ) ;
#10959 = CARTESIAN_POINT ( 'NONE',  ( -1.807015805810755715, 0.8571428571423262976, -6.824999999999973532 ) ) ;
#10960 = PLANE ( 'NONE',  #4017 ) ;
#10961 = VERTEX_POINT ( 'NONE', #1206 ) ;
#10962 = ORIENTED_EDGE ( 'NONE', *, *, #10247, .F. ) ;
#10963 = EDGE_LOOP ( 'NONE', ( #2801, #3886, #10038, #3429 ) ) ;
#10964 = CARTESIAN_POINT ( 'NONE',  ( 0.000000000000000000, 0.000000000000000000, -9.750000000000001776 ) ) ;
#10965 = EDGE_CURVE ( 'NONE', #7389, #8191, #6874, .T. ) ;
#10966 = EDGE_CURVE ( 'NONE', #9526, #7943, #9408, .T. ) ;
#10967 = CARTESIAN_POINT ( 'NONE',  ( -0.8922005383792539490, -1.545336663013172851, -6.308333333333337123 ) ) ;
#10968 = CARTESIAN_POINT ( 'NONE',  ( 1.338300807568879813, -0.7726683315065872026, -6.045833333333336945 ) ) ;
#10969 = ORIENTED_EDGE ( 'NONE', *, *, #361, .T. ) ;
#10970 = DIRECTION ( 'NONE',  ( 0.4067366430757964890, -0.9135454576426025319, 0.000000000000000000 ) ) ;
#10971 = CARTESIAN_POINT ( 'NONE',  ( -2.682082674431093494, 1.046180776066091500, 9.571310031034848009 ) ) ;
#10972 = EDGE_LOOP ( 'NONE', ( #520, #10022, #5403, #7503 ) ) ;
#10973 = ORIENTED_EDGE ( 'NONE', *, *, #6345, .F. ) ;
#10974 = ORIENTED_EDGE ( 'NONE', *, *, #5879, .T. ) ;
#10975 = DIRECTION ( 'NONE',  ( 1.000000000000000000, 0.000000000000000000, 0.000000000000000000 ) ) ;
#10976 = DIRECTION ( 'NONE',  ( 0.9135454576425986462, -0.4067366430758053153, 0.000000000000000000 ) ) ;
#10977 = EDGE_LOOP ( 'NONE', ( #8617, #654, #1217 ) ) ;
#10978 = CYLINDRICAL_SURFACE ( 'NONE', #43, 2.000000000000003553 ) ;
#10979 = DIRECTION ( 'NONE',  ( 0.2419218955996635667, -0.9702957262759974721, 0.000000000000000000 ) ) ;
#10980 = VERTEX_POINT ( 'NONE', #5849 ) ;
#10981 = EDGE_LOOP ( 'NONE', ( #1170, #4649, #8070, #77, #7982 ) ) ;
#10982 = CARTESIAN_POINT ( 'NONE',  ( -0.1056702774064886274, 2.998138387812149475, 9.449999999999999289 ) ) ;
#10983 = EDGE_CURVE ( 'NONE', #2025, #9769, #2380, .T. ) ;
#10984 = ORIENTED_EDGE ( 'NONE', *, *, #8664, .T. ) ;
#10985 = CARTESIAN_POINT ( 'NONE',  ( 2.297508171510907804, -1.929107618003880420, 8.077500000000000568 ) ) ;
#10986 = FACE_OUTER_BOUND ( 'NONE', #1083, .T. ) ;
#10987 = CARTESIAN_POINT ( 'NONE',  ( 1.811726676894031884, 2.159131775987225499, 9.750000000000001776 ) ) ;
#10988 = LINE ( 'NONE', #9186, #10863 ) ;
#10989 = DIRECTION ( 'NONE',  ( 0.9510565162951518658, -0.3090169943749527248, 0.000000000000000000 ) ) ;
#10990 = ORIENTED_EDGE ( 'NONE', *, *, #2924, .T. ) ;
#10991 = CARTESIAN_POINT ( 'NONE',  ( 0.7267091498297298946, 2.910651784661599795, 9.449999999999999289 ) ) ;
#10992 = EDGE_CURVE ( 'NONE', #5833, #9265, #5027, .T. ) ;
#10993 = VERTEX_POINT ( 'NONE', #8588 ) ;
#10994 = CARTESIAN_POINT ( 'NONE',  ( 2.775726306570166724, 0.4894354389105677883, 9.750000000000001776 ) ) ;
#10995 = FACE_OUTER_BOUND ( 'NONE', #10070, .T. ) ;
#10996 = DIRECTION ( 'NONE',  ( 0.9975640502598279724, 0.06975647374407235868, 0.000000000000000000 ) ) ;
#10997 = CIRCLE ( 'NONE', #11553, 1.919999999999992601 ) ;
#10998 = FACE_OUTER_BOUND ( 'NONE', #2541, .T. ) ;
#10999 = DIRECTION ( 'NONE',  ( 0.9271838545667877574, 0.3746065934159114041, 0.000000000000000000 ) ) ;
#11000 = LINE ( 'NONE', #2386, #7677 ) ;
#11001 = ORIENTED_EDGE ( 'NONE', *, *, #7888, .F. ) ;
#11002 = DIRECTION ( 'NONE',  ( -0.000000000000000000, 0.000000000000000000, 1.000000000000000000 ) ) ;
#11003 = DIRECTION ( 'NONE',  ( -0.000000000000000000, -0.000000000000000000, -1.000000000000000000 ) ) ;
#11004 = ORIENTED_EDGE ( 'NONE', *, *, #11367, .T. ) ;
#11005 = CARTESIAN_POINT ( 'NONE',  ( 1.349387005779328019, -0.8182287043813967209, -9.651760352697415613 ) ) ;
#11006 = AXIS2_PLACEMENT_3D ( 'NONE', #2371, #1536, #3240 ) ;
#11007 = CARTESIAN_POINT ( 'NONE',  ( 2.289816837449004883, 1.744935683522098824, 9.571310031034848009 ) ) ;
#11008 = ORIENTED_EDGE ( 'NONE', *, *, #7812, .T. ) ;
#11009 = ORIENTED_EDGE ( 'NONE', *, *, #321, .T. ) ;
#11010 = CARTESIAN_POINT ( 'NONE',  ( 1.000000000000000000, -1.404172411293401014E-25, 9.595299461620749426 ) ) ;
#11011 = CARTESIAN_POINT ( 'NONE',  ( -0.8922005383792531719, 1.545336663013173073, -6.541666666666670515 ) ) ;
#11012 = AXIS2_PLACEMENT_3D ( 'NONE', #8893, #3720, #82 ) ;
#11013 = CARTESIAN_POINT ( 'NONE',  ( -0.1261820348792368762, -1.545336663013173073, -9.670749959941364438 ) ) ;
#11014 = DIRECTION ( 'NONE',  ( -0.9612616959383186721, 0.2756373558169997739, 0.000000000000000000 ) ) ;
#11015 = ORIENTED_EDGE ( 'NONE', *, *, #9359, .F. ) ;
#11016 = ORIENTED_EDGE ( 'NONE', *, *, #6869, .T. ) ;
#11017 = EDGE_CURVE ( 'NONE', #5697, #8916, #1549, .T. ) ;
#11018 = EDGE_CURVE ( 'NONE', #1563, #586, #10238, .T. ) ;
#11019 = DIRECTION ( 'NONE',  ( -0.000000000000000000, 0.000000000000000000, -1.000000000000000000 ) ) ;
#11020 = AXIS2_PLACEMENT_3D ( 'NONE', #5372, #7090, #11563 ) ;
#11021 = ORIENTED_EDGE ( 'NONE', *, *, #4301, .T. ) ;
#11022 = EDGE_CURVE ( 'NONE', #3064, #2579, #2909, .T. ) ;
#11023 = ORIENTED_EDGE ( 'NONE', *, *, #9879, .T. ) ;
#11024 = CARTESIAN_POINT ( 'NONE',  ( -0.5891403177412684045, -0.8145602173408688085, 9.595516201587642513 ) ) ;
#11025 = VERTEX_POINT ( 'NONE', #8541 ) ;
#11026 = CARTESIAN_POINT ( 'NONE',  ( 0.000000000000000000, 0.000000000000000000, -9.750000000000001776 ) ) ;
#11027 = VECTOR ( 'NONE', #11536, 1000.000000000000114 ) ;
#11028 = CARTESIAN_POINT ( 'NONE',  ( -2.427622409283248572, 1.762568988137995118, 9.449999999999999289 ) ) ;
#11029 = CARTESIAN_POINT ( 'NONE',  ( 2.992624163415380956, 0.2102394267077319079, 8.077500000000000568 ) ) ;
#11030 = VERTEX_POINT ( 'NONE', #11161 ) ;
#11031 = EDGE_CURVE ( 'NONE', #455, #3709, #5796, .T. ) ;
#11032 = ORIENTED_EDGE ( 'NONE', *, *, #3843, .F. ) ;
#11033 = VERTEX_POINT ( 'NONE', #8427 ) ;
#11034 = CARTESIAN_POINT ( 'NONE',  ( 2.426479301982344072, -1.764142340360118411, 9.449999999999999289 ) ) ;
#11035 = CIRCLE ( 'NONE', #5873, 3.000000000000000000 ) ;
#11036 = FACE_OUTER_BOUND ( 'NONE', #2169, .T. ) ;
#11037 = DIRECTION ( 'NONE',  ( 0.1736481776669322186, 0.9848077530122076872, 0.000000000000000000 ) ) ;
#11038 = DIRECTION ( 'NONE',  ( -0.000000000000000000, -0.000000000000000000, 1.000000000000000000 ) ) ;
#11039 = CIRCLE ( 'NONE', #3801, 3.000000000000000000 ) ;
#11040 = AXIS2_PLACEMENT_3D ( 'NONE', #5336, #8841, #1740 ) ;
#11041 = EDGE_LOOP ( 'NONE', ( #3518, #6276, #2360, #3519 ) ) ;
#11042 = CARTESIAN_POINT ( 'NONE',  ( 0.9399354238462213074, 2.785042107924553978, 9.510800894373550918 ) ) ;
#11043 = EDGE_CURVE ( 'NONE', #9332, #3602, #8488, .T. ) ;
#11044 = CARTESIAN_POINT ( 'NONE',  ( 2.297508171510920683, 1.929107618003864877, -9.750000000000001776 ) ) ;
#11045 = DIRECTION ( 'NONE',  ( -0.8660254037844388186, -0.4999999999999996114, 0.000000000000000000 ) ) ;
#11046 = CARTESIAN_POINT ( 'NONE',  ( 0.000000000000000000, 0.000000000000000000, -6.824999999999974420 ) ) ;
#11047 = CARTESIAN_POINT ( 'NONE',  ( -0.9639996296761567107, -2.648567214897797228, 8.077500000000002345 ) ) ;
#11048 = LINE ( 'NONE', #4800, #4394 ) ;
#11049 = CIRCLE ( 'NONE', #4374, 3.000000000000000444 ) ;
#11050 = ADVANCED_FACE ( 'NONE', ( #9474 ), #7794, .T. ) ;
#11051 = LINE ( 'NONE', #10360, #629 ) ;
#11052 = DIRECTION ( 'NONE',  ( 0.000000000000000000, -0.000000000000000000, 1.000000000000000000 ) ) ;
#11053 = DIRECTION ( 'NONE',  ( -0.000000000000000000, -0.000000000000000000, -1.000000000000000000 ) ) ;
#11054 = ORIENTED_EDGE ( 'NONE', *, *, #6242, .F. ) ;
#11055 = DIRECTION ( 'NONE',  ( 0.000000000000000000, 0.000000000000000000, 1.000000000000000000 ) ) ;
#11056 = ORIENTED_EDGE ( 'NONE', *, *, #11223, .F. ) ;
#11057 = AXIS2_PLACEMENT_3D ( 'NONE', #3264, #4145, #563 ) ;
#11058 = CIRCLE ( 'NONE', #6812, 2.999999999999999556 ) ;
#11059 = CARTESIAN_POINT ( 'NONE',  ( -1.957926820807913915, 2.027492575130239949, 9.631453640997325039 ) ) ;
#11060 = ORIENTED_EDGE ( 'NONE', *, *, #4736, .F. ) ;
#11061 = ORIENTED_EDGE ( 'NONE', *, *, #9703, .T. ) ;
#11062 = VECTOR ( 'NONE', #4669, 1000.000000000000000 ) ;
#11063 = CARTESIAN_POINT ( 'NONE',  ( 2.734823486451064323, -0.6818680780054793278, 8.077500000000002345 ) ) ;
#11064 = CARTESIAN_POINT ( 'NONE',  ( -2.353151076758508875, 9.548577686196303386E-17, -8.809375000000006395 ) ) ;
#11065 = EDGE_CURVE ( 'NONE', #1153, #6056, #3840, .T. ) ;
#11066 = VECTOR ( 'NONE', #3741, 1000.000000000000114 ) ;
#11067 = CIRCLE ( 'NONE', #1214, 3.000000000000000000 ) ;
#11068 = CARTESIAN_POINT ( 'NONE',  ( -1.784401076758506788, 6.065988351121004614E-17, -7.037500000000004086 ) ) ;
#11069 = CARTESIAN_POINT ( 'NONE',  ( -1.338300807568880257, -0.7726683315065862034, -8.466666666666670338 ) ) ;
#11070 = ORIENTED_EDGE ( 'NONE', *, *, #11383, .F. ) ;
#11071 = DIRECTION ( 'NONE',  ( -0.4383711467890861746, -0.8987940462991627077, 0.000000000000000000 ) ) ;
#11072 = B_SPLINE_CURVE_WITH_KNOTS ( 'NONE', 3,
 ( #10754, #2773, #1887, #4163 ),
 .UNSPECIFIED., .F., .F.,
 ( 4, 4 ),
 ( 3.054997924344684136E-07, 0.0002759181450133579806 ),
 .UNSPECIFIED. ) ;
#11073 = CARTESIAN_POINT ( 'NONE',  ( 1.611690559818778068, 1.756183155306570683E-11, -9.613309440181231125 ) ) ;
#11074 = ORIENTED_EDGE ( 'NONE', *, *, #1789, .F. ) ;
#11075 = DIRECTION ( 'NONE',  ( 1.000000000000000000, 0.000000000000000000, 0.000000000000000000 ) ) ;
#11076 = VECTOR ( 'NONE', #9358, 999.9999999999998863 ) ;
#11077 = CIRCLE ( 'NONE', #6086, 3.000000000000000000 ) ;
#11078 = ORIENTED_EDGE ( 'NONE', *, *, #10177, .T. ) ;
#11079 = ORIENTED_EDGE ( 'NONE', *, *, #1195, .F. ) ;
#11080 = CARTESIAN_POINT ( 'NONE',  ( -1.859999999999999876, 0.000000000000000000, -9.750000000000001776 ) ) ;
#11081 = ADVANCED_FACE ( 'NONE', ( #3306 ), #10412, .T. ) ;
#11082 = ORIENTED_EDGE ( 'NONE', *, *, #3458, .F. ) ;
#11083 = EDGE_CURVE ( 'NONE', #1645, #7601, #9422, .T. ) ;
#11084 = AXIS2_PLACEMENT_3D ( 'NONE', #7570, #6873, #2429 ) ;
#11085 = DIRECTION ( 'NONE',  ( -0.000000000000000000, -0.000000000000000000, -1.000000000000000000 ) ) ;
#11086 = LINE ( 'NONE', #9333, #5679 ) ;
#11087 = ADVANCED_FACE ( 'NONE', ( #3140 ), #9520, .T. ) ;
#11088 = DIRECTION ( 'NONE',  ( -0.6691306063588556841, 0.7431448254773965756, 0.000000000000000000 ) ) ;
#11089 = FACE_OUTER_BOUND ( 'NONE', #6223, .T. ) ;
#11090 = ORIENTED_EDGE ( 'NONE', *, *, #1691, .F. ) ;
#11091 = ORIENTED_EDGE ( 'NONE', *, *, #5664, .T. ) ;
#11092 = CARTESIAN_POINT ( 'NONE',  ( -0.2092606596662680007, -1.856924695910917134, -6.689708300416532971 ) ) ;
#11093 = LINE ( 'NONE', #1197, #7198 ) ;
#11094 = EDGE_CURVE ( 'NONE', #7343, #1706, #3588, .T. ) ;
#11095 = EDGE_CURVE ( 'NONE', #8845, #6964, #6980, .T. ) ;
#11096 = CARTESIAN_POINT ( 'NONE',  ( -1.493602012769846832, 2.390262873680863986, 9.750000000000001776 ) ) ;
#11097 = CARTESIAN_POINT ( 'NONE',  ( -2.680596881209482252, -0.8709787243654326661, 9.631453640997325039 ) ) ;
#11098 = FACE_OUTER_BOUND ( 'NONE', #7362, .T. ) ;
#11099 = VERTEX_POINT ( 'NONE', #6923 ) ;
#11100 = CARTESIAN_POINT ( 'NONE',  ( -1.323227363945437496, 2.488628723042721536, 8.077500000000002345 ) ) ;
#11101 = DIRECTION ( 'NONE',  ( 0.8829475928589304301, 0.4694715627858841445, 0.000000000000000000 ) ) ;
#11102 = DIRECTION ( 'NONE',  ( 0.000000000000000000, -0.000000000000000000, -1.000000000000000000 ) ) ;
#11103 = CARTESIAN_POINT ( 'NONE',  ( -2.649299146609890521, 1.407556049247100871, 9.449999999999999289 ) ) ;
#11104 = CARTESIAN_POINT ( 'NONE',  ( 0.000000000000000000, 0.000000000000000000, 8.077500000000002345 ) ) ;
#11105 = CARTESIAN_POINT ( 'NONE',  ( -2.999999842411182449, -0.0009723851495281729193, -9.750000000000001776 ) ) ;
#11106 = VECTOR ( 'NONE', #2376, 1000.000000000000000 ) ;
#11107 = DIRECTION ( 'NONE',  ( -0.000000000000000000, -0.000000000000000000, 1.000000000000000000 ) ) ;
#11108 = EDGE_CURVE ( 'NONE', #4155, #11364, #8226, .T. ) ;
#11109 = VECTOR ( 'NONE', #952, 1000.000000000000000 ) ;
#11110 = DIRECTION ( 'NONE',  ( -0.6691306063588225994, 0.7431448254774263296, 0.000000000000000000 ) ) ;
#11111 = CARTESIAN_POINT ( 'NONE',  ( 0.7401490199912627022, -1.371970130501340313, -9.679663336986573441 ) ) ;
#11112 = CARTESIAN_POINT ( 'NONE',  ( 2.137411790759697006, -2.017773272851845157, 9.510800894373550918 ) ) ;
#11113 = ORIENTED_EDGE ( 'NONE', *, *, #6684, .T. ) ;
#11114 = DIRECTION ( 'NONE',  ( -0.7660444431190155390, -0.6427876096864946209, 0.000000000000000000 ) ) ;
#11115 = CARTESIAN_POINT ( 'NONE',  ( 0.5219021180699801032, 2.954254250932723647, 8.077500000000000568 ) ) ;
#11116 = LINE ( 'NONE', #1328, #4539 ) ;
#11117 = CARTESIAN_POINT ( 'NONE',  ( -1.338300807568880257, -0.7726683315065862034, -8.466666666666670338 ) ) ;
#11118 = CARTESIAN_POINT ( 'NONE',  ( 0.9639996296761211836, -2.648567214897809663, 9.631453640997325039 ) ) ;
#11119 = CARTESIAN_POINT ( 'NONE',  ( -2.000000000000001776, 0.000000000000000000, -6.824999999999974420 ) ) ;
#11120 = EDGE_CURVE ( 'NONE', #9534, #9533, #852, .T. ) ;
#11121 = ORIENTED_EDGE ( 'NONE', *, *, #7012, .F. ) ;
#11122 = CARTESIAN_POINT ( 'NONE',  ( -1.764863307568881767, -1.018944305707786713, -7.351041666666673358 ) ) ;
#11123 = EDGE_LOOP ( 'NONE', ( #2853, #8804, #10396, #4584 ) ) ;
#11124 = LINE ( 'NONE', #5155, #3626 ) ;
#11125 = DIRECTION ( 'NONE',  ( -0.3090169943749367376, 0.9510565162951570839, 0.000000000000000000 ) ) ;
#11126 = DIRECTION ( 'NONE',  ( -1.000000000000000000, 0.000000000000000000, -0.000000000000000000 ) ) ;
#11127 = CARTESIAN_POINT ( 'NONE',  ( -1.338300807568880257, -0.7726683315065862034, -6.979166666666670515 ) ) ;
#11128 = ORIENTED_EDGE ( 'NONE', *, *, #3156, .T. ) ;
#11129 = CARTESIAN_POINT ( 'NONE',  ( -0.1580247838118454540, 1.063464886906850371, 9.666536875587615540 ) ) ;
#11130 = VERTEX_POINT ( 'NONE', #2722 ) ;
#11131 = CARTESIAN_POINT ( 'NONE',  ( -2.094588142061004632, -1.885975634249994481, 9.750000000000001776 ) ) ;
#11132 = EDGE_CURVE ( 'NONE', #8950, #1504, #2956, .T. ) ;
#11133 = ORIENTED_EDGE ( 'NONE', *, *, #6083, .T. ) ;
#11134 = CYLINDRICAL_SURFACE ( 'NONE', #7179, 1.859999999999999876 ) ;
#11135 = DIRECTION ( 'NONE',  ( -0.000000000000000000, 0.000000000000000000, -1.000000000000000000 ) ) ;
#11136 = ORIENTED_EDGE ( 'NONE', *, *, #11178, .T. ) ;
#11137 = CARTESIAN_POINT ( 'NONE',  ( -2.613310677415294769, -1.055846049930790009, 9.631453640997325039 ) ) ;
#11138 = FACE_OUTER_BOUND ( 'NONE', #9612, .T. ) ;
#11139 = CARTESIAN_POINT ( 'NONE',  ( -2.816829376715344058, 0.09836584936188837169, 9.631453640997325039 ) ) ;
#11140 = CARTESIAN_POINT ( 'NONE',  ( 0.8922005383792529498, -1.545336663013173517, -6.804166666666669805 ) ) ;
#11141 = DIRECTION ( 'NONE',  ( -1.000000000000000000, 0.000000000000000000, 0.000000000000000000 ) ) ;
#11142 = DIRECTION ( 'NONE',  ( -0.9135454576426025319, -0.4067366430757964890, 0.000000000000000000 ) ) ;
#11143 = ORIENTED_EDGE ( 'NONE', *, *, #9009, .T. ) ;
#11144 = CARTESIAN_POINT ( 'NONE',  ( 0.000000000000000000, 0.000000000000000000, 9.449999999999999289 ) ) ;
#11145 = LINE ( 'NONE', #5832, #4821 ) ;
#11146 = ORIENTED_EDGE ( 'NONE', *, *, #3043, .T. ) ;
#11147 = EDGE_CURVE ( 'NONE', #7766, #742, #1038, .T. ) ;
#11148 = EDGE_LOOP ( 'NONE', ( #6878, #567, #241 ) ) ;
#11149 = CARTESIAN_POINT ( 'NONE',  ( 1.715234030951413802, -0.4884461200623542720, -6.591905073643951951 ) ) ;
#11150 = DIRECTION ( 'NONE',  ( 0.000000000000000000, -0.000000000000000000, 1.000000000000000000 ) ) ;
#11151 = CARTESIAN_POINT ( 'NONE',  ( -2.008114336621311669, 2.228783706656154884, 8.077500000000000568 ) ) ;
#11152 = CARTESIAN_POINT ( 'NONE',  ( 1.493602012769862819, -2.390262873680853772, 8.077500000000002345 ) ) ;
#11153 = CARTESIAN_POINT ( 'NONE',  ( 2.510380607444198553, 1.409273179501332018, 9.571310031034848009 ) ) ;
#11154 = ORIENTED_EDGE ( 'NONE', *, *, #9991, .F. ) ;
#11155 = ORIENTED_EDGE ( 'NONE', *, *, #1196, .T. ) ;
#11156 = CARTESIAN_POINT ( 'NONE',  ( -0.7262080731356924668, -2.912661493512351818, 9.750000000000001776 ) ) ;
#11157 = DIRECTION ( 'NONE',  ( 0.000000000000000000, 0.000000000000000000, -1.000000000000000000 ) ) ;
#11158 = PLANE ( 'NONE',  #2309 ) ;
#11159 = EDGE_CURVE ( 'NONE', #4652, #638, #10917, .T. ) ;
#11160 = EDGE_CURVE ( 'NONE', #3810, #3255, #4477, .T. ) ;
#11161 = CARTESIAN_POINT ( 'NONE',  ( 2.680596881209476035, 0.8709787243654514288, 9.631453640997325039 ) ) ;
#11162 = VECTOR ( 'NONE', #3668, 1000.000000000000114 ) ;
#11163 = EDGE_CURVE ( 'NONE', #134, #8839, #11274, .T. ) ;
#11164 = PLANE ( 'NONE',  #6821 ) ;
#11165 = LINE ( 'NONE', #4289, #5641 ) ;
#11166 = VERTEX_POINT ( 'NONE', #3475 ) ;
#11167 = LINE ( 'NONE', #5966, #7699 ) ;
#11168 = CARTESIAN_POINT ( 'NONE',  ( -2.680596881209464488, 0.8709787243654859568, 9.631453640997325039 ) ) ;
#11169 = AXIS2_PLACEMENT_3D ( 'NONE', #1806, #9791, #937 ) ;
#11170 = VECTOR ( 'NONE', #7051, 1000.000000000000000 ) ;
#11171 = CARTESIAN_POINT ( 'NONE',  ( 1.017199775999239719, -2.693207438056117287, 9.571310031034848009 ) ) ;
#11172 = CARTESIAN_POINT ( 'NONE',  ( 0.000000000000000000, 0.000000000000000000, 8.077500000000000568 ) ) ;
#11173 = ORIENTED_EDGE ( 'NONE', *, *, #8012, .T. ) ;
#11174 = AXIS2_PLACEMENT_3D ( 'NONE', #9013, #10892, #1092 ) ;
#11175 = EDGE_LOOP ( 'NONE', ( #11327, #4689, #10617 ) ) ;
#11176 = CARTESIAN_POINT ( 'NONE',  ( -0.03472392940187188359, -2.878689968965152612, 9.571310031034848009 ) ) ;
#11177 = LINE ( 'NONE', #8502, #5501 ) ;
#11178 = EDGE_CURVE ( 'NONE', #2219, #8957, #1715, .T. ) ;
#11179 = DIRECTION ( 'NONE',  ( -1.000000000000000000, 0.000000000000000000, 0.000000000000000000 ) ) ;
#11180 = CARTESIAN_POINT ( 'NONE',  ( -1.122918141402856174, -2.781915679474911141, -9.750000000000001776 ) ) ;
#11181 = AXIS2_PLACEMENT_3D ( 'NONE', #10614, #8729, #9730 ) ;
#11182 = ORIENTED_EDGE ( 'NONE', *, *, #3777, .T. ) ;
#11183 = EDGE_CURVE ( 'NONE', #6511, #1873, #846, .T. ) ;
#11184 = CARTESIAN_POINT ( 'NONE',  ( -0.7433710717169605964, 2.843824466040088428, 9.510800894373550918 ) ) ;
#11185 = ORIENTED_EDGE ( 'NONE', *, *, #5929, .F. ) ;
#11186 = VERTEX_POINT ( 'NONE', #6238 ) ;
#11187 = AXIS2_PLACEMENT_3D ( 'NONE', #5227, #2633, #8970 ) ;
#11188 = DIRECTION ( 'NONE',  ( -1.000000000000000000, 0.000000000000000000, 0.000000000000000000 ) ) ;
#11189 = ORIENTED_EDGE ( 'NONE', *, *, #6705, .T. ) ;
#11190 = EDGE_CURVE ( 'NONE', #1111, #8116, #9232, .T. ) ;
#11191 = CARTESIAN_POINT ( 'NONE',  ( 1.315915060267096814, -2.698025703257718177, 8.077500000000002345 ) ) ;
#11192 = ADVANCED_FACE ( 'NONE', ( #2591 ), #4424, .T. ) ;
#11193 = CARTESIAN_POINT ( 'NONE',  ( -2.816829376715346278, -0.09836584936183180583, 9.631453640997325039 ) ) ;
#11194 = AXIS2_PLACEMENT_3D ( 'NONE', #5916, #2270, #5857 ) ;
#11195 = VECTOR ( 'NONE', #9002, 1000.000000000000000 ) ;
#11196 = ORIENTED_EDGE ( 'NONE', *, *, #3340, .T. ) ;
#11197 = DIRECTION ( 'NONE',  ( -0.000000000000000000, -0.000000000000000000, -1.000000000000000000 ) ) ;
#11198 = CARTESIAN_POINT ( 'NONE',  ( -1.811726676894002352, 2.159131775987249480, 9.631453640997325039 ) ) ;
#11199 = ORIENTED_EDGE ( 'NONE', *, *, #6819, .F. ) ;
#11200 = EDGE_LOOP ( 'NONE', ( #10123, #11231 ) ) ;
#11201 = DIRECTION ( 'NONE',  ( -0.000000000000000000, -0.000000000000000000, -1.000000000000000000 ) ) ;
#11202 = DIRECTION ( 'NONE',  ( -1.000000000000000000, 0.000000000000000000, 0.000000000000000000 ) ) ;
#11203 = AXIS2_PLACEMENT_3D ( 'NONE', #3501, #2511, #2616 ) ;
#11204 = DIRECTION ( 'NONE',  ( 0.03489949670250450109, 0.9993908270190955401, 0.000000000000000000 ) ) ;
#11205 = EDGE_CURVE ( 'NONE', #1909, #5519, #4294, .T. ) ;
#11206 = DIRECTION ( 'NONE',  ( -1.000000000000000000, 0.000000000000000000, 0.000000000000000000 ) ) ;
#11207 = ORIENTED_EDGE ( 'NONE', *, *, #6126, .T. ) ;
#11208 = VERTEX_POINT ( 'NONE', #10522 ) ;
#11209 = CARTESIAN_POINT ( 'NONE',  ( 1.493602012769879472, 2.390262873680843558, 8.077500000000002345 ) ) ;
#11210 = DIRECTION ( 'NONE',  ( -0.000000000000000000, 0.000000000000000000, 1.000000000000000000 ) ) ;
#11211 = CARTESIAN_POINT ( 'NONE',  ( 0.000000000000000000, 2.000000000000003553, -9.050000000000004263 ) ) ;
#11212 = B_SPLINE_CURVE_WITH_KNOTS ( 'NONE', 3,
 ( #11118, #11171, #10249, #5089 ),
 .UNSPECIFIED., .F., .F.,
 ( 4, 4 ),
 ( 3.054997924342238328E-07, 0.0002759181450133579264 ),
 .UNSPECIFIED. ) ;
#11213 = DIRECTION ( 'NONE',  ( 0.000000000000000000, -0.000000000000000000, 1.000000000000000000 ) ) ;
#11214 = DIRECTION ( 'NONE',  ( -0.000000000000000000, 0.000000000000000000, -1.000000000000000000 ) ) ;
#11215 = VECTOR ( 'NONE', #1072, 1000.000000000000000 ) ;
#11216 = AXIS2_PLACEMENT_3D ( 'NONE', #5848, #8540, #2259 ) ;
#11217 = CARTESIAN_POINT ( 'NONE',  ( 1.732050807568938700, -1.000000000000036637, -7.095833333333377624 ) ) ;
#11218 = CARTESIAN_POINT ( 'NONE',  ( -2.649299146609890521, 1.407556049247100649, 8.077500000000000568 ) ) ;
#11219 = VECTOR ( 'NONE', #1097, 1000.000000000000000 ) ;
#11220 = AXIS2_PLACEMENT_3D ( 'NONE', #783, #9590, #9646 ) ;
#11221 = CARTESIAN_POINT ( 'NONE',  ( 1.338300807568880924, 0.7726683315065854263, -9.429166666666670693 ) ) ;
#11222 = VECTOR ( 'NONE', #7578, 1000.000000000000114 ) ;
#11223 = EDGE_CURVE ( 'NONE', #7780, #7245, #5739, .T. ) ;
#11224 = EDGE_CURVE ( 'NONE', #8302, #5381, #4988, .T. ) ;
#11225 = CARTESIAN_POINT ( 'NONE',  ( 0.5199868932015628831, -2.954591956751149606, 9.449999999999999289 ) ) ;
#11226 = CARTESIAN_POINT ( 'NONE',  ( -2.999999842411182449, 0.0009723851495880750893, 9.449999999999999289 ) ) ;
#11227 = EDGE_LOOP ( 'NONE', ( #5350, #1471, #7199, #6142 ) ) ;
#11228 = FACE_OUTER_BOUND ( 'NONE', #2524, .T. ) ;
#11229 = CARTESIAN_POINT ( 'NONE',  ( 0.8922005383792542821, 1.545336663013172851, -8.758333333333338189 ) ) ;
#11230 = CARTESIAN_POINT ( 'NONE',  ( 1.720143758677571855, -2.308498892825442628, 9.571310031034848009 ) ) ;
#11231 = ORIENTED_EDGE ( 'NONE', *, *, #7201, .F. ) ;
#11232 = AXIS2_PLACEMENT_3D ( 'NONE', #2858, #8653, #9528 ) ;
#11233 = ORIENTED_EDGE ( 'NONE', *, *, #9030, .F. ) ;
#11234 = CARTESIAN_POINT ( 'NONE',  ( 0.8765829465449673785, -2.805626575604879047, 9.510800894373550918 ) ) ;
#11235 =( BOUNDED_CURVE ( )  B_SPLINE_CURVE ( 2, ( #9365, #1383, #8692, #713, #8491, #7837, #504, #3404, #1651 ),
 .UNSPECIFIED., .F., .F. ) 
 B_SPLINE_CURVE_WITH_KNOTS ( ( 3, 2, 2, 2, 3 ),
 ( 0.3211892026537256362, 0.3230908143116479891, 0.3469003381211718251, 0.3707098619306955500, 0.3826146238354574125 ),
 .UNSPECIFIED. ) 
 CURVE ( )  GEOMETRIC_REPRESENTATION_ITEM ( )  RATIONAL_B_SPLINE_CURVE ( ( 0.9803087241908855498, 0.9892997585307841124, 1.000000000000000000, 0.8660254037844387076, 1.000000000000000000, 0.8660254037844387076, 1.000000000000000000, 0.9330127018922196314, 0.9330127018922192983 ) ) 
 REPRESENTATION_ITEM ( '' )  );
#11236 = EDGE_CURVE ( 'NONE', #8293, #7049, #4229, .T. ) ;
#11237 = ADVANCED_FACE ( 'NONE', ( #9177 ), #3830, .T. ) ;
#11238 = CARTESIAN_POINT ( 'NONE',  ( 1.122918141402818870, -2.781915679474926684, 8.077500000000000568 ) ) ;
#11239 = VECTOR ( 'NONE', #4259, 1000.000000000000000 ) ;
#11240 = DIRECTION ( 'NONE',  ( -0.000000000000000000, -0.000000000000000000, -1.000000000000000000 ) ) ;
#11241 = VECTOR ( 'NONE', #835, 1000.000000000000114 ) ;
#11242 = LINE ( 'NONE', #1508, #3408 ) ;
#11243 = EDGE_CURVE ( 'NONE', #2394, #3739, #175, .T. ) ;
#11244 = ORIENTED_EDGE ( 'NONE', *, *, #8358, .F. ) ;
#11245 = DIRECTION ( 'NONE',  ( 0.9135454576425970918, -0.4067366430758086460, 0.000000000000000000 ) ) ;
#11246 = CARTESIAN_POINT ( 'NONE',  ( 0.000000000000000000, 0.000000000000000000, 8.077500000000002345 ) ) ;
#11247 = DIRECTION ( 'NONE',  ( 0.3090169943748943826, -0.9510565162951708507, 0.000000000000000000 ) ) ;
#11248 = CARTESIAN_POINT ( 'NONE',  ( -0.3733970514844830446, 1.579166438201369260, -6.444781995360765237 ) ) ;
#11249 = PLANE ( 'NONE',  #7954 ) ;
#11250 = VERTEX_POINT ( 'NONE', #10985 ) ;
#11251 = VECTOR ( 'NONE', #2819, 1000.000000000000000 ) ;
#11252 = AXIS2_PLACEMENT_3D ( 'NONE', #4943, #7709, #4047 ) ;
#11253 = FACE_OUTER_BOUND ( 'NONE', #1257, .T. ) ;
#11254 = ORIENTED_EDGE ( 'NONE', *, *, #5325, .T. ) ;
#11255 = ADVANCED_FACE ( 'NONE', ( #10111 ), #9999, .T. ) ;
#11256 = DIRECTION ( 'NONE',  ( -0.2419218955996566833, 0.9702957262759991375, 0.000000000000000000 ) ) ;
#11257 = DIRECTION ( 'NONE',  ( -0.8660254037844339337, 0.5000000000000084377, 0.000000000000000000 ) ) ;
#11258 = CARTESIAN_POINT ( 'NONE',  ( -1.784401076758506788, 6.065988351121004614E-17, -5.637500000000004619 ) ) ;
#11259 = DIRECTION ( 'NONE',  ( 0.2419218955996566556, -0.9702957262759992485, 0.000000000000000000 ) ) ;
#11260 = AXIS2_PLACEMENT_3D ( 'NONE', #6563, #5818, #10093 ) ;
#11261 = AXIS2_PLACEMENT_3D ( 'NONE', #9110, #8320, #1134 ) ;
#11262 = ORIENTED_EDGE ( 'NONE', *, *, #6763, .T. ) ;
#11263 = ORIENTED_EDGE ( 'NONE', *, *, #4574, .F. ) ;
#11264 = ORIENTED_EDGE ( 'NONE', *, *, #4866, .T. ) ;
#11265 = CARTESIAN_POINT ( 'NONE',  ( 0.3953826694295153321, -1.803992113789412599, -6.667844183210888787 ) ) ;
#11266 = EDGE_CURVE ( 'NONE', #1995, #1702, #2139, .T. ) ;
#11267 = CARTESIAN_POINT ( 'NONE',  ( 2.000000000000837108, 0.5358983848624875312, -8.406239260883527464 ) ) ;
#11268 = CIRCLE ( 'NONE', #1225, 3.000000000000000888 ) ;
#11269 = CARTESIAN_POINT ( 'NONE',  ( -0.7768966656431478546, -2.709360653135679087, 9.631453640997325039 ) ) ;
#11270 = CARTESIAN_POINT ( 'NONE',  ( -2.775726306570160062, 0.4894354389106045367, 9.631453640997325039 ) ) ;
#11271 = CARTESIAN_POINT ( 'NONE',  ( 2.158694763139485051, -2.083275526567275993, 8.077500000000000568 ) ) ;
#11272 = ORIENTED_EDGE ( 'NONE', *, *, #3474, .F. ) ;
#11273 = B_SPLINE_CURVE_WITH_KNOTS ( 'NONE', 3,
 ( #2024, #3942, #2192, #9054 ),
 .UNSPECIFIED., .F., .F.,
 ( 4, 4 ),
 ( 3.021976174300404579E-07, 0.0002759148428383535138 ),
 .UNSPECIFIED. ) ;
#11274 = CIRCLE ( 'NONE', #1231, 0.08000000000000020983 ) ;
#11275 = PLANE ( 'NONE',  #3483 ) ;
#11276 = CARTESIAN_POINT ( 'NONE',  ( -1.493602012769846832, 2.390262873680863986, 8.077500000000002345 ) ) ;
#11277 = DIRECTION ( 'NONE',  ( -0.000000000000000000, 0.000000000000000000, -1.000000000000000000 ) ) ;
#11278 = DIRECTION ( 'NONE',  ( -0.000000000000000000, -0.000000000000000000, -1.000000000000000000 ) ) ;
#11279 = EDGE_CURVE ( 'NONE', #5566, #8845, #6412, .T. ) ;
#11280 = DIRECTION ( 'NONE',  ( -0.3746065934158668287, 0.9271838545668056319, 0.000000000000000000 ) ) ;
#11281 = CC_DESIGN_APPROVAL ( #4317, ( #9601 ) ) ;
#11282 = CARTESIAN_POINT ( 'NONE',  ( 0.000000000000000000, 0.000000000000000000, 8.077500000000002345 ) ) ;
#11283 = CARTESIAN_POINT ( 'NONE',  ( -0.1966118550883900196, -2.811680521731788396, 9.750000000000001776 ) ) ;
#11284 = ORIENTED_EDGE ( 'NONE', *, *, #2264, .F. ) ;
#11285 = CARTESIAN_POINT ( 'NONE',  ( 0.3126183150084567708, -2.983667171304680288, 9.449999999999999289 ) ) ;
#11286 = CARTESIAN_POINT ( 'NONE',  ( -0.8922005383792538380, -1.545336663013172851, -7.008333333333338189 ) ) ;
#11287 = CARTESIAN_POINT ( 'NONE',  ( -2.094588142060965996, 1.885975634250037336, 9.631453640997325039 ) ) ;
#11288 = DIRECTION ( 'NONE',  ( -0.6156614753257040329, -0.7880107536066861540, 0.000000000000000000 ) ) ;
#11289 = ORIENTED_EDGE ( 'NONE', *, *, #2337, .T. ) ;
#11290 = ORIENTED_EDGE ( 'NONE', *, *, #3440, .T. ) ;
#11291 = ADVANCED_FACE ( 'NONE', ( #9945 ), #4782, .F. ) ;
#11292 = ADVANCED_FACE ( 'NONE', ( #10812 ), #10872, .T. ) ;
#11293 = LINE ( 'NONE', #7000, #11239 ) ;
#11294 = CARTESIAN_POINT ( 'NONE',  ( -2.094588142060965996, 1.885975634250037336, 9.631453640997325039 ) ) ;
#11295 = ORIENTED_EDGE ( 'NONE', *, *, #10640, .F. ) ;
#11296 = FACE_OUTER_BOUND ( 'NONE', #8655, .T. ) ;
#11297 = CARTESIAN_POINT ( 'NONE',  ( 2.649299146609910505, 1.407556049247064012, 8.077500000000000568 ) ) ;
#11298 = CARTESIAN_POINT ( 'NONE',  ( -2.094588142061005076, -1.885975634249994703, 9.631453640997325039 ) ) ;
#11299 = VERTEX_POINT ( 'NONE', #1022 ) ;
#11300 = EDGE_CURVE ( 'NONE', #1929, #9599, #9242, .T. ) ;
#11301 = ORIENTED_EDGE ( 'NONE', *, *, #4726, .T. ) ;
#11302 = ADVANCED_FACE ( 'NONE', ( #7218 ), #10761, .T. ) ;
#11303 = ORIENTED_EDGE ( 'NONE', *, *, #4258, .F. ) ;
#11304 = CARTESIAN_POINT ( 'NONE',  ( 2.353151076758508875, -4.808700099505280283E-16, -6.359375000000006217 ) ) ;
#11305 = CARTESIAN_POINT ( 'NONE',  ( 1.323227363945454149, -2.488628723042713542, 8.077500000000002345 ) ) ;
#11306 = CARTESIAN_POINT ( 'NONE',  ( 3.001828632896465177, -9.744267025213471101E-15, 9.750000000000001776 ) ) ;
#11307 = VERTEX_POINT ( 'NONE', #7334 ) ;
#11308 = CARTESIAN_POINT ( 'NONE',  ( 1.764863307568881101, -1.018944305707788045, -8.561458333333336057 ) ) ;
#11309 = CARTESIAN_POINT ( 'NONE',  ( 1.784401076758506788, -3.763923298982691022E-16, -5.987500000000004263 ) ) ;
#11310 = ORIENTED_EDGE ( 'NONE', *, *, #1877, .T. ) ;
#11311 = CARTESIAN_POINT ( 'NONE',  ( 0.1056702774065307465, 2.998138387812148586, 8.077500000000000568 ) ) ;
#11312 = DIRECTION ( 'NONE',  ( 0.000000000000000000, -0.000000000000000000, 1.000000000000000000 ) ) ;
#11313 = EDGE_LOOP ( 'NONE', ( #8163, #5447, #4764, #6459, #4898, #2113 ) ) ;
#11314 = ORIENTED_EDGE ( 'NONE', *, *, #5069, .F. ) ;
#11315 = EDGE_CURVE ( 'NONE', #6641, #8689, #2782, .T. ) ;
#11316 = DIRECTION ( 'NONE',  ( -0.8829475928589264333, 0.4694715627858916940, 0.000000000000000000 ) ) ;
#11317 = CARTESIAN_POINT ( 'NONE',  ( 0.000000000000000000, 0.000000000000000000, 9.449999999999999289 ) ) ;
#11318 = CARTESIAN_POINT ( 'NONE',  ( 2.024684387340899949, -2.046634999298043045, 9.571310031034848009 ) ) ;
#11319 = CARTESIAN_POINT ( 'NONE',  ( 1.338300807568880924, 0.7726683315065854263, -6.629166666666669983 ) ) ;
#11320 = EDGE_CURVE ( 'NONE', #2860, #8950, #6356, .T. ) ;
#11321 = VERTEX_POINT ( 'NONE', #9880 ) ;
#11322 = DIRECTION ( 'NONE',  ( -0.9993908270190953180, 0.03489949670251268898, 0.000000000000000000 ) ) ;
#11323 = CARTESIAN_POINT ( 'NONE',  ( 0.000000000000000000, 0.000000000000000000, 9.750000000000001776 ) ) ;
#11324 = LINE ( 'NONE', #6816, #6961 ) ;
#11325 = CARTESIAN_POINT ( 'NONE',  ( 2.544659440449390519, 1.588933079815445293, -9.750000000000001776 ) ) ;
#11326 = DIRECTION ( 'NONE',  ( -0.000000000000000000, -0.000000000000000000, -1.000000000000000000 ) ) ;
#11327 = ORIENTED_EDGE ( 'NONE', *, *, #5917, .F. ) ;
#11328 = B_SPLINE_CURVE_WITH_KNOTS ( 'NONE', 3,
 ( #3672, #7240, #10781, #2802 ),
 .UNSPECIFIED., .F., .F.,
 ( 4, 4 ),
 ( 3.054997924342854015E-07, 0.0002759181450133579264 ),
 .UNSPECIFIED. ) ;
#11329 = DIRECTION ( 'NONE',  ( -0.000000000000000000, 0.000000000000000000, -1.000000000000000000 ) ) ;
#11330 = EDGE_CURVE ( 'NONE', #3336, #11025, #6836, .T. ) ;
#11331 = FACE_OUTER_BOUND ( 'NONE', #10676, .T. ) ;
#11332 = ORIENTED_EDGE ( 'NONE', *, *, #10311, .F. ) ;
#11333 = CARTESIAN_POINT ( 'NONE',  ( -0.7768966656430936757, 2.709360653135695518, 9.750000000000001776 ) ) ;
#11334 = DIRECTION ( 'NONE',  ( -0.5299192642332104519, -0.8480480961564226261, 0.000000000000000000 ) ) ;
#11335 = CARTESIAN_POINT ( 'NONE',  ( 0.8419752161881549624, 0.6685859206620270445, 9.666536875587615540 ) ) ;
#11336 = CARTESIAN_POINT ( 'NONE',  ( 0.8922005383792542821, 1.545336663013172851, -7.358333333333337833 ) ) ;
#11337 = DIRECTION ( 'NONE',  ( -0.6156614753256529626, 0.7880107536067261220, 0.000000000000000000 ) ) ;
#11338 = DIRECTION ( 'NONE',  ( -0.8829475928589209932, 0.4694715627859021301, 0.000000000000000000 ) ) ;
#11339 = ORIENTED_EDGE ( 'NONE', *, *, #632, .F. ) ;
#11340 = ORIENTED_EDGE ( 'NONE', *, *, #1055, .T. ) ;
#11341 = CARTESIAN_POINT ( 'NONE',  ( 1.974727778455068528, -2.094877535726518580, 9.571310031034848009 ) ) ;
#11342 = CARTESIAN_POINT ( 'NONE',  ( 0.000000000000000000, 0.000000000000000000, 5.470000000000002416 ) ) ;
#11343 = FACE_OUTER_BOUND ( 'NONE', #4580, .T. ) ;
#11344 = AXIS2_PLACEMENT_3D ( 'NONE', #7521, #4029, #4743 ) ;
#11345 = CARTESIAN_POINT ( 'NONE',  ( -1.338300807568880035, 0.7726683315065867586, -7.183333333333338011 ) ) ;
#11346 = ORIENTED_EDGE ( 'NONE', *, *, #9052, .T. ) ;
#11347 = CARTESIAN_POINT ( 'NONE',  ( 1.846218079001099577, -2.364630796714254579, 9.449999999999999289 ) ) ;
#11348 = DIRECTION ( 'NONE',  ( -0.000000000000000000, -0.000000000000000000, -1.000000000000000000 ) ) ;
#11349 = CARTESIAN_POINT ( 'NONE',  ( 1.447577903515092190, 0.9249225446293783959, -6.531769281247107095 ) ) ;
#11350 = ORIENTED_EDGE ( 'NONE', *, *, #8665, .T. ) ;
#11351 = ORIENTED_EDGE ( 'NONE', *, *, #9881, .F. ) ;
#11352 = ORIENTED_EDGE ( 'NONE', *, *, #10553, .F. ) ;
#11353 = CARTESIAN_POINT ( 'NONE',  ( 2.000000000000003553, 5.037462414169366676E-14, -9.225000000000001421 ) ) ;
#11354 = FACE_OUTER_BOUND ( 'NONE', #5786, .T. ) ;
#11355 = DIRECTION ( 'NONE',  ( -0.000000000000000000, -0.000000000000000000, -1.000000000000000000 ) ) ;
#11356 = VECTOR ( 'NONE', #8433, 1000.000000000000114 ) ;
#11357 = DIRECTION ( 'NONE',  ( -0.4383711467891293623, -0.8987940462991418356, 0.000000000000000000 ) ) ;
#11358 = VERTEX_POINT ( 'NONE', #6476 ) ;
#11359 = CARTESIAN_POINT ( 'NONE',  ( -1.176575538379254215, 2.037888611415574314, -8.969791666666669272 ) ) ;
#11360 = B_SPLINE_CURVE_WITH_KNOTS ( 'NONE', 3,
 ( #9824, #11454, #3478, #2656 ),
 .UNSPECIFIED., .F., .F.,
 ( 4, 4 ),
 ( 0.000000000000000000, 0.0004429486941470713946 ),
 .UNSPECIFIED. ) ;
#11361 = ADVANCED_FACE ( 'NONE', ( #8134 ), #120, .F. ) ;
#11362 = EDGE_CURVE ( 'NONE', #1804, #9927, #2838, .T. ) ;
#11363 = FACE_OUTER_BOUND ( 'NONE', #9931, .T. ) ;
#11364 = VERTEX_POINT ( 'NONE', #3761 ) ;
#11365 = EDGE_CURVE ( 'NONE', #4464, #9875, #10936, .T. ) ;
#11366 = CARTESIAN_POINT ( 'NONE',  ( 1.876986317341291510, 2.182884342608943040, 9.571310031034848009 ) ) ;
#11367 = EDGE_CURVE ( 'NONE', #11321, #6910, #6746, .T. ) ;
#11368 = LINE ( 'NONE', #5415, #11109 ) ;
#11369 = ORIENTED_EDGE ( 'NONE', *, *, #3222, .F. ) ;
#11370 = AXIS2_PLACEMENT_3D ( 'NONE', #4856, #11053, #5033 ) ;
#11371 = ORIENTED_EDGE ( 'NONE', *, *, #6519, .F. ) ;
#11372 = CARTESIAN_POINT ( 'NONE',  ( 1.154700538379294317, 2.000000000000071498, -6.920833333333378690 ) ) ;
#11373 = CARTESIAN_POINT ( 'NONE',  ( -2.734823486451073205, -0.6818680780054423574, 9.750000000000001776 ) ) ;
#11374 = EDGE_LOOP ( 'NONE', ( #4149, #7649, #2573, #6718 ) ) ;
#11375 = CARTESIAN_POINT ( 'NONE',  ( -2.656067048624593419, 1.110571709483156644, 9.571310031034848009 ) ) ;
#11376 = AXIS2_PLACEMENT_3D ( 'NONE', #8545, #1846, #126 ) ;
#11377 = CARTESIAN_POINT ( 'NONE',  ( -2.613310677415273009, 1.055846049930844410, 9.750000000000001776 ) ) ;
#11378 = CARTESIAN_POINT ( 'NONE',  ( 0.000000000000000000, 0.000000000000000000, 8.077500000000000568 ) ) ;
#11379 = EDGE_CURVE ( 'NONE', #2193, #890, #4957, .T. ) ;
#11380 = ORIENTED_EDGE ( 'NONE', *, *, #2422, .F. ) ;
#11381 = LINE ( 'NONE', #7895, #10549 ) ;
#11382 = DIRECTION ( 'NONE',  ( -0.03489949670250263453, -0.9993908270190955401, 0.000000000000000000 ) ) ;
#11383 = EDGE_CURVE ( 'NONE', #1867, #1804, #4063, .T. ) ;
#11384 = LINE ( 'NONE', #6977, #1250 ) ;
#11385 = DIRECTION ( 'NONE',  ( -0.2419218955996763898, -0.9702957262759942525, 0.000000000000000000 ) ) ;
#11386 = CARTESIAN_POINT ( 'NONE',  ( -2.298758245762852592, 1.927617837523115885, 9.449999999999999289 ) ) ;
#11387 = CARTESIAN_POINT ( 'NONE',  ( -2.543628869203357290, 1.590582338565107889, -9.750000000000001776 ) ) ;
#11388 = AXIS2_PLACEMENT_3D ( 'NONE', #9283, #1953, #172 ) ;
#11389 = DIRECTION ( 'NONE',  ( -0.000000000000000000, -0.000000000000000000, -1.000000000000000000 ) ) ;
#11390 = FACE_OUTER_BOUND ( 'NONE', #10340, .T. ) ;
#11391 = CIRCLE ( 'NONE', #7143, 2.699999999999998401 ) ;
#11392 = VERTEX_POINT ( 'NONE', #6863 ) ;
#11393 = DIRECTION ( 'NONE',  ( -0.5591929034707521229, -0.8290375725550381825, 0.000000000000000000 ) ) ;
#11394 = FACE_OUTER_BOUND ( 'NONE', #10258, .T. ) ;
#11395 = CARTESIAN_POINT ( 'NONE',  ( -1.323227363945487456, -2.488628723042695334, 9.631453640997325039 ) ) ;
#11396 = DIRECTION ( 'NONE',  ( -0.000000000000000000, 0.000000000000000000, 1.000000000000000000 ) ) ;
#11397 = DIRECTION ( 'NONE',  ( -0.000000000000000000, -0.000000000000000000, 1.000000000000000000 ) ) ;
#11398 = FACE_OUTER_BOUND ( 'NONE', #935, .T. ) ;
#11399 = ORIENTED_EDGE ( 'NONE', *, *, #10068, .T. ) ;
#11400 = AXIS2_PLACEMENT_3D ( 'NONE', #8975, #3743, #7429 ) ;
#11401 = EDGE_CURVE ( 'NONE', #3563, #2622, #6477, .T. ) ;
#11402 = CIRCLE ( 'NONE', #7702, 3.000000000000000000 ) ;
#11403 = AXIS2_PLACEMENT_3D ( 'NONE', #10994, #8146, #6593 ) ;
#11404 = CARTESIAN_POINT ( 'NONE',  ( -0.9279757276600766325, -2.852868915473290912, 8.077500000000000568 ) ) ;
#11405 = FACE_OUTER_BOUND ( 'NONE', #2958, .T. ) ;
#11406 = ORIENTED_EDGE ( 'NONE', *, *, #9718, .F. ) ;
#11407 = CARTESIAN_POINT ( 'NONE',  ( 2.533292686689802675, 1.235569399674175894, 9.631453640997325039 ) ) ;
#11408 = CARTESIAN_POINT ( 'NONE',  ( -0.9279757276600194560, 2.852868915473310452, 9.449999999999999289 ) ) ;
#11409 = CARTESIAN_POINT ( 'NONE',  ( -1.146406084414286930, -2.574870223421977133, 9.750000000000001776 ) ) ;
#11410 = CARTESIAN_POINT ( 'NONE',  ( 0.000000000000000000, 0.000000000000000000, 9.449999999999999289 ) ) ;
#11411 = CARTESIAN_POINT ( 'NONE',  ( 1.338300807568880924, 0.7726683315065854263, -6.716666666666671226 ) ) ;
#11412 = EDGE_LOOP ( 'NONE', ( #9161, #8693, #7253, #10170 ) ) ;
#11413 = VECTOR ( 'NONE', #7588, 1000.000000000000000 ) ;
#11414 = FACE_OUTER_BOUND ( 'NONE', #10507, .T. ) ;
#11415 = CARTESIAN_POINT ( 'NONE',  ( 1.848110244803844004, 2.365473243206977383, 8.077500000000002345 ) ) ;
#11416 = CARTESIAN_POINT ( 'NONE',  ( 0.000000000000000000, 0.000000000000000000, 8.077500000000002345 ) ) ;
#11417 = VERTEX_POINT ( 'NONE', #3946 ) ;
#11418 = ORIENTED_EDGE ( 'NONE', *, *, #1797, .F. ) ;
#11419 = EDGE_CURVE ( 'NONE', #9155, #3562, #741, .T. ) ;
#11420 = LINE ( 'NONE', #7984, #1033 ) ;
#11421 = DIRECTION ( 'NONE',  ( 0.8090169943749534465, 0.5877852522924648104, 0.000000000000000000 ) ) ;
#11422 = ORIENTED_EDGE ( 'NONE', *, *, #10247, .T. ) ;
#11423 = CARTESIAN_POINT ( 'NONE',  ( -2.801581052984031039, 0.6627256538376818940, 9.571310031034848009 ) ) ;
#11424 = CARTESIAN_POINT ( 'NONE',  ( 0.000000000000000000, 2.037888611415574314, -6.928125000000002309 ) ) ;
#11425 = CARTESIAN_POINT ( 'NONE',  ( 1.338300807568879813, -0.7726683315065872026, -6.045833333333336945 ) ) ;
#11426 = ORIENTED_EDGE ( 'NONE', *, *, #6424, .T. ) ;
#11427 = VERTEX_POINT ( 'NONE', #4171 ) ;
#11428 = VECTOR ( 'NONE', #4586, 1000.000000000000227 ) ;
#11429 = ORIENTED_EDGE ( 'NONE', *, *, #1491, .T. ) ;
#11430 = VECTOR ( 'NONE', #6020, 1000.000000000000000 ) ;
#11431 = ORIENTED_EDGE ( 'NONE', *, *, #1049, .F. ) ;
#11432 = FACE_OUTER_BOUND ( 'NONE', #5226, .T. ) ;
#11433 = AXIS2_PLACEMENT_3D ( 'NONE', #5389, #4494, #8028 ) ;
#11434 = EDGE_CURVE ( 'NONE', #4124, #3619, #3173, .T. ) ;
#11435 = EDGE_CURVE ( 'NONE', #4497, #3872, #8667, .T. ) ;
#11436 = DIRECTION ( 'NONE',  ( -0.000000000000000000, -0.000000000000000000, -1.000000000000000000 ) ) ;
#11437 = CARTESIAN_POINT ( 'NONE',  ( -2.680596881209482252, -0.8709787243654325550, 8.077500000000002345 ) ) ;
#11438 = ADVANCED_FACE ( 'NONE', ( #1422 ), #6645, .F. ) ;
#11439 = AXIS2_PLACEMENT_3D ( 'NONE', #5516, #7927, #9793 ) ;
#11440 = VECTOR ( 'NONE', #7795, 1000.000000000000114 ) ;
#11441 = CARTESIAN_POINT ( 'NONE',  ( 2.698629191337174049, -1.165048767896302628, 9.510800894373549141 ) ) ;
#11442 = CARTESIAN_POINT ( 'NONE',  ( -2.336680831601444019, -1.576111122057586744, 8.077500000000002345 ) ) ;
#11443 = ORIENTED_EDGE ( 'NONE', *, *, #8294, .F. ) ;
#11444 = DIRECTION ( 'NONE',  ( -0.8090169943749494497, -0.5877852522924702505, 0.000000000000000000 ) ) ;
#11445 = DIRECTION ( 'NONE',  ( -0.9781476007337993606, 0.2079116908177893464, 0.000000000000000000 ) ) ;
#11446 = ORIENTED_EDGE ( 'NONE', *, *, #6135, .F. ) ;
#11447 = CARTESIAN_POINT ( 'NONE',  ( 2.159334809438579139, -2.085245386525028444, 9.750000000000001776 ) ) ;
#11448 = CARTESIAN_POINT ( 'NONE',  ( 2.934240477815725168, 0.6246861758897412908, 9.449999999999999289 ) ) ;
#11449 = AXIS2_PLACEMENT_3D ( 'NONE', #7510, #4735, #9003 ) ;
#11450 = AXIS2_PLACEMENT_3D ( 'NONE', #8123, #1705, #2709 ) ;
#11451 = EDGE_CURVE ( 'NONE', #3112, #2639, #9290, .T. ) ;
#11452 = EDGE_CURVE ( 'NONE', #7659, #4820, #9246, .T. ) ;
#11453 = FACE_OUTER_BOUND ( 'NONE', #8738, .T. ) ;
#11454 = CARTESIAN_POINT ( 'NONE',  ( -1.524488600961638296, 0.2930369369644944544, -6.370336663013147493 ) ) ;
#11455 = ORIENTED_EDGE ( 'NONE', *, *, #8011, .T. ) ;
#11456 = CARTESIAN_POINT ( 'NONE',  ( -1.892491597964134370E-16, -1.545336663013173073, -8.962500000000003908 ) ) ;
#11457 = FACE_OUTER_BOUND ( 'NONE', #6255, .T. ) ;
#11458 = VECTOR ( 'NONE', #4116, 1000.000000000000000 ) ;
#11459 = ORIENTED_EDGE ( 'NONE', *, *, #3640, .T. ) ;
#11460 = CARTESIAN_POINT ( 'NONE',  ( 1.811726676894031884, 2.159131775987225499, 8.077500000000002345 ) ) ;
#11461 = CARTESIAN_POINT ( 'NONE',  ( -2.247060466239696463, -1.799661343074394404, 9.571310031034848009 ) ) ;
#11462 = EDGE_LOOP ( 'NONE', ( #1759, #10051, #2509 ) ) ;
#11463 = DIRECTION ( 'NONE',  ( 0.000000000000000000, 0.000000000000000000, -1.000000000000000000 ) ) ;
#11464 = CARTESIAN_POINT ( 'NONE',  ( 0.1966118550883705629, 2.811680521731790172, 8.077500000000002345 ) ) ;
#11465 = EDGE_CURVE ( 'NONE', #8315, #7389, #8042, .T. ) ;
#11466 = PRODUCT_DEFINITION_FORMATION_WITH_SPECIFIED_SOURCE ( 'ANY', '', #180, .NOT_KNOWN. ) ;
#11467 = DIRECTION ( 'NONE',  ( -1.000000000000000000, 0.000000000000000000, 0.000000000000000000 ) ) ;
#11468 = LINE ( 'NONE', #8463, #221 ) ;
#11469 = CARTESIAN_POINT ( 'NONE',  ( 2.775726306570163615, -0.4894354389105865510, 9.750000000000001776 ) ) ;
#11470 = LINE ( 'NONE', #5207, #2377 ) ;
#11471 = CARTESIAN_POINT ( 'NONE',  ( -2.970939380026124343, 0.4165563589839764713, 8.077500000000000568 ) ) ;
#11472 = CARTESIAN_POINT ( 'NONE',  ( 1.261513906941787111, -1.554775143329859999, -9.231774734852486120 ) ) ;
#11473 = ORIENTED_EDGE ( 'NONE', *, *, #1559, .F. ) ;
#11474 = CARTESIAN_POINT ( 'NONE',  ( 0.000000000000000000, 0.000000000000000000, 8.077500000000000568 ) ) ;
#11475 = CARTESIAN_POINT ( 'NONE',  ( 0.8922005383792529498, -1.545336663013173517, -6.191666666666671759 ) ) ;
#11476 = ORIENTED_EDGE ( 'NONE', *, *, #1481, .F. ) ;
#11477 = EDGE_CURVE ( 'NONE', #7286, #9533, #7833, .T. ) ;
#11478 = FACE_OUTER_BOUND ( 'NONE', #7809, .T. ) ;
#11479 = VECTOR ( 'NONE', #2610, 1000.000000000000000 ) ;
#11480 = CARTESIAN_POINT ( 'NONE',  ( 1.146406084414252291, -2.574870223421992677, 9.631453640997325039 ) ) ;
#11481 = ORIENTED_EDGE ( 'NONE', *, *, #10087, .T. ) ;
#11482 = ORIENTED_EDGE ( 'NONE', *, *, #2385, .T. ) ;
#11483 = VERTEX_POINT ( 'NONE', #9684 ) ;
#11484 = CARTESIAN_POINT ( 'NONE',  ( 2.008615413315383513, -2.230793415506898025, 9.750000000000001776 ) ) ;
#11485 = CARTESIAN_POINT ( 'NONE',  ( -0.8922005383792539490, -1.545336663013172851, -9.808333333333338899 ) ) ;
#11486 = CARTESIAN_POINT ( 'NONE',  ( -1.146406084414286708, -2.574870223421977133, 9.631453640997325039 ) ) ;
#11487 = DIRECTION ( 'NONE',  ( -0.000000000000000000, -0.000000000000000000, -1.000000000000000000 ) ) ;
#11488 = CARTESIAN_POINT ( 'NONE',  ( 1.176575538379253549, -2.037888611415574758, -9.319791666666668917 ) ) ;
#11489 = CIRCLE ( 'NONE', #8509, 2.000000000000005329 ) ;
#11490 = ORIENTED_EDGE ( 'NONE', *, *, #7638, .F. ) ;
#11491 = ADVANCED_FACE ( 'NONE', ( #11432 ), #3578, .T. ) ;
#11492 = DIRECTION ( 'NONE',  ( 0.5877852522924701395, -0.8090169943749495607, 0.000000000000000000 ) ) ;
#11493 = DIRECTION ( 'NONE',  ( 0.000000000000000000, 0.000000000000000000, -1.000000000000000000 ) ) ;
#11494 = ORIENTED_EDGE ( 'NONE', *, *, #3777, .F. ) ;
#11495 = CARTESIAN_POINT ( 'NONE',  ( 0.5199868932015825340, 2.954591956751146498, 9.449999999999999289 ) ) ;
#11496 = ORIENTED_EDGE ( 'NONE', *, *, #2807, .T. ) ;
#11497 = ORIENTED_EDGE ( 'NONE', *, *, #5838, .F. ) ;
#11498 = CARTESIAN_POINT ( 'NONE',  ( -1.732050807568882966, -1.000000000000002887, -8.729166666666673180 ) ) ;
#11499 = CARTESIAN_POINT ( 'NONE',  ( 0.000000000000000000, 0.000000000000000000, 9.449999999999999289 ) ) ;
#11500 = ORIENTED_EDGE ( 'NONE', *, *, #4604, .T. ) ;
#11501 = CARTESIAN_POINT ( 'NONE',  ( -2.613310677415295213, -1.055846049930789787, 9.750000000000001776 ) ) ;
#11502 = ORIENTED_EDGE ( 'NONE', *, *, #3341, .F. ) ;
#11503 = DIRECTION ( 'NONE',  ( 0.000000000000000000, 0.000000000000000000, -1.000000000000000000 ) ) ;
#11504 = DIRECTION ( 'NONE',  ( -0.03489949670251103753, -0.9993908270190953180, 0.000000000000000000 ) ) ;
#11505 = CARTESIAN_POINT ( 'NONE',  ( 0.000000000000000000, 0.000000000000000000, 9.750000000000001776 ) ) ;
#11506 = CARTESIAN_POINT ( 'NONE',  ( 2.533292686689793793, -1.235569399674193214, 9.750000000000001776 ) ) ;
#11507 = ORIENTED_EDGE ( 'NONE', *, *, #9182, .F. ) ;
#11508 = EDGE_CURVE ( 'NONE', #6951, #113, #7989, .T. ) ;
#11509 = LINE ( 'NONE', #3532, #7947 ) ;
#11510 = FACE_OUTER_BOUND ( 'NONE', #2637, .T. ) ;
#11511 = DIRECTION ( 'NONE',  ( 0.6156614753256606232, 0.7880107536067201268, 0.000000000000000000 ) ) ;
#11512 = CARTESIAN_POINT ( 'NONE',  ( 2.816829376715345390, 0.09836584936185036043, 9.631453640997325039 ) ) ;
#11513 = CARTESIAN_POINT ( 'NONE',  ( -1.847750578910081876, 2.363433476562744495, -9.750000000000001776 ) ) ;
#11514 = DIRECTION ( 'NONE',  ( -0.7431448254773986850, -0.6691306063588532416, 0.000000000000000000 ) ) ;
#11515 = CARTESIAN_POINT ( 'NONE',  ( 1.154700538379252572, -2.000000000000003997, -7.941666666666669983 ) ) ;
#11516 = ORIENTED_EDGE ( 'NONE', *, *, #3370, .T. ) ;
#11517 = B_SPLINE_CURVE_WITH_KNOTS ( 'NONE', 3,
 ( #10090, #6391, #9921, #5101 ),
 .UNSPECIFIED., .F., .F.,
 ( 4, 4 ),
 ( 3.021976174285414743E-07, 0.0002759148428383532969 ),
 .UNSPECIFIED. ) ;
#11518 = DIRECTION ( 'NONE',  ( -0.8480480961564261788, -0.5299192642332046788, 0.000000000000000000 ) ) ;
#11519 = EDGE_CURVE ( 'NONE', #3117, #9993, #4132, .T. ) ;
#11520 = CARTESIAN_POINT ( 'NONE',  ( -2.970668720312950040, -0.4184822029121684772, 9.449999999999999289 ) ) ;
#11521 = EDGE_CURVE ( 'NONE', #2538, #7053, #10773, .T. ) ;
#11522 = CARTESIAN_POINT ( 'NONE',  ( 1.859999999999999876, 2.277843046414076852E-16, 6.749999999999999112 ) ) ;
#11523 = EDGE_CURVE ( 'NONE', #3058, #10618, #6291, .T. ) ;
#11524 = DIRECTION ( 'NONE',  ( 0.000000000000000000, 0.000000000000000000, -1.000000000000000000 ) ) ;
#11525 = VERTEX_POINT ( 'NONE', #2580 ) ;
#11526 = ORIENTED_EDGE ( 'NONE', *, *, #7273, .T. ) ;
#11527 = DIRECTION ( 'NONE',  ( -0.03489949670250606928, -0.9993908270190954291, 0.000000000000000000 ) ) ;
#11528 = LINE ( 'NONE', #7860, #6490 ) ;
#11529 = CARTESIAN_POINT ( 'NONE',  ( -1.498438393337163665, -2.528758692577636413, 9.510800894373550918 ) ) ;
#11530 = VERTEX_POINT ( 'NONE', #8801 ) ;
#11531 = CARTESIAN_POINT ( 'NONE',  ( -2.006669090636826969, -2.230085011985590171, -9.750000000000001776 ) ) ;
#11532 = ADVANCED_FACE ( 'NONE', ( #10563 ), #655, .F. ) ;
#11533 = EDGE_LOOP ( 'NONE', ( #3922, #7390, #5221, #4251 ) ) ;
#11534 = LINE ( 'NONE', #2745, #8074 ) ;
#11535 = B_SPLINE_CURVE_WITH_KNOTS ( 'NONE', 3,
 ( #1910, #6430, #10065, #2918 ),
 .UNSPECIFIED., .F., .F.,
 ( 4, 4 ),
 ( 3.054997924342977364E-07, 0.0002759181450133578722 ),
 .UNSPECIFIED. ) ;
#11536 = DIRECTION ( 'NONE',  ( 0.9135454576426011997, 0.4067366430757997087, 0.000000000000000000 ) ) ;
#11537 = CARTESIAN_POINT ( 'NONE',  ( -2.816829376715344058, 0.09836584936188838557, 8.077500000000002345 ) ) ;
#11538 = VERTEX_POINT ( 'NONE', #5296 ) ;
#11539 = EDGE_LOOP ( 'NONE', ( #3861, #5317, #9926 ) ) ;
#11540 = ORIENTED_EDGE ( 'NONE', *, *, #5673, .F. ) ;
#11541 = LINE ( 'NONE', #10672, #8654 ) ;
#11542 = CARTESIAN_POINT ( 'NONE',  ( 0.8922005383792542821, 1.545336663013172851, -8.058333333333338899 ) ) ;
#11543 = CARTESIAN_POINT ( 'NONE',  ( -2.818745138964445118, 1.026974119228090121, 9.449999999999999289 ) ) ;
#11544 = CARTESIAN_POINT ( 'NONE',  ( -2.495693764988927099E-16, -2.037888611415574314, -7.978125000000002132 ) ) ;
#11545 = ORIENTED_EDGE ( 'NONE', *, *, #5291, .F. ) ;
#11546 = LINE ( 'NONE', #3455, #8767 ) ;
#11547 = ORIENTED_EDGE ( 'NONE', *, *, #4944, .F. ) ;
#11548 = DIRECTION ( 'NONE',  ( 0.9781476007338030243, -0.2079116908177714440, 0.000000000000000000 ) ) ;
#11549 = DIRECTION ( 'NONE',  ( 0.4067366430757932694, -0.9135454576426039752, 0.000000000000000000 ) ) ;
#11550 = ORIENTED_EDGE ( 'NONE', *, *, #411, .T. ) ;
#11551 = ORIENTED_EDGE ( 'NONE', *, *, #3622, .F. ) ;
#11552 = CARTESIAN_POINT ( 'NONE',  ( -2.884052962002330300, -0.8259773074156353534, -9.750000000000001776 ) ) ;
#11553 = AXIS2_PLACEMENT_3D ( 'NONE', #10241, #2266, #2587 ) ;
#11554 = EDGE_CURVE ( 'NONE', #7614, #10106, #8931, .T. ) ;
#11555 = EDGE_CURVE ( 'NONE', #7962, #10602, #7580, .T. ) ;
#11556 = ORIENTED_EDGE ( 'NONE', *, *, #9112, .F. ) ;
#11557 = DIRECTION ( 'NONE',  ( 0.000000000000000000, -0.000000000000000000, 1.000000000000000000 ) ) ;
#11558 = CARTESIAN_POINT ( 'NONE',  ( 0.000000000000000000, 0.000000000000000000, 9.449999999999999289 ) ) ;
#11559 = CARTESIAN_POINT ( 'NONE',  ( 2.734823486451069208, 0.6818680780054610091, 8.077500000000002345 ) ) ;
#11560 = CARTESIAN_POINT ( 'NONE',  ( -2.939188464481538698, -0.03330636834705102967, 9.510800894373550918 ) ) ;
#11561 = PLANE ( 'NONE',  #10649 ) ;
#11562 = ORIENTED_EDGE ( 'NONE', *, *, #9456, .F. ) ;
#11563 = DIRECTION ( 'NONE',  ( -0.9975640502598251969, -0.06975647374411146628, 0.000000000000000000 ) ) ;
#11564 = CARTESIAN_POINT ( 'NONE',  ( -1.500914316448200836, 2.599659853895868622, 8.077500000000002345 ) ) ;
#11565 = DIRECTION ( 'NONE',  ( -1.000000000000000000, 0.000000000000000000, 0.000000000000000000 ) ) ;
#11566 = CARTESIAN_POINT ( 'NONE',  ( -2.008114336621312113, 2.228783706656155328, 9.449999999999999289 ) ) ;
#11567 = ADVANCED_FACE ( 'NONE', ( #10449 ), #1767, .T. ) ;
ENDSEC;
END-ISO-10303-21;
