ISO-10303-21;
HEADER;
FILE_DESCRIPTION (( 'STEP AP203' ),
    '1' );
FILE_NAME ('92196A319_18-8 Stainless Steel Socket Head Screw_92196A319_sldprt.STEP',
    '2026-08-23T00:51:20',
    ( '' ),
    ( '' ),
    'SwSTEP 2.0',
    'SolidWorks 2025',
    '' );
FILE_SCHEMA (( 'CONFIG_CONTROL_DESIGN' ));
ENDSEC;

DATA;
#1 = DIRECTION ( 'NONE',  ( -0.000000000000000000, -0.000000000000000000, -1.000000000000000000 ) ) ;
#2 = CARTESIAN_POINT ( 'NONE',  ( -1.530808498934191201E-17, -0.1250000000000000555, 0.2723214285689642966 ) ) ;
#3 = CARTESIAN_POINT ( 'NONE',  ( -1.530808498934191201E-17, -0.1250000000000001110, 0.1294642857129642832 ) ) ;
#4 = ADVANCED_FACE ( 'NONE', ( #1484 ), #2011, .T. ) ;
#5 = CARTESIAN_POINT ( 'NONE',  ( 0.1249999999999999584, 0.05177669529663676135, 0.1361607142846249785 ) ) ;
#6 = CARTESIAN_POINT ( 'NONE',  ( -0.1018028909699977697, 0.04216813812856242544, 0.09598214285623213327 ) ) ;
#7 = CARTESIAN_POINT ( 'NONE',  ( 0.1018028909699977835, -6.345662869835751940E-17, 0.4732142857103571743 ) ) ;
#8 = CARTESIAN_POINT ( 'NONE',  ( 0.1018028909699977835, -1.043321641311668448E-16, 0.3348214285686071934 ) ) ;
#9 = AXIS2_PLACEMENT_3D ( 'NONE', #3697, #4045, #5265 ) ;
#10 = CARTESIAN_POINT ( 'NONE',  ( -0.04216813812856257809, 0.1018028909699977558, 0.4531249999962321251 ) ) ;
#11 = AXIS2_PLACEMENT_3D ( 'NONE', #1366, #3525, #3070 ) ;
#12 = CARTESIAN_POINT ( 'NONE',  ( -0.1018028909699977697, 0.04216813812856255728, 0.5290178571384821504 ) ) ;
#13 = CARTESIAN_POINT ( 'NONE',  ( -0.06422955975823606278, -0.09212037463464509135, 0.5977417283085690869 ) ) ;
#14 = CARTESIAN_POINT ( 'NONE',  ( -0.07198551454928017734, 0.07198551454928012183, 0.4151785714251071124 ) ) ;
#15 = CARTESIAN_POINT ( 'NONE',  ( -0.05177669529663687931, -0.1250000000000000555, 0.3013392857118750712 ) ) ;
#16 = CARTESIAN_POINT ( 'NONE',  ( 0.08838834764831843271, 0.08838834764831822455, 0.03124999999974997431 ) ) ;
#17 = CARTESIAN_POINT ( 'NONE',  ( 0.08838834764831843271, 0.08838834764831829394, 0.2812499999977499665 ) ) ;
#18 = CARTESIAN_POINT ( 'NONE',  ( 0.000000000000000000, 7.549139889267777477E-20, 0.000000000000000000 ) ) ;
#19 = EDGE_CURVE ( 'NONE', #3711, #1151, #3528, .T. ) ;
#20 = ORIENTED_EDGE ( 'NONE', *, *, #4081, .T. ) ;
#21 = CARTESIAN_POINT ( 'NONE',  ( -0.1018028909699977697, 0.04216813812856243238, 0.1361607142844821483 ) ) ;
#22 = CARTESIAN_POINT ( 'NONE',  ( 0.08838834764831843271, 0.08838834764831839108, 0.6383928571377499583 ) ) ;
#23 = CARTESIAN_POINT ( 'NONE',  ( 0.1018028909699977558, -0.04216813812856280014, 0.04687499999948212953 ) ) ;
#24 = MANIFOLD_SOLID_BREP ( 'Fillet3', #4701 ) ;
#25 = CARTESIAN_POINT ( 'NONE',  ( -0.04216813812856259891, -0.1018028909699978946, 0.2477678571407321839 ) ) ;
#26 = CARTESIAN_POINT ( 'NONE',  ( -0.1249999999999999584, -1.425869512479217187E-16, 0.1160714285704999987 ) ) ;
#27 = CARTESIAN_POINT ( 'NONE',  ( -0.04216813812856259891, -0.1018028909699978668, 0.3549107142827321870 ) ) ;
#28 = CARTESIAN_POINT ( 'NONE',  ( -0.05177669529663686543, 0.1249999999999999861, 0.6138392857090894106 ) ) ;
#29 = CARTESIAN_POINT ( 'NONE',  ( 6.091376809005443538E-17, -0.1082531754730545887, 0.7578125000000000000 ) ) ;
#30 = ORIENTED_EDGE ( 'NONE', *, *, #2529, .F. ) ;
#31 = ORIENTED_EDGE ( 'NONE', *, *, #4617, .T. ) ;
#32 = CIRCLE ( 'NONE', #745, 0.01339285714274997437 ) ;
#33 = CARTESIAN_POINT ( 'NONE',  ( 0.1152275099952965315, 0.1499375329496587250, 0.8562500000000001776 ) ) ;
#34 = CARTESIAN_POINT ( 'NONE',  ( 0.05976279562866267797, -0.08241502817142019877, 0.003588605255498026735 ) ) ;
#35 = CARTESIAN_POINT ( 'NONE',  ( 0.05177669529663685849, -0.1250000000000001110, 0.2388392857120892887 ) ) ;
#36 = CARTESIAN_POINT ( 'NONE',  ( 0.09442855861383052385, 0.1638349479016324439, 0.8562500000000000666 ) ) ;
#37 = CARTESIAN_POINT ( 'NONE',  ( 0.000000000000000000, 0.1018028909699976309, 0.09374999999910710313 ) ) ;
#38 = CARTESIAN_POINT ( 'NONE',  ( 0.1195809047393391750, 0.03495172467250079462, 0.6046981344709112527 ) ) ;
#39 = CARTESIAN_POINT ( 'NONE',  ( 0.04216813812856255728, -0.1018028909699979778, 0.002232142856982154838 ) ) ;
#40 = CARTESIAN_POINT ( 'NONE',  ( -0.1249999999999999861, 0.05177669529663670583, 0.04241071428537499660 ) ) ;
#41 = CARTESIAN_POINT ( 'NONE',  ( -0.04216813812856259891, -0.1018028909699978252, 0.4263392857107321521 ) ) ;
#42 = CARTESIAN_POINT ( 'NONE',  ( -1.246725845703547748E-17, -0.1018028909699978668, 0.3258928571401071839 ) ) ;
#43 = CARTESIAN_POINT ( 'NONE',  ( 0.1249999999999999306, 1.538357638823458624E-17, 0.000000000000000000 ) ) ;
#44 =( BOUNDED_CURVE ( )  B_SPLINE_CURVE ( 2, ( #3399, #2162, #1166 ),
 .UNSPECIFIED., .F., .T. ) 
 B_SPLINE_CURVE_WITH_KNOTS ( ( 3, 3 ),
 ( 0.000000000000000000, 1.000000000000000000 ),
 .UNSPECIFIED. ) 
 CURVE ( )  GEOMETRIC_REPRESENTATION_ITEM ( )  RATIONAL_B_SPLINE_CURVE ( ( 1.000000000000000000, 0.3333333333333333148, 1.000000000000000000 ) ) 
 REPRESENTATION_ITEM ( '' )  );
#45 = FACE_OUTER_BOUND ( 'NONE', #2883, .T. ) ;
#46 = CARTESIAN_POINT ( 'NONE',  ( -0.07198551454928017734, 0.07198551454928012183, 0.4553571428533570997 ) ) ;
#47 = CARTESIAN_POINT ( 'NONE',  ( -0.03917966821924633025, 0.09420190945670729732, 0.5919107288575021775 ) ) ;
#48 = EDGE_CURVE ( 'NONE', #427, #1757, #4300, .T. ) ;
#49 = CARTESIAN_POINT ( 'NONE',  ( -0.1249999999999999861, 0.05177669529663676135, 0.2566964285693750236 ) ) ;
#50 = APPLICATION_PROTOCOL_DEFINITION ( 'international standard', 'config_control_design', 1994, #5355 ) ;
#51 = CARTESIAN_POINT ( 'NONE',  ( 0.04216813812856263360, 0.1018028909699975892, 0.02008928571398209406 ) ) ;
#52 = CARTESIAN_POINT ( 'NONE',  ( 0.1249999999999999584, 0.05177669529663671971, 0.03348214285658923650 ) ) ;
#53 = AXIS2_PLACEMENT_3D ( 'NONE', #4682, #4620, #1253 ) ;
#54 = CARTESIAN_POINT ( 'NONE',  ( -1.246725845703547748E-17, -0.1018028909699979223, 0.1473214285701071602 ) ) ;
#55 = CARTESIAN_POINT ( 'NONE',  ( 0.000000000000000000, 0.1018028909699976170, 0.02232142857110709644 ) ) ;
#56 = CARTESIAN_POINT ( 'NONE',  ( 0.04419512920626667701, -0.1643444175577037369, 0.8750000000000001110 ) ) ;
#57 = CARTESIAN_POINT ( 'NONE',  ( -0.07198551454928017734, -0.07198551454928028837, 0.2098214285696071713 ) ) ;
#58 = EDGE_CURVE ( 'NONE', #2890, #1217, #2040, .T. ) ;
#59 = CARTESIAN_POINT ( 'NONE',  ( -0.08838834764831843271, -0.08838834764831855761, 0.1205357142847500451 ) ) ;
#60 = CARTESIAN_POINT ( 'NONE',  ( 0.04216813812856255728, -0.1018028909699978252, 0.5022321428529821219 ) ) ;
#61 = CARTESIAN_POINT ( 'NONE',  ( -0.1152275101366085353, -0.1499375328083467074, 0.6250000000000001110 ) ) ;
#62 = CARTESIAN_POINT ( 'NONE',  ( -0.08838834764831843271, -0.08838834764831852986, 0.2276785714267500482 ) ) ;
#63 = ORIENTED_EDGE ( 'NONE', *, *, #1585, .F. ) ;
#64 = ORIENTED_EDGE ( 'NONE', *, *, #978, .F. ) ;
#65 = CARTESIAN_POINT ( 'NONE',  ( 0.1419642857141786008, -1.671380900704766992E-16, 0.6116071428572500412 ) ) ;
#66 = CARTESIAN_POINT ( 'NONE',  ( -0.1018028909699977835, 0.04216813812856240462, 0.02455357142823211616 ) ) ;
#67 = CARTESIAN_POINT ( 'NONE',  ( 0.05177669529663697645, 0.1249999999999998057, 0.1808035714268392269 ) ) ;
#68 = CARTESIAN_POINT ( 'NONE',  ( -0.08838834764831843271, -0.08838834764831843271, 0.5848214285667500123 ) ) ;
#69 = CARTESIAN_POINT ( 'NONE',  ( -0.1874999999999999167, 0.02454369238351464949, 0.8562500000000000666 ) ) ;
#70 = CARTESIAN_POINT ( 'NONE',  ( 0.1781249999999999223, 2.774533118565267485E-17, 0.6250000000000000000 ) ) ;
#71 = CARTESIAN_POINT ( 'NONE',  ( -0.1018028909699977697, -0.04216813812856273769, 0.06473214285648214161 ) ) ;
#72 = CARTESIAN_POINT ( 'NONE',  ( -1.246725845703547748E-17, -0.1018028909699978390, 0.4642857142818572203 ) ) ;
#73 = CARTESIAN_POINT ( 'NONE',  ( 0.000000000000000000, 0.1018028909699977003, 0.3437499999971070919 ) ) ;
#74 = CARTESIAN_POINT ( 'NONE',  ( 0.05177669529663696951, 0.1249999999999997780, 0.1093749999988392341 ) ) ;
#75 = DIRECTION ( 'NONE',  ( -1.000000000000000000, 0.000000000000000000, 0.000000000000000000 ) ) ;
#76 = CC_DESIGN_PERSON_AND_ORGANIZATION_ASSIGNMENT ( #222, #5276, ( #1405 ) ) ;
#77 = CARTESIAN_POINT ( 'NONE',  ( -0.04216813812856259891, -0.1018028909699977835, 0.5379464285669821599 ) ) ;
#78 = CARTESIAN_POINT ( 'NONE',  ( -0.1874999999999999167, 7.549139889267777477E-20, 0.6343750000000000222 ) ) ;
#79 = ORIENTED_EDGE ( 'NONE', *, *, #4791, .F. ) ;
#80 = CARTESIAN_POINT ( 'NONE',  ( 0.04216813812856263360, 0.1018028909699977003, 0.3727678571397320395 ) ) ;
#81 =( BOUNDED_CURVE ( )  B_SPLINE_CURVE ( 2, ( #2004, #2798, #682, #658, #4032, #2403, #253, #1972, #5223 ),
 .UNSPECIFIED., .F., .F. ) 
 B_SPLINE_CURVE_WITH_KNOTS ( ( 3, 2, 2, 2, 3 ),
 ( 0.8815789473684210176, 0.8881578947368421462, 0.8947368421052631637, 0.9013157894736841813, 0.9078947368421053099 ),
 .UNSPECIFIED. ) 
 CURVE ( )  GEOMETRIC_REPRESENTATION_ITEM ( )  RATIONAL_B_SPLINE_CURVE ( ( 1.000000000000000000, 0.9238795325112867385, 1.000000000000000000, 0.9238795325112867385, 1.000000000000000000, 0.9238795325112867385, 1.000000000000000000, 0.9238795325112867385, 1.000000000000000000 ) ) 
 REPRESENTATION_ITEM ( '' )  );
#82 = CARTESIAN_POINT ( 'NONE',  ( 0.08838834765301230301, -0.08838834764362474283, 0.02678571428550045527 ) ) ;
#83 = CARTESIAN_POINT ( 'NONE',  ( -0.04665116836560534441, 0.1734806085819671218, 0.6250000000000001110 ) ) ;
#84 = CARTESIAN_POINT ( 'NONE',  ( 0.1018028909699977558, -0.04216813812856274463, 0.2611607142834821427 ) ) ;
#85 = ORIENTED_EDGE ( 'NONE', *, *, #4361, .F. ) ;
#86 = CARTESIAN_POINT ( 'NONE',  ( 0.1018028909699977558, 0.04216813812856242544, 0.05133928571373212041 ) ) ;
#87 = CARTESIAN_POINT ( 'NONE',  ( -0.1643444175577741528, -0.04419512920611717854, 0.8750000000000001110 ) ) ;
#88 = CARTESIAN_POINT ( 'NONE',  ( 0.1018028909699977558, 0.04216813812856249483, 0.2254464285694821324 ) ) ;
#89 = CARTESIAN_POINT ( 'NONE',  ( 0.07198551454928019122, 0.07198551454928012183, 0.4776785714246071235 ) ) ;
#90 = CARTESIAN_POINT ( 'NONE',  ( -0.1499375328083491221, 0.1152275101366061066, 0.6343750000000000222 ) ) ;
#91 = CARTESIAN_POINT ( 'NONE',  ( 0.03420798909382700287, 0.09975942079081136227, 0.5939918281981696468 ) ) ;
#92 = ADVANCED_FACE ( 'NONE', ( #5394 ), #4673, .T. ) ;
#93 = ORIENTED_EDGE ( 'NONE', *, *, #4018, .T. ) ;
#94 = DIRECTION ( 'NONE',  ( 0.000000000000000000, 0.000000000000000000, -1.000000000000000000 ) ) ;
#95 = CARTESIAN_POINT ( 'NONE',  ( 0.1018028909699977697, 0.04216813812856245319, 0.1183035714274821293 ) ) ;
#96 = CARTESIAN_POINT ( 'NONE',  ( -0.05177669529663686543, 0.1249999999999998751, 0.2924107142830892903 ) ) ;
#97 = CARTESIAN_POINT ( 'NONE',  ( 0.04848378945854088518, -0.08976217571214814561, 0.003588605255498051021 ) ) ;
#98 = ORIENTED_EDGE ( 'NONE', *, *, #2185, .F. ) ;
#99 = CARTESIAN_POINT ( 'NONE',  ( -0.1249999999999999584, -1.214899007019556208E-16, 0.1874999999984999777 ) ) ;
#100 = CARTESIAN_POINT ( 'NONE',  ( 0.000000000000000000, 0.1018028909699977835, 0.6249999999948572249 ) ) ;
#101 = CARTESIAN_POINT ( 'NONE',  ( 0.000000000000000000, 0.1249999999999999167, 0.4642857142819999394 ) ) ;
#102 = CARTESIAN_POINT ( 'NONE',  ( -0.07198551454928017734, -0.07198551454928023285, 0.4285714285678571267 ) ) ;
#103 = DIRECTION ( 'NONE',  ( -0.000000000000000000, -0.000000000000000000, -1.000000000000000000 ) ) ;
#104 = CARTESIAN_POINT ( 'NONE',  ( -0.02454369238353786009, -0.1874999999999999445, 0.8562500000000000666 ) ) ;
#105 = EDGE_LOOP ( 'NONE', ( #5454, #5442, #1800, #1511 ) ) ;
#106 = CARTESIAN_POINT ( 'NONE',  ( 0.07198551454928016347, -0.07198551454928020510, 0.5803571428523571774 ) ) ;
#107 = CARTESIAN_POINT ( 'NONE',  ( 0.05709309872243946427, -0.1030992159245049528, 0.6009072335142376931 ) ) ;
#108 = CARTESIAN_POINT ( 'NONE',  ( 0.04216813812856255728, -0.1018028909699978668, 0.3950892857109821188 ) ) ;
#109 = CONICAL_SURFACE ( 'NONE', #1440, 0.1082531754730549772, 1.047197551196600074 ) ;
#110 = CARTESIAN_POINT ( 'NONE',  ( -0.1249999999999999861, -0.05177669529663694870, 0.3325892857116250489 ) ) ;
#111 = CARTESIAN_POINT ( 'NONE',  ( -0.08838834764831843271, -0.08838834764831844659, 0.5178571428527143361 ) ) ;
#112 = CARTESIAN_POINT ( 'NONE',  ( 9.049246479012871048E-16, -0.1082531754730551021, 0.8750000000000001110 ) ) ;
#113 = APPROVAL_PERSON_ORGANIZATION ( #5308, #432, #3227 ) ;
#114 = VECTOR ( 'NONE', #550, 39.37007874015748143 ) ;
#115 = CARTESIAN_POINT ( 'NONE',  ( 0.1018028909699977558, -0.04216813812856271687, 0.3325892857114821632 ) ) ;
#116 = EDGE_LOOP ( 'NONE', ( #2782, #5137, #906, #1131 ) ) ;
#117 = CARTESIAN_POINT ( 'NONE',  ( 0.07198551454928019122, 0.07198551454928001081, 0.08928571428485711226 ) ) ;
#118 =( BOUNDED_CURVE ( )  B_SPLINE_CURVE ( 2, ( #4238, #4187, #4657, #5017, #3354, #409, #3409, #4215, #1733 ),
 .UNSPECIFIED., .F., .F. ) 
 B_SPLINE_CURVE_WITH_KNOTS ( ( 3, 2, 2, 2, 3 ),
 ( 0.2763157894736842368, 0.2828947368421052544, 0.2894736842105263275, 0.2960526315789473450, 0.3026315789473684181 ),
 .UNSPECIFIED. ) 
 CURVE ( )  GEOMETRIC_REPRESENTATION_ITEM ( )  RATIONAL_B_SPLINE_CURVE ( ( 1.000000000000000000, 0.9238795325112867385, 1.000000000000000000, 0.9238795325112867385, 1.000000000000000000, 0.9238795325112867385, 1.000000000000000000, 0.9238795325112867385, 1.000000000000000000 ) ) 
 REPRESENTATION_ITEM ( '' )  );
#119 = VERTEX_POINT ( 'NONE', #4984 ) ;
#120 = CARTESIAN_POINT ( 'NONE',  ( -0.04216813812856257809, 0.1018028909699976448, 0.1629464285699820936 ) ) ;
#121 = CARTESIAN_POINT ( 'NONE',  ( 0.1249999999999999722, 0.05177669529663675441, 0.1718749999986250165 ) ) ;
#122 = CARTESIAN_POINT ( 'NONE',  ( 0.07198551454928019122, 0.07198551454928012183, 0.5133928571386071615 ) ) ;
#123 = CARTESIAN_POINT ( 'NONE',  ( 0.1152275101365988902, 0.1499375328083563386, 0.6250000000000000000 ) ) ;
#124 = CARTESIAN_POINT ( 'NONE',  ( 0.000000000000000000, 0.1249999999999999445, 0.5714285714239999425 ) ) ;
#125 = ORIENTED_EDGE ( 'NONE', *, *, #2932, .F. ) ;
#126 = DIRECTION ( 'NONE',  ( -0.000000000000000000, -0.000000000000000000, -1.000000000000000000 ) ) ;
#127 = CARTESIAN_POINT ( 'NONE',  ( 0.04216813812856263360, 0.1018028909699976170, 0.1227678571417321063 ) ) ;
#128 = CARTESIAN_POINT ( 'NONE',  ( 0.05177669529663685849, -0.1250000000000000555, 0.4174107142820893124 ) ) ;
#129 = ADVANCED_FACE ( 'NONE', ( #5104 ), #511, .T. ) ;
#130 = AXIS2_PLACEMENT_3D ( 'NONE', #3973, #3166, #1033 ) ;
#131 = CARTESIAN_POINT ( 'NONE',  ( -0.05177669529663687931, -0.1250000000000000833, 0.1986607142838393292 ) ) ;
#132 = CARTESIAN_POINT ( 'NONE',  ( 0.000000000000000000, 0.1018028909699977835, 0.5892857142808570758 ) ) ;
#133 = CARTESIAN_POINT ( 'NONE',  ( -0.05177669529663686543, 0.1249999999999999167, 0.4665178571391250251 ) ) ;
#134 = CARTESIAN_POINT ( 'NONE',  ( -0.07198551454928017734, 0.07198551454928010795, 0.3839285714253570791 ) ) ;
#135 = CARTESIAN_POINT ( 'NONE',  ( 0.1249999999999999584, -1.679288585901140244E-16, 0.1339285714275000039 ) ) ;
#136 = CARTESIAN_POINT ( 'NONE',  ( -0.04907772852307129563, 0.1826198767901027753, 0.8562500000000000666 ) ) ;
#137 = VERTEX_POINT ( 'NONE', #1501 ) ;
#138 = CARTESIAN_POINT ( 'NONE',  ( 0.000000000000000000, 0.1018028909699977835, 0.5937499999951071361 ) ) ;
#139 = CARTESIAN_POINT ( 'NONE',  ( 0.000000000000000000, -1.845237008797876145E-16, 0.6071428571430000920 ) ) ;
#140 = CARTESIAN_POINT ( 'NONE',  ( -0.04216813812856259891, -0.1018028909699977835, 0.5334821428527322107 ) ) ;
#141 = DIRECTION ( 'NONE',  ( 0.000000000000000000, -1.000000000000000000, 0.000000000000000000 ) ) ;
#142 = CARTESIAN_POINT ( 'NONE',  ( 0.08838834764831840496, -0.08838834764831851598, 0.3437499999972500331 ) ) ;
#143 = CARTESIAN_POINT ( 'NONE',  ( -0.05177669529663687931, -0.1250000000000000000, 0.5200892857098394773 ) ) ;
#144 = CARTESIAN_POINT ( 'NONE',  ( -0.02328809512026593781, 0.1781221872095345160, 0.6250000000000000000 ) ) ;
#145 = CARTESIAN_POINT ( 'NONE',  ( 0.04216813812856255728, -0.1018028909699979084, 0.2924107142832321760 ) ) ;
#146 = CARTESIAN_POINT ( 'NONE',  ( -0.04216813812856257809, 0.1018028909699976725, 0.2388392857122320911 ) ) ;
#147 = VERTEX_POINT ( 'NONE', #4436 ) ;
#148 = CARTESIAN_POINT ( 'NONE',  ( 0.04216813812856263360, 0.1018028909699975892, 0.05133928571373209959 ) ) ;
#149 = CARTESIAN_POINT ( 'NONE',  ( -0.1018028909699977697, -0.04216813812856270993, 0.1718749999984821308 ) ) ;
#150 = CARTESIAN_POINT ( 'NONE',  ( -0.05177669529663687931, -0.1250000000000001110, 0.1941964285698750403 ) ) ;
#151 = CARTESIAN_POINT ( 'NONE',  ( 0.000000000000000000, 0.1018028909699977697, 0.5535714285668571488 ) ) ;
#152 = CARTESIAN_POINT ( 'NONE',  ( -0.1638349478928995961, 0.09442855863491583790, 0.6250000000000000000 ) ) ;
#153 = DIRECTION ( 'NONE',  ( -0.000000000000000000, -0.000000000000000000, 1.000000000000000000 ) ) ;
#154 = CIRCLE ( 'NONE', #3608, 0.1082531754730549772 ) ;
#155 =( BOUNDED_CURVE ( )  B_SPLINE_CURVE ( 2, ( #5295, #4462, #1115, #2838, #4851, #4883, #3216, #721, #694 ),
 .UNSPECIFIED., .F., .F. ) 
 B_SPLINE_CURVE_WITH_KNOTS ( ( 3, 2, 2, 2, 3 ),
 ( 0.7500000000000000000, 0.7565789473684210176, 0.7631578947368421462, 0.7697368421052631637, 0.7763157894736841813 ),
 .UNSPECIFIED. ) 
 CURVE ( )  GEOMETRIC_REPRESENTATION_ITEM ( )  RATIONAL_B_SPLINE_CURVE ( ( 1.000000000000000000, 0.9238795325112867385, 1.000000000000000000, 0.9238795325112867385, 1.000000000000000000, 0.9238795325112867385, 1.000000000000000000, 0.9238795325112867385, 1.000000000000000000 ) ) 
 REPRESENTATION_ITEM ( '' )  );
#156 = CARTESIAN_POINT ( 'NONE',  ( -1.246725845703547748E-17, -0.1018028909699977835, 0.6473214285661071932 ) ) ;
#157 = ORIENTED_EDGE ( 'NONE', *, *, #1254, .F. ) ;
#158 = CARTESIAN_POINT ( 'NONE',  ( -1.246725845703547748E-17, -0.1018028909699979223, 0.1785714285698571657 ) ) ;
#159 = CARTESIAN_POINT ( 'NONE',  ( 0.1249999999999999584, -9.277061602019413341E-17, 0.3883928571394642537 ) ) ;
#160 = ADVANCED_FACE ( 'NONE', ( #4489 ), #4066, .T. ) ;
#161 = CARTESIAN_POINT ( 'NONE',  ( -0.08838834764831843271, -0.08838834764831851598, 0.2991071428547500410 ) ) ;
#162 = ORIENTED_EDGE ( 'NONE', *, *, #696, .T. ) ;
#163 = CARTESIAN_POINT ( 'NONE',  ( 0.1249999999999999584, -1.349647171121263538E-16, 0.2455357142834642681 ) ) ;
#164 = CARTESIAN_POINT ( 'NONE',  ( -0.07198551454928017734, -0.07198551454928017734, 0.6026785714236071456 ) ) ;
#165 = CARTESIAN_POINT ( 'NONE',  ( -1.530808498934191201E-17, -0.1250000000000000555, 0.2678571428550000633 ) ) ;
#166 = CARTESIAN_POINT ( 'NONE',  ( -0.1160812449160193577, 0.01459684356642635197, 0.01786695920151954928 ) ) ;
#167 = VERTEX_POINT ( 'NONE', #645 ) ;
#168 = ADVANCED_FACE ( 'NONE', ( #1474 ), #1259, .T. ) ;
#169 = CARTESIAN_POINT ( 'NONE',  ( -0.07198551454928017734, -0.07198551454928016347, 0.6428571428518571329 ) ) ;
#170 = CARTESIAN_POINT ( 'NONE',  ( 0.000000000000000000, 0.1249999999999998473, 0.2499999999979999887 ) ) ;
#171 = ORIENTED_EDGE ( 'NONE', *, *, #3519, .F. ) ;
#172 = CARTESIAN_POINT ( 'NONE',  ( -0.07198551454928017734, 0.07198551454928016347, 0.5580357142811070981 ) ) ;
#173 = CARTESIAN_POINT ( 'NONE',  ( 0.1249999999999999584, -0.05177669529663703196, 0.3102678571403749697 ) ) ;
#174 = CARTESIAN_POINT ( 'NONE',  ( -0.1249999999999999584, -3.578313285905266858E-17, 0.4776785714244642378 ) ) ;
#175 = CARTESIAN_POINT ( 'NONE',  ( 0.08838834764831843271, 0.08838834764831822455, 0.03571428571371423194 ) ) ;
#176 = CARTESIAN_POINT ( 'NONE',  ( 0.1018028909699977558, 0.04216813812856250177, 0.3013392857117320744 ) ) ;
#177 = CARTESIAN_POINT ( 'NONE',  ( -0.07198551454928017734, -0.07198551454928031612, 0.1428571428558571554 ) ) ;
#178 = ORIENTED_EDGE ( 'NONE', *, *, #19, .T. ) ;
#179 = CARTESIAN_POINT ( 'NONE',  ( 0.1018028909699977835, -1.900389319741541928E-16, 0.04464285714235712715 ) ) ;
#180 = CARTESIAN_POINT ( 'NONE',  ( -0.04216813812856259891, -0.1018028909699978668, 0.3549107142827321315 ) ) ;
#181 = CARTESIAN_POINT ( 'NONE',  ( -0.04216813812856257115, 0.1018028909699977697, 0.4843749999959821584 ) ) ;
#182 = CARTESIAN_POINT ( 'NONE',  ( 0.09442855863492284618, 0.1638349478928918246, 0.6250000000000000000 ) ) ;
#183 = PLANE ( 'NONE',  #1920 ) ;
#184 = ORIENTED_EDGE ( 'NONE', *, *, #4217, .F. ) ;
#185 = CARTESIAN_POINT ( 'NONE',  ( 0.1734754112229276446, -0.04664901554888233742, 0.6250000000000000000 ) ) ;
#186 = ORIENTED_EDGE ( 'NONE', *, *, #1654, .F. ) ;
#187 = CARTESIAN_POINT ( 'NONE',  ( 0.1249999999999999584, -1.890259091360801223E-16, 0.06249999999950000412 ) ) ;
#188 = CARTESIAN_POINT ( 'NONE',  ( -0.07198551454928017734, 0.07198551454928003857, 0.1651785714271070959 ) ) ;
#189 = CARTESIAN_POINT ( 'NONE',  ( -0.1249999999999999861, -0.05177669529663697645, 0.3013392857115893553 ) ) ;
#190 = CARTESIAN_POINT ( 'NONE',  ( 0.05976279562866267797, -0.08241502817142019877, 0.003588605255498026735 ) ) ;
#191 = ORIENTED_EDGE ( 'NONE', *, *, #2312, .F. ) ;
#192 = CYLINDRICAL_SURFACE ( 'NONE', #3827, 0.1249999999999999306 ) ;
#193 = CARTESIAN_POINT ( 'NONE',  ( -0.1018028909699977835, 8.946251944137148040E-18, 0.6339285714233571234 ) ) ;
#194 = CARTESIAN_POINT ( 'NONE',  ( 0.000000000000000000, 0.1874999999999999167, 0.8750000000000001110 ) ) ;
#195 = CARTESIAN_POINT ( 'NONE',  ( -0.1474514531114621274, -0.08498570275245212469, 0.8750000000000001110 ) ) ;
#196 = B_SPLINE_CURVE_WITH_KNOTS ( 'NONE', 3,
 ( #1473, #5378, #266, #3193, #4488, #4095, #2417, #2363, #4461, #4065, #4435, #237, #1580, #4020, #2860, #3215, #316, #3290 ),
 .UNSPECIFIED., .F., .F.,
 ( 4, 2, 2, 2, 2, 2, 2, 2, 4 ),
 ( 1.496572750670400353E-17, 0.0006301982100068515349, 0.001260396420013688108, 0.001890594630020524898, 0.002520792840027361471, 0.003150991050034198694, 0.003781189260041035918, 0.004411387470047872274, 0.005041585680054709931 ),
 .UNSPECIFIED. ) ;
#197 = CARTESIAN_POINT ( 'NONE',  ( -0.1018028909699977835, -2.837076697229831808E-19, 0.6026785714236072566 ) ) ;
#198 = CARTESIAN_POINT ( 'NONE',  ( 0.000000000000000000, 2.561107494060246767E-17, 0.7578125000000000000 ) ) ;
#199 = CARTESIAN_POINT ( 'NONE',  ( -0.07198551454928017734, -0.07198551454928020510, 0.4955357142816071425 ) ) ;
#200 = CARTESIAN_POINT ( 'NONE',  ( -0.1249999999999999861, -0.05177669529663694176, 0.3683035714256250315 ) ) ;
#201 = CARTESIAN_POINT ( 'NONE',  ( -0.1018028909699977835, -0.04216813812856272381, 0.1406249999987321808 ) ) ;
#202 = EDGE_CURVE ( 'NONE', #518, #3114, #155, .T. ) ;
#203 = CARTESIAN_POINT ( 'NONE',  ( 0.08498570275243588767, -0.1474514531114731186, 0.8750000000000001110 ) ) ;
#204 = CARTESIAN_POINT ( 'NONE',  ( 0.07198551454928019122, 0.07198551454928003857, 0.1964285714268571292 ) ) ;
#205 = CARTESIAN_POINT ( 'NONE',  ( -0.04216813812856259891, -0.1018028909699979223, 0.1406249999987321808 ) ) ;
#206 = CARTESIAN_POINT ( 'NONE',  ( 0.1018028909699977835, -1.161992550632727887E-16, 0.2946428571403571506 ) ) ;
#207 = FACE_OUTER_BOUND ( 'NONE', #4178, .T. ) ;
#208 = CARTESIAN_POINT ( 'NONE',  ( -0.1826198767988361782, -0.04907772850198707099, 0.6343750000000000222 ) ) ;
#209 = CIRCLE ( 'NONE', #558, 0.09821428571449992984 ) ;
#210 = ADVANCED_FACE ( 'NONE', ( #2390 ), #5353, .F. ) ;
#211 = CARTESIAN_POINT ( 'NONE',  ( -0.08838834764831843271, -0.08838834764831843271, 0.5848214285667500123 ) ) ;
#212 = AXIS2_PLACEMENT_3D ( 'NONE', #198, #2774, #4424 ) ;
#213 = EDGE_LOOP ( 'NONE', ( #285, #85, #2045, #247 ) ) ;
#214 = CARTESIAN_POINT ( 'NONE',  ( -0.08968195723104271933, -0.1556566722342941078, 0.6250000000000001110 ) ) ;
#215 = CARTESIAN_POINT ( 'NONE',  ( -0.1250000000000000000, -0.05177669529663694176, 0.3727678571395892093 ) ) ;
#216 = CARTESIAN_POINT ( 'NONE',  ( 0.1018028909699977697, 0.04216813812856250177, 0.2968749999974821252 ) ) ;
#217 = CARTESIAN_POINT ( 'NONE',  ( 0.000000000000000000, 0.1249999999999999306, 0.4687499999959642838 ) ) ;
#218 = ORIENTED_EDGE ( 'NONE', *, *, #369, .F. ) ;
#219 = CARTESIAN_POINT ( 'NONE',  ( 0.03641221340486558433, -0.09529993045011736497, 0.003588605255498061430 ) ) ;
#220 = CARTESIAN_POINT ( 'NONE',  ( 0.05177669529663696951, 0.1249999999999999167, 0.4665178571388393092 ) ) ;
#221 = CARTESIAN_POINT ( 'NONE',  ( -0.1249999999999999861, 0.05177669529663669890, 0.01116071428533923875 ) ) ;
#222 = PERSON_AND_ORGANIZATION ( #2700, #4611 ) ;
#223 = CARTESIAN_POINT ( 'NONE',  ( 0.1249999999999999584, -0.05177669529663698339, 0.5245535714243749759 ) ) ;
#224 = LINE ( 'NONE', #1910, #1706 ) ;
#225 = CARTESIAN_POINT ( 'NONE',  ( 0.1643578891111031060, -0.04416995567075076429, 0.8750000000000001110 ) ) ;
#226 = ADVANCED_BREP_SHAPE_REPRESENTATION ( '92196A319_18-8 Stainless Steel Socket Head Screw_92196A319_sldprt', ( #24, #2077 ), #3060 ) ;
#227 = CARTESIAN_POINT ( 'NONE',  ( 0.04216813812856255728, -0.1018028909699978113, 0.5781249999952320362 ) ) ;
#228 = CARTESIAN_POINT ( 'NONE',  ( 0.08838834764831843271, 0.08838834764831828006, 0.2455357142837499840 ) ) ;
#229 = CARTESIAN_POINT ( 'NONE',  ( 0.1018028909699977558, 0.04216813812856255728, 0.4754464285674820379 ) ) ;
#230 = CARTESIAN_POINT ( 'NONE',  ( 0.04216813812856255728, -0.1018028909699979917, 0.1138392857132321384 ) ) ;
#231 = CARTESIAN_POINT ( 'NONE',  ( -0.1349437795129976581, 0.1037047591374620215, 0.8750000000000001110 ) ) ;
#232 = CARTESIAN_POINT ( 'NONE',  ( 0.07198551454928019122, 0.07198551454928002469, 0.1607142857128571189 ) ) ;
#233 = EDGE_CURVE ( 'NONE', #1316, #1041, #1071, .T. ) ;
#234 = CARTESIAN_POINT ( 'NONE',  ( -0.04216813812856257809, 0.1018028909699976031, 0.05580357142798209047 ) ) ;
#235 = CARTESIAN_POINT ( 'NONE',  ( 0.1349256775390723639, -0.1037268387249004747, 0.8750000000000005551 ) ) ;
#236 = CARTESIAN_POINT ( 'NONE',  ( -0.04216813812856259891, -0.1018028909699978529, 0.3906249999967321695 ) ) ;
#237 = CARTESIAN_POINT ( 'NONE',  ( 0.1011843965655226940, -0.06066390133543127228, 0.01948046777431478374 ) ) ;
#238 = DIRECTION ( 'NONE',  ( -0.000000000000000000, -0.000000000000000000, 1.000000000000000000 ) ) ;
#239 = CARTESIAN_POINT ( 'NONE',  ( 0.1051882938682729141, 9.845268314075999542E-13, 0.006974008153773087436 ) ) ;
#240 =( BOUNDED_CURVE ( )  B_SPLINE_CURVE ( 2, ( #5084, #1765, #3954, #5248, #2743, #2768, #3599, #3199, #5274 ),
 .UNSPECIFIED., .F., .T. ) 
 B_SPLINE_CURVE_WITH_KNOTS ( ( 3, 2, 2, 2, 3 ),
 ( 0.3815789473684210731, 0.3881578947368420907, 0.3947368421052631637, 0.4013157894736842368, 0.4078947368421052544 ),
 .UNSPECIFIED. ) 
 CURVE ( )  GEOMETRIC_REPRESENTATION_ITEM ( )  RATIONAL_B_SPLINE_CURVE ( ( 1.000000000000000000, 0.9238795325112867385, 1.000000000000000000, 0.9238795325112867385, 1.000000000000000000, 0.9238795325112867385, 1.000000000000000000, 0.9238795325112867385, 1.000000000000000000 ) ) 
 REPRESENTATION_ITEM ( '' )  );
#241 = EDGE_CURVE ( 'NONE', #1419, #5029, #1900, .T. ) ;
#242 = CARTESIAN_POINT ( 'NONE',  ( -0.1499375328083491221, 0.1152275101366061066, 0.6343750000000000222 ) ) ;
#243 = CARTESIAN_POINT ( 'NONE',  ( 0.000000000000000000, 0.1249999999999997918, 0.07142857142799996506 ) ) ;
#244 = CARTESIAN_POINT ( 'NONE',  ( -0.1018028909699977835, -0.04216813812856268218, 0.2433035714264821514 ) ) ;
#245 = CARTESIAN_POINT ( 'NONE',  ( 0.08838834764831840496, -0.08838834764831846047, 0.4910714285672143631 ) ) ;
#246 = CARTESIAN_POINT ( 'NONE',  ( 0.07198551454928019122, 0.07198551454928012183, 0.4821428571388571283 ) ) ;
#247 = ORIENTED_EDGE ( 'NONE', *, *, #3727, .F. ) ;
#248 = AXIS2_PLACEMENT_3D ( 'NONE', #3501, #972, #75 ) ;
#249 = ORIENTED_EDGE ( 'NONE', *, *, #4361, .T. ) ;
#250 = CARTESIAN_POINT ( 'NONE',  ( -0.1152275099952965315, 0.1499375329496587250, 0.8562500000000000666 ) ) ;
#251 = CARTESIAN_POINT ( 'NONE',  ( -0.08838834764831843271, -0.08838834764831858537, 0.05357142857071428566 ) ) ;
#252 = PERSON_AND_ORGANIZATION_ROLE ( 'design_owner' ) ;
#253 = CARTESIAN_POINT ( 'NONE',  ( -0.08838834764831843271, 0.08838834764831843271, 0.5803571428522142917 ) ) ;
#254 = DIRECTION ( 'NONE',  ( -1.000000000000000000, 0.000000000000000000, 0.000000000000000000 ) ) ;
#255 = FACE_OUTER_BOUND ( 'NONE', #354, .T. ) ;
#256 = CARTESIAN_POINT ( 'NONE',  ( -1.246725845703547748E-17, -0.1018028909699978113, 0.4999999999958571473 ) ) ;
#257 = CARTESIAN_POINT ( 'NONE',  ( 0.1249999999999999584, -1.784773838630970610E-16, 0.09821428571350000747 ) ) ;
#258 = CARTESIAN_POINT ( 'NONE',  ( 0.1249999999999999584, -0.05177669529663701808, 0.3816964285683750457 ) ) ;
#259 = CARTESIAN_POINT ( 'NONE',  ( 0.000000000000000000, 0.1018028909699976170, 0.05803571428510709979 ) ) ;
#260 = CARTESIAN_POINT ( 'NONE',  ( -0.1687499999999999001, -0.02208932314516313944, 0.8750000000000001110 ) ) ;
#261 = CARTESIAN_POINT ( 'NONE',  ( -0.07198551454928017734, -0.07198551454928023285, 0.3928571428538571442 ) ) ;
#262 = CARTESIAN_POINT ( 'NONE',  ( -0.07198551454928017734, -0.07198551454928023285, 0.3928571428538571442 ) ) ;
#263 = CARTESIAN_POINT ( 'NONE',  ( 0.000000000000000000, 0.1018028909699976448, 0.1607142857128570912 ) ) ;
#264 = CARTESIAN_POINT ( 'NONE',  ( 0.1249999999999999584, 0.05177669529663683767, 0.4263392857105893219 ) ) ;
#265 = CARTESIAN_POINT ( 'NONE',  ( -0.04216813812856257809, 0.1018028909699977419, 0.3772321428539820998 ) ) ;
#266 = CARTESIAN_POINT ( 'NONE',  ( 3.179039690935585153E-05, -0.1041943225024489633, 0.005658120618307465981 ) ) ;
#267 = CARTESIAN_POINT ( 'NONE',  ( 0.000000000000000000, 7.549139889267777477E-20, 0.000000000000000000 ) ) ;
#268 = CARTESIAN_POINT ( 'NONE',  ( -0.1250000000000000000, 0.05177669529663676828, 0.2611607142833392570 ) ) ;
#269 = CARTESIAN_POINT ( 'NONE',  ( -0.1249999999999999584, -5.819874906405726563E-17, 0.4017857142824999839 ) ) ;
#270 = CARTESIAN_POINT ( 'NONE',  ( 0.1874999999999999167, 0.02454369240633530111, 0.6343750000000000222 ) ) ;
#271 = CARTESIAN_POINT ( 'NONE',  ( -0.04216813812856257115, 0.1018028909699976725, 0.2700892857119820967 ) ) ;
#272 = CARTESIAN_POINT ( 'NONE',  ( 0.08838834764831843271, 0.08838834764831837720, 0.5357142857097142441 ) ) ;
#273 = CARTESIAN_POINT ( 'NONE',  ( -0.1018028909699977835, -0.04216813812856262667, 0.4620535714247321901 ) ) ;
#274 = CARTESIAN_POINT ( 'NONE',  ( 0.08838834764831843271, 0.08838834764831829394, 0.2857142857117142554 ) ) ;
#275 = CARTESIAN_POINT ( 'NONE',  ( 0.1249999999999999584, -1.771588182040585741E-16, 0.1026785714274642686 ) ) ;
#276 = PERSON_AND_ORGANIZATION ( #2700, #4611 ) ;
#277 = CARTESIAN_POINT ( 'NONE',  ( 0.02003947618035035669, -0.1212424997613385097, 0.02453080900008748622 ) ) ;
#278 = EDGE_CURVE ( 'NONE', #2068, #2701, #4096, .T. ) ;
#279 = CARTESIAN_POINT ( 'NONE',  ( -0.1643578891110971663, -0.04416995567076513474, 0.8750000000000001110 ) ) ;
#280 = CARTESIAN_POINT ( 'NONE',  ( -0.03899397011127268831, 0.08573999633253956421, 0.8666207643691721252 ) ) ;
#281 = CARTESIAN_POINT ( 'NONE',  ( -0.04216813812856259891, -0.1018028909699977697, 0.6049107142807320647 ) ) ;
#282 = CARTESIAN_POINT ( 'NONE',  ( 0.08838834764831843271, 0.08838834764831830781, 0.3526785714257500426 ) ) ;
#283 = CARTESIAN_POINT ( 'NONE',  ( 0.04216813812856255728, -0.1018028909699979917, 0.07812499999923215588 ) ) ;
#284 = CARTESIAN_POINT ( 'NONE',  ( 0.1474514531114655969, 0.08498570275245494188, 0.8750000000000001110 ) ) ;
#285 = ORIENTED_EDGE ( 'NONE', *, *, #2484, .T. ) ;
#286 = CARTESIAN_POINT ( 'NONE',  ( -1.246725845703547748E-17, -0.1018028909699978529, 0.3973214285681072044 ) ) ;
#287 = CARTESIAN_POINT ( 'NONE',  ( 0.04216813812856263360, 0.1018028909699976725, 0.2656249999977320919 ) ) ;
#288 = CARTESIAN_POINT ( 'NONE',  ( 0.08496052921695110283, -0.1474649246648554179, 0.8750000000000001110 ) ) ;
#289 = CARTESIAN_POINT ( 'NONE',  ( -0.1018028909699977697, 0.04216813812856249483, 0.3102678571402321395 ) ) ;
#290 = CARTESIAN_POINT ( 'NONE',  ( 0.000000000000000000, 0.1249999999999999029, 0.3973214285679642632 ) ) ;
#291 = DIRECTION ( 'NONE',  ( -0.000000000000000000, -0.000000000000000000, 1.000000000000000000 ) ) ;
#292 = VECTOR ( 'NONE', #2886, 39.37007874015748143 ) ;
#293 = VERTEX_POINT ( 'NONE', #4932 ) ;
#294 = CARTESIAN_POINT ( 'NONE',  ( -0.1724026438760968283, -0.04624848473726594217, 0.6250000000000000000 ) ) ;
#295 = VERTEX_POINT ( 'NONE', #1530 ) ;
#296 = CARTESIAN_POINT ( 'NONE',  ( 0.1018028909699977835, -1.267477803362558746E-16, 0.2589285714263571681 ) ) ;
#297 = CARTESIAN_POINT ( 'NONE',  ( 0.08838834764831840496, -0.08838834764831844659, 0.5624999999952143837 ) ) ;
#298 = CARTESIAN_POINT ( 'NONE',  ( -0.04216813812856259891, -0.1018028909699978252, 0.4665178571389821949 ) ) ;
#299 = ORIENTED_EDGE ( 'NONE', *, *, #4936, .T. ) ;
#300 = VECTOR ( 'NONE', #321, 39.37007874015748143 ) ;
#301 = CARTESIAN_POINT ( 'NONE',  ( 0.08838834764831840496, -0.08838834764831852986, 0.3080357142832500505 ) ) ;
#302 =( BOUNDED_CURVE ( )  B_SPLINE_CURVE ( 2, ( #3006, #3031, #62, #3465, #1756, #4159, #1206, #2927, #787 ),
 .UNSPECIFIED., .F., .F. ) 
 B_SPLINE_CURVE_WITH_KNOTS ( ( 3, 2, 2, 2, 3 ),
 ( 0.3289473684210526550, 0.3355263157894736725, 0.3421052631578947456, 0.3486842105263157632, 0.3552631578947368363 ),
 .UNSPECIFIED. ) 
 CURVE ( )  GEOMETRIC_REPRESENTATION_ITEM ( )  RATIONAL_B_SPLINE_CURVE ( ( 1.000000000000000000, 0.9238795325112867385, 1.000000000000000000, 0.9238795325112867385, 1.000000000000000000, 0.9238795325112867385, 1.000000000000000000, 0.9238795325112867385, 1.000000000000000000 ) ) 
 REPRESENTATION_ITEM ( '' )  );
#303 = ADVANCED_FACE ( 'NONE', ( #1142 ), #2861, .T. ) ;
#304 = CARTESIAN_POINT ( 'NONE',  ( -0.08838834764831843271, 0.08838834764831836333, 0.4330357142822500172 ) ) ;
#305 = CARTESIAN_POINT ( 'NONE',  ( -0.08838834764831843271, -0.08838834764831844659, 0.5133928571387500472 ) ) ;
#306 = DIRECTION ( 'NONE',  ( -1.000000000000000000, 0.000000000000000000, 0.000000000000000000 ) ) ;
#307 = CARTESIAN_POINT ( 'NONE',  ( 0.000000000000000000, -1.845237008797876145E-16, 0.6071428571430000920 ) ) ;
#308 = ORIENTED_EDGE ( 'NONE', *, *, #3198, .T. ) ;
#309 = CARTESIAN_POINT ( 'NONE',  ( 0.08838834764831843271, 0.08838834764831832169, 0.3571428571397142759 ) ) ;
#310 = CARTESIAN_POINT ( 'NONE',  ( -0.07198551454928017734, -0.07198551454928028837, 0.2142857142838571760 ) ) ;
#311 = CARTESIAN_POINT ( 'NONE',  ( 0.04416995567078190604, -0.1643578891110859252, 0.8750000000000001110 ) ) ;
#312 = CARTESIAN_POINT ( 'NONE',  ( 0.04216813812856255728, -0.1018028909699978668, 0.3638392857112321410 ) ) ;
#313 = CARTESIAN_POINT ( 'NONE',  ( 0.1018028909699977558, 0.04216813812856250870, 0.3370535714257320570 ) ) ;
#314 = CARTESIAN_POINT ( 'NONE',  ( -0.1018028909699977697, -0.04216813812856267524, 0.2790178571404821617 ) ) ;
#315 = CARTESIAN_POINT ( 'NONE',  ( -0.07198551454928017734, -0.07198551454928020510, 0.4598214285676071600 ) ) ;
#316 = CARTESIAN_POINT ( 'NONE',  ( 0.1241575849525338865, -0.008258840030251386397, 0.02594329923803422380 ) ) ;
#318 = CARTESIAN_POINT ( 'NONE',  ( 0.000000000000000000, 7.549139889267777477E-20, 0.000000000000000000 ) ) ;
#317 = UNCERTAINTY_MEASURE_WITH_UNIT (LENGTH_MEASURE( 1.000000000000000082E-05 ), #2745, 'distance_accuracy_value', 'NONE');
#319 = CYLINDRICAL_SURFACE ( 'NONE', #1645, 0.1249999999999999306 ) ;
#320 = ORIENTED_EDGE ( 'NONE', *, *, #1207, .F. ) ;
#321 = DIRECTION ( 'NONE',  ( 0.8691393602967893983, -1.064388735600441337E-16, 0.4945672576939234011 ) ) ;
#322 = ORIENTED_EDGE ( 'NONE', *, *, #2261, .T. ) ;
#323 = CARTESIAN_POINT ( 'NONE',  ( -0.04216813812856257115, 0.1018028909699976448, 0.2343749999979820864 ) ) ;
#324 = CARTESIAN_POINT ( 'NONE',  ( 0.1249999999999999584, -0.05177669529663697645, 0.5647321428523394138 ) ) ;
#325 = CARTESIAN_POINT ( 'NONE',  ( 0.03253484859341334440, 0.09646404634294024338, 0.5919107288575043979 ) ) ;
#326 = CARTESIAN_POINT ( 'NONE',  ( -0.1249999999999999584, -1.412683855888832318E-16, 0.1205357142844642598 ) ) ;
#327 = CARTESIAN_POINT ( 'NONE',  ( -0.08970713070317343218, 0.1556432004982573891, 0.6250000000000000000 ) ) ;
#328 = CARTESIAN_POINT ( 'NONE',  ( 0.09442855861381790894, -0.1638349479016325549, 0.8750000000000001110 ) ) ;
#329 = ADVANCED_FACE ( 'NONE', ( #2446 ), #3565, .F. ) ;
#330 = CARTESIAN_POINT ( 'NONE',  ( 0.1018028909699977558, -0.04216813812856266136, 0.5468749999954821694 ) ) ;
#331 =( BOUNDED_CURVE ( )  B_SPLINE_CURVE ( 2, ( #489, #2951, #4602, #815, #2109, #5472, #1673, #3379, #2979 ),
 .UNSPECIFIED., .F., .F. ) 
 B_SPLINE_CURVE_WITH_KNOTS ( ( 3, 2, 2, 2, 3 ),
 ( 0.2763157894736842368, 0.2828947368421052544, 0.2894736842105263275, 0.2960526315789473450, 0.3026315789473684181 ),
 .UNSPECIFIED. ) 
 CURVE ( )  GEOMETRIC_REPRESENTATION_ITEM ( )  RATIONAL_B_SPLINE_CURVE ( ( 1.000000000000000000, 0.9238795325112867385, 1.000000000000000000, 0.9238795325112867385, 1.000000000000000000, 0.9238795325112867385, 1.000000000000000000, 0.9238795325112867385, 1.000000000000000000 ) ) 
 REPRESENTATION_ITEM ( '' )  );
#332 = ORIENTED_EDGE ( 'NONE', *, *, #4217, .T. ) ;
#333 = CARTESIAN_POINT ( 'NONE',  ( -0.08838834764831843271, 0.08838834764831833557, 0.3258928571402500141 ) ) ;
#334 = CARTESIAN_POINT ( 'NONE',  ( 0.07198551454928016347, -0.07198551454928019122, 0.6116071428521071551 ) ) ;
#335 = CARTESIAN_POINT ( 'NONE',  ( -0.1249999999999999584, -1.742325270668708778E-16, 0.008928571428500000837 ) ) ;
#336 = CARTESIAN_POINT ( 'NONE',  ( 0.000000000000000000, 0.1018028909699976586, 0.2366071428551070888 ) ) ;
#337 = CARTESIAN_POINT ( 'NONE',  ( 0.04907772831736512131, -0.1826198768753091728, 0.8562500000000002887 ) ) ;
#338 = VERTEX_POINT ( 'NONE', #4123 ) ;
#339 = CARTESIAN_POINT ( 'NONE',  ( -0.1018028909699977835, -9.522043512657051869E-17, 0.2812499999976071363 ) ) ;
#340 = ORIENTED_EDGE ( 'NONE', *, *, #3683, .F. ) ;
#341 = CARTESIAN_POINT ( 'NONE',  ( -1.246725845703547748E-17, -0.1018028909699978946, 0.2142857142838571760 ) ) ;
#342 = CARTESIAN_POINT ( 'NONE',  ( -0.08838834764831843271, -0.08838834764831844659, 0.5133928571387500472 ) ) ;
#343 = CARTESIAN_POINT ( 'NONE',  ( 0.1152275099952965870, -0.1499375329496587250, 0.6343750000000001332 ) ) ;
#344 = CARTESIAN_POINT ( 'NONE',  ( 0.000000000000000000, 0.1249999999999998612, 0.2544642857119642221 ) ) ;
#345 = CARTESIAN_POINT ( 'NONE',  ( 0.02206091049069402316, 0.1687471874025170959, 0.8750000000000001110 ) ) ;
#346 = ORIENTED_EDGE ( 'NONE', *, *, #2286, .T. ) ;
#347 = CARTESIAN_POINT ( 'NONE',  ( -1.530808498934191201E-17, -0.1250000000000000278, 0.3794642857109643552 ) ) ;
#348 = CARTESIAN_POINT ( 'NONE',  ( 0.1249999999999999445, -0.05177669529663698339, 0.4888392857103749933 ) ) ;
#349 = CARTESIAN_POINT ( 'NONE',  ( -1.246725845703547748E-17, -0.1018028909699978390, 0.4285714285678571267 ) ) ;
#350 = CARTESIAN_POINT ( 'NONE',  ( 0.08838834764831840496, -0.08838834764831843271, 0.5982142857092143107 ) ) ;
#351 = CARTESIAN_POINT ( 'NONE',  ( -0.04216813812856259891, -0.1018028909699977974, 0.5379464285669821599 ) ) ;
#352 = CARTESIAN_POINT ( 'NONE',  ( -0.1018028909699977697, -0.04216813812856274463, 0.02901785714248213133 ) ) ;
#353 = CARTESIAN_POINT ( 'NONE',  ( 0.05177669529663685849, -0.1250000000000001110, 0.3058035714261250759 ) ) ;
#354 = EDGE_LOOP ( 'NONE', ( #5018, #3754, #2920, #2092, #2157, #3998 ) ) ;
#355 = CARTESIAN_POINT ( 'NONE',  ( -0.05177669529663686543, 0.1249999999999998196, 0.1138392857130892111 ) ) ;
#356 = CARTESIAN_POINT ( 'NONE',  ( -1.530808498934191201E-17, -0.1249999999999999861, 0.5535714285670001455 ) ) ;
#357 = CARTESIAN_POINT ( 'NONE',  ( 0.1152275101527381329, -0.1499375327922170820, 0.8750000000000001110 ) ) ;
#358 = CARTESIAN_POINT ( 'NONE',  ( 0.08838834764831843271, 0.08838834764831837720, 0.5357142857097142441 ) ) ;
#359 = CARTESIAN_POINT ( 'NONE',  ( -1.530808498934191201E-17, -0.1250000000000000555, 0.3080357142829643347 ) ) ;
#360 = CARTESIAN_POINT ( 'NONE',  ( -0.04216813812856259891, -0.1018028909699979223, 0.1808035714269821681 ) ) ;
#361 = CARTESIAN_POINT ( 'NONE',  ( 0.1249999999999999584, -1.982558687500246967E-16, 0.03124999999946425494 ) ) ;
#362 = CARTESIAN_POINT ( 'NONE',  ( 0.09442855861381790894, -0.1638349479016325549, 0.8750000000000001110 ) ) ;
#363 = ORIENTED_EDGE ( 'NONE', *, *, #3624, .F. ) ;
#364 = CARTESIAN_POINT ( 'NONE',  ( 0.000000000000000000, 0.1018028909699977280, 0.4508928571391070950 ) ) ;
#365 = CARTESIAN_POINT ( 'NONE',  ( -1.246725845703547748E-17, -0.1018028909699978807, 0.2901785714261071458 ) ) ;
#366 = CARTESIAN_POINT ( 'NONE',  ( -0.02454369240633530458, 0.1874999999999999167, 0.6250000000000000000 ) ) ;
#367 = CARTESIAN_POINT ( 'NONE',  ( 0.1018028909699977558, -0.04216813812856275157, 0.2209821428552321276 ) ) ;
#368 = CARTESIAN_POINT ( 'NONE',  ( -0.08838834764831843271, 0.08838834764831839108, 0.5089285714242142156 ) ) ;
#369 = EDGE_CURVE ( 'NONE', #2809, #1539, #2042, .T. ) ;
#370 = CARTESIAN_POINT ( 'NONE',  ( 0.01530756312513078220, -0.09941534978212364371, 0.7527099789582293310 ) ) ;
#371 = DIRECTION ( 'NONE',  ( -0.000000000000000000, -0.000000000000000000, -1.000000000000000000 ) ) ;
#372 = DIRECTION ( 'NONE',  ( -0.000000000000000000, -0.000000000000000000, -1.000000000000000000 ) ) ;
#373 = CARTESIAN_POINT ( 'NONE',  ( 0.04216813812856255728, -0.1018028909699979501, 0.1495535714272321903 ) ) ;
#374 = EDGE_LOOP ( 'NONE', ( #3428, #5356, #2096, #3888 ) ) ;
#375 = CARTESIAN_POINT ( 'NONE',  ( -0.1250000000000000000, -0.05177669529663692094, 0.4441964285675892854 ) ) ;
#376 = EDGE_CURVE ( 'NONE', #3570, #2876, #5242, .T. ) ;
#377 = CARTESIAN_POINT ( 'NONE',  ( 0.07198551454928019122, 0.07198551454928008020, 0.3705357142826071204 ) ) ;
#378 = CARTESIAN_POINT ( 'NONE',  ( -0.1734888829588906445, 0.04662384207689185267, 0.6250000000000000000 ) ) ;
#379 = DIRECTION ( 'NONE',  ( 0.000000000000000000, 0.000000000000000000, -1.000000000000000000 ) ) ;
#380 = CARTESIAN_POINT ( 'NONE',  ( -0.02454369260617027607, 0.1874999999999999167, 0.8562500000000000666 ) ) ;
#381 = CARTESIAN_POINT ( 'NONE',  ( 0.1018028909699977697, -0.04216813812856280014, 0.04241071428523213865 ) ) ;
#382 = CARTESIAN_POINT ( 'NONE',  ( -1.530808498934191201E-17, -0.1250000000000000555, 0.2366071428549642863 ) ) ;
#383 = CC_DESIGN_APPROVAL ( #432, ( #1531 ) ) ;
#384 = CARTESIAN_POINT ( 'NONE',  ( -0.1638349479016318611, 0.09442855861383726845, 0.8750000000000001110 ) ) ;
#385 = AXIS2_PLACEMENT_3D ( 'NONE', #816, #4661, #848 ) ;
#386 = CARTESIAN_POINT ( 'NONE',  ( -0.1018028909699977835, -1.585115867644688492E-16, 0.06696428571360713011 ) ) ;
#387 = CARTESIAN_POINT ( 'NONE',  ( -0.05177669529663687931, 0.1249999999999998335, 0.1450892857131249603 ) ) ;
#388 = CARTESIAN_POINT ( 'NONE',  ( -0.1018028909699977835, -1.809272029695578421E-16, -0.008928571428642876132 ) ) ;
#389 = CARTESIAN_POINT ( 'NONE',  ( -0.07198551454928017734, 0.07198551454928005244, 0.2053571428553571110 ) ) ;
#390 = DIRECTION ( 'NONE',  ( -1.000000000000000000, 0.000000000000000000, 0.000000000000000000 ) ) ;
#391 = CARTESIAN_POINT ( 'NONE',  ( 0.1499375327922172207, -0.1152275101527379664, 0.8750000000000001110 ) ) ;
#392 = ORIENTED_EDGE ( 'NONE', *, *, #3325, .F. ) ;
#393 = CARTESIAN_POINT ( 'NONE',  ( 0.1018028909699977558, -0.04216813812856268218, 0.4397321428534821108 ) ) ;
#394 = CARTESIAN_POINT ( 'NONE',  ( -0.1018028909699977835, -3.192928348867217581E-17, 0.4955357142816071425 ) ) ;
#395 = CARTESIAN_POINT ( 'NONE',  ( -0.1874999999999999167, 7.549139889267777477E-20, 0.6250000000000000000 ) ) ;
#396 = CARTESIAN_POINT ( 'NONE',  ( -0.04216813812856259891, -0.1018028909699979084, 0.2120535714267321736 ) ) ;
#397 = CARTESIAN_POINT ( 'NONE',  ( 0.000000000000000000, 0.1249999999999999306, 0.5044642857099642663 ) ) ;
#398 = CARTESIAN_POINT ( 'NONE',  ( 0.08838834764831843271, 0.08838834764831829394, 0.2812499999977499665 ) ) ;
#399 = CARTESIAN_POINT ( 'NONE',  ( 0.1249999999999999584, -1.995744344090631835E-16, 0.02678571428550000078 ) ) ;
#400 = CARTESIAN_POINT ( 'NONE',  ( -0.04907772831736506580, -0.1826198768753090618, 0.6343750000000001332 ) ) ;
#401 = CYLINDRICAL_SURFACE ( 'NONE', #2295, 0.1249999999999999306 ) ;
#402 = ADVANCED_FACE ( 'NONE', ( #461 ), #3571, .F. ) ;
#403 = CARTESIAN_POINT ( 'NONE',  ( 0.1018028909699977835, -1.465262652230990775E-16, 0.1919642857126071522 ) ) ;
#404 = VERTEX_POINT ( 'NONE', #752 ) ;
#405 = CARTESIAN_POINT ( 'NONE',  ( 0.1249999999999999306, 1.538357638823458624E-17, 0.000000000000000000 ) ) ;
#406 = CARTESIAN_POINT ( 'NONE',  ( -1.530808498934191201E-17, -0.1250000000000001110, 0.1249999999990000360 ) ) ;
#407 = CARTESIAN_POINT ( 'NONE',  ( -1.246725845703547748E-17, -0.1018028909699978529, 0.3928571428538571997 ) ) ;
#408 = CARTESIAN_POINT ( 'NONE',  ( 0.08970713070317609672, 0.1556432004982472028, 0.6250000000000000000 ) ) ;
#409 = CARTESIAN_POINT ( 'NONE',  ( 0.05177669529663685849, -0.1250000000000001388, 0.1674107142840893236 ) ) ;
#410 = CARTESIAN_POINT ( 'NONE',  ( 0.03253484859341334440, 0.09646404634294024338, 0.5919107288575045089 ) ) ;
#411 = CARTESIAN_POINT ( 'NONE',  ( -0.05177669529663686543, 0.1249999999999998612, 0.2566964285690892522 ) ) ;
#412 = CARTESIAN_POINT ( 'NONE',  ( -0.02454369238353786009, -0.1874999999999999445, 0.8562500000000000666 ) ) ;
#413 =( BOUNDED_CURVE ( )  B_SPLINE_CURVE ( 2, ( #1298, #5, #1333, #2210, #3872, #387, #2086, #5448, #3815 ),
 .UNSPECIFIED., .F., .F. ) 
 B_SPLINE_CURVE_WITH_KNOTS ( ( 3, 2, 2, 2, 3 ),
 ( 0.1973684210526315819, 0.2039473684210526272, 0.2105263157894736725, 0.2171052631578947456, 0.2236842105263157909 ),
 .UNSPECIFIED. ) 
 CURVE ( )  GEOMETRIC_REPRESENTATION_ITEM ( )  RATIONAL_B_SPLINE_CURVE ( ( 1.000000000000000000, 0.9238795325112867385, 1.000000000000000000, 0.9238795325112867385, 1.000000000000000000, 0.9238795325112867385, 1.000000000000000000, 0.9238795325112867385, 1.000000000000000000 ) ) 
 REPRESENTATION_ITEM ( '' )  );
#414 = CARTESIAN_POINT ( 'NONE',  ( -0.07198551454928017734, -0.07198551454928031612, 0.1071428571418571590 ) ) ;
#415 = CARTESIAN_POINT ( 'NONE',  ( 0.1249999999999999584, -1.455132423851094150E-16, 0.2098214285694642578 ) ) ;
#416 = CARTESIAN_POINT ( 'NONE',  ( -0.04216813812856257809, 0.1018028909699976170, 0.09151785714198211463 ) ) ;
#417 = CARTESIAN_POINT ( 'NONE',  ( -0.1018028909699977697, 0.04216813812856251564, 0.4174107142822321426 ) ) ;
#418 = CARTESIAN_POINT ( 'NONE',  ( 0.1249999999999999722, 0.05177669529663683767, 0.4218749999966249775 ) ) ;
#419 = CARTESIAN_POINT ( 'NONE',  ( -0.1018028909699977835, -1.057689603995535676E-16, 0.2455357142836070983 ) ) ;
#420 = CARTESIAN_POINT ( 'NONE',  ( 0.08838834765301230301, -0.08838834764362474283, 0.02678571428550045527 ) ) ;
#421 = AXIS2_PLACEMENT_3D ( 'NONE', #5240, #153, #4746 ) ;
#422 = CARTESIAN_POINT ( 'NONE',  ( -0.09442855861383470106, 0.1638349479016229793, 0.8750000000000001110 ) ) ;
#423 = CARTESIAN_POINT ( 'NONE',  ( -0.1018028909699977697, -0.04216813812856261973, 0.4620535714247321346 ) ) ;
#424 = VECTOR ( 'NONE', #2505, 39.37007874015748143 ) ;
#425 = CARTESIAN_POINT ( 'NONE',  ( 0.1018028909699977558, 0.04216813812856253646, 0.4084821428537320220 ) ) ;
#426 = CARTESIAN_POINT ( 'NONE',  ( 0.08838834764831840496, -0.08838834764831850210, 0.4151785714252500537 ) ) ;
#427 = VERTEX_POINT ( 'NONE', #3825 ) ;
#428 = CARTESIAN_POINT ( 'NONE',  ( -0.07198551454928017734, -0.07198551454928024673, 0.3526785714256071569 ) ) ;
#429 = CARTESIAN_POINT ( 'NONE',  ( 0.08838834764831840496, -0.08838834764831852986, 0.2723214285692500125 ) ) ;
#430 = CARTESIAN_POINT ( 'NONE',  ( 0.08838834764831840496, -0.08838834764831850210, 0.3482142857112143219 ) ) ;
#431 = FACE_OUTER_BOUND ( 'NONE', #3294, .T. ) ;
#432 = APPROVAL ( #1515, 'UNSPECIFIED' ) ;
#433 = CARTESIAN_POINT ( 'NONE',  ( 0.09375000000000001388, -1.104688082028675513E-16, 0.8666265877365275649 ) ) ;
#434 = CARTESIAN_POINT ( 'NONE',  ( -0.1018028909699977697, -0.04216813812856271687, 0.1049107142847321428 ) ) ;
#435 = LINE ( 'NONE', #4598, #2280 ) ;
#436 = CARTESIAN_POINT ( 'NONE',  ( 0.1018028909699977697, 0.04216813812856251564, 0.3325892857114821077 ) ) ;
#437 = CARTESIAN_POINT ( 'NONE',  ( -1.530808498934191201E-17, -0.1249999999999999584, 0.5937499999949643614 ) ) ;
#438 = CYLINDRICAL_SURFACE ( 'NONE', #3008, 0.1249999999999999306 ) ;
#439 = CARTESIAN_POINT ( 'NONE',  ( -0.02331650778601853519, 0.1781249999999999223, 0.6250000000000000000 ) ) ;
#440 = ORIENTED_EDGE ( 'NONE', *, *, #4953, .F. ) ;
#441 = CARTESIAN_POINT ( 'NONE',  ( 0.1499375329496586695, 0.1152275099952965315, 0.8562500000000000666 ) ) ;
#442 = CARTESIAN_POINT ( 'NONE',  ( -0.1250000000000000000, 0.05177669529663678910, 0.2968749999973392950 ) ) ;
#443 = CARTESIAN_POINT ( 'NONE',  ( -0.05177669529663687931, -0.1250000000000000555, 0.2700892857118393220 ) ) ;
#444 = CARTESIAN_POINT ( 'NONE',  ( 0.05177669529663697645, 0.1249999999999999167, 0.5691964285668749124 ) ) ;
#445 = EDGE_CURVE ( 'NONE', #3114, #2411, #806, .T. ) ;
#446 = CARTESIAN_POINT ( 'NONE',  ( -0.02208932314516315332, 0.1687499999999999001, 0.8750000000000001110 ) ) ;
#447 = CARTESIAN_POINT ( 'NONE',  ( 0.04216813812856255728, -0.1018028909699977835, 0.6138392857092322963 ) ) ;
#448 = CARTESIAN_POINT ( 'NONE',  ( 0.000000000000000000, 0.1249999999999998751, 0.3258928571399642427 ) ) ;
#449 = CARTESIAN_POINT ( 'NONE',  ( 0.1018028909699977558, 0.04216813812856241850, 0.01116071428548211231 ) ) ;
#450 = FACE_OUTER_BOUND ( 'NONE', #5407, .T. ) ;
#451 = CARTESIAN_POINT ( 'NONE',  ( -0.07198551454928017734, -0.07198551454928019122, 0.5312499999956071806 ) ) ;
#452 = ADVANCED_FACE ( 'NONE', ( #3370 ), #4649, .T. ) ;
#453 = CARTESIAN_POINT ( 'NONE',  ( -0.04216813812856259891, -0.1018028909699978252, 0.4308035714249821568 ) ) ;
#454 = DIRECTION ( 'NONE',  ( -1.000000000000000000, 0.000000000000000000, 0.000000000000000000 ) ) ;
#455 = CARTESIAN_POINT ( 'NONE',  ( -0.1152275101527342471, -0.1499375327922209400, 0.8562500000000000666 ) ) ;
#456 = CARTESIAN_POINT ( 'NONE',  ( -0.1018028909699977835, -3.192928348867217581E-17, 0.4955357142816071425 ) ) ;
#457 = CARTESIAN_POINT ( 'NONE',  ( -0.04216813812856257809, 0.1018028909699977558, 0.5245535714242320902 ) ) ;
#458 = CARTESIAN_POINT ( 'NONE',  ( -0.08080518053392149458, -0.07657735247339041151, 0.5971819319866296105 ) ) ;
#459 = CARTESIAN_POINT ( 'NONE',  ( -0.1018028909699977697, -0.04216813812856265442, 0.3504464285684821823 ) ) ;
#460 = CARTESIAN_POINT ( 'NONE',  ( -0.08838834764831843271, 0.08838834764831825230, 0.04017857142824997341 ) ) ;
#461 = FACE_OUTER_BOUND ( 'NONE', #3543, .T. ) ;
#462 = CARTESIAN_POINT ( 'NONE',  ( 0.1249999999999999306, 1.538357638823458624E-17, 0.000000000000000000 ) ) ;
#463 = CARTESIAN_POINT ( 'NONE',  ( 0.07198551454928016347, -0.07198551454928037163, 0.008928571428357146358 ) ) ;
#464 = CARTESIAN_POINT ( 'NONE',  ( -0.1018028909699977835, -4.379637442077811356E-17, 0.4553571428533570997 ) ) ;
#465 = CARTESIAN_POINT ( 'NONE',  ( 0.1249999999999999722, 0.05177669529663687931, 0.5691964285665892520 ) ) ;
#466 = FACE_OUTER_BOUND ( 'NONE', #4981, .T. ) ;
#467 = CARTESIAN_POINT ( 'NONE',  ( -0.1249999999999999584, -5.688018340501877876E-17, 0.4062499999964642172 ) ) ;
#468 = CARTESIAN_POINT ( 'NONE',  ( 0.05177669529663685849, -0.1250000000000001388, 0.1316964285700892856 ) ) ;
#469 = CARTESIAN_POINT ( 'NONE',  ( -0.1018028909699977697, -0.04216813812856258503, 0.6049107142807320647 ) ) ;
#470 = ADVANCED_FACE ( 'NONE', ( #431 ), #4152, .T. ) ;
#471 = CARTESIAN_POINT ( 'NONE',  ( 0.1249999999999999584, -1.138676665661602559E-16, 0.3169642857114642887 ) ) ;
#472 = CARTESIAN_POINT ( 'NONE',  ( 0.1018028909699977558, -0.04216813812856282789, 0.006696428571232137042 ) ) ;
#473 = CARTESIAN_POINT ( 'NONE',  ( 0.07198551454928016347, -0.07198551454928024673, 0.4330357142821071870 ) ) ;
#474 = CARTESIAN_POINT ( 'NONE',  ( 0.1018028909699977697, -0.04216813812856270993, 0.4040178571394821283 ) ) ;
#475 = CARTESIAN_POINT ( 'NONE',  ( -0.06271835715228450681, 0.07204271508805253077, 0.7502323921391044204 ) ) ;
#476 = CARTESIAN_POINT ( 'NONE',  ( -0.02454369238351461827, 0.1874999999999999167, 0.8562500000000000666 ) ) ;
#477 = VECTOR ( 'NONE', #1159, 39.37007874015748143 ) ;
#478 = CARTESIAN_POINT ( 'NONE',  ( -0.07198551454928017734, 0.07198551454928013571, 0.4910714285673570823 ) ) ;
#479 = DIRECTION ( 'NONE',  ( -0.7071067811865436870, 8.659560562354886020E-17, 0.7071067811865513475 ) ) ;
#480 = CARTESIAN_POINT ( 'NONE',  ( -0.04216813812856259891, -0.1018028909699978529, 0.3906249999967321695 ) ) ;
#481 =( BOUNDED_CURVE ( )  B_SPLINE_CURVE ( 2, ( #4384, #987, #211, #1031, #3110, #5214, #2232, #590, #3490 ),
 .UNSPECIFIED., .F., .F. ) 
 B_SPLINE_CURVE_WITH_KNOTS ( ( 3, 2, 2, 2, 3 ),
 ( 0.8552631578947368363, 0.8618421052631578538, 0.8684210526315789824, 0.8750000000000000000, 0.8815789473684210176 ),
 .UNSPECIFIED. ) 
 CURVE ( )  GEOMETRIC_REPRESENTATION_ITEM ( )  RATIONAL_B_SPLINE_CURVE ( ( 1.000000000000000000, 0.9238795325112867385, 1.000000000000000000, 0.9238795325112867385, 1.000000000000000000, 0.9238795325112867385, 1.000000000000000000, 0.9238795325112867385, 1.000000000000000000 ) ) 
 REPRESENTATION_ITEM ( '' )  );
#482 = FACE_OUTER_BOUND ( 'NONE', #2775, .T. ) ;
#483 = CARTESIAN_POINT ( 'NONE',  ( -0.1249999999999999584, -6.874727433704032688E-17, 0.3660714285685000013 ) ) ;
#484 = ORIENTED_EDGE ( 'NONE', *, *, #5134, .T. ) ;
#485 = CARTESIAN_POINT ( 'NONE',  ( 0.1018028909699977835, -1.992688915880143591E-16, 0.01339285714260712509 ) ) ;
#486 = CARTESIAN_POINT ( 'NONE',  ( 0.04216813812856255728, -0.1018028909699979501, 0.1808035714269821681 ) ) ;
#487 = CARTESIAN_POINT ( 'NONE',  ( 0.04216813812856255728, -0.1018028909699978113, 0.5736607142809820870 ) ) ;
#488 = CARTESIAN_POINT ( 'NONE',  ( 0.1874999999999999167, 0.02454369240633530111, 0.6343750000000000222 ) ) ;
#489 = CARTESIAN_POINT ( 'NONE',  ( -0.1249999999999999584, -1.214899007019556208E-16, 0.1874999999984999777 ) ) ;
#490 = ORIENTED_EDGE ( 'NONE', *, *, #4828, .T. ) ;
#491 = CARTESIAN_POINT ( 'NONE',  ( -0.1874999999999999167, 1.155655514089910824E-17, 0.8562500000000000666 ) ) ;
#492 = CYLINDRICAL_SURFACE ( 'NONE', #4609, 0.1249999999999999306 ) ;
#493 = CARTESIAN_POINT ( 'NONE',  ( 0.08838834764831843271, 0.08838834764831828006, 0.1785714285697142523 ) ) ;
#494 = CC_DESIGN_DATE_AND_TIME_ASSIGNMENT ( #1487, #3201, ( #1405 ) ) ;
#495 = CARTESIAN_POINT ( 'NONE',  ( -0.1499375327922185530, 0.1152275101527366202, 0.8562500000000000666 ) ) ;
#496 = DIRECTION ( 'NONE',  ( -0.000000000000000000, -0.000000000000000000, -1.000000000000000000 ) ) ;
#497 = CARTESIAN_POINT ( 'NONE',  ( 0.000000000000000000, 0.1018028909699976309, 0.08928571428485709838 ) ) ;
#498 = CARTESIAN_POINT ( 'NONE',  ( -0.04216813812856259891, -0.1018028909699978529, 0.3950892857109821188 ) ) ;
#499 = CYLINDRICAL_SURFACE ( 'NONE', #2448, 0.1249999999999999306 ) ;
#500 = EDGE_CURVE ( 'NONE', #1955, #1539, #1700, .T. ) ;
#501 = CARTESIAN_POINT ( 'NONE',  ( -0.05352897013890017125, 0.09937157576002213222, 0.01442524457882160202 ) ) ;
#502 = VERTEX_POINT ( 'NONE', #5065 ) ;
#503 = CARTESIAN_POINT ( 'NONE',  ( -0.1018028909699977835, -5.302633403463828599E-17, 0.4241071428536071775 ) ) ;
#504 = CARTESIAN_POINT ( 'NONE',  ( 0.08838834764831843271, 0.08838834764831822455, 0.06696428571374997418 ) ) ;
#505 = CARTESIAN_POINT ( 'NONE',  ( -0.04216813812856259891, -0.1018028909699978668, 0.3549107142827321315 ) ) ;
#506 = CARTESIAN_POINT ( 'NONE',  ( -0.1250000000000000000, -0.05177669529663694176, 0.3683035714256250315 ) ) ;
#507 = CARTESIAN_POINT ( 'NONE',  ( 0.08838834764831843271, 0.08838834764831830781, 0.3526785714257500426 ) ) ;
#508 = AXIS2_PLACEMENT_3D ( 'NONE', #3855, #4788, #3078 ) ;
#509 = CARTESIAN_POINT ( 'NONE',  ( -0.1018028909699977697, 0.04216813812856249483, 0.3147321428544820887 ) ) ;
#510 = CARTESIAN_POINT ( 'NONE',  ( -0.04216813812856257809, 0.1018028909699975892, -0.01116071428576790973 ) ) ;
#511 =( BOUNDED_SURFACE ( )  B_SPLINE_SURFACE ( 2, 3, ( 
 ( #4237, #4626, #378, #5074, #2540, #1293, #3758, #1672, #3407, #4185, #5506, #408, #814, #1205, #1642, #2169, #3352, #3005, #5016, #2108, #4577, #3833, #843, #4656, #786, #1732, #2601, #1261, #3434, #3780, #1231, #5044, #873, #2256 ),
 ( #3083, #1351, #4796, #152, #4722, #1811, #962, #3970, #1423, #3917, #5213, #182, #123, #514, #1009, #1871, #1755, #1841, #1401, #3513, #3564, #5239, #1451, #4352, #2735, #3109, #4322, #589, #61, #3541, #4770, #4293, #5186, #986 ),
 ( #567, #3162, #2709, #4383, #90, #2279, #3948, #3058, #2231, #3136, #2304, #3489, #3895, #4820, #2628, #4265, #488, #2200, #1784, #3862, #933, #3464, #5159, #5132, #2658, #1378, #4745, #2683, #539, #3291, #3698, #208, #5379, #1030 ) ),
 .UNSPECIFIED., .F., .T., .T. ) 
 B_SPLINE_SURFACE_WITH_KNOTS ( ( 3, 3 ),
 ( 4, 2, 2, 2, 2, 2, 2, 2, 2, 2, 2, 2, 2, 2, 2, 2, 4 ),
 ( 0.000000000000000000, 1.000000000000000000 ),
 ( 0.000000000000000000, 0.3926990816987241395, 0.7853981633974482790, 1.178097245096172418, 1.570796326794896558, 1.963495408493620697, 2.356194490192344837, 2.748893571891068976, 3.141592653589793116, 3.534291735288517255, 3.926990816987241395, 4.319689898685965090, 4.712388980384689674, 5.105088062083414258, 5.497787143782137953, 5.890486225480861648, 6.283185307179586232 ),
 .UNSPECIFIED. ) 
 GEOMETRIC_REPRESENTATION_ITEM ( )  RATIONAL_B_SPLINE_SURFACE ( (
 ( 1.000000000000000000, 1.000000000000000000, 1.000000000000000000, 1.000000000000000000, 1.000000000000000000, 1.000000000000000000, 1.000000000000000000, 1.000000000000000000, 1.000000000000000000, 1.000000000000000000, 1.000000000000000000, 1.000000000000000000, 1.000000000000000000, 1.000000000000000000, 1.000000000000000000, 1.000000000000000000, 1.000000000000000000, 1.000000000000000000, 1.000000000000000000, 1.000000000000000000, 1.000000000000000000, 1.000000000000000000, 1.000000000000000000, 1.000000000000000000, 1.000000000000000000, 1.000000000000000000, 1.000000000000000000, 1.000000000000000000, 1.000000000000000000, 1.000000000000000000, 1.000000000000000000, 1.000000000000000000, 1.000000000000000000, 1.000000000000000000),
 ( 0.3333333333333334259, 0.3333333333333334259, 0.3333333333333334259, 0.3333333333333334259, 0.3333333333333334259, 0.3333333333333334259, 0.3333333333333334259, 0.3333333333333334259, 0.3333333333333334259, 0.3333333333333334259, 0.3333333333333334259, 0.3333333333333334259, 0.3333333333333334259, 0.3333333333333334259, 0.3333333333333334259, 0.3333333333333334259, 0.3333333333333334259, 0.3333333333333334259, 0.3333333333333334259, 0.3333333333333334259, 0.3333333333333334259, 0.3333333333333334259, 0.3333333333333334259, 0.3333333333333334259, 0.3333333333333334259, 0.3333333333333334259, 0.3333333333333334259, 0.3333333333333334259, 0.3333333333333333148, 0.3333333333333333148, 0.3333333333333334259, 0.3333333333333334259, 0.3333333333333334259, 0.3333333333333334259),
 ( 1.000000000000000000, 1.000000000000000000, 1.000000000000000000, 1.000000000000000000, 1.000000000000000000, 1.000000000000000000, 1.000000000000000000, 1.000000000000000000, 1.000000000000000000, 1.000000000000000000, 1.000000000000000000, 1.000000000000000000, 1.000000000000000000, 1.000000000000000000, 1.000000000000000000, 1.000000000000000000, 1.000000000000000000, 1.000000000000000000, 1.000000000000000000, 1.000000000000000000, 1.000000000000000000, 1.000000000000000000, 1.000000000000000000, 1.000000000000000000, 1.000000000000000000, 1.000000000000000000, 1.000000000000000000, 1.000000000000000000, 1.000000000000000000, 1.000000000000000000, 1.000000000000000000, 1.000000000000000000, 1.000000000000000000, 1.000000000000000000) ) ) 
 REPRESENTATION_ITEM ( '' )  SURFACE ( )  );
#512 = CARTESIAN_POINT ( 'NONE',  ( 0.1018028909699977558, -0.04216813812856275850, 0.1852678571412321173 ) ) ;
#513 = CARTESIAN_POINT ( 'NONE',  ( 0.1018028909699977697, -0.04216813812856267524, 0.4709821428532321441 ) ) ;
#514 = CARTESIAN_POINT ( 'NONE',  ( 0.1499375328083565606, 0.1152275101365986543, 0.6250000000000000000 ) ) ;
#515 = EDGE_CURVE ( 'NONE', #1539, #1955, #2726, .T. ) ;
#516 = DIRECTION ( 'NONE',  ( 0.8660254037844384856, 0.5000000000000001110, 0.000000000000000000 ) ) ;
#517 = ORIENTED_EDGE ( 'NONE', *, *, #4587, .F. ) ;
#518 = VERTEX_POINT ( 'NONE', #174 ) ;
#519 = CARTESIAN_POINT ( 'NONE',  ( -0.04216813812856257115, 0.1018028909699976448, 0.1272321428559820833 ) ) ;
#520 = CARTESIAN_POINT ( 'NONE',  ( -0.1249999999999999584, -7.797723395098490127E-17, 0.3348214285684642522 ) ) ;
#521 = VERTEX_POINT ( 'NONE', #4787 ) ;
#522 = CARTESIAN_POINT ( 'NONE',  ( 0.1018028909699977558, -0.04216813812856279320, 0.08258928571348214676 ) ) ;
#523 = CARTESIAN_POINT ( 'NONE',  ( -0.1285714285714285865, -1.845237008797876145E-16, 0.6071428571430000920 ) ) ;
#524 = CARTESIAN_POINT ( 'NONE',  ( 0.04216813812856263360, 0.1018028909699976031, 0.08705357142773209600 ) ) ;
#525 = CARTESIAN_POINT ( 'NONE',  ( 0.04216813812856263360, 0.1018028909699977558, 0.6227678571377321948 ) ) ;
#526 = CARTESIAN_POINT ( 'NONE',  ( -0.1018028909699977835, -6.357485930762133492E-17, 0.3883928571396071394 ) ) ;
#527 = CARTESIAN_POINT ( 'NONE',  ( -0.1152275101527368839, 0.1499375327922183587, 0.8562500000000000666 ) ) ;
#528 = EDGE_LOOP ( 'NONE', ( #4399, #63, #2136, #3922, #98, #3999, #973 ) ) ;
#529 = CARTESIAN_POINT ( 'NONE',  ( -0.04216813812856259891, -0.1018028909699977835, 0.5736607142809821980 ) ) ;
#530 = CARTESIAN_POINT ( 'NONE',  ( -0.09374999999999998612, -0.05412658773652782862, 0.8750000000000001110 ) ) ;
#531 = CARTESIAN_POINT ( 'NONE',  ( 0.1018028909699977558, -0.04216813812856270993, 0.3995535714252321791 ) ) ;
#532 = CARTESIAN_POINT ( 'NONE',  ( -1.246725845703547748E-17, -0.1018028909699979639, 0.004464285714107154614 ) ) ;
#533 = CARTESIAN_POINT ( 'NONE',  ( 0.1781249999999999223, 2.774533118565267485E-17, 0.6250000000000000000 ) ) ;
#534 = CARTESIAN_POINT ( 'NONE',  ( 0.04216813812856255728, -0.1018028909699978946, 0.3281249999972321585 ) ) ;
#535 = CARTESIAN_POINT ( 'NONE',  ( 0.1018028909699977835, -1.781718410420482366E-16, 0.08482142857060713526 ) ) ;
#536 = EDGE_CURVE ( 'NONE', #293, #338, #4242, .T. ) ;
#537 = CARTESIAN_POINT ( 'NONE',  ( -0.1018028909699977697, -0.04216813812856268218, 0.2433035714264821237 ) ) ;
#538 = CARTESIAN_POINT ( 'NONE',  ( 0.04216813812856255728, -0.1018028909699978529, 0.4665178571389821949 ) ) ;
#539 = CARTESIAN_POINT ( 'NONE',  ( -0.1152275101366059262, -0.1499375328083491776, 0.6343750000000000222 ) ) ;
#540 = CARTESIAN_POINT ( 'NONE',  ( 0.03970811179063789970, 0.1098936133576187829, 0.6004712916877079643 ) ) ;
#541 = EDGE_CURVE ( 'NONE', #5205, #3865, #1288, .T. ) ;
#542 = CARTESIAN_POINT ( 'NONE',  ( 0.1018028909699977697, -0.04216813812856277238, 0.1495535714272321626 ) ) ;
#543 = CARTESIAN_POINT ( 'NONE',  ( 0.08838834764831840496, -0.08838834764831850210, 0.3839285714252143600 ) ) ;
#544 = ORIENTED_EDGE ( 'NONE', *, *, #4985, .T. ) ;
#545 = CARTESIAN_POINT ( 'NONE',  ( -0.009376903129325054806, -0.1015929123254336874, 0.003588605255498092221 ) ) ;
#546 = CARTESIAN_POINT ( 'NONE',  ( 0.1249999999999999584, 0.05177669529663672665, 0.06919642857058924679 ) ) ;
#547 = CARTESIAN_POINT ( 'NONE',  ( 0.07198551454928016347, -0.07198551454928020510, 0.5758928571381072281 ) ) ;
#548 = CARTESIAN_POINT ( 'NONE',  ( 0.05177669529663685849, -0.1250000000000000555, 0.4486607142821251171 ) ) ;
#549 = CARTESIAN_POINT ( 'NONE',  ( -0.1018028909699977835, -0.04216813812856263360, 0.3906249999967321695 ) ) ;
#550 = DIRECTION ( 'NONE',  ( -0.000000000000000000, -0.000000000000000000, -1.000000000000000000 ) ) ;
#551 = CARTESIAN_POINT ( 'NONE',  ( 0.1826198767901104081, -0.04907772852305274103, 0.8562500000000000666 ) ) ;
#552 = CARTESIAN_POINT ( 'NONE',  ( -0.07198551454928017734, 0.07198551454928016347, 0.5624999999953570473 ) ) ;
#553 = DIRECTION ( 'NONE',  ( -1.000000000000000000, 0.000000000000000000, 0.000000000000000000 ) ) ;
#554 = CARTESIAN_POINT ( 'NONE',  ( 0.04216813812856263360, 0.1018028909699977558, 0.5156249999957320806 ) ) ;
#555 = AXIS2_PLACEMENT_3D ( 'NONE', #1689, #3798, #4253 ) ;
#556 = CARTESIAN_POINT ( 'NONE',  ( -1.530808498934191201E-17, -0.1250000000000000555, 0.3392857142830001393 ) ) ;
#557 = CARTESIAN_POINT ( 'NONE',  ( -0.1094882143616450060, 0.1424225543224872936, 0.6250000000000001110 ) ) ;
#558 = AXIS2_PLACEMENT_3D ( 'NONE', #2530, #2559, #867 ) ;
#559 = AXIS2_PLACEMENT_3D ( 'NONE', #1213, #795, #2520 ) ;
#560 = CARTESIAN_POINT ( 'NONE',  ( -1.246725845703547748E-17, -0.1018028909699978807, 0.2901785714261071458 ) ) ;
#561 = ORIENTED_EDGE ( 'NONE', *, *, #4863, .F. ) ;
#562 = CARTESIAN_POINT ( 'NONE',  ( 0.1018028909699977558, -0.04216813812856282789, 0.01116071428548213833 ) ) ;
#563 = CARTESIAN_POINT ( 'NONE',  ( -0.04216813812856257809, 0.1018028909699976448, 0.1316964285702320880 ) ) ;
#564 = ORIENTED_EDGE ( 'NONE', *, *, #5030, .F. ) ;
#565 = CARTESIAN_POINT ( 'NONE',  ( 0.04216813812856263360, 0.1018028909699976725, 0.2656249999977320919 ) ) ;
#566 = CARTESIAN_POINT ( 'NONE',  ( -0.1018028909699977835, 0.04216813812856256422, 0.5602678571382320172 ) ) ;
#567 = CARTESIAN_POINT ( 'NONE',  ( -0.1874999999999999167, 7.549139889267777477E-20, 0.6343750000000000222 ) ) ;
#568 = CARTESIAN_POINT ( 'NONE',  ( -0.1250000000000000000, 0.05177669529663687931, 0.5781249999953749219 ) ) ;
#569 = EDGE_CURVE ( 'NONE', #781, #2672, #1068, .T. ) ;
#570 = FACE_OUTER_BOUND ( 'NONE', #2104, .T. ) ;
#571 = CARTESIAN_POINT ( 'NONE',  ( -0.1018028909699977835, -1.387331018776256217E-16, 0.1339285714273571182 ) ) ;
#572 = CARTESIAN_POINT ( 'NONE',  ( -1.530808498934191201E-17, -0.1250000000000000278, 0.3794642857109643552 ) ) ;
#573 = EDGE_LOOP ( 'NONE', ( #4549, #2625, #332, #3348 ) ) ;
#574 = CARTESIAN_POINT ( 'NONE',  ( 0.1228785138128288823, -3.018329000912663930E-14, 0.6039034120447082099 ) ) ;
#575 = CARTESIAN_POINT ( 'NONE',  ( -0.08838834764831843271, 0.08838834764831825230, 0.008928571428214227695 ) ) ;
#576 = CARTESIAN_POINT ( 'NONE',  ( -0.1018028909699977835, 0.04216813812856255728, 0.5290178571384820394 ) ) ;
#577 = CARTESIAN_POINT ( 'NONE',  ( 0.1249999999999999445, -0.05177669529663705278, 0.2745535714263750426 ) ) ;
#578 = CARTESIAN_POINT ( 'NONE',  ( 0.02454369238351464255, 0.1874999999999999167, 0.8562500000000000666 ) ) ;
#579 = CARTESIAN_POINT ( 'NONE',  ( 0.04216813812856255728, -0.1018028909699979778, 0.002232142856982154838 ) ) ;
#580 = CARTESIAN_POINT ( 'NONE',  ( 0.07198551454928016347, -0.07198551454928020510, 0.5758928571381072281 ) ) ;
#581 = CARTESIAN_POINT ( 'NONE',  ( 0.1249999999999999584, -9.408918167923260795E-17, 0.3839285714255000204 ) ) ;
#582 = CARTESIAN_POINT ( 'NONE',  ( 0.000000000000000000, 0.1249999999999997918, 0.04017857142796421588 ) ) ;
#583 = CARTESIAN_POINT ( 'NONE',  ( -0.1018028909699977697, 0.04216813812856247401, 0.2433035714264820959 ) ) ;
#584 = CARTESIAN_POINT ( 'NONE',  ( -0.1249999999999999584, 1.564092784682412310E-17, 0.6517857142805000281 ) ) ;
#585 = CARTESIAN_POINT ( 'NONE',  ( -1.246725845703547748E-17, -0.1018028909699978807, 0.2544642857121071633 ) ) ;
#586 = CARTESIAN_POINT ( 'NONE',  ( -0.07198551454928017734, 0.07198551454928001081, 0.05803571428510709979 ) ) ;
#587 = CARTESIAN_POINT ( 'NONE',  ( 0.1018028909699977835, -1.267477803362558746E-16, 0.2589285714263571681 ) ) ;
#588 = CARTESIAN_POINT ( 'NONE',  ( -0.04216813812856257115, 0.1018028909699977697, 0.5200892857099821409 ) ) ;
#589 = CARTESIAN_POINT ( 'NONE',  ( -0.09442855863492000124, -0.1638349478928926850, 0.6250000000000000000 ) ) ;
#590 = CARTESIAN_POINT ( 'NONE',  ( 0.1249999999999999445, -0.05177669529663694870, 0.5959821428523750519 ) ) ;
#591 = AXIS2_PLACEMENT_3D ( 'NONE', #2100, #4176, #3751 ) ;
#592 = VERTEX_POINT ( 'NONE', #1001 ) ;
#593 = CARTESIAN_POINT ( 'NONE',  ( -0.04216813812856257809, 0.1018028909699977697, 0.6316964285662322043 ) ) ;
#594 = FACE_OUTER_BOUND ( 'NONE', #861, .T. ) ;
#595 = B_SPLINE_CURVE_WITH_KNOTS ( 'NONE', 3,
 ( #3936, #1799, #3505, #5176, #1389, #4758, #4339, #975 ),
 .UNSPECIFIED., .F., .F.,
 ( 4, 2, 2, 4 ),
 ( 2.380745673298490395E-07, 0.001388728690853430984, 0.002082973998996481141, 0.002777219307139530864 ),
 .UNSPECIFIED. ) ;
#596 = CARTESIAN_POINT ( 'NONE',  ( 0.1249999999999999584, -0.05177669529663710829, 0.06026785714237501562 ) ) ;
#597 = CARTESIAN_POINT ( 'NONE',  ( 0.07198551454928016347, -0.07198551454928035775, 0.07589285714210713962 ) ) ;
#598 = EDGE_CURVE ( 'NONE', #338, #1397, #3533, .T. ) ;
#599 = CARTESIAN_POINT ( 'NONE',  ( -0.08838834764831843271, -0.08838834764831852986, 0.1964285714267142990 ) ) ;
#600 = CARTESIAN_POINT ( 'NONE',  ( -0.04216813812856259891, -0.1018028909699977835, 0.5691964285667321377 ) ) ;
#601 =( NAMED_UNIT ( * ) SI_UNIT ( $, .STERADIAN. ) SOLID_ANGLE_UNIT ( ) );
#602 = FACE_OUTER_BOUND ( 'NONE', #3685, .T. ) ;
#603 = CARTESIAN_POINT ( 'NONE',  ( 0.02208932314518430307, -0.1687499999999999001, 0.8750000000000001110 ) ) ;
#604 = CARTESIAN_POINT ( 'NONE',  ( 0.1018028909699977558, -0.04216813812856266136, 0.5468749999954821694 ) ) ;
#605 = EDGE_CURVE ( 'NONE', #4099, #1804, #4663, .T. ) ;
#606 = CARTESIAN_POINT ( 'NONE',  ( 0.1018028909699977835, -6.345662869835751940E-17, 0.4732142857103571743 ) ) ;
#607 = CARTESIAN_POINT ( 'NONE',  ( -0.04216813812856259891, -0.1018028909699979501, 0.07366071428498213725 ) ) ;
#608 = CARTESIAN_POINT ( 'NONE',  ( -0.05177669529663687931, 0.1249999999999998751, 0.3593749999971249665 ) ) ;
#609 = ORIENTED_EDGE ( 'NONE', *, *, #3330, .F. ) ;
#610 = CARTESIAN_POINT ( 'NONE',  ( -0.1018028909699977697, -0.04216813812856273769, 0.06919642857073213249 ) ) ;
#611 = CARTESIAN_POINT ( 'NONE',  ( -0.07198551454928017734, 0.07198551454928003857, 0.1696428571413571285 ) ) ;
#612 = ORIENTED_EDGE ( 'NONE', *, *, #3240, .T. ) ;
#613 = CARTESIAN_POINT ( 'NONE',  ( -0.07198551454928017734, 0.07198551454928003857, 0.1294642857131071134 ) ) ;
#614 = CARTESIAN_POINT ( 'NONE',  ( -0.04216813812856259891, -0.1018028909699978946, 0.2834821428547321664 ) ) ;
#615 = CARTESIAN_POINT ( 'NONE',  ( -0.08838834764831843271, -0.08838834764831843271, 0.5535714285667142631 ) ) ;
#616 = DIRECTION ( 'NONE',  ( -1.000000000000000000, 0.000000000000000000, 0.000000000000000000 ) ) ;
#617 = CARTESIAN_POINT ( 'NONE',  ( 0.08838834764831843271, 0.08838834764831837720, 0.5669642857097499933 ) ) ;
#618 = EDGE_LOOP ( 'NONE', ( #2607, #3326, #4466, #2660 ) ) ;
#619 = CARTESIAN_POINT ( 'NONE',  ( -0.02328809511993232620, -0.1781278127905214226, 0.6250000000000001110 ) ) ;
#620 = VERTEX_POINT ( 'NONE', #82 ) ;
#621 = CARTESIAN_POINT ( 'NONE',  ( -0.1249999999999999584, -6.742870867800182769E-17, 0.3705357142824642347 ) ) ;
#622 = CARTESIAN_POINT ( 'NONE',  ( 0.1638349478928959879, 0.09442855863492202739, 0.6343750000000000222 ) ) ;
#623 = CARTESIAN_POINT ( 'NONE',  ( -0.04216813812856257115, 0.1018028909699976309, 0.09151785714198210075 ) ) ;
#624 = CARTESIAN_POINT ( 'NONE',  ( 0.1249999999999999722, 0.05177669529663681686, 0.3549107142825891903 ) ) ;
#625 = ORIENTED_EDGE ( 'NONE', *, *, #1106, .F. ) ;
#626 = ORIENTED_EDGE ( 'NONE', *, *, #3007, .T. ) ;
#627 = PLANE ( 'NONE',  #729 ) ;
#628 = CARTESIAN_POINT ( 'NONE',  ( 0.1249999999999999584, -2.088043940230077579E-16, -0.004464285714535747539 ) ) ;
#629 = CARTESIAN_POINT ( 'NONE',  ( 0.07969342837717247052, -0.09662062544458137336, 0.02645857736071722741 ) ) ;
#630 = CARTESIAN_POINT ( 'NONE',  ( 0.1349437795130002948, -0.1037047591374593708, 0.8750000000000001110 ) ) ;
#631 = EDGE_CURVE ( 'NONE', #4084, #5094, #708, .T. ) ;
#632 = CARTESIAN_POINT ( 'NONE',  ( 0.07198551454928016347, -0.07198551454928037163, 0.004464285714107145940 ) ) ;
#633 = FACE_BOUND ( 'NONE', #5259, .T. ) ;
#634 = CARTESIAN_POINT ( 'NONE',  ( -0.07198551454928017734, -0.07198551454928020510, 0.4598214285676071600 ) ) ;
#635 = CARTESIAN_POINT ( 'NONE',  ( -0.1249999999999999584, -1.425869512479217187E-16, 0.1160714285704999987 ) ) ;
#636 = CARTESIAN_POINT ( 'NONE',  ( 0.000000000000000000, 0.1018028909699976448, 0.1651785714271070959 ) ) ;
#637 = CARTESIAN_POINT ( 'NONE',  ( 0.1349437795129954099, 0.1037047591374690297, 0.8750000000000001110 ) ) ;
#638 = EDGE_LOOP ( 'NONE', ( #1509, #79, #1623, #3799 ) ) ;
#639 = VERTEX_POINT ( 'NONE', #4915 ) ;
#640 = CARTESIAN_POINT ( 'NONE',  ( -1.246725845703547748E-17, -0.1018028909699979223, 0.1473214285701071602 ) ) ;
#641 = CARTESIAN_POINT ( 'NONE',  ( -0.1018028909699977697, 0.04216813812856242544, 0.09598214285623213327 ) ) ;
#642 = CARTESIAN_POINT ( 'NONE',  ( 0.05177669529663696951, 0.1249999999999998057, 0.1808035714268392269 ) ) ;
#643 = CARTESIAN_POINT ( 'NONE',  ( -0.1018028909699977697, -0.04216813812856265442, 0.3504464285684821823 ) ) ;
#644 = PLANE ( 'NONE',  #3491 ) ;
#645 = CARTESIAN_POINT ( 'NONE',  ( 0.1249999999999999584, -1.151862322251987181E-16, 0.3124999999975000553 ) ) ;
#646 = DIRECTION ( 'NONE',  ( 0.000000000000000000, 0.000000000000000000, 1.000000000000000000 ) ) ;
#647 = VECTOR ( 'NONE', #3143, 39.37007874015748143 ) ;
#648 = CARTESIAN_POINT ( 'NONE',  ( -0.05177669529663687931, -0.1250000000000001110, 0.1227678571418750336 ) ) ;
#649 = ORIENTED_EDGE ( 'NONE', *, *, #58, .F. ) ;
#650 = CARTESIAN_POINT ( 'NONE',  ( -0.1781249999999999223, 7.549139889267777477E-20, 0.6250000000000000000 ) ) ;
#651 = CARTESIAN_POINT ( 'NONE',  ( -0.1018028909699977835, 0.04216813812856248789, 0.2745535714262321014 ) ) ;
#652 = CARTESIAN_POINT ( 'NONE',  ( -0.05177669529663686543, 0.1249999999999999722, 0.5424107142810894455 ) ) ;
#653 =( BOUNDED_CURVE ( )  B_SPLINE_CURVE ( 2, ( #922, #2188, #3045, #5121, #4708, #3850, #426, #2647, #5491 ),
 .UNSPECIFIED., .F., .T. ) 
 B_SPLINE_CURVE_WITH_KNOTS ( ( 3, 2, 2, 2, 3 ),
 ( 0.5921052631578946901, 0.5986842105263158187, 0.6052631578947368363, 0.6118421052631578538, 0.6184210526315789824 ),
 .UNSPECIFIED. ) 
 CURVE ( )  GEOMETRIC_REPRESENTATION_ITEM ( )  RATIONAL_B_SPLINE_CURVE ( ( 1.000000000000000000, 0.9238795325112867385, 1.000000000000000000, 0.9238795325112867385, 1.000000000000000000, 0.9238795325112867385, 1.000000000000000000, 0.9238795325112867385, 1.000000000000000000 ) ) 
 REPRESENTATION_ITEM ( '' )  );
#654 = B_SPLINE_CURVE_WITH_KNOTS ( 'NONE', 3,
 ( #5027, #5486, #1685, #3392, #4531, #743, #2463, #337, #3716, #5397, #1599, #3308, #4586, #1275, #797, #3092, #1337, #1304 ),
 .UNSPECIFIED., .F., .F.,
 ( 4, 2, 2, 2, 2, 2, 2, 2, 4 ),
 ( 0.5000000000000000000, 0.5625000000000000000, 0.6250000000000001110, 0.6875000000000001110, 0.7500000000000001110, 0.8125000000000001110, 0.8750000000000000000, 0.9375000000000000000, 1.000000000000000000 ),
 .UNSPECIFIED. ) ;
#655 = CARTESIAN_POINT ( 'NONE',  ( -0.05177669529663687931, -0.1250000000000001110, 0.08705357142787503721 ) ) ;
#656 = VERTEX_POINT ( 'NONE', #1121 ) ;
#657 = CARTESIAN_POINT ( 'NONE',  ( 0.05177669529663697645, 0.1249999999999997918, 0.1450892857128392166 ) ) ;
#658 = CARTESIAN_POINT ( 'NONE',  ( 0.05177669529663696951, 0.1249999999999999167, 0.5736607142808393123 ) ) ;
#659 = CARTESIAN_POINT ( 'NONE',  ( 0.1049055495343930861, 0.01461102110184939705, 0.007457227801929455432 ) ) ;
#660 = CARTESIAN_POINT ( 'NONE',  ( 0.03634322444964339233, -0.1118418533842469448, 0.6003526099817033668 ) ) ;
#661 = CARTESIAN_POINT ( 'NONE',  ( 0.07198551454928019122, 0.07198551454928012183, 0.4776785714246071235 ) ) ;
#662 = PLANE ( 'NONE',  #3924 ) ;
#663 = CARTESIAN_POINT ( 'NONE',  ( 0.08838834764831843271, 0.08838834764831832169, 0.3883928571397500251 ) ) ;
#664 = CARTESIAN_POINT ( 'NONE',  ( 0.1018028909699977835, -1.887203663150312979E-16, 0.04910714285660712497 ) ) ;
#665 = CARTESIAN_POINT ( 'NONE',  ( -0.1018028909699977697, 0.04216813812856250870, 0.3861607142824821093 ) ) ;
#666 = CARTESIAN_POINT ( 'NONE',  ( -0.07198551454928017734, -0.07198551454928030224, 0.1785714285698571657 ) ) ;
#667 = ORIENTED_EDGE ( 'NONE', *, *, #730, .F. ) ;
#668 = CARTESIAN_POINT ( 'NONE',  ( 0.1018028909699977558, 0.04216813812856246707, 0.1540178571414821396 ) ) ;
#669 = CARTESIAN_POINT ( 'NONE',  ( 0.04216813812856255728, -0.1018028909699978946, 0.3236607142829821537 ) ) ;
#670 = CARTESIAN_POINT ( 'NONE',  ( 0.1249999999999999584, -1.244161918391432925E-16, 0.2812499999974642506 ) ) ;
#671 = CARTESIAN_POINT ( 'NONE',  ( 0.08849707403216949819, -0.05372092635996968124, 0.004994835748238791659 ) ) ;
#672 = CARTESIAN_POINT ( 'NONE',  ( -0.05177669529663687931, 0.1249999999999998612, 0.2566964285690892522 ) ) ;
#673 = CARTESIAN_POINT ( 'NONE',  ( 0.1249999999999999445, -0.05177669529663708747, 0.1316964285703750570 ) ) ;
#674 = CARTESIAN_POINT ( 'NONE',  ( 0.04907772850198588444, 0.1826198767988404803, 0.6250000000000000000 ) ) ;
#675 = CARTESIAN_POINT ( 'NONE',  ( -0.04216813812856257115, 0.1018028909699977003, 0.3058035714259821347 ) ) ;
#676 = CARTESIAN_POINT ( 'NONE',  ( -0.08838834764831843271, -0.08838834764831844659, 0.5178571428527143361 ) ) ;
#677 = CARTESIAN_POINT ( 'NONE',  ( -0.07198551454928017734, 0.07198551454928013571, 0.4910714285673570823 ) ) ;
#678 = VERTEX_POINT ( 'NONE', #701 ) ;
#679 = AXIS2_PLACEMENT_3D ( 'NONE', #5224, #5312, #5252 ) ;
#680 = CARTESIAN_POINT ( 'NONE',  ( -0.1499375329496587528, 0.1152275099952965315, 0.8562500000000001776 ) ) ;
#681 = CARTESIAN_POINT ( 'NONE',  ( 0.08838834764831840496, -0.08838834764831859925, 0.02678571428521428141 ) ) ;
#682 = CARTESIAN_POINT ( 'NONE',  ( 0.08838834764831843271, 0.08838834764831837720, 0.5714285714237142821 ) ) ;
#683 = FACE_OUTER_BOUND ( 'NONE', #4324, .T. ) ;
#684 = CARTESIAN_POINT ( 'NONE',  ( -0.03103164284771575687, 0.09033704812153005304, 0.8674198921391044204 ) ) ;
#685 = CARTESIAN_POINT ( 'NONE',  ( 0.000000000000000000, 0.1018028909699977835, 0.5892857142808570758 ) ) ;
#686 = CARTESIAN_POINT ( 'NONE',  ( 0.09375000000000001388, 0.05412658773652767596, 0.7578125000000000000 ) ) ;
#687 = CARTESIAN_POINT ( 'NONE',  ( 0.1018028909699977835, -1.676233157690652000E-16, 0.1205357142846071317 ) ) ;
#688 = CARTESIAN_POINT ( 'NONE',  ( -0.1249999999999999584, -6.874727433704032688E-17, 0.3660714285685000013 ) ) ;
#689 = CARTESIAN_POINT ( 'NONE',  ( -0.1018028909699977697, -0.04216813812856263360, 0.3906249999967321695 ) ) ;
#690 = CARTESIAN_POINT ( 'NONE',  ( 0.1018028909699977835, -1.148806894041498937E-16, 0.2991071428546071553 ) ) ;
#691 = CARTESIAN_POINT ( 'NONE',  ( -0.1018028909699977697, -0.04216813812856270993, 0.1718749999984821308 ) ) ;
#692 = CARTESIAN_POINT ( 'NONE',  ( 0.07198551454928016347, -0.07198551454928027449, 0.3258928571401071839 ) ) ;
#693 = LINE ( 'NONE', #3991, #4890 ) ;
#694 = CARTESIAN_POINT ( 'NONE',  ( 0.1249999999999999584, -6.112504020124494964E-17, 0.4955357142814642568 ) ) ;
#695 = CARTESIAN_POINT ( 'NONE',  ( -0.1250000000000000000, -0.05177669529663694870, 0.3325892857116250489 ) ) ;
#696 = EDGE_CURVE ( 'NONE', #1644, #3966, #3435, .T. ) ;
#697 = CARTESIAN_POINT ( 'NONE',  ( 0.1249999999999999584, 0.05177669529663685849, 0.4575892857106250156 ) ) ;
#698 = CARTESIAN_POINT ( 'NONE',  ( 0.08838834764831843271, 0.08838834764831822455, 0.06696428571374997418 ) ) ;
#699 = CARTESIAN_POINT ( 'NONE',  ( -0.1018028909699977835, 0.04216813812856248789, 0.3102678571402321395 ) ) ;
#700 = CARTESIAN_POINT ( 'NONE',  ( 0.05177669529663685849, -0.1250000000000000278, 0.5602678571380893535 ) ) ;
#701 = CARTESIAN_POINT ( 'NONE',  ( 0.1249999999999999584, -4.002798965527882713E-17, 0.5669642857094643329 ) ) ;
#702 = ORIENTED_EDGE ( 'NONE', *, *, #445, .T. ) ;
#703 = CARTESIAN_POINT ( 'NONE',  ( 0.1249999999999999584, -1.784773838630970610E-16, 0.09821428571350000747 ) ) ;
#704 = ORIENTED_EDGE ( 'NONE', *, *, #515, .T. ) ;
#705 = CARTESIAN_POINT ( 'NONE',  ( 0.1249999999999999584, -1.982558687500246967E-16, 0.03124999999946425494 ) ) ;
#706 = CARTESIAN_POINT ( 'NONE',  ( -0.02132353594524927926, -0.1202513602580986135, 0.02334192294690071862 ) ) ;
#707 = CARTESIAN_POINT ( 'NONE',  ( -0.03103164284771585749, -0.09033704812153002528, 0.7502323921391044204 ) ) ;
#708 =( BOUNDED_CURVE ( )  B_SPLINE_CURVE ( 2, ( #894, #2724, #532, #3885, #3911, #3425, #4257, #3853, #3050, #51, #1776, #1747, #3481, #3455, #5150, #1917, #5315, #3609, #2354, #2856, #3186, #3209, #664, #1859, #4842, #2829, #259, #1105, #4903, #2436, #5345, #4037, #3634, #607, #4922, #283, #4453, #1979, #5285, #1052, #4398, #2752, #2380, #1950, #4010, #2325, #4061, #4479, #3986, #1078, #3664, #230, #3258, #4504, #687, #1133, #4875, #5257, #1548, #714, #1023, #4088, #2408, #201, #3555, #1466, #5230, #1441, #3582, #3152, #4811, #1890, #2777, #4426, #636, #1494, #2806, #1521, #3238, #3764, #1274, #360, #2488, #2033, #5372, #1655, #2552, #5026, #1626, #857, #1684, #3740, #389, #2879, #1241, #4115, #310, #1192, #3335, #2522, #4530, #1572, #4561, #4997, #3715, #742, #336, #3391, #3362, #770, #419, #2010, #1214, #2908, #3689, #5450, #4142, #3280, #5396, #2061, #1598, #2957, #5423, #4608, #2935, #4585, #2990, #3307, #3794, #4969, #823, #796, #4167, #4198, #2089, #2124, #2583, #5485, #5054, #4639, #4946, #1160, #2462, #1364, #2692, #4276, #42, #1303, #3930, #3876, #8, #1740, #3904, #1769, #73, #994, #2264, #4304, #1385, #5196, #3818, #3091, #1822, #3473, #2182, #4335, #3524, #3416, #3499, #3069, #5142, #1408, #134, #3118, #526, #549, #4733, #498, #4778, #1714, #5171, #474, #944, #2667, #4223, #2243, #5087, #970, #2215, #917, #3844, #3018, #102, #453, #4752, #1794, #2154, #4670, #886, #2612, #4247, #3445, #5117, #1336, #3041, #4703, #2642, #273, #1561, #298, #1589, #4517, #4548, #5413, #4986, #1616, #246, #3324, #2718, #4365, #677, #1538, #2478, #731, #3273, #5303, #1176, #2848, #4053, #1508, #4132, #2421, #4027, #1968, #2454, #1997, #4076, #576, #760, #2867, #5385, #351, #2290, #3299, #2050, #3676, #2398, #2897, #3730, #1938, #2024, #4939, #5360, #3623, #3223, #4891, #4102, #1095, #1148, #4495, #2820, #4958, #3649, #4471, #5332, #3250, #325 ),
 .UNSPECIFIED., .F., .F. ) 
 B_SPLINE_CURVE_WITH_KNOTS ( ( 3, 2, 2, 2, 2, 2, 2, 2, 2, 2, 2, 2, 2, 2, 2, 2, 2, 2, 2, 2, 2, 2, 2, 2, 2, 2, 2, 2, 2, 2, 2, 2, 2, 2, 2, 2, 2, 2, 2, 2, 2, 2, 2, 2, 2, 2, 2, 2, 2, 2, 2, 2, 2, 2, 2, 2, 2, 2, 2, 2, 2, 2, 2, 2, 2, 2, 2, 2, 2, 2, 2, 2, 2, 2, 2, 2, 2, 2, 2, 2, 2, 2, 2, 2, 2, 2, 2, 2, 2, 2, 2, 2, 2, 2, 2, 2, 2, 2, 2, 2, 2, 2, 2, 2, 2, 2, 2, 2, 2, 2, 2, 2, 2, 2, 2, 2, 2, 2, 2, 2, 2, 2, 2, 2, 2, 2, 2, 2, 2, 2, 2, 2, 2, 3 ),
 ( 0.02497595709330921454, 0.02631578947368420907, 0.03289473684210526133, 0.03947368421052631360, 0.04605263157894736586, 0.05263157894736841813, 0.05921052631578947040, 0.06578947368421052266, 0.07236842105263158187, 0.07894736842105262720, 0.08552631578947368640, 0.09210526315789473173, 0.09868421052631579093, 0.1052631578947368363, 0.1118421052631578955, 0.1184210526315789408, 0.1250000000000000000, 0.1315789473684210453, 0.1381578947368421184, 0.1447368421052631637, 0.1513157894736842091, 0.1578947368421052544, 0.1644736842105263275, 0.1710526315789473728, 0.1776315789473684181, 0.1842105263157894635, 0.1907894736842105365, 0.1973684210526315819, 0.2039473684210526272, 0.2105263157894736725, 0.2171052631578947456, 0.2236842105263157909, 0.2302631578947368363, 0.2368421052631578816, 0.2434210526315789547, 0.2500000000000000000, 0.2565789473684211286, 0.2631578947368420907, 0.2697368421052631637, 0.2763157894736842923, 0.2828947368421053099, 0.2894736842105263275, 0.2960526315789473450, 0.3026315789473684736, 0.3092105263157894912, 0.3157894736842105088, 0.3223684210526316374, 0.3289473684210526550, 0.3355263157894736725, 0.3421052631578948011, 0.3486842105263158187, 0.3552631578947368363, 0.3618421052631579649, 0.3684210526315789824, 0.3750000000000000000, 0.3815789473684211286, 0.3881578947368420351, 0.3947368421052631637, 0.4013157894736842923, 0.4078947368421053099, 0.4144736842105263275, 0.4210526315789473450, 0.4276315789473684736, 0.4342105263157894912, 0.4407894736842105088, 0.4473684210526316374, 0.4539473684210526550, 0.4605263157894736725, 0.4671052631578948011, 0.4736842105263158187, 0.4802631578947368363, 0.4868421052631579649, 0.4934210526315788714, 0.5000000000000000000, 0.5065789473684210176, 0.5131578947368421462, 0.5197368421052631637, 0.5263157894736841813, 0.5328947368421053099, 0.5394736842105263275, 0.5460526315789473450, 0.5526315789473684736, 0.5592105263157894912, 0.5657894736842105088, 0.5723684210526315264, 0.5789473684210526550, 0.5855263157894736725, 0.5921052631578946901, 0.5986842105263158187, 0.6052631578947368363, 0.6118421052631577428, 0.6184210526315789824, 0.6250000000000000000, 0.6315789473684210176, 0.6381578947368421462, 0.6447368421052631637, 0.6513157894736841813, 0.6578947368421054209, 0.6644736842105263275, 0.6710526315789473450, 0.6776315789473684736, 0.6842105263157894912, 0.6907894736842106198, 0.6973684210526315264, 0.7039473684210526550, 0.7105263157894736725, 0.7171052631578946901, 0.7236842105263157077, 0.7302631578947368363, 0.7368421052631578538, 0.7434210526315789824, 0.7500000000000000000, 0.7565789473684209065, 0.7631578947368421462, 0.7697368421052631637, 0.7763157894736841813, 0.7828947368421053099, 0.7894736842105263275, 0.7960526315789473450, 0.8026315789473685847, 0.8092105263157894912, 0.8157894736842105088, 0.8223684210526315264, 0.8289473684210526550, 0.8355263157894736725, 0.8421052631578946901, 0.8486842105263158187, 0.8552631578947368363, 0.8618421052631578538, 0.8684210526315788714, 0.8750000000000000000, 0.8815789473684210176, 0.8881578947368421462, 0.8920049346730505313 ),
 .UNSPECIFIED. ) 
 CURVE ( )  GEOMETRIC_REPRESENTATION_ITEM ( )  RATIONAL_B_SPLINE_CURVE ( ( 0.9753096629709527843, 0.9844977225930996445, 1.000000000000000000, 0.9238795325112867385, 1.000000000000000000, 0.9238795325112867385, 1.000000000000000000, 0.9238795325112867385, 1.000000000000000000, 0.9238795325112867385, 1.000000000000000000, 0.9238795325112867385, 1.000000000000000000, 0.9238795325112867385, 1.000000000000000000, 0.9238795325112867385, 1.000000000000000000, 0.9238795325112867385, 1.000000000000000000, 0.9238795325112867385, 1.000000000000000000, 0.9238795325112867385, 1.000000000000000000, 0.9238795325112867385, 1.000000000000000000, 0.9238795325112867385, 1.000000000000000000, 0.9238795325112867385, 1.000000000000000000, 0.9238795325112867385, 1.000000000000000000, 0.9238795325112867385, 1.000000000000000000, 0.9238795325112867385, 1.000000000000000000, 0.9238795325112867385, 1.000000000000000000, 0.9238795325112867385, 1.000000000000000000, 0.9238795325112867385, 1.000000000000000000, 0.9238795325112867385, 1.000000000000000000, 0.9238795325112867385, 1.000000000000000000, 0.9238795325112867385, 1.000000000000000000, 0.9238795325112867385, 1.000000000000000000, 0.9238795325112867385, 1.000000000000000000, 0.9238795325112867385, 1.000000000000000000, 0.9238795325112867385, 1.000000000000000000, 0.9238795325112867385, 1.000000000000000000, 0.9238795325112867385, 1.000000000000000000, 0.9238795325112867385, 1.000000000000000000, 0.9238795325112867385, 1.000000000000000000, 0.9238795325112867385, 1.000000000000000000, 0.9238795325112867385, 1.000000000000000000, 0.9238795325112867385, 1.000000000000000000, 0.9238795325112867385, 1.000000000000000000, 0.9238795325112867385, 1.000000000000000000, 0.9238795325112867385, 1.000000000000000000, 0.9238795325112867385, 1.000000000000000000, 0.9238795325112867385, 1.000000000000000000, 0.9238795325112867385, 1.000000000000000000, 0.9238795325112867385, 1.000000000000000000, 0.9238795325112867385, 1.000000000000000000, 0.9238795325112867385, 1.000000000000000000, 0.9238795325112867385, 1.000000000000000000, 0.9238795325112867385, 1.000000000000000000, 0.9238795325112867385, 1.000000000000000000, 0.9238795325112867385, 1.000000000000000000, 0.9238795325112867385, 1.000000000000000000, 0.9238795325112867385, 1.000000000000000000, 0.9238795325112867385, 1.000000000000000000, 0.9238795325112867385, 1.000000000000000000, 0.9238795325112867385, 1.000000000000000000, 0.9238795325112867385, 1.000000000000000000, 0.9238795325112867385, 1.000000000000000000, 0.9238795325112867385, 1.000000000000000000, 0.9238795325112867385, 1.000000000000000000, 0.9238795325112867385, 1.000000000000000000, 0.9238795325112867385, 1.000000000000000000, 0.9238795325112867385, 1.000000000000000000, 0.9238795325112867385, 1.000000000000000000, 0.9238795325112867385, 1.000000000000000000, 0.9238795325112867385, 1.000000000000000000, 0.9238795325112867385, 1.000000000000000000, 0.9238795325112867385, 1.000000000000000000, 0.9238795325112867385, 1.000000000000000000, 0.9238795325112867385, 1.000000000000000000, 0.9238795325112867385, 1.000000000000000000, 0.9238795325112867385, 1.000000000000000000, 0.9238795325112867385, 1.000000000000000000, 0.9238795325112867385, 1.000000000000000000, 0.9238795325112867385, 1.000000000000000000, 0.9238795325112867385, 1.000000000000000000, 0.9238795325112867385, 1.000000000000000000, 0.9238795325112867385, 1.000000000000000000, 0.9238795325112867385, 1.000000000000000000, 0.9238795325112867385, 1.000000000000000000, 0.9238795325112867385, 1.000000000000000000, 0.9238795325112867385, 1.000000000000000000, 0.9238795325112867385, 1.000000000000000000, 0.9238795325112867385, 1.000000000000000000, 0.9238795325112867385, 1.000000000000000000, 0.9238795325112867385, 1.000000000000000000, 0.9238795325112867385, 1.000000000000000000, 0.9238795325112867385, 1.000000000000000000, 0.9238795325112867385, 1.000000000000000000, 0.9238795325112867385, 1.000000000000000000, 0.9238795325112867385, 1.000000000000000000, 0.9238795325112867385, 1.000000000000000000, 0.9238795325112867385, 1.000000000000000000, 0.9238795325112867385, 1.000000000000000000, 0.9238795325112867385, 1.000000000000000000, 0.9238795325112867385, 1.000000000000000000, 0.9238795325112867385, 1.000000000000000000, 0.9238795325112867385, 1.000000000000000000, 0.9238795325112867385, 1.000000000000000000, 0.9238795325112867385, 1.000000000000000000, 0.9238795325112867385, 1.000000000000000000, 0.9238795325112867385, 1.000000000000000000, 0.9238795325112867385, 1.000000000000000000, 0.9238795325112867385, 1.000000000000000000, 0.9238795325112867385, 1.000000000000000000, 0.9238795325112867385, 1.000000000000000000, 0.9238795325112867385, 1.000000000000000000, 0.9238795325112867385, 1.000000000000000000, 0.9238795325112867385, 1.000000000000000000, 0.9238795325112867385, 1.000000000000000000, 0.9238795325112867385, 1.000000000000000000, 0.9238795325112867385, 1.000000000000000000, 0.9238795325112867385, 1.000000000000000000, 0.9238795325112867385, 1.000000000000000000, 0.9238795325112867385, 1.000000000000000000, 0.9238795325112867385, 1.000000000000000000, 0.9238795325112867385, 1.000000000000000000, 0.9238795325112867385, 1.000000000000000000, 0.9238795325112867385, 1.000000000000000000, 0.9238795325112867385, 1.000000000000000000, 0.9238795325112867385, 1.000000000000000000, 0.9238795325112867385, 1.000000000000000000, 0.9238795325112867385, 1.000000000000000000, 0.9238795325112867385, 1.000000000000000000, 0.9238795325112867385, 1.000000000000000000, 0.9238795325112867385, 1.000000000000000000, 0.9238795325112867385, 1.000000000000000000, 0.9238795325112867385, 1.000000000000000000, 0.9238795325112867385, 1.000000000000000000, 0.9238795325112867385, 1.000000000000000000, 0.9238795325112867385, 1.000000000000000000, 0.9238795325112867385, 1.000000000000000000, 0.9238795325112867385, 1.000000000000000000, 0.9238795325112867385, 1.000000000000000000, 0.9238795325112867385, 1.000000000000000000, 0.9238795325112867385, 1.000000000000000000, 0.9554885512844261131, 0.9630332481003529566 ) ) 
 REPRESENTATION_ITEM ( '' )  );
#709 = ORIENTED_EDGE ( 'NONE', *, *, #2737, .T. ) ;
#710 = CARTESIAN_POINT ( 'NONE',  ( -0.01539068948143306609, 0.09936735675793577360, 0.8703376562697855423 ) ) ;
#711 = CARTESIAN_POINT ( 'NONE',  ( -0.1250000000000000000, -0.05177669529663696951, 0.3013392857115893553 ) ) ;
#712 = FACE_OUTER_BOUND ( 'NONE', #1608, .T. ) ;
#713 = CARTESIAN_POINT ( 'NONE',  ( -0.1249999999999999861, 0.05177669529663680298, 0.3638392857113750822 ) ) ;
#714 = CARTESIAN_POINT ( 'NONE',  ( -0.04216813812856257115, 0.1018028909699976448, 0.1316964285702320880 ) ) ;
#715 = CARTESIAN_POINT ( 'NONE',  ( -0.1474514531114621274, -0.08498570275245212469, 0.8750000000000001110 ) ) ;
#716 = CARTESIAN_POINT ( 'NONE',  ( 0.07198551454928019122, 0.07198551454928006632, 0.3035714285688571601 ) ) ;
#717 = ORIENTED_EDGE ( 'NONE', *, *, #2428, .F. ) ;
#718 = CARTESIAN_POINT ( 'NONE',  ( 0.07198551454928019122, 0.07198551454928005244, 0.2633928571406071173 ) ) ;
#719 = CARTESIAN_POINT ( 'NONE',  ( 0.08838834764831843271, 0.08838834764831828006, 0.1785714285697142523 ) ) ;
#720 = CARTESIAN_POINT ( 'NONE',  ( -0.1018028909699977697, -0.04216813812856267524, 0.2790178571404821617 ) ) ;
#721 = CARTESIAN_POINT ( 'NONE',  ( 0.1249999999999999445, -0.05177669529663698339, 0.4933035714243393377 ) ) ;
#722 = APPROVAL ( #1909, 'UNSPECIFIED' ) ;
#723 = CARTESIAN_POINT ( 'NONE',  ( 0.05177669529663685849, -0.1250000000000000278, 0.5558035714241250647 ) ) ;
#724 = ORIENTED_EDGE ( 'NONE', *, *, #3285, .F. ) ;
#725 = CARTESIAN_POINT ( 'NONE',  ( 0.08838834764831843271, 0.08838834764831833557, 0.4598214285677500457 ) ) ;
#726 = ORIENTED_EDGE ( 'NONE', *, *, #515, .F. ) ;
#727 = CARTESIAN_POINT ( 'NONE',  ( 0.08838834764831840496, -0.08838834764831850210, 0.3839285714252143600 ) ) ;
#728 = CARTESIAN_POINT ( 'NONE',  ( 0.05177669529663697645, 0.1249999999999998890, 0.5022321428528393472 ) ) ;
#729 = AXIS2_PLACEMENT_3D ( 'NONE', #4832, #1406, #3572 ) ;
#730 = EDGE_CURVE ( 'NONE', #3583, #1861, #3836, .T. ) ;
#731 = CARTESIAN_POINT ( 'NONE',  ( -0.1018028909699977835, -0.04216813812856259891, 0.4977678571387321727 ) ) ;
#732 = CARTESIAN_POINT ( 'NONE',  ( -0.1874999999999999167, 1.155655514089910824E-17, 0.8562500000000000666 ) ) ;
#733 = CARTESIAN_POINT ( 'NONE',  ( -0.1249999999999999584, -3.578313285905266858E-17, 0.4776785714244642378 ) ) ;
#734 = CARTESIAN_POINT ( 'NONE',  ( -0.08838834764831843271, 0.08838834764831829394, 0.1160714285702142134 ) ) ;
#735 = CARTESIAN_POINT ( 'NONE',  ( -0.1781249999999999223, 7.549139889267777477E-20, 0.6250000000000000000 ) ) ;
#736 = CARTESIAN_POINT ( 'NONE',  ( 0.1874999999999999167, 0.02454369238351226598, 0.8750000000000001110 ) ) ;
#737 = CARTESIAN_POINT ( 'NONE',  ( -0.1018028909699977697, -0.04216813812856259891, 0.5691964285667321377 ) ) ;
#738 = ORIENTED_EDGE ( 'NONE', *, *, #3402, .F. ) ;
#739 = CARTESIAN_POINT ( 'NONE',  ( -3.756290991288361679E-16, 0.1082531754730548801, 0.8750000000000001110 ) ) ;
#740 = CARTESIAN_POINT ( 'NONE',  ( -0.05177669529663687931, -0.1250000000000000555, 0.3058035714258393045 ) ) ;
#741 = CARTESIAN_POINT ( 'NONE',  ( -0.1249999999999999861, 0.05177669529663669890, 0.006696428571374987183 ) ) ;
#742 = CARTESIAN_POINT ( 'NONE',  ( 0.04216813812856263360, 0.1018028909699976448, 0.2343749999979820864 ) ) ;
#743 = CARTESIAN_POINT ( 'NONE',  ( 0.1152275099952965037, -0.1499375329496586695, 0.8562500000000000666 ) ) ;
#744 = CARTESIAN_POINT ( 'NONE',  ( 0.04907772852309076617, -0.1826198767900997499, 0.8750000000000001110 ) ) ;
#745 = AXIS2_PLACEMENT_3D ( 'NONE', #3938, #141, #1439 ) ;
#746 = CARTESIAN_POINT ( 'NONE',  ( 0.000000000000000000, 0.1018028909699977141, 0.3794642857111070744 ) ) ;
#747 = CARTESIAN_POINT ( 'NONE',  ( 0.07198551454928016347, -0.07198551454928027449, 0.3303571428543571886 ) ) ;
#748 = CARTESIAN_POINT ( 'NONE',  ( -0.1018028909699977835, -1.176360513316595239E-16, 0.2053571428553571110 ) ) ;
#749 = CARTESIAN_POINT ( 'NONE',  ( -0.1249999999999999584, -1.201713350429171340E-16, 0.1919642857124642388 ) ) ;
#750 = CARTESIAN_POINT ( 'NONE',  ( -0.1018028909699977697, -0.04216813812856262667, 0.4218749999964821473 ) ) ;
#751 = CARTESIAN_POINT ( 'NONE',  ( -0.1250000000000000000, -0.05177669529663690012, 0.5111607142816250171 ) ) ;
#752 = CARTESIAN_POINT ( 'NONE',  ( 0.1249999999999999584, -3.079803004133425890E-17, 0.5982142857095000821 ) ) ;
#753 = CYLINDRICAL_SURFACE ( 'NONE', #4034, 0.1285714285714285865 ) ;
#754 = CARTESIAN_POINT ( 'NONE',  ( 0.04419728187491580446, 0.1643496145602676706, 0.8750000000000000000 ) ) ;
#755 = ORIENTED_EDGE ( 'NONE', *, *, #2800, .T. ) ;
#756 = VERTEX_POINT ( 'NONE', #5507 ) ;
#757 = CARTESIAN_POINT ( 'NONE',  ( -0.04520476924447081046, 0.09121599337508418115, 0.5919107288575021775 ) ) ;
#758 = CARTESIAN_POINT ( 'NONE',  ( -0.07198551454928017734, -0.07198551454928027449, 0.2812499999976071918 ) ) ;
#759 = CARTESIAN_POINT ( 'NONE',  ( 0.05177669529663685849, -0.1250000000000000278, 0.4888392857100893329 ) ) ;
#760 = CARTESIAN_POINT ( 'NONE',  ( -0.1018028909699977835, -2.138075821568911147E-17, 0.5312499999956071806 ) ) ;
#761 = ORIENTED_EDGE ( 'NONE', *, *, #3295, .T. ) ;
#762 = CARTESIAN_POINT ( 'NONE',  ( -0.09902736758426630703, 0.03765753576917783146, 0.5940180114569458825 ) ) ;
#763 = CARTESIAN_POINT ( 'NONE',  ( 0.000000000000000000, 0.1249999999999998057, 0.07589285714196421229 ) ) ;
#764 = CARTESIAN_POINT ( 'NONE',  ( 0.04907772852307148298, 0.1826198767900902020, 0.8750000000000001110 ) ) ;
#765 = AXIS2_PLACEMENT_3D ( 'NONE', #2044, #869, #1637 ) ;
#766 = ADVANCED_FACE ( 'NONE', ( #2170 ), #1701, .T. ) ;
#767 = ORIENTED_EDGE ( 'NONE', *, *, #569, .F. ) ;
#768 = CARTESIAN_POINT ( 'NONE',  ( 0.1249999999999999584, -1.995744344090631835E-16, 0.02678571428550000078 ) ) ;
#769 = CARTESIAN_POINT ( 'NONE',  ( -0.04216813812856257809, 0.1018028909699977697, 0.6272321428519821440 ) ) ;
#770 = CARTESIAN_POINT ( 'NONE',  ( -0.1018028909699977835, 0.04216813812856246707, 0.2433035714264821237 ) ) ;
#771 = DIRECTION ( 'NONE',  ( -0.000000000000000000, -0.000000000000000000, -1.000000000000000000 ) ) ;
#772 = EDGE_CURVE ( 'NONE', #2701, #1557, #302, .T. ) ;
#773 = CARTESIAN_POINT ( 'NONE',  ( 0.1018028909699977558, 0.04216813812856253646, 0.4084821428537320220 ) ) ;
#774 = CARTESIAN_POINT ( 'NONE',  ( -0.1018028909699977697, 0.04216813812856250177, 0.3504464285684821268 ) ) ;
#775 = CARTESIAN_POINT ( 'NONE',  ( -0.1874999999999999167, 0.02454369240633882954, 0.6250000000000000000 ) ) ;
#776 = CARTESIAN_POINT ( 'NONE',  ( -0.1018028909699977835, -9.653900078569341367E-17, 0.2767857142833571316 ) ) ;
#777 = CARTESIAN_POINT ( 'NONE',  ( 0.08838834764831843271, 0.08838834764831836333, 0.4999999999957142616 ) ) ;
#778 = CARTESIAN_POINT ( 'NONE',  ( 0.000000000000000000, 7.549139889267777477E-20, 0.000000000000000000 ) ) ;
#779 = DIRECTION ( 'NONE',  ( 0.000000000000000000, 0.000000000000000000, 1.000000000000000000 ) ) ;
#780 = CARTESIAN_POINT ( 'NONE',  ( 0.1018028909699977835, -1.570747904960821387E-16, 0.1562499999986071419 ) ) ;
#781 = VERTEX_POINT ( 'NONE', #5045 ) ;
#782 = ORIENTED_EDGE ( 'NONE', *, *, #3062, .F. ) ;
#783 = CARTESIAN_POINT ( 'NONE',  ( -0.1419642857141786008, -1.845237008797876145E-16, 0.6250000000000000000 ) ) ;
#784 = CARTESIAN_POINT ( 'NONE',  ( -0.09375000000000002776, 0.05412658773652766209, 0.7578125000000000000 ) ) ;
#785 = CARTESIAN_POINT ( 'NONE',  ( 0.07198551454928019122, 0.07198551454928008020, 0.3348214285686071379 ) ) ;
#786 = CARTESIAN_POINT ( 'NONE',  ( 0.02331650778601826457, -0.1781249999999999223, 0.6250000000000000000 ) ) ;
#787 = CARTESIAN_POINT ( 'NONE',  ( 0.1249999999999999584, -1.362832827711648406E-16, 0.2410714285695000347 ) ) ;
#788 = ORIENTED_EDGE ( 'NONE', *, *, #605, .F. ) ;
#789 = CYLINDRICAL_SURFACE ( 'NONE', #385, 0.1249999999999999306 ) ;
#790 = CARTESIAN_POINT ( 'NONE',  ( -0.05177669529663686543, 0.1249999999999998473, 0.1852678571410892316 ) ) ;
#791 = CARTESIAN_POINT ( 'NONE',  ( -0.1687499999999999001, 0.02208932314516318454, 0.8750000000000001110 ) ) ;
#792 = CARTESIAN_POINT ( 'NONE',  ( 0.04216813812856263360, 0.1018028909699977558, 0.5558035714239820679 ) ) ;
#793 = CARTESIAN_POINT ( 'NONE',  ( 0.05177669529663696951, 0.1249999999999998473, 0.3191964285688749237 ) ) ;
#794 = CARTESIAN_POINT ( 'NONE',  ( -0.1018028909699977697, 0.04216813812856239074, -0.01116071428576788892 ) ) ;
#795 = DIRECTION ( 'NONE',  ( -0.000000000000000000, -0.000000000000000000, -1.000000000000000000 ) ) ;
#796 = CARTESIAN_POINT ( 'NONE',  ( 0.04216813812856255728, -0.1018028909699978946, 0.2924107142832321760 ) ) ;
#797 = CARTESIAN_POINT ( 'NONE',  ( -0.1638349478164232709, -0.09442855881954369257, 0.8562499999999999556 ) ) ;
#798 = ADVANCED_FACE ( 'NONE', ( #1262 ), #5439, .F. ) ;
#799 = CARTESIAN_POINT ( 'NONE',  ( -0.1499375327922137791, 0.1152275101527414219, 0.8750000000000001110 ) ) ;
#800 = CARTESIAN_POINT ( 'NONE',  ( -0.07198551454928017734, -0.07198551454928023285, 0.4285714285678571267 ) ) ;
#801 = CARTESIAN_POINT ( 'NONE',  ( 0.000000000000000000, 0.1018028909699977141, 0.3794642857111070744 ) ) ;
#802 = CARTESIAN_POINT ( 'NONE',  ( 0.02454369240633528029, 0.1874999999999999167, 0.6250000000000000000 ) ) ;
#803 = CARTESIAN_POINT ( 'NONE',  ( -0.1018028909699977697, 0.04216813812856246707, 0.2031249999982321364 ) ) ;
#804 = CARTESIAN_POINT ( 'NONE',  ( 0.1249999999999999722, 0.05177669529663679604, 0.2790178571406251029 ) ) ;
#805 = CARTESIAN_POINT ( 'NONE',  ( -0.08838834764831843271, -0.08838834764831850210, 0.3392857142827143124 ) ) ;
#806 = LINE ( 'NONE', #1167, #3748 ) ;
#807 = CARTESIAN_POINT ( 'NONE',  ( 0.000000000000000000, 7.549139889267777477E-20, 0.000000000000000000 ) ) ;
#808 = CARTESIAN_POINT ( 'NONE',  ( -1.246725845703547748E-17, -0.1018028909699979223, 0.1830357142841071705 ) ) ;
#809 = ORIENTED_EDGE ( 'NONE', *, *, #1679, .T. ) ;
#810 = ORIENTED_EDGE ( 'NONE', *, *, #1446, .T. ) ;
#811 = CARTESIAN_POINT ( 'NONE',  ( -0.05177669529663687931, 0.1249999999999998335, 0.1808035714271249705 ) ) ;
#812 = CARTESIAN_POINT ( 'NONE',  ( 0.08838834764831840496, -0.08838834764831855761, 0.1651785714272500372 ) ) ;
#813 = CARTESIAN_POINT ( 'NONE',  ( 0.04216813812856263360, 0.1018028909699977003, 0.3727678571397320950 ) ) ;
#814 = CARTESIAN_POINT ( 'NONE',  ( 0.1094661346297702009, 0.1424406561679372740, 0.6250000000000000000 ) ) ;
#815 = CARTESIAN_POINT ( 'NONE',  ( -0.05177669529663687931, -0.1250000000000001110, 0.1941964285698750403 ) ) ;
#816 = CARTESIAN_POINT ( 'NONE',  ( 0.000000000000000000, 7.549139889267777477E-20, 0.000000000000000000 ) ) ;
#817 = CARTESIAN_POINT ( 'NONE',  ( -1.530808498934191201E-17, -0.1250000000000001110, 0.1651785714269642935 ) ) ;
#818 = APPROVAL_PERSON_ORGANIZATION ( #4391, #722, #2316 ) ;
#819 = CARTESIAN_POINT ( 'NONE',  ( -0.04907772852304901484, -0.1826198767901120179, 0.8562500000000000666 ) ) ;
#820 = VECTOR ( 'NONE', #2291, 39.37007874015748143 ) ;
#821 = CARTESIAN_POINT ( 'NONE',  ( -0.1018028909699977697, -0.04216813812856271687, 0.1049107142847321428 ) ) ;
#822 = CARTESIAN_POINT ( 'NONE',  ( 0.03103164284771600667, -0.09033704812152942853, 0.8674198921391041983 ) ) ;
#823 = CARTESIAN_POINT ( 'NONE',  ( -1.246725845703547748E-17, -0.1018028909699978807, 0.2901785714261071458 ) ) ;
#824 = CARTESIAN_POINT ( 'NONE',  ( -0.1687499999999999001, 2.744475302765376899E-17, 0.8750000000000001110 ) ) ;
#825 = CARTESIAN_POINT ( 'NONE',  ( -0.02454369238353786009, -0.1874999999999999167, 0.8750000000000001110 ) ) ;
#826 = ORIENTED_EDGE ( 'NONE', *, *, #3356, .T. ) ;
#827 = CARTESIAN_POINT ( 'NONE',  ( 0.04216813812856263360, 0.1018028909699977419, 0.4486607142819820093 ) ) ;
#828 = CARTESIAN_POINT ( 'NONE',  ( 0.07198551454928016347, -0.07198551454928023285, 0.5089285714243572123 ) ) ;
#829 = CARTESIAN_POINT ( 'NONE',  ( -0.1071778746921604325, -0.01512138660642642005, 0.5954230631720991429 ) ) ;
#830 = VERTEX_POINT ( 'NONE', #2081 ) ;
#831 = CARTESIAN_POINT ( 'NONE',  ( -0.07198551454928017734, 0.07198551454928009408, 0.3437499999971070919 ) ) ;
#832 = CARTESIAN_POINT ( 'NONE',  ( -0.1249999999999999306, 7.549139889267777477E-20, 0.000000000000000000 ) ) ;
#833 = CARTESIAN_POINT ( 'NONE',  ( -0.1249999999999999584, -8.984432488300643707E-17, 0.2946428571404999808 ) ) ;
#834 = CARTESIAN_POINT ( 'NONE',  ( 0.1249999999999999584, -1.033191412931771823E-16, 0.3526785714254642712 ) ) ;
#835 = CARTESIAN_POINT ( 'NONE',  ( -0.1874999999999998890, -0.02454369260617028994, 0.6343750000000001332 ) ) ;
#836 = DIRECTION ( 'NONE',  ( -0.000000000000000000, -0.000000000000000000, -1.000000000000000000 ) ) ;
#837 = VECTOR ( 'NONE', #5502, 39.37007874015748143 ) ;
#838 = CARTESIAN_POINT ( 'NONE',  ( -0.07198551454928017734, -0.07198551454928028837, 0.2142857142838571760 ) ) ;
#839 = CARTESIAN_POINT ( 'NONE',  ( -0.1018028909699977835, -1.479630614914857880E-16, 0.1026785714276071404 ) ) ;
#840 = CARTESIAN_POINT ( 'NONE',  ( -0.05177669529663687931, -0.1250000000000001110, 0.1584821428558750300 ) ) ;
#841 = CARTESIAN_POINT ( 'NONE',  ( -0.1249999999999999861, -0.05177669529663700421, 0.1540178571416250253 ) ) ;
#842 = CARTESIAN_POINT ( 'NONE',  ( -0.04216813812856259891, -0.1018028909699978252, 0.4263392857107322076 ) ) ;
#843 = CARTESIAN_POINT ( 'NONE',  ( 0.08970713070317513915, -0.1556432004982483130, 0.6250000000000000000 ) ) ;
#844 = CARTESIAN_POINT ( 'NONE',  ( 0.09375000000000020817, -0.04533366931169132558, 0.7552742030902287462 ) ) ;
#845 = CARTESIAN_POINT ( 'NONE',  ( 0.1781249999999999223, -0.02331650778601850049, 0.6250000000000000000 ) ) ;
#846 = VERTEX_POINT ( 'NONE', #1294 ) ;
#847 = EDGE_CURVE ( 'NONE', #2573, #502, #118, .T. ) ;
#848 = DIRECTION ( 'NONE',  ( -1.000000000000000000, 0.000000000000000000, 0.000000000000000000 ) ) ;
#849 = CARTESIAN_POINT ( 'NONE',  ( 0.08838834764831840496, -0.08838834764831855761, 0.1696428571412142705 ) ) ;
#850 = CARTESIAN_POINT ( 'NONE',  ( 0.1249999999999999584, -4.134655531431732016E-17, 0.5624999999955000440 ) ) ;
#851 = CARTESIAN_POINT ( 'NONE',  ( 0.02208932314516317066, 0.1687499999999999001, 0.8750000000000001110 ) ) ;
#852 = DIRECTION ( 'NONE',  ( -1.000000000000000000, 0.000000000000000000, 0.000000000000000000 ) ) ;
#853 = CARTESIAN_POINT ( 'NONE',  ( 0.000000000000000000, 0.1018028909699976309, 0.1249999999988570948 ) ) ;
#854 = CARTESIAN_POINT ( 'NONE',  ( -0.1249999999999999861, -0.05177669529663705278, 0.01116071428562501536 ) ) ;
#855 = CARTESIAN_POINT ( 'NONE',  ( -0.1018028909699977835, -4.379637442077811356E-17, 0.4553571428533570997 ) ) ;
#856 = CARTESIAN_POINT ( 'NONE',  ( 0.05177669529663697645, 0.1249999999999998612, 0.4263392857108749268 ) ) ;
#857 = CARTESIAN_POINT ( 'NONE',  ( 0.04216813812856263360, 0.1018028909699976448, 0.1986607142839821039 ) ) ;
#858 = CARTESIAN_POINT ( 'NONE',  ( 0.1249999999999999306, 1.538357638823458624E-17, 0.000000000000000000 ) ) ;
#859 = CONICAL_SURFACE ( 'NONE', #421, 0.1082531754730549772, 1.047197551196600074 ) ;
#860 = CARTESIAN_POINT ( 'NONE',  ( -0.1638349479016310284, -0.09442855861383393778, 0.8562500000000000666 ) ) ;
#861 = EDGE_LOOP ( 'NONE', ( #964, #346, #2971, #3625 ) ) ;
#862 = CARTESIAN_POINT ( 'NONE',  ( 0.07198551454928019122, 0.07198551454928012183, 0.4821428571388571283 ) ) ;
#863 = CARTESIAN_POINT ( 'NONE',  ( 0.07198551454928019122, 0.07198551454928012183, 0.4821428571388571283 ) ) ;
#864 = CARTESIAN_POINT ( 'NONE',  ( -0.09375707133600394427, -0.05815835680923070461, 0.5966177503299552320 ) ) ;
#865 = CARTESIAN_POINT ( 'NONE',  ( 0.07198551454928019122, 0.07198551454928008020, 0.3705357142826071204 ) ) ;
#866 =( BOUNDED_CURVE ( )  B_SPLINE_CURVE ( 2, ( #3712, #1569, #5369, #793, #2058, #3278, #333, #3738, #2486 ),
 .UNSPECIFIED., .F., .F. ) 
 B_SPLINE_CURVE_WITH_KNOTS ( ( 3, 2, 2, 2, 3 ),
 ( 0.4605263157894736725, 0.4671052631578947456, 0.4736842105263157632, 0.4802631578947368363, 0.4868421052631579093 ),
 .UNSPECIFIED. ) 
 CURVE ( )  GEOMETRIC_REPRESENTATION_ITEM ( )  RATIONAL_B_SPLINE_CURVE ( ( 1.000000000000000000, 0.9238795325112867385, 1.000000000000000000, 0.9238795325112867385, 1.000000000000000000, 0.9238795325112867385, 1.000000000000000000, 0.9238795325112867385, 1.000000000000000000 ) ) 
 REPRESENTATION_ITEM ( '' )  );
#867 = DIRECTION ( 'NONE',  ( -1.000000000000000000, 0.000000000000000000, 0.000000000000000000 ) ) ;
#868 = CARTESIAN_POINT ( 'NONE',  ( -0.04907772831736501029, 0.1826198768753090895, 0.6343750000000000222 ) ) ;
#869 = DIRECTION ( 'NONE',  ( 0.000000000000000000, 0.000000000000000000, 1.000000000000000000 ) ) ;
#870 = CARTESIAN_POINT ( 'NONE',  ( 0.000000000000000000, 0.1018028909699976448, 0.1651785714271070959 ) ) ;
#871 = DIRECTION ( 'NONE',  ( -0.000000000000000000, -0.000000000000000000, -1.000000000000000000 ) ) ;
#872 = CARTESIAN_POINT ( 'NONE',  ( 0.000000000000000000, 0.1018028909699977280, 0.4464285714248570902 ) ) ;
#873 = CARTESIAN_POINT ( 'NONE',  ( -0.1781249999999999223, -0.02331650778602191096, 0.6250000000000000000 ) ) ;
#874 = DIRECTION ( 'NONE',  ( -1.000000000000000000, 0.000000000000000000, 0.000000000000000000 ) ) ;
#875 = ADVANCED_FACE ( 'NONE', ( #466 ), #4005, .T. ) ;
#876 = ORIENTED_EDGE ( 'NONE', *, *, #5346, .T. ) ;
#877 = CARTESIAN_POINT ( 'NONE',  ( 0.1826198768753092005, 0.04907772831736505886, 0.8562500000000002887 ) ) ;
#878 = CARTESIAN_POINT ( 'NONE',  ( -0.05177669529663687931, 0.1249999999999998751, 0.2924107142830892903 ) ) ;
#879 = CARTESIAN_POINT ( 'NONE',  ( -0.08838834764831843271, 0.08838834764831830781, 0.2232142857122142443 ) ) ;
#880 = CARTESIAN_POINT ( 'NONE',  ( 0.1249999999999999584, -0.05177669529663694870, 0.5959821428523749409 ) ) ;
#881 = CARTESIAN_POINT ( 'NONE',  ( -0.1249999999999999584, -1.412683855888832318E-16, 0.1205357142844642598 ) ) ;
#882 = CARTESIAN_POINT ( 'NONE',  ( -0.07198551454928017734, -0.07198551454928017734, 0.6071428571378572059 ) ) ;
#883 = CARTESIAN_POINT ( 'NONE',  ( 0.03899397011127297280, -0.08573999633253893971, 0.8666207643691721252 ) ) ;
#884 = CARTESIAN_POINT ( 'NONE',  ( 0.04216813812856255728, -0.1018028909699979778, 0.03794642857098215472 ) ) ;
#885 = CARTESIAN_POINT ( 'NONE',  ( -0.04216813812856259891, -0.1018028909699978252, 0.4620535714247321346 ) ) ;
#886 = CARTESIAN_POINT ( 'NONE',  ( 0.1018028909699977835, -7.268658831221767335E-17, 0.4419642857106071965 ) ) ;
#887 = CARTESIAN_POINT ( 'NONE',  ( -0.03084450010908037360, 0.09044509503205806766, 0.7494508330878951741 ) ) ;
#888 = CARTESIAN_POINT ( 'NONE',  ( -0.08791834073340018540, 0.07293306634240329100, 0.01578595922283635572 ) ) ;
#889 = CARTESIAN_POINT ( 'NONE',  ( 0.1018028909699977558, 0.04216813812856255728, 0.4799107142817320426 ) ) ;
#890 = CARTESIAN_POINT ( 'NONE',  ( 0.07198551454928016347, -0.07198551454928024673, 0.4374999999963571917 ) ) ;
#891 = CARTESIAN_POINT ( 'NONE',  ( -0.1638349478928960157, -0.09442855863492201351, 0.6343750000000000222 ) ) ;
#892 = CARTESIAN_POINT ( 'NONE',  ( -0.1018028909699977697, -0.04216813812856263360, 0.3861607142824821648 ) ) ;
#893 = DATE_AND_TIME ( #4680, #3742 ) ;
#894 = CARTESIAN_POINT ( 'NONE',  ( -0.01601754723999716801, -0.1005349033433849543, 0.003588605255498095257 ) ) ;
#895 = CYLINDRICAL_SURFACE ( 'NONE', #53, 0.1249999999999999306 ) ;
#896 = CARTESIAN_POINT ( 'NONE',  ( 0.1018028909699977835, -1.359777399501160162E-16, 0.2276785714266071348 ) ) ;
#897 = CARTESIAN_POINT ( 'NONE',  ( 0.07198551454928016347, -0.07198551454928037163, 0.008928571428357146358 ) ) ;
#898 = CARTESIAN_POINT ( 'NONE',  ( -0.04216813812856257809, 0.1018028909699976031, 0.02455357142823209535 ) ) ;
#899 =( BOUNDED_CURVE ( )  B_SPLINE_CURVE ( 2, ( #2948, #1172, #1669, #2474, #5503, #5469, #3350, #348, #2047 ),
 .UNSPECIFIED., .F., .F. ) 
 B_SPLINE_CURVE_WITH_KNOTS ( ( 3, 2, 2, 2, 3 ),
 ( 0.6973684210526315264, 0.7039473684210526550, 0.7105263157894736725, 0.7171052631578946901, 0.7236842105263158187 ),
 .UNSPECIFIED. ) 
 CURVE ( )  GEOMETRIC_REPRESENTATION_ITEM ( )  RATIONAL_B_SPLINE_CURVE ( ( 1.000000000000000000, 0.9238795325112867385, 1.000000000000000000, 0.9238795325112867385, 1.000000000000000000, 0.9238795325112867385, 1.000000000000000000, 0.9238795325112867385, 1.000000000000000000 ) ) 
 REPRESENTATION_ITEM ( '' )  );
#900 = CARTESIAN_POINT ( 'NONE',  ( -0.08838834764831843271, 0.08838834764831829394, 0.1517857142842142237 ) ) ;
#901 = CARTESIAN_POINT ( 'NONE',  ( -0.07198551454928017734, 0.07198551454928006632, 0.2366071428551070888 ) ) ;
#902 = CC_DESIGN_PERSON_AND_ORGANIZATION_ASSIGNMENT ( #276, #2003, ( #1531 ) ) ;
#903 = CARTESIAN_POINT ( 'NONE',  ( -0.07198551454928017734, -0.07198551454928023285, 0.4241071428536071775 ) ) ;
#904 = CARTESIAN_POINT ( 'NONE',  ( 0.05177669529663697645, 0.1249999999999999167, 0.5736607142808393123 ) ) ;
#905 = DIRECTION ( 'NONE',  ( -0.000000000000000000, -0.000000000000000000, -1.000000000000000000 ) ) ;
#906 = ORIENTED_EDGE ( 'NONE', *, *, #2703, .T. ) ;
#907 = EDGE_CURVE ( 'NONE', #4879, #3173, #331, .T. ) ;
#908 = CARTESIAN_POINT ( 'NONE',  ( 0.1018028909699977697, 0.04216813812856241850, 0.01116071428548211231 ) ) ;
#909 = CARTESIAN_POINT ( 'NONE',  ( -0.1249999999999999861, 0.05177669529663676135, 0.2611607142833392570 ) ) ;
#910 = CARTESIAN_POINT ( 'NONE',  ( -0.04907772852307129563, 0.1826198767901027753, 0.8562500000000000666 ) ) ;
#911 = ADVANCED_FACE ( 'NONE', ( #4627 ), #438, .T. ) ;
#912 = CARTESIAN_POINT ( 'NONE',  ( 0.06290549989092017458, -0.07193466817752387776, 0.8666383330878953961 ) ) ;
#913 = CARTESIAN_POINT ( 'NONE',  ( 0.07198551454928016347, -0.07198551454928035775, 0.07589285714210713962 ) ) ;
#914 = CARTESIAN_POINT ( 'NONE',  ( -0.1249999999999999584, -1.636840017938878412E-16, 0.04464285714249999898 ) ) ;
#915 = CARTESIAN_POINT ( 'NONE',  ( 0.1018028909699977558, -0.04216813812856266136, 0.5424107142812322202 ) ) ;
#916 = CARTESIAN_POINT ( 'NONE',  ( 0.1249999999999999722, 0.05177669529663685849, 0.4575892857106250156 ) ) ;
#917 = CARTESIAN_POINT ( 'NONE',  ( -0.1018028909699977835, 0.04216813812856252258, 0.4218749999964821473 ) ) ;
#918 = VECTOR ( 'NONE', #5481, 39.37007874015748854 ) ;
#919 = CARTESIAN_POINT ( 'NONE',  ( 0.1249999999999999584, -1.771588182040585741E-16, 0.1026785714274642686 ) ) ;
#920 = CARTESIAN_POINT ( 'NONE',  ( 0.09442855861383052385, 0.1638349479016324439, 0.8562500000000000666 ) ) ;
#921 = CARTESIAN_POINT ( 'NONE',  ( 0.1018028909699977558, -0.04216813812856268218, 0.4397321428534821108 ) ) ;
#922 = CARTESIAN_POINT ( 'NONE',  ( -0.1249999999999999584, -5.819874906405726563E-17, 0.4017857142824999839 ) ) ;
#923 = DIRECTION ( 'NONE',  ( -1.000000000000000000, 0.000000000000000000, 0.000000000000000000 ) ) ;
#924 = CARTESIAN_POINT ( 'NONE',  ( -0.1249999999999999306, 7.549139889267777477E-20, 0.000000000000000000 ) ) ;
#925 = CARTESIAN_POINT ( 'NONE',  ( -0.1152275099952965176, 0.1499375329496587250, 0.6343750000000000222 ) ) ;
#926 = CARTESIAN_POINT ( 'NONE',  ( 0.1249999999999999584, -1.046377069522156692E-16, 0.3482142857115000378 ) ) ;
#927 = CARTESIAN_POINT ( 'NONE',  ( -0.1018028909699977697, -0.04216813812856267524, 0.2834821428547321664 ) ) ;
#928 = VERTEX_POINT ( 'NONE', #2201 ) ;
#929 = CARTESIAN_POINT ( 'NONE',  ( -1.246725845703547748E-17, -0.1018028909699979639, 0.004464285714107154614 ) ) ;
#930 = CARTESIAN_POINT ( 'NONE',  ( -0.1249999999999999584, -4.137557040103478648E-18, 0.5848214285664643519 ) ) ;
#931 = CARTESIAN_POINT ( 'NONE',  ( -0.1018028909699977697, 0.04216813812856243238, 0.1316964285702321436 ) ) ;
#932 = CARTESIAN_POINT ( 'NONE',  ( -0.07198551454928017734, -0.07198551454928019122, 0.5669642857096071076 ) ) ;
#933 = CARTESIAN_POINT ( 'NONE',  ( 0.1499375328083513148, -0.1152275101366039278, 0.6343750000000000222 ) ) ;
#934 = CARTESIAN_POINT ( 'NONE',  ( 0.03253484859341334440, 0.09646404634294024338, 0.5919107288575045089 ) ) ;
#935 = EDGE_LOOP ( 'NONE', ( #517, #967, #3410, #4899, #3346, #162 ) ) ;
#936 = ORIENTED_EDGE ( 'NONE', *, *, #5310, .T. ) ;
#937 = CARTESIAN_POINT ( 'NONE',  ( 0.1018028909699977835, -1.478448308822219725E-16, 0.1874999999983571475 ) ) ;
#938 = CARTESIAN_POINT ( 'NONE',  ( 0.05177669529663697645, 0.1249999999999998612, 0.3950892857108392886 ) ) ;
#939 = CARTESIAN_POINT ( 'NONE',  ( 0.04216813812856255728, -0.1018028909699979778, 0.07812499999923215588 ) ) ;
#940 = ORIENTED_EDGE ( 'NONE', *, *, #3095, .F. ) ;
#941 = CARTESIAN_POINT ( 'NONE',  ( 0.05177669529663696951, 0.1249999999999997780, 0.07366071428483922379 ) ) ;
#942 = CARTESIAN_POINT ( 'NONE',  ( -0.04216813812856257809, 0.1018028909699976031, 0.05580357142798209047 ) ) ;
#943 = CARTESIAN_POINT ( 'NONE',  ( -0.1018028909699977697, 0.04216813812856257809, 0.5959821428522321662 ) ) ;
#944 = CARTESIAN_POINT ( 'NONE',  ( 0.1018028909699977835, -8.323511358520073461E-17, 0.4062499999966071584 ) ) ;
#945 = FACE_OUTER_BOUND ( 'NONE', #1998, .T. ) ;
#946 = CARTESIAN_POINT ( 'NONE',  ( 0.1249999999999999445, -0.05177669529663710829, 0.06026785714237502256 ) ) ;
#947 = ADVANCED_FACE ( 'NONE', ( #5105 ), #1325, .T. ) ;
#948 = CARTESIAN_POINT ( 'NONE',  ( -1.246725845703547748E-17, -0.1018028909699978390, 0.4687499999961072250 ) ) ;
#949 = CARTESIAN_POINT ( 'NONE',  ( -0.01601754723999716801, -0.1005349033433849543, 0.003588605255498095257 ) ) ;
#950 = CARTESIAN_POINT ( 'NONE',  ( 0.04216813812856255728, -0.1018028909699978668, 0.3593749999969821363 ) ) ;
#951 = CARTESIAN_POINT ( 'NONE',  ( -0.08838834764831843271, 0.08838834764831833557, 0.3258928571402500141 ) ) ;
#952 = CARTESIAN_POINT ( 'NONE',  ( 0.05177669529663685849, -0.1250000000000000278, 0.5245535714240894265 ) ) ;
#953 = CARTESIAN_POINT ( 'NONE',  ( 0.04664901554900261621, 0.1734754112228467926, 0.6250000000000000000 ) ) ;
#954 = EDGE_CURVE ( 'NONE', #4960, #404, #481, .T. ) ;
#955 = AXIS2_PLACEMENT_3D ( 'NONE', #4762, #981, #1345 ) ;
#956 = ORIENTED_EDGE ( 'NONE', *, *, #2684, .T. ) ;
#957 = CARTESIAN_POINT ( 'NONE',  ( -0.04216813812856257809, 0.1018028909699976864, 0.2745535714262320459 ) ) ;
#958 = ORIENTED_EDGE ( 'NONE', *, *, #4415, .F. ) ;
#959 = CARTESIAN_POINT ( 'NONE',  ( -0.07198551454928017734, -0.07198551454928033000, 0.07142857142785716262 ) ) ;
#960 = CARTESIAN_POINT ( 'NONE',  ( 0.07198551454928019122, 0.07198551454928002469, 0.1562499999986071142 ) ) ;
#961 = CARTESIAN_POINT ( 'NONE',  ( -0.04520476924447081046, 0.09121599337508418115, 0.5919107288575021775 ) ) ;
#962 = CARTESIAN_POINT ( 'NONE',  ( -0.09442855863491768365, 0.1638349478929019831, 0.6250000000000000000 ) ) ;
#963 = DIRECTION ( 'NONE',  ( -0.000000000000000000, -0.000000000000000000, -1.000000000000000000 ) ) ;
#964 = ORIENTED_EDGE ( 'NONE', *, *, #1854, .F. ) ;
#965 = CARTESIAN_POINT ( 'NONE',  ( 0.04216813812856255728, -0.1018028909699979501, 0.1450892857129821856 ) ) ;
#966 = CARTESIAN_POINT ( 'NONE',  ( 0.08838834764831843271, 0.08838834764831832169, 0.3571428571397142759 ) ) ;
#967 = ORIENTED_EDGE ( 'NONE', *, *, #3164, .T. ) ;
#968 = CARTESIAN_POINT ( 'NONE',  ( 0.1687499999999999001, 0.000000000000000000, 0.8750000000000001110 ) ) ;
#969 = CARTESIAN_POINT ( 'NONE',  ( -0.1018028909699977697, -0.04216813812856256422, 0.6361607142804822645 ) ) ;
#970 = CARTESIAN_POINT ( 'NONE',  ( -0.04216813812856257115, 0.1018028909699977280, 0.4174107142822321426 ) ) ;
#971 = FACE_OUTER_BOUND ( 'NONE', #5499, .T. ) ;
#972 = DIRECTION ( 'NONE',  ( -0.000000000000000000, -0.000000000000000000, -1.000000000000000000 ) ) ;
#973 = ORIENTED_EDGE ( 'NONE', *, *, #2491, .F. ) ;
#974 = CARTESIAN_POINT ( 'NONE',  ( -0.04216813812856259891, -0.1018028909699977697, 0.6093749999949822360 ) ) ;
#975 = CARTESIAN_POINT ( 'NONE',  ( -0.09374999999999998612, -0.05412658773652782862, 0.8750000000000001110 ) ) ;
#976 = CARTESIAN_POINT ( 'NONE',  ( -0.04216813812856257809, 0.1018028909699977558, 0.5558035714239820679 ) ) ;
#977 = CARTESIAN_POINT ( 'NONE',  ( 0.006408084171256085357, 0.1018177906168303143, 0.5919107288575021775 ) ) ;
#978 = EDGE_CURVE ( 'NONE', #2830, #3052, #5160, .T. ) ;
#979 = CARTESIAN_POINT ( 'NONE',  ( -0.05177669529663687931, -0.1250000000000000555, 0.3370535714258751092 ) ) ;
#980 = CARTESIAN_POINT ( 'NONE',  ( -0.1874999999999998890, 0.02454369260617025178, 0.6343750000000000222 ) ) ;
#981 = DIRECTION ( 'NONE',  ( -0.000000000000000000, -0.000000000000000000, 1.000000000000000000 ) ) ;
#982 = CARTESIAN_POINT ( 'NONE',  ( 0.000000000000000000, 0.1018028909699976448, 0.1651785714271070959 ) ) ;
#983 = CARTESIAN_POINT ( 'NONE',  ( 0.1018028909699977558, 0.04216813812856249483, 0.2611607142834821427 ) ) ;
#984 = CARTESIAN_POINT ( 'NONE',  ( 0.000000000000000000, 0.1249999999999998335, 0.1785714285699999682 ) ) ;
#985 = CARTESIAN_POINT ( 'NONE',  ( 0.07198551454928016347, -0.07198551454928020510, 0.5758928571381072281 ) ) ;
#986 = CARTESIAN_POINT ( 'NONE',  ( -0.1874999999999999167, 7.549139889267777477E-20, 0.6250000000000000000 ) ) ;
#987 = CARTESIAN_POINT ( 'NONE',  ( -0.1250000000000000000, -0.05177669529663687931, 0.5825892857096250932 ) ) ;
#988 = CARTESIAN_POINT ( 'NONE',  ( 0.1018028909699977558, -0.04216813812856262667, 0.6183035714234821345 ) ) ;
#989 = CARTESIAN_POINT ( 'NONE',  ( -0.07198551454928017734, -0.07198551454928031612, 0.1383928571416071507 ) ) ;
#990 = CARTESIAN_POINT ( 'NONE',  ( 0.08838834764831840496, -0.08838834764831850210, 0.3482142857112143219 ) ) ;
#991 = B_SPLINE_CURVE_WITH_KNOTS ( 'NONE', 3,
 ( #2608, #1651, #912, #883, #822, #1359, #3066, #3841 ),
 .UNSPECIFIED., .F., .F.,
 ( 4, 2, 2, 4 ),
 ( 2.380745673472169206E-07, 0.001388728690853439224, 0.002082973998996485478, 0.002777219307139531732 ),
 .UNSPECIFIED. ) ;
#992 = CARTESIAN_POINT ( 'NONE',  ( 0.1249999999999999584, -1.046377069522156692E-16, 0.3482142857115000378 ) ) ;
#993 = CARTESIAN_POINT ( 'NONE',  ( 0.1249999999999999584, -0.05177669529663712217, -0.006696428571660730834 ) ) ;
#994 = CARTESIAN_POINT ( 'NONE',  ( -0.04216813812856257115, 0.1018028909699977003, 0.3459821428542321220 ) ) ;
#995 = DIRECTION ( 'NONE',  ( -1.000000000000000000, 0.000000000000000000, 0.000000000000000000 ) ) ;
#996 = CARTESIAN_POINT ( 'NONE',  ( 0.08838834764831840496, -0.08838834764831859925, 0.05803571428525002712 ) ) ;
#997 = ORIENTED_EDGE ( 'NONE', *, *, #1326, .T. ) ;
#998 = CARTESIAN_POINT ( 'NONE',  ( -0.1018028909699977697, -0.04216813812856259891, 0.5691964285667321377 ) ) ;
#999 = DIRECTION ( 'NONE',  ( -0.000000000000000000, 0.000000000000000000, -1.000000000000000000 ) ) ;
#1000 = CARTESIAN_POINT ( 'NONE',  ( 0.000000000000000000, 0.1018028909699977419, 0.4821428571388571283 ) ) ;
#1001 = CARTESIAN_POINT ( 'NONE',  ( 0.09821428571449992984, 7.549139889267777477E-20, 2.626164709600468896E-29 ) ) ;
#1002 = CARTESIAN_POINT ( 'NONE',  ( 0.02328809512026593781, 0.1781278127904653008, 0.6250000000000003331 ) ) ;
#1003 = AXIS2_PLACEMENT_3D ( 'NONE', #1715, #3417, #2880 ) ;
#1004 = CARTESIAN_POINT ( 'NONE',  ( -0.1018028909699977835, -1.057689603995535676E-16, 0.2455357142836070983 ) ) ;
#1005 = VERTEX_POINT ( 'NONE', #1379 ) ;
#1006 = CARTESIAN_POINT ( 'NONE',  ( 0.1018028909699977558, -0.04216813812856277932, 0.1138392857132321384 ) ) ;
#1007 = CARTESIAN_POINT ( 'NONE',  ( 0.000000000000000000, 0.1018028909699976586, 0.2321428571408571118 ) ) ;
#1008 = CARTESIAN_POINT ( 'NONE',  ( -0.1018028909699977835, -0.04216813812856259891, 0.4933035714244821679 ) ) ;
#1009 = CARTESIAN_POINT ( 'NONE',  ( 0.1638349478928924075, 0.09442855863492054247, 0.6250000000000000000 ) ) ;
#1010 = DIRECTION ( 'NONE',  ( -0.000000000000000000, -0.000000000000000000, -1.000000000000000000 ) ) ;
#1011 = CARTESIAN_POINT ( 'NONE',  ( 0.08838834764831843271, 0.08838834764831837720, 0.6026785714237500313 ) ) ;
#1012 = CARTESIAN_POINT ( 'NONE',  ( -0.1018028909699977835, -0.04216813812856272381, 0.1004464285704821380 ) ) ;
#1013 = CARTESIAN_POINT ( 'NONE',  ( 0.1249999999999999722, 0.05177669529663683073, 0.3906249999965892283 ) ) ;
#1014 = EDGE_CURVE ( 'NONE', #4781, #1562, #2685, .T. ) ;
#1015 = CARTESIAN_POINT ( 'NONE',  ( -0.1250000000000000000, 0.05177669529663671971, 0.08258928571333924717 ) ) ;
#1016 = CARTESIAN_POINT ( 'NONE',  ( -0.04216813812856257809, 0.1018028909699977697, 0.6272321428519821440 ) ) ;
#1017 = DIRECTION ( 'NONE',  ( 0.000000000000000000, 0.000000000000000000, 1.000000000000000000 ) ) ;
#1018 = DIRECTION ( 'NONE',  ( 0.000000000000000000, 0.000000000000000000, 1.000000000000000000 ) ) ;
#1019 = CARTESIAN_POINT ( 'NONE',  ( -0.08498570275247439854, -0.1474514531114634597, 0.8750000000000001110 ) ) ;
#1020 = CARTESIAN_POINT ( 'NONE',  ( -1.246725845703547748E-17, -0.1018028909699977974, 0.5758928571381071171 ) ) ;
#1021 = FACE_OUTER_BOUND ( 'NONE', #935, .T. ) ;
#1022 = CARTESIAN_POINT ( 'NONE',  ( -0.1018028909699977697, 0.04216813812856256422, 0.5602678571382321282 ) ) ;
#1023 = CARTESIAN_POINT ( 'NONE',  ( -0.07198551454928017734, 0.07198551454928003857, 0.1339285714273570904 ) ) ;
#1024 = CARTESIAN_POINT ( 'NONE',  ( -0.05177669529663687931, -0.1250000000000000278, 0.4441964285678751123 ) ) ;
#1025 = CARTESIAN_POINT ( 'NONE',  ( -0.1018028909699977697, -0.04216813812856271687, 0.1406249999987321808 ) ) ;
#1026 = CARTESIAN_POINT ( 'NONE',  ( -1.246725845703547748E-17, -0.1018028909699979362, 0.1071428571418571590 ) ) ;
#1027 = CARTESIAN_POINT ( 'NONE',  ( -0.07198551454928017734, -0.07198551454928023285, 0.3883928571396071394 ) ) ;
#1028 = CARTESIAN_POINT ( 'NONE',  ( 0.08838834764831840496, -0.08838834764831855761, 0.2008928571412500474 ) ) ;
#1029 = CARTESIAN_POINT ( 'NONE',  ( 0.1249999999999999584, 0.05177669529663683073, 0.3906249999965892838 ) ) ;
#1030 = CARTESIAN_POINT ( 'NONE',  ( -0.1874999999999999167, 7.549139889267777477E-20, 0.6343750000000000222 ) ) ;
#1031 = CARTESIAN_POINT ( 'NONE',  ( -0.05177669529663687931, -0.1250000000000000000, 0.5870535714238751535 ) ) ;
#1032 = CARTESIAN_POINT ( 'NONE',  ( 0.02328809511993179537, -0.1781221872094784775, 0.6250000000000000000 ) ) ;
#1033 = DIRECTION ( 'NONE',  ( -1.000000000000000000, 0.000000000000000000, 0.000000000000000000 ) ) ;
#1034 = CARTESIAN_POINT ( 'NONE',  ( 0.04907772850198450360, 0.1826198767988372051, 0.6343750000000000222 ) ) ;
#1035 = CARTESIAN_POINT ( 'NONE',  ( 0.1249999999999999584, -1.995744344090631835E-16, 0.02678571428550000078 ) ) ;
#1036 = CARTESIAN_POINT ( 'NONE',  ( 0.1018028909699977835, -1.794904067011711316E-16, 0.08035714285635713050 ) ) ;
#1037 = CARTESIAN_POINT ( 'NONE',  ( -0.1249999999999999584, -8.852575922396795020E-17, 0.2991071428544642141 ) ) ;
#1038 =( BOUNDED_CURVE ( )  B_SPLINE_CURVE ( 2, ( #4512, #4490, #4124, #4952, #1532, #723, #4022, #2447, #4047 ),
 .UNSPECIFIED., .F., .F. ) 
 B_SPLINE_CURVE_WITH_KNOTS ( ( 3, 2, 2, 2, 3 ),
 ( 0.8026315789473684736, 0.8092105263157894912, 0.8157894736842105088, 0.8223684210526315264, 0.8289473684210526550 ),
 .UNSPECIFIED. ) 
 CURVE ( )  GEOMETRIC_REPRESENTATION_ITEM ( )  RATIONAL_B_SPLINE_CURVE ( ( 1.000000000000000000, 0.9238795325112867385, 1.000000000000000000, 0.9238795325112867385, 1.000000000000000000, 0.9238795325112867385, 1.000000000000000000, 0.9238795325112867385, 1.000000000000000000 ) ) 
 REPRESENTATION_ITEM ( '' )  );
#1039 = ADVANCED_FACE ( 'NONE', ( #2305 ), #859, .F. ) ;
#1040 = ORIENTED_EDGE ( 'NONE', *, *, #3683, .T. ) ;
#1041 = VERTEX_POINT ( 'NONE', #4409 ) ;
#1042 = PRODUCT ( '92196A319_18-8 Stainless Steel Socket Head Screw_92196A319_sldprt', '92196A319_18-8 Stainless Steel Socket Head Screw_92196A319_sldprt', '', ( #3480 ) ) ;
#1043 = CARTESIAN_POINT ( 'NONE',  ( 0.08838834764831840496, -0.08838834764831854374, 0.2053571428552142808 ) ) ;
#1044 = CARTESIAN_POINT ( 'NONE',  ( -0.05177669529663686543, 0.1249999999999997780, -0.02901785714291078497 ) ) ;
#1045 = B_SPLINE_CURVE_WITH_KNOTS ( 'NONE', 3,
 ( #4742, #1867, #87, #3561, #3486, #5235, #1448, #2759, #4817, #4404, #56, #288, #4093, #235, #4016, #1164, #1139, #1112 ),
 .UNSPECIFIED., .F., .F.,
 ( 4, 2, 2, 2, 2, 2, 2, 2, 4 ),
 ( 0.000000000000000000, 0.06250000000000002776, 0.1250000000000000278, 0.1875000000000000278, 0.2500000000000000000, 0.3125000000000000000, 0.3750000000000000000, 0.4374999999999999445, 0.5000000000000000000 ),
 .UNSPECIFIED. ) ;
#1046 = DIRECTION ( 'NONE',  ( -0.000000000000000000, -0.000000000000000000, -1.000000000000000000 ) ) ;
#1047 = DIRECTION ( 'NONE',  ( -1.000000000000000000, 0.000000000000000000, 0.000000000000000000 ) ) ;
#1048 = CARTESIAN_POINT ( 'NONE',  ( 0.1018028909699977558, -0.04216813812856262667, 0.6183035714234821345 ) ) ;
#1049 = DIRECTION ( 'NONE',  ( -0.000000000000000000, -0.000000000000000000, -1.000000000000000000 ) ) ;
#1050 = CARTESIAN_POINT ( 'NONE',  ( 0.07198551454928016347, -0.07198551454928023285, 0.5044642857101071520 ) ) ;
#1051 = CARTESIAN_POINT ( 'NONE',  ( 0.1249999999999999584, -6.112504020124494964E-17, 0.4955357142814642568 ) ) ;
#1052 = CARTESIAN_POINT ( 'NONE',  ( 0.1018028909699977697, 0.04216813812856243932, 0.08705357142773209600 ) ) ;
#1053 = CARTESIAN_POINT ( 'NONE',  ( -0.07198551454928017734, -0.07198551454928034388, 0.03571428571385714540 ) ) ;
#1054 = CARTESIAN_POINT ( 'NONE',  ( -0.04216813812856257809, 0.1018028909699976448, 0.1674107142842320706 ) ) ;
#1055 = ORIENTED_EDGE ( 'NONE', *, *, #2529, .T. ) ;
#1056 = CARTESIAN_POINT ( 'NONE',  ( -0.1018028909699977697, -0.04216813812856273769, 0.06473214285648214161 ) ) ;
#1057 = CARTESIAN_POINT ( 'NONE',  ( 0.1249999999999999584, -1.560617676580924763E-16, 0.1741071428554642753 ) ) ;
#1058 = CARTESIAN_POINT ( 'NONE',  ( 0.04216813812856263360, 0.1018028909699976864, 0.3370535714257320570 ) ) ;
#1059 = CARTESIAN_POINT ( 'NONE',  ( 0.05177669529663696951, 0.1249999999999998612, 0.3950892857108391776 ) ) ;
#1060 = CARTESIAN_POINT ( 'NONE',  ( 0.06658493293150817560, -0.07782655458314192976, 0.003878880090105382272 ) ) ;
#1061 = CARTESIAN_POINT ( 'NONE',  ( -0.05177669529663687931, 0.1249999999999999167, 0.3950892857111250045 ) ) ;
#1062 = ORIENTED_EDGE ( 'NONE', *, *, #3074, .T. ) ;
#1063 = CARTESIAN_POINT ( 'NONE',  ( -0.1249999999999999584, -5.688018340501877876E-17, 0.4062499999964642172 ) ) ;
#1064 = CARTESIAN_POINT ( 'NONE',  ( 0.09442855863492284618, 0.1638349478928918246, 0.6250000000000000000 ) ) ;
#1065 = CARTESIAN_POINT ( 'NONE',  ( -0.05177669529663687931, -0.1249999999999999861, 0.5558035714238395153 ) ) ;
#1066 = VERTEX_POINT ( 'NONE', #1901 ) ;
#1067 = ORIENTED_EDGE ( 'NONE', *, *, #4791, .T. ) ;
#1068 =( BOUNDED_CURVE ( )  B_SPLINE_CURVE ( 2, ( #3939, #3100, #1830 ),
 .UNSPECIFIED., .F., .F. ) 
 B_SPLINE_CURVE_WITH_KNOTS ( ( 3, 3 ),
 ( 0.000000000000000000, 1.000000000000000000 ),
 .UNSPECIFIED. ) 
 CURVE ( )  GEOMETRIC_REPRESENTATION_ITEM ( )  RATIONAL_B_SPLINE_CURVE ( ( 1.000000000000000000, 0.3333333333333333148, 1.000000000000000000 ) ) 
 REPRESENTATION_ITEM ( '' )  );
#1069 = CARTESIAN_POINT ( 'NONE',  ( 0.1249999999999999584, -0.05177669529663709441, 0.1361607142843392904 ) ) ;
#1070 = CALENDAR_DATE ( 2026, 22, 8 ) ;
#1071 = B_SPLINE_CURVE_WITH_KNOTS ( 'NONE', 3,
 ( #2335, #1555, #3642, #5322, #1088, #671, #2418, #3267, #1060, #2814 ),
 .UNSPECIFIED., .F., .F.,
 ( 4, 2, 2, 2, 4 ),
 ( 0.01600175299119556763, 0.01661844326873235245, 0.01723513354626914074, 0.01785182382380592903, 0.01846851410134271385 ),
 .UNSPECIFIED. ) ;
#1072 = CARTESIAN_POINT ( 'NONE',  ( -0.1154290636965730893, -0.02365861504924965386, 0.01900734414850336826 ) ) ;
#1073 = CARTESIAN_POINT ( 'NONE',  ( 0.05118009505886710053, 0.09660676192844243337, 0.01087026612587434563 ) ) ;
#1074 = ADVANCED_FACE ( 'NONE', ( #2762 ), #4294, .T. ) ;
#1075 = CARTESIAN_POINT ( 'NONE',  ( 0.1249999999999999584, -1.362832827711648406E-16, 0.2410714285695000347 ) ) ;
#1076 = CARTESIAN_POINT ( 'NONE',  ( 0.07198551454928019122, 0.07198551454928012183, 0.5133928571386071615 ) ) ;
#1077 = FACE_OUTER_BOUND ( 'NONE', #4201, .T. ) ;
#1078 = CARTESIAN_POINT ( 'NONE',  ( -0.04216813812856259891, -0.1018028909699979501, 0.1093749999989821614 ) ) ;
#1079 = CARTESIAN_POINT ( 'NONE',  ( -0.1037047591374622019, 0.1349437795129974915, 0.8750000000000001110 ) ) ;
#1080 = CARTESIAN_POINT ( 'NONE',  ( 0.1018028909699977558, 0.04216813812856251564, 0.3727678571397320395 ) ) ;
#1081 = EDGE_LOOP ( 'NONE', ( #3247, #4014, #1117, #4156 ) ) ;
#1082 = CARTESIAN_POINT ( 'NONE',  ( 0.04216813812856263360, 0.1018028909699976170, 0.1629464285699820936 ) ) ;
#1083 = CARTESIAN_POINT ( 'NONE',  ( -0.04216813812856259891, -0.1018028909699979501, 0.06919642857073217412 ) ) ;
#1084 = CARTESIAN_POINT ( 'NONE',  ( 0.000000000000000000, 0.1249999999999999167, 0.4330357142819642458 ) ) ;
#1085 = CARTESIAN_POINT ( 'NONE',  ( -0.1018028909699977697, -0.04216813812856266136, 0.3147321428544821997 ) ) ;
#1086 = CARTESIAN_POINT ( 'NONE',  ( -0.08838834764831843271, 0.08838834764831830781, 0.2187499999982499554 ) ) ;
#1087 = CARTESIAN_POINT ( 'NONE',  ( 0.01539068948143274343, 0.09936735675793592626, 0.7531501562697853203 ) ) ;
#1088 = CARTESIAN_POINT ( 'NONE',  ( 0.09630630182967465924, -0.03952451977014471984, 0.005571764152766594397 ) ) ;
#1089 = CARTESIAN_POINT ( 'NONE',  ( 0.1249999999999999306, 1.538357638823458624E-17, 0.000000000000000000 ) ) ;
#1090 = AXIS2_PLACEMENT_3D ( 'NONE', #778, #371, #1723 ) ;
#1091 = CARTESIAN_POINT ( 'NONE',  ( -0.1094842364751984903, -0.1424185764360841044, 0.6250000000000000000 ) ) ;
#1092 = CARTESIAN_POINT ( 'NONE',  ( 0.1499375328083513148, -0.1152275101366039278, 0.6343750000000000222 ) ) ;
#1093 = CARTESIAN_POINT ( 'NONE',  ( 0.07198551454928016347, -0.07198551454928031612, 0.2187499999981071530 ) ) ;
#1094 = CARTESIAN_POINT ( 'NONE',  ( 0.05177669529663697645, 0.1249999999999998890, 0.4665178571388393647 ) ) ;
#1095 = CARTESIAN_POINT ( 'NONE',  ( -0.04216813812856259891, -0.1018028909699977974, 0.5736607142809820870 ) ) ;
#1096 = ORIENTED_EDGE ( 'NONE', *, *, #847, .F. ) ;
#1097 = ORIENTED_EDGE ( 'NONE', *, *, #4651, .T. ) ;
#1098 = CARTESIAN_POINT ( 'NONE',  ( 0.1249999999999999445, -0.05177669529663703196, 0.3102678571403750807 ) ) ;
#1099 = CARTESIAN_POINT ( 'NONE',  ( -0.05177669529663687931, -0.1250000000000001110, 0.09151785714183929832 ) ) ;
#1100 = COORDINATED_UNIVERSAL_TIME_OFFSET ( 8, 0, .BEHIND. ) ;
#1101 = CARTESIAN_POINT ( 'NONE',  ( -0.09078794515405833043, -0.07725548124695347241, 0.02084807640359936584 ) ) ;
#1102 = CARTESIAN_POINT ( 'NONE',  ( 0.09507595751958229646, 0.04946819203743924032, 0.008712001235382189901 ) ) ;
#1103 = CARTESIAN_POINT ( 'NONE',  ( 0.1249999999999999584, 0.05177669529663687931, 0.5334821428525893250 ) ) ;
#1104 = CARTESIAN_POINT ( 'NONE',  ( -0.09374999999999998612, -0.05412658773652766209, 0.7578125000000000000 ) ) ;
#1105 = CARTESIAN_POINT ( 'NONE',  ( -0.04216813812856257115, 0.1018028909699976170, 0.06026785714223209522 ) ) ;
#1106 = EDGE_CURVE ( 'NONE', #3617, #4960, #5208, .T. ) ;
#1107 = ORIENTED_EDGE ( 'NONE', *, *, #2455, .F. ) ;
#1108 = CARTESIAN_POINT ( 'NONE',  ( -0.1018028909699977697, -0.04216813812856265442, 0.3549107142827321315 ) ) ;
#1109 = CARTESIAN_POINT ( 'NONE',  ( -0.04216813812856259891, -0.1018028909699978529, 0.3950892857109821188 ) ) ;
#1110 = ORIENTED_EDGE ( 'NONE', *, *, #954, .F. ) ;
#1111 = CARTESIAN_POINT ( 'NONE',  ( 0.1018028909699977558, -0.04216813812856280014, 0.04241071428523213865 ) ) ;
#1112 = CARTESIAN_POINT ( 'NONE',  ( 0.1687499999999999001, 0.000000000000000000, 0.8750000000000001110 ) ) ;
#1113 = CARTESIAN_POINT ( 'NONE',  ( -0.07198551454928017734, -0.07198551454928027449, 0.2812499999976071918 ) ) ;
#1114 = DIRECTION ( 'NONE',  ( -0.000000000000000000, -0.000000000000000000, -1.000000000000000000 ) ) ;
#1115 = CARTESIAN_POINT ( 'NONE',  ( -0.08838834764831843271, -0.08838834764831844659, 0.4821428571387142981 ) ) ;
#1116 = CARTESIAN_POINT ( 'NONE',  ( -0.1781249999999999223, 3.774569944633888739E-20, 0.6250000000000000000 ) ) ;
#1117 = ORIENTED_EDGE ( 'NONE', *, *, #278, .T. ) ;
#1118 = CARTESIAN_POINT ( 'NONE',  ( -0.05177669529663687931, 0.1249999999999999167, 0.4665178571391250251 ) ) ;
#1119 = CARTESIAN_POINT ( 'NONE',  ( 0.1018028909699977835, -1.161992550632727887E-16, 0.2946428571403571506 ) ) ;
#1120 = CARTESIAN_POINT ( 'NONE',  ( -0.1249999999999999584, -1.468608231308654299E-17, 0.5491071428524642029 ) ) ;
#1121 = CARTESIAN_POINT ( 'NONE',  ( -0.1249999999999999584, -3.710169851809113695E-17, 0.4732142857105000044 ) ) ;
#1122 = EDGE_LOOP ( 'NONE', ( #2251, #3660, #612, #2297 ) ) ;
#1123 = CARTESIAN_POINT ( 'NONE',  ( 0.1249999999999999584, -1.151862322251987181E-16, 0.3124999999975000553 ) ) ;
#1124 = CARTESIAN_POINT ( 'NONE',  ( -0.08381842352970721166, 0.06249617630673257734, 0.5932191157744458598 ) ) ;
#1125 = CARTESIAN_POINT ( 'NONE',  ( 0.1249999999999999722, 0.05177669529663675441, 0.1406249999985892951 ) ) ;
#1126 = SECURITY_CLASSIFICATION_LEVEL ( 'unclassified' ) ;
#1127 = CARTESIAN_POINT ( 'NONE',  ( -0.05177669529663687931, -0.1249999999999999861, 0.5156249999958750774 ) ) ;
#1128 = CYLINDRICAL_SURFACE ( 'NONE', #3141, 0.1249999999999999306 ) ;
#1129 = CARTESIAN_POINT ( 'NONE',  ( -0.1687499999999999001, 2.074140613450425082E-17, 0.8750000000000001110 ) ) ;
#1130 = CARTESIAN_POINT ( 'NONE',  ( -0.08838834764831843271, 0.08838834764831836333, 0.3660714285682142299 ) ) ;
#1131 = ORIENTED_EDGE ( 'NONE', *, *, #1897, .F. ) ;
#1132 = CARTESIAN_POINT ( 'NONE',  ( -0.09375000000000020817, 3.709213845753195715E-17, 0.7494390877365275649 ) ) ;
#1133 = CARTESIAN_POINT ( 'NONE',  ( 0.1018028909699977697, 0.04216813812856245319, 0.1227678571417321340 ) ) ;
#1134 = CARTESIAN_POINT ( 'NONE',  ( 0.02208932314516317066, 0.1687499999999999001, 0.8750000000000001110 ) ) ;
#1135 = ORIENTED_EDGE ( 'NONE', *, *, #4991, .F. ) ;
#1136 = CARTESIAN_POINT ( 'NONE',  ( 0.04216813812856263360, 0.1018028909699977003, 0.3772321428539820443 ) ) ;
#1137 = EDGE_CURVE ( 'NONE', #5273, #4071, #5367, .T. ) ;
#1138 = CARTESIAN_POINT ( 'NONE',  ( 0.1018028909699977835, -1.161992550632727887E-16, 0.2946428571403571506 ) ) ;
#1139 = CARTESIAN_POINT ( 'NONE',  ( 0.1687471874025348595, -0.02206091049058613029, 0.8750000000000001110 ) ) ;
#1140 = CARTESIAN_POINT ( 'NONE',  ( -0.04216813812856257809, 0.1018028909699976864, 0.2700892857119820967 ) ) ;
#1141 = DIRECTION ( 'NONE',  ( -0.000000000000000000, -0.000000000000000000, 1.000000000000000000 ) ) ;
#1142 = FACE_OUTER_BOUND ( 'NONE', #2449, .T. ) ;
#1143 = DIRECTION ( 'NONE',  ( -1.000000000000000000, 0.000000000000000000, 0.000000000000000000 ) ) ;
#1144 = CARTESIAN_POINT ( 'NONE',  ( -0.1250000000000000000, 0.05177669529663687931, 0.5424107142813749949 ) ) ;
#1145 = EDGE_CURVE ( 'NONE', #3586, #5094, #1975, .T. ) ;
#1146 = CARTESIAN_POINT ( 'NONE',  ( -0.1018028909699977835, -0.04216813812856267524, 0.2790178571404821617 ) ) ;
#1147 = CARTESIAN_POINT ( 'NONE',  ( 0.1249999999999999584, -5.057651492826188838E-17, 0.5312499999954642949 ) ) ;
#1148 = CARTESIAN_POINT ( 'NONE',  ( -1.246725845703547748E-17, -0.1018028909699977974, 0.5758928571381071171 ) ) ;
#1149 =( BOUNDED_CURVE ( )  B_SPLINE_CURVE ( 2, ( #3661, #5342, #309, #1546, #3256, #4919, #1130, #2008, #3686 ),
 .UNSPECIFIED., .F., .F. ) 
 B_SPLINE_CURVE_WITH_KNOTS ( ( 3, 2, 2, 2, 3 ),
 ( 0.5657894736842105088, 0.5723684210526315264, 0.5789473684210526550, 0.5855263157894736725, 0.5921052631578946901 ),
 .UNSPECIFIED. ) 
 CURVE ( )  GEOMETRIC_REPRESENTATION_ITEM ( )  RATIONAL_B_SPLINE_CURVE ( ( 1.000000000000000000, 0.9238795325112867385, 1.000000000000000000, 0.9238795325112867385, 1.000000000000000000, 0.9238795325112867385, 1.000000000000000000, 0.9238795325112867385, 1.000000000000000000 ) ) 
 REPRESENTATION_ITEM ( '' )  );
#1150 = CARTESIAN_POINT ( 'NONE',  ( 0.05177669529663685849, -0.1250000000000001665, 0.09151785714212502809 ) ) ;
#1151 = VERTEX_POINT ( 'NONE', #3163 ) ;
#1152 = CARTESIAN_POINT ( 'NONE',  ( 0.000000000000000000, 0.1249999999999999306, 0.4687499999959642838 ) ) ;
#1153 = CARTESIAN_POINT ( 'NONE',  ( -1.530808498934191201E-17, -0.1250000000000001110, 0.05803571428496429735 ) ) ;
#1154 = CARTESIAN_POINT ( 'NONE',  ( -0.05177669529663686543, 0.1249999999999999584, 0.5379464285671249346 ) ) ;
#1155 = CARTESIAN_POINT ( 'NONE',  ( -0.1781249999999999223, 0.02331650778602188320, 0.6250000000000000000 ) ) ;
#1156 = CARTESIAN_POINT ( 'NONE',  ( -0.08498570275245026506, 0.1474514531114635429, 0.8750000000000001110 ) ) ;
#1157 = ORIENTED_EDGE ( 'NONE', *, *, #5490, .T. ) ;
#1158 = CARTESIAN_POINT ( 'NONE',  ( 0.1249999999999999584, 0.05177669529663676828, 0.2075892857126250546 ) ) ;
#1159 = DIRECTION ( 'NONE',  ( -0.000000000000000000, -0.000000000000000000, -1.000000000000000000 ) ) ;
#1160 = CARTESIAN_POINT ( 'NONE',  ( -0.1018028909699977835, 0.04216813812856248789, 0.3147321428544821442 ) ) ;
#1161 = CARTESIAN_POINT ( 'NONE',  ( -0.07198551454928017734, -0.07198551454928024673, 0.3571428571398571616 ) ) ;
#1162 = CARTESIAN_POINT ( 'NONE',  ( -0.04216813812856257809, 0.1018028909699976864, 0.2745535714262320459 ) ) ;
#1163 = CARTESIAN_POINT ( 'NONE',  ( -0.04216813812856259891, -0.1018028909699978946, 0.2834821428547321664 ) ) ;
#1164 = CARTESIAN_POINT ( 'NONE',  ( 0.1643496145602353353, -0.04419728187502770800, 0.8750000000000000000 ) ) ;
#1165 = CARTESIAN_POINT ( 'NONE',  ( -0.1018028909699977835, -5.434489969376118714E-17, 0.4196428571393571727 ) ) ;
#1166 = CARTESIAN_POINT ( 'NONE',  ( 0.1874999999999999167, 1.151880944145276958E-17, 0.8562500000000000666 ) ) ;
#1167 = CARTESIAN_POINT ( 'NONE',  ( 0.1249999999999999306, 1.538357638823458624E-17, 0.000000000000000000 ) ) ;
#1168 = CARTESIAN_POINT ( 'NONE',  ( -0.1249999999999999584, -9.907428449695101146E-17, 0.2633928571404642316 ) ) ;
#1169 = ORIENTED_EDGE ( 'NONE', *, *, #3585, .T. ) ;
#1170 = CARTESIAN_POINT ( 'NONE',  ( 0.1285714285714285865, -2.002691597259678669E-16, 0.6071428571430000920 ) ) ;
#1171 = ORIENTED_EDGE ( 'NONE', *, *, #4524, .F. ) ;
#1172 = CARTESIAN_POINT ( 'NONE',  ( -0.1250000000000000000, -0.05177669529663691400, 0.4754464285676250346 ) ) ;
#1173 = CARTESIAN_POINT ( 'NONE',  ( 0.04216813812856263360, 0.1018028909699976448, 0.2299107142837321094 ) ) ;
#1174 = CARTESIAN_POINT ( 'NONE',  ( -0.1249999999999999861, 0.05177669529663683767, 0.4754464285673393742 ) ) ;
#1175 = VECTOR ( 'NONE', #4872, 39.37007874015748143 ) ;
#1176 = CARTESIAN_POINT ( 'NONE',  ( -1.246725845703547748E-17, -0.1018028909699978113, 0.5044642857101071520 ) ) ;
#1177 = EDGE_CURVE ( 'NONE', #3711, #295, #4772, .T. ) ;
#1178 = ORIENTED_EDGE ( 'NONE', *, *, #5175, .T. ) ;
#1179 = AXIS2_PLACEMENT_3D ( 'NONE', #3759, #905, #3782 ) ;
#1180 = CARTESIAN_POINT ( 'NONE',  ( -0.08838834764831843271, -0.08838834764831858537, 0.05357142857071428566 ) ) ;
#1181 = CARTESIAN_POINT ( 'NONE',  ( 0.08838834764831843271, 0.08838834764831823843, 0.1071428571417142317 ) ) ;
#1182 = CARTESIAN_POINT ( 'NONE',  ( 0.000000000000000000, 0.1018028909699976170, 0.01785714285685709515 ) ) ;
#1183 = CARTESIAN_POINT ( 'NONE',  ( 0.1424406561679322225, -0.1094661346297752386, 0.6250000000000000000 ) ) ;
#1184 = ADVANCED_FACE ( 'NONE', ( #4797 ), #183, .F. ) ;
#1185 = CARTESIAN_POINT ( 'NONE',  ( 0.1643578891110935303, 0.04416995567076278939, 0.8750000000000001110 ) ) ;
#1186 = CARTESIAN_POINT ( 'NONE',  ( -1.246725845703547748E-17, -0.1018028909699979501, 0.04017857142810715015 ) ) ;
#1187 = EDGE_LOOP ( 'NONE', ( #5013, #4417, #3484, #3510 ) ) ;
#1188 = CARTESIAN_POINT ( 'NONE',  ( -0.1249999999999999584, -1.468608231308654299E-17, 0.5491071428524642029 ) ) ;
#1189 = CARTESIAN_POINT ( 'NONE',  ( -0.1018028909699977835, -1.602273328845885097E-18, 0.5982142857093571964 ) ) ;
#1190 = CARTESIAN_POINT ( 'NONE',  ( -0.08838834764831843271, -0.08838834764831859925, 0.01339285714275002814 ) ) ;
#1191 = CARTESIAN_POINT ( 'NONE',  ( -0.05177669529663686543, 0.1249999999999998890, 0.3950892857111249490 ) ) ;
#1192 = CARTESIAN_POINT ( 'NONE',  ( -0.04216813812856259891, -0.1018028909699978946, 0.2165178571409821506 ) ) ;
#1193 = CARTESIAN_POINT ( 'NONE',  ( 0.1249999999999999584, -1.244161918391432925E-16, 0.2812499999974642506 ) ) ;
#1194 = CARTESIAN_POINT ( 'NONE',  ( -0.04216813812856259891, -0.1018028909699978252, 0.4665178571389821949 ) ) ;
#1195 = CARTESIAN_POINT ( 'NONE',  ( 0.1018028909699977835, -1.043321641311668448E-16, 0.3348214285686071934 ) ) ;
#1196 = CARTESIAN_POINT ( 'NONE',  ( 0.1152275101366037335, -0.1499375328083514813, 0.6250000000000000000 ) ) ;
#1197 = CARTESIAN_POINT ( 'NONE',  ( -0.1018028909699977697, 0.04216813812856249483, 0.2745535714262321014 ) ) ;
#1198 = CARTESIAN_POINT ( 'NONE',  ( 0.08608668341437193672, -0.05855100563012533704, 0.7552580611380932396 ) ) ;
#1199 = CARTESIAN_POINT ( 'NONE',  ( 0.1874999999999999167, 2.219009066670379932E-17, 0.6343750000000000222 ) ) ;
#1200 = CARTESIAN_POINT ( 'NONE',  ( 0.000000000000000000, -1.845237008797876145E-16, 0.6116071428572500412 ) ) ;
#1201 = CARTESIAN_POINT ( 'NONE',  ( 0.04216813812856263360, 0.1018028909699976031, 0.1272321428559821388 ) ) ;
#1202 = ORIENTED_EDGE ( 'NONE', *, *, #4118, .T. ) ;
#1203 = CARTESIAN_POINT ( 'NONE',  ( -0.1250000000000000000, 0.05177669529663685849, 0.5066964285673750679 ) ) ;
#1204 = CARTESIAN_POINT ( 'NONE',  ( -0.1018028909699977835, -7.544195023972730348E-17, 0.3482142857113571521 ) ) ;
#1205 = CARTESIAN_POINT ( 'NONE',  ( 0.1424406561679374683, 0.1094661346297699928, 0.6250000000000000000 ) ) ;
#1206 = CARTESIAN_POINT ( 'NONE',  ( 0.08838834764831840496, -0.08838834764831854374, 0.2366071428552500300 ) ) ;
#1207 = EDGE_CURVE ( 'NONE', #3224, #4924, #2603, .T. ) ;
#1208 = CARTESIAN_POINT ( 'NONE',  ( -1.246725845703547748E-17, -0.1018028909699979501, 0.03571428571385715234 ) ) ;
#1209 = CARTESIAN_POINT ( 'NONE',  ( -0.1249999999999999861, 0.05177669529663675441, 0.1897321428553392364 ) ) ;
#1210 = CARTESIAN_POINT ( 'NONE',  ( 0.1349437795129954099, 0.1037047591374690297, 0.8750000000000001110 ) ) ;
#1211 = CARTESIAN_POINT ( 'NONE',  ( 0.1249999999999999584, -1.468318080441479019E-16, 0.2053571428555000244 ) ) ;
#1212 = CARTESIAN_POINT ( 'NONE',  ( 0.08838834764831840496, -0.08838834764831851598, 0.3124999999972143394 ) ) ;
#1213 = CARTESIAN_POINT ( 'NONE',  ( 0.000000000000000000, 7.549139889267777477E-20, 0.000000000000000000 ) ) ;
#1214 = CARTESIAN_POINT ( 'NONE',  ( -0.07198551454928017734, -0.07198551454928027449, 0.2499999999978571585 ) ) ;
#1215 = CARTESIAN_POINT ( 'NONE',  ( -0.1474597276623387798, 0.08495837654814480944, 0.8749999999999997780 ) ) ;
#1216 = CARTESIAN_POINT ( 'NONE',  ( -0.04907772852307398792, 0.1826198767901093256, 0.8750000000000001110 ) ) ;
#1217 = VERTEX_POINT ( 'NONE', #4933 ) ;
#1218 = CARTESIAN_POINT ( 'NONE',  ( 0.07198551454928019122, 0.07198551454928012183, 0.5178571428528571108 ) ) ;
#1219 = CARTESIAN_POINT ( 'NONE',  ( -0.07198551454928017734, -0.07198551454928024673, 0.3571428571398571616 ) ) ;
#1220 = CARTESIAN_POINT ( 'NONE',  ( -0.1826198767988397309, -0.04907772850198856979, 0.6250000000000000000 ) ) ;
#1221 = CARTESIAN_POINT ( 'NONE',  ( 0.04216813812856263360, 0.1018028909699976864, 0.3013392857117320744 ) ) ;
#1222 = CARTESIAN_POINT ( 'NONE',  ( 0.09375000000000001388, -0.05412658773652763433, 0.7578125000000000000 ) ) ;
#1223 = CARTESIAN_POINT ( 'NONE',  ( 0.02454369260617023790, 0.1874999999999999167, 0.6343750000000000222 ) ) ;
#1224 = CYLINDRICAL_SURFACE ( 'NONE', #5452, 0.1249999999999999306 ) ;
#1225 = CARTESIAN_POINT ( 'NONE',  ( -0.04216813812856257809, 0.1018028909699976448, 0.1674107142842320706 ) ) ;
#1226 = CARTESIAN_POINT ( 'NONE',  ( 0.05177669529663685849, -0.1249999999999999861, 0.6272321428521250297 ) ) ;
#1227 = ORIENTED_EDGE ( 'NONE', *, *, #3325, .T. ) ;
#1228 = CARTESIAN_POINT ( 'NONE',  ( -0.1249999999999999584, -1.003928501559894860E-16, 0.2589285714264999982 ) ) ;
#1229 = CARTESIAN_POINT ( 'NONE',  ( 0.1249999999999999722, 0.05177669529663675441, 0.1361607142846250063 ) ) ;
#1230 = CARTESIAN_POINT ( 'NONE',  ( 0.07198551454928016347, -0.07198551454928027449, 0.3258928571401071839 ) ) ;
#1231 = CARTESIAN_POINT ( 'NONE',  ( -0.1556432004982483130, -0.08970713070317513915, 0.6250000000000000000 ) ) ;
#1232 = CARTESIAN_POINT ( 'NONE',  ( 0.000000000000000000, 7.549139889267777477E-20, 2.626164709600468896E-29 ) ) ;
#1233 = CARTESIAN_POINT ( 'NONE',  ( -0.1285714285714285865, -1.845237008797876145E-16, 0.6071428571430000920 ) ) ;
#1234 = FACE_OUTER_BOUND ( 'NONE', #1353, .T. ) ;
#1235 = CARTESIAN_POINT ( 'NONE',  ( 0.08838834764831843271, 0.08838834764831828006, 0.2142857142837142626 ) ) ;
#1236 = CARTESIAN_POINT ( 'NONE',  ( -0.02454369238353786009, -0.1874999999999999167, 0.8750000000000001110 ) ) ;
#1237 = CARTESIAN_POINT ( 'NONE',  ( -0.1018028909699977835, -1.479630614914857880E-16, 0.1026785714276071404 ) ) ;
#1238 = CARTESIAN_POINT ( 'NONE',  ( 0.1232177905933101170, 0.008868731491668032166, 0.6040964710575497110 ) ) ;
#1239 = CARTESIAN_POINT ( 'NONE',  ( -0.07198551454928017734, -0.07198551454928031612, 0.1026785714276071543 ) ) ;
#1240 = CARTESIAN_POINT ( 'NONE',  ( -0.05177669529663686543, 0.1249999999999997780, 0.002232142857124963780 ) ) ;
#1241 = CARTESIAN_POINT ( 'NONE',  ( -0.1018028909699977835, -1.163174856725366289E-16, 0.2098214285696071157 ) ) ;
#1242 = CARTESIAN_POINT ( 'NONE',  ( 0.1249999999999999445, -0.05177669529663704584, 0.2790178571403393315 ) ) ;
#1243 = CARTESIAN_POINT ( 'NONE',  ( -0.1874999999999999167, 2.303761888290553917E-17, 0.8750000000000001110 ) ) ;
#1244 = ORIENTED_EDGE ( 'NONE', *, *, #1317, .T. ) ;
#1245 = CARTESIAN_POINT ( 'NONE',  ( -0.1018028909699977835, -5.302633403463828599E-17, 0.4241071428536071775 ) ) ;
#1246 = CARTESIAN_POINT ( 'NONE',  ( 0.04216813812856255728, -0.1018028909699978252, 0.5066964285672320711 ) ) ;
#1247 = CARTESIAN_POINT ( 'NONE',  ( -0.1073015473987826429, 1.524261125929943153E-14, 0.5950396349400162155 ) ) ;
#1248 = ORIENTED_EDGE ( 'NONE', *, *, #4018, .F. ) ;
#1249 = CARTESIAN_POINT ( 'NONE',  ( 0.1018028909699977558, -0.04216813812856275850, 0.1852678571412321173 ) ) ;
#1250 =( BOUNDED_CURVE ( )  B_SPLINE_CURVE ( 2, ( #5436, #375, #1290, #5042, #2105, #4128, #5072, #4624, #3003 ),
 .UNSPECIFIED., .F., .F. ) 
 B_SPLINE_CURVE_WITH_KNOTS ( ( 3, 2, 2, 2, 3 ),
 ( 0.6973684210526315264, 0.7039473684210526550, 0.7105263157894736725, 0.7171052631578946901, 0.7236842105263158187 ),
 .UNSPECIFIED. ) 
 CURVE ( )  GEOMETRIC_REPRESENTATION_ITEM ( )  RATIONAL_B_SPLINE_CURVE ( ( 1.000000000000000000, 0.9238795325112867385, 1.000000000000000000, 0.9238795325112867385, 1.000000000000000000, 0.9238795325112867385, 1.000000000000000000, 0.9238795325112867385, 1.000000000000000000 ) ) 
 REPRESENTATION_ITEM ( '' )  );
#1251 = CARTESIAN_POINT ( 'NONE',  ( 0.06271835715228439578, -0.07204271508805261404, 0.7502323921391044204 ) ) ;
#1252 = CARTESIAN_POINT ( 'NONE',  ( -0.05177669529663687931, 0.1249999999999998612, 0.2879464285691250014 ) ) ;
#1253 = DIRECTION ( 'NONE',  ( -1.000000000000000000, 0.000000000000000000, 0.000000000000000000 ) ) ;
#1254 = EDGE_CURVE ( 'NONE', #5286, #3570, #3672, .T. ) ;
#1255 = CARTESIAN_POINT ( 'NONE',  ( 0.07198551454928019122, 0.07198551454928003857, 0.1964285714268571292 ) ) ;
#1256 = CARTESIAN_POINT ( 'NONE',  ( -0.04216813812856257809, 0.1018028909699976170, 0.09598214285623213327 ) ) ;
#1257 = CARTESIAN_POINT ( 'NONE',  ( 0.000000000000000000, 0.1249999999999998335, 0.1473214285699642190 ) ) ;
#1258 = LINE ( 'NONE', #5014, #1726 ) ;
#1259 = CONICAL_SURFACE ( 'NONE', #4345, 0.1285714285714285865, 1.053459463225174364 ) ;
#1260 = CARTESIAN_POINT ( 'NONE',  ( -1.246725845703547748E-17, -0.1018028909699978668, 0.3571428571398571616 ) ) ;
#1261 = CARTESIAN_POINT ( 'NONE',  ( -0.08970713070317462567, -0.1556432004982485073, 0.6250000000000000000 ) ) ;
#1262 = FACE_OUTER_BOUND ( 'NONE', #3521, .T. ) ;
#1263 = ORIENTED_EDGE ( 'NONE', *, *, #2932, .T. ) ;
#1264 = CARTESIAN_POINT ( 'NONE',  ( 0.09375000000000001388, 0.05412658773652767596, 0.8750000000000001110 ) ) ;
#1265 = CARTESIAN_POINT ( 'NONE',  ( 0.05177669529663685849, -0.1250000000000001110, 0.2745535714260893267 ) ) ;
#1266 = CARTESIAN_POINT ( 'NONE',  ( 0.08838834764831840496, -0.08838834764831844659, 0.5580357142812500948 ) ) ;
#1267 = CC_DESIGN_APPROVAL ( #722, ( #1405 ) ) ;
#1268 = CARTESIAN_POINT ( 'NONE',  ( -0.04907772852305024996, -0.1826198767901092423, 0.8750000000000001110 ) ) ;
#1269 = CARTESIAN_POINT ( 'NONE',  ( -0.04216813812856259891, -0.1018028909699977835, 0.5736607142809821980 ) ) ;
#1270 = CARTESIAN_POINT ( 'NONE',  ( -0.1249999999999999584, -1.320384259749386574E-16, 0.1517857142844999951 ) ) ;
#1271 = CARTESIAN_POINT ( 'NONE',  ( 0.1018028909699977558, 0.04216813812856245319, 0.1183035714274821293 ) ) ;
#1272 = CARTESIAN_POINT ( 'NONE',  ( -0.04216813812856257809, 0.1018028909699977419, 0.4129464285679820823 ) ) ;
#1273 = CARTESIAN_POINT ( 'NONE',  ( 0.000000000000000000, 0.1249999999999999029, 0.4285714285679999569 ) ) ;
#1274 = CARTESIAN_POINT ( 'NONE',  ( -0.07198551454928017734, -0.07198551454928030224, 0.1785714285698571657 ) ) ;
#1275 = CARTESIAN_POINT ( 'NONE',  ( -0.1499375329496586973, -0.1152275099952965037, 0.8562500000000000666 ) ) ;
#1276 = CARTESIAN_POINT ( 'NONE',  ( -0.1687499999999999001, 0.02208932314516318454, 0.8750000000000001110 ) ) ;
#1277 = CARTESIAN_POINT ( 'NONE',  ( -0.07198551454928017734, 0.07198551454928012183, 0.4553571428533570997 ) ) ;
#1278 = CARTESIAN_POINT ( 'NONE',  ( -0.1018028909699977835, -4.247780876165520625E-17, 0.4598214285676071600 ) ) ;
#1279 = CARTESIAN_POINT ( 'NONE',  ( 0.1249999999999999584, 0.05177669529663672665, 0.06473214285662498568 ) ) ;
#1280 = ORIENTED_EDGE ( 'NONE', *, *, #3652, .F. ) ;
#1281 = ADVANCED_FACE ( 'NONE', ( #3217 ), #753, .T. ) ;
#1282 = CARTESIAN_POINT ( 'NONE',  ( -0.08838834764831843271, -0.08838834764831851598, 0.2633928571407500585 ) ) ;
#1283 = CARTESIAN_POINT ( 'NONE',  ( 0.1249999999999999445, -0.05177669529663702502, 0.3504464285683391855 ) ) ;
#1284 = CARTESIAN_POINT ( 'NONE',  ( -0.02454369260617026219, 0.1874999999999999445, 0.6343750000000001332 ) ) ;
#1285 = DIRECTION ( 'NONE',  ( -1.000000000000000000, 0.000000000000000000, 0.000000000000000000 ) ) ;
#1286 = CARTESIAN_POINT ( 'NONE',  ( 0.04216813812856255728, -0.1018028909699979223, 0.2209821428552321554 ) ) ;
#1287 = CARTESIAN_POINT ( 'NONE',  ( 0.04216813812856255728, -0.1018028909699979778, 0.006696428571232155257 ) ) ;
#1288 =( BOUNDED_CURVE ( )  B_SPLINE_CURVE ( 2, ( #483, #506, #5125, #1415, #1372, #3126, #3077, #4761, #581 ),
 .UNSPECIFIED., .F., .F. ) 
 B_SPLINE_CURVE_WITH_KNOTS ( ( 3, 2, 2, 2, 3 ),
 ( 0.5394736842105263275, 0.5460526315789473450, 0.5526315789473684736, 0.5592105263157894912, 0.5657894736842105088 ),
 .UNSPECIFIED. ) 
 CURVE ( )  GEOMETRIC_REPRESENTATION_ITEM ( )  RATIONAL_B_SPLINE_CURVE ( ( 1.000000000000000000, 0.9238795325112867385, 1.000000000000000000, 0.9238795325112867385, 1.000000000000000000, 0.9238795325112867385, 1.000000000000000000, 0.9238795325112867385, 1.000000000000000000 ) ) 
 REPRESENTATION_ITEM ( '' )  );
#1289 = LINE ( 'NONE', #3320, #837 ) ;
#1290 = CARTESIAN_POINT ( 'NONE',  ( -0.08838834764831843271, -0.08838834764831846047, 0.4464285714247143155 ) ) ;
#1291 = CARTESIAN_POINT ( 'NONE',  ( -0.1249999999999999584, -1.320384259749386574E-16, 0.1517857142844999951 ) ) ;
#1292 = CARTESIAN_POINT ( 'NONE',  ( -0.04216813812856257115, 0.1018028909699977280, 0.4129464285679820823 ) ) ;
#1293 = CARTESIAN_POINT ( 'NONE',  ( -0.1094661346297765570, 0.1424406561679309180, 0.6250000000000000000 ) ) ;
#1294 = CARTESIAN_POINT ( 'NONE',  ( 0.1249999999999999584, -2.947946438229579053E-17, 0.6026785714234642599 ) ) ;
#1295 = CARTESIAN_POINT ( 'NONE',  ( -0.1249999999999999861, -0.05177669529663699727, 0.1584821428555893141 ) ) ;
#1296 = CARTESIAN_POINT ( 'NONE',  ( -0.1874999999999999167, 2.303761888290553917E-17, 0.8562500000000000666 ) ) ;
#1297 = VERTEX_POINT ( 'NONE', #1556 ) ;
#1298 = CARTESIAN_POINT ( 'NONE',  ( 0.1249999999999999584, -1.679288585901140244E-16, 0.1339285714275000039 ) ) ;
#1299 = CARTESIAN_POINT ( 'NONE',  ( -1.246725845703547748E-17, -0.1018028909699979639, -1.428457704812102604E-13 ) ) ;
#1300 = CARTESIAN_POINT ( 'NONE',  ( -0.05177669529663686543, 0.1249999999999997918, 0.03794642857112495715 ) ) ;
#1301 = CARTESIAN_POINT ( 'NONE',  ( 0.1018028909699977558, 0.04216813812856255728, 0.4754464285674820379 ) ) ;
#1302 = CARTESIAN_POINT ( 'NONE',  ( -0.1249999999999999584, -5.819874906405726563E-17, 0.4017857142824999839 ) ) ;
#1303 = CARTESIAN_POINT ( 'NONE',  ( 0.04216813812856255728, -0.1018028909699978807, 0.3281249999972321585 ) ) ;
#1304 = CARTESIAN_POINT ( 'NONE',  ( -0.1874999999999999167, 1.155655514089910824E-17, 0.8562500000000000666 ) ) ;
#1305 = CARTESIAN_POINT ( 'NONE',  ( -0.1129223301833620213, 0.02883721044734664091, 0.01741174390656883078 ) ) ;
#1306 = ORIENTED_EDGE ( 'NONE', *, *, #2491, .T. ) ;
#1307 = CARTESIAN_POINT ( 'NONE',  ( -0.07198551454928017734, -0.07198551454928020510, 0.4999999999958571473 ) ) ;
#1308 = CARTESIAN_POINT ( 'NONE',  ( -0.07198551454928017734, -0.07198551454928023285, 0.4285714285678571267 ) ) ;
#1309 = CARTESIAN_POINT ( 'NONE',  ( 0.09442855863492201351, -0.1638349478928960157, 0.6343750000000000222 ) ) ;
#1310 = VERTEX_POINT ( 'NONE', #1116 ) ;
#1311 = CARTESIAN_POINT ( 'NONE',  ( -0.1018028909699977835, -5.434489969376118714E-17, 0.4196428571393571727 ) ) ;
#1312 = CARTESIAN_POINT ( 'NONE',  ( -0.1249999999999999306, 7.549139889267777477E-20, 0.000000000000000000 ) ) ;
#1313 = COORDINATED_UNIVERSAL_TIME_OFFSET ( 8, 0, .BEHIND. ) ;
#1314 = CARTESIAN_POINT ( 'NONE',  ( -0.09375000000000001388, -0.01821786802258765214, 0.8674104054571581957 ) ) ;
#1315 = CYLINDRICAL_SURFACE ( 'NONE', #4476, 0.1249999999999999306 ) ;
#1316 = VERTEX_POINT ( 'NONE', #239 ) ;
#1317 = EDGE_CURVE ( 'NONE', #592, #1316, #2788, .T. ) ;
#1318 = CARTESIAN_POINT ( 'NONE',  ( 0.07198551454928016347, -0.07198551454928031612, 0.2232142857123571578 ) ) ;
#1319 = CARTESIAN_POINT ( 'NONE',  ( -0.04216813812856259891, -0.1018028909699979778, 0.002232142856982154838 ) ) ;
#1320 = CARTESIAN_POINT ( 'NONE',  ( -0.04216813812856259891, -0.1018028909699979778, 0.002232142856982154838 ) ) ;
#1321 = CARTESIAN_POINT ( 'NONE',  ( -0.1249999999999999584, -8.852575922396795020E-17, 0.2991071428544642141 ) ) ;
#1322 = CARTESIAN_POINT ( 'NONE',  ( 0.1018028909699977558, -0.04216813812856277238, 0.1495535714272321626 ) ) ;
#1323 = CARTESIAN_POINT ( 'NONE',  ( 0.07198551454928019122, 0.07198551454928009408, 0.4062499999966071029 ) ) ;
#1324 = CARTESIAN_POINT ( 'NONE',  ( 0.08838834764831843271, 0.08838834764831837720, 0.5714285714237142821 ) ) ;
#1325 = CYLINDRICAL_SURFACE ( 'NONE', #3953, 0.1249999999999999306 ) ;
#1326 = EDGE_CURVE ( 'NONE', #5111, #1631, #154, .T. ) ;
#1327 = ORIENTED_EDGE ( 'NONE', *, *, #4822, .T. ) ;
#1328 = CARTESIAN_POINT ( 'NONE',  ( 0.09442855881954358155, 0.1638349478164232709, 0.8562500000000000666 ) ) ;
#1329 = CARTESIAN_POINT ( 'NONE',  ( 0.1018028909699977835, -2.005874572471372787E-16, 0.008928571428357125542 ) ) ;
#1330 = CARTESIAN_POINT ( 'NONE',  ( 0.1249999999999999584, -1.244161918391432925E-16, 0.2812499999974642506 ) ) ;
#1331 = CARTESIAN_POINT ( 'NONE',  ( 0.08838834764831840496, -0.08838834764831844659, 0.5937499999952500218 ) ) ;
#1332 = CARTESIAN_POINT ( 'NONE',  ( 0.1874999999999999167, -0.02454369238351226598, 0.8562500000000000666 ) ) ;
#1333 = CARTESIAN_POINT ( 'NONE',  ( 0.08838834764831843271, 0.08838834764831823843, 0.1383928571417499809 ) ) ;
#1334 = CARTESIAN_POINT ( 'NONE',  ( 0.07198551454928019122, 0.07198551454928001081, 0.08482142857060712138 ) ) ;
#1335 = CARTESIAN_POINT ( 'NONE',  ( 0.1018028909699977558, 0.04216813812856256422, 0.5111607142814821314 ) ) ;
#1336 = CARTESIAN_POINT ( 'NONE',  ( -0.04216813812856257115, 0.1018028909699977697, 0.4531249999962321251 ) ) ;
#1337 = CARTESIAN_POINT ( 'NONE',  ( -0.1874999999999999167, -0.02454369260617027260, 0.8562500000000001776 ) ) ;
#1338 = CARTESIAN_POINT ( 'NONE',  ( -0.03327097505398962651, 0.1071132972933581118, 0.01371140504454423578 ) ) ;
#1339 = CARTESIAN_POINT ( 'NONE',  ( 0.07198551454928019122, 0.07198551454928012183, 0.5178571428528571108 ) ) ;
#1340 = CARTESIAN_POINT ( 'NONE',  ( -0.02454369240633560989, -0.1874999999999998890, 0.6343750000000000222 ) ) ;
#1341 = ORIENTED_EDGE ( 'NONE', *, *, #3032, .F. ) ;
#1342 = CARTESIAN_POINT ( 'NONE',  ( 0.04216813812856263360, 0.1018028909699977003, 0.4084821428537320220 ) ) ;
#1343 = CARTESIAN_POINT ( 'NONE',  ( -0.1250000000000000000, 0.05177669529663685849, 0.5111607142813393567 ) ) ;
#1344 = CARTESIAN_POINT ( 'NONE',  ( 0.1249999999999999584, -5.057651492826188838E-17, 0.5312499999954642949 ) ) ;
#1345 = DIRECTION ( 'NONE',  ( 1.000000000000000000, 0.000000000000000000, 0.000000000000000000 ) ) ;
#1346 = ORIENTED_EDGE ( 'NONE', *, *, #3624, .T. ) ;
#1347 = CARTESIAN_POINT ( 'NONE',  ( 0.07198551454928016347, -0.07198551454928028837, 0.2946428571403572061 ) ) ;
#1348 = CARTESIAN_POINT ( 'NONE',  ( -0.1018028909699977697, 0.04216813812856239768, 0.02901785714248212439 ) ) ;
#1349 = CARTESIAN_POINT ( 'NONE',  ( -0.07198551454928017734, 0.07198551454928003857, 0.1294642857131071134 ) ) ;
#1350 = CARTESIAN_POINT ( 'NONE',  ( -0.04216813812856259891, -0.1018028909699978113, 0.4977678571387321727 ) ) ;
#1351 = CARTESIAN_POINT ( 'NONE',  ( -0.1874999999999999167, 0.02454369240633882954, 0.6250000000000000000 ) ) ;
#1352 = CARTESIAN_POINT ( 'NONE',  ( 0.04384972740907269739, 0.1170564026704648264, 0.6051106034961074576 ) ) ;
#1353 = EDGE_LOOP ( 'NONE', ( #4876, #125, #2238, #2637 ) ) ;
#1354 = VECTOR ( 'NONE', #2787, 39.37007874015748854 ) ;
#1355 = CARTESIAN_POINT ( 'NONE',  ( 0.04216813812856255728, -0.1018028909699979501, 0.1808035714269821681 ) ) ;
#1356 = CARTESIAN_POINT ( 'NONE',  ( -0.1249999999999999861, -0.05177669529663694176, 0.3727678571395892093 ) ) ;
#1357 = CARTESIAN_POINT ( 'NONE',  ( 0.1249999999999999584, -3.079803004133425890E-17, 0.5982142857095000821 ) ) ;
#1358 = EDGE_CURVE ( 'NONE', #1562, #3617, #1038, .T. ) ;
#1359 = CARTESIAN_POINT ( 'NONE',  ( 0.01539068948143321701, -0.09936735675793523237, 0.8703376562697849872 ) ) ;
#1360 = CARTESIAN_POINT ( 'NONE',  ( -0.1018028909699977835, -1.703786776965748301E-16, 0.02678571428535712548 ) ) ;
#1361 = CARTESIAN_POINT ( 'NONE',  ( 0.04216813812856263360, 0.1018028909699977558, 0.5156249999957320806 ) ) ;
#1362 = LOCAL_TIME ( 17, 51, 20.00000000000000000, #1100 ) ;
#1363 = EDGE_CURVE ( 'NONE', #4764, #1005, #1634, .T. ) ;
#1364 = CARTESIAN_POINT ( 'NONE',  ( -0.1018028909699977835, -0.04216813812856266136, 0.3191964285687322045 ) ) ;
#1365 = VECTOR ( 'NONE', #5337, 39.37007874015748143 ) ;
#1366 = CARTESIAN_POINT ( 'NONE',  ( 0.000000000000000000, 7.549139889267777477E-20, 0.000000000000000000 ) ) ;
#1367 = CARTESIAN_POINT ( 'NONE',  ( 0.1874999999999999167, -0.02454369238351226598, 0.8562500000000000666 ) ) ;
#1368 = ORIENTED_EDGE ( 'NONE', *, *, #5341, .F. ) ;
#1369 = CARTESIAN_POINT ( 'NONE',  ( 0.1018028909699977835, -8.323511358520073461E-17, 0.4062499999966071584 ) ) ;
#1370 = CARTESIAN_POINT ( 'NONE',  ( 0.1152275101366037335, -0.1499375328083514536, 0.6343750000000000222 ) ) ;
#1371 = FACE_BOUND ( 'NONE', #528, .T. ) ;
#1372 = CARTESIAN_POINT ( 'NONE',  ( -1.530808498934191201E-17, -0.1250000000000000555, 0.3749999999970000664 ) ) ;
#1373 = CARTESIAN_POINT ( 'NONE',  ( 0.000000000000000000, -1.845237008797876145E-16, 0.9886549160387958501 ) ) ;
#1374 = CARTESIAN_POINT ( 'NONE',  ( -0.07198551454928017734, -0.07198551454928026061, 0.3214285714258571236 ) ) ;
#1375 = CARTESIAN_POINT ( 'NONE',  ( -0.1018028909699977697, 0.04216813812856239074, -0.006696428571517888499 ) ) ;
#1376 = CARTESIAN_POINT ( 'NONE',  ( -0.1018028909699977835, -1.387331018776256217E-16, 0.1339285714273571182 ) ) ;
#1377 = CARTESIAN_POINT ( 'NONE',  ( -0.04216813812856257115, 0.1018028909699977697, 0.5558035714239820679 ) ) ;
#1378 = CARTESIAN_POINT ( 'NONE',  ( -0.02454369240633560989, -0.1874999999999998890, 0.6343750000000000222 ) ) ;
#1379 = CARTESIAN_POINT ( 'NONE',  ( -0.1249999999999999584, -9.907428449695101146E-17, 0.2633928571404642316 ) ) ;
#1380 = CARTESIAN_POINT ( 'NONE',  ( -0.05177669529663686543, 0.1249999999999998890, 0.3995535714250892378 ) ) ;
#1381 = ADVANCED_FACE ( 'NONE', ( #2019 ), #319, .T. ) ;
#1382 = DIRECTION ( 'NONE',  ( 1.000000000000000000, 0.000000000000000000, 0.000000000000000000 ) ) ;
#1383 = CARTESIAN_POINT ( 'NONE',  ( 0.1249999999999999584, -1.877073434770416354E-16, 0.06696428571346425829 ) ) ;
#1384 = CARTESIAN_POINT ( 'NONE',  ( 0.1018028909699977558, 0.04216813812856259891, 0.5825892857094820965 ) ) ;
#1385 = CARTESIAN_POINT ( 'NONE',  ( -0.1018028909699977835, -7.412338458060439618E-17, 0.3526785714256071569 ) ) ;
#1386 = CARTESIAN_POINT ( 'NONE',  ( 0.000000000000000000, 7.549139889267777477E-20, 0.000000000000000000 ) ) ;
#1387 = CARTESIAN_POINT ( 'NONE',  ( 0.05177669529663685849, -0.1250000000000001943, 0.05580357142812503168 ) ) ;
#1388 = CARTESIAN_POINT ( 'NONE',  ( -0.07198551454928017734, -0.07198551454928019122, 0.5714285714238571678 ) ) ;
#1389 = CARTESIAN_POINT ( 'NONE',  ( -0.06271835715228400721, -0.07204271508805232260, 0.8674198921391041983 ) ) ;
#1390 = CARTESIAN_POINT ( 'NONE',  ( -0.04216813812856259891, -0.1018028909699978252, 0.4263392857107321521 ) ) ;
#1391 = AXIS2_PLACEMENT_3D ( 'NONE', #1373, #2753, #3127 ) ;
#1392 = CARTESIAN_POINT ( 'NONE',  ( 0.1249999999999999584, -1.151862322251987181E-16, 0.3124999999975000553 ) ) ;
#1393 = CARTESIAN_POINT ( 'NONE',  ( -0.1249999999999999584, -2.523460758606960732E-17, 0.5133928571384642758 ) ) ;
#1394 = CARTESIAN_POINT ( 'NONE',  ( 0.000000000000000000, -1.104688079777929626E-16, 0.8750000000000001110 ) ) ;
#1395 = ORIENTED_EDGE ( 'NONE', *, *, #5341, .T. ) ;
#1396 = CARTESIAN_POINT ( 'NONE',  ( 0.1018028909699977558, 0.04216813812856250870, 0.3370535714257320570 ) ) ;
#1397 = VERTEX_POINT ( 'NONE', #3643 ) ;
#1398 = CARTESIAN_POINT ( 'NONE',  ( 0.04216813812856255728, -0.1018028909699979223, 0.2209821428552321554 ) ) ;
#1399 = CARTESIAN_POINT ( 'NONE',  ( -0.04216813812856259891, -0.1018028909699979084, 0.2120535714267321736 ) ) ;
#1400 = CARTESIAN_POINT ( 'NONE',  ( -0.1018028909699977835, -0.04216813812856259891, 0.5647321428524821885 ) ) ;
#1401 = CARTESIAN_POINT ( 'NONE',  ( 0.1826198767988400085, -0.04907772850198804937, 0.6250000000000000000 ) ) ;
#1402 = CARTESIAN_POINT ( 'NONE',  ( 0.03593263620727660951, 0.1030301213067141841, 0.5960713666338773864 ) ) ;
#1403 = CARTESIAN_POINT ( 'NONE',  ( -0.1018028909699977835, 0.04216813812856243932, 0.1316964285702321436 ) ) ;
#1404 = CARTESIAN_POINT ( 'NONE',  ( 0.1249999999999999584, -1.138676665661602559E-16, 0.3169642857114642887 ) ) ;
#1405 = PRODUCT_DEFINITION ( 'UNKNOWN', '', #3233, #4727 ) ;
#1406 = DIRECTION ( 'NONE',  ( -0.5000000000000002220, 0.8660254037844385966, 0.000000000000000000 ) ) ;
#1407 = CARTESIAN_POINT ( 'NONE',  ( -1.530808498934191201E-17, -0.1250000000000001388, -0.01339285714303570934 ) ) ;
#1408 = CARTESIAN_POINT ( 'NONE',  ( -0.04216813812856257115, 0.1018028909699977280, 0.3816964285682321045 ) ) ;
#1409 = CYLINDRICAL_SURFACE ( 'NONE', #4893, 0.1249999999999999306 ) ;
#1410 = CARTESIAN_POINT ( 'NONE',  ( -0.04907772852304901484, -0.1826198767901120179, 0.8562500000000000666 ) ) ;
#1411 = CARTESIAN_POINT ( 'NONE',  ( -0.07198551454928017734, -0.07198551454928035775, -0.004464285714392854897 ) ) ;
#1412 = CARTESIAN_POINT ( 'NONE',  ( 0.1228785138128288823, -3.018329000912663930E-14, 0.6039034120447082099 ) ) ;
#1413 = CARTESIAN_POINT ( 'NONE',  ( -0.07198551454928017734, -0.07198551454928019122, 0.5669642857096071076 ) ) ;
#1414 = CARTESIAN_POINT ( 'NONE',  ( 0.05177669529663685849, -0.1250000000000001110, 0.3058035714261250759 ) ) ;
#1415 = CARTESIAN_POINT ( 'NONE',  ( -0.05177669529663687931, -0.1250000000000000555, 0.3727678571398750917 ) ) ;
#1416 = CARTESIAN_POINT ( 'NONE',  ( 0.1249999999999999584, -7.167356547422802322E-17, 0.4598214285674642743 ) ) ;
#1417 = CARTESIAN_POINT ( 'NONE',  ( 0.07198551454928016347, -0.07198551454928030224, 0.2589285714263571681 ) ) ;
#1418 = CARTESIAN_POINT ( 'NONE',  ( 0.1018028909699977558, 0.04216813812856246707, 0.1584821428557321443 ) ) ;
#1419 = VERTEX_POINT ( 'NONE', #5323 ) ;
#1420 = CARTESIAN_POINT ( 'NONE',  ( 0.000000000000000000, 0.1018028909699976309, 0.08928571428485709838 ) ) ;
#1421 = CARTESIAN_POINT ( 'NONE',  ( 0.07198551454928016347, -0.07198551454928031612, 0.2187499999981071530 ) ) ;
#1422 = CARTESIAN_POINT ( 'NONE',  ( 0.04216813812856263360, 0.1018028909699977697, 0.5870535714237322678 ) ) ;
#1423 = CARTESIAN_POINT ( 'NONE',  ( -0.02454369240633530458, 0.1874999999999999167, 0.6250000000000000000 ) ) ;
#1424 = DIRECTION ( 'NONE',  ( -0.000000000000000000, -0.000000000000000000, -1.000000000000000000 ) ) ;
#1425 = CARTESIAN_POINT ( 'NONE',  ( -0.07198551454928017734, -0.07198551454928019122, 0.5357142857098571298 ) ) ;
#1426 = CARTESIAN_POINT ( 'NONE',  ( -0.05177669529663687931, -0.1250000000000001388, 0.05133928571387504081 ) ) ;
#1427 = CARTESIAN_POINT ( 'NONE',  ( 0.04216813812856263360, 0.1018028909699976170, 0.08705357142773209600 ) ) ;
#1428 = CARTESIAN_POINT ( 'NONE',  ( 0.05177669529663697645, 0.1249999999999998473, 0.3236607142828392125 ) ) ;
#1429 =( BOUNDED_CURVE ( )  B_SPLINE_CURVE ( 2, ( #4583, #1103, #358, #3305, #2461, #4967, #1976, #4944, #1188 ),
 .UNSPECIFIED., .F., .F. ) 
 B_SPLINE_CURVE_WITH_KNOTS ( ( 3, 2, 2, 2, 3 ),
 ( 0.8289473684210526550, 0.8355263157894736725, 0.8421052631578946901, 0.8486842105263158187, 0.8552631578947368363 ),
 .UNSPECIFIED. ) 
 CURVE ( )  GEOMETRIC_REPRESENTATION_ITEM ( )  RATIONAL_B_SPLINE_CURVE ( ( 1.000000000000000000, 0.9238795325112867385, 1.000000000000000000, 0.9238795325112867385, 1.000000000000000000, 0.9238795325112867385, 1.000000000000000000, 0.9238795325112867385, 1.000000000000000000 ) ) 
 REPRESENTATION_ITEM ( '' )  );
#1430 = EDGE_LOOP ( 'NONE', ( #3950, #1171, #561, #2510 ) ) ;
#1431 = DIRECTION ( 'NONE',  ( -1.000000000000000000, 0.000000000000000000, 0.000000000000000000 ) ) ;
#1432 = CARTESIAN_POINT ( 'NONE',  ( -0.07198551454928017734, 0.07198551454928017734, 0.6294642857091072852 ) ) ;
#1433 = CARTESIAN_POINT ( 'NONE',  ( -0.08838834764831843271, -0.08838834764831846047, 0.4419642857107499712 ) ) ;
#1434 = CARTESIAN_POINT ( 'NONE',  ( 0.09375000000000020817, 2.561107471552864931E-17, 0.7494390877365275649 ) ) ;
#1435 = CARTESIAN_POINT ( 'NONE',  ( 0.000000000000000000, 7.549139889267777477E-20, 0.000000000000000000 ) ) ;
#1436 = CARTESIAN_POINT ( 'NONE',  ( 0.07198551454928019122, 0.07198551454928014959, 0.5892857142808570758 ) ) ;
#1437 = CARTESIAN_POINT ( 'NONE',  ( 0.1249999999999999306, 1.538357638823458624E-17, 0.000000000000000000 ) ) ;
#1438 = CARTESIAN_POINT ( 'NONE',  ( 0.04216813812856255728, -0.1018028909699978529, 0.4665178571389821949 ) ) ;
#1439 = DIRECTION ( 'NONE',  ( 0.000000000000000000, 0.000000000000000000, -1.000000000000000000 ) ) ;
#1440 = AXIS2_PLACEMENT_3D ( 'NONE', #4931, #1141, #1529 ) ;
#1441 = CARTESIAN_POINT ( 'NONE',  ( 0.04216813812856255728, -0.1018028909699979501, 0.1495535714272321626 ) ) ;
#1442 = CARTESIAN_POINT ( 'NONE',  ( -0.1781249999999999223, 3.774569944633888739E-20, 0.6250000000000000000 ) ) ;
#1443 = AXIS2_PLACEMENT_3D ( 'NONE', #1656, #5088, #454 ) ;
#1444 = CARTESIAN_POINT ( 'NONE',  ( 0.04216813812856263360, 0.1018028909699976725, 0.2700892857119820967 ) ) ;
#1445 = CARTESIAN_POINT ( 'NONE',  ( -0.1018028909699977697, 0.04216813812856247401, 0.2433035714264820959 ) ) ;
#1446 = EDGE_CURVE ( 'NONE', #3865, #2841, #4464, .T. ) ;
#1447 = CARTESIAN_POINT ( 'NONE',  ( -0.1018028909699977697, -0.04216813812856271687, 0.1004464285704821380 ) ) ;
#1448 = CARTESIAN_POINT ( 'NONE',  ( -0.08495837654803028993, -0.1474597276623777209, 0.8750000000000001110 ) ) ;
#1449 = CARTESIAN_POINT ( 'NONE',  ( -0.1018028909699977697, 0.04216813812856250870, 0.3816964285682321045 ) ) ;
#1450 = CARTESIAN_POINT ( 'NONE',  ( -0.07198551454928017734, 0.07198551454928013571, 0.4866071428531070775 ) ) ;
#1451 = CARTESIAN_POINT ( 'NONE',  ( 0.09442855863492054247, -0.1638349478928924075, 0.6250000000000000000 ) ) ;
#1452 = CARTESIAN_POINT ( 'NONE',  ( -0.05177669529663687931, 0.1249999999999999584, 0.5736607142811249727 ) ) ;
#1453 = CARTESIAN_POINT ( 'NONE',  ( 0.1094882143615810294, -0.1424225543225512702, 0.6250000000000001110 ) ) ;
#1454 = CIRCLE ( 'NONE', #3663, 0.09821428571449992984 ) ;
#1455 = CARTESIAN_POINT ( 'NONE',  ( 0.1018028909699977835, -1.583933561552050337E-16, 0.1517857142843571372 ) ) ;
#1456 = CARTESIAN_POINT ( 'NONE',  ( 0.1249999999999999584, -0.05177669529663703196, 0.3147321428543392585 ) ) ;
#1457 =( BOUNDED_CURVE ( )  B_SPLINE_CURVE ( 2, ( #1999, #3677, #5361, #655, #4987, #1150, #2399, #4959, #703 ),
 .UNSPECIFIED., .F., .F. ) 
 B_SPLINE_CURVE_WITH_KNOTS ( ( 3, 2, 2, 2, 3 ),
 ( 0.1184210526315789408, 0.1250000000000000000, 0.1315789473684210453, 0.1381578947368421184, 0.1447368421052631637 ),
 .UNSPECIFIED. ) 
 CURVE ( )  GEOMETRIC_REPRESENTATION_ITEM ( )  RATIONAL_B_SPLINE_CURVE ( ( 1.000000000000000000, 0.9238795325112867385, 1.000000000000000000, 0.9238795325112867385, 1.000000000000000000, 0.9238795325112867385, 1.000000000000000000, 0.9238795325112867385, 1.000000000000000000 ) ) 
 REPRESENTATION_ITEM ( '' )  );
#1458 = CYLINDRICAL_SURFACE ( 'NONE', #4443, 0.1249999999999999306 ) ;
#1459 = CARTESIAN_POINT ( 'NONE',  ( -0.1249999999999999861, -0.05177669529663706666, -0.02008928571441073382 ) ) ;
#1460 = CARTESIAN_POINT ( 'NONE',  ( 0.1249999999999999584, -5.189508058730038141E-17, 0.5267857142815000060 ) ) ;
#1461 = CARTESIAN_POINT ( 'NONE',  ( 0.000000000000000000, 7.549139889267777477E-20, 0.000000000000000000 ) ) ;
#1462 = CARTESIAN_POINT ( 'NONE',  ( -0.09374999999999998612, -0.05412658773652766209, 0.7578125000000000000 ) ) ;
#1463 = CARTESIAN_POINT ( 'NONE',  ( -0.1018028909699977835, -1.809272029695578421E-16, -0.008928571428642876132 ) ) ;
#1464 = CARTESIAN_POINT ( 'NONE',  ( 0.09375000000000001388, 0.05412658773652767596, 0.7578125000000000000 ) ) ;
#1465 = CARTESIAN_POINT ( 'NONE',  ( -0.04216813812856257809, 0.1018028909699977558, 0.5200892857099821409 ) ) ;
#1466 = CARTESIAN_POINT ( 'NONE',  ( -0.04216813812856259891, -0.1018028909699979223, 0.1450892857129821856 ) ) ;
#1467 = CARTESIAN_POINT ( 'NONE',  ( 0.1687499999999999001, -0.02208932314516103348, 0.8750000000000001110 ) ) ;
#1468 = VERTEX_POINT ( 'NONE', #3401 ) ;
#1469 = CARTESIAN_POINT ( 'NONE',  ( 0.1018028909699977558, -0.04216813812856280014, 0.04687499999948212953 ) ) ;
#1470 = CARTESIAN_POINT ( 'NONE',  ( 0.000000000000000000, 0.1018028909699976586, 0.2008928571411070785 ) ) ;
#1471 = CARTESIAN_POINT ( 'NONE',  ( -0.1018028909699977697, 0.04216813812856243238, 0.1316964285702321436 ) ) ;
#1472 = CARTESIAN_POINT ( 'NONE',  ( -0.07198551454928017734, 0.07198551454928008020, 0.3080357142831071093 ) ) ;
#1473 = CARTESIAN_POINT ( 'NONE',  ( -0.01601754723999716801, -0.1005349033433849543, 0.003588605255498095257 ) ) ;
#1474 = FACE_OUTER_BOUND ( 'NONE', #4233, .T. ) ;
#1475 = CARTESIAN_POINT ( 'NONE',  ( 0.05177669529663696951, 0.1249999999999998612, 0.3906249999968749442 ) ) ;
#1476 = TOROIDAL_SURFACE ( 'NONE', #2217, 0.1419642857141786008, 0.01339285714275000039 ) ;
#1477 = ADVANCED_FACE ( 'NONE', ( #4232 ), #401, .T. ) ;
#1478 = CARTESIAN_POINT ( 'NONE',  ( -0.07198551454928017734, -0.07198551454928016347, 0.6428571428518571329 ) ) ;
#1479 = CARTESIAN_POINT ( 'NONE',  ( 0.1249999999999999445, -0.05177669529663701808, 0.3861607142823393346 ) ) ;
#1480 = CARTESIAN_POINT ( 'NONE',  ( -0.1826198767988327643, 0.04907772850199276782, 0.6250000000000000000 ) ) ;
#1481 = CARTESIAN_POINT ( 'NONE',  ( -1.246725845703547748E-17, -0.1018028909699978807, 0.2857142857118571966 ) ) ;
#1482 = CARTESIAN_POINT ( 'NONE',  ( 0.05177669529663697645, 0.1249999999999999167, 0.5379464285668392742 ) ) ;
#1483 = ADVANCED_FACE ( 'NONE', ( #3345 ), #2477, .F. ) ;
#1484 = FACE_OUTER_BOUND ( 'NONE', #4068, .T. ) ;
#1485 = CARTESIAN_POINT ( 'NONE',  ( -0.1249999999999999584, -1.201713350429171340E-16, 0.1919642857124642388 ) ) ;
#1486 = CARTESIAN_POINT ( 'NONE',  ( 0.1018028909699977835, -2.126252760642529903E-17, 0.6160714285663572154 ) ) ;
#1487 = DATE_AND_TIME ( #3049, #3923 ) ;
#1488 = FACE_OUTER_BOUND ( 'NONE', #3631, .T. ) ;
#1489 = CARTESIAN_POINT ( 'NONE',  ( -0.1687499999999999001, -0.02208932314516313944, 0.8750000000000001110 ) ) ;
#1490 = CARTESIAN_POINT ( 'NONE',  ( -0.07198551454928017734, 0.07198551454927998305, -0.01339285714289289823 ) ) ;
#1491 = CARTESIAN_POINT ( 'NONE',  ( 0.1182456769069663710, -0.02966111349424207719, 0.6032205454276261536 ) ) ;
#1492 = CARTESIAN_POINT ( 'NONE',  ( -0.04216813812856257809, 0.1018028909699977558, 0.4843749999959821584 ) ) ;
#1493 = CARTESIAN_POINT ( 'NONE',  ( 0.000000000000000000, 0.1249999999999998751, 0.3571428571399999363 ) ) ;
#1494 = CARTESIAN_POINT ( 'NONE',  ( -0.04216813812856257115, 0.1018028909699976448, 0.1674107142842321261 ) ) ;
#1495 = CARTESIAN_POINT ( 'NONE',  ( -0.1643578891110873685, 0.04416995567076558576, 0.8750000000000001110 ) ) ;
#1496 = CARTESIAN_POINT ( 'NONE',  ( -0.1018028909699977697, 0.04216813812856250177, 0.3504464285684821268 ) ) ;
#1497 = CARTESIAN_POINT ( 'NONE',  ( -0.1018028909699977697, -0.04216813812856269605, 0.2120535714267321736 ) ) ;
#1498 = CARTESIAN_POINT ( 'NONE',  ( -0.1018028909699977835, -1.492816271506086830E-16, 0.09821428571335712177 ) ) ;
#1499 = CARTESIAN_POINT ( 'NONE',  ( 0.1018028909699977835, -1.056507297902897521E-16, 0.3303571428543571886 ) ) ;
#1500 = CARTESIAN_POINT ( 'NONE',  ( -1.530808498934191201E-17, -0.1249999999999999861, 0.5580357142809643234 ) ) ;
#1501 = CARTESIAN_POINT ( 'NONE',  ( 0.1249999999999999584, -1.033191412931771823E-16, 0.3526785714254642712 ) ) ;
#1502 = CARTESIAN_POINT ( 'NONE',  ( -0.1249999999999999584, -7.929579961002337581E-17, 0.3303571428545000188 ) ) ;
#1503 = ORIENTED_EDGE ( 'NONE', *, *, #2386, .T. ) ;
#1504 = CARTESIAN_POINT ( 'NONE',  ( 0.1638349478928962932, -0.09442855863492154167, 0.6343750000000000222 ) ) ;
#1505 = CARTESIAN_POINT ( 'NONE',  ( -0.05177669529663686543, 0.1249999999999998057, 0.1093749999991249638 ) ) ;
#1506 = CARTESIAN_POINT ( 'NONE',  ( 0.04216813812856255728, -0.1018028909699979223, 0.2165178571409821506 ) ) ;
#1507 = CARTESIAN_POINT ( 'NONE',  ( 0.08838834764831843271, 0.08838834764831836333, 0.4642857142817142790 ) ) ;
#1508 = CARTESIAN_POINT ( 'NONE',  ( 0.1018028909699977697, -0.04216813812856266830, 0.5111607142814821314 ) ) ;
#1509 = ORIENTED_EDGE ( 'NONE', *, *, #5101, .F. ) ;
#1510 = ORIENTED_EDGE ( 'NONE', *, *, #5408, .F. ) ;
#1511 = ORIENTED_EDGE ( 'NONE', *, *, #278, .F. ) ;
#1512 = ADVANCED_FACE ( 'NONE', ( #4650 ), #3371, .T. ) ;
#1513 = CARTESIAN_POINT ( 'NONE',  ( -0.05416673289350169840, 0.08731786028694712987, 0.5921876983327818422 ) ) ;
#1514 = CARTESIAN_POINT ( 'NONE',  ( 0.1249999999999999722, 0.05177669529663673359, 0.06919642857058926066 ) ) ;
#1515 = APPROVAL_STATUS ( 'not_yet_approved' ) ;
#1516 = CARTESIAN_POINT ( 'NONE',  ( -0.1041146123564885562, -0.05749500186708478289, 0.02012604347905009097 ) ) ;
#1517 = CARTESIAN_POINT ( 'NONE',  ( 0.07913058690011842700, 0.07370405888848462206, 0.009680953491814003539 ) ) ;
#1518 = EDGE_CURVE ( 'NONE', #4133, #5029, #3693, .T. ) ;
#1519 = CARTESIAN_POINT ( 'NONE',  ( 0.05177669529663696951, 0.1249999999999998057, 0.2120535714268750038 ) ) ;
#1520 = CARTESIAN_POINT ( 'NONE',  ( -0.1249999999999999584, -8.852575922396795020E-17, 0.2991071428544642141 ) ) ;
#1521 = CARTESIAN_POINT ( 'NONE',  ( -0.1018028909699977835, 0.04216813812856244625, 0.1718749999984821031 ) ) ;
#1522 = CARTESIAN_POINT ( 'NONE',  ( 0.08498570275245255490, 0.1474514531114731741, 0.8750000000000001110 ) ) ;
#1523 = CARTESIAN_POINT ( 'NONE',  ( 0.04216813812856255728, -0.1018028909699978668, 0.3995535714252321791 ) ) ;
#1524 = ORIENTED_EDGE ( 'NONE', *, *, #5057, .T. ) ;
#1525 = AXIS2_PLACEMENT_3D ( 'NONE', #1946, #3630, #2431 ) ;
#1526 = CARTESIAN_POINT ( 'NONE',  ( 0.07198551454928019122, 0.07198551454928005244, 0.2678571428548571220 ) ) ;
#1527 = CARTESIAN_POINT ( 'NONE',  ( 0.04216813812856263360, 0.1018028909699976170, 0.1584821428557320888 ) ) ;
#1528 = CARTESIAN_POINT ( 'NONE',  ( 0.1018028909699977558, 0.04216813812856250177, 0.2968749999974821252 ) ) ;
#1529 = DIRECTION ( 'NONE',  ( 1.000000000000000000, 0.000000000000000000, 0.000000000000000000 ) ) ;
#1530 = CARTESIAN_POINT ( 'NONE',  ( -0.1249999999999999584, -1.531354765209047799E-16, 0.08035714285650000233 ) ) ;
#1531 = SECURITY_CLASSIFICATION ( '', '', #1126 ) ;
#1532 = CARTESIAN_POINT ( 'NONE',  ( -1.530808498934191201E-17, -0.1249999999999999861, 0.5535714285670001455 ) ) ;
#1533 = ORIENTED_EDGE ( 'NONE', *, *, #4111, .F. ) ;
#1534 = CARTESIAN_POINT ( 'NONE',  ( -0.09375000000000002776, 0.05412658773652766209, 0.7578125000000000000 ) ) ;
#1535 = CARTESIAN_POINT ( 'NONE',  ( 0.05177669529663697645, 0.1249999999999997780, 0.1049107142848750007 ) ) ;
#1536 = CARTESIAN_POINT ( 'NONE',  ( 0.04216813812856263360, 0.1018028909699976448, 0.1941964285697320991 ) ) ;
#1537 = CARTESIAN_POINT ( 'NONE',  ( -0.05177669529663686543, 0.1249999999999999167, 0.4352678571390893314 ) ) ;
#1538 = CARTESIAN_POINT ( 'NONE',  ( -0.1018028909699977835, 0.04216813812856254340, 0.4933035714244821124 ) ) ;
#1539 = VERTEX_POINT ( 'NONE', #5010 ) ;
#1540 = CARTESIAN_POINT ( 'NONE',  ( 0.08838834764831840496, -0.08838834764831855761, 0.1339285714272142602 ) ) ;
#1541 = CARTESIAN_POINT ( 'NONE',  ( 0.08838834764831843271, 0.08838834764831836333, 0.4955357142817500282 ) ) ;
#1542 = DIRECTION ( 'NONE',  ( -0.000000000000000000, -0.000000000000000000, -1.000000000000000000 ) ) ;
#1543 = CARTESIAN_POINT ( 'NONE',  ( -0.07844243687486911198, -0.06296441342745923153, 0.7527099789582292200 ) ) ;
#1544 = ADVANCED_FACE ( 'NONE', ( #2944 ), #895, .T. ) ;
#1545 = ORIENTED_EDGE ( 'NONE', *, *, #5199, .F. ) ;
#1546 = CARTESIAN_POINT ( 'NONE',  ( 0.05177669529663696951, 0.1249999999999998612, 0.3593749999968393061 ) ) ;
#1547 = CARTESIAN_POINT ( 'NONE',  ( -0.09375000000000020817, -0.01822629401375030697, 0.7502239531706377251 ) ) ;
#1548 = CARTESIAN_POINT ( 'NONE',  ( 0.000000000000000000, 0.1018028909699976309, 0.1294642857131071134 ) ) ;
#1549 = CARTESIAN_POINT ( 'NONE',  ( 0.07198551454928016347, -0.07198551454928027449, 0.3660714285683571712 ) ) ;
#1550 = CARTESIAN_POINT ( 'NONE',  ( -0.07198551454928017734, 0.07198551454928008020, 0.3124999999973571141 ) ) ;
#1551 = CARTESIAN_POINT ( 'NONE',  ( 0.07198551454928019122, 0.07198551454928006632, 0.2991071428546070998 ) ) ;
#1552 = CARTESIAN_POINT ( 'NONE',  ( 0.07198551454928019122, 0.07198551454928006632, 0.2991071428546070998 ) ) ;
#1553 = CARTESIAN_POINT ( 'NONE',  ( -0.08838834764831843271, -0.08838834764831852986, 0.2276785714267500482 ) ) ;
#1554 = CARTESIAN_POINT ( 'NONE',  ( 0.05177669529663685849, -0.1250000000000000278, 0.5602678571380893535 ) ) ;
#1555 = CARTESIAN_POINT ( 'NONE',  ( 0.1049234961132477911, -0.008152901263294921180, 0.006709210398671667901 ) ) ;
#1556 = CARTESIAN_POINT ( 'NONE',  ( 0.1249999999999999584, -1.573803333171309632E-16, 0.1696428571415000142 ) ) ;
#1557 = VERTEX_POINT ( 'NONE', #5067 ) ;
#1558 = CARTESIAN_POINT ( 'NONE',  ( -0.05177669529663686543, 0.1249999999999997918, 0.07366071428512496744 ) ) ;
#1559 = CARTESIAN_POINT ( 'NONE',  ( 0.1018028909699977697, -0.04216813812856275157, 0.2209821428552321276 ) ) ;
#1560 = CARTESIAN_POINT ( 'NONE',  ( 0.1249999999999999584, -0.05177669529663699033, 0.4575892857103393552 ) ) ;
#1561 = CARTESIAN_POINT ( 'NONE',  ( -0.07198551454928017734, -0.07198551454928020510, 0.4642857142818571647 ) ) ;
#1562 = VERTEX_POINT ( 'NONE', #4258 ) ;
#1563 = EDGE_LOOP ( 'NONE', ( #3188, #4331, #2382, #5089 ) ) ;
#1564 = LINE ( 'NONE', #5306, #1365 ) ;
#1565 = CARTESIAN_POINT ( 'NONE',  ( 0.08838834764831843271, 0.08838834764831822455, 0.03571428571371423194 ) ) ;
#1566 = CARTESIAN_POINT ( 'NONE',  ( -0.04662384207688961835, 0.1734888829588884518, 0.6250000000000000000 ) ) ;
#1567 = CARTESIAN_POINT ( 'NONE',  ( -0.1474514531114715088, 0.08498570275245259653, 0.8750000000000001110 ) ) ;
#1568 = ORIENTED_EDGE ( 'NONE', *, *, #4518, .F. ) ;
#1569 = CARTESIAN_POINT ( 'NONE',  ( 0.1249999999999999584, 0.05177669529663680298, 0.3147321428546249744 ) ) ;
#1570 = CARTESIAN_POINT ( 'NONE',  ( -0.07198551454928017734, 0.07198551454928017734, 0.6294642857091072852 ) ) ;
#1571 = CARTESIAN_POINT ( 'NONE',  ( -0.08838834764831843271, 0.08838834764831833557, 0.3616071428542499966 ) ) ;
#1572 = CARTESIAN_POINT ( 'NONE',  ( 0.1018028909699977697, -0.04216813812856275157, 0.2254464285694821601 ) ) ;
#1573 = CARTESIAN_POINT ( 'NONE',  ( -0.1349437795129974915, -0.1037047591374621880, 0.8750000000000001110 ) ) ;
#1574 = ORIENTED_EDGE ( 'NONE', *, *, #631, .T. ) ;
#1575 = CARTESIAN_POINT ( 'NONE',  ( -0.1018028909699977835, -7.412338458060439618E-17, 0.3526785714256071569 ) ) ;
#1576 = ORIENTED_EDGE ( 'NONE', *, *, #4497, .T. ) ;
#1577 = CARTESIAN_POINT ( 'NONE',  ( 0.07198551454928016347, -0.07198551454928030224, 0.2544642857121071633 ) ) ;
#1578 = CARTESIAN_POINT ( 'NONE',  ( -0.04216813812856257809, 0.1018028909699977558, 0.5200892857099821409 ) ) ;
#1579 = ADVANCED_FACE ( 'NONE', ( #2072 ), #1315, .T. ) ;
#1580 = CARTESIAN_POINT ( 'NONE',  ( 0.1060406918623485739, -0.05386452767020526861, 0.02044364986449055330 ) ) ;
#1581 = DIRECTION ( 'NONE',  ( -0.000000000000000000, -0.000000000000000000, -1.000000000000000000 ) ) ;
#1582 = ORIENTED_EDGE ( 'NONE', *, *, #2863, .T. ) ;
#1583 = CARTESIAN_POINT ( 'NONE',  ( -0.1769805287752192757, -0.02324814925742486188, 0.6250000000000000000 ) ) ;
#1584 = FACE_OUTER_BOUND ( 'NONE', #1947, .T. ) ;
#1585 = EDGE_CURVE ( 'NONE', #1861, #4133, #2384, .T. ) ;
#1586 = CARTESIAN_POINT ( 'NONE',  ( -0.05177669529663687931, -0.1250000000000001110, 0.08705357142787503721 ) ) ;
#1587 = CARTESIAN_POINT ( 'NONE',  ( -0.07198551454928017734, -0.07198551454928027449, 0.2455357142836071815 ) ) ;
#1588 = CARTESIAN_POINT ( 'NONE',  ( 0.05177669529663685849, -0.1250000000000000555, 0.4531249999960893504 ) ) ;
#1589 = CARTESIAN_POINT ( 'NONE',  ( -1.246725845703547748E-17, -0.1018028909699978390, 0.4687499999961072250 ) ) ;
#1590 = ORIENTED_EDGE ( 'NONE', *, *, #1254, .T. ) ;
#1591 = CARTESIAN_POINT ( 'NONE',  ( 0.1249999999999999584, -0.05177669529663710829, 0.06473214285633928367 ) ) ;
#1592 = CARTESIAN_POINT ( 'NONE',  ( 0.08970713070317609672, 0.1556432004982472028, 0.6250000000000000000 ) ) ;
#1593 = CARTESIAN_POINT ( 'NONE',  ( -0.1643578891110873685, 0.04416995567076558576, 0.8750000000000001110 ) ) ;
#1594 = CARTESIAN_POINT ( 'NONE',  ( 0.000000000000000000, 0.1018028909699977835, 0.5937499999951071361 ) ) ;
#1595 = CARTESIAN_POINT ( 'NONE',  ( -0.07844243687486902872, 0.06296441342745920378, 0.8698974789582294420 ) ) ;
#1596 = CARTESIAN_POINT ( 'NONE',  ( -0.1249999999999999584, -1.518169108618662931E-16, 0.08482142857046426343 ) ) ;
#1597 = CARTESIAN_POINT ( 'NONE',  ( 0.1249999999999999584, -1.468318080441479019E-16, 0.2053571428555000244 ) ) ;
#1598 = CARTESIAN_POINT ( 'NONE',  ( 0.07198551454928019122, 0.07198551454928005244, 0.2678571428548571220 ) ) ;
#1599 = CARTESIAN_POINT ( 'NONE',  ( -0.04907772831736506580, -0.1826198768753090618, 0.8562500000000000666 ) ) ;
#1600 =( BOUNDED_CURVE ( )  B_SPLINE_CURVE ( 2, ( #2624, #3724, #5405 ),
 .UNSPECIFIED., .F., .F. ) 
 B_SPLINE_CURVE_WITH_KNOTS ( ( 3, 3 ),
 ( 0.000000000000000000, 1.000000000000000000 ),
 .UNSPECIFIED. ) 
 CURVE ( )  GEOMETRIC_REPRESENTATION_ITEM ( )  RATIONAL_B_SPLINE_CURVE ( ( 1.000000000000000000, 0.3333333333333334259, 1.000000000000000000 ) ) 
 REPRESENTATION_ITEM ( '' )  );
#1601 = CARTESIAN_POINT ( 'NONE',  ( 0.1826198767901071329, 0.04907772852306976213, 0.8750000000000001110 ) ) ;
#1602 = CARTESIAN_POINT ( 'NONE',  ( 0.04216813812856255728, -0.1018028909699978946, 0.3281249999972321585 ) ) ;
#1603 = CARTESIAN_POINT ( 'NONE',  ( -0.09442855863491621260, 0.1638349478928984304, 0.6343750000000000222 ) ) ;
#1604 = CARTESIAN_POINT ( 'NONE',  ( -0.07198551454928017734, -0.07198551454928027449, 0.2455357142836071815 ) ) ;
#1605 = CARTESIAN_POINT ( 'NONE',  ( 0.05177669529663685849, -0.1250000000000000278, 0.5200892857101251376 ) ) ;
#1606 = CARTESIAN_POINT ( 'NONE',  ( 0.1826198768753091450, 0.04907772831736503805, 0.6343750000000001332 ) ) ;
#1607 = FACE_OUTER_BOUND ( 'NONE', #1835, .T. ) ;
#1608 = EDGE_LOOP ( 'NONE', ( #3218, #1368, #4117, #1772 ) ) ;
#1609 = ADVANCED_FACE ( 'NONE', ( #4209 ), #1224, .T. ) ;
#1610 = CARTESIAN_POINT ( 'NONE',  ( 0.08838834764831840496, -0.08838834764831843271, 0.6294642857092499488 ) ) ;
#1611 = AXIS2_PLACEMENT_3D ( 'NONE', #4207, #2132, #5495 ) ;
#1612 = CARTESIAN_POINT ( 'NONE',  ( 0.000000000000000000, -1.104688079777929626E-16, 0.8750000000000001110 ) ) ;
#1613 = CARTESIAN_POINT ( 'NONE',  ( -0.07198551454928017734, -0.07198551454928020510, 0.4598214285676071600 ) ) ;
#1614 = CARTESIAN_POINT ( 'NONE',  ( -0.05177669529663686543, 0.1249999999999999861, 0.5781249999950893725 ) ) ;
#1615 = AXIS2_PLACEMENT_3D ( 'NONE', #139, #3961, #553 ) ;
#1616 = CARTESIAN_POINT ( 'NONE',  ( 0.1018028909699977697, 0.04216813812856255728, 0.4799107142817320981 ) ) ;
#1617 = EDGE_LOOP ( 'NONE', ( #1922, #4317, #2400, #2101 ) ) ;
#1618 = ORIENTED_EDGE ( 'NONE', *, *, #1930, .F. ) ;
#1619 = CARTESIAN_POINT ( 'NONE',  ( -0.1050979614295768777, 0.01933213318556303156, 0.5945410537075369595 ) ) ;
#1620 = CARTESIAN_POINT ( 'NONE',  ( -0.05177669529663687931, -0.1250000000000001110, 0.1272321428558393086 ) ) ;
#1621 = CARTESIAN_POINT ( 'NONE',  ( -0.1249999999999999584, -5.456122699141973218E-18, 0.5803571428525000631 ) ) ;
#1622 = CARTESIAN_POINT ( 'NONE',  ( -0.02454369238351461827, 0.1874999999999999167, 0.8750000000000001110 ) ) ;
#1623 = ORIENTED_EDGE ( 'NONE', *, *, #3032, .T. ) ;
#1624 = CARTESIAN_POINT ( 'NONE',  ( 0.08838834764831843271, 0.08838834764831828006, 0.2098214285697499737 ) ) ;
#1625 = CARTESIAN_POINT ( 'NONE',  ( -1.246725845703547748E-17, -0.1018028909699977835, 0.6071428571378572059 ) ) ;
#1626 = CARTESIAN_POINT ( 'NONE',  ( 0.07198551454928019122, 0.07198551454928003857, 0.1964285714268571292 ) ) ;
#1627 = CARTESIAN_POINT ( 'NONE',  ( -0.1643496145602201808, 0.04419728187507339368, 0.8750000000000003331 ) ) ;
#1628 = CARTESIAN_POINT ( 'NONE',  ( 0.1018028909699977558, 0.04216813812856256422, 0.5156249999957320806 ) ) ;
#1629 = CARTESIAN_POINT ( 'NONE',  ( -1.246725845703547748E-17, -0.1018028909699978668, 0.3616071428541071109 ) ) ;
#1630 = CARTESIAN_POINT ( 'NONE',  ( 0.1152275101365988902, 0.1499375328083563386, 0.6250000000000000000 ) ) ;
#1631 = VERTEX_POINT ( 'NONE', #4594 ) ;
#1632 = CARTESIAN_POINT ( 'NONE',  ( -0.04216813812856259891, -0.1018028909699979223, 0.1763392857127321911 ) ) ;
#1633 = CARTESIAN_POINT ( 'NONE',  ( 0.000000000000000000, 0.1249999999999998473, 0.1830357142839642015 ) ) ;
#1634 =( BOUNDED_CURVE ( )  B_SPLINE_CURVE ( 2, ( #3246, #4097, #4884, #2815, #344, #672, #5380, #268, #1168 ),
 .UNSPECIFIED., .F., .F. ) 
 B_SPLINE_CURVE_WITH_KNOTS ( ( 3, 2, 2, 2, 3 ),
 ( 0.4078947368421052544, 0.4144736842105263275, 0.4210526315789473450, 0.4276315789473684181, 0.4342105263157894912 ),
 .UNSPECIFIED. ) 
 CURVE ( )  GEOMETRIC_REPRESENTATION_ITEM ( )  RATIONAL_B_SPLINE_CURVE ( ( 1.000000000000000000, 0.9238795325112867385, 1.000000000000000000, 0.9238795325112867385, 1.000000000000000000, 0.9238795325112867385, 1.000000000000000000, 0.9238795325112867385, 1.000000000000000000 ) ) 
 REPRESENTATION_ITEM ( '' )  );
#1635 = CARTESIAN_POINT ( 'NONE',  ( 0.05177669529663685849, -0.1250000000000000555, 0.3459821428540892918 ) ) ;
#1636 = CARTESIAN_POINT ( 'NONE',  ( 0.09442855881954360930, 0.1638349478164232709, 0.6343750000000000222 ) ) ;
#1637 = DIRECTION ( 'NONE',  ( -1.000000000000000000, 0.000000000000000000, 0.000000000000000000 ) ) ;
#1638 = CARTESIAN_POINT ( 'NONE',  ( 0.000000000000000000, 0.1018028909699976586, 0.2008928571411070785 ) ) ;
#1639 = CARTESIAN_POINT ( 'NONE',  ( -0.1249999999999999584, -2.655317324510810035E-17, 0.5089285714244999870 ) ) ;
#1640 = CARTESIAN_POINT ( 'NONE',  ( 0.1249999999999999584, -0.05177669529663709441, 0.1316964285703750570 ) ) ;
#1641 = CARTESIAN_POINT ( 'NONE',  ( -0.1018028909699977835, 0.04216813812856252258, 0.4174107142822321426 ) ) ;
#1642 = CARTESIAN_POINT ( 'NONE',  ( 0.1556432004982483130, 0.08970713070317515303, 0.6250000000000000000 ) ) ;
#1643 = ORIENTED_EDGE ( 'NONE', *, *, #5024, .T. ) ;
#1644 = VERTEX_POINT ( 'NONE', #2134 ) ;
#1645 = AXIS2_PLACEMENT_3D ( 'NONE', #3699, #1581, #3292 ) ;
#1646 = CARTESIAN_POINT ( 'NONE',  ( 0.1018028909699977835, -1.900389319741541928E-16, 0.04464285714235712715 ) ) ;
#1647 = CARTESIAN_POINT ( 'NONE',  ( -0.08838834764831843271, -0.08838834764831854374, 0.1607142857127142888 ) ) ;
#1648 = CARTESIAN_POINT ( 'NONE',  ( -0.1249999999999999861, 0.05177669529663686543, 0.5424107142813749949 ) ) ;
#1649 = CARTESIAN_POINT ( 'NONE',  ( 0.1826198767901167086, -0.04907772852305294226, 0.8750000000000001110 ) ) ;
#1650 = CARTESIAN_POINT ( 'NONE',  ( 0.1018028909699977835, -4.104101249326849575E-17, 0.5491071428526071996 ) ) ;
#1651 = CARTESIAN_POINT ( 'NONE',  ( 0.07844243687486954220, -0.06296441342745845438, 0.8698974789582292200 ) ) ;
#1652 = CARTESIAN_POINT ( 'NONE',  ( 0.04216813812856255728, -0.1018028909699979778, 0.1093749999989821475 ) ) ;
#1653 = CARTESIAN_POINT ( 'NONE',  ( 0.000000000000000000, 0.1249999999999997780, -3.628235616585349741E-17 ) ) ;
#1654 = EDGE_CURVE ( 'NONE', #3234, #2928, #3184, .T. ) ;
#1655 = CARTESIAN_POINT ( 'NONE',  ( 0.1018028909699977697, -0.04216813812856275850, 0.1897321428554821499 ) ) ;
#1656 = CARTESIAN_POINT ( 'NONE',  ( 0.000000000000000000, -1.845237008797876145E-16, 0.6071428571430000920 ) ) ;
#1657 = CARTESIAN_POINT ( 'NONE',  ( 0.1152275101527381329, -0.1499375327922170820, 0.8750000000000001110 ) ) ;
#1658 = CARTESIAN_POINT ( 'NONE',  ( 0.04216813812856255728, -0.1018028909699978529, 0.4709821428532321441 ) ) ;
#1659 = CARTESIAN_POINT ( 'NONE',  ( -0.07198551454928017734, -0.07198551454928020510, 0.4999999999958571473 ) ) ;
#1660 = CARTESIAN_POINT ( 'NONE',  ( 0.000000000000000000, 0.1249999999999997918, 0.07142857142799996506 ) ) ;
#1661 = CARTESIAN_POINT ( 'NONE',  ( -0.1018028909699977697, -0.04216813812856268218, 0.2433035714264821237 ) ) ;
#1662 = CARTESIAN_POINT ( 'NONE',  ( -0.1250000000000000000, 0.05177669529663676135, 0.1897321428553392642 ) ) ;
#1663 = CARTESIAN_POINT ( 'NONE',  ( -0.05177669529663687931, 0.1249999999999997918, 0.03794642857112495715 ) ) ;
#1664 = CARTESIAN_POINT ( 'NONE',  ( 0.000000000000000000, 0.1249999999999998612, 0.2857142857119999713 ) ) ;
#1665 = CARTESIAN_POINT ( 'NONE',  ( 0.09375000000000001388, -0.04533366931175537157, 0.8724617030902470649 ) ) ;
#1666 = CARTESIAN_POINT ( 'NONE',  ( 0.1018028909699977558, -0.04216813812856275850, 0.1897321428554821499 ) ) ;
#1667 = ORIENTED_EDGE ( 'NONE', *, *, #2563, .T. ) ;
#1668 = CARTESIAN_POINT ( 'NONE',  ( -0.1249999999999999584, -1.214899007019556208E-16, 0.1874999999984999777 ) ) ;
#1669 = CARTESIAN_POINT ( 'NONE',  ( -0.08838834764831843271, -0.08838834764831846047, 0.4776785714247500092 ) ) ;
#1670 = CARTESIAN_POINT ( 'NONE',  ( 0.000000000000000000, 0.1249999999999998057, 0.1428571428559999856 ) ) ;
#1671 = CARTESIAN_POINT ( 'NONE',  ( 0.04216813812856255728, -0.1018028909699978529, 0.4308035714249821568 ) ) ;
#1672 = CARTESIAN_POINT ( 'NONE',  ( -0.04662384207688961835, 0.1734888829588884518, 0.6250000000000000000 ) ) ;
#1673 = CARTESIAN_POINT ( 'NONE',  ( 0.08838834764831840496, -0.08838834764831855761, 0.2008928571412500474 ) ) ;
#1674 = ORIENTED_EDGE ( 'NONE', *, *, #631, .F. ) ;
#1675 = CARTESIAN_POINT ( 'NONE',  ( 0.04216813812856263360, 0.1018028909699975892, 0.05133928571373209959 ) ) ;
#1676 = CARTESIAN_POINT ( 'NONE',  ( 0.05177669529663697645, 0.1249999999999998196, 0.2522321428548392475 ) ) ;
#1677 = CARTESIAN_POINT ( 'NONE',  ( -0.1638349479016310284, -0.09442855861383393778, 0.8562500000000000666 ) ) ;
#1678 = CARTESIAN_POINT ( 'NONE',  ( -0.1018028909699977697, 0.04216813812856256422, 0.5647321428524821885 ) ) ;
#1679 = EDGE_CURVE ( 'NONE', #1419, #4133, #4184, .T. ) ;
#1680 = CARTESIAN_POINT ( 'NONE',  ( -0.1249999999999999584, -7.797723395098490127E-17, 0.3348214285684642522 ) ) ;
#1681 = CARTESIAN_POINT ( 'NONE',  ( 0.1018028909699977835, -1.794904067011711316E-16, 0.08035714285635713050 ) ) ;
#1682 = CARTESIAN_POINT ( 'NONE',  ( 0.07198551454928016347, -0.07198551454928023285, 0.5044642857101071520 ) ) ;
#1683 = CARTESIAN_POINT ( 'NONE',  ( 0.08838834764831843271, 0.08838834764831832169, 0.4241071428537500076 ) ) ;
#1684 = CARTESIAN_POINT ( 'NONE',  ( 0.000000000000000000, 0.1018028909699976586, 0.2008928571411070785 ) ) ;
#1685 = CARTESIAN_POINT ( 'NONE',  ( 0.1826198768753090618, -0.04907772831736497560, 0.8562500000000000666 ) ) ;
#1686 = CARTESIAN_POINT ( 'NONE',  ( 0.1638349479016156518, -0.09442855861385555938, 0.8750000000000001110 ) ) ;
#1687 = CARTESIAN_POINT ( 'NONE',  ( 0.07198551454928019122, 0.07198551454928010795, 0.4464285714248570902 ) ) ;
#1688 = CARTESIAN_POINT ( 'NONE',  ( 0.1018028909699977835, -7.268658831221767335E-17, 0.4419642857106071965 ) ) ;
#1689 = CARTESIAN_POINT ( 'NONE',  ( 0.000000000000000000, -1.845237008797876145E-16, 0.6116071428572500412 ) ) ;
#1690 = CARTESIAN_POINT ( 'NONE',  ( 0.04216813812856263360, 0.1018028909699976864, 0.3370535714257320570 ) ) ;
#1691 = CARTESIAN_POINT ( 'NONE',  ( 0.1249999999999999584, -7.299213113326649776E-17, 0.4553571428535000409 ) ) ;
#1692 = CARTESIAN_POINT ( 'NONE',  ( 0.1874999999999999167, 2.219009066670379932E-17, 0.6343750000000000222 ) ) ;
#1693 = CARTESIAN_POINT ( 'NONE',  ( 0.09375000000000002776, -0.03631973612773658350, 0.8703294288024300274 ) ) ;
#1694 = CARTESIAN_POINT ( 'NONE',  ( -1.530808498934191201E-17, -0.1249999999999999584, 0.6249999999950001106 ) ) ;
#1695 = CARTESIAN_POINT ( 'NONE',  ( -0.1018028909699977835, -1.796086373104349471E-16, -0.004464285714392875713 ) ) ;
#1696 = CARTESIAN_POINT ( 'NONE',  ( 0.000000000000000000, -1.104688079777929626E-16, 0.8750000000000001110 ) ) ;
#1697 = AXIS2_PLACEMENT_3D ( 'NONE', #267, #1960, #3614 ) ;
#1698 = CARTESIAN_POINT ( 'NONE',  ( -0.07198551454928017734, -0.07198551454928024673, 0.3526785714256071569 ) ) ;
#1699 = CARTESIAN_POINT ( 'NONE',  ( -0.08838834764831843271, 0.08838834764831843271, 0.6160714285662143297 ) ) ;
#1700 = B_SPLINE_CURVE_WITH_KNOTS ( 'NONE', 3,
 ( #4619, #835, #2071, #4570, #4540, #2470, #3772, #400, #2133, #3750, #3801, #4978, #343, #5430, #5463, #2531, #5496, #1692 ),
 .UNSPECIFIED., .F., .F.,
 ( 4, 2, 2, 2, 2, 2, 2, 2, 4 ),
 ( 0.000000000000000000, 0.06249999999999998612, 0.1249999999999999722, 0.1874999999999999445, 0.2499999999999999445, 0.3124999999999999445, 0.3749999999999998890, 0.4374999999999999445, 0.5000000000000000000 ),
 .UNSPECIFIED. ) ;
#1701 = CYLINDRICAL_SURFACE ( 'NONE', #1179, 0.1249999999999999306 ) ;
#1702 = B_SPLINE_CURVE_WITH_KNOTS ( 'NONE', 3,
 ( #3956, #4671, #887, #4248, #475, #2183, #3845, #4277 ),
 .UNSPECIFIED., .F., .F.,
 ( 4, 2, 2, 4 ),
 ( 2.380745673565511443E-07, 0.001388728690853446596, 0.002082973998996491983, 0.002777219307139536936 ),
 .UNSPECIFIED. ) ;
#1703 = LINE ( 'NONE', #1233, #4455 ) ;
#1704 = CARTESIAN_POINT ( 'NONE',  ( -0.05177669529663687931, -0.1250000000000000833, 0.1986607142838393292 ) ) ;
#1705 = CARTESIAN_POINT ( 'NONE',  ( 0.1638349479016219523, -0.09442855861385576755, 0.8562500000000000666 ) ) ;
#1706 = VECTOR ( 'NONE', #3603, 39.37007874015748143 ) ;
#1707 = CARTESIAN_POINT ( 'NONE',  ( -0.1018028909699977697, -0.04216813812856256422, 0.6406249999947321028 ) ) ;
#1708 = CARTESIAN_POINT ( 'NONE',  ( 0.04216813812856263360, 0.1018028909699976031, 0.09151785714198211463 ) ) ;
#1709 = EDGE_LOOP ( 'NONE', ( #1248, #1135, #3535, #3864 ) ) ;
#1710 = CARTESIAN_POINT ( 'NONE',  ( 0.1137778157111909300, 0.05176493651102324900, 0.6051106034961073465 ) ) ;
#1711 = CARTESIAN_POINT ( 'NONE',  ( -0.04216813812856259891, -0.1018028909699979501, 0.06919642857073217412 ) ) ;
#1712 = CARTESIAN_POINT ( 'NONE',  ( 0.000000000000000000, 0.1249999999999997918, 0.03571428571399996865 ) ) ;
#1713 = CARTESIAN_POINT ( 'NONE',  ( 0.1018028909699977835, -7.400515397134056833E-17, 0.4374999999963571362 ) ) ;
#1714 = CARTESIAN_POINT ( 'NONE',  ( 0.04216813812856255728, -0.1018028909699978668, 0.3995535714252321791 ) ) ;
#1715 = CARTESIAN_POINT ( 'NONE',  ( 0.000000000000000000, -1.845237008797876145E-16, 0.6116071428572500412 ) ) ;
#1716 = EDGE_CURVE ( 'NONE', #119, #928, #2593, .T. ) ;
#1717 = CARTESIAN_POINT ( 'NONE',  ( 0.1018028909699977558, 0.04216813812856254340, 0.4441964285677320601 ) ) ;
#1718 =( BOUNDED_CURVE ( )  B_SPLINE_CURVE ( 2, ( #5414, #2401, #1180, #3251, #2480, #3734, #3679, #4894, #2870 ),
 .UNSPECIFIED., .F., .T. ) 
 B_SPLINE_CURVE_WITH_KNOTS ( ( 3, 2, 2, 2, 3 ),
 ( 0.1184210526315789408, 0.1250000000000000000, 0.1315789473684210453, 0.1381578947368421184, 0.1447368421052631637 ),
 .UNSPECIFIED. ) 
 CURVE ( )  GEOMETRIC_REPRESENTATION_ITEM ( )  RATIONAL_B_SPLINE_CURVE ( ( 1.000000000000000000, 0.9238795325112867385, 1.000000000000000000, 0.9238795325112867385, 1.000000000000000000, 0.9238795325112867385, 1.000000000000000000, 0.9238795325112867385, 1.000000000000000000 ) ) 
 REPRESENTATION_ITEM ( '' )  );
#1719 = CARTESIAN_POINT ( 'NONE',  ( -0.05171248482961997295, -0.1004416279792382932, 0.5981242559366919398 ) ) ;
#1720 = CARTESIAN_POINT ( 'NONE',  ( -0.1018028909699977697, -0.04216813812856266136, 0.3147321428544821997 ) ) ;
#1721 = CARTESIAN_POINT ( 'NONE',  ( 0.05177669529663685849, -0.1250000000000001110, 0.2700892857121250934 ) ) ;
#1722 = CARTESIAN_POINT ( 'NONE',  ( -0.1250000000000000000, 0.05177669529663669890, 0.04241071428537498272 ) ) ;
#1723 = DIRECTION ( 'NONE',  ( -1.000000000000000000, 0.000000000000000000, 0.000000000000000000 ) ) ;
#1724 = EDGE_CURVE ( 'NONE', #1310, #1955, #1600, .T. ) ;
#1725 = DIRECTION ( 'NONE',  ( -0.000000000000000000, -0.000000000000000000, -1.000000000000000000 ) ) ;
#1726 = VECTOR ( 'NONE', #871, 39.37007874015748143 ) ;
#1727 = ORIENTED_EDGE ( 'NONE', *, *, #4239, .F. ) ;
#1728 = CARTESIAN_POINT ( 'NONE',  ( 0.1018028909699977558, 0.04216813812856241850, 0.01562499999973211186 ) ) ;
#1729 = CARTESIAN_POINT ( 'NONE',  ( -0.05177669529663687931, 0.1249999999999998335, 0.1495535714270892214 ) ) ;
#1730 = CARTESIAN_POINT ( 'NONE',  ( 0.1018028909699977835, -1.478448308822219725E-16, 0.1874999999983571475 ) ) ;
#1731 = CARTESIAN_POINT ( 'NONE',  ( 0.07198551454928016347, -0.07198551454928027449, 0.3616071428541072219 ) ) ;
#1732 = CARTESIAN_POINT ( 'NONE',  ( -0.02331650778601883009, -0.1781249999999999223, 0.6250000000000000000 ) ) ;
#1733 = CARTESIAN_POINT ( 'NONE',  ( 0.1249999999999999584, -1.560617676580924763E-16, 0.1741071428554642753 ) ) ;
#1734 = CARTESIAN_POINT ( 'NONE',  ( 0.1249999999999999306, 1.538357638823458624E-17, 0.000000000000000000 ) ) ;
#1735 = CARTESIAN_POINT ( 'NONE',  ( -0.08838834764831843271, 0.08838834764831832169, 0.2589285714262142268 ) ) ;
#1736 = CARTESIAN_POINT ( 'NONE',  ( -0.02454369238351461827, 0.1874999999999999167, 0.8562500000000000666 ) ) ;
#1737 = CARTESIAN_POINT ( 'NONE',  ( 0.05177669529663696951, 0.1249999999999998473, 0.3236607142828392125 ) ) ;
#1738 = CARTESIAN_POINT ( 'NONE',  ( 0.1018028909699977835, -2.005874572471372787E-16, 0.008928571428357125542 ) ) ;
#1739 = CARTESIAN_POINT ( 'NONE',  ( -0.07198551454928017734, 0.07198551454928013571, 0.4866071428531070775 ) ) ;
#1740 = CARTESIAN_POINT ( 'NONE',  ( 0.1018028909699977697, 0.04216813812856251564, 0.3370535714257320570 ) ) ;
#1741 = FACE_OUTER_BOUND ( 'NONE', #4160, .T. ) ;
#1742 = CARTESIAN_POINT ( 'NONE',  ( -0.1007296077538762935, 0.05531238279432704186, 0.01647553529082502327 ) ) ;
#1743 = CARTESIAN_POINT ( 'NONE',  ( 0.07198551454928019122, 0.07198551454928009408, 0.4107142857108571077 ) ) ;
#1744 = CARTESIAN_POINT ( 'NONE',  ( -0.09821428571449992984, 1.210327246197327254E-17, 2.626164709600468896E-29 ) ) ;
#1745 = CARTESIAN_POINT ( 'NONE',  ( -0.1018028909699977835, -8.599047551271035241E-17, 0.3124999999973571141 ) ) ;
#1746 = APPLICATION_PROTOCOL_DEFINITION ( 'international standard', 'config_control_design', 1994, #4857 ) ;
#1747 = CARTESIAN_POINT ( 'NONE',  ( -0.04216813812856257115, 0.1018028909699976170, 0.02455357142823209535 ) ) ;
#1748 = CARTESIAN_POINT ( 'NONE',  ( -0.05177669529663687931, 0.1249999999999997918, 0.04241071428508920438 ) ) ;
#1749 =( BOUNDED_CURVE ( )  B_SPLINE_CURVE ( 2, ( #4882, #4407, #615, #5321, #1500, #1554, #2813, #3266, #2334 ),
 .UNSPECIFIED., .F., .T. ) 
 B_SPLINE_CURVE_WITH_KNOTS ( ( 3, 2, 2, 2, 3 ),
 ( 0.8552631578947368363, 0.8618421052631578538, 0.8684210526315789824, 0.8750000000000000000, 0.8815789473684210176 ),
 .UNSPECIFIED. ) 
 CURVE ( )  GEOMETRIC_REPRESENTATION_ITEM ( )  RATIONAL_B_SPLINE_CURVE ( ( 1.000000000000000000, 0.9238795325112867385, 1.000000000000000000, 0.9238795325112867385, 1.000000000000000000, 0.9238795325112867385, 1.000000000000000000, 0.9238795325112867385, 1.000000000000000000 ) ) 
 REPRESENTATION_ITEM ( '' )  );
#1750 = CARTESIAN_POINT ( 'NONE',  ( 0.07198551454928016347, -0.07198551454928033000, 0.1517857142843571372 ) ) ;
#1751 = CARTESIAN_POINT ( 'NONE',  ( 0.04216813812856263360, 0.1018028909699975892, 0.02008928571398209406 ) ) ;
#1752 = ADVANCED_FACE ( 'NONE', ( #1607 ), #1476, .F. ) ;
#1753 = CARTESIAN_POINT ( 'NONE',  ( 0.04216813812856263360, 0.1018028909699976448, 0.2299107142837321094 ) ) ;
#1754 = CARTESIAN_POINT ( 'NONE',  ( 0.1018028909699977835, -4.235957815239139689E-17, 0.5446428571383572503 ) ) ;
#1755 = CARTESIAN_POINT ( 'NONE',  ( 0.1874999999999999167, 0.02454369240633530111, 0.6250000000000000000 ) ) ;
#1756 = CARTESIAN_POINT ( 'NONE',  ( -1.530808498934191201E-17, -0.1250000000000000833, 0.2321428571410000530 ) ) ;
#1757 = VERTEX_POINT ( 'NONE', #4979 ) ;
#1758 = ORIENTED_EDGE ( 'NONE', *, *, #4659, .F. ) ;
#1759 = ADVANCED_FACE ( 'NONE', ( #2501 ), #1777, .T. ) ;
#1760 = DIRECTION ( 'NONE',  ( -1.224646799147353207E-16, 1.000000000000000000, 0.000000000000000000 ) ) ;
#1761 = CARTESIAN_POINT ( 'NONE',  ( 0.04216813812856263360, 0.1018028909699976309, 0.1584821428557320888 ) ) ;
#1762 = CARTESIAN_POINT ( 'NONE',  ( -0.08838834764831843271, 0.08838834764831833557, 0.3303571428542142474 ) ) ;
#1763 = CARTESIAN_POINT ( 'NONE',  ( -0.1250000000000000000, -0.05177669529663701808, 0.1227678571415892900 ) ) ;
#1764 = CARTESIAN_POINT ( 'NONE',  ( -0.07198551454928017734, -0.07198551454928033000, 0.07142857142785716262 ) ) ;
#1765 = CARTESIAN_POINT ( 'NONE',  ( -0.1250000000000000000, -0.05177669529663698339, 0.2299107142835892514 ) ) ;
#1766 = CARTESIAN_POINT ( 'NONE',  ( 0.08838834764831840496, -0.08838834764831859925, 0.05803571428525002712 ) ) ;
#1767 = CARTESIAN_POINT ( 'NONE',  ( 0.07198551454928016347, -0.07198551454928023285, 0.4687499999961072250 ) ) ;
#1768 = CARTESIAN_POINT ( 'NONE',  ( -0.1249999999999999584, -3.710169851809113695E-17, 0.4732142857105000044 ) ) ;
#1769 = CARTESIAN_POINT ( 'NONE',  ( 0.04216813812856263360, 0.1018028909699976725, 0.3415178571399820617 ) ) ;
#1770 = CARTESIAN_POINT ( 'NONE',  ( 0.04384972740907269739, 0.1170564026704648264, 0.6051106034961074576 ) ) ;
#1771 = CARTESIAN_POINT ( 'NONE',  ( 0.1638349479016284471, 0.09442855861384015503, 0.8562500000000000666 ) ) ;
#1772 = ORIENTED_EDGE ( 'NONE', *, *, #5167, .F. ) ;
#1773 = CARTESIAN_POINT ( 'NONE',  ( 0.04216813812856263360, 0.1018028909699977003, 0.4129464285679820268 ) ) ;
#1774 = DIRECTION ( 'NONE',  ( -0.000000000000000000, -0.000000000000000000, -1.000000000000000000 ) ) ;
#1775 = CARTESIAN_POINT ( 'NONE',  ( -0.04216813812856257809, 0.1018028909699977419, 0.3772321428539820998 ) ) ;
#1776 = CARTESIAN_POINT ( 'NONE',  ( 0.000000000000000000, 0.1018028909699976170, 0.02232142857110709644 ) ) ;
#1777 = CYLINDRICAL_SURFACE ( 'NONE', #1391, 0.1285714285714285865 ) ;
#1778 = CARTESIAN_POINT ( 'NONE',  ( 0.07198551454928019122, 0.07198551454928003857, 0.2321428571408571395 ) ) ;
#1779 = ORIENTED_EDGE ( 'NONE', *, *, #2319, .F. ) ;
#1780 = CARTESIAN_POINT ( 'NONE',  ( -0.1018028909699977697, 0.04216813812856241850, 0.06473214285648212774 ) ) ;
#1781 = ORIENTED_EDGE ( 'NONE', *, *, #3198, .F. ) ;
#1782 = CARTESIAN_POINT ( 'NONE',  ( 0.07198551454928016347, -0.07198551454928030224, 0.2544642857121071633 ) ) ;
#1783 = CARTESIAN_POINT ( 'NONE',  ( 0.1018028909699977835, -6.345662869835751940E-17, 0.4732142857103571743 ) ) ;
#1784 = CARTESIAN_POINT ( 'NONE',  ( 0.1826198767988363447, -0.04907772850198654363, 0.6343750000000000222 ) ) ;
#1785 =( BOUNDED_CURVE ( )  B_SPLINE_CURVE ( 2, ( #4830, #4362, #161, #5219, #3142, #353, #301, #1098, #1123 ),
 .UNSPECIFIED., .F., .T. ) 
 B_SPLINE_CURVE_WITH_KNOTS ( ( 3, 2, 2, 2, 3 ),
 ( 0.4342105263157894912, 0.4407894736842105088, 0.4473684210526315819, 0.4539473684210526550, 0.4605263157894736725 ),
 .UNSPECIFIED. ) 
 CURVE ( )  GEOMETRIC_REPRESENTATION_ITEM ( )  RATIONAL_B_SPLINE_CURVE ( ( 1.000000000000000000, 0.9238795325112867385, 1.000000000000000000, 0.9238795325112867385, 1.000000000000000000, 0.9238795325112867385, 1.000000000000000000, 0.9238795325112867385, 1.000000000000000000 ) ) 
 REPRESENTATION_ITEM ( '' )  );
#1786 = EDGE_CURVE ( 'NONE', #639, #5433, #1849, .T. ) ;
#1787 = ORIENTED_EDGE ( 'NONE', *, *, #4104, .F. ) ;
#1788 = CARTESIAN_POINT ( 'NONE',  ( 0.07198551454928019122, 0.07198551454928001081, 0.1205357142846071178 ) ) ;
#1789 = CARTESIAN_POINT ( 'NONE',  ( -0.08838834764831843271, -0.08838834764831847435, 0.3749999999967142950 ) ) ;
#1790 = ORIENTED_EDGE ( 'NONE', *, *, #5267, .F. ) ;
#1791 = AXIS2_PLACEMENT_3D ( 'NONE', #3343, #3749, #4648 ) ;
#1792 = CARTESIAN_POINT ( 'NONE',  ( -0.1249999999999999584, -1.468608231308654299E-17, 0.5491071428524642029 ) ) ;
#1793 = CARTESIAN_POINT ( 'NONE',  ( -0.04216813812856259891, -0.1018028909699977697, 0.6406249999947321028 ) ) ;
#1794 = CARTESIAN_POINT ( 'NONE',  ( 0.04216813812856255728, -0.1018028909699978529, 0.4352678571392321616 ) ) ;
#1795 = VECTOR ( 'NONE', #5451, 39.37007874015748143 ) ;
#1796 = CARTESIAN_POINT ( 'NONE',  ( 0.05177669529663685849, -0.1250000000000001110, 0.2700892857121250934 ) ) ;
#1797 = CARTESIAN_POINT ( 'NONE',  ( -0.09442855861383742111, 0.1638349479016295296, 0.8562500000000000666 ) ) ;
#1798 = CARTESIAN_POINT ( 'NONE',  ( -0.1018028909699977697, 0.04216813812856258503, 0.6361607142804821535 ) ) ;
#1799 = CARTESIAN_POINT ( 'NONE',  ( -0.01530756312513019066, -0.09941534978212346330, 0.8698974789582294420 ) ) ;
#1800 = ORIENTED_EDGE ( 'NONE', *, *, #4415, .T. ) ;
#1801 = CARTESIAN_POINT ( 'NONE',  ( -0.07198551454928017734, -0.07198551454928023285, 0.4241071428536071775 ) ) ;
#1802 = CARTESIAN_POINT ( 'NONE',  ( -0.1638349478164232986, 0.09442855881954359543, 0.6343750000000000222 ) ) ;
#1803 = CARTESIAN_POINT ( 'NONE',  ( 0.1249999999999999584, -1.982558687500246967E-16, 0.03124999999946425494 ) ) ;
#1804 = VERTEX_POINT ( 'NONE', #5203 ) ;
#1805 = CARTESIAN_POINT ( 'NONE',  ( 0.1018028909699977835, -1.043321641311668448E-16, 0.3348214285686071934 ) ) ;
#1806 = CARTESIAN_POINT ( 'NONE',  ( -0.07198551454928017734, -0.07198551454928035775, -1.428543075061904652E-13 ) ) ;
#1807 = CARTESIAN_POINT ( 'NONE',  ( 0.1018028909699977558, -0.04216813812856275157, 0.2254464285694821324 ) ) ;
#1808 = VERTEX_POINT ( 'NONE', #1416 ) ;
#1809 = CARTESIAN_POINT ( 'NONE',  ( -0.07198551454928017734, 0.07198551454928003857, 0.1651785714271070959 ) ) ;
#1810 = CARTESIAN_POINT ( 'NONE',  ( 0.04216813812856263360, 0.1018028909699977697, 0.5156249999957319696 ) ) ;
#1811 = CARTESIAN_POINT ( 'NONE',  ( -0.1152275101366010551, 0.1499375328083542014, 0.6250000000000000000 ) ) ;
#1812 = CARTESIAN_POINT ( 'NONE',  ( 0.04175559847492175958, 0.1134878144466200112, 0.6027918929972991835 ) ) ;
#1813 = CARTESIAN_POINT ( 'NONE',  ( -0.1018028909699977697, 0.04216813812856258503, 0.6361607142804821535 ) ) ;
#1814 = ADVANCED_FACE ( 'NONE', ( #2699 ), #3051, .T. ) ;
#1815 = CARTESIAN_POINT ( 'NONE',  ( 0.1018028909699977697, 0.04216813812856245319, 0.1540178571414821396 ) ) ;
#1816 = CARTESIAN_POINT ( 'NONE',  ( -1.530808498934191201E-17, -0.1250000000000000555, 0.3080357142829643347 ) ) ;
#1817 =( BOUNDED_CURVE ( )  B_SPLINE_CURVE ( 2, ( #420, #2125, #361 ),
 .UNSPECIFIED., .F., .F. ) 
 B_SPLINE_CURVE_WITH_KNOTS ( ( 3, 3 ),
 ( 0.08552631578993016848, 0.09210526315789473173 ),
 .UNSPECIFIED. ) 
 CURVE ( )  GEOMETRIC_REPRESENTATION_ITEM ( )  RATIONAL_B_SPLINE_CURVE ( ( 0.9999999999947183360, 0.9238795325165684025, 1.000000000000000000 ) ) 
 REPRESENTATION_ITEM ( '' )  );
#1818 = CARTESIAN_POINT ( 'NONE',  ( -0.09374999999999998612, -0.05412658773652719024, 0.7578125000000000000 ) ) ;
#1819 = CARTESIAN_POINT ( 'NONE',  ( -0.08838834764831843271, 0.08838834764831828006, 0.08035714285621421704 ) ) ;
#1820 = CARTESIAN_POINT ( 'NONE',  ( 0.04216813812856255728, -0.1018028909699978113, 0.5736607142809821980 ) ) ;
#1821 = CARTESIAN_POINT ( 'NONE',  ( 0.1249999999999999584, -7.299213113326649776E-17, 0.4553571428535000409 ) ) ;
#1822 = CARTESIAN_POINT ( 'NONE',  ( -1.246725845703547748E-17, -0.1018028909699978668, 0.3616071428541071109 ) ) ;
#1823 = DIRECTION ( 'NONE',  ( -1.000000000000000000, 0.000000000000000000, 0.000000000000000000 ) ) ;
#1824 = CARTESIAN_POINT ( 'NONE',  ( -0.1250000000000000000, -0.05177669529663703196, 0.04687499999962501523 ) ) ;
#1825 = CARTESIAN_POINT ( 'NONE',  ( 0.04216813812856263360, 0.1018028909699977558, 0.6272321428519820330 ) ) ;
#1826 = EDGE_CURVE ( 'NONE', #1310, #3502, #1887, .T. ) ;
#1827 = FACE_OUTER_BOUND ( 'NONE', #2349, .T. ) ;
#1828 = CARTESIAN_POINT ( 'NONE',  ( -0.1018028909699977835, -4.379637442077811356E-17, 0.4553571428533570997 ) ) ;
#1829 = AXIS2_PLACEMENT_3D ( 'NONE', #3802, #779, #5098 ) ;
#1830 = CARTESIAN_POINT ( 'NONE',  ( -0.1874999999999999167, 1.155655514089910824E-17, 0.8562500000000000666 ) ) ;
#1831 = CARTESIAN_POINT ( 'NONE',  ( -0.1249999999999999584, -4.765022379107421670E-17, 0.4374999999965000219 ) ) ;
#1832 = CIRCLE ( 'NONE', #955, 0.1249999999999999306 ) ;
#1833 = ORIENTED_EDGE ( 'NONE', *, *, #4936, .F. ) ;
#1834 = CARTESIAN_POINT ( 'NONE',  ( 0.04216813812856255728, -0.1018028909699979084, 0.2566964285692321379 ) ) ;
#1835 = EDGE_LOOP ( 'NONE', ( #2227, #2186, #2720, #186 ) ) ;
#1836 = CARTESIAN_POINT ( 'NONE',  ( -0.07198551454928017734, 0.07198551454928006632, 0.2410714285693571213 ) ) ;
#1837 = CARTESIAN_POINT ( 'NONE',  ( 0.07198551454928019122, 0.07198551454928001081, 0.08482142857060712138 ) ) ;
#1838 = CARTESIAN_POINT ( 'NONE',  ( 0.1249999999999999445, -0.05177669529663694870, 0.6004464285663392298 ) ) ;
#1839 = CARTESIAN_POINT ( 'NONE',  ( -0.1018028909699977697, 0.04216813812856246707, 0.2031249999982321364 ) ) ;
#1840 = CARTESIAN_POINT ( 'NONE',  ( 0.1018028909699977697, 0.04216813812856257809, 0.5468749999954821694 ) ) ;
#1841 = CARTESIAN_POINT ( 'NONE',  ( 0.1874999999999999167, -0.02454369240633525948, 0.6250000000000000000 ) ) ;
#1842 = DIRECTION ( 'NONE',  ( -0.000000000000000000, -0.000000000000000000, -1.000000000000000000 ) ) ;
#1843 = ORIENTED_EDGE ( 'NONE', *, *, #5373, .F. ) ;
#1844 = CARTESIAN_POINT ( 'NONE',  ( 0.000000000000000000, 7.549139889267777477E-20, 0.000000000000000000 ) ) ;
#1845 = ORIENTED_EDGE ( 'NONE', *, *, #3432, .T. ) ;
#1846 = CARTESIAN_POINT ( 'NONE',  ( 0.04384972740907269739, 0.1170564026704648264, 0.6051106034961074576 ) ) ;
#1847 = CARTESIAN_POINT ( 'NONE',  ( -0.1018028909699977835, -0.04216813812856273769, 0.06473214285648214161 ) ) ;
#1848 = CARTESIAN_POINT ( 'NONE',  ( 0.1249999999999999584, -0.05177669529663699727, 0.4218749999963392616 ) ) ;
#1849 =( BOUNDED_CURVE ( )  B_SPLINE_CURVE ( 2, ( #1831, #3886, #5151, #1024, #3482, #3965, #2677, #3557, #4812 ),
 .UNSPECIFIED., .F., .F. ) 
 B_SPLINE_CURVE_WITH_KNOTS ( ( 3, 2, 2, 2, 3 ),
 ( 0.6447368421052631637, 0.6513157894736841813, 0.6578947368421053099, 0.6644736842105263275, 0.6710526315789473450 ),
 .UNSPECIFIED. ) 
 CURVE ( )  GEOMETRIC_REPRESENTATION_ITEM ( )  RATIONAL_B_SPLINE_CURVE ( ( 1.000000000000000000, 0.9238795325112867385, 1.000000000000000000, 0.9238795325112867385, 1.000000000000000000, 0.9238795325112867385, 1.000000000000000000, 0.9238795325112867385, 1.000000000000000000 ) ) 
 REPRESENTATION_ITEM ( '' )  );
#1850 = LINE ( 'NONE', #2664, #2804 ) ;
#1851 = CARTESIAN_POINT ( 'NONE',  ( 0.05177669529663685849, -0.1250000000000002220, -0.01116071428591070870 ) ) ;
#1852 = CARTESIAN_POINT ( 'NONE',  ( -0.05177669529663687931, -0.1250000000000000555, 0.2656249999978750886 ) ) ;
#1853 = FACE_OUTER_BOUND ( 'NONE', #4505, .T. ) ;
#1854 = EDGE_CURVE ( 'NONE', #1468, #4612, #3556, .T. ) ;
#1855 = ORIENTED_EDGE ( 'NONE', *, *, #3854, .F. ) ;
#1856 = CARTESIAN_POINT ( 'NONE',  ( 0.1018028909699977558, 0.04216813812856258503, 0.5513392857097321187 ) ) ;
#1857 = CARTESIAN_POINT ( 'NONE',  ( -0.08838834764831843271, 0.08838834764831830781, 0.2544642857122499935 ) ) ;
#1858 = CARTESIAN_POINT ( 'NONE',  ( 0.1018028909699977558, 0.04216813812856259891, 0.5825892857094820965 ) ) ;
#1859 = CARTESIAN_POINT ( 'NONE',  ( 0.1018028909699977697, 0.04216813812856242544, 0.05133928571373212735 ) ) ;
#1860 = CARTESIAN_POINT ( 'NONE',  ( -0.1249999999999999584, -1.623654361348493543E-16, 0.04910714285646426008 ) ) ;
#1861 = VERTEX_POINT ( 'NONE', #112 ) ;
#1862 = CARTESIAN_POINT ( 'NONE',  ( -0.07198551454928017734, 0.07198551454928008020, 0.3124999999973571141 ) ) ;
#1863 = CARTESIAN_POINT ( 'NONE',  ( -0.1018028909699977835, -1.796086373104349471E-16, -0.004464285714392875713 ) ) ;
#1864 = CARTESIAN_POINT ( 'NONE',  ( -0.07198551454928017734, -0.07198551454928028837, 0.2142857142838571760 ) ) ;
#1865 = ORIENTED_EDGE ( 'NONE', *, *, #4771, .F. ) ;
#1866 = CARTESIAN_POINT ( 'NONE',  ( 0.07198551454928016347, -0.07198551454928037163, 0.04017857142810715015 ) ) ;
#1867 = CARTESIAN_POINT ( 'NONE',  ( -0.1687499999999999001, -0.02207505962345740827, 0.8750000000000001110 ) ) ;
#1868 = CARTESIAN_POINT ( 'NONE',  ( 0.07198551454928016347, -0.07198551454928028837, 0.2901785714261072013 ) ) ;
#1869 = CARTESIAN_POINT ( 'NONE',  ( -0.08838834764831843271, -0.08838834764831854374, 0.1919642857127500379 ) ) ;
#1870 = CARTESIAN_POINT ( 'NONE',  ( -0.07198551454928017734, -0.07198551454928020510, 0.4955357142816071425 ) ) ;
#1871 = CARTESIAN_POINT ( 'NONE',  ( 0.1826198767988397309, 0.04907772850198856979, 0.6250000000000000000 ) ) ;
#1872 = DIRECTION ( 'NONE',  ( -1.000000000000000000, 0.000000000000000000, 0.000000000000000000 ) ) ;
#1873 = CARTESIAN_POINT ( 'NONE',  ( 0.1556566722342183351, -0.08968195723118037310, 0.6250000000000001110 ) ) ;
#1874 = CARTESIAN_POINT ( 'NONE',  ( 0.1249999999999999722, 0.05177669529663673359, 0.06473214285662498568 ) ) ;
#1875 = CARTESIAN_POINT ( 'NONE',  ( -0.07198551454928017734, -0.07198551454928033000, 0.06696428571360715787 ) ) ;
#1876 = CARTESIAN_POINT ( 'NONE',  ( -0.05177669529663687931, -0.1250000000000000555, 0.3058035714258394155 ) ) ;
#1877 = LINE ( 'NONE', #1818, #3072 ) ;
#1878 = CARTESIAN_POINT ( 'NONE',  ( 0.1249999999999999306, 1.538357638823458624E-17, 0.000000000000000000 ) ) ;
#1879 = CARTESIAN_POINT ( 'NONE',  ( -0.08838834764831843271, 0.08838834764831823843, -0.02678571428578577218 ) ) ;
#1880 = CARTESIAN_POINT ( 'NONE',  ( 0.08838834765301230301, -0.08838834764362474283, 0.02678571428550045527 ) ) ;
#1881 = CARTESIAN_POINT ( 'NONE',  ( 0.08498570275243588767, -0.1474514531114731186, 0.8750000000000001110 ) ) ;
#1882 = CARTESIAN_POINT ( 'NONE',  ( -0.1018028909699977697, 0.04216813812856257809, 0.6004464285664822265 ) ) ;
#1883 = CARTESIAN_POINT ( 'NONE',  ( 0.1249999999999999584, 0.05177669529663678910, 0.2433035714266250926 ) ) ;
#1884 = CARTESIAN_POINT ( 'NONE',  ( -0.1018028909699977697, -0.04216813812856259891, 0.4933035714244821679 ) ) ;
#1885 = DIRECTION ( 'NONE',  ( 0.4999999999999996114, 0.8660254037844389297, 0.000000000000000000 ) ) ;
#1886 = VECTOR ( 'NONE', #2617, 39.37007874015748143 ) ;
#1887 = B_SPLINE_CURVE_WITH_KNOTS ( 'NONE', 3,
 ( #1442, #4344, #2725, #4739, #3508, #557, #4713, #83, #144, #1002, #953, #4312, #2193, #3153, #3101, #5180, #4375, #533 ),
 .UNSPECIFIED., .F., .F.,
 ( 4, 2, 2, 2, 2, 2, 2, 2, 4 ),
 ( 0.000000000000000000, 0.06250000000000004163, 0.1250000000000000555, 0.1875000000000000555, 0.2500000000000000555, 0.3125000000000000555, 0.3750000000000000000, 0.4375000000000000000, 0.5000000000000000000 ),
 .UNSPECIFIED. ) ;
#1888 = ADVANCED_FACE ( 'NONE', ( #5231 ), #5456, .F. ) ;
#1889 = CARTESIAN_POINT ( 'NONE',  ( -0.05177669529663687931, -0.1250000000000000555, 0.3727678571398750917 ) ) ;
#1890 = CARTESIAN_POINT ( 'NONE',  ( 0.1018028909699977697, 0.04216813812856245319, 0.1584821428557321443 ) ) ;
#1891 = CARTESIAN_POINT ( 'NONE',  ( 0.1349437795130002948, -0.1037047591374593708, 0.8750000000000001110 ) ) ;
#1892 = CARTESIAN_POINT ( 'NONE',  ( -0.04216813812856259891, -0.1018028909699978946, 0.2522321428549821887 ) ) ;
#1893 = CARTESIAN_POINT ( 'NONE',  ( -0.07198551454928017734, 0.07198551454927999693, 0.02678571428535710466 ) ) ;
#1894 = CARTESIAN_POINT ( 'NONE',  ( 0.1018028909699977835, -1.676233157690652000E-16, 0.1205357142846071317 ) ) ;
#1895 = CARTESIAN_POINT ( 'NONE',  ( -1.246725845703547748E-17, -0.1018028909699979223, 0.1428571428558571554 ) ) ;
#1896 = CARTESIAN_POINT ( 'NONE',  ( 0.04216813812856255728, -0.1018028909699979084, 0.2879464285689821712 ) ) ;
#1897 = EDGE_CURVE ( 'NONE', #147, #3586, #1832, .T. ) ;
#1898 = CARTESIAN_POINT ( 'NONE',  ( -0.1249999999999999861, 0.05177669529663675441, 0.1852678571413750030 ) ) ;
#1899 = CARTESIAN_POINT ( 'NONE',  ( 0.09375000000000020817, 0.009141833668649479785, 0.7494390877365276760 ) ) ;
#1900 = LINE ( 'NONE', #2018, #1354 ) ;
#1901 = CARTESIAN_POINT ( 'NONE',  ( -0.1249999999999999584, -1.636840017938878412E-16, 0.04464285714249999898 ) ) ;
#1902 = CARTESIAN_POINT ( 'NONE',  ( -0.1424406561679319172, -0.1094661346297704785, 0.6250000000000000000 ) ) ;
#1903 = CARTESIAN_POINT ( 'NONE',  ( 0.000000000000000000, 0.1018028909699977003, 0.3035714285688571046 ) ) ;
#1904 = CARTESIAN_POINT ( 'NONE',  ( -0.05177669529663686543, 0.1249999999999999584, 0.5066964285670894075 ) ) ;
#1905 = ORIENTED_EDGE ( 'NONE', *, *, #536, .F. ) ;
#1906 = CARTESIAN_POINT ( 'NONE',  ( 0.01712583060960117323, -0.1005748871617085649, 0.003588605255498071404 ) ) ;
#1907 = CARTESIAN_POINT ( 'NONE',  ( -1.530808498934191201E-17, -0.1250000000000000833, 0.2008928571409642760 ) ) ;
#1908 = CARTESIAN_POINT ( 'NONE',  ( 0.05177669529663697645, 0.1249999999999997780, 0.002232142856839214491 ) ) ;
#1909 = APPROVAL_STATUS ( 'not_yet_approved' ) ;
#1910 = CARTESIAN_POINT ( 'NONE',  ( -0.1249999999999999306, 7.549139889267777477E-20, 0.000000000000000000 ) ) ;
#1911 = DIRECTION ( 'NONE',  ( -0.000000000000000000, 0.000000000000000000, -1.000000000000000000 ) ) ;
#1912 = B_SPLINE_CURVE_WITH_KNOTS ( 'NONE', 3,
 ( #2917, #370, #4977, #5008, #1251, #3316, #1198, #1222 ),
 .UNSPECIFIED., .F., .F.,
 ( 4, 2, 2, 4 ),
 ( 2.380745673463103572E-07, 0.001388728690853441609, 0.002082973998996489381, 0.002777219307139536936 ),
 .UNSPECIFIED. ) ;
#1913 = CARTESIAN_POINT ( 'NONE',  ( 0.1018028909699977558, -0.04216813812856263360, 0.5825892857094820965 ) ) ;
#1914 = CARTESIAN_POINT ( 'NONE',  ( -0.1250000000000000000, 0.05177669529663676828, 0.2566964285693750236 ) ) ;
#1915 = CARTESIAN_POINT ( 'NONE',  ( 0.1018028909699977558, -0.04216813812856267524, 0.4709821428532321441 ) ) ;
#1916 = CARTESIAN_POINT ( 'NONE',  ( -0.1082531754730549634, 3.886826542466381952E-17, 0.7578125000000000000 ) ) ;
#1917 = CARTESIAN_POINT ( 'NONE',  ( -0.1018028909699977835, -0.04216813812856274463, 0.03348214285673213608 ) ) ;
#1918 = CARTESIAN_POINT ( 'NONE',  ( -0.1474514531114715088, 0.08498570275245259653, 0.8750000000000001110 ) ) ;
#1919 = ORIENTED_EDGE ( 'NONE', *, *, #3721, .F. ) ;
#1920 = AXIS2_PLACEMENT_3D ( 'NONE', #2281, #4821, #516 ) ;
#1921 = CARTESIAN_POINT ( 'NONE',  ( -1.246725845703547748E-17, -0.1018028909699979223, 0.1830357142841071705 ) ) ;
#1922 = ORIENTED_EDGE ( 'NONE', *, *, #5440, .F. ) ;
#1923 = CARTESIAN_POINT ( 'NONE',  ( -0.04216813812856259891, -0.1018028909699979778, 0.03348214285673216384 ) ) ;
#1924 = CARTESIAN_POINT ( 'NONE',  ( 0.05177669529663696951, 0.1249999999999998751, 0.4308035714248393822 ) ) ;
#1925 = CARTESIAN_POINT ( 'NONE',  ( -1.246725845703547748E-17, -0.1018028909699978529, 0.3928571428538571997 ) ) ;
#1926 = CARTESIAN_POINT ( 'NONE',  ( 0.000000000000000000, 0.1249999999999998473, 0.2499999999979999887 ) ) ;
#1927 = CARTESIAN_POINT ( 'NONE',  ( 0.007663316585628021649, 0.1038287575794574064, 0.7552580611380933506 ) ) ;
#1928 = DIRECTION ( 'NONE',  ( 1.000000000000000000, 0.000000000000000000, 0.000000000000000000 ) ) ;
#1929 = CARTESIAN_POINT ( 'NONE',  ( -0.1250000000000000000, 0.05177669529663680992, 0.3995535714253750648 ) ) ;
#1930 = EDGE_CURVE ( 'NONE', #4924, #5205, #3870, .T. ) ;
#1931 = CARTESIAN_POINT ( 'NONE',  ( 0.1037268387248901497, 0.1349256775390649810, 0.8750000000000002220 ) ) ;
#1932 = ORIENTED_EDGE ( 'NONE', *, *, #2959, .F. ) ;
#1933 = CARTESIAN_POINT ( 'NONE',  ( 0.1249999999999999584, -1.573803333171309632E-16, 0.1696428571415000142 ) ) ;
#1934 = CARTESIAN_POINT ( 'NONE',  ( -0.1152275101366010551, 0.1499375328083542014, 0.6250000000000000000 ) ) ;
#1935 = CARTESIAN_POINT ( 'NONE',  ( 0.08838834764831843271, 0.08838834764831823843, 0.1026785714277499983 ) ) ;
#1936 = CARTESIAN_POINT ( 'NONE',  ( -1.246725845703547748E-17, -0.1018028909699978807, 0.2499999999978571585 ) ) ;
#1937 = CARTESIAN_POINT ( 'NONE',  ( -0.08838834764831843271, -0.08838834764831846047, 0.4464285714247143155 ) ) ;
#1938 = CARTESIAN_POINT ( 'NONE',  ( 0.04216813812856263360, 0.1018028909699977697, 0.5558035714239820679 ) ) ;
#1939 = ADVANCED_FACE ( 'NONE', ( #2326 ), #3732, .T. ) ;
#1940 =( BOUNDED_CURVE ( )  B_SPLINE_CURVE ( 2, ( #2899, #2373, #3626, #4105, #2053, #2001, #304, #2456, #2822 ),
 .UNSPECIFIED., .F., .T. ) 
 B_SPLINE_CURVE_WITH_KNOTS ( ( 3, 2, 2, 2, 3 ),
 ( 0.6184210526315789824, 0.6250000000000000000, 0.6315789473684210176, 0.6381578947368421462, 0.6447368421052631637 ),
 .UNSPECIFIED. ) 
 CURVE ( )  GEOMETRIC_REPRESENTATION_ITEM ( )  RATIONAL_B_SPLINE_CURVE ( ( 1.000000000000000000, 0.9238795325112867385, 1.000000000000000000, 0.9238795325112867385, 1.000000000000000000, 0.9238795325112867385, 1.000000000000000000, 0.9238795325112867385, 1.000000000000000000 ) ) 
 REPRESENTATION_ITEM ( '' )  );
#1941 = ORIENTED_EDGE ( 'NONE', *, *, #4310, .F. ) ;
#1942 = ORIENTED_EDGE ( 'NONE', *, *, #3402, .T. ) ;
#1943 = CARTESIAN_POINT ( 'NONE',  ( -0.1249999999999999584, -1.307198603159001952E-16, 0.1562499999984642285 ) ) ;
#1944 = CARTESIAN_POINT ( 'NONE',  ( -0.09374999999999998612, 0.05412658773652764127, 0.7578125000000000000 ) ) ;
#1945 = CARTESIAN_POINT ( 'NONE',  ( -5.292955487724510356E-16, -0.1082531754730549217, 0.7578125000000000000 ) ) ;
#1946 = CARTESIAN_POINT ( 'NONE',  ( 0.000000000000000000, 2.561107494060246767E-17, 0.7578125000000000000 ) ) ;
#1947 = EDGE_LOOP ( 'NONE', ( #1845, #2808, #1306 ) ) ;
#1948 = CARTESIAN_POINT ( 'NONE',  ( 0.04216813812856255728, -0.1018028909699978252, 0.5022321428529821219 ) ) ;
#1949 = CYLINDRICAL_SURFACE ( 'NONE', #559, 0.1874999999999999167 ) ;
#1950 = CARTESIAN_POINT ( 'NONE',  ( -0.04216813812856257115, 0.1018028909699976309, 0.09598214285623210551 ) ) ;
#1951 = ORIENTED_EDGE ( 'NONE', *, *, #2043, .T. ) ;
#1952 = CARTESIAN_POINT ( 'NONE',  ( -0.04216813812856259891, -0.1018028909699978529, 0.3950892857109821188 ) ) ;
#1953 = ORIENTED_EDGE ( 'NONE', *, *, #233, .T. ) ;
#1954 = CARTESIAN_POINT ( 'NONE',  ( 0.04216813812856263360, 0.1018028909699976864, 0.3058035714259820237 ) ) ;
#1955 = VERTEX_POINT ( 'NONE', #3847 ) ;
#1956 = CARTESIAN_POINT ( 'NONE',  ( -0.04216813812856257809, 0.1018028909699976448, 0.1629464285699820936 ) ) ;
#1957 = CARTESIAN_POINT ( 'NONE',  ( -0.08838834764831843271, 0.08838834764831837720, 0.4374999999962142505 ) ) ;
#1958 = CARTESIAN_POINT ( 'NONE',  ( -0.04216813812856259891, -0.1018028909699978668, 0.3191964285687321490 ) ) ;
#1959 = CARTESIAN_POINT ( 'NONE',  ( -0.1249999999999999584, -6.874727433704032688E-17, 0.3660714285685000013 ) ) ;
#1960 = DIRECTION ( 'NONE',  ( -0.000000000000000000, -0.000000000000000000, -1.000000000000000000 ) ) ;
#1961 = CARTESIAN_POINT ( 'NONE',  ( -0.08838834764831843271, -0.08838834764831850210, 0.3348214285687499681 ) ) ;
#1962 = CARTESIAN_POINT ( 'NONE',  ( -0.1556514748752176880, -0.08967980441428854976, 0.6249999999999998890 ) ) ;
#1963 = CARTESIAN_POINT ( 'NONE',  ( 0.04907772850198856979, -0.1826198767988397309, 0.6250000000000000000 ) ) ;
#1964 = CARTESIAN_POINT ( 'NONE',  ( -0.08838834764831843271, 0.08838834764831825230, 0.07589285714224998369 ) ) ;
#1965 = CARTESIAN_POINT ( 'NONE',  ( -0.07198551454928017734, -0.07198551454928026061, 0.3169642857116071744 ) ) ;
#1966 = CARTESIAN_POINT ( 'NONE',  ( 0.000000000000000000, 0.1249999999999999445, 0.5401785714239643044 ) ) ;
#1967 = ADVANCED_FACE ( 'NONE', ( #45 ), #2218, .T. ) ;
#1968 = CARTESIAN_POINT ( 'NONE',  ( 0.04216813812856263360, 0.1018028909699977697, 0.5200892857099821409 ) ) ;
#1969 = ORIENTED_EDGE ( 'NONE', *, *, #2676, .F. ) ;
#1970 = CARTESIAN_POINT ( 'NONE',  ( -0.1068798286807002562, 0.009626319697433251277, 0.5947996639072372638 ) ) ;
#1971 = CARTESIAN_POINT ( 'NONE',  ( 0.1249999999999999722, 0.05177669529663675441, 0.1049107142845892432 ) ) ;
#1972 = CARTESIAN_POINT ( 'NONE',  ( -0.1250000000000000000, 0.05177669529663687931, 0.5825892857093393218 ) ) ;
#1973 = PLANE ( 'NONE',  #2392 ) ;
#1974 =( BOUNDED_CURVE ( )  B_SPLINE_CURVE ( 2, ( #1211, #1158, #1624, #1519, #5313, #2905, #4035, #2877, #4113 ),
 .UNSPECIFIED., .F., .F. ) 
 B_SPLINE_CURVE_WITH_KNOTS ( ( 3, 2, 2, 2, 3 ),
 ( 0.3026315789473684181, 0.3092105263157894912, 0.3157894736842105088, 0.3223684210526315819, 0.3289473684210526550 ),
 .UNSPECIFIED. ) 
 CURVE ( )  GEOMETRIC_REPRESENTATION_ITEM ( )  RATIONAL_B_SPLINE_CURVE ( ( 1.000000000000000000, 0.9238795325112867385, 1.000000000000000000, 0.9238795325112867385, 1.000000000000000000, 0.9238795325112867385, 1.000000000000000000, 0.9238795325112867385, 1.000000000000000000 ) ) 
 REPRESENTATION_ITEM ( '' )  );
#1975 = B_SPLINE_CURVE_WITH_KNOTS ( 'NONE', 3,
 ( #1352, #3137, #1812, #3059, #540, #3514, #5187, #1402, #91, #934 ),
 .UNSPECIFIED., .F., .F.,
 ( 4, 3, 3, 4 ),
 ( 6.133173666733496745E-19, 0.0001807067827829081418, 0.0003614135974701822599, 0.0006846319121577523238 ),
 .UNSPECIFIED. ) ;
#1976 = CARTESIAN_POINT ( 'NONE',  ( -0.08838834764831843271, 0.08838834764831840496, 0.5446428571382142536 ) ) ;
#1977 = CARTESIAN_POINT ( 'NONE',  ( 0.05177669529663685849, -0.1250000000000001665, 0.09598214285608928920 ) ) ;
#1978 = CARTESIAN_POINT ( 'NONE',  ( 0.08838834764831843271, 0.08838834764831823843, 0.1026785714277499845 ) ) ;
#1979 = CARTESIAN_POINT ( 'NONE',  ( 0.1018028909699977697, -0.04216813812856279320, 0.08258928571348214676 ) ) ;
#1980 = CARTESIAN_POINT ( 'NONE',  ( 0.000000000000000000, 0.1249999999999998751, 0.3571428571399999363 ) ) ;
#1981 = ORIENTED_EDGE ( 'NONE', *, *, #907, .F. ) ;
#1982 = VECTOR ( 'NONE', #5227, 39.37007874015748143 ) ;
#1983 = CARTESIAN_POINT ( 'NONE',  ( 0.1018028909699977558, -0.04216813812856271687, 0.3325892857114821632 ) ) ;
#1984 = CARTESIAN_POINT ( 'NONE',  ( 0.04216813812856255728, -0.1018028909699979223, 0.2165178571409821506 ) ) ;
#1985 = CARTESIAN_POINT ( 'NONE',  ( -0.07198551454928017734, 0.07198551454928008020, 0.2723214285691070713 ) ) ;
#1986 = CARTESIAN_POINT ( 'NONE',  ( -0.1249999999999999861, 0.05177669529663675441, 0.2209821428553750688 ) ) ;
#1987 = CARTESIAN_POINT ( 'NONE',  ( -0.08838834764831843271, 0.08838834764831836333, 0.4017857142822142680 ) ) ;
#1988 = DIRECTION ( 'NONE',  ( -1.000000000000000000, 0.000000000000000000, 0.000000000000000000 ) ) ;
#1989 = LOCAL_TIME ( 17, 51, 20.00000000000000000, #4580 ) ;
#1990 = AXIS2_PLACEMENT_3D ( 'NONE', #1461, #1542, #4058 ) ;
#1991 = VECTOR ( 'NONE', #2250, 39.37007874015748143 ) ;
#1992 = CARTESIAN_POINT ( 'NONE',  ( 0.08838834764831843271, 0.08838834764831836333, 0.5312499999957500663 ) ) ;
#1993 = ORIENTED_EDGE ( 'NONE', *, *, #1106, .T. ) ;
#1994 = CARTESIAN_POINT ( 'NONE',  ( 0.1249999999999999584, -0.05177669529663710135, 0.09598214285637501897 ) ) ;
#1995 = CARTESIAN_POINT ( 'NONE',  ( 0.000000000000000000, 0.1018028909699976586, 0.1964285714268571015 ) ) ;
#1996 = CARTESIAN_POINT ( 'NONE',  ( 0.1249999999999999584, -4.002798965527882713E-17, 0.5669642857094643329 ) ) ;
#1997 = CARTESIAN_POINT ( 'NONE',  ( -0.04216813812856257115, 0.1018028909699977697, 0.5245535714242320902 ) ) ;
#1998 = EDGE_LOOP ( 'NONE', ( #1919, #1040, #3155, #64 ) ) ;
#1999 = CARTESIAN_POINT ( 'NONE',  ( -0.1249999999999999584, -1.531354765209047799E-16, 0.08035714285650000233 ) ) ;
#2000 = ORIENTED_EDGE ( 'NONE', *, *, #541, .F. ) ;
#2001 = CARTESIAN_POINT ( 'NONE',  ( -0.05177669529663687931, 0.1249999999999999167, 0.4308035714251249870 ) ) ;
#2002 = CARTESIAN_POINT ( 'NONE',  ( 0.1249999999999999722, 0.05177669529663671971, 0.03348214285658923650 ) ) ;
#2003 = PERSON_AND_ORGANIZATION_ROLE ( 'classification_officer' ) ;
#2004 = CARTESIAN_POINT ( 'NONE',  ( 0.1249999999999999584, -4.002798965527882713E-17, 0.5669642857094643329 ) ) ;
#2005 = CARTESIAN_POINT ( 'NONE',  ( 0.06328833183658408301, 0.08854792951975173909, 0.01038276598845550708 ) ) ;
#2006 = CARTESIAN_POINT ( 'NONE',  ( 0.1018028909699977835, -3.049248722028542833E-17, 0.5848214285666072376 ) ) ;
#2007 = VERTEX_POINT ( 'NONE', #4337 ) ;
#2008 = CARTESIAN_POINT ( 'NONE',  ( -0.1250000000000000000, 0.05177669529663680298, 0.3683035714253392601 ) ) ;
#2009 = CARTESIAN_POINT ( 'NONE',  ( -0.1018028909699977697, -0.04216813812856256422, 0.6361607142804822645 ) ) ;
#2010 = CARTESIAN_POINT ( 'NONE',  ( -0.1018028909699977835, -0.04216813812856268218, 0.2477678571407321839 ) ) ;
#2011 =( BOUNDED_SURFACE ( )  B_SPLINE_SURFACE ( 1, 2, ( 
 ( #3830, #4316, #4653, #1375, #1695, #4719, #2596, #1320, #929, #1287, #463, #3914, #2166, #1728, #4685, #2197, #55, #898, #3404, #1348, #3002, #3890, #4262, #3460, #4211, #3859, #5129, #23, #2137, #86, #2655, #5501, #3054, #3430, #4741, #1780, #4289, #3485, #959, #5155, #5100, #3080, #2680, #2566, #535, #2252, #117, #3373, #5041, #1256, #2974, #4623, #839, #434, #3804, #5071, #3027, #5207, #4429, #3157, #1894, #2702, #2330, #3584, #2300, #563, #4013, #4846, #3943, #1025, #177, #3212, #640, #4814, #2359, #4878, #2756, #1418, #232, #1082, #982, #1054, #611, #4402, #2810, #4457, #666, #5260, #1921, #3988, #3559, #5288, #4766, #2781, #204, #3536, #1470, #3189, #2385, #3611, #4347, #1497, #1864, #3967, #3129, #1398, #4041, #1807, #3509, #5182, #3105, #2275, #5233, #146, #1836, #1445, #1004, #4790, #2730, #4377, #585, #2834, #4484, #3639, #2913, #2857, #1526, #3313, #4948, #1162, #4507, #3694, #339, #2038, #4147, #4091, #365, #4589, #3718, #4534, #690, #3744, #716, #1954, #4905, #5317, #1550, #3242, #5399, #5375, #2066, #2412, #5426, #1602, #747, #1983, #1195, #313, #4564, #3667, #3283, #4973, #2013, #774, #1575, #2440, #1219, #3261, #1629, #4062, #2494, #4925, #2882, #3339, #5348, #1136, #801, #2465, #4120, #5003, #2940, #2525, #262, #1109, #286, #5146, #2128, #2094, #1369, #425, #1743, #1773, #4203, #3044, #3797, #5489, #503, #4707, #1308, #3476, #2187, #3073, #890, #921, #1688, #1717, #2616, #2962, #3396, #3849, #46, #5060, #1278, #4736, #2993, #4614, #948, #3767, #4643, #3448, #2556, #4171, #863, #3022, #3419, #2646, #478, #2219, #394, #5457, #1659, #3366, #5032, #1246, #828, #4252, #4675, #5120, #1339, #2587, #4226, #457, #2159, #12, #3821, #5091, #4281, #77, #3880, #3121, #2247, #604, #3935, #1856, #4307, #2320, #4782, #2671, #552, #3529, #2695, #998, #1388, #529, #1020, #227, #106, #1913, #4757, #3959, #1436, #3908, #138, #3578, #2747, #1882, #197, #3205, #3605, #974, #3983, #4870, #5281, #1048, #5226, #2773, #2721, #1825, #5174, #2347, #2293, #1798, #5200, #5253, #169, #3552, #3504 ),
 ( #2269, #4423, #1490, #4338, #1463, #3096, #1411, #3180, #4369, #579, #632, #4837, #3149, #4807, #4006, #4394, #1182, #4990, #4892, #2868, #2479, #352, #3731, #1923, #5290, #3158, #1866, #1111, #179, #2732, #5318, #148, #3560, #234, #586, #2276, #5234, #1056, #5262, #1083, #4015, #4042, #4906, #4486, #3944, #5209, #1837, #3537, #1420, #2360, #2783, #641, #1498, #1447, #3130, #4792, #1026, #3587, #4816, #1006, #2758, #3640, #3213, #4403, #4378, #4880, #613, #1471, #2332, #2811, #3989, #205, #1895, #3190, #4847, #4431, #4459, #668, #2387, #1527, #263, #1956, #2858, #2039, #4975, #691, #3695, #1632, #4567, #5428, #3747, #1249, #3769, #4508, #4149, #2964, #5460, #4591, #3315, #803, #748, #2015, #3262, #396, #341, #1984, #5376, #367, #3720, #5401, #2414, #4173, #4927, #3287, #2441, #2097, #4121, #1661, #1604, #2069, #3368, #5034, #1577, #4949, #4063, #3341, #718, #287, #4092, #3668, #5350, #1197, #776, #314, #2916, #1163, #2884, #4536, #2497, #5006, #1138, #2466, #1551, #1221, #2942, #2528, #2221, #3851, #1745, #1720, #2619, #4710, #2648, #3076, #3024, #4738, #3506, #4283, #3451, #1690, #2673, #3421, #831, #3800, #2558, #459, #428, #505, #4255, #950, #3398, #4309, #3882, #5122, #865, #80, #4678, #1775, #2590, #2189, #3478, #892, #5148, #480, #5095, #108, #2161, #531, #2995, #2248, #3823, #1342, #3910, #4228, #14, #5177, #1311, #3047, #1801, #1390, #4616, #4205, #4645, #2130, #5492, #5062, #4397, #3182, #3937, #3580, #4839, #3554, #1828, #5283, #634, #5201, #2322, #1438, #4451, #1915, #606, #229, #661, #3985, #1000, #1492, #2379, #2271, #2350, #1884, #199, #4036, #256, #1948, #1050, #3207, #5255, #4809, #1076, #554, #4008, #1465, #4785, #2776, #4425, #3632, #3607, #140, #4873, #3151, #5228, #2723, #2697, #2803, #5314, #3098, #4759, #976, #172, #1022, #4341, #3531, #1413, #2749, #3123, #4371, #580, #2294, #3962, #1858, #4086, #3236, #685, #4901, #2855, #2828, #1189, #4945, #5421, #281, #1625, #4968, #334, #3257, #2487, #5370, #4139, #4920, #4528, #769, #1570, #2906, #3279, #2009, #2519, #4503, #4996 ) ),
 .UNSPECIFIED., .F., .F., .T. ) 
 B_SPLINE_SURFACE_WITH_KNOTS ( ( 2, 2 ),
 ( 3, 2, 2, 2, 2, 2, 2, 2, 2, 2, 2, 2, 2, 2, 2, 2, 2, 2, 2, 2, 2, 2, 2, 2, 2, 2, 2, 2, 2, 2, 2, 2, 2, 2, 2, 2, 2, 2, 2, 2, 2, 2, 2, 2, 2, 2, 2, 2, 2, 2, 2, 2, 2, 2, 2, 2, 2, 2, 2, 2, 2, 2, 2, 2, 2, 2, 2, 2, 2, 2, 2, 2, 2, 2, 2, 2, 2, 2, 2, 2, 2, 2, 2, 2, 2, 2, 2, 2, 2, 2, 2, 2, 2, 2, 2, 2, 2, 2, 2, 2, 2, 2, 2, 2, 2, 2, 2, 2, 2, 2, 2, 2, 2, 2, 2, 2, 2, 2, 2, 2, 2, 2, 2, 2, 2, 2, 2, 2, 2, 2, 2, 2, 2, 2, 2, 2, 2, 2, 2, 2, 2, 2, 2, 2, 2, 2, 2, 2, 3 ),
 ( 0.000000000000000000, 1.000000000000000000 ),
 ( 0.000000000000000000, 0.006578947368421052266, 0.01315789473684210453, 0.01973684210526315680, 0.02631578947368420907, 0.03289473684210526133, 0.03947368421052631360, 0.04605263157894736586, 0.05263157894736841813, 0.05921052631578947040, 0.06578947368421052266, 0.07236842105263158187, 0.07894736842105262720, 0.08552631578947368640, 0.09210526315789473173, 0.09868421052631579093, 0.1052631578947368363, 0.1118421052631578955, 0.1184210526315789408, 0.1250000000000000000, 0.1315789473684210453, 0.1381578947368421184, 0.1447368421052631637, 0.1513157894736842091, 0.1578947368421052544, 0.1644736842105263275, 0.1710526315789473728, 0.1776315789473684181, 0.1842105263157894635, 0.1907894736842105365, 0.1973684210526315819, 0.2039473684210526272, 0.2105263157894736725, 0.2171052631578947456, 0.2236842105263157909, 0.2302631578947368363, 0.2368421052631578816, 0.2434210526315789547, 0.2500000000000000000, 0.2565789473684210731, 0.2631578947368420907, 0.2697368421052631637, 0.2763157894736842368, 0.2828947368421052544, 0.2894736842105263275, 0.2960526315789473450, 0.3026315789473684181, 0.3092105263157894912, 0.3157894736842105088, 0.3223684210526315819, 0.3289473684210526550, 0.3355263157894736725, 0.3421052631578947456, 0.3486842105263157632, 0.3552631578947368363, 0.3618421052631579093, 0.3684210526315789269, 0.3750000000000000000, 0.3815789473684210731, 0.3881578947368420907, 0.3947368421052631637, 0.4013157894736842368, 0.4078947368421052544, 0.4144736842105263275, 0.4210526315789473450, 0.4276315789473684181, 0.4342105263157894912, 0.4407894736842105088, 0.4473684210526315819, 0.4539473684210526550, 0.4605263157894736725, 0.4671052631578947456, 0.4736842105263157632, 0.4802631578947368363, 0.4868421052631579093, 0.4934210526315789269, 0.5000000000000000000, 0.5065789473684210176, 0.5131578947368421462, 0.5197368421052631637, 0.5263157894736841813, 0.5328947368421053099, 0.5394736842105263275, 0.5460526315789473450, 0.5526315789473684736, 0.5592105263157894912, 0.5657894736842105088, 0.5723684210526315264, 0.5789473684210526550, 0.5855263157894736725, 0.5921052631578946901, 0.5986842105263158187, 0.6052631578947368363, 0.6118421052631578538, 0.6184210526315789824, 0.6250000000000000000, 0.6315789473684210176, 0.6381578947368421462, 0.6447368421052631637, 0.6513157894736841813, 0.6578947368421053099, 0.6644736842105263275, 0.6710526315789473450, 0.6776315789473684736, 0.6842105263157894912, 0.6907894736842105088, 0.6973684210526315264, 0.7039473684210526550, 0.7105263157894736725, 0.7171052631578946901, 0.7236842105263158187, 0.7302631578947368363, 0.7368421052631578538, 0.7434210526315789824, 0.7500000000000000000, 0.7565789473684210176, 0.7631578947368421462, 0.7697368421052631637, 0.7763157894736841813, 0.7828947368421053099, 0.7894736842105263275, 0.7960526315789473450, 0.8026315789473684736, 0.8092105263157894912, 0.8157894736842105088, 0.8223684210526315264, 0.8289473684210526550, 0.8355263157894736725, 0.8421052631578946901, 0.8486842105263158187, 0.8552631578947368363, 0.8618421052631578538, 0.8684210526315789824, 0.8750000000000000000, 0.8815789473684210176, 0.8881578947368421462, 0.8947368421052631637, 0.9013157894736841813, 0.9078947368421053099, 0.9144736842105263275, 0.9210526315789473450, 0.9276315789473684736, 0.9342105263157894912, 0.9407894736842105088, 0.9473684210526315264, 0.9539473684210526550, 0.9605263157894736725, 0.9671052631578946901, 0.9736842105263158187 ),
 .UNSPECIFIED. ) 
 GEOMETRIC_REPRESENTATION_ITEM ( )  RATIONAL_B_SPLINE_SURFACE ( (
 ( 1.000000000000000000, 0.9238795325112867385, 1.000000000000000000, 0.9238795325112867385, 1.000000000000000000, 0.9238795325112867385, 1.000000000000000000, 0.9238795325112867385, 1.000000000000000000, 0.9238795325112867385, 1.000000000000000000, 0.9238795325112867385, 1.000000000000000000, 0.9238795325112867385, 1.000000000000000000, 0.9238795325112867385, 1.000000000000000000, 0.9238795325112867385, 1.000000000000000000, 0.9238795325112867385, 1.000000000000000000, 0.9238795325112867385, 1.000000000000000000, 0.9238795325112867385, 1.000000000000000000, 0.9238795325112867385, 1.000000000000000000, 0.9238795325112867385, 1.000000000000000000, 0.9238795325112867385, 1.000000000000000000, 0.9238795325112867385, 1.000000000000000000, 0.9238795325112867385, 1.000000000000000000, 0.9238795325112867385, 1.000000000000000000, 0.9238795325112867385, 1.000000000000000000, 0.9238795325112867385, 1.000000000000000000, 0.9238795325112867385, 1.000000000000000000, 0.9238795325112867385, 1.000000000000000000, 0.9238795325112867385, 1.000000000000000000, 0.9238795325112867385, 1.000000000000000000, 0.9238795325112867385, 1.000000000000000000, 0.9238795325112867385, 1.000000000000000000, 0.9238795325112867385, 1.000000000000000000, 0.9238795325112867385, 1.000000000000000000, 0.9238795325112867385, 1.000000000000000000, 0.9238795325112867385, 1.000000000000000000, 0.9238795325112867385, 1.000000000000000000, 0.9238795325112867385, 1.000000000000000000, 0.9238795325112867385, 1.000000000000000000, 0.9238795325112867385, 1.000000000000000000, 0.9238795325112867385, 1.000000000000000000, 0.9238795325112867385, 1.000000000000000000, 0.9238795325112867385, 1.000000000000000000, 0.9238795325112867385, 1.000000000000000000, 0.9238795325112867385, 1.000000000000000000, 0.9238795325112867385, 1.000000000000000000, 0.9238795325112867385, 1.000000000000000000, 0.9238795325112867385, 1.000000000000000000, 0.9238795325112867385, 1.000000000000000000, 0.9238795325112867385, 1.000000000000000000, 0.9238795325112867385, 1.000000000000000000, 0.9238795325112867385, 1.000000000000000000, 0.9238795325112867385, 1.000000000000000000, 0.9238795325112867385, 1.000000000000000000, 0.9238795325112867385, 1.000000000000000000, 0.9238795325112867385, 1.000000000000000000, 0.9238795325112867385, 1.000000000000000000, 0.9238795325112867385, 1.000000000000000000, 0.9238795325112867385, 1.000000000000000000, 0.9238795325112867385, 1.000000000000000000, 0.9238795325112867385, 1.000000000000000000, 0.9238795325112867385, 1.000000000000000000, 0.9238795325112867385, 1.000000000000000000, 0.9238795325112867385, 1.000000000000000000, 0.9238795325112867385, 1.000000000000000000, 0.9238795325112867385, 1.000000000000000000, 0.9238795325112867385, 1.000000000000000000, 0.9238795325112867385, 1.000000000000000000, 0.9238795325112867385, 1.000000000000000000, 0.9238795325112867385, 1.000000000000000000, 0.9238795325112867385, 1.000000000000000000, 0.9238795325112867385, 1.000000000000000000, 0.9238795325112867385, 1.000000000000000000, 0.9238795325112867385, 1.000000000000000000, 0.9238795325112867385, 1.000000000000000000, 0.9238795325112867385, 1.000000000000000000, 0.9238795325112867385, 1.000000000000000000, 0.9238795325112867385, 1.000000000000000000, 0.9238795325112867385, 1.000000000000000000, 0.9238795325112867385, 1.000000000000000000, 0.9238795325112867385, 1.000000000000000000, 0.9238795325112867385, 1.000000000000000000, 0.9238795325112867385, 1.000000000000000000, 0.9238795325112867385, 1.000000000000000000, 0.9238795325112867385, 1.000000000000000000, 0.9238795325112867385, 1.000000000000000000, 0.9238795325112867385, 1.000000000000000000, 0.9238795325112867385, 1.000000000000000000, 0.9238795325112867385, 1.000000000000000000, 0.9238795325112867385, 1.000000000000000000, 0.9238795325112867385, 1.000000000000000000, 0.9238795325112867385, 1.000000000000000000, 0.9238795325112867385, 1.000000000000000000, 0.9238795325112867385, 1.000000000000000000, 0.9238795325112867385, 1.000000000000000000, 0.9238795325112867385, 1.000000000000000000, 0.9238795325112867385, 1.000000000000000000, 0.9238795325112867385, 1.000000000000000000, 0.9238795325112867385, 1.000000000000000000, 0.9238795325112867385, 1.000000000000000000, 0.9238795325112867385, 1.000000000000000000, 0.9238795325112867385, 1.000000000000000000, 0.9238795325112867385, 1.000000000000000000, 0.9238795325112867385, 1.000000000000000000, 0.9238795325112867385, 1.000000000000000000, 0.9238795325112867385, 1.000000000000000000, 0.9238795325112867385, 1.000000000000000000, 0.9238795325112867385, 1.000000000000000000, 0.9238795325112867385, 1.000000000000000000, 0.9238795325112867385, 1.000000000000000000, 0.9238795325112867385, 1.000000000000000000, 0.9238795325112867385, 1.000000000000000000, 0.9238795325112867385, 1.000000000000000000, 0.9238795325112867385, 1.000000000000000000, 0.9238795325112867385, 1.000000000000000000, 0.9238795325112867385, 1.000000000000000000, 0.9238795325112867385, 1.000000000000000000, 0.9238795325112867385, 1.000000000000000000, 0.9238795325112867385, 1.000000000000000000, 0.9238795325112867385, 1.000000000000000000, 0.9238795325112867385, 1.000000000000000000, 0.9238795325112867385, 1.000000000000000000, 0.9238795325112867385, 1.000000000000000000, 0.9238795325112867385, 1.000000000000000000, 0.9238795325112867385, 1.000000000000000000, 0.9238795325112867385, 1.000000000000000000, 0.9238795325112867385, 1.000000000000000000, 0.9238795325112867385, 1.000000000000000000, 0.9238795325112867385, 1.000000000000000000, 0.9238795325112867385, 1.000000000000000000, 0.9238795325112867385, 1.000000000000000000, 0.9238795325112867385, 1.000000000000000000, 0.9238795325112867385, 1.000000000000000000, 0.9238795325112867385, 1.000000000000000000, 0.9238795325112867385, 1.000000000000000000, 0.9238795325112867385, 1.000000000000000000, 0.9238795325112867385, 1.000000000000000000, 0.9238795325112867385, 1.000000000000000000, 0.9238795325112867385, 1.000000000000000000, 0.9238795325112867385, 1.000000000000000000, 0.9238795325112867385, 1.000000000000000000, 0.9238795325112867385, 1.000000000000000000, 0.9238795325112867385, 1.000000000000000000, 0.9238795325112867385, 1.000000000000000000, 0.9238795325112867385, 1.000000000000000000, 0.9238795325112867385, 1.000000000000000000, 0.9238795325112867385, 1.000000000000000000, 0.9238795325112867385, 1.000000000000000000, 0.9238795325112867385, 1.000000000000000000, 0.9238795325112867385, 1.000000000000000000, 0.9238795325112867385, 1.000000000000000000, 0.9238795325112867385, 1.000000000000000000, 0.9238795325112867385, 1.000000000000000000, 0.9238795325112867385, 1.000000000000000000),
 ( 1.000000000000000000, 0.9238795325112867385, 1.000000000000000000, 0.9238795325112867385, 1.000000000000000000, 0.9238795325112867385, 1.000000000000000000, 0.9238795325112867385, 1.000000000000000000, 0.9238795325112867385, 1.000000000000000000, 0.9238795325112867385, 1.000000000000000000, 0.9238795325112867385, 1.000000000000000000, 0.9238795325112867385, 1.000000000000000000, 0.9238795325112867385, 1.000000000000000000, 0.9238795325112867385, 1.000000000000000000, 0.9238795325112867385, 1.000000000000000000, 0.9238795325112867385, 1.000000000000000000, 0.9238795325112867385, 1.000000000000000000, 0.9238795325112867385, 1.000000000000000000, 0.9238795325112867385, 1.000000000000000000, 0.9238795325112867385, 1.000000000000000000, 0.9238795325112867385, 1.000000000000000000, 0.9238795325112867385, 1.000000000000000000, 0.9238795325112867385, 1.000000000000000000, 0.9238795325112867385, 1.000000000000000000, 0.9238795325112867385, 1.000000000000000000, 0.9238795325112867385, 1.000000000000000000, 0.9238795325112867385, 1.000000000000000000, 0.9238795325112867385, 1.000000000000000000, 0.9238795325112867385, 1.000000000000000000, 0.9238795325112867385, 1.000000000000000000, 0.9238795325112867385, 1.000000000000000000, 0.9238795325112867385, 1.000000000000000000, 0.9238795325112867385, 1.000000000000000000, 0.9238795325112867385, 1.000000000000000000, 0.9238795325112867385, 1.000000000000000000, 0.9238795325112867385, 1.000000000000000000, 0.9238795325112867385, 1.000000000000000000, 0.9238795325112867385, 1.000000000000000000, 0.9238795325112867385, 1.000000000000000000, 0.9238795325112867385, 1.000000000000000000, 0.9238795325112867385, 1.000000000000000000, 0.9238795325112867385, 1.000000000000000000, 0.9238795325112867385, 1.000000000000000000, 0.9238795325112867385, 1.000000000000000000, 0.9238795325112867385, 1.000000000000000000, 0.9238795325112867385, 1.000000000000000000, 0.9238795325112867385, 1.000000000000000000, 0.9238795325112867385, 1.000000000000000000, 0.9238795325112867385, 1.000000000000000000, 0.9238795325112867385, 1.000000000000000000, 0.9238795325112867385, 1.000000000000000000, 0.9238795325112867385, 1.000000000000000000, 0.9238795325112867385, 1.000000000000000000, 0.9238795325112867385, 1.000000000000000000, 0.9238795325112867385, 1.000000000000000000, 0.9238795325112867385, 1.000000000000000000, 0.9238795325112867385, 1.000000000000000000, 0.9238795325112867385, 1.000000000000000000, 0.9238795325112867385, 1.000000000000000000, 0.9238795325112867385, 1.000000000000000000, 0.9238795325112867385, 1.000000000000000000, 0.9238795325112867385, 1.000000000000000000, 0.9238795325112867385, 1.000000000000000000, 0.9238795325112867385, 1.000000000000000000, 0.9238795325112867385, 1.000000000000000000, 0.9238795325112867385, 1.000000000000000000, 0.9238795325112867385, 1.000000000000000000, 0.9238795325112867385, 1.000000000000000000, 0.9238795325112867385, 1.000000000000000000, 0.9238795325112867385, 1.000000000000000000, 0.9238795325112867385, 1.000000000000000000, 0.9238795325112867385, 1.000000000000000000, 0.9238795325112867385, 1.000000000000000000, 0.9238795325112867385, 1.000000000000000000, 0.9238795325112867385, 1.000000000000000000, 0.9238795325112867385, 1.000000000000000000, 0.9238795325112867385, 1.000000000000000000, 0.9238795325112867385, 1.000000000000000000, 0.9238795325112867385, 1.000000000000000000, 0.9238795325112867385, 1.000000000000000000, 0.9238795325112867385, 1.000000000000000000, 0.9238795325112867385, 1.000000000000000000, 0.9238795325112867385, 1.000000000000000000, 0.9238795325112867385, 1.000000000000000000, 0.9238795325112867385, 1.000000000000000000, 0.9238795325112867385, 1.000000000000000000, 0.9238795325112867385, 1.000000000000000000, 0.9238795325112867385, 1.000000000000000000, 0.9238795325112867385, 1.000000000000000000, 0.9238795325112867385, 1.000000000000000000, 0.9238795325112867385, 1.000000000000000000, 0.9238795325112867385, 1.000000000000000000, 0.9238795325112867385, 1.000000000000000000, 0.9238795325112867385, 1.000000000000000000, 0.9238795325112867385, 1.000000000000000000, 0.9238795325112867385, 1.000000000000000000, 0.9238795325112867385, 1.000000000000000000, 0.9238795325112867385, 1.000000000000000000, 0.9238795325112867385, 1.000000000000000000, 0.9238795325112867385, 1.000000000000000000, 0.9238795325112867385, 1.000000000000000000, 0.9238795325112867385, 1.000000000000000000, 0.9238795325112867385, 1.000000000000000000, 0.9238795325112867385, 1.000000000000000000, 0.9238795325112867385, 1.000000000000000000, 0.9238795325112867385, 1.000000000000000000, 0.9238795325112867385, 1.000000000000000000, 0.9238795325112867385, 1.000000000000000000, 0.9238795325112867385, 1.000000000000000000, 0.9238795325112867385, 1.000000000000000000, 0.9238795325112867385, 1.000000000000000000, 0.9238795325112867385, 1.000000000000000000, 0.9238795325112867385, 1.000000000000000000, 0.9238795325112867385, 1.000000000000000000, 0.9238795325112867385, 1.000000000000000000, 0.9238795325112867385, 1.000000000000000000, 0.9238795325112867385, 1.000000000000000000, 0.9238795325112867385, 1.000000000000000000, 0.9238795325112867385, 1.000000000000000000, 0.9238795325112867385, 1.000000000000000000, 0.9238795325112867385, 1.000000000000000000, 0.9238795325112867385, 1.000000000000000000, 0.9238795325112867385, 1.000000000000000000, 0.9238795325112867385, 1.000000000000000000, 0.9238795325112867385, 1.000000000000000000, 0.9238795325112867385, 1.000000000000000000, 0.9238795325112867385, 1.000000000000000000, 0.9238795325112867385, 1.000000000000000000, 0.9238795325112867385, 1.000000000000000000, 0.9238795325112867385, 1.000000000000000000, 0.9238795325112867385, 1.000000000000000000, 0.9238795325112867385, 1.000000000000000000, 0.9238795325112867385, 1.000000000000000000, 0.9238795325112867385, 1.000000000000000000, 0.9238795325112867385, 1.000000000000000000, 0.9238795325112867385, 1.000000000000000000, 0.9238795325112867385, 1.000000000000000000, 0.9238795325112867385, 1.000000000000000000, 0.9238795325112867385, 1.000000000000000000, 0.9238795325112867385, 1.000000000000000000, 0.9238795325112867385, 1.000000000000000000, 0.9238795325112867385, 1.000000000000000000, 0.9238795325112867385, 1.000000000000000000, 0.9238795325112867385, 1.000000000000000000, 0.9238795325112867385, 1.000000000000000000, 0.9238795325112867385, 1.000000000000000000, 0.9238795325112867385, 1.000000000000000000, 0.9238795325112867385, 1.000000000000000000, 0.9238795325112867385, 1.000000000000000000, 0.9238795325112867385, 1.000000000000000000, 0.9238795325112867385, 1.000000000000000000, 0.9238795325112867385, 1.000000000000000000) ) ) 
 REPRESENTATION_ITEM ( '' )  SURFACE ( )  );
#2012 = ADVANCED_FACE ( 'NONE', ( #1853 ), #3447, .T. ) ;
#2013 = CARTESIAN_POINT ( 'NONE',  ( -0.07198551454928017734, 0.07198551454928009408, 0.3482142857113570966 ) ) ;
#2014 = EDGE_LOOP ( 'NONE', ( #2947, #93, #2763, #3148 ) ) ;
#2015 = CARTESIAN_POINT ( 'NONE',  ( -0.1018028909699977697, -0.04216813812856269605, 0.2075892857124821411 ) ) ;
#2016 = CARTESIAN_POINT ( 'NONE',  ( 0.04216813812856255728, -0.1018028909699978529, 0.4308035714249821568 ) ) ;
#2017 = CARTESIAN_POINT ( 'NONE',  ( 0.1249999999999999584, -9.277061602019413341E-17, 0.3883928571394642537 ) ) ;
#2018 = CARTESIAN_POINT ( 'NONE',  ( 0.1082531754730549772, -1.104688079777929626E-16, 0.8750000000000001110 ) ) ;
#2019 = FACE_OUTER_BOUND ( 'NONE', #573, .T. ) ;
#2020 = CARTESIAN_POINT ( 'NONE',  ( -0.1249999999999999584, -1.600464797212503910E-17, 0.5446428571385000250 ) ) ;
#2021 = CARTESIAN_POINT ( 'NONE',  ( -0.09375000000000024980, 0.03650651419216897897, 0.7531812190402752405 ) ) ;
#2022 = CARTESIAN_POINT ( 'NONE',  ( -0.1018028909699977835, -1.070875260586764626E-16, 0.2410714285693571213 ) ) ;
#2023 = CARTESIAN_POINT ( 'NONE',  ( 0.08838834764831843271, 0.08838834764831836333, 0.4999999999957142616 ) ) ;
#2024 = CARTESIAN_POINT ( 'NONE',  ( 0.000000000000000000, 0.1018028909699977697, 0.5580357142811070981 ) ) ;
#2025 = CARTESIAN_POINT ( 'NONE',  ( -0.1874999999999998335, 0.02454369260617025872, 0.8562499999999999556 ) ) ;
#2026 = CARTESIAN_POINT ( 'NONE',  ( -0.04520476924447081046, 0.09121599337508418115, 0.5919107288575021775 ) ) ;
#2027 = CARTESIAN_POINT ( 'NONE',  ( -0.1249999999999999861, 0.05177669529663671277, 0.04687499999933924383 ) ) ;
#2028 = CARTESIAN_POINT ( 'NONE',  ( 0.04662384207688721055, 0.1734888829588984716, 0.6250000000000000000 ) ) ;
#2029 = CARTESIAN_POINT ( 'NONE',  ( 0.1687499999999999001, -0.02208932314516103348, 0.8750000000000001110 ) ) ;
#2030 = CARTESIAN_POINT ( 'NONE',  ( 0.07198551454928019122, 0.07198551454928014959, 0.5892857142808570758 ) ) ;
#2031 = ORIENTED_EDGE ( 'NONE', *, *, #1358, .F. ) ;
#2032 = CARTESIAN_POINT ( 'NONE',  ( -0.08838834764831843271, -0.08838834764831855761, 0.08928571428471428206 ) ) ;
#2033 = CARTESIAN_POINT ( 'NONE',  ( 0.04216813812856255728, -0.1018028909699979501, 0.1852678571412321451 ) ) ;
#2034 = CARTESIAN_POINT ( 'NONE',  ( 0.05177669529663685849, -0.1250000000000001110, 0.2745535714260893267 ) ) ;
#2035 = EDGE_CURVE ( 'NONE', #1066, #5349, #3147, .T. ) ;
#2036 = CARTESIAN_POINT ( 'NONE',  ( -0.1874999999999999167, 2.303761888290553917E-17, 0.8750000000000001110 ) ) ;
#2037 = CARTESIAN_POINT ( 'NONE',  ( 0.07198551454928016347, -0.07198551454928023285, 0.5089285714243572123 ) ) ;
#2038 = CARTESIAN_POINT ( 'NONE',  ( -0.1018028909699977697, -0.04216813812856267524, 0.2834821428547321664 ) ) ;
#2039 = CARTESIAN_POINT ( 'NONE',  ( -0.1018028909699977697, 0.04216813812856244625, 0.1674107142842321261 ) ) ;
#2040 =( BOUNDED_CURVE ( )  B_SPLINE_CURVE ( 2, ( #1520, #711, #3713, #740, #359, #2059, #1212, #4165, #3763 ),
 .UNSPECIFIED., .F., .F. ) 
 B_SPLINE_CURVE_WITH_KNOTS ( ( 3, 2, 2, 2, 3 ),
 ( 0.4868421052631579093, 0.4934210526315789269, 0.5000000000000000000, 0.5065789473684210176, 0.5131578947368421462 ),
 .UNSPECIFIED. ) 
 CURVE ( )  GEOMETRIC_REPRESENTATION_ITEM ( )  RATIONAL_B_SPLINE_CURVE ( ( 1.000000000000000000, 0.9238795325112867385, 1.000000000000000000, 0.9238795325112867385, 1.000000000000000000, 0.9238795325112867385, 1.000000000000000000, 0.9238795325112867385, 1.000000000000000000 ) ) 
 REPRESENTATION_ITEM ( '' )  );
#2041 = CARTESIAN_POINT ( 'NONE',  ( -1.530808498934191201E-17, -0.1250000000000000000, 0.5178571428530001075 ) ) ;
#2042 = LINE ( 'NONE', #2500, #292 ) ;
#2043 = EDGE_CURVE ( 'NONE', #521, #1316, #2148, .T. ) ;
#2044 = CARTESIAN_POINT ( 'NONE',  ( 0.000000000000000000, -1.845237008797876145E-16, 0.6250000000000000000 ) ) ;
#2045 = ORIENTED_EDGE ( 'NONE', *, *, #3891, .F. ) ;
#2046 = CARTESIAN_POINT ( 'NONE',  ( 0.1249999999999999584, -5.189508058730038141E-17, 0.5267857142815000060 ) ) ;
#2047 = CARTESIAN_POINT ( 'NONE',  ( 0.1249999999999999584, -6.244360586028344883E-17, 0.4910714285675000235 ) ) ;
#2048 = CARTESIAN_POINT ( 'NONE',  ( 0.07198551454928016347, -0.07198551454928024673, 0.4330357142821071870 ) ) ;
#2049 = CARTESIAN_POINT ( 'NONE',  ( -1.530808498934191201E-17, -0.1249999999999999584, 0.6294642857089642884 ) ) ;
#2050 = CARTESIAN_POINT ( 'NONE',  ( 0.07198551454928016347, -0.07198551454928021898, 0.5446428571383572503 ) ) ;
#2051 = B_SPLINE_CURVE_WITH_KNOTS ( 'NONE', 3,
 ( #4049, #4492, #2367, #4954, #5357, #1931, #2889, #754, #345, #4980, #3616, #2958, #4610, #4970, #1215, #1627, #2584, #824 ),
 .UNSPECIFIED., .F., .F.,
 ( 4, 2, 2, 2, 2, 2, 2, 2, 4 ),
 ( 0.5000000000000000000, 0.5625000000000000000, 0.6250000000000000000, 0.6875000000000000000, 0.7500000000000000000, 0.8125000000000000000, 0.8750000000000000000, 0.9375000000000000000, 1.000000000000000000 ),
 .UNSPECIFIED. ) ;
#2052 = CARTESIAN_POINT ( 'NONE',  ( -0.1826198768753090895, 0.04907772831736500335, 0.8562500000000000666 ) ) ;
#2053 = CARTESIAN_POINT ( 'NONE',  ( 0.000000000000000000, 0.1249999999999999029, 0.4285714285679999569 ) ) ;
#2054 = CARTESIAN_POINT ( 'NONE',  ( -0.08838834764831843271, -0.08838834764831855761, 0.08928571428471428206 ) ) ;
#2055 = CARTESIAN_POINT ( 'NONE',  ( 0.000000000000000000, 0.1249999999999999445, 0.5714285714239999425 ) ) ;
#2056 = CARTESIAN_POINT ( 'NONE',  ( -0.1687499999999999001, 2.074140613450425082E-17, 0.8750000000000001110 ) ) ;
#2057 = CARTESIAN_POINT ( 'NONE',  ( -0.1018028909699977835, -1.083223294270604713E-17, 0.5669642857096071076 ) ) ;
#2058 = CARTESIAN_POINT ( 'NONE',  ( 0.000000000000000000, 0.1249999999999998751, 0.3214285714259999538 ) ) ;
#2059 = CARTESIAN_POINT ( 'NONE',  ( 0.05177669529663685849, -0.1250000000000000833, 0.3102678571400893093 ) ) ;
#2060 = CARTESIAN_POINT ( 'NONE',  ( 0.08838834764831840496, -0.08838834764831850210, 0.4151785714252500537 ) ) ;
#2061 = CARTESIAN_POINT ( 'NONE',  ( 0.1018028909699977697, 0.04216813812856248789, 0.2656249999977321474 ) ) ;
#2062 = CARTESIAN_POINT ( 'NONE',  ( 0.1781249999999999223, 2.774533118565267485E-17, 0.6250000000000000000 ) ) ;
#2063 = CARTESIAN_POINT ( 'NONE',  ( 0.04907772852307148298, 0.1826198767900902020, 0.8750000000000001110 ) ) ;
#2064 = ORIENTED_EDGE ( 'NONE', *, *, #2896, .F. ) ;
#2065 = CARTESIAN_POINT ( 'NONE',  ( -1.246725845703547748E-17, -0.1018028909699978113, 0.5044642857101071520 ) ) ;
#2066 = CARTESIAN_POINT ( 'NONE',  ( -0.07198551454928017734, -0.07198551454928026061, 0.3214285714258571236 ) ) ;
#2067 = CARTESIAN_POINT ( 'NONE',  ( -0.1638349478928924075, -0.09442855863492054247, 0.6250000000000000000 ) ) ;
#2068 = VERTEX_POINT ( 'NONE', #2377 ) ;
#2069 = CARTESIAN_POINT ( 'NONE',  ( -0.04216813812856259891, -0.1018028909699978946, 0.2477678571407321839 ) ) ;
#2070 = CARTESIAN_POINT ( 'NONE',  ( -0.05177669529663687931, -0.1250000000000000555, 0.3415178571398393426 ) ) ;
#2071 = CARTESIAN_POINT ( 'NONE',  ( -0.1826198768753090618, -0.04907772831736513519, 0.6343750000000001332 ) ) ;
#2072 = FACE_OUTER_BOUND ( 'NONE', #4573, .T. ) ;
#2073 = CARTESIAN_POINT ( 'NONE',  ( -0.1018028909699977697, 0.04216813812856244625, 0.1718749999984821031 ) ) ;
#2074 = CARTESIAN_POINT ( 'NONE',  ( -0.08838834764831843271, 0.08838834764831843271, 0.6116071428522500408 ) ) ;
#2075 = ORIENTED_EDGE ( 'NONE', *, *, #3285, .T. ) ;
#2076 = CARTESIAN_POINT ( 'NONE',  ( 0.1249999999999999584, -1.666102929310755375E-16, 0.1383928571414642927 ) ) ;
#2077 = AXIS2_PLACEMENT_3D ( 'NONE', #4834, #1017, #4803 ) ;
#2078 = DIRECTION ( 'NONE',  ( 1.000000000000000000, 0.000000000000000000, 0.000000000000000000 ) ) ;
#2079 = CARTESIAN_POINT ( 'NONE',  ( -0.1018028909699977835, -0.04216813812856263360, 0.3861607142824821648 ) ) ;
#2080 = CARTESIAN_POINT ( 'NONE',  ( 0.08838834764831843271, 0.08838834764831839108, 0.6071428571377142092 ) ) ;
#2081 = CARTESIAN_POINT ( 'NONE',  ( 0.1249999999999999584, -1.877073434770416354E-16, 0.06696428571346425829 ) ) ;
#2082 = ORIENTED_EDGE ( 'NONE', *, *, #605, .T. ) ;
#2083 = CARTESIAN_POINT ( 'NONE',  ( 0.1249999999999999445, -0.05177669529663699727, 0.4218749999963392616 ) ) ;
#2084 = CARTESIAN_POINT ( 'NONE',  ( 0.05177669529663697645, 0.1249999999999998057, 0.2165178571408392649 ) ) ;
#2085 = CARTESIAN_POINT ( 'NONE',  ( -0.1874999999999999167, -0.02454369238351460786, 0.8562500000000000666 ) ) ;
#2086 = CARTESIAN_POINT ( 'NONE',  ( -0.08838834764831843271, 0.08838834764831829394, 0.1473214285702499626 ) ) ;
#2087 = CARTESIAN_POINT ( 'NONE',  ( -0.1018028909699977697, -0.04216813812856275850, -0.006696428571517863346 ) ) ;
#2088 = CARTESIAN_POINT ( 'NONE',  ( -0.1249999999999999584, -4.765022379107421670E-17, 0.4374999999965000219 ) ) ;
#2089 = CARTESIAN_POINT ( 'NONE',  ( 0.1018028909699977835, -1.148806894041498937E-16, 0.2991071428546071553 ) ) ;
#2090 = CARTESIAN_POINT ( 'NONE',  ( -0.1250000000000000000, -0.05177669529663698339, 0.2656249999975893727 ) ) ;
#2091 = CARTESIAN_POINT ( 'NONE',  ( -0.1152275101527366619, -0.1499375327922185530, 0.8750000000000001110 ) ) ;
#2092 = ORIENTED_EDGE ( 'NONE', *, *, #5167, .T. ) ;
#2093 = CARTESIAN_POINT ( 'NONE',  ( -0.04216813812856257809, 0.1018028909699977558, 0.4888392857102321076 ) ) ;
#2094 = CARTESIAN_POINT ( 'NONE',  ( 0.1018028909699977558, -0.04216813812856270993, 0.4040178571394821283 ) ) ;
#2095 = CARTESIAN_POINT ( 'NONE',  ( -0.04907772850199225434, 0.1826198767988339855, 0.6343750000000000222 ) ) ;
#2096 = ORIENTED_EDGE ( 'NONE', *, *, #2365, .T. ) ;
#2097 = CARTESIAN_POINT ( 'NONE',  ( -0.1018028909699977697, 0.04216813812856247401, 0.2388392857122321189 ) ) ;
#2098 = CARTESIAN_POINT ( 'NONE',  ( 0.1249999999999999584, 0.05177669529663671971, 0.02901785714262498581 ) ) ;
#2099 = DIRECTION ( 'NONE',  ( -0.000000000000000000, -0.000000000000000000, 1.000000000000000000 ) ) ;
#2100 = CARTESIAN_POINT ( 'NONE',  ( 0.000000000000000000, -1.104688079777929626E-16, 0.8750000000000001110 ) ) ;
#2101 = ORIENTED_EDGE ( 'NONE', *, *, #3585, .F. ) ;
#2102 = CARTESIAN_POINT ( 'NONE',  ( -0.1018028909699977697, 0.04216813812856246707, 0.2075892857124821134 ) ) ;
#2103 = ORIENTED_EDGE ( 'NONE', *, *, #2563, .F. ) ;
#2104 = EDGE_LOOP ( 'NONE', ( #4250, #4155, #544, #20 ) ) ;
#2105 = CARTESIAN_POINT ( 'NONE',  ( -1.530808498934191201E-17, -0.1250000000000000278, 0.4508928571389643758 ) ) ;
#2106 = CARTESIAN_POINT ( 'NONE',  ( -0.08838834764831843271, 0.08838834764831829394, 0.1473214285702499904 ) ) ;
#2107 = CARTESIAN_POINT ( 'NONE',  ( 0.1018028909699977697, -0.04216813812856272381, 0.3281249999972321585 ) ) ;
#2108 = CARTESIAN_POINT ( 'NONE',  ( 0.1556432004982485073, -0.08970713070317465343, 0.6250000000000000000 ) ) ;
#2109 = CARTESIAN_POINT ( 'NONE',  ( -1.530808498934191201E-17, -0.1250000000000001110, 0.1964285714270000427 ) ) ;
#2110 = ADVANCED_FACE ( 'NONE', ( #2429 ), #3981, .T. ) ;
#2111 = CARTESIAN_POINT ( 'NONE',  ( -0.04907772831736501029, 0.1826198768753090895, 0.8562500000000001776 ) ) ;
#2112 = CARTESIAN_POINT ( 'NONE',  ( -0.04216813812856257115, 0.1018028909699976170, 0.02008928571398209406 ) ) ;
#2113 = CARTESIAN_POINT ( 'NONE',  ( 0.1249999999999999584, -1.455132423851094150E-16, 0.2098214285694642578 ) ) ;
#2114 = ADVANCED_FACE ( 'NONE', ( #683 ), #5340, .T. ) ;
#2115 = CARTESIAN_POINT ( 'NONE',  ( 0.02454369238353812377, -0.1874999999999998890, 0.8562500000000000666 ) ) ;
#2116 = CONICAL_SURFACE ( 'NONE', #3526, 0.1082531754730549772, 1.047197551196600074 ) ;
#2117 = CARTESIAN_POINT ( 'NONE',  ( 0.07198551454928019122, 0.07198551454928014959, 0.5535714285668571488 ) ) ;
#2118 = CARTESIAN_POINT ( 'NONE',  ( -0.04216813812856259891, -0.1018028909699979501, 0.1093749999989821475 ) ) ;
#2119 = CARTESIAN_POINT ( 'NONE',  ( 0.1249999999999999584, 0.05177669529663676828, 0.2120535714265892879 ) ) ;
#2120 = CARTESIAN_POINT ( 'NONE',  ( -0.04216813812856257809, 0.1018028909699976031, 0.02008928571398209406 ) ) ;
#2121 = CARTESIAN_POINT ( 'NONE',  ( -0.1249999999999999584, -7.929579961002337581E-17, 0.3303571428545000188 ) ) ;
#2122 = CARTESIAN_POINT ( 'NONE',  ( -0.04216813812856257809, 0.1018028909699977558, 0.4486607142819821203 ) ) ;
#2123 = CARTESIAN_POINT ( 'NONE',  ( 0.05177669529663685849, -0.1250000000000000555, 0.4129464285681251345 ) ) ;
#2124 = CARTESIAN_POINT ( 'NONE',  ( 0.1018028909699977697, 0.04216813812856250177, 0.3013392857117321300 ) ) ;
#2125 = CARTESIAN_POINT ( 'NONE',  ( 0.1249999999999999306, -0.05177669529274857296, 0.02901785714250691359 ) ) ;
#2126 = CARTESIAN_POINT ( 'NONE',  ( -0.1687499999999999001, 2.074140613450425082E-17, 0.8750000000000001110 ) ) ;
#2127 = B_SPLINE_CURVE_WITH_KNOTS ( 'NONE', 3,
 ( #1534, #2790, #2021, #4072, #4439, #2451 ),
 .UNSPECIFIED., .F., .F.,
 ( 4, 2, 4 ),
 ( 0.007363432610939291828, 0.008059648679257357812, 0.008755864747575423795 ),
 .UNSPECIFIED. ) ;
#2128 = CARTESIAN_POINT ( 'NONE',  ( 0.07198551454928016347, -0.07198551454928026061, 0.4017857142823572092 ) ) ;
#2129 = CARTESIAN_POINT ( 'NONE',  ( -0.09726333252245270011, -0.05133947498422226918, 0.5964176658419184651 ) ) ;
#2130 = CARTESIAN_POINT ( 'NONE',  ( 0.1018028909699977558, -0.04216813812856268218, 0.4352678571392321616 ) ) ;
#2131 = CARTESIAN_POINT ( 'NONE',  ( -0.05177669529663687931, 0.1249999999999998473, 0.1852678571410892039 ) ) ;
#2132 = DIRECTION ( 'NONE',  ( 0.000000000000000000, 0.000000000000000000, 1.000000000000000000 ) ) ;
#2133 = CARTESIAN_POINT ( 'NONE',  ( -0.02454369260617022055, -0.1874999999999998890, 0.6343750000000000222 ) ) ;
#2134 = CARTESIAN_POINT ( 'NONE',  ( 0.09375000000000001388, -0.05412658773652763433, 0.7578125000000000000 ) ) ;
#2135 = CARTESIAN_POINT ( 'NONE',  ( -0.04216813812856259891, -0.1018028909699979084, 0.2165178571409821506 ) ) ;
#2136 = ORIENTED_EDGE ( 'NONE', *, *, #5310, .F. ) ;
#2137 = CARTESIAN_POINT ( 'NONE',  ( 0.1018028909699977835, -1.887203663150312979E-16, 0.04910714285660712497 ) ) ;
#2138 = CARTESIAN_POINT ( 'NONE',  ( 0.1249999999999999584, -6.244360586028344883E-17, 0.4910714285675000235 ) ) ;
#2139 = CARTESIAN_POINT ( 'NONE',  ( -0.07198551454928017734, 0.07198551454928009408, 0.3437499999971070919 ) ) ;
#2140 = CARTESIAN_POINT ( 'NONE',  ( -0.1249999999999999861, -0.05177669529663686543, 0.6227678571375893091 ) ) ;
#2141 = CARTESIAN_POINT ( 'NONE',  ( 0.000000000000000000, 7.549139889267777477E-20, 0.000000000000000000 ) ) ;
#2142 = CARTESIAN_POINT ( 'NONE',  ( 0.1556432004982485073, -0.08970713070317465343, 0.6250000000000000000 ) ) ;
#2143 = EDGE_LOOP ( 'NONE', ( #564, #1590, #2564, #4416 ) ) ;
#2144 = EDGE_CURVE ( 'NONE', #1757, #3583, #5304, .T. ) ;
#2145 = CARTESIAN_POINT ( 'NONE',  ( 0.000000000000000000, 7.549139889267777477E-20, 0.000000000000000000 ) ) ;
#2146 = CARTESIAN_POINT ( 'NONE',  ( 0.05177669529663685849, -0.1250000000000001388, 0.1674107142840892959 ) ) ;
#2147 = CARTESIAN_POINT ( 'NONE',  ( -0.08838834764831843271, -0.08838834764831854374, 0.1249999999987142923 ) ) ;
#2148 = B_SPLINE_CURVE_WITH_KNOTS ( 'NONE', 3,
 ( #3551, #166, #1305, #3020, #1742, #4672, #888, #2614, #4249, #2184, #501, #5119, #1338, #3878, #3475, #2771, #4897, #2799, #1073, #2005, #3255, #1517, #4004, #4449, #1102, #2404, #2853, #659, #3179, #3657 ),
 .UNSPECIFIED., .F., .F.,
 ( 4, 2, 2, 2, 2, 2, 2, 2, 2, 2, 2, 2, 2, 2, 4 ),
 ( 0.007198315041213322087, 0.008298744784961103321, 0.008848959656834994372, 0.009399174528708885423, 0.009949389400582774740, 0.01049960427245666406, 0.01104981914433055511, 0.01160003401620444616, 0.01270046375995222479, 0.01325067863182611758, 0.01380089350370000689, 0.01435110837557389794, 0.01490132324744778899, 0.01545153811932167831, 0.01600175299119556763 ),
 .UNSPECIFIED. ) ;
#2149 = CARTESIAN_POINT ( 'NONE',  ( 0.1018028909699977835, -1.994396194730239789E-17, 0.6205357142806071646 ) ) ;
#2150 = EDGE_CURVE ( 'NONE', #4831, #3597, #2669, .T. ) ;
#2151 = LINE ( 'NONE', #3015, #918 ) ;
#2152 = CARTESIAN_POINT ( 'NONE',  ( -0.07198551454928017734, -0.07198551454928020510, 0.4955357142816071425 ) ) ;
#2153 = CARTESIAN_POINT ( 'NONE',  ( -0.05177669529663686543, 0.1249999999999998890, 0.4308035714251249315 ) ) ;
#2154 = CARTESIAN_POINT ( 'NONE',  ( 0.07198551454928016347, -0.07198551454928024673, 0.4374999999963571917 ) ) ;
#2155 = CARTESIAN_POINT ( 'NONE',  ( 0.000000000000000000, 7.549139889267777477E-20, 0.02678571428550028874 ) ) ;
#2156 = CARTESIAN_POINT ( 'NONE',  ( -0.09442855861386009741, -0.1638349479016201482, 0.8562500000000000666 ) ) ;
#2157 = ORIENTED_EDGE ( 'NONE', *, *, #3727, .T. ) ;
#2158 = CARTESIAN_POINT ( 'NONE',  ( -0.1018028909699977697, -0.04216813812856259891, 0.4977678571387321171 ) ) ;
#2159 = CARTESIAN_POINT ( 'NONE',  ( -0.07198551454928017734, 0.07198551454928014959, 0.5267857142813571203 ) ) ;
#2160 = CARTESIAN_POINT ( 'NONE',  ( -0.1249999999999999584, -1.531354765209047799E-16, 0.08035714285650000233 ) ) ;
#2161 = CARTESIAN_POINT ( 'NONE',  ( 0.07198551454928016347, -0.07198551454928026061, 0.3973214285681072044 ) ) ;
#2162 = CARTESIAN_POINT ( 'NONE',  ( 0.1874999999999999167, 0.000000000000000000, 0.8750000000000001110 ) ) ;
#2163 = CARTESIAN_POINT ( 'NONE',  ( 0.000000000000000000, -1.104688079777929626E-16, 0.8750000000000001110 ) ) ;
#2164 = CARTESIAN_POINT ( 'NONE',  ( 0.000000000000000000, 7.549139889267777477E-20, 0.000000000000000000 ) ) ;
#2165 = VERTEX_POINT ( 'NONE', #3604 ) ;
#2166 = CARTESIAN_POINT ( 'NONE',  ( 0.1018028909699977835, -1.992688915880143591E-16, 0.01339285714260712509 ) ) ;
#2167 = CARTESIAN_POINT ( 'NONE',  ( 0.08838834764831843271, 0.08838834764831825230, 0.1428571428557142420 ) ) ;
#2168 = CARTESIAN_POINT ( 'NONE',  ( -0.1018028909699977835, -0.04216813812856264748, 0.3504464285684821823 ) ) ;
#2169 = CARTESIAN_POINT ( 'NONE',  ( 0.1734888829588972503, 0.04662384207688850118, 0.6250000000000000000 ) ) ;
#2170 = FACE_OUTER_BOUND ( 'NONE', #1081, .T. ) ;
#2171 = ORIENTED_EDGE ( 'NONE', *, *, #2611, .F. ) ;
#2172 = CARTESIAN_POINT ( 'NONE',  ( 0.04907772831736501029, 0.1826198768753090895, 0.8562499999999999556 ) ) ;
#2173 = CONICAL_SURFACE ( 'NONE', #212, 0.1082531754730549634, 1.047197551196600074 ) ;
#2174 = CARTESIAN_POINT ( 'NONE',  ( -0.08838834764831843271, -0.08838834764831846047, 0.4107142857107142775 ) ) ;
#2175 = CARTESIAN_POINT ( 'NONE',  ( 0.08838834764831840496, -0.08838834764831855761, 0.1339285714272142602 ) ) ;
#2176 = AXIS2_PLACEMENT_3D ( 'NONE', #2155, #4998, #3819 ) ;
#2177 = CARTESIAN_POINT ( 'NONE',  ( 0.08838834764831843271, 0.08838834764831830781, 0.3214285714257142379 ) ) ;
#2178 = CARTESIAN_POINT ( 'NONE',  ( -0.07198551454928017734, -0.07198551454928033000, 0.06696428571360715787 ) ) ;
#2179 = CARTESIAN_POINT ( 'NONE',  ( 0.05177669529663697645, 0.1249999999999997780, 0.03348214285687496627 ) ) ;
#2180 = CARTESIAN_POINT ( 'NONE',  ( 0.07198551454928019122, 0.07198551454928010795, 0.4419642857106071410 ) ) ;
#2181 = CARTESIAN_POINT ( 'NONE',  ( 0.08838834764831843271, 0.08838834764831833557, 0.4598214285677500457 ) ) ;
#2182 = CARTESIAN_POINT ( 'NONE',  ( 0.07198551454928016347, -0.07198551454928027449, 0.3660714285683571712 ) ) ;
#2183 = CARTESIAN_POINT ( 'NONE',  ( -0.07835931051856727392, 0.06301240645164676857, 0.7531501562697852092 ) ) ;
#2184 = CARTESIAN_POINT ( 'NONE',  ( -0.06003186016260878693, 0.09586602457404433397, 0.01466517803966543680 ) ) ;
#2185 = EDGE_CURVE ( 'NONE', #1631, #1804, #3353, .T. ) ;
#2186 = ORIENTED_EDGE ( 'NONE', *, *, #3566, .F. ) ;
#2187 = CARTESIAN_POINT ( 'NONE',  ( -1.246725845703547748E-17, -0.1018028909699978390, 0.4330357142821071315 ) ) ;
#2188 = CARTESIAN_POINT ( 'NONE',  ( -0.1250000000000000000, -0.05177669529663693482, 0.4040178571396250140 ) ) ;
#2189 = CARTESIAN_POINT ( 'NONE',  ( -0.1018028909699977697, 0.04216813812856250870, 0.3816964285682321045 ) ) ;
#2190 = CARTESIAN_POINT ( 'NONE',  ( 0.05177669529663697645, 0.1249999999999998196, 0.2834821428548749966 ) ) ;
#2191 = LENGTH_MEASURE_WITH_UNIT ( LENGTH_MEASURE( 0.02539999999999999897 ), #2375 );
#2192 = CARTESIAN_POINT ( 'NONE',  ( 0.1249999999999999445, -0.05177669529663698339, 0.5290178571383392647 ) ) ;
#2193 = CARTESIAN_POINT ( 'NONE',  ( 0.1094842364750399644, 0.1424185764362427276, 0.6250000000000001110 ) ) ;
#2194 = ADVANCED_FACE ( 'NONE', ( #3146 ), #1973, .T. ) ;
#2195 = CARTESIAN_POINT ( 'NONE',  ( 0.04216813812856255728, -0.1018028909699979501, 0.1852678571412321729 ) ) ;
#2196 = CARTESIAN_POINT ( 'NONE',  ( 0.1018028909699977558, 0.04216813812856241850, 0.01562499999973211186 ) ) ;
#2197 = CARTESIAN_POINT ( 'NONE',  ( 0.04216813812856263360, 0.1018028909699975892, 0.02008928571398209406 ) ) ;
#2198 = CARTESIAN_POINT ( 'NONE',  ( -0.1250000000000000000, 0.05177669529663676135, 0.1852678571413750030 ) ) ;
#2199 = CARTESIAN_POINT ( 'NONE',  ( 0.07198551454928019122, 0.07198551454928014959, 0.5848214285666071266 ) ) ;
#2200 = CARTESIAN_POINT ( 'NONE',  ( 0.1874999999999999167, -0.02454369240633525948, 0.6343750000000000222 ) ) ;
#2201 = CARTESIAN_POINT ( 'NONE',  ( 0.1249999999999999584, -8.354065640624955902E-17, 0.4196428571395000584 ) ) ;
#2202 =( BOUNDED_CURVE ( )  B_SPLINE_CURVE ( 2, ( #5297, #5381, #4465, #648, #2842, #3673, #3293, #673, #2393 ),
 .UNSPECIFIED., .F., .F. ) 
 B_SPLINE_CURVE_WITH_KNOTS ( ( 3, 2, 2, 2, 3 ),
 ( 0.1710526315789473728, 0.1776315789473684181, 0.1842105263157894635, 0.1907894736842105365, 0.1973684210526315819 ),
 .UNSPECIFIED. ) 
 CURVE ( )  GEOMETRIC_REPRESENTATION_ITEM ( )  RATIONAL_B_SPLINE_CURVE ( ( 1.000000000000000000, 0.9238795325112867385, 1.000000000000000000, 0.9238795325112867385, 1.000000000000000000, 0.9238795325112867385, 1.000000000000000000, 0.9238795325112867385, 1.000000000000000000 ) ) 
 REPRESENTATION_ITEM ( '' )  );
#2203 = EDGE_LOOP ( 'NONE', ( #1202, #936 ) ) ;
#2204 = CARTESIAN_POINT ( 'NONE',  ( 0.000000000000000000, 0.1018028909699976170, 0.01785714285685709515 ) ) ;
#2205 = CARTESIAN_POINT ( 'NONE',  ( 0.000000000000000000, 0.1249999999999998473, 0.1830357142839642015 ) ) ;
#2206 = CALENDAR_DATE ( 2026, 22, 8 ) ;
#2207 = CARTESIAN_POINT ( 'NONE',  ( 0.05177669529663697645, 0.1249999999999999167, 0.6049107142808748394 ) ) ;
#2208 = CARTESIAN_POINT ( 'NONE',  ( -0.1152275101527368839, 0.1499375327922183587, 0.8562500000000000666 ) ) ;
#2209 = CARTESIAN_POINT ( 'NONE',  ( 0.1018028909699977835, -1.781718410420482366E-16, 0.08482142857060713526 ) ) ;
#2210 = CARTESIAN_POINT ( 'NONE',  ( 0.05177669529663696951, 0.1249999999999997780, 0.1406249999988749833 ) ) ;
#2211 = CARTESIAN_POINT ( 'NONE',  ( 0.04216813812856263360, 0.1018028909699975892, 0.01562499999973209625 ) ) ;
#2212 = CARTESIAN_POINT ( 'NONE',  ( -1.530808498934191201E-17, -0.1250000000000001388, 0.05357142857100003625 ) ) ;
#2213 = CARTESIAN_POINT ( 'NONE',  ( 0.04216813812856255728, -0.1018028909699978252, 0.5022321428529821219 ) ) ;
#2214 = CARTESIAN_POINT ( 'NONE',  ( -0.1249999999999999861, 0.05177669529663683073, 0.4709821428533750298 ) ) ;
#2215 = CARTESIAN_POINT ( 'NONE',  ( -0.07198551454928017734, 0.07198551454928012183, 0.4196428571393571172 ) ) ;
#2216 = DIRECTION ( 'NONE',  ( -0.000000000000000000, -0.000000000000000000, -1.000000000000000000 ) ) ;
#2217 = AXIS2_PLACEMENT_3D ( 'NONE', #1200, #2919, #4571 ) ;
#2218 = CYLINDRICAL_SURFACE ( 'NONE', #5002, 0.1249999999999999306 ) ;
#2219 = CARTESIAN_POINT ( 'NONE',  ( -0.1018028909699977697, 0.04216813812856254340, 0.4933035714244821124 ) ) ;
#2220 = CARTESIAN_POINT ( 'NONE',  ( 0.1249999999999999306, 1.538357638823458624E-17, 0.000000000000000000 ) ) ;
#2221 = CARTESIAN_POINT ( 'NONE',  ( -0.07198551454928017734, 0.07198551454928008020, 0.3080357142831071093 ) ) ;
#2222 = CYLINDRICAL_SURFACE ( 'NONE', #5334, 0.1249999999999999306 ) ;
#2223 = ADVANCED_FACE ( 'NONE', ( #2825 ), #2409, .T. ) ;
#2224 = CARTESIAN_POINT ( 'NONE',  ( -0.09374999999999998612, -0.05412658773652782862, 0.8750000000000001110 ) ) ;
#2225 = CARTESIAN_POINT ( 'NONE',  ( 0.05177669529663696951, 0.1249999999999998473, 0.3549107142828749062 ) ) ;
#2226 = CARTESIAN_POINT ( 'NONE',  ( -0.07198551454928017734, 0.07198551454928008020, 0.2767857142833571316 ) ) ;
#2227 = ORIENTED_EDGE ( 'NONE', *, *, #2684, .F. ) ;
#2228 = CARTESIAN_POINT ( 'NONE',  ( -0.1018028909699977697, 0.04216813812856247401, 0.2388392857122321189 ) ) ;
#2229 = CARTESIAN_POINT ( 'NONE',  ( 0.08838834764831843271, 0.08838834764831825230, 0.1741071428557499912 ) ) ;
#2230 = CARTESIAN_POINT ( 'NONE',  ( -1.246725845703547748E-17, -0.1018028909699977974, 0.5714285714238571678 ) ) ;
#2231 = CARTESIAN_POINT ( 'NONE',  ( -0.02454369240633530458, 0.1874999999999999167, 0.6343750000000000222 ) ) ;
#2232 = CARTESIAN_POINT ( 'NONE',  ( 0.08838834764831840496, -0.08838834764831844659, 0.5937499999952500218 ) ) ;
#2233 = ORIENTED_EDGE ( 'NONE', *, *, #1654, .T. ) ;
#2234 = CARTESIAN_POINT ( 'NONE',  ( -0.1018028909699977697, 0.04216813812856255728, 0.5290178571384821504 ) ) ;
#2235 = CARTESIAN_POINT ( 'NONE',  ( 0.07198551454928019122, 0.07198551454928003857, 0.1919642857126070967 ) ) ;
#2236 = CARTESIAN_POINT ( 'NONE',  ( -0.1249999999999999861, 0.05177669529663681686, 0.4040178571393392981 ) ) ;
#2237 =( BOUNDED_CURVE ( )  B_SPLINE_CURVE ( 2, ( #881, #1763, #2147, #3812, #3, #468, #2175, #3778, #3375 ),
 .UNSPECIFIED., .F., .F. ) 
 B_SPLINE_CURVE_WITH_KNOTS ( ( 3, 2, 2, 2, 3 ),
 ( 0.2236842105263157909, 0.2302631578947368363, 0.2368421052631578816, 0.2434210526315789547, 0.2500000000000000000 ),
 .UNSPECIFIED. ) 
 CURVE ( )  GEOMETRIC_REPRESENTATION_ITEM ( )  RATIONAL_B_SPLINE_CURVE ( ( 1.000000000000000000, 0.9238795325112867385, 1.000000000000000000, 0.9238795325112867385, 1.000000000000000000, 0.9238795325112867385, 1.000000000000000000, 0.9238795325112867385, 1.000000000000000000 ) ) 
 REPRESENTATION_ITEM ( '' )  );
#2238 = ORIENTED_EDGE ( 'NONE', *, *, #3846, .T. ) ;
#2239 = CARTESIAN_POINT ( 'NONE',  ( -0.1249999999999999584, -4.137557040103478648E-18, 0.5848214285664643519 ) ) ;
#2240 = CARTESIAN_POINT ( 'NONE',  ( -0.04216813812856259891, -0.1018028909699979501, 0.1049107142847321567 ) ) ;
#2241 = CARTESIAN_POINT ( 'NONE',  ( -0.07198551454928017734, -0.07198551454928016347, 0.6383928571376071837 ) ) ;
#2242 = CARTESIAN_POINT ( 'NONE',  ( -0.05177669529663687931, -0.1250000000000000278, 0.4799107142818750948 ) ) ;
#2243 = CARTESIAN_POINT ( 'NONE',  ( 0.04216813812856263360, 0.1018028909699977003, 0.4129464285679820823 ) ) ;
#2244 = CARTESIAN_POINT ( 'NONE',  ( 0.1249999999999999584, 0.05177669529663676135, 0.1049107142845892432 ) ) ;
#2245 = CARTESIAN_POINT ( 'NONE',  ( 0.000000000000000000, 7.549139889267777477E-20, 0.000000000000000000 ) ) ;
#2246 = PRODUCT_RELATED_PRODUCT_CATEGORY ( 'detail', '', ( #1042 ) ) ;
#2247 = CARTESIAN_POINT ( 'NONE',  ( 0.07198551454928016347, -0.07198551454928021898, 0.5446428571383572503 ) ) ;
#2248 = CARTESIAN_POINT ( 'NONE',  ( 0.1018028909699977558, 0.04216813812856253646, 0.4040178571394820728 ) ) ;
#2249 = CARTESIAN_POINT ( 'NONE',  ( -0.1249999999999999861, 0.05177669529663678910, 0.3281249999973750442 ) ) ;
#2250 = DIRECTION ( 'NONE',  ( -0.000000000000000000, -0.000000000000000000, -1.000000000000000000 ) ) ;
#2251 = ORIENTED_EDGE ( 'NONE', *, *, #4075, .F. ) ;
#2252 = CARTESIAN_POINT ( 'NONE',  ( 0.1018028909699977558, 0.04216813812856243238, 0.08705357142773209600 ) ) ;
#2253 = ORIENTED_EDGE ( 'NONE', *, *, #1854, .T. ) ;
#2254 = CARTESIAN_POINT ( 'NONE',  ( -0.1018028909699977697, -0.04216813812856271687, 0.1361607142844821761 ) ) ;
#2255 = CARTESIAN_POINT ( 'NONE',  ( 0.07198551454928016347, -0.07198551454928023285, 0.5044642857101071520 ) ) ;
#2256 = CARTESIAN_POINT ( 'NONE',  ( -0.1781249999999999223, 7.549139889267777477E-20, 0.6250000000000000000 ) ) ;
#2257 = ORIENTED_EDGE ( 'NONE', *, *, #1716, .T. ) ;
#2258 = CARTESIAN_POINT ( 'NONE',  ( 0.1018028909699977558, 0.04216813812856259891, 0.6227678571377321948 ) ) ;
#2259 = CARTESIAN_POINT ( 'NONE',  ( -0.04216813812856257115, 0.1018028909699976448, 0.1629464285699820936 ) ) ;
#2260 = CARTESIAN_POINT ( 'NONE',  ( -0.1249999999999999584, -5.688018340501877876E-17, 0.4062499999964642172 ) ) ;
#2261 = EDGE_CURVE ( 'NONE', #2830, #3848, #2237, .T. ) ;
#2262 = VECTOR ( 'NONE', #1774, 39.37007874015748143 ) ;
#2263 = CARTESIAN_POINT ( 'NONE',  ( 0.1018028909699977835, -3.181105287940833564E-17, 0.5803571428523571774 ) ) ;
#2264 = CARTESIAN_POINT ( 'NONE',  ( -0.07198551454928017734, 0.07198551454928009408, 0.3482142857113570966 ) ) ;
#2265 = AXIS2_PLACEMENT_3D ( 'NONE', #3795, #771, #390 ) ;
#2266 = CARTESIAN_POINT ( 'NONE',  ( -0.05177669529663687931, 0.1249999999999998335, 0.1138392857130892111 ) ) ;
#2267 = CARTESIAN_POINT ( 'NONE',  ( 0.04907772852308896899, -0.1826198767900954201, 0.8562500000000000666 ) ) ;
#2268 = AXIS2_PLACEMENT_3D ( 'NONE', #2163, #2099, #4175 ) ;
#2269 = CARTESIAN_POINT ( 'NONE',  ( 0.000000000000000000, 0.1018028909699975892, -0.01785714285714290472 ) ) ;
#2270 = PLANE ( 'NONE',  #3658 ) ;
#2271 = CARTESIAN_POINT ( 'NONE',  ( -0.1018028909699977697, 0.04216813812856254340, 0.4888392857102321076 ) ) ;
#2272 = CARTESIAN_POINT ( 'NONE',  ( 0.05177669529663696951, 0.1249999999999997780, 0.03794642857083921350 ) ) ;
#2273 = ORIENTED_EDGE ( 'NONE', *, *, #2261, .F. ) ;
#2274 = CARTESIAN_POINT ( 'NONE',  ( 0.07198551454928019122, 0.07198551454928005244, 0.2678571428548571220 ) ) ;
#2275 = CARTESIAN_POINT ( 'NONE',  ( 0.04216813812856263360, 0.1018028909699976448, 0.2343749999979820864 ) ) ;
#2276 = CARTESIAN_POINT ( 'NONE',  ( -0.1018028909699977697, 0.04216813812856241850, 0.06026785714223212992 ) ) ;
#2277 = CARTESIAN_POINT ( 'NONE',  ( 0.000000000000000000, 0.1018028909699976725, 0.2678571428548571220 ) ) ;
#2278 = CARTESIAN_POINT ( 'NONE',  ( 0.1018028909699977697, 0.04216813812856256422, 0.5111607142814820204 ) ) ;
#2279 = CARTESIAN_POINT ( 'NONE',  ( -0.1152275101366061066, 0.1499375328083491221, 0.6343750000000000222 ) ) ;
#2280 = VECTOR ( 'NONE', #2536, 39.37007874015748143 ) ;
#2281 = CARTESIAN_POINT ( 'NONE',  ( 6.091376809005443538E-17, -0.1082531754730545887, 0.7578125000000000000 ) ) ;
#2282 = CYLINDRICAL_SURFACE ( 'NONE', #4529, 0.1249999999999999306 ) ;
#2283 = CARTESIAN_POINT ( 'NONE',  ( 0.1249999999999999584, 0.05177669529663688625, 0.6004464285666250012 ) ) ;
#2284 = CARTESIAN_POINT ( 'NONE',  ( -0.1018028909699977835, 0.04216813812856244625, 0.1674107142842321261 ) ) ;
#2285 = CARTESIAN_POINT ( 'NONE',  ( -0.08838834764831843271, -0.08838834764831846047, 0.4107142857107142775 ) ) ;
#2286 = EDGE_CURVE ( 'NONE', #1468, #4472, #3321, .T. ) ;
#2287 = CARTESIAN_POINT ( 'NONE',  ( 0.01047231363386028589, -0.1014787503360098098, 0.003588605255498103930 ) ) ;
#2288 = CARTESIAN_POINT ( 'NONE',  ( 0.000000000000000000, 7.549139889267777477E-20, 0.000000000000000000 ) ) ;
#2289 = CARTESIAN_POINT ( 'NONE',  ( -0.1249999999999999584, -1.729139614078324156E-16, 0.01339285714246425327 ) ) ;
#2290 = CARTESIAN_POINT ( 'NONE',  ( -1.246725845703547748E-17, -0.1018028909699977974, 0.5401785714241071901 ) ) ;
#2291 = DIRECTION ( 'NONE',  ( -0.000000000000000000, -0.000000000000000000, -1.000000000000000000 ) ) ;
#2292 = CARTESIAN_POINT ( 'NONE',  ( -0.1499375327922185530, 0.1152275101527366202, 0.8562500000000000666 ) ) ;
#2293 = CARTESIAN_POINT ( 'NONE',  ( -0.07198551454928017734, 0.07198551454928017734, 0.6339285714233571234 ) ) ;
#2294 = CARTESIAN_POINT ( 'NONE',  ( 0.1018028909699977558, -0.04216813812856263360, 0.5781249999952320362 ) ) ;
#2295 = AXIS2_PLACEMENT_3D ( 'NONE', #807, #1725, #5497 ) ;
#2296 = CARTESIAN_POINT ( 'NONE',  ( 0.1249999999999999306, 1.538357638823458624E-17, 0.000000000000000000 ) ) ;
#2297 = ORIENTED_EDGE ( 'NONE', *, *, #541, .T. ) ;
#2298 = CARTESIAN_POINT ( 'NONE',  ( -0.04216813812856259891, -0.1018028909699978946, 0.2879464285689821712 ) ) ;
#2299 = CARTESIAN_POINT ( 'NONE',  ( -1.530808498934191201E-17, -0.1249999999999999584, 0.6607142857090000376 ) ) ;
#2300 = CARTESIAN_POINT ( 'NONE',  ( 0.000000000000000000, 0.1018028909699976309, 0.1294642857131071134 ) ) ;
#2301 = CARTESIAN_POINT ( 'NONE',  ( 0.1249999999999999584, -2.947946438229579053E-17, 0.6026785714234642599 ) ) ;
#2302 = CARTESIAN_POINT ( 'NONE',  ( -1.246725845703547748E-17, -0.1018028909699978946, 0.2142857142838571760 ) ) ;
#2303 = CARTESIAN_POINT ( 'NONE',  ( -0.1018028909699977835, -2.269932387481201262E-17, 0.5267857142813571203 ) ) ;
#2304 = CARTESIAN_POINT ( 'NONE',  ( 0.04907772850198450360, 0.1826198767988372051, 0.6343750000000000222 ) ) ;
#2305 = FACE_OUTER_BOUND ( 'NONE', #4456, .T. ) ;
#2306 = ORIENTED_EDGE ( 'NONE', *, *, #2185, .T. ) ;
#2307 = CARTESIAN_POINT ( 'NONE',  ( 0.07198551454928016347, -0.07198551454928019122, 0.6160714285663571044 ) ) ;
#2308 = ORIENTED_EDGE ( 'NONE', *, *, #2938, .T. ) ;
#2309 = CYLINDRICAL_SURFACE ( 'NONE', #130, 0.1249999999999999306 ) ;
#2310 = CARTESIAN_POINT ( 'NONE',  ( -0.04216813812856259891, -0.1018028909699979223, 0.1406249999987321808 ) ) ;
#2311 = CARTESIAN_POINT ( 'NONE',  ( -0.08838834764831843271, 0.08838834764831836333, 0.4017857142822142680 ) ) ;
#2312 = EDGE_CURVE ( 'NONE', #3926, #1808, #1250, .T. ) ;
#2313 = ORIENTED_EDGE ( 'NONE', *, *, #1137, .T. ) ;
#2314 = FACE_OUTER_BOUND ( 'NONE', #213, .T. ) ;
#2315 = CARTESIAN_POINT ( 'NONE',  ( -1.246725845703547748E-17, -0.1018028909699977974, 0.5714285714238571678 ) ) ;
#2316 = APPROVAL_ROLE ( '' ) ;
#2317 = CARTESIAN_POINT ( 'NONE',  ( -0.1168592514759386192, -0.01193541423196572276, 0.01864496576143891138 ) ) ;
#2318 = CARTESIAN_POINT ( 'NONE',  ( 0.04416995567078190604, -0.1643578891110859252, 0.8750000000000001110 ) ) ;
#2319 = EDGE_CURVE ( 'NONE', #4595, #1297, #4069, .T. ) ;
#2320 = CARTESIAN_POINT ( 'NONE',  ( 0.04216813812856263360, 0.1018028909699977558, 0.5558035714239820679 ) ) ;
#2321 = CARTESIAN_POINT ( 'NONE',  ( 0.05177669529663696951, 0.1249999999999998057, 0.2477678571408750141 ) ) ;
#2322 = CARTESIAN_POINT ( 'NONE',  ( -1.246725845703547748E-17, -0.1018028909699978390, 0.4642857142818572203 ) ) ;
#2323 = CARTESIAN_POINT ( 'NONE',  ( 0.05177669529663696951, 0.1249999999999997780, 0.1049107142848749868 ) ) ;
#2324 = CARTESIAN_POINT ( 'NONE',  ( 0.000000000000000000, 0.1249999999999998751, 0.3214285714259999538 ) ) ;
#2325 = CARTESIAN_POINT ( 'NONE',  ( -0.1018028909699977835, 0.04216813812856242544, 0.1004464285704821380 ) ) ;
#2326 = FACE_OUTER_BOUND ( 'NONE', #1617, .T. ) ;
#2327 = VERTEX_POINT ( 'NONE', #757 ) ;
#2328 = CARTESIAN_POINT ( 'NONE',  ( -0.1018028909699977697, 0.04216813812856249483, 0.2790178571404821062 ) ) ;
#2329 = EDGE_LOOP ( 'NONE', ( #4578, #3337, #667, #2911 ) ) ;
#2330 = CARTESIAN_POINT ( 'NONE',  ( 0.07198551454928019122, 0.07198551454928001081, 0.1249999999988571087 ) ) ;
#2331 = ORIENTED_EDGE ( 'NONE', *, *, #1679, .F. ) ;
#2332 = CARTESIAN_POINT ( 'NONE',  ( -0.1018028909699977835, -1.387331018776256217E-16, 0.1339285714273571182 ) ) ;
#2333 = CARTESIAN_POINT ( 'NONE',  ( 0.1018028909699977558, -0.04216813812856271687, 0.3638392857112321410 ) ) ;
#2334 = CARTESIAN_POINT ( 'NONE',  ( 0.1249999999999999584, -4.002798965527882713E-17, 0.5669642857094643329 ) ) ;
#2335 = CARTESIAN_POINT ( 'NONE',  ( 0.1051882938682729141, 9.845268314075999542E-13, 0.006974008153773087436 ) ) ;
#2336 = DIRECTION ( 'NONE',  ( -0.000000000000000000, -0.000000000000000000, -1.000000000000000000 ) ) ;
#2337 = CARTESIAN_POINT ( 'NONE',  ( -0.04664901554901994957, -0.1734754112228518996, 0.6250000000000000000 ) ) ;
#2338 = ORIENTED_EDGE ( 'NONE', *, *, #4702, .T. ) ;
#2339 = CARTESIAN_POINT ( 'NONE',  ( 0.1638349478928924075, 0.09442855863492054247, 0.6250000000000000000 ) ) ;
#2340 = CARTESIAN_POINT ( 'NONE',  ( -0.07198551454928017734, 0.07198551454928002469, 0.09374999999910710313 ) ) ;
#2341 = CARTESIAN_POINT ( 'NONE',  ( 0.05177669529663697645, 0.1249999999999998473, 0.2879464285688391745 ) ) ;
#2342 = ORIENTED_EDGE ( 'NONE', *, *, #2611, .T. ) ;
#2343 = CARTESIAN_POINT ( 'NONE',  ( 0.1249999999999999584, 0.05177669529663685849, 0.4620535714245893599 ) ) ;
#2344 = CARTESIAN_POINT ( 'NONE',  ( -0.05177669529663686543, 0.1249999999999997918, 0.006696428571089214909 ) ) ;
#2345 = CARTESIAN_POINT ( 'NONE',  ( -0.04935030311648058027, -0.1102540379320854635, 0.02243636923346162271 ) ) ;
#2346 = CARTESIAN_POINT ( 'NONE',  ( 0.1474514531114560212, -0.08498570275246687677, 0.8750000000000001110 ) ) ;
#2347 = CARTESIAN_POINT ( 'NONE',  ( -0.04216813812856257809, 0.1018028909699977697, 0.6316964285662322043 ) ) ;
#2348 = CARTESIAN_POINT ( 'NONE',  ( -0.05177669529663687931, 0.1249999999999998473, 0.2522321428551250189 ) ) ;
#2349 = EDGE_LOOP ( 'NONE', ( #3000, #2075 ) ) ;
#2350 = CARTESIAN_POINT ( 'NONE',  ( -0.1018028909699977835, -3.324784914779507695E-17, 0.4910714285673571378 ) ) ;
#2351 = LINE ( 'NONE', #1916, #2888 ) ;
#2352 = VECTOR ( 'NONE', #4332, 39.37007874015748143 ) ;
#2353 = CARTESIAN_POINT ( 'NONE',  ( 0.1249999999999999584, -1.046377069522156692E-16, 0.3482142857115000378 ) ) ;
#2354 = CARTESIAN_POINT ( 'NONE',  ( -1.246725845703547748E-17, -0.1018028909699979501, 0.04017857142810715015 ) ) ;
#2355 = ADVANCED_FACE ( 'NONE', ( #1584 ), #2116, .F. ) ;
#2356 = CARTESIAN_POINT ( 'NONE',  ( -0.1643578891110971663, -0.04416995567076513474, 0.8750000000000001110 ) ) ;
#2357 = CARTESIAN_POINT ( 'NONE',  ( 0.1018028909699977835, -9.378363885818378353E-17, 0.3705357142826071759 ) ) ;
#2358 = CARTESIAN_POINT ( 'NONE',  ( -0.04216813812856259891, -0.1018028909699979778, 0.03794642857098216165 ) ) ;
#2359 = CARTESIAN_POINT ( 'NONE',  ( 0.07198551454928016347, -0.07198551454928033000, 0.1517857142843571372 ) ) ;
#2360 = CARTESIAN_POINT ( 'NONE',  ( -0.04216813812856257809, 0.1018028909699976170, 0.09151785714198211463 ) ) ;
#2361 = CARTESIAN_POINT ( 'NONE',  ( 0.04216813812856255728, -0.1018028909699978668, 0.3593749999969821363 ) ) ;
#2362 = CARTESIAN_POINT ( 'NONE',  ( -1.530808498934191201E-17, -0.1250000000000000833, 0.2321428571410000530 ) ) ;
#2363 = CARTESIAN_POINT ( 'NONE',  ( 0.06386504260822983836, -0.09245462508930080148, 0.01385960873761081166 ) ) ;
#2364 = DIRECTION ( 'NONE',  ( -0.000000000000000000, -0.000000000000000000, -1.000000000000000000 ) ) ;
#2365 = EDGE_CURVE ( 'NONE', #4340, #3224, #3296, .T. ) ;
#2366 = DIRECTION ( 'NONE',  ( -0.000000000000000000, -0.000000000000000000, -1.000000000000000000 ) ) ;
#2367 = CARTESIAN_POINT ( 'NONE',  ( 0.1643444175577288002, 0.04419512920619280555, 0.8750000000000002220 ) ) ;
#2368 = CARTESIAN_POINT ( 'NONE',  ( 0.05177669529663685849, -0.1250000000000000555, 0.3816964285680893298 ) ) ;
#2369 = CARTESIAN_POINT ( 'NONE',  ( 0.1638349478928926295, -0.09442855863492004287, 0.6250000000000000000 ) ) ;
#2370 = CARTESIAN_POINT ( 'NONE',  ( -0.04216813812856259891, -0.1018028909699978668, 0.3191964285687322045 ) ) ;
#2371 = CARTESIAN_POINT ( 'NONE',  ( -0.08838834764831843271, 0.08838834764831839108, 0.4732142857102142330 ) ) ;
#2372 = EDGE_LOOP ( 'NONE', ( #2766, #2618, #810, #4137 ) ) ;
#2373 = CARTESIAN_POINT ( 'NONE',  ( 0.1249999999999999584, 0.05177669529663683767, 0.4218749999966249775 ) ) ;
#2374 = CARTESIAN_POINT ( 'NONE',  ( -0.08838834764831843271, 0.08838834764831829394, 0.1517857142842142237 ) ) ;
#2375 =( LENGTH_UNIT ( ) NAMED_UNIT ( * ) SI_UNIT ( $, .METRE. ) );
#2376 = CARTESIAN_POINT ( 'NONE',  ( 0.01406647682866015575, -0.1219049149376868479, 0.02435545957928176436 ) ) ;
#2377 = CARTESIAN_POINT ( 'NONE',  ( -0.1249999999999999584, -1.096228097699340604E-16, 0.2276785714264642213 ) ) ;
#2378 = CARTESIAN_POINT ( 'NONE',  ( -0.02377455557551694243, -0.1118221799868235194, 0.5988927029102851796 ) ) ;
#2379 = CARTESIAN_POINT ( 'NONE',  ( -0.07198551454928017734, 0.07198551454928013571, 0.4866071428531070775 ) ) ;
#2380 = CARTESIAN_POINT ( 'NONE',  ( 0.000000000000000000, 0.1018028909699976309, 0.09374999999910710313 ) ) ;
#2381 = CARTESIAN_POINT ( 'NONE',  ( 0.1643578891111031060, -0.04416995567075076429, 0.8750000000000001110 ) ) ;
#2382 = ORIENTED_EDGE ( 'NONE', *, *, #2150, .F. ) ;
#2383 = CARTESIAN_POINT ( 'NONE',  ( 0.000000000000000000, 0.1018028909699976170, 0.02232142857110709644 ) ) ;
#2384 = CIRCLE ( 'NONE', #3866, 0.1082531754730549772 ) ;
#2385 = CARTESIAN_POINT ( 'NONE',  ( -0.07198551454928017734, 0.07198551454928005244, 0.2053571428553571110 ) ) ;
#2386 = EDGE_CURVE ( 'NONE', #2672, #1955, #1258, .T. ) ;
#2387 = CARTESIAN_POINT ( 'NONE',  ( 0.07198551454928019122, 0.07198551454928002469, 0.1562499999986071142 ) ) ;
#2388 = CARTESIAN_POINT ( 'NONE',  ( 0.1018028909699977558, 0.04216813812856250870, 0.3325892857114820522 ) ) ;
#2389 = CARTESIAN_POINT ( 'NONE',  ( 0.08838834764831843271, 0.08838834764831832169, 0.3928571428537142585 ) ) ;
#2390 = FACE_OUTER_BOUND ( 'NONE', #2329, .T. ) ;
#2391 = CARTESIAN_POINT ( 'NONE',  ( 0.1249999999999999445, -0.05177669529663702502, 0.3459821428543749522 ) ) ;
#2392 = AXIS2_PLACEMENT_3D ( 'NONE', #5280, #1911, #1047 ) ;
#2393 = CARTESIAN_POINT ( 'NONE',  ( 0.1249999999999999584, -1.679288585901140244E-16, 0.1339285714275000039 ) ) ;
#2394 = CARTESIAN_POINT ( 'NONE',  ( -0.1638349478928995961, 0.09442855863491583790, 0.6250000000000000000 ) ) ;
#2395 = CARTESIAN_POINT ( 'NONE',  ( 0.1249999999999999584, -1.784773838630970610E-16, 0.09821428571350000747 ) ) ;
#2396 = CARTESIAN_POINT ( 'NONE',  ( -0.07198551454928017734, 0.07198551454928008020, 0.3080357142831071093 ) ) ;
#2397 = CARTESIAN_POINT ( 'NONE',  ( 0.08838834764831840496, -0.08838834764831844659, 0.5267857142812143456 ) ) ;
#2398 = CARTESIAN_POINT ( 'NONE',  ( 0.1018028909699977835, -4.104101249326849575E-17, 0.5491071428526071996 ) ) ;
#2399 = CARTESIAN_POINT ( 'NONE',  ( 0.08838834764831840496, -0.08838834764831858537, 0.09374999999925003047 ) ) ;
#2400 = ORIENTED_EDGE ( 'NONE', *, *, #569, .T. ) ;
#2401 = CARTESIAN_POINT ( 'NONE',  ( -0.1250000000000000000, -0.05177669529663703196, 0.05133928571358926940 ) ) ;
#2402 = CARTESIAN_POINT ( 'NONE',  ( 0.08838834764831840496, -0.08838834764831858537, 0.09821428571321426382 ) ) ;
#2403 = CARTESIAN_POINT ( 'NONE',  ( -0.05177669529663687931, 0.1250000000000000000, 0.5781249999950893725 ) ) ;
#2404 = CARTESIAN_POINT ( 'NONE',  ( 0.1004539754780301580, 0.03588258933472766865, 0.008205884017912829301 ) ) ;
#2405 = ORIENTED_EDGE ( 'NONE', *, *, #2035, .F. ) ;
#2406 = CARTESIAN_POINT ( 'NONE',  ( -0.1250000000000000000, -0.05177669529663702502, 0.08705357142758927969 ) ) ;
#2407 = CARTESIAN_POINT ( 'NONE',  ( -0.1249999999999999584, -6.874727433704032688E-17, 0.3660714285685000013 ) ) ;
#2408 = CARTESIAN_POINT ( 'NONE',  ( -0.1018028909699977835, -1.374145362185027267E-16, 0.1383928571416071507 ) ) ;
#2409 =( BOUNDED_SURFACE ( )  B_SPLINE_SURFACE ( 2, 3, ( 
 ( #1129, #1489, #279, #195, #4422, #4805, #1019, #2746, #4393, #603, #2318, #1881, #3577, #630, #2346, #225, #2029, #3682, #1185, #2516, #1210, #2546, #5446, #5479, #851, #446, #2576, #1156, #4220, #5366, #1567, #1593, #791, #2056 ),
 ( #3276, #4942, #3709, #4164, #4193, #5049, #5390, #1268, #1236, #4135, #3303, #328, #357, #2874, #4525, #1649, #3736, #736, #4964, #4556, #2903, #5417, #3359, #764, #2483, #1622, #2459, #2985, #3331, #4992, #384, #4109, #2931, #4605 ),
 ( #4582, #2085, #3762, #1677, #5022, #4632, #2954, #819, #412, #2115, #3787, #3384, #3840, #5110, #1705, #3441, #1332, #4241, #3414, #2634, #3036, #5081, #36, #4696, #2605, #1736, #910, #4271, #2208, #495, #3013, #3869, #69, #1296 ) ),
 .UNSPECIFIED., .F., .T., .T. ) 
 B_SPLINE_SURFACE_WITH_KNOTS ( ( 3, 3 ),
 ( 4, 2, 2, 2, 2, 2, 2, 2, 2, 2, 2, 2, 2, 2, 2, 2, 4 ),
 ( 0.000000000000000000, 1.000000000000000000 ),
 ( -3.141592653589793116, -2.748893571891068976, -2.356194490192344837, -1.963495408493620697, -1.570796326794896558, -1.178097245096172418, -0.7853981633974482790, -0.3926990816987241395, 0.000000000000000000, 0.3926990816987241395, 0.7853981633974482790, 1.178097245096172418, 1.570796326794896558, 1.963495408493620697, 2.356194490192344837, 2.748893571891068976, 3.141592653589793116 ),
 .UNSPECIFIED. ) 
 GEOMETRIC_REPRESENTATION_ITEM ( )  RATIONAL_B_SPLINE_SURFACE ( (
 ( 1.000000000000000000, 1.000000000000000000, 1.000000000000000000, 1.000000000000000000, 1.000000000000000000, 1.000000000000000000, 1.000000000000000000, 1.000000000000000000, 1.000000000000000000, 1.000000000000000000, 1.000000000000000000, 1.000000000000000000, 1.000000000000000000, 1.000000000000000000, 1.000000000000000000, 1.000000000000000000, 1.000000000000000000, 1.000000000000000000, 1.000000000000000000, 1.000000000000000000, 1.000000000000000000, 1.000000000000000000, 1.000000000000000000, 1.000000000000000000, 1.000000000000000000, 1.000000000000000000, 1.000000000000000000, 1.000000000000000000, 1.000000000000000000, 1.000000000000000000, 1.000000000000000000, 1.000000000000000000, 1.000000000000000000, 1.000000000000000000),
 ( 0.3333333333333333148, 0.3333333333333333148, 0.3333333333333333148, 0.3333333333333333148, 0.3333333333333333148, 0.3333333333333333148, 0.3333333333333333148, 0.3333333333333333148, 0.3333333333333333148, 0.3333333333333333148, 0.3333333333333333148, 0.3333333333333333148, 0.3333333333333333148, 0.3333333333333333148, 0.3333333333333333148, 0.3333333333333333148, 0.3333333333333333148, 0.3333333333333333148, 0.3333333333333333148, 0.3333333333333333148, 0.3333333333333333148, 0.3333333333333333148, 0.3333333333333333148, 0.3333333333333333148, 0.3333333333333333148, 0.3333333333333333148, 0.3333333333333333148, 0.3333333333333333148, 0.3333333333333333148, 0.3333333333333333148, 0.3333333333333333148, 0.3333333333333333148, 0.3333333333333333148, 0.3333333333333333148),
 ( 1.000000000000000000, 1.000000000000000000, 1.000000000000000000, 1.000000000000000000, 1.000000000000000000, 1.000000000000000000, 1.000000000000000000, 1.000000000000000000, 1.000000000000000000, 1.000000000000000000, 1.000000000000000000, 1.000000000000000000, 1.000000000000000000, 1.000000000000000000, 1.000000000000000000, 1.000000000000000000, 1.000000000000000000, 1.000000000000000000, 1.000000000000000000, 1.000000000000000000, 1.000000000000000000, 1.000000000000000000, 1.000000000000000000, 1.000000000000000000, 1.000000000000000000, 1.000000000000000000, 1.000000000000000000, 1.000000000000000000, 1.000000000000000000, 1.000000000000000000, 1.000000000000000000, 1.000000000000000000, 1.000000000000000000, 1.000000000000000000) ) ) 
 REPRESENTATION_ITEM ( '' )  SURFACE ( )  );
#2410 = CARTESIAN_POINT ( 'NONE',  ( 0.1037047591374595373, -0.1349437795130001283, 0.8750000000000001110 ) ) ;
#2411 = VERTEX_POINT ( 'NONE', #2598 ) ;
#2412 = CARTESIAN_POINT ( 'NONE',  ( -0.04216813812856259891, -0.1018028909699978668, 0.3236607142829821537 ) ) ;
#2413 = EDGE_LOOP ( 'NONE', ( #2826, #5247 ) ) ;
#2414 = CARTESIAN_POINT ( 'NONE',  ( 0.07198551454928019122, 0.07198551454928003857, 0.2276785714266071070 ) ) ;
#2415 = CARTESIAN_POINT ( 'NONE',  ( 0.000000000000000000, 0.1018028909699977141, 0.3749999999968571252 ) ) ;
#2416 = CARTESIAN_POINT ( 'NONE',  ( -0.05177669529663686543, 0.1249999999999998473, 0.2165178571411250086 ) ) ;
#2417 = CARTESIAN_POINT ( 'NONE',  ( 0.04884426196656155295, -0.09897764555001074827, 0.01185974707975325469 ) ) ;
#2418 = CARTESIAN_POINT ( 'NONE',  ( 0.08369349894545388691, -0.06044726828204280422, 0.004703857872982017928 ) ) ;
#2419 = CARTESIAN_POINT ( 'NONE',  ( 0.000000000000000000, -1.845237008797876145E-16, 0.9886549160387958501 ) ) ;
#2420 = CARTESIAN_POINT ( 'NONE',  ( -0.1249999999999999584, -2.523460758606960732E-17, 0.5133928571384642758 ) ) ;
#2421 = CARTESIAN_POINT ( 'NONE',  ( 0.1018028909699977697, 0.04216813812856256422, 0.5156249999957319696 ) ) ;
#2422 = ORIENTED_EDGE ( 'NONE', *, *, #4310, .T. ) ;
#2423 = CARTESIAN_POINT ( 'NONE',  ( 0.05177669529663697645, 0.1249999999999997780, 0.03794642857083921350 ) ) ;
#2424 = PERSON_AND_ORGANIZATION ( #2700, #4611 ) ;
#2425 = CARTESIAN_POINT ( 'NONE',  ( -0.08838834764831843271, 0.08838834764831839108, 0.5044642857102500377 ) ) ;
#2426 = CARTESIAN_POINT ( 'NONE',  ( 0.1249999999999999584, -9.408918167923260795E-17, 0.3839285714255000204 ) ) ;
#2427 = AXIS2_PLACEMENT_3D ( 'NONE', #4408, #4511, #3245 ) ;
#2428 = EDGE_CURVE ( 'NONE', #2411, #2165, #2807, .T. ) ;
#2429 = FACE_OUTER_BOUND ( 'NONE', #618, .T. ) ;
#2430 = ORIENTED_EDGE ( 'NONE', *, *, #2043, .F. ) ;
#2431 = DIRECTION ( 'NONE',  ( 1.000000000000000000, 0.000000000000000000, 0.000000000000000000 ) ) ;
#2432 = ORIENTED_EDGE ( 'NONE', *, *, #1585, .T. ) ;
#2433 = CARTESIAN_POINT ( 'NONE',  ( -0.09375000000000020817, -0.009137588047027158517, 0.7494390877365276760 ) ) ;
#2434 = CARTESIAN_POINT ( 'NONE',  ( 0.1249999999999999584, 0.05177669529663674747, 0.1004464285706249960 ) ) ;
#2435 = CARTESIAN_POINT ( 'NONE',  ( 0.1249999999999999584, -9.408918167923260795E-17, 0.3839285714255000204 ) ) ;
#2436 = CARTESIAN_POINT ( 'NONE',  ( -0.1018028909699977835, 0.04216813812856241850, 0.06473214285648212774 ) ) ;
#2437 = CARTESIAN_POINT ( 'NONE',  ( -0.08838834764831843271, 0.08838834764831833557, 0.3616071428542499966 ) ) ;
#2438 = VERTEX_POINT ( 'NONE', #784 ) ;
#2439 = CIRCLE ( 'NONE', #9, 0.1082531754730549772 ) ;
#2440 = CARTESIAN_POINT ( 'NONE',  ( -0.1018028909699977697, -0.04216813812856265442, 0.3549107142827321315 ) ) ;
#2441 = CARTESIAN_POINT ( 'NONE',  ( -0.07198551454928017734, 0.07198551454928006632, 0.2366071428551070888 ) ) ;
#2442 = CARTESIAN_POINT ( 'NONE',  ( 0.000000000000000000, 0.1018028909699977280, 0.4464285714248570902 ) ) ;
#2443 =( BOUNDED_CURVE ( )  B_SPLINE_CURVE ( 2, ( #5325, #697, #725, #2450, #4885, #1118, #4911, #4125, #4098 ),
 .UNSPECIFIED., .F., .F. ) 
 B_SPLINE_CURVE_WITH_KNOTS ( ( 3, 2, 2, 2, 3 ),
 ( 0.6710526315789473450, 0.6776315789473684736, 0.6842105263157894912, 0.6907894736842105088, 0.6973684210526315264 ),
 .UNSPECIFIED. ) 
 CURVE ( )  GEOMETRIC_REPRESENTATION_ITEM ( )  RATIONAL_B_SPLINE_CURVE ( ( 1.000000000000000000, 0.9238795325112867385, 1.000000000000000000, 0.9238795325112867385, 1.000000000000000000, 0.9238795325112867385, 1.000000000000000000, 0.9238795325112867385, 1.000000000000000000 ) ) 
 REPRESENTATION_ITEM ( '' )  );
#2444 = CARTESIAN_POINT ( 'NONE',  ( 0.1249999999999999722, 0.05177669529663676135, 0.2075892857126250268 ) ) ;
#2445 = CARTESIAN_POINT ( 'NONE',  ( -0.1250000000000000000, 0.05177669529663680992, 0.4040178571393393536 ) ) ;
#2446 = FACE_OUTER_BOUND ( 'NONE', #2203, .T. ) ;
#2447 = CARTESIAN_POINT ( 'NONE',  ( 0.1249999999999999445, -0.05177669529663698339, 0.5602678571383750139 ) ) ;
#2448 = AXIS2_PLACEMENT_3D ( 'NONE', #1386, #2216, #1823 ) ;
#2449 = EDGE_LOOP ( 'NONE', ( #4628, #5382, #171 ) ) ;
#2450 = CARTESIAN_POINT ( 'NONE',  ( 0.05177669529663696951, 0.1249999999999998751, 0.4620535714248749093 ) ) ;
#2451 = CARTESIAN_POINT ( 'NONE',  ( -0.09375000000000020817, 3.709213845753195715E-17, 0.7494390877365275649 ) ) ;
#2452 = CARTESIAN_POINT ( 'NONE',  ( -0.1018028909699977835, -0.04216813812856268912, 0.2075892857124821411 ) ) ;
#2453 = CARTESIAN_POINT ( 'NONE',  ( -0.1249999999999999861, -0.05177669529663690012, 0.5156249999955894170 ) ) ;
#2454 = CARTESIAN_POINT ( 'NONE',  ( 0.000000000000000000, 0.1018028909699977419, 0.5223214285671070600 ) ) ;
#2455 = EDGE_CURVE ( 'NONE', #656, #2411, #899, .T. ) ;
#2456 = CARTESIAN_POINT ( 'NONE',  ( -0.1250000000000000000, 0.05177669529663682380, 0.4352678571393750473 ) ) ;
#2457 = CARTESIAN_POINT ( 'NONE',  ( 0.1249999999999999584, -1.877073434770416354E-16, 0.06696428571346425829 ) ) ;
#2458 = CARTESIAN_POINT ( 'NONE',  ( 0.1424406561679374683, 0.1094661346297699928, 0.6250000000000000000 ) ) ;
#2459 = CARTESIAN_POINT ( 'NONE',  ( -0.04907772852307398792, 0.1826198767901093256, 0.8750000000000001110 ) ) ;
#2460 = VERTEX_POINT ( 'NONE', #1228 ) ;
#2461 = CARTESIAN_POINT ( 'NONE',  ( 0.000000000000000000, 0.1249999999999999445, 0.5401785714239643044 ) ) ;
#2462 = CARTESIAN_POINT ( 'NONE',  ( -0.1018028909699977835, -8.467190985358744511E-17, 0.3169642857116071744 ) ) ;
#2463 = CARTESIAN_POINT ( 'NONE',  ( 0.09442855881954372033, -0.1638349478164232709, 0.8562500000000000666 ) ) ;
#2464 = CARTESIAN_POINT ( 'NONE',  ( 0.1874999999999999167, 0.02454369238351226598, 0.8750000000000001110 ) ) ;
#2465 = CARTESIAN_POINT ( 'NONE',  ( -0.04216813812856257809, 0.1018028909699977419, 0.3816964285682321045 ) ) ;
#2466 = CARTESIAN_POINT ( 'NONE',  ( 0.1018028909699977558, 0.04216813812856250177, 0.2968749999974821252 ) ) ;
#2467 = CARTESIAN_POINT ( 'NONE',  ( -0.1249999999999999584, -1.425869512479217187E-16, 0.1160714285704999987 ) ) ;
#2468 = CARTESIAN_POINT ( 'NONE',  ( 0.1249999999999999584, -1.362832827711648406E-16, 0.2410714285695000347 ) ) ;
#2469 = CARTESIAN_POINT ( 'NONE',  ( -0.05177669529663687931, -0.1250000000000000000, 0.5156249999958750774 ) ) ;
#2470 = CARTESIAN_POINT ( 'NONE',  ( -0.1152275099952964482, -0.1499375329496587528, 0.6343749999999998002 ) ) ;
#2471 = CARTESIAN_POINT ( 'NONE',  ( 0.1249999999999999584, 0.05177669529663682380, 0.3861607142826249950 ) ) ;
#2472 = CARTESIAN_POINT ( 'NONE',  ( -0.05177669529663686543, 0.1249999999999999861, 0.6450892857091250487 ) ) ;
#2473 = ORIENTED_EDGE ( 'NONE', *, *, #4054, .F. ) ;
#2474 = CARTESIAN_POINT ( 'NONE',  ( -0.05177669529663687931, -0.1250000000000000278, 0.4799107142818750948 ) ) ;
#2475 = CARTESIAN_POINT ( 'NONE',  ( 0.07198551454928016347, -0.07198551454928028837, 0.2901785714261072013 ) ) ;
#2476 = CARTESIAN_POINT ( 'NONE',  ( -0.08838834764831843271, 0.08838834764831837720, 0.4374999999962142505 ) ) ;
#2477 = CONICAL_SURFACE ( 'NONE', #591, 0.1082531754730549772, 1.047197551196600074 ) ;
#2478 = CARTESIAN_POINT ( 'NONE',  ( -0.1018028909699977835, -3.192928348867217581E-17, 0.4955357142816071425 ) ) ;
#2479 = CARTESIAN_POINT ( 'NONE',  ( -0.1018028909699977835, -1.703786776965748301E-16, 0.02678571428535712548 ) ) ;
#2480 = CARTESIAN_POINT ( 'NONE',  ( -1.530808498934191201E-17, -0.1250000000000001110, 0.05803571428496429735 ) ) ;
#2481 = CARTESIAN_POINT ( 'NONE',  ( -0.1249999999999999584, -1.518169108618662931E-16, 0.08482142857046426343 ) ) ;
#2482 = PERSON_AND_ORGANIZATION_ROLE ( 'design_supplier' ) ;
#2483 = CARTESIAN_POINT ( 'NONE',  ( 0.02454369238351464602, 0.1874999999999999167, 0.8750000000000001110 ) ) ;
#2484 = EDGE_CURVE ( 'NONE', #5336, #1631, #435, .T. ) ;
#2485 = CARTESIAN_POINT ( 'NONE',  ( -0.04216813812856259891, -0.1018028909699977835, 0.5379464285669821599 ) ) ;
#2486 = CARTESIAN_POINT ( 'NONE',  ( -0.1249999999999999584, -7.929579961002337581E-17, 0.3303571428545000188 ) ) ;
#2487 = CARTESIAN_POINT ( 'NONE',  ( 0.1018028909699977835, -2.126252760642529903E-17, 0.6160714285663572154 ) ) ;
#2488 = CARTESIAN_POINT ( 'NONE',  ( -1.246725845703547748E-17, -0.1018028909699979223, 0.1830357142841071705 ) ) ;
#2489 = CARTESIAN_POINT ( 'NONE',  ( 0.09375000000000001388, 0.05412658773652767596, 0.8750000000000001110 ) ) ;
#2490 = CARTESIAN_POINT ( 'NONE',  ( 0.09442855861383694926, 0.1638349479016421584, 0.8750000000000001110 ) ) ;
#2491 = EDGE_CURVE ( 'NONE', #5029, #5111, #5432, .T. ) ;
#2492 = ORIENTED_EDGE ( 'NONE', *, *, #1724, .F. ) ;
#2493 = CARTESIAN_POINT ( 'NONE',  ( 0.07198551454928019122, 0.07198551454928009408, 0.4107142857108571077 ) ) ;
#2494 = CARTESIAN_POINT ( 'NONE',  ( 0.07198551454928016347, -0.07198551454928027449, 0.3660714285683571712 ) ) ;
#2495 = CARTESIAN_POINT ( 'NONE',  ( 0.1826198767988397309, 0.04907772850198856979, 0.6250000000000000000 ) ) ;
#2496 = ORIENTED_EDGE ( 'NONE', *, *, #4702, .F. ) ;
#2497 = CARTESIAN_POINT ( 'NONE',  ( 0.07198551454928016347, -0.07198551454928028837, 0.2901785714261072013 ) ) ;
#2498 = CARTESIAN_POINT ( 'NONE',  ( -0.05177669529663687931, 0.1249999999999999445, 0.5066964285670894075 ) ) ;
#2499 = CARTESIAN_POINT ( 'NONE',  ( 0.01530756312513085506, 0.09941534978212360207, 0.8698974789582294420 ) ) ;
#2500 = CARTESIAN_POINT ( 'NONE',  ( 0.1874999999999999167, 2.303761888290553917E-17, 0.000000000000000000 ) ) ;
#2501 = FACE_OUTER_BOUND ( 'NONE', #3678, .T. ) ;
#2502 = VERTEX_POINT ( 'NONE', #3547 ) ;
#2503 = CARTESIAN_POINT ( 'NONE',  ( -0.07198551454928017734, 0.07198551454928003857, 0.1696428571413571285 ) ) ;
#2504 = CARTESIAN_POINT ( 'NONE',  ( 0.000000000000000000, 0.1249999999999999584, 0.6071428571379999806 ) ) ;
#2505 = DIRECTION ( 'NONE',  ( -0.000000000000000000, -0.000000000000000000, -1.000000000000000000 ) ) ;
#2506 = CARTESIAN_POINT ( 'NONE',  ( 0.08838834764831840496, -0.08838834764831858537, 0.1294642857132500269 ) ) ;
#2507 = CARTESIAN_POINT ( 'NONE',  ( 0.04216813812856255728, -0.1018028909699978668, 0.3593749999969822473 ) ) ;
#2508 = CARTESIAN_POINT ( 'NONE',  ( 0.000000000000000000, 0.1249999999999999584, 0.6116071428519642694 ) ) ;
#2509 = DIRECTION ( 'NONE',  ( -0.000000000000000000, -0.000000000000000000, 1.000000000000000000 ) ) ;
#2510 = ORIENTED_EDGE ( 'NONE', *, *, #5335, .F. ) ;
#2511 = ORIENTED_EDGE ( 'NONE', *, *, #202, .T. ) ;
#2512 = CARTESIAN_POINT ( 'NONE',  ( -0.07198551454928017734, -0.07198551454928034388, 0.03124999999960714758 ) ) ;
#2513 = CARTESIAN_POINT ( 'NONE',  ( -0.1249999999999999584, -1.201713350429171340E-16, 0.1919642857124642388 ) ) ;
#2514 = DATE_TIME_ROLE ( 'classification_date' ) ;
#2515 = CARTESIAN_POINT ( 'NONE',  ( 0.05177669529663685849, -0.1250000000000000278, 0.5558035714241250647 ) ) ;
#2516 = CARTESIAN_POINT ( 'NONE',  ( 0.1474514531114655969, 0.08498570275245494188, 0.8750000000000001110 ) ) ;
#2517 = CARTESIAN_POINT ( 'NONE',  ( 0.07198551454928019122, 0.07198551454927998305, 0.05357142857085710891 ) ) ;
#2518 = CARTESIAN_POINT ( 'NONE',  ( -0.1250000000000000000, 0.05177669529663676135, 0.2254464285693393022 ) ) ;
#2519 = CARTESIAN_POINT ( 'NONE',  ( -0.07198551454928017734, -0.07198551454928016347, 0.6383928571376071837 ) ) ;
#2520 = DIRECTION ( 'NONE',  ( -1.000000000000000000, 0.000000000000000000, 0.000000000000000000 ) ) ;
#2521 = CARTESIAN_POINT ( 'NONE',  ( 0.1249999999999999584, -8.354065640624955902E-17, 0.4196428571395000584 ) ) ;
#2522 = CARTESIAN_POINT ( 'NONE',  ( 0.04216813812856255728, -0.1018028909699979223, 0.2209821428552321554 ) ) ;
#2523 = CARTESIAN_POINT ( 'NONE',  ( -0.1638349479016318611, 0.09442855861383726845, 0.8750000000000001110 ) ) ;
#2524 = CARTESIAN_POINT ( 'NONE',  ( 0.1018028909699977835, -7.268658831221767335E-17, 0.4419642857106071965 ) ) ;
#2525 = CARTESIAN_POINT ( 'NONE',  ( -0.1018028909699977697, -0.04216813812856263360, 0.3906249999967321695 ) ) ;
#2526 =( BOUNDED_CURVE ( )  B_SPLINE_CURVE ( 2, ( #4900, #2854, #2827 ),
 .UNSPECIFIED., .F., .T. ) 
 B_SPLINE_CURVE_WITH_KNOTS ( ( 3, 3 ),
 ( 0.9342105263157894912, 0.9377834452850333236 ),
 .UNSPECIFIED. ) 
 CURVE ( )  GEOMETRIC_REPRESENTATION_ITEM ( )  RATIONAL_B_SPLINE_CURVE ( ( 1.000000000000000000, 0.9586602161398036781, 0.9622223564529224227 ) ) 
 REPRESENTATION_ITEM ( '' )  );
#2527 = CARTESIAN_POINT ( 'NONE',  ( 0.1499375328083565606, 0.1152275101365986543, 0.6250000000000000000 ) ) ;
#2528 = CARTESIAN_POINT ( 'NONE',  ( -0.04216813812856257809, 0.1018028909699977003, 0.3058035714259820792 ) ) ;
#2529 = EDGE_CURVE ( 'NONE', #1041, #4084, #4077, .T. ) ;
#2530 = CARTESIAN_POINT ( 'NONE',  ( 0.000000000000000000, 7.549139889267777477E-20, 2.626164709600468896E-29 ) ) ;
#2531 = CARTESIAN_POINT ( 'NONE',  ( 0.1826198768753090895, -0.04907772831736496172, 0.6343750000000000222 ) ) ;
#2532 = B_SPLINE_CURVE_WITH_KNOTS ( 'NONE', 3,
 ( #2489, #2909, #3741, #4199, #4640, #4143 ),
 .UNSPECIFIED., .F., .F.,
 ( 4, 2, 4 ),
 ( 0.007363432610939292695, 0.008059648679257361281, 0.008755864747575429000 ),
 .UNSPECIFIED. ) ;
#2533 = CARTESIAN_POINT ( 'NONE',  ( 0.09375000000000054123, -0.05412658773652687105, 0.8750000000000001110 ) ) ;
#2534 = CARTESIAN_POINT ( 'NONE',  ( 0.1018028909699977835, -1.676233157690652000E-16, 0.1205357142846071317 ) ) ;
#2535 = CIRCLE ( 'NONE', #1611, 0.1419642857141786008 ) ;
#2536 = DIRECTION ( 'NONE',  ( -0.000000000000000000, -0.000000000000000000, 1.000000000000000000 ) ) ;
#2537 = EDGE_CURVE ( 'NONE', #1757, #4099, #1877, .T. ) ;
#2538 = CARTESIAN_POINT ( 'NONE',  ( -0.05177669529663686543, 0.1249999999999998196, 0.1450892857131249880 ) ) ;
#2539 = CARTESIAN_POINT ( 'NONE',  ( 0.04216813812856263360, 0.1018028909699976725, 0.3370535714257320570 ) ) ;
#2540 = CARTESIAN_POINT ( 'NONE',  ( -0.1424406561679309180, 0.1094661346297765570, 0.6250000000000000000 ) ) ;
#2541 = VECTOR ( 'NONE', #4664, 39.37007874015748143 ) ;
#2542 = CARTESIAN_POINT ( 'NONE',  ( 0.09375000000000020817, 2.561107471552864931E-17, 0.7494390877365275649 ) ) ;
#2543 = ORIENTED_EDGE ( 'NONE', *, *, #3394, .F. ) ;
#2544 = CARTESIAN_POINT ( 'NONE',  ( 0.1018028909699977697, 0.04216813812856242544, 0.04687499999948211565 ) ) ;
#2545 = CARTESIAN_POINT ( 'NONE',  ( 0.08838834764831843271, 0.08838834764831829394, 0.2499999999977142728 ) ) ;
#2546 = CARTESIAN_POINT ( 'NONE',  ( 0.1037047591374642558, 0.1349437795129906359, 0.8750000000000001110 ) ) ;
#2547 = CARTESIAN_POINT ( 'NONE',  ( -0.04216813812856257809, 0.1018028909699976170, 0.09598214285623213327 ) ) ;
#2548 = CARTESIAN_POINT ( 'NONE',  ( 0.000000000000000000, 7.549139889267777477E-20, 0.000000000000000000 ) ) ;
#2549 = CARTESIAN_POINT ( 'NONE',  ( 0.07198551454928016347, -0.07198551454928037163, 0.004464285714107145940 ) ) ;
#2550 = CARTESIAN_POINT ( 'NONE',  ( -0.1018028909699977697, 0.04216813812856252952, 0.4531249999962321251 ) ) ;
#2551 = CARTESIAN_POINT ( 'NONE',  ( -0.1249999999999999861, -0.05177669529663693482, 0.4040178571396250140 ) ) ;
#2552 = CARTESIAN_POINT ( 'NONE',  ( 0.1018028909699977835, -1.465262652230990775E-16, 0.1919642857126071522 ) ) ;
#2553 = CARTESIAN_POINT ( 'NONE',  ( -1.530808498934191201E-17, -0.1250000000000000555, 0.2723214285689642966 ) ) ;
#2554 = CARTESIAN_POINT ( 'NONE',  ( 0.1826198767901167086, -0.04907772852305294226, 0.8750000000000001110 ) ) ;
#2555 = CARTESIAN_POINT ( 'NONE',  ( -0.1018028909699977835, -4.247780876165520625E-17, 0.4598214285676071600 ) ) ;
#2556 = CARTESIAN_POINT ( 'NONE',  ( 0.1018028909699977835, -6.213806303923462442E-17, 0.4776785714246071790 ) ) ;
#2557 = CARTESIAN_POINT ( 'NONE',  ( -0.05177669529663687931, 0.1249999999999997918, 0.07366071428512496744 ) ) ;
#2558 = CARTESIAN_POINT ( 'NONE',  ( -0.1018028909699977835, -7.544195023972730348E-17, 0.3482142857113571521 ) ) ;
#2559 = DIRECTION ( 'NONE',  ( -0.000000000000000000, -0.000000000000000000, -1.000000000000000000 ) ) ;
#2560 = CARTESIAN_POINT ( 'NONE',  ( 0.1249999999999999584, 0.05177669529663679604, 0.2790178571406250474 ) ) ;
#2561 = DIRECTION ( 'NONE',  ( -1.000000000000000000, 0.000000000000000000, 0.000000000000000000 ) ) ;
#2562 =( BOUNDED_CURVE ( )  B_SPLINE_CURVE ( 2, ( #399, #2098, #16, #3771, #4230, #1663, #460, #1722, #3369 ),
 .UNSPECIFIED., .F., .T. ) 
 B_SPLINE_CURVE_WITH_KNOTS ( ( 3, 2, 2, 2, 3 ),
 ( 0.03947368421052631360, 0.04605263157894736586, 0.05263157894736841813, 0.05921052631578947040, 0.06578947368421052266 ),
 .UNSPECIFIED. ) 
 CURVE ( )  GEOMETRIC_REPRESENTATION_ITEM ( )  RATIONAL_B_SPLINE_CURVE ( ( 1.000000000000000000, 0.9238795325112867385, 1.000000000000000000, 0.9238795325112867385, 1.000000000000000000, 0.9238795325112867385, 1.000000000000000000, 0.9238795325112867385, 1.000000000000000000 ) ) 
 REPRESENTATION_ITEM ( '' )  );
#2563 = EDGE_CURVE ( 'NONE', #2876, #167, #1785, .T. ) ;
#2564 = ORIENTED_EDGE ( 'NONE', *, *, #376, .T. ) ;
#2565 = CARTESIAN_POINT ( 'NONE',  ( -0.05177669529663686543, 0.1249999999999999861, 0.6093749999951250107 ) ) ;
#2566 = CARTESIAN_POINT ( 'NONE',  ( 0.1018028909699977558, -0.04216813812856279320, 0.08258928571348214676 ) ) ;
#2567 = DIRECTION ( 'NONE',  ( -0.000000000000000000, -0.000000000000000000, -1.000000000000000000 ) ) ;
#2568 = CARTESIAN_POINT ( 'NONE',  ( -0.08838834764831843271, -0.08838834764831854374, 0.1562499999987500554 ) ) ;
#2569 = CARTESIAN_POINT ( 'NONE',  ( 0.1018028909699977697, 0.04216813812856254340, 0.4397321428534821108 ) ) ;
#2570 = CARTESIAN_POINT ( 'NONE',  ( -0.05177669529663687931, -0.1249999999999999861, 0.5915178571378394423 ) ) ;
#2571 = DIRECTION ( 'NONE',  ( 1.000000000000000000, -0.000000000000000000, 0.000000000000000000 ) ) ;
#2572 = CARTESIAN_POINT ( 'NONE',  ( 0.1094661346297750720, -0.1424406561679323890, 0.6250000000000000000 ) ) ;
#2573 = VERTEX_POINT ( 'NONE', #4473 ) ;
#2574 = CARTESIAN_POINT ( 'NONE',  ( -0.1249999999999999584, -8.852575922396795020E-17, 0.2991071428544642141 ) ) ;
#2575 = CARTESIAN_POINT ( 'NONE',  ( -0.05177669529663687931, -0.1250000000000000555, 0.2343749999978393117 ) ) ;
#2576 = CARTESIAN_POINT ( 'NONE',  ( -0.04416995567076757029, 0.1643578891110955009, 0.8750000000000001110 ) ) ;
#2577 = CARTESIAN_POINT ( 'NONE',  ( 0.07198551454928016347, -0.07198551454928020510, 0.5803571428523571774 ) ) ;
#2578 = CARTESIAN_POINT ( 'NONE',  ( 0.04216813812856255728, -0.1018028909699979778, 0.1138392857132321384 ) ) ;
#2579 = CARTESIAN_POINT ( 'NONE',  ( -0.08838834764831843271, 0.08838834764831830781, 0.2232142857122142443 ) ) ;
#2580 = CARTESIAN_POINT ( 'NONE',  ( -0.04216813812856257809, 0.1018028909699976448, 0.1272321428559820833 ) ) ;
#2581 = CARTESIAN_POINT ( 'NONE',  ( 0.000000000000000000, 0.1018028909699977419, 0.5178571428528571108 ) ) ;
#2582 = CARTESIAN_POINT ( 'NONE',  ( -0.1249999999999999861, -0.05177669529663692094, 0.4397321428536250520 ) ) ;
#2583 = CARTESIAN_POINT ( 'NONE',  ( 0.07198551454928019122, 0.07198551454928006632, 0.3035714285688571601 ) ) ;
#2584 = CARTESIAN_POINT ( 'NONE',  ( -0.1687499999999999001, 0.02210356873772803890, 0.8750000000000001110 ) ) ;
#2585 = CARTESIAN_POINT ( 'NONE',  ( -0.1499375327922207735, -0.1152275101527344553, 0.8562500000000000666 ) ) ;
#2586 = CARTESIAN_POINT ( 'NONE',  ( 0.000000000000000000, 0.1018028909699977419, 0.4866071428531070775 ) ) ;
#2587 = CARTESIAN_POINT ( 'NONE',  ( 0.04216813812856263360, 0.1018028909699977558, 0.5200892857099821409 ) ) ;
#2588 = LINE ( 'NONE', #2220, #2262 ) ;
#2589 = ORIENTED_EDGE ( 'NONE', *, *, #58, .T. ) ;
#2590 = CARTESIAN_POINT ( 'NONE',  ( -0.07198551454928017734, 0.07198551454928010795, 0.3794642857111070744 ) ) ;
#2591 = CARTESIAN_POINT ( 'NONE',  ( -0.1249999999999999584, -7.797723395098490127E-17, 0.3348214285684642522 ) ) ;
#2592 = CARTESIAN_POINT ( 'NONE',  ( -0.1250000000000000000, 0.05177669529663678910, 0.2924107142833750062 ) ) ;
#2593 = LINE ( 'NONE', #462, #3088 ) ;
#2594 = CARTESIAN_POINT ( 'NONE',  ( 0.1018028909699977558, -0.04216813812856277932, 0.1183035714274821570 ) ) ;
#2595 = ORIENTED_EDGE ( 'NONE', *, *, #1446, .F. ) ;
#2596 = CARTESIAN_POINT ( 'NONE',  ( -0.07198551454928017734, -0.07198551454928035775, -1.428543075061904652E-13 ) ) ;
#2597 = CARTESIAN_POINT ( 'NONE',  ( -0.1249999999999999584, -8.984432488300643707E-17, 0.2946428571404999808 ) ) ;
#2598 = CARTESIAN_POINT ( 'NONE',  ( 0.1249999999999999584, -6.244360586028344883E-17, 0.4910714285675000235 ) ) ;
#2599 = CARTESIAN_POINT ( 'NONE',  ( -0.05177669529663687931, -0.1250000000000001110, 0.1584821428558750300 ) ) ;
#2600 = CARTESIAN_POINT ( 'NONE',  ( -0.1018028909699977835, 0.04216813812856252952, 0.4531249999962321251 ) ) ;
#2601 = CARTESIAN_POINT ( 'NONE',  ( -0.04662384207688798771, -0.1734888829588974724, 0.6250000000000000000 ) ) ;
#2602 = CARTESIAN_POINT ( 'NONE',  ( 0.09375000000000024980, -0.03631973612757355419, 0.7531419288023962766 ) ) ;
#2603 =( BOUNDED_CURVE ( )  B_SPLINE_CURVE ( 2, ( #1502, #695, #1961, #5354, #3615, #3591, #3194, #2391, #4910 ),
 .UNSPECIFIED., .F., .F. ) 
 B_SPLINE_CURVE_WITH_KNOTS ( ( 3, 2, 2, 2, 3 ),
 ( 0.4868421052631579093, 0.4934210526315789269, 0.5000000000000000000, 0.5065789473684210176, 0.5131578947368421462 ),
 .UNSPECIFIED. ) 
 CURVE ( )  GEOMETRIC_REPRESENTATION_ITEM ( )  RATIONAL_B_SPLINE_CURVE ( ( 1.000000000000000000, 0.9238795325112867385, 1.000000000000000000, 0.9238795325112867385, 1.000000000000000000, 0.9238795325112867385, 1.000000000000000000, 0.9238795325112867385, 1.000000000000000000 ) ) 
 REPRESENTATION_ITEM ( '' )  );
#2604 = DIRECTION ( 'NONE',  ( -1.000000000000000000, 0.000000000000000000, 0.000000000000000000 ) ) ;
#2605 = CARTESIAN_POINT ( 'NONE',  ( 0.02454369238351464255, 0.1874999999999999167, 0.8562500000000000666 ) ) ;
#2606 = CARTESIAN_POINT ( 'NONE',  ( -0.07198551454928017734, 0.07198551454928017734, 0.6339285714233571234 ) ) ;
#2607 = ORIENTED_EDGE ( 'NONE', *, *, #4388, .F. ) ;
#2608 = CARTESIAN_POINT ( 'NONE',  ( 0.09375000000000054123, -0.05412658773652687105, 0.8750000000000001110 ) ) ;
#2609 = CARTESIAN_POINT ( 'NONE',  ( 0.000000000000000000, 0.1018028909699976170, 0.05357142857085709503 ) ) ;
#2610 = CARTESIAN_POINT ( 'NONE',  ( -0.04216813812856257809, 0.1018028909699977558, 0.4843749999959821584 ) ) ;
#2611 = EDGE_CURVE ( 'NONE', #295, #4112, #1457, .T. ) ;
#2612 = CARTESIAN_POINT ( 'NONE',  ( 0.1018028909699977697, 0.04216813812856254340, 0.4441964285677320601 ) ) ;
#2613 = CARTESIAN_POINT ( 'NONE',  ( 0.1285714285714285865, -1.687782420336073622E-16, 0.6071428571430000920 ) ) ;
#2614 = CARTESIAN_POINT ( 'NONE',  ( -0.07762469262686864935, 0.08320339109362541452, 0.01534444903209555323 ) ) ;
#2615 = B_SPLINE_CURVE_WITH_KNOTS ( 'NONE', 3,
 ( #2987, #1238, #4697, #38, #4606, #1710 ),
 .UNSPECIFIED., .F., .F.,
 ( 4, 2, 4 ),
 ( 0.01214830212977732748, 0.01282013543564479961, 0.01349196874151227174 ),
 .UNSPECIFIED. ) ;
#2616 = CARTESIAN_POINT ( 'NONE',  ( 0.07198551454928019122, 0.07198551454928010795, 0.4464285714248570902 ) ) ;
#2617 = DIRECTION ( 'NONE',  ( -0.000000000000000000, -0.000000000000000000, -1.000000000000000000 ) ) ;
#2618 = ORIENTED_EDGE ( 'NONE', *, *, #4075, .T. ) ;
#2619 = CARTESIAN_POINT ( 'NONE',  ( -0.07198551454928017734, -0.07198551454928026061, 0.3169642857116071744 ) ) ;
#2620 = CARTESIAN_POINT ( 'NONE',  ( 0.01958062520765432510, 0.1001225506332912712, 0.5919107288575022885 ) ) ;
#2621 = CARTESIAN_POINT ( 'NONE',  ( -1.530808498934191201E-17, -0.1250000000000000555, 0.2678571428550000633 ) ) ;
#2622 = APPROVAL_DATE_TIME ( #893, #5326 ) ;
#2623 = CARTESIAN_POINT ( 'NONE',  ( -0.09374999999999998612, -0.03631555189938762140, 0.8703284430503340774 ) ) ;
#2624 = CARTESIAN_POINT ( 'NONE',  ( -0.1781249999999999223, 3.774569944633888739E-20, 0.6250000000000000000 ) ) ;
#2625 = ORIENTED_EDGE ( 'NONE', *, *, #4153, .T. ) ;
#2626 = CARTESIAN_POINT ( 'NONE',  ( -0.07198551454928017734, -0.07198551454928031612, 0.1383928571416071507 ) ) ;
#2627 = CARTESIAN_POINT ( 'NONE',  ( 0.07198551454928019122, 0.07198551454928014959, 0.5491071428526070886 ) ) ;
#2628 = CARTESIAN_POINT ( 'NONE',  ( 0.1638349478928959879, 0.09442855863492202739, 0.6343750000000000222 ) ) ;
#2629 = CARTESIAN_POINT ( 'NONE',  ( 0.09375000000000001388, -0.05412658773652719024, 0.7578125000000000000 ) ) ;
#2630 = CARTESIAN_POINT ( 'NONE',  ( 0.1638349478164232709, 0.09442855881954360930, 0.8562500000000000666 ) ) ;
#2631 = CARTESIAN_POINT ( 'NONE',  ( 0.04216813812856263360, 0.1018028909699975892, 0.01562499999973209798 ) ) ;
#2632 = CARTESIAN_POINT ( 'NONE',  ( -0.1249999999999999861, -0.05177669529663698339, 0.2656249999975893727 ) ) ;
#2633 =( BOUNDED_CURVE ( )  B_SPLINE_CURVE ( 2, ( #621, #215, #5269, #4955, #347, #2368, #727, #1479, #4886 ),
 .UNSPECIFIED., .F., .F. ) 
 B_SPLINE_CURVE_WITH_KNOTS ( ( 3, 2, 2, 2, 3 ),
 ( 0.5921052631578946901, 0.5986842105263158187, 0.6052631578947368363, 0.6118421052631578538, 0.6184210526315789824 ),
 .UNSPECIFIED. ) 
 CURVE ( )  GEOMETRIC_REPRESENTATION_ITEM ( )  RATIONAL_B_SPLINE_CURVE ( ( 1.000000000000000000, 0.9238795325112867385, 1.000000000000000000, 0.9238795325112867385, 1.000000000000000000, 0.9238795325112867385, 1.000000000000000000, 0.9238795325112867385, 1.000000000000000000 ) ) 
 REPRESENTATION_ITEM ( '' )  );
#2634 = CARTESIAN_POINT ( 'NONE',  ( 0.1638349479016284471, 0.09442855861384015503, 0.8562500000000000666 ) ) ;
#2635 = EDGE_CURVE ( 'NONE', #2672, #2809, #3055, .T. ) ;
#2636 = CARTESIAN_POINT ( 'NONE',  ( -0.04216813812856259891, -0.1018028909699979501, 0.07366071428498216500 ) ) ;
#2637 = ORIENTED_EDGE ( 'NONE', *, *, #954, .T. ) ;
#2638 = CARTESIAN_POINT ( 'NONE',  ( -0.08838834764831843271, 0.08838834764831833557, 0.3303571428542142474 ) ) ;
#2639 = CARTESIAN_POINT ( 'NONE',  ( -0.04216813812856259891, -0.1018028909699979778, 0.03348214285673216384 ) ) ;
#2640 = CARTESIAN_POINT ( 'NONE',  ( -0.08838834764831843271, -0.08838834764831858537, 0.04910714285675002455 ) ) ;
#2641 = CARTESIAN_POINT ( 'NONE',  ( 0.07198551454928019122, 0.07198551454928014959, 0.5491071428526070886 ) ) ;
#2642 = CARTESIAN_POINT ( 'NONE',  ( -0.1018028909699977835, -4.247780876165520625E-17, 0.4598214285676071600 ) ) ;
#2643 = CARTESIAN_POINT ( 'NONE',  ( -0.1249999999999999306, 7.549139889267777477E-20, 0.000000000000000000 ) ) ;
#2644 = CARTESIAN_POINT ( 'NONE',  ( -0.1249999999999999584, -1.636840017938878412E-16, 0.04464285714249999898 ) ) ;
#2645 = ORIENTED_EDGE ( 'NONE', *, *, #500, .T. ) ;
#2646 = CARTESIAN_POINT ( 'NONE',  ( -0.04216813812856257809, 0.1018028909699977558, 0.4888392857102321076 ) ) ;
#2647 = CARTESIAN_POINT ( 'NONE',  ( 0.1249999999999999445, -0.05177669529663701115, 0.4174107142823750283 ) ) ;
#2648 = CARTESIAN_POINT ( 'NONE',  ( -1.246725845703547748E-17, -0.1018028909699978668, 0.3214285714258571791 ) ) ;
#2649 = CARTESIAN_POINT ( 'NONE',  ( 0.1249999999999999445, -0.05177669529663698339, 0.5245535714243749759 ) ) ;
#2650 = CARTESIAN_POINT ( 'NONE',  ( -1.530808498934191201E-17, -0.1249999999999999861, 0.5223214285669643964 ) ) ;
#2651 = CARTESIAN_POINT ( 'NONE',  ( 0.1249999999999999584, 0.05177669529663680992, 0.3504464285686250125 ) ) ;
#2652 = EDGE_LOOP ( 'NONE', ( #1395, #997 ) ) ;
#2653 = CARTESIAN_POINT ( 'NONE',  ( -0.04216813812856257809, 0.1018028909699977003, 0.3102678571402321395 ) ) ;
#2654 = CARTESIAN_POINT ( 'NONE',  ( 0.000000000000000000, 0.1018028909699975892, -0.01339285714289290691 ) ) ;
#2655 = CARTESIAN_POINT ( 'NONE',  ( 0.07198551454928019122, 0.07198551454927998305, 0.05357142857085710891 ) ) ;
#2656 = CARTESIAN_POINT ( 'NONE',  ( 0.07198551454928016347, -0.07198551454928033000, 0.1473214285701071324 ) ) ;
#2657 = CARTESIAN_POINT ( 'NONE',  ( -0.1018028909699977835, -3.324784914779507695E-17, 0.4910714285673571378 ) ) ;
#2658 = CARTESIAN_POINT ( 'NONE',  ( 0.02454369240633500968, -0.1874999999999999445, 0.6343750000000000222 ) ) ;
#2659 = DIRECTION ( 'NONE',  ( -0.000000000000000000, -0.000000000000000000, -1.000000000000000000 ) ) ;
#2660 = ORIENTED_EDGE ( 'NONE', *, *, #1014, .F. ) ;
#2661 = CARTESIAN_POINT ( 'NONE',  ( 0.1018028909699977697, 0.04216813812856246707, 0.1897321428554821499 ) ) ;
#2662 = CARTESIAN_POINT ( 'NONE',  ( 0.000000000000000000, 0.1249999999999999029, 0.3973214285679642632 ) ) ;
#2663 = VECTOR ( 'NONE', #4067, 39.37007874015748143 ) ;
#2664 = CARTESIAN_POINT ( 'NONE',  ( -0.1249999999999999306, 7.549139889267777477E-20, 0.000000000000000000 ) ) ;
#2665 = CARTESIAN_POINT ( 'NONE',  ( -0.07198551454928017734, 0.07198551454928001081, 0.05803571428510709979 ) ) ;
#2666 = CARTESIAN_POINT ( 'NONE',  ( 0.07198551454928019122, 0.07198551454928016347, 0.6205357142806071646 ) ) ;
#2667 = CARTESIAN_POINT ( 'NONE',  ( 0.1018028909699977697, 0.04216813812856253646, 0.4084821428537320775 ) ) ;
#2668 = CARTESIAN_POINT ( 'NONE',  ( -0.08838834764831843271, -0.08838834764831851598, 0.2633928571407500585 ) ) ;
#2669 = CIRCLE ( 'NONE', #2840, 0.1285714285714285865 ) ;
#2670 = CARTESIAN_POINT ( 'NONE',  ( 0.1152275101527428514, 0.1499375327922123358, 0.8562500000000000666 ) ) ;
#2671 = CARTESIAN_POINT ( 'NONE',  ( -0.04216813812856257809, 0.1018028909699977558, 0.5602678571382321282 ) ) ;
#2672 = VERTEX_POINT ( 'NONE', #491 ) ;
#2673 = CARTESIAN_POINT ( 'NONE',  ( 0.000000000000000000, 0.1018028909699977003, 0.3392857142828570871 ) ) ;
#2674 = CARTESIAN_POINT ( 'NONE',  ( -0.1249999999999999584, -2.523460758606960732E-17, 0.5133928571384642758 ) ) ;
#2675 = CARTESIAN_POINT ( 'NONE',  ( -0.09374999999999998612, 0.03651063298655463779, 0.8703696979674683254 ) ) ;
#2676 = EDGE_CURVE ( 'NONE', #3269, #4831, #1703, .T. ) ;
#2677 = CARTESIAN_POINT ( 'NONE',  ( 0.08838834764831840496, -0.08838834764831847435, 0.4508928571392500362 ) ) ;
#2678 = CARTESIAN_POINT ( 'NONE',  ( -0.07198551454928017734, 0.07198551454928006632, 0.2410714285693571213 ) ) ;
#2679 = CARTESIAN_POINT ( 'NONE',  ( -0.1249999999999999861, -0.05177669529663686543, 0.6540178571376249472 ) ) ;
#2680 = CARTESIAN_POINT ( 'NONE',  ( 0.07198551454928016347, -0.07198551454928035775, 0.08035714285635714438 ) ) ;
#2681 = CARTESIAN_POINT ( 'NONE',  ( 0.1018028909699977558, -0.04216813812856275157, 0.2209821428552321276 ) ) ;
#2682 = CARTESIAN_POINT ( 'NONE',  ( 0.06290549989091964722, 0.07193466817752465492, 0.7494508330878952851 ) ) ;
#2683 = CARTESIAN_POINT ( 'NONE',  ( -0.09442855863492150004, -0.1638349478928963210, 0.6343750000000000222 ) ) ;
#2684 = EDGE_CURVE ( 'NONE', #5273, #3234, #3503, .T. ) ;
#2685 = LINE ( 'NONE', #3084, #4999 ) ;
#2686 = VERTEX_POINT ( 'NONE', #3411 ) ;
#2687 = CARTESIAN_POINT ( 'NONE',  ( -0.1285714285714285865, -1.845237008797876145E-16, 0.9886549160387958501 ) ) ;
#2688 = CARTESIAN_POINT ( 'NONE',  ( -0.1018028909699977835, -1.598301524235917442E-16, 0.06249999999935712536 ) ) ;
#2689 = CARTESIAN_POINT ( 'NONE',  ( 0.05177669529663697645, 0.1249999999999998612, 0.3593749999968393061 ) ) ;
#2690 = CARTESIAN_POINT ( 'NONE',  ( -0.1250000000000000000, -0.05177669529663699033, 0.1941964285695892967 ) ) ;
#2691 = CARTESIAN_POINT ( 'NONE',  ( -0.1249999999999999584, -1.834624866808154522E-16, -0.02232142857153574661 ) ) ;
#2692 = CARTESIAN_POINT ( 'NONE',  ( -0.07198551454928017734, -0.07198551454928026061, 0.3214285714258571236 ) ) ;
#2693 = CARTESIAN_POINT ( 'NONE',  ( 0.08838834764831843271, 0.08838834764831823843, 0.1071428571417142317 ) ) ;
#2694 = CARTESIAN_POINT ( 'NONE',  ( 0.1249999999999999584, -1.890259091360801223E-16, 0.06249999999950000412 ) ) ;
#2695 = CARTESIAN_POINT ( 'NONE',  ( -0.1018028909699977835, -1.083223294270604713E-17, 0.5669642857096071076 ) ) ;
#2696 = CARTESIAN_POINT ( 'NONE',  ( 0.1061629428384247148, -0.05731316638270245178, 0.6024995857477746242 ) ) ;
#2697 = CARTESIAN_POINT ( 'NONE',  ( 0.1018028909699977835, -4.235957815239139689E-17, 0.5446428571383572503 ) ) ;
#2698 = CARTESIAN_POINT ( 'NONE',  ( -0.1826198768753091450, 0.04907772831736501029, 0.6343750000000000222 ) ) ;
#2699 = FACE_OUTER_BOUND ( 'NONE', #638, .T. ) ;
#2700 = PERSON ( 'UNSPECIFIED', 'UNSPECIFIED', 'UNSPECIFIED', ('UNSPECIFIED'), ('UNSPECIFIED'), ('UNSPECIFIED') ) ;
#2701 = VERTEX_POINT ( 'NONE', #5077 ) ;
#2702 = CARTESIAN_POINT ( 'NONE',  ( 0.1018028909699977558, 0.04216813812856245319, 0.1227678571417321479 ) ) ;
#2703 = EDGE_CURVE ( 'NONE', #404, #3586, #3012, .T. ) ;
#2704 = CARTESIAN_POINT ( 'NONE',  ( 0.05177669529663685849, -0.1250000000000000000, 0.5959821428520895026 ) ) ;
#2705 = CARTESIAN_POINT ( 'NONE',  ( 0.04216813812856255728, -0.1018028909699979501, 0.1450892857129821856 ) ) ;
#2706 = CARTESIAN_POINT ( 'NONE',  ( -0.1249999999999999584, -1.214899007019556208E-16, 0.1874999999984999777 ) ) ;
#2707 = CARTESIAN_POINT ( 'NONE',  ( 0.03103164284771552095, 0.09033704812153017794, 0.7502323921391045314 ) ) ;
#2708 = DIMENSIONAL_EXPONENTS ( 1.000000000000000000, 0.000000000000000000, 0.000000000000000000, 0.000000000000000000, 0.000000000000000000, 0.000000000000000000, 0.000000000000000000 ) ;
#2709 = CARTESIAN_POINT ( 'NONE',  ( -0.1826198767988345129, 0.04907772850199095677, 0.6343750000000000222 ) ) ;
#2710 = CARTESIAN_POINT ( 'NONE',  ( 0.000000000000000000, -1.845237008797876145E-16, 0.6116071428572500412 ) ) ;
#2711 = EDGE_LOOP ( 'NONE', ( #340, #3775, #5083, #2342 ) ) ;
#2712 = CARTESIAN_POINT ( 'NONE',  ( 0.000000000000000000, 0.1018028909699977835, 0.6294642857091070631 ) ) ;
#2713 = CARTESIAN_POINT ( 'NONE',  ( 0.000000000000000000, 0.1018028909699976448, 0.1607142857128570912 ) ) ;
#2714 = CARTESIAN_POINT ( 'NONE',  ( -0.05177669529663687931, -0.1250000000000000278, 0.3772321428538393251 ) ) ;
#2715 = FACE_OUTER_BOUND ( 'NONE', #1187, .T. ) ;
#2716 = CARTESIAN_POINT ( 'NONE',  ( 0.1249999999999999722, 0.05177669529663671277, -0.002232142857410763809 ) ) ;
#2717 = CARTESIAN_POINT ( 'NONE',  ( 0.1249999999999999584, -0.05177669529663698339, 0.4888392857103749933 ) ) ;
#2718 = CARTESIAN_POINT ( 'NONE',  ( 0.000000000000000000, 0.1018028909699977419, 0.4866071428531070775 ) ) ;
#2719 = CARTESIAN_POINT ( 'NONE',  ( -0.1638349479016299182, 0.09442855861383646354, 0.8562500000000000666 ) ) ;
#2720 = ORIENTED_EDGE ( 'NONE', *, *, #3065, .T. ) ;
#2721 = CARTESIAN_POINT ( 'NONE',  ( 0.07198551454928019122, 0.07198551454928016347, 0.6249999999948570029 ) ) ;
#2722 = DIRECTION ( 'NONE',  ( -1.000000000000000000, 0.000000000000000000, 0.000000000000000000 ) ) ;
#2723 = CARTESIAN_POINT ( 'NONE',  ( 0.1018028909699977558, -0.04216813812856266136, 0.5424107142812322202 ) ) ;
#2724 = CARTESIAN_POINT ( 'NONE',  ( -0.008058962097531759822, -0.1018028909699979917, 0.004037689817769442996 ) ) ;
#2725 = CARTESIAN_POINT ( 'NONE',  ( -0.1734754112228350520, 0.04664901554904665043, 0.6249999999999998890 ) ) ;
#2726 = B_SPLINE_CURVE_WITH_KNOTS ( 'NONE', 3,
 ( #1199, #3344, #1606, #2918, #5037, #4231, #1636, #5009, #1223, #1284, #868, #4593, #925, #4343, #1802, #2698, #980, #3964 ),
 .UNSPECIFIED., .F., .F.,
 ( 4, 2, 2, 2, 2, 2, 2, 2, 4 ),
 ( 0.5000000000000000000, 0.5625000000000000000, 0.6250000000000000000, 0.6875000000000000000, 0.7500000000000000000, 0.8125000000000000000, 0.8750000000000000000, 0.9375000000000000000, 1.000000000000000000 ),
 .UNSPECIFIED. ) ;
#2727 = CARTESIAN_POINT ( 'NONE',  ( -0.07198551454928017734, -0.07198551454928027449, 0.2499999999978571585 ) ) ;
#2728 = ORIENTED_EDGE ( 'NONE', *, *, #3846, .F. ) ;
#2729 = CARTESIAN_POINT ( 'NONE',  ( -0.05177669529663687931, -0.1249999999999999861, 0.6584821428518750075 ) ) ;
#2730 = CARTESIAN_POINT ( 'NONE',  ( -0.07198551454928017734, -0.07198551454928027449, 0.2499999999978571585 ) ) ;
#2731 = ORIENTED_EDGE ( 'NONE', *, *, #696, .F. ) ;
#2732 = CARTESIAN_POINT ( 'NONE',  ( 0.1018028909699977558, 0.04216813812856242544, 0.04687499999948211565 ) ) ;
#2733 = CARTESIAN_POINT ( 'NONE',  ( -1.246725845703547748E-17, -0.1018028909699978807, 0.2499999999978571585 ) ) ;
#2734 = CARTESIAN_POINT ( 'NONE',  ( -0.1018028909699977835, -0.04216813812856259891, 0.5290178571384821504 ) ) ;
#2735 = CARTESIAN_POINT ( 'NONE',  ( 0.02454369240633500968, -0.1874999999999999167, 0.6250000000000000000 ) ) ;
#2736 = CARTESIAN_POINT ( 'NONE',  ( 0.05177669529663696951, 0.1249999999999999167, 0.5691964285668749124 ) ) ;
#2737 = EDGE_CURVE ( 'NONE', #4071, #4831, #3544, .T. ) ;
#2738 = CARTESIAN_POINT ( 'NONE',  ( 0.1249999999999999584, -0.05177669529663711523, 0.02455357142837501574 ) ) ;
#2739 = CARTESIAN_POINT ( 'NONE',  ( 0.04216813812856255728, -0.1018028909699979917, 0.1093749999989821614 ) ) ;
#2740 = CARTESIAN_POINT ( 'NONE',  ( 0.1249999999999999584, -0.05177669529663701808, 0.3861607142823392791 ) ) ;
#2741 = ADVANCED_FACE ( 'NONE', ( #5216 ), #4326, .T. ) ;
#2742 = CARTESIAN_POINT ( 'NONE',  ( 0.03014277888501606939, -0.09746801979494705559, 0.003588605255498064465 ) ) ;
#2743 = CARTESIAN_POINT ( 'NONE',  ( -1.530808498934191201E-17, -0.1250000000000000555, 0.2366071428549642863 ) ) ;
#2744 = CARTESIAN_POINT ( 'NONE',  ( -1.246725845703547748E-17, -0.1018028909699977835, 0.6071428571378572059 ) ) ;
#2745 =( CONVERSION_BASED_UNIT ( 'INCH', #2191 ) LENGTH_UNIT ( ) NAMED_UNIT ( #2708 ) );
#2746 = CARTESIAN_POINT ( 'NONE',  ( -0.04416995567074379070, -0.1643578891110954177, 0.8750000000000001110 ) ) ;
#2747 = CARTESIAN_POINT ( 'NONE',  ( -0.07198551454928017734, 0.07198551454928016347, 0.5982142857093570854 ) ) ;
#2748 = CARTESIAN_POINT ( 'NONE',  ( 0.1215933545452011905, -0.01503710361973830886, 0.6035686239982255286 ) ) ;
#2749 = CARTESIAN_POINT ( 'NONE',  ( -0.04216813812856259891, -0.1018028909699977835, 0.5691964285667321377 ) ) ;
#2750 = CARTESIAN_POINT ( 'NONE',  ( -0.05177669529663687931, 0.1249999999999998057, 0.1093749999991249638 ) ) ;
#2751 = CARTESIAN_POINT ( 'NONE',  ( 0.1249999999999999722, 0.05177669529663680298, 0.3147321428546250299 ) ) ;
#2752 = CARTESIAN_POINT ( 'NONE',  ( 0.04216813812856263360, 0.1018028909699976170, 0.09151785714198210075 ) ) ;
#2753 = DIRECTION ( 'NONE',  ( 0.000000000000000000, 0.000000000000000000, -1.000000000000000000 ) ) ;
#2754 = CARTESIAN_POINT ( 'NONE',  ( 0.1018028909699977835, -1.254292146771329550E-16, 0.2633928571406071173 ) ) ;
#2755 = ORIENTED_EDGE ( 'NONE', *, *, #3065, .F. ) ;
#2756 = CARTESIAN_POINT ( 'NONE',  ( 0.1018028909699977835, -1.570747904960821387E-16, 0.1562499999986071419 ) ) ;
#2757 = ORIENTED_EDGE ( 'NONE', *, *, #5057, .F. ) ;
#2758 = CARTESIAN_POINT ( 'NONE',  ( 0.1018028909699977835, -1.689418814281880703E-16, 0.1160714285703571269 ) ) ;
#2759 = CARTESIAN_POINT ( 'NONE',  ( -0.04419728187518791318, -0.1643496145601810732, 0.8750000000000000000 ) ) ;
#2760 = CARTESIAN_POINT ( 'NONE',  ( 0.07198551454928019122, 0.07198551454928008020, 0.3348214285686071379 ) ) ;
#2761 = CARTESIAN_POINT ( 'NONE',  ( 0.1249999999999999584, -0.05177669529663708053, 0.2031249999983750221 ) ) ;
#2762 = FACE_OUTER_BOUND ( 'NONE', #4966, .T. ) ;
#2763 = ORIENTED_EDGE ( 'NONE', *, *, #4104, .T. ) ;
#2764 = CARTESIAN_POINT ( 'NONE',  ( 0.1152275101365988902, 0.1499375328083563663, 0.6343750000000000222 ) ) ;
#2765 = CARTESIAN_POINT ( 'NONE',  ( 0.05177669529663685849, -0.1250000000000000555, 0.3459821428540892918 ) ) ;
#2766 = ORIENTED_EDGE ( 'NONE', *, *, #5237, .F. ) ;
#2767 = ADVANCED_FACE ( 'NONE', ( #594 ), #2309, .T. ) ;
#2768 = CARTESIAN_POINT ( 'NONE',  ( 0.05177669529663685849, -0.1250000000000001110, 0.2388392857120892887 ) ) ;
#2769 = CARTESIAN_POINT ( 'NONE',  ( 0.04216813812856255728, -0.1018028909699977835, 0.6093749999949822360 ) ) ;
#2770 = CARTESIAN_POINT ( 'NONE',  ( 0.03738698966123063516, -0.1176136461643320918, 0.02505683571877376573 ) ) ;
#2771 = CARTESIAN_POINT ( 'NONE',  ( 0.009964909467921742245, 0.1110297506371014792, 0.01232203340449371416 ) ) ;
#2772 =( BOUNDED_CURVE ( )  B_SPLINE_CURVE ( 2, ( #2076, #4235, #2167, #3374, #1257, #1729, #900, #2922, #4574 ),
 .UNSPECIFIED., .F., .T. ) 
 B_SPLINE_CURVE_WITH_KNOTS ( ( 3, 2, 2, 2, 3 ),
 ( 0.2500000000000000000, 0.2565789473684210731, 0.2631578947368420907, 0.2697368421052631637, 0.2763157894736842368 ),
 .UNSPECIFIED. ) 
 CURVE ( )  GEOMETRIC_REPRESENTATION_ITEM ( )  RATIONAL_B_SPLINE_CURVE ( ( 1.000000000000000000, 0.9238795325112867385, 1.000000000000000000, 0.9238795325112867385, 1.000000000000000000, 0.9238795325112867385, 1.000000000000000000, 0.9238795325112867385, 1.000000000000000000 ) ) 
 REPRESENTATION_ITEM ( '' )  );
#2773 = CARTESIAN_POINT ( 'NONE',  ( 0.1018028909699977558, 0.04216813812856259891, 0.6227678571377321948 ) ) ;
#2774 = DIRECTION ( 'NONE',  ( -0.000000000000000000, -0.000000000000000000, 1.000000000000000000 ) ) ;
#2775 = EDGE_LOOP ( 'NONE', ( #2308, #4658 ) ) ;
#2776 = CARTESIAN_POINT ( 'NONE',  ( -0.1018028909699977697, 0.04216813812856255728, 0.5245535714242320902 ) ) ;
#2777 = CARTESIAN_POINT ( 'NONE',  ( 0.07198551454928019122, 0.07198551454928002469, 0.1607142857128571189 ) ) ;
#2778 = CARTESIAN_POINT ( 'NONE',  ( 0.04416995567076503759, 0.1643578891110860085, 0.8750000000000001110 ) ) ;
#2779 = ORIENTED_EDGE ( 'NONE', *, *, #598, .F. ) ;
#2780 = CARTESIAN_POINT ( 'NONE',  ( -1.246725845703547748E-17, -0.1018028909699978668, 0.3616071428541071109 ) ) ;
#2781 = CARTESIAN_POINT ( 'NONE',  ( 0.1018028909699977558, 0.04216813812856247401, 0.1941964285697321546 ) ) ;
#2782 = ORIENTED_EDGE ( 'NONE', *, *, #4497, .F. ) ;
#2783 = CARTESIAN_POINT ( 'NONE',  ( -0.07198551454928017734, 0.07198551454928002469, 0.09374999999910710313 ) ) ;
#2784 = CARTESIAN_POINT ( 'NONE',  ( -0.07198551454928017734, 0.07198551454928009408, 0.3437499999971070919 ) ) ;
#2785 = CARTESIAN_POINT ( 'NONE',  ( 0.1249999999999999722, 0.05177669529663677522, 0.2433035714266250649 ) ) ;
#2786 = CARTESIAN_POINT ( 'NONE',  ( -0.09374999999999998612, 0.05412658773652764127, 0.7578125000000000000 ) ) ;
#2787 = DIRECTION ( 'NONE',  ( 0.8660254037844397068, 0.000000000000000000, 0.4999999999999979461 ) ) ;
#2788 = LINE ( 'NONE', #4463, #2663 ) ;
#2789 = CARTESIAN_POINT ( 'NONE',  ( -0.1424225543225082491, -0.1094882143616240505, 0.6250000000000003331 ) ) ;
#2790 = CARTESIAN_POINT ( 'NONE',  ( -0.09375000000000020817, 0.04537600886647390891, 0.7552864254669044985 ) ) ;
#2791 = CARTESIAN_POINT ( 'NONE',  ( -0.04907772850198802161, -0.1826198767988400085, 0.6250000000000000000 ) ) ;
#2792 = CARTESIAN_POINT ( 'NONE',  ( -0.1249999999999999584, -4.633165813203570518E-17, 0.4419642857104642553 ) ) ;
#2793 = ORIENTED_EDGE ( 'NONE', *, *, #5030, .T. ) ;
#2794 = CARTESIAN_POINT ( 'NONE',  ( 0.1249999999999999584, -1.244161918391432925E-16, 0.2812499999974642506 ) ) ;
#2795 = CARTESIAN_POINT ( 'NONE',  ( -0.1249999999999999861, -0.05177669529663702502, 0.08705357142758926581 ) ) ;
#2796 = APPROVAL_STATUS ( 'not_yet_approved' ) ;
#2797 = CARTESIAN_POINT ( 'NONE',  ( 0.000000000000000000, 0.1249999999999999306, 0.5357142857099999045 ) ) ;
#2798 = CARTESIAN_POINT ( 'NONE',  ( 0.1249999999999999584, 0.05177669529663687931, 0.5691964285665893630 ) ) ;
#2799 = CARTESIAN_POINT ( 'NONE',  ( 0.04467339046786470563, 0.1000510012188543102, 0.01111895793140813687 ) ) ;
#2800 = EDGE_CURVE ( 'NONE', #4296, #756, #2633, .T. ) ;
#2801 = AXIS2_PLACEMENT_3D ( 'NONE', #194, #3574, #3884 ) ;
#2802 = CARTESIAN_POINT ( 'NONE',  ( -0.008946699839077814839, -0.1146213788436502429, 0.5992624672302053757 ) ) ;
#2803 = CARTESIAN_POINT ( 'NONE',  ( 0.1018028909699977558, 0.04216813812856258503, 0.5468749999954821694 ) ) ;
#2804 = VECTOR ( 'NONE', #3522, 39.37007874015748143 ) ;
#2805 = CARTESIAN_POINT ( 'NONE',  ( 0.1249999999999999722, 0.05177669529663681686, 0.3504464285686250125 ) ) ;
#2806 = CARTESIAN_POINT ( 'NONE',  ( -0.07198551454928017734, 0.07198551454928003857, 0.1696428571413571285 ) ) ;
#2807 =( BOUNDED_CURVE ( )  B_SPLINE_CURVE ( 2, ( #2138, #3831, #5409, #4956, #4212, #3755, #4983, #1203, #1639 ),
 .UNSPECIFIED., .F., .F. ) 
 B_SPLINE_CURVE_WITH_KNOTS ( ( 3, 2, 2, 2, 3 ),
 ( 0.7236842105263158187, 0.7302631578947368363, 0.7368421052631578538, 0.7434210526315789824, 0.7500000000000000000 ),
 .UNSPECIFIED. ) 
 CURVE ( )  GEOMETRIC_REPRESENTATION_ITEM ( )  RATIONAL_B_SPLINE_CURVE ( ( 1.000000000000000000, 0.9238795325112867385, 1.000000000000000000, 0.9238795325112867385, 1.000000000000000000, 0.9238795325112867385, 1.000000000000000000, 0.9238795325112867385, 1.000000000000000000 ) ) 
 REPRESENTATION_ITEM ( '' )  );
#2808 = ORIENTED_EDGE ( 'NONE', *, *, #241, .T. ) ;
#2809 = VERTEX_POINT ( 'NONE', #2891 ) ;
#2810 = CARTESIAN_POINT ( 'NONE',  ( -0.1018028909699977835, -1.268660109455196901E-16, 0.1741071428556071055 ) ) ;
#2811 = CARTESIAN_POINT ( 'NONE',  ( -0.1018028909699977697, -0.04216813812856271687, 0.1361607142844821761 ) ) ;
#2812 = CARTESIAN_POINT ( 'NONE',  ( 0.07198551454928019122, 0.07198551454928008020, 0.3705357142826071204 ) ) ;
#2813 = CARTESIAN_POINT ( 'NONE',  ( 0.08838834764831840496, -0.08838834764831844659, 0.5624999999952143837 ) ) ;
#2814 = CARTESIAN_POINT ( 'NONE',  ( 0.05976279562866267797, -0.08241502817142019877, 0.003588605255498026735 ) ) ;
#2815 = CARTESIAN_POINT ( 'NONE',  ( 0.05177669529663696951, 0.1249999999999998335, 0.2522321428548392475 ) ) ;
#2816 = CARTESIAN_POINT ( 'NONE',  ( 0.1249999999999999584, 0.05177669529663687931, 0.5290178571386250361 ) ) ;
#2817 = CARTESIAN_POINT ( 'NONE',  ( -0.1734888829588972503, -0.04662384207688850118, 0.6250000000000000000 ) ) ;
#2818 = CARTESIAN_POINT ( 'NONE',  ( 0.07198551454928019122, 0.07198551454928003857, 0.2276785714266071070 ) ) ;
#2819 = CARTESIAN_POINT ( 'NONE',  ( -0.1249999999999999861, -0.05177669529663692094, 0.4441964285675892854 ) ) ;
#2820 = CARTESIAN_POINT ( 'NONE',  ( 0.07198551454928016347, -0.07198551454928020510, 0.5803571428523571774 ) ) ;
#2821 = ORIENTED_EDGE ( 'NONE', *, *, #2845, .F. ) ;
#2822 = CARTESIAN_POINT ( 'NONE',  ( -0.1249999999999999584, -4.765022379107421670E-17, 0.4374999999965000219 ) ) ;
#2823 = CARTESIAN_POINT ( 'NONE',  ( -0.05177669529663687931, -0.1250000000000001388, 0.02008928571383929509 ) ) ;
#2824 = CARTESIAN_POINT ( 'NONE',  ( -0.1089982536092721915, -0.04667942788121554054, 0.01975562558923740775 ) ) ;
#2825 = FACE_OUTER_BOUND ( 'NONE', #3450, .T. ) ;
#2826 = ORIENTED_EDGE ( 'NONE', *, *, #5373, .T. ) ;
#2827 = CARTESIAN_POINT ( 'NONE',  ( 0.1137778157111909300, 0.05176493651102324900, 0.6051106034961073465 ) ) ;
#2828 = CARTESIAN_POINT ( 'NONE',  ( -0.1018028909699977697, 0.04216813812856257809, 0.5959821428522321662 ) ) ;
#2829 = CARTESIAN_POINT ( 'NONE',  ( 0.04216813812856263360, 0.1018028909699975892, 0.05580357142798211129 ) ) ;
#2830 = VERTEX_POINT ( 'NONE', #4935 ) ;
#2831 = CARTESIAN_POINT ( 'NONE',  ( -0.1018028909699977835, -7.412338458060439618E-17, 0.3526785714256071569 ) ) ;
#2832 = ORIENTED_EDGE ( 'NONE', *, *, #3458, .F. ) ;
#2833 = AXIS2_PLACEMENT_3D ( 'NONE', #3971, #1842, #3567 ) ;
#2834 = CARTESIAN_POINT ( 'NONE',  ( 0.04216813812856255728, -0.1018028909699979084, 0.2566964285692321379 ) ) ;
#2835 = CARTESIAN_POINT ( 'NONE',  ( -0.1249999999999999584, -4.633165813203570518E-17, 0.4419642857104642553 ) ) ;
#2836 = CARTESIAN_POINT ( 'NONE',  ( 0.000000000000000000, 0.1018028909699977003, 0.3035714285688571046 ) ) ;
#2837 = FACE_OUTER_BOUND ( 'NONE', #2973, .T. ) ;
#2838 = CARTESIAN_POINT ( 'NONE',  ( -0.05177669529663687931, -0.1250000000000000000, 0.4843749999958393282 ) ) ;
#2839 = DIRECTION ( 'NONE',  ( 0.000000000000000000, 0.000000000000000000, -1.000000000000000000 ) ) ;
#2840 = AXIS2_PLACEMENT_3D ( 'NONE', #307, #4836, #254 ) ;
#2841 = VERTEX_POINT ( 'NONE', #269 ) ;
#2842 = CARTESIAN_POINT ( 'NONE',  ( -1.530808498934191201E-17, -0.1250000000000001110, 0.1249999999990000360 ) ) ;
#2843 = ORIENTED_EDGE ( 'NONE', *, *, #1826, .F. ) ;
#2844 = CARTESIAN_POINT ( 'NONE',  ( 0.000000000000000000, 0.1249999999999998335, 0.1785714285699999682 ) ) ;
#2845 = EDGE_CURVE ( 'NONE', #2438, #427, #2127, .T. ) ;
#2846 = CARTESIAN_POINT ( 'NONE',  ( 0.1018028909699977697, -0.04216813812856272381, 0.2924107142832320649 ) ) ;
#2847 = CARTESIAN_POINT ( 'NONE',  ( 0.000000000000000000, 0.1249999999999999306, 0.5044642857099642663 ) ) ;
#2848 = CARTESIAN_POINT ( 'NONE',  ( 0.04216813812856255728, -0.1018028909699978252, 0.5066964285672321822 ) ) ;
#2849 = CARTESIAN_POINT ( 'NONE',  ( 0.05177669529663696951, 0.1249999999999998473, 0.2879464285688391745 ) ) ;
#2850 = CARTESIAN_POINT ( 'NONE',  ( 0.08838834764831843271, 0.08838834764831825230, 0.1428571428557142420 ) ) ;
#2851 = CARTESIAN_POINT ( 'NONE',  ( 0.08838834764831840496, -0.08838834764831846047, 0.5223214285672500568 ) ) ;
#2852 = CARTESIAN_POINT ( 'NONE',  ( 0.000000000000000000, 7.549139889267777477E-20, 0.000000000000000000 ) ) ;
#2853 = CARTESIAN_POINT ( 'NONE',  ( 0.1024262753505211510, 0.02885352438504761724, 0.007952942090131634098 ) ) ;
#2854 = CARTESIAN_POINT ( 'NONE',  ( 0.1249999999999999861, 0.02709890382657790739, 0.6038468310867330935 ) ) ;
#2855 = CARTESIAN_POINT ( 'NONE',  ( -0.07198551454928017734, 0.07198551454928016347, 0.5937499999951071361 ) ) ;
#2856 = CARTESIAN_POINT ( 'NONE',  ( 0.04216813812856255728, -0.1018028909699979917, 0.04241071428523213865 ) ) ;
#2857 = CARTESIAN_POINT ( 'NONE',  ( 0.1018028909699977558, 0.04216813812856249483, 0.2656249999977321474 ) ) ;
#2858 = CARTESIAN_POINT ( 'NONE',  ( -0.07198551454928017734, 0.07198551454928003857, 0.1651785714271070959 ) ) ;
#2859 = CARTESIAN_POINT ( 'NONE',  ( 0.1018028909699977558, -0.04216813812856271687, 0.2924107142832320649 ) ) ;
#2860 = CARTESIAN_POINT ( 'NONE',  ( 0.1174223300666137615, -0.03211890041170666760, 0.02324526855502485195 ) ) ;
#2861 = CYLINDRICAL_SURFACE ( 'NONE', #4163, 0.1249999999999999306 ) ;
#2862 = DIRECTION ( 'NONE',  ( 1.000000000000000000, 0.000000000000000000, 0.000000000000000000 ) ) ;
#2863 = EDGE_CURVE ( 'NONE', #1297, #4879, #4815, .T. ) ;
#2864 = CARTESIAN_POINT ( 'NONE',  ( -0.08838834764831843271, -0.08838834764831858537, 0.08482142857075004871 ) ) ;
#2865 = CARTESIAN_POINT ( 'NONE',  ( -0.1018028909699977835, -1.176360513316595239E-16, 0.2053571428553571110 ) ) ;
#2866 = CARTESIAN_POINT ( 'NONE',  ( -0.05177669529663686543, 0.1249999999999999584, 0.4709821428530893694 ) ) ;
#2867 = CARTESIAN_POINT ( 'NONE',  ( -0.1018028909699977835, -0.04216813812856259891, 0.5334821428527322107 ) ) ;
#2868 = CARTESIAN_POINT ( 'NONE',  ( -0.1018028909699977697, 0.04216813812856239768, 0.02455357142823211963 ) ) ;
#2869 = EDGE_CURVE ( 'NONE', #5273, #3597, #1289, .T. ) ;
#2870 = CARTESIAN_POINT ( 'NONE',  ( 0.1249999999999999584, -1.877073434770416354E-16, 0.06696428571346425829 ) ) ;
#2871 = CARTESIAN_POINT ( 'NONE',  ( -0.05177669529663686543, 0.1249999999999997918, 0.04241071428508921826 ) ) ;
#2872 = CARTESIAN_POINT ( 'NONE',  ( -0.08838834764831843271, 0.08838834764831839108, 0.5401785714242499647 ) ) ;
#2873 = CARTESIAN_POINT ( 'NONE',  ( -0.1424406561679309180, 0.1094661346297765570, 0.6250000000000000000 ) ) ;
#2874 = CARTESIAN_POINT ( 'NONE',  ( 0.1499375327922172207, -0.1152275101527379664, 0.8750000000000001110 ) ) ;
#2875 = CARTESIAN_POINT ( 'NONE',  ( -0.04216813812856257809, 0.1018028909699977558, 0.5602678571382321282 ) ) ;
#2876 = VERTEX_POINT ( 'NONE', #2597 ) ;
#2877 = CARTESIAN_POINT ( 'NONE',  ( -0.1250000000000000000, 0.05177669529663676135, 0.2209821428553750688 ) ) ;
#2878 = CARTESIAN_POINT ( 'NONE',  ( -0.09375000000000018041, -0.03631973612773699289, 0.7531419288024305825 ) ) ;
#2879 = CARTESIAN_POINT ( 'NONE',  ( -0.1018028909699977835, 0.04216813812856245319, 0.2075892857124821134 ) ) ;
#2880 = DIRECTION ( 'NONE',  ( -1.000000000000000000, 0.000000000000000000, 0.000000000000000000 ) ) ;
#2881 = CARTESIAN_POINT ( 'NONE',  ( 0.04216813812856263360, 0.1018028909699977003, 0.3772321428539820443 ) ) ;
#2882 = CARTESIAN_POINT ( 'NONE',  ( 0.1018028909699977835, -9.378363885818378353E-17, 0.3705357142826071759 ) ) ;
#2883 = EDGE_LOOP ( 'NONE', ( #2064, #3300, #2338, #1280 ) ) ;
#2884 = CARTESIAN_POINT ( 'NONE',  ( -1.246725845703547748E-17, -0.1018028909699978807, 0.2857142857118571966 ) ) ;
#2885 = CARTESIAN_POINT ( 'NONE',  ( -0.1018028909699977697, -0.04216813812856261973, 0.4575892857104821854 ) ) ;
#2886 = DIRECTION ( 'NONE',  ( -0.000000000000000000, -0.000000000000000000, -1.000000000000000000 ) ) ;
#2887 = CC_DESIGN_PERSON_AND_ORGANIZATION_ASSIGNMENT ( #4030, #252, ( #1042 ) ) ;
#2888 = VECTOR ( 'NONE', #5284, 39.37007874015748854 ) ;
#2889 = CARTESIAN_POINT ( 'NONE',  ( 0.08495837654830178109, 0.1474597276622915121, 0.8750000000000001110 ) ) ;
#2890 = VERTEX_POINT ( 'NONE', #1321 ) ;
#2891 = CARTESIAN_POINT ( 'NONE',  ( 0.1874999999999999167, 1.151880944145276958E-17, 0.8562500000000000666 ) ) ;
#2892 = CARTESIAN_POINT ( 'NONE',  ( -0.08838834764831843271, -0.08838834764831854374, 0.1562499999987500554 ) ) ;
#2893 = CARTESIAN_POINT ( 'NONE',  ( -0.1249999999999999861, -0.05177669529663702502, 0.08258928571362501858 ) ) ;
#2894 = CARTESIAN_POINT ( 'NONE',  ( -0.04216813812856259891, -0.1018028909699978946, 0.2120535714267321736 ) ) ;
#2895 = CARTESIAN_POINT ( 'NONE',  ( 0.1249999999999999584, -7.167356547422802322E-17, 0.4598214285674642743 ) ) ;
#2896 = EDGE_CURVE ( 'NONE', #3848, #2573, #2772, .T. ) ;
#2897 = CARTESIAN_POINT ( 'NONE',  ( 0.1018028909699977697, 0.04216813812856257809, 0.5513392857097321187 ) ) ;
#2898 = VECTOR ( 'NONE', #4174, 39.37007874015748143 ) ;
#2899 = CARTESIAN_POINT ( 'NONE',  ( 0.1249999999999999584, -8.354065640624955902E-17, 0.4196428571395000584 ) ) ;
#2900 = CARTESIAN_POINT ( 'NONE',  ( 0.05177669529663697645, 0.1249999999999997780, 0.1093749999988392341 ) ) ;
#2901 = CARTESIAN_POINT ( 'NONE',  ( -0.1249999999999999584, -1.600464797212503910E-17, 0.5446428571385000250 ) ) ;
#2902 = CARTESIAN_POINT ( 'NONE',  ( 0.1781249999999999223, 0.02331650778601854213, 0.6250000000000000000 ) ) ;
#2903 = CARTESIAN_POINT ( 'NONE',  ( 0.1499375327922171097, 0.1152275101527476253, 0.8750000000000001110 ) ) ;
#2904 = CARTESIAN_POINT ( 'NONE',  ( 0.000000000000000000, 0.1018028909699976170, 0.05803571428510709979 ) ) ;
#2905 = CARTESIAN_POINT ( 'NONE',  ( -0.05177669529663687931, 0.1249999999999998473, 0.2165178571411250086 ) ) ;
#2906 = CARTESIAN_POINT ( 'NONE',  ( -0.1018028909699977697, 0.04216813812856258503, 0.6316964285662322043 ) ) ;
#2907 = CARTESIAN_POINT ( 'NONE',  ( -1.530808498934191201E-17, -0.1250000000000001388, 0.01785714285700003984 ) ) ;
#2908 = CARTESIAN_POINT ( 'NONE',  ( -0.04216813812856259891, -0.1018028909699978807, 0.2522321428549821887 ) ) ;
#2909 = CARTESIAN_POINT ( 'NONE',  ( 0.09375000000000001388, 0.04537600886647400605, 0.8724739254669048316 ) ) ;
#2910 = CARTESIAN_POINT ( 'NONE',  ( 0.02454369238353812030, -0.1874999999999999167, 0.8750000000000001110 ) ) ;
#2911 = ORIENTED_EDGE ( 'NONE', *, *, #2144, .F. ) ;
#2912 = CARTESIAN_POINT ( 'NONE',  ( 0.1018028909699977835, -5.158953776625155700E-17, 0.5133928571386071615 ) ) ;
#2913 = CARTESIAN_POINT ( 'NONE',  ( 0.1018028909699977835, -1.254292146771329550E-16, 0.2633928571406071173 ) ) ;
#2914 =( BOUNDED_CURVE ( )  B_SPLINE_CURVE ( 2, ( #3174, #2343, #4000, #220, #1152, #3653, #4079, #4520, #733 ),
 .UNSPECIFIED., .F., .T. ) 
 B_SPLINE_CURVE_WITH_KNOTS ( ( 3, 2, 2, 2, 3 ),
 ( 0.7236842105263158187, 0.7302631578947368363, 0.7368421052631578538, 0.7434210526315789824, 0.7500000000000000000 ),
 .UNSPECIFIED. ) 
 CURVE ( )  GEOMETRIC_REPRESENTATION_ITEM ( )  RATIONAL_B_SPLINE_CURVE ( ( 1.000000000000000000, 0.9238795325112867385, 1.000000000000000000, 0.9238795325112867385, 1.000000000000000000, 0.9238795325112867385, 1.000000000000000000, 0.9238795325112867385, 1.000000000000000000 ) ) 
 REPRESENTATION_ITEM ( '' )  );
#2915 = CARTESIAN_POINT ( 'NONE',  ( -0.04907772850199079023, 0.1826198767988304328, 0.6250000000000000000 ) ) ;
#2916 = CARTESIAN_POINT ( 'NONE',  ( -0.07198551454928017734, -0.07198551454928027449, 0.2812499999976071918 ) ) ;
#2917 = CARTESIAN_POINT ( 'NONE',  ( -5.292955487724510356E-16, -0.1082531754730549217, 0.7578125000000000000 ) ) ;
#2918 = CARTESIAN_POINT ( 'NONE',  ( 0.1638349478164232709, 0.09442855881954359543, 0.6343750000000000222 ) ) ;
#2919 = DIRECTION ( 'NONE',  ( -0.000000000000000000, -0.000000000000000000, -1.000000000000000000 ) ) ;
#2920 = ORIENTED_EDGE ( 'NONE', *, *, #5302, .T. ) ;
#2921 = ORIENTED_EDGE ( 'NONE', *, *, #2703, .F. ) ;
#2922 = CARTESIAN_POINT ( 'NONE',  ( -0.1250000000000000000, 0.05177669529663674747, 0.1540178571413392261 ) ) ;
#2923 = CARTESIAN_POINT ( 'NONE',  ( 0.1249999999999999584, -1.573803333171309632E-16, 0.1696428571415000142 ) ) ;
#2924 = CARTESIAN_POINT ( 'NONE',  ( 0.05177669529663697645, 0.1249999999999997780, 0.06919642857087497656 ) ) ;
#2925 = CARTESIAN_POINT ( 'NONE',  ( 0.07198551454928016347, -0.07198551454928026061, 0.3973214285681072044 ) ) ;
#2926 = CARTESIAN_POINT ( 'NONE',  ( 0.05177669529663697645, 0.1249999999999999584, 0.6093749999948392393 ) ) ;
#2927 = CARTESIAN_POINT ( 'NONE',  ( 0.1249999999999999445, -0.05177669529663705278, 0.2388392857123750324 ) ) ;
#2928 = VERTEX_POINT ( 'NONE', #783 ) ;
#2929 = CARTESIAN_POINT ( 'NONE',  ( 0.04216813812856255728, -0.1018028909699979917, 0.03794642857098215472 ) ) ;
#2930 = CARTESIAN_POINT ( 'NONE',  ( 0.08838834764831840496, -0.08838834764831854374, 0.2053571428552142808 ) ) ;
#2931 = CARTESIAN_POINT ( 'NONE',  ( -0.1874999999999999167, 0.02454369238351464949, 0.8750000000000001110 ) ) ;
#2932 = EDGE_CURVE ( 'NONE', #4784, #846, #3187, .T. ) ;
#2933 = CARTESIAN_POINT ( 'NONE',  ( -0.007663316585628381604, 0.1038287575794572259, 0.8724455611380934617 ) ) ;
#2934 = CARTESIAN_POINT ( 'NONE',  ( -0.04216813812856257809, 0.1018028909699975892, -0.01562500000001790582 ) ) ;
#2935 = CARTESIAN_POINT ( 'NONE',  ( -0.07198551454928017734, 0.07198551454928008020, 0.2767857142833571316 ) ) ;
#2936 = CYLINDRICAL_SURFACE ( 'NONE', #2265, 0.1249999999999999306 ) ;
#2937 = CARTESIAN_POINT ( 'NONE',  ( -0.1152275101527416301, 0.1499375327922135848, 0.8750000000000001110 ) ) ;
#2938 = EDGE_CURVE ( 'NONE', #781, #4823, #1045, .T. ) ;
#2939 = CARTESIAN_POINT ( 'NONE',  ( 0.04216813812856263360, 0.1018028909699977558, 0.5200892857099821409 ) ) ;
#2940 = CARTESIAN_POINT ( 'NONE',  ( -0.1018028909699977835, -6.357485930762133492E-17, 0.3883928571396071394 ) ) ;
#2941 = CARTESIAN_POINT ( 'NONE',  ( -0.1556432004982483130, -0.08970713070317513915, 0.6250000000000000000 ) ) ;
#2942 = CARTESIAN_POINT ( 'NONE',  ( 0.000000000000000000, 0.1018028909699977003, 0.3035714285688571046 ) ) ;
#2943 = CARTESIAN_POINT ( 'NONE',  ( 0.1249999999999999584, -1.890259091360801223E-16, 0.06249999999950000412 ) ) ;
#2944 = FACE_OUTER_BOUND ( 'NONE', #3733, .T. ) ;
#2945 = CARTESIAN_POINT ( 'NONE',  ( -0.1018028909699977835, -1.268660109455196901E-16, 0.1741071428556071055 ) ) ;
#2946 = CARTESIAN_POINT ( 'NONE',  ( 0.000000000000000000, 0.1249999999999999584, 0.6428571428520000186 ) ) ;
#2947 = ORIENTED_EDGE ( 'NONE', *, *, #4822, .F. ) ;
#2948 = CARTESIAN_POINT ( 'NONE',  ( -0.1249999999999999584, -3.710169851809113695E-17, 0.4732142857105000044 ) ) ;
#2949 = CARTESIAN_POINT ( 'NONE',  ( 0.000000000000000000, 0.1018028909699977003, 0.3392857142828570871 ) ) ;
#2950 = CARTESIAN_POINT ( 'NONE',  ( 0.1249999999999999584, -2.947946438229579053E-17, 0.6026785714234642599 ) ) ;
#2951 = CARTESIAN_POINT ( 'NONE',  ( -0.1250000000000000000, -0.05177669529663699033, 0.1897321428556249800 ) ) ;
#2952 = CARTESIAN_POINT ( 'NONE',  ( 0.1249999999999999584, -8.222209074721107215E-17, 0.4241071428534642918 ) ) ;
#2953 = CARTESIAN_POINT ( 'NONE',  ( 0.1249999999999999584, -1.349647171121263538E-16, 0.2455357142834642681 ) ) ;
#2954 = CARTESIAN_POINT ( 'NONE',  ( -0.09442855861386009741, -0.1638349479016201482, 0.8562500000000000666 ) ) ;
#2955 = CARTESIAN_POINT ( 'NONE',  ( -0.05177669529663687931, 0.1249999999999998751, 0.3281249999970892728 ) ) ;
#2956 = CARTESIAN_POINT ( 'NONE',  ( 0.04216813812856255728, -0.1018028909699979778, 0.07366071428498216500 ) ) ;
#2957 = CARTESIAN_POINT ( 'NONE',  ( 0.04216813812856263360, 0.1018028909699976448, 0.2700892857119820967 ) ) ;
#2958 = CARTESIAN_POINT ( 'NONE',  ( -0.08496052921710318950, 0.1474649246647802003, 0.8750000000000001110 ) ) ;
#2959 = EDGE_CURVE ( 'NONE', #119, #3926, #4279, .T. ) ;
#2960 = CARTESIAN_POINT ( 'NONE',  ( -0.1874999999999999167, 2.303761888290553917E-17, 0.8562500000000000666 ) ) ;
#2961 = CARTESIAN_POINT ( 'NONE',  ( -0.1018028909699977697, -0.04216813812856262667, 0.4263392857107321521 ) ) ;
#2962 = CARTESIAN_POINT ( 'NONE',  ( 0.04216813812856263360, 0.1018028909699977419, 0.4486607142819820093 ) ) ;
#2963 = CARTESIAN_POINT ( 'NONE',  ( 0.04907772850198706405, -0.1826198767988361782, 0.6343750000000000222 ) ) ;
#2964 = CARTESIAN_POINT ( 'NONE',  ( 0.04216813812856263360, 0.1018028909699976448, 0.1941964285697320991 ) ) ;
#2965 = LINE ( 'NONE', #1312, #2898 ) ;
#2966 = CARTESIAN_POINT ( 'NONE',  ( 0.000000000000000000, 0.1249999999999998612, 0.2857142857119999713 ) ) ;
#2967 = CARTESIAN_POINT ( 'NONE',  ( 0.07835931051856720453, 0.06301240645164683796, 0.8703376562697855423 ) ) ;
#2968 = CARTESIAN_POINT ( 'NONE',  ( 0.000000000000000000, 7.549139889267777477E-20, 0.000000000000000000 ) ) ;
#2969 = CARTESIAN_POINT ( 'NONE',  ( 0.000000000000000000, -1.104688079777929626E-16, 0.8750000000000001110 ) ) ;
#2970 = AXIS2_PLACEMENT_3D ( 'NONE', #4558, #3334, #4085 ) ;
#2971 = ORIENTED_EDGE ( 'NONE', *, *, #5400, .T. ) ;
#2972 = CARTESIAN_POINT ( 'NONE',  ( -0.07198551454928017734, 0.07198551454928005244, 0.2053571428553571110 ) ) ;
#2973 = EDGE_LOOP ( 'NONE', ( #5441, #788, #3803, #3644, #2821 ) ) ;
#2974 = CARTESIAN_POINT ( 'NONE',  ( -0.07198551454928017734, 0.07198551454928002469, 0.09821428571335709401 ) ) ;
#2975 = CARTESIAN_POINT ( 'NONE',  ( 0.1249999999999999445, -0.05177669529663708747, 0.1674107142843749563 ) ) ;
#2976 = CARTESIAN_POINT ( 'NONE',  ( -0.1018028909699977835, 0.04216813812856250177, 0.3459821428542321220 ) ) ;
#2977 = CARTESIAN_POINT ( 'NONE',  ( -0.08838834764831843271, -0.08838834764831840496, 0.5892857142807143012 ) ) ;
#2978 = CIRCLE ( 'NONE', #2176, 0.1249999999999999306 ) ;
#2979 = CARTESIAN_POINT ( 'NONE',  ( 0.1249999999999999584, -1.468318080441479019E-16, 0.2053571428555000244 ) ) ;
#2980 =( BOUNDED_SURFACE ( )  B_SPLINE_SURFACE ( 2, 3, ( 
 ( #735, #1155, #4108, #3302, #2873, #4523, #327, #1566, #439, #4941, #2028, #1592, #3681, #2458, #4555, #4963, #2902, #845, #5365, #2142, #1183, #2572, #3708, #3275, #5389, #4216, #3808, #3219, #4440, #1902, #2941, #2817, #4412, #650 ),
 ( #5427, #775, #1480, #2394, #4974, #1934, #4467, #2915, #366, #802, #674, #1064, #1630, #2527, #2339, #2495, #3768, #4856, #4565, #2369, #4172, #1196, #3340, #1963, #3195, #3745, #2791, #5004, #5327, #4148, #2067, #1220, #3593, #395 ),
 ( #4023, #4050, #3646, #3167, #242, #4590, #1603, #2095, #5458, #4825, #1034, #3314, #2764, #3619, #622, #3995, #270, #5299, #4887, #1504, #1092, #1370, #1309, #2963, #4644, #1340, #4676, #3023, #3909, #5147, #891, #3449, #3075, #78 ) ),
 .UNSPECIFIED., .F., .T., .F. ) 
 B_SPLINE_SURFACE_WITH_KNOTS ( ( 3, 3 ),
 ( 4, 2, 2, 2, 2, 2, 2, 2, 2, 2, 2, 2, 2, 2, 2, 2, 4 ),
 ( 0.000000000000000000, 1.000000000000000000 ),
 ( 0.000000000000000000, 0.3926990816987241395, 0.7853981633974482790, 1.178097245096172418, 1.570796326794896558, 1.963495408493620697, 2.356194490192344837, 2.748893571891068976, 3.141592653589793116, 3.534291735288517255, 3.926990816987241395, 4.319689898685965090, 4.712388980384689674, 5.105088062083414258, 5.497787143782137953, 5.890486225480861648, 6.283185307179586232 ),
 .UNSPECIFIED. ) 
 GEOMETRIC_REPRESENTATION_ITEM ( )  RATIONAL_B_SPLINE_SURFACE ( (
 ( 1.000000000000000000, 1.000000000000000000, 1.000000000000000000, 1.000000000000000000, 1.000000000000000000, 1.000000000000000000, 1.000000000000000000, 1.000000000000000000, 1.000000000000000000, 1.000000000000000000, 1.000000000000000000, 1.000000000000000000, 1.000000000000000000, 1.000000000000000000, 1.000000000000000000, 1.000000000000000000, 1.000000000000000000, 1.000000000000000000, 1.000000000000000000, 1.000000000000000000, 1.000000000000000000, 1.000000000000000000, 1.000000000000000000, 1.000000000000000000, 1.000000000000000000, 1.000000000000000000, 1.000000000000000000, 1.000000000000000000, 1.000000000000000000, 1.000000000000000000, 1.000000000000000000, 1.000000000000000000, 1.000000000000000000, 1.000000000000000000),
 ( 0.3333333333333334259, 0.3333333333333334259, 0.3333333333333334259, 0.3333333333333334259, 0.3333333333333334259, 0.3333333333333334259, 0.3333333333333334259, 0.3333333333333334259, 0.3333333333333334259, 0.3333333333333334259, 0.3333333333333334259, 0.3333333333333334259, 0.3333333333333334259, 0.3333333333333334259, 0.3333333333333334259, 0.3333333333333334259, 0.3333333333333334259, 0.3333333333333334259, 0.3333333333333334259, 0.3333333333333334259, 0.3333333333333334259, 0.3333333333333334259, 0.3333333333333334259, 0.3333333333333334259, 0.3333333333333334259, 0.3333333333333334259, 0.3333333333333334259, 0.3333333333333334259, 0.3333333333333333148, 0.3333333333333333148, 0.3333333333333334259, 0.3333333333333334259, 0.3333333333333334259, 0.3333333333333334259),
 ( 1.000000000000000000, 1.000000000000000000, 1.000000000000000000, 1.000000000000000000, 1.000000000000000000, 1.000000000000000000, 1.000000000000000000, 1.000000000000000000, 1.000000000000000000, 1.000000000000000000, 1.000000000000000000, 1.000000000000000000, 1.000000000000000000, 1.000000000000000000, 1.000000000000000000, 1.000000000000000000, 1.000000000000000000, 1.000000000000000000, 1.000000000000000000, 1.000000000000000000, 1.000000000000000000, 1.000000000000000000, 1.000000000000000000, 1.000000000000000000, 1.000000000000000000, 1.000000000000000000, 1.000000000000000000, 1.000000000000000000, 1.000000000000000000, 1.000000000000000000, 1.000000000000000000, 1.000000000000000000, 1.000000000000000000, 1.000000000000000000) ) ) 
 REPRESENTATION_ITEM ( '' )  SURFACE ( )  );
#2981 = DIRECTION ( 'NONE',  ( -1.000000000000000000, -1.224646799147346551E-16, 0.000000000000000000 ) ) ;
#2982 = CARTESIAN_POINT ( 'NONE',  ( -0.07198551454928017734, 0.07198551454928001081, 0.05803571428510709979 ) ) ;
#2983 = CARTESIAN_POINT ( 'NONE',  ( 0.08838834764831840496, -0.08838834764831852986, 0.2767857142832143014 ) ) ;
#2984 = CARTESIAN_POINT ( 'NONE',  ( 0.1249999999999999584, -0.05177669529663698339, 0.5602678571383750139 ) ) ;
#2985 = CARTESIAN_POINT ( 'NONE',  ( -0.09442855861383470106, 0.1638349479016229793, 0.8750000000000001110 ) ) ;
#2986 = CARTESIAN_POINT ( 'NONE',  ( 0.04216813812856255728, -0.1018028909699978113, 0.5781249999952320362 ) ) ;
#2987 = CARTESIAN_POINT ( 'NONE',  ( 0.1228785138128288823, -3.018329000912663930E-14, 0.6039034120447082099 ) ) ;
#2988 = CARTESIAN_POINT ( 'NONE',  ( 0.07198551454928019122, 0.07198551454928001081, 0.1205357142846071178 ) ) ;
#2989 = CARTESIAN_POINT ( 'NONE',  ( -1.246725845703547748E-17, -0.1018028909699978390, 0.4285714285678571267 ) ) ;
#2990 = CARTESIAN_POINT ( 'NONE',  ( -0.1018028909699977835, -9.522043512657051869E-17, 0.2812499999976071363 ) ) ;
#2991 = CARTESIAN_POINT ( 'NONE',  ( -0.1826198767901015263, -0.04907772852307413364, 0.8562500000000000666 ) ) ;
#2992 = CARTESIAN_POINT ( 'NONE',  ( 0.1018028909699977558, -0.04216813812856267524, 0.4754464285674821489 ) ) ;
#2993 = CARTESIAN_POINT ( 'NONE',  ( -0.07198551454928017734, -0.07198551454928020510, 0.4642857142818571647 ) ) ;
#2994 = CARTESIAN_POINT ( 'NONE',  ( -0.1027247697245262936, -0.03728684929182421448, 0.5960191156945107149 ) ) ;
#2995 = CARTESIAN_POINT ( 'NONE',  ( 0.1018028909699977835, -8.455367924432364191E-17, 0.4017857142823572092 ) ) ;
#2996 = CARTESIAN_POINT ( 'NONE',  ( -0.1249999999999999861, 0.05177669529663677522, 0.2924107142833750062 ) ) ;
#2997 = CARTESIAN_POINT ( 'NONE',  ( 0.05177669529663696951, 0.1249999999999998335, 0.2834821428548749966 ) ) ;
#2998 = CARTESIAN_POINT ( 'NONE',  ( 0.09375000000000001388, -0.009137588047027096066, 0.8666265877365277870 ) ) ;
#2999 = B_SPLINE_CURVE_WITH_KNOTS ( 'NONE', 3,
 ( #1247, #4615, #829, #3397, #2994, #2129, #864, #4227, #458, #3822, #13, #1719, #3420, #5093, #2378, #2802, #3097, #4450, #660, #107, #3530, #4370, #5282, #3579, #4395, #2696, #3606, #3181, #1491, #2748, #4808, #1412 ),
 .UNSPECIFIED., .F., .F.,
 ( 4, 2, 2, 2, 2, 2, 2, 2, 2, 2, 2, 2, 2, 2, 2, 4 ),
 ( 0.002949942460958980290, 0.003524839940260126366, 0.004099737419561272009, 0.004674634898862418085, 0.005249532378163564161, 0.005824429857464710238, 0.006399327336765857181, 0.006974224816067003258, 0.007549122295368150201, 0.008698917253970444088, 0.009273814733271592767, 0.009848712212572739710, 0.01042360969187388492, 0.01099850717117503186, 0.01157340465047618054, 0.01214830212977732748 ),
 .UNSPECIFIED. ) ;
#3000 = ORIENTED_EDGE ( 'NONE', *, *, #1826, .T. ) ;
#3001 = CARTESIAN_POINT ( 'NONE',  ( -0.1018028909699977835, -1.374145362185027267E-16, 0.1383928571416071507 ) ) ;
#3002 = CARTESIAN_POINT ( 'NONE',  ( -0.1018028909699977835, -1.690601120374519105E-16, 0.03124999999960712677 ) ) ;
#3003 = CARTESIAN_POINT ( 'NONE',  ( 0.1249999999999999584, -7.167356547422802322E-17, 0.4598214285674642743 ) ) ;
#3004 = CARTESIAN_POINT ( 'NONE',  ( 0.04216813812856263360, 0.1018028909699977280, 0.4441964285677320601 ) ) ;
#3005 = CARTESIAN_POINT ( 'NONE',  ( 0.1781249999999999223, -0.02331650778601850049, 0.6250000000000000000 ) ) ;
#3006 = CARTESIAN_POINT ( 'NONE',  ( -0.1249999999999999584, -1.109413754289725473E-16, 0.2232142857124999880 ) ) ;
#3007 = EDGE_CURVE ( 'NONE', #502, #2686, #4854, .T. ) ;
#3008 = AXIS2_PLACEMENT_3D ( 'NONE', #2141, #3807, #874 ) ;
#3009 = DIRECTION ( 'NONE',  ( -0.000000000000000000, -0.000000000000000000, -1.000000000000000000 ) ) ;
#3010 = CARTESIAN_POINT ( 'NONE',  ( -1.530808498934191201E-17, -0.1250000000000000833, 0.2008928571409642760 ) ) ;
#3011 = CARTESIAN_POINT ( 'NONE',  ( 0.05177669529663685849, -0.1250000000000000278, 0.5915178571381249917 ) ) ;
#3012 =( BOUNDED_CURVE ( )  B_SPLINE_CURVE ( 2, ( #5162, #2283, #1011, #5189, #1846 ),
 .UNSPECIFIED., .F., .F. ) 
 B_SPLINE_CURVE_WITH_KNOTS ( ( 3, 2, 3 ),
 ( 0.8815789473684210176, 0.8881578947368421462, 0.8917308137056809692 ),
 .UNSPECIFIED. ) 
 CURVE ( )  GEOMETRIC_REPRESENTATION_ITEM ( )  RATIONAL_B_SPLINE_CURVE ( ( 1.000000000000000000, 0.9238795325112867385, 1.000000000000000000, 0.9586602161444898185, 0.9622223564521148464 ) ) 
 REPRESENTATION_ITEM ( '' )  );
#3013 = CARTESIAN_POINT ( 'NONE',  ( -0.1638349479016299182, 0.09442855861383646354, 0.8562500000000000666 ) ) ;
#3014 = LINE ( 'NONE', #4385, #2541 ) ;
#3015 = CARTESIAN_POINT ( 'NONE',  ( 0.1082531754730549634, 2.561107494060246767E-17, 0.7578125000000000000 ) ) ;
#3016 = CARTESIAN_POINT ( 'NONE',  ( -0.07198551454928017734, -0.07198551454928034388, 0.03124999999960714758 ) ) ;
#3017 = CARTESIAN_POINT ( 'NONE',  ( 0.1018028909699977835, -4.235957815239139689E-17, 0.5446428571383572503 ) ) ;
#3018 = CARTESIAN_POINT ( 'NONE',  ( -0.1018028909699977835, -0.04216813812856263360, 0.4263392857107322076 ) ) ;
#3019 = CARTESIAN_POINT ( 'NONE',  ( 0.1249999999999999306, 1.538357638823458624E-17, 0.000000000000000000 ) ) ;
#3020 = CARTESIAN_POINT ( 'NONE',  ( -0.1042208659626025075, 0.04897453951374818037, 0.01670777380392037686 ) ) ;
#3021 = CARTESIAN_POINT ( 'NONE',  ( -0.04216813812856259891, -0.1018028909699978113, 0.5022321428529821219 ) ) ;
#3022 = CARTESIAN_POINT ( 'NONE',  ( 0.04216813812856263360, 0.1018028909699977558, 0.4843749999959819919 ) ) ;
#3023 = CARTESIAN_POINT ( 'NONE',  ( -0.09442855863492150004, -0.1638349478928963210, 0.6343750000000000222 ) ) ;
#3024 = CARTESIAN_POINT ( 'NONE',  ( 0.07198551454928016347, -0.07198551454928027449, 0.3258928571401071839 ) ) ;
#3025 = CARTESIAN_POINT ( 'NONE',  ( -0.1018028909699977697, -0.04216813812856271687, 0.1406249999987321808 ) ) ;
#3026 = CARTESIAN_POINT ( 'NONE',  ( -1.246725845703547748E-17, -0.1018028909699979639, 0.004464285714107154614 ) ) ;
#3027 = CARTESIAN_POINT ( 'NONE',  ( -1.246725845703547748E-17, -0.1018028909699979362, 0.1116071428561071499 ) ) ;
#3028 = CARTESIAN_POINT ( 'NONE',  ( 0.000000000000000000, 0.1018028909699976586, 0.1964285714268571015 ) ) ;
#3029 = CARTESIAN_POINT ( 'NONE',  ( 0.000000000000000000, 0.1018028909699977141, 0.3749999999968571252 ) ) ;
#3030 = CARTESIAN_POINT ( 'NONE',  ( 0.000000000000000000, 0.1249999999999999584, 0.5758928571379642314 ) ) ;
#3031 = CARTESIAN_POINT ( 'NONE',  ( -0.1250000000000000000, -0.05177669529663698339, 0.2254464285696250181 ) ) ;
#3032 = EDGE_CURVE ( 'NONE', #2686, #4879, #5493, .T. ) ;
#3033 = CARTESIAN_POINT ( 'NONE',  ( -0.08838834764831843271, 0.08838834764831833557, 0.2946428571402142649 ) ) ;
#3034 = CARTESIAN_POINT ( 'NONE',  ( 0.1249999999999999722, 0.05177669529663679604, 0.2834821428545892252 ) ) ;
#3035 = EDGE_CURVE ( 'NONE', #4612, #1066, #2965, .T. ) ;
#3036 = CARTESIAN_POINT ( 'NONE',  ( 0.1499375327922123358, 0.1152275101527428514, 0.8562500000000000666 ) ) ;
#3037 = CARTESIAN_POINT ( 'NONE',  ( 0.07198551454928016347, -0.07198551454928035775, 0.08035714285635714438 ) ) ;
#3038 = CARTESIAN_POINT ( 'NONE',  ( -0.1249999999999999584, -1.623654361348493543E-16, 0.04910714285646426008 ) ) ;
#3039 = CARTESIAN_POINT ( 'NONE',  ( 0.000000000000000000, 0.1018028909699976170, 0.01785714285685709515 ) ) ;
#3040 = CARTESIAN_POINT ( 'NONE',  ( -0.1018028909699977835, -2.269932387481201262E-17, 0.5267857142813571203 ) ) ;
#3041 = CARTESIAN_POINT ( 'NONE',  ( -0.07198551454928017734, 0.07198551454928012183, 0.4553571428533570997 ) ) ;
#3042 = DIRECTION ( 'NONE',  ( -0.000000000000000000, -0.000000000000000000, -1.000000000000000000 ) ) ;
#3043 = CARTESIAN_POINT ( 'NONE',  ( 0.02454369238353812377, -0.1874999999999998890, 0.8562500000000000666 ) ) ;
#3044 = CARTESIAN_POINT ( 'NONE',  ( -0.04216813812856257809, 0.1018028909699977419, 0.4174107142822321426 ) ) ;
#3045 = CARTESIAN_POINT ( 'NONE',  ( -0.08838834764831843271, -0.08838834764831847435, 0.4062499999967499886 ) ) ;
#3046 = ORIENTED_EDGE ( 'NONE', *, *, #2150, .T. ) ;
#3047 = CARTESIAN_POINT ( 'NONE',  ( -0.1018028909699977697, -0.04216813812856262667, 0.4218749999964821473 ) ) ;
#3048 = CARTESIAN_POINT ( 'NONE',  ( -0.03296926854019024272, 0.09654342781634019099, 0.5919107288575022885 ) ) ;
#3049 = CALENDAR_DATE ( 2026, 22, 8 ) ;
#3050 = CARTESIAN_POINT ( 'NONE',  ( 0.07198551454928019122, 0.07198551454927998305, 0.01785714285685710209 ) ) ;
#3051 = CYLINDRICAL_SURFACE ( 'NONE', #508, 0.1249999999999999306 ) ;
#3052 = VERTEX_POINT ( 'NONE', #2467 ) ;
#3053 = CARTESIAN_POINT ( 'NONE',  ( 0.07198551454928019122, 0.07198551454928006632, 0.3035714285688571601 ) ) ;
#3054 = CARTESIAN_POINT ( 'NONE',  ( 0.000000000000000000, 0.1018028909699976170, 0.05803571428510709979 ) ) ;
#3055 = B_SPLINE_CURVE_WITH_KNOTS ( 'NONE', 3,
 ( #732, #2025, #2052, #5386, #680, #250, #4055, #2111, #380, #5019, #2172, #1328, #33, #441, #2630, #877, #4267, #3809 ),
 .UNSPECIFIED., .F., .F.,
 ( 4, 2, 2, 2, 2, 2, 2, 2, 4 ),
 ( 0.000000000000000000, 0.06250000000000004163, 0.1250000000000000555, 0.1875000000000000833, 0.2500000000000001110, 0.3125000000000001110, 0.3750000000000000555, 0.4375000000000000555, 0.5000000000000000000 ),
 .UNSPECIFIED. ) ;
#3056 = CARTESIAN_POINT ( 'NONE',  ( 0.04216813812856263360, 0.1018028909699976448, 0.1941964285697320991 ) ) ;
#3057 = CARTESIAN_POINT ( 'NONE',  ( 0.09375000000000001388, 0.05412658773652767596, 0.7578125000000000000 ) ) ;
#3058 = CARTESIAN_POINT ( 'NONE',  ( -0.04907772850199225434, 0.1826198767988339855, 0.6343750000000000222 ) ) ;
#3059 = CARTESIAN_POINT ( 'NONE',  ( 0.04073185518689418499, 0.1116907139971128754, 0.6016315924038362351 ) ) ;
#3060 =( GEOMETRIC_REPRESENTATION_CONTEXT ( 3 ) GLOBAL_UNCERTAINTY_ASSIGNED_CONTEXT ( ( #317 ) ) GLOBAL_UNIT_ASSIGNED_CONTEXT ( ( #2745, #5250, #601 ) ) REPRESENTATION_CONTEXT ( 'NONE', 'WORKASPACE' ) );
#3061 = VECTOR ( 'NONE', #1049, 39.37007874015748143 ) ;
#3062 = EDGE_CURVE ( 'NONE', #3114, #293, #5419, .T. ) ;
#3063 = CARTESIAN_POINT ( 'NONE',  ( 0.07198551454928016347, -0.07198551454928031612, 0.1830357142841071705 ) ) ;
#3064 = CARTESIAN_POINT ( 'NONE',  ( 0.1249999999999999722, 0.05177669529663680298, 0.3191964285685892078 ) ) ;
#3065 = EDGE_CURVE ( 'NONE', #4071, #2928, #32, .T. ) ;
#3066 = CARTESIAN_POINT ( 'NONE',  ( 0.007663316585628502167, -0.1038287575794567125, 0.8724455611380929065 ) ) ;
#3067 = CARTESIAN_POINT ( 'NONE',  ( -1.246725845703547748E-17, -0.1018028909699979501, 0.03571428571385715234 ) ) ;
#3068 = CARTESIAN_POINT ( 'NONE',  ( -0.1018028909699977835, -3.324784914779507695E-17, 0.4910714285673571378 ) ) ;
#3069 = CARTESIAN_POINT ( 'NONE',  ( 0.04216813812856263360, 0.1018028909699977003, 0.3772321428539820443 ) ) ;
#3070 = DIRECTION ( 'NONE',  ( -1.000000000000000000, 0.000000000000000000, 0.000000000000000000 ) ) ;
#3071 = CARTESIAN_POINT ( 'NONE',  ( 0.1826198767901039133, 0.04907772852306844374, 0.8562500000000000666 ) ) ;
#3072 = VECTOR ( 'NONE', #3172, 39.37007874015748143 ) ;
#3073 = CARTESIAN_POINT ( 'NONE',  ( 0.04216813812856255728, -0.1018028909699978529, 0.4352678571392321616 ) ) ;
#3074 = EDGE_CURVE ( 'NONE', #5094, #2327, #4994, .T. ) ;
#3075 = CARTESIAN_POINT ( 'NONE',  ( -0.1874999999999999167, -0.02454369240633885729, 0.6343750000000000222 ) ) ;
#3076 = CARTESIAN_POINT ( 'NONE',  ( 0.04216813812856255728, -0.1018028909699978946, 0.3236607142829821537 ) ) ;
#3077 = CARTESIAN_POINT ( 'NONE',  ( 0.08838834764831840496, -0.08838834764831850210, 0.3794642857112500156 ) ) ;
#3078 = DIRECTION ( 'NONE',  ( -1.000000000000000000, 0.000000000000000000, 0.000000000000000000 ) ) ;
#3079 = CARTESIAN_POINT ( 'NONE',  ( -0.04216813812856259891, -0.1018028909699978668, 0.3236607142829821537 ) ) ;
#3080 = CARTESIAN_POINT ( 'NONE',  ( 0.04216813812856255728, -0.1018028909699979778, 0.07812499999923215588 ) ) ;
#3081 = CARTESIAN_POINT ( 'NONE',  ( -0.04216813812856257809, 0.1018028909699976725, 0.2343749999979820864 ) ) ;
#3082 = CARTESIAN_POINT ( 'NONE',  ( 0.1018028909699977697, -0.04216813812856263360, 0.5781249999952320362 ) ) ;
#3083 = CARTESIAN_POINT ( 'NONE',  ( -0.1874999999999999167, 7.549139889267777477E-20, 0.6250000000000000000 ) ) ;
#3084 = CARTESIAN_POINT ( 'NONE',  ( -0.1249999999999999306, 7.549139889267777477E-20, 0.000000000000000000 ) ) ;
#3085 =( BOUNDED_CURVE ( )  B_SPLINE_CURVE ( 2, ( #70, #5112, #5051 ),
 .UNSPECIFIED., .F., .F. ) 
 B_SPLINE_CURVE_WITH_KNOTS ( ( 3, 3 ),
 ( 0.000000000000000000, 1.000000000000000000 ),
 .UNSPECIFIED. ) 
 CURVE ( )  GEOMETRIC_REPRESENTATION_ITEM ( )  RATIONAL_B_SPLINE_CURVE ( ( 1.000000000000000000, 0.3333333333333334259, 1.000000000000000000 ) ) 
 REPRESENTATION_ITEM ( '' )  );
#3086 = CARTESIAN_POINT ( 'NONE',  ( -0.1018028909699977835, -0.04216813812856272381, 0.1361607142844821483 ) ) ;
#3087 = CARTESIAN_POINT ( 'NONE',  ( 0.05177669529663685849, -0.1250000000000000833, 0.3102678571400893648 ) ) ;
#3088 = VECTOR ( 'NONE', #3426, 39.37007874015748143 ) ;
#3089 = CARTESIAN_POINT ( 'NONE',  ( -0.05177669529663687931, 0.1249999999999998057, 0.07812499999908921466 ) ) ;
#3090 = CARTESIAN_POINT ( 'NONE',  ( 0.000000000000000000, 0.1249999999999997780, -0.03125000000003578388 ) ) ;
#3091 = CARTESIAN_POINT ( 'NONE',  ( -0.04216813812856259891, -0.1018028909699978668, 0.3593749999969822473 ) ) ;
#3092 = CARTESIAN_POINT ( 'NONE',  ( -0.1826198768753090618, -0.04907772831736515601, 0.8562500000000000666 ) ) ;
#3093 = AXIS2_PLACEMENT_3D ( 'NONE', #1435, #3629, #4501 ) ;
#3094 = CARTESIAN_POINT ( 'NONE',  ( -0.1874999999999999167, 0.02454369238351464949, 0.8562500000000000666 ) ) ;
#3095 = EDGE_CURVE ( 'NONE', #5368, #592, #1454, .T. ) ;
#3096 = CARTESIAN_POINT ( 'NONE',  ( -0.1018028909699977697, -0.04216813812856275850, -0.006696428571517863346 ) ) ;
#3097 = CARTESIAN_POINT ( 'NONE',  ( -0.001319758490774097662, -0.1152699689517489995, 0.5994390341063160488 ) ) ;
#3098 = CARTESIAN_POINT ( 'NONE',  ( 0.04216813812856263360, 0.1018028909699977558, 0.5513392857097321187 ) ) ;
#3099 = CARTESIAN_POINT ( 'NONE',  ( 0.08838834764831843271, 0.08838834764831829394, 0.3169642857117500045 ) ) ;
#3100 = CARTESIAN_POINT ( 'NONE',  ( -0.1874999999999999167, 2.303761888290553917E-17, 0.8750000000000001110 ) ) ;
#3101 = CARTESIAN_POINT ( 'NONE',  ( 0.1556514748751937904, 0.08967980441439141193, 0.6250000000000000000 ) ) ;
#3102 = ADVANCED_FACE ( 'NONE', ( #3479 ), #2222, .T. ) ;
#3103 = CARTESIAN_POINT ( 'NONE',  ( 0.000000000000000000, 0.1018028909699977003, 0.3080357142831071093 ) ) ;
#3104 = CARTESIAN_POINT ( 'NONE',  ( -0.1018028909699977697, 0.04216813812856239074, -0.006696428571517888499 ) ) ;
#3105 = CARTESIAN_POINT ( 'NONE',  ( 0.07198551454928019122, 0.07198551454928003857, 0.2321428571408571395 ) ) ;
#3106 = ORIENTED_EDGE ( 'NONE', *, *, #1137, .F. ) ;
#3107 = CARTESIAN_POINT ( 'NONE',  ( 0.1018028909699977835, -1.583933561552050337E-16, 0.1517857142843571372 ) ) ;
#3108 = CARTESIAN_POINT ( 'NONE',  ( 0.1018028909699977697, 0.04216813812856259891, 0.5825892857094820965 ) ) ;
#3109 = CARTESIAN_POINT ( 'NONE',  ( -0.02454369240633560642, -0.1874999999999999167, 0.6250000000000000000 ) ) ;
#3110 = CARTESIAN_POINT ( 'NONE',  ( -1.530808498934191201E-17, -0.1249999999999999861, 0.5892857142810000726 ) ) ;
#3111 = CARTESIAN_POINT ( 'NONE',  ( 0.000000000000000000, 7.549139889267777477E-20, 0.000000000000000000 ) ) ;
#3112 = CARTESIAN_POINT ( 'NONE',  ( -0.07198551454928017734, -0.07198551454928031612, 0.1026785714276071543 ) ) ;
#3113 = CARTESIAN_POINT ( 'NONE',  ( -0.05177669529663686543, 0.1249999999999998751, 0.3281249999970893283 ) ) ;
#3114 = VERTEX_POINT ( 'NONE', #1051 ) ;
#3115 = CARTESIAN_POINT ( 'NONE',  ( 0.000000000000000000, 7.549139889267777477E-20, 0.000000000000000000 ) ) ;
#3116 = CARTESIAN_POINT ( 'NONE',  ( 0.08838834764831843271, 0.08838834764831822455, -2.857726426997324159E-13 ) ) ;
#3117 = CARTESIAN_POINT ( 'NONE',  ( -1.530808498934191201E-17, -0.1250000000000000278, 0.4821428571390001250 ) ) ;
#3118 = CARTESIAN_POINT ( 'NONE',  ( -0.1018028909699977835, 0.04216813812856251564, 0.3861607142824821093 ) ) ;
#3119 = DIRECTION ( 'NONE',  ( -0.000000000000000000, -0.000000000000000000, -1.000000000000000000 ) ) ;
#3120 = CARTESIAN_POINT ( 'NONE',  ( -0.1874999999999999167, 2.303761888290553917E-17, 0.8562500000000000666 ) ) ;
#3121 = CARTESIAN_POINT ( 'NONE',  ( 0.04216813812856255728, -0.1018028909699978113, 0.5424107142812322202 ) ) ;
#3122 = LINE ( 'NONE', #1437, #1175 ) ;
#3123 = CARTESIAN_POINT ( 'NONE',  ( -1.246725845703547748E-17, -0.1018028909699977974, 0.5714285714238571678 ) ) ;
#3124 = ADVANCED_FACE ( 'NONE', ( #712 ), #662, .F. ) ;
#3125 = CARTESIAN_POINT ( 'NONE',  ( 0.05177669529663697645, 0.1249999999999998473, 0.3191964285688749237 ) ) ;
#3126 = CARTESIAN_POINT ( 'NONE',  ( 0.05177669529663685849, -0.1250000000000000555, 0.3772321428541251520 ) ) ;
#3127 = DIRECTION ( 'NONE',  ( -1.000000000000000000, 0.000000000000000000, 0.000000000000000000 ) ) ;
#3128 = CARTESIAN_POINT ( 'NONE',  ( 0.1018028909699977835, -1.148806894041498937E-16, 0.2991071428546071553 ) ) ;
#3129 = CARTESIAN_POINT ( 'NONE',  ( -1.246725845703547748E-17, -0.1018028909699978946, 0.2187499999981071530 ) ) ;
#3130 = CARTESIAN_POINT ( 'NONE',  ( -0.07198551454928017734, -0.07198551454928031612, 0.1026785714276071543 ) ) ;
#3131 = CARTESIAN_POINT ( 'NONE',  ( -1.530808498934191201E-17, -0.1249999999999999584, 0.5937499999949643614 ) ) ;
#3132 = CARTESIAN_POINT ( 'NONE',  ( 0.04216813812856255728, -0.1018028909699979223, 0.2165178571409821506 ) ) ;
#3133 = EDGE_CURVE ( 'NONE', #4112, #3052, #3355, .T. ) ;
#3134 = CARTESIAN_POINT ( 'NONE',  ( -1.530808498934191201E-17, -0.1250000000000001110, 0.1964285714270000427 ) ) ;
#3135 = CARTESIAN_POINT ( 'NONE',  ( -0.04216813812856259891, -0.1018028909699977974, 0.5691964285667321377 ) ) ;
#3136 = CARTESIAN_POINT ( 'NONE',  ( 0.02454369240633528029, 0.1874999999999999167, 0.6343750000000000222 ) ) ;
#3137 = CARTESIAN_POINT ( 'NONE',  ( 0.04279496496777858427, 0.1152764888543890559, 0.6039515949489567825 ) ) ;
#3138 = CARTESIAN_POINT ( 'NONE',  ( 0.1781249999999999223, 2.774533118565267485E-17, 0.6250000000000000000 ) ) ;
#3139 = CARTESIAN_POINT ( 'NONE',  ( -0.1018028909699977835, 0.04216813812856242544, 0.09598214285623210551 ) ) ;
#3140 = CARTESIAN_POINT ( 'NONE',  ( 0.1249999999999999584, -0.05177669529663702502, 0.3504464285683392410 ) ) ;
#3141 = AXIS2_PLACEMENT_3D ( 'NONE', #2852, #3203, #306 ) ;
#3142 = CARTESIAN_POINT ( 'NONE',  ( -1.530808498934191201E-17, -0.1250000000000000555, 0.3035714285690000458 ) ) ;
#3143 = DIRECTION ( 'NONE',  ( -0.000000000000000000, -0.000000000000000000, 1.000000000000000000 ) ) ;
#3144 = CARTESIAN_POINT ( 'NONE',  ( 0.000000000000000000, 0.1018028909699977697, 0.5535714285668571488 ) ) ;
#3145 = FACE_OUTER_BOUND ( 'NONE', #4551, .T. ) ;
#3146 = FACE_OUTER_BOUND ( 'NONE', #2413, .T. ) ;
#3147 =( BOUNDED_CURVE ( )  B_SPLINE_CURVE ( 2, ( #2644, #1824, #4735, #3527, #4278, #1387, #996, #946, #2694 ),
 .UNSPECIFIED., .F., .F. ) 
 B_SPLINE_CURVE_WITH_KNOTS ( ( 3, 2, 2, 2, 3 ),
 ( 0.06578947368421052266, 0.07236842105263158187, 0.07894736842105262720, 0.08552631578947368640, 0.09210526315789473173 ),
 .UNSPECIFIED. ) 
 CURVE ( )  GEOMETRIC_REPRESENTATION_ITEM ( )  RATIONAL_B_SPLINE_CURVE ( ( 1.000000000000000000, 0.9238795325112867385, 1.000000000000000000, 0.9238795325112867385, 1.000000000000000000, 0.9238795325112867385, 1.000000000000000000, 0.9238795325112867385, 1.000000000000000000 ) ) 
 REPRESENTATION_ITEM ( '' )  );
#3148 = ORIENTED_EDGE ( 'NONE', *, *, #1177, .F. ) ;
#3149 = CARTESIAN_POINT ( 'NONE',  ( 0.1018028909699977835, -2.005874572471372787E-16, 0.008928571428357125542 ) ) ;
#3150 = LINE ( 'NONE', #4838, #3061 ) ;
#3151 = CARTESIAN_POINT ( 'NONE',  ( 0.04216813812856255728, -0.1018028909699978113, 0.5379464285669821599 ) ) ;
#3152 = CARTESIAN_POINT ( 'NONE',  ( 0.1018028909699977697, -0.04216813812856277238, 0.1540178571414821396 ) ) ;
#3153 = CARTESIAN_POINT ( 'NONE',  ( 0.1424225543226678159, 0.1094882143614645947, 0.6250000000000000000 ) ) ;
#3154 = VECTOR ( 'NONE', #94, 39.37007874015748143 ) ;
#3155 = ORIENTED_EDGE ( 'NONE', *, *, #3133, .T. ) ;
#3156 = CARTESIAN_POINT ( 'NONE',  ( -1.246725845703547748E-17, -0.1018028909699978807, 0.2544642857121071633 ) ) ;
#3157 = CARTESIAN_POINT ( 'NONE',  ( 0.1018028909699977558, -0.04216813812856277932, 0.1183035714274821570 ) ) ;
#3158 = CARTESIAN_POINT ( 'NONE',  ( 0.04216813812856255728, -0.1018028909699979778, 0.03794642857098215472 ) ) ;
#3159 = CARTESIAN_POINT ( 'NONE',  ( -0.1018028909699977835, -6.489342496674424223E-17, 0.3839285714253570791 ) ) ;
#3160 = CARTESIAN_POINT ( 'NONE',  ( -0.08838834764831843271, 0.08838834764831829394, 0.1830357142842499729 ) ) ;
#3161 = CARTESIAN_POINT ( 'NONE',  ( 0.1018028909699977697, 0.04216813812856255728, 0.4754464285674820934 ) ) ;
#3162 = CARTESIAN_POINT ( 'NONE',  ( -0.1874999999999999167, 0.02454369240633882607, 0.6343750000000000222 ) ) ;
#3163 = CARTESIAN_POINT ( 'NONE',  ( 0.1249999999999999584, -1.771588182040585741E-16, 0.1026785714274642686 ) ) ;
#3164 = EDGE_CURVE ( 'NONE', #2502, #427, #2351, .T. ) ;
#3165 = CARTESIAN_POINT ( 'NONE',  ( 0.08967980441429337923, -0.1556514748752158006, 0.6250000000000001110 ) ) ;
#3166 = DIRECTION ( 'NONE',  ( -0.000000000000000000, -0.000000000000000000, -1.000000000000000000 ) ) ;
#3167 = CARTESIAN_POINT ( 'NONE',  ( -0.1638349478928978753, 0.09442855863491764201, 0.6343750000000000222 ) ) ;
#3168 = CARTESIAN_POINT ( 'NONE',  ( -0.1249999999999999861, -0.05177669529663703196, 0.04687499999962501523 ) ) ;
#3169 = CARTESIAN_POINT ( 'NONE',  ( -0.1018028909699977835, -1.281845766046425851E-16, 0.1696428571413571285 ) ) ;
#3170 = CARTESIAN_POINT ( 'NONE',  ( -0.05177669529663687931, -0.1250000000000000555, 0.3415178571398393426 ) ) ;
#3171 = ADVANCED_FACE ( 'NONE', ( #1077 ), #1949, .T. ) ;
#3172 = DIRECTION ( 'NONE',  ( -0.000000000000000000, -0.000000000000000000, 1.000000000000000000 ) ) ;
#3173 = VERTEX_POINT ( 'NONE', #1597 ) ;
#3174 = CARTESIAN_POINT ( 'NONE',  ( 0.1249999999999999584, -7.167356547422802322E-17, 0.4598214285674642743 ) ) ;
#3175 = CARTESIAN_POINT ( 'NONE',  ( -0.04216813812856257809, 0.1018028909699977558, 0.5558035714239820679 ) ) ;
#3176 = CARTESIAN_POINT ( 'NONE',  ( 0.08838834764831840496, -0.08838834764831846047, 0.5223214285672500568 ) ) ;
#3177 = CARTESIAN_POINT ( 'NONE',  ( 0.05177669529663697645, 0.1249999999999998890, 0.4977678571388748918 ) ) ;
#3178 = CYLINDRICAL_SURFACE ( 'NONE', #1990, 0.1249999999999999306 ) ;
#3179 = CARTESIAN_POINT ( 'NONE',  ( 0.1054245480596566059, 0.007274068829251727035, 0.007210262345224860252 ) ) ;
#3180 = CARTESIAN_POINT ( 'NONE',  ( -0.04216813812856259891, -0.1018028909699979778, -0.002232142857267846014 ) ) ;
#3181 = CARTESIAN_POINT ( 'NONE',  ( 0.1158604285867521622, -0.03690520411106704146, 0.6030402484312747946 ) ) ;
#3182 = CARTESIAN_POINT ( 'NONE',  ( 0.04216813812856263360, 0.1018028909699977419, 0.4441964285677320601 ) ) ;
#3183 = CARTESIAN_POINT ( 'NONE',  ( -0.08838834764831843271, 0.08838834764831828006, 0.1116071428562499662 ) ) ;
#3184 = CIRCLE ( 'NONE', #765, 0.1419642857141786008 ) ;
#3185 = CARTESIAN_POINT ( 'NONE',  ( 0.08838834764831840496, -0.08838834764831850210, 0.3794642857112500156 ) ) ;
#3186 = CARTESIAN_POINT ( 'NONE',  ( 0.07198551454928016347, -0.07198551454928037163, 0.04464285714235714103 ) ) ;
#3187 =( BOUNDED_CURVE ( )  B_SPLINE_CURVE ( 2, ( #930, #4379, #4318, #3892, #3131, #2704, #4349, #1838, #2301 ),
 .UNSPECIFIED., .F., .F. ) 
 B_SPLINE_CURVE_WITH_KNOTS ( ( 3, 2, 2, 2, 3 ),
 ( 0.9078947368421053099, 0.9144736842105263275, 0.9210526315789473450, 0.9276315789473684736, 0.9342105263157894912 ),
 .UNSPECIFIED. ) 
 CURVE ( )  GEOMETRIC_REPRESENTATION_ITEM ( )  RATIONAL_B_SPLINE_CURVE ( ( 1.000000000000000000, 0.9238795325112867385, 1.000000000000000000, 0.9238795325112867385, 1.000000000000000000, 0.9238795325112867385, 1.000000000000000000, 0.9238795325112867385, 1.000000000000000000 ) ) 
 REPRESENTATION_ITEM ( '' )  );
#3188 = ORIENTED_EDGE ( 'NONE', *, *, #3566, .T. ) ;
#3189 = CARTESIAN_POINT ( 'NONE',  ( -0.04216813812856257809, 0.1018028909699976725, 0.2031249999982320809 ) ) ;
#3190 = CARTESIAN_POINT ( 'NONE',  ( 0.04216813812856255728, -0.1018028909699979501, 0.1450892857129821856 ) ) ;
#3191 = CARTESIAN_POINT ( 'NONE',  ( -0.1250000000000000000, 0.05177669529663682380, 0.4397321428533392806 ) ) ;
#3192 = CARTESIAN_POINT ( 'NONE',  ( 0.1018028909699977558, -0.04216813812856271687, 0.3281249999972321585 ) ) ;
#3193 = CARTESIAN_POINT ( 'NONE',  ( 0.01651073324088044719, -0.1049456401288216406, 0.007706489580971851751 ) ) ;
#3194 = CARTESIAN_POINT ( 'NONE',  ( 0.08838834764831840496, -0.08838834764831851598, 0.3437499999972500331 ) ) ;
#3195 = CARTESIAN_POINT ( 'NONE',  ( 0.02454369240633500968, -0.1874999999999999167, 0.6250000000000000000 ) ) ;
#3196 = CARTESIAN_POINT ( 'NONE',  ( -0.04216813812856259891, -0.1018028909699978807, 0.2834821428547321664 ) ) ;
#3197 = CARTESIAN_POINT ( 'NONE',  ( -0.08838834764831843271, 0.08838834764831840496, 0.5446428571382142536 ) ) ;
#3198 = EDGE_CURVE ( 'NONE', #1217, #167, #4196, .T. ) ;
#3199 = CARTESIAN_POINT ( 'NONE',  ( 0.1249999999999999445, -0.05177669529663705278, 0.2433035714263393490 ) ) ;
#3200 = CARTESIAN_POINT ( 'NONE',  ( 0.1018028909699977558, -0.04216813812856262667, 0.6138392857092322963 ) ) ;
#3201 = DATE_TIME_ROLE ( 'creation_date' ) ;
#3202 = CARTESIAN_POINT ( 'NONE',  ( 0.05177669529663697645, 0.1249999999999998890, 0.5334821428528748744 ) ) ;
#3203 = DIRECTION ( 'NONE',  ( -0.000000000000000000, -0.000000000000000000, -1.000000000000000000 ) ) ;
#3204 = CARTESIAN_POINT ( 'NONE',  ( 0.000000000000000000, 7.549139889267777477E-20, 0.000000000000000000 ) ) ;
#3205 = CARTESIAN_POINT ( 'NONE',  ( -0.1018028909699977697, -0.04216813812856258503, 0.6049107142807320647 ) ) ;
#3206 = CARTESIAN_POINT ( 'NONE',  ( 0.09375000000000054123, -0.05412658773652687105, 0.8750000000000001110 ) ) ;
#3207 = CARTESIAN_POINT ( 'NONE',  ( 0.1018028909699977558, -0.04216813812856266830, 0.5066964285672320711 ) ) ;
#3208 = CARTESIAN_POINT ( 'NONE',  ( -0.05177669529663686543, 0.1249999999999998751, 0.3593749999971249665 ) ) ;
#3209 = CARTESIAN_POINT ( 'NONE',  ( 0.1018028909699977697, -0.04216813812856280014, 0.04687499999948214341 ) ) ;
#3210 = ORIENTED_EDGE ( 'NONE', *, *, #3498, .T. ) ;
#3211 = ORIENTED_EDGE ( 'NONE', *, *, #5445, .F. ) ;
#3212 = CARTESIAN_POINT ( 'NONE',  ( -0.04216813812856259891, -0.1018028909699979223, 0.1450892857129821856 ) ) ;
#3213 = CARTESIAN_POINT ( 'NONE',  ( 0.07198551454928019122, 0.07198551454928001081, 0.1205357142846071178 ) ) ;
#3214 = CARTESIAN_POINT ( 'NONE',  ( 0.04216813812856263360, 0.1018028909699977003, 0.3727678571397320395 ) ) ;
#3215 = CARTESIAN_POINT ( 'NONE',  ( 0.1224520930683575398, -0.01640868136918110370, 0.02506002581275513022 ) ) ;
#3216 = CARTESIAN_POINT ( 'NONE',  ( 0.08838834764831840496, -0.08838834764831846047, 0.4910714285672143631 ) ) ;
#3217 = FACE_OUTER_BOUND ( 'NONE', #1563, .T. ) ;
#3218 = ORIENTED_EDGE ( 'NONE', *, *, #4239, .T. ) ;
#3219 = CARTESIAN_POINT ( 'NONE',  ( -0.08970713070317462567, -0.1556432004982485073, 0.6250000000000000000 ) ) ;
#3220 = CARTESIAN_POINT ( 'NONE',  ( -0.08838834764831843271, 0.08838834764831828006, 0.1116071428562499801 ) ) ;
#3221 = CARTESIAN_POINT ( 'NONE',  ( 0.07198551454928019122, 0.07198551454928006632, 0.2991071428546070998 ) ) ;
#3222 = CARTESIAN_POINT ( 'NONE',  ( 0.08838834764831843271, 0.08838834764831833557, 0.4285714285677142410 ) ) ;
#3223 = CARTESIAN_POINT ( 'NONE',  ( -0.1018028909699977835, -1.083223294270604713E-17, 0.5669642857096071076 ) ) ;
#3224 = VERTEX_POINT ( 'NONE', #2121 ) ;
#3225 = CARTESIAN_POINT ( 'NONE',  ( -0.1073015473987826429, 1.524261125929943153E-14, 0.5950396349400162155 ) ) ;
#3226 = CARTESIAN_POINT ( 'NONE',  ( -0.05177669529663686543, 0.1249999999999998196, 0.1495535714270892214 ) ) ;
#3227 = APPROVAL_ROLE ( '' ) ;
#3228 = CARTESIAN_POINT ( 'NONE',  ( 0.05177669529663685849, -0.1250000000000000278, 0.5200892857101250266 ) ) ;
#3229 = CARTESIAN_POINT ( 'NONE',  ( -0.003722938607716666341, -0.1221525013574650681, 0.02385250386609194528 ) ) ;
#3230 = CARTESIAN_POINT ( 'NONE',  ( -0.01539068948143315109, -0.09936735675793573197, 0.7531501562697852092 ) ) ;
#3231 = VECTOR ( 'NONE', #479, 39.37007874015748143 ) ;
#3232 = ADVANCED_FACE ( 'NONE', ( #450 ), #4634, .T. ) ;
#3233 = PRODUCT_DEFINITION_FORMATION_WITH_SPECIFIED_SOURCE ( 'ANY', '', #1042, .NOT_KNOWN. ) ;
#3234 = VERTEX_POINT ( 'NONE', #3813 ) ;
#3235 = VERTEX_POINT ( 'NONE', #1063 ) ;
#3236 = CARTESIAN_POINT ( 'NONE',  ( 0.04216813812856263360, 0.1018028909699977558, 0.5870535714237321567 ) ) ;
#3237 = CIRCLE ( 'NONE', #1003, 0.1285714285714285865 ) ;
#3238 = CARTESIAN_POINT ( 'NONE',  ( -0.1018028909699977835, -1.268660109455196901E-16, 0.1741071428556071055 ) ) ;
#3239 = CARTESIAN_POINT ( 'NONE',  ( -0.04416995567074379070, -0.1643578891110954177, 0.8750000000000001110 ) ) ;
#3240 = EDGE_CURVE ( 'NONE', #4296, #5205, #3014, .T. ) ;
#3241 = CARTESIAN_POINT ( 'NONE',  ( 0.07198551454928016347, -0.07198551454928026061, 0.4017857142823572092 ) ) ;
#3242 = CARTESIAN_POINT ( 'NONE',  ( -0.1018028909699977697, 0.04216813812856249483, 0.3147321428544820887 ) ) ;
#3243 = CARTESIAN_POINT ( 'NONE',  ( 0.07198551454928016347, -0.07198551454928027449, 0.3616071428541072219 ) ) ;
#3244 = CARTESIAN_POINT ( 'NONE',  ( 0.1285714285714285865, -1.687782420336073622E-16, 0.6116071428572500412 ) ) ;
#3245 = DIRECTION ( 'NONE',  ( 0.8660254037844388186, -0.4999999999999995559, 0.000000000000000000 ) ) ;
#3246 = CARTESIAN_POINT ( 'NONE',  ( 0.1249999999999999584, -1.349647171121263538E-16, 0.2455357142834642681 ) ) ;
#3247 = ORIENTED_EDGE ( 'NONE', *, *, #4153, .F. ) ;
#3248 = CARTESIAN_POINT ( 'NONE',  ( 0.07198551454928016347, -0.07198551454928030224, 0.2544642857121071633 ) ) ;
#3249 = CARTESIAN_POINT ( 'NONE',  ( 0.000000000000000000, 0.1249999999999999167, 0.4330357142819642458 ) ) ;
#3250 = CARTESIAN_POINT ( 'NONE',  ( 0.05512660157198910615, 0.08884442752657126241, 0.5905477804549624787 ) ) ;
#3251 = CARTESIAN_POINT ( 'NONE',  ( -0.05177669529663687931, -0.1250000000000001110, 0.05580357142783929497 ) ) ;
#3252 = CARTESIAN_POINT ( 'NONE',  ( 0.1249999999999999584, -0.05177669529663711523, 0.02901785714233927685 ) ) ;
#3253 = CARTESIAN_POINT ( 'NONE',  ( -0.1249999999999999861, 0.05177669529663685849, 0.5066964285673749568 ) ) ;
#3254 = CARTESIAN_POINT ( 'NONE',  ( 0.03167490034877860211, -0.1190968752413798099, 0.02488079512506036206 ) ) ;
#3255 = CARTESIAN_POINT ( 'NONE',  ( 0.06887692639415289586, 0.08396560734598433606, 0.01014483374518780449 ) ) ;
#3256 = CARTESIAN_POINT ( 'NONE',  ( 0.000000000000000000, 0.1249999999999999029, 0.3616071428539642807 ) ) ;
#3257 = CARTESIAN_POINT ( 'NONE',  ( 0.1018028909699977558, -0.04216813812856262667, 0.6138392857092322963 ) ) ;
#3258 = CARTESIAN_POINT ( 'NONE',  ( 0.07198551454928016347, -0.07198551454928034388, 0.1160714285703571408 ) ) ;
#3259 = ADVANCED_FACE ( 'NONE', ( #570 ), #2282, .T. ) ;
#3260 = CARTESIAN_POINT ( 'NONE',  ( -0.07198551454928017734, 0.07198551454928010795, 0.3839285714253570791 ) ) ;
#3261 = CARTESIAN_POINT ( 'NONE',  ( -0.04216813812856259891, -0.1018028909699978668, 0.3593749999969821363 ) ) ;
#3262 = CARTESIAN_POINT ( 'NONE',  ( -0.07198551454928017734, -0.07198551454928028837, 0.2098214285696071713 ) ) ;
#3263 = CARTESIAN_POINT ( 'NONE',  ( 0.08838834764831843271, 0.08838834764831833557, 0.4285714285677142410 ) ) ;
#3264 = CARTESIAN_POINT ( 'NONE',  ( -0.07198551454928017734, -0.07198551454928026061, 0.3169642857116071744 ) ) ;
#3265 = CARTESIAN_POINT ( 'NONE',  ( -0.05177669529663687931, -0.1250000000000000833, 0.2299107142838750784 ) ) ;
#3266 = CARTESIAN_POINT ( 'NONE',  ( 0.1249999999999999445, -0.05177669529663696951, 0.5647321428523393028 ) ) ;
#3267 = CARTESIAN_POINT ( 'NONE',  ( 0.07271891026394823598, -0.07249672082509002469, 0.004145299627405387051 ) ) ;
#3268 = CARTESIAN_POINT ( 'NONE',  ( 0.000000000000000000, -1.104688079777929626E-16, 0.8750000000000001110 ) ) ;
#3269 = VERTEX_POINT ( 'NONE', #5215 ) ;
#3270 = CARTESIAN_POINT ( 'NONE',  ( -0.1690233251552503146, -0.05740832737790352303, 0.6250000000000000000 ) ) ;
#3271 = CARTESIAN_POINT ( 'NONE',  ( 0.04216813812856263360, 0.1018028909699976448, 0.2656249999977320919 ) ) ;
#3272 = CARTESIAN_POINT ( 'NONE',  ( -1.530808498934191201E-17, -0.1250000000000000000, 0.4866071428529643028 ) ) ;
#3273 = CARTESIAN_POINT ( 'NONE',  ( -0.07198551454928017734, -0.07198551454928020510, 0.4999999999958571473 ) ) ;
#3274 = CARTESIAN_POINT ( 'NONE',  ( -0.08838834764831843271, 0.08838834764831828006, 0.08035714285621421704 ) ) ;
#3275 = CARTESIAN_POINT ( 'NONE',  ( 0.04662384207688848037, -0.1734888829588972503, 0.6250000000000000000 ) ) ;
#3276 = CARTESIAN_POINT ( 'NONE',  ( -0.1874999999999999167, 2.303761888290553917E-17, 0.8750000000000001110 ) ) ;
#3277 = ORIENTED_EDGE ( 'NONE', *, *, #2312, .T. ) ;
#3278 = CARTESIAN_POINT ( 'NONE',  ( -0.05177669529663687931, 0.1249999999999998751, 0.3236607142831249839 ) ) ;
#3279 = CARTESIAN_POINT ( 'NONE',  ( -0.1018028909699977835, 8.946251944137148040E-18, 0.6339285714233571234 ) ) ;
#3280 = CARTESIAN_POINT ( 'NONE',  ( 0.1018028909699977697, -0.04216813812856274463, 0.2611607142834821427 ) ) ;
#3281 = CARTESIAN_POINT ( 'NONE',  ( 0.02208932314518430307, -0.1687499999999999001, 0.8750000000000001110 ) ) ;
#3282 = ORIENTED_EDGE ( 'NONE', *, *, #1363, .T. ) ;
#3283 = CARTESIAN_POINT ( 'NONE',  ( 0.000000000000000000, 0.1018028909699977003, 0.3437499999971070919 ) ) ;
#3284 =( BOUNDED_CURVE ( )  B_SPLINE_CURVE ( 2, ( #1485, #2690, #599, #131, #1907, #4389, #1043, #5220, #4750 ),
 .UNSPECIFIED., .F., .T. ) 
 B_SPLINE_CURVE_WITH_KNOTS ( ( 3, 2, 2, 2, 3 ),
 ( 0.3289473684210526550, 0.3355263157894736725, 0.3421052631578947456, 0.3486842105263157632, 0.3552631578947368363 ),
 .UNSPECIFIED. ) 
 CURVE ( )  GEOMETRIC_REPRESENTATION_ITEM ( )  RATIONAL_B_SPLINE_CURVE ( ( 1.000000000000000000, 0.9238795325112867385, 1.000000000000000000, 0.9238795325112867385, 1.000000000000000000, 0.9238795325112867385, 1.000000000000000000, 0.9238795325112867385, 1.000000000000000000 ) ) 
 REPRESENTATION_ITEM ( '' )  );
#3285 = EDGE_CURVE ( 'NONE', #3502, #1310, #3820, .T. ) ;
#3286 = ORIENTED_EDGE ( 'NONE', *, *, #4111, .T. ) ;
#3287 = CARTESIAN_POINT ( 'NONE',  ( -0.04216813812856257809, 0.1018028909699976725, 0.2343749999979820864 ) ) ;
#3288 = CARTESIAN_POINT ( 'NONE',  ( -0.07198551454928017734, 0.07198551454928014959, 0.5223214285671070600 ) ) ;
#3289 = CARTESIAN_POINT ( 'NONE',  ( -0.1249999999999999584, -1.109413754289725473E-16, 0.2232142857124999880 ) ) ;
#3290 = CARTESIAN_POINT ( 'NONE',  ( 0.1249999999999999584, -1.995744344090631835E-16, 0.02678571428550000078 ) ) ;
#3291 = CARTESIAN_POINT ( 'NONE',  ( -0.1499375328083485115, -0.1152275101366068005, 0.6343750000000000222 ) ) ;
#3292 = DIRECTION ( 'NONE',  ( -1.000000000000000000, 0.000000000000000000, 0.000000000000000000 ) ) ;
#3293 = CARTESIAN_POINT ( 'NONE',  ( 0.08838834764831840496, -0.08838834764831858537, 0.1294642857132500269 ) ) ;
#3294 = EDGE_LOOP ( 'NONE', ( #4683, #5076, #1582, #1341 ) ) ;
#3295 = EDGE_CURVE ( 'NONE', #5433, #656, #2443, .T. ) ;
#3296 = LINE ( 'NONE', #4575, #4478 ) ;
#3297 = CARTESIAN_POINT ( 'NONE',  ( -0.07198551454928017734, -0.07198551454928028837, 0.2098214285696071713 ) ) ;
#3298 = CARTESIAN_POINT ( 'NONE',  ( 0.1249999999999999722, 0.05177669529663685849, 0.4620535714245893599 ) ) ;
#3299 = CARTESIAN_POINT ( 'NONE',  ( 0.04216813812856255728, -0.1018028909699978113, 0.5424107142812322202 ) ) ;
#3300 = ORIENTED_EDGE ( 'NONE', *, *, #4771, .T. ) ;
#3301 = CARTESIAN_POINT ( 'NONE',  ( -0.1249999999999999861, 0.05177669529663671971, 0.08258928571333924717 ) ) ;
#3302 = CARTESIAN_POINT ( 'NONE',  ( -0.1556432004982551409, 0.08970713070317130888, 0.6250000000000000000 ) ) ;
#3303 = CARTESIAN_POINT ( 'NONE',  ( 0.04907772852309076617, -0.1826198767900997499, 0.8750000000000001110 ) ) ;
#3304 = CARTESIAN_POINT ( 'NONE',  ( 0.04216813812856263360, 0.1018028909699975892, 0.05580357142798211129 ) ) ;
#3305 = CARTESIAN_POINT ( 'NONE',  ( 0.05177669529663696951, 0.1249999999999999167, 0.5379464285668392742 ) ) ;
#3306 = CARTESIAN_POINT ( 'NONE',  ( -0.05177669529663687931, -0.1250000000000001110, 0.09151785714183929832 ) ) ;
#3307 = CARTESIAN_POINT ( 'NONE',  ( -0.1018028909699977835, -0.04216813812856267524, 0.2834821428547321664 ) ) ;
#3308 = CARTESIAN_POINT ( 'NONE',  ( -0.09442855881954365094, -0.1638349478164232154, 0.8562500000000000666 ) ) ;
#3309 = CARTESIAN_POINT ( 'NONE',  ( 0.1638349479016252275, 0.09442855861383885052, 0.8750000000000001110 ) ) ;
#3310 = VECTOR ( 'NONE', #4284, 39.37007874015748143 ) ;
#3311 = CARTESIAN_POINT ( 'NONE',  ( 0.04216813812856263360, 0.1018028909699977003, 0.4129464285679820268 ) ) ;
#3312 = CONICAL_SURFACE ( 'NONE', #1525, 0.1082531754730549634, 1.047197551196600074 ) ;
#3313 = CARTESIAN_POINT ( 'NONE',  ( 0.04216813812856263360, 0.1018028909699976725, 0.2700892857119820967 ) ) ;
#3314 = CARTESIAN_POINT ( 'NONE',  ( 0.09442855863492423396, 0.1638349478928950997, 0.6343750000000000222 ) ) ;
#3315 = CARTESIAN_POINT ( 'NONE',  ( -0.07198551454928017734, 0.07198551454928005244, 0.2008928571411070785 ) ) ;
#3316 = CARTESIAN_POINT ( 'NONE',  ( 0.07835931051856723228, -0.06301240645164683796, 0.7531501562697852092 ) ) ;
#3317 = DIRECTION ( 'NONE',  ( -0.000000000000000000, -0.000000000000000000, -1.000000000000000000 ) ) ;
#3318 =( BOUNDED_CURVE ( )  B_SPLINE_CURVE ( 2, ( #4562, #2090, #4168, #4224, #2553, #2034, #5056, #1242, #1193 ),
 .UNSPECIFIED., .F., .F. ) 
 B_SPLINE_CURVE_WITH_KNOTS ( ( 3, 2, 2, 2, 3 ),
 ( 0.4342105263157894912, 0.4407894736842105088, 0.4473684210526315819, 0.4539473684210526550, 0.4605263157894736725 ),
 .UNSPECIFIED. ) 
 CURVE ( )  GEOMETRIC_REPRESENTATION_ITEM ( )  RATIONAL_B_SPLINE_CURVE ( ( 1.000000000000000000, 0.9238795325112867385, 1.000000000000000000, 0.9238795325112867385, 1.000000000000000000, 0.9238795325112867385, 1.000000000000000000, 0.9238795325112867385, 1.000000000000000000 ) ) 
 REPRESENTATION_ITEM ( '' )  );
#3319 = ORIENTED_EDGE ( 'NONE', *, *, #4863, .T. ) ;
#3320 = CARTESIAN_POINT ( 'NONE',  ( 0.1285714285714285865, -1.687782420336073622E-16, 0.9886549160387958501 ) ) ;
#3321 = LINE ( 'NONE', #405, #424 ) ;
#3322 = CARTESIAN_POINT ( 'NONE',  ( -0.04216813812856259891, -0.1018028909699978252, 0.4620535714247321901 ) ) ;
#3323 = CARTESIAN_POINT ( 'NONE',  ( -0.1249999999999999584, -4.137557040103478648E-18, 0.5848214285664643519 ) ) ;
#3324 = CARTESIAN_POINT ( 'NONE',  ( 0.04216813812856263360, 0.1018028909699977697, 0.4843749999959819919 ) ) ;
#3325 = EDGE_CURVE ( 'NONE', #4829, #3597, #4070, .T. ) ;
#3326 = ORIENTED_EDGE ( 'NONE', *, *, #598, .T. ) ;
#3327 = CARTESIAN_POINT ( 'NONE',  ( -0.1018028909699977835, -1.703786776965748301E-16, 0.02678571428535712548 ) ) ;
#3328 = CARTESIAN_POINT ( 'NONE',  ( -0.05177669529663687931, -0.1250000000000001110, 0.1629464285698393189 ) ) ;
#3329 = CARTESIAN_POINT ( 'NONE',  ( -0.08838834764831843271, -0.08838834764831844659, 0.5491071428527499743 ) ) ;
#3330 = EDGE_CURVE ( 'NONE', #1397, #1562, #3907, .T. ) ;
#3331 = CARTESIAN_POINT ( 'NONE',  ( -0.1152275101527416301, 0.1499375327922135848, 0.8750000000000001110 ) ) ;
#3332 = CARTESIAN_POINT ( 'NONE',  ( 0.07198551454928016347, -0.07198551454928021898, 0.5446428571383572503 ) ) ;
#3333 = CARTESIAN_POINT ( 'NONE',  ( -0.1018028909699977697, -0.04216813812856274463, 0.03348214285673212914 ) ) ;
#3334 = DIRECTION ( 'NONE',  ( -0.000000000000000000, -0.000000000000000000, -1.000000000000000000 ) ) ;
#3335 = CARTESIAN_POINT ( 'NONE',  ( -1.246725845703547748E-17, -0.1018028909699978946, 0.2187499999981071530 ) ) ;
#3336 = FACE_OUTER_BOUND ( 'NONE', #5225, .T. ) ;
#3337 = ORIENTED_EDGE ( 'NONE', *, *, #4118, .F. ) ;
#3338 = CARTESIAN_POINT ( 'NONE',  ( -0.07198551454928017734, -0.07198551454928020510, 0.4642857142818571647 ) ) ;
#3339 = CARTESIAN_POINT ( 'NONE',  ( 0.1018028909699977558, 0.04216813812856251564, 0.3727678571397320395 ) ) ;
#3340 = CARTESIAN_POINT ( 'NONE',  ( 0.09442855863492054247, -0.1638349478928924075, 0.6250000000000000000 ) ) ;
#3341 = CARTESIAN_POINT ( 'NONE',  ( 0.1018028909699977558, 0.04216813812856249483, 0.2611607142834821427 ) ) ;
#3342 = CARTESIAN_POINT ( 'NONE',  ( 0.05177669529663696951, 0.1249999999999999167, 0.5022321428528393472 ) ) ;
#3343 = CARTESIAN_POINT ( 'NONE',  ( 0.000000000000000000, -1.104688079777929626E-16, 0.8750000000000001110 ) ) ;
#3344 = CARTESIAN_POINT ( 'NONE',  ( 0.1874999999999998057, 0.02454369260617027954, 0.6343750000000001332 ) ) ;
#3345 = FACE_OUTER_BOUND ( 'NONE', #2652, .T. ) ;
#3346 = ORIENTED_EDGE ( 'NONE', *, *, #5335, .T. ) ;
#3347 = CARTESIAN_POINT ( 'NONE',  ( 0.1018028909699977558, 0.04216813812856247401, 0.1941964285697321546 ) ) ;
#3348 = ORIENTED_EDGE ( 'NONE', *, *, #3592, .F. ) ;
#3349 = ORIENTED_EDGE ( 'NONE', *, *, #1786, .T. ) ;
#3350 = CARTESIAN_POINT ( 'NONE',  ( 0.08838834764831840496, -0.08838834764831847435, 0.4866071428532500742 ) ) ;
#3351 = CARTESIAN_POINT ( 'NONE',  ( -0.1018028909699977835, -5.434489969376118714E-17, 0.4196428571393571727 ) ) ;
#3352 = CARTESIAN_POINT ( 'NONE',  ( 0.1781249999999999223, 0.02331650778601854213, 0.6250000000000000000 ) ) ;
#3353 = CIRCLE ( 'NONE', #679, 0.1082531754730549772 ) ;
#3354 = CARTESIAN_POINT ( 'NONE',  ( -1.530808498934191201E-17, -0.1250000000000001110, 0.1651785714269642935 ) ) ;
#3355 =( BOUNDED_CURVE ( )  B_SPLINE_CURVE ( 2, ( #257, #2434, #1978, #2323, #4087, #2750, #3183, #5256, #635 ),
 .UNSPECIFIED., .F., .T. ) 
 B_SPLINE_CURVE_WITH_KNOTS ( ( 3, 2, 2, 2, 3 ),
 ( 0.1447368421052631637, 0.1513157894736842091, 0.1578947368421052544, 0.1644736842105263275, 0.1710526315789473728 ),
 .UNSPECIFIED. ) 
 CURVE ( )  GEOMETRIC_REPRESENTATION_ITEM ( )  RATIONAL_B_SPLINE_CURVE ( ( 1.000000000000000000, 0.9238795325112867385, 1.000000000000000000, 0.9238795325112867385, 1.000000000000000000, 0.9238795325112867385, 1.000000000000000000, 0.9238795325112867385, 1.000000000000000000 ) ) 
 REPRESENTATION_ITEM ( '' )  );
#3356 = EDGE_CURVE ( 'NONE', #3052, #3725, #2202, .T. ) ;
#3357 = CARTESIAN_POINT ( 'NONE',  ( 0.07198551454928019122, 0.07198551454927998305, 0.04910714285660710415 ) ) ;
#3358 = CARTESIAN_POINT ( 'NONE',  ( 0.05177669529663685849, -0.1250000000000001110, 0.2031249999980893062 ) ) ;
#3359 = CARTESIAN_POINT ( 'NONE',  ( 0.09442855861383694926, 0.1638349479016421584, 0.8750000000000001110 ) ) ;
#3360 = CARTESIAN_POINT ( 'NONE',  ( 0.1249999999999999584, 0.05177669529663680298, 0.3191964285685892078 ) ) ;
#3361 = CARTESIAN_POINT ( 'NONE',  ( 0.07198551454928016347, -0.07198551454928034388, 0.1116071428561071360 ) ) ;
#3362 = CARTESIAN_POINT ( 'NONE',  ( -0.07198551454928017734, 0.07198551454928006632, 0.2410714285693571213 ) ) ;
#3363 = CARTESIAN_POINT ( 'NONE',  ( -5.292955487724510356E-16, -0.1082531754730549217, 0.7578125000000000000 ) ) ;
#3364 = CARTESIAN_POINT ( 'NONE',  ( -0.02454369238351461827, 0.1874999999999999167, 0.8750000000000001110 ) ) ;
#3365 = CARTESIAN_POINT ( 'NONE',  ( 0.1018028909699977558, -0.04216813812856270993, 0.4040178571394821283 ) ) ;
#3366 = CARTESIAN_POINT ( 'NONE',  ( -0.04216813812856259891, -0.1018028909699978113, 0.5022321428529821219 ) ) ;
#3367 = CARTESIAN_POINT ( 'NONE',  ( -0.08838834764831843271, 0.08838834764831825230, 0.07589285714224998369 ) ) ;
#3368 = CARTESIAN_POINT ( 'NONE',  ( -1.246725845703547748E-17, -0.1018028909699978807, 0.2499999999978571585 ) ) ;
#3369 = CARTESIAN_POINT ( 'NONE',  ( -0.1249999999999999584, -1.636840017938878412E-16, 0.04464285714249999898 ) ) ;
#3370 = FACE_OUTER_BOUND ( 'NONE', #3650, .T. ) ;
#3371 = CYLINDRICAL_SURFACE ( 'NONE', #3518, 0.1249999999999999306 ) ;
#3372 = CARTESIAN_POINT ( 'NONE',  ( -0.05177669529663687931, -0.1249999999999999861, 0.6227678571378750805 ) ) ;
#3373 = CARTESIAN_POINT ( 'NONE',  ( 0.04216813812856263360, 0.1018028909699976031, 0.09151785714198211463 ) ) ;
#3374 = CARTESIAN_POINT ( 'NONE',  ( 0.05177669529663696951, 0.1249999999999997918, 0.1450892857128392166 ) ) ;
#3375 = CARTESIAN_POINT ( 'NONE',  ( 0.1249999999999999584, -1.666102929310755375E-16, 0.1383928571414642927 ) ) ;
#3376 = CARTESIAN_POINT ( 'NONE',  ( -0.1249999999999999861, 0.05177669529663674747, 0.1495535714273749928 ) ) ;
#3377 = CARTESIAN_POINT ( 'NONE',  ( 0.1018028909699977697, -0.04216813812856268218, 0.4352678571392321616 ) ) ;
#3378 = CARTESIAN_POINT ( 'NONE',  ( -0.05177669529663687931, -0.1249999999999999861, 0.6272321428518391473 ) ) ;
#3379 = CARTESIAN_POINT ( 'NONE',  ( 0.1249999999999999445, -0.05177669529663708053, 0.2031249999983750221 ) ) ;
#3380 = CC_DESIGN_PERSON_AND_ORGANIZATION_ASSIGNMENT ( #4256, #4711, ( #3233 ) ) ;
#3381 = CARTESIAN_POINT ( 'NONE',  ( 0.05177669529663685849, -0.1250000000000000555, 0.4174107142820892569 ) ) ;
#3382 = CARTESIAN_POINT ( 'NONE',  ( -0.1249999999999999584, -9.907428449695101146E-17, 0.2633928571404642316 ) ) ;
#3383 = CARTESIAN_POINT ( 'NONE',  ( -0.05177669529663687931, -0.1249999999999999861, 0.5513392857098751154 ) ) ;
#3384 = CARTESIAN_POINT ( 'NONE',  ( 0.09442855861381971305, -0.1638349479016368848, 0.8562500000000000666 ) ) ;
#3385 = CARTESIAN_POINT ( 'NONE',  ( -1.246725845703547748E-17, -0.1018028909699977974, 0.5401785714241071901 ) ) ;
#3386 = CARTESIAN_POINT ( 'NONE',  ( -0.07198551454928017734, 0.07198551454928002469, 0.09821428571335709401 ) ) ;
#3387 = LINE ( 'NONE', #4272, #4354 ) ;
#3388 = CARTESIAN_POINT ( 'NONE',  ( 0.07198551454928016347, -0.07198551454928037163, 0.04017857142810715015 ) ) ;
#3389 = CARTESIAN_POINT ( 'NONE',  ( -0.07198551454928017734, 0.07198551454928012183, 0.4508928571391070950 ) ) ;
#3390 = CARTESIAN_POINT ( 'NONE',  ( -0.1249999999999999861, 0.05177669529663681686, 0.3995535714253750648 ) ) ;
#3391 = CARTESIAN_POINT ( 'NONE',  ( -0.04216813812856257115, 0.1018028909699976448, 0.2388392857122320911 ) ) ;
#3392 = CARTESIAN_POINT ( 'NONE',  ( 0.1638349478164233541, -0.09442855881954359543, 0.8562499999999999556 ) ) ;
#3393 = CARTESIAN_POINT ( 'NONE',  ( -0.1874999999999999167, -0.02454369238351460786, 0.8562500000000000666 ) ) ;
#3394 = EDGE_CURVE ( 'NONE', #4823, #781, #2051, .T. ) ;
#3395 = CARTESIAN_POINT ( 'NONE',  ( -1.246725845703547748E-17, -0.1018028909699978390, 0.4687499999961072250 ) ) ;
#3396 = CARTESIAN_POINT ( 'NONE',  ( 0.000000000000000000, 0.1018028909699977280, 0.4508928571391070950 ) ) ;
#3397 = CARTESIAN_POINT ( 'NONE',  ( -0.1047105610052443958, -0.03004406977193382899, 0.5958201780530429925 ) ) ;
#3398 = CARTESIAN_POINT ( 'NONE',  ( 0.07198551454928016347, -0.07198551454928027449, 0.3616071428541072219 ) ) ;
#3399 = CARTESIAN_POINT ( 'NONE',  ( 0.1687499999999999001, 0.000000000000000000, 0.8750000000000001110 ) ) ;
#3400 = CARTESIAN_POINT ( 'NONE',  ( -0.1249999999999999584, -8.984432488300643707E-17, 0.2946428571404999808 ) ) ;
#3401 = CARTESIAN_POINT ( 'NONE',  ( 0.1249999999999999584, -1.982558687500246967E-16, 0.03124999999946425494 ) ) ;
#3402 = EDGE_CURVE ( 'NONE', #1005, #5286, #3318, .T. ) ;
#3403 = CARTESIAN_POINT ( 'NONE',  ( 0.07198551454928019122, 0.07198551454928002469, 0.1607142857128571189 ) ) ;
#3404 = CARTESIAN_POINT ( 'NONE',  ( -0.07198551454928017734, 0.07198551454927999693, 0.02678571428535710466 ) ) ;
#3405 = DIRECTION ( 'NONE',  ( 0.000000000000000000, 0.000000000000000000, 1.000000000000000000 ) ) ;
#3406 = CARTESIAN_POINT ( 'NONE',  ( 0.1018028909699977697, -0.04216813812856272381, 0.3638392857112321410 ) ) ;
#3407 = CARTESIAN_POINT ( 'NONE',  ( -0.02331650778601853519, 0.1781249999999999223, 0.6250000000000000000 ) ) ;
#3408 = CONICAL_SURFACE ( 'NONE', #1443, 0.1285714285714285865, 1.053459463225174364 ) ;
#3409 = CARTESIAN_POINT ( 'NONE',  ( 0.08838834764831840496, -0.08838834764831855761, 0.1696428571412142705 ) ) ;
#3410 = ORIENTED_EDGE ( 'NONE', *, *, #48, .T. ) ;
#3411 = CARTESIAN_POINT ( 'NONE',  ( -0.1249999999999999584, -1.201713350429171340E-16, 0.1919642857124642388 ) ) ;
#3412 = CARTESIAN_POINT ( 'NONE',  ( 0.08838834764831840496, -0.08838834764831847435, 0.4196428571392143425 ) ) ;
#3413 = CARTESIAN_POINT ( 'NONE',  ( -0.1249999999999999861, -0.05177669529663699033, 0.1941964285695892967 ) ) ;
#3414 = CARTESIAN_POINT ( 'NONE',  ( 0.1826198767901039133, 0.04907772852306844374, 0.8562500000000000666 ) ) ;
#3415 = CARTESIAN_POINT ( 'NONE',  ( -1.246725845703547748E-17, -0.1018028909699977974, 0.5357142857098572408 ) ) ;
#3416 = CARTESIAN_POINT ( 'NONE',  ( 0.1018028909699977697, 0.04216813812856252258, 0.3727678571397320950 ) ) ;
#3417 = DIRECTION ( 'NONE',  ( -0.000000000000000000, -0.000000000000000000, -1.000000000000000000 ) ) ;
#3418 = CARTESIAN_POINT ( 'NONE',  ( 0.1018028909699977558, 0.04216813812856254340, 0.4441964285677320601 ) ) ;
#3419 = CARTESIAN_POINT ( 'NONE',  ( 0.000000000000000000, 0.1018028909699977419, 0.4866071428531070775 ) ) ;
#3420 = CARTESIAN_POINT ( 'NONE',  ( -0.04493870179045374863, -0.1040257947386904608, 0.5983203625167026196 ) ) ;
#3421 = CARTESIAN_POINT ( 'NONE',  ( -0.04216813812856257809, 0.1018028909699977003, 0.3415178571399821172 ) ) ;
#3422 = ADVANCED_FACE ( 'NONE', ( #3765 ), #2936, .T. ) ;
#3423 = CARTESIAN_POINT ( 'NONE',  ( 0.1249999999999999584, -0.05177669529663705278, 0.2745535714263750426 ) ) ;
#3424 = APPROVAL_ROLE ( '' ) ;
#3425 = CARTESIAN_POINT ( 'NONE',  ( 0.1018028909699977697, -0.04216813812856282789, 0.01116071428548213833 ) ) ;
#3426 = DIRECTION ( 'NONE',  ( -0.000000000000000000, -0.000000000000000000, -1.000000000000000000 ) ) ;
#3427 = CARTESIAN_POINT ( 'NONE',  ( -0.07198551454928017734, -0.07198551454928030224, 0.1785714285698571657 ) ) ;
#3428 = ORIENTED_EDGE ( 'NONE', *, *, #3752, .F. ) ;
#3429 = CARTESIAN_POINT ( 'NONE',  ( 0.05177669529663697645, 0.1249999999999999584, 0.6406249999948749885 ) ) ;
#3430 = CARTESIAN_POINT ( 'NONE',  ( -0.04216813812856257809, 0.1018028909699976031, 0.06026785714223209522 ) ) ;
#3431 = CARTESIAN_POINT ( 'NONE',  ( -1.246725845703547748E-17, -0.1018028909699979223, 0.1428571428558571554 ) ) ;
#3432 = EDGE_CURVE ( 'NONE', #5111, #1419, #2532, .T. ) ;
#3433 = CARTESIAN_POINT ( 'NONE',  ( 0.1018028909699977697, -0.04216813812856270993, 0.3995535714252321791 ) ) ;
#3434 = CARTESIAN_POINT ( 'NONE',  ( -0.1094661346297747945, -0.1424406561679377181, 0.6250000000000000000 ) ) ;
#3435 = B_SPLINE_CURVE_WITH_KNOTS ( 'NONE', 3,
 ( #3704, #844, #2602, #3863, #4690, #2542 ),
 .UNSPECIFIED., .F., .F.,
 ( 4, 2, 4 ),
 ( 0.002357542807800234053, 0.003052511824003800462, 0.003747480840207366871 ),
 .UNSPECIFIED. ) ;
#3436 = ORIENTED_EDGE ( 'NONE', *, *, #5024, .F. ) ;
#3437 = VECTOR ( 'NONE', #2366, 39.37007874015748143 ) ;
#3438 = CARTESIAN_POINT ( 'NONE',  ( -1.530808498934191201E-17, -0.1250000000000000278, 0.4151785714249642822 ) ) ;
#3439 = CARTESIAN_POINT ( 'NONE',  ( 0.1249999999999999584, -0.05177669529663703890, 0.2790178571403393315 ) ) ;
#3440 = CARTESIAN_POINT ( 'NONE',  ( -0.05177669529663687931, -0.1249999999999999861, 0.5870535714238751535 ) ) ;
#3441 = CARTESIAN_POINT ( 'NONE',  ( 0.1826198767901104081, -0.04907772852305274103, 0.8562500000000000666 ) ) ;
#3442 = CARTESIAN_POINT ( 'NONE',  ( -0.1250000000000000000, 0.05177669529663679604, 0.3325892857113392775 ) ) ;
#3443 = CARTESIAN_POINT ( 'NONE',  ( -0.1018028909699977835, -1.598301524235917442E-16, 0.06249999999935712536 ) ) ;
#3444 = CARTESIAN_POINT ( 'NONE',  ( 0.000000000000000000, 0.1018028909699977419, 0.4821428571388571283 ) ) ;
#3445 = CARTESIAN_POINT ( 'NONE',  ( 0.04216813812856263360, 0.1018028909699977280, 0.4486607142819821203 ) ) ;
#3446 = LINE ( 'NONE', #4779, #4613 ) ;
#3447 = CYLINDRICAL_SURFACE ( 'NONE', #248, 0.1249999999999999306 ) ;
#3448 = CARTESIAN_POINT ( 'NONE',  ( 0.1018028909699977558, -0.04216813812856267524, 0.4754464285674821489 ) ) ;
#3449 = CARTESIAN_POINT ( 'NONE',  ( -0.1826198767988361782, -0.04907772850198707099, 0.6343750000000000222 ) ) ;
#3450 = EDGE_LOOP ( 'NONE', ( #2543, #4597, #4853, #767 ) ) ;
#3451 = CARTESIAN_POINT ( 'NONE',  ( 0.07198551454928019122, 0.07198551454928008020, 0.3348214285686071379 ) ) ;
#3452 = CARTESIAN_POINT ( 'NONE',  ( -0.04520476924447081046, 0.09121599337508418115, 0.5919107288575021775 ) ) ;
#3453 = CARTESIAN_POINT ( 'NONE',  ( -0.05177669529663686543, 0.1249999999999998751, 0.3236607142831249839 ) ) ;
#3454 = APPROVAL_DATE_TIME ( #4002, #722 ) ;
#3455 = CARTESIAN_POINT ( 'NONE',  ( -0.1018028909699977835, 0.04216813812856240462, 0.02901785714248212092 ) ) ;
#3456 = CARTESIAN_POINT ( 'NONE',  ( -0.08838834764831843271, 0.08838834764831825230, 0.04464285714221423451 ) ) ;
#3457 = ORIENTED_EDGE ( 'NONE', *, *, #5204, .T. ) ;
#3458 = EDGE_CURVE ( 'NONE', #502, #1297, #4116, .T. ) ;
#3459 = CARTESIAN_POINT ( 'NONE',  ( -0.04216813812856259891, -0.1018028909699979223, 0.1450892857129821856 ) ) ;
#3460 = CARTESIAN_POINT ( 'NONE',  ( -0.04216813812856259891, -0.1018028909699979778, 0.03794642857098216165 ) ) ;
#3461 = CARTESIAN_POINT ( 'NONE',  ( 0.04216813812856255728, -0.1018028909699979084, 0.2522321428549821887 ) ) ;
#3462 = CARTESIAN_POINT ( 'NONE',  ( 0.05177669529663685849, -0.1250000000000001665, 0.1272321428561250523 ) ) ;
#3463 = CARTESIAN_POINT ( 'NONE',  ( 0.000000000000000000, 0.1018028909699977835, 0.5892857142808570758 ) ) ;
#3464 = CARTESIAN_POINT ( 'NONE',  ( 0.1152275101366037335, -0.1499375328083514536, 0.6343750000000000222 ) ) ;
#3465 = CARTESIAN_POINT ( 'NONE',  ( -0.05177669529663687931, -0.1250000000000000833, 0.2299107142838750784 ) ) ;
#3466 = ORIENTED_EDGE ( 'NONE', *, *, #376, .F. ) ;
#3467 = CARTESIAN_POINT ( 'NONE',  ( -0.1018028909699977835, -0.04216813812856270993, 0.1718749999984821586 ) ) ;
#3468 = CARTESIAN_POINT ( 'NONE',  ( 0.000000000000000000, 0.1249999999999999029, 0.3616071428539642807 ) ) ;
#3469 = CARTESIAN_POINT ( 'NONE',  ( -0.05177669529663687931, 0.1249999999999998473, 0.2209821428550892419 ) ) ;
#3470 = CARTESIAN_POINT ( 'NONE',  ( -1.246725845703547748E-17, -0.1018028909699979362, 0.07142857142785716262 ) ) ;
#3471 = CARTESIAN_POINT ( 'NONE',  ( -0.1018028909699977697, -0.04216813812856259891, 0.4933035714244821679 ) ) ;
#3472 = CARTESIAN_POINT ( 'NONE',  ( 0.05177669529663697645, 0.1249999999999998751, 0.4620535714248749093 ) ) ;
#3473 = CARTESIAN_POINT ( 'NONE',  ( 0.04216813812856255728, -0.1018028909699978668, 0.3638392857112321410 ) ) ;
#3474 = CYLINDRICAL_SURFACE ( 'NONE', #11, 0.1249999999999999306 ) ;
#3475 = CARTESIAN_POINT ( 'NONE',  ( -0.01171066621073367335, 0.1108311243969265919, 0.01299956712079505458 ) ) ;
#3476 = CARTESIAN_POINT ( 'NONE',  ( -0.04216813812856259891, -0.1018028909699978252, 0.4308035714249821568 ) ) ;
#3477 = CARTESIAN_POINT ( 'NONE',  ( 0.05177669529663696951, 0.1249999999999997780, 0.06919642857087497656 ) ) ;
#3478 = CARTESIAN_POINT ( 'NONE',  ( -0.1018028909699977835, -6.489342496674424223E-17, 0.3839285714253570791 ) ) ;
#3479 = FACE_OUTER_BOUND ( 'NONE', #5398, .T. ) ;
#3480 = MECHANICAL_CONTEXT ( 'NONE', #5355, 'mechanical' ) ;
#3481 = CARTESIAN_POINT ( 'NONE',  ( -0.07198551454928017734, 0.07198551454927999693, 0.02678571428535710466 ) ) ;
#3482 = CARTESIAN_POINT ( 'NONE',  ( -1.530808498934191201E-17, -0.1250000000000000278, 0.4464285714250000314 ) ) ;
#3483 = CARTESIAN_POINT ( 'NONE',  ( -0.1018028909699977835, -8.467190985358744511E-17, 0.3169642857116071744 ) ) ;
#3484 = ORIENTED_EDGE ( 'NONE', *, *, #1930, .T. ) ;
#3485 = CARTESIAN_POINT ( 'NONE',  ( -0.1018028909699977697, -0.04216813812856273769, 0.06919642857073213249 ) ) ;
#3486 = CARTESIAN_POINT ( 'NONE',  ( -0.1349216999257827343, -0.1037228611111813970, 0.8750000000000000000 ) ) ;
#3487 = CARTESIAN_POINT ( 'NONE',  ( 0.000000000000000000, 0.1018028909699976448, 0.1607142857128570912 ) ) ;
#3488 = CARTESIAN_POINT ( 'NONE',  ( 0.1018028909699977835, -5.290810342537445815E-17, 0.5089285714243571013 ) ) ;
#3489 = CARTESIAN_POINT ( 'NONE',  ( 0.09442855863492423396, 0.1638349478928950997, 0.6343750000000000222 ) ) ;
#3490 = CARTESIAN_POINT ( 'NONE',  ( 0.1249999999999999584, -3.079803004133425890E-17, 0.5982142857095000821 ) ) ;
#3491 = AXIS2_PLACEMENT_3D ( 'NONE', #2786, #4510, #5352 ) ;
#3492 = CARTESIAN_POINT ( 'NONE',  ( -1.246725845703547748E-17, -0.1018028909699979362, 0.07142857142785716262 ) ) ;
#3493 = CARTESIAN_POINT ( 'NONE',  ( -0.08838834764831843271, -0.08838834764831850210, 0.3392857142827143124 ) ) ;
#3494 = ADVANCED_FACE ( 'NONE', ( #3336 ), #3408, .T. ) ;
#3495 = CARTESIAN_POINT ( 'NONE',  ( -0.01601754723999716801, -0.1005349033433849543, 0.003588605255498095257 ) ) ;
#3496 = CARTESIAN_POINT ( 'NONE',  ( -0.08838834764831843271, -0.08838834764831858537, 0.01785714285671427884 ) ) ;
#3497 = CARTESIAN_POINT ( 'NONE',  ( 0.05177669529663685849, -0.1250000000000000555, 0.4843749999961250996 ) ) ;
#3498 = EDGE_CURVE ( 'NONE', #620, #1468, #1817, .T. ) ;
#3499 = CARTESIAN_POINT ( 'NONE',  ( 0.07198551454928019122, 0.07198551454928008020, 0.3749999999968571252 ) ) ;
#3500 = CARTESIAN_POINT ( 'NONE',  ( 0.000000000000000000, 0.1249999999999998057, 0.1116071428559642087 ) ) ;
#3501 = CARTESIAN_POINT ( 'NONE',  ( 0.000000000000000000, 7.549139889267777477E-20, 0.000000000000000000 ) ) ;
#3502 = VERTEX_POINT ( 'NONE', #2062 ) ;
#3503 = CIRCLE ( 'NONE', #4189, 0.01339285714275000906 ) ;
#3504 = CARTESIAN_POINT ( 'NONE',  ( -1.246725845703547748E-17, -0.1018028909699977835, 0.6473214285661071932 ) ) ;
#3505 = CARTESIAN_POINT ( 'NONE',  ( -0.03084450010907965542, -0.09044509503205799827, 0.8666383330878952851 ) ) ;
#3506 = CARTESIAN_POINT ( 'NONE',  ( 0.1018028909699977835, -1.056507297902897521E-16, 0.3303571428543571886 ) ) ;
#3507 = CARTESIAN_POINT ( 'NONE',  ( -0.08838834764831843271, -0.08838834764831850210, 0.3348214285687499681 ) ) ;
#3508 = CARTESIAN_POINT ( 'NONE',  ( -0.1424185764360624551, 0.1094842364752201952, 0.6249999999999998890 ) ) ;
#3509 = CARTESIAN_POINT ( 'NONE',  ( 0.1018028909699977835, -1.359777399501160162E-16, 0.2276785714266071348 ) ) ;
#3510 = ORIENTED_EDGE ( 'NONE', *, *, #3240, .F. ) ;
#3511 = CARTESIAN_POINT ( 'NONE',  ( -0.04216813812856259891, -0.1018028909699979223, 0.1763392857127321911 ) ) ;
#3512 = CARTESIAN_POINT ( 'NONE',  ( -0.07198551454928017734, 0.07198551454928014959, 0.5223214285671070600 ) ) ;
#3513 = CARTESIAN_POINT ( 'NONE',  ( 0.1638349478928926295, -0.09442855863492004287, 0.6250000000000000000 ) ) ;
#3514 = CARTESIAN_POINT ( 'NONE',  ( 0.03869993419460728695, 0.1080879858878337346, 0.5993103272546270732 ) ) ;
#3515 = CARTESIAN_POINT ( 'NONE',  ( -0.04216813812856259891, -0.1018028909699977697, 0.6450892857089821630 ) ) ;
#3516 = CARTESIAN_POINT ( 'NONE',  ( -0.07198551454928017734, 0.07198551454928003857, 0.1294642857131071134 ) ) ;
#3517 = CARTESIAN_POINT ( 'NONE',  ( -1.530808498934191201E-17, -0.1250000000000000278, 0.4151785714249642822 ) ) ;
#3518 = AXIS2_PLACEMENT_3D ( 'NONE', #2164, #836, #5431 ) ;
#3519 = EDGE_CURVE ( 'NONE', #4472, #620, #2978, .T. ) ;
#3520 = CARTESIAN_POINT ( 'NONE',  ( -0.002751083172245046438, -0.1019805749345606277, 0.003588605255498105665 ) ) ;
#3521 = EDGE_LOOP ( 'NONE', ( #3319, #2331, #4943, #1727, #4179, #2731 ) ) ;
#3522 = DIRECTION ( 'NONE',  ( -0.000000000000000000, -0.000000000000000000, -1.000000000000000000 ) ) ;
#3523 = CARTESIAN_POINT ( 'NONE',  ( -0.1018028909699977835, -1.602273328845885097E-18, 0.5982142857093571964 ) ) ;
#3524 = CARTESIAN_POINT ( 'NONE',  ( 0.1018028909699977835, -9.378363885818378353E-17, 0.3705357142826071759 ) ) ;
#3525 = DIRECTION ( 'NONE',  ( -0.000000000000000000, -0.000000000000000000, -1.000000000000000000 ) ) ;
#3526 = AXIS2_PLACEMENT_3D ( 'NONE', #1612, #3726, #2078 ) ;
#3527 = CARTESIAN_POINT ( 'NONE',  ( -0.05177669529663687931, -0.1250000000000001388, 0.05133928571387504081 ) ) ;
#3528 =( BOUNDED_CURVE ( )  B_SPLINE_CURVE ( 2, ( #1596, #2406, #2032, #3306, #3687, #1977, #3739, #4559, #3662 ),
 .UNSPECIFIED., .F., .F. ) 
 B_SPLINE_CURVE_WITH_KNOTS ( ( 3, 2, 2, 2, 3 ),
 ( 0.1710526315789473728, 0.1776315789473684181, 0.1842105263157894635, 0.1907894736842105365, 0.1973684210526315819 ),
 .UNSPECIFIED. ) 
 CURVE ( )  GEOMETRIC_REPRESENTATION_ITEM ( )  RATIONAL_B_SPLINE_CURVE ( ( 1.000000000000000000, 0.9238795325112867385, 1.000000000000000000, 0.9238795325112867385, 1.000000000000000000, 0.9238795325112867385, 1.000000000000000000, 0.9238795325112867385, 1.000000000000000000 ) ) 
 REPRESENTATION_ITEM ( '' )  );
#3529 = CARTESIAN_POINT ( 'NONE',  ( -0.1018028909699977697, 0.04216813812856256422, 0.5647321428524821885 ) ) ;
#3530 = CARTESIAN_POINT ( 'NONE',  ( 0.06381344930900896550, -0.09947090778698572389, 0.6010928022022410389 ) ) ;
#3531 = CARTESIAN_POINT ( 'NONE',  ( -0.1018028909699977697, -0.04216813812856259891, 0.5647321428524821885 ) ) ;
#3532 = DIRECTION ( 'NONE',  ( -0.000000000000000000, -0.000000000000000000, -1.000000000000000000 ) ) ;
#3533 = LINE ( 'NONE', #2296, #1991 ) ;
#3534 = ORIENTED_EDGE ( 'NONE', *, *, #847, .T. ) ;
#3535 = ORIENTED_EDGE ( 'NONE', *, *, #3035, .T. ) ;
#3536 = CARTESIAN_POINT ( 'NONE',  ( 0.04216813812856263360, 0.1018028909699976448, 0.1986607142839820761 ) ) ;
#3537 = CARTESIAN_POINT ( 'NONE',  ( 0.04216813812856263360, 0.1018028909699976031, 0.08705357142773209600 ) ) ;
#3538 = CARTESIAN_POINT ( 'NONE',  ( 0.07198551454928016347, -0.07198551454928031612, 0.1830357142841071705 ) ) ;
#3539 = CARTESIAN_POINT ( 'NONE',  ( 0.08838834764831840496, -0.08838834764831855761, 0.1651785714272500372 ) ) ;
#3540 = CARTESIAN_POINT ( 'NONE',  ( 0.04216813812856255728, -0.1018028909699978113, 0.5379464285669821599 ) ) ;
#3541 = CARTESIAN_POINT ( 'NONE',  ( -0.1499375328083459302, -0.1152275101366093124, 0.6250000000000001110 ) ) ;
#3542 = DIRECTION ( 'NONE',  ( -1.000000000000000000, 0.000000000000000000, 0.000000000000000000 ) ) ;
#3543 = EDGE_LOOP ( 'NONE', ( #4040, #2432 ) ) ;
#3544 = LINE ( 'NONE', #2687, #3154 ) ;
#3545 = CARTESIAN_POINT ( 'NONE',  ( -1.246725845703547748E-17, -0.1018028909699979362, 0.1071428571418571590 ) ) ;
#3546 = CARTESIAN_POINT ( 'NONE',  ( 0.1249999999999999584, -8.222209074721107215E-17, 0.4241071428534642918 ) ) ;
#3547 = CARTESIAN_POINT ( 'NONE',  ( 0.000000000000000000, 2.561107494060246767E-17, 0.6953125000000003331 ) ) ;
#3548 = DIRECTION ( 'NONE',  ( -0.000000000000000000, -0.000000000000000000, -1.000000000000000000 ) ) ;
#3549 = CARTESIAN_POINT ( 'NONE',  ( -0.1249999999999999861, -0.05177669529663703890, 0.01562499999958926952 ) ) ;
#3550 = LINE ( 'NONE', #3019, #5244 ) ;
#3551 = CARTESIAN_POINT ( 'NONE',  ( -0.1165092688005710253, -1.719859831637012878E-16, 0.01829498308607132098 ) ) ;
#3552 = CARTESIAN_POINT ( 'NONE',  ( -0.04216813812856259891, -0.1018028909699977697, 0.6450892857089821630 ) ) ;
#3553 = LINE ( 'NONE', #1464, #1982 ) ;
#3554 = CARTESIAN_POINT ( 'NONE',  ( -0.1018028909699977697, 0.04216813812856252952, 0.4531249999962321251 ) ) ;
#3555 = CARTESIAN_POINT ( 'NONE',  ( -0.07198551454928017734, -0.07198551454928031612, 0.1428571428558571554 ) ) ;
#3556 =( BOUNDED_CURVE ( )  B_SPLINE_CURVE ( 2, ( #1803, #52, #175, #2272, #582, #1748, #3456, #3912, #1860 ),
 .UNSPECIFIED., .F., .F. ) 
 B_SPLINE_CURVE_WITH_KNOTS ( ( 3, 2, 2, 2, 3 ),
 ( 0.09210526315789473173, 0.09868421052631579093, 0.1052631578947368363, 0.1118421052631578955, 0.1184210526315789408 ),
 .UNSPECIFIED. ) 
 CURVE ( )  GEOMETRIC_REPRESENTATION_ITEM ( )  RATIONAL_B_SPLINE_CURVE ( ( 1.000000000000000000, 0.9238795325112867385, 1.000000000000000000, 0.9238795325112867385, 1.000000000000000000, 0.9238795325112867385, 1.000000000000000000, 0.9238795325112867385, 1.000000000000000000 ) ) 
 REPRESENTATION_ITEM ( '' )  );
#3557 = CARTESIAN_POINT ( 'NONE',  ( 0.1249999999999999445, -0.05177669529663699033, 0.4531249999963750108 ) ) ;
#3558 = ORIENTED_EDGE ( 'NONE', *, *, #369, .T. ) ;
#3559 = CARTESIAN_POINT ( 'NONE',  ( 0.07198551454928016347, -0.07198551454928031612, 0.1874999999983571475 ) ) ;
#3560 = CARTESIAN_POINT ( 'NONE',  ( 0.000000000000000000, 0.1018028909699976170, 0.05357142857085709503 ) ) ;
#3561 = CARTESIAN_POINT ( 'NONE',  ( -0.1474649246647851963, -0.08496052921710008088, 0.8750000000000000000 ) ) ;
#3562 = CARTESIAN_POINT ( 'NONE',  ( -1.246725845703547748E-17, -0.1018028909699978668, 0.3571428571398571616 ) ) ;
#3563 = CARTESIAN_POINT ( 'NONE',  ( 0.1018028909699977697, -0.04216813812856266136, 0.5424107142812322202 ) ) ;
#3564 = CARTESIAN_POINT ( 'NONE',  ( 0.1499375328083512871, -0.1152275101366039001, 0.6250000000000000000 ) ) ;
#3565 = CONICAL_SURFACE ( 'NONE', #4789, 0.1082531754730549772, 1.047197551196600074 ) ;
#3566 = EDGE_CURVE ( 'NONE', #4071, #5273, #3237, .T. ) ;
#3567 = DIRECTION ( 'NONE',  ( -1.000000000000000000, 0.000000000000000000, 0.000000000000000000 ) ) ;
#3568 = CARTESIAN_POINT ( 'NONE',  ( 0.1249999999999999722, 0.05177669529663671971, 0.02901785714262498928 ) ) ;
#3569 = CARTESIAN_POINT ( 'NONE',  ( -0.1249999999999999861, -0.05177669529663693482, 0.4084821428535893029 ) ) ;
#3570 = VERTEX_POINT ( 'NONE', #5424 ) ;
#3571 = CONICAL_SURFACE ( 'NONE', #2268, 0.1082531754730549772, 1.047197551196600074 ) ;
#3572 = DIRECTION ( 'NONE',  ( -0.8660254037844384856, -0.5000000000000001110, 0.000000000000000000 ) ) ;
#3573 = CARTESIAN_POINT ( 'NONE',  ( -0.1249999999999999861, 0.05177669529663667808, -0.02455357142866076287 ) ) ;
#3574 = DIRECTION ( 'NONE',  ( 0.000000000000000000, 0.000000000000000000, 1.000000000000000000 ) ) ;
#3575 = CARTESIAN_POINT ( 'NONE',  ( -0.1249999999999999861, -0.05177669529663690012, 0.5111607142816250171 ) ) ;
#3576 = CARTESIAN_POINT ( 'NONE',  ( -0.1249999999999999306, 7.549139889267777477E-20, 0.000000000000000000 ) ) ;
#3577 = CARTESIAN_POINT ( 'NONE',  ( 0.1037047591374595373, -0.1349437795130001283, 0.8750000000000001110 ) ) ;
#3578 = CARTESIAN_POINT ( 'NONE',  ( -0.04216813812856257809, 0.1018028909699977697, 0.5959821428522321662 ) ) ;
#3579 = CARTESIAN_POINT ( 'NONE',  ( 0.09278677106449026435, -0.07562986596294613006, 0.6019630521857670669 ) ) ;
#3580 = CARTESIAN_POINT ( 'NONE',  ( -0.04216813812856257809, 0.1018028909699977558, 0.4486607142819821203 ) ) ;
#3581 = DIRECTION ( 'NONE',  ( -0.8660254037844388186, 0.4999999999999995559, 0.000000000000000000 ) ) ;
#3582 = CARTESIAN_POINT ( 'NONE',  ( 0.07198551454928016347, -0.07198551454928033000, 0.1517857142843571372 ) ) ;
#3583 = VERTEX_POINT ( 'NONE', #3363 ) ;
#3584 = CARTESIAN_POINT ( 'NONE',  ( 0.04216813812856263360, 0.1018028909699976031, 0.1272321428559821388 ) ) ;
#3585 = EDGE_CURVE ( 'NONE', #2809, #2672, #654, .T. ) ;
#3586 = VERTEX_POINT ( 'NONE', #1770 ) ;
#3587 = CARTESIAN_POINT ( 'NONE',  ( 0.04216813812856255728, -0.1018028909699979778, 0.1093749999989821475 ) ) ;
#3588 = CARTESIAN_POINT ( 'NONE',  ( -0.04216813812856257809, 0.1018028909699977003, 0.3058035714259820792 ) ) ;
#3589 = CARTESIAN_POINT ( 'NONE',  ( 0.09375000000000020817, 0.01840772069454301926, 0.7502442289393234098 ) ) ;
#3590 = DIRECTION ( 'NONE',  ( -0.000000000000000000, -0.000000000000000000, -1.000000000000000000 ) ) ;
#3591 = CARTESIAN_POINT ( 'NONE',  ( 0.05177669529663685849, -0.1250000000000000833, 0.3415178571401250585 ) ) ;
#3592 = EDGE_CURVE ( 'NONE', #1005, #2460, #3446, .T. ) ;
#3593 = CARTESIAN_POINT ( 'NONE',  ( -0.1874999999999999167, -0.02454369240633886076, 0.6250000000000000000 ) ) ;
#3594 = CARTESIAN_POINT ( 'NONE',  ( 0.08838834764831843271, 0.08838834764831822455, 0.03124999999974997431 ) ) ;
#3595 = CARTESIAN_POINT ( 'NONE',  ( -0.1018028909699977835, -8.599047551271035241E-17, 0.3124999999973571141 ) ) ;
#3596 = CARTESIAN_POINT ( 'NONE',  ( -0.1249999999999999861, -0.05177669529663690706, 0.4799107142815893789 ) ) ;
#3597 = VERTEX_POINT ( 'NONE', #2613 ) ;
#3598 = ORIENTED_EDGE ( 'NONE', *, *, #5106, .T. ) ;
#3599 = CARTESIAN_POINT ( 'NONE',  ( 0.08838834764831840496, -0.08838834764831852986, 0.2410714285692142633 ) ) ;
#3600 = CARTESIAN_POINT ( 'NONE',  ( 0.07198551454928016347, -0.07198551454928019122, 0.6116071428521071551 ) ) ;
#3601 = COORDINATED_UNIVERSAL_TIME_OFFSET ( 8, 0, .BEHIND. ) ;
#3602 = CARTESIAN_POINT ( 'NONE',  ( 0.08838834764831843271, 0.08838834764831836333, 0.5312499999957500663 ) ) ;
#3603 = DIRECTION ( 'NONE',  ( -0.000000000000000000, -0.000000000000000000, -1.000000000000000000 ) ) ;
#3604 = CARTESIAN_POINT ( 'NONE',  ( -0.1249999999999999584, -2.655317324510810035E-17, 0.5089285714244999870 ) ) ;
#3605 = CARTESIAN_POINT ( 'NONE',  ( -0.07198551454928017734, -0.07198551454928017734, 0.6071428571378572059 ) ) ;
#3606 = CARTESIAN_POINT ( 'NONE',  ( 0.1098021155007688765, -0.05074958952834442844, 0.6026791928270837095 ) ) ;
#3607 = CARTESIAN_POINT ( 'NONE',  ( -0.07198551454928017734, -0.07198551454928019122, 0.5312499999956071806 ) ) ;
#3608 = AXIS2_PLACEMENT_3D ( 'NONE', #3268, #646, #2862 ) ;
#3609 = CARTESIAN_POINT ( 'NONE',  ( -0.04216813812856259891, -0.1018028909699979917, 0.03794642857098216165 ) ) ;
#3610 = CARTESIAN_POINT ( 'NONE',  ( 0.07198551454928019122, 0.07198551454928008020, 0.3392857142828570871 ) ) ;
#3611 = CARTESIAN_POINT ( 'NONE',  ( -0.1018028909699977697, 0.04216813812856246707, 0.2075892857124821134 ) ) ;
#3612 = CARTESIAN_POINT ( 'NONE',  ( 0.04216813812856255728, -0.1018028909699978668, 0.3950892857109821188 ) ) ;
#3613 = CARTESIAN_POINT ( 'NONE',  ( -3.295631491865439644E-17, 0.1082531754730550605, 0.7578125000000000000 ) ) ;
#3614 = DIRECTION ( 'NONE',  ( -1.000000000000000000, 0.000000000000000000, 0.000000000000000000 ) ) ;
#3615 = CARTESIAN_POINT ( 'NONE',  ( -1.530808498934191201E-17, -0.1250000000000000555, 0.3392857142830001393 ) ) ;
#3616 = CARTESIAN_POINT ( 'NONE',  ( -0.04419512920611465973, 0.1643444175577788158, 0.8750000000000001110 ) ) ;
#3617 = VERTEX_POINT ( 'NONE', #4336 ) ;
#3618 = CARTESIAN_POINT ( 'NONE',  ( 0.1249999999999999584, 0.05177669529663676135, 0.1718749999986250165 ) ) ;
#3619 = CARTESIAN_POINT ( 'NONE',  ( 0.1499375328083565329, 0.1152275101365986543, 0.6343750000000000222 ) ) ;
#3620 = CARTESIAN_POINT ( 'NONE',  ( 0.000000000000000000, 0.1249999999999998057, 0.1071428571419999753 ) ) ;
#3621 = CARTESIAN_POINT ( 'NONE',  ( 0.000000000000000000, 0.1018028909699976725, 0.2678571428548571220 ) ) ;
#3622 = CARTESIAN_POINT ( 'NONE',  ( -0.1249999999999999584, -3.578313285905266858E-17, 0.4776785714244642378 ) ) ;
#3623 = CARTESIAN_POINT ( 'NONE',  ( -0.1018028909699977835, 0.04216813812856256422, 0.5647321428524821885 ) ) ;
#3624 = EDGE_CURVE ( 'NONE', #2460, #3570, #4430, .T. ) ;
#3625 = ORIENTED_EDGE ( 'NONE', *, *, #3035, .F. ) ;
#3626 = CARTESIAN_POINT ( 'NONE',  ( 0.08838834764831843271, 0.08838834764831832169, 0.4241071428537500076 ) ) ;
#3627 = CARTESIAN_POINT ( 'NONE',  ( 0.08838834764831840496, -0.08838834764831858537, 0.06249999999921426741 ) ) ;
#3628 = CARTESIAN_POINT ( 'NONE',  ( -0.06962292573997240497, -0.09782559533439144639, 0.02171155176491277108 ) ) ;
#3629 = DIRECTION ( 'NONE',  ( -0.000000000000000000, -0.000000000000000000, -1.000000000000000000 ) ) ;
#3630 = DIRECTION ( 'NONE',  ( -0.000000000000000000, -0.000000000000000000, 1.000000000000000000 ) ) ;
#3631 = EDGE_LOOP ( 'NONE', ( #1865, #2273, #3783, #826 ) ) ;
#3632 = CARTESIAN_POINT ( 'NONE',  ( -0.1018028909699977697, -0.04216813812856259891, 0.5290178571384821504 ) ) ;
#3633 =( BOUNDED_CURVE ( )  B_SPLINE_CURVE ( 2, ( #1383, #546, #4301, #941, #3927, #3089, #1819, #1015, #4418 ),
 .UNSPECIFIED., .F., .T. ) 
 B_SPLINE_CURVE_WITH_KNOTS ( ( 3, 2, 2, 2, 3 ),
 ( 0.1447368421052631637, 0.1513157894736842091, 0.1578947368421052544, 0.1644736842105263275, 0.1710526315789473728 ),
 .UNSPECIFIED. ) 
 CURVE ( )  GEOMETRIC_REPRESENTATION_ITEM ( )  RATIONAL_B_SPLINE_CURVE ( ( 1.000000000000000000, 0.9238795325112867385, 1.000000000000000000, 0.9238795325112867385, 1.000000000000000000, 0.9238795325112867385, 1.000000000000000000, 0.9238795325112867385, 1.000000000000000000 ) ) 
 REPRESENTATION_ITEM ( '' )  );
#3634 = CARTESIAN_POINT ( 'NONE',  ( -0.07198551454928017734, -0.07198551454928033000, 0.07142857142785716262 ) ) ;
#3635 = CARTESIAN_POINT ( 'NONE',  ( -0.02208932314518406367, -0.1687499999999999001, 0.8750000000000001110 ) ) ;
#3636 = ORIENTED_EDGE ( 'NONE', *, *, #4054, .T. ) ;
#3637 = CARTESIAN_POINT ( 'NONE',  ( -1.246725845703547748E-17, -0.1018028909699978529, 0.3973214285681072044 ) ) ;
#3638 = CARTESIAN_POINT ( 'NONE',  ( -0.04216813812856257809, 0.1018028909699976031, 0.02455357142823209535 ) ) ;
#3639 = CARTESIAN_POINT ( 'NONE',  ( 0.1018028909699977558, -0.04216813812856274463, 0.2611607142834821427 ) ) ;
#3640 = CARTESIAN_POINT ( 'NONE',  ( 0.1018028909699977558, 0.04216813812856245319, 0.1183035714274821293 ) ) ;
#3641 = CARTESIAN_POINT ( 'NONE',  ( 0.000000000000000000, 0.1018028909699977003, 0.3392857142828570871 ) ) ;
#3642 = CARTESIAN_POINT ( 'NONE',  ( 0.1037140535767270694, -0.01615826339778940468, 0.006434632939729532063 ) ) ;
#3643 = CARTESIAN_POINT ( 'NONE',  ( 0.1249999999999999584, -5.189508058730038141E-17, 0.5267857142815000060 ) ) ;
#3644 = ORIENTED_EDGE ( 'NONE', *, *, #48, .F. ) ;
#3645 = CARTESIAN_POINT ( 'NONE',  ( -0.05177669529663687931, 0.1249999999999999445, 0.5379464285671249346 ) ) ;
#3646 = CARTESIAN_POINT ( 'NONE',  ( -0.1826198767988345129, 0.04907772850199095677, 0.6343750000000000222 ) ) ;
#3647 = CARTESIAN_POINT ( 'NONE',  ( -1.246725845703547748E-17, -0.1018028909699978668, 0.3214285714258571791 ) ) ;
#3648 = CARTESIAN_POINT ( 'NONE',  ( -1.530808498934191201E-17, -0.1250000000000000278, 0.4508928571389643758 ) ) ;
#3649 = CARTESIAN_POINT ( 'NONE',  ( 0.1018028909699977835, -3.049248722028542833E-17, 0.5848214285666072376 ) ) ;
#3650 = EDGE_LOOP ( 'NONE', ( #782, #702, #3879, #3719 ) ) ;
#3651 = ORIENTED_EDGE ( 'NONE', *, *, #4388, .T. ) ;
#3652 = EDGE_CURVE ( 'NONE', #2573, #4595, #5118, .T. ) ;
#3653 = CARTESIAN_POINT ( 'NONE',  ( -0.05177669529663687931, 0.1249999999999999445, 0.4709821428530894249 ) ) ;
#3654 = CARTESIAN_POINT ( 'NONE',  ( -0.08838834764831843271, -0.08838834764831854374, 0.1249999999987142923 ) ) ;
#3655 = CARTESIAN_POINT ( 'NONE',  ( 0.1249999999999999722, 0.05177669529663686543, 0.4933035714246249981 ) ) ;
#3656 = CARTESIAN_POINT ( 'NONE',  ( -0.05460262614735201386, -0.1075491545557498985, 0.02225549076410320015 ) ) ;
#3657 = CARTESIAN_POINT ( 'NONE',  ( 0.1051882938682729141, 9.845268314075999542E-13, 0.006974008153773087436 ) ) ;
#3658 = AXIS2_PLACEMENT_3D ( 'NONE', #4783, #999, #2722 ) ;
#3659 = APPROVAL_PERSON_ORGANIZATION ( #4866, #5326, #3424 ) ;
#3660 = ORIENTED_EDGE ( 'NONE', *, *, #2800, .F. ) ;
#3661 = CARTESIAN_POINT ( 'NONE',  ( 0.1249999999999999584, -1.033191412931771823E-16, 0.3526785714254642712 ) ) ;
#3662 = CARTESIAN_POINT ( 'NONE',  ( 0.1249999999999999584, -1.771588182040585741E-16, 0.1026785714274642686 ) ) ;
#3663 = AXIS2_PLACEMENT_3D ( 'NONE', #4372, #3532, #923 ) ;
#3664 = CARTESIAN_POINT ( 'NONE',  ( -1.246725845703547748E-17, -0.1018028909699979362, 0.1116071428561071499 ) ) ;
#3665 = CARTESIAN_POINT ( 'NONE',  ( -0.08498570275247439854, -0.1474514531114634597, 0.8750000000000001110 ) ) ;
#3666 = CARTESIAN_POINT ( 'NONE',  ( -0.07198551454928017734, 0.07198551454928009408, 0.3482142857113570966 ) ) ;
#3667 = CARTESIAN_POINT ( 'NONE',  ( 0.04216813812856263360, 0.1018028909699976864, 0.3415178571399820062 ) ) ;
#3668 = CARTESIAN_POINT ( 'NONE',  ( -0.04216813812856257809, 0.1018028909699976864, 0.2700892857119820967 ) ) ;
#3669 = CARTESIAN_POINT ( 'NONE',  ( -0.07198551454928017734, 0.07198551454928010795, 0.3794642857111070744 ) ) ;
#3670 = CARTESIAN_POINT ( 'NONE',  ( -0.1249999999999999861, -0.05177669529663698339, 0.2254464285696250458 ) ) ;
#3671 = CARTESIAN_POINT ( 'NONE',  ( -0.1249999999999999584, -5.688018340501877876E-17, 0.4062499999964642172 ) ) ;
#3672 = LINE ( 'NONE', #1089, #3437 ) ;
#3673 = CARTESIAN_POINT ( 'NONE',  ( 0.05177669529663685849, -0.1250000000000001665, 0.1272321428561250523 ) ) ;
#3674 = CARTESIAN_POINT ( 'NONE',  ( 0.000000000000000000, 0.1018028909699976586, 0.2321428571408571118 ) ) ;
#3675 = CARTESIAN_POINT ( 'NONE',  ( -0.08838834764831843271, 0.08838834764831839108, 0.5089285714242142156 ) ) ;
#3676 = CARTESIAN_POINT ( 'NONE',  ( 0.1018028909699977697, -0.04216813812856266136, 0.5468749999954821694 ) ) ;
#3677 = CARTESIAN_POINT ( 'NONE',  ( -0.1250000000000000000, -0.05177669529663702502, 0.08258928571362501858 ) ) ;
#3678 = EDGE_LOOP ( 'NONE', ( #4717, #2313, #709, #4860 ) ) ;
#3679 = CARTESIAN_POINT ( 'NONE',  ( 0.08838834764831840496, -0.08838834764831858537, 0.06249999999921426741 ) ) ;
#3680 = CARTESIAN_POINT ( 'NONE',  ( 0.08838834764831843271, 0.08838834764831823843, 0.07142857142771423529 ) ) ;
#3681 = CARTESIAN_POINT ( 'NONE',  ( 0.1094661346297702009, 0.1424406561679372740, 0.6250000000000000000 ) ) ;
#3682 = CARTESIAN_POINT ( 'NONE',  ( 0.1687499999999999001, 0.02208932314516103348, 0.8750000000000001110 ) ) ;
#3683 = EDGE_CURVE ( 'NONE', #1151, #4112, #3550, .T. ) ;
#3684 = CARTESIAN_POINT ( 'NONE',  ( 0.1018028909699977558, 0.04216813812856259891, 0.5870535714237321567 ) ) ;
#3685 = EDGE_LOOP ( 'NONE', ( #724, #3941, #4603, #2492 ) ) ;
#3686 = CARTESIAN_POINT ( 'NONE',  ( -0.1249999999999999584, -6.742870867800182769E-17, 0.3705357142824642347 ) ) ;
#3687 = CARTESIAN_POINT ( 'NONE',  ( -1.530808498934191201E-17, -0.1250000000000001110, 0.09374999999896430070 ) ) ;
#3688 = DIRECTION ( 'NONE',  ( -0.000000000000000000, -0.000000000000000000, -1.000000000000000000 ) ) ;
#3689 = CARTESIAN_POINT ( 'NONE',  ( -1.246725845703547748E-17, -0.1018028909699978807, 0.2544642857121071633 ) ) ;
#3690 = ADVANCED_FACE ( 'NONE', ( #971 ), #1409, .T. ) ;
#3691 = ORIENTED_EDGE ( 'NONE', *, *, #2676, .T. ) ;
#3692 = ORIENTED_EDGE ( 'NONE', *, *, #241, .F. ) ;
#3693 = CIRCLE ( 'NONE', #1829, 0.1082531754730549772 ) ;
#3694 = CARTESIAN_POINT ( 'NONE',  ( -0.1018028909699977697, 0.04216813812856249483, 0.2790178571404821062 ) ) ;
#3695 = CARTESIAN_POINT ( 'NONE',  ( -0.07198551454928017734, -0.07198551454928030224, 0.1741071428556071610 ) ) ;
#3696 = CARTESIAN_POINT ( 'NONE',  ( 0.07198551454928019122, 0.07198551454928012183, 0.4776785714246071235 ) ) ;
#3697 = CARTESIAN_POINT ( 'NONE',  ( 0.000000000000000000, -1.104688079777929626E-16, 0.8750000000000001110 ) ) ;
#3698 = CARTESIAN_POINT ( 'NONE',  ( -0.1638349478928960157, -0.09442855863492201351, 0.6343750000000000222 ) ) ;
#3699 = CARTESIAN_POINT ( 'NONE',  ( 0.000000000000000000, 7.549139889267777477E-20, 0.000000000000000000 ) ) ;
#3700 = CARTESIAN_POINT ( 'NONE',  ( -0.08838834764831843271, 0.08838834764831839108, 0.5401785714242499647 ) ) ;
#3701 = CARTESIAN_POINT ( 'NONE',  ( -0.1249999999999999861, 0.05177669529663671971, 0.07812499999937498607 ) ) ;
#3702 = CARTESIAN_POINT ( 'NONE',  ( -0.04216813812856257115, 0.1018028909699976448, 0.1986607142839821039 ) ) ;
#3703 = CARTESIAN_POINT ( 'NONE',  ( -0.1249999999999999861, 0.05177669529663682380, 0.4397321428533392806 ) ) ;
#3704 = CARTESIAN_POINT ( 'NONE',  ( 0.09375000000000001388, -0.05412658773652763433, 0.7578125000000000000 ) ) ;
#3705 = CARTESIAN_POINT ( 'NONE',  ( -0.06240123381275452380, 0.08222332600788513635, 0.5924546420015101011 ) ) ;
#3706 = CARTESIAN_POINT ( 'NONE',  ( -0.05177669529663686543, 0.1249999999999998057, 0.07812499999908921466 ) ) ;
#3707 = DATE_AND_TIME ( #5363, #1989 ) ;
#3708 = CARTESIAN_POINT ( 'NONE',  ( 0.08970713070317513915, -0.1556432004982483130, 0.6250000000000000000 ) ) ;
#3709 = CARTESIAN_POINT ( 'NONE',  ( -0.1826198767901005271, -0.04907772852307132339, 0.8750000000000001110 ) ) ;
#3710 = CARTESIAN_POINT ( 'NONE',  ( 0.1018028909699977558, 0.04216813812856258503, 0.5513392857097321187 ) ) ;
#3711 = VERTEX_POINT ( 'NONE', #5197 ) ;
#3712 = CARTESIAN_POINT ( 'NONE',  ( 0.1249999999999999584, -1.151862322251987181E-16, 0.3124999999975000553 ) ) ;
#3713 = CARTESIAN_POINT ( 'NONE',  ( -0.08838834764831843271, -0.08838834764831850210, 0.3035714285687142744 ) ) ;
#3714 = CARTESIAN_POINT ( 'NONE',  ( 0.1249999999999999584, -0.05177669529663700421, 0.4174107142823750283 ) ) ;
#3715 = CARTESIAN_POINT ( 'NONE',  ( 0.07198551454928019122, 0.07198551454928003857, 0.2321428571408571395 ) ) ;
#3716 = CARTESIAN_POINT ( 'NONE',  ( 0.02454369260617028994, -0.1874999999999999167, 0.8562500000000001776 ) ) ;
#3717 = CARTESIAN_POINT ( 'NONE',  ( -0.1874999999999999167, -0.02454369238351460786, 0.8750000000000001110 ) ) ;
#3718 = CARTESIAN_POINT ( 'NONE',  ( 0.07198551454928016347, -0.07198551454928028837, 0.2946428571403572061 ) ) ;
#3719 = ORIENTED_EDGE ( 'NONE', *, *, #4828, .F. ) ;
#3720 = CARTESIAN_POINT ( 'NONE',  ( 0.1018028909699977835, -1.372963056092389112E-16, 0.2232142857123571578 ) ) ;
#3721 = EDGE_CURVE ( 'NONE', #1151, #2830, #4988, .T. ) ;
#3722 = CARTESIAN_POINT ( 'NONE',  ( -3.295631491865439644E-17, 0.1082531754730550605, 0.7578125000000000000 ) ) ;
#3723 = CARTESIAN_POINT ( 'NONE',  ( -0.08838834764831843271, 0.08838834764831832169, 0.2901785714262499760 ) ) ;
#3724 = CARTESIAN_POINT ( 'NONE',  ( -0.1874999999999999167, 7.549139889267777477E-20, 0.6250000000000000000 ) ) ;
#3725 = VERTEX_POINT ( 'NONE', #135 ) ;
#3726 = DIRECTION ( 'NONE',  ( -0.000000000000000000, -0.000000000000000000, 1.000000000000000000 ) ) ;
#3727 = EDGE_CURVE ( 'NONE', #5336, #2438, #1702, .T. ) ;
#3728 = CARTESIAN_POINT ( 'NONE',  ( -0.07198551454928017734, 0.07198551454928012183, 0.4508928571391070950 ) ) ;
#3729 = CARTESIAN_POINT ( 'NONE',  ( 0.1249999999999999584, -0.05177669529663694870, 0.6004464285663393408 ) ) ;
#3730 = CARTESIAN_POINT ( 'NONE',  ( 0.07198551454928019122, 0.07198551454928014959, 0.5535714285668571488 ) ) ;
#3731 = CARTESIAN_POINT ( 'NONE',  ( -0.07198551454928017734, -0.07198551454928034388, 0.03124999999960714758 ) ) ;
#3732 =( BOUNDED_SURFACE ( )  B_SPLINE_SURFACE ( 2, 3, ( 
 ( #5374, #260, #2356, #715, #1573, #5258, #3665, #3239, #3635, #3281, #311, #203, #2410, #1891, #4904, #2381, #1467, #4843, #4923, #284, #637, #5316, #1522, #2778, #1134, #4427, #4011, #4038, #1079, #231, #1918, #1495, #1276, #2126 ),
 ( #2036, #3717, #5487, #4532, #5453, #2091, #4200, #4145, #825, #2910, #744, #362, #1657, #391, #1686, #2554, #4641, #2464, #1601, #3309, #4971, #4563, #2490, #2063, #5000, #3364, #1216, #422, #2937, #799, #2523, #4169, #5028, #1243 ),
 ( #2960, #3393, #2991, #860, #2585, #455, #2156, #1410, #104, #3043, #2267, #5145, #3932, #4705, #4306, #551, #1367, #4755, #3071, #1771, #4368, #2670, #920, #5198, #578, #476, #136, #1797, #527, #2292, #2719, #3957, #3094, #3120 ) ),
 .UNSPECIFIED., .F., .T., .F. ) 
 B_SPLINE_SURFACE_WITH_KNOTS ( ( 3, 3 ),
 ( 4, 2, 2, 2, 2, 2, 2, 2, 2, 2, 2, 2, 2, 2, 2, 2, 4 ),
 ( 0.000000000000000000, 1.000000000000000000 ),
 ( -3.141592653589793116, -2.748893571891068976, -2.356194490192344837, -1.963495408493620697, -1.570796326794896558, -1.178097245096172418, -0.7853981633974482790, -0.3926990816987241395, 0.000000000000000000, 0.3926990816987241395, 0.7853981633974482790, 1.178097245096172418, 1.570796326794896558, 1.963495408493620697, 2.356194490192344837, 2.748893571891068976, 3.141592653589793116 ),
 .UNSPECIFIED. ) 
 GEOMETRIC_REPRESENTATION_ITEM ( )  RATIONAL_B_SPLINE_SURFACE ( (
 ( 1.000000000000000000, 1.000000000000000000, 1.000000000000000000, 1.000000000000000000, 1.000000000000000000, 1.000000000000000000, 1.000000000000000000, 1.000000000000000000, 1.000000000000000000, 1.000000000000000000, 1.000000000000000000, 1.000000000000000000, 1.000000000000000000, 1.000000000000000000, 1.000000000000000000, 1.000000000000000000, 1.000000000000000000, 1.000000000000000000, 1.000000000000000000, 1.000000000000000000, 1.000000000000000000, 1.000000000000000000, 1.000000000000000000, 1.000000000000000000, 1.000000000000000000, 1.000000000000000000, 1.000000000000000000, 1.000000000000000000, 1.000000000000000000, 1.000000000000000000, 1.000000000000000000, 1.000000000000000000, 1.000000000000000000, 1.000000000000000000),
 ( 0.3333333333333333148, 0.3333333333333333148, 0.3333333333333333148, 0.3333333333333333148, 0.3333333333333333148, 0.3333333333333333148, 0.3333333333333333148, 0.3333333333333333148, 0.3333333333333333148, 0.3333333333333333148, 0.3333333333333333148, 0.3333333333333333148, 0.3333333333333333148, 0.3333333333333333148, 0.3333333333333333148, 0.3333333333333333148, 0.3333333333333333148, 0.3333333333333333148, 0.3333333333333333148, 0.3333333333333333148, 0.3333333333333333148, 0.3333333333333333148, 0.3333333333333333148, 0.3333333333333333148, 0.3333333333333333148, 0.3333333333333333148, 0.3333333333333333148, 0.3333333333333333148, 0.3333333333333333148, 0.3333333333333333148, 0.3333333333333333148, 0.3333333333333333148, 0.3333333333333333148, 0.3333333333333333148),
 ( 1.000000000000000000, 1.000000000000000000, 1.000000000000000000, 1.000000000000000000, 1.000000000000000000, 1.000000000000000000, 1.000000000000000000, 1.000000000000000000, 1.000000000000000000, 1.000000000000000000, 1.000000000000000000, 1.000000000000000000, 1.000000000000000000, 1.000000000000000000, 1.000000000000000000, 1.000000000000000000, 1.000000000000000000, 1.000000000000000000, 1.000000000000000000, 1.000000000000000000, 1.000000000000000000, 1.000000000000000000, 1.000000000000000000, 1.000000000000000000, 1.000000000000000000, 1.000000000000000000, 1.000000000000000000, 1.000000000000000000, 1.000000000000000000, 1.000000000000000000, 1.000000000000000000, 1.000000000000000000, 1.000000000000000000, 1.000000000000000000) ) ) 
 REPRESENTATION_ITEM ( '' )  SURFACE ( )  );
#3733 = EDGE_LOOP ( 'NONE', ( #157, #738, #4078, #1346 ) ) ;
#3734 = CARTESIAN_POINT ( 'NONE',  ( 0.05177669529663685849, -0.1250000000000001665, 0.06026785714208929279 ) ) ;
#3735 = CARTESIAN_POINT ( 'NONE',  ( -0.1249999999999999861, 0.05177669529663673359, 0.1183035714273392713 ) ) ;
#3736 = CARTESIAN_POINT ( 'NONE',  ( 0.1874999999999999167, -0.02454369238351226598, 0.8750000000000001110 ) ) ;
#3737 = CARTESIAN_POINT ( 'NONE',  ( -0.07198551454928017734, 0.07198551454928001081, 0.06249999999935711148 ) ) ;
#3738 = CARTESIAN_POINT ( 'NONE',  ( -0.1250000000000000000, 0.05177669529663678910, 0.3281249999973750442 ) ) ;
#3739 = CARTESIAN_POINT ( 'NONE',  ( 0.08838834764831840496, -0.08838834764831858537, 0.09821428571321426382 ) ) ;
#3740 = CARTESIAN_POINT ( 'NONE',  ( -0.04216813812856257115, 0.1018028909699976448, 0.2031249999982320809 ) ) ;
#3741 = CARTESIAN_POINT ( 'NONE',  ( 0.09375000000000002776, 0.03650651419216901367, 0.8703687190402751295 ) ) ;
#3742 = LOCAL_TIME ( 17, 51, 20.00000000000000000, #1313 ) ;
#3743 = CARTESIAN_POINT ( 'NONE',  ( 0.04216813812856263360, 0.1018028909699977558, 0.4843749999959819919 ) ) ;
#3744 = CARTESIAN_POINT ( 'NONE',  ( 0.1018028909699977558, 0.04216813812856250177, 0.3013392857117320744 ) ) ;
#3745 = CARTESIAN_POINT ( 'NONE',  ( -0.02454369240633560642, -0.1874999999999999167, 0.6250000000000000000 ) ) ;
#3746 = ORIENTED_EDGE ( 'NONE', *, *, #4953, .T. ) ;
#3747 = CARTESIAN_POINT ( 'NONE',  ( 0.07198551454928016347, -0.07198551454928031612, 0.1830357142841071705 ) ) ;
#3748 = VECTOR ( 'NONE', #5404, 39.37007874015748143 ) ;
#3749 = DIRECTION ( 'NONE',  ( 0.000000000000000000, 0.000000000000000000, 1.000000000000000000 ) ) ;
#3750 = CARTESIAN_POINT ( 'NONE',  ( 0.02454369260617027954, -0.1874999999999999445, 0.6343750000000001332 ) ) ;
#3751 = DIRECTION ( 'NONE',  ( 1.000000000000000000, 0.000000000000000000, 0.000000000000000000 ) ) ;
#3752 = EDGE_CURVE ( 'NONE', #137, #4924, #5143, .T. ) ;
#3753 = CARTESIAN_POINT ( 'NONE',  ( 0.04216813812856263360, 0.1018028909699976448, 0.1986607142839820761 ) ) ;
#3754 = ORIENTED_EDGE ( 'NONE', *, *, #4587, .T. ) ;
#3755 = CARTESIAN_POINT ( 'NONE',  ( -0.05177669529663687931, 0.1249999999999999445, 0.5022321428531250076 ) ) ;
#3756 = CARTESIAN_POINT ( 'NONE',  ( 0.1249999999999999584, -1.679288585901140244E-16, 0.1339285714275000039 ) ) ;
#3757 = CARTESIAN_POINT ( 'NONE',  ( -0.04216813812856259891, -0.1018028909699978529, 0.3906249999967321695 ) ) ;
#3758 = CARTESIAN_POINT ( 'NONE',  ( -0.08970713070317343218, 0.1556432004982573891, 0.6250000000000000000 ) ) ;
#3759 = CARTESIAN_POINT ( 'NONE',  ( 0.000000000000000000, 7.549139889267777477E-20, 0.000000000000000000 ) ) ;
#3760 = CARTESIAN_POINT ( 'NONE',  ( 0.1018028909699977697, -0.04216813812856282789, 0.006696428571232137042 ) ) ;
#3761 = CARTESIAN_POINT ( 'NONE',  ( 0.1249999999999999584, -0.05177669529663706666, 0.2433035714263393212 ) ) ;
#3762 = CARTESIAN_POINT ( 'NONE',  ( -0.1826198767901015263, -0.04907772852307413364, 0.8562500000000000666 ) ) ;
#3763 = CARTESIAN_POINT ( 'NONE',  ( 0.1249999999999999584, -1.138676665661602559E-16, 0.3169642857114642887 ) ) ;
#3764 = CARTESIAN_POINT ( 'NONE',  ( -0.1018028909699977835, -0.04216813812856270993, 0.1763392857127321633 ) ) ;
#3765 = FACE_OUTER_BOUND ( 'NONE', #2372, .T. ) ;
#3766 = CARTESIAN_POINT ( 'NONE',  ( -0.04216813812856257809, 0.1018028909699977558, 0.5245535714242320902 ) ) ;
#3767 = CARTESIAN_POINT ( 'NONE',  ( 0.04216813812856255728, -0.1018028909699978529, 0.4709821428532321441 ) ) ;
#3768 = CARTESIAN_POINT ( 'NONE',  ( 0.1874999999999999167, 0.02454369240633530111, 0.6250000000000000000 ) ) ;
#3769 = CARTESIAN_POINT ( 'NONE',  ( 0.1018028909699977835, -1.478448308822219725E-16, 0.1874999999983571475 ) ) ;
#3770 = CARTESIAN_POINT ( 'NONE',  ( -0.08838834764831843271, 0.08838834764831832169, 0.2901785714262499760 ) ) ;
#3771 = CARTESIAN_POINT ( 'NONE',  ( 0.05177669529663696951, 0.1249999999999997780, 0.03348214285687496627 ) ) ;
#3772 = CARTESIAN_POINT ( 'NONE',  ( -0.09442855881954359543, -0.1638349478164231876, 0.6343749999999998002 ) ) ;
#3773 = DIRECTION ( 'NONE',  ( 1.000000000000000000, 0.000000000000000000, 0.000000000000000000 ) ) ;
#3774 = VECTOR ( 'NONE', #2659, 39.37007874015748143 ) ;
#3775 = ORIENTED_EDGE ( 'NONE', *, *, #19, .F. ) ;
#3776 = CARTESIAN_POINT ( 'NONE',  ( -0.1018028909699977835, -1.163174856725366289E-16, 0.2098214285696071157 ) ) ;
#3777 = ORIENTED_EDGE ( 'NONE', *, *, #1317, .F. ) ;
#3778 = CARTESIAN_POINT ( 'NONE',  ( 0.1249999999999999445, -0.05177669529663708747, 0.1361607142843392904 ) ) ;
#3779 = CARTESIAN_POINT ( 'NONE',  ( -0.07198551454928017734, 0.07198551454928012183, 0.4151785714251071124 ) ) ;
#3780 = CARTESIAN_POINT ( 'NONE',  ( -0.1424406561679319172, -0.1094661346297704785, 0.6250000000000000000 ) ) ;
#3781 = AXIS2_PLACEMENT_3D ( 'NONE', #1394, #5126, #3940 ) ;
#3782 = DIRECTION ( 'NONE',  ( -1.000000000000000000, 0.000000000000000000, 0.000000000000000000 ) ) ;
#3783 = ORIENTED_EDGE ( 'NONE', *, *, #978, .T. ) ;
#3784 = CARTESIAN_POINT ( 'NONE',  ( 0.07198551454928016347, -0.07198551454928037163, 0.004464285714107145940 ) ) ;
#3785 = CARTESIAN_POINT ( 'NONE',  ( -0.1249999999999999861, 0.05177669529663675441, 0.2254464285693393022 ) ) ;
#3786 = ADVANCED_FACE ( 'NONE', ( #1741 ), #499, .T. ) ;
#3787 = CARTESIAN_POINT ( 'NONE',  ( 0.04907772852308896899, -0.1826198767900954201, 0.8562500000000000666 ) ) ;
#3788 = CARTESIAN_POINT ( 'NONE',  ( -0.07198551454928017734, 0.07198551454928016347, 0.5624999999953570473 ) ) ;
#3789 = CARTESIAN_POINT ( 'NONE',  ( -0.1249999999999999584, -1.096228097699340604E-16, 0.2276785714264642213 ) ) ;
#3790 = CARTESIAN_POINT ( 'NONE',  ( 0.1018028909699977558, -0.04216813812856277932, 0.1138392857132321384 ) ) ;
#3791 = CARTESIAN_POINT ( 'NONE',  ( -0.08838834764831843271, 0.08838834764831823843, 0.004464285714249974397 ) ) ;
#3792 = CARTESIAN_POINT ( 'NONE',  ( 0.1018028909699977558, -0.04216813812856268218, 0.4352678571392321616 ) ) ;
#3793 = ADVANCED_FACE ( 'NONE', ( #3877 ), #3474, .T. ) ;
#3794 = CARTESIAN_POINT ( 'NONE',  ( -0.07198551454928017734, -0.07198551454928027449, 0.2857142857118571966 ) ) ;
#3795 = CARTESIAN_POINT ( 'NONE',  ( 0.000000000000000000, 7.549139889267777477E-20, 0.000000000000000000 ) ) ;
#3796 = CARTESIAN_POINT ( 'NONE',  ( -1.246725845703547748E-17, -0.1018028909699978390, 0.4330357142821071315 ) ) ;
#3797 = CARTESIAN_POINT ( 'NONE',  ( -0.07198551454928017734, 0.07198551454928012183, 0.4196428571393571172 ) ) ;
#3798 = DIRECTION ( 'NONE',  ( -0.000000000000000000, -0.000000000000000000, -1.000000000000000000 ) ) ;
#3799 = ORIENTED_EDGE ( 'NONE', *, *, #907, .T. ) ;
#3800 = CARTESIAN_POINT ( 'NONE',  ( -0.1018028909699977697, 0.04216813812856250177, 0.3459821428542321220 ) ) ;
#3801 = CARTESIAN_POINT ( 'NONE',  ( 0.04907772831736513519, -0.1826198768753090618, 0.6343750000000000222 ) ) ;
#3802 = CARTESIAN_POINT ( 'NONE',  ( 0.000000000000000000, -1.104688079777929626E-16, 0.8750000000000001110 ) ) ;
#3803 = ORIENTED_EDGE ( 'NONE', *, *, #2537, .F. ) ;
#3804 = CARTESIAN_POINT ( 'NONE',  ( -0.07198551454928017734, -0.07198551454928031612, 0.1071428571418571590 ) ) ;
#3805 = CARTESIAN_POINT ( 'NONE',  ( -0.1249999999999999861, 0.05177669529663673359, 0.1138392857133750102 ) ) ;
#3806 = CARTESIAN_POINT ( 'NONE',  ( 0.04216813812856255728, -0.1018028909699978668, 0.3950892857109821188 ) ) ;
#3807 = DIRECTION ( 'NONE',  ( -0.000000000000000000, -0.000000000000000000, -1.000000000000000000 ) ) ;
#3808 = CARTESIAN_POINT ( 'NONE',  ( -0.04662384207688798771, -0.1734888829588974724, 0.6250000000000000000 ) ) ;
#3809 = CARTESIAN_POINT ( 'NONE',  ( 0.1874999999999999167, 1.151880944145276958E-17, 0.8562500000000000666 ) ) ;
#3810 = DIRECTION ( 'NONE',  ( -0.000000000000000000, -0.000000000000000000, -1.000000000000000000 ) ) ;
#3811 = CARTESIAN_POINT ( 'NONE',  ( -0.08838834764831843271, -0.08838834764831852986, 0.1964285714267142990 ) ) ;
#3812 = CARTESIAN_POINT ( 'NONE',  ( -0.05177669529663687931, -0.1250000000000001110, 0.1272321428558393086 ) ) ;
#3813 = CARTESIAN_POINT ( 'NONE',  ( 0.1419642857141786008, -1.671380900704766992E-16, 0.6250000000000000000 ) ) ;
#3814 = ADVANCED_FACE ( 'NONE', ( #945 ), #3178, .T. ) ;
#3815 = CARTESIAN_POINT ( 'NONE',  ( -0.1249999999999999584, -1.320384259749386574E-16, 0.1517857142844999951 ) ) ;
#3816 = CARTESIAN_POINT ( 'NONE',  ( -0.1018028909699977697, 0.04216813812856239768, 0.02455357142823211963 ) ) ;
#3817 = CARTESIAN_POINT ( 'NONE',  ( -0.07198551454928017734, 0.07198551454928012183, 0.4151785714251071124 ) ) ;
#3818 = CARTESIAN_POINT ( 'NONE',  ( -0.07198551454928017734, -0.07198551454928024673, 0.3571428571398571616 ) ) ;
#3819 = DIRECTION ( 'NONE',  ( -1.000000000000000000, 0.000000000000000000, 0.000000000000000000 ) ) ;
#3820 = B_SPLINE_CURVE_WITH_KNOTS ( 'NONE', 3,
 ( #3138, #4799, #185, #1873, #5243, #1453, #3165, #4824, #1032, #619, #2337, #214, #1091, #2789, #1962, #3270, #294, #1583, #4514, #4543 ),
 .UNSPECIFIED., .F., .F.,
 ( 4, 2, 2, 2, 2, 2, 2, 2, 2, 4 ),
 ( 0.5000000000000000000, 0.5625000000000000000, 0.6250000000000000000, 0.6875000000000000000, 0.7500000000000000000, 0.8125000000000000000, 0.8750000000000000000, 0.9375000000000000000, 0.9687500000000000000, 1.000000000000000000 ),
 .UNSPECIFIED. ) ;
#3821 = CARTESIAN_POINT ( 'NONE',  ( -0.1018028909699977835, -2.138075821568911147E-17, 0.5312499999956071806 ) ) ;
#3822 = CARTESIAN_POINT ( 'NONE',  ( -0.07005527603792403857, -0.08735646539572439195, 0.5975531184634411686 ) ) ;
#3823 = CARTESIAN_POINT ( 'NONE',  ( 0.07198551454928019122, 0.07198551454928009408, 0.4062499999966071029 ) ) ;
#3824 = CARTESIAN_POINT ( 'NONE',  ( -0.1250000000000000000, -0.05177669529663694870, 0.3370535714255892823 ) ) ;
#3825 = CARTESIAN_POINT ( 'NONE',  ( -0.09375000000000020817, 3.709213845753195715E-17, 0.7494390877365275649 ) ) ;
#3826 = DIRECTION ( 'NONE',  ( 0.000000000000000000, 0.000000000000000000, 1.000000000000000000 ) ) ;
#3827 = AXIS2_PLACEMENT_3D ( 'NONE', #3115, #5168, #4776 ) ;
#3828 = CARTESIAN_POINT ( 'NONE',  ( -0.04216813812856257809, 0.1018028909699976725, 0.2031249999982320809 ) ) ;
#3829 = CARTESIAN_POINT ( 'NONE',  ( 0.1249999999999999584, -2.024950476835122230E-17, 0.6339285714235000091 ) ) ;
#3830 = CARTESIAN_POINT ( 'NONE',  ( 0.000000000000000000, 0.1018028909699975892, -0.01339285714289290691 ) ) ;
#3831 = CARTESIAN_POINT ( 'NONE',  ( 0.1249999999999999584, 0.05177669529663687931, 0.4933035714246249981 ) ) ;
#3832 = CARTESIAN_POINT ( 'NONE',  ( -0.04216813812856257115, 0.1018028909699977003, 0.3415178571399821172 ) ) ;
#3833 = CARTESIAN_POINT ( 'NONE',  ( 0.1094661346297750720, -0.1424406561679323890, 0.6250000000000000000 ) ) ;
#3834 = VECTOR ( 'NONE', #4003, 39.37007874015748143 ) ;
#3835 = B_SPLINE_CURVE_WITH_KNOTS ( 'NONE', 3,
 ( #2026, #1513, #3705, #5387, #1124, #4961, #762, #1619, #1970, #3225 ),
 .UNSPECIFIED., .F., .F.,
 ( 4, 2, 2, 2, 4 ),
 ( 0.000000000000000000, 0.0007374856152397450725, 0.001474971230479490145, 0.002212456845719235326, 0.002949942460958980290 ),
 .UNSPECIFIED. ) ;
#3836 = LINE ( 'NONE', #29, #4089 ) ;
#3837 = AXIS2_PLACEMENT_3D ( 'NONE', #2629, #2571, #379 ) ;
#3838 =( BOUNDED_CURVE ( )  B_SPLINE_CURVE ( 2, ( #2794, #4445, #274, #2849, #4498, #878, #3033, #442, #2574 ),
 .UNSPECIFIED., .F., .T. ) 
 B_SPLINE_CURVE_WITH_KNOTS ( ( 3, 2, 2, 2, 3 ),
 ( 0.4605263157894736725, 0.4671052631578947456, 0.4736842105263157632, 0.4802631578947368363, 0.4868421052631579093 ),
 .UNSPECIFIED. ) 
 CURVE ( )  GEOMETRIC_REPRESENTATION_ITEM ( )  RATIONAL_B_SPLINE_CURVE ( ( 1.000000000000000000, 0.9238795325112867385, 1.000000000000000000, 0.9238795325112867385, 1.000000000000000000, 0.9238795325112867385, 1.000000000000000000, 0.9238795325112867385, 1.000000000000000000 ) ) 
 REPRESENTATION_ITEM ( '' )  );
#3839 = CARTESIAN_POINT ( 'NONE',  ( 0.1249999999999999584, -0.05177669529663709441, 0.1718749999983392451 ) ) ;
#3840 = CARTESIAN_POINT ( 'NONE',  ( 0.1152275101527357876, -0.1499375327922194689, 0.8562500000000000666 ) ) ;
#3841 = CARTESIAN_POINT ( 'NONE',  ( 9.049246479012871048E-16, -0.1082531754730551021, 0.8750000000000001110 ) ) ;
#3842 = CARTESIAN_POINT ( 'NONE',  ( 0.1018028909699977558, -0.04216813812856279320, 0.07812499999923215588 ) ) ;
#3843 = CARTESIAN_POINT ( 'NONE',  ( -0.04216813812856259891, -0.1018028909699978113, 0.4977678571387321171 ) ) ;
#3844 = CARTESIAN_POINT ( 'NONE',  ( -0.1018028909699977835, -5.302633403463828599E-17, 0.4241071428536071775 ) ) ;
#3845 = CARTESIAN_POINT ( 'NONE',  ( -0.08608668341437196447, 0.05855100563012530929, 0.7552580611380932396 ) ) ;
#3846 = EDGE_CURVE ( 'NONE', #4784, #4960, #4448, .T. ) ;
#3847 = CARTESIAN_POINT ( 'NONE',  ( -0.1874999999999999167, -2.288663608512018453E-17, 0.6343750000000000222 ) ) ;
#3848 = VERTEX_POINT ( 'NONE', #4082 ) ;
#3849 = CARTESIAN_POINT ( 'NONE',  ( -0.04216813812856257809, 0.1018028909699977558, 0.4531249999962321251 ) ) ;
#3850 = CARTESIAN_POINT ( 'NONE',  ( 0.05177669529663685849, -0.1250000000000000555, 0.4129464285681250235 ) ) ;
#3851 = CARTESIAN_POINT ( 'NONE',  ( -0.1018028909699977697, 0.04216813812856249483, 0.3102678571402321395 ) ) ;
#3852 = CARTESIAN_POINT ( 'NONE',  ( -0.0002224958113019394107, 0.1020223137224059440, 0.5919107288575021775 ) ) ;
#3853 = CARTESIAN_POINT ( 'NONE',  ( 0.1018028909699977697, 0.04216813812856241850, 0.01562499999973211186 ) ) ;
#3854 = EDGE_CURVE ( 'NONE', #620, #521, #4665, .T. ) ;
#3855 = CARTESIAN_POINT ( 'NONE',  ( 0.000000000000000000, 7.549139889267777477E-20, 0.000000000000000000 ) ) ;
#3856 = ORIENTED_EDGE ( 'NONE', *, *, #3295, .F. ) ;
#3857 = CARTESIAN_POINT ( 'NONE',  ( -0.07198551454928017734, -0.07198551454928031612, 0.1428571428558571554 ) ) ;
#3858 = CARTESIAN_POINT ( 'NONE',  ( 0.07198551454928019122, 0.07198551454927998305, 0.01785714285685710209 ) ) ;
#3859 = CARTESIAN_POINT ( 'NONE',  ( 0.04216813812856255728, -0.1018028909699979778, 0.04241071428523213865 ) ) ;
#3860 = CARTESIAN_POINT ( 'NONE',  ( -0.1018028909699977835, -1.176360513316595239E-16, 0.2053571428553571110 ) ) ;
#3861 = CARTESIAN_POINT ( 'NONE',  ( 0.1018028909699977697, -0.04216813812856266830, 0.5066964285672321822 ) ) ;
#3862 = CARTESIAN_POINT ( 'NONE',  ( 0.1638349478928962932, -0.09442855863492154167, 0.6343750000000000222 ) ) ;
#3863 = CARTESIAN_POINT ( 'NONE',  ( 0.09375000000000024980, -0.01822629401360556511, 0.7502239531706217379 ) ) ;
#3864 = ORIENTED_EDGE ( 'NONE', *, *, #2035, .T. ) ;
#3865 = VERTEX_POINT ( 'NONE', #2426 ) ;
#3866 = AXIS2_PLACEMENT_3D ( 'NONE', #2969, #3826, #3773 ) ;
#3867 = CARTESIAN_POINT ( 'NONE',  ( -0.07198551454928017734, 0.07198551454927999693, 0.02232142857110710338 ) ) ;
#3868 = CARTESIAN_POINT ( 'NONE',  ( -0.08838834764831843271, 0.08838834764831830781, 0.1874999999982142340 ) ) ;
#3869 = CARTESIAN_POINT ( 'NONE',  ( -0.1826198767901022479, 0.04907772852307262790, 0.8562500000000000666 ) ) ;
#3870 =( BOUNDED_CURVE ( )  B_SPLINE_CURVE ( 2, ( #926, #2651, #507, #2225, #1980, #608, #2437, #4480, #688 ),
 .UNSPECIFIED., .F., .T. ) 
 B_SPLINE_CURVE_WITH_KNOTS ( ( 3, 2, 2, 2, 3 ),
 ( 0.5131578947368421462, 0.5197368421052631637, 0.5263157894736841813, 0.5328947368421053099, 0.5394736842105263275 ),
 .UNSPECIFIED. ) 
 CURVE ( )  GEOMETRIC_REPRESENTATION_ITEM ( )  RATIONAL_B_SPLINE_CURVE ( ( 1.000000000000000000, 0.9238795325112867385, 1.000000000000000000, 0.9238795325112867385, 1.000000000000000000, 0.9238795325112867385, 1.000000000000000000, 0.9238795325112867385, 1.000000000000000000 ) ) 
 REPRESENTATION_ITEM ( '' )  );
#3871 = CARTESIAN_POINT ( 'NONE',  ( 0.07198551454928019122, 0.07198551454928001081, 0.08928571428485711226 ) ) ;
#3872 = CARTESIAN_POINT ( 'NONE',  ( 0.000000000000000000, 0.1249999999999998057, 0.1428571428559999856 ) ) ;
#3873 = CARTESIAN_POINT ( 'NONE',  ( 0.1018028909699977558, -0.04216813812856280014, 0.04241071428523213865 ) ) ;
#3874 = CARTESIAN_POINT ( 'NONE',  ( 0.05177669529663685849, -0.1250000000000001943, 0.05580357142812503168 ) ) ;
#3875 = CARTESIAN_POINT ( 'NONE',  ( -0.07198551454928017734, -0.07198551454928023285, 0.4241071428536071775 ) ) ;
#3876 = CARTESIAN_POINT ( 'NONE',  ( 0.1018028909699977697, -0.04216813812856272381, 0.3325892857114821632 ) ) ;
#3877 = FACE_OUTER_BOUND ( 'NONE', #116, .T. ) ;
#3878 = CARTESIAN_POINT ( 'NONE',  ( -0.01902329401633509262, 0.1100550099168860207, 0.01323585980729145677 ) ) ;
#3879 = ORIENTED_EDGE ( 'NONE', *, *, #2428, .T. ) ;
#3880 = CARTESIAN_POINT ( 'NONE',  ( -1.246725845703547748E-17, -0.1018028909699977974, 0.5401785714241071901 ) ) ;
#3881 = LINE ( 'NONE', #5061, #1886 ) ;
#3882 = CARTESIAN_POINT ( 'NONE',  ( 0.1018028909699977835, -9.510220451730669084E-17, 0.3660714285683571156 ) ) ;
#3883 = CARTESIAN_POINT ( 'NONE',  ( 0.000000000000000000, 7.549139889267777477E-20, 0.000000000000000000 ) ) ;
#3884 = DIRECTION ( 'NONE',  ( 1.000000000000000000, 0.000000000000000000, -0.000000000000000000 ) ) ;
#3885 = CARTESIAN_POINT ( 'NONE',  ( 0.04216813812856255728, -0.1018028909699979917, 0.006696428571232154389 ) ) ;
#3886 = CARTESIAN_POINT ( 'NONE',  ( -0.1250000000000000000, -0.05177669529663692094, 0.4397321428536250520 ) ) ;
#3887 = ORIENTED_EDGE ( 'NONE', *, *, #2635, .T. ) ;
#3888 = ORIENTED_EDGE ( 'NONE', *, *, #1207, .T. ) ;
#3889 = CARTESIAN_POINT ( 'NONE',  ( -0.07198551454928017734, 0.07198551454927998305, -0.008928571428642896948 ) ) ;
#3890 = CARTESIAN_POINT ( 'NONE',  ( -0.1018028909699977697, -0.04216813812856274463, 0.03348214285673212914 ) ) ;
#3891 = EDGE_CURVE ( 'NONE', #2438, #1804, #5251, .T. ) ;
#3892 = CARTESIAN_POINT ( 'NONE',  ( -0.05177669529663687931, -0.1250000000000000000, 0.5915178571378394423 ) ) ;
#3893 = CARTESIAN_POINT ( 'NONE',  ( -0.1018028909699977835, -1.281845766046425851E-16, 0.1696428571413571285 ) ) ;
#3894 = CARTESIAN_POINT ( 'NONE',  ( -1.246725845703547748E-17, -0.1018028909699978390, 0.4642857142818572203 ) ) ;
#3895 = CARTESIAN_POINT ( 'NONE',  ( 0.1152275101365988902, 0.1499375328083563663, 0.6343750000000000222 ) ) ;
#3896 = CARTESIAN_POINT ( 'NONE',  ( 0.1249999999999999584, -4.134655531431732016E-17, 0.5624999999955000440 ) ) ;
#3897 = ORIENTED_EDGE ( 'NONE', *, *, #3356, .F. ) ;
#3898 = EDGE_CURVE ( 'NONE', #518, #656, #224, .T. ) ;
#3899 = CARTESIAN_POINT ( 'NONE',  ( -0.1018028909699977835, 0.04216813812856241850, 0.06026785714223211604 ) ) ;
#3900 = CARTESIAN_POINT ( 'NONE',  ( -0.08838834764831843271, 0.08838834764831836333, 0.3660714285682142299 ) ) ;
#3901 = LINE ( 'NONE', #5193, #647 ) ;
#3902 = CARTESIAN_POINT ( 'NONE',  ( 0.1018028909699977558, 0.04216813812856259891, 0.6183035714234821345 ) ) ;
#3903 = CARTESIAN_POINT ( 'NONE',  ( 0.08838834764831840496, -0.08838834764831847435, 0.4508928571392500362 ) ) ;
#3904 = CARTESIAN_POINT ( 'NONE',  ( 0.07198551454928019122, 0.07198551454928008020, 0.3392857142828570871 ) ) ;
#3905 = CARTESIAN_POINT ( 'NONE',  ( 0.08838834764831840496, -0.08838834764831852986, 0.2723214285692500125 ) ) ;
#3906 = DIRECTION ( 'NONE',  ( -0.000000000000000000, -0.000000000000000000, -1.000000000000000000 ) ) ;
#3907 =( BOUNDED_CURVE ( )  B_SPLINE_CURVE ( 2, ( #2046, #2816, #1992, #4934, #4438, #3645, #3700, #1144, #2020 ),
 .UNSPECIFIED., .F., .F. ) 
 B_SPLINE_CURVE_WITH_KNOTS ( ( 3, 2, 2, 2, 3 ),
 ( 0.7763157894736841813, 0.7828947368421053099, 0.7894736842105263275, 0.7960526315789473450, 0.8026315789473684736 ),
 .UNSPECIFIED. ) 
 CURVE ( )  GEOMETRIC_REPRESENTATION_ITEM ( )  RATIONAL_B_SPLINE_CURVE ( ( 1.000000000000000000, 0.9238795325112867385, 1.000000000000000000, 0.9238795325112867385, 1.000000000000000000, 0.9238795325112867385, 1.000000000000000000, 0.9238795325112867385, 1.000000000000000000 ) ) 
 REPRESENTATION_ITEM ( '' )  );
#3908 = CARTESIAN_POINT ( 'NONE',  ( 0.04216813812856263360, 0.1018028909699977558, 0.5915178571379821060 ) ) ;
#3909 = CARTESIAN_POINT ( 'NONE',  ( -0.1152275101366059262, -0.1499375328083491776, 0.6343750000000000222 ) ) ;
#3910 = CARTESIAN_POINT ( 'NONE',  ( 0.000000000000000000, 0.1018028909699977141, 0.4107142857108571077 ) ) ;
#3911 = CARTESIAN_POINT ( 'NONE',  ( 0.07198551454928016347, -0.07198551454928037163, 0.008928571428357146358 ) ) ;
#3912 = CARTESIAN_POINT ( 'NONE',  ( -0.1250000000000000000, 0.05177669529663671277, 0.04687499999933924383 ) ) ;
#3913 = CARTESIAN_POINT ( 'NONE',  ( 0.07198551454928016347, -0.07198551454928027449, 0.3303571428543571886 ) ) ;
#3914 = CARTESIAN_POINT ( 'NONE',  ( 0.1018028909699977558, -0.04216813812856282789, 0.01116071428548213833 ) ) ;
#3915 = CARTESIAN_POINT ( 'NONE',  ( -0.07198551454928017734, -0.07198551454928027449, 0.2455357142836071815 ) ) ;
#3916 = CARTESIAN_POINT ( 'NONE',  ( -0.1018028909699977835, 0.04216813812856254340, 0.4888392857102321076 ) ) ;
#3917 = CARTESIAN_POINT ( 'NONE',  ( 0.02454369240633528029, 0.1874999999999999167, 0.6250000000000000000 ) ) ;
#3918 = CARTESIAN_POINT ( 'NONE',  ( -0.1249999999999999584, -5.456122699141973218E-18, 0.5803571428525000631 ) ) ;
#3919 = ADVANCED_FACE ( 'NONE', ( #1488 ), #1128, .T. ) ;
#3920 = ORIENTED_EDGE ( 'NONE', *, *, #5408, .T. ) ;
#3921 = CARTESIAN_POINT ( 'NONE',  ( 0.04216813812856263360, 0.1018028909699977558, 0.6272321428519820330 ) ) ;
#3922 = ORIENTED_EDGE ( 'NONE', *, *, #5175, .F. ) ;
#3923 = LOCAL_TIME ( 17, 51, 20.00000000000000000, #5149 ) ;
#3924 = AXIS2_PLACEMENT_3D ( 'NONE', #686, #1885, #3581 ) ;
#3925 = CARTESIAN_POINT ( 'NONE',  ( -0.05177669529663687931, -0.1250000000000000278, 0.4129464285678393076 ) ) ;
#3926 = VERTEX_POINT ( 'NONE', #4868 ) ;
#3927 = CARTESIAN_POINT ( 'NONE',  ( 0.000000000000000000, 0.1249999999999998057, 0.07589285714196421229 ) ) ;
#3928 = CARTESIAN_POINT ( 'NONE',  ( -0.07198551454928017734, 0.07198551454928016347, 0.5580357142811070981 ) ) ;
#3929 = CARTESIAN_POINT ( 'NONE',  ( -0.05177669529663687931, -0.1250000000000000278, 0.4441964285678750568 ) ) ;
#3930 = CARTESIAN_POINT ( 'NONE',  ( 0.07198551454928016347, -0.07198551454928027449, 0.3303571428543571886 ) ) ;
#3931 = CARTESIAN_POINT ( 'NONE',  ( -0.08838834764831843271, 0.08838834764831829394, 0.1160714285702142134 ) ) ;
#3932 = CARTESIAN_POINT ( 'NONE',  ( 0.1152275101527357876, -0.1499375327922194689, 0.8562500000000000666 ) ) ;
#3933 = ORIENTED_EDGE ( 'NONE', *, *, #5400, .F. ) ;
#3934 = VECTOR ( 'NONE', #4646, 39.37007874015748143 ) ;
#3935 = CARTESIAN_POINT ( 'NONE',  ( 0.1018028909699977835, -4.104101249326849575E-17, 0.5491071428526071996 ) ) ;
#3936 = CARTESIAN_POINT ( 'NONE',  ( 9.049246479012871048E-16, -0.1082531754730551021, 0.8750000000000001110 ) ) ;
#3937 = CARTESIAN_POINT ( 'NONE',  ( 0.000000000000000000, 0.1018028909699977280, 0.4464285714248570902 ) ) ;
#3938 = CARTESIAN_POINT ( 'NONE',  ( -0.1419642857141786008, -1.845237008797876145E-16, 0.6116071428572500412 ) ) ;
#3939 = CARTESIAN_POINT ( 'NONE',  ( -0.1687499999999999001, 2.744475302765376899E-17, 0.8750000000000001110 ) ) ;
#3940 = DIRECTION ( 'NONE',  ( 1.000000000000000000, 0.000000000000000000, 0.000000000000000000 ) ) ;
#3941 = ORIENTED_EDGE ( 'NONE', *, *, #4695, .T. ) ;
#3942 = CARTESIAN_POINT ( 'NONE',  ( 0.000000000000000000, 0.1018028909699976586, 0.2366071428551070888 ) ) ;
#3943 = CARTESIAN_POINT ( 'NONE',  ( -0.1018028909699977835, -1.374145362185027267E-16, 0.1383928571416071507 ) ) ;
#3944 = CARTESIAN_POINT ( 'NONE',  ( 0.1018028909699977835, -1.794904067011711316E-16, 0.08035714285635713050 ) ) ;
#3945 = CARTESIAN_POINT ( 'NONE',  ( -0.1018028909699977697, 0.04216813812856244625, 0.1674107142842321261 ) ) ;
#3946 = CARTESIAN_POINT ( 'NONE',  ( -0.1249999999999999861, -0.05177669529663699033, 0.1897321428556250078 ) ) ;
#3947 = CARTESIAN_POINT ( 'NONE',  ( 0.07198551454928016347, -0.07198551454928023285, 0.4687499999961072250 ) ) ;
#3948 = CARTESIAN_POINT ( 'NONE',  ( -0.09442855863491621260, 0.1638349478928984304, 0.6343750000000000222 ) ) ;
#3949 = CARTESIAN_POINT ( 'NONE',  ( -0.1249999999999999306, 7.549139889267777477E-20, 0.000000000000000000 ) ) ;
#3950 = ORIENTED_EDGE ( 'NONE', *, *, #730, .T. ) ;
#3951 = CARTESIAN_POINT ( 'NONE',  ( -0.04216813812856259891, -0.1018028909699979223, 0.1763392857127321633 ) ) ;
#3952 = CARTESIAN_POINT ( 'NONE',  ( 0.08838834764831840496, -0.08838834764831847435, 0.4196428571392143425 ) ) ;
#3953 = AXIS2_PLACEMENT_3D ( 'NONE', #4723, #1010, #1872 ) ;
#3954 = CARTESIAN_POINT ( 'NONE',  ( -0.08838834764831843271, -0.08838834764831851598, 0.2321428571407142816 ) ) ;
#3955 = CARTESIAN_POINT ( 'NONE',  ( -0.1018028909699977697, 0.04216813812856256422, 0.5602678571382321282 ) ) ;
#3956 = CARTESIAN_POINT ( 'NONE',  ( -3.295631491865439644E-17, 0.1082531754730550605, 0.7578125000000000000 ) ) ;
#3957 = CARTESIAN_POINT ( 'NONE',  ( -0.1826198767901022479, 0.04907772852307262790, 0.8562500000000000666 ) ) ;
#3958 = ORIENTED_EDGE ( 'NONE', *, *, #3960, .F. ) ;
#3959 = CARTESIAN_POINT ( 'NONE',  ( 0.1018028909699977558, 0.04216813812856259891, 0.5870535714237321567 ) ) ;
#3960 = EDGE_CURVE ( 'NONE', #678, #4784, #81, .T. ) ;
#3961 = DIRECTION ( 'NONE',  ( 0.000000000000000000, 0.000000000000000000, -1.000000000000000000 ) ) ;
#3962 = CARTESIAN_POINT ( 'NONE',  ( 0.1018028909699977835, -3.181105287940833564E-17, 0.5803571428523571774 ) ) ;
#3963 = CARTESIAN_POINT ( 'NONE',  ( 0.1249999999999999584, -0.05177669529663702502, 0.3459821428543749522 ) ) ;
#3964 = CARTESIAN_POINT ( 'NONE',  ( -0.1874999999999999167, -2.288663608512018453E-17, 0.6343750000000000222 ) ) ;
#3965 = CARTESIAN_POINT ( 'NONE',  ( 0.05177669529663685849, -0.1250000000000000555, 0.4486607142821250616 ) ) ;
#3966 = VERTEX_POINT ( 'NONE', #1434 ) ;
#3967 = CARTESIAN_POINT ( 'NONE',  ( -0.04216813812856259891, -0.1018028909699979084, 0.2165178571409821506 ) ) ;
#3968 = CARTESIAN_POINT ( 'NONE',  ( -0.1018028909699977835, -7.544195023972730348E-17, 0.3482142857113571521 ) ) ;
#3969 = CARTESIAN_POINT ( 'NONE',  ( 0.07198551454928016347, -0.07198551454928021898, 0.5401785714241071901 ) ) ;
#3970 = CARTESIAN_POINT ( 'NONE',  ( -0.04907772850199079023, 0.1826198767988304328, 0.6250000000000000000 ) ) ;
#3971 = CARTESIAN_POINT ( 'NONE',  ( 0.000000000000000000, 7.549139889267777477E-20, 0.000000000000000000 ) ) ;
#3972 = DIRECTION ( 'NONE',  ( -0.000000000000000000, -0.000000000000000000, -1.000000000000000000 ) ) ;
#3973 = CARTESIAN_POINT ( 'NONE',  ( 0.000000000000000000, 7.549139889267777477E-20, 0.000000000000000000 ) ) ;
#3974 = CARTESIAN_POINT ( 'NONE',  ( -0.1018028909699977835, -1.492816271506086830E-16, 0.09821428571335712177 ) ) ;
#3975 = CARTESIAN_POINT ( 'NONE',  ( 0.1249999999999999722, 0.05177669529663683767, 0.4263392857105893219 ) ) ;
#3976 = FACE_OUTER_BOUND ( 'NONE', #4519, .T. ) ;
#3977 = CARTESIAN_POINT ( 'NONE',  ( -0.1018028909699977697, 0.04216813812856258503, 0.6316964285662322043 ) ) ;
#3978 = PLANE ( 'NONE',  #2801 ) ;
#3979 = CARTESIAN_POINT ( 'NONE',  ( -0.07869444742748914201, -0.09022291819324557149, 0.02135995326380014589 ) ) ;
#3980 =( BOUNDED_CURVE ( )  B_SPLINE_CURVE ( 2, ( #471, #3360, #2177, #1737, #448, #2955, #2638, #3442, #1680 ),
 .UNSPECIFIED., .F., .F. ) 
 B_SPLINE_CURVE_WITH_KNOTS ( ( 3, 2, 2, 2, 3 ),
 ( 0.5131578947368421462, 0.5197368421052631637, 0.5263157894736841813, 0.5328947368421053099, 0.5394736842105263275 ),
 .UNSPECIFIED. ) 
 CURVE ( )  GEOMETRIC_REPRESENTATION_ITEM ( )  RATIONAL_B_SPLINE_CURVE ( ( 1.000000000000000000, 0.9238795325112867385, 1.000000000000000000, 0.9238795325112867385, 1.000000000000000000, 0.9238795325112867385, 1.000000000000000000, 0.9238795325112867385, 1.000000000000000000 ) ) 
 REPRESENTATION_ITEM ( '' )  );
#3981 = CYLINDRICAL_SURFACE ( 'NONE', #3093, 0.1249999999999999306 ) ;
#3982 = ADVANCED_FACE ( 'NONE', ( #3145 ), #5153, .T. ) ;
#3983 = CARTESIAN_POINT ( 'NONE',  ( -1.246725845703547748E-17, -0.1018028909699977835, 0.6116071428521072662 ) ) ;
#3984 = CARTESIAN_POINT ( 'NONE',  ( -0.1249999999999999584, -1.003928501559894860E-16, 0.2589285714264999982 ) ) ;
#3985 = CARTESIAN_POINT ( 'NONE',  ( 0.04216813812856263360, 0.1018028909699977558, 0.4799107142817320426 ) ) ;
#3986 = CARTESIAN_POINT ( 'NONE',  ( -0.07198551454928017734, -0.07198551454928031612, 0.1071428571418571590 ) ) ;
#3987 = CARTESIAN_POINT ( 'NONE',  ( 0.1018028909699977558, -0.04216813812856271687, 0.2968749999974821807 ) ) ;
#3988 = CARTESIAN_POINT ( 'NONE',  ( 0.04216813812856255728, -0.1018028909699979501, 0.1852678571412321729 ) ) ;
#3989 = CARTESIAN_POINT ( 'NONE',  ( -0.07198551454928017734, -0.07198551454928031612, 0.1383928571416071507 ) ) ;
#3990 = CARTESIAN_POINT ( 'NONE',  ( 0.04216813812856263360, 0.1018028909699976864, 0.3013392857117320744 ) ) ;
#3991 = CARTESIAN_POINT ( 'NONE',  ( -0.1249999999999999306, 7.549139889267777477E-20, 0.000000000000000000 ) ) ;
#3992 = DIRECTION ( 'NONE',  ( -1.000000000000000000, 0.000000000000000000, 0.000000000000000000 ) ) ;
#3993 = ORIENTED_EDGE ( 'NONE', *, *, #5267, .T. ) ;
#3994 = DIRECTION ( 'NONE',  ( -1.000000000000000000, 0.000000000000000000, 0.000000000000000000 ) ) ;
#3995 = CARTESIAN_POINT ( 'NONE',  ( 0.1826198767988361782, 0.04907772850198708486, 0.6343750000000000222 ) ) ;
#3996 = CARTESIAN_POINT ( 'NONE',  ( 0.07198551454928016347, -0.07198551454928033000, 0.1473214285701071324 ) ) ;
#3997 = CARTESIAN_POINT ( 'NONE',  ( -0.1249999999999999861, 0.05177669529663677522, 0.2968749999973393505 ) ) ;
#3998 = ORIENTED_EDGE ( 'NONE', *, *, #2845, .T. ) ;
#3999 = ORIENTED_EDGE ( 'NONE', *, *, #1326, .F. ) ;
#4000 = CARTESIAN_POINT ( 'NONE',  ( 0.08838834764831843271, 0.08838834764831836333, 0.4642857142817142790 ) ) ;
#4001 = CARTESIAN_POINT ( 'NONE',  ( 0.07198551454928019122, 0.07198551454928014959, 0.5848214285666071266 ) ) ;
#4002 = DATE_AND_TIME ( #1070, #4714 ) ;
#4003 = DIRECTION ( 'NONE',  ( -0.000000000000000000, -0.000000000000000000, 1.000000000000000000 ) ) ;
#4004 = CARTESIAN_POINT ( 'NONE',  ( 0.08379851696808704453, 0.06797535743693032539, 0.009445285698537808639 ) ) ;
#4005 = CONICAL_SURFACE ( 'NONE', #4297, 0.09821428571449992984, 0.7853981633974428389 ) ;
#4006 = CARTESIAN_POINT ( 'NONE',  ( 0.07198551454928019122, 0.07198551454927998305, 0.01339285714260710428 ) ) ;
#4007 = CARTESIAN_POINT ( 'NONE',  ( -0.1249999999999999584, -6.742870867800182769E-17, 0.3705357142824642347 ) ) ;
#4008 = CARTESIAN_POINT ( 'NONE',  ( 0.000000000000000000, 0.1018028909699977419, 0.5178571428528571108 ) ) ;
#4009 = ADVANCED_FACE ( 'NONE', ( #602 ), #2980, .T. ) ;
#4010 = CARTESIAN_POINT ( 'NONE',  ( -0.07198551454928017734, 0.07198551454928002469, 0.09821428571335709401 ) ) ;
#4011 = CARTESIAN_POINT ( 'NONE',  ( -0.04416995567076757029, 0.1643578891110955009, 0.8750000000000001110 ) ) ;
#4012 = CARTESIAN_POINT ( 'NONE',  ( 0.1018028909699977835, -1.887203663150312979E-16, 0.04910714285660712497 ) ) ;
#4013 = CARTESIAN_POINT ( 'NONE',  ( -0.07198551454928017734, 0.07198551454928003857, 0.1339285714273570904 ) ) ;
#4014 = ORIENTED_EDGE ( 'NONE', *, *, #4729, .F. ) ;
#4015 = CARTESIAN_POINT ( 'NONE',  ( -1.246725845703547748E-17, -0.1018028909699979362, 0.07142857142785716262 ) ) ;
#4016 = CARTESIAN_POINT ( 'NONE',  ( 0.1474597276623237918, -0.08495837654818992613, 0.8750000000000001110 ) ) ;
#4017 = CARTESIAN_POINT ( 'NONE',  ( 0.1018028909699977558, 0.04216813812856251564, 0.3683035714254820903 ) ) ;
#4018 = EDGE_CURVE ( 'NONE', #830, #5349, #3881, .T. ) ;
#4019 = CARTESIAN_POINT ( 'NONE',  ( 0.05177669529663697645, 0.1249999999999998057, 0.2477678571408750419 ) ) ;
#4020 = CARTESIAN_POINT ( 'NONE',  ( 0.1141347912822548299, -0.03960770192676606877, 0.02232288961764150592 ) ) ;
#4021 = CARTESIAN_POINT ( 'NONE',  ( 0.000000000000000000, -1.104688079777929626E-16, 0.8750000000000001110 ) ) ;
#4022 = CARTESIAN_POINT ( 'NONE',  ( 0.08838834764831840496, -0.08838834764831844659, 0.5580357142812500948 ) ) ;
#4023 = CARTESIAN_POINT ( 'NONE',  ( -0.1874999999999999167, 7.549139889267777477E-20, 0.6343750000000000222 ) ) ;
#4024 = B_SPLINE_CURVE_WITH_KNOTS ( 'NONE', 3,
 ( #4908, #1899, #3589, #4850, #5036, #4122 ),
 .UNSPECIFIED., .F., .F.,
 ( 4, 2, 4 ),
 ( 0.003747480840207366871, 0.004442772761704278858, 0.005138064683201190412 ),
 .UNSPECIFIED. ) ;
#4025 = CARTESIAN_POINT ( 'NONE',  ( -0.1018028909699977835, 0.04216813812856246707, 0.2388392857122321189 ) ) ;
#4026 = CARTESIAN_POINT ( 'NONE',  ( -0.08838834764831843271, -0.08838834764831843271, 0.5535714285667142631 ) ) ;
#4027 = CARTESIAN_POINT ( 'NONE',  ( 0.07198551454928019122, 0.07198551454928012183, 0.5178571428528571108 ) ) ;
#4028 = ORIENTED_EDGE ( 'NONE', *, *, #3898, .F. ) ;
#4029 = CARTESIAN_POINT ( 'NONE',  ( -0.1249999999999999861, 0.05177669529663674747, 0.1540178571413392261 ) ) ;
#4030 = PERSON_AND_ORGANIZATION ( #2700, #4611 ) ;
#4031 = CARTESIAN_POINT ( 'NONE',  ( 0.1249999999999999584, -6.244360586028344883E-17, 0.4910714285675000235 ) ) ;
#4032 = CARTESIAN_POINT ( 'NONE',  ( 0.000000000000000000, 0.1249999999999999584, 0.5758928571379642314 ) ) ;
#4033 = CARTESIAN_POINT ( 'NONE',  ( -0.03899397011127277851, -0.08573999633253952257, 0.7494332643691722362 ) ) ;
#4034 = AXIS2_PLACEMENT_3D ( 'NONE', #2419, #2839, #1143 ) ;
#4035 = CARTESIAN_POINT ( 'NONE',  ( -0.08838834764831843271, 0.08838834764831830781, 0.2187499999982499554 ) ) ;
#4036 = CARTESIAN_POINT ( 'NONE',  ( -0.04216813812856259891, -0.1018028909699978113, 0.4977678571387321171 ) ) ;
#4037 = CARTESIAN_POINT ( 'NONE',  ( -0.1018028909699977835, -0.04216813812856273769, 0.06919642857073214637 ) ) ;
#4038 = CARTESIAN_POINT ( 'NONE',  ( -0.08498570275245026506, 0.1474514531114635429, 0.8750000000000001110 ) ) ;
#4039 = CARTESIAN_POINT ( 'NONE',  ( -0.1018028909699977835, -6.357485930762133492E-17, 0.3883928571396071394 ) ) ;
#4040 = ORIENTED_EDGE ( 'NONE', *, *, #4524, .T. ) ;
#4041 = CARTESIAN_POINT ( 'NONE',  ( 0.07198551454928016347, -0.07198551454928031612, 0.2232142857123571578 ) ) ;
#4042 = CARTESIAN_POINT ( 'NONE',  ( 0.04216813812856255728, -0.1018028909699979778, 0.07366071428498216500 ) ) ;
#4043 = CARTESIAN_POINT ( 'NONE',  ( 0.07198551454928016347, -0.07198551454928026061, 0.3973214285681072044 ) ) ;
#4044 = CARTESIAN_POINT ( 'NONE',  ( 0.000000000000000000, 0.1249999999999998473, 0.2142857142839999784 ) ) ;
#4045 = DIRECTION ( 'NONE',  ( 0.000000000000000000, 0.000000000000000000, 1.000000000000000000 ) ) ;
#4046 = CARTESIAN_POINT ( 'NONE',  ( -0.1249999999999999306, 7.549139889267777477E-20, 0.000000000000000000 ) ) ;
#4047 = CARTESIAN_POINT ( 'NONE',  ( 0.1249999999999999584, -4.134655531431732016E-17, 0.5624999999955000440 ) ) ;
#4048 = ADVANCED_FACE ( 'NONE', ( #4308 ), #5055, .F. ) ;
#4049 = CARTESIAN_POINT ( 'NONE',  ( 0.1687499999999999001, 0.000000000000000000, 0.8750000000000001110 ) ) ;
#4050 = CARTESIAN_POINT ( 'NONE',  ( -0.1874999999999999167, 0.02454369240633882607, 0.6343750000000000222 ) ) ;
#4051 = CARTESIAN_POINT ( 'NONE',  ( -0.1018028909699977835, -0.04216813812856266136, 0.3147321428544821997 ) ) ;
#4052 = CARTESIAN_POINT ( 'NONE',  ( 0.1249999999999999722, 0.05177669529663686543, 0.5334821428525893250 ) ) ;
#4053 = CARTESIAN_POINT ( 'NONE',  ( 0.07198551454928016347, -0.07198551454928023285, 0.5089285714243572123 ) ) ;
#4054 = EDGE_CURVE ( 'NONE', #5368, #521, #4204, .T. ) ;
#4055 = CARTESIAN_POINT ( 'NONE',  ( -0.09442855881954363706, 0.1638349478164232709, 0.8562500000000000666 ) ) ;
#4056 = CARTESIAN_POINT ( 'NONE',  ( 0.1249999999999999584, -1.455132423851094150E-16, 0.2098214285694642578 ) ) ;
#4057 = CARTESIAN_POINT ( 'NONE',  ( -1.530808498934191201E-17, -0.1250000000000001388, 0.02232142857096429400 ) ) ;
#4058 = DIRECTION ( 'NONE',  ( -1.000000000000000000, 0.000000000000000000, 0.000000000000000000 ) ) ;
#4059 = CARTESIAN_POINT ( 'NONE',  ( -0.06290549989091979988, -0.07193466817752458553, 0.7494508330878955071 ) ) ;
#4060 = CARTESIAN_POINT ( 'NONE',  ( -0.04216813812856259891, -0.1018028909699979778, -0.002232142857267846014 ) ) ;
#4061 = CARTESIAN_POINT ( 'NONE',  ( -0.1018028909699977835, -1.479630614914857880E-16, 0.1026785714276071404 ) ) ;
#4062 = CARTESIAN_POINT ( 'NONE',  ( 0.04216813812856255728, -0.1018028909699978668, 0.3638392857112321410 ) ) ;
#4063 = CARTESIAN_POINT ( 'NONE',  ( 0.1018028909699977835, -1.267477803362558746E-16, 0.2589285714263571681 ) ) ;
#4064 = CARTESIAN_POINT ( 'NONE',  ( 0.1018028909699977558, 0.04216813812856253646, 0.4040178571394820728 ) ) ;
#4065 = CARTESIAN_POINT ( 'NONE',  ( 0.08426811786109460189, -0.07854591500758098532, 0.01668989724498955857 ) ) ;
#4066 = CYLINDRICAL_SURFACE ( 'NONE', #1697, 0.1249999999999999306 ) ;
#4067 = DIRECTION ( 'NONE',  ( 0.7071067811865436870, 0.000000000000000000, 0.7071067811865513475 ) ) ;
#4068 = EDGE_LOOP ( 'NONE', ( #4709, #1674, #30, #484 ) ) ;
#4069 =( BOUNDED_CURVE ( )  B_SPLINE_CURVE ( 2, ( #4654, #4544, #2892, #840, #4236, #4181, #812, #2975, #2923 ),
 .UNSPECIFIED., .F., .F. ) 
 B_SPLINE_CURVE_WITH_KNOTS ( ( 3, 2, 2, 2, 3 ),
 ( 0.2236842105263157909, 0.2302631578947368363, 0.2368421052631578816, 0.2434210526315789547, 0.2500000000000000000 ),
 .UNSPECIFIED. ) 
 CURVE ( )  GEOMETRIC_REPRESENTATION_ITEM ( )  RATIONAL_B_SPLINE_CURVE ( ( 1.000000000000000000, 0.9238795325112867385, 1.000000000000000000, 0.9238795325112867385, 1.000000000000000000, 0.9238795325112867385, 1.000000000000000000, 0.9238795325112867385, 1.000000000000000000 ) ) 
 REPRESENTATION_ITEM ( '' )  );
#4070 = LINE ( 'NONE', #1170, #300 ) ;
#4071 = VERTEX_POINT ( 'NONE', #4737 ) ;
#4072 = CARTESIAN_POINT ( 'NONE',  ( -0.09375000000000024980, 0.01840772069489212195, 0.7502442289393693731 ) ) ;
#4073 = CARTESIAN_POINT ( 'NONE',  ( -0.04216813812856259891, -0.1018028909699978807, 0.2477678571407321839 ) ) ;
#4074 = CARTESIAN_POINT ( 'NONE',  ( -1.530808498934191201E-17, -0.1249999999999999861, 0.5223214285669643964 ) ) ;
#4075 = EDGE_CURVE ( 'NONE', #756, #3865, #2588, .T. ) ;
#4076 = CARTESIAN_POINT ( 'NONE',  ( -0.07198551454928017734, 0.07198551454928014959, 0.5267857142813571203 ) ) ;
#4077 = B_SPLINE_CURVE_WITH_KNOTS ( 'NONE', 3,
 ( #190, #4330, #97, #219, #2742, #1906, #2287, #3520, #545, #3495 ),
 .UNSPECIFIED., .F., .F.,
 ( 4, 2, 2, 2, 4 ),
 ( 1.485475679829056832E-17, 0.0005119053112122260189, 0.001023810622424437293, 0.001535715933636648458, 0.002047621244848859406 ),
 .UNSPECIFIED. ) ;
#4078 = ORIENTED_EDGE ( 'NONE', *, *, #3592, .T. ) ;
#4079 = CARTESIAN_POINT ( 'NONE',  ( -0.08838834764831843271, 0.08838834764831839108, 0.4732142857102142330 ) ) ;
#4080 = CARTESIAN_POINT ( 'NONE',  ( -0.1249999999999999584, -1.623654361348493543E-16, 0.04910714285646426008 ) ) ;
#4081 = EDGE_CURVE ( 'NONE', #2841, #928, #653, .T. ) ;
#4082 = CARTESIAN_POINT ( 'NONE',  ( 0.1249999999999999584, -1.666102929310755375E-16, 0.1383928571414642927 ) ) ;
#4083 = CARTESIAN_POINT ( 'NONE',  ( -0.007663316585628479616, -0.1038287575794571704, 0.7552580611380932396 ) ) ;
#4084 = VERTEX_POINT ( 'NONE', #949 ) ;
#4085 = DIRECTION ( 'NONE',  ( -1.000000000000000000, 0.000000000000000000, 0.000000000000000000 ) ) ;
#4086 = CARTESIAN_POINT ( 'NONE',  ( 0.07198551454928019122, 0.07198551454928014959, 0.5848214285666071266 ) ) ;
#4087 = CARTESIAN_POINT ( 'NONE',  ( 0.000000000000000000, 0.1249999999999998057, 0.1071428571419999753 ) ) ;
#4088 = CARTESIAN_POINT ( 'NONE',  ( -0.1018028909699977835, 0.04216813812856243932, 0.1361607142844821483 ) ) ;
#4089 = VECTOR ( 'NONE', #2509, 39.37007874015748143 ) ;
#4090 = CARTESIAN_POINT ( 'NONE',  ( 0.04216813812856263360, 0.1018028909699976864, 0.3415178571399820062 ) ) ;
#4091 = CARTESIAN_POINT ( 'NONE',  ( -0.04216813812856259891, -0.1018028909699978946, 0.2879464285689821712 ) ) ;
#4092 = CARTESIAN_POINT ( 'NONE',  ( 0.000000000000000000, 0.1018028909699976725, 0.2678571428548571220 ) ) ;
#4093 = CARTESIAN_POINT ( 'NONE',  ( 0.1037228611113874682, -0.1349216999255590799, 0.8750000000000000000 ) ) ;
#4094 = CARTESIAN_POINT ( 'NONE',  ( 0.1018028909699977558, 0.04216813812856254340, 0.4397321428534820553 ) ) ;
#4095 = CARTESIAN_POINT ( 'NONE',  ( 0.04085231770660589790, -0.1014133783015751800, 0.01081658164107830895 ) ) ;
#4096 = LINE ( 'NONE', #4046, #5048 ) ;
#4097 = CARTESIAN_POINT ( 'NONE',  ( 0.1249999999999999584, 0.05177669529663678910, 0.2477678571405892982 ) ) ;
#4098 = CARTESIAN_POINT ( 'NONE',  ( -0.1249999999999999584, -3.710169851809113695E-17, 0.4732142857105000044 ) ) ;
#4099 = VERTEX_POINT ( 'NONE', #530 ) ;
#4100 = CARTESIAN_POINT ( 'NONE',  ( -0.07198551454928017734, 0.07198551454928005244, 0.2008928571411070785 ) ) ;
#4101 = CARTESIAN_POINT ( 'NONE',  ( -0.1249999999999999861, -0.05177669529663688625, 0.5513392857095893440 ) ) ;
#4102 = CARTESIAN_POINT ( 'NONE',  ( -0.07198551454928017734, -0.07198551454928019122, 0.5714285714238571678 ) ) ;
#4103 = ORIENTED_EDGE ( 'NONE', *, *, #536, .T. ) ;
#4104 = EDGE_CURVE ( 'NONE', #5349, #295, #4496, .T. ) ;
#4105 = CARTESIAN_POINT ( 'NONE',  ( 0.05177669529663696951, 0.1249999999999998612, 0.4263392857108749268 ) ) ;
#4106 = CARTESIAN_POINT ( 'NONE',  ( -1.530808498934191201E-17, -0.1250000000000001110, 0.09374999999896430070 ) ) ;
#4107 = CARTESIAN_POINT ( 'NONE',  ( -0.1249999999999999861, 0.05177669529663686543, 0.5781249999953749219 ) ) ;
#4108 = CARTESIAN_POINT ( 'NONE',  ( -0.1734888829588906445, 0.04662384207689185267, 0.6250000000000000000 ) ) ;
#4109 = CARTESIAN_POINT ( 'NONE',  ( -0.1826198767901003051, 0.04907772852307184380, 0.8750000000000001110 ) ) ;
#4110 = CARTESIAN_POINT ( 'NONE',  ( -1.246725845703547748E-17, -0.1018028909699977974, 0.5758928571381071171 ) ) ;
#4111 = EDGE_CURVE ( 'NONE', #3269, #4829, #2999, .T. ) ;
#4112 = VERTEX_POINT ( 'NONE', #5254 ) ;
#4113 = CARTESIAN_POINT ( 'NONE',  ( -0.1249999999999999584, -1.109413754289725473E-16, 0.2232142857124999880 ) ) ;
#4114 = CARTESIAN_POINT ( 'NONE',  ( 0.000000000000000000, 0.1018028909699975892, -0.01785714285714290472 ) ) ;
#4115 = CARTESIAN_POINT ( 'NONE',  ( -0.1018028909699977835, -0.04216813812856268912, 0.2120535714267321736 ) ) ;
#4116 = LINE ( 'NONE', #858, #1795 ) ;
#4117 = ORIENTED_EDGE ( 'NONE', *, *, #2484, .F. ) ;
#4118 = EDGE_CURVE ( 'NONE', #1861, #4099, #595, .T. ) ;
#4119 = AXIS2_PLACEMENT_3D ( 'NONE', #2710, #2336, #3992 ) ;
#4120 = CARTESIAN_POINT ( 'NONE',  ( -0.07198551454928017734, 0.07198551454928010795, 0.3839285714253570791 ) ) ;
#4121 = CARTESIAN_POINT ( 'NONE',  ( -0.1018028909699977835, -1.070875260586764626E-16, 0.2410714285693571213 ) ) ;
#4122 = CARTESIAN_POINT ( 'NONE',  ( 0.09375000000000001388, 0.05412658773652767596, 0.7578125000000000000 ) ) ;
#4123 = CARTESIAN_POINT ( 'NONE',  ( 0.1249999999999999584, -5.057651492826188838E-17, 0.5312499999954642949 ) ) ;
#4124 = CARTESIAN_POINT ( 'NONE',  ( -0.08838834764831843271, -0.08838834764831844659, 0.5491071428527499743 ) ) ;
#4125 = CARTESIAN_POINT ( 'NONE',  ( -0.1250000000000000000, 0.05177669529663683073, 0.4709821428533750298 ) ) ;
#4126 = CARTESIAN_POINT ( 'NONE',  ( -0.08838834764831843271, 0.08838834764831843271, 0.6473214285662500789 ) ) ;
#4127 = EDGE_LOOP ( 'NONE', ( #249, #2306 ) ) ;
#4128 = CARTESIAN_POINT ( 'NONE',  ( 0.05177669529663685849, -0.1250000000000000555, 0.4531249999960894059 ) ) ;
#4129 = CARTESIAN_POINT ( 'NONE',  ( 0.08838834764831840496, -0.08838834764831858537, 0.09374999999925003047 ) ) ;
#4130 = CARTESIAN_POINT ( 'NONE',  ( -0.1018028909699977835, -6.489342496674424223E-17, 0.3839285714253570791 ) ) ;
#4131 = CARTESIAN_POINT ( 'NONE',  ( -0.1249999999999999861, 0.05177669529663686543, 0.5825892857093393218 ) ) ;
#4132 = CARTESIAN_POINT ( 'NONE',  ( 0.1018028909699977835, -5.158953776625155700E-17, 0.5133928571386071615 ) ) ;
#4133 = VERTEX_POINT ( 'NONE', #3206 ) ;
#4134 = CARTESIAN_POINT ( 'NONE',  ( 0.05177669529663685849, -0.1250000000000001665, 0.09598214285608928920 ) ) ;
#4135 = CARTESIAN_POINT ( 'NONE',  ( 0.02454369238353812030, -0.1874999999999999167, 0.8750000000000001110 ) ) ;
#4136 = CARTESIAN_POINT ( 'NONE',  ( -0.04216813812856257809, 0.1018028909699976031, 0.06026785714223209522 ) ) ;
#4137 = ORIENTED_EDGE ( 'NONE', *, *, #4985, .F. ) ;
#4138 = CYLINDRICAL_SURFACE ( 'NONE', #2970, 0.1249999999999999306 ) ;
#4139 = CARTESIAN_POINT ( 'NONE',  ( 0.07198551454928019122, 0.07198551454928016347, 0.6205357142806071646 ) ) ;
#4140 = CARTESIAN_POINT ( 'NONE',  ( 0.1249999999999999306, 1.538357638823458624E-17, 0.000000000000000000 ) ) ;
#4141 = CARTESIAN_POINT ( 'NONE',  ( -0.08838834764831843271, 0.08838834764831836333, 0.3973214285682500346 ) ) ;
#4142 = CARTESIAN_POINT ( 'NONE',  ( 0.07198551454928016347, -0.07198551454928030224, 0.2589285714263571681 ) ) ;
#4143 = CARTESIAN_POINT ( 'NONE',  ( 0.09375000000000001388, -1.104688082028675513E-16, 0.8666265877365275649 ) ) ;
#4144 = EDGE_CURVE ( 'NONE', #3597, #4831, #5331, .T. ) ;
#4145 = CARTESIAN_POINT ( 'NONE',  ( -0.04907772852305024996, -0.1826198767901092423, 0.8750000000000001110 ) ) ;
#4146 = CARTESIAN_POINT ( 'NONE',  ( 0.07198551454928016347, -0.07198551454928024673, 0.4374999999963571917 ) ) ;
#4147 = CARTESIAN_POINT ( 'NONE',  ( -0.07198551454928017734, -0.07198551454928027449, 0.2857142857118571966 ) ) ;
#4148 = CARTESIAN_POINT ( 'NONE',  ( -0.1499375328083459302, -0.1152275101366093124, 0.6250000000000001110 ) ) ;
#4149 = CARTESIAN_POINT ( 'NONE',  ( 0.07198551454928019122, 0.07198551454928003857, 0.1919642857126070967 ) ) ;
#4150 = CARTESIAN_POINT ( 'NONE',  ( -0.08838834764831843271, -0.08838834764831851598, 0.2991071428547500410 ) ) ;
#4151 = CARTESIAN_POINT ( 'NONE',  ( 0.05475602988872744353, 0.07663976687704311674, 0.8666207643691725693 ) ) ;
#4152 = CYLINDRICAL_SURFACE ( 'NONE', #5063, 0.1249999999999999306 ) ;
#4153 = EDGE_CURVE ( 'NONE', #4764, #1557, #3122, .T. ) ;
#4154 = CARTESIAN_POINT ( 'NONE',  ( 0.000000000000000000, 7.549139889267777477E-20, 0.000000000000000000 ) ) ;
#4155 = ORIENTED_EDGE ( 'NONE', *, *, #5106, .F. ) ;
#4156 = ORIENTED_EDGE ( 'NONE', *, *, #772, .T. ) ;
#4157 = CARTESIAN_POINT ( 'NONE',  ( 0.1018028909699977697, 0.04216813812856252258, 0.3683035714254820903 ) ) ;
#4158 = CARTESIAN_POINT ( 'NONE',  ( 0.05177669529663685849, -0.1249999999999999861, 0.5959821428520895026 ) ) ;
#4159 = CARTESIAN_POINT ( 'NONE',  ( 0.05177669529663685849, -0.1250000000000001110, 0.2343749999981250276 ) ) ;
#4160 = EDGE_LOOP ( 'NONE', ( #2757, #191, #5435, #3349 ) ) ;
#4161 = CARTESIAN_POINT ( 'NONE',  ( 0.07198551454928016347, -0.07198551454928037163, 0.04017857142810715015 ) ) ;
#4162 = CARTESIAN_POINT ( 'NONE',  ( -0.1249999999999999584, -1.096228097699340604E-16, 0.2276785714264642213 ) ) ;
#4163 = AXIS2_PLACEMENT_3D ( 'NONE', #318, #3590, #616 ) ;
#4164 = CARTESIAN_POINT ( 'NONE',  ( -0.1638349479016320553, -0.09442855861383676885, 0.8750000000000001110 ) ) ;
#4165 = CARTESIAN_POINT ( 'NONE',  ( 0.1249999999999999445, -0.05177669529663703196, 0.3147321428543392585 ) ) ;
#4166 = CARTESIAN_POINT ( 'NONE',  ( -0.1249999999999999861, 0.05177669529663682380, 0.4352678571393750473 ) ) ;
#4167 = CARTESIAN_POINT ( 'NONE',  ( 0.07198551454928016347, -0.07198551454928028837, 0.2946428571403572061 ) ) ;
#4168 = CARTESIAN_POINT ( 'NONE',  ( -0.08838834764831843271, -0.08838834764831851598, 0.2678571428547142919 ) ) ;
#4169 = CARTESIAN_POINT ( 'NONE',  ( -0.1826198767901003051, 0.04907772852307184380, 0.8750000000000001110 ) ) ;
#4170 = CARTESIAN_POINT ( 'NONE',  ( 0.000000000000000000, 0.1018028909699977419, 0.5223214285671070600 ) ) ;
#4171 = CARTESIAN_POINT ( 'NONE',  ( 0.1018028909699977558, 0.04216813812856255728, 0.4799107142817320426 ) ) ;
#4172 = CARTESIAN_POINT ( 'NONE',  ( 0.1499375328083512871, -0.1152275101366039001, 0.6250000000000000000 ) ) ;
#4173 = CARTESIAN_POINT ( 'NONE',  ( 0.04216813812856263360, 0.1018028909699976448, 0.2299107142837321094 ) ) ;
#4174 = DIRECTION ( 'NONE',  ( -0.000000000000000000, -0.000000000000000000, -1.000000000000000000 ) ) ;
#4175 = DIRECTION ( 'NONE',  ( 1.000000000000000000, 0.000000000000000000, 0.000000000000000000 ) ) ;
#4176 = DIRECTION ( 'NONE',  ( -0.000000000000000000, -0.000000000000000000, 1.000000000000000000 ) ) ;
#4177 = CARTESIAN_POINT ( 'NONE',  ( 0.000000000000000000, 0.1018028909699976309, 0.1294642857131071134 ) ) ;
#4178 = EDGE_LOOP ( 'NONE', ( #2082, #1178 ) ) ;
#4179 = ORIENTED_EDGE ( 'NONE', *, *, #5302, .F. ) ;
#4180 = CARTESIAN_POINT ( 'NONE',  ( -0.08838834764831843271, 0.08838834764831829394, 0.1830357142842499729 ) ) ;
#4181 = CARTESIAN_POINT ( 'NONE',  ( 0.05177669529663685849, -0.1250000000000001388, 0.1629464285701250348 ) ) ;
#4182 = CARTESIAN_POINT ( 'NONE',  ( 0.08838834764831843271, 0.08838834764831823843, 0.1383928571417500086 ) ) ;
#4183 = CARTESIAN_POINT ( 'NONE',  ( -0.1018028909699977835, 0.04216813812856251564, 0.3816964285682321045 ) ) ;
#4184 = B_SPLINE_CURVE_WITH_KNOTS ( 'NONE', 3,
 ( #433, #2998, #5464, #1693, #1665, #2533 ),
 .UNSPECIFIED., .F., .F.,
 ( 4, 2, 4 ),
 ( 0.008755864747575429000, 0.009451757481403009337, 0.01014765021523058967 ),
 .UNSPECIFIED. ) ;
#4185 = CARTESIAN_POINT ( 'NONE',  ( 0.02331650778601850743, 0.1781249999999999223, 0.6250000000000000000 ) ) ;
#4186 =( BOUNDED_CURVE ( )  B_SPLINE_CURVE ( 2, ( #4539, #751, #342, #2469, #2041, #1605, #3176, #2649, #4447 ),
 .UNSPECIFIED., .F., .T. ) 
 B_SPLINE_CURVE_WITH_KNOTS ( ( 3, 2, 2, 2, 3 ),
 ( 0.7500000000000000000, 0.7565789473684210176, 0.7631578947368421462, 0.7697368421052631637, 0.7763157894736841813 ),
 .UNSPECIFIED. ) 
 CURVE ( )  GEOMETRIC_REPRESENTATION_ITEM ( )  RATIONAL_B_SPLINE_CURVE ( ( 1.000000000000000000, 0.9238795325112867385, 1.000000000000000000, 0.9238795325112867385, 1.000000000000000000, 0.9238795325112867385, 1.000000000000000000, 0.9238795325112867385, 1.000000000000000000 ) ) 
 REPRESENTATION_ITEM ( '' )  );
#4187 = CARTESIAN_POINT ( 'NONE',  ( -0.1250000000000000000, -0.05177669529663699727, 0.1584821428555892864 ) ) ;
#4188 = ORIENTED_EDGE ( 'NONE', *, *, #3519, .T. ) ;
#4189 = AXIS2_PLACEMENT_3D ( 'NONE', #65, #1760, #2981 ) ;
#4190 = ADVANCED_FACE ( 'NONE', ( #633, #1827 ), #2270, .T. ) ;
#4191 = CARTESIAN_POINT ( 'NONE',  ( -0.05177669529663687931, -0.1250000000000000278, 0.4129464285678393076 ) ) ;
#4192 = CARTESIAN_POINT ( 'NONE',  ( 0.1249999999999999722, 0.05177669529663678910, 0.2477678571405892982 ) ) ;
#4193 = CARTESIAN_POINT ( 'NONE',  ( -0.1499375327922183310, -0.1152275101527368423, 0.8750000000000001110 ) ) ;
#4194 = DIRECTION ( 'NONE',  ( -0.000000000000000000, -0.000000000000000000, -1.000000000000000000 ) ) ;
#4195 = CARTESIAN_POINT ( 'NONE',  ( 0.07198551454928019122, 0.07198551454927998305, 0.01339285714260710428 ) ) ;
#4196 = LINE ( 'NONE', #4140, #477 ) ;
#4197 = CARTESIAN_POINT ( 'NONE',  ( 0.07198551454928019122, 0.07198551454928012183, 0.5133928571386071615 ) ) ;
#4198 = CARTESIAN_POINT ( 'NONE',  ( 0.1018028909699977697, -0.04216813812856272381, 0.2968749999974821252 ) ) ;
#4199 = CARTESIAN_POINT ( 'NONE',  ( 0.09375000000000002776, 0.01840772069489210461, 0.8674317289393694841 ) ) ;
#4200 = CARTESIAN_POINT ( 'NONE',  ( -0.09442855861385884841, -0.1638349479016228960, 0.8750000000000001110 ) ) ;
#4201 = EDGE_LOOP ( 'NONE', ( #3887, #3558, #704, #4527 ) ) ;
#4202 = CARTESIAN_POINT ( 'NONE',  ( 0.1018028909699977835, -8.323511358520073461E-17, 0.4062499999966071584 ) ) ;
#4203 = CARTESIAN_POINT ( 'NONE',  ( 0.000000000000000000, 0.1018028909699977141, 0.4151785714251071124 ) ) ;
#4204 = LINE ( 'NONE', #1744, #3231 ) ;
#4205 = CARTESIAN_POINT ( 'NONE',  ( 0.04216813812856255728, -0.1018028909699978529, 0.4308035714249821568 ) ) ;
#4206 = CARTESIAN_POINT ( 'NONE',  ( 0.1249999999999999584, 0.05177669529663687931, 0.4977678571385892314 ) ) ;
#4207 = CARTESIAN_POINT ( 'NONE',  ( 0.000000000000000000, -1.845237008797876145E-16, 0.6250000000000000000 ) ) ;
#4208 = CARTESIAN_POINT ( 'NONE',  ( 0.1249999999999999584, -1.257347574981817794E-16, 0.2767857142835000173 ) ) ;
#4209 = FACE_OUTER_BOUND ( 'NONE', #4533, .T. ) ;
#4210 = CARTESIAN_POINT ( 'NONE',  ( -0.07198551454928017734, 0.07198551454928003857, 0.1339285714273570904 ) ) ;
#4211 = CARTESIAN_POINT ( 'NONE',  ( -1.246725845703547748E-17, -0.1018028909699979501, 0.04017857142810715015 ) ) ;
#4212 = CARTESIAN_POINT ( 'NONE',  ( 0.000000000000000000, 0.1249999999999999306, 0.4999999999959999775 ) ) ;
#4213 = CARTESIAN_POINT ( 'NONE',  ( 0.1018028909699977835, -1.056507297902897521E-16, 0.3303571428543571886 ) ) ;
#4214 = CARTESIAN_POINT ( 'NONE',  ( -0.1249999999999999861, -0.05177669529663687931, 0.5870535714235892710 ) ) ;
#4215 = CARTESIAN_POINT ( 'NONE',  ( 0.1249999999999999445, -0.05177669529663708747, 0.1718749999983392729 ) ) ;
#4216 = CARTESIAN_POINT ( 'NONE',  ( -0.02331650778601883009, -0.1781249999999999223, 0.6250000000000000000 ) ) ;
#4217 = EDGE_CURVE ( 'NONE', #1557, #2460, #5058, .T. ) ;
#4218 =( BOUNDED_CURVE ( )  B_SPLINE_CURVE ( 2, ( #34, #5107, #3784, #3760, #1329, #908, #5443, #2631, #2204, #2112, #3867, #66, #3327, #5476, #2512, #4989, #1208, #2929, #4161, #381, #1646, #2544, #3357, #1675, #5020, #5046, #2982, #3899, #2688, #1847, #1875, #5163, #3492, #5245, #597, #4359, #1036, #5217, #4413, #1427, #4327, #623, #2340, #3139, #3974, #1012, #3112, #4800, #3545, #2739, #4774, #4298, #4386, #95, #1788, #127, #5191, #519, #3516, #1403, #571, #3086, #989, #2310, #4748, #965, #3996, #542, #1455, #1815, #4826, #1761, #2713, #2259, #188, #2284, #3169, #3467, #5135, #3951, #158, #1355, #3063, #4725, #937, #2661, #2235, #1536, #1995, #3702, #4100, #4888, #2865, #2452, #3297, #2894, #5383, #1506, #1093, #1559, #5270, #5358, #2818, #1173, #3674, #323, #4493, #4025, #2022, #244, #1587, #4073, #1936, #4913, #3248, #4957, #296, #4858, #4546, #3271, #3621, #271, #4937, #651, #5300, #1146, #758, #3196, #1481, #4515, #2475, #2846, #1119, #216, #3221, #4469, #1903, #675, #2396, #699, #3595, #4051, #1965, #2370, #3647, #5329, #1230, #2107, #4213, #436, #785, #2539, #2949, #3832, #2139, #2976, #1204, #2168, #1698, #27, #1260, #2507, #1731, #3406, #4600, #4157, #377, #813, #3029, #4625, #5103, #4183, #4130, #2079, #5015, #3757, #407, #3806, #2925, #3433, #5073, #4655, #1323, #5437, #4688, #1292, #3779, #1641, #3351, #5470, #903, #842, #349, #1671, #2048, #3377, #5043, #2569, #5505, #3004, #872, #4576, #3728, #2600, #464, #5411, #1613, #3322, #3894, #538, #3947, #513, #1783, #3161, #89, #4382, #4744, #181, #1450, #3916, #2657, #1008, #1870, #1350, #4769, #60, #2255, #3861, #3488, #2278, #122, #1810, #4819, #588, #3512, #4351, #2303, #2734, #5158, #5212, #4795, #3540, #3969, #3563, #1754, #1840, #2627, #4292, #151, #1377, #5238, #566, #4264, #1400, #932, #3135, #2230, #487, #985, #3082, #5185, #3108, #2199, #1422, #3463, #5131, #961 ),
 .UNSPECIFIED., .F., .T. ) 
 B_SPLINE_CURVE_WITH_KNOTS ( ( 3, 2, 2, 2, 2, 2, 2, 2, 2, 2, 2, 2, 2, 2, 2, 2, 2, 2, 2, 2, 2, 2, 2, 2, 2, 2, 2, 2, 2, 2, 2, 2, 2, 2, 2, 2, 2, 2, 2, 2, 2, 2, 2, 2, 2, 2, 2, 2, 2, 2, 2, 2, 2, 2, 2, 2, 2, 2, 2, 2, 2, 2, 2, 2, 2, 2, 2, 2, 2, 2, 2, 2, 2, 2, 2, 2, 2, 2, 2, 2, 2, 2, 2, 2, 2, 2, 2, 2, 2, 2, 2, 2, 2, 2, 2, 2, 2, 2, 2, 2, 2, 2, 2, 2, 2, 2, 2, 2, 2, 2, 2, 2, 2, 2, 2, 2, 2, 2, 2, 2, 2, 2, 2, 2, 2, 2, 2, 2, 2, 2, 2, 2, 2, 3 ),
 ( 0.03155490446172168340, 0.03289473684210526133, 0.03947368421052631360, 0.04605263157894736586, 0.05263157894736841813, 0.05921052631578947734, 0.06578947368421052266, 0.07236842105263158187, 0.07894736842105262720, 0.08552631578947368640, 0.09210526315789471785, 0.09868421052631579093, 0.1052631578947368363, 0.1118421052631578955, 0.1184210526315789408, 0.1249999999999999861, 0.1315789473684210453, 0.1381578947368421184, 0.1447368421052631637, 0.1513157894736842368, 0.1578947368421052544, 0.1644736842105263275, 0.1710526315789473728, 0.1776315789473684181, 0.1842105263157894357, 0.1907894736842105365, 0.1973684210526315819, 0.2039473684210526272, 0.2105263157894736725, 0.2171052631578947734, 0.2236842105263157909, 0.2302631578947368363, 0.2368421052631579093, 0.2434210526315789547, 0.2500000000000000000, 0.2565789473684210731, 0.2631578947368420907, 0.2697368421052631637, 0.2763157894736842368, 0.2828947368421053099, 0.2894736842105263275, 0.2960526315789473450, 0.3026315789473684736, 0.3092105263157894912, 0.3157894736842105088, 0.3223684210526316374, 0.3289473684210526550, 0.3355263157894736725, 0.3421052631578948011, 0.3486842105263158187, 0.3552631578947368363, 0.3618421052631579649, 0.3684210526315789824, 0.3749999999999998890, 0.3815789473684211286, 0.3881578947368421462, 0.3947368421052631637, 0.4013157894736842923, 0.4078947368421053099, 0.4144736842105263275, 0.4210526315789473450, 0.4276315789473684736, 0.4342105263157894912, 0.4407894736842105088, 0.4473684210526316374, 0.4539473684210526550, 0.4605263157894736725, 0.4671052631578948011, 0.4736842105263158187, 0.4802631578947368363, 0.4868421052631579649, 0.4934210526315789824, 0.5000000000000000000, 0.5065789473684210176, 0.5131578947368420351, 0.5197368421052631637, 0.5263157894736841813, 0.5328947368421053099, 0.5394736842105263275, 0.5460526315789473450, 0.5526315789473684736, 0.5592105263157894912, 0.5657894736842105088, 0.5723684210526315264, 0.5789473684210526550, 0.5855263157894736725, 0.5921052631578946901, 0.5986842105263158187, 0.6052631578947368363, 0.6118421052631577428, 0.6184210526315789824, 0.6250000000000000000, 0.6315789473684210176, 0.6381578947368421462, 0.6447368421052631637, 0.6513157894736841813, 0.6578947368421053099, 0.6644736842105263275, 0.6710526315789473450, 0.6776315789473684736, 0.6842105263157894912, 0.6907894736842105088, 0.6973684210526315264, 0.7039473684210526550, 0.7105263157894736725, 0.7171052631578946901, 0.7236842105263158187, 0.7302631578947368363, 0.7368421052631578538, 0.7434210526315790935, 0.7499999999999998890, 0.7565789473684210176, 0.7631578947368421462, 0.7697368421052631637, 0.7763157894736841813, 0.7828947368421053099, 0.7894736842105263275, 0.7960526315789473450, 0.8026315789473684736, 0.8092105263157894912, 0.8157894736842105088, 0.8223684210526316374, 0.8289473684210526550, 0.8355263157894736725, 0.8421052631578946901, 0.8486842105263158187, 0.8552631578947368363, 0.8618421052631578538, 0.8684210526315789824, 0.8750000000000000000, 0.8815789473684210176, 0.8881578947368420351, 0.8947368421052630527, 0.8985838820414683292 ),
 .UNSPECIFIED. ) 
 CURVE ( )  GEOMETRIC_REPRESENTATION_ITEM ( )  RATIONAL_B_SPLINE_CURVE ( ( 0.9753096629708351006, 0.9844977225930003906, 1.000000000000000000, 0.9238795325112867385, 1.000000000000000000, 0.9238795325112867385, 1.000000000000000000, 0.9238795325112867385, 1.000000000000000000, 0.9238795325112867385, 1.000000000000000000, 0.9238795325112867385, 1.000000000000000000, 0.9238795325112867385, 1.000000000000000000, 0.9238795325112867385, 1.000000000000000000, 0.9238795325112867385, 1.000000000000000000, 0.9238795325112867385, 1.000000000000000000, 0.9238795325112867385, 1.000000000000000000, 0.9238795325112867385, 1.000000000000000000, 0.9238795325112867385, 1.000000000000000000, 0.9238795325112867385, 1.000000000000000000, 0.9238795325112867385, 1.000000000000000000, 0.9238795325112867385, 1.000000000000000000, 0.9238795325112867385, 1.000000000000000000, 0.9238795325112867385, 1.000000000000000000, 0.9238795325112867385, 1.000000000000000000, 0.9238795325112867385, 1.000000000000000000, 0.9238795325112867385, 1.000000000000000000, 0.9238795325112867385, 1.000000000000000000, 0.9238795325112867385, 1.000000000000000000, 0.9238795325112867385, 1.000000000000000000, 0.9238795325112867385, 1.000000000000000000, 0.9238795325112867385, 1.000000000000000000, 0.9238795325112867385, 1.000000000000000000, 0.9238795325112867385, 1.000000000000000000, 0.9238795325112867385, 1.000000000000000000, 0.9238795325112867385, 1.000000000000000000, 0.9238795325112867385, 1.000000000000000000, 0.9238795325112867385, 1.000000000000000000, 0.9238795325112867385, 1.000000000000000000, 0.9238795325112867385, 1.000000000000000000, 0.9238795325112867385, 1.000000000000000000, 0.9238795325112867385, 1.000000000000000000, 0.9238795325112867385, 1.000000000000000000, 0.9238795325112867385, 1.000000000000000000, 0.9238795325112867385, 1.000000000000000000, 0.9238795325112867385, 1.000000000000000000, 0.9238795325112867385, 1.000000000000000000, 0.9238795325112867385, 1.000000000000000000, 0.9238795325112867385, 1.000000000000000000, 0.9238795325112867385, 1.000000000000000000, 0.9238795325112867385, 1.000000000000000000, 0.9238795325112867385, 1.000000000000000000, 0.9238795325112867385, 1.000000000000000000, 0.9238795325112867385, 1.000000000000000000, 0.9238795325112867385, 1.000000000000000000, 0.9238795325112867385, 1.000000000000000000, 0.9238795325112867385, 1.000000000000000000, 0.9238795325112867385, 1.000000000000000000, 0.9238795325112867385, 1.000000000000000000, 0.9238795325112867385, 1.000000000000000000, 0.9238795325112867385, 1.000000000000000000, 0.9238795325112867385, 1.000000000000000000, 0.9238795325112867385, 1.000000000000000000, 0.9238795325112867385, 1.000000000000000000, 0.9238795325112867385, 1.000000000000000000, 0.9238795325112867385, 1.000000000000000000, 0.9238795325112867385, 1.000000000000000000, 0.9238795325112867385, 1.000000000000000000, 0.9238795325112867385, 1.000000000000000000, 0.9238795325112867385, 1.000000000000000000, 0.9238795325112867385, 1.000000000000000000, 0.9238795325112867385, 1.000000000000000000, 0.9238795325112867385, 1.000000000000000000, 0.9238795325112867385, 1.000000000000000000, 0.9238795325112867385, 1.000000000000000000, 0.9238795325112867385, 1.000000000000000000, 0.9238795325112867385, 1.000000000000000000, 0.9238795325112867385, 1.000000000000000000, 0.9238795325112867385, 1.000000000000000000, 0.9238795325112867385, 1.000000000000000000, 0.9238795325112867385, 1.000000000000000000, 0.9238795325112867385, 1.000000000000000000, 0.9238795325112867385, 1.000000000000000000, 0.9238795325112867385, 1.000000000000000000, 0.9238795325112867385, 1.000000000000000000, 0.9238795325112867385, 1.000000000000000000, 0.9238795325112867385, 1.000000000000000000, 0.9238795325112867385, 1.000000000000000000, 0.9238795325112867385, 1.000000000000000000, 0.9238795325112867385, 1.000000000000000000, 0.9238795325112867385, 1.000000000000000000, 0.9238795325112867385, 1.000000000000000000, 0.9238795325112867385, 1.000000000000000000, 0.9238795325112867385, 1.000000000000000000, 0.9238795325112867385, 1.000000000000000000, 0.9238795325112867385, 1.000000000000000000, 0.9238795325112867385, 1.000000000000000000, 0.9238795325112867385, 1.000000000000000000, 0.9238795325112867385, 1.000000000000000000, 0.9238795325112867385, 1.000000000000000000, 0.9238795325112867385, 1.000000000000000000, 0.9238795325112867385, 1.000000000000000000, 0.9238795325112867385, 1.000000000000000000, 0.9238795325112867385, 1.000000000000000000, 0.9238795325112867385, 1.000000000000000000, 0.9238795325112867385, 1.000000000000000000, 0.9238795325112867385, 1.000000000000000000, 0.9238795325112867385, 1.000000000000000000, 0.9238795325112867385, 1.000000000000000000, 0.9238795325112867385, 1.000000000000000000, 0.9238795325112867385, 1.000000000000000000, 0.9238795325112867385, 1.000000000000000000, 0.9238795325112867385, 1.000000000000000000, 0.9238795325112867385, 1.000000000000000000, 0.9238795325112867385, 1.000000000000000000, 0.9238795325112867385, 1.000000000000000000, 0.9238795325112867385, 1.000000000000000000, 0.9238795325112867385, 1.000000000000000000, 0.9238795325112867385, 1.000000000000000000, 0.9238795325112867385, 1.000000000000000000, 0.9238795325112867385, 1.000000000000000000, 0.9238795325112867385, 1.000000000000000000, 0.9238795325112867385, 1.000000000000000000, 0.9238795325112867385, 1.000000000000000000, 0.9238795325112867385, 1.000000000000000000, 0.9238795325112867385, 1.000000000000000000, 0.9238795325112867385, 1.000000000000000000, 0.9238795325112867385, 1.000000000000000000, 0.9238795325112867385, 1.000000000000000000, 0.9238795325112867385, 1.000000000000000000, 0.9238795325112867385, 1.000000000000000000, 0.9238795325112867385, 1.000000000000000000, 0.9238795325112867385, 1.000000000000000000, 0.9238795325112867385, 1.000000000000000000, 0.9238795325112867385, 1.000000000000000000, 0.9238795325112867385, 1.000000000000000000, 0.9238795325112867385, 1.000000000000000000, 0.9238795325112867385, 1.000000000000000000, 0.9554885512844634166, 0.9630332481003403000 ) ) 
 REPRESENTATION_ITEM ( '' )  );
#4219 = CARTESIAN_POINT ( 'NONE',  ( -0.05177669529663686543, 0.1249999999999999722, 0.5736607142811249727 ) ) ;
#4220 = CARTESIAN_POINT ( 'NONE',  ( -0.1037047591374622019, 0.1349437795129974915, 0.8750000000000001110 ) ) ;
#4221 = CARTESIAN_POINT ( 'NONE',  ( 0.07198551454928016347, -0.07198551454928034388, 0.1160714285703571408 ) ) ;
#4222 = CARTESIAN_POINT ( 'NONE',  ( -0.1018028909699977697, 0.04216813812856255728, 0.5245535714242320902 ) ) ;
#4223 = CARTESIAN_POINT ( 'NONE',  ( 0.07198551454928019122, 0.07198551454928009408, 0.4107142857108571077 ) ) ;
#4224 = CARTESIAN_POINT ( 'NONE',  ( -0.05177669529663687931, -0.1250000000000000555, 0.2700892857118393220 ) ) ;
#4225 = CARTESIAN_POINT ( 'NONE',  ( -0.07198551454928017734, 0.07198551454928013571, 0.4910714285673570823 ) ) ;
#4226 = CARTESIAN_POINT ( 'NONE',  ( 0.000000000000000000, 0.1018028909699977419, 0.5223214285671070600 ) ) ;
#4227 = CARTESIAN_POINT ( 'NONE',  ( -0.08554412073318437559, -0.07073653848718711168, 0.5970008568311765407 ) ) ;
#4228 = CARTESIAN_POINT ( 'NONE',  ( -0.04216813812856257809, 0.1018028909699977419, 0.4129464285679820823 ) ) ;
#4229 = CARTESIAN_POINT ( 'NONE',  ( -0.08838834764831843271, 0.08838834764831830781, 0.2544642857122499935 ) ) ;
#4230 = CARTESIAN_POINT ( 'NONE',  ( 0.000000000000000000, 0.1249999999999997918, 0.03571428571399996171 ) ) ;
#4231 = CARTESIAN_POINT ( 'NONE',  ( 0.1152275099952965037, 0.1499375329496587250, 0.6343750000000001332 ) ) ;
#4232 = FACE_OUTER_BOUND ( 'NONE', #1122, .T. ) ;
#4233 = EDGE_LOOP ( 'NONE', ( #3286, #1227, #4458, #1969 ) ) ;
#4234 = CARTESIAN_POINT ( 'NONE',  ( 0.07198551454928016347, -0.07198551454928031612, 0.1874999999983571475 ) ) ;
#4235 = CARTESIAN_POINT ( 'NONE',  ( 0.1249999999999999584, 0.05177669529663676135, 0.1406249999985892674 ) ) ;
#4236 = CARTESIAN_POINT ( 'NONE',  ( -1.530808498934191201E-17, -0.1250000000000001110, 0.1607142857130000324 ) ) ;
#4237 = CARTESIAN_POINT ( 'NONE',  ( -0.1781249999999999223, 7.549139889267777477E-20, 0.6250000000000000000 ) ) ;
#4238 = CARTESIAN_POINT ( 'NONE',  ( -0.1249999999999999584, -1.307198603159001952E-16, 0.1562499999984642285 ) ) ;
#4239 = EDGE_CURVE ( 'NONE', #2007, #5111, #3553, .T. ) ;
#4240 = CARTESIAN_POINT ( 'NONE',  ( 0.1249999999999999306, 1.538357638823458624E-17, 0.000000000000000000 ) ) ;
#4241 = CARTESIAN_POINT ( 'NONE',  ( 0.1874999999999999167, 0.02454369238351226598, 0.8562500000000000666 ) ) ;
#4242 =( BOUNDED_CURVE ( )  B_SPLINE_CURVE ( 2, ( #1393, #4374, #111, #143, #2650, #952, #5179, #2192, #1344 ),
 .UNSPECIFIED., .F., .T. ) 
 B_SPLINE_CURVE_WITH_KNOTS ( ( 3, 2, 2, 2, 3 ),
 ( 0.8026315789473684736, 0.8092105263157894912, 0.8157894736842105088, 0.8223684210526315264, 0.8289473684210526550 ),
 .UNSPECIFIED. ) 
 CURVE ( )  GEOMETRIC_REPRESENTATION_ITEM ( )  RATIONAL_B_SPLINE_CURVE ( ( 1.000000000000000000, 0.9238795325112867385, 1.000000000000000000, 0.9238795325112867385, 1.000000000000000000, 0.9238795325112867385, 1.000000000000000000, 0.9238795325112867385, 1.000000000000000000 ) ) 
 REPRESENTATION_ITEM ( '' )  );
#4243 = CARTESIAN_POINT ( 'NONE',  ( -1.246725845703547748E-17, -0.1018028909699979362, 0.07589285714210715350 ) ) ;
#4244 = CYLINDRICAL_SURFACE ( 'NONE', #4259, 0.1249999999999999306 ) ;
#4245 = CARTESIAN_POINT ( 'NONE',  ( 0.04216813812856263360, 0.1018028909699975892, 0.05133928571373209959 ) ) ;
#4246 = CARTESIAN_POINT ( 'NONE',  ( 0.04216813812856263360, 0.1018028909699977558, 0.5513392857097321187 ) ) ;
#4247 = CARTESIAN_POINT ( 'NONE',  ( 0.07198551454928019122, 0.07198551454928010795, 0.4464285714248570902 ) ) ;
#4248 = CARTESIAN_POINT ( 'NONE',  ( -0.05475602988872753374, 0.07663976687704304736, 0.7494332643691722362 ) ) ;
#4249 = CARTESIAN_POINT ( 'NONE',  ( -0.07204832771044265838, 0.08779144394777430027, 0.01512570542508051910 ) ) ;
#4250 = ORIENTED_EDGE ( 'NONE', *, *, #1716, .F. ) ;
#4251 = CARTESIAN_POINT ( 'NONE',  ( 0.1018028909699977835, -6.213806303923462442E-17, 0.4776785714246071790 ) ) ;
#4252 = CARTESIAN_POINT ( 'NONE',  ( 0.1018028909699977558, -0.04216813812856266830, 0.5111607142814821314 ) ) ;
#4253 = DIRECTION ( 'NONE',  ( -1.000000000000000000, 0.000000000000000000, 0.000000000000000000 ) ) ;
#4254 = ORIENTED_EDGE ( 'NONE', *, *, #202, .F. ) ;
#4255 = CARTESIAN_POINT ( 'NONE',  ( -1.246725845703547748E-17, -0.1018028909699978668, 0.3571428571398571616 ) ) ;
#4256 = PERSON_AND_ORGANIZATION ( #2700, #4611 ) ;
#4257 = CARTESIAN_POINT ( 'NONE',  ( 0.1018028909699977835, -1.992688915880143591E-16, 0.01339285714260712509 ) ) ;
#4258 = CARTESIAN_POINT ( 'NONE',  ( -0.1249999999999999584, -1.600464797212503910E-17, 0.5446428571385000250 ) ) ;
#4259 = AXIS2_PLACEMENT_3D ( 'NONE', #2548, #4194, #852 ) ;
#4260 = CARTESIAN_POINT ( 'NONE',  ( -0.04216813812856259891, -0.1018028909699979223, 0.1808035714269821681 ) ) ;
#4261 = ORIENTED_EDGE ( 'NONE', *, *, #5134, .F. ) ;
#4262 = CARTESIAN_POINT ( 'NONE',  ( -0.07198551454928017734, -0.07198551454928034388, 0.03571428571385714540 ) ) ;
#4263 = CARTESIAN_POINT ( 'NONE',  ( -0.04216813812856259891, -0.1018028909699979223, 0.1406249999987321808 ) ) ;
#4264 = CARTESIAN_POINT ( 'NONE',  ( -0.1018028909699977835, -1.215079860182894982E-17, 0.5624999999953571583 ) ) ;
#4265 = CARTESIAN_POINT ( 'NONE',  ( 0.1826198767988361782, 0.04907772850198708486, 0.6343750000000000222 ) ) ;
#4266 = DIRECTION ( 'NONE',  ( 0.000000000000000000, 0.000000000000000000, 1.000000000000000000 ) ) ;
#4267 = CARTESIAN_POINT ( 'NONE',  ( 0.1874999999999999167, 0.02454369260617025525, 0.8562500000000000666 ) ) ;
#4268 = CARTESIAN_POINT ( 'NONE',  ( -0.1250000000000000000, -0.05177669529663693482, 0.4084821428535893584 ) ) ;
#4269 = CARTESIAN_POINT ( 'NONE',  ( 0.08838834764831843271, 0.08838834764831829394, 0.2857142857117142554 ) ) ;
#4270 = CARTESIAN_POINT ( 'NONE',  ( 0.08838834764831843271, 0.08838834764831837720, 0.6026785714237500313 ) ) ;
#4271 = CARTESIAN_POINT ( 'NONE',  ( -0.09442855861383742111, 0.1638349479016295296, 0.8562500000000000666 ) ) ;
#4272 = CARTESIAN_POINT ( 'NONE',  ( 0.1249999999999999306, 1.538357638823458624E-17, 0.000000000000000000 ) ) ;
#4273 = CARTESIAN_POINT ( 'NONE',  ( -0.1018028909699977697, -0.04216813812856274463, 0.02901785714248213133 ) ) ;
#4274 = CARTESIAN_POINT ( 'NONE',  ( 0.07198551454928016347, -0.07198551454928021898, 0.5401785714241071901 ) ) ;
#4275 = CARTESIAN_POINT ( 'NONE',  ( -0.08838834764831843271, 0.08838834764831837720, 0.4687499999962499997 ) ) ;
#4276 = CARTESIAN_POINT ( 'NONE',  ( -0.04216813812856259891, -0.1018028909699978668, 0.3236607142829821537 ) ) ;
#4277 = CARTESIAN_POINT ( 'NONE',  ( -0.09375000000000002776, 0.05412658773652766209, 0.7578125000000000000 ) ) ;
#4278 = CARTESIAN_POINT ( 'NONE',  ( -1.530808498934191201E-17, -0.1250000000000001388, 0.05357142857100003625 ) ) ;
#4279 =( BOUNDED_CURVE ( )  B_SPLINE_CURVE ( 2, ( #5291, #264, #3263, #1924, #1084, #5263, #1957, #3191, #2835 ),
 .UNSPECIFIED., .F., .F. ) 
 B_SPLINE_CURVE_WITH_KNOTS ( ( 3, 2, 2, 2, 3 ),
 ( 0.6710526315789473450, 0.6776315789473684736, 0.6842105263157894912, 0.6907894736842105088, 0.6973684210526315264 ),
 .UNSPECIFIED. ) 
 CURVE ( )  GEOMETRIC_REPRESENTATION_ITEM ( )  RATIONAL_B_SPLINE_CURVE ( ( 1.000000000000000000, 0.9238795325112867385, 1.000000000000000000, 0.9238795325112867385, 1.000000000000000000, 0.9238795325112867385, 1.000000000000000000, 0.9238795325112867385, 1.000000000000000000 ) ) 
 REPRESENTATION_ITEM ( '' )  );
#4280 = EDGE_CURVE ( 'NONE', #846, #404, #3150, .T. ) ;
#4281 = CARTESIAN_POINT ( 'NONE',  ( -0.07198551454928017734, -0.07198551454928019122, 0.5357142857098571298 ) ) ;
#4282 = CARTESIAN_POINT ( 'NONE',  ( 0.1249999999999999584, -1.890259091360801223E-16, 0.06249999999950000412 ) ) ;
#4283 = CARTESIAN_POINT ( 'NONE',  ( 0.1018028909699977558, 0.04216813812856250870, 0.3325892857114820522 ) ) ;
#4284 = DIRECTION ( 'NONE',  ( -0.000000000000000000, -0.000000000000000000, -1.000000000000000000 ) ) ;
#4285 = CARTESIAN_POINT ( 'NONE',  ( -0.09374999999999998612, 0.04537804082471875999, 0.8724745120427243039 ) ) ;
#4286 = ADVANCED_FACE ( 'NONE', ( #1021 ), #2173, .F. ) ;
#4287 = EDGE_LOOP ( 'NONE', ( #2779, #1905, #490, #5289 ) ) ;
#4288 = ORIENTED_EDGE ( 'NONE', *, *, #3721, .T. ) ;
#4289 = CARTESIAN_POINT ( 'NONE',  ( -0.1018028909699977835, -1.585115867644688492E-16, 0.06696428571360713011 ) ) ;
#4290 = CARTESIAN_POINT ( 'NONE',  ( 0.04216813812856263360, 0.1018028909699976170, 0.1584821428557320888 ) ) ;
#4291 = CARTESIAN_POINT ( 'NONE',  ( -1.530808498934191201E-17, -0.1250000000000001110, 0.1607142857130000324 ) ) ;
#4292 = CARTESIAN_POINT ( 'NONE',  ( 0.04216813812856263360, 0.1018028909699977697, 0.5513392857097321187 ) ) ;
#4293 = CARTESIAN_POINT ( 'NONE',  ( -0.1826198767988397309, -0.04907772850198856979, 0.6250000000000000000 ) ) ;
#4294 = CYLINDRICAL_SURFACE ( 'NONE', #2833, 0.1249999999999999306 ) ;
#4295 = VECTOR ( 'NONE', #963, 39.37007874015748143 ) ;
#4296 = VERTEX_POINT ( 'NONE', #4007 ) ;
#4297 = AXIS2_PLACEMENT_3D ( 'NONE', #1232, #4266, #5075 ) ;
#4298 = CARTESIAN_POINT ( 'NONE',  ( 0.1018028909699977697, -0.04216813812856277932, 0.1138392857132321384 ) ) ;
#4299 = CARTESIAN_POINT ( 'NONE',  ( 0.08838834764831840496, -0.08838834764831851598, 0.3124999999972143394 ) ) ;
#4300 = B_SPLINE_CURVE_WITH_KNOTS ( 'NONE', 3,
 ( #1132, #2433, #1547, #2878, #5343, #1104 ),
 .UNSPECIFIED., .F., .F.,
 ( 4, 2, 4 ),
 ( 0.008755864747575423795, 0.009451757481403012806, 0.01014765021523060355 ),
 .UNSPECIFIED. ) ;
#4301 = CARTESIAN_POINT ( 'NONE',  ( 0.08838834764831843271, 0.08838834764831823843, 0.07142857142771423529 ) ) ;
#4302 = CARTESIAN_POINT ( 'NONE',  ( -0.1018028909699977697, 0.04216813812856241850, 0.06026785714223212992 ) ) ;
#4303 = CARTESIAN_POINT ( 'NONE',  ( 0.04216813812856263360, 0.1018028909699977558, 0.5870535714237321567 ) ) ;
#4304 = CARTESIAN_POINT ( 'NONE',  ( -0.1018028909699977835, 0.04216813812856250177, 0.3504464285684821268 ) ) ;
#4305 = CARTESIAN_POINT ( 'NONE',  ( -0.1250000000000000000, -0.05177669529663698339, 0.2611607142836250839 ) ) ;
#4306 = CARTESIAN_POINT ( 'NONE',  ( 0.1638349479016219523, -0.09442855861385576755, 0.8562500000000000666 ) ) ;
#4307 = CARTESIAN_POINT ( 'NONE',  ( 0.07198551454928019122, 0.07198551454928014959, 0.5535714285668571488 ) ) ;
#4308 = FACE_OUTER_BOUND ( 'NONE', #4844, .T. ) ;
#4309 = CARTESIAN_POINT ( 'NONE',  ( 0.1018028909699977558, -0.04216813812856271687, 0.3638392857112321410 ) ) ;
#4310 = EDGE_CURVE ( 'NONE', #167, #3224, #866, .T. ) ;
#4311 = CARTESIAN_POINT ( 'NONE',  ( -0.09374999999999995837, 0.05412658773652766903, 0.8750000000000001110 ) ) ;
#4312 = CARTESIAN_POINT ( 'NONE',  ( 0.08968195723106066330, 0.1556566722342989095, 0.6249999999999998890 ) ) ;
#4313 = CARTESIAN_POINT ( 'NONE',  ( -0.07198551454928017734, -0.07198551454928027449, 0.2857142857118571966 ) ) ;
#4314 = ORIENTED_EDGE ( 'NONE', *, *, #4513, .T. ) ;
#4315 = CARTESIAN_POINT ( 'NONE',  ( -0.1018028909699977697, -0.04216813812856275850, -0.002232142857267862927 ) ) ;
#4316 = CARTESIAN_POINT ( 'NONE',  ( -0.04216813812856257809, 0.1018028909699975892, -0.01116071428576790973 ) ) ;
#4317 = ORIENTED_EDGE ( 'NONE', *, *, #2938, .F. ) ;
#4318 = CARTESIAN_POINT ( 'NONE',  ( -0.08838834764831843271, -0.08838834764831840496, 0.5892857142807143012 ) ) ;
#4319 = CARTESIAN_POINT ( 'NONE',  ( -1.246725845703547748E-17, -0.1018028909699979223, 0.1785714285698571657 ) ) ;
#4320 = CARTESIAN_POINT ( 'NONE',  ( 0.05177669529663685849, -0.1250000000000001388, 0.1629464285701250348 ) ) ;
#4321 = CARTESIAN_POINT ( 'NONE',  ( 0.03899397011127248014, 0.08573999633253971686, 0.7494332643691721252 ) ) ;
#4322 = CARTESIAN_POINT ( 'NONE',  ( -0.04907772850198802161, -0.1826198767988400085, 0.6250000000000000000 ) ) ;
#4323 = CARTESIAN_POINT ( 'NONE',  ( 0.1249999999999999584, 0.05177669529663687931, 0.5647321428526249631 ) ) ;
#4324 = EDGE_LOOP ( 'NONE', ( #218, #1169, #1503, #2645 ) ) ;
#4325 = CARTESIAN_POINT ( 'NONE',  ( -0.1018028909699977697, -0.04216813812856259891, 0.5334821428527322107 ) ) ;
#4326 = CYLINDRICAL_SURFACE ( 'NONE', #5165, 0.1249999999999999306 ) ;
#4327 = CARTESIAN_POINT ( 'NONE',  ( 0.000000000000000000, 0.1018028909699976309, 0.08928571428485709838 ) ) ;
#4328 = CARTESIAN_POINT ( 'NONE',  ( -0.1249999999999999861, -0.05177669529663694870, 0.3370535714255892268 ) ) ;
#4329 = ORIENTED_EDGE ( 'NONE', *, *, #233, .F. ) ;
#4330 = CARTESIAN_POINT ( 'NONE',  ( 0.05431902582079745079, -0.08636254732775965059, 0.003588605255498061430 ) ) ;
#4331 = ORIENTED_EDGE ( 'NONE', *, *, #2869, .T. ) ;
#4332 = DIRECTION ( 'NONE',  ( -0.000000000000000000, -0.000000000000000000, -1.000000000000000000 ) ) ;
#4333 = CARTESIAN_POINT ( 'NONE',  ( -0.07198551454928017734, -0.07198551454928019122, 0.5669642857096071076 ) ) ;
#4334 = CARTESIAN_POINT ( 'NONE',  ( -1.530808498934191201E-17, -0.1250000000000000278, 0.4464285714250000314 ) ) ;
#4335 = CARTESIAN_POINT ( 'NONE',  ( 0.1018028909699977697, -0.04216813812856272381, 0.3683035714254821458 ) ) ;
#4336 = CARTESIAN_POINT ( 'NONE',  ( 0.1249999999999999584, -4.134655531431732016E-17, 0.5624999999955000440 ) ) ;
#4337 = CARTESIAN_POINT ( 'NONE',  ( 0.09375000000000001388, 0.05412658773652767596, 0.7578125000000000000 ) ) ;
#4338 = CARTESIAN_POINT ( 'NONE',  ( -0.1018028909699977697, 0.04216813812856239074, -0.01116071428576788892 ) ) ;
#4339 = CARTESIAN_POINT ( 'NONE',  ( -0.08608668341437164528, -0.05855100563012505255, 0.8724455611380932396 ) ) ;
#4340 = VERTEX_POINT ( 'NONE', #5393 ) ;
#4341 = CARTESIAN_POINT ( 'NONE',  ( -0.1018028909699977835, -1.215079860182894982E-17, 0.5624999999953571583 ) ) ;
#4342 = CARTESIAN_POINT ( 'NONE',  ( -0.02019543655394101522, 0.09999875231721550017, 0.5919107288575023995 ) ) ;
#4343 = CARTESIAN_POINT ( 'NONE',  ( -0.1499375329496587250, 0.1152275099952965037, 0.6343750000000001332 ) ) ;
#4344 = CARTESIAN_POINT ( 'NONE',  ( -0.1781249999999999223, 0.02330224473666939189, 0.6249999999999998890 ) ) ;
#4345 = AXIS2_PLACEMENT_3D ( 'NONE', #4909, #291, #1988 ) ;
#4346 = CARTESIAN_POINT ( 'NONE',  ( 0.04216813812856263360, 0.1018028909699976448, 0.2343749999979820864 ) ) ;
#4347 = CARTESIAN_POINT ( 'NONE',  ( -0.1018028909699977835, -1.163174856725366289E-16, 0.2098214285696071157 ) ) ;
#4348 = ORIENTED_EDGE ( 'NONE', *, *, #4518, .T. ) ;
#4349 = CARTESIAN_POINT ( 'NONE',  ( 0.08838834764831840496, -0.08838834764831843271, 0.5982142857092143107 ) ) ;
#4350 = CARTESIAN_POINT ( 'NONE',  ( 0.07198551454928019122, 0.07198551454928005244, 0.2633928571406071173 ) ) ;
#4351 = CARTESIAN_POINT ( 'NONE',  ( -0.1018028909699977835, 0.04216813812856255728, 0.5245535714242320902 ) ) ;
#4352 = CARTESIAN_POINT ( 'NONE',  ( 0.04907772850198856979, -0.1826198767988397309, 0.6250000000000000000 ) ) ;
#4353 = CARTESIAN_POINT ( 'NONE',  ( -0.1249999999999999306, 7.549139889267777477E-20, 0.000000000000000000 ) ) ;
#4354 = VECTOR ( 'NONE', #496, 39.37007874015748143 ) ;
#4355 = CARTESIAN_POINT ( 'NONE',  ( -0.1018028909699977835, 1.026481760326005073E-17, 0.6383928571376070726 ) ) ;
#4356 = EDGE_LOOP ( 'NONE', ( #4756, #4254, #5305, #4677 ) ) ;
#4357 = CC_DESIGN_APPROVAL ( #5326, ( #3233 ) ) ;
#4358 = VECTOR ( 'NONE', #1046, 39.37007874015748143 ) ;
#4359 = CARTESIAN_POINT ( 'NONE',  ( 0.1018028909699977697, -0.04216813812856279320, 0.07812499999923215588 ) ) ;
#4360 = CARTESIAN_POINT ( 'NONE',  ( -0.08838834764831843271, -0.08838834764831850210, 0.3035714285687142744 ) ) ;
#4361 = EDGE_CURVE ( 'NONE', #1804, #1631, #4550, .T. ) ;
#4362 = CARTESIAN_POINT ( 'NONE',  ( -0.1250000000000000000, -0.05177669529663698339, 0.2968749999976250664 ) ) ;
#4363 = LINE ( 'NONE', #1878, #2352 ) ;
#4364 = CARTESIAN_POINT ( 'NONE',  ( 0.000000000000000000, 0.1249999999999997918, 0.004464285713964215134 ) ) ;
#4365 = CARTESIAN_POINT ( 'NONE',  ( -0.04216813812856257115, 0.1018028909699977697, 0.4888392857102321076 ) ) ;
#4366 = CARTESIAN_POINT ( 'NONE',  ( -0.1250000000000000000, 0.05177669529663672665, 0.1183035714273392852 ) ) ;
#4367 =( BOUNDED_CURVE ( )  B_SPLINE_CURVE ( 2, ( #467, #4268, #2174, #4191, #3438, #3381, #3412, #2083, #2952 ),
 .UNSPECIFIED., .F., .T. ) 
 B_SPLINE_CURVE_WITH_KNOTS ( ( 3, 2, 2, 2, 3 ),
 ( 0.6447368421052631637, 0.6513157894736841813, 0.6578947368421053099, 0.6644736842105263275, 0.6710526315789473450 ),
 .UNSPECIFIED. ) 
 CURVE ( )  GEOMETRIC_REPRESENTATION_ITEM ( )  RATIONAL_B_SPLINE_CURVE ( ( 1.000000000000000000, 0.9238795325112867385, 1.000000000000000000, 0.9238795325112867385, 1.000000000000000000, 0.9238795325112867385, 1.000000000000000000, 0.9238795325112867385, 1.000000000000000000 ) ) 
 REPRESENTATION_ITEM ( '' )  );
#4368 = CARTESIAN_POINT ( 'NONE',  ( 0.1499375327922123358, 0.1152275101527428514, 0.8562500000000000666 ) ) ;
#4369 = CARTESIAN_POINT ( 'NONE',  ( -1.246725845703547748E-17, -0.1018028909699979639, -1.428457704812102604E-13 ) ) ;
#4370 = CARTESIAN_POINT ( 'NONE',  ( 0.07634518766583291149, -0.09103388473905012213, 0.6014516222165351422 ) ) ;
#4371 = CARTESIAN_POINT ( 'NONE',  ( 0.04216813812856255728, -0.1018028909699978113, 0.5736607142809821980 ) ) ;
#4372 = CARTESIAN_POINT ( 'NONE',  ( 0.000000000000000000, 7.549139889267777477E-20, 2.626164709600468896E-29 ) ) ;
#4373 = CARTESIAN_POINT ( 'NONE',  ( -0.1249999999999999584, -7.929579961002337581E-17, 0.3303571428545000188 ) ) ;
#4374 = CARTESIAN_POINT ( 'NONE',  ( -0.1250000000000000000, -0.05177669529663690012, 0.5156249999955893060 ) ) ;
#4375 = CARTESIAN_POINT ( 'NONE',  ( 0.1781221872095157810, 0.02328809512032236143, 0.6250000000000000000 ) ) ;
#4376 = CARTESIAN_POINT ( 'NONE',  ( -0.1018028909699977697, -0.04216813812856268218, 0.2477678571407321839 ) ) ;
#4377 = CARTESIAN_POINT ( 'NONE',  ( -0.04216813812856259891, -0.1018028909699978946, 0.2522321428549821887 ) ) ;
#4378 = CARTESIAN_POINT ( 'NONE',  ( 0.000000000000000000, 0.1018028909699976309, 0.1249999999988570948 ) ) ;
#4379 = CARTESIAN_POINT ( 'NONE',  ( -0.1250000000000000000, -0.05177669529663687931, 0.5870535714235891600 ) ) ;
#4380 = CARTESIAN_POINT ( 'NONE',  ( -0.07198551454928017734, -0.07198551454928030224, 0.1741071428556071610 ) ) ;
#4381 = CARTESIAN_POINT ( 'NONE',  ( 0.1249999999999999584, -1.573803333171309632E-16, 0.1696428571415000142 ) ) ;
#4382 = CARTESIAN_POINT ( 'NONE',  ( 0.04216813812856263360, 0.1018028909699977697, 0.4799107142817320981 ) ) ;
#4383 = CARTESIAN_POINT ( 'NONE',  ( -0.1638349478928978753, 0.09442855863491764201, 0.6343750000000000222 ) ) ;
#4384 = CARTESIAN_POINT ( 'NONE',  ( -0.1249999999999999584, -5.456122699141973218E-18, 0.5803571428525000631 ) ) ;
#4385 = CARTESIAN_POINT ( 'NONE',  ( -0.1249999999999999306, 7.549139889267777477E-20, 0.000000000000000000 ) ) ;
#4386 = CARTESIAN_POINT ( 'NONE',  ( 0.1018028909699977835, -1.689418814281880703E-16, 0.1160714285703571269 ) ) ;
#4387 = CARTESIAN_POINT ( 'NONE',  ( -0.05177669529663686543, 0.1249999999999998890, 0.3638392857110892553 ) ) ;
#4388 = EDGE_CURVE ( 'NONE', #338, #4781, #1429, .T. ) ;
#4389 = CARTESIAN_POINT ( 'NONE',  ( 0.05177669529663685849, -0.1250000000000001110, 0.2031249999980893062 ) ) ;
#4390 = CARTESIAN_POINT ( 'NONE',  ( -0.04216813812856257809, 0.1018028909699977697, 0.5915178571379821060 ) ) ;
#4391 = PERSON_AND_ORGANIZATION ( #2700, #4611 ) ;
#4392 = DIRECTION ( 'NONE',  ( 1.000000000000000000, 0.000000000000000000, 0.000000000000000000 ) ) ;
#4393 = CARTESIAN_POINT ( 'NONE',  ( -0.02208932314518406367, -0.1687499999999999001, 0.8750000000000001110 ) ) ;
#4394 = CARTESIAN_POINT ( 'NONE',  ( 0.04216813812856263360, 0.1018028909699975892, 0.01562499999973209625 ) ) ;
#4395 = CARTESIAN_POINT ( 'NONE',  ( 0.09768205326497307606, -0.06973337049379831065, 0.6021422329264511930 ) ) ;
#4396 = ORIENTED_EDGE ( 'NONE', *, *, #3652, .T. ) ;
#4397 = CARTESIAN_POINT ( 'NONE',  ( 0.07198551454928019122, 0.07198551454928010795, 0.4419642857106071410 ) ) ;
#4398 = CARTESIAN_POINT ( 'NONE',  ( 0.07198551454928019122, 0.07198551454928001081, 0.08928571428485711226 ) ) ;
#4399 = ORIENTED_EDGE ( 'NONE', *, *, #1518, .F. ) ;
#4400 = CARTESIAN_POINT ( 'NONE',  ( 0.1018028909699977558, 0.04216813812856249483, 0.2299107142837321371 ) ) ;
#4401 = CARTESIAN_POINT ( 'NONE',  ( 0.1018028909699977558, 0.04216813812856242544, 0.05133928571373212041 ) ) ;
#4402 = CARTESIAN_POINT ( 'NONE',  ( -0.1018028909699977697, 0.04216813812856244625, 0.1718749999984821031 ) ) ;
#4403 = CARTESIAN_POINT ( 'NONE',  ( 0.04216813812856263360, 0.1018028909699976031, 0.1227678571417321063 ) ) ;
#4404 = CARTESIAN_POINT ( 'NONE',  ( 0.02206091049068960308, -0.1687528125974649129, 0.8750000000000002220 ) ) ;
#4405 = CARTESIAN_POINT ( 'NONE',  ( -0.07198551454928017734, -0.07198551454928024673, 0.3526785714256071569 ) ) ;
#4406 = CARTESIAN_POINT ( 'NONE',  ( 0.1249999999999999584, -1.468318080441479019E-16, 0.2053571428555000244 ) ) ;
#4407 = CARTESIAN_POINT ( 'NONE',  ( -0.1250000000000000000, -0.05177669529663688625, 0.5513392857095893440 ) ) ;
#4408 = CARTESIAN_POINT ( 'NONE',  ( -0.09374999999999998612, -0.05412658773652719024, 0.7578125000000000000 ) ) ;
#4409 = CARTESIAN_POINT ( 'NONE',  ( 0.05976279562866267797, -0.08241502817142019877, 0.003588605255498026735 ) ) ;
#4410 = ORIENTED_EDGE ( 'NONE', *, *, #3960, .T. ) ;
#4411 = CARTESIAN_POINT ( 'NONE',  ( -0.07198551454928017734, 0.07198551454928016347, 0.5982142857093570854 ) ) ;
#4412 = CARTESIAN_POINT ( 'NONE',  ( -0.1781249999999999223, -0.02331650778602191096, 0.6250000000000000000 ) ) ;
#4413 = CARTESIAN_POINT ( 'NONE',  ( 0.07198551454928019122, 0.07198551454928001081, 0.08482142857060712138 ) ) ;
#4414 = CARTESIAN_POINT ( 'NONE',  ( 0.1249999999999999584, -1.033191412931771823E-16, 0.3526785714254642712 ) ) ;
#4415 = EDGE_CURVE ( 'NONE', #3173, #2701, #1974, .T. ) ;
#4416 = ORIENTED_EDGE ( 'NONE', *, *, #5490, .F. ) ;
#4417 = ORIENTED_EDGE ( 'NONE', *, *, #3752, .T. ) ;
#4418 = CARTESIAN_POINT ( 'NONE',  ( -0.1249999999999999584, -1.518169108618662931E-16, 0.08482142857046426343 ) ) ;
#4419 = CARTESIAN_POINT ( 'NONE',  ( 0.08838834764831840496, -0.08838834764831861313, -0.008928571428785721936 ) ) ;
#4420 = CARTESIAN_POINT ( 'NONE',  ( 0.1249999999999999722, 0.05177669529663686543, 0.5290178571386250361 ) ) ;
#4421 = CARTESIAN_POINT ( 'NONE',  ( -0.08293047629375119301, -0.08611184511588078350, 0.02119132333598223658 ) ) ;
#4422 = CARTESIAN_POINT ( 'NONE',  ( -0.1349437795129974915, -0.1037047591374621880, 0.8750000000000001110 ) ) ;
#4423 = CARTESIAN_POINT ( 'NONE',  ( -0.04216813812856257809, 0.1018028909699975892, -0.01562500000001790582 ) ) ;
#4424 = DIRECTION ( 'NONE',  ( 1.000000000000000000, 0.000000000000000000, 0.000000000000000000 ) ) ;
#4425 = CARTESIAN_POINT ( 'NONE',  ( -0.1018028909699977835, -2.269932387481201262E-17, 0.5267857142813571203 ) ) ;
#4426 = CARTESIAN_POINT ( 'NONE',  ( 0.04216813812856263360, 0.1018028909699976309, 0.1629464285699820936 ) ) ;
#4427 = CARTESIAN_POINT ( 'NONE',  ( -0.02208932314516315332, 0.1687499999999999001, 0.8750000000000001110 ) ) ;
#4428 = CARTESIAN_POINT ( 'NONE',  ( 0.07198551454928016347, -0.07198551454928037163, 0.04464285714235714103 ) ) ;
#4429 = CARTESIAN_POINT ( 'NONE',  ( 0.07198551454928016347, -0.07198551454928034388, 0.1160714285703571408 ) ) ;
#4430 =( BOUNDED_CURVE ( )  B_SPLINE_CURVE ( 2, ( #4734, #4305, #2668, #1852, #165, #1796, #3905, #577, #4753 ),
 .UNSPECIFIED., .F., .F. ) 
 B_SPLINE_CURVE_WITH_KNOTS ( ( 3, 2, 2, 2, 3 ),
 ( 0.3815789473684210731, 0.3881578947368420907, 0.3947368421052631637, 0.4013157894736842368, 0.4078947368421052544 ),
 .UNSPECIFIED. ) 
 CURVE ( )  GEOMETRIC_REPRESENTATION_ITEM ( )  RATIONAL_B_SPLINE_CURVE ( ( 1.000000000000000000, 0.9238795325112867385, 1.000000000000000000, 0.9238795325112867385, 1.000000000000000000, 0.9238795325112867385, 1.000000000000000000, 0.9238795325112867385, 1.000000000000000000 ) ) 
 REPRESENTATION_ITEM ( '' )  );
#4431 = CARTESIAN_POINT ( 'NONE',  ( 0.1018028909699977558, -0.04216813812856277238, 0.1495535714272321626 ) ) ;
#4432 = CARTESIAN_POINT ( 'NONE',  ( 0.1249999999999999584, 0.05177669529663676135, 0.1763392857125892499 ) ) ;
#4433 = CARTESIAN_POINT ( 'NONE',  ( -0.1018028909699977697, 0.04216813812856250177, 0.3459821428542321220 ) ) ;
#4434 = CARTESIAN_POINT ( 'NONE',  ( 0.08838834764831843271, 0.08838834764831828006, 0.2455357142837499840 ) ) ;
#4435 = CARTESIAN_POINT ( 'NONE',  ( 0.09032154929929904486, -0.07294718367305601248, 0.01759995278355879281 ) ) ;
#4436 = CARTESIAN_POINT ( 'NONE',  ( 0.1137778157111909300, 0.05176493651102324900, 0.6051106034961073465 ) ) ;
#4437 = CARTESIAN_POINT ( 'NONE',  ( -0.08838834764831843271, 0.08838834764831836333, 0.3973214285682500346 ) ) ;
#4438 = CARTESIAN_POINT ( 'NONE',  ( 0.000000000000000000, 0.1249999999999999306, 0.5357142857099999045 ) ) ;
#4439 = CARTESIAN_POINT ( 'NONE',  ( -0.09375000000000023592, 0.009141833668847448163, 0.7494390877365274539 ) ) ;
#4440 = CARTESIAN_POINT ( 'NONE',  ( -0.1094661346297747945, -0.1424406561679377181, 0.6250000000000000000 ) ) ;
#4441 = CARTESIAN_POINT ( 'NONE',  ( 0.05177669529663685849, -0.1250000000000000278, 0.5245535714240894265 ) ) ;
#4442 = ORIENTED_EDGE ( 'NONE', *, *, #5237, .T. ) ;
#4443 = AXIS2_PLACEMENT_3D ( 'NONE', #2288, #3548, #1431 ) ;
#4444 = ORIENTED_EDGE ( 'NONE', *, *, #2319, .T. ) ;
#4445 = CARTESIAN_POINT ( 'NONE',  ( 0.1249999999999999584, 0.05177669529663679604, 0.2834821428545892252 ) ) ;
#4446 = CARTESIAN_POINT ( 'NONE',  ( 0.1249999999999999584, -1.666102929310755375E-16, 0.1383928571414642927 ) ) ;
#4447 = CARTESIAN_POINT ( 'NONE',  ( 0.1249999999999999584, -5.189508058730038141E-17, 0.5267857142815000060 ) ) ;
#4448 = LINE ( 'NONE', #3576, #4358 ) ;
#4449 = CARTESIAN_POINT ( 'NONE',  ( 0.09173715670807165712, 0.05588225482360697355, 0.008959754879114014553 ) ) ;
#4450 = CARTESIAN_POINT ( 'NONE',  ( 0.02121434546049687231, -0.1149966739767651625, 0.5999720491368140118 ) ) ;
#4451 = CARTESIAN_POINT ( 'NONE',  ( 0.07198551454928016347, -0.07198551454928023285, 0.4687499999961072250 ) ) ;
#4452 = CARTESIAN_POINT ( 'NONE',  ( 0.05177669529663685849, -0.1250000000000000555, 0.3772321428541250410 ) ) ;
#4453 = CARTESIAN_POINT ( 'NONE',  ( 0.07198551454928016347, -0.07198551454928035775, 0.08035714285635714438 ) ) ;
#4454 = ADVANCED_FACE ( 'NONE', ( #4995 ), #4138, .T. ) ;
#4455 = VECTOR ( 'NONE', #5473, 39.37007874015748143 ) ;
#4456 = EDGE_LOOP ( 'NONE', ( #3692, #809, #5261 ) ) ;
#4457 = CARTESIAN_POINT ( 'NONE',  ( -0.1018028909699977697, -0.04216813812856270993, 0.1763392857127321911 ) ) ;
#4458 = ORIENTED_EDGE ( 'NONE', *, *, #4144, .T. ) ;
#4459 = CARTESIAN_POINT ( 'NONE',  ( 0.1018028909699977835, -1.583933561552050337E-16, 0.1517857142843571372 ) ) ;
#4460 = CARTESIAN_POINT ( 'NONE',  ( 0.1018028909699977558, -0.04216813812856270993, 0.3995535714252321791 ) ) ;
#4461 = CARTESIAN_POINT ( 'NONE',  ( 0.07095493907309000092, -0.08837762191238147935, 0.01482377089968701066 ) ) ;
#4462 = CARTESIAN_POINT ( 'NONE',  ( -0.1250000000000000000, -0.05177669529663690706, 0.4799107142815893234 ) ) ;
#4463 = CARTESIAN_POINT ( 'NONE',  ( 0.09821428571449992984, 7.549139889267777477E-20, 2.626164709600468896E-29 ) ) ;
#4464 =( BOUNDED_CURVE ( )  B_SPLINE_CURVE ( 2, ( #4541, #2471, #5266, #1475, #4852, #1061, #4437, #1929, #5296 ),
 .UNSPECIFIED., .F., .F. ) 
 B_SPLINE_CURVE_WITH_KNOTS ( ( 3, 2, 2, 2, 3 ),
 ( 0.5657894736842105088, 0.5723684210526315264, 0.5789473684210526550, 0.5855263157894736725, 0.5921052631578946901 ),
 .UNSPECIFIED. ) 
 CURVE ( )  GEOMETRIC_REPRESENTATION_ITEM ( )  RATIONAL_B_SPLINE_CURVE ( ( 1.000000000000000000, 0.9238795325112867385, 1.000000000000000000, 0.9238795325112867385, 1.000000000000000000, 0.9238795325112867385, 1.000000000000000000, 0.9238795325112867385, 1.000000000000000000 ) ) 
 REPRESENTATION_ITEM ( '' )  );
#4465 = CARTESIAN_POINT ( 'NONE',  ( -0.08838834764831843271, -0.08838834764831855761, 0.1205357142847500451 ) ) ;
#4466 = ORIENTED_EDGE ( 'NONE', *, *, #3330, .T. ) ;
#4467 = CARTESIAN_POINT ( 'NONE',  ( -0.09442855863491768365, 0.1638349478929019831, 0.6250000000000000000 ) ) ;
#4468 = CARTESIAN_POINT ( 'NONE',  ( -1.530808498934191201E-17, -0.1250000000000001110, 0.08928571428500003959 ) ) ;
#4469 = CARTESIAN_POINT ( 'NONE',  ( 0.04216813812856263360, 0.1018028909699976725, 0.3013392857117320744 ) ) ;
#4470 = CARTESIAN_POINT ( 'NONE',  ( 0.1249999999999999722, 0.05177669529663686543, 0.4977678571385893425 ) ) ;
#4471 = CARTESIAN_POINT ( 'NONE',  ( 0.1018028909699977697, 0.04216813812856259891, 0.5870535714237322678 ) ) ;
#4472 = VERTEX_POINT ( 'NONE', #768 ) ;
#4473 = CARTESIAN_POINT ( 'NONE',  ( -0.1249999999999999584, -1.307198603159001952E-16, 0.1562499999984642285 ) ) ;
#4474 = CARTESIAN_POINT ( 'NONE',  ( -0.08838834764831843271, 0.08838834764831825230, 0.04464285714221423451 ) ) ;
#4475 = CARTESIAN_POINT ( 'NONE',  ( -0.1165092688005710253, -1.719859831637012878E-16, 0.01829498308607132098 ) ) ;
#4476 = AXIS2_PLACEMENT_3D ( 'NONE', #4154, #5038, #2561 ) ;
#4477 = CARTESIAN_POINT ( 'NONE',  ( -0.07198551454928017734, -0.07198551454928035775, -0.004464285714392854897 ) ) ;
#4478 = VECTOR ( 'NONE', #2567, 39.37007874015748143 ) ;
#4479 = CARTESIAN_POINT ( 'NONE',  ( -0.1018028909699977835, -0.04216813812856272381, 0.1049107142847321567 ) ) ;
#4480 = CARTESIAN_POINT ( 'NONE',  ( -0.1250000000000000000, 0.05177669529663680298, 0.3638392857113750267 ) ) ;
#4481 = B_SPLINE_CURVE_WITH_KNOTS ( 'NONE', 3,
 ( #4569, #2499, #5064, #4151, #5462, #2967, #5429, #5403 ),
 .UNSPECIFIED., .F., .F.,
 ( 4, 2, 2, 4 ),
 ( 2.380745673508366101E-07, 0.001388728690853444645, 0.002082973998996491549, 0.002777219307139537369 ),
 .UNSPECIFIED. ) ;
#4482 = CARTESIAN_POINT ( 'NONE',  ( -0.04216813812856257809, 0.1018028909699977419, 0.3816964285682321045 ) ) ;
#4483 = ORIENTED_EDGE ( 'NONE', *, *, #1897, .T. ) ;
#4484 = CARTESIAN_POINT ( 'NONE',  ( 0.07198551454928016347, -0.07198551454928030224, 0.2589285714263571681 ) ) ;
#4485 = ADVANCED_FACE ( 'NONE', ( #255 ), #3312, .F. ) ;
#4486 = CARTESIAN_POINT ( 'NONE',  ( 0.1018028909699977558, -0.04216813812856279320, 0.07812499999923215588 ) ) ;
#4487 = CARTESIAN_POINT ( 'NONE',  ( -0.1018028909699977835, -8.599047551271035241E-17, 0.3124999999973571141 ) ) ;
#4488 = CARTESIAN_POINT ( 'NONE',  ( 0.02476124701418532317, -0.1043746585320477760, 0.008749883861806787358 ) ) ;
#4489 = FACE_OUTER_BOUND ( 'NONE', #105, .T. ) ;
#4490 = CARTESIAN_POINT ( 'NONE',  ( -0.1250000000000000000, -0.05177669529663688625, 0.5468749999956250551 ) ) ;
#4491 = PRODUCT_DEFINITION_SHAPE ( 'NONE', 'NONE',  #1405 ) ;
#4492 = CARTESIAN_POINT ( 'NONE',  ( 0.1687528125974649962, 0.02206091049058611989, 0.8750000000000002220 ) ) ;
#4493 = CARTESIAN_POINT ( 'NONE',  ( -0.07198551454928017734, 0.07198551454928006632, 0.2366071428551070888 ) ) ;
#4494 = CARTESIAN_POINT ( 'NONE',  ( -1.530808498934191201E-17, -0.1249999999999999861, 0.5580357142809643234 ) ) ;
#4495 = CARTESIAN_POINT ( 'NONE',  ( 0.04216813812856255728, -0.1018028909699978113, 0.5781249999952320362 ) ) ;
#4496 =( BOUNDED_CURVE ( )  B_SPLINE_CURVE ( 2, ( #4282, #1279, #504, #3477, #1660, #2557, #3367, #5033, #2160 ),
 .UNSPECIFIED., .F., .F. ) 
 B_SPLINE_CURVE_WITH_KNOTS ( ( 3, 2, 2, 2, 3 ),
 ( 0.09210526315789473173, 0.09868421052631579093, 0.1052631578947368363, 0.1118421052631578955, 0.1184210526315789408 ),
 .UNSPECIFIED. ) 
 CURVE ( )  GEOMETRIC_REPRESENTATION_ITEM ( )  RATIONAL_B_SPLINE_CURVE ( ( 1.000000000000000000, 0.9238795325112867385, 1.000000000000000000, 0.9238795325112867385, 1.000000000000000000, 0.9238795325112867385, 1.000000000000000000, 0.9238795325112867385, 1.000000000000000000 ) ) 
 REPRESENTATION_ITEM ( '' )  );
#4497 = EDGE_CURVE ( 'NONE', #846, #147, #2526, .T. ) ;
#4498 = CARTESIAN_POINT ( 'NONE',  ( 0.000000000000000000, 0.1249999999999998751, 0.2901785714259642046 ) ) ;
#4499 = CARTESIAN_POINT ( 'NONE',  ( 0.000000000000000000, 0.1249999999999998335, 0.1473214285699642190 ) ) ;
#4500 = CARTESIAN_POINT ( 'NONE',  ( 0.002182034313976013388, -0.1223545244277300659, 0.02401524969625903894 ) ) ;
#4501 = DIRECTION ( 'NONE',  ( -1.000000000000000000, 0.000000000000000000, 0.000000000000000000 ) ) ;
#4502 = CARTESIAN_POINT ( 'NONE',  ( -0.06290549989091975824, 0.07193466817752458553, 0.8666383330878958402 ) ) ;
#4503 = CARTESIAN_POINT ( 'NONE',  ( -0.04216813812856259891, -0.1018028909699977697, 0.6406249999947321028 ) ) ;
#4504 = CARTESIAN_POINT ( 'NONE',  ( 0.1018028909699977697, -0.04216813812856277932, 0.1183035714274821432 ) ) ;
#4505 = EDGE_LOOP ( 'NONE', ( #1781, #649, #1157, #1667 ) ) ;
#4506 = CARTESIAN_POINT ( 'NONE',  ( 0.07198551454928019122, 0.07198551454928008020, 0.3749999999968571252 ) ) ;
#4507 = CARTESIAN_POINT ( 'NONE',  ( -0.07198551454928017734, 0.07198551454928008020, 0.2767857142833571316 ) ) ;
#4508 = CARTESIAN_POINT ( 'NONE',  ( 0.1018028909699977558, 0.04216813812856247401, 0.1897321428554821499 ) ) ;
#4509 = CARTESIAN_POINT ( 'NONE',  ( -1.246725845703547748E-17, -0.1018028909699978668, 0.3214285714258571791 ) ) ;
#4510 = DIRECTION ( 'NONE',  ( -1.000000000000000000, 0.000000000000000000, -0.000000000000000000 ) ) ;
#4511 = DIRECTION ( 'NONE',  ( -0.4999999999999996114, -0.8660254037844389297, 0.000000000000000000 ) ) ;
#4512 = CARTESIAN_POINT ( 'NONE',  ( -0.1249999999999999584, -1.600464797212503910E-17, 0.5446428571385000250 ) ) ;
#4513 = EDGE_CURVE ( 'NONE', #137, #4296, #1149, .T. ) ;
#4514 = CARTESIAN_POINT ( 'NONE',  ( -0.1781249999999999500, -0.01166537692497636274, 0.6250000000000001110 ) ) ;
#4515 = CARTESIAN_POINT ( 'NONE',  ( 0.04216813812856255728, -0.1018028909699978946, 0.2879464285689821712 ) ) ;
#4516 = CARTESIAN_POINT ( 'NONE',  ( 0.1249999999999999584, -0.05177669529663698339, 0.4933035714243393377 ) ) ;
#4517 = CARTESIAN_POINT ( 'NONE',  ( 0.04216813812856255728, -0.1018028909699978529, 0.4709821428532321441 ) ) ;
#4518 = EDGE_CURVE ( 'NONE', #4829, #147, #2615, .T. ) ;
#4519 = EDGE_LOOP ( 'NONE', ( #3958, #5173, #1993, #2728 ) ) ;
#4520 = CARTESIAN_POINT ( 'NONE',  ( -0.1250000000000000000, 0.05177669529663683767, 0.4754464285673394297 ) ) ;
#4521 = CARTESIAN_POINT ( 'NONE',  ( 0.000000000000000000, 0.1249999999999998057, 0.1116071428559642087 ) ) ;
#4522 = CARTESIAN_POINT ( 'NONE',  ( 0.08838834764831843271, 0.08838834764831837720, 0.5669642857097499933 ) ) ;
#4523 = CARTESIAN_POINT ( 'NONE',  ( -0.1094661346297765570, 0.1424406561679309180, 0.6250000000000000000 ) ) ;
#4524 = EDGE_CURVE ( 'NONE', #4133, #1861, #991, .T. ) ;
#4525 = CARTESIAN_POINT ( 'NONE',  ( 0.1638349479016156518, -0.09442855861385555938, 0.8750000000000001110 ) ) ;
#4526 = VECTOR ( 'NONE', #3009, 39.37007874015748143 ) ;
#4527 = ORIENTED_EDGE ( 'NONE', *, *, #2386, .F. ) ;
#4528 = CARTESIAN_POINT ( 'NONE',  ( 0.000000000000000000, 0.1018028909699977835, 0.6249999999948572249 ) ) ;
#4529 = AXIS2_PLACEMENT_3D ( 'NONE', #1844, #3972, #3542 ) ;
#4530 = CARTESIAN_POINT ( 'NONE',  ( 0.07198551454928016347, -0.07198551454928031612, 0.2232142857123571578 ) ) ;
#4531 = CARTESIAN_POINT ( 'NONE',  ( 0.1499375329496588083, -0.1152275099952965037, 0.8562500000000001776 ) ) ;
#4532 = CARTESIAN_POINT ( 'NONE',  ( -0.1638349479016320553, -0.09442855861383676885, 0.8750000000000001110 ) ) ;
#4533 = EDGE_LOOP ( 'NONE', ( #1833, #1524, #761, #4028 ) ) ;
#4534 = CARTESIAN_POINT ( 'NONE',  ( 0.1018028909699977558, -0.04216813812856271687, 0.2968749999974821807 ) ) ;
#4535 = ORIENTED_EDGE ( 'NONE', *, *, #2365, .F. ) ;
#4536 = CARTESIAN_POINT ( 'NONE',  ( 0.04216813812856255728, -0.1018028909699979084, 0.2879464285689821712 ) ) ;
#4537 = CARTESIAN_POINT ( 'NONE',  ( 0.1018028909699977558, -0.04216813812856267524, 0.4709821428532321441 ) ) ;
#4538 = CARTESIAN_POINT ( 'NONE',  ( 0.1249999999999999584, -0.05177669529663706666, 0.2388392857123750601 ) ) ;
#4539 = CARTESIAN_POINT ( 'NONE',  ( -0.1249999999999999584, -2.655317324510810035E-17, 0.5089285714244999870 ) ) ;
#4540 = CARTESIAN_POINT ( 'NONE',  ( -0.1499375329496586973, -0.1152275099952965315, 0.6343750000000000222 ) ) ;
#4541 = CARTESIAN_POINT ( 'NONE',  ( 0.1249999999999999584, -9.408918167923260795E-17, 0.3839285714255000204 ) ) ;
#4542 = ORIENTED_EDGE ( 'NONE', *, *, #4729, .T. ) ;
#4543 = CARTESIAN_POINT ( 'NONE',  ( -0.1781249999999999223, 3.774569944633888739E-20, 0.6250000000000000000 ) ) ;
#4544 = CARTESIAN_POINT ( 'NONE',  ( -0.1250000000000000000, -0.05177669529663701115, 0.1540178571416250253 ) ) ;
#4545 = CARTESIAN_POINT ( 'NONE',  ( 0.05177669529663685849, -0.1250000000000001665, 0.09151785714212502809 ) ) ;
#4546 = CARTESIAN_POINT ( 'NONE',  ( 0.07198551454928019122, 0.07198551454928005244, 0.2633928571406071173 ) ) ;
#4547 = CARTESIAN_POINT ( 'NONE',  ( -0.08838834764831843271, -0.08838834764831844659, 0.4821428571387142981 ) ) ;
#4548 = CARTESIAN_POINT ( 'NONE',  ( 0.07198551454928016347, -0.07198551454928023285, 0.4732142857103571743 ) ) ;
#4549 = ORIENTED_EDGE ( 'NONE', *, *, #1363, .F. ) ;
#4550 = B_SPLINE_CURVE_WITH_KNOTS ( 'NONE', 3,
 ( #5420, #1595, #4502, #280, #684, #710, #2933, #739 ),
 .UNSPECIFIED., .F., .F.,
 ( 4, 2, 2, 4 ),
 ( 2.380745673640421978E-07, 0.001388728690853448548, 0.002082973998996490682, 0.002777219307139533466 ),
 .UNSPECIFIED. ) ;
#4551 = EDGE_LOOP ( 'NONE', ( #2473, #1843, #1244, #1953, #1055, #3457, #4188, #5166 ) ) ;
#4552 = ADVANCED_FACE ( 'NONE', ( #5138 ), #4244, .T. ) ;
#4553 = CARTESIAN_POINT ( 'NONE',  ( -0.1249999999999999584, -5.456122699141973218E-18, 0.5803571428525000631 ) ) ;
#4554 = CARTESIAN_POINT ( 'NONE',  ( -0.1249999999999999861, -0.05177669529663701808, 0.1227678571415892761 ) ) ;
#4555 = CARTESIAN_POINT ( 'NONE',  ( 0.1556432004982483130, 0.08970713070317515303, 0.6250000000000000000 ) ) ;
#4556 = CARTESIAN_POINT ( 'NONE',  ( 0.1638349479016252275, 0.09442855861383885052, 0.8750000000000001110 ) ) ;
#4557 = CARTESIAN_POINT ( 'NONE',  ( 0.1018028909699977558, -0.04216813812856263360, 0.5825892857094820965 ) ) ;
#4558 = CARTESIAN_POINT ( 'NONE',  ( 0.000000000000000000, 7.549139889267777477E-20, 0.000000000000000000 ) ) ;
#4559 = CARTESIAN_POINT ( 'NONE',  ( 0.1249999999999999445, -0.05177669529663708747, 0.1004464285703392801 ) ) ;
#4560 = CARTESIAN_POINT ( 'NONE',  ( 0.05177669529663685849, -0.1250000000000002220, 0.02008928571412503528 ) ) ;
#4561 = CARTESIAN_POINT ( 'NONE',  ( 0.1018028909699977835, -1.359777399501160162E-16, 0.2276785714266071348 ) ) ;
#4562 = CARTESIAN_POINT ( 'NONE',  ( -0.1249999999999999584, -9.907428449695101146E-17, 0.2633928571404642316 ) ) ;
#4563 = CARTESIAN_POINT ( 'NONE',  ( 0.1152275101527380358, 0.1499375327922075618, 0.8750000000000001110 ) ) ;
#4564 = CARTESIAN_POINT ( 'NONE',  ( 0.07198551454928019122, 0.07198551454928008020, 0.3392857142828570871 ) ) ;
#4565 = CARTESIAN_POINT ( 'NONE',  ( 0.1826198767988400085, -0.04907772850198804937, 0.6250000000000000000 ) ) ;
#4566 = ORIENTED_EDGE ( 'NONE', *, *, #5204, .F. ) ;
#4567 = CARTESIAN_POINT ( 'NONE',  ( -1.246725845703547748E-17, -0.1018028909699979223, 0.1785714285698571657 ) ) ;
#4568 = CARTESIAN_POINT ( 'NONE',  ( -0.05177669529663686543, 0.1249999999999998612, 0.2879464285691249459 ) ) ;
#4569 = CARTESIAN_POINT ( 'NONE',  ( -3.756290991288361679E-16, 0.1082531754730548801, 0.8750000000000001110 ) ) ;
#4570 = CARTESIAN_POINT ( 'NONE',  ( -0.1638349478164232709, -0.09442855881954367869, 0.6343750000000001332 ) ) ;
#4571 = DIRECTION ( 'NONE',  ( -1.000000000000000000, 0.000000000000000000, 0.000000000000000000 ) ) ;
#4572 = CARTESIAN_POINT ( 'NONE',  ( 0.1018028909699977558, -0.04216813812856277238, 0.1540178571414821396 ) ) ;
#4573 = EDGE_LOOP ( 'NONE', ( #2832, #1096, #4396, #4444 ) ) ;
#4574 = CARTESIAN_POINT ( 'NONE',  ( -0.1249999999999999584, -1.307198603159001952E-16, 0.1562499999984642285 ) ) ;
#4575 = CARTESIAN_POINT ( 'NONE',  ( -0.1249999999999999306, 7.549139889267777477E-20, 0.000000000000000000 ) ) ;
#4576 = CARTESIAN_POINT ( 'NONE',  ( -0.04216813812856257115, 0.1018028909699977697, 0.4486607142819821203 ) ) ;
#4577 = CARTESIAN_POINT ( 'NONE',  ( 0.1424406561679322225, -0.1094661346297752386, 0.6250000000000000000 ) ) ;
#4578 = ORIENTED_EDGE ( 'NONE', *, *, #2537, .T. ) ;
#4579 = CARTESIAN_POINT ( 'NONE',  ( 0.1249999999999999584, -0.05177669529663708053, 0.2075892857123392554 ) ) ;
#4580 = COORDINATED_UNIVERSAL_TIME_OFFSET ( 8, 0, .BEHIND. ) ;
#4581 = CARTESIAN_POINT ( 'NONE',  ( -0.1249999999999999861, -0.05177669529663687931, 0.5825892857096249822 ) ) ;
#4582 = CARTESIAN_POINT ( 'NONE',  ( -0.1874999999999999167, 2.303761888290553917E-17, 0.8562500000000000666 ) ) ;
#4583 = CARTESIAN_POINT ( 'NONE',  ( 0.1249999999999999584, -5.057651492826188838E-17, 0.5312499999954642949 ) ) ;
#4584 = CARTESIAN_POINT ( 'NONE',  ( -0.07198551454928017734, 0.07198551454927998305, -0.01339285714289289823 ) ) ;
#4585 = CARTESIAN_POINT ( 'NONE',  ( -0.1018028909699977835, 0.04216813812856248789, 0.2790178571404821062 ) ) ;
#4586 = CARTESIAN_POINT ( 'NONE',  ( -0.1152275099952964621, -0.1499375329496587528, 0.8562500000000000666 ) ) ;
#4587 = EDGE_CURVE ( 'NONE', #2502, #3966, #2151, .T. ) ;
#4588 = CARTESIAN_POINT ( 'NONE',  ( -0.04216813812856257809, 0.1018028909699977419, 0.4174107142822321426 ) ) ;
#4589 = CARTESIAN_POINT ( 'NONE',  ( 0.04216813812856255728, -0.1018028909699979084, 0.2924107142832321760 ) ) ;
#4590 = CARTESIAN_POINT ( 'NONE',  ( -0.1152275101366061066, 0.1499375328083491221, 0.6343750000000000222 ) ) ;
#4591 = CARTESIAN_POINT ( 'NONE',  ( -0.04216813812856257809, 0.1018028909699976725, 0.1986607142839820761 ) ) ;
#4592 = CARTESIAN_POINT ( 'NONE',  ( -0.09821428571449992984, 1.374342442510392939E-17, 2.626164709600468896E-29 ) ) ;
#4593 = CARTESIAN_POINT ( 'NONE',  ( -0.09442855881954360930, 0.1638349478164232709, 0.6343750000000001332 ) ) ;
#4594 = CARTESIAN_POINT ( 'NONE',  ( -3.756290991288361679E-16, 0.1082531754730548801, 0.8750000000000001110 ) ) ;
#4595 = VERTEX_POINT ( 'NONE', #1270 ) ;
#4596 = CARTESIAN_POINT ( 'NONE',  ( 0.1018028909699977558, 0.04216813812856246707, 0.1584821428557321443 ) ) ;
#4597 = ORIENTED_EDGE ( 'NONE', *, *, #5440, .T. ) ;
#4598 = CARTESIAN_POINT ( 'NONE',  ( -3.295631491865439644E-17, 0.1082531754730550605, 0.7578125000000000000 ) ) ;
#4599 = CARTESIAN_POINT ( 'NONE',  ( 0.05177669529663697645, 0.1249999999999997780, 0.1406249999988749833 ) ) ;
#4600 = CARTESIAN_POINT ( 'NONE',  ( 0.1018028909699977835, -9.510220451730669084E-17, 0.3660714285683571156 ) ) ;
#4601 = CARTESIAN_POINT ( 'NONE',  ( -0.1249999999999999861, 0.05177669529663686543, 0.6183035714233392488 ) ) ;
#4602 = CARTESIAN_POINT ( 'NONE',  ( -0.08838834764831843271, -0.08838834764831854374, 0.1919642857127500379 ) ) ;
#4603 = ORIENTED_EDGE ( 'NONE', *, *, #500, .F. ) ;
#4604 = CARTESIAN_POINT ( 'NONE',  ( -0.08838834764831843271, -0.08838834764831851598, 0.2321428571407142816 ) ) ;
#4605 = CARTESIAN_POINT ( 'NONE',  ( -0.1874999999999999167, 2.303761888290553917E-17, 0.8750000000000001110 ) ) ;
#4606 = CARTESIAN_POINT ( 'NONE',  ( 0.1171267575834941677, 0.04353164393901259865, 0.6049050213462781045 ) ) ;
#4607 = CARTESIAN_POINT ( 'NONE',  ( 0.1018028909699977558, 0.04216813812856242544, 0.04687499999948211565 ) ) ;
#4608 = CARTESIAN_POINT ( 'NONE',  ( -0.04216813812856257115, 0.1018028909699976725, 0.2745535714262321014 ) ) ;
#4609 = AXIS2_PLACEMENT_3D ( 'NONE', #2145, #3810, #2604 ) ;
#4610 = CARTESIAN_POINT ( 'NONE',  ( -0.1037228611112272492, 0.1349216999257370486, 0.8750000000000001110 ) ) ;
#4611 = ORGANIZATION ( 'UNSPECIFIED', 'UNSPECIFIED', '' ) ;
#4612 = VERTEX_POINT ( 'NONE', #3038 ) ;
#4613 = VECTOR ( 'NONE', #103, 39.37007874015748143 ) ;
#4614 = CARTESIAN_POINT ( 'NONE',  ( -0.04216813812856259891, -0.1018028909699978252, 0.4665178571389821949 ) ) ;
#4615 = CARTESIAN_POINT ( 'NONE',  ( -0.1076302928318995794, -0.007504074404464531646, 0.5952267012895139375 ) ) ;
#4616 = CARTESIAN_POINT ( 'NONE',  ( -1.246725845703547748E-17, -0.1018028909699978390, 0.4285714285678571267 ) ) ;
#4617 = EDGE_CURVE ( 'NONE', #5005, #2068, #5144, .T. ) ;
#4618 = CARTESIAN_POINT ( 'NONE',  ( -1.530808498934191201E-17, -0.1250000000000000555, 0.3437499999969643172 ) ) ;
#4619 = CARTESIAN_POINT ( 'NONE',  ( -0.1874999999999999167, -2.288663608512018453E-17, 0.6343750000000000222 ) ) ;
#4620 = DIRECTION ( 'NONE',  ( -0.000000000000000000, -0.000000000000000000, -1.000000000000000000 ) ) ;
#4621 = ORIENTED_EDGE ( 'NONE', *, *, #2863, .F. ) ;
#4622 = CARTESIAN_POINT ( 'NONE',  ( -0.1249999999999999861, -0.05177669529663686543, 0.6183035714236249092 ) ) ;
#4623 = CARTESIAN_POINT ( 'NONE',  ( -0.1018028909699977697, 0.04216813812856242544, 0.1004464285704821380 ) ) ;
#4624 = CARTESIAN_POINT ( 'NONE',  ( 0.1249999999999999445, -0.05177669529663699033, 0.4575892857103392997 ) ) ;
#4625 = CARTESIAN_POINT ( 'NONE',  ( -0.04216813812856257115, 0.1018028909699977280, 0.3772321428539821553 ) ) ;
#4626 = CARTESIAN_POINT ( 'NONE',  ( -0.1781249999999999223, 0.02331650778602188320, 0.6250000000000000000 ) ) ;
#4627 = FACE_OUTER_BOUND ( 'NONE', #4287, .T. ) ;
#4628 = ORIENTED_EDGE ( 'NONE', *, *, #2286, .F. ) ;
#4629 = ORIENTED_EDGE ( 'NONE', *, *, #1724, .T. ) ;
#4630 = LINE ( 'NONE', #1734, #4526 ) ;
#4631 = CARTESIAN_POINT ( 'NONE',  ( 0.1249999999999999722, 0.05177669529663676135, 0.2120535714265892879 ) ) ;
#4632 = CARTESIAN_POINT ( 'NONE',  ( -0.1152275101527342471, -0.1499375327922209400, 0.8562500000000000666 ) ) ;
#4633 = CARTESIAN_POINT ( 'NONE',  ( 0.04216813812856255728, -0.1018028909699978113, 0.5424107142812322202 ) ) ;
#4634 =( BOUNDED_SURFACE ( )  B_SPLINE_SURFACE ( 1, 2, ( 
 ( #1653, #1240, #3791, #741, #335, #854, #1190, #5395, #2907, #4560, #5114, #2738, #1035, #3568, #3594, #2179, #1712, #1300, #4699, #40, #914, #3168, #2640, #1426, #2212, #3874, #1766, #596, #187, #1874, #698, #2924, #243, #1558, #1964, #3701, #5328, #2893, #2864, #1586, #4468, #4545, #4129, #1994, #2395, #5410, #1935, #1535, #3620, #1505, #3220, #3805, #26, #4687, #59, #5504, #406, #3462, #2506, #1640, #3756, #1229, #4182, #4599, #1670, #2538, #2106, #3376, #1291, #841, #2568, #2599, #4291, #4320, #3539, #4768, #4381, #121, #2229, #5184, #984, #5211, #3160, #1898, #2706, #3946, #1869, #150, #3134, #4794, #1028, #2761, #4406, #2444, #5320, #4849, #4044, #2416, #1086, #1986, #3289, #3670, #1553, #3265, #2362, #5402, #4930, #4538, #2468, #2785, #4434, #4019, #1926, #5293, #4229, #49, #4679, #5494, #1282, #5007, #2621, #1721, #429, #3423, #5035, #804, #398, #2190, #2966, #4568, #3770, #2996, #833, #4647, #4150, #15, #5096, #1414, #4810, #173, #1392, #2751, #3099, #3125, #2324, #3453, #951, #2249, #4373, #110, #3507, #979, #556, #5123, #142, #3963, #2353, #2805, #282, #5371, #1493, #3208, #1571, #713, #2407, #200, #5344, #1889, #4921, #4452, #3185, #258, #2435, #4874, #663, #4841, #4902, #1191, #4141, #3390, #1302, #2551, #5025, #5484, #5422, #2123, #2060, #3714, #2521, #418, #1683, #856, #1273, #2153, #4669, #4166, #2088, #2582, #1433, #3929, #4334, #548, #3903, #5116, #1821, #916, #2181, #3472, #101, #133, #4275, #2214, #1768, #5195, #5141, #2242, #3117, #3497, #5170, #2717, #4031, #3655, #1541, #3177, #4867, #5277, #2425, #3253, #5309, #3575, #305, #1127, #5364, #3228, #2851, #223, #1460, #4420, #3602, #3202, #2797, #1154, #2872, #1648, #2901, #5478, #3329, #3383, #356, #2515, #1266, #2984, #850, #5388, #4522, #444, #2055, #4219, #5416, #4107, #1621, #4581, #68, #3440, #5109, #3011, #1331, #880, #1357, #4694, #4270, #2207, #2504, #2565, #2074, #5500, #5468, #4622, #5406, #3372, #1694, #1226, #1610, #5070, #3829, #4982, #22, #3429, #2946, #2472, #4126, #5434, #584, #2679, #4718, #2729, #2299 ),
 ( #2654, #510, #3889, #3104, #1863, #4315, #1806, #1319, #3026, #4765, #897, #562, #485, #2196, #3858, #1751, #2383, #3638, #1893, #4845, #4965, #3333, #1053, #2358, #1186, #4813, #4428, #1469, #4012, #4401, #2517, #3304, #2904, #4136, #3737, #4993, #386, #610, #1764, #2636, #4243, #939, #3037, #522, #2209, #4635, #3871, #1708, #37, #2547, #3386, #5447, #1237, #821, #414, #2118, #5480, #2578, #4221, #2594, #2534, #4652, #5011, #1201, #4177, #5498, #4210, #21, #3001, #3025, #3857, #3459, #54, #373, #1750, #4572, #780, #4596, #3403, #5039, #870, #1225, #2503, #2073, #2945, #5069, #3427, #4260, #808, #2195, #4234, #1666, #403, #3347, #1255, #3753, #1638, #3828, #2972, #2102, #3776, #5466, #838, #2135, #5099, #1286, #1318, #4684, #896, #4400, #1778, #4346, #3942, #5127, #2678, #583, #5206, #4376, #2727, #1892, #3156, #1834, #1417, #84, #2754, #5232, #2274, #1444, #5181, #957, #2226, #2328, #4763, #927, #4313, #2298, #560, #145, #1347, #3987, #3128, #176, #3053, #4716, #3103, #2653, #1862, #509, #3483, #5154, #1374, #3079, #4740, #534, #3913, #115, #1805, #1396, #3610, #4090, #5287, #4947, #3666, #1496, #2831, #1108, #1161, #5347, #2780, #312, #1549, #4877, #2357, #1080, #4506, #2881, #746, #4482, #3260, #665, #4039, #689, #261, #1952, #3637, #1523, #3241, #3365, #4202, #773, #2493, #3311, #4642, #4588, #4972, #5059, #1245, #2961, #800, #5455, #3796, #5488, #4146, #393, #2524, #3418, #1687, #827, #364, #10, #1277, #5090, #2555, #423, #3338, #1194, #3395, #1658, #5031, #2992, #4251, #889, #862, #3743, #2586, #2093, #4225, #5425, #456, #2158, #1307, #3021, #2065, #4674, #2037, #5001, #2912, #1628, #1218, #2939, #4170, #3766, #4724, #2234, #4660, #4325, #1425, #2485, #3385, #4633, #3332, #330, #1650, #3710, #2117, #792, #5023, #2875, #3788, #1678, #2057, #737, #5050, #1269, #4110, #2986, #2577, #4557, #2006, #3684, #2030, #5391, #1594, #5418, #4411, #5268, #5082, #469, #882, #4773, #4855, #447, #2307, #988, #2149, #2258, #5188, #3921, #2712, #593, #2606, #1813, #4355, #1707, #1478, #3515, #156 ) ),
 .UNSPECIFIED., .F., .F., .T. ) 
 B_SPLINE_SURFACE_WITH_KNOTS ( ( 2, 2 ),
 ( 3, 2, 2, 2, 2, 2, 2, 2, 2, 2, 2, 2, 2, 2, 2, 2, 2, 2, 2, 2, 2, 2, 2, 2, 2, 2, 2, 2, 2, 2, 2, 2, 2, 2, 2, 2, 2, 2, 2, 2, 2, 2, 2, 2, 2, 2, 2, 2, 2, 2, 2, 2, 2, 2, 2, 2, 2, 2, 2, 2, 2, 2, 2, 2, 2, 2, 2, 2, 2, 2, 2, 2, 2, 2, 2, 2, 2, 2, 2, 2, 2, 2, 2, 2, 2, 2, 2, 2, 2, 2, 2, 2, 2, 2, 2, 2, 2, 2, 2, 2, 2, 2, 2, 2, 2, 2, 2, 2, 2, 2, 2, 2, 2, 2, 2, 2, 2, 2, 2, 2, 2, 2, 2, 2, 2, 2, 2, 2, 2, 2, 2, 2, 2, 2, 2, 2, 2, 2, 2, 2, 2, 2, 2, 2, 2, 2, 2, 2, 3 ),
 ( 0.000000000000000000, 1.000000000000000000 ),
 ( 0.000000000000000000, 0.006578947368421052266, 0.01315789473684210453, 0.01973684210526315680, 0.02631578947368420907, 0.03289473684210526133, 0.03947368421052631360, 0.04605263157894736586, 0.05263157894736841813, 0.05921052631578947040, 0.06578947368421052266, 0.07236842105263158187, 0.07894736842105262720, 0.08552631578947368640, 0.09210526315789473173, 0.09868421052631579093, 0.1052631578947368363, 0.1118421052631578955, 0.1184210526315789408, 0.1250000000000000000, 0.1315789473684210453, 0.1381578947368421184, 0.1447368421052631637, 0.1513157894736842091, 0.1578947368421052544, 0.1644736842105263275, 0.1710526315789473728, 0.1776315789473684181, 0.1842105263157894635, 0.1907894736842105365, 0.1973684210526315819, 0.2039473684210526272, 0.2105263157894736725, 0.2171052631578947456, 0.2236842105263157909, 0.2302631578947368363, 0.2368421052631578816, 0.2434210526315789547, 0.2500000000000000000, 0.2565789473684210731, 0.2631578947368420907, 0.2697368421052631637, 0.2763157894736842368, 0.2828947368421052544, 0.2894736842105263275, 0.2960526315789473450, 0.3026315789473684181, 0.3092105263157894912, 0.3157894736842105088, 0.3223684210526315819, 0.3289473684210526550, 0.3355263157894736725, 0.3421052631578947456, 0.3486842105263157632, 0.3552631578947368363, 0.3618421052631579093, 0.3684210526315789269, 0.3750000000000000000, 0.3815789473684210731, 0.3881578947368420907, 0.3947368421052631637, 0.4013157894736842368, 0.4078947368421052544, 0.4144736842105263275, 0.4210526315789473450, 0.4276315789473684181, 0.4342105263157894912, 0.4407894736842105088, 0.4473684210526315819, 0.4539473684210526550, 0.4605263157894736725, 0.4671052631578947456, 0.4736842105263157632, 0.4802631578947368363, 0.4868421052631579093, 0.4934210526315789269, 0.5000000000000000000, 0.5065789473684210176, 0.5131578947368421462, 0.5197368421052631637, 0.5263157894736841813, 0.5328947368421053099, 0.5394736842105263275, 0.5460526315789473450, 0.5526315789473684736, 0.5592105263157894912, 0.5657894736842105088, 0.5723684210526315264, 0.5789473684210526550, 0.5855263157894736725, 0.5921052631578946901, 0.5986842105263158187, 0.6052631578947368363, 0.6118421052631578538, 0.6184210526315789824, 0.6250000000000000000, 0.6315789473684210176, 0.6381578947368421462, 0.6447368421052631637, 0.6513157894736841813, 0.6578947368421053099, 0.6644736842105263275, 0.6710526315789473450, 0.6776315789473684736, 0.6842105263157894912, 0.6907894736842105088, 0.6973684210526315264, 0.7039473684210526550, 0.7105263157894736725, 0.7171052631578946901, 0.7236842105263158187, 0.7302631578947368363, 0.7368421052631578538, 0.7434210526315789824, 0.7500000000000000000, 0.7565789473684210176, 0.7631578947368421462, 0.7697368421052631637, 0.7763157894736841813, 0.7828947368421053099, 0.7894736842105263275, 0.7960526315789473450, 0.8026315789473684736, 0.8092105263157894912, 0.8157894736842105088, 0.8223684210526315264, 0.8289473684210526550, 0.8355263157894736725, 0.8421052631578946901, 0.8486842105263158187, 0.8552631578947368363, 0.8618421052631578538, 0.8684210526315789824, 0.8750000000000000000, 0.8815789473684210176, 0.8881578947368421462, 0.8947368421052631637, 0.9013157894736841813, 0.9078947368421053099, 0.9144736842105263275, 0.9210526315789473450, 0.9276315789473684736, 0.9342105263157894912, 0.9407894736842105088, 0.9473684210526315264, 0.9539473684210526550, 0.9605263157894736725, 0.9671052631578946901, 0.9736842105263158187 ),
 .UNSPECIFIED. ) 
 GEOMETRIC_REPRESENTATION_ITEM ( )  RATIONAL_B_SPLINE_SURFACE ( (
 ( 1.000000000000000000, 0.9238795325112867385, 1.000000000000000000, 0.9238795325112867385, 1.000000000000000000, 0.9238795325112867385, 1.000000000000000000, 0.9238795325112867385, 1.000000000000000000, 0.9238795325112867385, 1.000000000000000000, 0.9238795325112867385, 1.000000000000000000, 0.9238795325112867385, 1.000000000000000000, 0.9238795325112867385, 1.000000000000000000, 0.9238795325112867385, 1.000000000000000000, 0.9238795325112867385, 1.000000000000000000, 0.9238795325112867385, 1.000000000000000000, 0.9238795325112867385, 1.000000000000000000, 0.9238795325112867385, 1.000000000000000000, 0.9238795325112867385, 1.000000000000000000, 0.9238795325112867385, 1.000000000000000000, 0.9238795325112867385, 1.000000000000000000, 0.9238795325112867385, 1.000000000000000000, 0.9238795325112867385, 1.000000000000000000, 0.9238795325112867385, 1.000000000000000000, 0.9238795325112867385, 1.000000000000000000, 0.9238795325112867385, 1.000000000000000000, 0.9238795325112867385, 1.000000000000000000, 0.9238795325112867385, 1.000000000000000000, 0.9238795325112867385, 1.000000000000000000, 0.9238795325112867385, 1.000000000000000000, 0.9238795325112867385, 1.000000000000000000, 0.9238795325112867385, 1.000000000000000000, 0.9238795325112867385, 1.000000000000000000, 0.9238795325112867385, 1.000000000000000000, 0.9238795325112867385, 1.000000000000000000, 0.9238795325112867385, 1.000000000000000000, 0.9238795325112867385, 1.000000000000000000, 0.9238795325112867385, 1.000000000000000000, 0.9238795325112867385, 1.000000000000000000, 0.9238795325112867385, 1.000000000000000000, 0.9238795325112867385, 1.000000000000000000, 0.9238795325112867385, 1.000000000000000000, 0.9238795325112867385, 1.000000000000000000, 0.9238795325112867385, 1.000000000000000000, 0.9238795325112867385, 1.000000000000000000, 0.9238795325112867385, 1.000000000000000000, 0.9238795325112867385, 1.000000000000000000, 0.9238795325112867385, 1.000000000000000000, 0.9238795325112867385, 1.000000000000000000, 0.9238795325112867385, 1.000000000000000000, 0.9238795325112867385, 1.000000000000000000, 0.9238795325112867385, 1.000000000000000000, 0.9238795325112867385, 1.000000000000000000, 0.9238795325112867385, 1.000000000000000000, 0.9238795325112867385, 1.000000000000000000, 0.9238795325112867385, 1.000000000000000000, 0.9238795325112867385, 1.000000000000000000, 0.9238795325112867385, 1.000000000000000000, 0.9238795325112867385, 1.000000000000000000, 0.9238795325112867385, 1.000000000000000000, 0.9238795325112867385, 1.000000000000000000, 0.9238795325112867385, 1.000000000000000000, 0.9238795325112867385, 1.000000000000000000, 0.9238795325112867385, 1.000000000000000000, 0.9238795325112867385, 1.000000000000000000, 0.9238795325112867385, 1.000000000000000000, 0.9238795325112867385, 1.000000000000000000, 0.9238795325112867385, 1.000000000000000000, 0.9238795325112867385, 1.000000000000000000, 0.9238795325112867385, 1.000000000000000000, 0.9238795325112867385, 1.000000000000000000, 0.9238795325112867385, 1.000000000000000000, 0.9238795325112867385, 1.000000000000000000, 0.9238795325112867385, 1.000000000000000000, 0.9238795325112867385, 1.000000000000000000, 0.9238795325112867385, 1.000000000000000000, 0.9238795325112867385, 1.000000000000000000, 0.9238795325112867385, 1.000000000000000000, 0.9238795325112867385, 1.000000000000000000, 0.9238795325112867385, 1.000000000000000000, 0.9238795325112867385, 1.000000000000000000, 0.9238795325112867385, 1.000000000000000000, 0.9238795325112867385, 1.000000000000000000, 0.9238795325112867385, 1.000000000000000000, 0.9238795325112867385, 1.000000000000000000, 0.9238795325112867385, 1.000000000000000000, 0.9238795325112867385, 1.000000000000000000, 0.9238795325112867385, 1.000000000000000000, 0.9238795325112867385, 1.000000000000000000, 0.9238795325112867385, 1.000000000000000000, 0.9238795325112867385, 1.000000000000000000, 0.9238795325112867385, 1.000000000000000000, 0.9238795325112867385, 1.000000000000000000, 0.9238795325112867385, 1.000000000000000000, 0.9238795325112867385, 1.000000000000000000, 0.9238795325112867385, 1.000000000000000000, 0.9238795325112867385, 1.000000000000000000, 0.9238795325112867385, 1.000000000000000000, 0.9238795325112867385, 1.000000000000000000, 0.9238795325112867385, 1.000000000000000000, 0.9238795325112867385, 1.000000000000000000, 0.9238795325112867385, 1.000000000000000000, 0.9238795325112867385, 1.000000000000000000, 0.9238795325112867385, 1.000000000000000000, 0.9238795325112867385, 1.000000000000000000, 0.9238795325112867385, 1.000000000000000000, 0.9238795325112867385, 1.000000000000000000, 0.9238795325112867385, 1.000000000000000000, 0.9238795325112867385, 1.000000000000000000, 0.9238795325112867385, 1.000000000000000000, 0.9238795325112867385, 1.000000000000000000, 0.9238795325112867385, 1.000000000000000000, 0.9238795325112867385, 1.000000000000000000, 0.9238795325112867385, 1.000000000000000000, 0.9238795325112867385, 1.000000000000000000, 0.9238795325112867385, 1.000000000000000000, 0.9238795325112867385, 1.000000000000000000, 0.9238795325112867385, 1.000000000000000000, 0.9238795325112867385, 1.000000000000000000, 0.9238795325112867385, 1.000000000000000000, 0.9238795325112867385, 1.000000000000000000, 0.9238795325112867385, 1.000000000000000000, 0.9238795325112867385, 1.000000000000000000, 0.9238795325112867385, 1.000000000000000000, 0.9238795325112867385, 1.000000000000000000, 0.9238795325112867385, 1.000000000000000000, 0.9238795325112867385, 1.000000000000000000, 0.9238795325112867385, 1.000000000000000000, 0.9238795325112867385, 1.000000000000000000, 0.9238795325112867385, 1.000000000000000000, 0.9238795325112867385, 1.000000000000000000, 0.9238795325112867385, 1.000000000000000000, 0.9238795325112867385, 1.000000000000000000, 0.9238795325112867385, 1.000000000000000000, 0.9238795325112867385, 1.000000000000000000, 0.9238795325112867385, 1.000000000000000000, 0.9238795325112867385, 1.000000000000000000, 0.9238795325112867385, 1.000000000000000000, 0.9238795325112867385, 1.000000000000000000, 0.9238795325112867385, 1.000000000000000000, 0.9238795325112867385, 1.000000000000000000, 0.9238795325112867385, 1.000000000000000000, 0.9238795325112867385, 1.000000000000000000, 0.9238795325112867385, 1.000000000000000000, 0.9238795325112867385, 1.000000000000000000, 0.9238795325112867385, 1.000000000000000000, 0.9238795325112867385, 1.000000000000000000, 0.9238795325112867385, 1.000000000000000000, 0.9238795325112867385, 1.000000000000000000, 0.9238795325112867385, 1.000000000000000000, 0.9238795325112867385, 1.000000000000000000, 0.9238795325112867385, 1.000000000000000000, 0.9238795325112867385, 1.000000000000000000),
 ( 1.000000000000000000, 0.9238795325112867385, 1.000000000000000000, 0.9238795325112867385, 1.000000000000000000, 0.9238795325112867385, 1.000000000000000000, 0.9238795325112867385, 1.000000000000000000, 0.9238795325112867385, 1.000000000000000000, 0.9238795325112867385, 1.000000000000000000, 0.9238795325112867385, 1.000000000000000000, 0.9238795325112867385, 1.000000000000000000, 0.9238795325112867385, 1.000000000000000000, 0.9238795325112867385, 1.000000000000000000, 0.9238795325112867385, 1.000000000000000000, 0.9238795325112867385, 1.000000000000000000, 0.9238795325112867385, 1.000000000000000000, 0.9238795325112867385, 1.000000000000000000, 0.9238795325112867385, 1.000000000000000000, 0.9238795325112867385, 1.000000000000000000, 0.9238795325112867385, 1.000000000000000000, 0.9238795325112867385, 1.000000000000000000, 0.9238795325112867385, 1.000000000000000000, 0.9238795325112867385, 1.000000000000000000, 0.9238795325112867385, 1.000000000000000000, 0.9238795325112867385, 1.000000000000000000, 0.9238795325112867385, 1.000000000000000000, 0.9238795325112867385, 1.000000000000000000, 0.9238795325112867385, 1.000000000000000000, 0.9238795325112867385, 1.000000000000000000, 0.9238795325112867385, 1.000000000000000000, 0.9238795325112867385, 1.000000000000000000, 0.9238795325112867385, 1.000000000000000000, 0.9238795325112867385, 1.000000000000000000, 0.9238795325112867385, 1.000000000000000000, 0.9238795325112867385, 1.000000000000000000, 0.9238795325112867385, 1.000000000000000000, 0.9238795325112867385, 1.000000000000000000, 0.9238795325112867385, 1.000000000000000000, 0.9238795325112867385, 1.000000000000000000, 0.9238795325112867385, 1.000000000000000000, 0.9238795325112867385, 1.000000000000000000, 0.9238795325112867385, 1.000000000000000000, 0.9238795325112867385, 1.000000000000000000, 0.9238795325112867385, 1.000000000000000000, 0.9238795325112867385, 1.000000000000000000, 0.9238795325112867385, 1.000000000000000000, 0.9238795325112867385, 1.000000000000000000, 0.9238795325112867385, 1.000000000000000000, 0.9238795325112867385, 1.000000000000000000, 0.9238795325112867385, 1.000000000000000000, 0.9238795325112867385, 1.000000000000000000, 0.9238795325112867385, 1.000000000000000000, 0.9238795325112867385, 1.000000000000000000, 0.9238795325112867385, 1.000000000000000000, 0.9238795325112867385, 1.000000000000000000, 0.9238795325112867385, 1.000000000000000000, 0.9238795325112867385, 1.000000000000000000, 0.9238795325112867385, 1.000000000000000000, 0.9238795325112867385, 1.000000000000000000, 0.9238795325112867385, 1.000000000000000000, 0.9238795325112867385, 1.000000000000000000, 0.9238795325112867385, 1.000000000000000000, 0.9238795325112867385, 1.000000000000000000, 0.9238795325112867385, 1.000000000000000000, 0.9238795325112867385, 1.000000000000000000, 0.9238795325112867385, 1.000000000000000000, 0.9238795325112867385, 1.000000000000000000, 0.9238795325112867385, 1.000000000000000000, 0.9238795325112867385, 1.000000000000000000, 0.9238795325112867385, 1.000000000000000000, 0.9238795325112867385, 1.000000000000000000, 0.9238795325112867385, 1.000000000000000000, 0.9238795325112867385, 1.000000000000000000, 0.9238795325112867385, 1.000000000000000000, 0.9238795325112867385, 1.000000000000000000, 0.9238795325112867385, 1.000000000000000000, 0.9238795325112867385, 1.000000000000000000, 0.9238795325112867385, 1.000000000000000000, 0.9238795325112867385, 1.000000000000000000, 0.9238795325112867385, 1.000000000000000000, 0.9238795325112867385, 1.000000000000000000, 0.9238795325112867385, 1.000000000000000000, 0.9238795325112867385, 1.000000000000000000, 0.9238795325112867385, 1.000000000000000000, 0.9238795325112867385, 1.000000000000000000, 0.9238795325112867385, 1.000000000000000000, 0.9238795325112867385, 1.000000000000000000, 0.9238795325112867385, 1.000000000000000000, 0.9238795325112867385, 1.000000000000000000, 0.9238795325112867385, 1.000000000000000000, 0.9238795325112867385, 1.000000000000000000, 0.9238795325112867385, 1.000000000000000000, 0.9238795325112867385, 1.000000000000000000, 0.9238795325112867385, 1.000000000000000000, 0.9238795325112867385, 1.000000000000000000, 0.9238795325112867385, 1.000000000000000000, 0.9238795325112867385, 1.000000000000000000, 0.9238795325112867385, 1.000000000000000000, 0.9238795325112867385, 1.000000000000000000, 0.9238795325112867385, 1.000000000000000000, 0.9238795325112867385, 1.000000000000000000, 0.9238795325112867385, 1.000000000000000000, 0.9238795325112867385, 1.000000000000000000, 0.9238795325112867385, 1.000000000000000000, 0.9238795325112867385, 1.000000000000000000, 0.9238795325112867385, 1.000000000000000000, 0.9238795325112867385, 1.000000000000000000, 0.9238795325112867385, 1.000000000000000000, 0.9238795325112867385, 1.000000000000000000, 0.9238795325112867385, 1.000000000000000000, 0.9238795325112867385, 1.000000000000000000, 0.9238795325112867385, 1.000000000000000000, 0.9238795325112867385, 1.000000000000000000, 0.9238795325112867385, 1.000000000000000000, 0.9238795325112867385, 1.000000000000000000, 0.9238795325112867385, 1.000000000000000000, 0.9238795325112867385, 1.000000000000000000, 0.9238795325112867385, 1.000000000000000000, 0.9238795325112867385, 1.000000000000000000, 0.9238795325112867385, 1.000000000000000000, 0.9238795325112867385, 1.000000000000000000, 0.9238795325112867385, 1.000000000000000000, 0.9238795325112867385, 1.000000000000000000, 0.9238795325112867385, 1.000000000000000000, 0.9238795325112867385, 1.000000000000000000, 0.9238795325112867385, 1.000000000000000000, 0.9238795325112867385, 1.000000000000000000, 0.9238795325112867385, 1.000000000000000000, 0.9238795325112867385, 1.000000000000000000, 0.9238795325112867385, 1.000000000000000000, 0.9238795325112867385, 1.000000000000000000, 0.9238795325112867385, 1.000000000000000000, 0.9238795325112867385, 1.000000000000000000, 0.9238795325112867385, 1.000000000000000000, 0.9238795325112867385, 1.000000000000000000, 0.9238795325112867385, 1.000000000000000000, 0.9238795325112867385, 1.000000000000000000, 0.9238795325112867385, 1.000000000000000000, 0.9238795325112867385, 1.000000000000000000, 0.9238795325112867385, 1.000000000000000000, 0.9238795325112867385, 1.000000000000000000, 0.9238795325112867385, 1.000000000000000000, 0.9238795325112867385, 1.000000000000000000, 0.9238795325112867385, 1.000000000000000000, 0.9238795325112867385, 1.000000000000000000, 0.9238795325112867385, 1.000000000000000000, 0.9238795325112867385, 1.000000000000000000, 0.9238795325112867385, 1.000000000000000000, 0.9238795325112867385, 1.000000000000000000, 0.9238795325112867385, 1.000000000000000000, 0.9238795325112867385, 1.000000000000000000) ) ) 
 REPRESENTATION_ITEM ( '' )  SURFACE ( )  );
#4635 = CARTESIAN_POINT ( 'NONE',  ( 0.1018028909699977558, 0.04216813812856243238, 0.08705357142773209600 ) ) ;
#4636 = CARTESIAN_POINT ( 'NONE',  ( 0.08838834764831843271, 0.08838834764831828006, 0.2142857142837142626 ) ) ;
#4637 = CARTESIAN_POINT ( 'NONE',  ( 0.04216813812856263360, 0.1018028909699976031, 0.1227678571417321063 ) ) ;
#4638 = CARTESIAN_POINT ( 'NONE',  ( 0.04216813812856263360, 0.1018028909699977419, 0.4441964285677320601 ) ) ;
#4639 = CARTESIAN_POINT ( 'NONE',  ( -0.04216813812856257115, 0.1018028909699977003, 0.3102678571402321395 ) ) ;
#4640 = CARTESIAN_POINT ( 'NONE',  ( 0.09375000000000001388, 0.009141833668847416938, 0.8666265877365275649 ) ) ;
#4641 = CARTESIAN_POINT ( 'NONE',  ( 0.1874999999999999167, -0.02454369238351226598, 0.8750000000000001110 ) ) ;
#4642 = CARTESIAN_POINT ( 'NONE',  ( 0.000000000000000000, 0.1018028909699977141, 0.4151785714251071124 ) ) ;
#4643 = CARTESIAN_POINT ( 'NONE',  ( 0.07198551454928016347, -0.07198551454928023285, 0.4732142857103571743 ) ) ;
#4644 = CARTESIAN_POINT ( 'NONE',  ( 0.02454369240633500968, -0.1874999999999999445, 0.6343750000000000222 ) ) ;
#4645 = CARTESIAN_POINT ( 'NONE',  ( 0.07198551454928016347, -0.07198551454928024673, 0.4330357142821071870 ) ) ;
#4646 = DIRECTION ( 'NONE',  ( -0.000000000000000000, -0.000000000000000000, -1.000000000000000000 ) ) ;
#4647 = CARTESIAN_POINT ( 'NONE',  ( -0.1249999999999999861, -0.05177669529663698339, 0.2968749999976250664 ) ) ;
#4648 = DIRECTION ( 'NONE',  ( 1.000000000000000000, 0.000000000000000000, 0.000000000000000000 ) ) ;
#4649 = CYLINDRICAL_SURFACE ( 'NONE', #1090, 0.1249999999999999306 ) ;
#4650 = FACE_OUTER_BOUND ( 'NONE', #4356, .T. ) ;
#4651 = EDGE_CURVE ( 'NONE', #1217, #4340, #3980, .T. ) ;
#4652 = CARTESIAN_POINT ( 'NONE',  ( 0.1018028909699977558, 0.04216813812856245319, 0.1227678571417321479 ) ) ;
#4653 = CARTESIAN_POINT ( 'NONE',  ( -0.07198551454928017734, 0.07198551454927998305, -0.008928571428642896948 ) ) ;
#4654 = CARTESIAN_POINT ( 'NONE',  ( -0.1249999999999999584, -1.320384259749386574E-16, 0.1517857142844999951 ) ) ;
#4655 = CARTESIAN_POINT ( 'NONE',  ( 0.1018028909699977697, 0.04216813812856253646, 0.4040178571394820728 ) ) ;
#4656 = CARTESIAN_POINT ( 'NONE',  ( 0.04662384207688848037, -0.1734888829588972503, 0.6250000000000000000 ) ) ;
#4657 = CARTESIAN_POINT ( 'NONE',  ( -0.08838834764831843271, -0.08838834764831854374, 0.1607142857127142888 ) ) ;
#4658 = ORIENTED_EDGE ( 'NONE', *, *, #3394, .T. ) ;
#4659 = EDGE_CURVE ( 'NONE', #678, #3617, #3387, .T. ) ;
#4660 = CARTESIAN_POINT ( 'NONE',  ( -0.1018028909699977835, -2.138075821568911147E-17, 0.5312499999956071806 ) ) ;
#4661 = DIRECTION ( 'NONE',  ( -0.000000000000000000, -0.000000000000000000, -1.000000000000000000 ) ) ;
#4662 = CARTESIAN_POINT ( 'NONE',  ( -0.1249999999999999861, -0.05177669529663698339, 0.2299107142835892792 ) ) ;
#4663 = B_SPLINE_CURVE_WITH_KNOTS ( 'NONE', 3,
 ( #2224, #5097, #2623, #1314, #4712, #4681, #5202, #2675, #4285, #4311 ),
 .UNSPECIFIED., .F., .F.,
 ( 4, 2, 2, 2, 4 ),
 ( 0.002357542806382271084, 0.003052673275234247825, 0.003747803744086224131, 0.004442934212938200872, 0.005138064681790177612 ),
 .UNSPECIFIED. ) ;
#4664 = DIRECTION ( 'NONE',  ( -0.000000000000000000, -0.000000000000000000, -1.000000000000000000 ) ) ;
#4665 = B_SPLINE_CURVE_WITH_KNOTS ( 'NONE', 3,
 ( #1880, #629, #5311, #5339, #4835, #2770, #3254, #277, #2376, #4500, #3229, #706, #4896, #2345, #3656, #5278, #3628, #3979, #4421, #1101, #4917, #1516, #2824, #1072, #2317, #4475 ),
 .UNSPECIFIED., .F., .F.,
 ( 4, 2, 2, 2, 2, 2, 2, 2, 2, 2, 2, 2, 4 ),
 ( 1.466842198479259127E-16, 0.0008997893801517946061, 0.001349684070227618075, 0.001799578760303441761, 0.002249473450379265230, 0.002699368140455088699, 0.003599157520606736070, 0.004049052210682559973, 0.004498946900758383008, 0.004948841590834206043, 0.005398736280910029078, 0.006298525661061676016, 0.007198315041213322087 ),
 .UNSPECIFIED. ) ;
#4666 = CARTESIAN_POINT ( 'NONE',  ( 0.000000000000000000, 0.1249999999999998473, 0.2187499999979642118 ) ) ;
#4667 = CARTESIAN_POINT ( 'NONE',  ( -0.07198551454928017734, 0.07198551454927999693, 0.02232142857110710338 ) ) ;
#4668 = CARTESIAN_POINT ( 'NONE',  ( 0.1018028909699977558, 0.04216813812856258503, 0.5468749999954821694 ) ) ;
#4669 = CARTESIAN_POINT ( 'NONE',  ( -0.08838834764831843271, 0.08838834764831836333, 0.4330357142822500172 ) ) ;
#4670 = CARTESIAN_POINT ( 'NONE',  ( 0.1018028909699977697, -0.04216813812856268218, 0.4397321428534821663 ) ) ;
#4671 = CARTESIAN_POINT ( 'NONE',  ( -0.01530756312513103200, 0.09941534978212349105, 0.7527099789582291089 ) ) ;
#4672 = CARTESIAN_POINT ( 'NONE',  ( -0.09260704750556994491, 0.06726518496728341179, 0.01601579714452314521 ) ) ;
#4673 =( BOUNDED_SURFACE ( )  B_SPLINE_SURFACE ( 1, 2, ( 
 ( #4114, #2934, #4584, #794, #388, #2087, #4477, #4060, #1299, #39, #2549, #472, #1738, #449, #4195, #2211, #3039, #2120, #4667, #3816, #1360, #4273, #3016, #2639, #3067, #884, #3388, #3873, #4731, #4607, #4698, #4245, #2609, #942, #2665, #4302, #3443, #71, #2178, #1711, #3470, #2956, #913, #3842, #1681, #5113, #1334, #524, #497, #416, #5139, #6, #5085, #5052, #1239, #2240, #5449, #1652, #3361, #3790, #5482, #1271, #2988, #4637, #853, #2580, #1349, #931, #1376, #2254, #2626, #4263, #3431, #2705, #2656, #1322, #3107, #4743, #960, #4290, #3487, #120, #1809, #3945, #3893, #149, #4380, #3511, #4319, #486, #3538, #512, #1730, #4686, #5102, #3056, #3028, #5183, #5156, #1839, #3860, #5210, #57, #1399, #2302, #3132, #1421, #2681, #4793, #88, #4720, #1753, #1007, #3081, #901, #2228, #4767, #537, #3915, #25, #2733, #3461, #1782, #5130, #587, #983, #4350, #565, #2277, #1140, #1985, #5264, #4848, #720, #1113, #614, #4928, #1896, #1868, #2859, #206, #1528, #1552, #3990, #2836, #3588, #1472, #289, #4487, #1085, #3264, #1958, #4509, #669, #692, #3192, #1499, #2388, #2760, #1058, #3641, #5319, #2784, #4433, #3968, #643, #4405, #180, #3562, #2361, #3243, #2333, #5236, #4017, #2812, #3214, #2415, #265, #3669, #1449, #3159, #4818, #1027, #236, #1925, #3612, #4043, #4460, #4907, #4064, #5292, #4881, #5351, #1272, #3817, #417, #1165, #750, #3875, #41, #2989, #2016, #473, #3792, #1713, #4094, #2180, #4638, #2442, #2122, #3389, #2550, #855, #2885, #315, #885, #72, #5377, #1767, #4537, #7, #1301, #3696, #5483, #3444, #2610, #1739, #5115, #3068, #3471, #2152, #3843, #5140, #2213, #1682, #5053, #4732, #1335, #4197, #1361, #2581, #1578, #3288, #4222, #3040, #4950, #451, #4700, #3415, #5086, #4274, #915, #3017, #4668, #2641, #4246, #3144, #3175, #3928, #3955, #4802, #5169, #4333, #600, #2315, #1820, #547, #5275, #2263, #1384, #4001, #4303, #132, #4390, #4751, #943, #3523, #5221, #164, #5249, #2744, #2769, #3600, #3200, #1486, #3902, #2666, #525, #100, #1016, #1432, #3977, #193, #969, #2241, #1793, #5194 ),
 ( #3090, #1044, #1879, #3573, #2691, #1459, #4777, #4833, #1407, #1851, #4419, #993, #628, #2716, #3116, #1908, #4364, #2344, #575, #221, #2289, #3549, #3496, #2823, #4057, #5415, #681, #3252, #705, #2002, #1565, #2423, #4895, #2871, #4474, #2027, #4080, #4940, #251, #5362, #1153, #5338, #3627, #1591, #2457, #1514, #3680, #4916, #763, #3706, #3274, #3301, #2481, #2795, #2054, #1099, #4106, #4134, #2402, #4962, #275, #1971, #1181, #2900, #4521, #355, #734, #3735, #326, #4554, #3654, #1620, #4865, #5307, #1540, #1069, #4446, #1125, #2850, #657, #4499, #3226, #2374, #4029, #1943, #1295, #1647, #3328, #817, #2146, #849, #3839, #5079, #5108, #493, #67, #2205, #790, #3868, #1209, #2513, #3413, #3811, #1704, #3010, #3358, #2930, #4579, #2113, #4631, #1235, #2084, #5021, #4692, #879, #3785, #4162, #4662, #4604, #2575, #382, #35, #5477, #3761, #2953, #4192, #2545, #1676, #5444, #411, #1735, #909, #3382, #2632, #5047, #443, #2, #1265, #2983, #3439, #1330, #3034, #4269, #2341, #4827, #96, #5218, #3997, #1037, #189, #4360, #1876, #1816, #3087, #4299, #1456, #1404, #3064, #4749, #1428, #4775, #3113, #1762, #5246, #520, #4328, #3493, #3170, #5192, #2765, #990, #3140, #4414, #624, #966, #2689, #3468, #4387, #3900, #5136, #5164, #1356, #1789, #2714, #572, #4726, #543, #2740, #159, #1013, #4801, #938, #2662, #1380, #2311, #2236, #2260, #3569, #2285, #3925, #3517, #128, #3952, #1848, #3546, #3975, #3222, #5359, #3249, #1537, #2476, #3703, #2792, #2819, #1937, #5384, #3648, #1588, #5330, #1560, #2895, #3298, #1507, #1094, #217, #2866, #2371, #1174, #3622, #3596, #4547, #5301, #3272, #759, #245, #4516, #4889, #4470, #2023, #728, #2847, #1904, #3675, #5271, #2420, #2453, #676, #4914, #4074, #4441, #2397, #4938, #1147, #4052, #272, #1482, #1966, #652, #3197, #4859, #1120, #4101, #4026, #1065, #4494, #700, #297, #324, #1996, #465, #1324, #904, #3030, #1614, #4689, #4131, #3323, #4214, #2977, #2570, #437, #4158, #350, #3729, #2950, #5471, #2080, #2926, #2508, #28, #1699, #4601, #5412, #2140, #5438, #3378, #2049 ) ),
 .UNSPECIFIED., .F., .F., .T. ) 
 B_SPLINE_SURFACE_WITH_KNOTS ( ( 2, 2 ),
 ( 3, 2, 2, 2, 2, 2, 2, 2, 2, 2, 2, 2, 2, 2, 2, 2, 2, 2, 2, 2, 2, 2, 2, 2, 2, 2, 2, 2, 2, 2, 2, 2, 2, 2, 2, 2, 2, 2, 2, 2, 2, 2, 2, 2, 2, 2, 2, 2, 2, 2, 2, 2, 2, 2, 2, 2, 2, 2, 2, 2, 2, 2, 2, 2, 2, 2, 2, 2, 2, 2, 2, 2, 2, 2, 2, 2, 2, 2, 2, 2, 2, 2, 2, 2, 2, 2, 2, 2, 2, 2, 2, 2, 2, 2, 2, 2, 2, 2, 2, 2, 2, 2, 2, 2, 2, 2, 2, 2, 2, 2, 2, 2, 2, 2, 2, 2, 2, 2, 2, 2, 2, 2, 2, 2, 2, 2, 2, 2, 2, 2, 2, 2, 2, 2, 2, 2, 2, 2, 2, 2, 2, 2, 2, 2, 2, 2, 2, 2, 3 ),
 ( 0.000000000000000000, 1.000000000000000000 ),
 ( 0.000000000000000000, 0.006578947368421052266, 0.01315789473684210453, 0.01973684210526315680, 0.02631578947368420907, 0.03289473684210526133, 0.03947368421052631360, 0.04605263157894736586, 0.05263157894736841813, 0.05921052631578947040, 0.06578947368421052266, 0.07236842105263158187, 0.07894736842105262720, 0.08552631578947368640, 0.09210526315789473173, 0.09868421052631579093, 0.1052631578947368363, 0.1118421052631578955, 0.1184210526315789408, 0.1250000000000000000, 0.1315789473684210453, 0.1381578947368421184, 0.1447368421052631637, 0.1513157894736842091, 0.1578947368421052544, 0.1644736842105263275, 0.1710526315789473728, 0.1776315789473684181, 0.1842105263157894635, 0.1907894736842105365, 0.1973684210526315819, 0.2039473684210526272, 0.2105263157894736725, 0.2171052631578947456, 0.2236842105263157909, 0.2302631578947368363, 0.2368421052631578816, 0.2434210526315789547, 0.2500000000000000000, 0.2565789473684210731, 0.2631578947368420907, 0.2697368421052631637, 0.2763157894736842368, 0.2828947368421052544, 0.2894736842105263275, 0.2960526315789473450, 0.3026315789473684181, 0.3092105263157894912, 0.3157894736842105088, 0.3223684210526315819, 0.3289473684210526550, 0.3355263157894736725, 0.3421052631578947456, 0.3486842105263157632, 0.3552631578947368363, 0.3618421052631579093, 0.3684210526315789269, 0.3750000000000000000, 0.3815789473684210731, 0.3881578947368420907, 0.3947368421052631637, 0.4013157894736842368, 0.4078947368421052544, 0.4144736842105263275, 0.4210526315789473450, 0.4276315789473684181, 0.4342105263157894912, 0.4407894736842105088, 0.4473684210526315819, 0.4539473684210526550, 0.4605263157894736725, 0.4671052631578947456, 0.4736842105263157632, 0.4802631578947368363, 0.4868421052631579093, 0.4934210526315789269, 0.5000000000000000000, 0.5065789473684210176, 0.5131578947368421462, 0.5197368421052631637, 0.5263157894736841813, 0.5328947368421053099, 0.5394736842105263275, 0.5460526315789473450, 0.5526315789473684736, 0.5592105263157894912, 0.5657894736842105088, 0.5723684210526315264, 0.5789473684210526550, 0.5855263157894736725, 0.5921052631578946901, 0.5986842105263158187, 0.6052631578947368363, 0.6118421052631578538, 0.6184210526315789824, 0.6250000000000000000, 0.6315789473684210176, 0.6381578947368421462, 0.6447368421052631637, 0.6513157894736841813, 0.6578947368421053099, 0.6644736842105263275, 0.6710526315789473450, 0.6776315789473684736, 0.6842105263157894912, 0.6907894736842105088, 0.6973684210526315264, 0.7039473684210526550, 0.7105263157894736725, 0.7171052631578946901, 0.7236842105263158187, 0.7302631578947368363, 0.7368421052631578538, 0.7434210526315789824, 0.7500000000000000000, 0.7565789473684210176, 0.7631578947368421462, 0.7697368421052631637, 0.7763157894736841813, 0.7828947368421053099, 0.7894736842105263275, 0.7960526315789473450, 0.8026315789473684736, 0.8092105263157894912, 0.8157894736842105088, 0.8223684210526315264, 0.8289473684210526550, 0.8355263157894736725, 0.8421052631578946901, 0.8486842105263158187, 0.8552631578947368363, 0.8618421052631578538, 0.8684210526315789824, 0.8750000000000000000, 0.8815789473684210176, 0.8881578947368421462, 0.8947368421052631637, 0.9013157894736841813, 0.9078947368421053099, 0.9144736842105263275, 0.9210526315789473450, 0.9276315789473684736, 0.9342105263157894912, 0.9407894736842105088, 0.9473684210526315264, 0.9539473684210526550, 0.9605263157894736725, 0.9671052631578946901, 0.9736842105263158187 ),
 .UNSPECIFIED. ) 
 GEOMETRIC_REPRESENTATION_ITEM ( )  RATIONAL_B_SPLINE_SURFACE ( (
 ( 1.000000000000000000, 0.9238795325112867385, 1.000000000000000000, 0.9238795325112867385, 1.000000000000000000, 0.9238795325112867385, 1.000000000000000000, 0.9238795325112867385, 1.000000000000000000, 0.9238795325112867385, 1.000000000000000000, 0.9238795325112867385, 1.000000000000000000, 0.9238795325112867385, 1.000000000000000000, 0.9238795325112867385, 1.000000000000000000, 0.9238795325112867385, 1.000000000000000000, 0.9238795325112867385, 1.000000000000000000, 0.9238795325112867385, 1.000000000000000000, 0.9238795325112867385, 1.000000000000000000, 0.9238795325112867385, 1.000000000000000000, 0.9238795325112867385, 1.000000000000000000, 0.9238795325112867385, 1.000000000000000000, 0.9238795325112867385, 1.000000000000000000, 0.9238795325112867385, 1.000000000000000000, 0.9238795325112867385, 1.000000000000000000, 0.9238795325112867385, 1.000000000000000000, 0.9238795325112867385, 1.000000000000000000, 0.9238795325112867385, 1.000000000000000000, 0.9238795325112867385, 1.000000000000000000, 0.9238795325112867385, 1.000000000000000000, 0.9238795325112867385, 1.000000000000000000, 0.9238795325112867385, 1.000000000000000000, 0.9238795325112867385, 1.000000000000000000, 0.9238795325112867385, 1.000000000000000000, 0.9238795325112867385, 1.000000000000000000, 0.9238795325112867385, 1.000000000000000000, 0.9238795325112867385, 1.000000000000000000, 0.9238795325112867385, 1.000000000000000000, 0.9238795325112867385, 1.000000000000000000, 0.9238795325112867385, 1.000000000000000000, 0.9238795325112867385, 1.000000000000000000, 0.9238795325112867385, 1.000000000000000000, 0.9238795325112867385, 1.000000000000000000, 0.9238795325112867385, 1.000000000000000000, 0.9238795325112867385, 1.000000000000000000, 0.9238795325112867385, 1.000000000000000000, 0.9238795325112867385, 1.000000000000000000, 0.9238795325112867385, 1.000000000000000000, 0.9238795325112867385, 1.000000000000000000, 0.9238795325112867385, 1.000000000000000000, 0.9238795325112867385, 1.000000000000000000, 0.9238795325112867385, 1.000000000000000000, 0.9238795325112867385, 1.000000000000000000, 0.9238795325112867385, 1.000000000000000000, 0.9238795325112867385, 1.000000000000000000, 0.9238795325112867385, 1.000000000000000000, 0.9238795325112867385, 1.000000000000000000, 0.9238795325112867385, 1.000000000000000000, 0.9238795325112867385, 1.000000000000000000, 0.9238795325112867385, 1.000000000000000000, 0.9238795325112867385, 1.000000000000000000, 0.9238795325112867385, 1.000000000000000000, 0.9238795325112867385, 1.000000000000000000, 0.9238795325112867385, 1.000000000000000000, 0.9238795325112867385, 1.000000000000000000, 0.9238795325112867385, 1.000000000000000000, 0.9238795325112867385, 1.000000000000000000, 0.9238795325112867385, 1.000000000000000000, 0.9238795325112867385, 1.000000000000000000, 0.9238795325112867385, 1.000000000000000000, 0.9238795325112867385, 1.000000000000000000, 0.9238795325112867385, 1.000000000000000000, 0.9238795325112867385, 1.000000000000000000, 0.9238795325112867385, 1.000000000000000000, 0.9238795325112867385, 1.000000000000000000, 0.9238795325112867385, 1.000000000000000000, 0.9238795325112867385, 1.000000000000000000, 0.9238795325112867385, 1.000000000000000000, 0.9238795325112867385, 1.000000000000000000, 0.9238795325112867385, 1.000000000000000000, 0.9238795325112867385, 1.000000000000000000, 0.9238795325112867385, 1.000000000000000000, 0.9238795325112867385, 1.000000000000000000, 0.9238795325112867385, 1.000000000000000000, 0.9238795325112867385, 1.000000000000000000, 0.9238795325112867385, 1.000000000000000000, 0.9238795325112867385, 1.000000000000000000, 0.9238795325112867385, 1.000000000000000000, 0.9238795325112867385, 1.000000000000000000, 0.9238795325112867385, 1.000000000000000000, 0.9238795325112867385, 1.000000000000000000, 0.9238795325112867385, 1.000000000000000000, 0.9238795325112867385, 1.000000000000000000, 0.9238795325112867385, 1.000000000000000000, 0.9238795325112867385, 1.000000000000000000, 0.9238795325112867385, 1.000000000000000000, 0.9238795325112867385, 1.000000000000000000, 0.9238795325112867385, 1.000000000000000000, 0.9238795325112867385, 1.000000000000000000, 0.9238795325112867385, 1.000000000000000000, 0.9238795325112867385, 1.000000000000000000, 0.9238795325112867385, 1.000000000000000000, 0.9238795325112867385, 1.000000000000000000, 0.9238795325112867385, 1.000000000000000000, 0.9238795325112867385, 1.000000000000000000, 0.9238795325112867385, 1.000000000000000000, 0.9238795325112867385, 1.000000000000000000, 0.9238795325112867385, 1.000000000000000000, 0.9238795325112867385, 1.000000000000000000, 0.9238795325112867385, 1.000000000000000000, 0.9238795325112867385, 1.000000000000000000, 0.9238795325112867385, 1.000000000000000000, 0.9238795325112867385, 1.000000000000000000, 0.9238795325112867385, 1.000000000000000000, 0.9238795325112867385, 1.000000000000000000, 0.9238795325112867385, 1.000000000000000000, 0.9238795325112867385, 1.000000000000000000, 0.9238795325112867385, 1.000000000000000000, 0.9238795325112867385, 1.000000000000000000, 0.9238795325112867385, 1.000000000000000000, 0.9238795325112867385, 1.000000000000000000, 0.9238795325112867385, 1.000000000000000000, 0.9238795325112867385, 1.000000000000000000, 0.9238795325112867385, 1.000000000000000000, 0.9238795325112867385, 1.000000000000000000, 0.9238795325112867385, 1.000000000000000000, 0.9238795325112867385, 1.000000000000000000, 0.9238795325112867385, 1.000000000000000000, 0.9238795325112867385, 1.000000000000000000, 0.9238795325112867385, 1.000000000000000000, 0.9238795325112867385, 1.000000000000000000, 0.9238795325112867385, 1.000000000000000000, 0.9238795325112867385, 1.000000000000000000, 0.9238795325112867385, 1.000000000000000000, 0.9238795325112867385, 1.000000000000000000, 0.9238795325112867385, 1.000000000000000000, 0.9238795325112867385, 1.000000000000000000, 0.9238795325112867385, 1.000000000000000000, 0.9238795325112867385, 1.000000000000000000, 0.9238795325112867385, 1.000000000000000000, 0.9238795325112867385, 1.000000000000000000, 0.9238795325112867385, 1.000000000000000000, 0.9238795325112867385, 1.000000000000000000, 0.9238795325112867385, 1.000000000000000000, 0.9238795325112867385, 1.000000000000000000, 0.9238795325112867385, 1.000000000000000000, 0.9238795325112867385, 1.000000000000000000, 0.9238795325112867385, 1.000000000000000000, 0.9238795325112867385, 1.000000000000000000, 0.9238795325112867385, 1.000000000000000000, 0.9238795325112867385, 1.000000000000000000, 0.9238795325112867385, 1.000000000000000000, 0.9238795325112867385, 1.000000000000000000, 0.9238795325112867385, 1.000000000000000000, 0.9238795325112867385, 1.000000000000000000),
 ( 1.000000000000000000, 0.9238795325112867385, 1.000000000000000000, 0.9238795325112867385, 1.000000000000000000, 0.9238795325112867385, 1.000000000000000000, 0.9238795325112867385, 1.000000000000000000, 0.9238795325112867385, 1.000000000000000000, 0.9238795325112867385, 1.000000000000000000, 0.9238795325112867385, 1.000000000000000000, 0.9238795325112867385, 1.000000000000000000, 0.9238795325112867385, 1.000000000000000000, 0.9238795325112867385, 1.000000000000000000, 0.9238795325112867385, 1.000000000000000000, 0.9238795325112867385, 1.000000000000000000, 0.9238795325112867385, 1.000000000000000000, 0.9238795325112867385, 1.000000000000000000, 0.9238795325112867385, 1.000000000000000000, 0.9238795325112867385, 1.000000000000000000, 0.9238795325112867385, 1.000000000000000000, 0.9238795325112867385, 1.000000000000000000, 0.9238795325112867385, 1.000000000000000000, 0.9238795325112867385, 1.000000000000000000, 0.9238795325112867385, 1.000000000000000000, 0.9238795325112867385, 1.000000000000000000, 0.9238795325112867385, 1.000000000000000000, 0.9238795325112867385, 1.000000000000000000, 0.9238795325112867385, 1.000000000000000000, 0.9238795325112867385, 1.000000000000000000, 0.9238795325112867385, 1.000000000000000000, 0.9238795325112867385, 1.000000000000000000, 0.9238795325112867385, 1.000000000000000000, 0.9238795325112867385, 1.000000000000000000, 0.9238795325112867385, 1.000000000000000000, 0.9238795325112867385, 1.000000000000000000, 0.9238795325112867385, 1.000000000000000000, 0.9238795325112867385, 1.000000000000000000, 0.9238795325112867385, 1.000000000000000000, 0.9238795325112867385, 1.000000000000000000, 0.9238795325112867385, 1.000000000000000000, 0.9238795325112867385, 1.000000000000000000, 0.9238795325112867385, 1.000000000000000000, 0.9238795325112867385, 1.000000000000000000, 0.9238795325112867385, 1.000000000000000000, 0.9238795325112867385, 1.000000000000000000, 0.9238795325112867385, 1.000000000000000000, 0.9238795325112867385, 1.000000000000000000, 0.9238795325112867385, 1.000000000000000000, 0.9238795325112867385, 1.000000000000000000, 0.9238795325112867385, 1.000000000000000000, 0.9238795325112867385, 1.000000000000000000, 0.9238795325112867385, 1.000000000000000000, 0.9238795325112867385, 1.000000000000000000, 0.9238795325112867385, 1.000000000000000000, 0.9238795325112867385, 1.000000000000000000, 0.9238795325112867385, 1.000000000000000000, 0.9238795325112867385, 1.000000000000000000, 0.9238795325112867385, 1.000000000000000000, 0.9238795325112867385, 1.000000000000000000, 0.9238795325112867385, 1.000000000000000000, 0.9238795325112867385, 1.000000000000000000, 0.9238795325112867385, 1.000000000000000000, 0.9238795325112867385, 1.000000000000000000, 0.9238795325112867385, 1.000000000000000000, 0.9238795325112867385, 1.000000000000000000, 0.9238795325112867385, 1.000000000000000000, 0.9238795325112867385, 1.000000000000000000, 0.9238795325112867385, 1.000000000000000000, 0.9238795325112867385, 1.000000000000000000, 0.9238795325112867385, 1.000000000000000000, 0.9238795325112867385, 1.000000000000000000, 0.9238795325112867385, 1.000000000000000000, 0.9238795325112867385, 1.000000000000000000, 0.9238795325112867385, 1.000000000000000000, 0.9238795325112867385, 1.000000000000000000, 0.9238795325112867385, 1.000000000000000000, 0.9238795325112867385, 1.000000000000000000, 0.9238795325112867385, 1.000000000000000000, 0.9238795325112867385, 1.000000000000000000, 0.9238795325112867385, 1.000000000000000000, 0.9238795325112867385, 1.000000000000000000, 0.9238795325112867385, 1.000000000000000000, 0.9238795325112867385, 1.000000000000000000, 0.9238795325112867385, 1.000000000000000000, 0.9238795325112867385, 1.000000000000000000, 0.9238795325112867385, 1.000000000000000000, 0.9238795325112867385, 1.000000000000000000, 0.9238795325112867385, 1.000000000000000000, 0.9238795325112867385, 1.000000000000000000, 0.9238795325112867385, 1.000000000000000000, 0.9238795325112867385, 1.000000000000000000, 0.9238795325112867385, 1.000000000000000000, 0.9238795325112867385, 1.000000000000000000, 0.9238795325112867385, 1.000000000000000000, 0.9238795325112867385, 1.000000000000000000, 0.9238795325112867385, 1.000000000000000000, 0.9238795325112867385, 1.000000000000000000, 0.9238795325112867385, 1.000000000000000000, 0.9238795325112867385, 1.000000000000000000, 0.9238795325112867385, 1.000000000000000000, 0.9238795325112867385, 1.000000000000000000, 0.9238795325112867385, 1.000000000000000000, 0.9238795325112867385, 1.000000000000000000, 0.9238795325112867385, 1.000000000000000000, 0.9238795325112867385, 1.000000000000000000, 0.9238795325112867385, 1.000000000000000000, 0.9238795325112867385, 1.000000000000000000, 0.9238795325112867385, 1.000000000000000000, 0.9238795325112867385, 1.000000000000000000, 0.9238795325112867385, 1.000000000000000000, 0.9238795325112867385, 1.000000000000000000, 0.9238795325112867385, 1.000000000000000000, 0.9238795325112867385, 1.000000000000000000, 0.9238795325112867385, 1.000000000000000000, 0.9238795325112867385, 1.000000000000000000, 0.9238795325112867385, 1.000000000000000000, 0.9238795325112867385, 1.000000000000000000, 0.9238795325112867385, 1.000000000000000000, 0.9238795325112867385, 1.000000000000000000, 0.9238795325112867385, 1.000000000000000000, 0.9238795325112867385, 1.000000000000000000, 0.9238795325112867385, 1.000000000000000000, 0.9238795325112867385, 1.000000000000000000, 0.9238795325112867385, 1.000000000000000000, 0.9238795325112867385, 1.000000000000000000, 0.9238795325112867385, 1.000000000000000000, 0.9238795325112867385, 1.000000000000000000, 0.9238795325112867385, 1.000000000000000000, 0.9238795325112867385, 1.000000000000000000, 0.9238795325112867385, 1.000000000000000000, 0.9238795325112867385, 1.000000000000000000, 0.9238795325112867385, 1.000000000000000000, 0.9238795325112867385, 1.000000000000000000, 0.9238795325112867385, 1.000000000000000000, 0.9238795325112867385, 1.000000000000000000, 0.9238795325112867385, 1.000000000000000000, 0.9238795325112867385, 1.000000000000000000, 0.9238795325112867385, 1.000000000000000000, 0.9238795325112867385, 1.000000000000000000, 0.9238795325112867385, 1.000000000000000000, 0.9238795325112867385, 1.000000000000000000, 0.9238795325112867385, 1.000000000000000000, 0.9238795325112867385, 1.000000000000000000, 0.9238795325112867385, 1.000000000000000000, 0.9238795325112867385, 1.000000000000000000, 0.9238795325112867385, 1.000000000000000000, 0.9238795325112867385, 1.000000000000000000, 0.9238795325112867385, 1.000000000000000000, 0.9238795325112867385, 1.000000000000000000, 0.9238795325112867385, 1.000000000000000000, 0.9238795325112867385, 1.000000000000000000) ) ) 
 REPRESENTATION_ITEM ( '' )  SURFACE ( )  );
#4674 = CARTESIAN_POINT ( 'NONE',  ( 0.04216813812856255728, -0.1018028909699978252, 0.5066964285672320711 ) ) ;
#4675 = CARTESIAN_POINT ( 'NONE',  ( 0.1018028909699977835, -5.158953776625155700E-17, 0.5133928571386071615 ) ) ;
#4676 = CARTESIAN_POINT ( 'NONE',  ( -0.04907772850198651587, -0.1826198767988363447, 0.6343750000000000222 ) ) ;
#4677 = ORIENTED_EDGE ( 'NONE', *, *, #2455, .T. ) ;
#4678 = CARTESIAN_POINT ( 'NONE',  ( 0.000000000000000000, 0.1018028909699977141, 0.3749999999968571252 ) ) ;
#4679 = CARTESIAN_POINT ( 'NONE',  ( -0.1249999999999999584, -1.003928501559894860E-16, 0.2589285714264999982 ) ) ;
#4680 = CALENDAR_DATE ( 2026, 22, 8 ) ;
#4681 = CARTESIAN_POINT ( 'NONE',  ( -0.09374999999999998612, 0.009152492404438446194, 0.8666273051487931589 ) ) ;
#4682 = CARTESIAN_POINT ( 'NONE',  ( 0.000000000000000000, 7.549139889267777477E-20, 0.000000000000000000 ) ) ;
#4683 = ORIENTED_EDGE ( 'NONE', *, *, #3007, .F. ) ;
#4684 = CARTESIAN_POINT ( 'NONE',  ( 0.1018028909699977558, -0.04216813812856275157, 0.2254464285694821324 ) ) ;
#4685 = CARTESIAN_POINT ( 'NONE',  ( 0.07198551454928019122, 0.07198551454927998305, 0.01785714285685710209 ) ) ;
#4686 = CARTESIAN_POINT ( 'NONE',  ( 0.1018028909699977558, 0.04216813812856247401, 0.1897321428554821499 ) ) ;
#4687 = CARTESIAN_POINT ( 'NONE',  ( -0.1249999999999999861, -0.05177669529663701808, 0.1183035714276250289 ) ) ;
#4688 = CARTESIAN_POINT ( 'NONE',  ( 0.000000000000000000, 0.1018028909699977141, 0.4107142857108571077 ) ) ;
#4689 = CARTESIAN_POINT ( 'NONE',  ( -0.08838834764831843271, 0.08838834764831843271, 0.5803571428522142917 ) ) ;
#4690 = CARTESIAN_POINT ( 'NONE',  ( 0.09375000000000023592, -0.009137588046931101673, 0.7494390877365275649 ) ) ;
#4691 = LINE ( 'NONE', #4240, #4798 ) ;
#4692 = CARTESIAN_POINT ( 'NONE',  ( -0.05177669529663686543, 0.1249999999999998473, 0.2209821428550892697 ) ) ;
#4693 = APPROVAL_DATE_TIME ( #5080, #432 ) ;
#4694 = CARTESIAN_POINT ( 'NONE',  ( 0.1249999999999999722, 0.05177669529663688625, 0.6004464285666250012 ) ) ;
#4695 = EDGE_CURVE ( 'NONE', #3502, #1539, #3085, .T. ) ;
#4696 = CARTESIAN_POINT ( 'NONE',  ( 0.04907772852307792227, 0.1826198767900999997, 0.8562500000000000666 ) ) ;
#4697 = CARTESIAN_POINT ( 'NONE',  ( 0.1226117389704259597, 0.01766184323521360552, 0.6042948822843668966 ) ) ;
#4698 = CARTESIAN_POINT ( 'NONE',  ( 0.07198551454928019122, 0.07198551454927998305, 0.04910714285660710415 ) ) ;
#4699 = CARTESIAN_POINT ( 'NONE',  ( -0.08838834764831843271, 0.08838834764831825230, 0.04017857142824997341 ) ) ;
#4700 = CARTESIAN_POINT ( 'NONE',  ( -0.04216813812856259891, -0.1018028909699977835, 0.5334821428527322107 ) ) ;
#4701 = CLOSED_SHELL ( 'NONE', ( #4009, #2223, #4048, #875, #2767, #3793, #4898, #2110, #452, #1609, #3690, #3422, #4929, #3102, #5066, #1381, #160, #470, #1967, #3814, #4552, #5092, #1074, #911, #1512, #3786, #3259, #1477, #4454, #2012, #1544, #766, #1814, #1579, #3919, #2741, #947, #168, #1281, #3171, #2355, #4286, #4485, #3124, #4871, #5229, #210, #1184, #798, #1483, #1888, #5272, #329, #402, #1039, #5475, #1939, #2114, #129, #4190, #1759, #3494, #303, #3232, #92, #4, #3982, #2194, #1752 ) ) ;
#4702 = EDGE_CURVE ( 'NONE', #3725, #4595, #413, .T. ) ;
#4703 = CARTESIAN_POINT ( 'NONE',  ( -0.1018028909699977835, 0.04216813812856252952, 0.4575892857104821299 ) ) ;
#4704 = CARTESIAN_POINT ( 'NONE',  ( 0.000000000000000000, 7.549139889267777477E-20, 0.000000000000000000 ) ) ;
#4705 = CARTESIAN_POINT ( 'NONE',  ( 0.1499375327922196077, -0.1152275101527355655, 0.8562500000000000666 ) ) ;
#4706 = ORIENTED_EDGE ( 'NONE', *, *, #4651, .F. ) ;
#4707 = CARTESIAN_POINT ( 'NONE',  ( -0.1018028909699977697, -0.04216813812856262667, 0.4263392857107321521 ) ) ;
#4708 = CARTESIAN_POINT ( 'NONE',  ( -1.530808498934191201E-17, -0.1250000000000000278, 0.4107142857110001044 ) ) ;
#4709 = ORIENTED_EDGE ( 'NONE', *, *, #3074, .F. ) ;
#4710 = CARTESIAN_POINT ( 'NONE',  ( -0.04216813812856259891, -0.1018028909699978668, 0.3191964285687321490 ) ) ;
#4711 = PERSON_AND_ORGANIZATION_ROLE ( 'creator' ) ;
#4712 = CARTESIAN_POINT ( 'NONE',  ( -0.09374999999999998612, -0.009127018611293660419, 0.8666258713233306876 ) ) ;
#4713 = CARTESIAN_POINT ( 'NONE',  ( -0.08967980441445773387, 0.1556514748751786914, 0.6250000000000000000 ) ) ;
#4714 = LOCAL_TIME ( 17, 51, 20.00000000000000000, #3601 ) ;
#4715 = AXIS2_PLACEMENT_3D ( 'NONE', #4804, #1018, #4392 ) ;
#4716 = CARTESIAN_POINT ( 'NONE',  ( 0.04216813812856263360, 0.1018028909699976864, 0.3058035714259820237 ) ) ;
#4717 = ORIENTED_EDGE ( 'NONE', *, *, #2869, .F. ) ;
#4718 = CARTESIAN_POINT ( 'NONE',  ( -0.08838834764831843271, -0.08838834764831840496, 0.6562499999947500884 ) ) ;
#4719 = CARTESIAN_POINT ( 'NONE',  ( -0.1018028909699977697, -0.04216813812856275850, -0.002232142857267862927 ) ) ;
#4720 = CARTESIAN_POINT ( 'NONE',  ( 0.07198551454928019122, 0.07198551454928003857, 0.2276785714266071070 ) ) ;
#4721 = CARTESIAN_POINT ( 'NONE',  ( 0.07844243687486901484, 0.06296441342745924541, 0.7527099789582291089 ) ) ;
#4722 = CARTESIAN_POINT ( 'NONE',  ( -0.1499375328083542014, 0.1152275101366010551, 0.6250000000000000000 ) ) ;
#4723 = CARTESIAN_POINT ( 'NONE',  ( 0.000000000000000000, 7.549139889267777477E-20, 0.000000000000000000 ) ) ;
#4724 = CARTESIAN_POINT ( 'NONE',  ( -0.07198551454928017734, 0.07198551454928014959, 0.5267857142813571203 ) ) ;
#4725 = CARTESIAN_POINT ( 'NONE',  ( 0.1018028909699977697, -0.04216813812856275850, 0.1852678571412321173 ) ) ;
#4726 = CARTESIAN_POINT ( 'NONE',  ( 0.05177669529663685849, -0.1250000000000000555, 0.3816964285680892743 ) ) ;
#4727 = DESIGN_CONTEXT ( 'detailed design', #4857, 'design' ) ;
#4728 = SHAPE_DEFINITION_REPRESENTATION ( #4491, #226 ) ;
#4729 = EDGE_CURVE ( 'NONE', #2068, #4764, #240, .T. ) ;
#4730 = CARTESIAN_POINT ( 'NONE',  ( 0.05177669529663696951, 0.1249999999999998057, 0.2165178571408392649 ) ) ;
#4731 = CARTESIAN_POINT ( 'NONE',  ( 0.1018028909699977835, -1.900389319741541928E-16, 0.04464285714235712715 ) ) ;
#4732 = CARTESIAN_POINT ( 'NONE',  ( 0.1018028909699977835, -5.290810342537445815E-17, 0.5089285714243571013 ) ) ;
#4733 = CARTESIAN_POINT ( 'NONE',  ( -0.07198551454928017734, -0.07198551454928023285, 0.3928571428538571442 ) ) ;
#4734 = CARTESIAN_POINT ( 'NONE',  ( -0.1249999999999999584, -1.003928501559894860E-16, 0.2589285714264999982 ) ) ;
#4735 = CARTESIAN_POINT ( 'NONE',  ( -0.08838834764831843271, -0.08838834764831858537, 0.04910714285675002455 ) ) ;
#4736 = CARTESIAN_POINT ( 'NONE',  ( -0.1018028909699977697, -0.04216813812856261973, 0.4620535714247321346 ) ) ;
#4737 = CARTESIAN_POINT ( 'NONE',  ( -0.1285714285714285865, -1.845237008797876145E-16, 0.6116071428572500412 ) ) ;
#4738 = CARTESIAN_POINT ( 'NONE',  ( 0.1018028909699977558, -0.04216813812856271687, 0.3281249999972321585 ) ) ;
#4739 = CARTESIAN_POINT ( 'NONE',  ( -0.1556566722343107334, 0.08968195723101642092, 0.6249999999999998890 ) ) ;
#4740 = CARTESIAN_POINT ( 'NONE',  ( -1.246725845703547748E-17, -0.1018028909699978668, 0.3258928571401071839 ) ) ;
#4741 = CARTESIAN_POINT ( 'NONE',  ( -0.07198551454928017734, 0.07198551454928001081, 0.06249999999935711148 ) ) ;
#4742 = CARTESIAN_POINT ( 'NONE',  ( -0.1687499999999999001, 2.744475302765376899E-17, 0.8750000000000001110 ) ) ;
#4743 = CARTESIAN_POINT ( 'NONE',  ( 0.1018028909699977558, 0.04216813812856246707, 0.1540178571414821396 ) ) ;
#4744 = CARTESIAN_POINT ( 'NONE',  ( 0.000000000000000000, 0.1018028909699977419, 0.4821428571388571283 ) ) ;
#4745 = CARTESIAN_POINT ( 'NONE',  ( -0.04907772850198651587, -0.1826198767988363447, 0.6343750000000000222 ) ) ;
#4746 = DIRECTION ( 'NONE',  ( 1.000000000000000000, 0.000000000000000000, 0.000000000000000000 ) ) ;
#4747 = EDGE_LOOP ( 'NONE', ( #5128, #2843, #4629, #726 ) ) ;
#4748 = CARTESIAN_POINT ( 'NONE',  ( -1.246725845703547748E-17, -0.1018028909699979223, 0.1428571428558571554 ) ) ;
#4749 = CARTESIAN_POINT ( 'NONE',  ( 0.08838834764831843271, 0.08838834764831830781, 0.3214285714257142379 ) ) ;
#4750 = CARTESIAN_POINT ( 'NONE',  ( 0.1249999999999999584, -1.455132423851094150E-16, 0.2098214285694642578 ) ) ;
#4751 = CARTESIAN_POINT ( 'NONE',  ( -0.07198551454928017734, 0.07198551454928016347, 0.5937499999951071361 ) ) ;
#4752 = CARTESIAN_POINT ( 'NONE',  ( -1.246725845703547748E-17, -0.1018028909699978390, 0.4330357142821071315 ) ) ;
#4753 = CARTESIAN_POINT ( 'NONE',  ( 0.1249999999999999584, -1.257347574981817794E-16, 0.2767857142835000173 ) ) ;
#4754 =( BOUNDED_CURVE ( )  B_SPLINE_CURVE ( 2, ( #2017, #1029, #2389, #1059, #290, #5294, #1987, #2445, #3671 ),
 .UNSPECIFIED., .F., .T. ) 
 B_SPLINE_CURVE_WITH_KNOTS ( ( 3, 2, 2, 2, 3 ),
 ( 0.6184210526315789824, 0.6250000000000000000, 0.6315789473684210176, 0.6381578947368421462, 0.6447368421052631637 ),
 .UNSPECIFIED. ) 
 CURVE ( )  GEOMETRIC_REPRESENTATION_ITEM ( )  RATIONAL_B_SPLINE_CURVE ( ( 1.000000000000000000, 0.9238795325112867385, 1.000000000000000000, 0.9238795325112867385, 1.000000000000000000, 0.9238795325112867385, 1.000000000000000000, 0.9238795325112867385, 1.000000000000000000 ) ) 
 REPRESENTATION_ITEM ( '' )  );
#4755 = CARTESIAN_POINT ( 'NONE',  ( 0.1874999999999999167, 0.02454369238351226598, 0.8562500000000000666 ) ) ;
#4756 = ORIENTED_EDGE ( 'NONE', *, *, #445, .F. ) ;
#4757 = CARTESIAN_POINT ( 'NONE',  ( 0.1018028909699977835, -3.049248722028542833E-17, 0.5848214285666072376 ) ) ;
#4758 = CARTESIAN_POINT ( 'NONE',  ( -0.07835931051856689922, -0.06301240645164654652, 0.8703376562697852092 ) ) ;
#4759 = CARTESIAN_POINT ( 'NONE',  ( 0.000000000000000000, 0.1018028909699977697, 0.5535714285668571488 ) ) ;
#4760 = CARTESIAN_POINT ( 'NONE',  ( 0.02616309729181091198, 0.09861307462582809269, 0.5919107288575022885 ) ) ;
#4761 = CARTESIAN_POINT ( 'NONE',  ( 0.1249999999999999445, -0.05177669529663701808, 0.3816964285683749902 ) ) ;
#4762 = CARTESIAN_POINT ( 'NONE',  ( 0.000000000000000000, -1.845237008797876145E-16, 0.6051106034961073465 ) ) ;
#4763 = CARTESIAN_POINT ( 'NONE',  ( -0.1018028909699977835, -9.522043512657051869E-17, 0.2812499999976071363 ) ) ;
#4764 = VERTEX_POINT ( 'NONE', #163 ) ;
#4765 = CARTESIAN_POINT ( 'NONE',  ( 0.04216813812856255728, -0.1018028909699979778, 0.006696428571232155257 ) ) ;
#4766 = CARTESIAN_POINT ( 'NONE',  ( 0.1018028909699977835, -1.465262652230990775E-16, 0.1919642857126071522 ) ) ;
#4767 = CARTESIAN_POINT ( 'NONE',  ( -0.1018028909699977835, -1.070875260586764626E-16, 0.2410714285693571213 ) ) ;
#4768 = CARTESIAN_POINT ( 'NONE',  ( 0.1249999999999999584, -0.05177669529663709441, 0.1674107142843749563 ) ) ;
#4769 = CARTESIAN_POINT ( 'NONE',  ( -1.246725845703547748E-17, -0.1018028909699978113, 0.4999999999958571473 ) ) ;
#4770 = CARTESIAN_POINT ( 'NONE',  ( -0.1638349478928924075, -0.09442855863492054247, 0.6250000000000000000 ) ) ;
#4771 = EDGE_CURVE ( 'NONE', #3848, #3725, #4363, .T. ) ;
#4772 = LINE ( 'NONE', #4353, #3774 ) ;
#4773 = CARTESIAN_POINT ( 'NONE',  ( -0.04216813812856259891, -0.1018028909699977697, 0.6093749999949822360 ) ) ;
#4774 = CARTESIAN_POINT ( 'NONE',  ( 0.07198551454928016347, -0.07198551454928034388, 0.1116071428561071360 ) ) ;
#4775 = CARTESIAN_POINT ( 'NONE',  ( 0.000000000000000000, 0.1249999999999998751, 0.3258928571399642427 ) ) ;
#4776 = DIRECTION ( 'NONE',  ( -1.000000000000000000, 0.000000000000000000, 0.000000000000000000 ) ) ;
#4777 = CARTESIAN_POINT ( 'NONE',  ( -0.08838834764831843271, -0.08838834764831859925, -0.01785714285728572104 ) ) ;
#4778 = CARTESIAN_POINT ( 'NONE',  ( -1.246725845703547748E-17, -0.1018028909699978529, 0.3973214285681072044 ) ) ;
#4779 = CARTESIAN_POINT ( 'NONE',  ( -0.1249999999999999306, 7.549139889267777477E-20, 0.000000000000000000 ) ) ;
#4780 = DIRECTION ( 'NONE',  ( -1.000000000000000000, 0.000000000000000000, 0.000000000000000000 ) ) ;
#4781 = VERTEX_POINT ( 'NONE', #1792 ) ;
#4782 = CARTESIAN_POINT ( 'NONE',  ( 0.000000000000000000, 0.1018028909699977697, 0.5580357142811070981 ) ) ;
#4783 = CARTESIAN_POINT ( 'NONE',  ( 0.000000000000000000, 0.1874999999999999167, 0.6250000000000000000 ) ) ;
#4784 = VERTEX_POINT ( 'NONE', #2239 ) ;
#4785 = CARTESIAN_POINT ( 'NONE',  ( -0.07198551454928017734, 0.07198551454928014959, 0.5223214285671070600 ) ) ;
#4786 = CARTESIAN_POINT ( 'NONE',  ( -0.01357432024384370647, 0.1011154777053278192, 0.5919107288575022885 ) ) ;
#4787 = CARTESIAN_POINT ( 'NONE',  ( -0.1165092688005710253, -1.719859831637012878E-16, 0.01829498308607132098 ) ) ;
#4788 = DIRECTION ( 'NONE',  ( -0.000000000000000000, -0.000000000000000000, -1.000000000000000000 ) ) ;
#4789 = AXIS2_PLACEMENT_3D ( 'NONE', #4021, #238, #1928 ) ;
#4790 = CARTESIAN_POINT ( 'NONE',  ( -0.1018028909699977697, -0.04216813812856268218, 0.2477678571407321839 ) ) ;
#4791 = EDGE_CURVE ( 'NONE', #2686, #5005, #3284, .T. ) ;
#4792 = CARTESIAN_POINT ( 'NONE',  ( -0.04216813812856259891, -0.1018028909699979501, 0.1049107142847321567 ) ) ;
#4793 = CARTESIAN_POINT ( 'NONE',  ( 0.1018028909699977835, -1.372963056092389112E-16, 0.2232142857123571578 ) ) ;
#4794 = CARTESIAN_POINT ( 'NONE',  ( 0.05177669529663685849, -0.1250000000000001388, 0.1986607142841250173 ) ) ;
#4795 = CARTESIAN_POINT ( 'NONE',  ( -1.246725845703547748E-17, -0.1018028909699977974, 0.5357142857098572408 ) ) ;
#4796 = CARTESIAN_POINT ( 'NONE',  ( -0.1826198767988327643, 0.04907772850199276782, 0.6250000000000000000 ) ) ;
#4797 = FACE_OUTER_BOUND ( 'NONE', #1430, .T. ) ;
#4798 = VECTOR ( 'NONE', #1, 39.37007874015748143 ) ;
#4799 = CARTESIAN_POINT ( 'NONE',  ( 0.1781278127904840636, -0.02328809512032231285, 0.6250000000000003331 ) ) ;
#4800 = CARTESIAN_POINT ( 'NONE',  ( -0.04216813812856259891, -0.1018028909699979501, 0.1049107142847321705 ) ) ;
#4801 = CARTESIAN_POINT ( 'NONE',  ( 0.08838834764831843271, 0.08838834764831832169, 0.3928571428537142585 ) ) ;
#4802 = CARTESIAN_POINT ( 'NONE',  ( -0.1018028909699977835, -1.215079860182894982E-17, 0.5624999999953571583 ) ) ;
#4803 = DIRECTION ( 'NONE',  ( 1.000000000000000000, 0.000000000000000000, 0.000000000000000000 ) ) ;
#4804 = CARTESIAN_POINT ( 'NONE',  ( 0.000000000000000000, 7.549139889267777477E-20, 2.626164709600468896E-29 ) ) ;
#4805 = CARTESIAN_POINT ( 'NONE',  ( -0.1037047591374620215, -0.1349437795129976581, 0.8750000000000001110 ) ) ;
#4806 = AXIS2_PLACEMENT_3D ( 'NONE', #1696, #3405, #1382 ) ;
#4807 = CARTESIAN_POINT ( 'NONE',  ( 0.1018028909699977558, 0.04216813812856241850, 0.01116071428548211231 ) ) ;
#4808 = CARTESIAN_POINT ( 'NONE',  ( 0.1225881897634246986, -0.007589101842179368784, 0.6037382086544180737 ) ) ;
#4809 = CARTESIAN_POINT ( 'NONE',  ( 0.1018028909699977558, 0.04216813812856256422, 0.5111607142814821314 ) ) ;
#4810 = CARTESIAN_POINT ( 'NONE',  ( 0.08838834764831840496, -0.08838834764831852986, 0.3080357142832500505 ) ) ;
#4811 = CARTESIAN_POINT ( 'NONE',  ( 0.1018028909699977835, -1.570747904960821387E-16, 0.1562499999986071419 ) ) ;
#4812 = CARTESIAN_POINT ( 'NONE',  ( 0.1249999999999999584, -7.299213113326649776E-17, 0.4553571428535000409 ) ) ;
#4813 = CARTESIAN_POINT ( 'NONE',  ( 0.04216813812856255728, -0.1018028909699979778, 0.04241071428523213865 ) ) ;
#4814 = CARTESIAN_POINT ( 'NONE',  ( 0.04216813812856255728, -0.1018028909699979501, 0.1495535714272321903 ) ) ;
#4815 =( BOUNDED_CURVE ( )  B_SPLINE_CURVE ( 2, ( #1933, #3618, #5298, #4912, #2844, #811, #4180, #2198, #1668 ),
 .UNSPECIFIED., .F., .F. ) 
 B_SPLINE_CURVE_WITH_KNOTS ( ( 3, 2, 2, 2, 3 ),
 ( 0.2500000000000000000, 0.2565789473684210731, 0.2631578947368420907, 0.2697368421052631637, 0.2763157894736842368 ),
 .UNSPECIFIED. ) 
 CURVE ( )  GEOMETRIC_REPRESENTATION_ITEM ( )  RATIONAL_B_SPLINE_CURVE ( ( 1.000000000000000000, 0.9238795325112867385, 1.000000000000000000, 0.9238795325112867385, 1.000000000000000000, 0.9238795325112867385, 1.000000000000000000, 0.9238795325112867385, 1.000000000000000000 ) ) 
 REPRESENTATION_ITEM ( '' )  );
#4816 = CARTESIAN_POINT ( 'NONE',  ( 0.07198551454928016347, -0.07198551454928034388, 0.1116071428561071360 ) ) ;
#4817 = CARTESIAN_POINT ( 'NONE',  ( -0.02206091049068938451, -0.1687471874025348317, 0.8750000000000001110 ) ) ;
#4818 = CARTESIAN_POINT ( 'NONE',  ( -0.1018028909699977697, -0.04216813812856263360, 0.3861607142824821648 ) ) ;
#4819 = CARTESIAN_POINT ( 'NONE',  ( 0.000000000000000000, 0.1018028909699977419, 0.5178571428528571108 ) ) ;
#4820 = CARTESIAN_POINT ( 'NONE',  ( 0.1499375328083565329, 0.1152275101365986543, 0.6343750000000000222 ) ) ;
#4821 = DIRECTION ( 'NONE',  ( 0.5000000000000002220, -0.8660254037844385966, 0.000000000000000000 ) ) ;
#4822 = EDGE_CURVE ( 'NONE', #830, #3711, #3633, .T. ) ;
#4823 = VERTEX_POINT ( 'NONE', #968 ) ;
#4824 = CARTESIAN_POINT ( 'NONE',  ( 0.04665116836577032355, -0.1734806085819298738, 0.6250000000000001110 ) ) ;
#4825 = CARTESIAN_POINT ( 'NONE',  ( 0.02454369240633528029, 0.1874999999999999167, 0.6343750000000000222 ) ) ;
#4826 = CARTESIAN_POINT ( 'NONE',  ( 0.07198551454928019122, 0.07198551454928002469, 0.1562499999986071142 ) ) ;
#4827 = CARTESIAN_POINT ( 'NONE',  ( 0.000000000000000000, 0.1249999999999998751, 0.2901785714259642046 ) ) ;
#4828 = EDGE_CURVE ( 'NONE', #293, #2165, #1850, .T. ) ;
#4829 = VERTEX_POINT ( 'NONE', #574 ) ;
#4830 = CARTESIAN_POINT ( 'NONE',  ( -0.1249999999999999584, -8.984432488300643707E-17, 0.2946428571404999808 ) ) ;
#4831 = VERTEX_POINT ( 'NONE', #523 ) ;
#4832 = CARTESIAN_POINT ( 'NONE',  ( -3.295631491865439644E-17, 0.1082531754730550605, 0.7578125000000000000 ) ) ;
#4833 = CARTESIAN_POINT ( 'NONE',  ( -0.05177669529663687931, -0.1250000000000001665, -0.01562500000016071172 ) ) ;
#4834 = CARTESIAN_POINT ( 'NONE',  ( 0.000000000000000000, 0.000000000000000000, 0.000000000000000000 ) ) ;
#4835 = CARTESIAN_POINT ( 'NONE',  ( 0.04859971826524881605, -0.1138255536285230907, 0.02541096208594164838 ) ) ;
#4836 = DIRECTION ( 'NONE',  ( 0.000000000000000000, 0.000000000000000000, -1.000000000000000000 ) ) ;
#4837 = CARTESIAN_POINT ( 'NONE',  ( 0.1018028909699977558, -0.04216813812856282789, 0.006696428571232137042 ) ) ;
#4838 = CARTESIAN_POINT ( 'NONE',  ( 0.1249999999999999306, 1.538357638823458624E-17, 0.000000000000000000 ) ) ;
#4839 = CARTESIAN_POINT ( 'NONE',  ( -0.07198551454928017734, 0.07198551454928012183, 0.4508928571391070950 ) ) ;
#4840 = DIRECTION ( 'NONE',  ( -1.000000000000000000, 0.000000000000000000, 0.000000000000000000 ) ) ;
#4841 = CARTESIAN_POINT ( 'NONE',  ( 0.05177669529663697645, 0.1249999999999998612, 0.3906249999968748887 ) ) ;
#4842 = CARTESIAN_POINT ( 'NONE',  ( 0.07198551454928019122, 0.07198551454927998305, 0.05357142857085710891 ) ) ;
#4843 = CARTESIAN_POINT ( 'NONE',  ( 0.1687499999999999001, 0.02208932314516103348, 0.8750000000000001110 ) ) ;
#4844 = EDGE_LOOP ( 'NONE', ( #3106, #956, #1510, #2755 ) ) ;
#4845 = CARTESIAN_POINT ( 'NONE',  ( -0.1018028909699977697, 0.04216813812856239768, 0.02901785714248212439 ) ) ;
#4846 = CARTESIAN_POINT ( 'NONE',  ( -0.1018028909699977697, 0.04216813812856243238, 0.1361607142844821483 ) ) ;
#4847 = CARTESIAN_POINT ( 'NONE',  ( 0.07198551454928016347, -0.07198551454928033000, 0.1473214285701071324 ) ) ;
#4848 = CARTESIAN_POINT ( 'NONE',  ( -0.1018028909699977835, -9.653900078569341367E-17, 0.2767857142833571316 ) ) ;
#4849 = CARTESIAN_POINT ( 'NONE',  ( 0.05177669529663697645, 0.1249999999999998057, 0.2120535714268750316 ) ) ;
#4850 = CARTESIAN_POINT ( 'NONE',  ( 0.09375000000000018041, 0.03650651419210439175, 0.7531812190402544793 ) ) ;
#4851 = CARTESIAN_POINT ( 'NONE',  ( -1.530808498934191201E-17, -0.1250000000000000000, 0.4866071428529643028 ) ) ;
#4852 = CARTESIAN_POINT ( 'NONE',  ( 0.000000000000000000, 0.1249999999999999029, 0.3928571428539999744 ) ) ;
#4853 = ORIENTED_EDGE ( 'NONE', *, *, #2635, .F. ) ;
#4854 =( BOUNDED_CURVE ( )  B_SPLINE_CURVE ( 2, ( #1057, #4432, #719, #642, #1633, #2131, #5461, #1662, #749 ),
 .UNSPECIFIED., .F., .F. ) 
 B_SPLINE_CURVE_WITH_KNOTS ( ( 3, 2, 2, 2, 3 ),
 ( 0.3026315789473684181, 0.3092105263157894912, 0.3157894736842105088, 0.3223684210526315819, 0.3289473684210526550 ),
 .UNSPECIFIED. ) 
 CURVE ( )  GEOMETRIC_REPRESENTATION_ITEM ( )  RATIONAL_B_SPLINE_CURVE ( ( 1.000000000000000000, 0.9238795325112867385, 1.000000000000000000, 0.9238795325112867385, 1.000000000000000000, 0.9238795325112867385, 1.000000000000000000, 0.9238795325112867385, 1.000000000000000000 ) ) 
 REPRESENTATION_ITEM ( '' )  );
#4855 = CARTESIAN_POINT ( 'NONE',  ( -1.246725845703547748E-17, -0.1018028909699977835, 0.6116071428521072662 ) ) ;
#4856 = CARTESIAN_POINT ( 'NONE',  ( 0.1874999999999999167, -0.02454369240633525948, 0.6250000000000000000 ) ) ;
#4857 = APPLICATION_CONTEXT ( 'configuration controlled 3d designs of mechanical parts and assemblies' ) ;
#4858 = CARTESIAN_POINT ( 'NONE',  ( 0.1018028909699977697, 0.04216813812856248789, 0.2611607142834821427 ) ) ;
#4859 = CARTESIAN_POINT ( 'NONE',  ( -0.1249999999999999861, 0.05177669529663686543, 0.5468749999953393948 ) ) ;
#4860 = ORIENTED_EDGE ( 'NONE', *, *, #4144, .F. ) ;
#4861 = ORIENTED_EDGE ( 'NONE', *, *, #2959, .T. ) ;
#4862 = ORIENTED_EDGE ( 'NONE', *, *, #1145, .F. ) ;
#4863 = EDGE_CURVE ( 'NONE', #1644, #4133, #3901, .T. ) ;
#4864 = CARTESIAN_POINT ( 'NONE',  ( 0.1082531754730549772, -1.104688079777929626E-16, 0.8750000000000001110 ) ) ;
#4865 = CARTESIAN_POINT ( 'NONE',  ( -1.530808498934191201E-17, -0.1250000000000001110, 0.1294642857129642832 ) ) ;
#4866 = PERSON_AND_ORGANIZATION ( #2700, #4611 ) ;
#4867 = CARTESIAN_POINT ( 'NONE',  ( 0.000000000000000000, 0.1249999999999999306, 0.4999999999959999775 ) ) ;
#4868 = CARTESIAN_POINT ( 'NONE',  ( -0.1249999999999999584, -4.633165813203570518E-17, 0.4419642857104642553 ) ) ;
#4869 = DIRECTION ( 'NONE',  ( -1.000000000000000000, 0.000000000000000000, 0.000000000000000000 ) ) ;
#4870 = CARTESIAN_POINT ( 'NONE',  ( 0.04216813812856255728, -0.1018028909699977835, 0.6138392857092322963 ) ) ;
#4871 = ADVANCED_FACE ( 'NONE', ( #2314 ), #627, .F. ) ;
#4872 = DIRECTION ( 'NONE',  ( -0.000000000000000000, -0.000000000000000000, -1.000000000000000000 ) ) ;
#4873 = CARTESIAN_POINT ( 'NONE',  ( -1.246725845703547748E-17, -0.1018028909699977974, 0.5357142857098572408 ) ) ;
#4874 = CARTESIAN_POINT ( 'NONE',  ( 0.1249999999999999722, 0.05177669529663682380, 0.3861607142826249950 ) ) ;
#4875 = CARTESIAN_POINT ( 'NONE',  ( 0.07198551454928019122, 0.07198551454928001081, 0.1249999999988571087 ) ) ;
#4876 = ORIENTED_EDGE ( 'NONE', *, *, #4280, .F. ) ;
#4877 = CARTESIAN_POINT ( 'NONE',  ( 0.1018028909699977558, -0.04216813812856271687, 0.3683035714254821458 ) ) ;
#4878 = CARTESIAN_POINT ( 'NONE',  ( 0.1018028909699977558, -0.04216813812856277238, 0.1540178571414821396 ) ) ;
#4879 = VERTEX_POINT ( 'NONE', #99 ) ;
#4880 = CARTESIAN_POINT ( 'NONE',  ( -0.04216813812856257809, 0.1018028909699976448, 0.1272321428559820833 ) ) ;
#4881 = CARTESIAN_POINT ( 'NONE',  ( 0.04216813812856263360, 0.1018028909699977003, 0.4084821428537320220 ) ) ;
#4882 = CARTESIAN_POINT ( 'NONE',  ( -0.1249999999999999584, -1.468608231308654299E-17, 0.5491071428524642029 ) ) ;
#4883 = CARTESIAN_POINT ( 'NONE',  ( 0.05177669529663685849, -0.1250000000000000278, 0.4888392857100893329 ) ) ;
#4884 = CARTESIAN_POINT ( 'NONE',  ( 0.08838834764831843271, 0.08838834764831829394, 0.2499999999977142728 ) ) ;
#4885 = CARTESIAN_POINT ( 'NONE',  ( 0.000000000000000000, 0.1249999999999999167, 0.4642857142819999394 ) ) ;
#4886 = CARTESIAN_POINT ( 'NONE',  ( 0.1249999999999999584, -9.277061602019413341E-17, 0.3883928571394642537 ) ) ;
#4887 = CARTESIAN_POINT ( 'NONE',  ( 0.1826198767988363447, -0.04907772850198654363, 0.6343750000000000222 ) ) ;
#4888 = CARTESIAN_POINT ( 'NONE',  ( -0.1018028909699977835, 0.04216813812856245319, 0.2031249999982321086 ) ) ;
#4889 = CARTESIAN_POINT ( 'NONE',  ( 0.1249999999999999584, -6.112504020124494964E-17, 0.4955357142814642568 ) ) ;
#4890 = VECTOR ( 'NONE', #1114, 39.37007874015748143 ) ;
#4891 = CARTESIAN_POINT ( 'NONE',  ( -0.1018028909699977835, -0.04216813812856259891, 0.5691964285667321377 ) ) ;
#4892 = CARTESIAN_POINT ( 'NONE',  ( -0.07198551454928017734, 0.07198551454927999693, 0.02232142857110710338 ) ) ;
#4893 = AXIS2_PLACEMENT_3D ( 'NONE', #4704, #3042, #995 ) ;
#4894 = CARTESIAN_POINT ( 'NONE',  ( 0.1249999999999999445, -0.05177669529663710829, 0.06473214285633928367 ) ) ;
#4895 = CARTESIAN_POINT ( 'NONE',  ( 0.000000000000000000, 0.1249999999999997918, 0.04017857142796421588 ) ) ;
#4896 = CARTESIAN_POINT ( 'NONE',  ( -0.03305425535112216373, -0.1171934239424401031, 0.02297805471007003525 ) ) ;
#4897 = CARTESIAN_POINT ( 'NONE',  ( 0.02460412818803910454, 0.1082465460036532157, 0.01184956787512506278 ) ) ;
#4898 = ADVANCED_FACE ( 'NONE', ( #3976 ), #192, .T. ) ;
#4899 = ORIENTED_EDGE ( 'NONE', *, *, #2144, .T. ) ;
#4900 = CARTESIAN_POINT ( 'NONE',  ( 0.1249999999999999584, -2.947946438229579053E-17, 0.6026785714234642599 ) ) ;
#4901 = CARTESIAN_POINT ( 'NONE',  ( -0.04216813812856257809, 0.1018028909699977697, 0.5915178571379821060 ) ) ;
#4902 = CARTESIAN_POINT ( 'NONE',  ( 0.000000000000000000, 0.1249999999999999029, 0.3928571428539999744 ) ) ;
#4903 = CARTESIAN_POINT ( 'NONE',  ( -0.07198551454928017734, 0.07198551454928001081, 0.06249999999935711148 ) ) ;
#4904 = CARTESIAN_POINT ( 'NONE',  ( 0.1474514531114560212, -0.08498570275246687677, 0.8750000000000001110 ) ) ;
#4905 = CARTESIAN_POINT ( 'NONE',  ( 0.000000000000000000, 0.1018028909699977003, 0.3080357142831071093 ) ) ;
#4906 = CARTESIAN_POINT ( 'NONE',  ( 0.07198551454928016347, -0.07198551454928035775, 0.07589285714210713962 ) ) ;
#4907 = CARTESIAN_POINT ( 'NONE',  ( 0.1018028909699977835, -8.455367924432364191E-17, 0.4017857142823572092 ) ) ;
#4908 = CARTESIAN_POINT ( 'NONE',  ( 0.09375000000000020817, 2.561107471552864931E-17, 0.7494390877365275649 ) ) ;
#4909 = CARTESIAN_POINT ( 'NONE',  ( 0.000000000000000000, -1.845237008797876145E-16, 0.6071428571430000920 ) ) ;
#4910 = CARTESIAN_POINT ( 'NONE',  ( 0.1249999999999999584, -1.046377069522156692E-16, 0.3482142857115000378 ) ) ;
#4911 = CARTESIAN_POINT ( 'NONE',  ( -0.08838834764831843271, 0.08838834764831837720, 0.4687499999962499997 ) ) ;
#4912 = CARTESIAN_POINT ( 'NONE',  ( 0.05177669529663696951, 0.1249999999999997918, 0.1763392857128750491 ) ) ;
#4913 = CARTESIAN_POINT ( 'NONE',  ( 0.04216813812856255728, -0.1018028909699978946, 0.2522321428549821887 ) ) ;
#4914 = CARTESIAN_POINT ( 'NONE',  ( -0.05177669529663687931, -0.1249999999999999861, 0.5200892857098394773 ) ) ;
#4915 = CARTESIAN_POINT ( 'NONE',  ( -0.1249999999999999584, -4.765022379107421670E-17, 0.4374999999965000219 ) ) ;
#4916 = CARTESIAN_POINT ( 'NONE',  ( 0.05177669529663697645, 0.1249999999999997780, 0.07366071428483922379 ) ) ;
#4917 = CARTESIAN_POINT ( 'NONE',  ( -0.09443316137769611207, -0.07246249986729094705, 0.02066869160670082098 ) ) ;
#4918 = DIRECTION ( 'NONE',  ( -0.000000000000000000, -0.000000000000000000, -1.000000000000000000 ) ) ;
#4919 = CARTESIAN_POINT ( 'NONE',  ( -0.05177669529663687931, 0.1249999999999999167, 0.3638392857110893108 ) ) ;
#4920 = CARTESIAN_POINT ( 'NONE',  ( 0.04216813812856263360, 0.1018028909699977558, 0.6227678571377321948 ) ) ;
#4921 = CARTESIAN_POINT ( 'NONE',  ( -1.530808498934191201E-17, -0.1250000000000000555, 0.3749999999970000664 ) ) ;
#4922 = CARTESIAN_POINT ( 'NONE',  ( -1.246725845703547748E-17, -0.1018028909699979362, 0.07589285714210715350 ) ) ;
#4923 = CARTESIAN_POINT ( 'NONE',  ( 0.1643578891110935303, 0.04416995567076278939, 0.8750000000000001110 ) ) ;
#4924 = VERTEX_POINT ( 'NONE', #992 ) ;
#4925 = CARTESIAN_POINT ( 'NONE',  ( 0.1018028909699977558, -0.04216813812856271687, 0.3683035714254821458 ) ) ;
#4926 = ORIENTED_EDGE ( 'NONE', *, *, #772, .F. ) ;
#4927 = CARTESIAN_POINT ( 'NONE',  ( 0.000000000000000000, 0.1018028909699976586, 0.2321428571408571118 ) ) ;
#4928 = CARTESIAN_POINT ( 'NONE',  ( -1.246725845703547748E-17, -0.1018028909699978807, 0.2857142857118571966 ) ) ;
#4929 = ADVANCED_FACE ( 'NONE', ( #2715 ), #1458, .T. ) ;
#4930 = CARTESIAN_POINT ( 'NONE',  ( 0.08838834764831840496, -0.08838834764831854374, 0.2366071428552500300 ) ) ;
#4931 = CARTESIAN_POINT ( 'NONE',  ( 0.000000000000000000, -1.104688079777929626E-16, 0.8750000000000001110 ) ) ;
#4932 = CARTESIAN_POINT ( 'NONE',  ( -0.1249999999999999584, -2.523460758606960732E-17, 0.5133928571384642758 ) ) ;
#4933 = CARTESIAN_POINT ( 'NONE',  ( 0.1249999999999999584, -1.138676665661602559E-16, 0.3169642857114642887 ) ) ;
#4934 = CARTESIAN_POINT ( 'NONE',  ( 0.05177669529663696951, 0.1249999999999999167, 0.5334821428528748744 ) ) ;
#4935 = CARTESIAN_POINT ( 'NONE',  ( -0.1249999999999999584, -1.412683855888832318E-16, 0.1205357142844642598 ) ) ;
#4936 = EDGE_CURVE ( 'NONE', #1808, #518, #2914, .T. ) ;
#4937 = CARTESIAN_POINT ( 'NONE',  ( -0.07198551454928017734, 0.07198551454928008020, 0.2723214285691070713 ) ) ;
#4938 = CARTESIAN_POINT ( 'NONE',  ( 0.1249999999999999584, -0.05177669529663698339, 0.5290178571383393757 ) ) ;
#4939 = CARTESIAN_POINT ( 'NONE',  ( -0.04216813812856257115, 0.1018028909699977697, 0.5602678571382320172 ) ) ;
#4940 = CARTESIAN_POINT ( 'NONE',  ( -0.1249999999999999861, -0.05177669529663703196, 0.05133928571358926940 ) ) ;
#4941 = CARTESIAN_POINT ( 'NONE',  ( 0.02331650778601850743, 0.1781249999999999223, 0.6250000000000000000 ) ) ;
#4942 = CARTESIAN_POINT ( 'NONE',  ( -0.1874999999999999167, -0.02454369238351460786, 0.8750000000000001110 ) ) ;
#4943 = ORIENTED_EDGE ( 'NONE', *, *, #3432, .F. ) ;
#4944 = CARTESIAN_POINT ( 'NONE',  ( -0.1250000000000000000, 0.05177669529663687931, 0.5468749999953393948 ) ) ;
#4945 = CARTESIAN_POINT ( 'NONE',  ( -0.1018028909699977697, -0.04216813812856258503, 0.6004464285664822265 ) ) ;
#4946 = CARTESIAN_POINT ( 'NONE',  ( -0.07198551454928017734, 0.07198551454928008020, 0.3124999999973571141 ) ) ;
#4947 = CARTESIAN_POINT ( 'NONE',  ( -0.04216813812856257809, 0.1018028909699977003, 0.3459821428542321220 ) ) ;
#4948 = CARTESIAN_POINT ( 'NONE',  ( 0.000000000000000000, 0.1018028909699976725, 0.2723214285691070713 ) ) ;
#4949 = CARTESIAN_POINT ( 'NONE',  ( 0.1018028909699977558, -0.04216813812856274463, 0.2566964285692320824 ) ) ;
#4950 = CARTESIAN_POINT ( 'NONE',  ( -0.1018028909699977697, -0.04216813812856259891, 0.5290178571384821504 ) ) ;
#4951 = DIRECTION ( 'NONE',  ( -1.000000000000000000, 0.000000000000000000, 0.000000000000000000 ) ) ;
#4952 = CARTESIAN_POINT ( 'NONE',  ( -0.05177669529663687931, -0.1250000000000000000, 0.5513392857098751154 ) ) ;
#4953 = EDGE_CURVE ( 'NONE', #928, #639, #1940, .T. ) ;
#4954 = CARTESIAN_POINT ( 'NONE',  ( 0.1474649246648303547, 0.08496052921702490490, 0.8750000000000002220 ) ) ;
#4955 = CARTESIAN_POINT ( 'NONE',  ( -0.05177669529663687931, -0.1250000000000000278, 0.3772321428538393251 ) ) ;
#4956 = CARTESIAN_POINT ( 'NONE',  ( 0.05177669529663696951, 0.1249999999999999167, 0.4977678571388749473 ) ) ;
#4957 = CARTESIAN_POINT ( 'NONE',  ( 0.1018028909699977697, -0.04216813812856274463, 0.2566964285692321379 ) ) ;
#4958 = CARTESIAN_POINT ( 'NONE',  ( 0.1018028909699977697, -0.04216813812856263360, 0.5825892857094820965 ) ) ;
#4959 = CARTESIAN_POINT ( 'NONE',  ( 0.1249999999999999445, -0.05177669529663710135, 0.09598214285637501897 ) ) ;
#4960 = VERTEX_POINT ( 'NONE', #4553 ) ;
#4961 = CARTESIAN_POINT ( 'NONE',  ( -0.09471490651214786727, 0.04642596760652623750, 0.5937496386560441319 ) ) ;
#4962 = CARTESIAN_POINT ( 'NONE',  ( 0.1249999999999999584, -0.05177669529663709441, 0.1004464285703392801 ) ) ;
#4963 = CARTESIAN_POINT ( 'NONE',  ( 0.1734888829588972503, 0.04662384207688850118, 0.6250000000000000000 ) ) ;
#4964 = CARTESIAN_POINT ( 'NONE',  ( 0.1826198767901071329, 0.04907772852306976213, 0.8750000000000001110 ) ) ;
#4965 = CARTESIAN_POINT ( 'NONE',  ( -0.1018028909699977835, -1.690601120374519105E-16, 0.03124999999960712677 ) ) ;
#4966 = EDGE_LOOP ( 'NONE', ( #1758, #1790, #5012, #5474 ) ) ;
#4967 = CARTESIAN_POINT ( 'NONE',  ( -0.05177669529663687931, 0.1249999999999999584, 0.5424107142810893345 ) ) ;
#4968 = CARTESIAN_POINT ( 'NONE',  ( 0.04216813812856255728, -0.1018028909699977835, 0.6093749999949822360 ) ) ;
#4969 = CARTESIAN_POINT ( 'NONE',  ( -0.04216813812856259891, -0.1018028909699978807, 0.2879464285689821712 ) ) ;
#4970 = CARTESIAN_POINT ( 'NONE',  ( -0.1349256775392327079, 0.1037268387247225199, 0.8750000000000001110 ) ) ;
#4971 = CARTESIAN_POINT ( 'NONE',  ( 0.1499375327922171097, 0.1152275101527476253, 0.8750000000000001110 ) ) ;
#4972 = CARTESIAN_POINT ( 'NONE',  ( -0.07198551454928017734, 0.07198551454928012183, 0.4196428571393571172 ) ) ;
#4973 = CARTESIAN_POINT ( 'NONE',  ( -0.04216813812856257809, 0.1018028909699977003, 0.3459821428542321220 ) ) ;
#4974 = CARTESIAN_POINT ( 'NONE',  ( -0.1499375328083542014, 0.1152275101366010551, 0.6250000000000000000 ) ) ;
#4975 = CARTESIAN_POINT ( 'NONE',  ( -0.1018028909699977835, -1.281845766046425851E-16, 0.1696428571413571285 ) ) ;
#4976 = CARTESIAN_POINT ( 'NONE',  ( 0.1249999999999999584, -6.112504020124494964E-17, 0.4955357142814642568 ) ) ;
#4977 = CARTESIAN_POINT ( 'NONE',  ( 0.03084450010908016890, -0.09044509503205819256, 0.7494508330878952851 ) ) ;
#4978 = CARTESIAN_POINT ( 'NONE',  ( 0.09442855881954365094, -0.1638349478164232709, 0.6343750000000001332 ) ) ;
#4979 = CARTESIAN_POINT ( 'NONE',  ( -0.09374999999999998612, -0.05412658773652766209, 0.7578125000000000000 ) ) ;
#4980 = CARTESIAN_POINT ( 'NONE',  ( -0.02206091049069401622, 0.1687528125974827042, 0.8750000000000001110 ) ) ;
#4981 = EDGE_LOOP ( 'NONE', ( #940, #3636, #1951, #3777 ) ) ;
#4982 = CARTESIAN_POINT ( 'NONE',  ( 0.1249999999999999722, 0.05177669529663690012, 0.6361607142806250392 ) ) ;
#4983 = CARTESIAN_POINT ( 'NONE',  ( -0.08838834764831843271, 0.08838834764831839108, 0.5044642857102500377 ) ) ;
#4984 = CARTESIAN_POINT ( 'NONE',  ( 0.1249999999999999584, -8.222209074721107215E-17, 0.4241071428534642918 ) ) ;
#4985 = EDGE_CURVE ( 'NONE', #3235, #2841, #1564, .T. ) ;
#4986 = CARTESIAN_POINT ( 'NONE',  ( 0.1018028909699977835, -6.213806303923462442E-17, 0.4776785714246071790 ) ) ;
#4987 = CARTESIAN_POINT ( 'NONE',  ( -1.530808498934191201E-17, -0.1250000000000001110, 0.08928571428500003959 ) ) ;
#4988 =( BOUNDED_CURVE ( )  B_SPLINE_CURVE ( 2, ( #919, #2244, #2693, #74, #3500, #2266, #3931, #4366, #5172 ),
 .UNSPECIFIED., .F., .F. ) 
 B_SPLINE_CURVE_WITH_KNOTS ( ( 3, 2, 2, 2, 3 ),
 ( 0.1973684210526315819, 0.2039473684210526272, 0.2105263157894736725, 0.2171052631578947456, 0.2236842105263157909 ),
 .UNSPECIFIED. ) 
 CURVE ( )  GEOMETRIC_REPRESENTATION_ITEM ( )  RATIONAL_B_SPLINE_CURVE ( ( 1.000000000000000000, 0.9238795325112867385, 1.000000000000000000, 0.9238795325112867385, 1.000000000000000000, 0.9238795325112867385, 1.000000000000000000, 0.9238795325112867385, 1.000000000000000000 ) ) 
 REPRESENTATION_ITEM ( '' )  );
#4989 = CARTESIAN_POINT ( 'NONE',  ( -0.04216813812856259891, -0.1018028909699979917, 0.03348214285673215690 ) ) ;
#4990 = CARTESIAN_POINT ( 'NONE',  ( -0.04216813812856257809, 0.1018028909699976031, 0.02008928571398209406 ) ) ;
#4991 = EDGE_CURVE ( 'NONE', #4612, #830, #1718, .T. ) ;
#4992 = CARTESIAN_POINT ( 'NONE',  ( -0.1499375327922137791, 0.1152275101527414219, 0.8750000000000001110 ) ) ;
#4993 = CARTESIAN_POINT ( 'NONE',  ( -0.1018028909699977697, 0.04216813812856241850, 0.06473214285648212774 ) ) ;
#4994 = B_SPLINE_CURVE_WITH_KNOTS ( 'NONE', 3,
 ( #5178, #4760, #2620, #977, #3852, #4786, #4342, #3048, #47, #3452 ),
 .UNSPECIFIED., .F., .F.,
 ( 4, 2, 2, 2, 4 ),
 ( 1.004737781354251950E-15, 0.0005119053112129714079, 0.001023810622424937977, 0.001535715933636904547, 0.002047621244848870682 ),
 .UNSPECIFIED. ) ;
#4995 = FACE_OUTER_BOUND ( 'NONE', #374, .T. ) ;
#4996 = CARTESIAN_POINT ( 'NONE',  ( -1.246725845703547748E-17, -0.1018028909699977835, 0.6428571428518571329 ) ) ;
#4997 = CARTESIAN_POINT ( 'NONE',  ( 0.1018028909699977697, 0.04216813812856248789, 0.2299107142837321371 ) ) ;
#4998 = DIRECTION ( 'NONE',  ( -0.000000000000000000, -0.000000000000000000, -1.000000000000000000 ) ) ;
#4999 = VECTOR ( 'NONE', #1424, 39.37007874015748143 ) ;
#5000 = CARTESIAN_POINT ( 'NONE',  ( 0.02454369238351464602, 0.1874999999999999167, 0.8750000000000001110 ) ) ;
#5001 = CARTESIAN_POINT ( 'NONE',  ( 0.1018028909699977558, -0.04216813812856266830, 0.5111607142814821314 ) ) ;
#5002 = AXIS2_PLACEMENT_3D ( 'NONE', #2245, #3906, #4780 ) ;
#5003 = CARTESIAN_POINT ( 'NONE',  ( -0.1018028909699977697, 0.04216813812856250870, 0.3861607142824821093 ) ) ;
#5004 = CARTESIAN_POINT ( 'NONE',  ( -0.09442855863492000124, -0.1638349478928926850, 0.6250000000000000000 ) ) ;
#5005 = VERTEX_POINT ( 'NONE', #4056 ) ;
#5006 = CARTESIAN_POINT ( 'NONE',  ( 0.1018028909699977558, -0.04216813812856271687, 0.2924107142832320649 ) ) ;
#5007 = CARTESIAN_POINT ( 'NONE',  ( -0.05177669529663687931, -0.1250000000000000555, 0.2656249999978750886 ) ) ;
#5008 = CARTESIAN_POINT ( 'NONE',  ( 0.05475602988872738802, -0.07663976687704313062, 0.7494332643691722362 ) ) ;
#5009 = CARTESIAN_POINT ( 'NONE',  ( 0.04907772831736500335, 0.1826198768753091450, 0.6343750000000001332 ) ) ;
#5010 = CARTESIAN_POINT ( 'NONE',  ( 0.1874999999999999167, 2.219009066670379932E-17, 0.6343750000000000222 ) ) ;
#5011 = CARTESIAN_POINT ( 'NONE',  ( 0.07198551454928019122, 0.07198551454928001081, 0.1249999999988571087 ) ) ;
#5012 = ORIENTED_EDGE ( 'NONE', *, *, #1014, .T. ) ;
#5013 = ORIENTED_EDGE ( 'NONE', *, *, #4513, .F. ) ;
#5014 = CARTESIAN_POINT ( 'NONE',  ( -0.1874999999999999167, 7.549139889267777477E-20, 0.000000000000000000 ) ) ;
#5015 = CARTESIAN_POINT ( 'NONE',  ( -0.07198551454928017734, -0.07198551454928023285, 0.3883928571396071394 ) ) ;
#5016 = CARTESIAN_POINT ( 'NONE',  ( 0.1734888829588974724, -0.04662384207688800852, 0.6250000000000000000 ) ) ;
#5017 = CARTESIAN_POINT ( 'NONE',  ( -0.05177669529663687931, -0.1250000000000001110, 0.1629464285698393189 ) ) ;
#5018 = ORIENTED_EDGE ( 'NONE', *, *, #3164, .F. ) ;
#5019 = CARTESIAN_POINT ( 'NONE',  ( 0.02454369260617023790, 0.1874999999999999445, 0.8562500000000000666 ) ) ;
#5020 = CARTESIAN_POINT ( 'NONE',  ( 0.000000000000000000, 0.1018028909699976170, 0.05357142857085709503 ) ) ;
#5021 = CARTESIAN_POINT ( 'NONE',  ( 0.000000000000000000, 0.1249999999999998473, 0.2187499999979642118 ) ) ;
#5022 = CARTESIAN_POINT ( 'NONE',  ( -0.1499375327922207735, -0.1152275101527344553, 0.8562500000000000666 ) ) ;
#5023 = CARTESIAN_POINT ( 'NONE',  ( 0.000000000000000000, 0.1018028909699977697, 0.5580357142811070981 ) ) ;
#5024 = EDGE_CURVE ( 'NONE', #2327, #3269, #3835, .T. ) ;
#5025 = CARTESIAN_POINT ( 'NONE',  ( -0.08838834764831843271, -0.08838834764831847435, 0.4062499999967499886 ) ) ;
#5026 = CARTESIAN_POINT ( 'NONE',  ( 0.1018028909699977697, 0.04216813812856246707, 0.1941964285697321269 ) ) ;
#5027 = CARTESIAN_POINT ( 'NONE',  ( 0.1874999999999999167, 1.151880944145276958E-17, 0.8562500000000000666 ) ) ;
#5028 = CARTESIAN_POINT ( 'NONE',  ( -0.1874999999999999167, 0.02454369238351464949, 0.8750000000000001110 ) ) ;
#5029 = VERTEX_POINT ( 'NONE', #4864 ) ;
#5030 = EDGE_CURVE ( 'NONE', #5286, #2890, #3838, .T. ) ;
#5031 = CARTESIAN_POINT ( 'NONE',  ( 0.07198551454928016347, -0.07198551454928023285, 0.4732142857103571743 ) ) ;
#5032 = CARTESIAN_POINT ( 'NONE',  ( -1.246725845703547748E-17, -0.1018028909699978113, 0.5044642857101071520 ) ) ;
#5033 = CARTESIAN_POINT ( 'NONE',  ( -0.1250000000000000000, 0.05177669529663671971, 0.07812499999937498607 ) ) ;
#5034 = CARTESIAN_POINT ( 'NONE',  ( 0.04216813812856255728, -0.1018028909699979084, 0.2522321428549821887 ) ) ;
#5035 = CARTESIAN_POINT ( 'NONE',  ( 0.1249999999999999584, -1.257347574981817794E-16, 0.2767857142835000173 ) ) ;
#5036 = CARTESIAN_POINT ( 'NONE',  ( 0.09375000000000019429, 0.04537600886646683818, 0.7552864254669028332 ) ) ;
#5037 = CARTESIAN_POINT ( 'NONE',  ( 0.1499375329496586695, 0.1152275099952965315, 0.6343750000000000222 ) ) ;
#5038 = DIRECTION ( 'NONE',  ( -0.000000000000000000, -0.000000000000000000, -1.000000000000000000 ) ) ;
#5039 = CARTESIAN_POINT ( 'NONE',  ( 0.04216813812856263360, 0.1018028909699976170, 0.1629464285699820936 ) ) ;
#5040 = ORIENTED_EDGE ( 'NONE', *, *, #4081, .F. ) ;
#5041 = CARTESIAN_POINT ( 'NONE',  ( 0.000000000000000000, 0.1018028909699976309, 0.09374999999910710313 ) ) ;
#5042 = CARTESIAN_POINT ( 'NONE',  ( -0.05177669529663687931, -0.1250000000000000278, 0.4486607142818394012 ) ) ;
#5043 = CARTESIAN_POINT ( 'NONE',  ( 0.1018028909699977835, -7.400515397134056833E-17, 0.4374999999963571362 ) ) ;
#5044 = CARTESIAN_POINT ( 'NONE',  ( -0.1734888829588972503, -0.04662384207688850118, 0.6250000000000000000 ) ) ;
#5045 = CARTESIAN_POINT ( 'NONE',  ( -0.1687499999999999001, 2.744475302765376899E-17, 0.8750000000000001110 ) ) ;
#5046 = CARTESIAN_POINT ( 'NONE',  ( -0.04216813812856257115, 0.1018028909699976170, 0.05580357142798209047 ) ) ;
#5047 = CARTESIAN_POINT ( 'NONE',  ( -0.08838834764831843271, -0.08838834764831851598, 0.2678571428547142919 ) ) ;
#5048 = VECTOR ( 'NONE', #2364, 39.37007874015748143 ) ;
#5049 = CARTESIAN_POINT ( 'NONE',  ( -0.1152275101527366619, -0.1499375327922185530, 0.8750000000000001110 ) ) ;
#5050 = CARTESIAN_POINT ( 'NONE',  ( -0.07198551454928017734, -0.07198551454928019122, 0.5714285714238571678 ) ) ;
#5051 = CARTESIAN_POINT ( 'NONE',  ( 0.1874999999999999167, 2.219009066670379932E-17, 0.6343750000000000222 ) ) ;
#5052 = CARTESIAN_POINT ( 'NONE',  ( -0.1018028909699977697, -0.04216813812856271687, 0.1004464285704821380 ) ) ;
#5053 = CARTESIAN_POINT ( 'NONE',  ( 0.1018028909699977558, -0.04216813812856266830, 0.5066964285672320711 ) ) ;
#5054 = CARTESIAN_POINT ( 'NONE',  ( 0.000000000000000000, 0.1018028909699977003, 0.3080357142831071093 ) ) ;
#5055 = TOROIDAL_SURFACE ( 'NONE', #555, 0.1419642857141786008, 0.01339285714275000039 ) ;
#5056 = CARTESIAN_POINT ( 'NONE',  ( 0.08838834764831840496, -0.08838834764831852986, 0.2767857142832143014 ) ) ;
#5057 = EDGE_CURVE ( 'NONE', #1808, #5433, #4630, .T. ) ;
#5058 =( BOUNDED_CURVE ( )  B_SPLINE_CURVE ( 2, ( #1075, #1883, #228, #2321, #170, #2348, #1857, #1914, #3984 ),
 .UNSPECIFIED., .F., .F. ) 
 B_SPLINE_CURVE_WITH_KNOTS ( ( 3, 2, 2, 2, 3 ),
 ( 0.3552631578947368363, 0.3618421052631579093, 0.3684210526315789269, 0.3750000000000000000, 0.3815789473684210731 ),
 .UNSPECIFIED. ) 
 CURVE ( )  GEOMETRIC_REPRESENTATION_ITEM ( )  RATIONAL_B_SPLINE_CURVE ( ( 1.000000000000000000, 0.9238795325112867385, 1.000000000000000000, 0.9238795325112867385, 1.000000000000000000, 0.9238795325112867385, 1.000000000000000000, 0.9238795325112867385, 1.000000000000000000 ) ) 
 REPRESENTATION_ITEM ( '' )  );
#5059 = CARTESIAN_POINT ( 'NONE',  ( -0.1018028909699977697, 0.04216813812856251564, 0.4218749999964820918 ) ) ;
#5060 = CARTESIAN_POINT ( 'NONE',  ( -0.1018028909699977697, 0.04216813812856252952, 0.4575892857104820743 ) ) ;
#5061 = CARTESIAN_POINT ( 'NONE',  ( 0.1249999999999999306, 1.538357638823458624E-17, 0.000000000000000000 ) ) ;
#5062 = CARTESIAN_POINT ( 'NONE',  ( 0.1018028909699977558, 0.04216813812856254340, 0.4397321428534820553 ) ) ;
#5063 = AXIS2_PLACEMENT_3D ( 'NONE', #2968, #3317, #4951 ) ;
#5064 = CARTESIAN_POINT ( 'NONE',  ( 0.03084450010908023482, 0.09044509503205815093, 0.8666383330878955071 ) ) ;
#5065 = CARTESIAN_POINT ( 'NONE',  ( 0.1249999999999999584, -1.560617676580924763E-16, 0.1741071428554642753 ) ) ;
#5066 = ADVANCED_FACE ( 'NONE', ( #5078 ), #789, .T. ) ;
#5067 = CARTESIAN_POINT ( 'NONE',  ( 0.1249999999999999584, -1.362832827711648406E-16, 0.2410714285695000347 ) ) ;
#5068 = ORIENTED_EDGE ( 'NONE', *, *, #3133, .F. ) ;
#5069 = CARTESIAN_POINT ( 'NONE',  ( -0.1018028909699977697, -0.04216813812856270993, 0.1763392857127321911 ) ) ;
#5070 = CARTESIAN_POINT ( 'NONE',  ( 0.1249999999999999584, -0.05177669529663694176, 0.6316964285663749790 ) ) ;
#5071 = CARTESIAN_POINT ( 'NONE',  ( -0.04216813812856259891, -0.1018028909699979501, 0.1093749999989821475 ) ) ;
#5072 = CARTESIAN_POINT ( 'NONE',  ( 0.08838834764831840496, -0.08838834764831847435, 0.4553571428532143806 ) ) ;
#5073 = CARTESIAN_POINT ( 'NONE',  ( 0.1018028909699977835, -8.455367924432364191E-17, 0.4017857142823572092 ) ) ;
#5074 = CARTESIAN_POINT ( 'NONE',  ( -0.1556432004982551409, 0.08970713070317130888, 0.6250000000000000000 ) ) ;
#5075 = DIRECTION ( 'NONE',  ( 1.000000000000000000, 0.000000000000000000, 0.000000000000000000 ) ) ;
#5076 = ORIENTED_EDGE ( 'NONE', *, *, #3458, .T. ) ;
#5077 = CARTESIAN_POINT ( 'NONE',  ( -0.1249999999999999584, -1.109413754289725473E-16, 0.2232142857124999880 ) ) ;
#5078 = FACE_OUTER_BOUND ( 'NONE', #2143, .T. ) ;
#5079 = CARTESIAN_POINT ( 'NONE',  ( 0.1249999999999999584, -1.560617676580924763E-16, 0.1741071428554642753 ) ) ;
#5080 = DATE_AND_TIME ( #2206, #1362 ) ;
#5081 = CARTESIAN_POINT ( 'NONE',  ( 0.1152275101527428514, 0.1499375327922123358, 0.8562500000000000666 ) ) ;
#5082 = CARTESIAN_POINT ( 'NONE',  ( -0.1018028909699977835, -2.837076697229831808E-19, 0.6026785714236072566 ) ) ;
#5083 = ORIENTED_EDGE ( 'NONE', *, *, #1177, .T. ) ;
#5084 = CARTESIAN_POINT ( 'NONE',  ( -0.1249999999999999584, -1.096228097699340604E-16, 0.2276785714264642213 ) ) ;
#5085 = CARTESIAN_POINT ( 'NONE',  ( -0.1018028909699977835, -1.492816271506086830E-16, 0.09821428571335712177 ) ) ;
#5086 = CARTESIAN_POINT ( 'NONE',  ( 0.04216813812856255728, -0.1018028909699978113, 0.5379464285669821599 ) ) ;
#5087 = CARTESIAN_POINT ( 'NONE',  ( 0.000000000000000000, 0.1018028909699977141, 0.4151785714251071124 ) ) ;
#5088 = DIRECTION ( 'NONE',  ( -0.000000000000000000, -0.000000000000000000, 1.000000000000000000 ) ) ;
#5089 = ORIENTED_EDGE ( 'NONE', *, *, #2737, .F. ) ;
#5090 = CARTESIAN_POINT ( 'NONE',  ( -0.1018028909699977697, 0.04216813812856252952, 0.4575892857104820743 ) ) ;
#5091 = CARTESIAN_POINT ( 'NONE',  ( -0.1018028909699977697, -0.04216813812856259891, 0.5334821428527322107 ) ) ;
#5092 = ADVANCED_FACE ( 'NONE', ( #1234 ), #492, .T. ) ;
#5093 = CARTESIAN_POINT ( 'NONE',  ( -0.03097273258950915265, -0.1097023108249535611, 0.5987043538595556713 ) ) ;
#5094 = VERTEX_POINT ( 'NONE', #410 ) ;
#5095 = CARTESIAN_POINT ( 'NONE',  ( -1.246725845703547748E-17, -0.1018028909699978529, 0.3928571428538571997 ) ) ;
#5096 = CARTESIAN_POINT ( 'NONE',  ( -1.530808498934191201E-17, -0.1250000000000000555, 0.3035714285690000458 ) ) ;
#5097 = CARTESIAN_POINT ( 'NONE',  ( -0.09375000000000001388, -0.04533162657322728495, 0.8724611134024274905 ) ) ;
#5098 = DIRECTION ( 'NONE',  ( 1.000000000000000000, 0.000000000000000000, 0.000000000000000000 ) ) ;
#5099 = CARTESIAN_POINT ( 'NONE',  ( -1.246725845703547748E-17, -0.1018028909699978946, 0.2187499999981071530 ) ) ;
#5100 = CARTESIAN_POINT ( 'NONE',  ( -1.246725845703547748E-17, -0.1018028909699979362, 0.07589285714210715350 ) ) ;
#5101 = EDGE_CURVE ( 'NONE', #5005, #3173, #4691, .T. ) ;
#5102 = CARTESIAN_POINT ( 'NONE',  ( 0.07198551454928019122, 0.07198551454928003857, 0.1919642857126070967 ) ) ;
#5103 = CARTESIAN_POINT ( 'NONE',  ( -0.07198551454928017734, 0.07198551454928010795, 0.3794642857111070744 ) ) ;
#5104 = FACE_OUTER_BOUND ( 'NONE', #4747, .T. ) ;
#5105 = FACE_OUTER_BOUND ( 'NONE', #1709, .T. ) ;
#5106 = EDGE_CURVE ( 'NONE', #3235, #119, #4367, .T. ) ;
#5107 = CARTESIAN_POINT ( 'NONE',  ( 0.06628696780075302164, -0.07768406129780752734, 0.004037689817766659632 ) ) ;
#5108 = CARTESIAN_POINT ( 'NONE',  ( 0.1249999999999999722, 0.05177669529663675441, 0.1763392857125892499 ) ) ;
#5109 = CARTESIAN_POINT ( 'NONE',  ( -1.530808498934191201E-17, -0.1249999999999999861, 0.5892857142810000726 ) ) ;
#5110 = CARTESIAN_POINT ( 'NONE',  ( 0.1499375327922196077, -0.1152275101527355655, 0.8562500000000000666 ) ) ;
#5111 = VERTEX_POINT ( 'NONE', #1264 ) ;
#5112 = CARTESIAN_POINT ( 'NONE',  ( 0.1874999999999999167, 2.080899838923949690E-17, 0.6250000000000000000 ) ) ;
#5113 = CARTESIAN_POINT ( 'NONE',  ( 0.1018028909699977558, 0.04216813812856243238, 0.08258928571348210512 ) ) ;
#5114 = CARTESIAN_POINT ( 'NONE',  ( 0.08838834764831840496, -0.08838834764831861313, 0.02232142857125002725 ) ) ;
#5115 = CARTESIAN_POINT ( 'NONE',  ( -0.1018028909699977697, 0.04216813812856254340, 0.4888392857102321076 ) ) ;
#5116 = CARTESIAN_POINT ( 'NONE',  ( 0.1249999999999999584, -0.05177669529663699033, 0.4531249999963750108 ) ) ;
#5117 = CARTESIAN_POINT ( 'NONE',  ( 0.000000000000000000, 0.1018028909699977280, 0.4508928571391070950 ) ) ;
#5118 = LINE ( 'NONE', #2643, #114 ) ;
#5119 = CARTESIAN_POINT ( 'NONE',  ( -0.04017094890074867503, 0.1049731392291015919, 0.01394929200455249409 ) ) ;
#5120 = CARTESIAN_POINT ( 'NONE',  ( 0.1018028909699977558, 0.04216813812856256422, 0.5156249999957320806 ) ) ;
#5121 = CARTESIAN_POINT ( 'NONE',  ( -0.05177669529663687931, -0.1250000000000000278, 0.4084821428538750743 ) ) ;
#5122 = CARTESIAN_POINT ( 'NONE',  ( 0.1018028909699977558, 0.04216813812856251564, 0.3683035714254820903 ) ) ;
#5123 = CARTESIAN_POINT ( 'NONE',  ( 0.05177669529663685849, -0.1250000000000000833, 0.3415178571401250585 ) ) ;
#5124 = LINE ( 'NONE', #924, #3310 ) ;
#5125 = CARTESIAN_POINT ( 'NONE',  ( -0.08838834764831843271, -0.08838834764831850210, 0.3705357142827500061 ) ) ;
#5126 = DIRECTION ( 'NONE',  ( -0.000000000000000000, -0.000000000000000000, 1.000000000000000000 ) ) ;
#5127 = CARTESIAN_POINT ( 'NONE',  ( -0.04216813812856257809, 0.1018028909699976725, 0.2388392857122320911 ) ) ;
#5128 = ORIENTED_EDGE ( 'NONE', *, *, #4695, .F. ) ;
#5129 = CARTESIAN_POINT ( 'NONE',  ( 0.07198551454928016347, -0.07198551454928037163, 0.04464285714235714103 ) ) ;
#5130 = CARTESIAN_POINT ( 'NONE',  ( 0.1018028909699977558, -0.04216813812856274463, 0.2566964285692320824 ) ) ;
#5131 = CARTESIAN_POINT ( 'NONE',  ( -0.02384210337933199628, 0.1018028909699977697, 0.5905477804549614795 ) ) ;
#5132 = CARTESIAN_POINT ( 'NONE',  ( 0.04907772850198706405, -0.1826198767988361782, 0.6343750000000000222 ) ) ;
#5133 = CARTESIAN_POINT ( 'NONE',  ( -0.08838834764831843271, 0.08838834764831840496, 0.5758928571382500028 ) ) ;
#5134 = EDGE_CURVE ( 'NONE', #1041, #2327, #4218, .T. ) ;
#5135 = CARTESIAN_POINT ( 'NONE',  ( -0.07198551454928017734, -0.07198551454928030224, 0.1741071428556071610 ) ) ;
#5136 = CARTESIAN_POINT ( 'NONE',  ( -0.1249999999999999861, 0.05177669529663680298, 0.3683035714253392601 ) ) ;
#5137 = ORIENTED_EDGE ( 'NONE', *, *, #4280, .T. ) ;
#5138 = FACE_OUTER_BOUND ( 'NONE', #2014, .T. ) ;
#5139 = CARTESIAN_POINT ( 'NONE',  ( -0.07198551454928017734, 0.07198551454928002469, 0.09374999999910710313 ) ) ;
#5140 = CARTESIAN_POINT ( 'NONE',  ( -1.246725845703547748E-17, -0.1018028909699978113, 0.4999999999958571473 ) ) ;
#5141 = CARTESIAN_POINT ( 'NONE',  ( -0.08838834764831843271, -0.08838834764831846047, 0.4776785714247500092 ) ) ;
#5142 = CARTESIAN_POINT ( 'NONE',  ( 0.000000000000000000, 0.1018028909699977141, 0.3794642857111070744 ) ) ;
#5143 = LINE ( 'NONE', #43, #820 ) ;
#5144 =( BOUNDED_CURVE ( )  B_SPLINE_CURVE ( 2, ( #415, #2119, #4636, #4730, #4666, #3469, #2579, #2518, #3789 ),
 .UNSPECIFIED., .F., .T. ) 
 B_SPLINE_CURVE_WITH_KNOTS ( ( 3, 2, 2, 2, 3 ),
 ( 0.3552631578947368363, 0.3618421052631579093, 0.3684210526315789269, 0.3750000000000000000, 0.3815789473684210731 ),
 .UNSPECIFIED. ) 
 CURVE ( )  GEOMETRIC_REPRESENTATION_ITEM ( )  RATIONAL_B_SPLINE_CURVE ( ( 1.000000000000000000, 0.9238795325112867385, 1.000000000000000000, 0.9238795325112867385, 1.000000000000000000, 0.9238795325112867385, 1.000000000000000000, 0.9238795325112867385, 1.000000000000000000 ) ) 
 REPRESENTATION_ITEM ( '' )  );
#5145 = CARTESIAN_POINT ( 'NONE',  ( 0.09442855861381971305, -0.1638349479016368848, 0.8562500000000000666 ) ) ;
#5146 = CARTESIAN_POINT ( 'NONE',  ( 0.04216813812856255728, -0.1018028909699978668, 0.3995535714252321791 ) ) ;
#5147 = CARTESIAN_POINT ( 'NONE',  ( -0.1499375328083485115, -0.1152275101366068005, 0.6343750000000000222 ) ) ;
#5148 = CARTESIAN_POINT ( 'NONE',  ( -0.07198551454928017734, -0.07198551454928023285, 0.3883928571396071394 ) ) ;
#5149 = COORDINATED_UNIVERSAL_TIME_OFFSET ( 8, 0, .BEHIND. ) ;
#5150 = CARTESIAN_POINT ( 'NONE',  ( -0.1018028909699977835, -1.690601120374519105E-16, 0.03124999999960712677 ) ) ;
#5151 = CARTESIAN_POINT ( 'NONE',  ( -0.08838834764831843271, -0.08838834764831846047, 0.4419642857107499712 ) ) ;
#5152 = CC_DESIGN_SECURITY_CLASSIFICATION ( #1531, ( #3233 ) ) ;
#5153 = CONICAL_SURFACE ( 'NONE', #4715, 0.09821428571449992984, 0.7853981633974428389 ) ;
#5154 = CARTESIAN_POINT ( 'NONE',  ( -0.1018028909699977697, -0.04216813812856266136, 0.3191964285687321490 ) ) ;
#5155 = CARTESIAN_POINT ( 'NONE',  ( -0.04216813812856259891, -0.1018028909699979501, 0.07366071428498216500 ) ) ;
#5156 = CARTESIAN_POINT ( 'NONE',  ( -0.07198551454928017734, 0.07198551454928005244, 0.2008928571411070785 ) ) ;
#5157 = CC_DESIGN_PERSON_AND_ORGANIZATION_ASSIGNMENT ( #2424, #2482, ( #3233 ) ) ;
#5158 = CARTESIAN_POINT ( 'NONE',  ( -0.07198551454928017734, -0.07198551454928019122, 0.5312499999956071806 ) ) ;
#5159 = CARTESIAN_POINT ( 'NONE',  ( 0.09442855863492201351, -0.1638349478928960157, 0.6343750000000000222 ) ) ;
#5160 = LINE ( 'NONE', #3949, #4295 ) ;
#5161 = ORIENTED_EDGE ( 'NONE', *, *, #3062, .T. ) ;
#5162 = CARTESIAN_POINT ( 'NONE',  ( 0.1249999999999999584, -3.079803004133425890E-17, 0.5982142857095000821 ) ) ;
#5163 = CARTESIAN_POINT ( 'NONE',  ( -0.04216813812856259891, -0.1018028909699979501, 0.06919642857073214637 ) ) ;
#5164 = CARTESIAN_POINT ( 'NONE',  ( -0.1249999999999999584, -6.742870867800182769E-17, 0.3705357142824642347 ) ) ;
#5165 = AXIS2_PLACEMENT_3D ( 'NONE', #3111, #126, #3994 ) ;
#5166 = ORIENTED_EDGE ( 'NONE', *, *, #3854, .T. ) ;
#5167 = EDGE_CURVE ( 'NONE', #2007, #5336, #5279, .T. ) ;
#5168 = DIRECTION ( 'NONE',  ( -0.000000000000000000, -0.000000000000000000, -1.000000000000000000 ) ) ;
#5169 = CARTESIAN_POINT ( 'NONE',  ( -0.1018028909699977697, -0.04216813812856259891, 0.5647321428524821885 ) ) ;
#5170 = CARTESIAN_POINT ( 'NONE',  ( 0.08838834764831840496, -0.08838834764831847435, 0.4866071428532500742 ) ) ;
#5171 = CARTESIAN_POINT ( 'NONE',  ( 0.07198551454928016347, -0.07198551454928026061, 0.4017857142823572092 ) ) ;
#5172 = CARTESIAN_POINT ( 'NONE',  ( -0.1249999999999999584, -1.412683855888832318E-16, 0.1205357142844642598 ) ) ;
#5173 = ORIENTED_EDGE ( 'NONE', *, *, #4659, .T. ) ;
#5174 = CARTESIAN_POINT ( 'NONE',  ( 0.000000000000000000, 0.1018028909699977835, 0.6294642857091070631 ) ) ;
#5175 = EDGE_CURVE ( 'NONE', #1804, #4099, #2439, .T. ) ;
#5176 = CARTESIAN_POINT ( 'NONE',  ( -0.05475602988872697863, -0.07663976687704289470, 0.8666207643691722362 ) ) ;
#5177 = CARTESIAN_POINT ( 'NONE',  ( -0.1018028909699977697, 0.04216813812856251564, 0.4174107142822321426 ) ) ;
#5178 = CARTESIAN_POINT ( 'NONE',  ( 0.03253484859341334440, 0.09646404634294024338, 0.5919107288575045089 ) ) ;
#5179 = CARTESIAN_POINT ( 'NONE',  ( 0.08838834764831840496, -0.08838834764831844659, 0.5267857142812143456 ) ) ;
#5180 = CARTESIAN_POINT ( 'NONE',  ( 0.1734806085819517729, 0.04665116836567224923, 0.6250000000000000000 ) ) ;
#5181 = CARTESIAN_POINT ( 'NONE',  ( 0.000000000000000000, 0.1018028909699976725, 0.2723214285691070713 ) ) ;
#5182 = CARTESIAN_POINT ( 'NONE',  ( 0.1018028909699977558, 0.04216813812856249483, 0.2299107142837321371 ) ) ;
#5183 = CARTESIAN_POINT ( 'NONE',  ( -0.04216813812856257809, 0.1018028909699976725, 0.1986607142839820761 ) ) ;
#5184 = CARTESIAN_POINT ( 'NONE',  ( 0.05177669529663697645, 0.1249999999999997918, 0.1763392857128749935 ) ) ;
#5185 = CARTESIAN_POINT ( 'NONE',  ( 0.1018028909699977835, -3.181105287940833564E-17, 0.5803571428523571774 ) ) ;
#5186 = CARTESIAN_POINT ( 'NONE',  ( -0.1874999999999999167, -0.02454369240633886076, 0.6250000000000000000 ) ) ;
#5187 = CARTESIAN_POINT ( 'NONE',  ( 0.03770754562427178214, 0.1062741707426677062, 0.5981487944112128252 ) ) ;
#5188 = CARTESIAN_POINT ( 'NONE',  ( 0.07198551454928019122, 0.07198551454928016347, 0.6249999999948570029 ) ) ;
#5189 = CARTESIAN_POINT ( 'NONE',  ( 0.06922652899208890653, 0.1075501663045479173, 0.6038468310868805311 ) ) ;
#5190 = AXIS2_PLACEMENT_3D ( 'NONE', #3204, #4918, #4869 ) ;
#5191 = CARTESIAN_POINT ( 'NONE',  ( 0.000000000000000000, 0.1018028909699976309, 0.1249999999988570948 ) ) ;
#5192 = CARTESIAN_POINT ( 'NONE',  ( -1.530808498934191201E-17, -0.1250000000000000555, 0.3437499999969643172 ) ) ;
#5193 = CARTESIAN_POINT ( 'NONE',  ( 0.09375000000000001388, -0.05412658773652719024, 0.7578125000000000000 ) ) ;
#5194 = CARTESIAN_POINT ( 'NONE',  ( -1.246725845703547748E-17, -0.1018028909699977835, 0.6428571428518571329 ) ) ;
#5195 = CARTESIAN_POINT ( 'NONE',  ( -0.1249999999999999861, -0.05177669529663691400, 0.4754464285676250346 ) ) ;
#5196 = CARTESIAN_POINT ( 'NONE',  ( -0.1018028909699977835, -0.04216813812856264748, 0.3549107142827321870 ) ) ;
#5197 = CARTESIAN_POINT ( 'NONE',  ( -0.1249999999999999584, -1.518169108618662931E-16, 0.08482142857046426343 ) ) ;
#5198 = CARTESIAN_POINT ( 'NONE',  ( 0.04907772852307792227, 0.1826198767900999997, 0.8562500000000000666 ) ) ;
#5199 = EDGE_CURVE ( 'NONE', #3926, #639, #693, .T. ) ;
#5200 = CARTESIAN_POINT ( 'NONE',  ( -0.1018028909699977835, 1.026481760326005073E-17, 0.6383928571376070726 ) ) ;
#5201 = CARTESIAN_POINT ( 'NONE',  ( -0.04216813812856259891, -0.1018028909699978252, 0.4620535714247321346 ) ) ;
#5202 = CARTESIAN_POINT ( 'NONE',  ( -0.09374999999999998612, 0.01841620991973114824, 0.8674327962006513904 ) ) ;
#5203 = CARTESIAN_POINT ( 'NONE',  ( -0.09374999999999995837, 0.05412658773652766903, 0.8750000000000001110 ) ) ;
#5204 = EDGE_CURVE ( 'NONE', #4084, #4472, #196, .T. ) ;
#5205 = VERTEX_POINT ( 'NONE', #1959 ) ;
#5206 = CARTESIAN_POINT ( 'NONE',  ( -0.1018028909699977835, -1.057689603995535676E-16, 0.2455357142836070983 ) ) ;
#5207 = CARTESIAN_POINT ( 'NONE',  ( 0.04216813812856255728, -0.1018028909699979778, 0.1138392857132321384 ) ) ;
#5208 =( BOUNDED_CURVE ( )  B_SPLINE_CURVE ( 2, ( #3896, #4323, #617, #2736, #124, #1452, #5133, #568, #3918 ),
 .UNSPECIFIED., .F., .T. ) 
 B_SPLINE_CURVE_WITH_KNOTS ( ( 3, 2, 2, 2, 3 ),
 ( 0.8289473684210526550, 0.8355263157894736725, 0.8421052631578946901, 0.8486842105263158187, 0.8552631578947368363 ),
 .UNSPECIFIED. ) 
 CURVE ( )  GEOMETRIC_REPRESENTATION_ITEM ( )  RATIONAL_B_SPLINE_CURVE ( ( 1.000000000000000000, 0.9238795325112867385, 1.000000000000000000, 0.9238795325112867385, 1.000000000000000000, 0.9238795325112867385, 1.000000000000000000, 0.9238795325112867385, 1.000000000000000000 ) ) 
 REPRESENTATION_ITEM ( '' )  );
#5209 = CARTESIAN_POINT ( 'NONE',  ( 0.1018028909699977558, 0.04216813812856243238, 0.08258928571348210512 ) ) ;
#5210 = CARTESIAN_POINT ( 'NONE',  ( -0.1018028909699977697, -0.04216813812856269605, 0.2075892857124821411 ) ) ;
#5211 = CARTESIAN_POINT ( 'NONE',  ( -0.05177669529663686543, 0.1249999999999998196, 0.1808035714271249983 ) ) ;
#5212 = CARTESIAN_POINT ( 'NONE',  ( -0.04216813812856259891, -0.1018028909699977974, 0.5334821428527322107 ) ) ;
#5213 = CARTESIAN_POINT ( 'NONE',  ( 0.04907772850198588444, 0.1826198767988404803, 0.6250000000000000000 ) ) ;
#5214 = CARTESIAN_POINT ( 'NONE',  ( 0.05177669529663685849, -0.1250000000000000278, 0.5915178571381251027 ) ) ;
#5215 = CARTESIAN_POINT ( 'NONE',  ( -0.1073015473987826429, 1.524261125929943153E-14, 0.5950396349400162155 ) ) ;
#5216 = FACE_OUTER_BOUND ( 'NONE', #2711, .T. ) ;
#5217 = CARTESIAN_POINT ( 'NONE',  ( 0.1018028909699977697, 0.04216813812856243932, 0.08258928571348210512 ) ) ;
#5218 = CARTESIAN_POINT ( 'NONE',  ( -0.08838834764831843271, 0.08838834764831833557, 0.2946428571402142649 ) ) ;
#5219 = CARTESIAN_POINT ( 'NONE',  ( -0.05177669529663687931, -0.1250000000000000555, 0.3013392857118750712 ) ) ;
#5220 = CARTESIAN_POINT ( 'NONE',  ( 0.1249999999999999445, -0.05177669529663708053, 0.2075892857123392277 ) ) ;
#5221 = CARTESIAN_POINT ( 'NONE',  ( -0.1018028909699977697, -0.04216813812856258503, 0.6004464285664822265 ) ) ;
#5222 = CC_DESIGN_DATE_AND_TIME_ASSIGNMENT ( #3707, #2514, ( #1531 ) ) ;
#5223 = CARTESIAN_POINT ( 'NONE',  ( -0.1249999999999999584, -4.137557040103478648E-18, 0.5848214285664643519 ) ) ;
#5224 = CARTESIAN_POINT ( 'NONE',  ( 0.000000000000000000, -1.104688079777929626E-16, 0.8750000000000001110 ) ) ;
#5225 = EDGE_LOOP ( 'NONE', ( #392, #4348, #4483, #5392, #1062, #1643, #3691, #3046 ) ) ;
#5226 = CARTESIAN_POINT ( 'NONE',  ( 0.1018028909699977835, -1.994396194730239789E-17, 0.6205357142806071646 ) ) ;
#5227 = DIRECTION ( 'NONE',  ( -0.000000000000000000, -0.000000000000000000, 1.000000000000000000 ) ) ;
#5228 = CARTESIAN_POINT ( 'NONE',  ( 0.07198551454928016347, -0.07198551454928021898, 0.5401785714241071901 ) ) ;
#5229 = ADVANCED_FACE ( 'NONE', ( #2837 ), #644, .F. ) ;
#5230 = CARTESIAN_POINT ( 'NONE',  ( -1.246725845703547748E-17, -0.1018028909699979223, 0.1473214285701071602 ) ) ;
#5231 = FACE_OUTER_BOUND ( 'NONE', #4127, .T. ) ;
#5232 = CARTESIAN_POINT ( 'NONE',  ( 0.1018028909699977558, 0.04216813812856249483, 0.2656249999977321474 ) ) ;
#5233 = CARTESIAN_POINT ( 'NONE',  ( 0.000000000000000000, 0.1018028909699976586, 0.2366071428551070888 ) ) ;
#5234 = CARTESIAN_POINT ( 'NONE',  ( -0.1018028909699977835, -1.598301524235917442E-16, 0.06249999999935712536 ) ) ;
#5235 = CARTESIAN_POINT ( 'NONE',  ( -0.1037268387246767232, -0.1349256775392783381, 0.8749999999999997780 ) ) ;
#5236 = CARTESIAN_POINT ( 'NONE',  ( 0.1018028909699977835, -9.510220451730669084E-17, 0.3660714285683571156 ) ) ;
#5237 = EDGE_CURVE ( 'NONE', #756, #3235, #4754, .T. ) ;
#5238 = CARTESIAN_POINT ( 'NONE',  ( -0.07198551454928017734, 0.07198551454928016347, 0.5580357142811070981 ) ) ;
#5239 = CARTESIAN_POINT ( 'NONE',  ( 0.1152275101366037335, -0.1499375328083514813, 0.6250000000000000000 ) ) ;
#5240 = CARTESIAN_POINT ( 'NONE',  ( 0.000000000000000000, -1.104688079777929626E-16, 0.8750000000000001110 ) ) ;
#5241 = CIRCLE ( 'NONE', #1791, 0.1082531754730549772 ) ;
#5242 =( BOUNDED_CURVE ( )  B_SPLINE_CURVE ( 2, ( #4208, #2560, #17, #2997, #1664, #1252, #3723, #2592, #3400 ),
 .UNSPECIFIED., .F., .F. ) 
 B_SPLINE_CURVE_WITH_KNOTS ( ( 3, 2, 2, 2, 3 ),
 ( 0.4078947368421052544, 0.4144736842105263275, 0.4210526315789473450, 0.4276315789473684181, 0.4342105263157894912 ),
 .UNSPECIFIED. ) 
 CURVE ( )  GEOMETRIC_REPRESENTATION_ITEM ( )  RATIONAL_B_SPLINE_CURVE ( ( 1.000000000000000000, 0.9238795325112867385, 1.000000000000000000, 0.9238795325112867385, 1.000000000000000000, 0.9238795325112867385, 1.000000000000000000, 0.9238795325112867385, 1.000000000000000000 ) ) 
 REPRESENTATION_ITEM ( '' )  );
#5243 = CARTESIAN_POINT ( 'NONE',  ( 0.1424185764361262374, -0.1094842364751563712, 0.6250000000000000000 ) ) ;
#5244 = VECTOR ( 'NONE', #3119, 39.37007874015748143 ) ;
#5245 = CARTESIAN_POINT ( 'NONE',  ( 0.04216813812856255728, -0.1018028909699979917, 0.07366071428498213725 ) ) ;
#5246 = CARTESIAN_POINT ( 'NONE',  ( -0.1249999999999999861, 0.05177669529663679604, 0.3325892857113392775 ) ) ;
#5247 = ORIENTED_EDGE ( 'NONE', *, *, #3095, .T. ) ;
#5248 = CARTESIAN_POINT ( 'NONE',  ( -0.05177669529663687931, -0.1250000000000000555, 0.2343749999978393117 ) ) ;
#5249 = CARTESIAN_POINT ( 'NONE',  ( -0.04216813812856259891, -0.1018028909699977697, 0.6049107142807320647 ) ) ;
#5250 =( NAMED_UNIT ( * ) PLANE_ANGLE_UNIT ( ) SI_UNIT ( $, .RADIAN. ) );
#5251 = LINE ( 'NONE', #1944, #3834 ) ;
#5252 = DIRECTION ( 'NONE',  ( 1.000000000000000000, 0.000000000000000000, 0.000000000000000000 ) ) ;
#5253 = CARTESIAN_POINT ( 'NONE',  ( -0.1018028909699977697, -0.04216813812856256422, 0.6406249999947321028 ) ) ;
#5254 = CARTESIAN_POINT ( 'NONE',  ( 0.1249999999999999584, -1.784773838630970610E-16, 0.09821428571350000747 ) ) ;
#5255 = CARTESIAN_POINT ( 'NONE',  ( 0.1018028909699977835, -5.290810342537445815E-17, 0.5089285714243571013 ) ) ;
#5256 = CARTESIAN_POINT ( 'NONE',  ( -0.1250000000000000000, 0.05177669529663672665, 0.1138392857133750102 ) ) ;
#5257 = CARTESIAN_POINT ( 'NONE',  ( 0.04216813812856263360, 0.1018028909699976170, 0.1272321428559821388 ) ) ;
#5258 = CARTESIAN_POINT ( 'NONE',  ( -0.1037047591374620215, -0.1349437795129976581, 0.8750000000000001110 ) ) ;
#5259 = EDGE_LOOP ( 'NONE', ( #3920, #2233 ) ) ;
#5260 = CARTESIAN_POINT ( 'NONE',  ( -0.04216813812856259891, -0.1018028909699979223, 0.1808035714269821681 ) ) ;
#5261 = ORIENTED_EDGE ( 'NONE', *, *, #1518, .T. ) ;
#5262 = CARTESIAN_POINT ( 'NONE',  ( -0.07198551454928017734, -0.07198551454928033000, 0.06696428571360715787 ) ) ;
#5263 = CARTESIAN_POINT ( 'NONE',  ( -0.05177669529663687931, 0.1249999999999999167, 0.4352678571390893314 ) ) ;
#5264 = CARTESIAN_POINT ( 'NONE',  ( -0.1018028909699977697, 0.04216813812856249483, 0.2745535714262321014 ) ) ;
#5265 = DIRECTION ( 'NONE',  ( 1.000000000000000000, 0.000000000000000000, 0.000000000000000000 ) ) ;
#5266 = CARTESIAN_POINT ( 'NONE',  ( 0.08838834764831843271, 0.08838834764831832169, 0.3883928571397500251 ) ) ;
#5267 = EDGE_CURVE ( 'NONE', #4781, #678, #1749, .T. ) ;
#5268 = CARTESIAN_POINT ( 'NONE',  ( -0.1018028909699977697, 0.04216813812856257809, 0.6004464285664822265 ) ) ;
#5269 = CARTESIAN_POINT ( 'NONE',  ( -0.08838834764831843271, -0.08838834764831847435, 0.3749999999967142950 ) ) ;
#5270 = CARTESIAN_POINT ( 'NONE',  ( 0.1018028909699977835, -1.372963056092389112E-16, 0.2232142857123571578 ) ) ;
#5271 = CARTESIAN_POINT ( 'NONE',  ( -0.1249999999999999861, 0.05177669529663685849, 0.5111607142813393567 ) ) ;
#5272 = ADVANCED_FACE ( 'NONE', ( #207 ), #109, .F. ) ;
#5273 = VERTEX_POINT ( 'NONE', #3244 ) ;
#5274 = CARTESIAN_POINT ( 'NONE',  ( 0.1249999999999999584, -1.349647171121263538E-16, 0.2455357142834642681 ) ) ;
#5275 = CARTESIAN_POINT ( 'NONE',  ( 0.1018028909699977558, -0.04216813812856263360, 0.5781249999952320362 ) ) ;
#5276 = PERSON_AND_ORGANIZATION_ROLE ( 'creator' ) ;
#5277 = CARTESIAN_POINT ( 'NONE',  ( -0.05177669529663686543, 0.1249999999999999584, 0.5022321428531250076 ) ) ;
#5278 = CARTESIAN_POINT ( 'NONE',  ( -0.06474050576536838353, -0.1013397863626575857, 0.02189310374903516779 ) ) ;
#5279 = B_SPLINE_CURVE_WITH_KNOTS ( 'NONE', 3,
 ( #3057, #4721, #2682, #4321, #2707, #1087, #1927, #3613 ),
 .UNSPECIFIED., .F., .F.,
 ( 4, 2, 2, 4 ),
 ( 2.380745673620185567E-07, 0.001388728690853452451, 0.002082973998996497621, 0.002777219307139543007 ),
 .UNSPECIFIED. ) ;
#5280 = CARTESIAN_POINT ( 'NONE',  ( 0.000000000000000000, 0.09821428571449992984, 1.313082354800234448E-29 ) ) ;
#5281 = CARTESIAN_POINT ( 'NONE',  ( 0.07198551454928016347, -0.07198551454928019122, 0.6160714285663571044 ) ) ;
#5282 = CARTESIAN_POINT ( 'NONE',  ( 0.08213178480417697436, -0.08625607976380583741, 0.6016203940806323924 ) ) ;
#5283 = CARTESIAN_POINT ( 'NONE',  ( -0.1018028909699977697, -0.04216813812856261973, 0.4575892857104821854 ) ) ;
#5284 = DIRECTION ( 'NONE',  ( -0.8660254037844397068, 1.060575238724908024E-16, 0.4999999999999979461 ) ) ;
#5285 = CARTESIAN_POINT ( 'NONE',  ( 0.1018028909699977835, -1.781718410420482366E-16, 0.08482142857060713526 ) ) ;
#5286 = VERTEX_POINT ( 'NONE', #670 ) ;
#5287 = CARTESIAN_POINT ( 'NONE',  ( 0.000000000000000000, 0.1018028909699977003, 0.3437499999971070919 ) ) ;
#5288 = CARTESIAN_POINT ( 'NONE',  ( 0.1018028909699977558, -0.04216813812856275850, 0.1897321428554821499 ) ) ;
#5289 = ORIENTED_EDGE ( 'NONE', *, *, #5445, .T. ) ;
#5290 = CARTESIAN_POINT ( 'NONE',  ( -1.246725845703547748E-17, -0.1018028909699979501, 0.03571428571385715234 ) ) ;
#5291 = CARTESIAN_POINT ( 'NONE',  ( 0.1249999999999999584, -8.222209074721107215E-17, 0.4241071428534642918 ) ) ;
#5292 = CARTESIAN_POINT ( 'NONE',  ( 0.07198551454928019122, 0.07198551454928009408, 0.4062499999966071029 ) ) ;
#5293 = CARTESIAN_POINT ( 'NONE',  ( -0.05177669529663686543, 0.1249999999999998473, 0.2522321428551250189 ) ) ;
#5294 = CARTESIAN_POINT ( 'NONE',  ( -0.05177669529663687931, 0.1249999999999999167, 0.3995535714250892378 ) ) ;
#5295 = CARTESIAN_POINT ( 'NONE',  ( -0.1249999999999999584, -3.578313285905266858E-17, 0.4776785714244642378 ) ) ;
#5296 = CARTESIAN_POINT ( 'NONE',  ( -0.1249999999999999584, -5.819874906405726563E-17, 0.4017857142824999839 ) ) ;
#5297 = CARTESIAN_POINT ( 'NONE',  ( -0.1249999999999999584, -1.425869512479217187E-16, 0.1160714285704999987 ) ) ;
#5298 = CARTESIAN_POINT ( 'NONE',  ( 0.08838834764831843271, 0.08838834764831825230, 0.1741071428557499912 ) ) ;
#5299 = CARTESIAN_POINT ( 'NONE',  ( 0.1874999999999999167, -0.02454369240633525948, 0.6343750000000000222 ) ) ;
#5300 = CARTESIAN_POINT ( 'NONE',  ( -0.1018028909699977835, -9.653900078569341367E-17, 0.2767857142833571316 ) ) ;
#5301 = CARTESIAN_POINT ( 'NONE',  ( -0.05177669529663687931, -0.1249999999999999861, 0.4843749999958393837 ) ) ;
#5302 = EDGE_CURVE ( 'NONE', #3966, #2007, #4024, .T. ) ;
#5303 = CARTESIAN_POINT ( 'NONE',  ( -0.04216813812856259891, -0.1018028909699978113, 0.5022321428529821219 ) ) ;
#5304 = B_SPLINE_CURVE_WITH_KNOTS ( 'NONE', 3,
 ( #1462, #1543, #4059, #4033, #707, #3230, #4083, #1945 ),
 .UNSPECIFIED., .F., .F.,
 ( 4, 2, 2, 4 ),
 ( 2.380745673610603771E-07, 0.001388728690853443994, 0.002082973998996486345, 0.002777219307139528262 ),
 .UNSPECIFIED. ) ;
#5305 = ORIENTED_EDGE ( 'NONE', *, *, #3898, .T. ) ;
#5306 = CARTESIAN_POINT ( 'NONE',  ( -0.1249999999999999306, 7.549139889267777477E-20, 0.000000000000000000 ) ) ;
#5307 = CARTESIAN_POINT ( 'NONE',  ( 0.05177669529663685849, -0.1250000000000001388, 0.1316964285700892856 ) ) ;
#5308 = PERSON_AND_ORGANIZATION ( #2700, #4611 ) ;
#5309 = CARTESIAN_POINT ( 'NONE',  ( -0.1249999999999999584, -2.655317324510810035E-17, 0.5089285714244999870 ) ) ;
#5310 = EDGE_CURVE ( 'NONE', #4099, #1861, #5241, .T. ) ;
#5311 = CARTESIAN_POINT ( 'NONE',  ( 0.07003763856785112651, -0.1034150886197798408, 0.02611903406637621980 ) ) ;
#5312 = DIRECTION ( 'NONE',  ( 0.000000000000000000, 0.000000000000000000, 1.000000000000000000 ) ) ;
#5313 = CARTESIAN_POINT ( 'NONE',  ( 0.000000000000000000, 0.1249999999999998473, 0.2142857142839999784 ) ) ;
#5314 = CARTESIAN_POINT ( 'NONE',  ( 0.07198551454928019122, 0.07198551454928014959, 0.5491071428526070886 ) ) ;
#5315 = CARTESIAN_POINT ( 'NONE',  ( -0.07198551454928017734, -0.07198551454928034388, 0.03571428571385714540 ) ) ;
#5316 = CARTESIAN_POINT ( 'NONE',  ( 0.1037047591374642558, 0.1349437795129906359, 0.8750000000000001110 ) ) ;
#5317 = CARTESIAN_POINT ( 'NONE',  ( -0.04216813812856257809, 0.1018028909699977003, 0.3102678571402321395 ) ) ;
#5318 = CARTESIAN_POINT ( 'NONE',  ( 0.07198551454928019122, 0.07198551454927998305, 0.04910714285660710415 ) ) ;
#5319 = CARTESIAN_POINT ( 'NONE',  ( -0.04216813812856257809, 0.1018028909699977003, 0.3415178571399821172 ) ) ;
#5320 = CARTESIAN_POINT ( 'NONE',  ( 0.08838834764831843271, 0.08838834764831828006, 0.2098214285697499737 ) ) ;
#5321 = CARTESIAN_POINT ( 'NONE',  ( -0.05177669529663687931, -0.1250000000000000000, 0.5558035714238392933 ) ) ;
#5322 = CARTESIAN_POINT ( 'NONE',  ( 0.09941225430046937706, -0.03187487247752666258, 0.005865037835909241160 ) ) ;
#5323 = CARTESIAN_POINT ( 'NONE',  ( 0.09375000000000001388, -1.104688082028675513E-16, 0.8666265877365275649 ) ) ;
#5324 =( BOUNDED_CURVE ( )  B_SPLINE_CURVE ( 2, ( #2591, #3824, #805, #2070, #4618, #1635, #430, #1283, #834 ),
 .UNSPECIFIED., .F., .T. ) 
 B_SPLINE_CURVE_WITH_KNOTS ( ( 3, 2, 2, 2, 3 ),
 ( 0.5394736842105263275, 0.5460526315789473450, 0.5526315789473684736, 0.5592105263157894912, 0.5657894736842105088 ),
 .UNSPECIFIED. ) 
 CURVE ( )  GEOMETRIC_REPRESENTATION_ITEM ( )  RATIONAL_B_SPLINE_CURVE ( ( 1.000000000000000000, 0.9238795325112867385, 1.000000000000000000, 0.9238795325112867385, 1.000000000000000000, 0.9238795325112867385, 1.000000000000000000, 0.9238795325112867385, 1.000000000000000000 ) ) 
 REPRESENTATION_ITEM ( '' )  );
#5325 = CARTESIAN_POINT ( 'NONE',  ( 0.1249999999999999584, -7.299213113326649776E-17, 0.4553571428535000409 ) ) ;
#5326 = APPROVAL ( #2796, 'UNSPECIFIED' ) ;
#5327 = CARTESIAN_POINT ( 'NONE',  ( -0.1152275101366085353, -0.1499375328083467074, 0.6250000000000001110 ) ) ;
#5328 = CARTESIAN_POINT ( 'NONE',  ( -0.1249999999999999584, -1.531354765209047799E-16, 0.08035714285650000233 ) ) ;
#5329 = CARTESIAN_POINT ( 'NONE',  ( 0.04216813812856255728, -0.1018028909699978807, 0.3236607142829821537 ) ) ;
#5330 = CARTESIAN_POINT ( 'NONE',  ( 0.08838834764831840496, -0.08838834764831847435, 0.4553571428532143806 ) ) ;
#5331 = CIRCLE ( 'NONE', #1615, 0.1285714285714285865 ) ;
#5332 = CARTESIAN_POINT ( 'NONE',  ( 0.07198551454928019122, 0.07198551454928014959, 0.5892857142808570758 ) ) ;
#5333 = ORIENTED_EDGE ( 'NONE', *, *, #1786, .F. ) ;
#5334 = AXIS2_PLACEMENT_3D ( 'NONE', #3883, #3688, #4840 ) ;
#5335 = EDGE_CURVE ( 'NONE', #3583, #1644, #1912, .T. ) ;
#5336 = VERTEX_POINT ( 'NONE', #3722 ) ;
#5337 = DIRECTION ( 'NONE',  ( -0.000000000000000000, -0.000000000000000000, -1.000000000000000000 ) ) ;
#5338 = CARTESIAN_POINT ( 'NONE',  ( 0.05177669529663685849, -0.1250000000000001665, 0.06026785714208929279 ) ) ;
#5339 = CARTESIAN_POINT ( 'NONE',  ( 0.05414351238665685018, -0.1114961936769206102, 0.02559050780069251421 ) ) ;
#5340 = CYLINDRICAL_SURFACE ( 'NONE', #5190, 0.1874999999999999167 ) ;
#5341 = EDGE_CURVE ( 'NONE', #1631, #5111, #4481, .T. ) ;
#5342 = CARTESIAN_POINT ( 'NONE',  ( 0.1249999999999999584, 0.05177669529663680992, 0.3549107142825891903 ) ) ;
#5343 = CARTESIAN_POINT ( 'NONE',  ( -0.09375000000000019429, -0.04533366931175593362, 0.7552742030902472870 ) ) ;
#5344 = CARTESIAN_POINT ( 'NONE',  ( -0.08838834764831843271, -0.08838834764831850210, 0.3705357142827500061 ) ) ;
#5345 = CARTESIAN_POINT ( 'NONE',  ( -0.1018028909699977835, -1.585115867644688492E-16, 0.06696428571360713011 ) ) ;
#5346 = EDGE_CURVE ( 'NONE', #4340, #137, #5324, .T. ) ;
#5347 = CARTESIAN_POINT ( 'NONE',  ( -0.04216813812856259891, -0.1018028909699978668, 0.3593749999969821363 ) ) ;
#5348 = CARTESIAN_POINT ( 'NONE',  ( 0.07198551454928019122, 0.07198551454928008020, 0.3749999999968571252 ) ) ;
#5349 = VERTEX_POINT ( 'NONE', #2943 ) ;
#5350 = CARTESIAN_POINT ( 'NONE',  ( -0.07198551454928017734, 0.07198551454928008020, 0.2723214285691070713 ) ) ;
#5351 = CARTESIAN_POINT ( 'NONE',  ( 0.000000000000000000, 0.1018028909699977141, 0.4107142857108571077 ) ) ;
#5352 = DIRECTION ( 'NONE',  ( -0.000000000000000000, 0.000000000000000000, 1.000000000000000000 ) ) ;
#5353 = PLANE ( 'NONE',  #2427 ) ;
#5354 = CARTESIAN_POINT ( 'NONE',  ( -0.05177669529663687931, -0.1250000000000000555, 0.3370535714258751092 ) ) ;
#5355 = APPLICATION_CONTEXT ( 'configuration controlled 3d designs of mechanical parts and assemblies' ) ;
#5356 = ORIENTED_EDGE ( 'NONE', *, *, #5346, .F. ) ;
#5357 = CARTESIAN_POINT ( 'NONE',  ( 0.1349216999255695992, 0.1037228611113947124, 0.8750000000000001110 ) ) ;
#5358 = CARTESIAN_POINT ( 'NONE',  ( 0.1018028909699977697, 0.04216813812856248789, 0.2254464285694821601 ) ) ;
#5359 = CARTESIAN_POINT ( 'NONE',  ( 0.05177669529663697645, 0.1249999999999998751, 0.4308035714248393266 ) ) ;
#5360 = CARTESIAN_POINT ( 'NONE',  ( -0.07198551454928017734, 0.07198551454928016347, 0.5624999999953570473 ) ) ;
#5361 = CARTESIAN_POINT ( 'NONE',  ( -0.08838834764831843271, -0.08838834764831858537, 0.08482142857075004871 ) ) ;
#5362 = CARTESIAN_POINT ( 'NONE',  ( -0.05177669529663687931, -0.1250000000000001110, 0.05580357142783930191 ) ) ;
#5363 = CALENDAR_DATE ( 2026, 22, 8 ) ;
#5364 = CARTESIAN_POINT ( 'NONE',  ( -1.530808498934191201E-17, -0.1250000000000000000, 0.5178571428530001075 ) ) ;
#5365 = CARTESIAN_POINT ( 'NONE',  ( 0.1734888829588974724, -0.04662384207688800852, 0.6250000000000000000 ) ) ;
#5366 = CARTESIAN_POINT ( 'NONE',  ( -0.1349437795129976581, 0.1037047591374620215, 0.8750000000000001110 ) ) ;
#5367 = CIRCLE ( 'NONE', #4119, 0.1285714285714285865 ) ;
#5368 = VERTEX_POINT ( 'NONE', #4592 ) ;
#5369 = CARTESIAN_POINT ( 'NONE',  ( 0.08838834764831843271, 0.08838834764831829394, 0.3169642857117500045 ) ) ;
#5370 = CARTESIAN_POINT ( 'NONE',  ( 0.1018028909699977558, 0.04216813812856259891, 0.6183035714234821345 ) ) ;
#5371 = CARTESIAN_POINT ( 'NONE',  ( 0.05177669529663697645, 0.1249999999999998473, 0.3549107142828749062 ) ) ;
#5372 = CARTESIAN_POINT ( 'NONE',  ( 0.07198551454928016347, -0.07198551454928031612, 0.1874999999983571475 ) ) ;
#5373 = EDGE_CURVE ( 'NONE', #592, #5368, #209, .T. ) ;
#5374 = CARTESIAN_POINT ( 'NONE',  ( -0.1687499999999999001, 2.074140613450425082E-17, 0.8750000000000001110 ) ) ;
#5375 = CARTESIAN_POINT ( 'NONE',  ( -0.1018028909699977697, -0.04216813812856266136, 0.3191964285687321490 ) ) ;
#5376 = CARTESIAN_POINT ( 'NONE',  ( 0.07198551454928016347, -0.07198551454928031612, 0.2187499999981071530 ) ) ;
#5377 = CARTESIAN_POINT ( 'NONE',  ( 0.04216813812856255728, -0.1018028909699978529, 0.4665178571389821949 ) ) ;
#5378 = CARTESIAN_POINT ( 'NONE',  ( -0.008077077116877329210, -0.1028965365102694624, 0.004671479285989933207 ) ) ;
#5379 = CARTESIAN_POINT ( 'NONE',  ( -0.1874999999999999167, -0.02454369240633885729, 0.6343750000000000222 ) ) ;
#5380 = CARTESIAN_POINT ( 'NONE',  ( -0.08838834764831843271, 0.08838834764831832169, 0.2589285714262142268 ) ) ;
#5381 = CARTESIAN_POINT ( 'NONE',  ( -0.1250000000000000000, -0.05177669529663701808, 0.1183035714276250289 ) ) ;
#5382 = ORIENTED_EDGE ( 'NONE', *, *, #3498, .F. ) ;
#5383 = CARTESIAN_POINT ( 'NONE',  ( -1.246725845703547748E-17, -0.1018028909699978946, 0.2142857142838571760 ) ) ;
#5384 = CARTESIAN_POINT ( 'NONE',  ( -0.05177669529663687931, -0.1250000000000000278, 0.4486607142818394012 ) ) ;
#5385 = CARTESIAN_POINT ( 'NONE',  ( -0.07198551454928017734, -0.07198551454928019122, 0.5357142857098571298 ) ) ;
#5386 = CARTESIAN_POINT ( 'NONE',  ( -0.1638349478164232709, 0.09442855881954358155, 0.8562499999999999556 ) ) ;
#5387 = CARTESIAN_POINT ( 'NONE',  ( -0.07737467755433453942, 0.06967234683817799534, 0.5929687229582931707 ) ) ;
#5388 = CARTESIAN_POINT ( 'NONE',  ( 0.1249999999999999722, 0.05177669529663687931, 0.5647321428526250742 ) ) ;
#5389 = CARTESIAN_POINT ( 'NONE',  ( 0.02331650778601826457, -0.1781249999999999223, 0.6250000000000000000 ) ) ;
#5390 = CARTESIAN_POINT ( 'NONE',  ( -0.09442855861385884841, -0.1638349479016228960, 0.8750000000000001110 ) ) ;
#5391 = CARTESIAN_POINT ( 'NONE',  ( 0.04216813812856263360, 0.1018028909699977558, 0.5915178571379821060 ) ) ;
#5392 = ORIENTED_EDGE ( 'NONE', *, *, #1145, .T. ) ;
#5393 = CARTESIAN_POINT ( 'NONE',  ( -0.1249999999999999584, -7.797723395098490127E-17, 0.3348214285684642522 ) ) ;
#5394 = FACE_OUTER_BOUND ( 'NONE', #5467, .T. ) ;
#5395 = CARTESIAN_POINT ( 'NONE',  ( -0.05177669529663687931, -0.1250000000000001665, 0.01562499999987503919 ) ) ;
#5396 = CARTESIAN_POINT ( 'NONE',  ( 0.1018028909699977835, -1.254292146771329550E-16, 0.2633928571406071173 ) ) ;
#5397 = CARTESIAN_POINT ( 'NONE',  ( -0.02454369260617019974, -0.1874999999999998057, 0.8562499999999999556 ) ) ;
#5398 = EDGE_LOOP ( 'NONE', ( #4706, #308, #2422, #4535 ) ) ;
#5399 = CARTESIAN_POINT ( 'NONE',  ( -0.1018028909699977835, -8.467190985358744511E-17, 0.3169642857116071744 ) ) ;
#5400 = EDGE_CURVE ( 'NONE', #4472, #1066, #2562, .T. ) ;
#5401 = CARTESIAN_POINT ( 'NONE',  ( 0.1018028909699977558, 0.04216813812856249483, 0.2254464285694821324 ) ) ;
#5402 = CARTESIAN_POINT ( 'NONE',  ( 0.05177669529663685849, -0.1250000000000001110, 0.2343749999981250554 ) ) ;
#5403 = CARTESIAN_POINT ( 'NONE',  ( 0.09375000000000001388, 0.05412658773652767596, 0.8750000000000001110 ) ) ;
#5404 = DIRECTION ( 'NONE',  ( -0.000000000000000000, -0.000000000000000000, -1.000000000000000000 ) ) ;
#5405 = CARTESIAN_POINT ( 'NONE',  ( -0.1874999999999999167, -2.288663608512018453E-17, 0.6343750000000000222 ) ) ;
#5406 = CARTESIAN_POINT ( 'NONE',  ( -0.08838834764831843271, -0.08838834764831840496, 0.6205357142807500503 ) ) ;
#5407 = EDGE_LOOP ( 'NONE', ( #4862, #2921, #1110, #625, #2031, #609, #3211, #717, #1107, #3856, #5333, #440, #5040, #2595, #2000, #1618, #320, #1941, #2103, #3466, #363, #184, #4926, #958, #1981, #4621, #1779, #2496, #3897, #5068, #2171, #1787, #2405, #3933, #4566, #1574 ) ) ;
#5408 = EDGE_CURVE ( 'NONE', #2928, #3234, #2535, .T. ) ;
#5409 = CARTESIAN_POINT ( 'NONE',  ( 0.08838834764831843271, 0.08838834764831836333, 0.4955357142817500282 ) ) ;
#5410 = CARTESIAN_POINT ( 'NONE',  ( 0.1249999999999999722, 0.05177669529663674747, 0.1004464285706250098 ) ) ;
#5411 = CARTESIAN_POINT ( 'NONE',  ( -0.1018028909699977835, -0.04216813812856262667, 0.4575892857104821854 ) ) ;
#5412 = CARTESIAN_POINT ( 'NONE',  ( -0.1249999999999999584, 6.410968232879554874E-18, 0.6205357142804642789 ) ) ;
#5413 = CARTESIAN_POINT ( 'NONE',  ( 0.1018028909699977697, -0.04216813812856267524, 0.4754464285674821489 ) ) ;
#5414 = CARTESIAN_POINT ( 'NONE',  ( -0.1249999999999999584, -1.623654361348493543E-16, 0.04910714285646426008 ) ) ;
#5415 = CARTESIAN_POINT ( 'NONE',  ( 0.05177669529663685849, -0.1250000000000001943, 0.02455357142808929291 ) ) ;
#5416 = CARTESIAN_POINT ( 'NONE',  ( -0.08838834764831843271, 0.08838834764831840496, 0.5758928571382500028 ) ) ;
#5417 = CARTESIAN_POINT ( 'NONE',  ( 0.1152275101527380358, 0.1499375327922075618, 0.8750000000000001110 ) ) ;
#5418 = CARTESIAN_POINT ( 'NONE',  ( -0.04216813812856257809, 0.1018028909699977697, 0.5959821428522321662 ) ) ;
#5419 =( BOUNDED_CURVE ( )  B_SPLINE_CURVE ( 2, ( #4976, #4206, #777, #3342, #397, #2498, #368, #1343, #2674 ),
 .UNSPECIFIED., .F., .F. ) 
 B_SPLINE_CURVE_WITH_KNOTS ( ( 3, 2, 2, 2, 3 ),
 ( 0.7763157894736841813, 0.7828947368421053099, 0.7894736842105263275, 0.7960526315789473450, 0.8026315789473684736 ),
 .UNSPECIFIED. ) 
 CURVE ( )  GEOMETRIC_REPRESENTATION_ITEM ( )  RATIONAL_B_SPLINE_CURVE ( ( 1.000000000000000000, 0.9238795325112867385, 1.000000000000000000, 0.9238795325112867385, 1.000000000000000000, 0.9238795325112867385, 1.000000000000000000, 0.9238795325112867385, 1.000000000000000000 ) ) 
 REPRESENTATION_ITEM ( '' )  );
#5420 = CARTESIAN_POINT ( 'NONE',  ( -0.09374999999999995837, 0.05412658773652766903, 0.8750000000000001110 ) ) ;
#5421 = CARTESIAN_POINT ( 'NONE',  ( -0.07198551454928017734, -0.07198551454928017734, 0.6026785714236071456 ) ) ;
#5422 = CARTESIAN_POINT ( 'NONE',  ( -1.530808498934191201E-17, -0.1250000000000000278, 0.4107142857110001044 ) ) ;
#5423 = CARTESIAN_POINT ( 'NONE',  ( 0.000000000000000000, 0.1018028909699976725, 0.2723214285691070713 ) ) ;
#5424 = CARTESIAN_POINT ( 'NONE',  ( 0.1249999999999999584, -1.257347574981817794E-16, 0.2767857142835000173 ) ) ;
#5425 = CARTESIAN_POINT ( 'NONE',  ( -0.1018028909699977697, 0.04216813812856254340, 0.4933035714244821124 ) ) ;
#5426 = CARTESIAN_POINT ( 'NONE',  ( -1.246725845703547748E-17, -0.1018028909699978668, 0.3258928571401071839 ) ) ;
#5427 = CARTESIAN_POINT ( 'NONE',  ( -0.1874999999999999167, 7.549139889267777477E-20, 0.6250000000000000000 ) ) ;
#5428 = CARTESIAN_POINT ( 'NONE',  ( 0.04216813812856255728, -0.1018028909699979501, 0.1808035714269821681 ) ) ;
#5429 = CARTESIAN_POINT ( 'NONE',  ( 0.08608668341437200611, 0.05855100563012535786, 0.8724455611380932396 ) ) ;
#5430 = CARTESIAN_POINT ( 'NONE',  ( 0.1499375329496587250, -0.1152275099952964205, 0.6343750000000000222 ) ) ;
#5431 = DIRECTION ( 'NONE',  ( -1.000000000000000000, 0.000000000000000000, 0.000000000000000000 ) ) ;
#5432 = CIRCLE ( 'NONE', #4806, 0.1082531754730549772 ) ;
#5433 = VERTEX_POINT ( 'NONE', #1691 ) ;
#5434 = CARTESIAN_POINT ( 'NONE',  ( -0.1249999999999999861, 0.05177669529663687931, 0.6495535714233749980 ) ) ;
#5435 = ORIENTED_EDGE ( 'NONE', *, *, #5199, .T. ) ;
#5436 = CARTESIAN_POINT ( 'NONE',  ( -0.1249999999999999584, -4.633165813203570518E-17, 0.4419642857104642553 ) ) ;
#5437 = CARTESIAN_POINT ( 'NONE',  ( 0.04216813812856263360, 0.1018028909699977003, 0.4084821428537320775 ) ) ;
#5438 = CARTESIAN_POINT ( 'NONE',  ( -0.08838834764831843271, -0.08838834764831840496, 0.6249999999947143392 ) ) ;
#5439 = PLANE ( 'NONE',  #3837 ) ;
#5440 = EDGE_CURVE ( 'NONE', #4823, #2809, #44, .T. ) ;
#5441 = ORIENTED_EDGE ( 'NONE', *, *, #3891, .T. ) ;
#5442 = ORIENTED_EDGE ( 'NONE', *, *, #5101, .T. ) ;
#5443 = CARTESIAN_POINT ( 'NONE',  ( 0.07198551454928019122, 0.07198551454927998305, 0.01339285714260710428 ) ) ;
#5444 = CARTESIAN_POINT ( 'NONE',  ( 0.000000000000000000, 0.1249999999999998612, 0.2544642857119642221 ) ) ;
#5445 = EDGE_CURVE ( 'NONE', #2165, #1397, #4186, .T. ) ;
#5446 = CARTESIAN_POINT ( 'NONE',  ( 0.08498570275245255490, 0.1474514531114731741, 0.8750000000000001110 ) ) ;
#5447 = CARTESIAN_POINT ( 'NONE',  ( -0.1018028909699977697, 0.04216813812856242544, 0.1004464285704821380 ) ) ;
#5448 = CARTESIAN_POINT ( 'NONE',  ( -0.1250000000000000000, 0.05177669529663674747, 0.1495535714273749928 ) ) ;
#5449 = CARTESIAN_POINT ( 'NONE',  ( -1.246725845703547748E-17, -0.1018028909699979362, 0.1071428571418571590 ) ) ;
#5450 = CARTESIAN_POINT ( 'NONE',  ( 0.04216813812856255728, -0.1018028909699978946, 0.2566964285692321379 ) ) ;
#5451 = DIRECTION ( 'NONE',  ( -0.000000000000000000, -0.000000000000000000, -1.000000000000000000 ) ) ;
#5452 = AXIS2_PLACEMENT_3D ( 'NONE', #18, #372, #1285 ) ;
#5453 = CARTESIAN_POINT ( 'NONE',  ( -0.1499375327922183310, -0.1152275101527368423, 0.8750000000000001110 ) ) ;
#5454 = ORIENTED_EDGE ( 'NONE', *, *, #4617, .F. ) ;
#5455 = CARTESIAN_POINT ( 'NONE',  ( -0.04216813812856259891, -0.1018028909699978252, 0.4308035714249821568 ) ) ;
#5456 = CONICAL_SURFACE ( 'NONE', #3781, 0.1082531754730549772, 1.047197551196600074 ) ;
#5457 = CARTESIAN_POINT ( 'NONE',  ( -0.1018028909699977697, -0.04216813812856259891, 0.4977678571387321171 ) ) ;
#5458 = CARTESIAN_POINT ( 'NONE',  ( -0.02454369240633530458, 0.1874999999999999167, 0.6343750000000000222 ) ) ;
#5459 = ORIENTED_EDGE ( 'NONE', *, *, #2896, .T. ) ;
#5460 = CARTESIAN_POINT ( 'NONE',  ( 0.000000000000000000, 0.1018028909699976586, 0.1964285714268571015 ) ) ;
#5461 = CARTESIAN_POINT ( 'NONE',  ( -0.08838834764831843271, 0.08838834764831830781, 0.1874999999982142340 ) ) ;
#5462 = CARTESIAN_POINT ( 'NONE',  ( 0.06271835715228440966, 0.07204271508805257240, 0.8674198921391044204 ) ) ;
#5463 = CARTESIAN_POINT ( 'NONE',  ( 0.1638349478164232154, -0.09442855881954358155, 0.6343749999999998002 ) ) ;
#5464 = CARTESIAN_POINT ( 'NONE',  ( 0.09375000000000002776, -0.01822629401375015085, 0.8674114531706375031 ) ) ;
#5465 = ORIENTED_EDGE ( 'NONE', *, *, #4991, .T. ) ;
#5466 = CARTESIAN_POINT ( 'NONE',  ( -0.1018028909699977697, -0.04216813812856269605, 0.2120535714267321736 ) ) ;
#5467 = EDGE_LOOP ( 'NONE', ( #3436, #4261, #4329, #2430, #1855, #3210, #2253, #5465, #1327, #178, #4288, #322, #5459, #3534, #626, #1067, #31, #4542, #3282, #1942, #2793, #2589, #1097, #876, #4314, #755, #4442, #3598, #4861, #3277, #299, #2511, #5161, #4103, #3651, #3993, #4410, #1263, #1576, #1568, #1533 ) ) ;
#5468 = CARTESIAN_POINT ( 'NONE',  ( -0.1249999999999999584, 5.092402573841090349E-18, 0.6160714285665001011 ) ) ;
#5469 = CARTESIAN_POINT ( 'NONE',  ( 0.05177669529663685849, -0.1250000000000000555, 0.4843749999961250996 ) ) ;
#5470 = CARTESIAN_POINT ( 'NONE',  ( -0.1018028909699977835, -0.04216813812856263360, 0.4218749999964822028 ) ) ;
#5471 = CARTESIAN_POINT ( 'NONE',  ( 0.1249999999999999722, 0.05177669529663688625, 0.6049107142805894011 ) ) ;
#5472 = CARTESIAN_POINT ( 'NONE',  ( 0.05177669529663685849, -0.1250000000000001388, 0.1986607142841250451 ) ) ;
#5473 = DIRECTION ( 'NONE',  ( -0.8691393602967893983, 0.000000000000000000, 0.4945672576939234011 ) ) ;
#5474 = ORIENTED_EDGE ( 'NONE', *, *, #1358, .T. ) ;
#5475 = ADVANCED_FACE ( 'NONE', ( #482, #1371 ), #3978, .T. ) ;
#5476 = CARTESIAN_POINT ( 'NONE',  ( -0.1018028909699977835, -0.04216813812856274463, 0.02901785714248213480 ) ) ;
#5477 = CARTESIAN_POINT ( 'NONE',  ( 0.08838834764831840496, -0.08838834764831852986, 0.2410714285692142633 ) ) ;
#5478 = CARTESIAN_POINT ( 'NONE',  ( -0.1249999999999999861, -0.05177669529663688625, 0.5468749999956250551 ) ) ;
#5479 = CARTESIAN_POINT ( 'NONE',  ( 0.04416995567076503759, 0.1643578891110860085, 0.8750000000000001110 ) ) ;
#5480 = CARTESIAN_POINT ( 'NONE',  ( -1.246725845703547748E-17, -0.1018028909699979362, 0.1116071428561071499 ) ) ;
#5481 = DIRECTION ( 'NONE',  ( 0.8660254037844397068, 0.000000000000000000, 0.4999999999999979461 ) ) ;
#5482 = CARTESIAN_POINT ( 'NONE',  ( 0.1018028909699977835, -1.689418814281880703E-16, 0.1160714285703571269 ) ) ;
#5483 = CARTESIAN_POINT ( 'NONE',  ( 0.04216813812856263360, 0.1018028909699977558, 0.4799107142817320426 ) ) ;
#5484 = CARTESIAN_POINT ( 'NONE',  ( -0.05177669529663687931, -0.1250000000000000278, 0.4084821428538750743 ) ) ;
#5485 = CARTESIAN_POINT ( 'NONE',  ( 0.04216813812856263360, 0.1018028909699976725, 0.3058035714259820792 ) ) ;
#5486 = CARTESIAN_POINT ( 'NONE',  ( 0.1874999999999999167, -0.02454369260617022055, 0.8562499999999999556 ) ) ;
#5487 = CARTESIAN_POINT ( 'NONE',  ( -0.1826198767901005271, -0.04907772852307132339, 0.8750000000000001110 ) ) ;
#5488 = CARTESIAN_POINT ( 'NONE',  ( 0.04216813812856255728, -0.1018028909699978529, 0.4352678571392321616 ) ) ;
#5489 = CARTESIAN_POINT ( 'NONE',  ( -0.1018028909699977697, 0.04216813812856251564, 0.4218749999964820918 ) ) ;
#5490 = EDGE_CURVE ( 'NONE', #2890, #2876, #5124, .T. ) ;
#5491 = CARTESIAN_POINT ( 'NONE',  ( 0.1249999999999999584, -8.354065640624955902E-17, 0.4196428571395000584 ) ) ;
#5492 = CARTESIAN_POINT ( 'NONE',  ( 0.1018028909699977835, -7.400515397134056833E-17, 0.4374999999963571362 ) ) ;
#5493 = LINE ( 'NONE', #832, #3934 ) ;
#5494 = CARTESIAN_POINT ( 'NONE',  ( -0.1249999999999999861, -0.05177669529663698339, 0.2611607142836250839 ) ) ;
#5495 = DIRECTION ( 'NONE',  ( -1.000000000000000000, 0.000000000000000000, 0.000000000000000000 ) ) ;
#5496 = CARTESIAN_POINT ( 'NONE',  ( 0.1874999999999998890, -0.02454369260617023790, 0.6343749999999998002 ) ) ;
#5497 = DIRECTION ( 'NONE',  ( -1.000000000000000000, 0.000000000000000000, 0.000000000000000000 ) ) ;
#5498 = CARTESIAN_POINT ( 'NONE',  ( -0.04216813812856257809, 0.1018028909699976448, 0.1316964285702320880 ) ) ;
#5499 = EDGE_LOOP ( 'NONE', ( #1932, #2257, #3746, #1545 ) ) ;
#5500 = CARTESIAN_POINT ( 'NONE',  ( -0.1249999999999999861, 0.05177669529663686543, 0.6138392857093750710 ) ) ;
#5501 = CARTESIAN_POINT ( 'NONE',  ( 0.04216813812856263360, 0.1018028909699975892, 0.05580357142798211129 ) ) ;
#5502 = DIRECTION ( 'NONE',  ( 0.000000000000000000, 0.000000000000000000, -1.000000000000000000 ) ) ;
#5503 = CARTESIAN_POINT ( 'NONE',  ( -1.530808498934191201E-17, -0.1250000000000000278, 0.4821428571390001250 ) ) ;
#5504 = CARTESIAN_POINT ( 'NONE',  ( -0.05177669529663687931, -0.1250000000000001110, 0.1227678571418750336 ) ) ;
#5505 = CARTESIAN_POINT ( 'NONE',  ( 0.07198551454928019122, 0.07198551454928010795, 0.4419642857106071410 ) ) ;
#5506 = CARTESIAN_POINT ( 'NONE',  ( 0.04662384207688721055, 0.1734888829588984716, 0.6250000000000000000 ) ) ;
#5507 = CARTESIAN_POINT ( 'NONE',  ( 0.1249999999999999584, -9.277061602019413341E-17, 0.3883928571394642537 ) ) ;
ENDSEC;
END-ISO-10303-21;
