ISO-10303-21;
HEADER;
FILE_DESCRIPTION (( 'STEP AP203' ),
    '1' );
FILE_NAME ('base_plate_mm_Default_sldprt.STEP',
    '2026-08-23T00:51:37',
    ( '' ),
    ( '' ),
    'SwSTEP 2.0',
    'SolidWorks 2025',
    '' );
FILE_SCHEMA (( 'CONFIG_CONTROL_DESIGN' ));
ENDSEC;

DATA;
#1 = DIRECTION ( 'NONE',  ( 1.000000000000000000, 0.000000000000000000, 0.000000000000000000 ) ) ;
#2 = EDGE_CURVE ( 'NONE', #1560, #1727, #14, .T. ) ;
#3 = FACE_OUTER_BOUND ( 'NONE', #284, .T. ) ;
#4 = ORIENTED_EDGE ( 'NONE', *, *, #160, .F. ) ;
#5 = EDGE_CURVE ( 'NONE', #2408, #426, #1414, .T. ) ;
#6 = PLANE ( 'NONE',  #2100 ) ;
#7 = AXIS2_PLACEMENT_3D ( 'NONE', #1427, #1410, #442 ) ;
#8 = ORIENTED_EDGE ( 'NONE', *, *, #1087, .T. ) ;
#9 = DIRECTION ( 'NONE',  ( 1.000000000000000000, 0.000000000000000000, 0.000000000000000000 ) ) ;
#10 = DIRECTION ( 'NONE',  ( 0.000000000000000000, 0.000000000000000000, 1.000000000000000000 ) ) ;
#11 = VERTEX_POINT ( 'NONE', #181 ) ;
#12 = DIRECTION ( 'NONE',  ( 0.000000000000000000, 0.000000000000000000, 1.000000000000000000 ) ) ;
#13 = PERSON_AND_ORGANIZATION ( #337, #203 ) ;
#14 = CIRCLE ( 'NONE', #1910, 6.349999999999994316 ) ;
#15 = CYLINDRICAL_SURFACE ( 'NONE', #736, 5.499999999999991118 ) ;
#16 = ORIENTED_EDGE ( 'NONE', *, *, #987, .F. ) ;
#17 = VERTEX_POINT ( 'NONE', #2298 ) ;
#18 = CIRCLE ( 'NONE', #1456, 37.49999999999999289 ) ;
#19 = CIRCLE ( 'NONE', #766, 5.499999999999976907 ) ;
#20 = EDGE_LOOP ( 'NONE', ( #2452, #1144 ) ) ;
#21 = EDGE_LOOP ( 'NONE', ( #2027, #1977, #717, #492 ) ) ;
#22 = DIRECTION ( 'NONE',  ( 0.000000000000000000, 0.000000000000000000, 1.000000000000000000 ) ) ;
#23 = EDGE_CURVE ( 'NONE', #1442, #1158, #1450, .T. ) ;
#24 = CIRCLE ( 'NONE', #1807, 2.000000000000001776 ) ;
#25 = VERTEX_POINT ( 'NONE', #200 ) ;
#26 = EDGE_CURVE ( 'NONE', #1471, #53, #2444, .T. ) ;
#27 = VERTEX_POINT ( 'NONE', #974 ) ;
#28 = VECTOR ( 'NONE', #2307, 1000.000000000000000 ) ;
#29 = AXIS2_PLACEMENT_3D ( 'NONE', #545, #2231, #326 ) ;
#30 = CARTESIAN_POINT ( 'NONE',  ( 6.349999999999999645, 238.7599999999999625, -63.49999999999998579 ) ) ;
#31 = EDGE_LOOP ( 'NONE', ( #2358, #1229, #1618, #1942 ) ) ;
#32 = DIRECTION ( 'NONE',  ( 1.000000000000000000, 0.000000000000000000, 0.000000000000000000 ) ) ;
#33 = DIRECTION ( 'NONE',  ( -1.000000000000000000, -0.000000000000000000, -0.000000000000000000 ) ) ;
#34 = ORIENTED_EDGE ( 'NONE', *, *, #2431, .F. ) ;
#35 = LINE ( 'NONE', #2245, #2488 ) ;
#36 = ORIENTED_EDGE ( 'NONE', *, *, #851, .T. ) ;
#37 = EDGE_CURVE ( 'NONE', #2166, #1408, #1581, .T. ) ;
#38 = CARTESIAN_POINT ( 'NONE',  ( 6.349999999999999645, 0.000000000000000000, 0.000000000000000000 ) ) ;
#39 = CYLINDRICAL_SURFACE ( 'NONE', #1418, 2.000000000000008882 ) ;
#40 = EDGE_CURVE ( 'NONE', #861, #1036, #400, .T. ) ;
#41 = DIRECTION ( 'NONE',  ( 1.000000000000000000, 0.000000000000000000, 0.000000000000000000 ) ) ;
#42 = CARTESIAN_POINT ( 'NONE',  ( -6.349999999999999645, -200.6599999999999682, 57.14999999999999147 ) ) ;
#43 = PRODUCT_DEFINITION_SHAPE ( 'NONE', 'NONE',  #387 ) ;
#44 = LINE ( 'NONE', #269, #153 ) ;
#45 = EDGE_CURVE ( 'NONE', #2226, #1773, #247, .T. ) ;
#46 = CARTESIAN_POINT ( 'NONE',  ( 6.349999999999999645, 82.69848480983502270, -1.498484809841574394 ) ) ;
#47 = DESIGN_CONTEXT ( 'detailed design', #2184, 'design' ) ;
#48 = VERTEX_POINT ( 'NONE', #413 ) ;
#49 = ORIENTED_EDGE ( 'NONE', *, *, #575, .T. ) ;
#50 = CARTESIAN_POINT ( 'NONE',  ( 6.349999999999999645, -238.7599999999999625, -57.14999999999999147 ) ) ;
#51 = ORIENTED_EDGE ( 'NONE', *, *, #1116, .T. ) ;
#52 = DIRECTION ( 'NONE',  ( 0.000000000000000000, 0.000000000000000000, -1.000000000000000000 ) ) ;
#53 = VERTEX_POINT ( 'NONE', #1195 ) ;
#54 = AXIS2_PLACEMENT_3D ( 'NONE', #1623, #2029, #2229 ) ;
#55 = VECTOR ( 'NONE', #2378, 1000.000000000000000 ) ;
#56 = PLANE ( 'NONE',  #1048 ) ;
#57 = VERTEX_POINT ( 'NONE', #231 ) ;
#58 = EDGE_CURVE ( 'NONE', #734, #1045, #1697, .T. ) ;
#59 = DIRECTION ( 'NONE',  ( 0.000000000000000000, 0.000000000000000000, 1.000000000000000000 ) ) ;
#60 = DIRECTION ( 'NONE',  ( 0.000000000000000000, 0.000000000000000000, -1.000000000000000000 ) ) ;
#61 = EDGE_LOOP ( 'NONE', ( #2098, #791, #676, #1602 ) ) ;
#62 = ORIENTED_EDGE ( 'NONE', *, *, #1353, .T. ) ;
#63 = DIRECTION ( 'NONE',  ( 1.000000000000000000, -0.000000000000000000, -0.000000000000000000 ) ) ;
#64 = VECTOR ( 'NONE', #111, 1000.000000000000000 ) ;
#65 = VERTEX_POINT ( 'NONE', #1026 ) ;
#66 = AXIS2_PLACEMENT_3D ( 'NONE', #2227, #339, #1853 ) ;
#67 = CYLINDRICAL_SURFACE ( 'NONE', #1726, 6.349999999999994316 ) ;
#68 = ORIENTED_EDGE ( 'NONE', *, *, #110, .F. ) ;
#69 = ORIENTED_EDGE ( 'NONE', *, *, #668, .F. ) ;
#70 = DIRECTION ( 'NONE',  ( 0.000000000000000000, 0.000000000000000000, -1.000000000000000000 ) ) ;
#71 = PRODUCT_DEFINITION_FORMATION_WITH_SPECIFIED_SOURCE ( 'ANY', '', #1221, .NOT_KNOWN. ) ;
#72 = CARTESIAN_POINT ( 'NONE',  ( 6.349999999999999645, 153.0000000000000284, 26.19999999999998863 ) ) ;
#73 = ORIENTED_EDGE ( 'NONE', *, *, #1939, .T. ) ;
#74 = DIRECTION ( 'NONE',  ( 0.000000000000000000, 1.000000000000000000, 0.000000000000000000 ) ) ;
#75 = CC_DESIGN_DATE_AND_TIME_ASSIGNMENT ( #721, #531, ( #387 ) ) ;
#76 = CARTESIAN_POINT ( 'NONE',  ( 6.350000000000000533, 53.00000000000002842, -50.79999999999999005 ) ) ;
#77 = CYLINDRICAL_SURFACE ( 'NONE', #975, 2.000000000000005329 ) ;
#78 = EDGE_CURVE ( 'NONE', #1949, #348, #1811, .T. ) ;
#79 = VERTEX_POINT ( 'NONE', #260 ) ;
#80 = EDGE_LOOP ( 'NONE', ( #1619, #1758, #1584, #961 ) ) ;
#81 = EDGE_CURVE ( 'NONE', #404, #2289, #815, .T. ) ;
#82 = DIRECTION ( 'NONE',  ( 1.000000000000000000, 0.000000000000000000, 0.000000000000000000 ) ) ;
#83 = EDGE_LOOP ( 'NONE', ( #2202, #1953 ) ) ;
#84 = CARTESIAN_POINT ( 'NONE',  ( 6.349999999999999645, 304.7999999999999545, 76.19999999999998863 ) ) ;
#85 = CARTESIAN_POINT ( 'NONE',  ( 6.349999999999999645, 53.00000000000000711, 26.19999999999998863 ) ) ;
#86 = COORDINATED_UNIVERSAL_TIME_OFFSET ( 8, 0, .BEHIND. ) ;
#87 = CARTESIAN_POINT ( 'NONE',  ( -6.349999999999999645, 200.6599999999999682, -69.84999999999998010 ) ) ;
#88 = AXIS2_PLACEMENT_3D ( 'NONE', #2303, #1200, #1941 ) ;
#89 = CARTESIAN_POINT ( 'NONE',  ( 6.349999999999999645, -53.00000000000000711, 63.69999999999998153 ) ) ;
#90 = CARTESIAN_POINT ( 'NONE',  ( 6.349999999999999645, 34.24999999999997158, -25.39999999999999147 ) ) ;
#91 = VERTEX_POINT ( 'NONE', #1768 ) ;
#92 = ORIENTED_EDGE ( 'NONE', *, *, #1503, .F. ) ;
#93 = CARTESIAN_POINT ( 'NONE',  ( 6.349999999999999645, -11.00000000000478373, 28.19999999999566498 ) ) ;
#94 = VERTEX_POINT ( 'NONE', #46 ) ;
#95 = LINE ( 'NONE', #853, #808 ) ;
#96 = EDGE_CURVE ( 'NONE', #1773, #223, #1259, .T. ) ;
#97 = DIRECTION ( 'NONE',  ( 0.000000000000000000, 0.000000000000000000, 1.000000000000000000 ) ) ;
#98 = EDGE_LOOP ( 'NONE', ( #2335, #294, #607, #2111 ) ) ;
#99 = DIRECTION ( 'NONE',  ( -1.000000000000000000, -0.000000000000000000, -0.000000000000000000 ) ) ;
#100 = AXIS2_PLACEMENT_3D ( 'NONE', #414, #1199, #1042 ) ;
#101 = APPROVAL_ROLE ( '' ) ;
#102 = CYLINDRICAL_SURFACE ( 'NONE', #1364, 6.349999999999994316 ) ;
#103 = LINE ( 'NONE', #141, #536 ) ;
#104 = ORIENTED_EDGE ( 'NONE', *, *, #1813, .T. ) ;
#105 = CARTESIAN_POINT ( 'NONE',  ( 6.349999999999999645, 238.7599999999999625, -63.49999999999998579 ) ) ;
#106 = VERTEX_POINT ( 'NONE', #859 ) ;
#107 = CYLINDRICAL_SURFACE ( 'NONE', #395, 2.000000000000005329 ) ;
#108 = CARTESIAN_POINT ( 'NONE',  ( 6.349999999999999645, 82.69848480983502270, -5.498484809828426911 ) ) ;
#109 = FACE_OUTER_BOUND ( 'NONE', #981, .T. ) ;
#110 = EDGE_CURVE ( 'NONE', #2186, #57, #1020, .T. ) ;
#111 = DIRECTION ( 'NONE',  ( -1.000000000000000000, -0.000000000000000000, -0.000000000000000000 ) ) ;
#112 = AXIS2_PLACEMENT_3D ( 'NONE', #1630, #1448, #2187 ) ;
#113 = FACE_OUTER_BOUND ( 'NONE', #234, .T. ) ;
#114 = ADVANCED_FACE ( 'NONE', ( #626 ), #238, .T. ) ;
#115 = ORIENTED_EDGE ( 'NONE', *, *, #270, .T. ) ;
#116 = AXIS2_PLACEMENT_3D ( 'NONE', #554, #1322, #352 ) ;
#117 = DIRECTION ( 'NONE',  ( -1.000000000000000000, -0.000000000000000000, -0.000000000000000000 ) ) ;
#118 = EDGE_LOOP ( 'NONE', ( #370, #2442 ) ) ;
#119 = DIRECTION ( 'NONE',  ( 0.000000000000000000, 0.000000000000000000, -1.000000000000000000 ) ) ;
#120 = VECTOR ( 'NONE', #624, 1000.000000000000000 ) ;
#121 = AXIS2_PLACEMENT_3D ( 'NONE', #1842, #117, #1296 ) ;
#122 = VERTEX_POINT ( 'NONE', #423 ) ;
#123 = DIRECTION ( 'NONE',  ( 0.000000000000000000, 0.000000000000000000, 1.000000000000000000 ) ) ;
#124 = DIRECTION ( 'NONE',  ( 0.000000000000000000, 0.000000000000000000, 1.000000000000000000 ) ) ;
#125 = ORIENTED_EDGE ( 'NONE', *, *, #784, .F. ) ;
#126 = VERTEX_POINT ( 'NONE', #1794 ) ;
#127 = DIRECTION ( 'NONE',  ( 1.000000000000000000, 0.000000000000000000, 0.000000000000000000 ) ) ;
#128 = ORIENTED_EDGE ( 'NONE', *, *, #1789, .T. ) ;
#129 = ADVANCED_FACE ( 'NONE', ( #2364 ), #2159, .F. ) ;
#130 = DIRECTION ( 'NONE',  ( 1.000000000000000000, 0.000000000000000000, 0.000000000000000000 ) ) ;
#131 = DIRECTION ( 'NONE',  ( 0.000000000000000000, 0.000000000000000000, 1.000000000000000000 ) ) ;
#132 = DIRECTION ( 'NONE',  ( -0.000000000000000000, 1.000000000000000000, 0.000000000000000000 ) ) ;
#133 = EDGE_CURVE ( 'NONE', #1203, #1409, #835, .T. ) ;
#134 = CARTESIAN_POINT ( 'NONE',  ( -6.349999999999999645, 23.30151519016675365, 55.89848480983197732 ) ) ;
#135 = VERTEX_POINT ( 'NONE', #2137 ) ;
#136 = CIRCLE ( 'NONE', #1032, 37.49999999999999289 ) ;
#137 = VERTEX_POINT ( 'NONE', #637 ) ;
#138 = AXIS2_PLACEMENT_3D ( 'NONE', #2493, #1005, #1766 ) ;
#139 = ORIENTED_EDGE ( 'NONE', *, *, #1685, .T. ) ;
#140 = CARTESIAN_POINT ( 'NONE',  ( 6.349999999999999645, 82.69848480983502270, -5.498484809828426911 ) ) ;
#141 = CARTESIAN_POINT ( 'NONE',  ( 6.349999999999999645, -238.7599999999999625, 69.84999999999998010 ) ) ;
#142 = EDGE_CURVE ( 'NONE', #2206, #1045, #1269, .T. ) ;
#143 = DIRECTION ( 'NONE',  ( 0.000000000000000000, 0.000000000000000000, -1.000000000000000000 ) ) ;
#144 = ORIENTED_EDGE ( 'NONE', *, *, #1836, .F. ) ;
#145 = LINE ( 'NONE', #738, #1298 ) ;
#146 = DIRECTION ( 'NONE',  ( 0.000000000000000000, 0.000000000000000000, 1.000000000000000000 ) ) ;
#147 = CARTESIAN_POINT ( 'NONE',  ( -6.349999999999999645, 82.69848480983502270, -5.498484809828426911 ) ) ;
#148 = FACE_OUTER_BOUND ( 'NONE', #1787, .T. ) ;
#149 = FACE_BOUND ( 'NONE', #2185, .T. ) ;
#150 = CARTESIAN_POINT ( 'NONE',  ( 6.350000000000000533, -153.0000000000000284, 20.70000000000000995 ) ) ;
#151 = AXIS2_PLACEMENT_3D ( 'NONE', #2239, #1148, #540 ) ;
#152 = CYLINDRICAL_SURFACE ( 'NONE', #1138, 37.49999999999999289 ) ;
#153 = VECTOR ( 'NONE', #842, 1000.000000000000000 ) ;
#154 = FACE_OUTER_BOUND ( 'NONE', #1992, .T. ) ;
#155 = CIRCLE ( 'NONE', #731, 2.000000000000001776 ) ;
#156 = DIRECTION ( 'NONE',  ( -0.000000000000000000, 1.000000000000000000, -0.000000000000000000 ) ) ;
#157 = EDGE_LOOP ( 'NONE', ( #878, #1108, #1265, #627 ) ) ;
#158 = AXIS2_PLACEMENT_3D ( 'NONE', #1861, #1679, #2438 ) ;
#159 = DIRECTION ( 'NONE',  ( 1.000000000000000000, 0.000000000000000000, 0.000000000000000000 ) ) ;
#160 = EDGE_CURVE ( 'NONE', #1574, #915, #1383, .T. ) ;
#161 = DIRECTION ( 'NONE',  ( 0.000000000000000000, 3.628360552544975380E-16, 1.000000000000000000 ) ) ;
#162 = DIRECTION ( 'NONE',  ( -1.000000000000000000, -0.000000000000000000, -0.000000000000000000 ) ) ;
#163 = CYLINDRICAL_SURFACE ( 'NONE', #1651, 6.349999999999994316 ) ;
#164 = EDGE_LOOP ( 'NONE', ( #1592, #913 ) ) ;
#165 = CALENDAR_DATE ( 2026, 22, 8 ) ;
#166 = DIRECTION ( 'NONE',  ( -1.000000000000000000, -0.000000000000000000, -0.000000000000000000 ) ) ;
#167 = CARTESIAN_POINT ( 'NONE',  ( 6.350000000000000533, -153.0000000000000284, 26.19999999999998863 ) ) ;
#168 = VERTEX_POINT ( 'NONE', #1054 ) ;
#169 = ORIENTED_EDGE ( 'NONE', *, *, #2413, .T. ) ;
#170 = DIRECTION ( 'NONE',  ( 0.000000000000000000, 0.000000000000000000, 1.000000000000000000 ) ) ;
#171 = LINE ( 'NONE', #1824, #2234 ) ;
#172 = DIRECTION ( 'NONE',  ( -0.000000000000000000, -3.628360552544974887E-16, 1.000000000000000000 ) ) ;
#173 = VECTOR ( 'NONE', #2216, 1000.000000000000000 ) ;
#174 = DIRECTION ( 'NONE',  ( 0.000000000000000000, 0.000000000000000000, 1.000000000000000000 ) ) ;
#175 = ORIENTED_EDGE ( 'NONE', *, *, #1375, .T. ) ;
#176 = LINE ( 'NONE', #1122, #1957 ) ;
#177 = EDGE_CURVE ( 'NONE', #2379, #25, #997, .T. ) ;
#178 = FACE_BOUND ( 'NONE', #1500, .T. ) ;
#179 = VERTEX_POINT ( 'NONE', #249 ) ;
#180 = DIRECTION ( 'NONE',  ( 1.000000000000000000, -0.000000000000000000, -0.000000000000000000 ) ) ;
#181 = CARTESIAN_POINT ( 'NONE',  ( -6.349999999999999645, 238.7599999999999625, 69.84999999999998010 ) ) ;
#182 = ORIENTED_EDGE ( 'NONE', *, *, #1888, .F. ) ;
#183 = DIRECTION ( 'NONE',  ( 0.000000000000000000, 0.000000000000000000, -1.000000000000000000 ) ) ;
#184 = ORIENTED_EDGE ( 'NONE', *, *, #2136, .T. ) ;
#185 = DIRECTION ( 'NONE',  ( 0.000000000000000000, 0.000000000000000000, 1.000000000000000000 ) ) ;
#186 = AXIS2_PLACEMENT_3D ( 'NONE', #2087, #593, #2291 ) ;
#187 = ORIENTED_EDGE ( 'NONE', *, *, #142, .F. ) ;
#188 = EDGE_CURVE ( 'NONE', #994, #1466, #1962, .T. ) ;
#189 = FACE_BOUND ( 'NONE', #2464, .T. ) ;
#190 = EDGE_LOOP ( 'NONE', ( #68, #1698, #1780, #1886 ) ) ;
#191 = ORIENTED_EDGE ( 'NONE', *, *, #587, .F. ) ;
#192 = CARTESIAN_POINT ( 'NONE',  ( -6.349999999999999645, -34.24999999999996447, -6.275952641916431318 ) ) ;
#193 = ADVANCED_FACE ( 'NONE', ( #454 ), #1237, .F. ) ;
#194 = CARTESIAN_POINT ( 'NONE',  ( -6.349999999999999645, 23.30151519016675365, 55.89848480983197732 ) ) ;
#195 = VECTOR ( 'NONE', #2453, 1000.000000000000000 ) ;
#196 = ORIENTED_EDGE ( 'NONE', *, *, #1470, .T. ) ;
#197 = CARTESIAN_POINT ( 'NONE',  ( 6.349999999999999645, 95.00000000000477485, 26.20000000000460716 ) ) ;
#198 = CIRCLE ( 'NONE', #1459, 2.000000000000008882 ) ;
#199 = EDGE_CURVE ( 'NONE', #1907, #1169, #1769, .T. ) ;
#200 = CARTESIAN_POINT ( 'NONE',  ( -6.349999999999999645, -71.75000000000005684, -25.39999999999999147 ) ) ;
#201 = EDGE_LOOP ( 'NONE', ( #1716, #1000, #139, #1909, #2151 ) ) ;
#202 = FACE_OUTER_BOUND ( 'NONE', #1965, .T. ) ;
#203 = ORGANIZATION ( 'UNSPECIFIED', 'UNSPECIFIED', '' ) ;
#204 = DIRECTION ( 'NONE',  ( -1.000000000000000000, -0.000000000000000000, -0.000000000000000000 ) ) ;
#205 = EDGE_LOOP ( 'NONE', ( #1815, #2178 ) ) ;
#206 = LINE ( 'NONE', #2143, #240 ) ;
#207 = VERTEX_POINT ( 'NONE', #1250 ) ;
#208 = AXIS2_PLACEMENT_3D ( 'NONE', #1421, #1809, #1010 ) ;
#209 = AXIS2_PLACEMENT_3D ( 'NONE', #2345, #1624, #1223 ) ;
#210 = FACE_OUTER_BOUND ( 'NONE', #1337, .T. ) ;
#211 = VECTOR ( 'NONE', #1189, 1000.000000000000000 ) ;
#212 = DIRECTION ( 'NONE',  ( 0.000000000000000000, 1.000000000000000000, 0.000000000000000000 ) ) ;
#213 = ORIENTED_EDGE ( 'NONE', *, *, #40, .F. ) ;
#214 = DIRECTION ( 'NONE',  ( -1.000000000000000000, -0.000000000000000000, -0.000000000000000000 ) ) ;
#215 = CARTESIAN_POINT ( 'NONE',  ( 6.349999999999999645, -200.6599999999999682, 63.49999999999998579 ) ) ;
#216 = EDGE_CURVE ( 'NONE', #1403, #2141, #2376, .T. ) ;
#217 = DIRECTION ( 'NONE',  ( 0.000000000000000000, -3.628360552544975380E-16, -1.000000000000000000 ) ) ;
#218 = EDGE_LOOP ( 'NONE', ( #184, #1593 ) ) ;
#219 = DIRECTION ( 'NONE',  ( 0.000000000000000000, 0.000000000000000000, 1.000000000000000000 ) ) ;
#220 = DIRECTION ( 'NONE',  ( 1.000000000000000000, 0.000000000000000000, 0.000000000000000000 ) ) ;
#221 = CARTESIAN_POINT ( 'NONE',  ( 6.349999999999999645, 34.24999999999997868, -6.275952641916447305 ) ) ;
#222 = CARTESIAN_POINT ( 'NONE',  ( -6.349999999999999645, 153.0000000000000284, 31.69999999999999218 ) ) ;
#223 = VERTEX_POINT ( 'NONE', #1444 ) ;
#224 = EDGE_LOOP ( 'NONE', ( #1016, #1814 ) ) ;
#225 = DIRECTION ( 'NONE',  ( 1.000000000000000000, 0.000000000000000000, 0.000000000000000000 ) ) ;
#226 = CIRCLE ( 'NONE', #547, 6.349999999999994316 ) ;
#227 = FACE_BOUND ( 'NONE', #1171, .T. ) ;
#228 = DIRECTION ( 'NONE',  ( 0.000000000000000000, 0.000000000000000000, -1.000000000000000000 ) ) ;
#229 = CARTESIAN_POINT ( 'NONE',  ( 6.349999999999999645, -53.00000000000000711, 70.19999999999998863 ) ) ;
#230 = ADVANCED_FACE ( 'NONE', ( #1757 ), #15, .F. ) ;
#231 = CARTESIAN_POINT ( 'NONE',  ( -6.349999999999999645, -53.00000000000002842, -56.29999999999999005 ) ) ;
#232 = ORIENTED_EDGE ( 'NONE', *, *, #926, .T. ) ;
#233 = CARTESIAN_POINT ( 'NONE',  ( 6.349999999999999645, -238.7599999999999625, -63.49999999999998579 ) ) ;
#234 = EDGE_LOOP ( 'NONE', ( #104, #879, #1955, #1951 ) ) ;
#235 = VECTOR ( 'NONE', #996, 1000.000000000000000 ) ;
#236 = ADVANCED_FACE ( 'NONE', ( #2385 ), #1309, .F. ) ;
#237 = CARTESIAN_POINT ( 'NONE',  ( 6.349999999999999645, 23.30151519016500217, -1.498484809843429355 ) ) ;
#238 = PLANE ( 'NONE',  #2036 ) ;
#239 = ORIENTED_EDGE ( 'NONE', *, *, #1080, .F. ) ;
#240 = VECTOR ( 'NONE', #2327, 1000.000000000000000 ) ;
#241 = ORIENTED_EDGE ( 'NONE', *, *, #2167, .F. ) ;
#242 = CIRCLE ( 'NONE', #2353, 5.499999999999984013 ) ;
#243 = ORIENTED_EDGE ( 'NONE', *, *, #446, .T. ) ;
#244 = AXIS2_PLACEMENT_3D ( 'NONE', #1709, #2473, #1290 ) ;
#245 = AXIS2_PLACEMENT_3D ( 'NONE', #581, #9, #2322 ) ;
#246 = CARTESIAN_POINT ( 'NONE',  ( -6.349999999999999645, -95.00000000000477485, 24.20000000000460005 ) ) ;
#247 = CIRCLE ( 'NONE', #1963, 2.000000000000001776 ) ;
#248 = DIRECTION ( 'NONE',  ( -1.000000000000000000, -0.000000000000000000, -0.000000000000000000 ) ) ;
#249 = CARTESIAN_POINT ( 'NONE',  ( 6.349999999999999645, 304.7999999999999545, -76.19999999999998863 ) ) ;
#250 = ORIENTED_EDGE ( 'NONE', *, *, #1587, .F. ) ;
#251 = DIRECTION ( 'NONE',  ( 1.000000000000000000, 0.000000000000000000, 0.000000000000000000 ) ) ;
#252 = VERTEX_POINT ( 'NONE', #1457 ) ;
#253 = LINE ( 'NONE', #2163, #598 ) ;
#254 = ORIENTED_EDGE ( 'NONE', *, *, #1510, .F. ) ;
#255 = DIRECTION ( 'NONE',  ( 0.000000000000000000, 0.000000000000000000, 1.000000000000000000 ) ) ;
#256 = EDGE_CURVE ( 'NONE', #1070, #797, #1658, .T. ) ;
#257 = DIRECTION ( 'NONE',  ( 0.000000000000000000, 0.000000000000000000, -1.000000000000000000 ) ) ;
#258 = EDGE_CURVE ( 'NONE', #756, #1068, #312, .T. ) ;
#259 = DIRECTION ( 'NONE',  ( 0.000000000000000000, 0.000000000000000000, 1.000000000000000000 ) ) ;
#260 = CARTESIAN_POINT ( 'NONE',  ( 6.349999999999999645, 238.7599999999999625, -69.84999999999998010 ) ) ;
#261 = CIRCLE ( 'NONE', #2217, 6.349999999999994316 ) ;
#262 = ORIENTED_EDGE ( 'NONE', *, *, #480, .T. ) ;
#263 = EDGE_LOOP ( 'NONE', ( #1240, #965, #1287, #1340 ) ) ;
#264 = ORIENTED_EDGE ( 'NONE', *, *, #340, .T. ) ;
#265 = ORIENTED_EDGE ( 'NONE', *, *, #1381, .T. ) ;
#266 = FACE_OUTER_BOUND ( 'NONE', #948, .T. ) ;
#267 = AXIS2_PLACEMENT_3D ( 'NONE', #2411, #898, #1092 ) ;
#268 = FACE_OUTER_BOUND ( 'NONE', #263, .T. ) ;
#269 = CARTESIAN_POINT ( 'NONE',  ( -6.349999999999999645, 34.24999999999997158, -25.39999999999999147 ) ) ;
#270 = EDGE_CURVE ( 'NONE', #94, #484, #280, .T. ) ;
#271 = PLANE ( 'NONE',  #600 ) ;
#272 = DIRECTION ( 'NONE',  ( -1.000000000000000000, -0.000000000000000000, -0.000000000000000000 ) ) ;
#273 = ORIENTED_EDGE ( 'NONE', *, *, #1984, .T. ) ;
#274 = ORIENTED_EDGE ( 'NONE', *, *, #2240, .T. ) ;
#275 = CARTESIAN_POINT ( 'NONE',  ( 6.349999999999999645, 11.00000000000478373, 26.19999999999566143 ) ) ;
#276 = AXIS2_PLACEMENT_3D ( 'NONE', #1377, #409, #228 ) ;
#277 = LINE ( 'NONE', #658, #1095 ) ;
#278 = FACE_OUTER_BOUND ( 'NONE', #976, .T. ) ;
#279 = DIRECTION ( 'NONE',  ( 1.000000000000000000, 0.000000000000000000, 0.000000000000000000 ) ) ;
#280 = CIRCLE ( 'NONE', #29, 1.999999999993426369 ) ;
#281 = LINE ( 'NONE', #1063, #1484 ) ;
#282 = DIRECTION ( 'NONE',  ( -1.000000000000000000, -0.000000000000000000, -0.000000000000000000 ) ) ;
#283 = EDGE_CURVE ( 'NONE', #1355, #564, #1960, .T. ) ;
#284 = EDGE_LOOP ( 'NONE', ( #952, #1187, #1771, #1887 ) ) ;
#285 = EDGE_LOOP ( 'NONE', ( #1162, #1822 ) ) ;
#286 = CARTESIAN_POINT ( 'NONE',  ( 6.349999999999999645, 53.00000000000000711, 66.19999999999997442 ) ) ;
#287 = PERSON_AND_ORGANIZATION_ROLE ( 'classification_officer' ) ;
#288 = FACE_OUTER_BOUND ( 'NONE', #2386, .T. ) ;
#289 = CIRCLE ( 'NONE', #2416, 1.999999999993426369 ) ;
#290 = DIRECTION ( 'NONE',  ( 1.000000000000000000, 0.000000000000000000, 0.000000000000000000 ) ) ;
#291 = DIRECTION ( 'NONE',  ( 1.000000000000000000, -0.000000000000000000, -0.000000000000000000 ) ) ;
#292 = ADVANCED_FACE ( 'NONE', ( #910 ), #1478, .F. ) ;
#293 = CARTESIAN_POINT ( 'NONE',  ( -6.349999999999999645, 200.6599999999999682, 69.84999999999998010 ) ) ;
#294 = ORIENTED_EDGE ( 'NONE', *, *, #1127, .T. ) ;
#295 = DIRECTION ( 'NONE',  ( 1.000000000000000000, 0.000000000000000000, 0.000000000000000000 ) ) ;
#296 = CARTESIAN_POINT ( 'NONE',  ( 6.349999999999999645, -71.75000000000005684, -6.275952641916431318 ) ) ;
#297 = ORIENTED_EDGE ( 'NONE', *, *, #742, .F. ) ;
#298 = ORIENTED_EDGE ( 'NONE', *, *, #527, .T. ) ;
#299 = DIRECTION ( 'NONE',  ( 1.000000000000000000, -0.000000000000000000, -0.000000000000000000 ) ) ;
#300 = FACE_OUTER_BOUND ( 'NONE', #802, .T. ) ;
#301 = DIRECTION ( 'NONE',  ( 1.000000000000000000, 0.000000000000000000, 0.000000000000000000 ) ) ;
#302 = EDGE_LOOP ( 'NONE', ( #530, #1182 ) ) ;
#303 = CIRCLE ( 'NONE', #1720, 2.000000000000005329 ) ;
#304 = CARTESIAN_POINT ( 'NONE',  ( -6.349999999999999645, 34.24999999999997868, -6.275952641916447305 ) ) ;
#305 = VERTEX_POINT ( 'NONE', #89 ) ;
#306 = EDGE_CURVE ( 'NONE', #348, #1949, #2158, .T. ) ;
#307 = VERTEX_POINT ( 'NONE', #1647 ) ;
#308 = AXIS2_PLACEMENT_3D ( 'NONE', #1049, #1233, #70 ) ;
#309 = DIRECTION ( 'NONE',  ( -1.000000000000000000, -0.000000000000000000, -0.000000000000000000 ) ) ;
#310 = CIRCLE ( 'NONE', #812, 2.000000000000005329 ) ;
#311 = CARTESIAN_POINT ( 'NONE',  ( 6.349999999999999645, 82.69848480983642958, 55.89848480983830115 ) ) ;
#312 = LINE ( 'NONE', #1106, #363 ) ;
#313 = CYLINDRICAL_SURFACE ( 'NONE', #1639, 2.000000000000008882 ) ;
#314 = AXIS2_PLACEMENT_3D ( 'NONE', #342, #2022, #1094 ) ;
#315 = AXIS2_PLACEMENT_3D ( 'NONE', #1988, #1207, #1779 ) ;
#316 = DIRECTION ( 'NONE',  ( 0.000000000000000000, 0.000000000000000000, -1.000000000000000000 ) ) ;
#317 = ORIENTED_EDGE ( 'NONE', *, *, #371, .F. ) ;
#318 = FACE_OUTER_BOUND ( 'NONE', #1582, .T. ) ;
#319 = LINE ( 'NONE', #2432, #1848 ) ;
#320 = ORIENTED_EDGE ( 'NONE', *, *, #1288, .F. ) ;
#321 = DIRECTION ( 'NONE',  ( -1.000000000000000000, -0.000000000000000000, -0.000000000000000000 ) ) ;
#322 = EDGE_CURVE ( 'NONE', #2188, #2474, #449, .T. ) ;
#323 = LINE ( 'NONE', #514, #1664 ) ;
#324 = FACE_BOUND ( 'NONE', #302, .T. ) ;
#325 = DIRECTION ( 'NONE',  ( -1.000000000000000000, -0.000000000000000000, -0.000000000000000000 ) ) ;
#326 = DIRECTION ( 'NONE',  ( 0.000000000000000000, 0.000000000000000000, -1.000000000000000000 ) ) ;
#327 = ORIENTED_EDGE ( 'NONE', *, *, #1244, .F. ) ;
#328 = DIRECTION ( 'NONE',  ( -1.000000000000000000, -0.000000000000000000, -0.000000000000000000 ) ) ;
#329 = EDGE_CURVE ( 'NONE', #137, #854, #2199, .T. ) ;
#330 = CARTESIAN_POINT ( 'NONE',  ( -6.349999999999999645, 53.00000000000000711, 68.19999999999998863 ) ) ;
#331 = VERTEX_POINT ( 'NONE', #871 ) ;
#332 = CARTESIAN_POINT ( 'NONE',  ( 6.349999999999999645, 11.00000000000478373, 26.19999999999566143 ) ) ;
#333 = FACE_OUTER_BOUND ( 'NONE', #2281, .T. ) ;
#334 = EDGE_LOOP ( 'NONE', ( #1568, #998, #1683, #2492 ) ) ;
#335 = ORIENTED_EDGE ( 'NONE', *, *, #1599, .F. ) ;
#336 = ORIENTED_EDGE ( 'NONE', *, *, #2084, .F. ) ;
#337 = PERSON ( 'UNSPECIFIED', 'UNSPECIFIED', 'UNSPECIFIED', ('UNSPECIFIED'), ('UNSPECIFIED'), ('UNSPECIFIED') ) ;
#338 = EDGE_LOOP ( 'NONE', ( #2450, #1151 ) ) ;
#339 = DIRECTION ( 'NONE',  ( -1.000000000000000000, -0.000000000000000000, -0.000000000000000000 ) ) ;
#340 = EDGE_CURVE ( 'NONE', #1056, #628, #2077, .T. ) ;
#341 = CARTESIAN_POINT ( 'NONE',  ( -6.349999999999999645, -200.6599999999999682, -69.84999999999998010 ) ) ;
#342 = CARTESIAN_POINT ( 'NONE',  ( -6.349999999999999645, -153.0000000000000284, 26.19999999999998863 ) ) ;
#343 = ADVANCED_FACE ( 'NONE', ( #533 ), #700, .T. ) ;
#344 = LINE ( 'NONE', #1661, #1860 ) ;
#345 = ORIENTED_EDGE ( 'NONE', *, *, #943, .F. ) ;
#346 = LINE ( 'NONE', #1699, #195 ) ;
#347 = CARTESIAN_POINT ( 'NONE',  ( 6.349999999999999645, 34.24999999999997868, -6.275952641916447305 ) ) ;
#348 = VERTEX_POINT ( 'NONE', #1862 ) ;
#349 = CARTESIAN_POINT ( 'NONE',  ( -6.349999999999999645, -34.24999999999997868, -6.275952641916444641 ) ) ;
#350 = FACE_BOUND ( 'NONE', #20, .T. ) ;
#351 = ORIENTED_EDGE ( 'NONE', *, *, #1795, .T. ) ;
#352 = DIRECTION ( 'NONE',  ( 0.000000000000000000, 0.000000000000000000, 1.000000000000000000 ) ) ;
#353 = CIRCLE ( 'NONE', #2066, 5.499999999999976907 ) ;
#354 = CARTESIAN_POINT ( 'NONE',  ( 6.349999999999999645, 34.24999999999997158, -25.39999999999999147 ) ) ;
#355 = AXIS2_PLACEMENT_3D ( 'NONE', #2246, #2055, #119 ) ;
#356 = DIRECTION ( 'NONE',  ( 0.000000000000000000, 0.000000000000000000, 1.000000000000000000 ) ) ;
#357 = CARTESIAN_POINT ( 'NONE',  ( 6.349999999999999645, -304.7999999999999545, -76.19999999999998863 ) ) ;
#358 = CIRCLE ( 'NONE', #1767, 6.349999999999994316 ) ;
#359 = EDGE_CURVE ( 'NONE', #2326, #1273, #103, .T. ) ;
#360 = ORIENTED_EDGE ( 'NONE', *, *, #922, .T. ) ;
#361 = ORIENTED_EDGE ( 'NONE', *, *, #1613, .T. ) ;
#362 = CIRCLE ( 'NONE', #158, 37.49999999999999289 ) ;
#363 = VECTOR ( 'NONE', #1855, 1000.000000000000000 ) ;
#364 = CARTESIAN_POINT ( 'NONE',  ( -6.349999999999999645, -23.30151519016500217, -1.498484809843429355 ) ) ;
#365 = FACE_BOUND ( 'NONE', #83, .T. ) ;
#366 = ORIENTED_EDGE ( 'NONE', *, *, #1141, .F. ) ;
#367 = CARTESIAN_POINT ( 'NONE',  ( -6.349999999999999645, -34.24999999999997158, -25.39999999999999147 ) ) ;
#368 = ORIENTED_EDGE ( 'NONE', *, *, #2413, .F. ) ;
#369 = CARTESIAN_POINT ( 'NONE',  ( 6.349999999999999645, -53.00000000000000711, 68.19999999999998863 ) ) ;
#370 = ORIENTED_EDGE ( 'NONE', *, *, #649, .F. ) ;
#371 = EDGE_CURVE ( 'NONE', #2128, #1482, #1926, .T. ) ;
#372 = CARTESIAN_POINT ( 'NONE',  ( 6.349999999999999645, -95.00000000000477485, 28.20000000000461782 ) ) ;
#373 = VECTOR ( 'NONE', #415, 1000.000000000000000 ) ;
#374 =( LENGTH_UNIT ( ) NAMED_UNIT ( * ) SI_UNIT ( .MILLI., .METRE. ) );
#375 = AXIS2_PLACEMENT_3D ( 'NONE', #1143, #798, #1555 ) ;
#376 = ORIENTED_EDGE ( 'NONE', *, *, #2459, .T. ) ;
#377 = CARTESIAN_POINT ( 'NONE',  ( -6.349999999999999645, 34.24999999999997158, -25.39999999999999147 ) ) ;
#378 = ADVANCED_FACE ( 'NONE', ( #497 ), #920, .F. ) ;
#379 = CARTESIAN_POINT ( 'NONE',  ( 6.349999999999999645, -200.6599999999999682, 57.14999999999999147 ) ) ;
#380 = ORIENTED_EDGE ( 'NONE', *, *, #1302, .F. ) ;
#381 = APPROVAL_STATUS ( 'not_yet_approved' ) ;
#382 = DIRECTION ( 'NONE',  ( -1.000000000000000000, -0.000000000000000000, -0.000000000000000000 ) ) ;
#383 = DIRECTION ( 'NONE',  ( 1.000000000000000000, 0.000000000000000000, 0.000000000000000000 ) ) ;
#384 = CARTESIAN_POINT ( 'NONE',  ( 6.349999999999999645, -200.6599999999999682, 69.84999999999998010 ) ) ;
#385 = CIRCLE ( 'NONE', #2341, 6.349999999999994316 ) ;
#386 = LINE ( 'NONE', #991, #2089 ) ;
#387 = PRODUCT_DEFINITION ( 'UNKNOWN', '', #71, #47 ) ;
#388 = DIRECTION ( 'NONE',  ( 0.000000000000000000, 0.000000000000000000, 1.000000000000000000 ) ) ;
#389 = FACE_BOUND ( 'NONE', #660, .T. ) ;
#390 = ADVANCED_FACE ( 'NONE', ( #1283 ), #1093, .F. ) ;
#391 = ORIENTED_EDGE ( 'NONE', *, *, #957, .F. ) ;
#392 = ORIENTED_EDGE ( 'NONE', *, *, #1451, .F. ) ;
#393 = DIRECTION ( 'NONE',  ( 1.000000000000000000, 0.000000000000000000, 0.000000000000000000 ) ) ;
#394 = EDGE_CURVE ( 'NONE', #2497, #1589, #1934, .T. ) ;
#395 = AXIS2_PLACEMENT_3D ( 'NONE', #275, #863, #1241 ) ;
#396 = DIRECTION ( 'NONE',  ( 1.000000000000000000, 0.000000000000000000, 0.000000000000000000 ) ) ;
#397 = EDGE_LOOP ( 'NONE', ( #471, #1299 ) ) ;
#398 = VECTOR ( 'NONE', #1828, 1000.000000000000000 ) ;
#399 = CIRCLE ( 'NONE', #2484, 2.000000000000008882 ) ;
#400 = LINE ( 'NONE', #1927, #2489 ) ;
#401 = VECTOR ( 'NONE', #2387, 1000.000000000000000 ) ;
#402 = CARTESIAN_POINT ( 'NONE',  ( 6.349999999999999645, 53.00000000000000711, 26.19999999999998863 ) ) ;
#403 = VERTEX_POINT ( 'NONE', #1217 ) ;
#404 = VERTEX_POINT ( 'NONE', #995 ) ;
#405 = CARTESIAN_POINT ( 'NONE',  ( -6.349999999999999645, -82.69848480983502270, -3.498484809835000764 ) ) ;
#406 = ORIENTED_EDGE ( 'NONE', *, *, #1820, .T. ) ;
#407 = AXIS2_PLACEMENT_3D ( 'NONE', #76, #437, #1590 ) ;
#408 = FACE_BOUND ( 'NONE', #285, .T. ) ;
#409 = DIRECTION ( 'NONE',  ( 1.000000000000000000, 0.000000000000000000, 0.000000000000000000 ) ) ;
#410 = EDGE_CURVE ( 'NONE', #57, #53, #1761, .T. ) ;
#411 = DIRECTION ( 'NONE',  ( -1.000000000000000000, -0.000000000000000000, -0.000000000000000000 ) ) ;
#412 = DIRECTION ( 'NONE',  ( 1.000000000000000000, 0.000000000000000000, 0.000000000000000000 ) ) ;
#413 = CARTESIAN_POINT ( 'NONE',  ( 6.349999999999999645, -71.75000000000005684, -6.275952641916431318 ) ) ;
#414 = CARTESIAN_POINT ( 'NONE',  ( 6.349999999999999645, 200.6599999999999682, -63.49999999999998579 ) ) ;
#415 = DIRECTION ( 'NONE',  ( -1.000000000000000000, -0.000000000000000000, -0.000000000000000000 ) ) ;
#416 = ORIENTED_EDGE ( 'NONE', *, *, #592, .T. ) ;
#417 = AXIS2_PLACEMENT_3D ( 'NONE', #903, #1663, #2419 ) ;
#418 = CARTESIAN_POINT ( 'NONE',  ( 6.349999999999999645, 34.24999999999997158, -25.39999999999999147 ) ) ;
#419 = DIRECTION ( 'NONE',  ( 0.000000000000000000, 0.000000000000000000, -1.000000000000000000 ) ) ;
#420 = CARTESIAN_POINT ( 'NONE',  ( 6.349999999999999645, 82.69848480983502270, -1.498484809841574394 ) ) ;
#421 = CARTESIAN_POINT ( 'NONE',  ( 6.349999999999999645, -71.75000000000005684, -25.39999999999999147 ) ) ;
#422 = CC_DESIGN_PERSON_AND_ORGANIZATION_ASSIGNMENT ( #1236, #1040, ( #387 ) ) ;
#423 = CARTESIAN_POINT ( 'NONE',  ( -6.349999999999999645, 11.00000000000478373, 24.19999999999565432 ) ) ;
#424 = ADVANCED_FACE ( 'NONE', ( #460 ), #447, .F. ) ;
#425 = ORIENTED_EDGE ( 'NONE', *, *, #1087, .F. ) ;
#426 = VERTEX_POINT ( 'NONE', #2260 ) ;
#427 = ORIENTED_EDGE ( 'NONE', *, *, #2267, .T. ) ;
#428 = DIRECTION ( 'NONE',  ( 1.000000000000000000, 0.000000000000000000, 0.000000000000000000 ) ) ;
#429 = CIRCLE ( 'NONE', #918, 6.349999999999994316 ) ;
#430 = ORIENTED_EDGE ( 'NONE', *, *, #1405, .T. ) ;
#431 = FACE_BOUND ( 'NONE', #1136, .T. ) ;
#432 = EDGE_LOOP ( 'NONE', ( #2082, #901 ) ) ;
#433 = CARTESIAN_POINT ( 'NONE',  ( 6.349999999999999645, 95.00000000000477485, 26.20000000000460716 ) ) ;
#434 = DIRECTION ( 'NONE',  ( 1.000000000000000000, 0.000000000000000000, 0.000000000000000000 ) ) ;
#435 = DIRECTION ( 'NONE',  ( -1.000000000000000000, -0.000000000000000000, -0.000000000000000000 ) ) ;
#436 = APPROVAL_ROLE ( '' ) ;
#437 = DIRECTION ( 'NONE',  ( 1.000000000000000000, -0.000000000000000000, -0.000000000000000000 ) ) ;
#438 = CIRCLE ( 'NONE', #726, 6.349999999999994316 ) ;
#439 = EDGE_CURVE ( 'NONE', #1622, #2262, #2214, .T. ) ;
#440 = ORIENTED_EDGE ( 'NONE', *, *, #2371, .T. ) ;
#441 = AXIS2_PLACEMENT_3D ( 'NONE', #197, #973, #1552 ) ;
#442 = DIRECTION ( 'NONE',  ( 0.000000000000000000, 0.000000000000000000, -1.000000000000000000 ) ) ;
#443 = ORIENTED_EDGE ( 'NONE', *, *, #133, .T. ) ;
#444 = DIRECTION ( 'NONE',  ( 1.000000000000000000, 0.000000000000000000, 0.000000000000000000 ) ) ;
#445 = VECTOR ( 'NONE', #2102, 1000.000000000000000 ) ;
#446 = EDGE_CURVE ( 'NONE', #11, #168, #1544, .T. ) ;
#447 = CYLINDRICAL_SURFACE ( 'NONE', #855, 6.349999999999994316 ) ;
#448 = DIRECTION ( 'NONE',  ( -1.000000000000000000, -0.000000000000000000, -0.000000000000000000 ) ) ;
#449 = CIRCLE ( 'NONE', #1693, 2.000000000000005329 ) ;
#450 = ORIENTED_EDGE ( 'NONE', *, *, #1330, .T. ) ;
#451 = AXIS2_PLACEMENT_3D ( 'NONE', #939, #2037, #1674 ) ;
#452 = CYLINDRICAL_SURFACE ( 'NONE', #1896, 6.349999999999994316 ) ;
#453 = FACE_OUTER_BOUND ( 'NONE', #724, .T. ) ;
#454 = FACE_OUTER_BOUND ( 'NONE', #21, .T. ) ;
#455 = CARTESIAN_POINT ( 'NONE',  ( 6.349999999999999645, 153.0000000000000284, 31.69999999999997797 ) ) ;
#456 = VERTEX_POINT ( 'NONE', #1110 ) ;
#457 = LINE ( 'NONE', #821, #1291 ) ;
#458 = ORIENTED_EDGE ( 'NONE', *, *, #1966, .F. ) ;
#459 = EDGE_CURVE ( 'NONE', #2186, #1471, #319, .T. ) ;
#460 = FACE_OUTER_BOUND ( 'NONE', #1753, .T. ) ;
#461 = ORIENTED_EDGE ( 'NONE', *, *, #1264, .T. ) ;
#462 = DIRECTION ( 'NONE',  ( 1.000000000000000000, -0.000000000000000000, -0.000000000000000000 ) ) ;
#463 = ADVANCED_FACE ( 'NONE', ( #1701 ), #1100, .F. ) ;
#464 = ORIENTED_EDGE ( 'NONE', *, *, #1873, .F. ) ;
#465 = ORIENTED_EDGE ( 'NONE', *, *, #1060, .F. ) ;
#466 = CARTESIAN_POINT ( 'NONE',  ( 6.349999999999999645, -34.24999999999996447, -6.275952641916431318 ) ) ;
#467 = DIRECTION ( 'NONE',  ( -1.000000000000000000, -0.000000000000000000, -0.000000000000000000 ) ) ;
#468 = FACE_OUTER_BOUND ( 'NONE', #2212, .T. ) ;
#469 = DIRECTION ( 'NONE',  ( 1.000000000000000000, 0.000000000000000000, 0.000000000000000000 ) ) ;
#470 = AXIS2_PLACEMENT_3D ( 'NONE', #1416, #1969, #1074 ) ;
#471 = ORIENTED_EDGE ( 'NONE', *, *, #509, .F. ) ;
#472 = DIRECTION ( 'NONE',  ( -1.000000000000000000, -0.000000000000000000, -0.000000000000000000 ) ) ;
#473 = ORIENTED_EDGE ( 'NONE', *, *, #2280, .F. ) ;
#474 = FACE_OUTER_BOUND ( 'NONE', #750, .T. ) ;
#475 = FACE_OUTER_BOUND ( 'NONE', #1428, .T. ) ;
#476 = DIRECTION ( 'NONE',  ( 0.000000000000000000, 0.000000000000000000, 1.000000000000000000 ) ) ;
#477 = EDGE_CURVE ( 'NONE', #2404, #2311, #661, .T. ) ;
#478 = DIRECTION ( 'NONE',  ( 1.000000000000000000, 0.000000000000000000, 0.000000000000000000 ) ) ;
#479 = PERSON_AND_ORGANIZATION ( #337, #203 ) ;
#480 = EDGE_CURVE ( 'NONE', #1169, #1907, #1073, .T. ) ;
#481 = DIRECTION ( 'NONE',  ( -1.000000000000000000, -0.000000000000000000, -0.000000000000000000 ) ) ;
#482 = VERTEX_POINT ( 'NONE', #1834 ) ;
#483 = DIRECTION ( 'NONE',  ( 1.000000000000000000, 0.000000000000000000, 0.000000000000000000 ) ) ;
#484 = VERTEX_POINT ( 'NONE', #108 ) ;
#485 = LINE ( 'NONE', #1046, #2152 ) ;
#486 = AXIS2_PLACEMENT_3D ( 'NONE', #2059, #2304, #22 ) ;
#487 = AXIS2_PLACEMENT_3D ( 'NONE', #2276, #1178, #568 ) ;
#488 = CARTESIAN_POINT ( 'NONE',  ( -6.349999999999999645, -238.7599999999999625, -63.49999999999998579 ) ) ;
#489 = CARTESIAN_POINT ( 'NONE',  ( 6.349999999999999645, -23.30151519016675365, 53.89848480983197021 ) ) ;
#490 = CARTESIAN_POINT ( 'NONE',  ( 6.349999999999999645, -200.6599999999999682, -63.49999999999998579 ) ) ;
#491 = AXIS2_PLACEMENT_3D ( 'NONE', #542, #934, #1694 ) ;
#492 = ORIENTED_EDGE ( 'NONE', *, *, #96, .F. ) ;
#493 = DIRECTION ( 'NONE',  ( 1.000000000000000000, 0.000000000000000000, 0.000000000000000000 ) ) ;
#494 = EDGE_CURVE ( 'NONE', #564, #1355, #1348, .T. ) ;
#495 = AXIS2_PLACEMENT_3D ( 'NONE', #597, #1366, #2103 ) ;
#496 = CARTESIAN_POINT ( 'NONE',  ( 6.349999999999999645, -23.30151519016500217, -3.498484809835014531 ) ) ;
#497 = FACE_OUTER_BOUND ( 'NONE', #1812, .T. ) ;
#498 = CARTESIAN_POINT ( 'NONE',  ( -6.349999999999999645, -82.69848480983642958, 55.89848480983830115 ) ) ;
#499 = EDGE_LOOP ( 'NONE', ( #1737, #1604, #2445, #1772 ) ) ;
#500 = VERTEX_POINT ( 'NONE', #888 ) ;
#501 = EDGE_CURVE ( 'NONE', #1506, #737, #1198, .T. ) ;
#502 = ORIENTED_EDGE ( 'NONE', *, *, #1338, .T. ) ;
#503 = ORIENTED_EDGE ( 'NONE', *, *, #1101, .F. ) ;
#504 = DIRECTION ( 'NONE',  ( -1.000000000000000000, -0.000000000000000000, -0.000000000000000000 ) ) ;
#505 = VECTOR ( 'NONE', #927, 1000.000000000000000 ) ;
#506 = CC_DESIGN_PERSON_AND_ORGANIZATION_ASSIGNMENT ( #1778, #1396, ( #1221 ) ) ;
#507 = DIRECTION ( 'NONE',  ( 0.000000000000000000, 0.000000000000000000, -1.000000000000000000 ) ) ;
#508 = FACE_OUTER_BOUND ( 'NONE', #2421, .T. ) ;
#509 = EDGE_CURVE ( 'NONE', #783, #1403, #1591, .T. ) ;
#510 = EDGE_LOOP ( 'NONE', ( #1142, #905, #566, #619 ) ) ;
#511 = EDGE_CURVE ( 'NONE', #126, #65, #1483, .T. ) ;
#512 = DIRECTION ( 'NONE',  ( 1.000000000000000000, 0.000000000000000000, 0.000000000000000000 ) ) ;
#513 = ORIENTED_EDGE ( 'NONE', *, *, #1481, .F. ) ;
#514 = CARTESIAN_POINT ( 'NONE',  ( 6.349999999999999645, 11.00000000000478373, 24.19999999999565432 ) ) ;
#515 = ORIENTED_EDGE ( 'NONE', *, *, #1338, .F. ) ;
#516 = ORIENTED_EDGE ( 'NONE', *, *, #177, .T. ) ;
#517 = CARTESIAN_POINT ( 'NONE',  ( 6.349999999999999645, 153.0000000000000284, 26.19999999999998863 ) ) ;
#518 = VECTOR ( 'NONE', #2264, 1000.000000000000000 ) ;
#519 = DATE_AND_TIME ( #2383, #1999 ) ;
#520 = LINE ( 'NONE', #2219, #518 ) ;
#521 = DIRECTION ( 'NONE',  ( 0.000000000000000000, -1.000000000000000000, 0.000000000000000000 ) ) ;
#522 = CYLINDRICAL_SURFACE ( 'NONE', #1243, 2.000000000000001776 ) ;
#523 = EDGE_LOOP ( 'NONE', ( #1465, #4 ) ) ;
#524 = ADVANCED_FACE ( 'NONE', ( #739 ), #2472, .F. ) ;
#525 = VECTOR ( 'NONE', #2049, 1000.000000000000000 ) ;
#526 = CARTESIAN_POINT ( 'NONE',  ( 6.349999999999999645, 95.00000000000477485, 24.20000000000460005 ) ) ;
#527 = EDGE_CURVE ( 'NONE', #2461, #2328, #1721, .T. ) ;
#528 = CIRCLE ( 'NONE', #847, 6.349999999999994316 ) ;
#529 = CARTESIAN_POINT ( 'NONE',  ( 6.349999999999999645, -82.69848480983502270, -3.498484809835000764 ) ) ;
#530 = ORIENTED_EDGE ( 'NONE', *, *, #1759, .F. ) ;
#531 = DATE_TIME_ROLE ( 'creation_date' ) ;
#532 = LINE ( 'NONE', #2020, #840 ) ;
#533 = FACE_OUTER_BOUND ( 'NONE', #2392, .T. ) ;
#534 = CARTESIAN_POINT ( 'NONE',  ( -6.349999999999999645, -238.7599999999999625, -69.84999999999998010 ) ) ;
#535 = VECTOR ( 'NONE', #1808, 1000.000000000000000 ) ;
#536 = VECTOR ( 'NONE', #282, 1000.000000000000000 ) ;
#537 = DIRECTION ( 'NONE',  ( 0.000000000000000000, 1.000000000000000000, 0.000000000000000000 ) ) ;
#538 = ORIENTED_EDGE ( 'NONE', *, *, #1104, .T. ) ;
#539 = CARTESIAN_POINT ( 'NONE',  ( 6.349999999999999645, 53.00000000000000711, 70.19999999999998863 ) ) ;
#540 = DIRECTION ( 'NONE',  ( 0.000000000000000000, 0.000000000000000000, -1.000000000000000000 ) ) ;
#541 = EDGE_LOOP ( 'NONE', ( #125, #1785 ) ) ;
#542 = CARTESIAN_POINT ( 'NONE',  ( 6.349999999999999645, 23.30151519016500217, -3.498484809835014531 ) ) ;
#543 = CARTESIAN_POINT ( 'NONE',  ( 6.349999999999999645, -23.30151519016675365, 55.89848480983197732 ) ) ;
#544 = EDGE_CURVE ( 'NONE', #426, #2188, #760, .T. ) ;
#545 = CARTESIAN_POINT ( 'NONE',  ( 6.349999999999999645, 82.69848480983502270, -3.498484809835000764 ) ) ;
#546 = CARTESIAN_POINT ( 'NONE',  ( -6.349999999999999645, 53.00000000000002842, -56.29999999999999005 ) ) ;
#547 = AXIS2_PLACEMENT_3D ( 'NONE', #942, #1534, #388 ) ;
#548 = ORIENTED_EDGE ( 'NONE', *, *, #1244, .T. ) ;
#549 = DIRECTION ( 'NONE',  ( -1.000000000000000000, -0.000000000000000000, -0.000000000000000000 ) ) ;
#550 = EDGE_LOOP ( 'NONE', ( #579, #1748 ) ) ;
#551 = DIRECTION ( 'NONE',  ( 0.000000000000000000, 0.000000000000000000, 1.000000000000000000 ) ) ;
#552 = FACE_OUTER_BOUND ( 'NONE', #1627, .T. ) ;
#553 = ORIENTED_EDGE ( 'NONE', *, *, #1392, .F. ) ;
#554 = CARTESIAN_POINT ( 'NONE',  ( -6.349999999999999645, -82.69848480983642958, 55.89848480983830115 ) ) ;
#555 = EDGE_CURVE ( 'NONE', #737, #1506, #946, .T. ) ;
#556 = APPROVAL_DATE_TIME ( #1514, #1477 ) ;
#557 = DIRECTION ( 'NONE',  ( 0.000000000000000000, 0.000000000000000000, -1.000000000000000000 ) ) ;
#558 = CIRCLE ( 'NONE', #186, 6.349999999999994316 ) ;
#559 = PLANE ( 'NONE',  #1611 ) ;
#560 = DIRECTION ( 'NONE',  ( 1.000000000000000000, -0.000000000000000000, -0.000000000000000000 ) ) ;
#561 = EDGE_LOOP ( 'NONE', ( #1845, #889, #792, #1838 ) ) ;
#562 = DIRECTION ( 'NONE',  ( 0.000000000000000000, 0.000000000000000000, -1.000000000000000000 ) ) ;
#563 = DIRECTION ( 'NONE',  ( -1.000000000000000000, -0.000000000000000000, -0.000000000000000000 ) ) ;
#564 = VERTEX_POINT ( 'NONE', #364 ) ;
#565 = DIRECTION ( 'NONE',  ( 1.000000000000000000, 0.000000000000000000, 0.000000000000000000 ) ) ;
#566 = ORIENTED_EDGE ( 'NONE', *, *, #1711, .T. ) ;
#567 = FACE_BOUND ( 'NONE', #1487, .T. ) ;
#568 = DIRECTION ( 'NONE',  ( 0.000000000000000000, 0.000000000000000000, 1.000000000000000000 ) ) ;
#569 = AXIS2_PLACEMENT_3D ( 'NONE', #1347, #2279, #890 ) ;
#570 = FACE_OUTER_BOUND ( 'NONE', #190, .T. ) ;
#571 = VECTOR ( 'NONE', #1513, 1000.000000000000000 ) ;
#572 = EDGE_CURVE ( 'NONE', #2164, #27, #2213, .T. ) ;
#573 = AXIS2_PLACEMENT_3D ( 'NONE', #657, #82, #703 ) ;
#574 = VERTEX_POINT ( 'NONE', #2097 ) ;
#575 = EDGE_CURVE ( 'NONE', #884, #2118, #2109, .T. ) ;
#576 = ORIENTED_EDGE ( 'NONE', *, *, #23, .T. ) ;
#577 = CIRCLE ( 'NONE', #1336, 2.000000000000008882 ) ;
#578 = DIRECTION ( 'NONE',  ( 0.000000000000000000, 0.000000000000000000, 1.000000000000000000 ) ) ;
#579 = ORIENTED_EDGE ( 'NONE', *, *, #833, .F. ) ;
#580 = FACE_BOUND ( 'NONE', #2060, .T. ) ;
#581 = CARTESIAN_POINT ( 'NONE',  ( 6.349999999999999645, -23.30151519016675365, 55.89848480983197732 ) ) ;
#582 = EDGE_LOOP ( 'NONE', ( #1659, #1429 ) ) ;
#583 = CC_DESIGN_DATE_AND_TIME_ASSIGNMENT ( #519, #2194, ( #615 ) ) ;
#584 = ORIENTED_EDGE ( 'NONE', *, *, #860, .T. ) ;
#585 = ORIENTED_EDGE ( 'NONE', *, *, #37, .T. ) ;
#586 = EDGE_LOOP ( 'NONE', ( #2035, #1991 ) ) ;
#587 = EDGE_CURVE ( 'NONE', #1029, #861, #1892, .T. ) ;
#588 = CARTESIAN_POINT ( 'NONE',  ( 6.350000000000000533, 153.0000000000000284, 20.70000000000000995 ) ) ;
#589 = CIRCLE ( 'NONE', #1975, 6.349999999999994316 ) ;
#590 = ORIENTED_EDGE ( 'NONE', *, *, #2409, .T. ) ;
#591 = ORIENTED_EDGE ( 'NONE', *, *, #1307, .F. ) ;
#592 = EDGE_CURVE ( 'NONE', #756, #884, #2085, .T. ) ;
#593 = DIRECTION ( 'NONE',  ( 1.000000000000000000, 0.000000000000000000, 0.000000000000000000 ) ) ;
#594 = CYLINDRICAL_SURFACE ( 'NONE', #1803, 1.999999999993426369 ) ;
#595 = CARTESIAN_POINT ( 'NONE',  ( -6.349999999999999645, 238.7599999999999625, -57.14999999999999147 ) ) ;
#596 = CARTESIAN_POINT ( 'NONE',  ( 6.349999999999999645, -82.69848480983502270, -5.498484809828426911 ) ) ;
#597 = CARTESIAN_POINT ( 'NONE',  ( -6.349999999999999645, -53.00000000000000711, 68.19999999999998863 ) ) ;
#598 = VECTOR ( 'NONE', #1078, 1000.000000000000000 ) ;
#599 = CARTESIAN_POINT ( 'NONE',  ( 6.349999999999999645, 82.69848480983502270, -3.498484809835000764 ) ) ;
#600 = AXIS2_PLACEMENT_3D ( 'NONE', #1052, #74, #858 ) ;
#601 = AXIS2_PLACEMENT_3D ( 'NONE', #880, #2372, #1404 ) ;
#602 = DIRECTION ( 'NONE',  ( 0.000000000000000000, -0.000000000000000000, -1.000000000000000000 ) ) ;
#603 = CARTESIAN_POINT ( 'NONE',  ( 6.349999999999999645, 23.30151519016675365, 55.89848480983197732 ) ) ;
#604 = VERTEX_POINT ( 'NONE', #222 ) ;
#605 = DIRECTION ( 'NONE',  ( 1.000000000000000000, 0.000000000000000000, 0.000000000000000000 ) ) ;
#606 = EDGE_CURVE ( 'NONE', #2505, #1312, #1155, .T. ) ;
#607 = ORIENTED_EDGE ( 'NONE', *, *, #1660, .T. ) ;
#608 = FACE_BOUND ( 'NONE', #2162, .T. ) ;
#609 = ORIENTED_EDGE ( 'NONE', *, *, #1037, .F. ) ;
#610 = CARTESIAN_POINT ( 'NONE',  ( 6.349999999999999645, 200.6599999999999682, 57.14999999999999147 ) ) ;
#611 = CARTESIAN_POINT ( 'NONE',  ( 6.349999999999999645, -53.00000000000000711, 68.19999999999998863 ) ) ;
#612 = EDGE_LOOP ( 'NONE', ( #1673, #576, #502, #92 ) ) ;
#613 = AXIS2_PLACEMENT_3D ( 'NONE', #2093, #2309, #12 ) ;
#614 = CARTESIAN_POINT ( 'NONE',  ( 6.349999999999999645, 53.00000000000000711, 68.19999999999998863 ) ) ;
#615 = SECURITY_CLASSIFICATION ( '', '', #857 ) ;
#616 = CYLINDRICAL_SURFACE ( 'NONE', #2133, 6.349999999999994316 ) ;
#617 = ORIENTED_EDGE ( 'NONE', *, *, #1713, .T. ) ;
#618 = ORIENTED_EDGE ( 'NONE', *, *, #999, .T. ) ;
#619 = ORIENTED_EDGE ( 'NONE', *, *, #258, .T. ) ;
#620 = APPROVAL ( #1578, 'UNSPECIFIED' ) ;
#621 = CARTESIAN_POINT ( 'NONE',  ( 6.349999999999999645, 82.69848480983642958, 57.89848480983830825 ) ) ;
#622 = ORIENTED_EDGE ( 'NONE', *, *, #1193, .F. ) ;
#623 = EDGE_CURVE ( 'NONE', #1409, #679, #1548, .T. ) ;
#624 = DIRECTION ( 'NONE',  ( 0.000000000000000000, 0.000000000000000000, 1.000000000000000000 ) ) ;
#625 = LINE ( 'NONE', #1363, #445 ) ;
#626 = FACE_OUTER_BOUND ( 'NONE', #510, .T. ) ;
#627 = ORIENTED_EDGE ( 'NONE', *, *, #2165, .F. ) ;
#628 = VERTEX_POINT ( 'NONE', #588 ) ;
#629 = ORIENTED_EDGE ( 'NONE', *, *, #1998, .T. ) ;
#630 = DIRECTION ( 'NONE',  ( -1.000000000000000000, -0.000000000000000000, -0.000000000000000000 ) ) ;
#631 = ORIENTED_EDGE ( 'NONE', *, *, #860, .F. ) ;
#632 = VECTOR ( 'NONE', #1915, 1000.000000000000000 ) ;
#633 = EDGE_LOOP ( 'NONE', ( #585, #1874 ) ) ;
#634 = CYLINDRICAL_SURFACE ( 'NONE', #887, 1.999999999991585398 ) ;
#635 = CARTESIAN_POINT ( 'NONE',  ( 6.349999999999999645, -34.24999999999997868, -6.275952641916444641 ) ) ;
#636 = EDGE_CURVE ( 'NONE', #1907, #1949, #386, .T. ) ;
#637 = CARTESIAN_POINT ( 'NONE',  ( -6.349999999999999645, 200.6599999999999682, -57.14999999999999147 ) ) ;
#638 = LINE ( 'NONE', #1239, #1494 ) ;
#639 = ADVANCED_FACE ( 'NONE', ( #3 ), #616, .F. ) ;
#640 = EDGE_LOOP ( 'NONE', ( #548, #169 ) ) ;
#641 = ORIENTED_EDGE ( 'NONE', *, *, #40, .T. ) ;
#642 = DIRECTION ( 'NONE',  ( 0.000000000000000000, 0.000000000000000000, 1.000000000000000000 ) ) ;
#643 = CIRCLE ( 'NONE', #1904, 2.000000000000008882 ) ;
#644 = CYLINDRICAL_SURFACE ( 'NONE', #2420, 5.499999999999991118 ) ;
#645 = FACE_OUTER_BOUND ( 'NONE', #1333, .T. ) ;
#646 = DIRECTION ( 'NONE',  ( 0.000000000000000000, 0.000000000000000000, -1.000000000000000000 ) ) ;
#647 = APPROVAL_DATE_TIME ( #2344, #620 ) ;
#648 = CIRCLE ( 'NONE', #112, 5.500000000000005329 ) ;
#649 = EDGE_CURVE ( 'NONE', #1832, #1901, #289, .T. ) ;
#650 = DIRECTION ( 'NONE',  ( -1.000000000000000000, -0.000000000000000000, -0.000000000000000000 ) ) ;
#651 = CARTESIAN_POINT ( 'NONE',  ( -6.349999999999999645, 238.7599999999999625, -69.84999999999998010 ) ) ;
#652 = VECTOR ( 'NONE', #328, 1000.000000000000000 ) ;
#653 = ADVANCED_FACE ( 'NONE', ( #2405 ), #1280, .F. ) ;
#654 = EDGE_LOOP ( 'NONE', ( #1253, #1671 ) ) ;
#655 = APPROVAL_PERSON_ORGANIZATION ( #13, #620, #436 ) ;
#656 = VERTEX_POINT ( 'NONE', #1088 ) ;
#657 = CARTESIAN_POINT ( 'NONE',  ( -6.349999999999999645, 53.00000000000000711, 68.19999999999998863 ) ) ;
#658 = CARTESIAN_POINT ( 'NONE',  ( 6.349999999999999645, 53.00000000000002842, -45.29999999999999716 ) ) ;
#659 = AXIS2_PLACEMENT_3D ( 'NONE', #796, #560, #1566 ) ;
#660 = EDGE_LOOP ( 'NONE', ( #921, #631 ) ) ;
#661 = CIRCLE ( 'NONE', #709, 6.349999999999994316 ) ;
#662 = LINE ( 'NONE', #1062, #1254 ) ;
#663 = CYLINDRICAL_SURFACE ( 'NONE', #1334, 5.499999999999991118 ) ;
#664 = DIRECTION ( 'NONE',  ( 1.000000000000000000, -0.000000000000000000, -0.000000000000000000 ) ) ;
#665 = ORIENTED_EDGE ( 'NONE', *, *, #1795, .F. ) ;
#666 = LINE ( 'NONE', #1640, #55 ) ;
#667 = ORIENTED_EDGE ( 'NONE', *, *, #322, .T. ) ;
#668 = EDGE_CURVE ( 'NONE', #1562, #482, #1399, .T. ) ;
#669 = EDGE_LOOP ( 'NONE', ( #862, #1274, #416, #49 ) ) ;
#670 = EDGE_CURVE ( 'NONE', #1068, #2118, #1666, .T. ) ;
#671 = CYLINDRICAL_SURFACE ( 'NONE', #1480, 2.000000000000008882 ) ;
#672 = CARTESIAN_POINT ( 'NONE',  ( -6.349999999999999645, -200.6599999999999682, -63.49999999999998579 ) ) ;
#673 = CARTESIAN_POINT ( 'NONE',  ( 6.349999999999999645, -95.00000000000477485, 24.20000000000460005 ) ) ;
#674 = CYLINDRICAL_SURFACE ( 'NONE', #1987, 6.349999999999994316 ) ;
#675 = DIRECTION ( 'NONE',  ( 0.000000000000000000, 0.000000000000000000, 1.000000000000000000 ) ) ;
#676 = ORIENTED_EDGE ( 'NONE', *, *, #306, .T. ) ;
#677 = EDGE_LOOP ( 'NONE', ( #380, #2373 ) ) ;
#678 = EDGE_LOOP ( 'NONE', ( #681, #1160 ) ) ;
#679 = VERTEX_POINT ( 'NONE', #1321 ) ;
#680 = EDGE_CURVE ( 'NONE', #1172, #122, #323, .T. ) ;
#681 = ORIENTED_EDGE ( 'NONE', *, *, #1820, .F. ) ;
#682 = DIRECTION ( 'NONE',  ( 0.000000000000000000, 0.000000000000000000, 1.000000000000000000 ) ) ;
#683 = DIRECTION ( 'NONE',  ( 1.000000000000000000, 0.000000000000000000, 0.000000000000000000 ) ) ;
#684 = EDGE_CURVE ( 'NONE', #1858, #1096, #589, .T. ) ;
#685 = DIRECTION ( 'NONE',  ( 0.000000000000000000, 0.000000000000000000, -1.000000000000000000 ) ) ;
#686 = DIRECTION ( 'NONE',  ( 0.000000000000000000, 0.000000000000000000, 1.000000000000000000 ) ) ;
#687 = DIRECTION ( 'NONE',  ( -1.000000000000000000, -0.000000000000000000, -0.000000000000000000 ) ) ;
#688 = ORIENTED_EDGE ( 'NONE', *, *, #2409, .F. ) ;
#689 = CARTESIAN_POINT ( 'NONE',  ( 6.349999999999999645, -53.00000000000000711, 70.19999999999998863 ) ) ;
#690 = CIRCLE ( 'NONE', #486, 6.349999999999994316 ) ;
#691 = AXIS2_PLACEMENT_3D ( 'NONE', #672, #279, #869 ) ;
#692 = DIRECTION ( 'NONE',  ( 1.000000000000000000, -0.000000000000000000, -0.000000000000000000 ) ) ;
#693 = CARTESIAN_POINT ( 'NONE',  ( 6.349999999999999645, 200.6599999999999682, 57.14999999999999147 ) ) ;
#694 = VECTOR ( 'NONE', #204, 1000.000000000000000 ) ;
#695 = AXIS2_PLACEMENT_3D ( 'NONE', #2504, #765, #1345 ) ;
#696 = AXIS2_PLACEMENT_3D ( 'NONE', #882, #1065, #2412 ) ;
#697 = ADVANCED_FACE ( 'NONE', ( #1486 ), #1676, .F. ) ;
#698 = PERSON_AND_ORGANIZATION ( #337, #203 ) ;
#699 = DIRECTION ( 'NONE',  ( -1.000000000000000000, -0.000000000000000000, -0.000000000000000000 ) ) ;
#700 = PLANE ( 'NONE',  #2491 ) ;
#701 = DIRECTION ( 'NONE',  ( -1.000000000000000000, -0.000000000000000000, -0.000000000000000000 ) ) ;
#702 = ORIENTED_EDGE ( 'NONE', *, *, #110, .T. ) ;
#703 = DIRECTION ( 'NONE',  ( 0.000000000000000000, 0.000000000000000000, -1.000000000000000000 ) ) ;
#704 = ORIENTED_EDGE ( 'NONE', *, *, #1765, .T. ) ;
#705 = CARTESIAN_POINT ( 'NONE',  ( 6.349999999999999645, 304.7999999999999545, 76.19999999999998863 ) ) ;
#706 = CARTESIAN_POINT ( 'NONE',  ( 6.349999999999999645, -23.30151519016675365, 55.89848480983197732 ) ) ;
#707 = DIRECTION ( 'NONE',  ( 0.000000000000000000, 0.000000000000000000, -1.000000000000000000 ) ) ;
#708 = CARTESIAN_POINT ( 'NONE',  ( 6.349999999999999645, -23.30151519016500217, -5.498484809826599928 ) ) ;
#709 = AXIS2_PLACEMENT_3D ( 'NONE', #2403, #295, #2238 ) ;
#710 = AXIS2_PLACEMENT_3D ( 'NONE', #2482, #1384, #1260 ) ;
#711 = DIRECTION ( 'NONE',  ( 0.000000000000000000, 0.000000000000000000, 1.000000000000000000 ) ) ;
#712 = CARTESIAN_POINT ( 'NONE',  ( -6.349999999999999645, 95.00000000000477485, 28.20000000000461782 ) ) ;
#713 = ADVANCED_FACE ( 'NONE', ( #148 ), #2306, .F. ) ;
#714 = ORIENTED_EDGE ( 'NONE', *, *, #1451, .T. ) ;
#715 = CARTESIAN_POINT ( 'NONE',  ( 6.349999999999999645, -82.69848480983502270, -5.498484809828426911 ) ) ;
#716 = EDGE_CURVE ( 'NONE', #1096, #1858, #226, .T. ) ;
#717 = ORIENTED_EDGE ( 'NONE', *, *, #1375, .F. ) ;
#718 = LINE ( 'NONE', #2288, #1496 ) ;
#719 = DIRECTION ( 'NONE',  ( 0.000000000000000000, 0.000000000000000000, 1.000000000000000000 ) ) ;
#720 = AXIS2_PLACEMENT_3D ( 'NONE', #496, #2011, #2000 ) ;
#721 = DATE_AND_TIME ( #1488, #849 ) ;
#722 = CARTESIAN_POINT ( 'NONE',  ( -6.349999999999999645, 200.6599999999999682, -63.49999999999998579 ) ) ;
#723 = ORIENTED_EDGE ( 'NONE', *, *, #283, .F. ) ;
#724 = EDGE_LOOP ( 'NONE', ( #144, #2481, #1227, #874 ) ) ;
#725 = ADVANCED_FACE ( 'NONE', ( #189, #408, #761, #365, #1919, #1905, #580, #1164, #967, #227, #1523, #1743, #1149, #2501, #1724, #608, #1374, #1889, #2490, #2115, #2261, #567, #178, #953, #1335, #1190, #1177, #210, #1572 ), #2273, .F. ) ;
#726 = AXIS2_PLACEMENT_3D ( 'NONE', #1723, #428, #1216 ) ;
#727 = VECTOR ( 'NONE', #2265, 1000.000000000000000 ) ;
#728 = CIRCLE ( 'NONE', #116, 2.000000000000008882 ) ;
#729 = CARTESIAN_POINT ( 'NONE',  ( 6.349999999999999645, 200.6599999999999682, 63.49999999999998579 ) ) ;
#730 = FACE_BOUND ( 'NONE', #118, .T. ) ;
#731 = AXIS2_PLACEMENT_3D ( 'NONE', #1034, #940, #174 ) ;
#732 = ORIENTED_EDGE ( 'NONE', *, *, #1632, .F. ) ;
#733 = CARTESIAN_POINT ( 'NONE',  ( -6.349999999999999645, -23.30151519016675365, 55.89848480983197732 ) ) ;
#734 = VERTEX_POINT ( 'NONE', #621 ) ;
#735 = CARTESIAN_POINT ( 'NONE',  ( 6.349999999999999645, 34.24999999999997868, -6.275952641916447305 ) ) ;
#736 = AXIS2_PLACEMENT_3D ( 'NONE', #1634, #1077, #2425 ) ;
#737 = VERTEX_POINT ( 'NONE', #379 ) ;
#738 = CARTESIAN_POINT ( 'NONE',  ( 6.349999999999999645, 34.24999999999997158, -25.39999999999999147 ) ) ;
#739 = FACE_OUTER_BOUND ( 'NONE', #612, .T. ) ;
#740 = CARTESIAN_POINT ( 'NONE',  ( 6.349999999999999645, 200.6599999999999682, -63.49999999999998579 ) ) ;
#741 = DIRECTION ( 'NONE',  ( 1.000000000000000000, -0.000000000000000000, -0.000000000000000000 ) ) ;
#742 = EDGE_CURVE ( 'NONE', #404, #11, #778, .T. ) ;
#743 = ORIENTED_EDGE ( 'NONE', *, *, #81, .F. ) ;
#744 = CARTESIAN_POINT ( 'NONE',  ( 6.349999999999999645, 95.00000000000477485, 28.20000000000461782 ) ) ;
#745 = CARTESIAN_POINT ( 'NONE',  ( 6.349999999999999645, -53.00000000000000711, 26.19999999999998863 ) ) ;
#746 = CARTESIAN_POINT ( 'NONE',  ( 6.349999999999999645, -95.00000000000477485, 26.20000000000460716 ) ) ;
#747 = ORIENTED_EDGE ( 'NONE', *, *, #2251, .F. ) ;
#748 = VECTOR ( 'NONE', #2315, 1000.000000000000000 ) ;
#749 = CARTESIAN_POINT ( 'NONE',  ( 6.349999999999999645, 82.69848480983642958, 57.89848480983830825 ) ) ;
#750 = EDGE_LOOP ( 'NONE', ( #852, #2460, #1011, #2269 ) ) ;
#751 = CARTESIAN_POINT ( 'NONE',  ( 6.349999999999999645, 95.00000000000477485, 26.20000000000460716 ) ) ;
#752 = ORIENTED_EDGE ( 'NONE', *, *, #23, .F. ) ;
#753 = EDGE_CURVE ( 'NONE', #1832, #1438, #1930, .T. ) ;
#754 = EDGE_CURVE ( 'NONE', #854, #137, #558, .T. ) ;
#755 = VECTOR ( 'NONE', #1854, 1000.000000000000000 ) ;
#756 = VERTEX_POINT ( 'NONE', #1358 ) ;
#757 = EDGE_LOOP ( 'NONE', ( #1208, #1440, #2175, #406 ) ) ;
#758 = DIRECTION ( 'NONE',  ( -1.000000000000000000, -0.000000000000000000, -0.000000000000000000 ) ) ;
#759 = CARTESIAN_POINT ( 'NONE',  ( -6.349999999999999645, 11.00000000000478373, 26.19999999999566143 ) ) ;
#760 = LINE ( 'NONE', #1331, #373 ) ;
#761 = FACE_BOUND ( 'NONE', #2095, .T. ) ;
#762 = FACE_BOUND ( 'NONE', #777, .T. ) ;
#763 = ORIENTED_EDGE ( 'NONE', *, *, #555, .T. ) ;
#764 = CIRCLE ( 'NONE', #1491, 1.999999999993426369 ) ;
#765 = DIRECTION ( 'NONE',  ( -1.000000000000000000, -0.000000000000000000, -0.000000000000000000 ) ) ;
#766 = AXIS2_PLACEMENT_3D ( 'NONE', #167, #1394, #2135 ) ;
#767 = CYLINDRICAL_SURFACE ( 'NONE', #892, 2.000000000000008882 ) ;
#768 = CARTESIAN_POINT ( 'NONE',  ( 6.350000000000000533, 53.00000000000002842, -56.29999999999997584 ) ) ;
#769 = ADVANCED_FACE ( 'NONE', ( #1564 ), #6, .T. ) ;
#770 = VERTEX_POINT ( 'NONE', #2148 ) ;
#771 = ORIENTED_EDGE ( 'NONE', *, *, #527, .F. ) ;
#772 = CARTESIAN_POINT ( 'NONE',  ( 6.349999999999999645, -82.69848480983502270, -3.498484809835000764 ) ) ;
#773 = ADVANCED_FACE ( 'NONE', ( #1027 ), #674, .F. ) ;
#774 = DIRECTION ( 'NONE',  ( 0.000000000000000000, 0.000000000000000000, 1.000000000000000000 ) ) ;
#775 = DIRECTION ( 'NONE',  ( 0.000000000000000000, 0.000000000000000000, 1.000000000000000000 ) ) ;
#776 = ORIENTED_EDGE ( 'NONE', *, *, #2223, .F. ) ;
#777 = EDGE_LOOP ( 'NONE', ( #2057, #2069 ) ) ;
#778 = LINE ( 'NONE', #794, #235 ) ;
#779 = VERTEX_POINT ( 'NONE', #2071 ) ;
#780 = CARTESIAN_POINT ( 'NONE',  ( 6.349999999999999645, -82.69848480983642958, 57.89848480983830825 ) ) ;
#781 = CYLINDRICAL_SURFACE ( 'NONE', #2156, 37.49999999999999289 ) ;
#782 = LINE ( 'NONE', #1893, #2290 ) ;
#783 = VERTEX_POINT ( 'NONE', #372 ) ;
#784 = EDGE_CURVE ( 'NONE', #252, #1339, #385, .T. ) ;
#785 = ORIENTED_EDGE ( 'NONE', *, *, #1400, .F. ) ;
#786 = CARTESIAN_POINT ( 'NONE',  ( -6.349999999999999645, 304.7999999999999545, 76.19999999999998863 ) ) ;
#787 = DIRECTION ( 'NONE',  ( 0.000000000000000000, 0.000000000000000000, 1.000000000000000000 ) ) ;
#788 = LINE ( 'NONE', #1547, #2485 ) ;
#789 = DIRECTION ( 'NONE',  ( 0.000000000000000000, 0.000000000000000000, -1.000000000000000000 ) ) ;
#790 = CIRCLE ( 'NONE', #2296, 37.49999999999999289 ) ;
#791 = ORIENTED_EDGE ( 'NONE', *, *, #1542, .T. ) ;
#792 = ORIENTED_EDGE ( 'NONE', *, *, #1739, .T. ) ;
#793 = ADVANCED_FACE ( 'NONE', ( #1320 ), #1185, .F. ) ;
#794 = CARTESIAN_POINT ( 'NONE',  ( 6.349999999999999645, 238.7599999999999625, 69.84999999999998010 ) ) ;
#795 = MECHANICAL_CONTEXT ( 'NONE', #1567, 'mechanical' ) ;
#796 = CARTESIAN_POINT ( 'NONE',  ( 6.350000000000000533, -53.00000000000002842, -50.79999999999999005 ) ) ;
#797 = VERTEX_POINT ( 'NONE', #2302 ) ;
#798 = DIRECTION ( 'NONE',  ( -1.000000000000000000, -0.000000000000000000, -0.000000000000000000 ) ) ;
#799 = DIRECTION ( 'NONE',  ( 1.000000000000000000, 0.000000000000000000, 0.000000000000000000 ) ) ;
#800 = AXIS2_PLACEMENT_3D ( 'NONE', #841, #2332, #682 ) ;
#801 = FACE_OUTER_BOUND ( 'NONE', #1059, .T. ) ;
#802 = EDGE_LOOP ( 'NONE', ( #473, #1989, #2074, #1436 ) ) ;
#803 = ORIENTED_EDGE ( 'NONE', *, *, #2347, .F. ) ;
#804 = EDGE_CURVE ( 'NONE', #17, #2426, #1368, .T. ) ;
#805 = ORIENTED_EDGE ( 'NONE', *, *, #1264, .F. ) ;
#806 = CARTESIAN_POINT ( 'NONE',  ( -6.349999999999999645, -23.30151519016675365, 53.89848480983197021 ) ) ;
#807 = DIRECTION ( 'NONE',  ( -1.000000000000000000, -0.000000000000000000, -0.000000000000000000 ) ) ;
#808 = VECTOR ( 'NONE', #2369, 1000.000000000000000 ) ;
#809 = AXIS2_PLACEMENT_3D ( 'NONE', #817, #1944, #419 ) ;
#810 = DIRECTION ( 'NONE',  ( 0.000000000000000000, 0.000000000000000000, -1.000000000000000000 ) ) ;
#811 = CARTESIAN_POINT ( 'NONE',  ( 6.349999999999999645, 53.00000000000000711, 26.19999999999998863 ) ) ;
#812 = AXIS2_PLACEMENT_3D ( 'NONE', #1847, #1111, #2073 ) ;
#813 = VECTOR ( 'NONE', #180, 1000.000000000000000 ) ;
#814 = ORIENTED_EDGE ( 'NONE', *, *, #1507, .F. ) ;
#815 = CIRCLE ( 'NONE', #315, 6.349999999999994316 ) ;
#816 = ADVANCED_FACE ( 'NONE', ( #2471 ), #1686, .T. ) ;
#817 = CARTESIAN_POINT ( 'NONE',  ( 6.349999999999999645, 53.00000000000000711, 68.19999999999998863 ) ) ;
#818 = DIRECTION ( 'NONE',  ( 1.000000000000000000, 0.000000000000000000, 0.000000000000000000 ) ) ;
#819 = CARTESIAN_POINT ( 'NONE',  ( 6.349999999999999645, 238.7599999999999625, -57.14999999999999147 ) ) ;
#820 = VERTEX_POINT ( 'NONE', #938 ) ;
#821 = CARTESIAN_POINT ( 'NONE',  ( 6.349999999999999645, -82.69848480983642958, 57.89848480983830825 ) ) ;
#822 = ORIENTED_EDGE ( 'NONE', *, *, #2084, .T. ) ;
#823 = ORIENTED_EDGE ( 'NONE', *, *, #969, .T. ) ;
#824 = CARTESIAN_POINT ( 'NONE',  ( -6.349999999999999645, 153.0000000000000284, 26.19999999999998863 ) ) ;
#825 = EDGE_LOOP ( 'NONE', ( #376, #667 ) ) ;
#826 = CIRCLE ( 'NONE', #1976, 37.49999999999999289 ) ;
#827 = DIRECTION ( 'NONE',  ( -1.000000000000000000, -0.000000000000000000, -0.000000000000000000 ) ) ;
#828 = ADVANCED_FACE ( 'NONE', ( #1700 ), #2454, .F. ) ;
#829 = DIRECTION ( 'NONE',  ( 0.000000000000000000, 0.000000000000000000, 1.000000000000000000 ) ) ;
#830 = CARTESIAN_POINT ( 'NONE',  ( 6.349999999999999645, -238.7599999999999625, 69.84999999999998010 ) ) ;
#831 = CARTESIAN_POINT ( 'NONE',  ( 6.349999999999999645, 23.30151519016675365, 55.89848480983197732 ) ) ;
#832 = AXIS2_PLACEMENT_3D ( 'NONE', #2155, #41, #1802 ) ;
#833 = EDGE_CURVE ( 'NONE', #1727, #1560, #429, .T. ) ;
#834 = APPLICATION_PROTOCOL_DEFINITION ( 'international standard', 'config_control_design', 1994, #2184 ) ;
#835 = LINE ( 'NONE', #2182, #1616 ) ;
#836 = FACE_OUTER_BOUND ( 'NONE', #98, .T. ) ;
#837 = ORIENTED_EDGE ( 'NONE', *, *, #494, .F. ) ;
#838 = VERTEX_POINT ( 'NONE', #1443 ) ;
#839 = DIRECTION ( 'NONE',  ( 0.000000000000000000, 0.000000000000000000, -1.000000000000000000 ) ) ;
#840 = VECTOR ( 'NONE', #1295, 1000.000000000000000 ) ;
#841 = CARTESIAN_POINT ( 'NONE',  ( 6.349999999999999645, -238.7599999999999625, -63.49999999999998579 ) ) ;
#842 = DIRECTION ( 'NONE',  ( 0.000000000000000000, 1.000000000000000000, 0.000000000000000000 ) ) ;
#843 = LINE ( 'NONE', #2314, #2259 ) ;
#844 = CIRCLE ( 'NONE', #1132, 1.999999999991584954 ) ;
#845 = CARTESIAN_POINT ( 'NONE',  ( 6.349999999999999645, 53.00000000000000711, 70.19999999999998863 ) ) ;
#846 = ADVANCED_FACE ( 'NONE', ( #801 ), #1076, .F. ) ;
#847 = AXIS2_PLACEMENT_3D ( 'NONE', #2172, #469, #1636 ) ;
#848 = ORIENTED_EDGE ( 'NONE', *, *, #1116, .F. ) ;
#849 = LOCAL_TIME ( 17, 51, 37.00000000000000000, #1792 ) ;
#850 = CARTESIAN_POINT ( 'NONE',  ( 6.349999999999999645, 200.6599999999999682, -57.14999999999999147 ) ) ;
#851 = EDGE_CURVE ( 'NONE', #2164, #1635, #1817, .T. ) ;
#852 = ORIENTED_EDGE ( 'NONE', *, *, #1145, .F. ) ;
#853 = CARTESIAN_POINT ( 'NONE',  ( -6.349999999999999645, 71.75000000000005684, -25.39999999999999147 ) ) ;
#854 = VERTEX_POINT ( 'NONE', #87 ) ;
#855 = AXIS2_PLACEMENT_3D ( 'NONE', #1979, #1231, #914 ) ;
#856 = CYLINDRICAL_SURFACE ( 'NONE', #1039, 5.499999999999991118 ) ;
#857 = SECURITY_CLASSIFICATION_LEVEL ( 'unclassified' ) ;
#858 = DIRECTION ( 'NONE',  ( 0.000000000000000000, -0.000000000000000000, 1.000000000000000000 ) ) ;
#859 = CARTESIAN_POINT ( 'NONE',  ( -6.349999999999999645, 200.6599999999999682, 57.14999999999999147 ) ) ;
#860 = EDGE_CURVE ( 'NONE', #500, #1401, #1168, .T. ) ;
#861 = VERTEX_POINT ( 'NONE', #221 ) ;
#862 = ORIENTED_EDGE ( 'NONE', *, *, #670, .F. ) ;
#863 = DIRECTION ( 'NONE',  ( -1.000000000000000000, -0.000000000000000000, -0.000000000000000000 ) ) ;
#864 = DIRECTION ( 'NONE',  ( 1.000000000000000000, 0.000000000000000000, 0.000000000000000000 ) ) ;
#865 = AXIS2_PLACEMENT_3D ( 'NONE', #2041, #2050, #719 ) ;
#866 = CYLINDRICAL_SURFACE ( 'NONE', #470, 2.000000000000005329 ) ;
#867 = FACE_BOUND ( 'NONE', #678, .T. ) ;
#868 = EDGE_LOOP ( 'NONE', ( #2169, #622 ) ) ;
#869 = DIRECTION ( 'NONE',  ( 0.000000000000000000, 0.000000000000000000, -1.000000000000000000 ) ) ;
#870 = DIRECTION ( 'NONE',  ( 0.000000000000000000, 0.000000000000000000, 1.000000000000000000 ) ) ;
#871 = CARTESIAN_POINT ( 'NONE',  ( -6.349999999999999645, -238.7599999999999625, -57.14999999999999147 ) ) ;
#872 = ORIENTED_EDGE ( 'NONE', *, *, #2210, .T. ) ;
#873 = EDGE_LOOP ( 'NONE', ( #1325, #1594 ) ) ;
#874 = ORIENTED_EDGE ( 'NONE', *, *, #1302, .T. ) ;
#875 = ADVANCED_FACE ( 'NONE', ( #288 ), #102, .F. ) ;
#876 = AXIS2_PLACEMENT_3D ( 'NONE', #751, #1146, #2375 ) ;
#877 = LINE ( 'NONE', #296, #401 ) ;
#878 = ORIENTED_EDGE ( 'NONE', *, *, #680, .F. ) ;
#879 = ORIENTED_EDGE ( 'NONE', *, *, #2280, .T. ) ;
#880 = CARTESIAN_POINT ( 'NONE',  ( -6.349999999999999645, -238.7599999999999625, 63.49999999999998579 ) ) ;
#881 = ORIENTED_EDGE ( 'NONE', *, *, #439, .F. ) ;
#882 = CARTESIAN_POINT ( 'NONE',  ( 6.349999999999999645, -153.0000000000000284, 26.19999999999998863 ) ) ;
#883 = LINE ( 'NONE', #735, #652 ) ;
#884 = VERTEX_POINT ( 'NONE', #466 ) ;
#885 = LINE ( 'NONE', #1267, #1053 ) ;
#886 = CIRCLE ( 'NONE', #151, 2.000000000000008882 ) ;
#887 = AXIS2_PLACEMENT_3D ( 'NONE', #1776, #1245, #476 ) ;
#888 = CARTESIAN_POINT ( 'NONE',  ( 6.349999999999999645, -23.30151519016500217, -5.498484809826599928 ) ) ;
#889 = ORIENTED_EDGE ( 'NONE', *, *, #2331, .T. ) ;
#890 = DIRECTION ( 'NONE',  ( 0.000000000000000000, 0.000000000000000000, 1.000000000000000000 ) ) ;
#891 = LINE ( 'NONE', #705, #1102 ) ;
#892 = AXIS2_PLACEMENT_3D ( 'NONE', #543, #1871, #2278 ) ;
#893 = EDGE_CURVE ( 'NONE', #1560, #1479, #281, .T. ) ;
#894 = AXIS2_PLACEMENT_3D ( 'NONE', #2220, #2197, #685 ) ;
#895 = VECTOR ( 'NONE', #1539, 1000.000000000000000 ) ;
#896 = ORIENTED_EDGE ( 'NONE', *, *, #133, .F. ) ;
#897 = ORIENTED_EDGE ( 'NONE', *, *, #1777, .F. ) ;
#898 = DIRECTION ( 'NONE',  ( 0.000000000000000000, 0.000000000000000000, -1.000000000000000000 ) ) ;
#899 = CARTESIAN_POINT ( 'NONE',  ( 6.349999999999999645, 11.00000000000478373, 28.19999999999566498 ) ) ;
#900 = DIRECTION ( 'NONE',  ( -1.000000000000000000, -0.000000000000000000, -0.000000000000000000 ) ) ;
#901 = ORIENTED_EDGE ( 'NONE', *, *, #1849, .T. ) ;
#902 = EDGE_LOOP ( 'NONE', ( #2293, #2348 ) ) ;
#903 = CARTESIAN_POINT ( 'NONE',  ( 6.349999999999999645, -95.00000000000477485, 26.20000000000460716 ) ) ;
#904 = FACE_OUTER_BOUND ( 'NONE', #1211, .T. ) ;
#905 = ORIENTED_EDGE ( 'NONE', *, *, #177, .F. ) ;
#906 = DIRECTION ( 'NONE',  ( 0.000000000000000000, 0.000000000000000000, 1.000000000000000000 ) ) ;
#907 = EDGE_LOOP ( 'NONE', ( #464, #1995, #1821, #317 ) ) ;
#908 = EDGE_CURVE ( 'NONE', #1442, #1433, #843, .T. ) ;
#909 = DIRECTION ( 'NONE',  ( -1.000000000000000000, -0.000000000000000000, -0.000000000000000000 ) ) ;
#910 = FACE_OUTER_BOUND ( 'NONE', #1123, .T. ) ;
#911 = ORIENTED_EDGE ( 'NONE', *, *, #446, .F. ) ;
#912 = EDGE_CURVE ( 'NONE', #1312, #2505, #1205, .T. ) ;
#913 = ORIENTED_EDGE ( 'NONE', *, *, #2165, .T. ) ;
#914 = DIRECTION ( 'NONE',  ( 0.000000000000000000, 0.000000000000000000, 1.000000000000000000 ) ) ;
#915 = VERTEX_POINT ( 'NONE', #1249 ) ;
#916 = FACE_BOUND ( 'NONE', #541, .T. ) ;
#917 = ORIENTED_EDGE ( 'NONE', *, *, #754, .T. ) ;
#918 = AXIS2_PLACEMENT_3D ( 'NONE', #233, #2384, #2170 ) ;
#919 = DIRECTION ( 'NONE',  ( 1.000000000000000000, 0.000000000000000000, 0.000000000000000000 ) ) ;
#920 = CYLINDRICAL_SURFACE ( 'NONE', #1733, 5.499999999999991118 ) ;
#921 = ORIENTED_EDGE ( 'NONE', *, *, #1998, .F. ) ;
#922 = EDGE_CURVE ( 'NONE', #1317, #106, #2144, .T. ) ;
#923 = DIRECTION ( 'NONE',  ( 1.000000000000000000, 0.000000000000000000, 0.000000000000000000 ) ) ;
#924 = ORIENTED_EDGE ( 'NONE', *, *, #78, .T. ) ;
#925 = DIRECTION ( 'NONE',  ( -1.000000000000000000, -0.000000000000000000, -0.000000000000000000 ) ) ;
#926 = EDGE_CURVE ( 'NONE', #2461, #679, #1612, .T. ) ;
#927 = DIRECTION ( 'NONE',  ( -1.000000000000000000, -0.000000000000000000, -0.000000000000000000 ) ) ;
#928 = CIRCLE ( 'NONE', #1801, 5.499999999999998224 ) ;
#929 = DIRECTION ( 'NONE',  ( 0.000000000000000000, 0.000000000000000000, -1.000000000000000000 ) ) ;
#930 = CIRCLE ( 'NONE', #968, 1.999999999993426369 ) ;
#931 = AXIS2_PLACEMENT_3D ( 'NONE', #490, #2469, #1271 ) ;
#932 = CYLINDRICAL_SURFACE ( 'NONE', #1099, 5.499999999999991118 ) ;
#933 = PERSON_AND_ORGANIZATION ( #337, #203 ) ;
#934 = DIRECTION ( 'NONE',  ( 1.000000000000000000, 0.000000000000000000, 0.000000000000000000 ) ) ;
#935 = VECTOR ( 'NONE', #481, 1000.000000000000000 ) ;
#936 = ORIENTED_EDGE ( 'NONE', *, *, #142, .T. ) ;
#937 = ADVANCED_FACE ( 'NONE', ( #1986 ), #271, .T. ) ;
#938 = CARTESIAN_POINT ( 'NONE',  ( 6.350000000000000533, -153.0000000000000284, 31.69999999999996376 ) ) ;
#939 = CARTESIAN_POINT ( 'NONE',  ( -6.349999999999999645, 238.7599999999999625, 63.49999999999998579 ) ) ;
#940 = DIRECTION ( 'NONE',  ( 1.000000000000000000, 0.000000000000000000, 0.000000000000000000 ) ) ;
#941 = CARTESIAN_POINT ( 'NONE',  ( -6.349999999999999645, -53.00000000000002842, -50.79999999999999005 ) ) ;
#942 = CARTESIAN_POINT ( 'NONE',  ( -6.349999999999999645, 238.7599999999999625, -63.49999999999998579 ) ) ;
#943 = EDGE_CURVE ( 'NONE', #1045, #2206, #1522, .T. ) ;
#944 = FACE_OUTER_BOUND ( 'NONE', #1920, .T. ) ;
#945 = CARTESIAN_POINT ( 'NONE',  ( 6.349999999999999645, -11.00000000000478373, 26.19999999999566143 ) ) ;
#946 = CIRCLE ( 'NONE', #88, 6.349999999999994316 ) ;
#947 = ORIENTED_EDGE ( 'NONE', *, *, #2068, .T. ) ;
#948 = EDGE_LOOP ( 'NONE', ( #1371, #1174, #617, #1453 ) ) ;
#949 = DIRECTION ( 'NONE',  ( 0.000000000000000000, -1.000000000000000000, 0.000000000000000000 ) ) ;
#950 = EDGE_CURVE ( 'NONE', #838, #2206, #520, .T. ) ;
#951 = CARTESIAN_POINT ( 'NONE',  ( -6.349999999999999645, 23.30151519016675365, 53.89848480983197021 ) ) ;
#952 = ORIENTED_EDGE ( 'NONE', *, *, #1866, .T. ) ;
#953 = FACE_BOUND ( 'NONE', #1852, .T. ) ;
#954 = ADVANCED_FACE ( 'NONE', ( #2254 ), #1504, .F. ) ;
#955 = DIRECTION ( 'NONE',  ( 0.000000000000000000, 0.000000000000000000, -1.000000000000000000 ) ) ;
#956 = CARTESIAN_POINT ( 'NONE',  ( 6.349999999999999645, 238.7599999999999625, -57.14999999999999147 ) ) ;
#957 = EDGE_CURVE ( 'NONE', #500, #1355, #1126, .T. ) ;
#958 = VECTOR ( 'NONE', #2363, 1000.000000000000000 ) ;
#959 = CYLINDRICAL_SURFACE ( 'NONE', #2228, 6.349999999999994316 ) ;
#960 = DIRECTION ( 'NONE',  ( 0.000000000000000000, 0.000000000000000000, -1.000000000000000000 ) ) ;
#961 = ORIENTED_EDGE ( 'NONE', *, *, #188, .F. ) ;
#962 = CARTESIAN_POINT ( 'NONE',  ( 6.349999999999999645, 23.30151519016500217, -1.498484809843429355 ) ) ;
#963 = ORIENTED_EDGE ( 'NONE', *, *, #1939, .F. ) ;
#964 = CYLINDRICAL_SURFACE ( 'NONE', #2390, 1.999999999993426369 ) ;
#965 = ORIENTED_EDGE ( 'NONE', *, *, #606, .T. ) ;
#966 = VECTOR ( 'NONE', #1485, 1000.000000000000000 ) ;
#967 = FACE_BOUND ( 'NONE', #218, .T. ) ;
#968 = AXIS2_PLACEMENT_3D ( 'NONE', #2204, #1837, #1449 ) ;
#969 = EDGE_CURVE ( 'NONE', #484, #94, #1406, .T. ) ;
#970 = CARTESIAN_POINT ( 'NONE',  ( 6.349999999999999645, 11.00000000000478373, 24.19999999999565432 ) ) ;
#971 = CC_DESIGN_APPROVAL ( #620, ( #387 ) ) ;
#972 = ORIENTED_EDGE ( 'NONE', *, *, #1051, .T. ) ;
#973 = DIRECTION ( 'NONE',  ( 1.000000000000000000, 0.000000000000000000, 0.000000000000000000 ) ) ;
#974 = CARTESIAN_POINT ( 'NONE',  ( 6.349999999999999645, 23.30151519016675365, 57.89848480983198442 ) ) ;
#975 = AXIS2_PLACEMENT_3D ( 'NONE', #2334, #1625, #675 ) ;
#976 = EDGE_LOOP ( 'NONE', ( #2407, #2242, #327, #982 ) ) ;
#977 = CARTESIAN_POINT ( 'NONE',  ( 6.349999999999999645, -23.30151519016500217, -1.498484809843429355 ) ) ;
#978 = EDGE_LOOP ( 'NONE', ( #785, #2157, #1072, #1188, #1270 ) ) ;
#979 = CARTESIAN_POINT ( 'NONE',  ( 6.349999999999999645, -238.7599999999999625, 63.49999999999998579 ) ) ;
#980 = CARTESIAN_POINT ( 'NONE',  ( 6.349999999999999645, -200.6599999999999682, 63.49999999999998579 ) ) ;
#981 = EDGE_LOOP ( 'NONE', ( #250, #1019, #1641, #688 ) ) ;
#982 = ORIENTED_EDGE ( 'NONE', *, *, #1454, .F. ) ;
#983 = EDGE_LOOP ( 'NONE', ( #1971, #1717 ) ) ;
#984 = CARTESIAN_POINT ( 'NONE',  ( 6.349999999999999645, -95.00000000000477485, 26.20000000000460716 ) ) ;
#985 = DIRECTION ( 'NONE',  ( -1.000000000000000000, -0.000000000000000000, -0.000000000000000000 ) ) ;
#986 = DIRECTION ( 'NONE',  ( 1.000000000000000000, 0.000000000000000000, 0.000000000000000000 ) ) ;
#987 = EDGE_CURVE ( 'NONE', #79, #1858, #2054, .T. ) ;
#988 = CARTESIAN_POINT ( 'NONE',  ( -6.349999999999999645, 95.00000000000477485, 24.20000000000460005 ) ) ;
#989 = AXIS2_PLACEMENT_3D ( 'NONE', #729, #1498, #1868 ) ;
#990 = DIRECTION ( 'NONE',  ( -1.000000000000000000, -0.000000000000000000, -0.000000000000000000 ) ) ;
#991 = CARTESIAN_POINT ( 'NONE',  ( 6.349999999999999645, 53.00000000000002842, -56.29999999999998295 ) ) ;
#992 = EDGE_CURVE ( 'NONE', #737, #2311, #532, .T. ) ;
#993 = EDGE_LOOP ( 'NONE', ( #665, #2215 ) ) ;
#994 = VERTEX_POINT ( 'NONE', #744 ) ;
#995 = CARTESIAN_POINT ( 'NONE',  ( 6.349999999999999645, 238.7599999999999625, 69.84999999999998010 ) ) ;
#996 = DIRECTION ( 'NONE',  ( -1.000000000000000000, -0.000000000000000000, -0.000000000000000000 ) ) ;
#997 = LINE ( 'NONE', #1600, #1654 ) ;
#998 = ORIENTED_EDGE ( 'NONE', *, *, #1145, .T. ) ;
#999 = EDGE_CURVE ( 'NONE', #838, #734, #643, .T. ) ;
#1000 = ORIENTED_EDGE ( 'NONE', *, *, #1037, .T. ) ;
#1001 = EDGE_LOOP ( 'NONE', ( #391, #584, #450, #723 ) ) ;
#1002 = EDGE_LOOP ( 'NONE', ( #2018, #897, #1385, #196 ) ) ;
#1003 = CARTESIAN_POINT ( 'NONE',  ( -6.349999999999999645, -200.6599999999999682, 69.84999999999998010 ) ) ;
#1004 = VERTEX_POINT ( 'NONE', #341 ) ;
#1005 = DIRECTION ( 'NONE',  ( 1.000000000000000000, 0.000000000000000000, 0.000000000000000000 ) ) ;
#1006 = DIRECTION ( 'NONE',  ( 0.000000000000000000, 0.000000000000000000, 1.000000000000000000 ) ) ;
#1007 = CIRCLE ( 'NONE', #1332, 6.349999999999994316 ) ;
#1008 = AXIS2_PLACEMENT_3D ( 'NONE', #2359, #478, #1633 ) ;
#1009 = CARTESIAN_POINT ( 'NONE',  ( 6.349999999999999645, -23.30151519016500217, -3.498484809835014531 ) ) ;
#1010 = DIRECTION ( 'NONE',  ( 0.000000000000000000, 0.000000000000000000, 1.000000000000000000 ) ) ;
#1011 = ORIENTED_EDGE ( 'NONE', *, *, #2026, .T. ) ;
#1012 = CIRCLE ( 'NONE', #931, 6.349999999999994316 ) ;
#1013 = ORIENTED_EDGE ( 'NONE', *, *, #81, .T. ) ;
#1014 = CIRCLE ( 'NONE', #1878, 6.349999999999994316 ) ;
#1015 = ORIENTED_EDGE ( 'NONE', *, *, #1670, .F. ) ;
#1016 = ORIENTED_EDGE ( 'NONE', *, *, #2146, .F. ) ;
#1017 = CARTESIAN_POINT ( 'NONE',  ( -6.349999999999999645, -53.00000000000000711, 26.19999999999998863 ) ) ;
#1018 = ADVANCED_FACE ( 'NONE', ( #944 ), #1870, .F. ) ;
#1019 = ORIENTED_EDGE ( 'NONE', *, *, #45, .T. ) ;
#1020 = CIRCLE ( 'NONE', #2361, 5.499999999999998224 ) ;
#1021 = ORIENTED_EDGE ( 'NONE', *, *, #716, .T. ) ;
#1022 = ADVANCED_FACE ( 'NONE', ( #300 ), #152, .F. ) ;
#1023 = DIRECTION ( 'NONE',  ( 0.000000000000000000, 0.000000000000000000, -1.000000000000000000 ) ) ;
#1024 = ORIENTED_EDGE ( 'NONE', *, *, #1193, .T. ) ;
#1025 = CARTESIAN_POINT ( 'NONE',  ( 6.349999999999999645, -23.30151519016500217, -3.498484809835014531 ) ) ;
#1026 = CARTESIAN_POINT ( 'NONE',  ( -6.349999999999999645, 23.30151519016500217, -5.498484809826599928 ) ) ;
#1027 = FACE_OUTER_BOUND ( 'NONE', #1268, .T. ) ;
#1028 = ORIENTED_EDGE ( 'NONE', *, *, #26, .F. ) ;
#1029 = VERTEX_POINT ( 'NONE', #2423 ) ;
#1030 = DIRECTION ( 'NONE',  ( -1.000000000000000000, -0.000000000000000000, -0.000000000000000000 ) ) ;
#1031 = ORIENTED_EDGE ( 'NONE', *, *, #5, .T. ) ;
#1032 = AXIS2_PLACEMENT_3D ( 'NONE', #1707, #2467, #183 ) ;
#1033 = EDGE_CURVE ( 'NONE', #484, #2468, #2044, .T. ) ;
#1034 = CARTESIAN_POINT ( 'NONE',  ( -6.349999999999999645, -53.00000000000000711, 68.19999999999998863 ) ) ;
#1035 = FACE_OUTER_BOUND ( 'NONE', #1201, .T. ) ;
#1036 = VERTEX_POINT ( 'NONE', #354 ) ;
#1037 = EDGE_CURVE ( 'NONE', #2118, #307, #362, .T. ) ;
#1038 = LINE ( 'NONE', #2193, #1055 ) ;
#1039 = AXIS2_PLACEMENT_3D ( 'NONE', #72, #1985, #2008 ) ;
#1040 = PERSON_AND_ORGANIZATION_ROLE ( 'creator' ) ;
#1041 = EDGE_CURVE ( 'NONE', #1412, #126, #2399, .T. ) ;
#1042 = DIRECTION ( 'NONE',  ( 0.000000000000000000, 0.000000000000000000, 1.000000000000000000 ) ) ;
#1043 = CARTESIAN_POINT ( 'NONE',  ( 6.349999999999999645, -34.24999999999997158, -25.39999999999999147 ) ) ;
#1044 = VECTOR ( 'NONE', #537, 1000.000000000000000 ) ;
#1045 = VERTEX_POINT ( 'NONE', #1515 ) ;
#1046 = CARTESIAN_POINT ( 'NONE',  ( 6.349999999999999645, -34.24999999999997158, -25.39999999999999147 ) ) ;
#1047 = AXIS2_PLACEMENT_3D ( 'NONE', #1793, #683, #1455 ) ;
#1048 = AXIS2_PLACEMENT_3D ( 'NONE', #635, #1218, #2356 ) ;
#1049 = CARTESIAN_POINT ( 'NONE',  ( -6.349999999999999645, 11.00000000000478373, 26.19999999999566143 ) ) ;
#1050 = DIRECTION ( 'NONE',  ( 1.000000000000000000, 0.000000000000000000, 0.000000000000000000 ) ) ;
#1051 = EDGE_CURVE ( 'NONE', #2328, #2046, #2448, .T. ) ;
#1052 = CARTESIAN_POINT ( 'NONE',  ( 6.349999999999999645, -71.75000000000005684, -25.39999999999999147 ) ) ;
#1053 = VECTOR ( 'NONE', #1030, 1000.000000000000000 ) ;
#1054 = CARTESIAN_POINT ( 'NONE',  ( -6.349999999999999645, 238.7599999999999625, 57.14999999999999147 ) ) ;
#1055 = VECTOR ( 'NONE', #435, 1000.000000000000000 ) ;
#1056 = VERTEX_POINT ( 'NONE', #2297 ) ;
#1057 = LOCAL_TIME ( 17, 51, 37.00000000000000000, #2043 ) ;
#1058 = CARTESIAN_POINT ( 'NONE',  ( -6.349999999999999645, -95.00000000000477485, 28.20000000000461782 ) ) ;
#1059 = EDGE_LOOP ( 'NONE', ( #2081, #1607, #1662, #553 ) ) ;
#1060 = EDGE_CURVE ( 'NONE', #574, #1882, #1191, .T. ) ;
#1061 = AXIS2_PLACEMENT_3D ( 'NONE', #2045, #2440, #2021 ) ;
#1062 = CARTESIAN_POINT ( 'NONE',  ( -6.349999999999999645, -304.7999999999999545, 76.19999999999998863 ) ) ;
#1063 = CARTESIAN_POINT ( 'NONE',  ( 6.349999999999999645, -238.7599999999999625, -69.84999999999998010 ) ) ;
#1064 = CC_DESIGN_PERSON_AND_ORGANIZATION_ASSIGNMENT ( #2410, #2218, ( #71 ) ) ;
#1065 = DIRECTION ( 'NONE',  ( 1.000000000000000000, -0.000000000000000000, -0.000000000000000000 ) ) ;
#1066 = CARTESIAN_POINT ( 'NONE',  ( -6.349999999999999645, 23.30151519016500217, -3.498484809835014531 ) ) ;
#1067 = ADVANCED_FACE ( 'NONE', ( #2080 ), #1731, .F. ) ;
#1068 = VERTEX_POINT ( 'NONE', #367 ) ;
#1069 = ORIENTED_EDGE ( 'NONE', *, *, #544, .T. ) ;
#1070 = VERTEX_POINT ( 'NONE', #1714 ) ;
#1071 = DIRECTION ( 'NONE',  ( 1.000000000000000000, -0.000000000000000000, -0.000000000000000000 ) ) ;
#1072 = ORIENTED_EDGE ( 'NONE', *, *, #1711, .F. ) ;
#1073 = CIRCLE ( 'NONE', #1475, 5.499999999999998224 ) ;
#1074 = DIRECTION ( 'NONE',  ( 0.000000000000000000, 0.000000000000000000, 1.000000000000000000 ) ) ;
#1075 = CYLINDRICAL_SURFACE ( 'NONE', #1536, 37.49999999999999289 ) ;
#1076 = CYLINDRICAL_SURFACE ( 'NONE', #2222, 6.349999999999994316 ) ;
#1077 = DIRECTION ( 'NONE',  ( 1.000000000000000000, -0.000000000000000000, -0.000000000000000000 ) ) ;
#1078 = DIRECTION ( 'NONE',  ( -1.000000000000000000, -0.000000000000000000, -0.000000000000000000 ) ) ;
#1079 = ORIENTED_EDGE ( 'NONE', *, *, #684, .F. ) ;
#1080 = EDGE_CURVE ( 'NONE', #403, #25, #1565, .T. ) ;
#1081 = DIRECTION ( 'NONE',  ( 1.000000000000000000, -0.000000000000000000, -0.000000000000000000 ) ) ;
#1082 = ORIENTED_EDGE ( 'NONE', *, *, #1613, .F. ) ;
#1083 = LINE ( 'NONE', #1835, #64 ) ;
#1084 = AXIS2_PLACEMENT_3D ( 'NONE', #1605, #483, #2174 ) ;
#1085 = ORIENTED_EDGE ( 'NONE', *, *, #1670, .T. ) ;
#1086 = CARTESIAN_POINT ( 'NONE',  ( -6.349999999999999645, -53.00000000000002842, -45.29999999999999005 ) ) ;
#1087 = EDGE_CURVE ( 'NONE', #94, #1292, #2121, .T. ) ;
#1088 = CARTESIAN_POINT ( 'NONE',  ( 6.349999999999999645, -53.00000000000000711, 66.19999999999997442 ) ) ;
#1089 = ORIENTED_EDGE ( 'NONE', *, *, #623, .T. ) ;
#1090 = DIRECTION ( 'NONE',  ( 1.000000000000000000, 0.000000000000000000, 0.000000000000000000 ) ) ;
#1091 = APPROVAL_DATE_TIME ( #2010, #2114 ) ;
#1092 = DIRECTION ( 'NONE',  ( -1.000000000000000000, 0.000000000000000000, -0.000000000000000000 ) ) ;
#1093 = CYLINDRICAL_SURFACE ( 'NONE', #121, 2.000000000000008882 ) ;
#1094 = DIRECTION ( 'NONE',  ( 0.000000000000000000, 0.000000000000000000, -1.000000000000000000 ) ) ;
#1095 = VECTOR ( 'NONE', #462, 1000.000000000000000 ) ;
#1096 = VERTEX_POINT ( 'NONE', #595 ) ;
#1097 = DIRECTION ( 'NONE',  ( -1.000000000000000000, -0.000000000000000000, -0.000000000000000000 ) ) ;
#1098 = CIRCLE ( 'NONE', #1841, 37.49999999999999289 ) ;
#1099 = AXIS2_PLACEMENT_3D ( 'NONE', #2447, #2263, #955 ) ;
#1100 = CYLINDRICAL_SURFACE ( 'NONE', #2040, 6.349999999999994316 ) ;
#1101 = EDGE_CURVE ( 'NONE', #456, #2065, #1167, .T. ) ;
#1102 = VECTOR ( 'NONE', #2007, 1000.000000000000000 ) ;
#1103 = FACE_BOUND ( 'NONE', #983, .T. ) ;
#1104 = EDGE_CURVE ( 'NONE', #1990, #1096, #1576, .T. ) ;
#1105 = DIRECTION ( 'NONE',  ( -1.000000000000000000, -0.000000000000000000, -0.000000000000000000 ) ) ;
#1106 = CARTESIAN_POINT ( 'NONE',  ( 6.349999999999999645, -34.24999999999997158, -25.39999999999999147 ) ) ;
#1107 = DIRECTION ( 'NONE',  ( 1.000000000000000000, 0.000000000000000000, 0.000000000000000000 ) ) ;
#1108 = ORIENTED_EDGE ( 'NONE', *, *, #1180, .T. ) ;
#1109 = ORIENTED_EDGE ( 'NONE', *, *, #501, .T. ) ;
#1110 = CARTESIAN_POINT ( 'NONE',  ( -6.349999999999999645, -153.0000000000000284, 20.69999999999998153 ) ) ;
#1111 = DIRECTION ( 'NONE',  ( 1.000000000000000000, 0.000000000000000000, 0.000000000000000000 ) ) ;
#1112 = ORIENTED_EDGE ( 'NONE', *, *, #1789, .F. ) ;
#1113 = FACE_BOUND ( 'NONE', #586, .T. ) ;
#1114 = ORIENTED_EDGE ( 'NONE', *, *, #2331, .F. ) ;
#1115 = CARTESIAN_POINT ( 'NONE',  ( -6.349999999999999645, 95.00000000000477485, 26.20000000000460716 ) ) ;
#1116 = EDGE_CURVE ( 'NONE', #482, #1562, #2076, .T. ) ;
#1117 = DIRECTION ( 'NONE',  ( 0.000000000000000000, 0.000000000000000000, 1.000000000000000000 ) ) ;
#1118 = EDGE_LOOP ( 'NONE', ( #1402, #1251 ) ) ;
#1119 = CARTESIAN_POINT ( 'NONE',  ( 6.349999999999999645, 23.30151519016500217, -5.498484809826599928 ) ) ;
#1120 = ORIENTED_EDGE ( 'NONE', *, *, #256, .F. ) ;
#1121 = ORIENTED_EDGE ( 'NONE', *, *, #2068, .F. ) ;
#1122 = CARTESIAN_POINT ( 'NONE',  ( 6.349999999999999645, 238.7599999999999625, 57.14999999999999147 ) ) ;
#1123 = EDGE_LOOP ( 'NONE', ( #2241, #1569, #273, #503 ) ) ;
#1124 = ORIENTED_EDGE ( 'NONE', *, *, #1314, .F. ) ;
#1125 = FACE_OUTER_BOUND ( 'NONE', #1956, .T. ) ;
#1126 = LINE ( 'NONE', #708, #755 ) ;
#1127 = EDGE_CURVE ( 'NONE', #1403, #783, #577, .T. ) ;
#1128 = ORIENTED_EDGE ( 'NONE', *, *, #1570, .F. ) ;
#1129 = CARTESIAN_POINT ( 'NONE',  ( 6.349999999999999645, -11.00000000000478373, 26.19999999999566143 ) ) ;
#1130 = CLOSED_SHELL ( 'NONE', ( #1728, #1206, #1197, #292, #2301, #2064, #1746, #2391, #653, #1018, #1495, #1791, #846, #1276, #463, #773, #639, #2477, #697, #2494, #1704, #2099, #2120, #1257, #390, #1411, #193, #2380, #2381, #725, #793, #954, #1906, #1900, #1022, #816, #769, #343, #2443, #1553, #1067, #828, #1804, #2149, #1230, #2161, #2429, #1213, #875, #1524, #424, #1526, #713, #236, #1435, #524, #1395, #2286, #1441, #129, #1285, #2366, #937, #114, #230, #378, #2056, #2086 ) ) ;
#1131 = CARTESIAN_POINT ( 'NONE',  ( 6.349999999999999645, 95.00000000000477485, 24.20000000000460005 ) ) ;
#1132 = AXIS2_PLACEMENT_3D ( 'NONE', #2105, #2138, #1749 ) ;
#1133 = VECTOR ( 'NONE', #291, 1000.000000000000000 ) ;
#1134 = VERTEX_POINT ( 'NONE', #1756 ) ;
#1135 = CIRCLE ( 'NONE', #2393, 2.000000000000005329 ) ;
#1136 = EDGE_LOOP ( 'NONE', ( #848, #69 ) ) ;
#1137 = COORDINATED_UNIVERSAL_TIME_OFFSET ( 8, 0, .BEHIND. ) ;
#1138 = AXIS2_PLACEMENT_3D ( 'NONE', #1840, #1105, #1668 ) ;
#1139 = FACE_OUTER_BOUND ( 'NONE', #1192, .T. ) ;
#1140 = VECTOR ( 'NONE', #1517, 1000.000000000000000 ) ;
#1141 = EDGE_CURVE ( 'NONE', #2426, #1273, #1014, .T. ) ;
#1142 = ORIENTED_EDGE ( 'NONE', *, *, #1341, .F. ) ;
#1143 = CARTESIAN_POINT ( 'NONE',  ( 6.349999999999999645, 238.7599999999999625, 63.49999999999998579 ) ) ;
#1144 = ORIENTED_EDGE ( 'NONE', *, *, #969, .F. ) ;
#1145 = EDGE_CURVE ( 'NONE', #1574, #106, #1923, .T. ) ;
#1146 = DIRECTION ( 'NONE',  ( -1.000000000000000000, -0.000000000000000000, -0.000000000000000000 ) ) ;
#1147 = DIRECTION ( 'NONE',  ( 0.000000000000000000, 0.000000000000000000, -1.000000000000000000 ) ) ;
#1148 = DIRECTION ( 'NONE',  ( 1.000000000000000000, 0.000000000000000000, 0.000000000000000000 ) ) ;
#1149 = FACE_BOUND ( 'NONE', #640, .T. ) ;
#1150 = FACE_BOUND ( 'NONE', #868, .T. ) ;
#1151 = ORIENTED_EDGE ( 'NONE', *, *, #306, .F. ) ;
#1152 = CARTESIAN_POINT ( 'NONE',  ( 6.349999999999999645, -153.0000000000000284, 20.69999999999999574 ) ) ;
#1153 = ORIENTED_EDGE ( 'NONE', *, *, #1481, .T. ) ;
#1154 = CARTESIAN_POINT ( 'NONE',  ( 6.350000000000000533, -53.00000000000002842, -50.79999999999999005 ) ) ;
#1155 = CIRCLE ( 'NONE', #1512, 6.349999999999994316 ) ;
#1156 = DIRECTION ( 'NONE',  ( 1.000000000000000000, 0.000000000000000000, 0.000000000000000000 ) ) ;
#1157 = DIRECTION ( 'NONE',  ( 1.000000000000000000, 0.000000000000000000, 0.000000000000000000 ) ) ;
#1158 = VERTEX_POINT ( 'NONE', #780 ) ;
#1159 = CARTESIAN_POINT ( 'NONE',  ( 6.349999999999999645, 200.6599999999999682, -63.49999999999998579 ) ) ;
#1160 = ORIENTED_EDGE ( 'NONE', *, *, #1984, .F. ) ;
#1161 = EDGE_CURVE ( 'NONE', #1635, #2282, #2299, .T. ) ;
#1162 = ORIENTED_EDGE ( 'NONE', *, *, #1936, .T. ) ;
#1163 = CIRCLE ( 'NONE', #601, 6.349999999999994316 ) ;
#1164 = FACE_BOUND ( 'NONE', #633, .T. ) ;
#1165 = FACE_BOUND ( 'NONE', #978, .T. ) ;
#1166 = CIRCLE ( 'NONE', #1084, 2.000000000000008882 ) ;
#1167 = LINE ( 'NONE', #1152, #813 ) ;
#1168 = CIRCLE ( 'NONE', #720, 1.999999999991585398 ) ;
#1169 = VERTEX_POINT ( 'NONE', #1946 ) ;
#1170 = CIRCLE ( 'NONE', #7, 5.499999999999976907 ) ;
#1171 = EDGE_LOOP ( 'NONE', ( #1232, #2200 ) ) ;
#1172 = VERTEX_POINT ( 'NONE', #970 ) ;
#1173 = EDGE_LOOP ( 'NONE', ( #351, #1964, #805, #1261 ) ) ;
#1174 = ORIENTED_EDGE ( 'NONE', *, *, #572, .T. ) ;
#1175 = AXIS2_PLACEMENT_3D ( 'NONE', #2225, #565, #929 ) ;
#1176 = CC_DESIGN_PERSON_AND_ORGANIZATION_ASSIGNMENT ( #2374, #287, ( #615 ) ) ;
#1177 = FACE_BOUND ( 'NONE', #1620, .T. ) ;
#1178 = DIRECTION ( 'NONE',  ( -1.000000000000000000, -0.000000000000000000, -0.000000000000000000 ) ) ;
#1179 = CIRCLE ( 'NONE', #441, 2.000000000000008882 ) ;
#1180 = EDGE_CURVE ( 'NONE', #1172, #1070, #1248, .T. ) ;
#1181 = CIRCLE ( 'NONE', #1460, 2.000000000000008882 ) ;
#1182 = ORIENTED_EDGE ( 'NONE', *, *, #1180, .F. ) ;
#1183 = CARTESIAN_POINT ( 'NONE',  ( 6.349999999999999645, -82.69848480983642958, 55.89848480983830115 ) ) ;
#1184 = AXIS2_PLACEMENT_3D ( 'NONE', #1614, #664, #1431 ) ;
#1185 = PLANE ( 'NONE',  #1945 ) ;
#1186 = CARTESIAN_POINT ( 'NONE',  ( 6.349999999999999645, -34.24999999999996447, -6.275952641916431318 ) ) ;
#1187 = ORIENTED_EDGE ( 'NONE', *, *, #987, .T. ) ;
#1188 = ORIENTED_EDGE ( 'NONE', *, *, #2371, .F. ) ;
#1189 = DIRECTION ( 'NONE',  ( 0.000000000000000000, -3.628360552544975380E-16, -1.000000000000000000 ) ) ;
#1190 = FACE_BOUND ( 'NONE', #2487, .T. ) ;
#1191 = LINE ( 'NONE', #1362, #120 ) ;
#1192 = EDGE_LOOP ( 'NONE', ( #2503, #1398, #1527, #368 ) ) ;
#1193 = EDGE_CURVE ( 'NONE', #79, #1990, #1983, .T. ) ;
#1194 = APPLICATION_PROTOCOL_DEFINITION ( 'international standard', 'config_control_design', 1994, #1567 ) ;
#1195 = CARTESIAN_POINT ( 'NONE',  ( 6.350000000000000533, -53.00000000000002842, -56.29999999999997584 ) ) ;
#1196 = CARTESIAN_POINT ( 'NONE',  ( -6.349999999999999645, -200.6599999999999682, -57.14999999999999147 ) ) ;
#1197 = ADVANCED_FACE ( 'NONE', ( #570 ), #644, .F. ) ;
#1198 = CIRCLE ( 'NONE', #2249, 6.349999999999994316 ) ;
#1199 = DIRECTION ( 'NONE',  ( 1.000000000000000000, 0.000000000000000000, 0.000000000000000000 ) ) ;
#1200 = DIRECTION ( 'NONE',  ( 1.000000000000000000, 0.000000000000000000, 0.000000000000000000 ) ) ;
#1201 = EDGE_LOOP ( 'NONE', ( #2079, #763, #427, #2180 ) ) ;
#1202 = CARTESIAN_POINT ( 'NONE',  ( 6.349999999999999645, -23.30151519016675365, 55.89848480983197732 ) ) ;
#1203 = VERTEX_POINT ( 'NONE', #84 ) ;
#1204 = ORIENTED_EDGE ( 'NONE', *, *, #2267, .F. ) ;
#1205 = CIRCLE ( 'NONE', #100, 6.349999999999994316 ) ;
#1206 = ADVANCED_FACE ( 'NONE', ( #1452 ), #856, .F. ) ;
#1207 = DIRECTION ( 'NONE',  ( 1.000000000000000000, 0.000000000000000000, 0.000000000000000000 ) ) ;
#1208 = ORIENTED_EDGE ( 'NONE', *, *, #1643, .F. ) ;
#1209 = CARTESIAN_POINT ( 'NONE',  ( -6.349999999999999645, -82.69848480983502270, -1.498484809841574394 ) ) ;
#1210 = CIRCLE ( 'NONE', #1972, 2.000000000000008882 ) ;
#1211 = EDGE_LOOP ( 'NONE', ( #1426, #36, #2283, #1881 ) ) ;
#1212 = DIRECTION ( 'NONE',  ( -1.000000000000000000, -0.000000000000000000, -0.000000000000000000 ) ) ;
#1213 = ADVANCED_FACE ( 'NONE', ( #268 ), #452, .F. ) ;
#1214 = ORIENTED_EDGE ( 'NONE', *, *, #1692, .T. ) ;
#1215 = ORIENTED_EDGE ( 'NONE', *, *, #2320, .F. ) ;
#1216 = DIRECTION ( 'NONE',  ( 0.000000000000000000, 0.000000000000000000, -1.000000000000000000 ) ) ;
#1217 = CARTESIAN_POINT ( 'NONE',  ( -6.349999999999999645, -71.75000000000005684, -6.275952641916431318 ) ) ;
#1218 = DIRECTION ( 'NONE',  ( 0.000000000000000000, -1.000000000000000000, -3.628360552544974887E-16 ) ) ;
#1219 = CARTESIAN_POINT ( 'NONE',  ( -6.349999999999999645, -23.30151519016675365, 55.89848480983197732 ) ) ;
#1220 = AXIS2_PLACEMENT_3D ( 'NONE', #2389, #1255, #1982 ) ;
#1221 = PRODUCT ( 'base_plate_mm_Default_sldprt', 'base_plate_mm_Default_sldprt', '', ( #795 ) ) ;
#1222 = CIRCLE ( 'NONE', #2195, 2.000000000000005329 ) ;
#1223 = DIRECTION ( 'NONE',  ( 0.000000000000000000, 0.000000000000000000, -1.000000000000000000 ) ) ;
#1224 = DIRECTION ( 'NONE',  ( 0.000000000000000000, 0.000000000000000000, -1.000000000000000000 ) ) ;
#1225 = AXIS2_PLACEMENT_3D ( 'NONE', #38, #1754, #1725 ) ;
#1226 = AXIS2_PLACEMENT_3D ( 'NONE', #2396, #130, #711 ) ;
#1227 = ORIENTED_EDGE ( 'NONE', *, *, #1570, .T. ) ;
#1228 = VECTOR ( 'NONE', #325, 1000.000000000000000 ) ;
#1229 = ORIENTED_EDGE ( 'NONE', *, *, #1810, .T. ) ;
#1230 = ADVANCED_FACE ( 'NONE', ( #2382 ), #866, .F. ) ;
#1231 = DIRECTION ( 'NONE',  ( -1.000000000000000000, -0.000000000000000000, -0.000000000000000000 ) ) ;
#1232 = ORIENTED_EDGE ( 'NONE', *, *, #1922, .T. ) ;
#1233 = DIRECTION ( 'NONE',  ( 1.000000000000000000, 0.000000000000000000, 0.000000000000000000 ) ) ;
#1234 = EDGE_CURVE ( 'NONE', #168, #11, #1863, .T. ) ;
#1235 = CARTESIAN_POINT ( 'NONE',  ( 6.349999999999999645, -53.00000000000002842, -50.79999999999999005 ) ) ;
#1236 = PERSON_AND_ORGANIZATION ( #337, #203 ) ;
#1237 = CYLINDRICAL_SURFACE ( 'NONE', #2237, 2.000000000000001776 ) ;
#1238 = LINE ( 'NONE', #90, #1729 ) ;
#1239 = CARTESIAN_POINT ( 'NONE',  ( 6.349999999999999645, -23.30151519016675365, 53.89848480983197021 ) ) ;
#1240 = ORIENTED_EDGE ( 'NONE', *, *, #2240, .F. ) ;
#1241 = DIRECTION ( 'NONE',  ( 0.000000000000000000, 0.000000000000000000, 1.000000000000000000 ) ) ;
#1242 = AXIS2_PLACEMENT_3D ( 'NONE', #603, #1342, #1369 ) ;
#1243 = AXIS2_PLACEMENT_3D ( 'NONE', #369, #1736, #1912 ) ;
#1244 = EDGE_CURVE ( 'NONE', #331, #1479, #261, .T. ) ;
#1245 = DIRECTION ( 'NONE',  ( -1.000000000000000000, -0.000000000000000000, -0.000000000000000000 ) ) ;
#1246 = ORIENTED_EDGE ( 'NONE', *, *, #1629, .F. ) ;
#1247 = DIRECTION ( 'NONE',  ( 1.000000000000000000, 0.000000000000000000, 0.000000000000000000 ) ) ;
#1248 = CIRCLE ( 'NONE', #138, 2.000000000000005329 ) ;
#1249 = CARTESIAN_POINT ( 'NONE',  ( 6.349999999999999645, 200.6599999999999682, 69.84999999999998010 ) ) ;
#1250 = CARTESIAN_POINT ( 'NONE',  ( -6.349999999999999645, 71.75000000000005684, -25.39999999999999147 ) ) ;
#1251 = ORIENTED_EDGE ( 'NONE', *, *, #1161, .T. ) ;
#1252 = ORIENTED_EDGE ( 'NONE', *, *, #1777, .T. ) ;
#1253 = ORIENTED_EDGE ( 'NONE', *, *, #494, .T. ) ;
#1254 = VECTOR ( 'NONE', #1430, 1000.000000000000000 ) ;
#1255 = DIRECTION ( 'NONE',  ( -1.000000000000000000, -0.000000000000000000, -0.000000000000000000 ) ) ;
#1256 = CARTESIAN_POINT ( 'NONE',  ( -6.349999999999999645, -238.7599999999999625, -63.49999999999998579 ) ) ;
#1257 = ADVANCED_FACE ( 'NONE', ( #1826 ), #671, .F. ) ;
#1258 = AXIS2_PLACEMENT_3D ( 'NONE', #979, #2083, #185 ) ;
#1259 = LINE ( 'NONE', #845, #1425 ) ;
#1260 = DIRECTION ( 'NONE',  ( 0.000000000000000000, 0.000000000000000000, -1.000000000000000000 ) ) ;
#1261 = ORIENTED_EDGE ( 'NONE', *, *, #359, .F. ) ;
#1262 = CARTESIAN_POINT ( 'NONE',  ( -6.349999999999999645, 200.6599999999999682, 63.49999999999998579 ) ) ;
#1263 = AXIS2_PLACEMENT_3D ( 'NONE', #1066, #1819, #1603 ) ;
#1264 = EDGE_CURVE ( 'NONE', #1273, #2426, #1163, .T. ) ;
#1265 = ORIENTED_EDGE ( 'NONE', *, *, #256, .T. ) ;
#1266 = ORIENTED_EDGE ( 'NONE', *, *, #1873, .T. ) ;
#1267 = CARTESIAN_POINT ( 'NONE',  ( 6.349999999999999645, 23.30151519016675365, 57.89848480983198442 ) ) ;
#1268 = EDGE_LOOP ( 'NONE', ( #1109, #2275, #1867, #1204 ) ) ;
#1269 = CIRCLE ( 'NONE', #1305, 2.000000000000008882 ) ;
#1270 = ORIENTED_EDGE ( 'NONE', *, *, #1381, .F. ) ;
#1271 = DIRECTION ( 'NONE',  ( 0.000000000000000000, 0.000000000000000000, -1.000000000000000000 ) ) ;
#1272 = DIRECTION ( 'NONE',  ( 1.000000000000000000, -0.000000000000000000, -0.000000000000000000 ) ) ;
#1273 = VERTEX_POINT ( 'NONE', #1994 ) ;
#1274 = ORIENTED_EDGE ( 'NONE', *, *, #258, .F. ) ;
#1275 = DIRECTION ( 'NONE',  ( 0.000000000000000000, 0.000000000000000000, -1.000000000000000000 ) ) ;
#1276 = ADVANCED_FACE ( 'NONE', ( #278 ), #1597, .F. ) ;
#1277 = ORIENTED_EDGE ( 'NONE', *, *, #1825, .T. ) ;
#1278 = CARTESIAN_POINT ( 'NONE',  ( 6.349999999999999645, 153.0000000000000284, 20.69999999999999574 ) ) ;
#1279 = AXIS2_PLACEMENT_3D ( 'NONE', #706, #1304, #551 ) ;
#1280 = CYLINDRICAL_SURFACE ( 'NONE', #865, 2.000000000000001776 ) ;
#1281 = ORIENTED_EDGE ( 'NONE', *, *, #199, .T. ) ;
#1282 = DIRECTION ( 'NONE',  ( 0.000000000000000000, 0.000000000000000000, -1.000000000000000000 ) ) ;
#1283 = FACE_OUTER_BOUND ( 'NONE', #1703, .T. ) ;
#1284 = PLANE ( 'NONE',  #1916 ) ;
#1285 = ADVANCED_FACE ( 'NONE', ( #2343 ), #56, .T. ) ;
#1286 = CARTESIAN_POINT ( 'NONE',  ( 6.349999999999999645, -53.00000000000000711, 26.19999999999998863 ) ) ;
#1287 = ORIENTED_EDGE ( 'NONE', *, *, #1507, .T. ) ;
#1288 = EDGE_CURVE ( 'NONE', #679, #2046, #662, .T. ) ;
#1289 = VECTOR ( 'NONE', #925, 1000.000000000000000 ) ;
#1290 = DIRECTION ( 'NONE',  ( 0.000000000000000000, 0.000000000000000000, 1.000000000000000000 ) ) ;
#1291 = VECTOR ( 'NONE', #472, 1000.000000000000000 ) ;
#1292 = VERTEX_POINT ( 'NONE', #2168 ) ;
#1293 = CARTESIAN_POINT ( 'NONE',  ( -6.349999999999999645, 71.75000000000005684, -6.275952641916429542 ) ) ;
#1294 = DIRECTION ( 'NONE',  ( 0.000000000000000000, 0.000000000000000000, -1.000000000000000000 ) ) ;
#1295 = DIRECTION ( 'NONE',  ( -1.000000000000000000, -0.000000000000000000, -0.000000000000000000 ) ) ;
#1296 = DIRECTION ( 'NONE',  ( 0.000000000000000000, 0.000000000000000000, 1.000000000000000000 ) ) ;
#1297 = FACE_OUTER_BOUND ( 'NONE', #499, .T. ) ;
#1298 = VECTOR ( 'NONE', #549, 1000.000000000000000 ) ;
#1299 = ORIENTED_EDGE ( 'NONE', *, *, #1127, .F. ) ;
#1300 = AXIS2_PLACEMENT_3D ( 'NONE', #831, #493, #646 ) ;
#1301 = VECTOR ( 'NONE', #212, 1000.000000000000000 ) ;
#1302 = EDGE_CURVE ( 'NONE', #628, #1056, #1170, .T. ) ;
#1303 = CIRCLE ( 'NONE', #314, 5.500000000000005329 ) ;
#1304 = DIRECTION ( 'NONE',  ( 1.000000000000000000, 0.000000000000000000, 0.000000000000000000 ) ) ;
#1305 = AXIS2_PLACEMENT_3D ( 'NONE', #1407, #2147, #2001 ) ;
#1306 = VERTEX_POINT ( 'NONE', #1058 ) ;
#1307 = EDGE_CURVE ( 'NONE', #2483, #1409, #666, .T. ) ;
#1308 = DIRECTION ( 'NONE',  ( -1.000000000000000000, -0.000000000000000000, -0.000000000000000000 ) ) ;
#1309 = CYLINDRICAL_SURFACE ( 'NONE', #1061, 1.999999999993426369 ) ;
#1310 = LINE ( 'NONE', #1872, #1493 ) ;
#1311 = CARTESIAN_POINT ( 'NONE',  ( 6.349999999999999645, -200.6599999999999682, -69.84999999999998010 ) ) ;
#1312 = VERTEX_POINT ( 'NONE', #850 ) ;
#1313 = CARTESIAN_POINT ( 'NONE',  ( -6.349999999999999645, 53.00000000000002842, -50.79999999999999005 ) ) ;
#1314 = EDGE_CURVE ( 'NONE', #1158, #1442, #1166, .T. ) ;
#1315 = APPROVAL_ROLE ( '' ) ;
#1316 = DIRECTION ( 'NONE',  ( 0.000000000000000000, -0.000000000000000000, -1.000000000000000000 ) ) ;
#1317 = VERTEX_POINT ( 'NONE', #293 ) ;
#1318 = DIRECTION ( 'NONE',  ( 0.000000000000000000, 0.000000000000000000, 1.000000000000000000 ) ) ;
#1319 = ORIENTED_EDGE ( 'NONE', *, *, #957, .T. ) ;
#1320 = FACE_OUTER_BOUND ( 'NONE', #1626, .T. ) ;
#1321 = CARTESIAN_POINT ( 'NONE',  ( -6.349999999999999645, -304.7999999999999545, 76.19999999999998863 ) ) ;
#1322 = DIRECTION ( 'NONE',  ( 1.000000000000000000, 0.000000000000000000, 0.000000000000000000 ) ) ;
#1323 = DIRECTION ( 'NONE',  ( 1.000000000000000000, 0.000000000000000000, 0.000000000000000000 ) ) ;
#1324 = CARTESIAN_POINT ( 'NONE',  ( 6.349999999999999645, 238.7599999999999625, 57.14999999999999147 ) ) ;
#1325 = ORIENTED_EDGE ( 'NONE', *, *, #477, .T. ) ;
#1326 = EDGE_CURVE ( 'NONE', #2408, #2474, #2004, .T. ) ;
#1327 = ORIENTED_EDGE ( 'NONE', *, *, #1833, .T. ) ;
#1328 = ORIENTED_EDGE ( 'NONE', *, *, #649, .T. ) ;
#1329 = DIRECTION ( 'NONE',  ( -1.000000000000000000, -0.000000000000000000, -0.000000000000000000 ) ) ;
#1330 = EDGE_CURVE ( 'NONE', #1401, #564, #253, .T. ) ;
#1331 = CARTESIAN_POINT ( 'NONE',  ( 6.349999999999999645, -11.00000000000478373, 24.19999999999565432 ) ) ;
#1332 = AXIS2_PLACEMENT_3D ( 'NONE', #1262, #251, #60 ) ;
#1333 = EDGE_LOOP ( 'NONE', ( #513, #265, #1880, #1864 ) ) ;
#1334 = AXIS2_PLACEMENT_3D ( 'NONE', #517, #299, #1294 ) ;
#1335 = FACE_BOUND ( 'NONE', #1585, .T. ) ;
#1336 = AXIS2_PLACEMENT_3D ( 'NONE', #984, #393, #1393 ) ;
#1337 = EDGE_LOOP ( 'NONE', ( #591, #2150, #320, #1885 ) ) ;
#1338 = EDGE_CURVE ( 'NONE', #1158, #1134, #457, .T. ) ;
#1339 = VERTEX_POINT ( 'NONE', #1311 ) ;
#1340 = ORIENTED_EDGE ( 'NONE', *, *, #754, .F. ) ;
#1341 = EDGE_CURVE ( 'NONE', #25, #1068, #2451, .T. ) ;
#1342 = DIRECTION ( 'NONE',  ( 1.000000000000000000, 0.000000000000000000, 0.000000000000000000 ) ) ;
#1343 = CARTESIAN_POINT ( 'NONE',  ( 0.000000000000000000, 0.000000000000000000, 0.000000000000000000 ) ) ;
#1344 = CARTESIAN_POINT ( 'NONE',  ( 6.349999999999999645, -82.69848480983502270, -1.498484809841574394 ) ) ;
#1345 = DIRECTION ( 'NONE',  ( 0.000000000000000000, 0.000000000000000000, 1.000000000000000000 ) ) ;
#1346 = CYLINDRICAL_SURFACE ( 'NONE', #1687, 37.49999999999999289 ) ;
#1347 = CARTESIAN_POINT ( 'NONE',  ( 6.349999999999999645, -238.7599999999999625, -63.49999999999998579 ) ) ;
#1348 = CIRCLE ( 'NONE', #2014, 1.999999999991585398 ) ;
#1349 = EDGE_LOOP ( 'NONE', ( #881, #1359, #2321, #1121 ) ) ;
#1350 = ORIENTED_EDGE ( 'NONE', *, *, #1968, .F. ) ;
#1351 = DIRECTION ( 'NONE',  ( 0.000000000000000000, 0.000000000000000000, 1.000000000000000000 ) ) ;
#1352 = CARTESIAN_POINT ( 'NONE',  ( -6.349999999999999645, 23.30151519016675365, 57.89848480983198442 ) ) ;
#1353 = EDGE_CURVE ( 'NONE', #2328, #179, #1831, .T. ) ;
#1354 = CARTESIAN_POINT ( 'NONE',  ( 6.349999999999999645, -304.7999999999999545, 76.19999999999998863 ) ) ;
#1355 = VERTEX_POINT ( 'NONE', #2401 ) ;
#1356 = DIRECTION ( 'NONE',  ( 0.000000000000000000, 0.000000000000000000, -1.000000000000000000 ) ) ;
#1357 = EDGE_CURVE ( 'NONE', #2282, #1635, #2428, .T. ) ;
#1358 = CARTESIAN_POINT ( 'NONE',  ( 6.349999999999999645, -34.24999999999997158, -25.39999999999999147 ) ) ;
#1359 = ORIENTED_EDGE ( 'NONE', *, *, #1888, .T. ) ;
#1360 = ORIENTED_EDGE ( 'NONE', *, *, #926, .F. ) ;
#1361 = AXIS2_PLACEMENT_3D ( 'NONE', #134, #923, #316 ) ;
#1362 = CARTESIAN_POINT ( 'NONE',  ( 6.349999999999999645, 71.75000000000005684, -25.39999999999999147 ) ) ;
#1363 = CARTESIAN_POINT ( 'NONE',  ( 6.349999999999999645, -71.75000000000005684, -25.39999999999999147 ) ) ;
#1364 = AXIS2_PLACEMENT_3D ( 'NONE', #2395, #1750, #870 ) ;
#1365 = CARTESIAN_POINT ( 'NONE',  ( -6.349999999999999645, -95.00000000000477485, 26.20000000000460716 ) ) ;
#1366 = DIRECTION ( 'NONE',  ( 1.000000000000000000, 0.000000000000000000, 0.000000000000000000 ) ) ;
#1367 = ORIENTED_EDGE ( 'NONE', *, *, #1033, .T. ) ;
#1368 = LINE ( 'NONE', #2108, #1289 ) ;
#1369 = DIRECTION ( 'NONE',  ( 0.000000000000000000, 0.000000000000000000, -1.000000000000000000 ) ) ;
#1370 =( NAMED_UNIT ( * ) PLANE_ANGLE_UNIT ( ) SI_UNIT ( $, .RADIAN. ) );
#1371 = ORIENTED_EDGE ( 'NONE', *, *, #851, .F. ) ;
#1372 = DIRECTION ( 'NONE',  ( 0.000000000000000000, 0.000000000000000000, 1.000000000000000000 ) ) ;
#1373 = AXIS2_PLACEMENT_3D ( 'NONE', #2176, #63, #839 ) ;
#1374 = FACE_BOUND ( 'NONE', #2005, .T. ) ;
#1375 = EDGE_CURVE ( 'NONE', #223, #1520, #1665, .T. ) ;
#1376 = ORIENTED_EDGE ( 'NONE', *, *, #742, .T. ) ;
#1377 = CARTESIAN_POINT ( 'NONE',  ( -6.349999999999999645, 53.00000000000000711, 26.19999999999998863 ) ) ;
#1378 = ADVANCED_BREP_SHAPE_REPRESENTATION ( 'base_plate_mm_Default_sldprt', ( #1894, #2034 ), #2317 ) ;
#1379 = CARTESIAN_POINT ( 'NONE',  ( -6.349999999999999645, -238.7599999999999625, 63.49999999999998579 ) ) ;
#1380 = AXIS2_PLACEMENT_3D ( 'NONE', #1202, #1595, #2292 ) ;
#1381 = EDGE_CURVE ( 'NONE', #305, #48, #826, .T. ) ;
#1382 = ORIENTED_EDGE ( 'NONE', *, *, #1392, .T. ) ;
#1383 = CIRCLE ( 'NONE', #209, 6.349999999999994316 ) ;
#1384 = DIRECTION ( 'NONE',  ( 1.000000000000000000, 0.000000000000000000, 0.000000000000000000 ) ) ;
#1385 = ORIENTED_EDGE ( 'NONE', *, *, #1437, .T. ) ;
#1386 = CARTESIAN_POINT ( 'NONE',  ( 6.350000000000000533, -153.0000000000000284, 26.19999999999998863 ) ) ;
#1387 = DIRECTION ( 'NONE',  ( 0.000000000000000000, 0.000000000000000000, 1.000000000000000000 ) ) ;
#1388 = DIRECTION ( 'NONE',  ( 0.000000000000000000, 0.000000000000000000, 1.000000000000000000 ) ) ;
#1389 = CARTESIAN_POINT ( 'NONE',  ( 6.349999999999999645, 238.7599999999999625, -63.49999999999998579 ) ) ;
#1390 = EDGE_LOOP ( 'NONE', ( #51, #1266, #803, #335 ) ) ;
#1391 = DIRECTION ( 'NONE',  ( -1.000000000000000000, -0.000000000000000000, -0.000000000000000000 ) ) ;
#1392 = EDGE_CURVE ( 'NONE', #252, #1796, #344, .T. ) ;
#1393 = DIRECTION ( 'NONE',  ( 0.000000000000000000, 0.000000000000000000, 1.000000000000000000 ) ) ;
#1394 = DIRECTION ( 'NONE',  ( 1.000000000000000000, -0.000000000000000000, -0.000000000000000000 ) ) ;
#1395 = ADVANCED_FACE ( 'NONE', ( #2414 ), #522, .F. ) ;
#1396 = PERSON_AND_ORGANIZATION_ROLE ( 'design_owner' ) ;
#1397 = DIRECTION ( 'NONE',  ( -1.000000000000000000, -0.000000000000000000, -0.000000000000000000 ) ) ;
#1398 = ORIENTED_EDGE ( 'NONE', *, *, #2, .T. ) ;
#1399 = CIRCLE ( 'NONE', #1279, 2.000000000000008882 ) ;
#1400 = EDGE_CURVE ( 'NONE', #884, #305, #790, .T. ) ;
#1401 = VERTEX_POINT ( 'NONE', #977 ) ;
#1402 = ORIENTED_EDGE ( 'NONE', *, *, #1357, .T. ) ;
#1403 = VERTEX_POINT ( 'NONE', #2104 ) ;
#1404 = DIRECTION ( 'NONE',  ( 0.000000000000000000, 0.000000000000000000, 1.000000000000000000 ) ) ;
#1405 = EDGE_CURVE ( 'NONE', #2235, #135, #136, .T. ) ;
#1406 = CIRCLE ( 'NONE', #1675, 1.999999999993426369 ) ;
#1407 = CARTESIAN_POINT ( 'NONE',  ( -6.349999999999999645, 82.69848480983642958, 55.89848480983830115 ) ) ;
#1408 = VERTEX_POINT ( 'NONE', #1938 ) ;
#1409 = VERTEX_POINT ( 'NONE', #786 ) ;
#1410 = DIRECTION ( 'NONE',  ( 1.000000000000000000, -0.000000000000000000, -0.000000000000000000 ) ) ;
#1411 = ADVANCED_FACE ( 'NONE', ( #1528 ), #2324, .F. ) ;
#1412 = VERTEX_POINT ( 'NONE', #962 ) ;
#1413 = CARTESIAN_POINT ( 'NONE',  ( -6.349999999999999645, 82.69848480983502270, -3.498484809835000764 ) ) ;
#1414 = CIRCLE ( 'NONE', #1798, 2.000000000000005329 ) ;
#1415 = CARTESIAN_POINT ( 'NONE',  ( 6.349999999999999645, 23.30151519016675365, 53.89848480983197021 ) ) ;
#1416 = CARTESIAN_POINT ( 'NONE',  ( 6.349999999999999645, 11.00000000000478373, 26.19999999999566143 ) ) ;
#1417 = CARTESIAN_POINT ( 'NONE',  ( 6.349999999999999645, -53.00000000000000711, 26.19999999999998863 ) ) ;
#1418 = AXIS2_PLACEMENT_3D ( 'NONE', #1621, #827, #2340 ) ;
#1419 = AXIS2_PLACEMENT_3D ( 'NONE', #2506, #1525, #2266 ) ;
#1420 = CARTESIAN_POINT ( 'NONE',  ( 6.349999999999999645, 95.00000000000477485, 28.20000000000461782 ) ) ;
#1421 = CARTESIAN_POINT ( 'NONE',  ( 6.349999999999999645, -95.00000000000477485, 26.20000000000460716 ) ) ;
#1422 = DIRECTION ( 'NONE',  ( 1.000000000000000000, 0.000000000000000000, 0.000000000000000000 ) ) ;
#1423 = EDGE_CURVE ( 'NONE', #1466, #2262, #1476, .T. ) ;
#1424 = AXIS2_PLACEMENT_3D ( 'NONE', #2183, #1950, #1770 ) ;
#1425 = VECTOR ( 'NONE', #272, 1000.000000000000000 ) ;
#1426 = ORIENTED_EDGE ( 'NONE', *, *, #2053, .T. ) ;
#1427 = CARTESIAN_POINT ( 'NONE',  ( 6.350000000000000533, 153.0000000000000284, 26.19999999999998863 ) ) ;
#1428 = EDGE_LOOP ( 'NONE', ( #1082, #1085, #1376, #1747 ) ) ;
#1429 = ORIENTED_EDGE ( 'NONE', *, *, #2167, .T. ) ;
#1430 = DIRECTION ( 'NONE',  ( 0.000000000000000000, 0.000000000000000000, -1.000000000000000000 ) ) ;
#1431 = DIRECTION ( 'NONE',  ( 0.000000000000000000, 0.000000000000000000, -1.000000000000000000 ) ) ;
#1432 = CARTESIAN_POINT ( 'NONE',  ( 6.349999999999999645, -82.69848480983502270, -1.498484809841574394 ) ) ;
#1433 = VERTEX_POINT ( 'NONE', #2002 ) ;
#1434 = ORIENTED_EDGE ( 'NONE', *, *, #1353, .F. ) ;
#1435 = ADVANCED_FACE ( 'NONE', ( #836 ), #2346, .F. ) ;
#1436 = ORIENTED_EDGE ( 'NONE', *, *, #2123, .F. ) ;
#1437 = EDGE_CURVE ( 'NONE', #1036, #574, #1238, .T. ) ;
#1438 = VERTEX_POINT ( 'NONE', #1209 ) ;
#1439 = CARTESIAN_POINT ( 'NONE',  ( 6.349999999999999645, 200.6599999999999682, -63.49999999999998579 ) ) ;
#1440 = ORIENTED_EDGE ( 'NONE', *, *, #1556, .F. ) ;
#1441 = ADVANCED_FACE ( 'NONE', ( #468 ), #77, .F. ) ;
#1442 = VERTEX_POINT ( 'NONE', #1445 ) ;
#1443 = CARTESIAN_POINT ( 'NONE',  ( 6.349999999999999645, 82.69848480983642958, 53.89848480983828694 ) ) ;
#1444 = CARTESIAN_POINT ( 'NONE',  ( -6.349999999999999645, 53.00000000000000711, 70.19999999999998863 ) ) ;
#1445 = CARTESIAN_POINT ( 'NONE',  ( 6.349999999999999645, -82.69848480983642958, 53.89848480983828694 ) ) ;
#1446 = ORIENTED_EDGE ( 'NONE', *, *, #912, .T. ) ;
#1447 = CARTESIAN_POINT ( 'NONE',  ( 6.349999999999999645, 200.6599999999999682, 63.49999999999998579 ) ) ;
#1448 = DIRECTION ( 'NONE',  ( 1.000000000000000000, -0.000000000000000000, -0.000000000000000000 ) ) ;
#1449 = DIRECTION ( 'NONE',  ( 0.000000000000000000, 0.000000000000000000, 1.000000000000000000 ) ) ;
#1450 = CIRCLE ( 'NONE', #2400, 2.000000000000008882 ) ;
#1451 = EDGE_CURVE ( 'NONE', #2468, #1292, #2360, .T. ) ;
#1452 = FACE_OUTER_BOUND ( 'NONE', #2418, .T. ) ;
#1453 = ORIENTED_EDGE ( 'NONE', *, *, #1161, .F. ) ;
#1454 = EDGE_CURVE ( 'NONE', #1727, #331, #35, .T. ) ;
#1455 = DIRECTION ( 'NONE',  ( 0.000000000000000000, 0.000000000000000000, -1.000000000000000000 ) ) ;
#1456 = AXIS2_PLACEMENT_3D ( 'NONE', #811, #799, #2312 ) ;
#1457 = CARTESIAN_POINT ( 'NONE',  ( 6.349999999999999645, -200.6599999999999682, -57.14999999999999147 ) ) ;
#1458 = ORIENTED_EDGE ( 'NONE', *, *, #2123, .T. ) ;
#1459 = AXIS2_PLACEMENT_3D ( 'NONE', #1490, #2233, #2465 ) ;
#1460 = AXIS2_PLACEMENT_3D ( 'NONE', #1219, #412, #10 ) ;
#1461 = ORIENTED_EDGE ( 'NONE', *, *, #1314, .T. ) ;
#1462 = ORIENTED_EDGE ( 'NONE', *, *, #1437, .F. ) ;
#1463 = CARTESIAN_POINT ( 'NONE',  ( 6.349999999999999645, -238.7599999999999625, -69.84999999999998010 ) ) ;
#1464 = AXIS2_PLACEMENT_3D ( 'NONE', #722, #290, #1827 ) ;
#1465 = ORIENTED_EDGE ( 'NONE', *, *, #2039, .F. ) ;
#1466 = VERTEX_POINT ( 'NONE', #712 ) ;
#1467 = EDGE_CURVE ( 'NONE', #2502, #456, #1303, .T. ) ;
#1468 = APPROVAL_STATUS ( 'not_yet_approved' ) ;
#1469 = CARTESIAN_POINT ( 'NONE',  ( -6.349999999999999645, -11.00000000000478373, 26.19999999999566143 ) ) ;
#1470 = EDGE_CURVE ( 'NONE', #574, #207, #2232, .T. ) ;
#1471 = VERTEX_POINT ( 'NONE', #2449 ) ;
#1472 = CYLINDRICAL_SURFACE ( 'NONE', #1373, 5.499999999999991118 ) ;
#1473 = DIRECTION ( 'NONE',  ( 0.000000000000000000, 0.000000000000000000, -1.000000000000000000 ) ) ;
#1474 = ORIENTED_EDGE ( 'NONE', *, *, #1739, .F. ) ;
#1475 = AXIS2_PLACEMENT_3D ( 'NONE', #1313, #1081, #1473 ) ;
#1476 = CIRCLE ( 'NONE', #710, 2.000000000000008882 ) ;
#1477 = APPROVAL ( #381, 'UNSPECIFIED' ) ;
#1478 = CYLINDRICAL_SURFACE ( 'NONE', #696, 5.499999999999991118 ) ;
#1479 = VERTEX_POINT ( 'NONE', #534 ) ;
#1480 = AXIS2_PLACEMENT_3D ( 'NONE', #433, #2145, #829 ) ;
#1481 = EDGE_CURVE ( 'NONE', #305, #307, #1310, .T. ) ;
#1482 = VERTEX_POINT ( 'NONE', #1681 ) ;
#1483 = LINE ( 'NONE', #1119, #505 ) ;
#1484 = VECTOR ( 'NONE', #699, 1000.000000000000000 ) ;
#1485 = DIRECTION ( 'NONE',  ( -1.000000000000000000, -0.000000000000000000, -0.000000000000000000 ) ) ;
#1486 = FACE_OUTER_BOUND ( 'NONE', #334, .T. ) ;
#1487 = EDGE_LOOP ( 'NONE', ( #1214, #714 ) ) ;
#1488 = CALENDAR_DATE ( 2026, 22, 8 ) ;
#1489 = DIRECTION ( 'NONE',  ( 1.000000000000000000, -0.000000000000000000, -0.000000000000000000 ) ) ;
#1490 = CARTESIAN_POINT ( 'NONE',  ( -6.349999999999999645, -95.00000000000477485, 26.20000000000460716 ) ) ;
#1491 = AXIS2_PLACEMENT_3D ( 'NONE', #405, #605, #1372 ) ;
#1492 = ORIENTED_EDGE ( 'NONE', *, *, #1702, .F. ) ;
#1493 = VECTOR ( 'NONE', #2221, 1000.000000000000000 ) ;
#1494 = VECTOR ( 'NONE', #701, 1000.000000000000000 ) ;
#1495 = ADVANCED_FACE ( 'NONE', ( #1297 ), #313, .F. ) ;
#1496 = VECTOR ( 'NONE', #630, 1000.000000000000000 ) ;
#1497 = DIRECTION ( 'NONE',  ( 1.000000000000000000, -0.000000000000000000, -0.000000000000000000 ) ) ;
#1498 = DIRECTION ( 'NONE',  ( -1.000000000000000000, -0.000000000000000000, -0.000000000000000000 ) ) ;
#1499 = FACE_BOUND ( 'NONE', #2270, .T. ) ;
#1500 = EDGE_LOOP ( 'NONE', ( #2052, #947 ) ) ;
#1501 = ORIENTED_EDGE ( 'NONE', *, *, #37, .F. ) ;
#1502 = FACE_OUTER_BOUND ( 'NONE', #2349, .T. ) ;
#1503 = EDGE_CURVE ( 'NONE', #1433, #1134, #1210, .T. ) ;
#1504 = PLANE ( 'NONE',  #267 ) ;
#1505 = CARTESIAN_POINT ( 'NONE',  ( 6.349999999999999645, -53.00000000000002842, -50.79999999999999005 ) ) ;
#1506 = VERTEX_POINT ( 'NONE', #1732 ) ;
#1507 = EDGE_CURVE ( 'NONE', #1312, #137, #782, .T. ) ;
#1508 = CARTESIAN_POINT ( 'NONE',  ( 6.349999999999999645, -153.0000000000000284, 31.69999999999997797 ) ) ;
#1509 = FACE_BOUND ( 'NONE', #224, .T. ) ;
#1510 = EDGE_CURVE ( 'NONE', #1339, #1004, #2463, .T. ) ;
#1511 = EDGE_LOOP ( 'NONE', ( #743, #1015 ) ) ;
#1512 = AXIS2_PLACEMENT_3D ( 'NONE', #1159, #2486, #775 ) ;
#1513 = DIRECTION ( 'NONE',  ( -0.000000000000000000, -1.000000000000000000, -0.000000000000000000 ) ) ;
#1514 = DATE_AND_TIME ( #165, #2398 ) ;
#1515 = CARTESIAN_POINT ( 'NONE',  ( -6.349999999999999645, 82.69848480983642958, 57.89848480983830825 ) ) ;
#1516 = EDGE_CURVE ( 'NONE', #2141, #1306, #2417, .T. ) ;
#1517 = DIRECTION ( 'NONE',  ( -1.000000000000000000, -0.000000000000000000, -0.000000000000000000 ) ) ;
#1518 = ORIENTED_EDGE ( 'NONE', *, *, #950, .F. ) ;
#1519 = CYLINDRICAL_SURFACE ( 'NONE', #244, 2.000000000000008882 ) ;
#1520 = VERTEX_POINT ( 'NONE', #1925 ) ;
#1521 = LINE ( 'NONE', #2433, #966 ) ;
#1522 = CIRCLE ( 'NONE', #54, 2.000000000000008882 ) ;
#1523 = FACE_BOUND ( 'NONE', #582, .T. ) ;
#1524 = ADVANCED_FACE ( 'NONE', ( #1035 ), #959, .F. ) ;
#1525 = DIRECTION ( 'NONE',  ( 1.000000000000000000, -0.000000000000000000, -0.000000000000000000 ) ) ;
#1526 = ADVANCED_FACE ( 'NONE', ( #1139 ), #1541, .F. ) ;
#1527 = ORIENTED_EDGE ( 'NONE', *, *, #1454, .T. ) ;
#1528 = FACE_OUTER_BOUND ( 'NONE', #2402, .T. ) ;
#1529 = DIRECTION ( 'NONE',  ( 0.000000000000000000, 0.000000000000000000, -1.000000000000000000 ) ) ;
#1530 = DIRECTION ( 'NONE',  ( -1.000000000000000000, -0.000000000000000000, -0.000000000000000000 ) ) ;
#1531 = AXIS2_PLACEMENT_3D ( 'NONE', #824, #1561, #1356 ) ;
#1532 = LINE ( 'NONE', #1508, #525 ) ;
#1533 = CIRCLE ( 'NONE', #355, 2.000000000000008882 ) ;
#1534 = DIRECTION ( 'NONE',  ( 1.000000000000000000, 0.000000000000000000, 0.000000000000000000 ) ) ;
#1535 = ORIENTED_EDGE ( 'NONE', *, *, #2347, .T. ) ;
#1536 = AXIS2_PLACEMENT_3D ( 'NONE', #85, #2205, #2406 ) ;
#1537 = FACE_OUTER_BOUND ( 'NONE', #2466, .T. ) ;
#1538 = CC_DESIGN_SECURITY_CLASSIFICATION ( #615, ( #71 ) ) ;
#1539 = DIRECTION ( 'NONE',  ( -0.000000000000000000, -0.000000000000000000, -1.000000000000000000 ) ) ;
#1540 = VECTOR ( 'NONE', #411, 1000.000000000000000 ) ;
#1541 = CYLINDRICAL_SURFACE ( 'NONE', #569, 6.349999999999994316 ) ;
#1542 = EDGE_CURVE ( 'NONE', #1169, #348, #277, .T. ) ;
#1543 = DIRECTION ( 'NONE',  ( 1.000000000000000000, -0.000000000000000000, -0.000000000000000000 ) ) ;
#1544 = CIRCLE ( 'NONE', #451, 6.349999999999994316 ) ;
#1545 = ORIENTED_EDGE ( 'NONE', *, *, #1617, .T. ) ;
#1546 = ORIENTED_EDGE ( 'NONE', *, *, #1883, .F. ) ;
#1547 = CARTESIAN_POINT ( 'NONE',  ( 6.349999999999999645, 53.00000000000000711, 63.69999999999998153 ) ) ;
#1548 = LINE ( 'NONE', #2287, #748 ) ;
#1549 = EDGE_LOOP ( 'NONE', ( #1690, #823, #8, #392 ) ) ;
#1550 = DIRECTION ( 'NONE',  ( 1.000000000000000000, -0.000000000000000000, 0.000000000000000000 ) ) ;
#1551 = ORIENTED_EDGE ( 'NONE', *, *, #753, .F. ) ;
#1552 = DIRECTION ( 'NONE',  ( 0.000000000000000000, 0.000000000000000000, -1.000000000000000000 ) ) ;
#1553 = ADVANCED_FACE ( 'NONE', ( #475 ), #1800, .F. ) ;
#1554 = CARTESIAN_POINT ( 'NONE',  ( 6.349999999999999645, -11.00000000000478373, 26.19999999999566143 ) ) ;
#1555 = DIRECTION ( 'NONE',  ( 0.000000000000000000, 0.000000000000000000, 1.000000000000000000 ) ) ;
#1556 = EDGE_CURVE ( 'NONE', #456, #2502, #648, .T. ) ;
#1557 = CARTESIAN_POINT ( 'NONE',  ( 6.349999999999999645, 304.7999999999999545, 76.19999999999998863 ) ) ;
#1558 = CARTESIAN_POINT ( 'NONE',  ( 6.349999999999999645, -82.69848480983642958, 55.89848480983830115 ) ) ;
#1559 = CARTESIAN_POINT ( 'NONE',  ( 6.349999999999999645, 200.6599999999999682, -69.84999999999998010 ) ) ;
#1560 = VERTEX_POINT ( 'NONE', #1463 ) ;
#1561 = DIRECTION ( 'NONE',  ( 1.000000000000000000, -0.000000000000000000, -0.000000000000000000 ) ) ;
#1562 = VERTEX_POINT ( 'NONE', #489 ) ;
#1563 = AXIS2_PLACEMENT_3D ( 'NONE', #30, #818, #1588 ) ;
#1564 = FACE_OUTER_BOUND ( 'NONE', #1002, .T. ) ;
#1565 = LINE ( 'NONE', #2277, #895 ) ;
#1566 = DIRECTION ( 'NONE',  ( 0.000000000000000000, 0.000000000000000000, -1.000000000000000000 ) ) ;
#1567 = APPLICATION_CONTEXT ( 'configuration controlled 3d designs of mechanical parts and assemblies' ) ;
#1568 = ORIENTED_EDGE ( 'NONE', *, *, #2039, .T. ) ;
#1569 = ORIENTED_EDGE ( 'NONE', *, *, #1643, .T. ) ;
#1570 = EDGE_CURVE ( 'NONE', #91, #628, #2006, .T. ) ;
#1571 = VECTOR ( 'NONE', #1071, 1000.000000000000000 ) ;
#1572 = FACE_BOUND ( 'NONE', #201, .T. ) ;
#1573 = FACE_OUTER_BOUND ( 'NONE', #1390, .T. ) ;
#1574 = VERTEX_POINT ( 'NONE', #693 ) ;
#1575 = CIRCLE ( 'NONE', #1300, 2.000000000000008882 ) ;
#1576 = LINE ( 'NONE', #956, #28 ) ;
#1577 = CIRCLE ( 'NONE', #1877, 2.000000000000001776 ) ;
#1578 = APPROVAL_STATUS ( 'not_yet_approved' ) ;
#1579 = VECTOR ( 'NONE', #382, 1000.000000000000000 ) ;
#1580 = CARTESIAN_POINT ( 'NONE',  ( 6.349999999999999645, 53.00000000000000711, 68.19999999999998863 ) ) ;
#1581 = CIRCLE ( 'NONE', #495, 2.000000000000001776 ) ;
#1582 = EDGE_LOOP ( 'NONE', ( #1031, #1069, #2368, #1745 ) ) ;
#1583 = DIRECTION ( 'NONE',  ( -1.000000000000000000, -0.000000000000000000, -0.000000000000000000 ) ) ;
#1584 = ORIENTED_EDGE ( 'NONE', *, *, #1423, .F. ) ;
#1585 = EDGE_LOOP ( 'NONE', ( #243, #1981 ) ) ;
#1586 = EDGE_LOOP ( 'NONE', ( #360, #1277 ) ) ;
#1587 = EDGE_CURVE ( 'NONE', #2226, #1520, #1083, .T. ) ;
#1588 = DIRECTION ( 'NONE',  ( 0.000000000000000000, 0.000000000000000000, 1.000000000000000000 ) ) ;
#1589 = VERTEX_POINT ( 'NONE', #377 ) ;
#1590 = DIRECTION ( 'NONE',  ( 0.000000000000000000, 0.000000000000000000, -1.000000000000000000 ) ) ;
#1591 = CIRCLE ( 'NONE', #417, 2.000000000000008882 ) ;
#1592 = ORIENTED_EDGE ( 'NONE', *, *, #2177, .T. ) ;
#1593 = ORIENTED_EDGE ( 'NONE', *, *, #1503, .T. ) ;
#1594 = ORIENTED_EDGE ( 'NONE', *, *, #1774, .T. ) ;
#1595 = DIRECTION ( 'NONE',  ( -1.000000000000000000, -0.000000000000000000, -0.000000000000000000 ) ) ;
#1596 = ORIENTED_EDGE ( 'NONE', *, *, #394, .T. ) ;
#1597 = CYLINDRICAL_SURFACE ( 'NONE', #800, 6.349999999999994316 ) ;
#1598 = CARTESIAN_POINT ( 'NONE',  ( 6.349999999999999645, -304.7999999999999545, -76.19999999999998863 ) ) ;
#1599 = EDGE_CURVE ( 'NONE', #482, #1482, #1521, .T. ) ;
#1600 = CARTESIAN_POINT ( 'NONE',  ( 6.349999999999999645, -71.75000000000005684, -25.39999999999999147 ) ) ;
#1601 = VECTOR ( 'NONE', #156, 1000.000000000000000 ) ;
#1602 = ORIENTED_EDGE ( 'NONE', *, *, #636, .F. ) ;
#1603 = DIRECTION ( 'NONE',  ( 0.000000000000000000, 0.000000000000000000, -1.000000000000000000 ) ) ;
#1604 = ORIENTED_EDGE ( 'NONE', *, *, #216, .T. ) ;
#1605 = CARTESIAN_POINT ( 'NONE',  ( 6.349999999999999645, -82.69848480983642958, 55.89848480983830115 ) ) ;
#1606 = ORIENTED_EDGE ( 'NONE', *, *, #1632, .T. ) ;
#1607 = ORIENTED_EDGE ( 'NONE', *, *, #1510, .T. ) ;
#1608 = ORIENTED_EDGE ( 'NONE', *, *, #329, .T. ) ;
#1609 = FACE_OUTER_BOUND ( 'NONE', #31, .T. ) ;
#1610 = FACE_BOUND ( 'NONE', #677, .T. ) ;
#1611 = AXIS2_PLACEMENT_3D ( 'NONE', #357, #1649, #2033 ) ;
#1612 = LINE ( 'NONE', #2196, #958 ) ;
#1613 = EDGE_CURVE ( 'NONE', #2289, #168, #176, .T. ) ;
#1614 = CARTESIAN_POINT ( 'NONE',  ( -6.349999999999999645, 53.00000000000002842, -50.79999999999999005 ) ) ;
#1615 = DIRECTION ( 'NONE',  ( 0.000000000000000000, 1.000000000000000000, 0.000000000000000000 ) ) ;
#1616 = VECTOR ( 'NONE', #1397, 1000.000000000000000 ) ;
#1617 = EDGE_CURVE ( 'NONE', #734, #838, #886, .T. ) ;
#1618 = ORIENTED_EDGE ( 'NONE', *, *, #2320, .T. ) ;
#1619 = ORIENTED_EDGE ( 'NONE', *, *, #1966, .T. ) ;
#1620 = EDGE_LOOP ( 'NONE', ( #430, #1458, #1596, #2434, #1913 ) ) ;
#1621 = CARTESIAN_POINT ( 'NONE',  ( 6.349999999999999645, 23.30151519016675365, 55.89848480983197732 ) ) ;
#1622 = VERTEX_POINT ( 'NONE', #526 ) ;
#1623 = CARTESIAN_POINT ( 'NONE',  ( -6.349999999999999645, 82.69848480983642958, 55.89848480983830115 ) ) ;
#1624 = DIRECTION ( 'NONE',  ( 1.000000000000000000, 0.000000000000000000, 0.000000000000000000 ) ) ;
#1625 = DIRECTION ( 'NONE',  ( -1.000000000000000000, -0.000000000000000000, -0.000000000000000000 ) ) ;
#1626 = EDGE_LOOP ( 'NONE', ( #2337, #896, #776, #128 ) ) ;
#1627 = EDGE_LOOP ( 'NONE', ( #2370, #822, #298, #62 ) ) ;
#1628 = AXIS2_PLACEMENT_3D ( 'NONE', #1712, #1943, #2130 ) ;
#1629 = EDGE_CURVE ( 'NONE', #770, #65, #2268, .T. ) ;
#1630 = CARTESIAN_POINT ( 'NONE',  ( -6.349999999999999645, -153.0000000000000284, 26.19999999999998863 ) ) ;
#1631 = CARTESIAN_POINT ( 'NONE',  ( -6.349999999999999645, 82.69848480983642958, 53.89848480983828694 ) ) ;
#1632 = EDGE_CURVE ( 'NONE', #57, #2186, #928, .T. ) ;
#1633 = DIRECTION ( 'NONE',  ( 0.000000000000000000, 0.000000000000000000, -1.000000000000000000 ) ) ;
#1634 = CARTESIAN_POINT ( 'NONE',  ( 6.349999999999999645, -153.0000000000000284, 26.19999999999998863 ) ) ;
#1635 = VERTEX_POINT ( 'NONE', #951 ) ;
#1636 = DIRECTION ( 'NONE',  ( 0.000000000000000000, 0.000000000000000000, -1.000000000000000000 ) ) ;
#1637 = VECTOR ( 'NONE', #1391, 1000.000000000000000 ) ;
#1638 = ORIENTED_EDGE ( 'NONE', *, *, #544, .F. ) ;
#1639 = AXIS2_PLACEMENT_3D ( 'NONE', #746, #900, #131 ) ;
#1640 = CARTESIAN_POINT ( 'NONE',  ( -6.349999999999999645, 304.7999999999999545, 76.19999999999998863 ) ) ;
#1641 = ORIENTED_EDGE ( 'NONE', *, *, #96, .T. ) ;
#1642 = LINE ( 'NONE', #689, #2478 ) ;
#1643 = EDGE_CURVE ( 'NONE', #2502, #820, #1532, .T. ) ;
#1644 = ORIENTED_EDGE ( 'NONE', *, *, #680, .T. ) ;
#1645 = EDGE_CURVE ( 'NONE', #17, #2326, #690, .T. ) ;
#1646 = VECTOR ( 'NONE', #1097, 1000.000000000000000 ) ;
#1647 = CARTESIAN_POINT ( 'NONE',  ( -6.349999999999999645, -53.00000000000000711, 63.69999999999998153 ) ) ;
#1648 = ORIENTED_EDGE ( 'NONE', *, *, #2499, .T. ) ;
#1649 = DIRECTION ( 'NONE',  ( 0.000000000000000000, 0.000000000000000000, 1.000000000000000000 ) ) ;
#1650 = CIRCLE ( 'NONE', #1722, 1.999999999991585398 ) ;
#1651 = AXIS2_PLACEMENT_3D ( 'NONE', #740, #2456, #2250 ) ;
#1652 = ORIENTED_EDGE ( 'NONE', *, *, #1836, .T. ) ;
#1653 = CARTESIAN_POINT ( 'NONE',  ( 6.349999999999999645, -200.6599999999999682, 63.49999999999998579 ) ) ;
#1654 = VECTOR ( 'NONE', #650, 1000.000000000000000 ) ;
#1655 = DIRECTION ( 'NONE',  ( 1.000000000000000000, 0.000000000000000000, 0.000000000000000000 ) ) ;
#1656 = EDGE_CURVE ( 'NONE', #604, #91, #2437, .T. ) ;
#1657 = CARTESIAN_POINT ( 'NONE',  ( 6.349999999999999645, 238.7599999999999625, -69.84999999999998010 ) ) ;
#1658 = LINE ( 'NONE', #899, #2119 ) ;
#1659 = ORIENTED_EDGE ( 'NONE', *, *, #1702, .T. ) ;
#1660 = EDGE_CURVE ( 'NONE', #783, #1306, #206, .T. ) ;
#1661 = CARTESIAN_POINT ( 'NONE',  ( 6.349999999999999645, -200.6599999999999682, -57.14999999999999147 ) ) ;
#1662 = ORIENTED_EDGE ( 'NONE', *, *, #1833, .F. ) ;
#1663 = DIRECTION ( 'NONE',  ( 1.000000000000000000, 0.000000000000000000, 0.000000000000000000 ) ) ;
#1664 = VECTOR ( 'NONE', #309, 1000.000000000000000 ) ;
#1665 = CIRCLE ( 'NONE', #1783, 2.000000000000001776 ) ;
#1666 = LINE ( 'NONE', #349, #173 ) ;
#1667 = LINE ( 'NONE', #2253, #571 ) ;
#1668 = DIRECTION ( 'NONE',  ( 0.000000000000000000, 0.000000000000000000, 1.000000000000000000 ) ) ;
#1669 = DIRECTION ( 'NONE',  ( 1.000000000000000000, 0.000000000000000000, 0.000000000000000000 ) ) ;
#1670 = EDGE_CURVE ( 'NONE', #2289, #404, #438, .T. ) ;
#1671 = ORIENTED_EDGE ( 'NONE', *, *, #283, .T. ) ;
#1672 = AXIS2_PLACEMENT_3D ( 'NONE', #1365, #396, #2339 ) ;
#1673 = ORIENTED_EDGE ( 'NONE', *, *, #908, .F. ) ;
#1674 = DIRECTION ( 'NONE',  ( 0.000000000000000000, 0.000000000000000000, -1.000000000000000000 ) ) ;
#1675 = AXIS2_PLACEMENT_3D ( 'NONE', #2462, #1323, #1282 ) ;
#1676 = CYLINDRICAL_SURFACE ( 'NONE', #989, 6.349999999999994316 ) ;
#1677 = ORIENTED_EDGE ( 'NONE', *, *, #1470, .F. ) ;
#1678 = SHAPE_DEFINITION_REPRESENTATION ( #43, #1378 ) ;
#1679 = DIRECTION ( 'NONE',  ( 1.000000000000000000, 0.000000000000000000, 0.000000000000000000 ) ) ;
#1680 = DIRECTION ( 'NONE',  ( 0.000000000000000000, 0.000000000000000000, 1.000000000000000000 ) ) ;
#1681 = CARTESIAN_POINT ( 'NONE',  ( -6.349999999999999645, -23.30151519016675365, 57.89848480983198442 ) ) ;
#1682 = AXIS2_PLACEMENT_3D ( 'NONE', #1129, #758, #170 ) ;
#1683 = ORIENTED_EDGE ( 'NONE', *, *, #922, .F. ) ;
#1684 = LINE ( 'NONE', #2236, #1646 ) ;
#1685 = EDGE_CURVE ( 'NONE', #307, #403, #1098, .T. ) ;
#1686 = PLANE ( 'NONE',  #2470 ) ;
#1687 = AXIS2_PLACEMENT_3D ( 'NONE', #745, #2062, #356 ) ;
#1688 = CARTESIAN_POINT ( 'NONE',  ( -6.349999999999999645, -23.30151519016500217, -3.498484809835014531 ) ) ;
#1689 = CARTESIAN_POINT ( 'NONE',  ( -6.349999999999999645, -11.00000000000478373, 28.19999999999566498 ) ) ;
#1690 = ORIENTED_EDGE ( 'NONE', *, *, #1033, .F. ) ;
#1691 = APPROVAL_PERSON_ORGANIZATION ( #933, #1477, #1315 ) ;
#1692 = EDGE_CURVE ( 'NONE', #1292, #2468, #2313, .T. ) ;
#1693 = AXIS2_PLACEMENT_3D ( 'NONE', #1469, #1669, #1117 ) ;
#1694 = DIRECTION ( 'NONE',  ( 0.000000000000000000, 0.000000000000000000, -1.000000000000000000 ) ) ;
#1695 = FACE_OUTER_BOUND ( 'NONE', #2140, .T. ) ;
#1696 = ORIENTED_EDGE ( 'NONE', *, *, #511, .T. ) ;
#1697 = LINE ( 'NONE', #749, #1140 ) ;
#1698 = ORIENTED_EDGE ( 'NONE', *, *, #459, .T. ) ;
#1699 = CARTESIAN_POINT ( 'NONE',  ( 6.349999999999999645, 304.7999999999999545, -76.19999999999998863 ) ) ;
#1700 = FACE_OUTER_BOUND ( 'NONE', #1349, .T. ) ;
#1701 = FACE_OUTER_BOUND ( 'NONE', #1173, .T. ) ;
#1702 = EDGE_CURVE ( 'NONE', #1438, #779, #764, .T. ) ;
#1703 = EDGE_LOOP ( 'NONE', ( #1545, #2025, #345, #1997 ) ) ;
#1704 = ADVANCED_FACE ( 'NONE', ( #2112 ), #107, .F. ) ;
#1705 = VECTOR ( 'NONE', #172, 1000.000000000000000 ) ;
#1706 = CARTESIAN_POINT ( 'NONE',  ( 6.349999999999999645, -238.7599999999999625, -63.49999999999998579 ) ) ;
#1707 = CARTESIAN_POINT ( 'NONE',  ( -6.349999999999999645, 53.00000000000000711, 26.19999999999998863 ) ) ;
#1708 = ORIENTED_EDGE ( 'NONE', *, *, #2251, .T. ) ;
#1709 = CARTESIAN_POINT ( 'NONE',  ( 6.349999999999999645, 23.30151519016675365, 55.89848480983197732 ) ) ;
#1710 = VECTOR ( 'NONE', #909, 1000.000000000000000 ) ;
#1711 = EDGE_CURVE ( 'NONE', #2379, #756, #485, .T. ) ;
#1712 = CARTESIAN_POINT ( 'NONE',  ( 6.349999999999999645, -200.6599999999999682, -63.49999999999998579 ) ) ;
#1713 = EDGE_CURVE ( 'NONE', #27, #2282, #885, .T. ) ;
#1714 = CARTESIAN_POINT ( 'NONE',  ( 6.349999999999999645, 11.00000000000478373, 28.19999999999566498 ) ) ;
#1715 = DIRECTION ( 'NONE',  ( 0.000000000000000000, 0.000000000000000000, 1.000000000000000000 ) ) ;
#1716 = ORIENTED_EDGE ( 'NONE', *, *, #670, .T. ) ;
#1717 = ORIENTED_EDGE ( 'NONE', *, *, #572, .F. ) ;
#1718 = EDGE_LOOP ( 'NONE', ( #213, #191, #2142, #465, #1462 ) ) ;
#1719 = LINE ( 'NONE', #384, #694 ) ;
#1720 = AXIS2_PLACEMENT_3D ( 'NONE', #332, #159, #1529 ) ;
#1721 = LINE ( 'NONE', #1354, #632 ) ;
#1722 = AXIS2_PLACEMENT_3D ( 'NONE', #1025, #1247, #259 ) ;
#1723 = CARTESIAN_POINT ( 'NONE',  ( 6.349999999999999645, 238.7599999999999625, 63.49999999999998579 ) ) ;
#1724 = FACE_BOUND ( 'NONE', #873, .T. ) ;
#1725 = DIRECTION ( 'NONE',  ( 0.000000000000000000, 0.000000000000000000, -1.000000000000000000 ) ) ;
#1726 = AXIS2_PLACEMENT_3D ( 'NONE', #1447, #448, #97 ) ;
#1727 = VERTEX_POINT ( 'NONE', #50 ) ;
#1728 = ADVANCED_FACE ( 'NONE', ( #2350 ), #1472, .F. ) ;
#1729 = VECTOR ( 'NONE', #1615, 1000.000000000000000 ) ;
#1730 = AXIS2_PLACEMENT_3D ( 'NONE', #1009, #33, #59 ) ;
#1731 = CYLINDRICAL_SURFACE ( 'NONE', #695, 2.000000000000008882 ) ;
#1732 = CARTESIAN_POINT ( 'NONE',  ( 6.349999999999999645, -200.6599999999999682, 69.84999999999998010 ) ) ;
#1733 = AXIS2_PLACEMENT_3D ( 'NONE', #1505, #2244, #507 ) ;
#1734 = EDGE_CURVE ( 'NONE', #207, #2235, #95, .T. ) ;
#1735 = ORIENTED_EDGE ( 'NONE', *, *, #1617, .F. ) ;
#1736 = DIRECTION ( 'NONE',  ( -1.000000000000000000, -0.000000000000000000, -0.000000000000000000 ) ) ;
#1737 = ORIENTED_EDGE ( 'NONE', *, *, #509, .T. ) ;
#1738 = FACE_OUTER_BOUND ( 'NONE', #1549, .T. ) ;
#1739 = EDGE_CURVE ( 'NONE', #1937, #2166, #1642, .T. ) ;
#1740 = DIRECTION ( 'NONE',  ( 1.000000000000000000, 0.000000000000000000, 0.000000000000000000 ) ) ;
#1741 = ORIENTED_EDGE ( 'NONE', *, *, #1656, .F. ) ;
#1742 = EDGE_LOOP ( 'NONE', ( #2258, #1546, #641, #1252 ) ) ;
#1743 = FACE_BOUND ( 'NONE', #1978, .T. ) ;
#1744 = DIRECTION ( 'NONE',  ( -1.000000000000000000, -0.000000000000000000, -0.000000000000000000 ) ) ;
#1745 = ORIENTED_EDGE ( 'NONE', *, *, #1326, .F. ) ;
#1746 = ADVANCED_FACE ( 'NONE', ( #318 ), #1859, .F. ) ;
#1747 = ORIENTED_EDGE ( 'NONE', *, *, #1234, .F. ) ;
#1748 = ORIENTED_EDGE ( 'NONE', *, *, #2, .F. ) ;
#1749 = DIRECTION ( 'NONE',  ( 0.000000000000000000, 0.000000000000000000, -1.000000000000000000 ) ) ;
#1750 = DIRECTION ( 'NONE',  ( -1.000000000000000000, -0.000000000000000000, -0.000000000000000000 ) ) ;
#1751 = DIRECTION ( 'NONE',  ( 1.000000000000000000, -0.000000000000000000, -0.000000000000000000 ) ) ;
#1752 = CARTESIAN_POINT ( 'NONE',  ( -6.349999999999999645, -153.0000000000000284, 31.69999999999999218 ) ) ;
#1753 = EDGE_LOOP ( 'NONE', ( #2013, #2203, #2336, #366 ) ) ;
#1754 = DIRECTION ( 'NONE',  ( 1.000000000000000000, -0.000000000000000000, 0.000000000000000000 ) ) ;
#1755 = CYLINDRICAL_SURFACE ( 'NONE', #487, 1.999999999991585398 ) ;
#1756 = CARTESIAN_POINT ( 'NONE',  ( -6.349999999999999645, -82.69848480983642958, 57.89848480983830825 ) ) ;
#1757 = FACE_OUTER_BOUND ( 'NONE', #757, .T. ) ;
#1758 = ORIENTED_EDGE ( 'NONE', *, *, #439, .T. ) ;
#1759 = EDGE_CURVE ( 'NONE', #1070, #1172, #303, .T. ) ;
#1760 = CIRCLE ( 'NONE', #1258, 6.349999999999994316 ) ;
#1761 = LINE ( 'NONE', #2354, #2365 ) ;
#1762 = CARTESIAN_POINT ( 'NONE',  ( 6.349999999999999645, -11.00000000000478373, 28.19999999999566498 ) ) ;
#1763 = EDGE_LOOP ( 'NONE', ( #1089, #1360, #336, #443 ) ) ;
#1764 = AXIS2_PLACEMENT_3D ( 'NONE', #105, #1422, #686 ) ;
#1765 = EDGE_CURVE ( 'NONE', #656, #1408, #1684, .T. ) ;
#1766 = DIRECTION ( 'NONE',  ( 0.000000000000000000, 0.000000000000000000, -1.000000000000000000 ) ) ;
#1767 = AXIS2_PLACEMENT_3D ( 'NONE', #488, #864, #52 ) ;
#1768 = CARTESIAN_POINT ( 'NONE',  ( -6.349999999999999645, 153.0000000000000284, 20.69999999999998153 ) ) ;
#1769 = CIRCLE ( 'NONE', #1184, 5.499999999999998224 ) ;
#1770 = DIRECTION ( 'NONE',  ( 0.000000000000000000, 0.000000000000000000, -1.000000000000000000 ) ) ;
#1771 = ORIENTED_EDGE ( 'NONE', *, *, #716, .F. ) ;
#1772 = ORIENTED_EDGE ( 'NONE', *, *, #1660, .F. ) ;
#1773 = VERTEX_POINT ( 'NONE', #539 ) ;
#1774 = EDGE_CURVE ( 'NONE', #2311, #2404, #2351, .T. ) ;
#1775 = ORIENTED_EDGE ( 'NONE', *, *, #459, .F. ) ;
#1776 = CARTESIAN_POINT ( 'NONE',  ( 6.349999999999999645, 23.30151519016500217, -3.498484809835014531 ) ) ;
#1777 = EDGE_CURVE ( 'NONE', #1036, #1589, #145, .T. ) ;
#1778 = PERSON_AND_ORGANIZATION ( #337, #203 ) ;
#1779 = DIRECTION ( 'NONE',  ( 0.000000000000000000, 0.000000000000000000, -1.000000000000000000 ) ) ;
#1780 = ORIENTED_EDGE ( 'NONE', *, *, #26, .T. ) ;
#1781 = LINE ( 'NONE', #455, #1133 ) ;
#1782 = VECTOR ( 'NONE', #1899, 1000.000000000000000 ) ;
#1783 = AXIS2_PLACEMENT_3D ( 'NONE', #330, #2211, #143 ) ;
#1784 = ORIENTED_EDGE ( 'NONE', *, *, #1051, .F. ) ;
#1785 = ORIENTED_EDGE ( 'NONE', *, *, #2210, .F. ) ;
#1786 = DIRECTION ( 'NONE',  ( -0.000000000000000000, 1.000000000000000000, -0.000000000000000000 ) ) ;
#1787 = EDGE_LOOP ( 'NONE', ( #254, #872, #1382, #2256 ) ) ;
#1788 = AXIS2_PLACEMENT_3D ( 'NONE', #194, #1933, #2132 ) ;
#1789 = EDGE_CURVE ( 'NONE', #179, #2483, #346, .T. ) ;
#1790 = DIRECTION ( 'NONE',  ( 0.000000000000000000, 0.000000000000000000, 1.000000000000000000 ) ) ;
#1791 = ADVANCED_FACE ( 'NONE', ( #202 ), #2096, .F. ) ;
#1792 = COORDINATED_UNIVERSAL_TIME_OFFSET ( 8, 0, .BEHIND. ) ;
#1793 = CARTESIAN_POINT ( 'NONE',  ( -6.349999999999999645, 200.6599999999999682, 63.49999999999998579 ) ) ;
#1794 = CARTESIAN_POINT ( 'NONE',  ( 6.349999999999999645, 23.30151519016500217, -5.498484809826599928 ) ) ;
#1795 = EDGE_CURVE ( 'NONE', #2326, #17, #1760, .T. ) ;
#1796 = VERTEX_POINT ( 'NONE', #1196 ) ;
#1797 = EDGE_LOOP ( 'NONE', ( #1518, #618, #2016, #187 ) ) ;
#1798 = AXIS2_PLACEMENT_3D ( 'NONE', #1554, #383, #1895 ) ;
#1799 = ORIENTED_EDGE ( 'NONE', *, *, #1400, .T. ) ;
#1800 = CYLINDRICAL_SURFACE ( 'NONE', #1220, 6.349999999999994316 ) ;
#1801 = AXIS2_PLACEMENT_3D ( 'NONE', #941, #741, #2075 ) ;
#1802 = DIRECTION ( 'NONE',  ( 0.000000000000000000, 0.000000000000000000, -1.000000000000000000 ) ) ;
#1803 = AXIS2_PLACEMENT_3D ( 'NONE', #1921, #214, #1932 ) ;
#1804 = ADVANCED_FACE ( 'NONE', ( #1738 ), #964, .F. ) ;
#1805 = ORIENTED_EDGE ( 'NONE', *, *, #1041, .T. ) ;
#1806 = CALENDAR_DATE ( 2026, 22, 8 ) ;
#1807 = AXIS2_PLACEMENT_3D ( 'NONE', #2106, #220, #1387 ) ;
#1808 = DIRECTION ( 'NONE',  ( -1.000000000000000000, -0.000000000000000000, -0.000000000000000000 ) ) ;
#1809 = DIRECTION ( 'NONE',  ( -1.000000000000000000, -0.000000000000000000, -0.000000000000000000 ) ) ;
#1810 = EDGE_CURVE ( 'NONE', #126, #1412, #844, .T. ) ;
#1811 = CIRCLE ( 'NONE', #407, 5.499999999999984013 ) ;
#1812 = EDGE_LOOP ( 'NONE', ( #1775, #732, #2430, #73 ) ) ;
#1813 = EDGE_CURVE ( 'NONE', #1882, #1029, #18, .T. ) ;
#1814 = ORIENTED_EDGE ( 'NONE', *, *, #45, .F. ) ;
#1815 = ORIENTED_EDGE ( 'NONE', *, *, #5, .F. ) ;
#1816 = CARTESIAN_POINT ( 'NONE',  ( -6.349999999999999645, -53.00000000000000711, 70.19999999999998863 ) ) ;
#1817 = LINE ( 'NONE', #2208, #1830 ) ;
#1818 = CARTESIAN_POINT ( 'NONE',  ( 6.349999999999999645, 71.75000000000005684, -25.39999999999999147 ) ) ;
#1819 = DIRECTION ( 'NONE',  ( 1.000000000000000000, 0.000000000000000000, 0.000000000000000000 ) ) ;
#1820 = EDGE_CURVE ( 'NONE', #2065, #820, #353, .T. ) ;
#1821 = ORIENTED_EDGE ( 'NONE', *, *, #1599, .T. ) ;
#1822 = ORIENTED_EDGE ( 'NONE', *, *, #1656, .T. ) ;
#1823 = AXIS2_PLACEMENT_3D ( 'NONE', #402, #1928, #1147 ) ;
#1824 = CARTESIAN_POINT ( 'NONE',  ( 6.349999999999999645, 200.6599999999999682, -69.84999999999998010 ) ) ;
#1825 = EDGE_CURVE ( 'NONE', #106, #1317, #1007, .T. ) ;
#1826 = FACE_OUTER_BOUND ( 'NONE', #80, .T. ) ;
#1827 = DIRECTION ( 'NONE',  ( 0.000000000000000000, 0.000000000000000000, 1.000000000000000000 ) ) ;
#1828 = DIRECTION ( 'NONE',  ( -1.000000000000000000, -0.000000000000000000, -0.000000000000000000 ) ) ;
#1829 = DIRECTION ( 'NONE',  ( 1.000000000000000000, -0.000000000000000000, -0.000000000000000000 ) ) ;
#1830 = VECTOR ( 'NONE', #504, 1000.000000000000000 ) ;
#1831 = LINE ( 'NONE', #1857, #1044 ) ;
#1832 = VERTEX_POINT ( 'NONE', #1432 ) ;
#1833 = EDGE_CURVE ( 'NONE', #1796, #1004, #528, .T. ) ;
#1834 = CARTESIAN_POINT ( 'NONE',  ( 6.349999999999999645, -23.30151519016675365, 57.89848480983198442 ) ) ;
#1835 = CARTESIAN_POINT ( 'NONE',  ( 6.349999999999999645, 53.00000000000000711, 66.19999999999997442 ) ) ;
#1836 = EDGE_CURVE ( 'NONE', #604, #1056, #1781, .T. ) ;
#1837 = DIRECTION ( 'NONE',  ( 1.000000000000000000, 0.000000000000000000, 0.000000000000000000 ) ) ;
#1838 = ORIENTED_EDGE ( 'NONE', *, *, #2457, .F. ) ;
#1839 = EDGE_LOOP ( 'NONE', ( #239, #34, #440, #516 ) ) ;
#1840 = CARTESIAN_POINT ( 'NONE',  ( 6.349999999999999645, 53.00000000000000711, 26.19999999999998863 ) ) ;
#1841 = AXIS2_PLACEMENT_3D ( 'NONE', #1017, #225, #642 ) ;
#1842 = CARTESIAN_POINT ( 'NONE',  ( 6.349999999999999645, 82.69848480983642958, 55.89848480983830115 ) ) ;
#1843 = CIRCLE ( 'NONE', #1764, 6.349999999999994316 ) ;
#1844 = CIRCLE ( 'NONE', #573, 2.000000000000001776 ) ;
#1845 = ORIENTED_EDGE ( 'NONE', *, *, #1765, .F. ) ;
#1846 = DIRECTION ( 'NONE',  ( 0.000000000000000000, 0.000000000000000000, 1.000000000000000000 ) ) ;
#1847 = CARTESIAN_POINT ( 'NONE',  ( -6.349999999999999645, -11.00000000000478373, 26.19999999999566143 ) ) ;
#1848 = VECTOR ( 'NONE', #1497, 1000.000000000000000 ) ;
#1849 = EDGE_CURVE ( 'NONE', #65, #770, #2154, .T. ) ;
#1850 = CARTESIAN_POINT ( 'NONE',  ( -6.349999999999999645, 238.7599999999999625, -63.49999999999998579 ) ) ;
#1851 = FACE_BOUND ( 'NONE', #550, .T. ) ;
#1852 = EDGE_LOOP ( 'NONE', ( #2330, #936 ) ) ;
#1853 = DIRECTION ( 'NONE',  ( 0.000000000000000000, 0.000000000000000000, 1.000000000000000000 ) ) ;
#1854 = DIRECTION ( 'NONE',  ( -1.000000000000000000, -0.000000000000000000, -0.000000000000000000 ) ) ;
#1855 = DIRECTION ( 'NONE',  ( -1.000000000000000000, -0.000000000000000000, -0.000000000000000000 ) ) ;
#1856 = CARTESIAN_POINT ( 'NONE',  ( 6.349999999999999645, 71.75000000000005684, -25.39999999999999147 ) ) ;
#1857 = CARTESIAN_POINT ( 'NONE',  ( 6.349999999999999645, -304.7999999999999545, -76.19999999999998863 ) ) ;
#1858 = VERTEX_POINT ( 'NONE', #651 ) ;
#1859 = CYLINDRICAL_SURFACE ( 'NONE', #1682, 2.000000000000005329 ) ;
#1860 = VECTOR ( 'NONE', #2024, 1000.000000000000000 ) ;
#1861 = CARTESIAN_POINT ( 'NONE',  ( -6.349999999999999645, -53.00000000000000711, 26.19999999999998863 ) ) ;
#1862 = CARTESIAN_POINT ( 'NONE',  ( 6.350000000000000533, 53.00000000000002842, -45.30000000000000426 ) ) ;
#1863 = CIRCLE ( 'NONE', #832, 6.349999999999994316 ) ;
#1864 = ORIENTED_EDGE ( 'NONE', *, *, #1685, .F. ) ;
#1865 = CARTESIAN_POINT ( 'NONE',  ( -6.349999999999999645, -200.6599999999999682, 63.49999999999998579 ) ) ;
#1866 = EDGE_CURVE ( 'NONE', #1990, #79, #1843, .T. ) ;
#1867 = ORIENTED_EDGE ( 'NONE', *, *, #477, .F. ) ;
#1868 = DIRECTION ( 'NONE',  ( 0.000000000000000000, 0.000000000000000000, 1.000000000000000000 ) ) ;
#1869 = EDGE_LOOP ( 'NONE', ( #461, #2310 ) ) ;
#1870 = CYLINDRICAL_SURFACE ( 'NONE', #1961, 2.000000000000008882 ) ;
#1871 = DIRECTION ( 'NONE',  ( -1.000000000000000000, -0.000000000000000000, -0.000000000000000000 ) ) ;
#1872 = CARTESIAN_POINT ( 'NONE',  ( 6.349999999999999645, -53.00000000000000711, 63.69999999999998153 ) ) ;
#1873 = EDGE_CURVE ( 'NONE', #1562, #2128, #638, .T. ) ;
#1874 = ORIENTED_EDGE ( 'NONE', *, *, #2457, .T. ) ;
#1875 = CIRCLE ( 'NONE', #276, 37.49999999999999289 ) ;
#1876 = DIRECTION ( 'NONE',  ( 0.000000000000000000, 1.000000000000000000, -3.628360552544975380E-16 ) ) ;
#1877 = AXIS2_PLACEMENT_3D ( 'NONE', #611, #434, #1006 ) ;
#1878 = AXIS2_PLACEMENT_3D ( 'NONE', #1379, #2090, #1908 ) ;
#1879 = CARTESIAN_POINT ( 'NONE',  ( 6.349999999999999645, -304.7999999999999545, -76.19999999999998863 ) ) ;
#1880 = ORIENTED_EDGE ( 'NONE', *, *, #2431, .T. ) ;
#1881 = ORIENTED_EDGE ( 'NONE', *, *, #1713, .F. ) ;
#1882 = VERTEX_POINT ( 'NONE', #2255 ) ;
#1883 = EDGE_CURVE ( 'NONE', #861, #2497, #883, .T. ) ;
#1884 = CARTESIAN_POINT ( 'NONE',  ( 6.349999999999999645, -34.24999999999997868, -6.275952641916444641 ) ) ;
#1885 = ORIENTED_EDGE ( 'NONE', *, *, #623, .F. ) ;
#1886 = ORIENTED_EDGE ( 'NONE', *, *, #410, .F. ) ;
#1887 = ORIENTED_EDGE ( 'NONE', *, *, #1104, .F. ) ;
#1888 = EDGE_CURVE ( 'NONE', #1622, #994, #1533, .T. ) ;
#1889 = FACE_BOUND ( 'NONE', #1586, .T. ) ;
#1890 = FACE_BOUND ( 'NONE', #2131, .T. ) ;
#1891 = ORIENTED_EDGE ( 'NONE', *, *, #2177, .F. ) ;
#1892 = CIRCLE ( 'NONE', #1823, 37.49999999999999289 ) ;
#1893 = CARTESIAN_POINT ( 'NONE',  ( 6.349999999999999645, 200.6599999999999682, -57.14999999999999147 ) ) ;
#1894 = MANIFOLD_SOLID_BREP ( 'M12x1.0 Tapped Hole1', #1130 ) ;
#1895 = DIRECTION ( 'NONE',  ( 0.000000000000000000, 0.000000000000000000, 1.000000000000000000 ) ) ;
#1896 = AXIS2_PLACEMENT_3D ( 'NONE', #1439, #248, #1790 ) ;
#1897 = ORIENTED_EDGE ( 'NONE', *, *, #1734, .F. ) ;
#1898 = CARTESIAN_POINT ( 'NONE',  ( -6.349999999999999645, -11.00000000000478373, 24.19999999999565432 ) ) ;
#1899 = DIRECTION ( 'NONE',  ( -1.000000000000000000, -0.000000000000000000, -0.000000000000000000 ) ) ;
#1900 = ADVANCED_FACE ( 'NONE', ( #154 ), #559, .F. ) ;
#1901 = VERTEX_POINT ( 'NONE', #715 ) ;
#1902 = DIRECTION ( 'NONE',  ( 0.000000000000000000, 0.000000000000000000, -1.000000000000000000 ) ) ;
#1903 = EDGE_LOOP ( 'NONE', ( #1708, #704, #1501, #1474 ) ) ;
#1904 = AXIS2_PLACEMENT_3D ( 'NONE', #311, #919, #557 ) ;
#1905 = FACE_BOUND ( 'NONE', #825, .T. ) ;
#1906 = ADVANCED_FACE ( 'NONE', ( #508 ), #1284, .F. ) ;
#1907 = VERTEX_POINT ( 'NONE', #546 ) ;
#1908 = DIRECTION ( 'NONE',  ( 0.000000000000000000, 0.000000000000000000, 1.000000000000000000 ) ) ;
#1909 = ORIENTED_EDGE ( 'NONE', *, *, #1080, .T. ) ;
#1910 = AXIS2_PLACEMENT_3D ( 'NONE', #1706, #1156, #2094 ) ;
#1911 = DIRECTION ( 'NONE',  ( 0.000000000000000000, 0.000000000000000000, 1.000000000000000000 ) ) ;
#1912 = DIRECTION ( 'NONE',  ( 0.000000000000000000, 0.000000000000000000, 1.000000000000000000 ) ) ;
#1913 = ORIENTED_EDGE ( 'NONE', *, *, #1734, .T. ) ;
#1914 = FACE_OUTER_BOUND ( 'NONE', #907, .T. ) ;
#1915 = DIRECTION ( 'NONE',  ( 0.000000000000000000, 0.000000000000000000, -1.000000000000000000 ) ) ;
#1916 = AXIS2_PLACEMENT_3D ( 'NONE', #2023, #132, #2427 ) ;
#1917 = ORIENTED_EDGE ( 'NONE', *, *, #322, .F. ) ;
#1918 = LOCAL_TIME ( 17, 51, 37.00000000000000000, #1947 ) ;
#1919 = FACE_BOUND ( 'NONE', #654, .T. ) ;
#1920 = EDGE_LOOP ( 'NONE', ( #1461, #1929, #1931, #515 ) ) ;
#1921 = CARTESIAN_POINT ( 'NONE',  ( 6.349999999999999645, 82.69848480983502270, -3.498484809835000764 ) ) ;
#1922 = EDGE_CURVE ( 'NONE', #1306, #2141, #198, .T. ) ;
#1923 = LINE ( 'NONE', #610, #1540 ) ;
#1924 = DIRECTION ( 'NONE',  ( 0.000000000000000000, 0.000000000000000000, 1.000000000000000000 ) ) ;
#1925 = CARTESIAN_POINT ( 'NONE',  ( -6.349999999999999645, 53.00000000000000711, 66.19999999999997442 ) ) ;
#1926 = CIRCLE ( 'NONE', #2274, 2.000000000000008882 ) ;
#1927 = CARTESIAN_POINT ( 'NONE',  ( 6.349999999999999645, 34.24999999999997868, -6.275952641916447305 ) ) ;
#1928 = DIRECTION ( 'NONE',  ( 1.000000000000000000, 0.000000000000000000, 0.000000000000000000 ) ) ;
#1929 = ORIENTED_EDGE ( 'NONE', *, *, #908, .T. ) ;
#1930 = LINE ( 'NONE', #1344, #1637 ) ;
#1931 = ORIENTED_EDGE ( 'NONE', *, *, #2136, .F. ) ;
#1932 = DIRECTION ( 'NONE',  ( 0.000000000000000000, 0.000000000000000000, 1.000000000000000000 ) ) ;
#1933 = DIRECTION ( 'NONE',  ( 1.000000000000000000, 0.000000000000000000, 0.000000000000000000 ) ) ;
#1934 = LINE ( 'NONE', #2329, #211 ) ;
#1935 = AXIS2_PLACEMENT_3D ( 'NONE', #2475, #1550, #2318 ) ;
#1936 = EDGE_CURVE ( 'NONE', #91, #604, #2230, .T. ) ;
#1937 = VERTEX_POINT ( 'NONE', #229 ) ;
#1938 = CARTESIAN_POINT ( 'NONE',  ( -6.349999999999999645, -53.00000000000000711, 66.19999999999997442 ) ) ;
#1939 = EDGE_CURVE ( 'NONE', #53, #1471, #242, .T. ) ;
#1940 = ORIENTED_EDGE ( 'NONE', *, *, #575, .F. ) ;
#1941 = DIRECTION ( 'NONE',  ( 0.000000000000000000, 0.000000000000000000, 1.000000000000000000 ) ) ;
#1942 = ORIENTED_EDGE ( 'NONE', *, *, #1849, .F. ) ;
#1943 = DIRECTION ( 'NONE',  ( -1.000000000000000000, -0.000000000000000000, -0.000000000000000000 ) ) ;
#1944 = DIRECTION ( 'NONE',  ( 1.000000000000000000, 0.000000000000000000, 0.000000000000000000 ) ) ;
#1945 = AXIS2_PLACEMENT_3D ( 'NONE', #1557, #949, #602 ) ;
#1946 = CARTESIAN_POINT ( 'NONE',  ( -6.349999999999999645, 53.00000000000002842, -45.29999999999999005 ) ) ;
#1947 = COORDINATED_UNIVERSAL_TIME_OFFSET ( 8, 0, .BEHIND. ) ;
#1948 = DIRECTION ( 'NONE',  ( 1.000000000000000000, 0.000000000000000000, 0.000000000000000000 ) ) ;
#1949 = VERTEX_POINT ( 'NONE', #768 ) ;
#1950 = DIRECTION ( 'NONE',  ( 1.000000000000000000, 0.000000000000000000, 0.000000000000000000 ) ) ;
#1951 = ORIENTED_EDGE ( 'NONE', *, *, #2499, .F. ) ;
#1952 = EDGE_CURVE ( 'NONE', #1901, #1832, #2110, .T. ) ;
#1953 = ORIENTED_EDGE ( 'NONE', *, *, #1467, .T. ) ;
#1954 =( NAMED_UNIT ( * ) SI_UNIT ( $, .STERADIAN. ) SOLID_ANGLE_UNIT ( ) );
#1955 = ORIENTED_EDGE ( 'NONE', *, *, #1405, .F. ) ;
#1956 = EDGE_LOOP ( 'NONE', ( #2224, #2355, #2067, #924 ) ) ;
#1957 = VECTOR ( 'NONE', #321, 1000.000000000000000 ) ;
#1958 = EDGE_LOOP ( 'NONE', ( #2325, #1644, #1891, #1120 ) ) ;
#1959 = CARTESIAN_POINT ( 'NONE',  ( -6.349999999999999645, -304.7999999999999545, -76.19999999999998863 ) ) ;
#1960 = CIRCLE ( 'NONE', #1226, 1.999999999991585398 ) ;
#1961 = AXIS2_PLACEMENT_3D ( 'NONE', #2243, #1308, #2061 ) ;
#1962 = LINE ( 'NONE', #1420, #535 ) ;
#1963 = AXIS2_PLACEMENT_3D ( 'NONE', #614, #986, #2124 ) ;
#1964 = ORIENTED_EDGE ( 'NONE', *, *, #804, .T. ) ;
#1965 = EDGE_LOOP ( 'NONE', ( #1328, #2134, #1492, #1551 ) ) ;
#1966 = EDGE_CURVE ( 'NONE', #994, #1622, #1179, .T. ) ;
#1967 = DIRECTION ( 'NONE',  ( -1.000000000000000000, -0.000000000000000000, -0.000000000000000000 ) ) ;
#1968 = EDGE_CURVE ( 'NONE', #1901, #779, #2495, .T. ) ;
#1969 = DIRECTION ( 'NONE',  ( -1.000000000000000000, -0.000000000000000000, -0.000000000000000000 ) ) ;
#1970 = DIRECTION ( 'NONE',  ( 0.000000000000000000, 0.000000000000000000, 1.000000000000000000 ) ) ;
#1971 = ORIENTED_EDGE ( 'NONE', *, *, #2053, .F. ) ;
#1972 = AXIS2_PLACEMENT_3D ( 'NONE', #498, #1107, #2479 ) ;
#1973 = DIRECTION ( 'NONE',  ( 0.000000000000000000, 0.000000000000000000, 1.000000000000000000 ) ) ;
#1974 = DIRECTION ( 'NONE',  ( 1.000000000000000000, 0.000000000000000000, -0.000000000000000000 ) ) ;
#1975 = AXIS2_PLACEMENT_3D ( 'NONE', #1850, #127, #906 ) ;
#1976 = AXIS2_PLACEMENT_3D ( 'NONE', #1286, #2247, #1318 ) ;
#1977 = ORIENTED_EDGE ( 'NONE', *, *, #1587, .T. ) ;
#1978 = EDGE_LOOP ( 'NONE', ( #1327, #2009 ) ) ;
#1979 = CARTESIAN_POINT ( 'NONE',  ( 6.349999999999999645, -238.7599999999999625, 63.49999999999998579 ) ) ;
#1980 = CARTESIAN_POINT ( 'NONE',  ( -6.349999999999999645, -238.7599999999999625, 57.14999999999999147 ) ) ;
#1981 = ORIENTED_EDGE ( 'NONE', *, *, #1234, .T. ) ;
#1982 = DIRECTION ( 'NONE',  ( 0.000000000000000000, 0.000000000000000000, 1.000000000000000000 ) ) ;
#1983 = CIRCLE ( 'NONE', #1563, 6.349999999999994316 ) ;
#1984 = EDGE_CURVE ( 'NONE', #820, #2065, #19, .T. ) ;
#1985 = DIRECTION ( 'NONE',  ( 1.000000000000000000, -0.000000000000000000, -0.000000000000000000 ) ) ;
#1986 = FACE_OUTER_BOUND ( 'NONE', #1839, .T. ) ;
#1987 = AXIS2_PLACEMENT_3D ( 'NONE', #980, #1530, #774 ) ;
#1988 = CARTESIAN_POINT ( 'NONE',  ( 6.349999999999999645, 238.7599999999999625, 63.49999999999998579 ) ) ;
#1989 = ORIENTED_EDGE ( 'NONE', *, *, #587, .T. ) ;
#1990 = VERTEX_POINT ( 'NONE', #819 ) ;
#1991 = ORIENTED_EDGE ( 'NONE', *, *, #555, .F. ) ;
#1992 = EDGE_LOOP ( 'NONE', ( #2377, #1112, #1434, #972 ) ) ;
#1993 = AXIS2_PLACEMENT_3D ( 'NONE', #1865, #2047, #123 ) ;
#1994 = CARTESIAN_POINT ( 'NONE',  ( -6.349999999999999645, -238.7599999999999625, 69.84999999999998010 ) ) ;
#1995 = ORIENTED_EDGE ( 'NONE', *, *, #668, .T. ) ;
#1996 = CIRCLE ( 'NONE', #308, 2.000000000000005329 ) ;
#1997 = ORIENTED_EDGE ( 'NONE', *, *, #58, .F. ) ;
#1998 = EDGE_CURVE ( 'NONE', #1401, #500, #1650, .T. ) ;
#1999 = LOCAL_TIME ( 17, 51, 37.00000000000000000, #86 ) ;
#2000 = DIRECTION ( 'NONE',  ( 0.000000000000000000, 0.000000000000000000, 1.000000000000000000 ) ) ;
#2001 = DIRECTION ( 'NONE',  ( 0.000000000000000000, 0.000000000000000000, -1.000000000000000000 ) ) ;
#2002 = CARTESIAN_POINT ( 'NONE',  ( -6.349999999999999645, -82.69848480983642958, 53.89848480983828694 ) ) ;
#2003 = CC_DESIGN_APPROVAL ( #1477, ( #615 ) ) ;
#2004 = LINE ( 'NONE', #93, #2342 ) ;
#2005 = EDGE_LOOP ( 'NONE', ( #1608, #917 ) ) ;
#2006 = LINE ( 'NONE', #1278, #1571 ) ;
#2007 = DIRECTION ( 'NONE',  ( -0.000000000000000000, -0.000000000000000000, 1.000000000000000000 ) ) ;
#2008 = DIRECTION ( 'NONE',  ( 0.000000000000000000, 0.000000000000000000, -1.000000000000000000 ) ) ;
#2009 = ORIENTED_EDGE ( 'NONE', *, *, #2028, .T. ) ;
#2010 = DATE_AND_TIME ( #1806, #1057 ) ;
#2011 = DIRECTION ( 'NONE',  ( 1.000000000000000000, 0.000000000000000000, 0.000000000000000000 ) ) ;
#2012 = EDGE_CURVE ( 'NONE', #1589, #207, #44, .T. ) ;
#2013 = ORIENTED_EDGE ( 'NONE', *, *, #804, .F. ) ;
#2014 = AXIS2_PLACEMENT_3D ( 'NONE', #1688, #2048, #146 ) ;
#2015 = CARTESIAN_POINT ( 'NONE',  ( 6.349999999999999645, 53.00000000000000711, 68.19999999999998863 ) ) ;
#2016 = ORIENTED_EDGE ( 'NONE', *, *, #58, .T. ) ;
#2017 = FACE_BOUND ( 'NONE', #338, .T. ) ;
#2018 = ORIENTED_EDGE ( 'NONE', *, *, #2012, .F. ) ;
#2019 = EDGE_LOOP ( 'NONE', ( #1350, #2248, #2032, #241 ) ) ;
#2020 = CARTESIAN_POINT ( 'NONE',  ( 6.349999999999999645, -200.6599999999999682, 57.14999999999999147 ) ) ;
#2021 = DIRECTION ( 'NONE',  ( 0.000000000000000000, 0.000000000000000000, 1.000000000000000000 ) ) ;
#2022 = DIRECTION ( 'NONE',  ( 1.000000000000000000, -0.000000000000000000, -0.000000000000000000 ) ) ;
#2023 = CARTESIAN_POINT ( 'NONE',  ( 6.349999999999999645, -304.7999999999999545, 76.19999999999998863 ) ) ;
#2024 = DIRECTION ( 'NONE',  ( -1.000000000000000000, -0.000000000000000000, -0.000000000000000000 ) ) ;
#2025 = ORIENTED_EDGE ( 'NONE', *, *, #950, .T. ) ;
#2026 = EDGE_CURVE ( 'NONE', #915, #1317, #1038, .T. ) ;
#2027 = ORIENTED_EDGE ( 'NONE', *, *, #2146, .T. ) ;
#2028 = EDGE_CURVE ( 'NONE', #1004, #1796, #2439, .T. ) ;
#2029 = DIRECTION ( 'NONE',  ( 1.000000000000000000, 0.000000000000000000, 0.000000000000000000 ) ) ;
#2030 = CIRCLE ( 'NONE', #809, 2.000000000000001776 ) ;
#2031 = CARTESIAN_POINT ( 'NONE',  ( 6.350000000000000533, 153.0000000000000284, 26.19999999999998863 ) ) ;
#2032 = ORIENTED_EDGE ( 'NONE', *, *, #753, .T. ) ;
#2033 = DIRECTION ( 'NONE',  ( 1.000000000000000000, 0.000000000000000000, -0.000000000000000000 ) ) ;
#2034 = AXIS2_PLACEMENT_3D ( 'NONE', #1343, #2507, #32 ) ;
#2035 = ORIENTED_EDGE ( 'NONE', *, *, #501, .F. ) ;
#2036 = AXIS2_PLACEMENT_3D ( 'NONE', #1043, #2171, #1948 ) ;
#2037 = DIRECTION ( 'NONE',  ( 1.000000000000000000, 0.000000000000000000, 0.000000000000000000 ) ) ;
#2038 = CARTESIAN_POINT ( 'NONE',  ( -6.349999999999999645, 304.7999999999999545, -76.19999999999998863 ) ) ;
#2039 = EDGE_CURVE ( 'NONE', #915, #1574, #2070, .T. ) ;
#2040 = AXIS2_PLACEMENT_3D ( 'NONE', #2455, #563, #124 ) ;
#2041 = CARTESIAN_POINT ( 'NONE',  ( 6.349999999999999645, -53.00000000000000711, 68.19999999999998863 ) ) ;
#2042 = FACE_BOUND ( 'NONE', #2173, .T. ) ;
#2043 = COORDINATED_UNIVERSAL_TIME_OFFSET ( 8, 0, .BEHIND. ) ;
#2044 = LINE ( 'NONE', #140, #1228 ) ;
#2045 = CARTESIAN_POINT ( 'NONE',  ( 6.349999999999999645, -82.69848480983502270, -3.498484809835000764 ) ) ;
#2046 = VERTEX_POINT ( 'NONE', #1959 ) ;
#2047 = DIRECTION ( 'NONE',  ( 1.000000000000000000, 0.000000000000000000, 0.000000000000000000 ) ) ;
#2048 = DIRECTION ( 'NONE',  ( 1.000000000000000000, 0.000000000000000000, 0.000000000000000000 ) ) ;
#2049 = DIRECTION ( 'NONE',  ( 1.000000000000000000, -0.000000000000000000, -0.000000000000000000 ) ) ;
#2050 = DIRECTION ( 'NONE',  ( -1.000000000000000000, -0.000000000000000000, -0.000000000000000000 ) ) ;
#2051 = FACE_BOUND ( 'NONE', #1718, .T. ) ;
#2052 = ORIENTED_EDGE ( 'NONE', *, *, #1423, .T. ) ;
#2053 = EDGE_CURVE ( 'NONE', #27, #2164, #1575, .T. ) ;
#2054 = LINE ( 'NONE', #1657, #1710 ) ;
#2055 = DIRECTION ( 'NONE',  ( 1.000000000000000000, 0.000000000000000000, 0.000000000000000000 ) ) ;
#2056 = ADVANCED_FACE ( 'NONE', ( #453 ), #663, .F. ) ;
#2057 = ORIENTED_EDGE ( 'NONE', *, *, #912, .F. ) ;
#2058 = CARTESIAN_POINT ( 'NONE',  ( 6.349999999999999645, -304.7999999999999545, 76.19999999999998863 ) ) ;
#2059 = CARTESIAN_POINT ( 'NONE',  ( 6.349999999999999645, -238.7599999999999625, 63.49999999999998579 ) ) ;
#2060 = EDGE_LOOP ( 'NONE', ( #1535, #2129 ) ) ;
#2061 = DIRECTION ( 'NONE',  ( 0.000000000000000000, 0.000000000000000000, 1.000000000000000000 ) ) ;
#2062 = DIRECTION ( 'NONE',  ( -1.000000000000000000, -0.000000000000000000, -0.000000000000000000 ) ) ;
#2063 = DIRECTION ( 'NONE',  ( -1.000000000000000000, -0.000000000000000000, -0.000000000000000000 ) ) ;
#2064 = ADVANCED_FACE ( 'NONE', ( #1502 ), #2422, .F. ) ;
#2065 = VERTEX_POINT ( 'NONE', #150 ) ;
#2066 = AXIS2_PLACEMENT_3D ( 'NONE', #1386, #1829, #1224 ) ;
#2067 = ORIENTED_EDGE ( 'NONE', *, *, #636, .T. ) ;
#2068 = EDGE_CURVE ( 'NONE', #2262, #1466, #399, .T. ) ;
#2069 = ORIENTED_EDGE ( 'NONE', *, *, #606, .F. ) ;
#2070 = CIRCLE ( 'NONE', #1008, 6.349999999999994316 ) ;
#2071 = CARTESIAN_POINT ( 'NONE',  ( -6.349999999999999645, -82.69848480983502270, -5.498484809828426911 ) ) ;
#2072 = AXIS2_PLACEMENT_3D ( 'NONE', #2015, #1967, #255 ) ;
#2073 = DIRECTION ( 'NONE',  ( 0.000000000000000000, 0.000000000000000000, 1.000000000000000000 ) ) ;
#2074 = ORIENTED_EDGE ( 'NONE', *, *, #1883, .T. ) ;
#2075 = DIRECTION ( 'NONE',  ( 0.000000000000000000, 0.000000000000000000, -1.000000000000000000 ) ) ;
#2076 = CIRCLE ( 'NONE', #245, 2.000000000000008882 ) ;
#2077 = CIRCLE ( 'NONE', #2272, 5.499999999999976907 ) ;
#2078 = FACE_BOUND ( 'NONE', #397, .T. ) ;
#2079 = ORIENTED_EDGE ( 'NONE', *, *, #992, .F. ) ;
#2080 = FACE_OUTER_BOUND ( 'NONE', #1797, .T. ) ;
#2081 = ORIENTED_EDGE ( 'NONE', *, *, #784, .T. ) ;
#2082 = ORIENTED_EDGE ( 'NONE', *, *, #1629, .T. ) ;
#2083 = DIRECTION ( 'NONE',  ( 1.000000000000000000, 0.000000000000000000, 0.000000000000000000 ) ) ;
#2084 = EDGE_CURVE ( 'NONE', #1203, #2461, #1667, .T. ) ;
#2085 = LINE ( 'NONE', #1884, #1705 ) ;
#2086 = ADVANCED_FACE ( 'NONE', ( #1125 ), #932, .F. ) ;
#2087 = CARTESIAN_POINT ( 'NONE',  ( -6.349999999999999645, 200.6599999999999682, -63.49999999999998579 ) ) ;
#2088 = FACE_BOUND ( 'NONE', #993, .T. ) ;
#2089 = VECTOR ( 'NONE', #1751, 1000.000000000000000 ) ;
#2090 = DIRECTION ( 'NONE',  ( 1.000000000000000000, 0.000000000000000000, 0.000000000000000000 ) ) ;
#2091 = DIRECTION ( 'NONE',  ( 1.000000000000000000, 0.000000000000000000, 0.000000000000000000 ) ) ;
#2092 = ORIENTED_EDGE ( 'NONE', *, *, #1288, .T. ) ;
#2093 = CARTESIAN_POINT ( 'NONE',  ( 6.349999999999999645, -82.69848480983502270, -3.498484809835000764 ) ) ;
#2094 = DIRECTION ( 'NONE',  ( 0.000000000000000000, 0.000000000000000000, -1.000000000000000000 ) ) ;
#2095 = EDGE_LOOP ( 'NONE', ( #1606, #702 ) ) ;
#2096 = CYLINDRICAL_SURFACE ( 'NONE', #2190, 1.999999999993426369 ) ;
#2097 = CARTESIAN_POINT ( 'NONE',  ( 6.349999999999999645, 71.75000000000005684, -25.39999999999999147 ) ) ;
#2098 = ORIENTED_EDGE ( 'NONE', *, *, #480, .F. ) ;
#2099 = ADVANCED_FACE ( 'NONE', ( #1537 ), #1755, .F. ) ;
#2100 = AXIS2_PLACEMENT_3D ( 'NONE', #418, #2125, #1974 ) ;
#2101 = CARTESIAN_POINT ( 'NONE',  ( -6.349999999999999645, -304.7999999999999545, -76.19999999999998863 ) ) ;
#2102 = DIRECTION ( 'NONE',  ( -0.000000000000000000, -0.000000000000000000, -1.000000000000000000 ) ) ;
#2103 = DIRECTION ( 'NONE',  ( 0.000000000000000000, 0.000000000000000000, 1.000000000000000000 ) ) ;
#2104 = CARTESIAN_POINT ( 'NONE',  ( 6.349999999999999645, -95.00000000000477485, 24.20000000000460005 ) ) ;
#2105 = CARTESIAN_POINT ( 'NONE',  ( 6.349999999999999645, 23.30151519016500217, -3.498484809835014531 ) ) ;
#2106 = CARTESIAN_POINT ( 'NONE',  ( 6.349999999999999645, -53.00000000000000711, 68.19999999999998863 ) ) ;
#2107 = AXIS2_PLACEMENT_3D ( 'NONE', #1413, #444, #1902 ) ;
#2108 = CARTESIAN_POINT ( 'NONE',  ( 6.349999999999999645, -238.7599999999999625, 57.14999999999999147 ) ) ;
#2109 = LINE ( 'NONE', #1186, #1782 ) ;
#2110 = CIRCLE ( 'NONE', #613, 1.999999999993426369 ) ;
#2111 = ORIENTED_EDGE ( 'NONE', *, *, #1516, .F. ) ;
#2112 = FACE_OUTER_BOUND ( 'NONE', #1958, .T. ) ;
#2113 = APPROVAL_PERSON_ORGANIZATION ( #698, #2114, #101 ) ;
#2114 = APPROVAL ( #1468, 'UNSPECIFIED' ) ;
#2115 = FACE_BOUND ( 'NONE', #164, .T. ) ;
#2116 = PLANE ( 'NONE',  #1225 ) ;
#2117 = ORIENTED_EDGE ( 'NONE', *, *, #329, .F. ) ;
#2118 = VERTEX_POINT ( 'NONE', #192 ) ;
#2119 = VECTOR ( 'NONE', #2209, 1000.000000000000000 ) ;
#2120 = ADVANCED_FACE ( 'NONE', ( #2295 ), #594, .F. ) ;
#2121 = LINE ( 'NONE', #420, #1579 ) ;
#2122 = DIRECTION ( 'NONE',  ( -1.000000000000000000, -0.000000000000000000, -0.000000000000000000 ) ) ;
#2123 = EDGE_CURVE ( 'NONE', #135, #2497, #1875, .T. ) ;
#2124 = DIRECTION ( 'NONE',  ( 0.000000000000000000, 0.000000000000000000, -1.000000000000000000 ) ) ;
#2125 = DIRECTION ( 'NONE',  ( 0.000000000000000000, 0.000000000000000000, 1.000000000000000000 ) ) ;
#2126 = DIRECTION ( 'NONE',  ( -1.000000000000000000, -0.000000000000000000, -0.000000000000000000 ) ) ;
#2127 = DIRECTION ( 'NONE',  ( -1.000000000000000000, -0.000000000000000000, -0.000000000000000000 ) ) ;
#2128 = VERTEX_POINT ( 'NONE', #806 ) ;
#2129 = ORIENTED_EDGE ( 'NONE', *, *, #371, .T. ) ;
#2130 = DIRECTION ( 'NONE',  ( 0.000000000000000000, 0.000000000000000000, 1.000000000000000000 ) ) ;
#2131 = EDGE_LOOP ( 'NONE', ( #1735, #2500 ) ) ;
#2132 = DIRECTION ( 'NONE',  ( 0.000000000000000000, 0.000000000000000000, -1.000000000000000000 ) ) ;
#2133 = AXIS2_PLACEMENT_3D ( 'NONE', #1389, #2127, #2252 ) ;
#2134 = ORIENTED_EDGE ( 'NONE', *, *, #1968, .T. ) ;
#2135 = DIRECTION ( 'NONE',  ( 0.000000000000000000, 0.000000000000000000, -1.000000000000000000 ) ) ;
#2136 = EDGE_CURVE ( 'NONE', #1134, #1433, #728, .T. ) ;
#2137 = CARTESIAN_POINT ( 'NONE',  ( -6.349999999999999645, 53.00000000000000711, 63.69999999999998153 ) ) ;
#2138 = DIRECTION ( 'NONE',  ( 1.000000000000000000, 0.000000000000000000, 0.000000000000000000 ) ) ;
#2139 = UNCERTAINTY_MEASURE_WITH_UNIT (LENGTH_MEASURE( 1.000000000000000082E-05 ), #374, 'distance_accuracy_value', 'NONE');
#2140 = EDGE_LOOP ( 'NONE', ( #1799, #1153, #609, #1940 ) ) ;
#2141 = VERTEX_POINT ( 'NONE', #246 ) ;
#2142 = ORIENTED_EDGE ( 'NONE', *, *, #1813, .F. ) ;
#2143 = CARTESIAN_POINT ( 'NONE',  ( 6.349999999999999645, -95.00000000000477485, 28.20000000000461782 ) ) ;
#2144 = CIRCLE ( 'NONE', #1047, 6.349999999999994316 ) ;
#2145 = DIRECTION ( 'NONE',  ( -1.000000000000000000, -0.000000000000000000, -0.000000000000000000 ) ) ;
#2146 = EDGE_CURVE ( 'NONE', #1773, #2226, #2030, .T. ) ;
#2147 = DIRECTION ( 'NONE',  ( 1.000000000000000000, 0.000000000000000000, 0.000000000000000000 ) ) ;
#2148 = CARTESIAN_POINT ( 'NONE',  ( -6.349999999999999645, 23.30151519016500217, -1.498484809843429355 ) ) ;
#2149 = ADVANCED_FACE ( 'NONE', ( #1609 ), #634, .F. ) ;
#2150 = ORIENTED_EDGE ( 'NONE', *, *, #2394, .F. ) ;
#2151 = ORIENTED_EDGE ( 'NONE', *, *, #1341, .T. ) ;
#2152 = VECTOR ( 'NONE', #1786, 1000.000000000000000 ) ;
#2153 = CARTESIAN_POINT ( 'NONE',  ( 6.349999999999999645, -200.6599999999999682, -69.84999999999998010 ) ) ;
#2154 = CIRCLE ( 'NONE', #1263, 1.999999999991584954 ) ;
#2155 = CARTESIAN_POINT ( 'NONE',  ( -6.349999999999999645, 238.7599999999999625, 63.49999999999998579 ) ) ;
#2156 = AXIS2_PLACEMENT_3D ( 'NONE', #1417, #807, #1970 ) ;
#2157 = ORIENTED_EDGE ( 'NONE', *, *, #592, .F. ) ;
#2158 = CIRCLE ( 'NONE', #894, 5.499999999999984013 ) ;
#2159 = CYLINDRICAL_SURFACE ( 'NONE', #1730, 1.999999999991585398 ) ;
#2160 = VECTOR ( 'NONE', #162, 1000.000000000000000 ) ;
#2161 = ADVANCED_FACE ( 'NONE', ( #266 ), #39, .F. ) ;
#2162 = EDGE_LOOP ( 'NONE', ( #1021, #2192 ) ) ;
#2163 = CARTESIAN_POINT ( 'NONE',  ( 6.349999999999999645, -23.30151519016500217, -1.498484809843429355 ) ) ;
#2164 = VERTEX_POINT ( 'NONE', #1415 ) ;
#2165 = EDGE_CURVE ( 'NONE', #122, #797, #1996, .T. ) ;
#2166 = VERTEX_POINT ( 'NONE', #1816 ) ;
#2167 = EDGE_CURVE ( 'NONE', #779, #1438, #930, .T. ) ;
#2168 = CARTESIAN_POINT ( 'NONE',  ( -6.349999999999999645, 82.69848480983502270, -1.498484809841574394 ) ) ;
#2169 = ORIENTED_EDGE ( 'NONE', *, *, #1866, .F. ) ;
#2170 = DIRECTION ( 'NONE',  ( 0.000000000000000000, 0.000000000000000000, -1.000000000000000000 ) ) ;
#2171 = DIRECTION ( 'NONE',  ( -0.000000000000000000, 0.000000000000000000, 1.000000000000000000 ) ) ;
#2172 = CARTESIAN_POINT ( 'NONE',  ( -6.349999999999999645, -200.6599999999999682, -63.49999999999998579 ) ) ;
#2173 = EDGE_LOOP ( 'NONE', ( #747, #1114 ) ) ;
#2174 = DIRECTION ( 'NONE',  ( 0.000000000000000000, 0.000000000000000000, 1.000000000000000000 ) ) ;
#2175 = ORIENTED_EDGE ( 'NONE', *, *, #1101, .T. ) ;
#2176 = CARTESIAN_POINT ( 'NONE',  ( 6.349999999999999645, 53.00000000000002842, -50.79999999999999005 ) ) ;
#2177 = EDGE_CURVE ( 'NONE', #797, #122, #1222, .T. ) ;
#2178 = ORIENTED_EDGE ( 'NONE', *, *, #2305, .F. ) ;
#2179 = FACE_BOUND ( 'NONE', #205, .T. ) ;
#2180 = ORIENTED_EDGE ( 'NONE', *, *, #1774, .F. ) ;
#2181 = CARTESIAN_POINT ( 'NONE',  ( 6.349999999999999645, -200.6599999999999682, -63.49999999999998579 ) ) ;
#2182 = CARTESIAN_POINT ( 'NONE',  ( 6.349999999999999645, 304.7999999999999545, 76.19999999999998863 ) ) ;
#2183 = CARTESIAN_POINT ( 'NONE',  ( -6.349999999999999645, 82.69848480983502270, -3.498484809835000764 ) ) ;
#2184 = APPLICATION_CONTEXT ( 'configuration controlled 3d designs of mechanical parts and assemblies' ) ;
#2185 = EDGE_LOOP ( 'NONE', ( #458, #182 ) ) ;
#2186 = VERTEX_POINT ( 'NONE', #1086 ) ;
#2187 = DIRECTION ( 'NONE',  ( 0.000000000000000000, 0.000000000000000000, -1.000000000000000000 ) ) ;
#2188 = VERTEX_POINT ( 'NONE', #1898 ) ;
#2189 = DIRECTION ( 'NONE',  ( 1.000000000000000000, 0.000000000000000000, 0.000000000000000000 ) ) ;
#2190 = AXIS2_PLACEMENT_3D ( 'NONE', #772, #2300, #1351 ) ;
#2191 = CC_DESIGN_PERSON_AND_ORGANIZATION_ASSIGNMENT ( #479, #2207, ( #71 ) ) ;
#2192 = ORIENTED_EDGE ( 'NONE', *, *, #684, .T. ) ;
#2193 = CARTESIAN_POINT ( 'NONE',  ( 6.349999999999999645, 200.6599999999999682, 69.84999999999998010 ) ) ;
#2194 = DATE_TIME_ROLE ( 'classification_date' ) ;
#2195 = AXIS2_PLACEMENT_3D ( 'NONE', #759, #2189, #562 ) ;
#2196 = CARTESIAN_POINT ( 'NONE',  ( 6.349999999999999645, -304.7999999999999545, 76.19999999999998863 ) ) ;
#2197 = DIRECTION ( 'NONE',  ( 1.000000000000000000, -0.000000000000000000, -0.000000000000000000 ) ) ;
#2198 = VECTOR ( 'NONE', #166, 1000.000000000000000 ) ;
#2199 = CIRCLE ( 'NONE', #1464, 6.349999999999994316 ) ;
#2200 = ORIENTED_EDGE ( 'NONE', *, *, #1516, .T. ) ;
#2201 = CYLINDRICAL_SURFACE ( 'NONE', #2072, 2.000000000000001776 ) ;
#2202 = ORIENTED_EDGE ( 'NONE', *, *, #1556, .T. ) ;
#2203 = ORIENTED_EDGE ( 'NONE', *, *, #1645, .T. ) ;
#2204 = CARTESIAN_POINT ( 'NONE',  ( -6.349999999999999645, -82.69848480983502270, -3.498484809835000764 ) ) ;
#2205 = DIRECTION ( 'NONE',  ( -1.000000000000000000, -0.000000000000000000, -0.000000000000000000 ) ) ;
#2206 = VERTEX_POINT ( 'NONE', #1631 ) ;
#2207 = PERSON_AND_ORGANIZATION_ROLE ( 'design_supplier' ) ;
#2208 = CARTESIAN_POINT ( 'NONE',  ( 6.349999999999999645, 23.30151519016675365, 53.89848480983197021 ) ) ;
#2209 = DIRECTION ( 'NONE',  ( -1.000000000000000000, -0.000000000000000000, -0.000000000000000000 ) ) ;
#2210 = EDGE_CURVE ( 'NONE', #1339, #252, #1012, .T. ) ;
#2211 = DIRECTION ( 'NONE',  ( 1.000000000000000000, 0.000000000000000000, 0.000000000000000000 ) ) ;
#2212 = EDGE_LOOP ( 'NONE', ( #1638, #2367, #2415, #1917 ) ) ;
#2213 = CIRCLE ( 'NONE', #1242, 2.000000000000008882 ) ;
#2214 = LINE ( 'NONE', #1131, #2160 ) ;
#2215 = ORIENTED_EDGE ( 'NONE', *, *, #1645, .F. ) ;
#2216 = DIRECTION ( 'NONE',  ( -0.000000000000000000, -3.628360552544974887E-16, 1.000000000000000000 ) ) ;
#2217 = AXIS2_PLACEMENT_3D ( 'NONE', #1256, #1050, #257 ) ;
#2218 = PERSON_AND_ORGANIZATION_ROLE ( 'creator' ) ;
#2219 = CARTESIAN_POINT ( 'NONE',  ( 6.349999999999999645, 82.69848480983642958, 53.89848480983828694 ) ) ;
#2220 = CARTESIAN_POINT ( 'NONE',  ( 6.350000000000000533, 53.00000000000002842, -50.79999999999999005 ) ) ;
#2221 = DIRECTION ( 'NONE',  ( -1.000000000000000000, -0.000000000000000000, -0.000000000000000000 ) ) ;
#2222 = AXIS2_PLACEMENT_3D ( 'NONE', #2181, #990, #1388 ) ;
#2223 = EDGE_CURVE ( 'NONE', #179, #1203, #891, .T. ) ;
#2224 = ORIENTED_EDGE ( 'NONE', *, *, #1542, .F. ) ;
#2225 = CARTESIAN_POINT ( 'NONE',  ( -6.349999999999999645, 23.30151519016500217, -3.498484809835014531 ) ) ;
#2226 = VERTEX_POINT ( 'NONE', #286 ) ;
#2227 = CARTESIAN_POINT ( 'NONE',  ( 6.349999999999999645, -23.30151519016500217, -3.498484809835014531 ) ) ;
#2228 = AXIS2_PLACEMENT_3D ( 'NONE', #215, #2063, #1715 ) ;
#2229 = DIRECTION ( 'NONE',  ( 0.000000000000000000, 0.000000000000000000, -1.000000000000000000 ) ) ;
#2230 = CIRCLE ( 'NONE', #1419, 5.500000000000005329 ) ;
#2231 = DIRECTION ( 'NONE',  ( 1.000000000000000000, 0.000000000000000000, 0.000000000000000000 ) ) ;
#2232 = LINE ( 'NONE', #1856, #398 ) ;
#2233 = DIRECTION ( 'NONE',  ( 1.000000000000000000, 0.000000000000000000, 0.000000000000000000 ) ) ;
#2234 = VECTOR ( 'NONE', #99, 1000.000000000000000 ) ;
#2235 = VERTEX_POINT ( 'NONE', #1293 ) ;
#2236 = CARTESIAN_POINT ( 'NONE',  ( 6.349999999999999645, -53.00000000000000711, 66.19999999999997442 ) ) ;
#2237 = AXIS2_PLACEMENT_3D ( 'NONE', #1580, #467, #1973 ) ;
#2238 = DIRECTION ( 'NONE',  ( 0.000000000000000000, 0.000000000000000000, 1.000000000000000000 ) ) ;
#2239 = CARTESIAN_POINT ( 'NONE',  ( 6.349999999999999645, 82.69848480983642958, 55.89848480983830115 ) ) ;
#2240 = EDGE_CURVE ( 'NONE', #2505, #854, #171, .T. ) ;
#2241 = ORIENTED_EDGE ( 'NONE', *, *, #1467, .F. ) ;
#2242 = ORIENTED_EDGE ( 'NONE', *, *, #893, .T. ) ;
#2243 = CARTESIAN_POINT ( 'NONE',  ( 6.349999999999999645, -82.69848480983642958, 55.89848480983830115 ) ) ;
#2244 = DIRECTION ( 'NONE',  ( 1.000000000000000000, -0.000000000000000000, -0.000000000000000000 ) ) ;
#2245 = CARTESIAN_POINT ( 'NONE',  ( 6.349999999999999645, -238.7599999999999625, -57.14999999999999147 ) ) ;
#2246 = CARTESIAN_POINT ( 'NONE',  ( 6.349999999999999645, 95.00000000000477485, 26.20000000000460716 ) ) ;
#2247 = DIRECTION ( 'NONE',  ( 1.000000000000000000, 0.000000000000000000, 0.000000000000000000 ) ) ;
#2248 = ORIENTED_EDGE ( 'NONE', *, *, #1952, .T. ) ;
#2249 = AXIS2_PLACEMENT_3D ( 'NONE', #1653, #512, #1846 ) ;
#2250 = DIRECTION ( 'NONE',  ( 0.000000000000000000, 0.000000000000000000, 1.000000000000000000 ) ) ;
#2251 = EDGE_CURVE ( 'NONE', #1937, #656, #24, .T. ) ;
#2252 = DIRECTION ( 'NONE',  ( 0.000000000000000000, 0.000000000000000000, 1.000000000000000000 ) ) ;
#2253 = CARTESIAN_POINT ( 'NONE',  ( 6.349999999999999645, -304.7999999999999545, 76.19999999999998863 ) ) ;
#2254 = FACE_OUTER_BOUND ( 'NONE', #1763, .T. ) ;
#2255 = CARTESIAN_POINT ( 'NONE',  ( 6.349999999999999645, 71.75000000000005684, -6.275952641916429542 ) ) ;
#2256 = ORIENTED_EDGE ( 'NONE', *, *, #2028, .F. ) ;
#2257 = CARTESIAN_POINT ( 'NONE',  ( -6.349999999999999645, -34.24999999999997158, -25.39999999999999147 ) ) ;
#2258 = ORIENTED_EDGE ( 'NONE', *, *, #394, .F. ) ;
#2259 = VECTOR ( 'NONE', #2126, 1000.000000000000000 ) ;
#2260 = CARTESIAN_POINT ( 'NONE',  ( 6.349999999999999645, -11.00000000000478373, 24.19999999999565432 ) ) ;
#2261 = FACE_BOUND ( 'NONE', #432, .T. ) ;
#2262 = VERTEX_POINT ( 'NONE', #988 ) ;
#2263 = DIRECTION ( 'NONE',  ( 1.000000000000000000, -0.000000000000000000, -0.000000000000000000 ) ) ;
#2264 = DIRECTION ( 'NONE',  ( -1.000000000000000000, -0.000000000000000000, -0.000000000000000000 ) ) ;
#2265 = DIRECTION ( 'NONE',  ( -1.000000000000000000, -0.000000000000000000, -0.000000000000000000 ) ) ;
#2266 = DIRECTION ( 'NONE',  ( 0.000000000000000000, 0.000000000000000000, -1.000000000000000000 ) ) ;
#2267 = EDGE_CURVE ( 'NONE', #1506, #2404, #1719, .T. ) ;
#2268 = CIRCLE ( 'NONE', #1175, 1.999999999991584954 ) ;
#2269 = ORIENTED_EDGE ( 'NONE', *, *, #1825, .F. ) ;
#2270 = EDGE_LOOP ( 'NONE', ( #1124, #752 ) ) ;
#2271 = VECTOR ( 'NONE', #985, 1000.000000000000000 ) ;
#2272 = AXIS2_PLACEMENT_3D ( 'NONE', #2031, #1489, #1275 ) ;
#2273 = PLANE ( 'NONE',  #1935 ) ;
#2274 = AXIS2_PLACEMENT_3D ( 'NONE', #733, #301, #1680 ) ;
#2275 = ORIENTED_EDGE ( 'NONE', *, *, #992, .T. ) ;
#2276 = CARTESIAN_POINT ( 'NONE',  ( 6.349999999999999645, 23.30151519016500217, -3.498484809835014531 ) ) ;
#2277 = CARTESIAN_POINT ( 'NONE',  ( -6.349999999999999645, -71.75000000000005684, -25.39999999999999147 ) ) ;
#2278 = DIRECTION ( 'NONE',  ( 0.000000000000000000, 0.000000000000000000, 1.000000000000000000 ) ) ;
#2279 = DIRECTION ( 'NONE',  ( -1.000000000000000000, -0.000000000000000000, -0.000000000000000000 ) ) ;
#2280 = EDGE_CURVE ( 'NONE', #1029, #135, #788, .T. ) ;
#2281 = EDGE_LOOP ( 'NONE', ( #1446, #274, #2117, #814 ) ) ;
#2282 = VERTEX_POINT ( 'NONE', #1352 ) ;
#2283 = ORIENTED_EDGE ( 'NONE', *, *, #1357, .F. ) ;
#2284 = DIRECTION ( 'NONE',  ( -1.000000000000000000, -0.000000000000000000, -0.000000000000000000 ) ) ;
#2285 = CARTESIAN_POINT ( 'NONE',  ( 6.349999999999999645, -200.6599999999999682, -63.49999999999998579 ) ) ;
#2286 = ADVANCED_FACE ( 'NONE', ( #1914 ), #767, .F. ) ;
#2287 = CARTESIAN_POINT ( 'NONE',  ( -6.349999999999999645, -304.7999999999999545, 76.19999999999998863 ) ) ;
#2288 = CARTESIAN_POINT ( 'NONE',  ( 6.349999999999999645, 71.75000000000005684, -6.275952641916429542 ) ) ;
#2289 = VERTEX_POINT ( 'NONE', #1324 ) ;
#2290 = VECTOR ( 'NONE', #1744, 1000.000000000000000 ) ;
#2291 = DIRECTION ( 'NONE',  ( 0.000000000000000000, 0.000000000000000000, 1.000000000000000000 ) ) ;
#2292 = DIRECTION ( 'NONE',  ( 0.000000000000000000, 0.000000000000000000, 1.000000000000000000 ) ) ;
#2293 = ORIENTED_EDGE ( 'NONE', *, *, #1041, .F. ) ;
#2294 = AXIS2_PLACEMENT_3D ( 'NONE', #1558, #1583, #578 ) ;
#2295 = FACE_OUTER_BOUND ( 'NONE', #2316, .T. ) ;
#2296 = AXIS2_PLACEMENT_3D ( 'NONE', #2498, #1157, #219 ) ;
#2297 = CARTESIAN_POINT ( 'NONE',  ( 6.350000000000000533, 153.0000000000000284, 31.69999999999996376 ) ) ;
#2298 = CARTESIAN_POINT ( 'NONE',  ( 6.349999999999999645, -238.7599999999999625, 57.14999999999999147 ) ) ;
#2299 = CIRCLE ( 'NONE', #1788, 2.000000000000008882 ) ;
#2300 = DIRECTION ( 'NONE',  ( -1.000000000000000000, -0.000000000000000000, -0.000000000000000000 ) ) ;
#2301 = ADVANCED_FACE ( 'NONE', ( #1695 ), #1346, .F. ) ;
#2302 = CARTESIAN_POINT ( 'NONE',  ( -6.349999999999999645, 11.00000000000478373, 28.19999999999566498 ) ) ;
#2303 = CARTESIAN_POINT ( 'NONE',  ( 6.349999999999999645, -200.6599999999999682, 63.49999999999998579 ) ) ;
#2304 = DIRECTION ( 'NONE',  ( 1.000000000000000000, 0.000000000000000000, 0.000000000000000000 ) ) ;
#2305 = EDGE_CURVE ( 'NONE', #426, #2408, #1135, .T. ) ;
#2306 = CYLINDRICAL_SURFACE ( 'NONE', #1628, 6.349999999999994316 ) ;
#2307 = DIRECTION ( 'NONE',  ( -1.000000000000000000, -0.000000000000000000, -0.000000000000000000 ) ) ;
#2308 = LINE ( 'NONE', #237, #2271 ) ;
#2309 = DIRECTION ( 'NONE',  ( 1.000000000000000000, 0.000000000000000000, 0.000000000000000000 ) ) ;
#2310 = ORIENTED_EDGE ( 'NONE', *, *, #1141, .T. ) ;
#2311 = VERTEX_POINT ( 'NONE', #42 ) ;
#2312 = DIRECTION ( 'NONE',  ( 0.000000000000000000, 0.000000000000000000, -1.000000000000000000 ) ) ;
#2313 = CIRCLE ( 'NONE', #2107, 1.999999999993426369 ) ;
#2314 = CARTESIAN_POINT ( 'NONE',  ( 6.349999999999999645, -82.69848480983642958, 53.89848480983828694 ) ) ;
#2315 = DIRECTION ( 'NONE',  ( -0.000000000000000000, -1.000000000000000000, -0.000000000000000000 ) ) ;
#2316 = EDGE_LOOP ( 'NONE', ( #115, #1367, #2496, #425 ) ) ;
#2317 =( GEOMETRIC_REPRESENTATION_CONTEXT ( 3 ) GLOBAL_UNCERTAINTY_ASSIGNED_CONTEXT ( ( #2139 ) ) GLOBAL_UNIT_ASSIGNED_CONTEXT ( ( #374, #1370, #1954 ) ) REPRESENTATION_CONTEXT ( 'NONE', 'WORKASPACE' ) );
#2318 = DIRECTION ( 'NONE',  ( 0.000000000000000000, 0.000000000000000000, -1.000000000000000000 ) ) ;
#2319 = CYLINDRICAL_SURFACE ( 'NONE', #1380, 2.000000000000008882 ) ;
#2320 = EDGE_CURVE ( 'NONE', #1412, #770, #2308, .T. ) ;
#2321 = ORIENTED_EDGE ( 'NONE', *, *, #188, .T. ) ;
#2322 = DIRECTION ( 'NONE',  ( 0.000000000000000000, 0.000000000000000000, 1.000000000000000000 ) ) ;
#2323 = DIRECTION ( 'NONE',  ( 1.000000000000000000, -0.000000000000000000, -0.000000000000000000 ) ) ;
#2324 = CYLINDRICAL_SURFACE ( 'NONE', #375, 6.349999999999994316 ) ;
#2325 = ORIENTED_EDGE ( 'NONE', *, *, #1759, .T. ) ;
#2326 = VERTEX_POINT ( 'NONE', #830 ) ;
#2327 = DIRECTION ( 'NONE',  ( -1.000000000000000000, -0.000000000000000000, -0.000000000000000000 ) ) ;
#2328 = VERTEX_POINT ( 'NONE', #1598 ) ;
#2329 = CARTESIAN_POINT ( 'NONE',  ( -6.349999999999999645, 34.24999999999997868, -6.275952641916447305 ) ) ;
#2330 = ORIENTED_EDGE ( 'NONE', *, *, #943, .T. ) ;
#2331 = EDGE_CURVE ( 'NONE', #656, #1937, #1577, .T. ) ;
#2332 = DIRECTION ( 'NONE',  ( -1.000000000000000000, -0.000000000000000000, -0.000000000000000000 ) ) ;
#2333 = CARTESIAN_POINT ( 'NONE',  ( -6.349999999999999645, -53.00000000000002842, -50.79999999999999005 ) ) ;
#2334 = CARTESIAN_POINT ( 'NONE',  ( 6.349999999999999645, -11.00000000000478373, 26.19999999999566143 ) ) ;
#2335 = ORIENTED_EDGE ( 'NONE', *, *, #216, .F. ) ;
#2336 = ORIENTED_EDGE ( 'NONE', *, *, #359, .T. ) ;
#2337 = ORIENTED_EDGE ( 'NONE', *, *, #1307, .T. ) ;
#2338 = LINE ( 'NONE', #2101, #1301 ) ;
#2339 = DIRECTION ( 'NONE',  ( 0.000000000000000000, 0.000000000000000000, 1.000000000000000000 ) ) ;
#2340 = DIRECTION ( 'NONE',  ( 0.000000000000000000, 0.000000000000000000, 1.000000000000000000 ) ) ;
#2341 = AXIS2_PLACEMENT_3D ( 'NONE', #2285, #1740, #789 ) ;
#2342 = VECTOR ( 'NONE', #687, 1000.000000000000000 ) ;
#2343 = FACE_OUTER_BOUND ( 'NONE', #669, .T. ) ;
#2344 = DATE_AND_TIME ( #2362, #1918 ) ;
#2345 = CARTESIAN_POINT ( 'NONE',  ( 6.349999999999999645, 200.6599999999999682, 63.49999999999998579 ) ) ;
#2346 = CYLINDRICAL_SURFACE ( 'NONE', #208, 2.000000000000008882 ) ;
#2347 = EDGE_CURVE ( 'NONE', #1482, #2128, #1181, .T. ) ;
#2348 = ORIENTED_EDGE ( 'NONE', *, *, #1810, .F. ) ;
#2349 = EDGE_LOOP ( 'NONE', ( #629, #1319, #837, #2458 ) ) ;
#2350 = FACE_OUTER_BOUND ( 'NONE', #61, .T. ) ;
#2351 = CIRCLE ( 'NONE', #1993, 6.349999999999994316 ) ;
#2352 = ORIENTED_EDGE ( 'NONE', *, *, #1060, .T. ) ;
#2353 = AXIS2_PLACEMENT_3D ( 'NONE', #1154, #1543, #960 ) ;
#2354 = CARTESIAN_POINT ( 'NONE',  ( 6.349999999999999645, -53.00000000000002842, -56.29999999999998295 ) ) ;
#2355 = ORIENTED_EDGE ( 'NONE', *, *, #199, .F. ) ;
#2356 = DIRECTION ( 'NONE',  ( 0.000000000000000000, 3.628360552544974887E-16, -1.000000000000000000 ) ) ;
#2357 = FACE_BOUND ( 'NONE', #2388, .T. ) ;
#2358 = ORIENTED_EDGE ( 'NONE', *, *, #511, .F. ) ;
#2359 = CARTESIAN_POINT ( 'NONE',  ( 6.349999999999999645, 200.6599999999999682, 63.49999999999998579 ) ) ;
#2360 = CIRCLE ( 'NONE', #1424, 1.999999999993426369 ) ;
#2361 = AXIS2_PLACEMENT_3D ( 'NONE', #2333, #2323, #810 ) ;
#2362 = CALENDAR_DATE ( 2026, 22, 8 ) ;
#2363 = DIRECTION ( 'NONE',  ( -1.000000000000000000, -0.000000000000000000, -0.000000000000000000 ) ) ;
#2364 = FACE_OUTER_BOUND ( 'NONE', #1001, .T. ) ;
#2365 = VECTOR ( 'NONE', #692, 1000.000000000000000 ) ;
#2366 = ADVANCED_FACE ( 'NONE', ( #645 ), #781, .F. ) ;
#2367 = ORIENTED_EDGE ( 'NONE', *, *, #2305, .T. ) ;
#2368 = ORIENTED_EDGE ( 'NONE', *, *, #2459, .F. ) ;
#2369 = DIRECTION ( 'NONE',  ( 0.000000000000000000, 0.000000000000000000, 1.000000000000000000 ) ) ;
#2370 = ORIENTED_EDGE ( 'NONE', *, *, #2223, .T. ) ;
#2371 = EDGE_CURVE ( 'NONE', #48, #2379, #625, .T. ) ;
#2372 = DIRECTION ( 'NONE',  ( 1.000000000000000000, 0.000000000000000000, 0.000000000000000000 ) ) ;
#2373 = ORIENTED_EDGE ( 'NONE', *, *, #340, .F. ) ;
#2374 = PERSON_AND_ORGANIZATION ( #337, #203 ) ;
#2375 = DIRECTION ( 'NONE',  ( 0.000000000000000000, 0.000000000000000000, 1.000000000000000000 ) ) ;
#2376 = LINE ( 'NONE', #673, #935 ) ;
#2377 = ORIENTED_EDGE ( 'NONE', *, *, #2394, .T. ) ;
#2378 = DIRECTION ( 'NONE',  ( -0.000000000000000000, -0.000000000000000000, 1.000000000000000000 ) ) ;
#2379 = VERTEX_POINT ( 'NONE', #421 ) ;
#2380 = ADVANCED_FACE ( 'NONE', ( #113 ), #1075, .F. ) ;
#2381 = ADVANCED_FACE ( 'NONE', ( #2017, #1610, #2357, #867, #2179, #2042, #2078, #916, #2088, #1150, #2436, #324, #350, #1890, #1509, #552, #2051, #2476, #149, #2446, #1103, #762, #1113, #1851, #730, #1499, #431, #389, #1165 ), #2116, .T. ) ;
#2382 = FACE_OUTER_BOUND ( 'NONE', #157, .T. ) ;
#2383 = CALENDAR_DATE ( 2026, 22, 8 ) ;
#2384 = DIRECTION ( 'NONE',  ( 1.000000000000000000, 0.000000000000000000, 0.000000000000000000 ) ) ;
#2385 = FACE_OUTER_BOUND ( 'NONE', #2019, .T. ) ;
#2386 = EDGE_LOOP ( 'NONE', ( #16, #1024, #538, #1079 ) ) ;
#2387 = DIRECTION ( 'NONE',  ( -1.000000000000000000, -0.000000000000000000, -0.000000000000000000 ) ) ;
#2388 = EDGE_LOOP ( 'NONE', ( #963, #1028 ) ) ;
#2389 = CARTESIAN_POINT ( 'NONE',  ( 6.349999999999999645, 238.7599999999999625, 63.49999999999998579 ) ) ;
#2390 = AXIS2_PLACEMENT_3D ( 'NONE', #599, #1212, #787 ) ;
#2391 = ADVANCED_FACE ( 'NONE', ( #1573 ), #2319, .F. ) ;
#2392 = EDGE_LOOP ( 'NONE', ( #1897, #1677, #2352, #1648 ) ) ;
#2393 = AXIS2_PLACEMENT_3D ( 'NONE', #945, #2091, #1924 ) ;
#2394 = EDGE_CURVE ( 'NONE', #2046, #2483, #2338, .T. ) ;
#2395 = CARTESIAN_POINT ( 'NONE',  ( 6.349999999999999645, 238.7599999999999625, -63.49999999999998579 ) ) ;
#2396 = CARTESIAN_POINT ( 'NONE',  ( -6.349999999999999645, -23.30151519016500217, -3.498484809835014531 ) ) ;
#2397 = DIRECTION ( 'NONE',  ( -1.000000000000000000, -0.000000000000000000, -0.000000000000000000 ) ) ;
#2398 = LOCAL_TIME ( 17, 51, 37.00000000000000000, #1137 ) ;
#2399 = CIRCLE ( 'NONE', #491, 1.999999999991584954 ) ;
#2400 = AXIS2_PLACEMENT_3D ( 'NONE', #1183, #1, #1911 ) ;
#2401 = CARTESIAN_POINT ( 'NONE',  ( -6.349999999999999645, -23.30151519016500217, -5.498484809826599928 ) ) ;
#2402 = EDGE_LOOP ( 'NONE', ( #1013, #361, #911, #297 ) ) ;
#2403 = CARTESIAN_POINT ( 'NONE',  ( -6.349999999999999645, -200.6599999999999682, 63.49999999999998579 ) ) ;
#2404 = VERTEX_POINT ( 'NONE', #1003 ) ;
#2405 = FACE_OUTER_BOUND ( 'NONE', #1903, .T. ) ;
#2406 = DIRECTION ( 'NONE',  ( 0.000000000000000000, 0.000000000000000000, 1.000000000000000000 ) ) ;
#2407 = ORIENTED_EDGE ( 'NONE', *, *, #833, .T. ) ;
#2408 = VERTEX_POINT ( 'NONE', #1762 ) ;
#2409 = EDGE_CURVE ( 'NONE', #1520, #223, #1844, .T. ) ;
#2410 = PERSON_AND_ORGANIZATION ( #337, #203 ) ;
#2411 = CARTESIAN_POINT ( 'NONE',  ( 6.349999999999999645, -304.7999999999999545, 76.19999999999998863 ) ) ;
#2412 = DIRECTION ( 'NONE',  ( 0.000000000000000000, 0.000000000000000000, -1.000000000000000000 ) ) ;
#2413 = EDGE_CURVE ( 'NONE', #1479, #331, #358, .T. ) ;
#2414 = FACE_OUTER_BOUND ( 'NONE', #561, .T. ) ;
#2415 = ORIENTED_EDGE ( 'NONE', *, *, #1326, .T. ) ;
#2416 = AXIS2_PLACEMENT_3D ( 'NONE', #529, #1655, #2435 ) ;
#2417 = CIRCLE ( 'NONE', #1672, 2.000000000000008882 ) ;
#2418 = EDGE_LOOP ( 'NONE', ( #1741, #1652, #264, #1128 ) ) ;
#2419 = DIRECTION ( 'NONE',  ( 0.000000000000000000, 0.000000000000000000, 1.000000000000000000 ) ) ;
#2420 = AXIS2_PLACEMENT_3D ( 'NONE', #1235, #1272, #1023 ) ;
#2421 = EDGE_LOOP ( 'NONE', ( #2092, #1784, #771, #232 ) ) ;
#2422 = CYLINDRICAL_SURFACE ( 'NONE', #66, 1.999999999991585398 ) ;
#2423 = CARTESIAN_POINT ( 'NONE',  ( 6.349999999999999645, 53.00000000000000711, 63.69999999999998153 ) ) ;
#2424 = PRODUCT_RELATED_PRODUCT_CATEGORY ( 'detail', '', ( #1221 ) ) ;
#2425 = DIRECTION ( 'NONE',  ( 0.000000000000000000, 0.000000000000000000, -1.000000000000000000 ) ) ;
#2426 = VERTEX_POINT ( 'NONE', #1980 ) ;
#2427 = DIRECTION ( 'NONE',  ( 0.000000000000000000, -0.000000000000000000, 1.000000000000000000 ) ) ;
#2428 = CIRCLE ( 'NONE', #1361, 2.000000000000008882 ) ;
#2429 = ADVANCED_FACE ( 'NONE', ( #474 ), #67, .F. ) ;
#2430 = ORIENTED_EDGE ( 'NONE', *, *, #410, .T. ) ;
#2431 = EDGE_CURVE ( 'NONE', #48, #403, #877, .T. ) ;
#2432 = CARTESIAN_POINT ( 'NONE',  ( 6.349999999999999645, -53.00000000000002842, -45.29999999999999716 ) ) ;
#2433 = CARTESIAN_POINT ( 'NONE',  ( 6.349999999999999645, -23.30151519016675365, 57.89848480983198442 ) ) ;
#2434 = ORIENTED_EDGE ( 'NONE', *, *, #2012, .T. ) ;
#2435 = DIRECTION ( 'NONE',  ( 0.000000000000000000, 0.000000000000000000, 1.000000000000000000 ) ) ;
#2436 = FACE_BOUND ( 'NONE', #523, .T. ) ;
#2437 = CIRCLE ( 'NONE', #1531, 5.500000000000005329 ) ;
#2438 = DIRECTION ( 'NONE',  ( 0.000000000000000000, 0.000000000000000000, 1.000000000000000000 ) ) ;
#2439 = CIRCLE ( 'NONE', #691, 6.349999999999994316 ) ;
#2440 = DIRECTION ( 'NONE',  ( -1.000000000000000000, -0.000000000000000000, -0.000000000000000000 ) ) ;
#2441 = CC_DESIGN_APPROVAL ( #2114, ( #71 ) ) ;
#2442 = ORIENTED_EDGE ( 'NONE', *, *, #1952, .F. ) ;
#2443 = ADVANCED_FACE ( 'NONE', ( #109 ), #2201, .F. ) ;
#2444 = CIRCLE ( 'NONE', #659, 5.499999999999984013 ) ;
#2445 = ORIENTED_EDGE ( 'NONE', *, *, #1922, .F. ) ;
#2446 = FACE_BOUND ( 'NONE', #902, .T. ) ;
#2447 = CARTESIAN_POINT ( 'NONE',  ( 6.349999999999999645, 53.00000000000002842, -50.79999999999999005 ) ) ;
#2448 = LINE ( 'NONE', #1879, #2198 ) ;
#2449 = CARTESIAN_POINT ( 'NONE',  ( 6.350000000000000533, -53.00000000000002842, -45.30000000000000426 ) ) ;
#2450 = ORIENTED_EDGE ( 'NONE', *, *, #78, .F. ) ;
#2451 = LINE ( 'NONE', #2257, #1601 ) ;
#2452 = ORIENTED_EDGE ( 'NONE', *, *, #270, .F. ) ;
#2453 = DIRECTION ( 'NONE',  ( -1.000000000000000000, -0.000000000000000000, -0.000000000000000000 ) ) ;
#2454 = CYLINDRICAL_SURFACE ( 'NONE', #876, 2.000000000000008882 ) ;
#2455 = CARTESIAN_POINT ( 'NONE',  ( 6.349999999999999645, -238.7599999999999625, 63.49999999999998579 ) ) ;
#2456 = DIRECTION ( 'NONE',  ( -1.000000000000000000, -0.000000000000000000, -0.000000000000000000 ) ) ;
#2457 = EDGE_CURVE ( 'NONE', #1408, #2166, #155, .T. ) ;
#2458 = ORIENTED_EDGE ( 'NONE', *, *, #1330, .F. ) ;
#2459 = EDGE_CURVE ( 'NONE', #2474, #2188, #310, .T. ) ;
#2460 = ORIENTED_EDGE ( 'NONE', *, *, #160, .T. ) ;
#2461 = VERTEX_POINT ( 'NONE', #2058 ) ;
#2462 = CARTESIAN_POINT ( 'NONE',  ( 6.349999999999999645, 82.69848480983502270, -3.498484809835000764 ) ) ;
#2463 = LINE ( 'NONE', #2153, #727 ) ;
#2464 = EDGE_LOOP ( 'NONE', ( #1281, #262 ) ) ;
#2465 = DIRECTION ( 'NONE',  ( 0.000000000000000000, 0.000000000000000000, 1.000000000000000000 ) ) ;
#2466 = EDGE_LOOP ( 'NONE', ( #1805, #1696, #1246, #1215 ) ) ;
#2467 = DIRECTION ( 'NONE',  ( 1.000000000000000000, 0.000000000000000000, 0.000000000000000000 ) ) ;
#2468 = VERTEX_POINT ( 'NONE', #147 ) ;
#2469 = DIRECTION ( 'NONE',  ( 1.000000000000000000, 0.000000000000000000, 0.000000000000000000 ) ) ;
#2470 = AXIS2_PLACEMENT_3D ( 'NONE', #347, #1876, #161 ) ;
#2471 = FACE_OUTER_BOUND ( 'NONE', #1742, .T. ) ;
#2472 = CYLINDRICAL_SURFACE ( 'NONE', #2294, 2.000000000000008882 ) ;
#2473 = DIRECTION ( 'NONE',  ( -1.000000000000000000, -0.000000000000000000, -0.000000000000000000 ) ) ;
#2474 = VERTEX_POINT ( 'NONE', #1689 ) ;
#2475 = CARTESIAN_POINT ( 'NONE',  ( -6.349999999999999645, 0.000000000000000000, 0.000000000000000000 ) ) ;
#2476 = FACE_BOUND ( 'NONE', #1511, .T. ) ;
#2477 = ADVANCED_FACE ( 'NONE', ( #333 ), #163, .F. ) ;
#2478 = VECTOR ( 'NONE', #1329, 1000.000000000000000 ) ;
#2479 = DIRECTION ( 'NONE',  ( 0.000000000000000000, 0.000000000000000000, 1.000000000000000000 ) ) ;
#2480 = VECTOR ( 'NONE', #2122, 1000.000000000000000 ) ;
#2481 = ORIENTED_EDGE ( 'NONE', *, *, #1936, .F. ) ;
#2482 = CARTESIAN_POINT ( 'NONE',  ( -6.349999999999999645, 95.00000000000477485, 26.20000000000460716 ) ) ;
#2483 = VERTEX_POINT ( 'NONE', #2038 ) ;
#2484 = AXIS2_PLACEMENT_3D ( 'NONE', #1115, #1090, #707 ) ;
#2485 = VECTOR ( 'NONE', #2284, 1000.000000000000000 ) ;
#2486 = DIRECTION ( 'NONE',  ( 1.000000000000000000, 0.000000000000000000, 0.000000000000000000 ) ) ;
#2487 = EDGE_LOOP ( 'NONE', ( #175, #590 ) ) ;
#2488 = VECTOR ( 'NONE', #2397, 1000.000000000000000 ) ;
#2489 = VECTOR ( 'NONE', #217, 1000.000000000000000 ) ;
#2490 = FACE_BOUND ( 'NONE', #1118, .T. ) ;
#2491 = AXIS2_PLACEMENT_3D ( 'NONE', #1818, #521, #1316 ) ;
#2492 = ORIENTED_EDGE ( 'NONE', *, *, #2026, .F. ) ;
#2493 = CARTESIAN_POINT ( 'NONE',  ( 6.349999999999999645, 11.00000000000478373, 26.19999999999566143 ) ) ;
#2494 = ADVANCED_FACE ( 'NONE', ( #904 ), #1519, .F. ) ;
#2495 = LINE ( 'NONE', #596, #2480 ) ;
#2496 = ORIENTED_EDGE ( 'NONE', *, *, #1692, .F. ) ;
#2497 = VERTEX_POINT ( 'NONE', #304 ) ;
#2498 = CARTESIAN_POINT ( 'NONE',  ( 6.349999999999999645, -53.00000000000000711, 26.19999999999998863 ) ) ;
#2499 = EDGE_CURVE ( 'NONE', #1882, #2235, #718, .T. ) ;
#2500 = ORIENTED_EDGE ( 'NONE', *, *, #999, .F. ) ;
#2501 = FACE_BOUND ( 'NONE', #1869, .T. ) ;
#2502 = VERTEX_POINT ( 'NONE', #1752 ) ;
#2503 = ORIENTED_EDGE ( 'NONE', *, *, #893, .F. ) ;
#2504 = CARTESIAN_POINT ( 'NONE',  ( 6.349999999999999645, 82.69848480983642958, 55.89848480983830115 ) ) ;
#2505 = VERTEX_POINT ( 'NONE', #1559 ) ;
#2506 = CARTESIAN_POINT ( 'NONE',  ( -6.349999999999999645, 153.0000000000000284, 26.19999999999998863 ) ) ;
#2507 = DIRECTION ( 'NONE',  ( 0.000000000000000000, 0.000000000000000000, 1.000000000000000000 ) ) ;
ENDSEC;
END-ISO-10303-21;
