8.32667268468867e-17,8.32667268468867e-17,8.32667268468867e-17,4.16333634234434e-17,5.55111512312578e-17,-2.77555756156289e-17
8.32667268468867e-17,8.32667268468867e-17,8.32667268468867e-17,4.16333634234434e-17,5.55111512312578e-17,-2.77555756156289e-17
8.32667268468867e-17,8.32667268468867e-17,8.32667268468867e-17,4.16333634234434e-17,5.55111512312578e-17,-2.77555756156289e-17
8.32667268468867e-17,8.32667268468867e-17,8.32667268468867e-17,4.16333634234434e-17,5.55111512312578e-17,-2.77555756156289e-17
8.32667268468867e-17,8.32667268468867e-17,8.32667268468867e-17,4.16333634234434e-17,5.55111512312578e-17,-2.77555756156289e-17
8.32667268468867e-17,8.32667268468867e-17,8.32667268468867e-17,4.16333634234434e-17,5.55111512312578e-17,-2.77555756156289e-17
8.32667268468867e-17,8.32667268468867e-17,8.32667268468867e-17,4.16333634234434e-17,5.55111512312578e-17,-2.77555756156289e-17
8.32667268468867e-17,8.32667268468867e-17,8.32667268468867e-17,4.16333634234434e-17,5.55111512312578e-17,-2.77555756156289e-17
8.32667268468867e-17,8.32667268468867e-17,8.32667268468867e-17,4.16333634234434e-17,5.55111512312578e-17,-2.77555756156289e-17
8.32667268468867e-17,8.32667268468867e-17,8.32667268468867e-17,4.16333634234434e-17,5.55111512312578e-17,-2.77555756156289e-17
8.32667268468867e-17,8.32667268468867e-17,8.32667268468867e-17,4.16333634234434e-17,5.55111512312578e-17,-2.77555756156289e-17
8.32667268468867e-17,8.32667268468867e-17,8.32667268468867e-17,4.16333634234434e-17,5.55111512312578e-17,-2.77555756156289e-17
8.32667268468867e-17,8.32667268468867e-17,8.32667268468867e-17,4.16333634234434e-17,5.55111512312578e-17,-2.77555756156289e-17
8.32667268468867e-17,8.32667268468867e-17,8.32667268468867e-17,4.16333634234434e-17,5.55111512312578e-17,-2.77555756156289e-17
8.32667268468867e-17,8.32667268468867e-17,8.32667268468867e-17,4.16333634234434e-17,5.55111512312578e-17,-2.77555756156289e-17
8.32667268468867e-17,8.32667268468867e-17,8.32667268468867e-17,4.16333634234434e-17,5.55111512312578e-17,-2.77555756156289e-17
8.32667268468867e-17,8.32667268468867e-17,8.32667268468867e-17,4.16333634234434e-17,5.55111512312578e-17,-2.77555756156289e-17
8.32667268468867e-17,8.32667268468867e-17,8.32667268468867e-17,4.16333634234434e-17,5.55111512312578e-17,-2.77555756156289e-17
8.32667268468867e-17,8.32667268468867e-17,8.32667268468867e-17,4.16333634234434e-17,5.55111512312578e-17,-2.77555756156289e-17
8.32667268468867e-17,8.32667268468867e-17,8.32667268468867e-17,4.16333634234434e-17,5.55111512312578e-17,-2.77555756156289e-17
8.32667268468867e-17,8.32667268468867e-17,8.32667268468867e-17,4.16333634234434e-17,5.55111512312578e-17,-2.77555756156289e-17
8.32667268468867e-17,8.32667268468867e-17,8.32667268468867e-17,4.16333634234434e-17,5.55111512312578e-17,-2.77555756156289e-17
8.32667268468867e-17,8.32667268468867e-17,8.32667268468867e-17,4.16333634234434e-17,5.55111512312578e-17,-2.77555756156289e-17
8.32667268468867e-17,8.32667268468867e-17,8.32667268468867e-17,4.16333634234434e-17,5.55111512312578e-17,-2.77555756156289e-17
8.32667268468867e-17,8.32667268468867e-17,8.32667268468867e-17,4.16333634234434e-17,5.55111512312578e-17,-2.77555756156289e-17
8.32667268468867e-17,8.32667268468867e-17,8.32667268468867e-17,4.16333634234434e-17,5.55111512312578e-17,-2.77555756156289e-17
8.32667268468867e-17,8.32667268468867e-17,8.32667268468867e-17,4.16333634234434e-17,5.55111512312578e-17,-2.77555756156289e-17
8.32667268468867e-17,5.55111512312578e-17,9.71445146547012e-17,4.16333634234434e-17,5.55111512312578e-17,-2.77555756156289e-17
7.35522753814166e-16,6.93889390390723e-16,7.63278329429795e-16,6.24500451351651e-16,7.21644966006352e-16,6.10622663543836e-16
1.84574577843932e-15,1.66533453693773e-15,1.30451205393456e-15,5.13478148889135e-16,1.16573417585641e-15,9.57567358739198e-16
5.38458166943201e-15,4.19109191795997e-15,3.3584246494911e-15,1.79023462720806e-15,2.96984659087229e-15,3.12250225675825e-15
1.49047441055927e-14,1.26981758441502e-14,9.99200722162641e-15,4.17721413015215e-15,7.97972798949331e-15,7.7715611723761e-15
4.02594624304697e-14,3.36813910095657e-14,2.60208521396521e-14,1.09356967925578e-14,2.07056594092592e-14,2.13717932240343e-14
1.0369483049999e-13,8.7582718855117e-14,6.62941923579297e-14,2.79359868571305e-14,5.23608933988839e-14,5.51364509604468e-14
2.52797782707148e-13,2.13787321179382e-13,1.62564406380739e-13,6.94028168268801e-14,1.29132815551714e-13,1.34753319613878e-13
5.85878567882503e-13,4.96769292368526e-13,3.77600728462824e-13,1.60038648999716e-13,2.99510416468252e-13,3.11403680619549e-13
1.29654620373287e-12,1.09941222792287e-12,8.36761215872173e-13,3.55201978941011e-13,6.62803145701218e-13,6.89628909533724e-13
2.74939793154516e-12,2.33117691816886e-12,1.77363679298992e-12,7.53147544330091e-13,1.4049178487241e-12,1.46253842370214e-12
5.60458623954929e-12,4.75297579072276e-12,3.61553842420648e-12,1.53546619863221e-12,2.86425050344263e-12,2.98119862129909e-12
1.10166598066286e-11,9.34329003055012e-12,7.10782821489175e-12,3.01829394810937e-12,5.63107893647441e-12,5.85988202406185e-12
2.09360584424445e-11,1.77562686776156e-11,1.35074590401629e-11,5.73568970096971e-12,1.070056543373e-11,1.11360504151392e-11
3.85648873946209e-11,3.2706670705096e-11,2.48812220826622e-11,1.05653402693306e-11,1.9710538756712e-11,2.05127859143062e-11
6.90031226602272e-11,5.85215625958924e-11,4.45192910314418e-11,1.89047527632269e-11,3.52683299231771e-11,3.67030156267489e-11
1.20174592499467e-10,1.01920125117339e-10,7.75342567926884e-11,3.29240940066811e-11,6.14218814698475e-11,6.3921409831913e-11
2.04093839051289e-10,1.73092568056532e-10,1.31677016512732e-10,5.59149532231018e-11,1.04314043514186e-10,1.08558356748389e-10
3.38567951452262e-10,2.87140575205846e-10,2.18436782550846e-10,9.2756163860841e-11,1.73044412132839e-10,1.80085363288285e-10
5.49447806696968e-10,4.65989566378333e-10,3.54492213361368e-10,1.505311847394e-10,2.80827736065525e-10,2.92253776734697e-10
8.73535105361256e-10,7.40849534497379e-10,5.63586774471325e-10,2.39321507056189e-10,4.46471096204881e-10,4.64637217589825e-10
1.3622778738398e-09,1.15535382649856e-09,8.78913053448116e-10,3.73221023530768e-10,6.96271276745541e-10,7.24601462165353e-10
2.08638356591351e-09,1.76947144436834e-09,1.34609073887404e-09,5.71603916976748e-10,1.06636774410696e-09,1.10975666156587e-09
3.14150676306024e-09,2.66432570450448e-09,2.02683388128566e-09,8.60673962654879e-10,1.60564919693407e-09,1.67098154757461e-09
4.65512473013519e-09,3.94803112424569e-09,3.00338846848103e-09,1.27535736138551e-09,2.37927218205147e-09,2.47608153425283e-09
6.79477597798073e-09,5.7626787092202e-09,4.38384661904934e-09,1.86155525716547e-09,3.47286514823519e-09,3.61417222538574e-09
9.77778190358602e-09,8.29257940093697e-09,6.30841900939316e-09,2.67880441440216e-09,4.99750352211947e-09,5.20084660060594e-09
1.38825805712228e-08,1.17738770955e-08,8.95674860668105e-09,3.80339032490795e-09,7.09549888289196e-09,7.38420671830831e-09
1.94618050008977e-08,1.6505641575737e-08,1.25563464625777e-08,5.33192232032853e-09,9.94708584944881e-09,1.03518211919118e-08
2.69571912847599e-08,2.28625119669257e-08,1.73922123092307e-08,7.38542167699752e-09,1.37780390846443e-08,1.43386515993882e-08
3.69164267349786e-08,3.13089826148305e-08,2.38177012557017e-08,1.01139388392069e-08,1.88682847679367e-08,1.96360132181939e-08
5.00119855667558e-08,4.2415383552652e-08,3.22666801888527e-08,1.37017098500447e-08,2.55615306976598e-08,2.66016007277603e-08
6.70619989123766e-08,5.68755740976146e-08,4.32669896716087e-08,1.83728767894076e-08,3.42759303717521e-08,3.56705789211764e-08
8.90531973163355e-08,7.55264055324334e-08,5.74552477955459e-08,2.43977733155321e-08,4.55158105233666e-08,4.73677970458386e-08
1.17165895111015e-07,9.93689077272153e-08,7.55929684681522e-08,3.20997677188961e-08,5.98844378391084e-08,6.23210678341035e-08
1.52801008970749e-07,1.29591203198998e-07,9.85839939404709e-08,4.18626679571377e-08,7.80978345882311e-08,8.12755461959691e-08
1.97609043101066e-07,1.67593092306739e-07,1.27493193641248e-07,5.41386589586468e-08,1.00999584945471e-07,1.05109142514714e-07
2.53520963736098e-07,2.1501223589071e-07,1.6356638687931e-07,6.94567649228706e-08,1.29576622834304e-07,1.34848946439781e-07
3.22780858041938e-07,2.73751854532045e-07,2.08251411323856e-07,8.84317961080683e-08,1.64975919036969e-07,1.7168859960115e-07
4.07980257702278e-07,3.46009837337569e-07,2.63220268248432e-07,1.11773749769672e-07,2.08522028088964e-07,2.17006549188548e-07
5.12093965523985e-07,4.34309125829646e-07,3.30392236916333e-07,1.40297627376773e-07,2.61735396453466e-07,2.72385106192541e-07
6.38517232504077e-07,5.41529248873629e-07,4.11957861518042e-07,1.74933622962281e-07,3.26351366708444e-07,3.39630222973009e-07
7.9110409485772e-07,6.70938830091283e-07,5.1040368417854e-07,2.16737617880769e-07,4.04339769263795e-07,4.20791879590654e-07
9.74206675122269e-07,8.26228924166728e-07,6.28537601188306e-07,2.66901958159704e-07,4.97925013637213e-07,5.18184993483772e-07
1.19271524784414e-06,1.01154699193307e-06,7.6951471209008e-07,3.26766423239255e-07,6.0960656227127e-07,6.3441072435666e-07
1.45209883450903e-06,1.23153133450848e-06,9.36863511685759e-07,3.97829352682955e-07,7.42179683238531e-07,7.7237807713515e-07
1.75844612827769e-06,1.49134579754961e-06,1.1345122922779e-06,4.81758853879133e-07,8.98756365178e-07,9.35325660214592e-07
2.11850650641554e-06,1.79671455428909e-06,1.36681560466978e-06,5.80404040828597e-07,1.08278628126179e-06,1.12684350668524e-06
2.53973090934279e-06,2.15395677871655e-06,1.63858063111089e-06,6.95806233921847e-07,1.29807768267654e-06,1.35089481680117e-06
3.03031236069395e-06,2.57002100616244e-06,1.95509332609478e-06,8.30210058339054e-07,1.54881811009755e-06,1.61183751200278e-06
3.59922590760509e-06,3.05251900700743e-06,2.3221441866339e-06,9.86074386852276e-07,1.83959480898332e-06,1.91444547842368e-06
4.25626776287547e-06,3.60975898763827e-06,2.74605350532309e-06,1.16608306305332e-06,2.17541473801486e-06,2.26392939188524e-06
5.01209344644371e-06,4.25077793130002e-06,3.23369597163281e-06,1.37315534998184e-06,2.56172406293276e-06,2.66595700362804e-06
5.87825472074532e-06,4.98537292788204e-06,3.79252450807832e-06,1.61045604990528e-06,3.00442704077863e-06,3.12667278665191e-06
6.86723513684817e-06,5.82413131725024e-06,4.43059319409078e-06,1.88140523658953e-06,3.50990418608588e-06,3.65271685087709e-06
7.99248401738006e-06,6.77845951033151e-06,5.15657919379631e-06,2.18968756897364e-06,4.08502964585611e-06,4.25124301275948e-06
9.26844870260957e-06,7.86061033730689e-06,5.97980355473982e-06,2.53926112052383e-06,4.73718768620457e-06,4.92993595618829e-06
1.07106049273831e-05,9.08370880495224e-06,6.91025080297447e-06,2.93436569918926e-06,5.47428821816298e-06,5.6970273896173e-06
1.23354851776086e-05,1.04617761525205e-05,7.9585872341803e-06,3.37953061277374e-06,6.30478130407564e-06,6.56131113402347e-06
1.41607049195247e-05,1.20097520863172e-05,9.13617782800913e-06,3.87958185003867e-06,7.23767055969826e-06,7.53215707442745e-06
1.62049865866098e-05,1.37435151255361e-05,1.04551017207077e-05,4.43964865080859e-06,8.28252543071117e-06,8.61952393026166e-06
1.84881812397286e-05,1.56799009720515e-05,1.19281661693921e-05,5.06516942688773e-06,9.4494922665278e-06,9.83397077163051e-06
2.10312878274332e-05,1.78367188371359e-05,1.35689189680738e-05,5.76189703993535e-06,1.07493041748147e-05,1.11866672749678e-05
2.38564699755195e-05,2.02327656814577e-05,1.53916592735143e-05,6.53590338482724e-06,1.21932896146731e-05,1.26894026595825e-05
2.69870702769293e-05,2.28878383287945e-05,1.74114468029646e-05,7.39358329833462e-06,1.37933797108442e-05,1.43545932896894e-05
3.04476220318178e-05,2.58227434203201e-05,1.96441094037214e-05,8.34165776208984e-06,1.55621142685219e-05,1.61952889313477e-05
3.42638584336641e-05,2.90593051967963e-05,2.21062489533103e-05,9.38717640688869e-06,1.75126464840303e-05,1.82251776398579e-05
3.84627191846731e-05,3.26203711080025e-05,2.48152456108347e-05,1.05375193008711e-05,1.96587463417025e-05,2.04585892896875e-05
4.30723545542522e-05,3.65298152436994e-05,2.77892604141211e-05,1.18003980520559e-05,2.2014802705278e-05,2.29104977405858e-05
4.81221268935211e-05,4.08125396145764e-05,3.10472362249764e-05,1.31838561893832e-05,2.45958241155975e-05,2.55965216478249e-05
5.36426096395815e-05,4.54944732953405e-05,3.46088970601122e-05,1.46962688725161e-05,2.74174383009529e-05,2.85329239455984e-05
5.9665583834384e-05,5.06025694662904e-05,3.84947458078738e-05,1.63463419002585e-05,3.04958904236291e-05,3.17366099997218e-05
6.62240322250873e-05,5.61648003964133e-05,4.27260603836077e-05,1.81431100650248e-05,3.38480400906699e-05,3.52251244793156e-05
7.33521309810997e-05,6.22101504080541e-05,4.73248883401528e-05,2.00959348398144e-05,3.74913571470903e-05,3.90166469589892e-05
8.10852391043004e-05,6.87686068806537e-05,5.23140399852351e-05,2.22145014319303e-05,4.14439162940566e-05,4.31299862948403e-05
8.94598855958051e-05,7.58711493515085e-05,5.77170800464266e-05,2.45088152185102e-05,4.57243905642446e-05,4.75845738018427e-05
9.85137544493725e-05,8.35497367743937e-05,6.35583179264682e-05,2.69891975739622e-05,5.03520436845734e-05,5.2400455283555e-05
0.000108285667567487,9.1837293007907e-05,6.98627966077836e-05,2.96662811261061e-05,5.53467213803005e-05,5.75982819442517e-05
0.000118815565660374,0.000100767690598066,7.6656280256146e-05,3.2551004448364e-05,6.07288416530627e-05,6.31993002371267e-05
0.000130144487246048,0.000110375732944951,8.39652405811853e-05,3.56546062281193e-05,6.6519384089414e-05,6.92253406966575e-05
0.000142314545807709,0.000120697134903106,9.18168420069171e-05,3.89886189158944e-05,7.27398782256333e-05,7.56988057849378e-05
0.000155368905237666,0.000131768501928045,0.000100238925719184,4.25648618945368e-05,7.9412391043851e-05,8.26426568323602e-05
0.000169351753630614,0.000143627307824468,0.000109259992647007,4.63954341931166e-05,8.65595136219782e-05,9.00804000903838e-05
0.000184308275549105,0.000156311871184325,0.000118909185440594,5.04927067601357e-05,9.42043470101295e-05,9.8036071972063e-05
0.0002002846228399,0.000169861330604926,0.000129216269504379,5.48693143368612e-05,0.000102370487360989,0.000106534223517571
0.000217327884108526,0.000184315618762379,0.000140211613151586,5.95381469417483e-05,0.000111082010378447,0.000115599904140354
0.000235486052945308,0.000199715435418607,0.000151926166940014,6.45123410033116e-05,0.000120363455133887,0.00012525864470779
0.000254807994999551,0.000216102219451633,0.000164391442251263,6.98052701623986e-05,0.000130239807282148,0.000135536439997197
0.000275343414002649,0.000233518119993281,0.000177639489180051,7.5430535768195e-05,0.000140736481758857,0.000146459730596946
0.000297142816820098,0.000252005966736954,0.000191702873771626,8.14019570905683e-05,0.000151879304963673,0.000158055384273825
0.000320257477649022,0.000271609239508211,0.000206614654700746,8.77335612840535e-05,0.000163694496516112,0.000170350676884826
0.000344739401423641,0.000292372037181937,0.000222408359422402,9.44395731135445e-05,0.000176208650607537,0.000183373272860568
0.00037064128654074,0.000314339045993817,0.000239117959859744,0.000101534404472844,0.00018944871699951,0.000197151205313009
0.000398016486980082,0.000337555507347209,0.00025677784768538,0.000109032643716131,0.000203441981712849,0.000211712855817517
0.000426918973904455,0.000362067185174633,0.000275422809249734,0.000116949044828105,0.000218216047451036,0.000227086933902748
0.000457403296823214,0.000387920332918207,0.000295088000206459,0.000125298516448394,0.000233798813798661,0.000243302456305647
0.000489524544398587,0.000415161660207705,0.000315808919882393,0.000134096110775972,0.000250218457230569,0.00026038872601343
0.000523338304964482,0.000443838299283614,0.000337621385443965,0.000143357012366924,0.000267503410974201,0.000278375311148132
0.000558900626840123,0.000473997771249263,0.000360561505907228,0.000153096526850832,0.000285682344764615,0.00029729202372622
0.000596267978497392,0.000505687952186348,0.000384665656031416,0.000163330069585507,0.000304784144516471,0.000317168898329362
0.000635497208662114,0.000538957039208823,0.000409970450141212,0.000174073154254842,0.000324837891961707,0.000338036170714762
0.000676645506396747,0.000573853516500855,0.000436512715917561,0.000185341381441731,0.000345872844267445,0.000359924256413319
0.000719770361240851,0.000610426121396626,0.000464329468195565,0.000197150427182116,0.000367918413681861,0.000382863729332716
0.000764929523459121,0.000648723810535906,0.000493457882805359,0.00020951603151699,0.000391004147228605,0.000406885300400658
0.00081218096444842,0.000688795726162303,0.00052393527049327,0.000222453987061166,0.000415159706469062,0.000432019796274788
0.000861582837369396,0.000730691162597497,0.000555799050955486,0.000235980127592073,0.000440414847380652,0.000458298138158536
0.000913193438033366,0.000774459532925098,0.000589086727005958,0.000250110316682914,0.000466799400348286,0.000485751320718722
0.000967071166106143,0.000820150335941433,0.000623835858926447,0.000264860436381589,0.000494343250314389,0.000514410391164705
0.00102327448666203,0.000867813123391806,0.000660084039007983,0.000280246375956125,0.000523076317098331,0.000544306428482785
0.00108186189213483,0.000917497467540648,0.000697868866318785,0.000296284020703808,0.000553028535902639,0.000575470522861318
0.00114289186470146,0.000969252929099371,0.000737227921720998,0.000312989240854322,0.000584229838033606,0.000607933755320353
0.00120642283912663,0.00102312902554069,0.000778198743155614,0.00033037788054574,0.000616710131846138,0.000641727177566831
0.00127251316612073,0.00107917519983371,0.000820818801222312,0.0003484657469177,0.000650499283936956,0.000676881792089329
0.00134122107621257,0.00113744078962201,0.000865125475064399,0.0003672685992967,0.000685627100583452,0.000713428532505056
0.00141260464419168,0.00119797499686483,0.000911156028584603,0.000386802138498565,0.000722123309470718,0.000751398244182994
0.00148672175413274,0.00126082685797164,0.000958947587007847,0.000407081996255623,0.000760017541687516,0.000790821665147809
0.00156363006501978,0.00132604521443901,0.00100853711379459,0.000428123724761045,0.000799339314026454,0.000831729407270457
0.00164338697701158,0.00139367868401377,0.00105996138793306,0.000449942786350369,0.000840118011584443,0.000874151937776083
0.00172604959834188,0.00146377563240481,0.00111325698161516,0.000472554543313422,0.00088238287068465,0.000918119561056377
0.00181167471289752,0.00153638414554433,0.00116846023830529,0.000495974247852915,0.000926162962107888,0.000963662400809293
0.00190031874846512,0.00161155200242311,0.00122560725121766,0.000520217032181178,0.000971487174672353,0.00101081038251151
0.00199203774567909,0.00168932664850258,0.00128473384220099,0.000545297898763661,0.00101838419913072,0.00105959321622109
0.00208688732767891,0.00176975516973057,0.00134587554105949,0.000571231710722001,0.00106688251242661,0.00111004037973041
0.00218492267047164,0.00185288426713767,0.00140906756527868,0.000598033182374128,0.00111701036228076,0.0011621811020618
0.00228619847403519,0.00193876023206378,0.00147434480021397,0.000625716869949014,0.00116879575214635,0.00121604434732329
0.00239076893414161,0.00202742892198288,0.00154174177969267,0.000654297162440323,0.00122226642649841,0.00127165879890949
0.00249868771492658,0.00211893573695539,0.00161129266707578,0.000683788272632879,0.00127744985649718,0.00132905284406808
0.00261000792220127,0.00221332559669947,0.00168303123675694,0.000714204228279808,0.00133437322599743,0.00138825455882854
0.00272478207751051,0.00231064291829608,0.00175699085611576,0.000745558863448556,0.00139306341792543,0.00144929169328623
0.00284306209294248,0.00241093159451392,0.00183320446791752,0.000777865810022094,0.00145354700100878,0.00151219165725809
0.00296489924668789,0.00251423497277227,0.00191170457316781,0.000811138489368715,0.00151585021687656,0.00157698150629539
0.00309034415934947,0.00262059583472606,0.00199252321441426,0.000845390104166246,0.00157999896750737,0.00164368792806101
0.00321944677100608,0.00273005637649003,0.00207569195950595,0.000880633630400862,0.00164601880304784,0.0017123372290743
0.00335225631902004,0.0028426581894818,0.002161241885802,0.000916881809516448,0.00171393490998512,0.0017829553218154
0.00348882131659391,0.00295844224189844,0.00224920356482222,0.000954147140732567,0.00178377209967014,0.00185556771218667
0.00362918953207071,0.00307744886080967,0.00233960704736408,0.000992441873524305,0.00185555479720759,0.0019301994873358
0.00377340796897301,0.00319971771487909,0.00243248184904343,0.00103177800026216,0.00192930703068658,0.00200687530383989
0.00392152284677105,0.00332528779769478,0.00252785693629654,0.00107216724900666,0.00200505242076493,0.00208561937623361
0.0040735795823883,0.00345419741171618,0.00262576071281455,0.00111362107647459,0.00208281417060294,0.00216645546589862
0.00422962277242045,0.0035864841528241,0.00272622100641554,0.00115615066114778,0.00216261505613165,0.00224940687029297
0.00438969617608156,0.00372218489547554,0.00282926505635012,0.00119976689655252,0.00224447741667358,0.0023344964125333
0.00455384269884511,0.0038613357784526,0.00293491950104038,0.00124448038468515,0.00232842314588273,0.00242174643131021
0.00472210437679887,0.00400397219119654,0.00304321036623773,0.00129030142959395,0.00241447368302841,0.00251117877114558
0.00489452236168665,0.00415012876073104,0.00315416305360572,0.0013372400311164,0.00250265000460281,0.00260281477298133
0.00507113690663723,0.00429983933915812,0.0032678023297234,0.00138530587876412,0.00259297261624922,0.00269667526510117
0.00525198735256696,0.00445313699171657,0.00338415231548454,0.00143450834575415,0.00268546154500848,0.00279278055436961
0.00543711211525237,0.00461005398541273,0.00350323647591982,0.00148485648319965,0.00278013633188201,0.00289115041780028
0.00562654867305909,0.00477062177818924,0.00362507761041068,0.00153635901442643,0.00287701602470065,0.00299180409442901
0.00582033355531418,0.00493487100864803,0.00374969784329567,0.00158902432945107,0.00297611917129416,0.00309476027750716
0.00601850233132345,0.00510283148630727,0.00387711861487154,0.00164286047959097,0.00307746381296606,0.00320003710699532
0.00622108960001082,0.00527453218238394,0.0040073606727789,0.00169787517221712,0.0031810674782532,0.00330765216235951
0.00642812898017305,0.0054500012210911,0.00414044406375443,0.00175407576564186,0.00328694717697596,0.00341762245566116
0.00663965310134541,0.00562926587145625,0.00427638812576546,0.00181146926414524,0.00339511939457465,0.00352996442494044
0.0068556935952591,0.00581235253962527,0.00441521148050583,0.00187006231313216,0.00350560008671497,0.00364469392787947
0.00707628108787953,0.00599928676166736,0.0045569320262432,0.00192986119442208,0.00361840467416714,0.00376182623575091
0.00730144519202625,0.00619009319686185,0.00470156693103538,0.001990871821666,0.00373354803795296,0.00388137602763904
0.00753121450054438,0.00638479562144699,0.00484913262626661,0.00205309973589193,0.0038510445147459,0.00400335738492452
0.00776561658003024,0.00658341692284603,0.00499964480055227,0.00211655010117205,0.00397090789253343,0.00412778378604173
0.00800467796509795,0.00678597909433483,0.00515311839395062,0.00218122770041754,0.00409315140652049,0.00425466810148518
0.00824842415316822,0.00699250323015638,0.00530956759251457,0.0022471369312843,0.0042177877352727,0.00438402258907419
0.0084968795997734,0.00720300952107006,0.00546900582315797,0.00231428180220294,0.00434482899710688,0.00451585888945784
0.00875006771436726,0.00741751725032617,0.00563144574883452,0.00238266592852512,0.00447428674669961,0.00465018802187164
0.00900801085662598,0.00763604479004709,0.0057968992640221,0.00245229252877482,0.00460617197193042,0.00478702038011691
0.00927073033322656,0.00785860959801869,0.00596537749050198,0.00252316442101652,0.00474049509093087,0.00492636572877704
0.00953824639509669,0.00808522821487687,0.00613689077343987,0.00259528401933125,0.00487726594936418,0.005068233199659
0.0098105782351198,0.00831591626167165,0.00631144867773885,0.00266865333039452,0.0050164938178922,0.00521263128844995
0.0100877439862786,0.00855068843780915,0.00648905998467744,0.00274327395015883,0.00515818738986135,0.00535956785158523
0.0103697607202432,0.00878955851935989,0.00666973268882011,0.00281914706063849,0.00530235477916745,0.00550905010333204
0.0106566444463655,0.00903253935772022,0.00685347399518638,0.00289627342679095,0.00544900351832177,0.00566108461306401
0.0109484101110921,0.00927964287861006,0.00704029031667992,0.00297465339349512,0.00559814055669726,0.00581567730273723
0.0112450715977744,0.00953088008142042,0.00723018727176915,0.003054286882619,0.00574977225894636,0.00597283344456008
0.0115466417268562,0.00978626103887348,0.00742316968241177,0.00313517339018982,0.00590390440360251,0.00613255765884051
0.0118531322564421,0.0100457948970001,0.00761924157220854,0.00321731198363376,0.00606054218183315,0.00629485391201776
0.0121645538832259,0.0103094898754257,0.00781840616479941,0.00330070129911826,0.00621969019636757,0.00645972551486741
0.0124809162437668,0.0105773532679474,0.00802066588246789,0.0033853395389683,0.00638135246056765,0.00662717512087023
0.0128022279161084,0.010849391443399,0.00822602234497506,0.00347122446917114,0.00654553239765619,0.00679720472475083
0.0131284964217227,0.0111256098467925,0.00843447636859464,0.00355835341694925,0.00671223284008132,0.00696981566117018
0.0134597282277695,0.0114060130007218,0.00864602796534687,0.00364672326841807,0.00688145602902313,0.00714500860356594
0.0137959287496642,0.011690604507028,0.00886067634244363,0.00373633046631197,0.00705320361403194,0.00732278356314621
0.0141371023539313,0.0119793870487085,0.00907841990190476,0.00382717100778289,0.00722747665279307,0.00750313988802026
0.014483252361349,0.0122723623920652,0.00929925624036411,0.0039192404422672,0.00740427561100759,0.00768607626246534
0.01483438105036,0.0125695313890833,0.00952318214905545,0.00401253386941602,0.0075836003623974,0.00787159070632523
0.0151904896607414,0.0128708939800229,0.00975019361395792,0.00410704593709224,0.00776545018881365,0.0080596805745306
0.0155515783975286,0.0131764491962292,0.00998028581611256,0.00420277083942627,0.007949823780453,0.00825034255674471
0.015917646435172,0.013486195163133,0.010213453132088,0.00429970231492807,0.00813671923617122,0.00844357267711678
0.0162886919219245,0.0138001291034536,0.0104496891345972,0.00439783364465564,0.00832613406389157,0.00863936629414717
0.0166647119844475,0.0141182473405781,0.0106889865932597,0.00449715765043839,0.00851806518110537,0.0088377181006648
0.0170457027326176,0.0144405453021129,0.0109313374754962,0.00459766669315005,0.0087125089154494,0.00903862212388627
0.017431659264538,0.0147670175236093,0.0111767329475547,0.00469935267102452,0.00890946100536853,0.00924207172558626
0.0178225756717282,0.0150976576524319,0.0114251633756619,0.00480220701802522,0.00910891660084719,0.00944805960234804
0.0182184450444919,0.0154324584517863,0.0116766183272869,0.0049062207022494,0.00931087026421179,0.00965657778589761
0.0186192594774523,0.0157714118048804,0.0119310865725173,0.00501138422437698,0.00951531597099407,0.00986761764351804
0.0190250100752428,0.0161145087192178,0.0121885560855495,0.00511768761615497,0.00972224711085624,0.0100811698785442
0.0194356869583391,0.0164617393310105,0.0124490140462596,0.00522512043891812,0.00993165648856595,0.0102972245309123
0.019851279269033,0.0168130929097113,0.0127124468418804,0.00533367178213999,0.0101435363250225,0.0105157709777899
0.0202717751775324,0.0171685578626464,0.0129788400687654,0.00544333026201553,0.0103578782583257,0.0107367979342523
0.0206971618881726,0.017528121739752,0.0132481785342224,0.00555408402007089,0.0105746733448844,0.0109602934540238
0.0211274256457413,0.0178917712383883,0.0135204462584308,0.00566592072179475,0.0107939120605582,0.011186244930261
0.0215625517419029,0.0182594922082575,0.0137956264764251,0.00577882755530007,0.0110155843018335,0.0114146390963871
0.0220025245217066,0.0186312696563697,0.0140737016401415,0.00589279122999282,0.0112396793870167,0.0116454620269648
0.0224473273901785,0.0190070877520985,0.0143546534205195,0.00600779797527194,0.0114661860574584,0.0118786991386067
0.0228969428189903,0.0193869298322792,0.0146384627096602,0.00612383353923315,0.0116950924787857,0.0121143351909172
0.0233513523531781,0.0197707784063696,0.0149251096230235,0.006240883187389,0.0119263862421501,0.0123523542874598
0.0238105366179325,0.0201586151616514,0.0152145735016716,0.0063589317014017,0.0121600543654837,0.0125927398767519
0.0242744753254249,0.0205504209684662,0.0155068329145465,0.00647796337781874,0.01239608329476,0.0128354747532751
0.0247431472816673,0.0209461758854861,0.0158018656607727,0.0065979620268133,0.0126344589052475,0.0130805410585
0.0252165303934199,0.0213458591650062,0.0160996487719895,0.00671891097093281,0.0128751665027674,0.0133279202819262
0.0256946016750998,0.0217494492582546,0.0164001585147019,0.00684079304384032,0.0131181908249409,0.0135775932621183
0.0261773372557207,0.0221569238207093,0.0167033703926421,0.00696359058905918,0.0133635160424159,0.0138295401877589
0.0266647123858286,0.0225682597174225,0.0170092591491432,0.00708728545871033,0.0136111257600876,0.0140837405986864
0.0271567014444435,0.0229834330283401,0.0173177987695154,0.00721185901224287,0.0138610030182944,0.0143401733869326
0.027653277946026,0.0234024190536495,0.0176289624834631,0.00733729211519168,0.0141131302940242,0.0145988167977953
0.0281544145475058,0.0238251923191791,0.0179427227675705,0.0074635651379831,0.0143674895021557,0.0148596484309605
0.0286600830550844,0.024251726581592,0.0182590513475684,0.00759065795455496,0.014624061996497,0.0151226452414183
0.0291702544310838,0.0246819948336078,0.0185779192006622,0.0077185499410212,0.0148828285708453,0.0153877835404095
0.029684898800778,0.025115969309223,0.0188992965578584,0.00784721997433979,0.0151437694600295,0.0156550389963935
0.0302039854591773,0.0255536214888844,0.0192231529062696,0.00797664643095311,0.0154068643409129,0.0159243866359639
0.0307274828777796,0.0259949221046287,0.0195494569913951,0.00810680718541729,0.0156720923333521,0.016195800844759
0.0312553587112461,0.0264398411451593,0.0198781768193601,0.00823767960899915,0.0159394320011043,0.0164692553683155
0.0317875798040352,0.0268883478608817,0.0202092796591324,0.0083692405682483,0.0162088613526893,0.0167447233128997
0.032324112196954,0.0273404107688693,0.0205427320446839,0.00850146642354374,0.0164803578421932,0.0170221771462883
0.0328649211336468,0.0277959976577678,0.0208784997771149,0.00863433302760527,0.0167538983700163,0.0173015886985121
0.0334099710670051,0.0282550755926329,0.0212165479267335,0.00876781572397901,0.0170294592835603,0.0175829291625461
0.0339592256654834,0.0287176109196847,0.0215568408350714,0.00890188934548033,0.017307016377854,0.0178661690949537
0.0345126478193403,0.0291835692709929,0.0218993421168566,0.00903652821260788,0.0175865448961148,0.0181512784164749
0.0350701996467741,0.0296529155690728,0.0222440146619172,0.00917170613191479,0.0178680195302398,0.0184382264125609
0.0356318424999642,0.0301256140313946,0.0225908206370271,0.00930739639434572,0.0181514144212243,0.0187269817338489
0.0361975369710132,0.0306016281748027,0.022939721487686,0.009443571773528,0.0184367031595166,0.019017512396577
0.0367672428979627,0.0310809208200316,0.0232906779400372,0.00958020452419103,0.0187238587854663,0.0193097857831393
0.0373409193706045,0.0315634540960099,0.0236436500025935,0.00971726638045535,0.0190128537896011,0.0196037686424608
0.0379185247358735,0.0320491894437867,0.0239985969675905,0.00985472855381081,0.0193036601125598,0.0198994270900035
0.0385000166033196,0.0325380876205372,0.0243554774124608,0.00999256173121929,0.019596249145122,0.0201967266079048
0.0390853518504587,0.0330301087034628,0.0247142492012383,0.0101307360731801,0.019890591728158,0.0204956320450454
0.0396744866280004,0.0335252120935858,0.0250748694858792,0.0102692212117484,0.020186658152502,0.0207961076170547
0.0402673763649361,0.0340233565194202,0.0254372947074985,0.010407986248488,0.0204844181587241,0.0210981169062288
0.0408639757734948,0.0345245000405252,0.0258014805975114,0.0105469997523853,0.0207838409368259,0.0214016228613684
0.0414642388539588,0.0350286000509353,0.0261673821786891,0.010686229757701,0.021084895125836,0.0217065877975461
0.0420681188993276,0.0355356132824629,0.0265349537661148,0.0108256437617627,0.0213875488133124,0.0220129733957722
0.0426755684998468,0.0360454958078697,0.0269041489680495,0.0109652087227081,0.0216917695347595,0.0223207407025894
0.043286539547376,0.036558203043912,0.0272749206866877,0.0111048910571577,0.021997524272931,0.0226298501295753
0.0439009832396165,0.0370736897542489,0.027647221118833,0.0112446566378443,0.0223047794570561,0.0229402614527576
0.0445188500845857,0.0375919100526235,0.0280210017568885,0.011384470791534,0.02261350096233,0.0232519338123723
0.0451400899048343,0.0381128174057943,0.0283962133896383,0.0115242982967935,0.0229236541092088,0.023564825712416
0.0457646518406834,0.038636364635532,0.0287728061020656,0.01166410338098,0.0232352036618653,0.0238788950192549
0.0463924843537697,0.0391625039209277,0.0291507292755472,0.0118038497175712,0.0235481138269609,0.0241940989606245
0.047023535230473,0.0396911868006108,0.0295299315879972,0.0119435004234788,0.0238623482523678,0.0245103941245927
0.0476577515851804,0.0402223641748182,0.029910361013906,0.0120830180563029,0.024177870025779,0.0248277364584211
0.0482950798633804,0.0407559863073141,0.0302919648242548,0.0122223646115076,0.0244946416732203,0.0251460812673299
0.048935465844588,0.0412920028271646,0.0306746895863278,0.0123615015195411,0.0248126251574474,0.0254653832131661
0.0495788546450948,0.0418303627303609,0.0310584811634062,0.0125003896428814,0.025131781876248,0.0257855963129689
0.0502251907205497,0.0423710143812877,0.0314432847143427,0.0126389892730138,0.0254520726606206,0.0261066739374369
0.0508744178683781,0.0429139055140543,0.0318290446930445,0.0127772601273565,0.0257734577728747,0.0264285688093089
0.051526479230774,0.0434589832344125,0.0322157048486206,0.0129151613467776,0.0260958969052943,0.0267512330024261
0.052181317297244,0.0440061940212428,0.0326032082251283,0.0130526514927974,0.0264193491784427,0.0270746179404038
0.0528388739055684,0.044555483726517,0.0329914971597229,0.0131896885434866,0.026743773138092,0.0273986743937408
0.0534990902434322,0.0451067975759293,0.0333805132815778,0.0133262298900368,0.0270691267528047,0.0277233524777087
0.0541619068499603,0.0456600801694533,0.0337701975107734,0.0134622323333364,0.0273953674114812,0.0280486016502176
0.0548272636170705,0.0462152754817446,0.0341604900570691,0.0135976520804719,0.0277224519208027,0.028374370709586
0.0554950997906465,0.0467723268623811,0.0345513304185494,0.0137324447411613,0.0280503365025557,0.0287006077922035
0.0561653539715334,0.0473311770359504,0.0349426573801563,0.0138665653241134,0.0283789767908564,0.0290272603700859
0.0568379641163471,0.0478917681019712,0.0353344090120931,0.0139999682333132,0.0287083278292525,0.0293542752483289
0.0575128675383861,0.0484540415349414,0.0357265226684109,0.0141326072644891,0.0290383440679805,0.0296815985627504
0.058190000909947,0.0490179381857762,0.0361189349871365,0.0142644356029059,0.0293689793625497,0.0300091757790764
0.0588693002617222,0.0495833982804083,0.0365115818874017,0.0143954058186672,0.0297001869697287,0.0303369516891764
0.05955070098206,0.0501503614182639,0.0369043985665026,0.0145254698619818,0.030031919543462,0.0306648704072372
0.0602341378168916,0.0507187665714236,0.0372973194977262,0.0146545790591144,0.0303641291314527,0.030992875366715
0.0609195448694912,0.0512885520836315,0.0376902784280748,0.0147826841082672,0.0306967671716437,0.0313209093172052
0.0616068556000491,0.0518596556691412,0.0380832083758573,0.0149097350753885,0.031029784488583,0.0316489143211885
0.0622960028250721,0.0524320144114166,0.0384760416281749,0.0150356813899157,0.0313631312896878,0.0319768317506902
0.0629869187166127,0.0530055647616781,0.0388687097382966,0.0151604718404535,0.0316967571614179,0.0323046022838481
0.0636795348029233,0.0535802425388714,0.0392611435245912,0.0152840545717948,0.0320306110667776,0.0326321659030281
0.06437378196896,0.0541559829295133,0.0396532730693817,0.0154063770819061,0.0323646413427607,0.0329594618928918
0.0650695904527199,0.0547327204834501,0.0400450277134887,0.0155273862153007,0.0326987956940462,0.0332864288341906
0.0657668898434839,0.0553103891115254,0.0404363360528456,0.0156470281581909,0.0330330211884931,0.033613004599646
0.0664656090801966,0.0558889220833889,0.0408271259353276,0.0157652484338437,0.0333672642528011,0.0339391263500367
0.0671656764496727,0.0564682520251605,0.0412173244574615,0.0158819918978647,0.0337014706680829,0.0342647305301965
0.067867019584634,0.057048310916946,0.0416068579610279,0.0159972027334192,0.034035585565323,0.0345897528649145
0.068569565461737,0.0576290300903583,0.0419956520297215,0.0161108244465226,0.0343695534208847,0.0349141283548985
0.0692732404025857,0.0582103402290027,0.0423836314890027,0.0162227998640635,0.0347033180547896,0.0352377912759338
0.0699779700716044,0.0587921713658825,0.0427707204027276,0.0163330711291204,0.0350368226261891,0.0355606751748394
0.0706836794705341,0.0593744528775166,0.0431568420663142,0.0164415796933873,0.0353700096258289,0.0358827128620269
0.0713902929355655,0.059957113480665,0.0435419190027367,0.0165482663119977,0.035702820870961,0.0362038364068613
0.072097734134425,0.0605400812290234,0.0439258729585237,0.0166530710383965,0.0360351975002578,0.0365239771330438
0.0728059260633131,0.0611232835097898,0.0443086248996784,0.0167559332191474,0.0363670799686476,0.0368430656139309
0.0735147910437593,0.0617066470401811,0.0446900950075721,0.0168567914887623,0.0366984080421316,0.0371610316678335
0.0742242507230261,0.0622900978674378,0.0450702026786059,0.0169555837677299,0.0370291207958585,0.0374778043570706
0.0749342260724913,0.0628735613668729,0.0454488665218211,0.0170522472588456,0.0373591566104269,0.0377933119850016
0.075644637379573,0.0634569622335979,0.0458260043498525,0.0171467184379061,0.0376884531623773,0.0381074820864631
0.0763554042436,0.0640402244781285,0.046201533174036,0.0172389330479617,0.0380169474183091,0.0384202414223477
0.0770664455718853,0.0646232714222206,0.0465753691998072,0.0173288260938246,0.038344575629229,0.0387315159744772
0.0777776795756536,0.0652060256945786,0.0469474278220024,0.0174163318365186,0.0386712733248187,0.0390412309403884
0.0784890237667107,0.0657884092273105,0.0473176236210008,0.0175013837884653,0.038996975308427,0.039349310728962
0.0792003949600647,0.0663703432582462,0.0476858703651016,0.0175839147139849,0.0393216156574891,0.0396556789622543
0.0799117092664777,0.0669517483233889,0.0480520810025126,0.0176638566209928,0.0396451277148904,0.0399602584670229
0.0806228820843019,0.0675325442486697,0.0484161676526265,0.0177411407521171,0.0399674440796993,0.0402629712655789
0.0813338280947504,0.0681126501450997,0.048778041600944,0.0178156975789178,0.0402884966010759,0.040563738570246
0.0820444612570738,0.0686919844038477,0.0491376132939511,0.0178874567960964,0.0406082163721333,0.040862480777791
0.0827546948040333,0.0692704646916258,0.0494947923343641,0.0179563473160315,0.0409265337241107,0.0411591174642302
0.0834644412445824,0.069848007953179,0.0498494874839092,0.0180222972697417,0.0412433782271273,0.0414535673871113
0.0841736123586646,0.0704245304060446,0.0502016066579863,0.0180852340009658,0.0415586786838297,0.0417457484797623
0.0848821191855513,0.0709999475289754,0.0505510569136763,0.0181450840545867,0.0418723631172331,0.0420355778389431
0.0855898720182423,0.0715741740563415,0.0508977444440946,0.018201773170472,0.0421843587640919,0.04232297171881
0.0862967803979895,0.0721471239726668,0.0512415745729314,0.0182552262774858,0.04249459206842,0.0426078455250561
0.0870027531098004,0.0727187105081509,0.0515824517500555,0.0183053674884269,0.0428029886759451,0.0428901138101299
0.0877076981875193,0.0732888461436197,0.0519202795570821,0.0183521201034779,0.043109473437267,0.0431696902783334
0.0884115229045282,0.073857442601359,0.052254960698118,0.0183954066010265,0.0434139703980428,0.0434464877762376
0.0891141337614852,0.0744244108330505,0.0525863969874926,0.0184351486259243,0.0437164027865183,0.043720418280104
0.0898154364803089,0.0749896610138593,0.052914489343996,0.0184712669833017,0.0440166930067527,0.0439913928897772
0.0905153359981712,0.0755531025365572,0.053239137785179,0.0185036816324618,0.044314762631884,0.0442593218226424
0.091213736467443,0.0761146440115011,0.0535602414278452,0.0185323116860562,0.0446105324028172,0.0445241144137232
0.0919105412598874,0.0766741932708218,0.0538776984929784,0.0185570754130933,0.0449039222308024,0.0447856791202033
0.0926056529484687,0.077231657350605,0.054191406287618,0.0185778902222267,0.0451948511797715,0.045043923503073
0.0932989732987093,0.0777869424824796,0.0545012611966398,0.0185946726535213,0.0454832374573567,0.0452987542186106
0.0939904032623172,0.0783399540874595,0.0548071586769155,0.0186073383722613,0.0457689984079932,0.0455500770122354
0.0946798429739217,0.07889059677285,0.0551089932547237,0.0186158021655545,0.0460520505088546,0.0457977967155796
0.0953671917608308,0.0794387743419809,0.0554066585365898,0.0186199779504636,0.0463323093776109,0.0460418172569068
0.0960523481260723,0.0799843897776849,0.0557000471927094,0.0186197787586311,0.0466096897560423,0.0462820416443218
0.0967352097352824,0.0805273452295666,0.0559890509443568,0.0186151167243328,0.0468841054971637,0.0465183719529398
0.0974156734100581,0.0810675420076506,0.056273560557988,0.0186059030782646,0.0471554695582123,0.0467507093187041
0.098093635124496,0.0816048805791724,0.0565534658426519,0.0185920481441785,0.0474236939965483,0.0469789539354892
0.0987689900177755,0.0821392605811731,0.0568286556638961,0.018573461349709,0.04768868998008,0.0472030050685895
0.0994416323763494,0.0826705808032089,0.0570990179265502,0.0185500512104522,0.0479503677702465,0.0474227610373171
0.100111455618547,0.083198739172459,0.0573644395600299,0.0185217253162027,0.0482086367071987,0.0476381192000932
0.100778352287743,0.0837236327472539,0.0576248065124409,0.0184883903247612,0.048463405202734,0.047848975948298
0.101442214052046,0.0842451577170563,0.057880003751403,0.0184499519615321,0.0487145807391571,0.0480552267067816
0.102102931718681,0.0847632094168889,0.0581299152799199,0.0184063150320862,0.0489620698814144,0.0482567659493261
0.102760395209089,0.0852776823031514,0.0583744241121445,0.0183573834001741,0.0492057782537858,0.0484534871742907
0.103414493545517,0.0857884699407496,0.0586134122609206,0.018303059975873,0.0494456105269538,0.0486452828919471
0.104065114844435,0.0862954649969477,0.0588467607323168,0.0182432467097643,0.0496814704112521,0.0488320446187671
0.10471214632703,0.086798559252045,0.0590743495376145,0.0181778446021739,0.0499132606653503,0.0490136628890446
0.105355474323064,0.0872976436035312,0.0592960576985564,0.0181067537066122,0.0501408830989714,0.0491900272598346
0.105994984241234,0.0877926080373145,0.0595117632185112,0.0180298731037483,0.0503642385453683,0.0493610262820369
0.106630560560189,0.088283341619268,0.0597213430746956,0.0179471008935713,0.0505832268524608,0.0495265474923939
0.107262086827385,0.0887697324945091,0.0599246732183883,0.0178583341944595,0.0507977468810449,0.0496864774134395
0.107889445682134,0.0892516679105028,0.0601216285997669,0.01776346916358,0.0510076965248583,0.04984070157791
0.108512518829518,0.0897290341918293,0.060312083142855,0.0176624009740711,0.0512129726863131,0.0499891045035971
0.109131187021224,0.0902017167217826,0.0604959097275372,0.0175550237983284,0.0514134712584753,0.0501315696752144
0.109745330050283,0.0906695999376509,0.0606729801856895,0.0174412308035166,0.0516090871195853,0.0502679795402999
0.110354826773687,0.0911325673534516,0.0608431653255691,0.0173209141716082,0.0517997141527288,0.0503982155332084
0.110959555105493,0.0915905015536378,0.0610063349263596,0.0171939650935064,0.0519852452388983,0.0505221580694451
0.111559391984809,0.0920432841621063,0.0611623577073038,0.0170602737410825,0.052165572227401,0.0506396865147432
0.112154213368653,0.0924907958356871,0.061311101322029,0.0169197292610733,0.0523405859286875,0.0507506791791841
0.112743894251264,0.092932916283681,0.0614524323795771,0.0167722197922204,0.052510176131018,0.050855013337869
0.113328308672832,0.0933695242769977,0.0615862164547901,0.0166176324731357,0.0526742316075963,0.0509525652410223
0.113907329679303,0.0938004976091658,0.0617123180493593,0.0164558534071904,0.0528326400796072,0.051043210075035
0.114480829313197,0.0942257130878724,0.0618306005841557,0.016286767654618,0.0529852882071741,0.051126821954616
0.115048678633402,0.0946450465550266,0.0619409264207233,0.0161102592500581,0.053132061606425,0.0512032739439468
0.115610747731149,0.0950583729030855,0.0620431568789534,0.0159262112167709,0.0532728448631108,0.0512724380740668
0.116166905684882,0.0954655660312648,0.0621371521933445,0.0157345055271875,0.0534075214911672,0.0513341852991446
0.116717020550208,0.0958664988362673,0.0622227715045151,0.015535023094232,0.0535359739228484,0.0513883854878447
0.117260959386116,0.096261043238733,0.0622998728870845,0.0153276437944452,0.0536580835315061,0.0514349074508629
0.117798588268307,0.0966490701970178,0.0623683133646644,0.0151122464798377,0.0537737306427634,0.051473618955668
0.11832977224083,0.0970304496602672,0.0624279488630434,0.0148887089355663,0.053882794490109,0.0515043866797264
0.118854375308474,0.0974050505616055,0.0624786342041744,0.0146569078733301,0.0539851532071513,0.0515270762043451
0.119372260476004,0.0977727408574501,0.0625202231469694,0.014416718965844,0.0540806838620255,0.0515415520551063
0.119883289744912,0.0981333875250332,0.0625525683856835,0.0141680168440612,0.0541692624535513,0.0515476777001051
0.120387324066618,0.0984868565170539,0.0625755215048156,0.0139106750561483,0.0542507638681467,0.0515453155048947
0.120884223343476,0.0988330127634115,0.0625889329816891,0.0136445660683464,0.0543250618797317,0.0515343267349122
0.121373846482432,0.0991717202247664,0.0625926522414302,0.0133695613119637,0.0543920291969941,0.0515145716100901
0.121856051359718,0.0995028418585551,0.0625865276234473,0.0130855311523875,0.0544515374305803,0.0514859092713513
0.122330694785795,0.0998262395852581,0.0625704063481337,0.0127923448582374,0.0545034570604498,0.051448197747327
0.122797632528536,0.100141774312012,0.0625441345414045,0.0124898706215235,0.0545476574556041,0.051401293978688
0.123256719358705,0.100449305978172,0.0625075572813243,0.0121779755973234,0.0545840069138418,0.0513450538645118
0.123707808986059,0.100748693493244,0.0624605185363254,0.0118565258475976,0.0546123726030741,0.0512793322006376
0.1241507540469,0.101039794725437,0.0624028611543548,0.0115253863299758,0.0546326205488665,0.0512039826687815
0.124585406163896,0.101322466561418,0.0623344269234609,0.0111844209498488,0.0546446156869537,0.0511188578968585
0.125011615933395,0.101596564894661,0.0622550565607494,0.0108334925489154,0.0546482218505011,0.0510238094479313
0.125429232870725,0.10186194457247,0.062164589659812,0.0104724628568381,0.0546433017195036,0.0509186877677776
0.12583810543657,0.10211845942283,0.0620628647180908,0.0101011925138468,0.0546297168430574,0.0508033422121475
0.126238081095996,0.102365962313403,0.0619497191963795,0.00971954112192262,0.0546073276909672,0.0506776211061011
0.126629006244313,0.102604305079454,0.0618249894472496,0.0093273671792872,0.0545759935855129,0.0505413716726472
0.127010726197051,0.102833338514891,0.0616885107064851,0.00892452807093899,0.0545355726908102,0.0503944400242303
0.127383085269685,0.103052912451696,0.0615401171725723,0.00851088013774436,0.0544859220828485,0.0502366712420809
0.12774592674051,0.103262875724317,0.0613796419715974,0.00808627864316643,0.0544268977143836,0.0500679093412654
0.128099092800528,0.103463076121279,0.0612069171093351,0.00765057772848939,0.0543583543680416,0.0498879972229679
0.128442424616654,0.103653360448386,0.0610217735341936,0.00720363046720461,0.0542801457113012,0.0496967767374219
0.128775762356062,0.103833574553689,0.0608240411622004,0.00674528888535818,0.0541921243164875,0.0494940887089806
0.129098945104175,0.10400356324771,0.0606135487979943,0.00627540388860713,0.0540941415849636,0.0492797728574083
0.129411810900128,0.104163170339366,0.0603901241703894,0.00579382529205563,0.053986047776933,0.049053667833564
0.129714196811229,0.104312238710338,0.0601535940059352,0.00530040188424794,0.0538676920763153,0.0488156112930618
0.130005938839506,0.104450610224051,0.059903783938931,0.00479498134393502,0.0537389225043921,0.0485654398066412
0.13028687192891,0.104578125733805,0.0596405185192658,0.00427741024487702,0.0535995859239363,0.0483029888682467
0.130556830068007,0.104694625184987,0.0593636213129484,0.00374753414430028,0.0534495281292763,0.0480280929957564
0.130815646204404,0.104799947531849,0.0590729148199517,0.00320519750626075,0.0532885937667473,0.047740585649212
0.1310631522262,0.104893930720308,0.0587682204569137,0.00265024368356791,0.0531166263153718,0.0474402992138737
0.131299179077482,0.10497641180281,0.0584493586695195,0.00208251501718883,0.0529334681882252,0.0471270651129356
0.131523556688828,0.105047226870981,0.0581161488660263,0.00150185277335121,0.0527389606670541,0.0468007137414845
0.131736113937586,0.105106211017598,0.0577684093793828,0.000908097106555511,0.0525329438635737,0.0464610744290757
0.13193667877131,0.105153198459329,0.0574059575866963,0.000301087165655578,0.0523152568277633,0.0461079755596879
0.132125078150125,0.105188022481091,0.0570286098542239,-0.000319338959019838,0.0520857374928303,0.0457412445172336
0.132301137993587,0.105210515384834,0.0566361814865097,-0.000953344284840854,0.05184422262406,0.0453607076352345
0.132464683312947,0.105220508621035,0.056228486853718,-0.00160109282330986,0.0515905479348532,0.0449661903248351
0.132615538154522,0.105217832734071,0.0558053393375718,-0.00226274963251197,0.0513245480322097,0.0445575170213431
0.132753525542899,0.105202317307418,0.0553665512769241,-0.00293848086994949,0.0510460563618933,0.0441345111304506
0.132878467624973,0.105173791106825,0.0549119341057291,-0.00362845366888689,0.0507549053348876,0.0436969951670821
0.132990185600291,0.105132082012849,0.0544412982864563,-0.00433283620276742,0.0504509262606804,0.0432447906895166
0.133088499673282,0.105077016974993,0.0539544532642188,-0.00505179773059987,0.0501339493001612,0.0427777182542765
0.133173229209784,0.105008422167243,0.0534512076159927,-0.00578550846256083,0.0498038036031703,0.0422955975664789
0.133244192640081,0.104926122893707,0.0529313689579393,-0.00653413964903798,0.0494603172165941,0.0417982473879166
0.133301207438093,0.104829943569356,0.0523947439250851,-0.00729786360278657,0.0491033170612167,0.0412854855176992
0.133344090282003,0.10471970787967,0.0518411383237475,-0.00807685356115155,0.0487326290727888,0.0407571289460459
0.133372656921345,0.104595238650845,0.0512703570046674,-0.00887128380750506,0.0483480780769894,0.0402129937282268
0.133386722207748,0.10445635788139,0.0506822038914121,-0.0096813296484092,0.0479494878125788,0.039652895014205
0.133386100232377,0.104302886879003,0.0500764821101249,-0.0105071672965437,0.0475366810512448,0.0390766471799555
0.133370604166713,0.1041346461048,0.0494529938377405,-0.0113489740162367,0.0471094794480085,0.038484063676535
0.133340046367017,0.1039514552777,0.048811540399826,-0.0122069280358023,0.0466677036309783,0.0378749571295791
0.133294238444605,0.103753133445095,0.0481519223361583,-0.0130812084902692,0.0462111732598989,0.0372491394065125
0.13323299111534,0.103539498835657,0.0474739392572223,-0.0139719955601341,0.0457397068837074,0.0366064214740381
0.133156114380976,0.103310369039675,0.0467773900141068,-0.0148794703157249,0.0452531221000429,0.0359466135702306
0.133063417488622,0.103065560970397,0.0460620726590416,-0.0158038147588749,0.0447512355124389,0.0352695251665418
0.132954708849335,0.102804890785028,0.0453277843670138,-0.0167452119011861,0.044233862650098,0.0345749648908166
0.132829796254895,0.102528174100167,0.0445743216383883,-0.0177038455769426,0.0437008181596389,0.0338627407325668
0.132688486717708,0.102235225835083,0.0438014801465807,-0.0186799005921727,0.0431519156524233,0.0331326598918308
0.132530586533129,0.101925860274675,0.0430090547946733,-0.0196735626754389,0.0425869677550854,0.0323845288380089
0.132355901416225,0.101599891206,0.042196839842153,-0.0206850183622951,0.042005786227995,0.0316181534392446
0.132164236309076,0.101257131729285,0.0413646287217952,-0.0217144551747188,0.0414081817817581,0.0308333387805044
0.131955395596192,0.100897394472264,0.0405122142395793,-0.0227620614350964,0.040793964267836,0.0300298893667662
0.131729183050493,0.100520491538203,0.0396393885218721,-0.0238280263222011,0.0401629426215559,0.0292076090721891
0.131485401764479,0.100126234439339,0.0387459429482971,-0.0249125399406322,0.0395149247914276,0.0283663010750265
0.131223854393829,0.0997144343391893,0.0378316683775077,-0.0260157931093831,0.0388497179556919,0.0275057680871751
0.130944342936983,0.0992849018360559,0.0368963549381007,-0.02713797756876,0.0381671283112696,0.0266258121464347
0.130646668911162,0.0988374471386406,0.035939792190455,-0.0282792858296533,0.0374669612282223,0.0257262347820346
0.130330633385669,0.0983718801004597,0.034961769155117,-0.0294399111521907,0.0367490212720829,0.0248068370459642
0.129996036838979,0.0978880100799783,0.0339620741759378,-0.0306200476840301,0.0360131120632629,0.0238674193781347
0.129642679454089,0.0973856462344473,0.0329404951931102,-0.0318198902013527,0.0352590365419371,0.0229077818842223
0.129270360887495,0.0968645972927264,0.0318968195239212,-0.0330396343285017,0.0344865967447243,0.0219277241180215
0.128878880443424,0.0963246717293944,0.0308308340220413,-0.0342794763886785,0.033695593957581,0.020927045245088
0.128468037126908,0.0957656778188405,0.0297423251237107,-0.0355396133656688,0.0328858287555965,0.0199055440925504
0.128037629486917,0.0951874234814691,0.0286310786973115,-0.0368202430574066,0.0320571008474086,0.0188630190010578
0.127587455944747,0.0945897166106986,0.0274968803465024,-0.0381215637854396,0.0312092093717796,0.0177992681337099
0.127117314521133,0.0939723648040615,0.026339515151233,-0.0394437746565154,0.030341952632428,0.0167140892187907
0.12662700308643,0.0933351756129233,0.0251587678974519,-0.0407870753430152,0.0294551283221694,0.015607279785065
0.126116319335981,0.0926779565196267,0.0239544230499695,-0.0421516661173951,0.0285485334890013,0.0144786371383128
0.125585060709904,0.0920005148596256,0.0227262646730462,-0.0435377479376181,0.0276219644503361,0.0133279582853783
0.125033024700451,0.0913026581281117,0.0214740767134955,-0.0449455221744137,0.0266752170709305,0.0121550402236831
0.124460008539657,0.0905841936716742,0.0201976427038573,-0.0463751909135808,0.0257080864574341,0.010959679646306
0.12386580958709,0.0898449290750152,0.0188967461206695,-0.047826956607189,0.0247203673130396,0.00974167330763821
0.123250225114354,0.0890846719485892,0.0175711701778931,-0.049301022287884,0.0237118537217472,0.00850081781962897
0.122613052455956,0.0883032300803075,0.0162206979633952,-0.050797591440214,0.0226823392797445,0.00723690979413652
0.121954089125239,0.0875004115524221,0.0148451125426186,-0.0523168679057714,0.0216316171927796,0.00594974595227621
0.121273132623158,0.0866760245532853,0.0134441967741381,-0.053859056076166,0.0205594800823673,0.00463912294338903
0.12056998085473,0.0858298777932391,0.0120177336954352,-0.0554243605145177,0.0194657203694762,0.00330483773920906
0.119844431750393,0.0849617801297902,0.0105655061618753,-0.0570129863275467,0.0183501299004433,0.00194668727496118
0.11909628373457,0.0840715410357599,0.00908729728202906,-0.058625138735627,0.0172125003818734,0.000564468893843387
0.118325335447556,0.0831589703242411,0.00758289015039851,-0.0602610233523398,0.0160526231005618,-0.000842019917093581
0.117531385999678,0.0822238784036959,0.00605206808154468,-0.0619208459565288,0.0148702891542723,-0.00227298128510041
0.116714234998523,0.0812660763068663,0.00449461463001523,-0.0636048124823987,0.0136652894634019,-0.00372861692586714
0.115873682469639,0.0802853756138553,0.00291031351014107,-0.0653131291101309,0.0124374146811946,-0.00520912821849788
0.115009529222079,0.0792815888183694,0.00129894893569159,-0.0670460019312136,0.0111864555315437,-0.00671471585683145
0.114121576482051,0.0782545289645192,-0.000339694732258172,-0.0688036373168199,0.00991220244072781,-0.00824558019846623
0.113209626482722,0.0772040102371561,-0.00200583243225626,-0.0705862413645557,0.00861444609366363,-0.00980192070053154
0.112273481981738,0.0761298474825255,-0.00369967886584967,-0.0723940203823212,0.00729297695073552,-0.0113839363806474
0.111312946869436,0.0750318568175562,-0.00542144792529313,-0.0742271803138121,0.00594758582415653,-0.0129918252330881
0.110327825781536,0.0739098552451941,-0.00717135306786727,-0.0760859271333465,0.00457806348481307,-0.0146257845996101
0.109317924541224,0.0727636610983394,-0.00894960689985212,-0.0779704664301302,0.00318420107877625,-0.0162860107430305
0.10828305001244,0.0715930938953406,-0.010756421322508,-0.0798810035703794,0.00176578996719924,-0.0179726989874902
0.107223010275917,0.0703979745184594,-0.0125920073686194,-0.0818177435404565,0.000322621883728808,-0.0196860435465443
0.106137614783029,0.0691781253698586,-0.0144565750612152,-0.0837808908142532,-0.00114551093168305,-0.0214262373735189
0.105026674242589,0.0679333702609839,-0.0163503335265071,-0.0857706494812383,-0.00263881585941977,-0.0231934722680861
0.103890001070538,0.0666635348648146,-0.0182734905677719,-0.0877872228201072,-0.00415749947465308,-0.024987938439284
0.102727409017794,0.0653684463460409,-0.0202262530274321,-0.0898308136850062,-0.0057017679304214,-0.0268098248630072
0.101538713868603,0.0640479340627967,-0.02220882611934,-0.0919016238288641,-0.0072718262846303,-0.0286593186014469
0.100323732872118,0.0627018290000453,-0.0242214139812493,-0.0939998544881008,-0.00886787907941383,-0.0305366053521827
0.0990822856197402,0.061329964651356,-0.0262642188308919,-0.0961257055224606,-0.0104901294879242,-0.0324418685901176
0.0978141933567621,0.0599321763317404,-0.0283374416362421,-0.0982793761236414,-0.0121387800154522,-0.0343752902349377
0.0965192799644019,0.058508302165246,-0.030441281165929,-0.10046106384432,-0.0138140315386639,-0.0363370496867798
0.095197371223453,0.0570581823492649,-0.0325759347081483,-0.102670965359209,-0.0155160840574484,-0.0383273245423623
0.0938482958407437,0.0555816601876093,-0.0347415970730793,-0.104909275443044,-0.0172451356860903,-0.0403462895826129
0.0924718847149282,0.0540785813565864,-0.0369384613117431,-0.107176187733447,-0.0190013834058146,-0.0423941174884405
0.0910679719746022,0.0525487949507154,-0.0391667177018551,-0.109471893690661,-0.0207850220404528,-0.0444709778120778
0.0896363942677319,0.0509921527721958,-0.0414265544453869,-0.111796583339927,-0.0225962449878697,-0.046577037671165
0.0881769918056443,0.0494085103834763,-0.0437181566431476,-0.114150444218672,-0.0244352431858723,-0.0487124607092551
0.086689607674034,0.0477977264181259,-0.0460417069726582,-0.116533662099895,-0.0263022058241916,-0.050877407769898
0.0851740888979886,0.0461596636554892,-0.0483973846361953,-0.118946419911027,-0.0281973192852807,-0.0530720358310859
0.0836302857546886,0.0444941883330378,-0.0507853660381437,-0.121388898458166,-0.0301207678565579,-0.0552964986786909
0.082058052890434,0.0428011712743038,-0.0532058236753852,-0.123861275284255,-0.0320727326145762,-0.0575509457837404
0.0804572486020158,0.0410804871695271,-0.0556589268464844,-0.12636372542785,-0.0340533921706903,-0.059835523007823
0.0788277360480584,0.0393320157995228,-0.0581448404416598,-0.128896420175964,-0.0360629214552643,-0.0621503713804202
0.0771693824576047,0.0375556412428975,-0.0606637257248693,-0.131459527900261,-0.0381014925387792,-0.0644956278776243
0.075482060484213,0.035751253244756,-0.0632157389739492,-0.134053212652871,-0.040169273266094,-0.0668714240501838
0.0737656472982021,0.0339187463065862,-0.0658010323791575,-0.136677635125588,-0.0422664281974665,-0.0692778869193256
0.0720200261300453,0.0320580212468663,-0.0684197524853767,-0.139332951038231,-0.0443931170443914,-0.0717151374075983
0.0702450852112404,0.0301689841382405,-0.0710720412425368,-0.142019312257976,-0.0465494957665991,-0.0741832913873818
0.068440719537695,0.0282515480911924,-0.0737580342171197,-0.144736864945834,-0.0487357147768284,-0.0766824578821075
0.0666068296511463,0.02630563203028,-0.0764778618030141,-0.147485750845134,-0.0509519202024018,-0.0792127402760837
0.0647433236135368,0.024331162692022,-0.079231647209238,-0.150266105193228,-0.0531982518668377,-0.081774234293545
0.0628501156781082,0.0223280732896931,-0.0820195077818773,-0.153078058127444,-0.0554748446657058,-0.0843670293204032
0.0609271283916958,0.0202963056417809,-0.0848415528500542,-0.15592173244789,-0.0577818264093483,-0.0869912062438719
0.0589742912927818,0.0182358088639533,-0.0876978850193875,-0.158797244994517,-0.0601193191713077,-0.0896468387465327
0.056991542965189,0.0161465414499168,-0.0905885980541558,-0.161704704447565,-0.0624874371735068,-0.0923339911852183
0.0549788299934751,0.0140284702234385,-0.0935137779061531,-0.164644212427958,-0.0648862878681963,-0.0950527196214544
0.0529361087073708,0.0118815721081795,-0.0964735008987522,-0.167615861614116,-0.0673159701352333,-0.0978030700058013
0.0508633446968324,0.0097058336456706,-0.099467834178738,-0.170619736237682,-0.0697765747822185,-0.100585078632945
0.048760513934869,0.00750125213807777,-0.102496834523702,-0.173655910854019,-0.072268183378887,-0.103398770952962
0.0466276031791225,0.00526783606327927,-0.105560547875753,-0.176724449874993,-0.0747908678324206,-0.106244161111359
0.0444646101774287,0.00300560529100623,-0.108659009079676,-0.179825407315931,-0.0773446901685648,-0.109121251694169
0.0422715452130135,0.00071459265595572,-0.111792240225746,-0.182958825078669,-0.0799297009095725,-0.112030032082265
0.0400484302394709,-0.00160515690848993,-0.114960251481867,-0.186124733846496,-0.0825459399649219,-0.114970479292634
0.03779530159439,-0.00395358361305581,-0.118163038210379,-0.189323150080015,-0.0851934337801816,-0.117942555114204
0.035512208258891,-0.00633061456440315,-0.121400582697171,-0.192554077853456,-0.0878721971366701,-0.120946207847983
0.0331992152950172,-0.00873616027318559,-0.124672850494936,-0.195817505037691,-0.0905822295306305,-0.123981368678066
0.0308564019915621,-0.011170116520414,-0.1279797922599,-0.199113405249325,-0.0933235170861359,-0.127047953523369
0.0284838650033276,-0.0136323611654233,-0.131321340380422,-0.202441734331954,-0.096096029231884,-0.130145859700981
0.0260817175751714,-0.0161227549190015,-0.1346974096745,-0.205802431108871,-0.0988997194752732,-0.133274966648266
0.0236500912230456,-0.0186411396270985,-0.138107895517358,-0.209195415436374,-0.101734523595352,-0.136435134087722
0.0211891370538007,-0.0211873369184029,-0.141552672323094,-0.21262058662914,-0.104600358201889,-0.139626200550545
0.0186990253012166,-0.0237611486609575,-0.145031593899263,-0.216077823849863,-0.107497121171415,-0.142847983766385
0.0161799489763275,-0.0263623532446683,-0.148544489449278,-0.219566981929763,-0.110424687734016,-0.146100276730906
0.0136321217077745,-0.0289907077562609,-0.152091165690155,-0.223087893607609,-0.113382912684078,-0.14938284985758
0.0110557825119474,-0.0316459431234217,-0.155671401636911,-0.226640364068429,-0.116371625263074,-0.15269544584751
0.00845119392420306,-0.0343277659932846,-0.159284950387655,-0.230224172831244,-0.119390631047981,-0.156037781520725
0.00581864542137288,-0.0370358552414816,-0.162931535295104,-0.233839069740336,-0.12243970823539,-0.159409544078142
0.00315845434325918,-0.0397698610169507,-0.166610848758933,-0.237484773707801,-0.125518606555635,-0.162810389974804
0.000470966070161172,-0.0425294045426302,-0.170322551806317,-0.241160972279998,-0.128627046972369,-0.16623994457954
-0.00224344137052138,-0.04531407341637,-0.17406626891659,-0.244867316209521,-0.131764716659546,-0.169697797130055
-0.00498435978433948,-0.0481234241082445,-0.17784159039703,-0.248603421952358,-0.134931271499738,-0.173183503179284
-0.00775134471899544,-0.0509569757510753,-0.18164806556779,-0.252368864511704,-0.138126329449762,-0.176696577946516
-0.0105439169814542,-0.053814211657462,-0.18548520406236,-0.256163178801016,-0.141349471986834,-0.180236497716737
-0.0133615593142357,-0.0566945759186142,-0.189352471922151,-0.259985855535556,-0.144600240386328,-0.183802696095017
-0.0162037131687356,-0.0595974700983505,-0.193249287744414,-0.263836337177895,-0.147878132073755,-0.187394560330319
-0.019069780113726,-0.0625222546386365,-0.197175023811399,-0.267714019108488,-0.151182601918238,-0.191011432572806
-0.0219591144324716,-0.065468241305301,-0.201128997665471,-0.271618240759202,-0.154513054077289,-0.194652601705913
-0.0248710257411406,-0.0684346958209475,-0.205110474481488,-0.275548288081164,-0.15786884454512,-0.198317305858221
-0.027804773285874,-0.0714208320358652,-0.20911866040418,-0.279503386517033,-0.161249274768859,-0.202004726007781
-0.0307595633506412,-0.0744258092590015,-0.213152699196403,-0.283482697446295,-0.164653588563575,-0.205713982875935
-0.0337345497336625,-0.0774487327109465,-0.217211672206828,-0.287485318108905,-0.16808097230878,-0.209444137106128
-0.036728825045718,-0.0804886446363433,-0.22129458827983,-0.291510270958148,-0.171530545242034,-0.213194179552716
-0.0397414235632001,-0.083544527171872,-0.225400386225303,-0.29555650619948,-0.175001362155751,-0.21696303396274
-0.0427713142419365,-0.0866152952010295,-0.229527926502335,-0.299622892989126,-0.178492405473433,-0.22074954905472
-0.0458173970048337,-0.0896997925370395,-0.23367598640515,-0.303708214304709,-0.182002580806792,-0.224552494074425
-0.048878503509828,-0.0927967926674418,-0.23784326013932,-0.307811166943151,-0.18553071732958,-0.228370559175956
-0.0519533863742312,-0.0959049877430505,-0.242028346135943,-0.311930348099326,-0.189075555631382,-0.232202343289219
-0.0550407214031576,-0.0990229908065548,-0.246229748616588,-0.316064256909337,-0.192635749595874,-0.236046356015062
-0.0581391010540416,-0.102149329096745,-0.25044586945733,-0.320211285786682,-0.196209858763582,-0.239901010016396
-0.0612470270047999,-0.105282436435649,-0.254674998957797,-0.324369710596362,-0.199796339659986,-0.243764612375489
-0.0643629124460378,-0.108420655522423,-0.258915317335002,-0.32853769208884,-0.203393547646984,-0.247635366491051
-0.0674850696461638,-0.111562225221699,-0.263164879808998,-0.332713260071878,-0.206999722727274,-0.251511357928422
-0.0706117087293771,-0.114705279274874,-0.267421614047626,-0.336894310562585,-0.210612987481858,-0.255390552416169
-0.0737409346910775,-0.117847843217836,-0.271683315618909,-0.341078600830147,-0.214231343064079,-0.259270791914012
-0.0768707338896739,-0.120987820569939,-0.275947631592049,-0.345263731961023,-0.217852653652689,-0.263149779135367
-0.0799989767313204,-0.124122995530072,-0.280212062157254,-0.349447150359891,-0.221474648525932,-0.267025079720741
-0.0831234075733412,-0.127251022645076,-0.284473947892907,-0.353626134139221,-0.22509491014057,-0.270894110416553
-0.0862416347411547,-0.130369416591696,-0.288730457028873,-0.357797779489139,-0.228710862255133,-0.274754127305099
-0.0893511325344068,-0.133475554188631,-0.292978586138071,-0.361959001161561,-0.232319771148308,-0.278602227164023
-0.0924492255615613,-0.136566658388395,-0.297215140861938,-0.366106511930426,-0.235918727419579,-0.282435329395467
-0.0955330836572047,-0.139639793064004,-0.301436728451098,-0.370236814472467,-0.239504639329155,-0.286250169521244
-0.0985997202588175,-0.142691861332261,-0.30563975420161,-0.374346197338425,-0.243074229924541,-0.290043296490104
-0.101645973492646,-0.145719586239586,-0.309820398222616,-0.37843071020689,-0.246624015090866,-0.29381105089138
-0.104668505191063,-0.14871950974897,-0.313974612453818,-0.382486160450872,-0.250150301291733,-0.297549562903766
-0.10766379441756,-0.151687986133397,-0.318098111458878,-0.386508103148047,-0.253649177260978,-0.301254744204194
-0.110628117455148,-0.154621161560163,-0.322186347714676,-0.39049181475732,-0.257116490698886,-0.304922264866741
-0.113557549119732,-0.157514975451468,-0.3262345111872,-0.394432292382641,-0.260547848508865,-0.308547553855607
-0.116447951574239,-0.160365149101808,-0.330237514681909,-0.398324238061007,-0.263938603240356,-0.312125785716319
-0.119294954457653,-0.16316716543983,-0.334189969190167,-0.402162032519644,-0.267283829880379,-0.315651857606551
-0.122093956860712,-0.165916271112591,-0.338086184330167,-0.405939735405089,-0.27057832689243,-0.319120390626592
-0.124840112404453,-0.168607461338689,-0.341920149494495,-0.409651065209691,-0.27381659857631,-0.322525712447338
-0.127528309500769,-0.171235459859939,-0.345685509460942,-0.413289373397729,-0.276992832088688,-0.325861834590966
-0.130153173291654,-0.173794721058607,-0.349375565143938,-0.416847645097263,-0.280100898673573,-0.329122453964708
-0.132709048178518,-0.176279412281625,-0.352983252149804,-0.420318476453419,-0.283134333422775,-0.332300932885663
-0.135189977394978,-0.178683393173853,-0.356501116035347,-0.423694048581688,-0.286086311832403,-0.335390275885354
-0.13758970499186,-0.181000217942239,-0.359921313830778,-0.426966129331421,-0.28894965156068,-0.338383131743917
-0.139901657168875,-0.183223116564415,-0.363235591965401,-0.430126050273615,-0.291716791363584,-0.3412717726441
-0.142118919518333,-0.185344971863111,-0.366435259729658,-0.433164679114195,-0.2943797656641,-0.34404806892008
-0.144234240625883,-0.187358323560196,-0.369511193924934,-0.436072425183826,-0.296930208944222,-0.346703493644928
-0.146240013230799,-0.189255349460032,-0.372453817931347,-0.438839218123526,-0.299359335394159,-0.349229102382074
-0.148128242166374,-0.191027833182174,-0.375253065800648,-0.441454470986417,-0.301657904080169,-0.35161549835654
-0.149890568872793,-0.192667189775955,-0.377898413434785,-0.443907114330682,-0.303816248128171,-0.353852861761417
-0.151518238066515,-0.194164432292664,-0.380378842741704,-0.446185559948275,-0.305824239536159,-0.355930914375616
-0.153001982588616,-0.195510054809811,-0.382682709948819,-0.448277563843333,-0.307671162316368,-0.357838792100041
-0.154332369918581,-0.196694387408387,-0.384798159798632,-0.45017066485349,-0.309346106277964,-0.35956544004984
-0.155499374911361,-0.197707160350652,-0.38671262791617,-0.451851662824789,-0.310837490374833,-0.361099133508021
-0.15649136794235,-0.198536470960825,-0.388411649396303,-0.453305365641224,-0.312131925450207,-0.362426336068263
-0.157300496858655,-0.199174285199572,-0.389885240457988,-0.454521318667408,-0.313220293540982,-0.3635378008773
-0.157913504578711,-0.199607054136984,-0.391117037947015,-0.455482361895123,-0.314087394295259,-0.364418177300074
-0.158304174909558,-0.199807997544027,-0.392075328463001,-0.456155179438173,-0.314703406768576,-0.365037444650699
-0.158515965759209,-0.19982154172472,-0.392811119103585,-0.456593663946156,-0.315117266542529,-0.365444609513575
-0.158636983676411,-0.199737722914031,-0.3934286067539,-0.456907766095198,-0.315428475131722,-0.365739395562746
-0.158750264887087,-0.199641371080119,-0.394026173238944,-0.457201283277229,-0.31573091115694,-0.366015859124201
-0.158858689259186,-0.199535408801404,-0.39460710148816,-0.457477783229263,-0.316027893858957,-0.366277183352979
-0.158951020932916,-0.19940834049262,-0.395157898979888,-0.457723160060772,-0.316306780140747,-0.366510538560702
-0.159031484449704,-0.199264465212158,-0.395683443698118,-0.457942665276864,-0.316572407914285,-0.366720633497585
-0.159099151134436,-0.199102818692234,-0.396182492553106,-0.458135101700565,-0.316823789049478,-0.366906332718567
-0.15915313157812,-0.19892247789835,-0.396653850452688,-0.458299323767565,-0.317059980102814,-0.367066546521633
-0.159193316671352,-0.198723317630147,-0.397097252852129,-0.458435166907854,-0.317280921222118,-0.367201072259403
-0.159219206222169,-0.1985048143038,-0.397511972439006,-0.45854197984312,-0.317486110784932,-0.367309265125155
-0.159230362683814,-0.198266509337637,-0.39789735909395,-0.458619193299269,-0.317675118784157,-0.367390553164677
-0.159226371554206,-0.198007968723351,-0.398252792946935,-0.458666270546426,-0.317847542061013,-0.367444392402628
-0.159206791235096,-0.197728731869814,-0.398577624836629,-0.4586826446611,-0.318002947542521,-0.367470210018984
-0.159171184253525,-0.197428343507488,-0.398871213713848,-0.458667757827323,-0.318140907591328,-0.367467439925391
-0.159119109670744,-0.197106345965131,-0.399132917740947,-0.458621051955057,-0.318260991425747,-0.367435514214337
-0.159050122303806,-0.196762278403187,-0.399362093521429,-0.458541967845578,-0.318362764251123,-0.36737386235686
-0.158963774560624,-0.196395678716646,-0.399558098491448,-0.458429947642132,-0.318445789344914,-0.367281913405241
-0.15885961602756,-0.196006083144319,-0.399720290634246,-0.458284434459667,-0.318509627594766,-0.367159095645109
-0.158737193611111,-0.19559302643862,-0.399848028789178,-0.4581048727036,-0.318553837678075,-0.367004836822906
-0.158596051755121,-0.195156042114959,-0.399940673091641,-0.457890708488377,-0.318577976320948,-0.366818564492722
-0.158435732698934,-0.19469466274512,-0.399997585499062,-0.45764139010922,-0.31858159859565,-0.366599706440256
-0.15825577669027,-0.194208420201738,-0.400018130230362,-0.457356368452545,-0.318564258173097,-0.366347691029081
-0.158055722072522,-0.193696845772102,-0.400001674023477,-0.457035097246529,-0.318525507441443,-0.366061947378698
-0.15783510549326,-0.193159470397675,-0.399947586573127,-0.456677033465518,-0.318464897754994,-0.365741905710073
-0.157593462236186,-0.192595825041084,-0.399855241146584,-0.456281637887934,-0.318381979814845,-0.365386997857113
-0.157330326394158,-0.19200544088725,-0.399724014961846,-0.45584837544974,-0.318276303880299,-0.364996657559476
-0.157045231003664,-0.191387849504019,-0.399553289509003,-0.455376715547989,-0.318147419940324,-0.364570320703997
-0.156737708281978,-0.190742583108793,-0.39934245102047,-0.454866132471663,-0.31799487799478,-0.364107425705484
-0.1564072899762,-0.190069174950252,-0.399090891099578,-0.454316105968668,-0.317818228454137,-0.363607414036083
-0.156053507543434,-0.189367159514033,-0.398798007098581,-0.453726121596321,-0.317617022360065,-0.363069730524515
-0.155675892316541,-0.188636072712814,-0.398463202474223,-0.453095671051064,-0.317390811591502,-0.362493823636497
-0.155273975757827,-0.187875452166693,-0.398085887267452,-0.452424252604181,-0.317139149164067,-0.361879145872542
-0.154847289817383,-0.187084837590796,-0.397665478728002,-0.451711371661996,-0.316861589639616,-0.361225154302736
-0.154395367148489,-0.1862637710338,-0.397201401727109,-0.450956541142049,-0.316557689384443,-0.360531310907889
-0.153917741287321,-0.185411797078632,-0.39669308911573,-0.450159281800439,-0.316227006790154,-0.359797082872913
-0.153413946917093,-0.184528463129516,-0.396139982199155,-0.449319122658365,-0.315869102583544,-0.359021942991261
-0.152883520220666,-0.183613319789163,-0.395541531330566,-0.448435601530625,-0.315483540228823,-0.358205370183242
-0.152325999159382,-0.182665921158364,-0.394897196391761,-0.447508265455139,-0.315069886251394,-0.357346849913216
-0.151740923652531,-0.181685825031845,-0.394206447127646,-0.446536670993746,-0.314627710457047,-0.3564458744746
-0.151127835849555,-0.180672593188682,-0.393468763606246,-0.445520384640047,-0.314156586248143,-0.355501943395259
-0.150486280454857,-0.179625791735604,-0.392683636744908,-0.444458983283173,-0.313656090993983,-0.354514563908569
-0.149815805085208,-0.178544991482315,-0.391850568872745,-0.443352054701693,-0.313125806433874,-0.353483251462575
-0.149115960455505,-0.177429768138457,-0.390969074044708,-0.442199197839577,-0.312565318899767,-0.352407530002606
-0.148386300647766,-0.17627970259504,-0.390038678465355,-0.441000023175399,-0.311974219625204,-0.351286932360326
-0.147626383410507,-0.175094381235638,-0.389058920946243,-0.439754153118919,-0.31135210508474,-0.350121000678829
-0.146835770540113,-0.173873396330297,-0.388029353466765,-0.438461222496112,-0.310698577417056,-0.348909286938996
-0.146014028142136,-0.172616346304164,-0.386949541558291,-0.437120878878355,-0.310013244721302,-0.347651353326452
-0.145160726864668,-0.171322835975888,-0.385819064641569,-0.435732782868478,-0.309295721323193,-0.346346772559935
-0.144275442195672,-0.169992476860194,-0.384637516443035,-0.434296608453548,-0.308545628106091,-0.344995128298345
-0.143357754789013,-0.168624887498175,-0.383404505439884,-0.432812043380793,-0.307762592869869,-0.343596015579956
-0.142407250840579,-0.16721969383714,-0.382119655361626,-0.431278789581179,-0.306946250739309,-0.342149041319879
-0.141423522309229,-0.16577652944935,-0.38078260546925,-0.429696563396402,-0.306096244409752,-0.340653824605498
-0.140406167192583,-0.16429503580537,-0.379393010899586,-0.428065095860607,-0.305212224447734,-0.339109997058127
-0.139354789828701,-0.162774862572198,-0.377950543033942,-0.426384133001315,-0.304293849616132,-0.337517203222839
-0.138269001234268,-0.161215667946902,-0.376454889904258,-0.424653436171339,-0.303340787234414,-0.335875100998971
-0.137148419455925,-0.159617119001699,-0.374905756604161,-0.422872782383296,-0.302352713549486,-0.334183362080925
-0.135992669791726,-0.157978891894158,-0.373302865514481,-0.421041964479363,-0.301329313970418,-0.332441672231065
-0.134801385076534,-0.156300672141081,-0.371645956604031,-0.419160791364991,-0.300270283366571,-0.330649731628374
-0.133574205979572,-0.154582154902941,-0.369934787735064,-0.417229088244909,-0.299175326375429,-0.328807255226968
-0.13231078132985,-0.152823045294851,-0.368169134993619,-0.415246696879351,-0.298044157736027,-0.326913973143373
-0.131010768459614,-0.151023058713899,-0.36634879303077,-0.413213475848436,-0.296876502637451,-0.32496963105949
-0.129673833425888,-0.149181921040015,-0.364473575231327,-0.411129300663077,-0.295672096939763,-0.322973990469157
-0.128299651285392,-0.147299368889533,-0.362543313942364,-0.408994063926843,-0.294430687446699,-0.32092682898575
-0.126887906380689,-0.145375149878338,-0.360557860705027,-0.406807675499298,-0.293152032186716,-0.318827940657861
-0.125438292634433,-0.143409022891341,-0.35851708648521,-0.404570062657066,-0.291835900699032,-0.316677136288785
-0.123950513887267,-0.141400758394474,-0.356420881948696,-0.402281170293123,-0.290482074360457,-0.314474243802551
-0.122424284127394,-0.139350138634327,-0.354269157584012,-0.399940960980626,-0.289090346598833,-0.312219108471511
-0.120859327734218,-0.137256957850388,-0.35206184383357,-0.397549415042901,-0.2876605231178,-0.309911593155911
-0.119255379745884,-0.135121022509828,-0.349798891245137,-0.395106530640485,-0.286192422142533,-0.307551578566632
-0.117612186122821,-0.1329421515364,-0.347480270607502,-0.392612323843486,-0.284685874658105,-0.305138963516972
-0.115929504038588,-0.130720176565299,-0.345105973110236,-0.390066828724758,-0.283140724671878,-0.302673665200798
-0.11420710215297,-0.12845494217814,-0.342676010469831,-0.387470097423007,-0.2815568294544,-0.300155619442562
-0.112444760807471,-0.126146306057377,-0.340190414947755,-0.384822200109733,-0.279934059698961,-0.297584780848653
-0.110642272262266,-0.123794139181293,-0.337649239412467,-0.382123224994819,-0.278272299719839,-0.294961123002944
-0.108799440932861,-0.121398326017069,-0.335052557391981,-0.379373278323669,-0.276571447646986,-0.292284638656024
-0.106916083622015,-0.118958764707482,-0.332400463111659,-0.376572484361355,-0.27483141561273,-0.289555339902826
-0.104992029778463,-0.116475367283202,-0.329693071556677,-0.373720985399008,-0.273052129961913,-0.286773258385601
-0.10302712171691,-0.113948059834313,-0.326930518477527,-0.370818941710089,-0.271233531420026,-0.283938445444928
-0.101021214789435,-0.111376782631211,-0.324112960328053,-0.367866531447039,-0.269375575209984,-0.281050972208369
-0.0989741775879549,-0.108761490275712,-0.321240574235523,-0.364863950567018,-0.267478231197102,-0.27811092971041
-0.096885892142002,-0.106102151846112,-0.318313557958257,-0.361811412747326,-0.265541484026506,-0.27511842900144
-0.0947562541095777,-0.103398751034039,-0.315332129828484,-0.358709149288634,-0.263565333250861,-0.272073601243237
-0.0925851729807797,-0.100651286293024,-0.312296528704796,-0.355557409027879,-0.261549793467923,-0.268976597813708
-0.0903725722715552,-0.0978597709759604,-0.309207013906638,-0.352356458236464,-0.259494894445499,-0.265827590394535
-0.0881183896544925,-0.0950242334079499,-0.306063865067747,-0.349106580447302,-0.257400681181838,-0.262626770981578
-0.0858225771149193,-0.0921447169838539,-0.302867382016628,-0.345808076307355,-0.255267213988827,-0.259374351920026
-0.0834851011042002,-0.089221280262151,-0.299617884649902,-0.342461263425363,-0.253094568570196,-0.256070565931684
-0.0811059426852541,-0.0862539970501794,-0.296315712793003,-0.339066476209909,-0.250882836089953,-0.252715666128874
-0.0786850976722975,-0.083242956482836,-0.292961226051092,-0.335624065700533,-0.248632123233134,-0.249309926017354
-0.0762225767867467,-0.0801882631168981,-0.289554803676471,-0.332134399415611,-0.246342552280334,-0.24585363951293
-0.0737184057689201,-0.0770900369802558,-0.286096844381425,-0.328597861153304,-0.244014261137235,-0.242347120904017
-0.0711726254702232,-0.073948413601071,-0.282587766127199,-0.325014850773015,-0.241647403343711,-0.238790704788931
-0.0685852919585865,-0.0707635440499397,-0.279028005928077,-0.321385783992516,-0.239242148094527,-0.235184746024662
-0.0659564766164512,-0.0675355949742708,-0.275418019646357,-0.317711092179118,-0.236798680251509,-0.231529619663927
-0.0632862662307958,-0.0642647486244386,-0.271758281778127,-0.313991222134864,-0.234317200346856,-0.227825720880146
-0.0605747630759951,-0.0609512028726147,-0.268049285231266,-0.310226635877059,-0.231797924578507,-0.224073464881449
-0.0578220850058205,-0.057595171240707,-0.264291541114693,-0.306417810431482,-0.229241084813378,-0.220273286831631
-0.0550283655184669,-0.0541968829012227,-0.260485578497702,-0.302565237601061,-0.226646928563774,-0.21642564173864
-0.0521937537952433,-0.0507565826518814,-0.256631944141398,-0.298669423711757,-0.224015718938107,-0.212531004312282
-0.0493184147505807,-0.0472745309018053,-0.252731202245636,-0.294730889374924,-0.221347734602174,-0.208589868832286
-0.0464025290753843,-0.0437510036513331,-0.248783934191101,-0.290750169247843,-0.218643269733809,-0.204602749007174
-0.0434462932728864,-0.0401862924646765,-0.244790738275964,-0.286727811791914,-0.215902633970251,-0.200570177823262
-0.0404499196870969,-0.0365807044356267,-0.240752229447636,-0.282664379028978,-0.213126152348476,-0.196492707384128
-0.0374136365259137,-0.0329345621484239,-0.236669039032282,-0.278560446298198,-0.210314165240563,-0.19237090874295
-0.0343376878903907,-0.029248203645366,-0.232541814474961,-0.274416602025308,-0.207467028295074,-0.188205371739897
-0.0312223337717343,-0.0255219823628195,-0.228371219048344,-0.270233447465778,-0.204585112348232,-0.183996704804341
-0.0280678500414909,-0.0217562670612243,-0.22415793155903,-0.26601159644823,-0.201668803329373,-0.179745534749457
-0.0248745284450319,-0.0179514417592088,-0.219902646062606,-0.261751675128352,-0.198718502170171,-0.175452506569819
-0.0216426765885888,-0.0141079056621824,-0.215606071576951,-0.257454321743687,-0.195734624708583,-0.171118283231871
-0.0183726179199451,-0.010226073085549,-0.21126893179412,-0.25312018636958,-0.192717601587668,-0.166743545457611
-0.0150646917029469,-0.00630637337277896,-0.206891964791289,-0.248749930676649,-0.189667878149588,-0.162328991501845
-0.0117192529860466,-0.00234925080864198,-0.20247592274121,-0.24434422769016,-0.186585914325074,-0.15787533692347
-0.00833667257054979,0.00164483546672348,-0.198021571628331,-0.239903761556959,-0.183472184523687,-0.15338331435665
-0.00491733697359048,0.00567541154779611,-0.19352969096535,-0.235429227315095,-0.180327177520268,-0.148853673276877
-0.00146164836785163,0.00974198887550343,-0.189001073491822,-0.230921330648928,-0.177151396321224,-0.144287179744381
0.00202997547365792,0.0138440643426834,-0.184436524884872,-0.226380787657468,-0.173945358036898,-0.139684616153644
0.00555710123603874,0.0179811204013592,-0.179836863473239,-0.221808324627804,-0.170709593752377,-0.13504678098067
0.00911928012573369,0.022152625173347,-0.175202919953143,-0.217204677812107,-0.167444648395312,-0.130374488526598
0.0127160479383534,0.026358032563954,-0.170535537106243,-0.212570593208433,-0.164151080601012,-0.125668568658022
0.0163469251308925,0.0305967823785117,-0.165835569520024,-0.207906826345489,-0.160829462575016,-0.120929866544362
0.0200114168981274,0.0348683004414877,-0.161103883310898,-0.203214142071578,-0.157480379953392,-0.116159242392677
0.0237090132524484,0.0391719987174053,-0.156341355850814,-0.198493314348343,-0.154104431661441,-0.111357571180723
0.0274391891019355,0.0435072754283964,-0.151548875502464,-0.193745126054112,-0.150702229775444,-0.106525742393258
0.0312014043412434,0.0478735151827592,-0.146727341348725,-0.188970368783072,-0.147274399374417,-0.101664659747921
0.0349951039476682,0.0522700891069239,-0.141877662924155,-0.184169842647552,-0.143821578388829,-0.0967752409183318
0.0388197180754414,0.056696354973919,-0.137000759955347,-0.179344356089719,-0.14034441745247,-0.0918584172609652
0.0426746621528937,0.0611516573329053,-0.132097562105421,-0.174494725698198,-0.13684357975326,-0.0869151335414442
0.0465593369824362,0.0656353276397094,-0.127169008722728,-0.169621776029527,-0.133319740883027,-0.0819463476604133
0.050473128843154,0.0701466843881201,-0.122216048593879,-0.164726339434503,-0.129773588686411,-0.0769530303792558
0.0544154095958603,0.0746850332417742,-0.117239639701258,-0.159809255889411,-0.126205823109011,-0.071936165045909
0.058385536790424,0.0792496671664427,-0.112240748985084,-0.154871372832129,-0.122617156044872,-0.0668967473209893
0.0623828537752251,0.0838398665625377,-0.107220352110122,-0.149913545003088,-0.119008311183429,-0.0618357849044539
0.0664066898082567,0.0884548993973675,-0.102179433237397,-0.144936634291325,-0.115380023856242,-0.0567542972632542
0.0704563601671861,0.0930940213344826,-0.0971189848031798,-0.13994150958779,-0.111733040885753,-0.0516533153622726
0.074531166266279,0.0977564758678662,-0.0920400072980461,-0.134929046638727,-0.108068120429243,-0.0465338813918541
0.0786303957754264,0.102441494456287,-0.0869435090503867,-0.129900127903225,-0.10438603182209,-0.0413970484962523
0.0827533227380771,0.107148296654654,-0.0818305060170518,-0.124855642417547,-0.100687555422931,-0.0362438805056202
0.0868992076904785,0.111876090244735,-0.0767020215787959,-0.119796485663849,-0.0969734824586114,-0.0310754516695128
0.0910672977821634,0.116624071365197,-0.0715590863404679,-0.114723559443137,-0.0932446148688624,-0.0258928463919393
0.0952568268976102,0.121391424640866,-0.0664027379358858,-0.10963777175232,-0.0895017651507057,-0.0206971589680632
0.0994670157789912,0.126177323311155,-0.061234020837325,-0.10454003666519,-0.0857457562025664,-0.0154894933225992
0.103697072149965,0.130980929357594,-0.0560539861695259,-0.0994312742171606,-0.0819774211680448,-0.0102709627499607
0.107946190840442,0.135801393630431,-0.0508636915281511,-0.0943124102935918,-0.0781976032793011,-0.00504268965618411
0.112213553912314,0.140637855974261,-0.0456642008025277,-0.0891843765214921,-0.0744071556999908,0.000194194697371392
0.116498330786104,0.145489445352691,-0.0404565840025984,-0.084048110164413,-0.0706069413676799,0.00543855044852982
0.120799678368449,0.15035527997194,-0.0352419170899533,-0.0789045540203566,-0.0667978328357004,0.0106892293870089
0.125116741179405,0.155234467402421,-0.0300212818135131,-0.0737546563232922,-0.0629807121151243,0.0159450752047261
0.12944865148249,0.16012610470114,-0.0247957655475531,-0.0685993706457126,-0.0591564705145104,0.0212049237456988
0.133794529416222,0.165029278533739,-0.0195664611329219,-0.063439655803044,-0.0553260084782976,0.0264676032546541
0.138153483125506,0.169943065294572,-0.014334466722492,-0.0582764757610184,-0.0514902354250595,0.0317319346233102
0.142524608894068,0.174866531226022,-0.00910088562973846,-0.0531107995448075,-0.0476500695845495,0.0369967316352589
0.146906991278016,0.179798732537148,-0.00386682618021009,-0.0479436011496167,-0.043806437833365,0.0422608012095837
0.151299703240644,0.184738715521803,0.00136659843434994,-0.0427758594524702,-0.0399602755290654,0.0475229436433637
0.155701806288557,0.189685516676318,0.00659827029945997,-0.0376085581249023,-0.036112526342579,0.0527819528531914
0.160112350609251,0.194638162816905,0.0118270669192144,-0.0324426855462484,-0.0322641420887059,0.0580366166159005
0.16453037521025,0.199595671196924,0.017051861355705,-0.027279234717251,-0.0284160825545359,0.0632857168086552
0.168954908059988,0.204557049624195,0.0222715223668306,-0.0221192031736727,-0.0245693153255827,0.0685280296486231
0.173384966230541,0.209521296578513,0.0274849145427847,-0.016963592899605,-0.0207248156094285,0.0737623259324075
0.177819556042424,0.214487401329595,0.032690898441506,-0.0118134102401549,-0.0168835660566737,0.0789873712754873
0.182257673211626,0.219454344055658,0.0378883307234156,-0.00666966581320111,-0.0130465565789693,0.0842019263518773
0.186698302999065,0.224421095962847,0.0430760642857323,-0.00153337441987682,-0.00921478416391663,0.0894047471342589
0.191140420362714,0.229386619405782,0.0482529483966958,0.00359444504651565,-0.00538925268660495,0.0945945851348224
0.195582990112527,0.234349868009396,0.0534178288300178,0.00871276969349311,-0.00157097271758902,0.099770187647108
0.200024967068382,0.239309786792322,0.0585695479999519,0.0138205727245839,0.00223903867293072,0.104930297989158
0.204465296221889,0.244265312292657,0.0637069450973381,0.0189168235373717,0.0060397581152313,0.110073655748212
0.20890291290161,0.249215372695741,0.068828856226794,0.0240004878242881,0.00983015614432482,0.115198997027118
0.213336742942087,0.254158887964357,0.0739341145454899,0.0290705276766074,0.0136091974086942,0.120305054692854
0.217765702857079,0.259094769971812,0.0790215504038675,0.0341259016920123,0.0173758408837906,0.12539055862745
0.222188700017317,0.264021922638215,0.0840899914887026,0.0391655650860925,0.0211290400905441,0.130454235981627
0.226604632833092,0.268939242070325,0.089138262968834,0.0441884698080989,0.0248677433191068,0.135494811431452
0.231012390941981,0.273845616705319,0.0941651876439381,0.0491935646612787,0.0285908938580617,0.140511007438308
0.235410855402071,0.27873992745887,0.0991695860967257,0.0541797954281307,0.0322974302293481,0.14550154451252
0.23979889889101,0.283621047877898,0.104150276848908,0.0591461050009034,0.0359862864290835,0.150465141480896
0.24417538591122,0.28848784429842,0.10910607652131,0.0640914335176562,0.0396563921745496,0.155400515758542
0.248539173001673,0.293339176008891,0.114035799998501,0.0690147185042011,0.0433066731575166,0.160306383625227
0.252889108956539,0.298173895419429,0.118938260598293,0.0739148950222369,0.0469360513041224,0.165181460506603
0.257224035051123,0.302990848237391,0.123812270246485,0.0787908958239831,0.0505434450415184,0.170024461260592
0.261542785275436,0.307788873649685,0.128656639657192,0.083641651513603,0.05412776957143,0.174834100469213
0.265844186575796,0.312566804512275,0.133470178519139,0.08846609071572,0.0576879371508533,0.179609092736155
0.270127059104827,0.317323467547316,0.138251695688241,0.0932631402512918,0.061222857380016,0.184348152990344
0.274390216480239,0.322057683548346,0.142999999386831,0.0980317253211282,0.0647314374977665,0.189049996795793
0.278632466052777,0.326768267593996,0.147713897409856,0.102770769697294,0.0682125826845327,0.193713340667976
0.282852609183715,0.331454029270665,0.152392197338383,0.10747919592267,0.0716651963729674,0.19833690239697
0.287049441532267,0.336113772904578,0.157033706760708,0.112155925518873,0.0750881805663853,0.202919401377576
0.291221753353287,0.340746297803698,0.161637233501399,0.116799879202801,0.0784804361650797,0.207459558946658
0.295368329805636,0.34535039850993,0.166201585858539,0.121409977111955,0.0818408633005963,0.211956098727855
0.299487951271555,0.34992486506202,0.170725572849467,0.125985139038779,0.085168361678004,0.216407746983867
0.303579393687457,0.354468483269682,0.175208004465378,0.130524284674225,0.0884618309262793,0.220813232976556
0.307641428886377,0.358980034999218,0.179647691934811,0.135026333860573,0.0917201709566565,0.225171289334773
0.311672824952364,0.363458298471055,0.184043447996262,0.139490206853638,0.0949422823289229,0.229480652430011
0.315672346587269,0.36790204856971,0.188394087180342,0.143914824594601,0.0981270666257722,0.233740062760184
0.319638755490129,0.372310057166471,0.192698426101548,0.148299108991505,0.10127342683508,0.237948265341476
0.323570810749449,0.376681093455227,0.196955283759843,0.152641983210484,0.104380267740021,0.242104010108285
0.327467269248613,0.38101392430174,0.201163481852175,0.156942371976766,0.107446496316901,0.246206052321248
0.331326886084653,0.385307314606698,0.205321845094045,0.161199201885472,0.110471022140554,0.250253152983303
0.335148415000573,0.389560027682859,0.209429201551226,0.165411401722195,0.113452757797166,0.254244079263729
0.338930608831394,0.393770825646555,0.213484382981709,0.169577902793345,0.11639061930427,0.258177604930042
0.342672219964049,0.397938469823791,0.217486225187873,0.173697639266174,0.119283526537726,0.262052510787605
0.346372000811262,0.402061721171183,0.221433568378937,0.177769548518411,0.122130403665408,0.265867585126787
0.350028704299429,0.40613934071188,0.22532525754361,0.181792571497363,0.12493017958729,0.269621624177443
0.353641084370577,0.410170089986649,0.229160142832927,0.185765653088345,0.127681788381624,0.273313432570444
0.357207896498364,0.414152731520211,0.232937079953145,0.189687742492247,0.130384169756851,0.276941823806002
0.360727898218074,0.418086029302898,0.236654930568575,0.193557793612011,0.133036269508837,0.280505620728412
0.364199849670504,0.421968749287659,0.240312562714185,0.19737476544778,0.135637039983028,0.284003656006864
0.367622514159595,0.425799659902383,0.243908851217763,0.201137622500416,0.138185440541071,0.287434772621888
0.37099465872362,0.429577532577461,0.247442678131393,0.204845335183074,0.140680438031395,0.290797824356989
0.374315054719665,0.433301142288488,0.250912933171965,0.208496880240461,0.143121007263238,0.294091676294954
0.377582478421115,0.436969268113884,0.254318514170379,0.212091241175407,0.145506131483589,0.297315205318309
0.380795711627777,0.440580693807238,0.257658327529084,0.215627408682293,0.147834802856427,0.300467300613326
0.383953542288232,0.444134208384058,0.260931288687536,0.219104381086881,0.15010602294366,0.303546864176949
0.387054765133938,0.447628606722583,0.264136322595121,0.222521164792037,0.152318803187129,0.306552811326007
0.390098182324554,0.451062690178235,0.267272364191048,0.225876774728822,0.154472165390977,0.309484071207964
0.393082604103891,0.454435267211237,0.270338358890671,0.229170234812343,0.156565142203704,0.312339587312495
0.396006849465817,0.457745154026838,0.27333326307765,0.232400578401787,0.158596777599168,0.315118317983095
0.398869746829428,0.460991175227555,0.276256044601345,0.235566848763967,0.160566127355779,0.317819236927898
0.401670134722679,0.464172164476722,0.27910568327874,0.238668099539713,0.162472259533106,0.320441333728867
0.404406862473631,0.467286965172626,0.281881171400233,0.241703395212382,0.164314254945109,0.322983614348462
0.407078790908411,0.470334431132383,0.284581514238488,0.244671811577745,0.166091207629152,0.325445101632868
0.409684793054926,0.473313427284696,0.287205730559615,0.247572436214484,0.167802225309978,0.327824835810854
0.412223754851271,0.476222830370502,0.289752853135796,0.250404368954473,0.169446429857787,0.330121874987277
0.414694575857767,0.479061529650523,0.292221929258526,0.253166722352014,0.171022957739542,0.33233529563025
0.417096169971461,0.4818284276186,0.294612021251554,0.255858622151179,0.172530960462622,0.33446419305097
0.4194274661419,0.484522440719653,0.296922206982591,0.258479207750353,0.173969605009947,0.336507681875157
0.421687409086886,0.487142500071057,0.299151580372815,0.261027632663089,0.175338074265667,0.338464896505078
0.423874960006944,0.489687552186139,0.301299251903185,0.26350306497433,0.176635567430516,0.340334991571105
0.425989097297096,0.492156559698448,0.303364349116533,0.265904687791065,0.177861300425946,0.342117142371739
0.428028817254584,0.494548502085399,0.305346017114401,0.26823169968647,0.179014506286128,0.343810545301052
0.429993134781056,0.496862376389842,0.307243419047545,0.270483315136531,0.180094435536947,0.345414418262473
0.431881084077754,0.499097197938031,0.309055736599038,0.272658764948212,0.181100356561096,0.34692800106788
0.433691719332197,0.501252001052466,0.31078217045886,0.274757296678148,0.182031555948411,0.348350555820945
0.435424115394807,0.503325839758007,0.312421940788885,0.276778175040903,0.182887338830586,0.349681367283698
0.437077368443915,0.505317788479623,0.313974287677139,0.278720682305776,0.183667029199437,0.350919743225302
0.438650596637598,0.50722694273015,0.315438471580234,0.280584118681224,0.184369970207895,0.352065014752061
0.440142940750727,0.509052419786347,0.316813773752835,0.282367802685866,0.184995524452956,0.353116536617667
0.441553564795666,0.510793359351575,0.318099496663101,0.284071071505158,0.185543074239803,0.354073687512781
0.442881656625032,0.512448924203395,0.319294964392944,0.285693281332771,0.186012021826393,0.354935870333031
0.444126428514934,0.514018300824357,0.320399523022084,0.287233807695732,0.186401789647799,0.35570251242458
0.445287117727145,0.515500700014294,0.321412540994806,0.288692045762457,0.186711820519658,0.356373065806438
0.446362987048679,0.516895357482411,0.322333409468381,0.290067410632762,0.186941577820102,0.356947007368746
0.447353325307266,0.518201534417516,0.323161542642159,0.291359337609019,0.187090545649592,0.357423839046321
0.448257447861256,0.51941851803471,0.323896378066342,0.292567282447649,0.187158228968133,0.357803087966792
0.449074697062568,0.520545622096958,0.324537376929509,0.29369072159015,0.187144153709383,0.358084306572703
0.449804442691287,0.52158218740995,0.325084024323982,0.294729152372945,0.187047866871214,0.358267072717068
0.45044608236063,0.522527582288726,0.325535829488192,0.29568209321533,0.186868936582357,0.358350989731852
0.450999041891033,0.523381202994623,0.325892326025235,0.296549083784898,0.186606952144786,0.358335686468991
0.451462775652203,0.524142474141132,0.326153072096874,0.297329685139822,0.186261524051584,0.358220817313571
0.451836766872057,0.524810849067338,0.326317650592288,0.29802347984745,0.185832283980045,0.358006062168912
0.452120527911542,0.525385810177717,0.326385669270942,0.298630072078735,0.185318884759891,0.357691126413325
0.452313600504427,0.525866869247126,0.326356760879009,0.299149087678037,0.184721000316461,0.357275740828401
0.452415555961276,0.526253567689911,0.326230583238839,0.299580174207956,0.184038325588852,0.356759661498793
0.452425995336879,0.526545476792208,0.326006819311051,0.299923000968843,0.183270576423018,0.356142669683477
0.452344549560538,0.526742197906546,0.325685177228887,0.300177258992777,0.182417489439907,0.355424571658584
0.452170879528724,0.526843362608033,0.325265390304537,0.300342661011788,0.181478821878756,0.354605198531969
0.451904676159722,0.526848632811492,0.324747217007241,0.300418941400218,0.180454351415758,0.35368440602975
0.451545660409988,0.526757700849029,0.324130440913014,0.300405856091171,0.179343875958321,0.352662074255116
0.451093583252089,0.526570289507672,0.32341487062597,0.30030318246705,0.178147213415251,0.35153810741979
0.450548225614181,0.526286152026812,0.322600339671249,0.30011071922427,0.176864201443216,0.350312433548615
0.449909398281123,0.52590507205531,0.321686706359655,0.299828286212279,0.175494697169889,0.348985004157751
0.44917694175744,0.525426863568287,0.320673853624212,0.29945572424713,0.174038576894266,0.347555793907106
0.448350726092453,0.52485137074372,0.319561688828868,0.298992894899837,0.172495735764668,0.346024800227626
0.447430650668038,0.524178467799112,0.318350143549728,0.2984396802599,0.170866087434988,0.344392042924198
0.446416643949574,0.523408058788625,0.3170391733292,0.29779598267439,0.169149563699822,0.342657563754893
0.445308663200749,0.522540077361199,0.315628757403586,0.297061724463057,0.167346114109121,0.340821425987428
0.444106694163034,0.521574486480303,0.314118898404655,0.296236847610016,0.165455705563088,0.338883713933708
0.442810750700701,0.520511278106095,0.312509622035867,0.295321313432577,0.163478321888045,0.336844532463398
0.441420874412416,0.519350472840879,0.310800976723946,0.294315102227887,0.161413963394071,0.33470400649749
0.439937134210469,0.518092119538858,0.308993033246582,0.293218212898073,0.159262646415202,0.332462280482922
0.43835962586889,0.516736294881332,0.307085884337111,0.292030662554659,0.157024402833057,0.330119517849278
0.436688471541687,0.515283102918524,0.305079644267079,0.290752486103038,0.154699279584752,0.327675900448703
0.43492381925261,0.51373267457941,0.302974448407634,0.28938373580788,0.152287338155997,0.325131627980137
0.433065842357884,0.512085167150938,0.300770452770792,0.287924480840343,0.149788654060316,0.322486917399042
0.431114738983416,0.51034076372816,0.298467833531606,0.286374806808049,0.147203316305303,0.319742002313797
0.429070731438095,0.508499672636894,0.296066786532397,0.284734815268786,0.144531426846898,0.316897132369976
0.426934065604783,0.506562126830543,0.293567526770157,0.283004623228951,0.141773100032619,0.313952572623693
0.424705010310742,0.50452838326284,0.29097028786834,0.281184362627774,0.138928462034766,0.310908602905283
0.422383856679225,0.502398722238314,0.288275321534289,0.279274179808397,0.135997650274566,0.307765517174527
0.419970917463992,0.500173446742323,0.28548289700352,0.2772742349769,0.132980812838246,0.304523622868671
0.417466526368596,0.497852881752543,0.282593300472183,0.275184701650388,0.12987810788605,0.301183240244481
0.414871037352273,0.495437373533877,0.279606834519001,0.273005766095298,0.126689703055185,0.297744701715585
0.412184823924286,0.492927288918725,0.276523817518006,0.270737626757051,0.123415774857692,0.294208351186316
0.40940827842861,0.49032301457463,0.273344583043453,0.268380493682236,0.120056508074241,0.290574543383304
0.406541811320845,0.487624956261301,0.27006947926823,0.265934587934514,0.116612095144839,0.28684364318604
0.403585850439221,0.484833538079036,0.266698868357162,0.263400141005405,0.113082735557423,0.283016024957596
0.400540840271613,0.481949201710576,0.26323312585658,0.260777394221176,0.109468635235317,0.279092071876724
0.397407241220406,0.478972405658427,0.259672640081532,0.258066598147034,0.105770005924527,0.275072175272496
0.394185528867108,0.475903624479652,0.256017811502016,0.255268011989806,0.101987064581821,0.270956733962657
0.390876193238523,0.472743348020157,0.252269052129624,0.252381903000338,0.0981200327645427,0.266746153596832
0.387479738076362,0.469492080650475,0.248426784905975,0.249408545876812,0.0941691360231006,0.262440846005726
0.383996680112044,0.466150340504991,0.244491443094297,0.246348222170174,0.0901346032970552,0.258041228557422
0.380427548348533,0.462718658726607,0.240463469675571,0.24320121969292,0.0860166663157394,0.253547723521872
0.376772883350901,0.459197578718727,0.236343316750542,0.239967831932393,0.0818155590043023,0.248960757444679
0.373033236547427,0.455587655406498,0.232131444949021,0.236648357469858,0.0775315168961061,0.244280760531208
0.369209169542854,0.451889454509164,0.227828322847791,0.233243099406519,0.0731647765523702,0.239508166042094
0.365301253445557,0.448103551825349,0.223434426398494,0.229752364797705,0.0687155749899629,0.234643409701205
0.361310068210211,0.444230532533127,0.218950238366827,0.226176464096444,0.0641841491182547,0.229686929117063
0.357236201997626,0.440270990506615,0.214376247784436,0.222515710607652,0.0595707351859281,0.224639163218768
0.35308025055332,0.436225527650843,0.209712949414806,0.218770419954129,0.0548755682386814,0.219500551707471
0.348842816606437,0.43209475325665,0.204960843234556,0.214940909555653,0.0500988815887326,0.21427153452439
0.344524509290548,0.427879283377272,0.200120433931476,0.211027498122403,0.0452409062971038,0.208952551336457
0.340125943587905,0.423579740228316,0.195192230420687,0.207030505163972,0.0403018706696371,0.203544041040613
0.33564773979867,0.419196751612764,0.190176745380335,0.202950250515305,0.0352819997677503,0.198046441287856
0.331090523036675,0.414730950372664,0.185074494808238,0.198787053880867,0.0301815149349872,0.192460188028128
0.32645492275324,0.410182973869148,0.17988599760092,0.194541234398424,0.0250006333404457,0.186785715077194
0.321741572290603,0.40555346349239,0.174611775156557,0.190213110223837,0.0197395675402175,0.1810234537067
0.316951108466533,0.400843064203178,0.169252351003352,0.185802998138338,0.0143985250580653,0.17517383225864
0.31208417119172,0.396052424107736,0.163808250454927,0.181311213179821,0.00897770798660511,0.169237275785539
0.307141403121565,0.391182194067487,0.158280000294415,0.176738068299727,0.00347731261037579,0.16321420571775
0.302123449344056,0.386233027345461,0.152668128488969,0.172083874047203,-0.00210247094774416,0.157105039559302
0.297030957105453,0.381205579291107,0.146973163936523,0.167348938282308,-0.00776145905517564,0.150910190613908
0.291864575575594,0.376100507065321,0.141195636246729,0.162533565920135,-0.0134994748716434,0.144630067742788
0.286624955654686,0.37091846940756,0.135336075558112,0.157638058707826,-0.0193163486226562,0.138265075156156
0.281312749823584,0.365660126447,0.129395012393628,0.152662715036629,-0.0252119178424696,0.131815612240327
0.275928612039619,0.360326139559787,0.123372977556938,0.147607829791243,-0.0311860275843046,0.125282073422601
0.270473197680215,0.354917171274541,0.117270502071898,0.142473694238916,-0.0372385305954146,0.118664848076243
0.264947163536623,0.349433885228381,0.111088117167939,0.137260595960899,-0.0433692874543674,0.111964320468122
0.25935116786032,0.34387694617593,0.104826354314229,0.131968818829116,-0.049578166667626,0.105180869751786
0.253685870464742,0.338247020053836,0.0984857453057231,0.126598643031088,-0.0558650447222734,0.0983148700090166
0.247951932885265,0.332544774103631,0.0920668224044833,0.121150345146447,-0.0622298060913639,0.0913666903432155
0.242150018600549,0.326770877055846,0.08557011853992,0.115624198278631,-0.068672343188077,0.0843366950282772
0.236280793318606,0.320925999378611,0.0789961675719213,0.110020472245665,-0.0751925562644528,0.0772252437169681
0.230344925331235,0.315010813594151,0.0723455046211674,0.104339433834271,-0.0817903532500512,0.0700326917132322
0.224343085940735,0.309025994666907,0.0656186664713115,0.0985813471219227,-0.0884656495254565,0.0627593903132416
0.218275949963165,0.302972220467272,0.0588161920481201,0.0927464738718726,-0.0952183676249836,0.0554056872205441
0.212144196312744,0.2968501723153,0.0519386229810922,0.0868350740066052,-0.102048436862439,0.0479719270410981
0.205948508672383,0.290660535609049,0.0449865042535894,0.0808474061656889,-0.10895579287312,0.040458451864628
0.199689576255723,0.284404000542642,0.0379603849480021,0.0747837283544835,-0.115940377064632,0.0328656019392986
0.193368094666574,0.278081262919562,0.0308608190931019,0.0686442986907871,-0.123002135968278,0.025193716447417
0.186984766862032,0.271693025067091,0.0236883666212971,0.0624293762570984,-0.13014102048206,0.0174431343905871
0.180540304226169,0.265239996858351,0.0164435944442271,0.0561392220668668,-0.137356984995369,0.00961419559356597
0.17403542776169,0.258722896848919,0.00912707765585388,0.0497741001538506,-0.14464998638453,0.00170724183693802
0.167470869407587,0.252142453535526,0.00173940087297821,0.0433342787945014,-0.152019982867287,-0.00627738187032373
0.160847373491457,0.245499406745003,-0.0057188402759959,0.0368200318741733,-0.159466932703133,-0.0143393258662854
0.154165698325852,0.238794509162259,-0.0132470375023283,0.0302316404089017,-0.166990792725182,-0.022478234246226
0.147426617958768,0.232028528006803,-0.0208445680355267,0.0235693942355185,-0.174591516687841,-0.0306937430930832
0.140630924089178,0.225202246868047,-0.0285107926154203,0.0168335938840067,-0.182269053413061,-0.0389854785123458
0.133779428159374,0.218316467710449,-0.0362450532827845,0.0100245526471596,-0.190023344716279,-0.0473530544541378
0.126872963636776,0.211372013060409,-0.0440466709522887,0.00314259886395984,-0.197854323091351,-0.0557960703036254
0.119912388498832,0.204369728387718,-0.0519149427502198,-0.00381192156553456,-0.205761909131827,-0.0643141082192029
0.112898587935695,0.197310484695369,-0.0598491390979776,-0.010838642414473,-0.213746008663708,-0.0729067301960153
0.105832477286393,0.19019518133254,-0.0678485005207878,-0.017937174091696,-0.221806509562517,-0.0815734748303786
0.098715005225455,0.183024749046666,-0.0759122341594104,-0.0251071003096832,-0.229943278224884,-0.0903138537584435
0.0915471572181063,0.175800153291694,-0.0840395099608173,-0.0323479744333115,-0.238156155662036,-0.0991273477400806
0.0843299592635246,0.168522397810798,-0.0922294565219272,-0.0396593154827101,-0.246444953179507,-0.108013402356384
0.0770644819469743,0.161192528513216,-0.100481156558366,-0.0470406037612719,-0.254809447603942,-0.116971423286354
0.0697518448231622,0.153811637666161,-0.108793641968081,-0.0544912760774906,-0.263249376014234,-0.126000771125338
0.0623932211546517,0.146380868424278,-0.117165888457213,-0.0620107205266981,-0.271764429930129,-0.135100755704453
0.0549898430308266,0.138901419720629,-0.12559680969316,-0.0695982707960402,-0.280354248907021,-0.144270629866692
0.0475430068946261,0.131374551544787,-0.13408525094702,-0.0772531999530226,-0.289018413480828,-0.153509582651527
0.0400540795060542,0.123801590635348,-0.14262998218477,-0.0849747136747697,-0.297756437401518,-0.162816731835664
0.0325245043733646,0.116183936615918,-0.151229690563442,-0.0927619428717481,-0.306567759088103,-0.172191115773082
0.0249558086848268,0.108523068605524,-0.159882972285323,-0.100613935656,-0.315451732231575,-0.181631684472616
0.0173496107759879,0.10082055233629,-0.168588323759759,-0.108529648600091,-0.324407615465431,-0.191137289846131
0.00970762816954748,0.0930780478132829,-0.177344132018496,-0.116507937228761,-0.333434561015885,-0.200706675054653
0.00203168622714858,0.0852973175534931,-0.186148664326637,-0.124547545680894,-0.342531602235776,-0.210338462873811
-0.00567627254534707,0.0774802354430782,-0.195000056927296,-0.13264709547474,-0.351697639917348,-0.22003114299347
-0.0134141784951251,0.0696287962542059,-0.203896302853776,-0.140805073304408,-0.360931427269475,-0.229783058159503
-0.0211798240759741,0.0617451258650658,-0.212835238738771,-0.149019817790458,-0.370231553434676,-0.239592389058397
-0.0289708523093932,0.0538314922289422,-0.221814530545517,-0.157289505102075,-0.379596425410088,-0.24945713783754
-0.0367847444021843,0.0458903171404589,-0.230831658141241,-0.165612133362673,-0.389024248224764,-0.259375110146003
-0.0446188064671118,0.0379241888494129,-0.239883898628539,-0.173985505745098,-0.398513003212931,-0.269343895572043
-0.0524701552909087,0.0299358755747954,-0.248968308345622,-0.182407212156681,-0.408060424209524,-0.27936084634481
-0.0603357030918151,0.0219283399737082,-0.258081703441744,-0.190874609408617,-0.417663971480126,-0.289423054158693
-0.0682121412068723,0.0139047546218241,-0.267220638929687,-0.199384799758292,-0.42732080318284,-0.299527324969677
-0.0760959226474558,0.00586851856383118,-0.276381386112954,-0.207934607707626,-0.437027744144465,-0.309670151603987
-0.0839832434602569,-0.00217672500627888,-0.285559908281661,-0.216520554935267,-0.446781251718089,-0.319847684010572
-0.091870022829932,-0.0102270698740411,-0.294751834567916,-0.225138833235799,-0.456577378473948,-0.330055696980751
-0.099751881859306,-0.0182783266808497,-0.303952431849263,-0.233785275335257,-0.466411731460787,-0.340289555150991
-0.107624120963377,-0.026326001486015,-0.313156574587573,-0.242455323449539,-0.476279427761347,-0.350544175098837
-0.115481695814478,-0.0343652729534609,-0.32235871249103,-0.251143995450971,-0.486175046053842,-0.360813984337856
-0.123319191778234,-0.0423909681034366,-0.331552835888969,-0.25984584850901,-0.496092573882279,-0.371092877015931
-0.131130796783354,-0.0503975365721615,-0.340732438713676,-0.268554940074187,-0.506025350333436,-0.38137416612308
-0.138910272573219,-0.0583790233260668,-0.349890478990422,-0.277264786080595,-0.515966003818701,-0.39165053202122
-0.146650924293913,-0.0663290397825766,-0.359019336747666,-0.285968316252407,-0.525906384666794,-0.40191396712021
-0.154345568381998,-0.0742407332962764,-0.368110769274026,-0.294657826414691,-0.535837492250794,-0.412155716543472
-0.16198649872645,-0.0821067549783251,-0.377155863668462,-0.303324927729453,-0.545749396402905,-0.422366214654368
-0.169565451092903,-0.089919225828188,-0.386144986655661,-0.311960492805372,-0.555631152916346,-0.432535017353158
-0.177073565815288,-0.0976697011707286,-0.395067731671207,-0.320554598665494,-0.565470712999734,-0.442650730106356
-0.184501348780411,-0.105349133408575,-0.403912863261774,-0.329096466602759,-0.575254826640319,-0.452700931738016
-0.191838630755351,-0.112947833120021,-0.412668258895512,-0.337574399010101,-0.584968939953795,-0.462672094099249
-0.199074525136444,-0.120455428556761,-0.421320848338299,-0.345975713341923,-0.594597086756731,-0.472549497841069
-0.206197384232214,-0.127860823624016,-0.429856550824093,-0.354286673448676,-0.604121774799848,-0.482317144650181
-0.213194754231489,-0.135152154458316,-0.438260210333159,-0.362492418627933,-0.613523867353875,-0.491957666471045
-0.220053329052502,-0.142316744755912,-0.446515529392267,-0.370576890855566,-0.622782461152527,-0.501452232434075
-0.226758903319003,-0.149341060047398,-0.454605001926255,-0.378522760800696,-0.631874762076172,-0.510780454442057
-0.233296324765918,-0.156210661162372,-0.462509845822228,-0.386311353389414,-0.640775960411792,-0.519920292637517
-0.239649446439224,-0.162910157181175,-0.47020993601525,-0.393922573864921,-0.649459108053159,-0.528847962283381
-0.245801079122909,-0.169423158229594,-0.477683739068031,-0.401334835495742,-0.657895000610748,-0.53753784393758
-0.251732944498819,-0.175732228535678,-0.484908250394433,-0.40852499030653,-0.666052068077481,-0.545962399185005
-0.257425629622581,-0.181818840235637,-0.491858935465449,-0.415468264445043,-0.673896278431182,-0.554092094600417
-0.262858543378627,-0.187663328486365,-0.498509676531637,-0.422138200047568,-0.681391059322484,-0.561895337041206
-0.268009875658023,-0.193244848514551,-0.504832726591955,-0.428506605715691,-0.688497243760322,-0.569338423790927
-0.272856560081444,-0.198541335304148,-0.51079867252654,-0.434543517957952,-0.695173046410963,-0.576385511468328
-0.277374241163,-0.203529466692799,-0.516376409479532,-0.4402171761656,-0.701374077697735,-0.582998607949035
-0.281537246874371,-0.208184630710144,-0.521533128713433,-0.445494013863621,-0.707053403234415,-0.589137591776834
-0.285318567618122,-0.212480898042905,-0.526234321242931,-0.450338669083802,-0.712161656136573,-0.59476026362047
-0.288689842647943,-0.216391000548321,-0.530443799574343,-0.454714016720002,-0.716647209309836,-0.599822434205062
-0.291621354975872,-0.219886316753547,-0.534123739807258,-0.458581225619071,-0.720456413790489,-0.604278052758324
-0.294082035774462,-0.222936865267691,-0.537234746175844,-0.461899842904854,-0.723533907503008,-0.608079379306043
-0.296039479208613,-0.225511306988903,-0.539735939799066,-0.464627907600856,-0.725822996328985,-0.611177203084562
-0.297459968509016,-0.227576956903965,-0.541585072953922,-0.466722094986562,-0.727266106139324,-0.613521107883671
-0.298308513920322,-0.229099806145764,-0.542738669571723,-0.468137892279782,-0.727805300499255,-0.615059783293272
-0.298548902915556,-0.230044554787785,-0.54315219187996,-0.468829805181207,-0.727382854291819,-0.615741378639979
-0.298143762759406,-0.230374655609137,-0.542780232177456,-0.468751593562983,-0.725941868812518,-0.615513893948817
-0.297054635124116,-0.230052368753944,-0.541576727657324,-0.467856533165734,-0.723426909364978,-0.614325599681075
-0.29559348020315,-0.22937695889101,-0.539916514800671,-0.466524275697088,-0.720331322187206,-0.612607558356842
-0.294102173470381,-0.228676966632265,-0.538209920608906,-0.465170356877735,-0.717190762887,-0.61083043146618
-0.292579787883155,-0.227951381180277,-0.536455880450267,-0.463793692679235,-0.714004488045965,-0.608993327653201
-0.291025414997697,-0.227199206850433,-0.53465335954325,-0.462393221211526,-0.710771797070138,-0.607095398480392
-0.289438168803978,-0.22641946681363,-0.532801357655064,-0.460967907388831,-0.707492037441707,-0.605135843471364
-0.287817186050769,-0.22561120346747,-0.530898909580924,-0.459516743331621,-0.704164604457879,-0.603113910291865
-0.286161626560479,-0.224773478801675,-0.528945085601668,-0.458038748755156,-0.700788940919664,-0.601028894877497
-0.284470673533098,-0.223905374757063,-0.526938991918361,-0.456532971343292,-0.697364536770901,-0.598880141507515
-0.282743533838538,-0.223005993577403,-0.52487977106252,-0.454998487106216,-0.69389092868816,-0.596667042824235
-0.280979438296751,-0.222074458153487,-0.522766602280693,-0.453434400720912,-0.690367699622252,-0.594389039797834
-0.279177641944957,-0.221109912358775,-0.520598701892208,-0.451839845853124,-0.686794478292431,-0.592045621636501
-0.277337424291398,-0.220111521375954,-0.518375323618938,-0.450213985459747,-0.683170938634431,-0.58963632564212
-0.275458089555022,-0.219078472013782,-0.51609575888605,-0.448556012070545,-0.679496799203798,-0.587160737011853
-0.273538966890541,-0.218009973013625,-0.513759337092757,-0.446865148048246,-0.675771822536035,-0.584618488586203
-0.271579410598364,-0.216905255345061,-0.511365425852185,-0.445140645826076,-0.671995814465323,-0.582009260544328
-0.269578800318878,-0.215763572489984,-0.508913431199561,-0.443381788121913,-0.668168623403684,-0.579332780047535
-0.267536541210651,-0.214584200714647,-0.506402797768009,-0.441587888128299,-0.664290139582596,-0.576588820832107
-0.265452064112104,-0.213366439329115,-0.503833008931339,-0.439758289677643,-0.660360294259182,-0.573777202752714
-0.263324825686306,-0.212109610933595,-0.501203586913312,-0.437892367382001,-0.656379058889206,-0.570897791277913
-0.261154308548506,-0.21081306165118,-0.498514092862952,-0.435989526746975,-0.652346444269188,-0.567950496939292
-0.258940021376101,-0.20947616134652,-0.495764126895577,-0.434049204259248,-0.648262499650005,-0.564935274735997
-0.256681499000799,-0.20809830383002,-0.492953328099343,-0.432070867447504,-0.644127311824465,-0.561852123496542
-0.254378302482707,-0.206678907047113,-0.490081374507137,-0.430054014916406,-0.639941004191265,-0.558701085199816
-0.252030019166188,-0.205217413252304,-0.487147983033831,-0.427998176353561,-0.635703735797918,-0.555482244257425
-0.249636262717318,-0.20371328916758,-0.484152909378931,-0.425902912509335,-0.631415700365111,-0.552195726759459
-0.247196673142881,-0.202166026124928,-0.481095947894826,-0.42376781514961,-0.627077125295072,-0.548841699686027
-0.244710916790772,-0.200575140192659,-0.477976931420855,-0.421592506981517,-0.622688270666391,-0.545420370086731
-0.242178686331882,-0.198940172285328,-0.47479573108361,-0.419376641552414,-0.618249428217865,-0.541931984230575
-0.239599700723411,-0.19726068825703,-0.471552256063849,-0.417119903122324,-0.613760920323737,-0.53837682672858
-0.236973705153723,-0.195536278977929,-0.468246453330646,-0.414822006510231,-0.609223098962801,-0.534755219631614
-0.234300470968847,-0.19376656039387,-0.464878307343319,-0.412482696914649,-0.60463634468367,-0.531067521505809
-0.231579795580767,-0.191951173569019,-0.461447839721906,-0.410101749708972,-0.600001065568536,-0.527314126488047
-0.228811502357697,-0.190089784711449,-0.457955108886938,-0.407678970212197,-0.595317696197603,-0.523495463323917
-0.225995440496599,-0.188182085181688,-0.454400209669397,-0.405214193435668,-0.590586696616357,-0.519611994390571
-0.223131484878172,-0.186227791484235,-0.45078327289176,-0.402707283806536,-0.585808551307686,-0.515664214706847
-0.220219535904678,-0.184226645242121,-0.447104464921172,-0.40015813486874,-0.580983768170849,-0.511652650933021
-0.217259519320899,-0.182178413154605,-0.443363987195733,-0.397566668962289,-0.576112877509113,-0.507577860362479
-0.214251386018666,-0.180082886938165,-0.439562075725118,-0.394932836881796,-0.57119643102788,-0.50344042990757
-0.211195111825325,-0.177939883250924,-0.435699000566581,-0.392256617515099,-0.566235000844883,-0.499240975081787
-0.208090697276632,-0.175749243600757,-0.431775065277652,-0.389538017463024,-0.561229178514115,-0.494980138980458
-0.20493816737453,-0.173510834237294,-0.427790606346706,-0.386777070641232,-0.556179574064834,-0.490658591261928
-0.201737571330345,-0.171224546028124,-0.42374599260274,-0.383973837865221,-0.55108681505709,-0.486277027131242
-0.1984889822939,-0.168890294319476,-0.419641624605645,-0.381128406419527,-0.545951545654933,-0.481836166328191
-0.195192497069169,-0.166508018781766,-0.415477934018333,-0.378240889612235,-0.540774425718518,-0.477336752121534
-0.19184823581698,-0.164077683240326,-0.411255382962053,-0.375311426315863,-0.535556129916047,-0.472779550311082
-0.188456341745458,-0.161599275491772,-0.406974463356321,-0.372340180495796,-0.530297346856586,-0.468165348239296
-0.185016980788746,-0.159072807106381,-0.402635696244761,-0.369327340727318,-0.524998778244463,-0.463494953813878
-0.181530341274736,-0.156498313216991,-0.398239631108352,-0.366273119702461,-0.519661138056107,-0.458769194542823
-0.177996633582381,-0.15387585229484,-0.393786845167363,-0.36317775372771,-0.514285151739836,-0.453988916583239
-0.174416089789333,-0.151205505912885,-0.389277942673442,-0.360041502213756,-0.50887155543925,-0.449154983805191
-0.170788963310527,-0.148487378497101,-0.384713554193156,-0.356864647158376,-0.503421095240586,-0.444268276871689
-0.16711552852845,-0.145721597066313,-0.380094335884408,-0.353647492623565,-0.497934526444484,-0.439329692335908
-0.16339608041573,-0.142908310961073,-0.375420968766997,-0.350390364207962,-0.492412612862374,-0.434340141756535
-0.159630934150817,-0.140047691562221,-0.370694157988714,-0.34709360851571,-0.486856126137767,-0.429300550832188
-0.15582042472739,-0.137139931999643,-0.365914632088193,-0.343757592622722,-0.48126584509252,-0.424211858555608
-0.151964906558234,-0.134185246851858,-0.361083142255831,-0.340382703541407,-0.475642555098181,-0.419075016388369
-0.148064753074244,-0.131183871837013,-0.356200461593969,-0.336969347684844,-0.469987047472384,-0.413890987456671
-0.14412035631932,-0.12813606349594,-0.351267384377571,-0.333517950331355,-0.464300118900266,-0.408660745768779
-0.140132126541745,-0.125042098867806,-0.346284725316515,-0.330028955090398,-0.458582570880734,-0.403385275454524
-0.136100491782833,-0.121902275159078,-0.34125331882065,-0.326502823370693,-0.452835209197467,-0.398065570027249
-0.132025897463414,-0.118716909406317,-0.33617401826867,-0.322940033851396,-0.447058843414369,-0.392702631668495
-0.12790880596893,-0.115486338133527,-0.331047695281874,-0.319341081957186,-0.441254286395265,-0.387297470535687
-0.123749696233678,-0.112210917004576,-0.325875239003754,-0.315706479337984,-0.435422353847455,-0.381851104092914
-0.119549063324935,-0.108891020471384,-0.320657555386417,-0.312036753354103,-0.429563863888868,-0.376364556465006
-0.115307418027514,-0.105527041418443,-0.315395566484673,-0.30833244656746,-0.423679636638325,-0.370838857814856
-0.111025286429418,-0.102119390804289,-0.3100902097587,-0.304594116239557,-0.417770493828605,-0.365275043744065
-0.106703209509111,-0.0986684973005162,-0.30474243738604,-0.300822333836792,-0.411837258441765,-0.359674154716766
-0.102341742725056,-0.095174806928933,-0.299353215583725,-0.297017684543724,-0.405880754366343,-0.354037235506608
-0.0979414556079967,-0.0916387826974042,-0.293923523941183,-0.29318076678475,-0.399901806075867,-0.348365334666662
-0.0935029313565817,-0.0880609042349978,-0.288454354764655,-0.289312191754752,-0.393901238328247,-0.342659504022135
-0.0890267664367738,-0.0844416674269237,-0.282946712433656,-0.285412582959083,-0.387879875885422,-0.336920798185581
-0.0845135701856075,-0.0807815840498579,-0.277401612770097,-0.281482575763358,-0.381838543252843,-0.331150274094423
-0.0799639644196887,-0.077081181408128,-0.271820082420544,-0.277522816953349,-0.375778064438128,-0.32534899057042
-0.0753785830489525,-0.073341001971311,-0.266203158252116,-0.273533964305355,-0.369699262728416,-0.319518007900798
-0.0707580716960413,-0.0695616030136904,-0.260551886762415,-0.269516686167297,-0.363602960485804,-0.313658387440671
-0.0661030873217463,-0.0657435562560765,-0.25486732350387,-0.265471661050788,-0.357489978960314,-0.307771191236373
-0.0614142978568686,-0.0618874475104262,-0.249150532522839,-0.261399577234385,-0.351361138119818,-0.301857481669318
-0.0566923818408522,-0.0579938763276954,-0.243402585813736,-0.257301132378189,-0.345217256496332,-0.295918321119949
-0.0519380280675368,-0.0540634556493634,-0.237624562788457,-0.253177033149925,-0.33905915104812,-0.289954771651376
-0.0471519352383108,-0.0500968114629818,-0.231817549761282,-0.249027994862619,-0.33288763703702,-0.283967894712208
-0.0423348116229714,-0.0460945824621684,-0.225982639449442,-0.244854741123909,-0.326703527920425,-0.277958750858173
-0.0374873747285352,-0.0420574197113741,-0.220120930489462,-0.240658003497056,-0.320507635257348,-0.271928399492011
-0.0326103509762484,-0.0379859863157534,-0.214233526969391,-0.236438521173651,-0.314300768628016,-0.265877898621178
-0.0277044753870055,-0.0338809570964749,-0.208321537976948,-0.232197040657985,-0.308083735566417,-0.259808304632892
-0.0227704912753546,-0.0297430182717387,-0.202386077163635,-0.227934315463067,-0.301857341505265,-0.253720672085986
-0.0178091499522955,-0.0255728671437904,-0.196428262324783,-0.223651105818167,-0.295622389732831,-0.247616053519122
-0.0128212104369662,-0.0213712117921627,-0.190449214995501,-0.21934817838784,-0.289379681361096,-0.241495499274824
-0.00780743917739675,-0.0171387707733932,-0.184450060062455,-0.215026306002265,-0.283130015304721,-0.235360057338858
-0.00276860978039301,-0.012876272827414,-0.178431925391374,-0.210686267398782,-0.276874188270275,-0.229210773194439
0.00229449724933779,-0.00858445659079775,-0.172395941470155,-0.206328846974459,-0.270612994755244,-0.223048689690779
0.00738109476077249,-0.00426407031703459,-0.166343241067414,-0.201954834549499,-0.264347227056303,-0.216874846925459
0.0124903891988156,8.41283960187622e-05,-0.160274958906315,-0.197565025141294,-0.258077675286359,-0.21069028214014
0.0176215808371697,0.00445937287138283,-0.154192231353461,-0.193160218748917,-0.251805127399893,-0.204496029629114
0.0227738640018451,0.00886088761081112,-0.148096196122638,-0.188741220147799,-0.2455303692261,-0.198293120660189
0.0279464272852947,0.0132878885451348,-0.141987991993165,-0.18430883869437,-0.2392541845094,-0.192082583407444
0.0331384537512275,0.0177395832770607,-0.135868758542586,-0.179863888140392,-0.232977354956847,-0.185865442895351
0.0383491211301207,0.0222151713163565,-0.12973963589343,-0.175407186456708,-0.226700660291982,-0.179642720953777
0.0435776020055166,0.0267138443073935,-0.123601764473739,-0.17093955566614,-0.220424878314722,-0.173415436183424
0.0488230639911632,0.0312347862490466,-0.117456284791054,-0.166461821685234,-0.214150784966843,-0.167184603931189
0.0540846698990992,0.0357771737069361,-0.111304337219527,-0.161974814174557,-0.207879154402642,-0.160951236275029
0.0593615778987905,0.0403401760180554,-0.105147061799835,-0.157479366397232,-0.201610759064388,-0.154716342017833
0.064652941667442,0.0449229554878098,-0.098985598051515,-0.152976315085393,-0.195346369762144,-0.148480926689862
0.0699579105316088,0.0495246675795168,-0.0928210847973905,-0.148466500314253,-0.189086755757591,-0.14224599255933
0.0752756296002728,0.0541444610964614,-0.0866546599996805,-0.143950765383432,-0.18283268485147,-0.136012538650639
0.0806052398895285,0.0587814783565578,-0.080487460607434,-0.139429956705237,-0.17658492347427,-0.129781560769879
0.0859458784390658,0.0634348553597568,-0.0743206224148739,-0.134904923699536,-0.170344236779804,-0.123554051537131
0.0912966784206173,0.068103721948283,-0.0681552799302658,-0.130376518694897,-0.164111388741307,-0.117331000425174
0.0966567692385917,0.0727872019598438,-0.0619925662548921,-0.125845596835638,-0.157887142249744,-0.111113393804154
0.10202527662307,0.0774844133739627,-0.0558336129717138,-0.121313015994459,-0.15167225921394,-0.104902214991815
0.107401322715408,0.0821944684515685,-0.0496795500433058,-0.116779636690279,-0.145467500662247,-0.0986984443088974
0.112784026146655,0.0869164738680345,-0.043531505718629,-0.112246322010954,-0.139273626845392,-0.0925030591392749
0.118172502109037,0.0916495308398381,-0.0373906064482114,-0.107713937540506,-0.133091397340214,-0.0863170339944596
0.123565862420739,0.0963927352450255,-0.0312579768073008,-0.103183351290531,-0.126921571153949,-0.0801413405820685
0.128963215584262,0.101145177737708,-0.0251347394265444,-0.0986554336353971,-0.120764906828782,-0.0739769478778738
0.134363666838584,0.105905943856782,-0.0190220149297601,-0.0941310572509339,-0.114622162546364,-0.0678248222010547
0.13976631820544,0.110674114129118,-0.0129209218783407,-0.0896110970562085,-0.108494096231977,-0.0616859272922705
0.145170268529965,0.115448764167444,-0.00683257672185122,-0.0850964301580717,-0.102381465658091,-0.0555612243941882
0.150574613516009,0.120228964763187,-0.000758093754371622,-0.0805879357981092,-0.0962850285470033,-0.0494516723340966
0.155978445756409,0.125013781974502,0.00530141492388261,-0.0760864953016549,-0.0902055426722851,-0.0433582276082345
0.161380854758526,0.129802277209792,0.011344839440094,-0.0715929920285225,-0.0841437659587747,-0.0372818444674947
0.166780926965359,0.134593507306964,0.0173710721779983,-0.0671083113251002,-0.078100456580827,-0.0312234750041171
0.172177745772541,0.139386524608723,0.0233790078031119,-0.062633340477474,-0.0720763730585637,-0.02518406923905
0.177570391541555,0.144180377034198,0.0293675432844736,-0.0581689686652483,-0.0660722743518559,-0.0191645752096108
0.182957941609496,0.148974108147195,0.0353355779133808,-0.053716086915698,-0.0600889199517763,-0.0131659390570962
0.188339470295704,0.153766757221391,0.0412820133195234,-0.0492755880579606,-0.0541270699692799,-0.00718910511403061
0.193714048905625,0.158557359302798,0.0472057534850249,-0.0448483666768896,-0.0481874852208296,-0.00123501599066636
0.19908074573224,0.163344945269793,0.0531057047567851,-0.040435319066287,-0.0422709273107562,0.00469538733955434
0.204438626055424,0.168128541891099,0.0589807758576022,-0.0360373431811574,-0.0363781587100621,0.0106011654559512
0.20978675213959,0.172907171881998,0.0648298778965089,-0.0316553385886754,-0.0305099428314552,0.0164813804082709
0.215124183229972,0.177679853959168,0.0706519243787573,-0.0272902064175647,-0.0246670441003687,0.0223350956364096
0.220449975547947,0.182445602894485,0.0764458312159019,-0.0229428493055438,-0.0188502280216975,0.0281613758925317
0.225763182285748,0.187203429568134,0.0822105167363998,-0.0186141713445762,-0.0130602612420564,0.0339592871658705
0.231062853600951,0.191952341021427,0.0879449016971721,-0.0143050780235757,-0.00729791160729566,0.0397278966105811
0.236348036611151,0.196691340509677,0.0936479092965442,-0.0100164761683063,-0.0015639482150494,0.0454662724769363
0.241617775389165,0.201419427555498,0.0993184651889776,-0.00574927387817961,0.00414085853789821,0.0511734840461711
0.246871110959227,0.206135598002957,0.104955497502034,-0.00150438045963595,0.00981573691368298,0.0568486015693382
0.252107081294504,0.210838844072907,0.110557936855949,0.00271729364412368,0.0154599137970605,0.0624906962104309
0.2573247213164,0.21552815441994,0.116124716386243,0.00691483692736976,0.0210726146649766,0.0680988399941192
0.262523062896018,0.220202514191331,0.121654771769759,0.0110873369002811,0.0266530635622218,0.0736721057583999
0.267701134858213,0.224860905088391,0.127147041254507,0.0152338801718543,0.0322004830833782,0.0792095671124509
0.272857962988635,0.229502305430606,0.132600465693723,0.0193535525375342,0.0377140943612732,0.0847102984000057
0.277992570044204,0.234125690222998,0.13801398858448,0.0234454390718177,0.0431931170621561,0.0901733746685395
0.28310397576742,0.238730031227098,0.143386556111252,0.0275086242260458,0.0486367693877791,0.0955978716445624
0.288191196904953,0.243314297035946,0.148717117194767,0.0315421919316388,0.0540442680846134,0.100982865715309
0.293253247230909,0.247877453153527,0.154004623546491,0.0355452257089559,0.0594148284603578,0.1063274339171
0.298289137575246,0.252418462079069,0.159248029729106,0.0395168087820299,0.0647476644079693,0.111630653930691
0.303297875857731,0.256936283396595,0.164446293223262,0.0434560241993263,0.0700419884373663,0.116891604083835
0.308278467127883,0.261429873870147,0.16959837450097,0.0473619549607563,0.0752970117150023,0.122109363361371
0.313229913611347,0.26589818754512,0.17470323710588,0.0512336841510865,0.0805119441114824,0.127283011423089
0.318151214763109,0.270340175856068,0.179759847740773,0.0550702950799281,0.0856859942573806,0.132411628629621
0.323041367327988,0.274754787741422,0.184767176362517,0.0588708714284443,0.0908183696074158,0.137494296076627
0.327899365408852,0.279140969765517,0.189724196284759,0.0626344974029273,0.095908276513162,0.14253009563751
0.332724200542937,0.283497666248308,0.194629884288562,0.0663602578953431,0.100954920304393,0.147518110014892
0.337514861786763,0.28782381940321,0.199483220741282,0.0700472386510002,0.105957505379249,0.152457422801104
0.342270335809973,0.292118369483373,0.204283189723795,0.0736945264433717,0.11091523530329,0.15734711854786
0.346989606998603,0.29638025493687,0.20902877916636,0.0773012092562293,0.115827312917626,0.162186282845389
0.351671657568099,0.300608412571063,0.213718980993213,0.0808663764730702,0.120692940456138,0.166974002411144
0.356315467686564,0.304801777726604,0.218352791276102,0.0843891190739635,0.125511319671977,0.17170936518836
0.360920015608536,0.308959284461324,0.222929210396839,0.087868529839778,0.130281651973344,0.176391460454543
0.365484277819765,0.31307986574444,0.227447243219035,0.0913037035638584,0.135003138568673,0.181019378940141
0.370007229193277,0.317162453661324,0.231905899269041,0.0946937372711001,0.139674980621238,0.185592212957458
0.374487843157149,0.321205979629192,0.23630419292622,0.0980377304444346,0.14429637941325,0.19010905654001
0.378925091874275,0.32520937462397,0.240641143622534,0.101334785258651,0.148866536519444,0.194569005592388
0.383317946434506,0.329171569418641,0.244915776051507,0.104584006821509,0.153384653990197,0.198971158050758
0.387665377059425,0.333091494833286,0.249127120386508,0.107784503422046,0.157849934544132,0.203314614054055
0.391966353320079,0.336968081997091,0.253274212508355,0.110935386785978,0.162261581770225,0.207598476125956
0.396219844367913,0.34080026262249,0.257356094242131,0.114035772338066,0.166618800339334,0.211821849367634
0.40042481917919,0.344586969291674,0.261371813603178,0.117084779471298,0.170920796225131,0.215983841661369
0.404580246813068,0.348327135755555,0.265320425052063,0.120081531822696,0.175166776934301,0.220083563884949
0.408685096683588,0.352019697245396,0.269200989758454,0.123025157555602,0.179355951745979,0.224120130136903
0.412738338845695,0.355663590797133,0.273012575873651,0.125914789648152,0.183487531960219,0.228092657972454
0.416738944295485,0.359257755588519,0.276754258811604,0.128749566187766,0.187560731155442,0.23200026865018
0.420685885284714,0.362801133289064,0.280425121538146,0.131528630671337,0.191574765454614,0.23584208738923
0.424578135649743,0.366292668422837,0.2840242548682,0.134251132310867,0.195528853800028,0.239617243637016
0.428414671154866,0.369731308744033,0.287550757770608,0.13691622634421,0.199422218236431,0.243324871347198
0.432194469850097,0.373116005625292,0.291003737680295,0.139523074350602,0.203254084202309,0.246964109267798
0.435916512443342,0.376445714458596,0.294382310817359,0.14207084457061,0.207023680829015,0.250534101239233
0.439579782686898,0.37971939506864,0.297685602512711,0.144558712230123,0.210730241247503,0.25403399650203
0.44318326777816,0.382936012138455,0.300912747539819,0.146985859867967,0.214373002902322,0.257462950013945
0.446725958774378,0.386094535647055,0.304062890452109,0.149351477666741,0.217951207872563,0.260820122776212
0.450206851021251,0.389193941318811,0.307135185925503,0.151654763786381,0.221464103199377,0.26410468216856
0.453624944595122,0.392233211084236,0.3101287991056,0.15389492470002,0.224910941219684,0.267315802292681
0.456979244758441,0.395211333551798,0.313042905958925,0.156071175531619,0.228290979905664,0.27045266432371
0.460268762428189,0.398127304490332,0.315876693627682,0.158182740394886,0.231603483209599,0.273514456869338
0.463492514656818,0.400980127321577,0.318629360787368,0.160228852732899,0.234847721413572,0.276500376336073
0.46664952512528,0.403768813622328,0.32130011800666,0.162208755657944,0.238022971483585,0.279409627302183
0.469738824647628,0.40649238363561,0.32388818810886,0.164121702290936,0.24112851742753,0.282241422896782
0.472759451686634,0.409149866790285,0.326392806534256,0.165966956099879,0.244163650656525,0.28499498518454
0.475710452879793,0.41174030222837,0.328813221702653,0.167743791236743,0.247127670349011,0.287669545555414
0.478590883575074,0.414262739339404,0.331148695375364,0.169451492872139,0.250019883817066,0.290264345118799
0.481399808375659,0.416716238301057,0.333398503015903,0.171089357527177,0.252839606874303,0.292778635101465
0.484136301692937,0.419099870625177,0.335561934148617,0.172656693401854,0.255586164204743,0.295211677248613
0.486799448306863,0.421412719708416,0.337638292714456,0.174152820699328,0.258258889732005,0.297562744227349
0.489388343932872,0.423653881386522,0.339626897423104,0.175577071945416,0.260857126988174,0.299831120031869
0.49190209579434,0.425822464491343,0.341527082100651,0.176928792302666,0.26338022948162,0.302016100389601
0.494339823199679,0.427917591409564,0.343338196031988,0.17820733987831,0.265827561063139,0.304116993167549
0.496700658122958,0.429938398642117,0.345059604297098,0.179412086025452,0.268198496289624,0.306133118778031
0.498983745787048,0.431884037363231,0.346690688100432,0.180542415636819,0.270492420784622,0.308063810583031
0.501188245248098,0.433753673977974,0.348230845092507,0.18159772743038,0.272708731594989,0.309908415296311
0.50331332998023,0.435546490677189,0.349679489682932,0.182577434226198,0.274846837542919,0.311666293382471
0.505358188459213,0.437261685988634,0.351036053344023,0.18348096321385,0.276906159572602,0.313336819452077
0.507322024743906,0.438898475323145,0.352299984904181,0.184307756209738,0.278886131090753,0.314919382652008
0.509204059054165,0.440456091514607,0.353470750830248,0.185057269903692,0.280786198300251,0.316413387050146
0.511003528343956,0.441933785352516,0.354547835498028,0.185728976094189,0.282605820526137,0.317818252013537
0.512719686868317,0.443330826105864,0.355530741450206,0.186322361911611,0.284344470533214,0.319133412579122
0.514351806742849,0.44464650203714,0.356418989640889,0.186836930028919,0.286001634834505,0.320358319816177
0.515899178494363,0.44588012090514,0.357212119666066,0.187272198859171,0.28757681398981,0.321492441179582
0.517361111601334,0.447031010455376,0.357909689979222,0.187627702739318,0.289069522893646,0.32253526085303
0.518736935022781,0.448098518896822,0.358511278091469,0.187902992099749,0.290479291051836,0.32348628008133
0.520025997714202,0.449082015363746,0.359016480755504,0.18809763361906,0.291805662846041,0.324345017490945
0.521227669129206,0.449980890361434,0.35942491413277,0.188211210363555,0.293048197785551,0.325111009397927
0.522341339705484,0.450794556194575,0.359736213943261,0.188243321911038,0.294206470745644,0.325783810102428
0.52336642133379,0.451522447377167,0.359950035597366,0.188193584458443,0.29528007219188,0.326362992169007
0.524302347808623,0.452164021022775,0.36006605430929,0.18806163091291,0.296268608389708,0.326848146691933
0.525148575259309,0.452718757214032,0.360083965191541,0.187847110965941,0.297171701598741,0.32723888354475
0.52590458256027,0.453186159350351,0.360003483330068,0.187549691150293,0.297988990251198,0.32753483161341
0.526569871719233,0.453565754472797,0.359824343839667,0.187169054879324,0.298720129113901,0.32773563901224
0.527143968242263,0.453857093565162,0.359546301899311,0.186704902468502,0.299364789433365,0.327840973282159
0.527626421474461,0.454059751830332,0.359169132767115,0.186156951138876,0.299922659063482,0.327850521570482
0.528016804915328,0.454173328941109,0.358692631774691,0.185524935002312,0.30039344257537,0.327763990791774
0.52831471650777,0.45419744926467,0.358116614300709,0.184808605028321,0.300776861348988,0.32758110776923
0.52851977889983,0.454131762059984,0.357440915723513,0.184007728992408,0.301072653646151,0.327301619356081
0.528631639678315,0.453975941647503,0.356665391352704,0.183122091405821,0.301280574664625,0.326925292536621
0.52864997157352,0.453729687550594,0.355789916339663,0.182151493426714,0.301400396573044,0.326451914506458
0.528574472634381,0.453392724608184,0.354814385566993,0.181095752752678,0.301431908526382,0.325881292731664
0.528404866373428,0.45296480305824,0.353738713516995,0.179954703494729,0.301374916661832,0.325213254986543
0.528140901881025,0.452445698591724,0.352562834119234,0.178728196032812,0.301229244074907,0.324447649369796
0.527782353908479,0.451835212376815,0.351286700577412,0.177416096852937,0.300994730775713,0.323584344298919
0.527329022919659,0.451133171053204,0.349910285175728,0.176018288366122,0.30067123362529,0.322623228482705
0.526780735110887,0.450339426696427,0.348433579064989,0.174534668709334,0.300258626252073,0.321564210871818
0.526137342398967,0.449453856752223,0.346856592028814,0.172965151528647,0.299756798948463,0.3204072205874
0.525398722377285,0.448476363941051,0.345179352230239,0.171309665744905,0.29916565854764,0.319152206827813
0.524564778240028,0.447406876132944,0.343401905939165,0.169568155302169,0.298485128280732,0.317799138753589
0.523635438674675,0.446245346192978,0.341524317241064,0.167740578899299,0.297715147614516,0.316348005350778
0.522610657722996,0.444991751797732,0.339546667727451,0.165826909705035,0.296855672069896,0.314798815272907
0.521490414610888,0.443646095223195,0.337469056168609,0.163827135056952,0.295906673021424,0.313151596661833
0.520274713547491,0.442208403104624,0.335291598169176,0.161741256144754,0.294868137478167,0.311406396947825
0.518963583494098,0.440678726169008,0.333014425807144,0.159569287678318,0.293740067846282,0.309563282629244
0.517557077903486,0.43905713894079,0.330637687256921,0.157311257540987,0.292522481673717,0.30762233903228
0.516055274430348,0.437343739421641,0.32816154639712,0.154967206428618,0.291215411377449,0.305583670051202
0.514458274613632,0.435538648745099,0.325586182403727,0.152537187474898,0.289818903953751,0.303447397869691
0.512766203531654,0.433642010807,0.322911789329414,0.150021265863481,0.288333020672012,0.301213662663797
0.510979209430912,0.431653991872654,0.320138575669674,0.147419518427514,0.28675783675263,0.298882622287162
0.509097463329642,0.429574780161801,0.317266763916585,0.144732033237125,0.28509344102961,0.296454451939186
0.507121158597197,0.427404585412434,0.314296590100953,0.141958909175495,0.283339935598436,0.29392934381682
0.505050510510386,0.425143638424633,0.311228303323623,0.139100255504102,0.281497435449912,0.291307506750743
0.502885755788026,0.422792190585583,0.308062165276795,0.136156191417787,0.279566068090607,0.288589165826708
0.500627152104935,0.420350513377025,0.304798449756136,0.133126845590284,0.277545973150652,0.285774561992856
0.498274977586718,0.417818897866404,0.301437442164541,0.130012355710849,0.275437301979593,0.282863951653869
0.495829530286695,0.415197654183024,0.297979439008373,0.126812868012671,0.273240217231071,0.279857606252813
0.493291127646411,0.412487110980545,0.29442474738705,0.123528536793735,0.270954892437115,0.276755811841612
0.490660105941133,0.409687614887212,0.290773684476814,0.120159523930803,0.268581511572841,0.273558868641029
0.487936819711861,0.40679952994518,0.287026577009573,0.116705998387229,0.266120268612394,0.270267090591186
0.485121641185329,0.403823237040377,0.283183760747656,0.113168135715278,0.263571367076972,0.266880804893539
0.482214959683557,0.400759133324324,0.279245579955376,0.109546117553677,0.260935019575801,0.263400351545331
0.479217181024492,0.397607631629366,0.275212386868274,0.105840131121098,0.258211447340945,0.259826082867569
0.476128726915328,0.394369159878778,0.271084541160909,0.102050368706294,0.255400879756855,0.256158363027532
0.472950034340074,0.391044160493197,0.266862409414107,0.0981770271556228,0.252503553885567,0.252397567556887
0.469681554943,0.3876330897949,0.262546364582526,0.0942203073586914,0.249519713988514,0.248544082866497
0.46632375440953,0.384136417411363,0.258136785463456,0.0901804137328647,0.246449611045861,0.244598305759013
0.46287711184623,0.380554625679631,0.253634056167743,0.0860575537074162,0.243293502274402,0.240560642940364
0.459342119161497,0.376888209052972,0.249038565593742,0.0818519372080631,0.240051650644942,0.236431510531285
0.45571928044857,0.373137673511314,0.244350706905237,0.0775637761427042,0.236724324400248,0.232211333580038
0.452009111372505,0.369303535976989,0.23957087701422,0.0731932838891432,0.233311796574556,0.227900545577495
0.448212138562714,0.365386323737242,0.234699476069516,0.0687406747856358,0.229814344515708,0.223499587975793
0.444328899012733,0.361386573875082,0.229736906952179,0.0642061636251,0.226232249411024,0.219008909711765
0.440359939488837,0.357304832709933,0.224683574778676,0.0595899651538778,0.222565795818005,0.214428966736425
0.436305815949135,0.353141655249643,0.219539886412828,0.0548922935759411,0.218815271201012,0.209760221551748
0.432167092974816,0.348897604655397,0.214306249987586,0.0501133620634937,0.214980965475123,0.2050031427561
0.427944343215188,0.344573251721061,0.208983074437678,0.0452533822749566,0.21106317055837,0.200158204599626
0.423638146848168,0.340169174368552,0.203570769044269,0.0403125638813501,0.207062179933629,0.19522588655103
0.419249091057934,0.335685957160818,0.198069742992773,0.0352911141021789,0.202978288221478,0.19020667287714
0.414777769531435,0.331124190834061,0.192480404945043,0.0301892372519378,0.198811790765388,0.185101052236791
0.410224781975477,0.326484471850848,0.186803162627196,0.0250071342984753,0.194562983230678,0.179909517290538
0.405590733656162,0.321767401975812,0.181038422434439,0.0197450024344686,0.190232161218724,0.174632564327848
0.400876234962487,0.316973587875683,0.175186589054293,0.0144030346634126,0.185819619898005,0.169270692913431
0.396081900995911,0.312103640745454,0.169248065109731,0.00898141940155118,0.181325653653613,0.163824405554486
0.391208351187854,0.307158175962532,0.163223250823857,0.00348034009737275,0.176750555757022,0.158294207390751
0.386256208946977,0.302137812770785,0.157112543707793,-0.00210002512972174,0.172094618057892,0.152680605909263
0.381226101338402,0.297043173996551,0.150916338273679,-0.00775950382966002,0.167358130699951,0.146984110685961
0.376118658796847,0.291874885798624,0.14463502577469,-0.0134979295389962,0.162541381862961,0.141205233156277
0.370934514875969,0.286633577454514,0.138268993974271,-0.0193151420730342,0.15764465753305,0.135344486417104
0.365674306036141,0.281319881185205,0.131818626946804,-0.0252109877905876,0.152668241303745,0.12940238506256
0.360338671473126,0.275934432020937,0.125284304912271,-0.0311853198287658,0.147612414210275,0.123379445056265
0.354928252990129,0.270477867710524,0.118666404107493,-0.0372379983052026,0.142477454599819,0.117276183642904
0.349443694915966,0.264950828677011,0.111965296696966,-0.0433688904846585,0.137263638040691,0.111093119302167
0.343885644072103,0.259353958022512,0.10518135072632,-0.0495778709069062,0.131971237273502,0.104830771748246
0.338254749791655,0.253687901585397,0.0983149301219465,-0.0558648214723033,0.126600522207797,0.098489661978461
0.332551663993454,0.247953308053066,0.0913663947403871,-0.0622296314813361,0.121151759967674,0.0920703123746815
0.32677704131466,0.242150829133903,0.0843361004716396,-0.0686721976239085,0.115625214990437,0.085573246861658
0.32093153930547,0.236281119792101,0.0772243994006754,-0.0751924239139115,0.11002114918241,0.0789989911265426
0.315015818689868,0.230344838549504,0.0700316400320389,-0.0817902215640656,0.104339822136578,0.072348072904346
0.30903054369648,0.224342647858674,0.0627581675826476,-0.0884655087957025,0.0985814914169166,0.0656210223343145
0.302976382464053,0.218275214551944,0.0554043243485623,-0.0952182105775145,0.0927464129148419,0.0588183723927746
0.296854007526232,0.212143210371341,0.0479704501517999,-0.102048258286908,0.0868348412834883,0.0519406594082216
0.290664096380785,0.20594731258482,0.0404568828740174,-0.108955589286828,0.080847030456151,0.0449884236651284
0.284407332148706,0.199688204694466,0.0328639590843005,-0.115940146410454,0.0747832342556085,0.0379622101032504
0.2780844043291,0.193366577242953,0.0251920147691423,-0.123001877345246,0.0686437071017401,0.0308625691199382
0.271696009656096,0.186983128724775,0.0174413861732164,-0.130140733907245,0.0624287048253231,0.0236900574834123
0.265242853064646,0.180538566609528,0.00961241076052741,-0.137356671195461,0.0561384855967208,0.0164452393657765
0.258725648772363,0.174033608484786,0.00170542830617956,-0.144649646615451,0.0497733109787139,0.00912868750505273
0.252145121485331,0.167468983326944,-0.00627921786987848,-0.152019618759933,0.0433334471137047,0.00174098450651264
0.245502007736168,0.160845432908798,-0.0143411795149609,-0.159466546133396,0.0368191660561873,-0.00571727570583073
0.238797057363466,0.154163713353492,-0.0224801018881192,-0.166990385706174,0.0302307472624674,-0.0132454862755756
0.232031035142179,0.147424596844994,-0.0306956220225345,-0.174591091282353,0.0235684792504674,-0.0208430256254017
0.225204722575472,0.140628873506213,-0.0389873667898039,-0.182268611664128,0.0168326614436954,-0.0285092554796446
0.218318919859092,0.133777353456474,-0.047354950748991,-0.190022888593887,0.0100236062144384,-0.0362435186830899
0.211374448030359,0.126870869061193,-0.0557979737614041,-0.197853854453228,0.00314164114275289,-0.0440451367996148
0.204372151314521,0.119910277387251,-0.0643160183507496,-0.205761429696415,-0.00381288849104994,-0.0519134074732621
0.19731289968241,0.11289646287885,-0.0729086467861331,-0.213745519993444,-0.010839616960996,-0.0598476015326602
0.19019759163407,0.105830340269433,-0.0815753978636769,-0.221806013055704,-0.0179381550762548,-0.0678469598184031
0.183027157224337,0.0987128577466259,-0.0903157833600933,-0.229942775114481,-0.025108086865414,-0.0759106897111572
0.175802561347277,0.0915450003881537,-0.0991292841294409,-0.238155647019944,-0.0323489659397038,-0.0840379613366851
0.168524807297787,0.084327793888166,-0.108015345811463,-0.246444439924931,-0.0396603115084591,-0.092227903421875
0.161194940629746,0.0770623085945995,-0.116973374117395,-0.254808930514724,-0.0470416040180947,-0.100479598774026
0.153814053331664,0.0697496638798206,-0.126002729655807,-0.263248855740037,-0.054492280383257,-0.108792079353231
0.146383288342024,0.0623910328681544,-0.135102722258056,-0.27176390700668,-0.0620117287764942,-0.117164320905559
0.138903844428223,0.0549876475457231,-0.144272604759055,-0.280353723770614,-0.0695992829397789,-0.125595237122006
0.131376981454429,0.0475408042795242,-0.153511566185519,-0.289017886482582,-0.0772542159784791,-0.134083673285688
0.12380402606556,0.040051869774696,-0.162818724299329,-0.297755908820877,-0.0849757335949531,-0.142628399366686
0.116186377816181,0.0325222875005996,-0.172193117439484,-0.306567229145334,-0.0927629667157597,-0.151228102521058
0.10852551577515,0.0249535846185437,-0.181633695600887,-0.315451201099001,-0.100614963462559,-0.159881378947105
0.100823005638627,0.0173473794458502,-0.191139310683297,-0.32440708327734,-0.108530680413128,-0.168586725048692
0.0930805073862545,0.00970538949329515,-0.200708705837776,-0.333434027877038,-0.116508973094508,-0.177342527851576
0.085299783517227,0.00202944011501381,-0.210340503832254,-0.342531068228603,-0.124548585646077,-0.186147054615051
0.0774827079053432,-0.00567852618755542,-0.220033194351015,-0.351697105107857,-0.13264813958552,-0.194998441576954
0.069631275314149,-0.0134164397639591,-0.229785120136271,-0.360930891712053,-0.140806121605829,-0.203894681766065
0.0617476116157382,-0.0211820930689428,-0.239594461872439,-0.370231017175852,-0.149020870326179,-0.212833611811336
0.0538339847588916,-0.028973129124048,-0.24945922170614,-0.379595888491467,-0.157290561914303,-0.221812897673045
0.0458928165346967,-0.0367870291354957,-0.259377205286639,-0.389023710685218,-0.165613194492162,-0.230830019216162
0.0379266951899244,-0.0446210992150251,-0.269346002203066,-0.398512465090233,-0.173986571231163,-0.239882253541655
0.0299383889407365,-0.0524724561480064,-0.279362964685851,-0.408059885541508,-0.182408282037202,-0.248966656986642
0.0219308604413915,-0.0603380121510279,-0.28942518443085,-0.417663432305499,-0.190875683720004,-0.258080045699763
0.0139072822645609,-0.0682144585591926,-0.299529467395494,-0.427320263541726,-0.199385878535414,-0.267218974693597
0.00587105345167269,-0.07609824838165,-0.309672306407268,-0.437027204078764,-0.207935690983686,-0.276379715271837
-0.00217418280687132,-0.0839855776625507,-0.319849851416043,-0.446780711271681,-0.216521642741643,-0.285558230725159
-0.0102245203005872,-0.0918723655836629,-0.330057877213588,-0.456576837692804,-0.225139925601835,-0.294750150186607
-0.0182757696752813,-0.0997542332445429,-0.340291748436217,-0.466411190392998,-0.233786372288027,-0.303950740535057
-0.0263234369951576,-0.1076264810565,-0.350546381660594,-0.476278886457104,-0.242456425013568,-0.313154876234134
-0.0343627009295553,-0.115484064687718,-0.360816204398534,-0.486174504565355,-0.251145101647928,-0.322357006994246
-0.0423883885047106,-0.123321569499168,-0.371095110795167,-0.496092032263662,-0.259846959357367,-0.331551123147473
-0.0503949493634423,-0.131133183414351,-0.381376413836588,-0.506024808640534,-0.268556055588834,-0.340730718629416
-0.0583764284794475,-0.138912668170841,-0.391652793879459,-0.515965462108882,-0.277265906272421,-0.34988875146931
-0.0663264372781361,-0.146653328908257,-0.401916243326852,-0.525905842998674,-0.28596944112785,-0.359017601700285
-0.0742381231228542,-0.154347982055988,-0.412158007293665,-0.535836950683904,-0.294658955975228,-0.368109026616432
-0.0821041371343575,-0.161988921495066,-0.422368520132756,-0.545748854997293,-0.303326061971064,-0.377154113323066
-0.0899166003226072,-0.16956788298234,-0.432537337731652,-0.555630611732089,-0.311961631717936,-0.386143228552206
-0.0976670680239215,-0.177076006842058,-0.4426530655416,-0.565470172096369,-0.320555742232144,-0.395065965747847
-0.105346492653422,-0.184503798950364,-0.452703282368558,-0.575254286076171,-0.329097614799178,-0.403911089466271
-0.112945184802997,-0.191841090062625,-0.462674460042363,-0.584968399785188,-0.337575551803762,-0.412666477186536
-0.120452772739119,-0.199076993562341,-0.472551879189209,-0.594596547037094,-0.345976870691266,-0.421319058686876
-0.127858160383032,-0.206199861743978,-0.482319541467032,-0.604121235578658,-0.354287835302216,-0.429854753215154
-0.135149483888632,-0.213197240781022,-0.491960078787172,-0.613523328675488,-0.362493584923312,-0.438258404767265
-0.142314066970935,-0.220055824574974,-0.501454660242107,-0.622781923054827,-0.370578061518536,-0.446513715887439
-0.149338375180796,-0.226761407731391,-0.510782897691438,-0.631874224589089,-0.378523935744036,-0.454603180519985
-0.156207969369626,-0.233298837965443,-0.519922751228769,-0.64077542355563,-0.386312532511771,-0.462508016573608
-0.162907458641225,-0.239651968301715,-0.528850436061923,-0.649458571836789,-0.393923757049612,-0.470208099007271
-0.169420453146533,-0.245803609501069,-0.53754033268709,-0.657894465029621,-0.401336022609473,-0.477681894410004
-0.175729517140524,-0.251735483220426,-0.54596490262037,-0.666051533111541,-0.408526181198086,-0.484906398224553
-0.181816122788147,-0.257428176488607,-0.554094612360326,-0.673895744042638,-0.415469458943927,-0.49185707595347
-0.187660605276903,-0.262861098161297,-0.561897868680461,-0.681390525453541,-0.422139397962615,-0.49850780988165
-0.193242119865973,-0.268012438098818,-0.569340968772578,-0.688496710330883,-0.428507806833676,-0.504830853045217
-0.198538601573712,-0.272859129889073,-0.576388069155795,-0.695172513316416,-0.434544722042204,-0.510796792364361
-0.203526728274054,-0.277376818011343,-0.583001177598357,-0.70137354480686,-0.440218382954651,-0.516374523026123
-0.208181888034804,-0.281539830400438,-0.589140172529324,-0.707052870387602,-0.44549522306993,-0.52153123633872
-0.212478151582651,-0.285321157420021,-0.594762854495964,-0.712161123144396,-0.450339880392557,-0.526232423365205
-0.216388250816527,-0.288692438282929,-0.59982503409613,-0.716646675952196,-0.454715229788082,-0.530441896662743
-0.219883564306875,-0.291623955958461,-0.604280660425718,-0.720455879816446,-0.458582440074167,-0.534121832383956
-0.222934110707538,-0.294084641574697,-0.608081993375767,-0.723533372631481,-0.461901058344818,-0.53723283481786
-0.225508550962633,-0.296042089250483,-0.611179822046909,-0.725822460250476,-0.464629123593317,-0.539734025139622
-0.227574200105915,-0.297462582169098,-0.613523730094595,-0.727265568518768,-0.466723311068846,-0.541583155683224
-0.229097049317947,-0.298311130526677,-0.615062406978399,-0.727804760980153,-0.468139107959196,-0.54273675043709
-0.230041798720272,-0.29855152174694,-0.61574400190153,-0.727382312501664,-0.4688310199357,-0.543150271685196
-0.230371901140053,-0.298146383044828,-0.61551651477562,-0.725941324369489,-0.46875280684223,-0.542778311781381
-0.230049616769044,-0.297057256042804,-0.614328215961724,-0.723426361885851,-0.46785774439266,-0.541574807971404
-0.229374209869017,-0.295596101311372,-0.612610168948583,-0.720330771479177,-0.466525484551986,-0.539914596309936
-0.228674220608463,-0.294104794738931,-0.610833036267145,-0.717190208947331,-0.465171563318545,-0.538208003333218
-0.22794863819089,-0.292582409281535,-0.608995926561611,-0.714003930873035,-0.463794896663694,-0.536453964410598
-0.227196466932583,-0.291028036494139,-0.607097991394684,-0.710771236663459,-0.462394422697204,-0.534651444761644
-0.226416730005301,-0.289440790365475,-0.605138430290355,-0.707491473801956,-0.460969106333171,-0.532799444154601
-0.225608469807462,-0.287819807643105,-0.603116490914889,-0.704164037586918,-0.45951793969198,-0.530896997385665
-0.22477074832956,-0.286164248148264,-0.601031469204559,-0.700788370820558,-0.458039942488844,-0.528943174736624
-0.223902647513148,-0.284473295079794,-0.598882709439426,-0.697363963447946,-0.456534162407614,-0.526937082409443
-0.223003269602682,-0.282746155306496,-0.59666960426275,-0.693890352146879,-0.454999675458515,-0.524877862936492
-0.2220717374896,-0.280982059647246,-0.594391594645789,-0.69036711986942,-0.453435586318599,-0.522764695565134
-0.221107195047963,-0.27918026313822,-0.592048169797943,-0.686793895336071,-0.451841028653728,-0.520596796615458
-0.220108807461014,-0.277340045286651,-0.589638867022426,-0.683170352483829,-0.450215165420947,-0.51837341981006
-0.219075761538026,-0.275460710310515,-0.587163271517859,-0.679496209869499,-0.448557189150214,-0.516093856574783
-0.218007266020836,-0.273541587363591,-0.584621016126317,-0.675771230029843,-0.446866322204486,-0.513757436309466
-0.216902551879443,-0.271582030745388,-0.58201178102864,-0.671995218800297,-0.445141817017254,-0.511363526627819
-0.215760872596123,-0.269581420095435,-0.579335293387931,-0.668168024594132,-0.443382956306701,-0.508911533565605
-0.214581504437463,-0.267539160571474,-0.576591326942355,-0.664289537644063,-0.441589053265711,-0.506400901756437
-0.21336374671382,-0.265454683011148,-0.573779701548577,-0.660359689208442,-0.439759451727066,-0.503831114574573
-0.21210692202565,-0.263327444076783,-0.570900282677232,-0.656378450744246,-0.437893526303235,-0.501201694244167
-0.210810376496244,-0.26115692638292,-0.567952980862065,-0.652345833049189,-0.43599068250026,-0.498512201914596
-0.209473479990413,-0.258942638606298,-0.564937751104469,-0.648261885375328,-0.434050356805307,-0.495762237701485
-0.208095626318671,-0.256684115578002,-0.561854592235275,-0.644126694516626,-0.432072016747563,-0.49295144069325
-0.206676233426528,-0.254380918357558,-0.558703546235758,-0.639940383872913,-0.430055160932235,-0.490079488922991
-0.205214743568512,-0.252032634288791,-0.555484697519964,-0.635703112492808,-0.427999319047497,-0.487146099305752
-0.203710623466592,-0.249638877037279,-0.552198172180496,-0.631415074098082,-0.425904051844318,-0.484151027541165
-0.202163364452697,-0.247199286609348,-0.548844137200011,-0.627076496092008,-0.423768951089201,-0.481094067981699
-0.200572482595035,-0.244713529352485,-0.545422799630719,-0.622687638554206,-0.421593639489931,-0.477975053466735
-0.198937518808018,-0.242181297937206,-0.541934405744259,-0.618248793224459,-0.419377770594546,-0.474793855122855
-0.197258038945555,-0.239602311320381,-0.538379240154331,-0.613760282477969,-0.41712102866377,-0.471550382130773
-0.195533633877583,-0.236976314690091,-0.534757624914508,-0.609222458294449,-0.414823128517312,-0.468244581459475
-0.193763919549681,-0.234303079392119,-0.531069918593651,-0.604635701223404,-0.412483815354432,-0.464876437568149
-0.191948537025708,-0.231582402838246,-0.527316515331392,-0.600000419347873,-0.410102864549291,-0.461445972076661
-0.190087152513392,-0.228814108396527,-0.523497843876081,-0.595317047248877,-0.407680081421672,-0.457953243405339
-0.188179457372878,-0.225998045263806,-0.519614366607645,-0.590586044972677,-0.405215300983724,-0.454398346384914
-0.186225168108241,-0.223134088320706,-0.515666578547694,-0.585807897002895,-0.402708387663416,-0.450781411837581
-0.184224026342056,-0.220222137969454,-0.511655006359286,-0.580983111239493,-0.40015923500552,-0.447102606130162
-0.182175798773087,-0.217262119954838,-0.507580207338575,-0.576112217986395,-0.397567765350899,-0.443362130700404
-0.180080277117283,-0.214253985168737,-0.503442768400674,-0.571195768949622,-0.394933929495023,-0.439560221557589
-0.177937278032203,-0.211197709438585,-0.499243305061829,-0.566234336247487,-0.392257706326603,-0.435697148758549
-0.175746643025126,-0.208093293300267,-0.494982460420102,-0.561228511434521,-0.389539102447348,-0.431773215860357
-0.173508238345053,-0.204940761755891,-0.490660904136553,-0.556178904540481,-0.386778151773808,-0.427788759350896
-0.171221954858912,-0.201740164016989,-0.486279331418922,-0.551086143125878,-0.38397491512238,-0.423744148058652
-0.168887707912242,-0.198491573233633,-0.481838462009663,-0.545950871355181,-0.381129479778504,-0.419639782542965
-0.166505437174736,-0.195195086210077,-0.477339039180171,-0.540773749088923,-0.378241959051173,-0.415476094466171
-0.16407510647098,-0.191850823107472,-0.47278182873286,-0.535555450995649,-0.375312491813818,-0.411253545948922
-0.161596703596811,-0.188458927134296,-0.468167618012762,-0.530296665684724,-0.372341242032737,-0.4069726289101
-0.159070240121708,-0.18501956422509,-0.463497214930109,-0.524998094860743,-0.369328398284134,-0.402633864392682
-0.156495751177679,-0.181532922708171,-0.458771446995391,-0.519660452500359,-0.366274173260953,-0.398237801876969
-0.153873295235109,-0.177999212962957,-0.453991160368164,-0.514284464052082,-0.363178803270596,-0.393785018582535
-0.151202953866083,-0.174418667067597,-0.449157218920901,-0.50887086565966,-0.360042547724667,-0.389276118760308
-0.14848483149568,-0.170791538437556,-0.444270503318976,-0.503420403409449,-0.356865688621855,-0.384711732976116
-0.145719055141803,-0.16711810145588,-0.439331910117875,-0.497933832602169,-0.353648530025059,-0.380092517387103
-0.142905774144073,-0.163398651095793,-0.434342350878557,-0.4924119170493,-0.35039139753382,-0.375419153012297
-0.140045159882373,-0.159633502536371,-0.429302751301858,-0.486855428394364,-0.347094637753179,-0.370692344998696
-0.137137405485613,-0.155822990771944,-0.424214050382688,-0.4812651454592,-0.343758617759935,-0.365912821884124
-0.134182725531323,-0.151967470215975,-0.419077199584737,-0.475641853615305,-0.340383724567382,-0.361081334858158
-0.13118135573665,-0.148067314300077,-0.413893162036272,-0.46998634418023,-0.336970364589468,-0.356198657022305
-0.128133552641404,-0.144122915068882,-0.408662911747577,-0.464299413839002,-0.333518963105385,-0.351265582650684
-0.12503959328372,-0.140134682771438,-0.403387432850439,-0.458581864090388,-0.330029963725442,-0.346282926452311
-0.121899774869021,-0.136103045449843,-0.398067718860112,-0.452834500717896,-0.326503827859205,-0.341251522836168
-0.118714414432815,-0.132028448525744,-0.392704771959994,-0.447058133285237,-0.322941034186663,-0.336172225180071
-0.11548384849804,-0.127911354385414,-0.387299602309314,-0.441253574656012,-0.319342078133316,-0.331045905104433
-0.112208432727489,-0.123752241964008,-0.38185322737391,-0.435421640537274,-0.315707471349897,-0.325873451751851
-0.108888541572006,-0.119551606329683,-0.376366671280312,-0.429563149046683,-0.312037741197518,-0.320655771073536
-0.105524567914989,-0.115309958268149,-0.370840964193055,-0.423678920302763,-0.308333430238878,-0.315393785123388
-0.102116922713882,-0.111027823868326,-0.365277141715335,-0.417769776037976,-0.304595095736251,-0.310088431360678
-0.0986660346391805,-0.106705744109612,-0.359676244312823,-0.41183653923404,-0.300823309156793,-0.304740661962031
-0.0951723497115877,-0.102344274451426,-0.354039316760664,-0.405880033779137,-0.297018655685805,-0.299351443143564
-0.0916363309378654,-0.0979439844254809,-0.348367407613366,-0.399901084146419,-0.293181733748415,-0.293921754493785
-0.0880584579459727,-0.0935054572314078,-0.342661568697523,-0.393900515093392,-0.289313154540218,-0.288452588318016
-0.0844392266200076,-0.0890292893361705,-0.336922854627031,-0.387879151381587,-0.285413541567268,-0.282944948994846
-0.0807791487355381,-0.0845160900778147,-0.331152322340604,-0.381837817516024,-0.281483530195866,-0.277399852345267
-0.0770787515957806,-0.0799664812739717,-0.325351030661242,-0.375777337503868,-0.277523767212447,-0.271818325014919
-0.0733385776692049,-0.075381096835614,-0.319520039877373,-0.369698534631806,-0.273534910393972,-0.266201403870008
-0.0695591842289864,-0.0707605823864288,-0.313660411345254,-0.363602231261453,-0.269517628088996,-0.260550135407211
-0.0657411429948351,-0.0661055948882689,-0.307773207112331,-0.357489248642348,-0.265472598809759,-0.254865575178049
-0.0618850397775997,-0.0614168022729946,-0.30185948956107,-0.351360406741854,-0.26140051083542,-0.249148787227955
-0.0579914741271487,-0.0566948830811327,-0.295920321072941,-0.345216524091483,-0.257302061826676,-0.243400843550446
-0.0540610589838616,-0.051940526107597,-0.289956763712017,-0.33905841764897,-0.253177958451828,-0.237622823556504
-0.0500944203342095,-0.0471544300548668,-0.283969878927849,-0.332886902675622,-0.249028916024463,-0.231815813559512
-0.0460921968707266,-0.0423373031938305,-0.277960727277052,-0.326702792628288,-0.244855658152763,-0.225980906275803
-0.0420550396567898,-0.0374898630326026,-0.271930368163216,-0.320506899065432,-0.240658916400521,-0.220119200341014
-0.0379836117964878,-0.0326128359935342,-0.265879859594618,-0.314300031566722,-0.236439429959842,-0.214231799842307
-0.0338785881099284,-0.0277069570986189,-0.259810257959245,-0.308082997665576,-0.232197945335518,-0.208319813866525
-0.0297406548142645,-0.0227729696635168,-0.253722617816673,-0.301856602794141,-0.227935216041039,-0.202384356064297
-0.0255705092106951,-0.0178116250003322,-0.247617991706267,-0.295621650240104,-0.22365200230615,-0.196426544230091
-0.0213688593777204,-0.0128236821293147,-0.241497429971217,-0.289378941114868,-0.219349070795858,-0.190447499898158
-0.0171364238708574,-0.00780990749960345,-0.235361980597925,-0.283129274332502,-0.215027194340782,-0.184448347954317
-0.0128739314290209,-0.0027710747191136,-0.229212689070209,-0.276873446598983,-0.210687151678692,-0.178430216263452
-0.00858212068778098,0.00229203570634112,-0.223050598237849,-0.270612252411201,-0.206329727207065,-0.172394235312631
-0.0042617398996343,0.00737863662463135,-0.216876748198968,-0.264346484065233,-0.201955710746503,-0.166341537869646
8.64533385417782e-05,0.0124879344795587,-0.210692176195733,-0.258076931673386,-0.197565897314781,-0.160273258656843
0.00446169235074075,0.0176191295437246,-0.204497916522916,-0.251804383189534,-0.193161086911348,-0.154190534040023
0.00886320163967373,0.0227714161420441,-0.198295000448777,-0.245529624442268,-0.188742084311987,-0.148094501732174
0.0132901971371192,0.0279439828658787,-0.192084456147819,-0.239253439175405,-0.184309698873481,-0.141986300511829
0.0177418864467189,0.0331360127778499,-0.185867308644911,-0.23297660909539,-0.179864744347917,-0.135867069955755
0.022217469079164,0.0383466836073544,-0.179644579770292,-0.226699913925157,-0.175408038706462,-0.129737950185716
0.0267161366797345,0.043575167936859,-0.17341728812501,-0.220424131464018,-0.170940403972247,-0.123600081628996
0.0312370732482023,0.0488206333790426,-0.167186449056285,-0.214150037653142,-0.166462666062112,-0.11745460479239
0.0357794553510734,0.0540822427448834,-0.160953074642373,-0.207878406646223,-0.16197565463691,-0.111302660049316
0.0403424523262098,0.0593591542027922,-0.154718173686437,-0.201610010884923,-0.157480202960038,-0.105145387439729
0.0449252264798772,0.0646505214289287,-0.148482751718997,-0.195345621178704,-0.152977147763893,-0.0989839264824506
0.0495269332762369,0.0699554937488108,-0.142247811008497,-0.189086006788647,-0.148467329123941,-0.0928194159996025
0.054146721519403,0.0752732162703929,-0.136014350579552,-0.182831935514897,-0.143951590340042,-0.0866529939527143
0.0587837335281098,0.0806028300087496,-0.129783366238443,-0.176584173787344,-0.139430777824737,-0.0804857972901537
0.0634371053031108,0.0859434720025618,-0.123555850605429,-0.170343486759208,-0.134905740998117,-0.0743189618054781
0.0681059666874194,0.0912942754225638,-0.117332793153441,-0.164110638403139,-0.13037733218896,-0.0681536220062964
0.0727894415195209,0.0966543696721751,-0.111115180252761,-0.157886391609511,-0.125846406541792,-0.0619909109932477
0.077486647779701,0.102022880480501,-0.104903995221255,-0.151671508286568,-0.121313821929505,-0.0558319603486591
0.0821966977296349,0.10739892998793,-0.0987002183797638,-0.14546674946208,-0.116780438871206,-0.0496779000344869
0.0869186980454332,0.112781636824557,-0.0925048271122479,-0.139272875386202,-0.112247120454931,-0.0435298582990826
0.0916517499442923,0.118170116181666,-0.086318795930291,-0.133090645635199,-0.107714732264873,-0.0373889615923794
0.0963949493049662,0.123563479876513,-0.0801430965415639,-0.126920819215742,-0.103184142312789,-0.0312563344890395
0.10114738678226,0.128960836410681,-0.0739786979218786,-0.120764154669451,-0.0986562209732038,-0.02513309961914
0.105908147915747,0.134361291022244,-0.0678265663904416,-0.114621410177419,-0.0941318409220996,-0.0190203776059398
0.110676313232962,0.139763945732046,-0.0616876656879225,-0.108493343664377,-0.0896118770786835,-0.0129192870102855
0.115450958347288,0.145167899384344,-0.0555629570569875,-0.102380712902244,-0.0850972065499432,-0.00683094428120749
0.120231154050788,0.150572247682125,-0.0494533993249098,-0.0962842756127719,-0.0805887085775956,-0.000756463712264496
0.12501596640224,0.155976083217376,-0.0433599489879018,-0.0902047895689965,-0.0760872644870993,0.00530304259683671
0.129804456810659,0.161378495496622,-0.0372835602968153,-0.0841430126952214,-0.0715937576383877,0.0113464647737741
0.134595682114547,0.16677857096204,-0.0312251853438396,-0.0780997031652735,-0.0671090733779625,0.0173726952027667
0.139388694657193,0.172175393008459,-0.0251857741498597,-0.07207561949875,-0.062634098992021,0.0233806285497998
0.144182542358295,0.177568041996572,-0.0191662747521157,-0.0660715206550057,-0.0581697236602702,0.0293691617843744
0.148976268782215,0.182955595262694,-0.0131676332918217,-0.0600881661246013,-0.053716838410089,0.0353371941982257
0.153768913203176,0.188337127125408,-0.00719079410140075,-0.0541263160179826,-0.0492763360707068,0.0412836274214805
0.158559510667712,0.19371170888941,-0.001236699791006,-0.0481867311511188,-0.0448491112270755,0.047207365436677
0.163347092054725,0.199078408846957,0.00469370866604521,-0.0422701731278372,-0.0404360601730832,0.053107314591123
0.168130684133436,0.204436292277208,0.0105994918491929,-0.0363774044186568,-0.0360380808638239,0.058982383608007
0.172909309619619,0.20978442144388,0.0164797118083245,-0.0305091884358005,-0.0316560728665528,0.0648314835967426
0.17768198723043,0.215121855591522,0.02233343198348,-0.0246662896042228,-0.0272909373100777,0.0706535280629462
0.182447731738208,0.220447650940852,0.0281597171269802,-0.0188494734283456,-0.0229435768321941,0.0764474329185265
0.187205554023591,0.225760860683448,0.0339576332282199,-0.0130595065543206,-0.0186148955249412,0.0822121164922806
0.191954461128332,0.231060534976263,0.0397262474415312,-0.00729715682753425,-0.0143057988773081,0.0879464995414568
0.196693456308168,0.236345720936268,0.0454646280173613,-0.00156319334517017,-0.0100171937151336,0.0936495052646898
0.201421539086131,0.241615462635694,0.0511718442371422,0.00414161349643993,-0.00574998813789711,0.0993200593167474
0.206137705306688,0.246868801098184,0.056846966352118,0.00981649195987008,-0.0015050914521143,0.104957089825474
0.210840947191083,0.252104774296346,0.0624890655264901,0.0154606689303152,0.00271658589894938,0.110559527411381
0.215530253394285,0.257322417151037,0.0680972137851404,0.0210733698851498,0.0069141324094918,0.116126305210248
0.220204609063938,0.262520761532835,0.0736704839662886,0.0266538188695913,0.0110866355896263,0.121656358899167
0.224862995901706,0.267698836266078,0.0792079496793366,0.0322012384786378,0.0152331820482781,0.127148626726382
0.229504392227418,0.272855667135927,0.0847086852682578,0.0377148498455327,0.0193528575808277,0.13260204954535
0.234127773046427,0.277990276898824,0.0901717657807676,0.0431938726369294,0.0234447472617013,0.138015570853351
0.238732110120585,0.283101685296815,0.0955962669436267,0.0486375250549835,0.0275079355421739,0.143388136835058
0.243316372043237,0.288188909076123,0.100981265144322,0.054045023846558,0.0315415063535927,0.148718696411376
0.247879524318672,0.293250962010438,0.106325837419443,0.0594155843197436,0.0355445432162521,0.154006201293945
0.2524205294464,0.298286854929312,0.11162906145001,0.0647484203678808,0.0395161293541105,0.159249606045599
0.256938347010719,0.303295595752124,0.116890015564054,0.0700427445012642,0.0434553478155649,0.164447868147136
0.261431933775938,0.308276189528025,0.122107778746696,0.0752977678867197,0.04736128160045,0.169599948070695
0.265900243787709,0.313227638482313,0.127281430658014,0.0805127003952205,0.0512330137934633,0.174704809360044
0.270342228480822,0.318148942069634,0.132410051658929,0.0856867506576946,0.0550696277041332,0.179761418718069
0.274756836793948,0.323039097034504,0.137492722845409,0.0908191261292234,0.0588702070135523,0.184768746101734
0.279143015291639,0.327897097479485,0.142528526091156,0.0959090331617234,0.0626338359279271,0.18972576482476
0.283499708294071,0.332721934941542,0.147516544099106,0.100955677085317,0.0663595993391475,0.194631451668288
0.287825858014853,0.337512598476929,0.152455860461905,0.105958262298474,0.0700465829924333,0.199484786999722
0.292120404707338,0.342268074755052,0.15734555973159,0.110915992367098,0.0736938736611777,0.204284754899988
0.296382286819774,0.346987348161719,0.162184727498713,0.115828070132615,0.0773005593290579,0.209030343299373
0.300610441159705,0.351669400912173,0.166972450481062,0.120693697829231,0.0808657293794855,0.213720544122136
0.30480380306794,0.356313213174326,0.171707816622205,0.125512077210413,0.0843884747924335,0.218354353440034
0.308961306602472,0.360917763202549,0.176389915199992,0.130282409684672,0.0878678883486757,0.222930771634877
0.313081884732662,0.365482027482435,0.181017836945214,0.135003896460744,0.0913030648414569,0.227448803570261
0.317164469544022,0.370004980886878,0.185590674170525,0.139675738702205,0.094693101295573,0.231907458772517
0.321207992453895,0.374485596843832,0.190107520909793,0.144297137691559,0.09803709719385,0.236305751620969
0.325211384438332,0.378922847516096,0.194567473067968,0.148867295003831,0.101334154710972,0.240642701547536
0.329173576270423,0.383315703993434,0.198969628581574,0.153385412689677,0.104583378954584,0.244917333245688
0.333093498770359,0.387663136497362,0.203313087589914,0.157850693468003,0.107783878213612,0.249128676888728
0.33697008306742,0.391964114598879,0.207596952617028,0.162262340928055,0.110934764213658,0.253275768357396
0.340802260874133,0.396217607449393,0.211820328764464,0.166619559740961,0.114035152379361,0.257357649476695
0.344588964772765,0.400422584025153,0.215982323914873,0.170921555880655,0.117084162103586,0.26137336826187
0.348329128514308,0.404578013385313,0.220082048946419,0.175167536854079,0.120080917023233,0.265321979173388
0.352021687330089,0.408682864943929,0.224118617958008,0.179356711940621,0.123024545301511,0.269202543380808
0.35566557825611,0.412736108755979,0.228091148505245,0.183488292440585,0.125914179916427,0.273014129035311
0.359259740470173,0.416736715817597,0.231998761847089,0.187561491932634,0.128748958955263,0.276755811550719
0.362803115641838,0.420683658380603,0.235840583203074,0.191575526539972,0.131528025914778,0.280426673892736
0.366294648295215,0.424575910281431,0.239615742020994,0.195529615205125,0.134250530006832,0.284025806876141
0.369733286184539,0.428412447284462,0.243323372254896,0.199422979973071,0.136915626469134,0.287552309469632
0.373117980682478,0.432192247439814,0.24696261265319,0.203254846282521,0.139522476880775,0.291005289107982
0.37644768718104,0.435914291455505,0.250532607056677,0.207024443265044,0.142070249482172,0.29438386201113
0.379721365504942,0.43957756308396,0.254032504706273,0.210731004051813,0.144558119499062,0.297687153509825
0.38293798033723,0.443181049522713,0.25746146056012,0.214373766087586,0.146985269470119,0.300914298377371
0.386096501656929,0.446723741829164,0.260818635619835,0.217951971451661,0.149350889577781,0.304064441167017
0.389195905188419,0.450204635349177,0.264103197265536,0.221464867185391,0.151654177981828,0.307136736554514
0.392235172862217,0.453622730159265,0.267314319599294,0.224911705625893,0.15389434115523,0.310130349685283
0.395213293286791,0.456977031522063,0.270451183796629,0.228291744745546,0.156070594221787,0.313044456525668
0.398129262230973,0.460266550354741,0.273512978465611,0.231604248496815,0.158182161295039,0.315878244217691
0.400982083116496,0.463490303709952,0.276498900013125,0.234848487161972,0.1602282758179,0.318630911436667
0.40377076752015,0.466647315268859,0.279408153017813,0.238023737707202,0.162208180902483,0.321301668751087
0.40649433568495,0.46973661584573,0.282239950609159,0.241129284140574,0.164121129669536,0.323889738984071
0.409151817039744,0.472757243903556,0.284993514852203,0.244164417873379,0.165966385586893,0.326394357575723
0.411742250726538,0.475708246080066,0.287668077137264,0.247128438084231,0.167743222806348,0.328814772945665
0.414264686134856,0.478588677723456,0.290262878574095,0.250020652085374,0.169450926498341,0.331150246855029
0.416718183442354,0.481397603437152,0.29277717038982,0.252840375690583,0.171088793183809,0.333400054767151
0.419101814160867,0.484134097632778,0.295210214329988,0.25558693358404,0.172656131062573,0.335563486206204
0.421414661687031,0.486797245090538,0.297561283062049,0.258259659689524,0.174152260337619,0.337639845112963
0.423655821856582,0.489386141526107,0.299829660580536,0.260857897539269,0.17557651353459,0.339628450196947
0.425824403501353,0.491899894163113,0.302014642613206,0.263381000641801,0.176928235815856,0.341528635284085
0.427919529008016,0.494337622310209,0.304115537027383,0.265828332848058,0.178206785288479,0.343339749659108
0.429940334877498,0.496698457941712,0.306131664235704,0.268199268715081,0.179411533305391,0.345061158401852
0.431885972284016,0.498981546280737,0.308062357600457,0.27049319386656,0.180541864759145,0.34669224271662
0.433755607632635,0.501186046383671,0.309906963835706,0.272709505349487,0.18159717836754,0.348232400253795
0.435548423114195,0.503311131724876,0.311664843406339,0.274847611986194,0.182576886950472,0.34968104542286
0.437263617256457,0.505355990780352,0.3133353709232,0.276906934721007,0.18348041769735,0.35103760969601
0.438900405470259,0.507319827609186,0.314917935533441,0.278886906960772,0.184307212424411,0.352301541901539
0.440458020589497,0.509201862431452,0.316411941305206,0.280786974908497,0.185056727821322,0.353472308506187
0.441935713403679,0.511001332201331,0.317816807605789,0.282606597889353,0.185728435686401,0.354549393885675
0.443332753181818,0.512717491174065,0.319131969472368,0.284345248668268,0.186321823149871,0.355532300582604
0.444648428186424,0.514349611465448,0.320356877974449,0.286002413758388,0.186836392884538,0.356420549551023
0.445882046176323,0.515896983602477,0.321491000567128,0.287577593719636,0.187271663303313,0.357213680386865
0.447032934897066,0.5173589170638,0.322533821434299,0.289070303446651,0.187627168742997,0.357911251543579
0.448100442557664,0.518734740808598,0.323484841820963,0.290480072445374,0.187902459633838,0.358512840532252
0.449083938292437,0.520023803792516,0.32434358035376,0.291806445097587,0.188097102654288,0.359018044105568
0.449982812606725,0.521225475469296,0.325109573348905,0.293048980912695,0.188210680870521,0.359426478424978
0.450796477805281,0.522339146276749,0.325782375106705,0.294207254766091,0.188242793860209,0.359737779210493
0.451524368402177,0.523364228105734,0.326361558191852,0.295280857123455,0.18819305782016,0.35995160187254
0.452165941511052,0.524300154750833,0.326846713698736,0.296269394250346,0.188061105657394,0.360067621625378
0.452720677214628,0.525146382341446,0.327237451501015,0.297172488406493,0.187846587063299,0.360085533581582
0.453188078912418,0.525902389752042,0.327533400484725,0.297989778024229,0.187549168570522,0.360005052827191
0.45356767364559,0.526567678990385,0.327734208764278,0.298720917870489,0.187168533592315,0.359825914477101
0.453859012398048,0.527141775562548,0.327839543880652,0.299365579191902,0.186704382444052,0.359547873710414
0.454061670372806,0.527624228813629,0.327849092981208,0.299923449842473,0.18615643234669,0.359170705785383
0.454175247242797,0.5280146122431,0.327762562980543,0.300394234393434,0.185524417412007,0.358694206033782
0.454199367375345,0.528312523793818,0.327579680701867,0.300777654224859,0.184808088609438,0.358118189834462
0.454133680029568,0.528517586113755,0.327300192998409,0.301073447598674,0.184007213714414,0.357442492565965
0.453977859526086,0.528629446789624,0.326923866854445,0.301281369712764,0.18312157723812,0.356666969538115
0.453731605388438,0.528647778551606,0.32645048946555,0.301401192735876,0.182150980338651,0.355791495902528
0.453394642455738,0.528572279448495,0.325879868297745,0.301432705823103,0.181095240713546,0.354815966542072
0.452966720966146,0.528402672992659,0.325211831125264,0.301375715111753,0.179954192473781,0.353740295939325
0.452447616610834,0.528138708274276,0.324446226046728,0.301230043697462,0.178727685999261,0.352564418024158
0.451837130558194,0.527780160044442,0.323582921479529,0.300995531590451,0.177415587775969,0.351288286000594
0.451135089448151,0.527326828766791,0.322621806132347,0.300672035651888,0.176017780214903,0.349911872153175
0.450341345356476,0.526778540637386,0.321562788955707,0.300259429510325,0.174534161453015,0.348435167633074
0.44945577572916,0.526135147572751,0.320405799070602,0.299757603458292,0.172964645136376,0.346858182224297
0.448478283286925,0.525396527165958,0.319150785675228,0.299166464329096,0.171309160185832,0.345180944090287
0.447408795900073,0.524562582610866,0.317797717929932,0.298485935353991,0.169567650545452,0.343403499501376
0.446247266433965,0.523633242594596,0.316346584820563,0.297715955999887,0.167740074914119,0.341525912543489
0.444993672565478,0.522608461158538,0.314797395000432,0.296856481787823,0.165826406460595,0.339548264808608
0.443648016570901,0.521488217528184,0.313150176611161,0.295907484092484,0.163826632522494,0.337470655067515
0.442210325085812,0.520272515912244,0.311404977082773,0.294868949923073,0.161740754289561,0.335293198925362
0.440680648837524,0.518961385271563,0.30956186291336,0.293740881685892,0.159568786471724,0.333016028460678
0.439059062350821,0.51755487905844,0.307620919428833,0.292523296929029,0.157310756952386,0.330639291848431
0.43734566362772,0.51605307492707,0.305582250523165,0.29121622806961,0.154966706427472,0.328163152967813
0.435540573802118,0.514456074415882,0.303445978379724,0.289819722104056,0.152536688030744,0.325587790995414
0.433643936770223,0.51276400260265,0.30121224317423,0.288333840301905,0.15002076694594,0.322913399984526
0.431655918797722,0.510977007733308,0.298881202759985,0.286758657883714,0.147419020006298,0.320140188431287
0.429576708104744,0.509095260825508,0.296453032336031,0.285094263683642,0.144731535282047,0.317268378828442
0.427406514429685,0.507118955247998,0.293927924098949,0.283340759797339,0.141958411656477,0.314298207207481
0.42514556857303,0.505048306276962,0.291306086879028,0.281498261215769,0.13909975839118,0.311229922669958
0.422794121922386,0.502883550630575,0.288587745761623,0.279566895445673,0.136155694681124,0.308063786908801
0.420352445959918,0.500624945982991,0.285773141694459,0.27754680211735,0.133126349200172,0.304800073720424
0.417820831753514,0.498272770459135,0.28286253108179,0.275438132580523,0.130011859637723,0.301439068508494
0.415199589432918,0.495827322111633,0.279856185366244,0.273241049489011,0.126812372227113,0.297981067780164
0.412489047652252,0.493288918381315,0.276754390599285,0.270955726375027,0.123528041266483,0.294426378635663
0.409689553040219,0.490657895542719,0.273557447001212,0.268582347213873,0.12015902863276,0.290775318252065
0.406801469639446,0.4879346081361,0.270265668511666,0.266121105979882,0.116705503289467,0.28702821336213
0.403825178336345,0.485119428387435,0.266879382331607,0.263572206194446,0.113167640789049,0.283185399729057
0.400761076282924,0.482212745617972,0.263398928457778,0.26093586046699,0.109545622770422,0.279247221618055
0.397609576312023,0.479214965644873,0.259824659210667,0.258212290029778,0.105839636452451,0.275214031265576
0.394371106347421,0.476126510174535,0.256156938757023,0.255401724267468,0.102049874124091,0.271086188347116
0.391046108810267,0.472947816190161,0.252396142627973,0.252504400242306,0.0981765326319104,0.266864059444452
0.387635040023357,0.469679335335203,0.24854265723383,0.249520562215936,0.0942198128657319,0.262548017513217
0.384138369614691,0.466321533294256,0.244596879376679,0.246450461168745,0.0901799192431489,0.258138441351698
0.38055657992185,0.462874889173049,0.240559215761876,0.243294354317744,0.086057059193664,0.253635715071756
0.376890165398636,0.459339894879132,0.23643008250957,0.240052504633968,0.0818514426432365,0.249040227572785
0.373139632025531,0.455717054504898,0.232209904667429,0.236725180360413,0.077563281500013,0.244352372019625
0.369305496725411,0.452006883714538,0.227899115725716,0.233312654531547,0.0731927891420515,0.239572545325346
0.365388286786087,0.448209909136601,0.223498157135953,0.229815204495454,0.0687401799078712,0.234701147639876
0.361388539291129,0.44432666776375,0.219007477834344,0.226233111439696,0.0642056685906604,0.229738581845391
0.357306800560534,0.440357706361384,0.214427533771266,0.222566659922021,0.0595894699370396,0.224685253059502
0.353143625602727,0.436303580886735,0.209758787448045,0.21881613740704,0.0548917981512667,0.219541568147197
0.348899577579478,0.432164855920109,0.205001707462387,0.214981833810088,0.0501128664058415,0.214307935242616
0.344575227285239,0.427942104109924,0.200156768063769,0.211064041049456,0.0452528863594837,0.208984763281698
0.340171152642524,0.423635905633211,0.195224448720217,0.207063052608285,0.0403120676835288,0.203572461546847
0.335687938214879,0.419246847673258,0.190205233697868,0.202979163107421,0.0352906175977943,0.198071439224734
0.331126174739115,0.41477552391612,0.185099611654855,0.198812667890608,0.0301887404171077,0.192482104978497
0.326486458678407,0.410222534067713,0.179908075251025,0.19456386262344,0.0250066371096481,0.186804866535564
0.321769391798006,0.405588483393248,0.174631120775123,0.190233042907579,0.0197445048684415,0.181040130292476
0.316975580765263,0.400873982280827,0.169269247791125,0.185820503911782,0.0144025366973328,0.175188300938115
0.312105636775802,0.396079645831025,0.163822958805492,0.181326540021437,0.00898092101293358,0.169249781096847
0.307160175207656,0.391206093474362,0.158292758957204,0.176751444508308,0.00347984126409798,0.163224970993187
0.302139815305336,0.386253948618623,0.152679155732536,0.172095509222356,-0.00210052442938184,0.157114268139707
0.297045179895818,0.381223838328035,0.146982658706645,0.167359024307607,-0.00776000361705123,0.150918067050016
0.291876895138548,0.37611639303644,0.141203779314185,0.162542277944132,-0.0134984298350508,0.144636758978801
0.286635590311681,0.370932246296612,0.135343030651242,0.157645556118366,-0.0193156428982809,0.138270731691036
0.281321897636866,0.365672034568052,0.129400927311125,0.152669142424154,-0.0252114891651173,0.13182036926268
0.275936452144999,0.360336397045648,0.123377985256629,0.147613317897036,-0.0311858217722436,0.125286051915308
0.270479891585567,0.354925975531742,0.117274721731605,0.142478360884521,-0.037238500836835,0.118668155887387
0.264952856382279,0.349441414354285,0.111091655214891,0.13726454695524,-0.0433693936231954,0.111967053345075
0.259355989637928,0.343883360333887,0.104829305419819,0.131972148850138,-0.0495783746706172,0.10518311233572
0.253689937191561,0.338252462802812,0.0984881933428309,0.126601436479087,-0.0558653258789703,0.098316696787453
0.247955347731266,0.332549373679051,0.092068841364908,0.121152676966525,-0.0622301365482355,0.0913681665586065
0.242152872966111,0.326774747598922,0.0855717734098973,0.115626134750088,-0.0686727033677962,0.0843378775410032
0.236283167860982,0.320929242111799,0.0789975151640323,0.110022071736448,-0.0751929303510067,0.0772261818214845
0.230346890938417,0.315013517940837,0.0723465943613887,0.104340747518929,-0.0817907287100362,0.0700334279065028
0.224344704651674,0.309028239313854,0.06561954114027,0.0985824196618546,-0.0884660166656445,0.0627599610149362
0.218277275833788,0.302974074368794,0.058816888476033,0.0927473440569869,-0.0952187191859354,0.0554061234448447
0.212145276227489,0.296851695638506,0.0519391726961984,0.086835775357812,-0.102048767647704,0.0479722550202986
0.205949383101434,0.290661780619978,0.0449869340842438,0.0808479674979752,-0.108956099413271,0.0404586936250511
0.199690279958417,0.284405012433434,0.0379607175789137,0.0747841743006102,-0.115940657315159,0.0328657758303416
0.193368657341814,0.278082080577217,0.0308610735765283,0.0686446501859433,-0.12300238904016,0.0251938376248604
0.186985213746829,0.271693681784721,0.0236885588442691,0.0624296509851122,-0.130141246403614,0.0174432152555408
0.18054065664376,0.265240520990161,0.0164437375531743,0.0561394348688256,-0.137357184503816,0.00961424618869369
0.174035703620887,0.258723312410445,0.00912718244019428,0.049774263400223,-0.144650160745566,0.00170727020179615
0.167471083655304,0.252142780750955,0.00173947610950135,0.0433344027220521,-0.152020133720815,-0.00627736938278481
0.160847538520504,0.245499662543643,-0.00571878751599775,0.0368201248891548,-0.159467061933243,-0.0143393243098746
0.154165824340319,0.238794707626441,-0.0132470015810332,0.0302317093581791,-0.166990902352356,-0.0224782398359855
0.147426713299408,0.232028680773676,-0.0208445445094211,0.0235694446473929,-0.174591608781366,-0.030693752991686
0.140630995521348,0.225202363487906,-0.0285107780266619,0.0168336301806308,-0.182269130021576,-0.0389854906459152
0.133779481126138,0.218316555964302,-0.0362450449787116,0.0100245783305139,-0.190023407814439,-0.0473530673549964
0.126873002479839,0.211372079239632,-0.0440466669306388,0.00314261667741253,-0.197854374540582,-0.0557960829774474
0.119912416649978,0.204369777538638,-0.0519149415276865,-0.00381190949804852,-0.205761950653262,-0.0643141200341131
0.112898608081373,0.197310520831668,-0.0598491395997001,-0.0108386344695961,-0.213746041821429,-0.0729067407911776
0.105832491508073,0.19019520761833,-0.0678485019884976,-0.0179371690461129,-0.221806535755377,-0.081573484041771
0.0987150151182796,0.183024767953063,-0.0759122360759847,-0.0251070972559173,-0.229943298685265,-0.0903138615595592
0.0915471639902729,0.17580016672959,-0.0840395119891646,-0.0323479727099802,-0.238156171460081,-0.0991273541954812
0.084329963818721,0.16852240724251,-0.0922294584561788,-0.0396593146174054,-0.246444965231442,-0.108013407586111
0.0770644849520522,0.161192535045467,-0.100481158285575,-0.047040603424391,-0.254809456683352,-0.116971427439443
0.0697518467630768,0.153811642126795,-0.108793643438703,-0.0544912760453962,-0.263249382765204,-0.126000774360764
0.0623932223765266,0.146380871424874,-0.11716588966288,-0.0620107206528094,-0.271764434881429,-0.135100758178081
0.0549898437788765,0.138901421707071,-0.125596810650346,-0.0695982709884768,-0.280354252486563,-0.144270631722922
0.0475430073374223,0.131374552837611,-0.134085251685448,-0.077253200157668,-0.289018416029853,-0.153509584018563
0.0400540797575337,0.123801591461553,-0.142629982739481,-0.0849747138626963,-0.297756439188057,-0.162816732823424
0.0325245045087393,0.116183937133713,-0.151229690969695,-0.092761943030106,-0.306567760319403,-0.172191116472997
0.0249558087524286,0.108523068923299,-0.159882972575557,-0.100613935781609,-0.315451733065283,-0.181631684958683
0.0173496108059233,0.100820552526952,-0.168588323962053,-0.108529648695076,-0.324407616019432,-0.19113729017671
0.00970762817989171,0.0930780479249159,-0.177344132156024,-0.116507937297714,-0.333434561376758,-0.200706675274634
0.00203168622826112,0.0852973176171403,-0.186148664417788,-0.124547545729135,-0.342531602465928,-0.210338463016893
-0.00567627254786342,0.0774802354783318,-0.195000056986142,-0.132647095507335,-0.351697640060856,-0.220031143084321
-0.013414178498495,0.0696287962731185,-0.203896302890748,-0.140805073325699,-0.360931427356834,-0.229783058215746
-0.0211798240789973,0.0617451258748627,-0.212835238761343,-0.149019817803903,-0.370231553486505,-0.239592389092288
-0.028970852311694,0.0538314922338194,-0.221814530558891,-0.15728950511028,-0.379596425440005,-0.249457137857387
-0.0367847444037662,0.0458903171427817,-0.230831658148917,-0.165612133367507,-0.389024248241528,-0.259375110157275
-0.0446188064681206,0.0379241888504631,-0.239883898632799,-0.173985505747844,-0.398513003222033,-0.269343895578241
-0.0524701552915095,0.0299358755752437,-0.2489683083479,-0.182407212158181,-0.408060424214298,-0.279360846348097
-0.060335703092154,0.0219283399738857,-0.258081703442917,-0.190874609409404,-0.41766397148254,-0.289423054160372
-0.0682121412070516,0.0139047546218894,-0.267220638930264,-0.199384799758685,-0.427320803184011,-0.2995273249705
-0.0760959226475449,0.00586851856385215,-0.276381386113226,-0.207934607707814,-0.437027744145009,-0.309670151604372
-0.0839832434602984,-0.00217672500627156,-0.285559908281782,-0.216520554935351,-0.446781251718329,-0.319847684010742
-0.0918700228299489,-0.0102270698740396,-0.294751834567966,-0.225138833235835,-0.456577378474048,-0.330055696980822
-0.0997518818593105,-0.0182783266808468,-0.30395243184928,-0.233785275335269,-0.466411731460823,-0.340289555151016
-0.107624120963377,-0.0263260014860133,-0.313156574587579,-0.242455323449543,-0.476279427761359,-0.350544175098845
-0.115481695814475,-0.0343652729534571,-0.322358712491029,-0.251143995450969,-0.486175046053843,-0.360813984337855
-0.123319191778232,-0.042390968103434,-0.331552835888968,-0.259845848509008,-0.496092573882279,-0.371092877015929
-0.13113079678335,-0.0503975365721574,-0.340732438713671,-0.268554940074184,-0.506025350333433,-0.381374166123075
-0.138910272573217,-0.0583790233260642,-0.349890478990419,-0.277264786080592,-0.515966003818698,-0.391650532021217
-0.146650924293909,-0.066329039782573,-0.359019336747662,-0.285968316252403,-0.52590638466679,-0.401913967120206
-0.154345568381996,-0.074240733296274,-0.368110769274023,-0.294657826414688,-0.535837492250791,-0.41215571654347
-0.161986498726447,-0.0821067549783215,-0.377155863668458,-0.303324927729449,-0.5457493964029,-0.422366214654363
-0.1695654510929,-0.0899192258281861,-0.386144986655658,-0.31196049280537,-0.555631152916342,-0.432535017353155
-0.177073565815285,-0.0976697011707248,-0.395067731671203,-0.32055459866549,-0.56547071299973,-0.442650730106351
-0.184501348780408,-0.105349133408572,-0.403912863261771,-0.329096466602756,-0.575254826640317,-0.452700931738012
-0.191838630755347,-0.112947833120017,-0.412668258895508,-0.337574399010097,-0.584968939953791,-0.462672094099243
-0.199074525136443,-0.120455428556759,-0.421320848338297,-0.345975713341921,-0.594597086756729,-0.472549497841066
-0.206197384232211,-0.127860823624013,-0.429856550824088,-0.354286673448673,-0.604121774799845,-0.482317144650176
-0.213194754231488,-0.135152154458315,-0.438260210333157,-0.362492418627931,-0.613523867353874,-0.491957666471042
-0.220053329052498,-0.142316744755908,-0.446515529392262,-0.370576890855562,-0.622782461152522,-0.50145223243407
-0.226758903319001,-0.149341060047397,-0.454605001926253,-0.378522760800694,-0.63187476207617,-0.510780454442054
-0.233296324765914,-0.156210661162367,-0.462509845822225,-0.38631135338941,-0.640775960411788,-0.519920292637513
-0.239649446439223,-0.162910157181174,-0.470209936015249,-0.39392257386492,-0.649459108053158,-0.528847962283378
-0.245801079122907,-0.169423158229591,-0.477683739068028,-0.401334835495739,-0.657895000610744,-0.537537843937577
-0.251732944498817,-0.175732228535677,-0.484908250394431,-0.408524990306528,-0.666052068077479,-0.545962399185002
-0.257425629622578,-0.181818840235634,-0.491858935465445,-0.41546826444504,-0.673896278431179,-0.554092094600413
-0.262858543378625,-0.187663328486363,-0.498509676531635,-0.422138200047566,-0.681391059322483,-0.561895337041204
-0.268009875658021,-0.193244848514548,-0.504832726591952,-0.428506605715689,-0.688497243760319,-0.569338423790924
-0.272856560081443,-0.198541335304146,-0.510798672526538,-0.43454351795795,-0.695173046410963,-0.576385511468326
-0.277374241162997,-0.203529466692797,-0.516376409479528,-0.440217176165597,-0.701374077697731,-0.582998607949032
-0.28153724687437,-0.208184630710143,-0.521533128713432,-0.445494013863619,-0.707053403234413,-0.589137591776832
-0.285318567618119,-0.212480898042903,-0.526234321242929,-0.4503386690838,-0.712161656136571,-0.594760263620468
-0.288689842647942,-0.21639100054832,-0.530443799574341,-0.454714016720001,-0.716647209309836,-0.599822434205061
-0.291621354975871,-0.219886316753545,-0.534123739807255,-0.458581225619069,-0.720456413790487,-0.604278052758321
-0.294082035774461,-0.22293686526769,-0.537234746175843,-0.461899842904853,-0.723533907503005,-0.608079379306042
-0.296039479208612,-0.225511306988902,-0.539735939799065,-0.464627907600855,-0.725822996328985,-0.611177203084561
-0.297459968509016,-0.227576956903964,-0.541585072953921,-0.46672209498656,-0.727266106139324,-0.61352110788367
-0.298308513920321,-0.229099806145762,-0.542738669571722,-0.468137892279782,-0.727805300499254,-0.615059783293272
-0.298548902915556,-0.230044554787785,-0.54315219187996,-0.468829805181207,-0.727382854291819,-0.615741378639979
-0.298143762759406,-0.230374655609137,-0.542780232177456,-0.468751593562983,-0.725941868812519,-0.615513893948817
-0.297054635124117,-0.230052368753945,-0.541576727657325,-0.467856533165733,-0.723426909364979,-0.614325599681076
-0.29559348020315,-0.229376958891011,-0.539916514800672,-0.466524275697088,-0.720331322187208,-0.612607558356843
-0.294102173470382,-0.228676966632266,-0.538209920608907,-0.465170356877735,-0.717190762887001,-0.61083043146618
-0.292579787883156,-0.227951381180278,-0.536455880450268,-0.463793692679236,-0.714004488045966,-0.608993327653203
-0.291025414997697,-0.227199206850433,-0.53465335954325,-0.462393221211527,-0.710771797070141,-0.607095398480394
-0.289438168803978,-0.22641946681363,-0.532801357655064,-0.460967907388831,-0.707492037441709,-0.605135843471365
-0.287817186050769,-0.225611203467471,-0.530898909580925,-0.459516743331622,-0.704164604457881,-0.603113910291866
-0.28616162656048,-0.224773478801676,-0.528945085601669,-0.458038748755156,-0.700788940919665,-0.601028894877498
-0.284470673533099,-0.223905374757064,-0.526938991918362,-0.456532971343292,-0.697364536770902,-0.598880141507516
-0.282743533838539,-0.223005993577403,-0.524879771062521,-0.454998487106217,-0.693890928688161,-0.596667042824235
-0.280979438296751,-0.222074458153487,-0.522766602280694,-0.453434400720913,-0.690367699622255,-0.594389039797835
-0.279177641944958,-0.221109912358776,-0.52059870189221,-0.451839845853126,-0.686794478292433,-0.592045621636503
-0.277337424291399,-0.220111521375955,-0.51837532361894,-0.450213985459747,-0.683170938634433,-0.589636325642122
-0.275458089555022,-0.219078472013782,-0.516095758886051,-0.448556012070546,-0.6794967992038,-0.587160737011854
-0.273538966890541,-0.218009973013626,-0.513759337092758,-0.446865148048247,-0.675771822536036,-0.584618488586204
-0.271579410598364,-0.216905255345062,-0.511365425852186,-0.445140645826077,-0.671995814465324,-0.582009260544329
-0.269578800318879,-0.215763572489984,-0.508913431199562,-0.443381788121913,-0.668168623403686,-0.579332780047537
-0.267536541210651,-0.214584200714647,-0.50640279776801,-0.4415878881283,-0.664290139582597,-0.576588820832108
-0.265452064112104,-0.213366439329114,-0.503833008931339,-0.439758289677644,-0.660360294259183,-0.573777202752714
-0.263324825686307,-0.212109610933595,-0.501203586913313,-0.437892367382003,-0.656379058889207,-0.570897791277915
-0.261154308548507,-0.21081306165118,-0.498514092862952,-0.435989526746975,-0.652346444269188,-0.567950496939293
-0.258940021376102,-0.209476161346521,-0.495764126895578,-0.434049204259249,-0.648262499650006,-0.564935274735997
-0.2566814990008,-0.20809830383002,-0.492953328099344,-0.432070867447504,-0.644127311824466,-0.561852123496542
-0.254378302482708,-0.206678907047113,-0.490081374507139,-0.430054014916408,-0.639941004191267,-0.558701085199818
-0.252030019166188,-0.205217413252304,-0.487147983033831,-0.427998176353561,-0.635703735797919,-0.555482244257425
-0.24963626271732,-0.203713289167581,-0.484152909378932,-0.425902912509336,-0.631415700365114,-0.552195726759462
-0.247196673142881,-0.202166026124929,-0.481095947894826,-0.423767815149611,-0.627077125295074,-0.548841699686027
-0.244710916790773,-0.200575140192659,-0.477976931420857,-0.421592506981518,-0.622688270666393,-0.545420370086733
-0.242178686331882,-0.198940172285327,-0.474795731083609,-0.419376641552414,-0.618249428217865,-0.541931984230575
-0.239599700723411,-0.197260688257031,-0.471552256063851,-0.417119903122325,-0.613760920323739,-0.538376826728582
-0.236973705153724,-0.195536278977928,-0.468246453330647,-0.414822006510232,-0.609223098962802,-0.534755219631615
-0.234300470968848,-0.193766560393871,-0.46487830734332,-0.41248269691465,-0.604636344683673,-0.53106752150581
-0.231579795580767,-0.191951173569019,-0.461447839721907,-0.410101749708972,-0.600001065568537,-0.527314126488047
-0.228811502357698,-0.190089784711449,-0.457955108886939,-0.407678970212198,-0.595317696197605,-0.523495463323919
-0.225995440496599,-0.188182085181689,-0.454400209669398,-0.405214193435669,-0.590586696616358,-0.519611994390572
-0.223131484878174,-0.186227791484236,-0.450783272891762,-0.402707283806537,-0.585808551307688,-0.515664214706848
-0.220219535904678,-0.184226645242121,-0.447104464921171,-0.400158134868739,-0.580983768170849,-0.511652650933021
-0.2172595193209,-0.182178413154605,-0.443363987195734,-0.397566668962291,-0.576112877509116,-0.507577860362482
-0.214251386018668,-0.180082886938166,-0.43956207572512,-0.394932836881797,-0.571196431027882,-0.503440429907572
-0.211195111825326,-0.177939883250925,-0.435699000566583,-0.3922566175151,-0.566235000844886,-0.499240975081788
-0.208090697276634,-0.175749243600757,-0.431775065277654,-0.389538017463025,-0.561229178514117,-0.494980138980459
-0.204938167374533,-0.173510834237295,-0.427790606346708,-0.386777070641233,-0.556179574064836,-0.490658591261929
-0.201737571330345,-0.171224546028125,-0.423745992602742,-0.383973837865222,-0.551086815057091,-0.486277027131244
-0.198488982293901,-0.168890294319478,-0.419641624605647,-0.381128406419528,-0.545951545654936,-0.481836166328194
-0.195192497069171,-0.166508018781767,-0.415477934018334,-0.378240889612235,-0.54077442571852,-0.477336752121536
-0.191848235816982,-0.164077683240327,-0.411255382962056,-0.375311426315864,-0.53555612991605,-0.472779550311084
-0.188456341745459,-0.161599275491772,-0.406974463356322,-0.372340180495795,-0.530297346856587,-0.468165348239298
-0.185016980788748,-0.159072807106383,-0.402635696244763,-0.36932734072732,-0.524998778244466,-0.46349495381388
-0.181530341274738,-0.156498313216992,-0.398239631108353,-0.366273119702463,-0.519661138056108,-0.458769194542824
-0.177996633582382,-0.153875852294841,-0.393786845167364,-0.36317775372771,-0.514285151739838,-0.453988916583241
-0.174416089789335,-0.151205505912886,-0.389277942673444,-0.360041502213756,-0.508871555439252,-0.449154983805193
-0.17078896331053,-0.148487378497103,-0.384713554193158,-0.356864647158378,-0.503421095240589,-0.444268276871692
-0.16711552852845,-0.145721597066313,-0.38009433588441,-0.353647492623566,-0.497934526444485,-0.43932969233591
-0.163396080415731,-0.142908310961074,-0.375420968766998,-0.350390364207962,-0.492412612862376,-0.434340141756537
-0.159630934150818,-0.140047691562222,-0.370694157988717,-0.347093608515711,-0.486856126137769,-0.42930055083219
-0.155820424727393,-0.137139931999644,-0.365914632088196,-0.343757592622724,-0.481265845092524,-0.42421185855561
-0.151964906558235,-0.134185246851858,-0.361083142255833,-0.340382703541408,-0.475642555098184,-0.419075016388371
-0.148064753074246,-0.131183871837015,-0.356200461593971,-0.336969347684846,-0.469987047472386,-0.413890987456673
-0.144120356319322,-0.128136063495941,-0.351267384377574,-0.333517950331357,-0.464300118900268,-0.408660745768782
-0.140132126541748,-0.125042098867808,-0.346284725316517,-0.3300289550904,-0.458582570880737,-0.403385275454527
-0.136100491782834,-0.121902275159079,-0.341253318820653,-0.326502823370695,-0.452835209197469,-0.39806557002725
-0.132025897463415,-0.118716909406318,-0.336174018268672,-0.322940033851398,-0.447058843414372,-0.392702631668498
-0.127908805968932,-0.115486338133528,-0.331047695281876,-0.319341081957187,-0.441254286395266,-0.387297470535689
-0.123749696233679,-0.112210917004577,-0.325875239003756,-0.315706479337985,-0.435422353847458,-0.381851104092917
-0.119549063324936,-0.108891020471385,-0.32065755538642,-0.312036753354104,-0.42956386388887,-0.376364556465008
-0.115307418027517,-0.105527041418444,-0.315395566484676,-0.308332446567462,-0.423679636638328,-0.37083885781486
-0.11102528642942,-0.102119390804291,-0.310090209758703,-0.304594116239559,-0.417770493828608,-0.365275043744067
-0.106703209509113,-0.0986684973005186,-0.304742437386043,-0.300822333836794,-0.411837258441766,-0.359674154716768
-0.102341742725057,-0.095174806928934,-0.299353215583726,-0.297017684543725,-0.405880754366344,-0.354037235506609
-0.0979414556079986,-0.0916387826974059,-0.293923523941186,-0.293180766784752,-0.399901806075871,-0.348365334666665
-0.0935029313565829,-0.0880609042349988,-0.288454354764658,-0.289312191754753,-0.39390123832825,-0.342659504022138
-0.0890267664367762,-0.0844416674269251,-0.282946712433659,-0.285412582959085,-0.387879875885425,-0.336920798185584
-0.0845135701856087,-0.0807815840498589,-0.2774016127701,-0.28148257576336,-0.381838543252845,-0.331150274094426
-0.0799639644196899,-0.0770811814081284,-0.271820082420545,-0.277522816953349,-0.375778064438129,-0.325348990570421
-0.0753785830489544,-0.0733410019713126,-0.266203158252118,-0.273533964305356,-0.369699262728419,-0.3195180079008
-0.0707580716960418,-0.0695616030136908,-0.260551886762417,-0.269516686167297,-0.363602960485806,-0.313658387440672
-0.0661030873217481,-0.0657435562560782,-0.254867323503873,-0.26547166105079,-0.357489978960317,-0.307771191236377
-0.0614142978568691,-0.0618874475104265,-0.24915053252284,-0.261399577234386,-0.35136113811982,-0.30185748166932
-0.0566923818408536,-0.0579938763276964,-0.243402585813738,-0.25730113237819,-0.345217256496335,-0.295918321119952
-0.0519380280675388,-0.0540634556493645,-0.237624562788459,-0.253177033149927,-0.339059151048122,-0.289954771651378
-0.0471519352383131,-0.0500968114629834,-0.231817549761285,-0.249027994862621,-0.332887637037024,-0.283967894712211
-0.0423348116229725,-0.0460945824621701,-0.225982639449444,-0.244854741123911,-0.326703527920427,-0.277958750858176
-0.0374873747285364,-0.0420574197113755,-0.220120930489465,-0.240658003497058,-0.320507635257351,-0.271928399492012
-0.0326103509762495,-0.0379859863157544,-0.214233526969393,-0.236438521173652,-0.314300768628018,-0.265877898621179
-0.0277044753870073,-0.0338809570964765,-0.208321537976951,-0.232197040657987,-0.30808373556642,-0.259808304632894
-0.0227704912753563,-0.0297430182717403,-0.202386077163637,-0.227934315463067,-0.301857341505267,-0.253720672085988
-0.0178091499522979,-0.0255728671437924,-0.196428262324786,-0.223651105818169,-0.295622389732833,-0.247616053519126
-0.012821210436968,-0.0213712117921636,-0.190449214995503,-0.219348178387841,-0.289379681361098,-0.241495499274827
-0.00780743917739851,-0.0171387707733958,-0.184450060062458,-0.215026306002267,-0.283130015304724,-0.235360057338861
-0.00276860978039487,-0.0128762728274155,-0.178431925391377,-0.210686267398783,-0.276874188270277,-0.229210773194441
0.00229449724933536,-0.00858445659079932,-0.172395941470158,-0.206328846974461,-0.270612994755247,-0.223048689690782
0.00738109476077074,-0.00426407031703574,-0.166343241067417,-0.2019548345495,-0.264347227056305,-0.216874846925461
0.0124903891988139,8.41283960171801e-05,-0.160274958906317,-0.197565025141296,-0.258077675286363,-0.210690282140144
0.0176215808371683,0.0044593728713823,-0.154192231353462,-0.193160218748918,-0.251805127399896,-0.204496029629116
0.0227738640018426,0.00886088761080964,-0.14809619612264,-0.1887412201478,-0.245530369226103,-0.198293120660192
0.027946427285293,0.0132878885451332,-0.141987991993167,-0.184308838694372,-0.239254184509402,-0.192082583407446
0.0331384537512252,0.0177395832770589,-0.135868758542589,-0.179863888140395,-0.23297735495685,-0.185865442895353
0.0383491211301196,0.022215171316355,-0.129739635893432,-0.17540718645671,-0.226700660291983,-0.179642720953779
0.0435776020055147,0.0267138443073913,-0.123601764473743,-0.170939555666142,-0.220424878314725,-0.173415436183427
0.0488230639911619,0.0312347862490449,-0.117456284791057,-0.166461821685236,-0.214150784966844,-0.167184603931191
0.0540846698990974,0.0357771737069342,-0.11130433721953,-0.161974814174559,-0.207879154402645,-0.160951236275032
0.0593615778987888,0.0403401760180538,-0.105147061799837,-0.157479366397234,-0.201610759064391,-0.154716342017835
0.0646529416674403,0.0449229554878076,-0.0989855980515176,-0.152976315085395,-0.195346369762146,-0.148480926689865
0.0699579105316078,0.0495246675795159,-0.0928210847973926,-0.148466500314255,-0.189086755757592,-0.142245992559333
0.0752756296002704,0.0541444610964594,-0.0866546599996839,-0.143950765383433,-0.182832684851472,-0.136012538650642
0.0806052398895272,0.0587814783565557,-0.0804874606074366,-0.139429956705239,-0.176584923474273,-0.129781560769881
0.0859458784390625,0.0634348553597547,-0.074320622414876,-0.134904923699538,-0.170344236779806,-0.123554051537134
0.0912966784206157,0.0681037219482813,-0.0681552799302672,-0.130376518694898,-0.16411138874131,-0.117331000425177
0.0966567692385895,0.0727872019598423,-0.0619925662548942,-0.12584559683564,-0.157887142249747,-0.111113393804157
0.102025276623069,0.0774844133739616,-0.0558336129717157,-0.121313015994461,-0.151672259213942,-0.104902214991817
0.107401322715406,0.0821944684515665,-0.0496795500433084,-0.11677963669028,-0.145467500662249,-0.0986984443088999
0.112784026146653,0.0869164738680329,-0.0435315057186311,-0.112246322010955,-0.139273626845394,-0.0925030591392767
0.118172502109035,0.091649530839836,-0.0373906064482141,-0.107713937540508,-0.133091397340217,-0.0863170339944618
0.123565862420738,0.0963927352450237,-0.0312579768073027,-0.103183351290532,-0.126921571153951,-0.0801413405820704
0.12896321558426,0.101145177737707,-0.025134739426547,-0.098655433635399,-0.120764906828784,-0.0739769478778767
0.134363666838583,0.105905943856781,-0.0190220149297623,-0.0941310572509352,-0.114622162546365,-0.0678248222010564
0.139766318205437,0.110674114129115,-0.0129209218783434,-0.089611097056211,-0.10849409623198,-0.0616859272922739
0.145170268529964,0.115448764167443,-0.00683257672185371,-0.0850964301580734,-0.102381465658094,-0.055561224394191
0.150574613516006,0.120228964763184,-0.000758093754374967,-0.0805879357981109,-0.0962850285470068,-0.0494516723340994
0.155978445756407,0.125013781974501,0.00530141492388016,-0.0760864953016567,-0.0902055426722869,-0.043358227608237
0.161380854758523,0.12980227720979,0.0113448394400909,-0.071592992028525,-0.0841437659587774,-0.037281844467497
0.166780926965356,0.134593507306962,0.0173710721779963,-0.0671083113251015,-0.0781004565808298,-0.0312234750041202
0.172177745772538,0.13938652460872,0.0233790078031088,-0.0626333404774761,-0.0720763730585666,-0.0251840692390535
0.177570391541552,0.144180377034196,0.0293675432844714,-0.0581689686652502,-0.0660722743518587,-0.0191645752096138
0.182957941609494,0.148974108147193,0.0353355779133764,-0.0537160869157007,-0.0600889199517799,-0.0131659390570991
0.188339470295703,0.153766757221391,0.0412820133195218,-0.0492755880579613,-0.0541270699692816,-0.00718910511403174
0.193714048905622,0.158557359302795,0.0472057534850223,-0.0448483666768913,-0.048187485220833,-0.00123501599066979
0.199080745732238,0.163344945269792,0.0531057047567835,-0.0404353190662883,-0.0422709273107579,0.00469538733955266
0.204438626055422,0.168128541891097,0.0589807758576001,-0.0360373431811591,-0.0363781587100643,0.010601165455949
0.209786752139589,0.172907171881997,0.064829877896507,-0.0316553385886768,-0.0305099428314574,0.0164813804082688
0.21512418322997,0.177679853959167,0.0706519243787542,-0.0272902064175665,-0.0246670441003716,0.0223350956364069
0.220449975547946,0.182445602894483,0.0764458312158994,-0.0229428493055459,-0.0188502280216998,0.0281613758925294
0.225763182285745,0.187203429568132,0.0822105167363973,-0.0186141713445786,-0.0130602612420598,0.0339592871658672
0.231062853600949,0.191952341021426,0.0879449016971708,-0.0143050780235764,-0.00729791160729794,0.0397278966105795
0.236348036611147,0.196691340509674,0.0936479092965417,-0.010016476168309,-0.00156394821505232,0.0454662724769328
0.241617775389164,0.201419427555496,0.0993184651889757,-0.00574927387818029,0.00414085853789657,0.0511734840461688
0.246871110959225,0.206135598002956,0.104955497502032,-0.00150438045963788,0.00981573691368076,0.0568486015693359
0.252107081294502,0.210838844072906,0.110557936855948,0.00271729364412293,0.0154599137970588,0.0624906962104286
0.257324721316398,0.215528154419938,0.116124716386241,0.00691483692736836,0.0210726146649739,0.0680988399941164
0.262523062896017,0.22020251419133,0.121654771769756,0.0110873369002798,0.0266530635622202,0.0736721057583983
0.267701134858211,0.224860905088389,0.127147041254505,0.0152338801718524,0.0322004830833756,0.0792095671124483
0.272857962988633,0.229502305430605,0.132600465693721,0.0193535525375335,0.0377140943612713,0.0847102984000035
0.277992570044201,0.234125690222996,0.138013988584477,0.0234454390718157,0.0431931170621533,0.0901733746685368
0.283103975767419,0.238730031227097,0.14338655611125,0.0275086242260457,0.0486367693877779,0.0955978716445612
0.28819119690495,0.243314297035944,0.148717117194765,0.0315421919316374,0.0540442680846105,0.100982865715306
0.293253247230905,0.247877453153524,0.154004623546488,0.0355452257089535,0.0594148284603546,0.106327433917096
0.298289137575243,0.252418462079067,0.159248029729101,0.0395168087820269,0.0647476644079655,0.111630653930687
0.303297875857728,0.256936283396592,0.164446293223259,0.0434560241993242,0.070041988437363,0.116891604083831
0.30827846712788,0.261429873870144,0.169598374500967,0.0473619549607536,0.0752970117149988,0.122109363361368
0.313229913611345,0.265898187545118,0.174703237105878,0.0512336841510846,0.0805119441114801,0.127283011423087
0.318151214763105,0.270340175856065,0.17975984774077,0.0550702950799254,0.0856859942573772,0.132411628629619
0.323041367327987,0.274754787741421,0.184767176362515,0.0588708714284429,0.0908183696074137,0.137494296076625
0.327899365408849,0.279140969765515,0.189724196284755,0.0626344974029251,0.0959082765131594,0.142530095637508
0.332724200542935,0.283497666248307,0.19462988428856,0.0663602578953418,0.100954920304391,0.14751811001489
0.33751486178676,0.287823819403206,0.199483220741279,0.0700472386509973,0.105957505379245,0.152457422801101
0.342270335809972,0.292118369483371,0.204283189723793,0.0736945264433703,0.110915235303288,0.157347118547858
0.3469896069986,0.296380254936868,0.209028779166358,0.0773012092562279,0.115827312917624,0.162186282845386
0.351671657568097,0.300608412571063,0.213718980993212,0.0808663764730698,0.120692940456136,0.166974002411142
0.356315467686561,0.304801777726601,0.218352791276099,0.0843891190739616,0.125511319671974,0.171709365188357
0.360920015608535,0.308959284461323,0.222929210396838,0.0878685298397783,0.130281651973342,0.176391460454541
0.365484277819762,0.313079865744437,0.227447243219032,0.0913037035638565,0.135003138568669,0.181019378940138
0.370007229193276,0.317162453661322,0.23190589926904,0.0946937372710992,0.139674980621236,0.185592212957456
0.374487843157146,0.321205979629189,0.236304192926217,0.0980377304444335,0.144296379413247,0.190109056540007
0.378925091874274,0.325209374623969,0.240641143622532,0.101334785258651,0.148866536519443,0.194569005592386
0.383317946434504,0.329171569418639,0.244915776051504,0.104584006821507,0.153384653990194,0.198971158050755
0.387665377059421,0.333091494833283,0.249127120386506,0.107784503422044,0.157849934544129,0.203314614054052
0.391966353320076,0.336968081997088,0.253274212508352,0.110935386785977,0.162261581770222,0.207598476125953
0.39621984436791,0.340800262622488,0.257356094242129,0.114035772338064,0.166618800339332,0.211821849367631
0.400424819179187,0.344586969291671,0.261371813603176,0.117084779471295,0.170920796225128,0.215983841661366
0.404580246813065,0.348327135755552,0.265320425052061,0.120081531822695,0.1751667769343,0.220083563884947
0.408685096683584,0.352019697245392,0.269200989758451,0.123025157555601,0.179355951745975,0.2241201301369
0.412738338845693,0.355663590797131,0.273012575873648,0.125914789648151,0.183487531960216,0.228092657972452
0.416738944295483,0.359257755588517,0.276754258811602,0.128749566187764,0.18756073115544,0.232000268650178
0.420685885284712,0.362801133289062,0.280425121538144,0.131528630671335,0.191574765454612,0.235842087389228
0.424578135649741,0.366292668422834,0.284024254868198,0.134251132310865,0.195528853800025,0.239617243637014
0.428414671154864,0.369731308744031,0.287550757770606,0.136916226344209,0.199422218236428,0.243324871347196
0.432194469850095,0.37311600562529,0.291003737680293,0.139523074350601,0.203254084202307,0.246964109267795
0.43591651244334,0.376445714458594,0.294382310817356,0.142070844570609,0.207023680829012,0.250534101239231
0.439579782686896,0.379719395068638,0.297685602512708,0.144558712230121,0.210730241247501,0.254033996502028
0.443183267778157,0.382936012138453,0.300912747539817,0.146985859867966,0.214373002902319,0.257462950013944
0.446725958774375,0.386094535647053,0.304062890452107,0.14935147766674,0.217951207872561,0.26082012277621
0.450206851021249,0.389193941318809,0.307135185925501,0.15165476378638,0.221464103199375,0.264104682168559
0.45362494459512,0.392233211084234,0.310128799105598,0.153894924700018,0.224910941219681,0.267315802292679
0.456979244758439,0.395211333551797,0.313042905958923,0.156071175531618,0.228290979905662,0.270452664323708
0.460268762428187,0.398127304490331,0.31587669362768,0.158182740394884,0.231603483209596,0.273514456869336
0.463492514656816,0.400980127321575,0.318629360787366,0.160228852732898,0.23484772141357,0.276500376336072
0.466649525125278,0.403768813622326,0.321300118006658,0.162208755657943,0.238022971483583,0.279409627302182
0.469738824647627,0.406492383635609,0.323888188108858,0.164121702290934,0.241128517427528,0.28224142289678
0.472759451686632,0.409149866790283,0.326392806534255,0.165966956099878,0.244163650656523,0.284994985184538
0.475710452879791,0.411740302228369,0.328813221702652,0.167743791236743,0.24712767034901,0.287669545555412
0.478590883575072,0.414262739339403,0.331148695375363,0.169451492872138,0.250019883817065,0.290264345118797
0.481399808375658,0.416716238301055,0.333398503015902,0.171089357527176,0.252839606874302,0.292778635101464
0.484136301692935,0.419099870625175,0.335561934148616,0.172656693401853,0.255586164204741,0.295211677248611
0.486799448306862,0.421412719708414,0.337638292714454,0.174152820699327,0.258258889732004,0.297562744227348
0.48938834393287,0.42365388138652,0.339626897423102,0.175577071945416,0.260857126988171,0.299831120031868
0.491902095794339,0.425822464491342,0.341527082100649,0.176928792302666,0.263380229481619,0.302016100389601
0.494339823199677,0.427917591409562,0.343338196031986,0.178207339878309,0.265827561063137,0.304116993167548
0.496700658122957,0.429938398642116,0.345059604297098,0.179412086025452,0.268198496289623,0.30613311877803
0.498983745787046,0.431884037363229,0.346690688100432,0.180542415636819,0.270492420784621,0.308063810583029
0.501188245248097,0.433753673977972,0.348230845092507,0.181597727430379,0.272708731594988,0.30990841529631
0.503313329980229,0.435546490677188,0.349679489682932,0.182577434226198,0.274846837542918,0.311666293382471
0.505358188459212,0.437261685988633,0.351036053344022,0.183480963213849,0.2769061595726,0.313336819452076
0.507322024743905,0.438898475323144,0.352299984904179,0.184307756209738,0.278886131090752,0.314919382652007
0.509204059054164,0.440456091514606,0.353470750830247,0.185057269903692,0.280786198300251,0.316413387050145
0.511003528343955,0.441933785352515,0.354547835498028,0.18572897609419,0.282605820526137,0.317818252013538
0.512719686868317,0.443330826105864,0.355530741450204,0.18632236191161,0.284344470533213,0.319133412579121
0.514351806742849,0.44464650203714,0.356418989640889,0.186836930028919,0.286001634834504,0.320358319816177
0.515899178494362,0.445880120905139,0.357212119666065,0.187272198859171,0.28757681398981,0.321492441179582
0.517361111601333,0.447031010455375,0.357909689979221,0.187627702739317,0.289069522893646,0.32253526085303
0.51873693502278,0.448098518896821,0.358511278091469,0.18790299209975,0.290479291051834,0.32348628008133
0.520025997714202,0.449082015363746,0.359016480755504,0.18809763361906,0.29180566284604,0.324345017490945
0.521227669129206,0.449980890361433,0.35942491413277,0.188211210363555,0.293048197785551,0.325111009397927
0.522341339705483,0.450794556194574,0.35973621394326,0.188243321911038,0.294206470745643,0.325783810102428
0.52336642133379,0.451522447377167,0.359950035597366,0.188193584458443,0.295280072191881,0.326362992169007
0.524302347808623,0.452164021022775,0.36006605430929,0.18806163091291,0.296268608389707,0.326848146691933
0.525148575259309,0.452718757214031,0.360083965191542,0.187847110965941,0.29717170159874,0.32723888354475
0.52590458256027,0.453186159350351,0.360003483330068,0.187549691150294,0.297988990251198,0.32753483161341
0.526569871719233,0.453565754472798,0.359824343839667,0.187169054879324,0.2987201291139,0.32773563901224
0.527143968242263,0.453857093565162,0.359546301899312,0.186704902468502,0.299364789433364,0.32784097328216
0.527626421474461,0.454059751830332,0.359169132767115,0.186156951138876,0.299922659063481,0.327850521570482
0.528016804915328,0.454173328941109,0.358692631774691,0.185524935002312,0.300393442575369,0.327763990791774
0.52831471650777,0.45419744926467,0.358116614300709,0.184808605028322,0.300776861348989,0.32758110776923
0.52851977889983,0.454131762059984,0.357440915723513,0.184007728992408,0.301072653646151,0.327301619356081
0.528631639678315,0.453975941647504,0.356665391352705,0.183122091405822,0.301280574664624,0.326925292536621
0.52864997157352,0.453729687550594,0.355789916339663,0.182151493426714,0.301400396573043,0.326451914506458
0.528574472634382,0.453392724608185,0.354814385566994,0.181095752752678,0.301431908526382,0.325881292731664
0.528404866373427,0.45296480305824,0.353738713516995,0.17995470349473,0.301374916661831,0.325213254986543
0.528140901881025,0.452445698591724,0.352562834119235,0.178728196032814,0.301229244074907,0.324447649369796
0.527782353908479,0.451835212376815,0.351286700577413,0.177416096852937,0.300994730775713,0.323584344298919
0.527329022919659,0.451133171053205,0.349910285175729,0.176018288366123,0.300671233625291,0.322623228482706
0.526780735110887,0.450339426696428,0.34843357906499,0.174534668709335,0.300258626252073,0.321564210871819
0.526137342398968,0.449453856752224,0.346856592028815,0.172965151528648,0.299756798948463,0.320407220587401
0.525398722377286,0.448476363941053,0.34517935223024,0.171309665744907,0.299165658547641,0.319152206827814
0.524564778240028,0.447406876132945,0.343401905939166,0.16956815530217,0.298485128280732,0.31779913875359
0.523635438674676,0.446245346192979,0.341524317241066,0.1677405788993,0.297715147614515,0.316348005350778
0.522610657722996,0.444991751797733,0.339546667727452,0.165826909705035,0.296855672069896,0.314798815272907
0.521490414610888,0.443646095223195,0.33746905616861,0.163827135056952,0.295906673021425,0.313151596661834
0.520274713547491,0.442208403104625,0.335291598169178,0.161741256144756,0.294868137478168,0.311406396947826
0.518963583494098,0.440678726169008,0.333014425807144,0.159569287678319,0.293740067846282,0.309563282629245
0.517557077903487,0.439057138940792,0.330637687256923,0.157311257540988,0.292522481673717,0.307622339032281
0.516055274430349,0.437343739421643,0.32816154639712,0.154967206428619,0.291215411377449,0.305583670051204
0.514458274613633,0.4355386487451,0.325586182403729,0.152537187474899,0.289818903953752,0.303447397869694
0.512766203531655,0.433642010807001,0.322911789329414,0.150021265863483,0.288333020672012,0.301213662663798
0.510979209430913,0.431653991872655,0.320138575669675,0.147419518427514,0.286757836752631,0.298882622287164
0.509097463329644,0.429574780161802,0.317266763916587,0.144732033237126,0.28509344102961,0.296454451939187
0.507121158597198,0.427404585412435,0.314296590100955,0.141958909175497,0.283339935598438,0.293929343816821
0.505050510510388,0.425143638424635,0.311228303323625,0.139100255504103,0.281497435449915,0.291307506750745
0.502885755788027,0.422792190585583,0.308062165276796,0.136156191417789,0.279566068090608,0.288589165826709
0.500627152104937,0.420350513377027,0.304798449756138,0.133126845590285,0.277545973150653,0.285774561992856
0.498274977586718,0.417818897866406,0.301437442164542,0.13001235571085,0.275437301979593,0.282863951653869
0.495829530286697,0.415197654183025,0.297979439008375,0.126812868012673,0.273240217231072,0.279857606252816
0.493291127646411,0.412487110980546,0.29442474738705,0.123528536793736,0.270954892437115,0.276755811841612
0.490660105941134,0.409687614887214,0.290773684476816,0.120159523930805,0.268581511572841,0.27355886864103
0.487936819711863,0.406799529945182,0.287026577009576,0.116705998387231,0.266120268612395,0.270267090591189
0.485121641185332,0.403823237040379,0.283183760747658,0.113168135715281,0.263571367076974,0.266880804893541
0.482214959683558,0.400759133324325,0.279245579955378,0.109546117553678,0.260935019575802,0.263400351545331
0.479217181024494,0.397607631629368,0.275212386868275,0.1058401311211,0.258211447340947,0.259826082867571
0.476128726915329,0.39436915987878,0.271084541160911,0.102050368706297,0.255400879756856,0.256158363027534
0.472950034340077,0.391044160493199,0.26686240941411,0.0981770271556258,0.25250355388557,0.25239756755689
0.469681554943001,0.387633089794901,0.262546364582527,0.0942203073586919,0.249519713988514,0.248544082866498
0.466323754409531,0.384136417411364,0.258136785463458,0.0901804137328667,0.246449611045863,0.244598305759015
0.462877111846232,0.380554625679633,0.253634056167745,0.0860575537074178,0.243293502274403,0.240560642940366
0.459342119161499,0.376888209052974,0.249038565593746,0.0818519372080656,0.240051650644944,0.236431510531288
0.455719280448571,0.373137673511316,0.244350706905239,0.0775637761427056,0.23672432440025,0.23221133358004
0.452009111372507,0.369303535976991,0.239570877014222,0.0731932838891458,0.233311796574558,0.227900545577497
0.448212138562715,0.365386323737244,0.234699476069518,0.0687406747856384,0.229814344515709,0.223499587975795
0.444328899012737,0.361386573875085,0.229736906952182,0.0642061636251035,0.226232249411026,0.219008909711769
0.440359939488838,0.357304832709934,0.224683574778677,0.0595899651538799,0.222565795818006,0.214428966736427
0.436305815949136,0.353141655249645,0.219539886412831,0.054892293575943,0.218815271201013,0.209760221551751
0.432167092974819,0.348897604655399,0.214306249987589,0.0501133620634963,0.214980965475125,0.205003142756102
0.427944343215191,0.344573251721064,0.208983074437682,0.0452533822749596,0.211063170558373,0.200158204599629
0.42363814684817,0.340169174368554,0.203570769044271,0.0403125638813528,0.20706217993363,0.195225886551032
0.419249091057937,0.335685957160821,0.198069742992776,0.0352911141021814,0.20297828822148,0.190206672877143
0.414777769531438,0.331124190834064,0.192480404945047,0.0301892372519414,0.19881179076539,0.185101052236794
0.41022478197548,0.326484471850852,0.186803162627199,0.0250071342984789,0.194562983230681,0.179909517290541
0.405590733656163,0.321767401975813,0.18103842243444,0.0197450024344703,0.190232161218726,0.17463256432785
0.400876234962488,0.316973587875684,0.175186589054294,0.0144030346634136,0.185819619898006,0.169270692913432
0.396081900995914,0.312103640745456,0.169248065109734,0.00898141940155383,0.181325653653615,0.163824405554489
0.391208351187855,0.307158175962533,0.16322325082386,0.0034803400973748,0.176750555757024,0.158294207390754
0.386256208946979,0.302137812770787,0.157112543707795,-0.00210002512971961,0.172094618057894,0.152680605909266
0.381226101338403,0.297043173996553,0.15091633827368,-0.00775950382965889,0.167358130699952,0.146984110685962
0.37611865879685,0.291874885798627,0.144635025774693,-0.0134979295389925,0.162541381862964,0.141205233156281
0.370934514875971,0.286633577454516,0.138268993974273,-0.0193151420730328,0.157644657533052,0.135344486417107
0.365674306036142,0.281319881185206,0.131818626946807,-0.0252109877905861,0.152668241303746,0.129402385062561
0.360338671473127,0.275934432020938,0.125284304912272,-0.0311853198287647,0.147612414210276,0.123379445056267
0.354928252990132,0.270477867710527,0.118666404107496,-0.0372379983051994,0.142477454599821,0.117276183642907
0.349443694915969,0.264950828677014,0.111965296696969,-0.0433688904846553,0.137263638040692,0.111093119302169
0.343885644072105,0.259353958022513,0.105181350726322,-0.0495778709069047,0.131971237273504,0.104830771748248
0.338254749791657,0.253687901585398,0.0983149301219478,-0.0558648214723022,0.126600522207798,0.0984896619784621
0.332551663993457,0.24795330805307,0.0913663947403905,-0.0622296314813328,0.121151759967677,0.0920703123746845
0.326777041314663,0.242150829133905,0.0843361004716426,-0.0686721976239053,0.115625214990439,0.085573246861661
0.320931539305472,0.236281119792103,0.0772243994006778,-0.0751924239139093,0.110021149182412,0.0789989911265449
0.315015818689869,0.230344838549506,0.0700316400320407,-0.0817902215640634,0.104339822136579,0.0723480729043477
0.309030543696482,0.224342647858678,0.0627581675826524,-0.0884655087956981,0.09858149141692,0.0656210223343187
0.302976382464056,0.218275214551947,0.0554043243485653,-0.0952182105775119,0.0927464129148444,0.0588183723927777
0.296854007526236,0.212143210371346,0.0479704501518058,-0.102048258286902,0.0868348412834931,0.0519406594082263
0.290664096380786,0.205947312584821,0.0404568828740187,-0.108955589286827,0.0808470304561527,0.0449884236651302
0.284407332148709,0.19968820469447,0.0328639590843047,-0.115940146410451,0.0747832342556127,0.0379622101032546
0.278084404329102,0.193366577242956,0.0251920147691465,-0.123001877345242,0.0686437071017424,0.0308625691199413
0.271696009656101,0.18698312872478,0.0174413861732224,-0.130140733907239,0.0624287048253283,0.0236900574834183
0.265242853064647,0.180538566609529,0.00961241076052857,-0.13735667119546,0.0561384855967212,0.0164452393657779
0.258725648772367,0.17403360848479,0.00170542830618373,-0.144649646615447,0.0497733109787174,0.00912868750505678
0.252145121485333,0.167468983326947,-0.00627921786987504,-0.15201961875993,0.0433334471137081,0.00174098450651621
0.245502007736173,0.160845432908803,-0.0143411795149543,-0.15946654613339,0.036819166056192,-0.00571727570582491
0.238797057363467,0.154163713353493,-0.0224801018881181,-0.166990385706174,0.0302307472624678,-0.0132454862755742
0.232031035142184,0.147424596844998,-0.0306956220225289,-0.174591091282348,0.0235684792504711,-0.0208430256253972
0.225204722575476,0.140628873506216,-0.0389873667898002,-0.182268611664124,0.0168326614436979,-0.028509255479641
0.218318919859099,0.13377735345648,-0.0473549507489842,-0.190022888593881,0.0100236062144438,-0.036243518683084
0.21137444803036,0.126870869061195,-0.0557979737614024,-0.197853854453225,0.00314164114275509,-0.0440451367996129
0.204372151314525,0.119910277387255,-0.0643160183507454,-0.205761429696411,-0.00381288849104749,-0.0519134074732579
0.197312899682413,0.112896462878853,-0.0729086467861293,-0.213745519993441,-0.0108396169609927,-0.0598476015326566
0.190197591634076,0.105830340269438,-0.0815753978636695,-0.221806013055697,-0.0179381550762488,-0.0678469598183966
0.183027157224338,0.0987128577466274,-0.0903157833600912,-0.229942775114479,-0.0251080868654124,-0.0759106897111553
0.175802561347281,0.091545000388158,-0.0991292841294353,-0.238155647019939,-0.0323489659397,-0.084037961336681
0.16852480729779,0.0843277938881693,-0.108015345811459,-0.246444439924927,-0.0396603115084565,-0.0922279034218713
0.161194940629752,0.0770623085946048,-0.116973374117388,-0.254808930514717,-0.0470416040180887,-0.10047959877402
0.153814053331666,0.0697496638798226,-0.126002729655805,-0.263248855740035,-0.0544922803832549,-0.108792079353229
0.146383288342028,0.0623910328681587,-0.135102722258051,-0.271763907006675,-0.0620117287764898,-0.117164320905554
0.138903844428226,0.0549876475457265,-0.144272604759052,-0.280353723770611,-0.0695992829397762,-0.125595237122002
0.131376981454434,0.0475408042795302,-0.153511566185512,-0.289017886482575,-0.0772542159784732,-0.134083673285682
0.123804026065562,0.0400518697746976,-0.162818724299327,-0.297755908820875,-0.0849757335949517,-0.142628399366684
0.116186377816185,0.0325222875006034,-0.172193117439479,-0.306567229145328,-0.0927629667157546,-0.151228102521053
0.108525515775154,0.0249535846185474,-0.181633695600883,-0.315451201098997,-0.100614963462555,-0.1598813789471
0.100823005638633,0.0173473794458569,-0.191139310683289,-0.324407083277333,-0.108530680413123,-0.168586725048686
0.0930805073862562,0.00970538949329729,-0.200708705837772,-0.333434027877035,-0.116508973094505,-0.177342527851574
0.0852997835172309,0.00202944011501761,-0.210340503832249,-0.342531068228597,-0.124548585646073,-0.186147054615046
0.0774827079053464,-0.00567852618755146,-0.22003319435101,-0.351697105107853,-0.132648139585518,-0.194998441576951
0.0696312753141547,-0.0134164397639533,-0.229785120136263,-0.360930891712046,-0.140806121605823,-0.203894681766059
0.061747611615741,-0.0211820930689407,-0.239594461872436,-0.37023101717585,-0.149020870326176,-0.212833611811333
0.0538339847588949,-0.0289731291240448,-0.249459221706136,-0.379595888491463,-0.157290561914299,-0.221812897673041
0.0458928165347006,-0.0367870291354919,-0.259377205286635,-0.389023710685213,-0.165613194492158,-0.230830019216158
0.0379266951899301,-0.0446210992150195,-0.269346002203059,-0.398512465090227,-0.173986571231157,-0.239882253541648
0.0299383889407395,-0.0524724561480038,-0.279362964685848,-0.408059885541505,-0.182408282037199,-0.248966656986639
0.0219308604413956,-0.0603380121510239,-0.289425184430845,-0.417663432305494,-0.19087568372,-0.258080045699759
0.0139072822645661,-0.0682144585591881,-0.299529467395489,-0.42732026354172,-0.199385878535409,-0.267218974693592
0.00587105345167785,-0.0760982483816449,-0.30967230640726,-0.437027204078757,-0.20793569098368,-0.276379715271831
-0.00217418280686885,-0.0839855776625486,-0.319849851416039,-0.446780711271678,-0.21652164274164,-0.285558230725157
-0.0102245203005837,-0.0918723655836595,-0.330057877213583,-0.4565768376928,-0.225139925601831,-0.294750150186603
-0.0182757696752766,-0.0997542332445389,-0.340291748436211,-0.466411190392992,-0.233786372288022,-0.303950740535051
-0.0263234369951522,-0.107626481056495,-0.350546381660587,-0.476278886457097,-0.242456425013562,-0.313154876234128
-0.0343627009295531,-0.115484064687716,-0.360816204398531,-0.486174504565352,-0.251145101647925,-0.322357006994244
-0.0423883885047071,-0.123321569499165,-0.371095110795163,-0.496092032263657,-0.259846959357364,-0.331551123147469
-0.0503949493634371,-0.131133183414347,-0.381376413836582,-0.506024808640528,-0.268556055588829,-0.340730718629411
-0.0583764284794422,-0.138912668170836,-0.391652793879451,-0.515965462108876,-0.277265906272416,-0.349888751469304
-0.0663264372781331,-0.146653328908254,-0.401916243326848,-0.525905842998671,-0.285969441127846,-0.359017601700282
-0.0742381231228513,-0.154347982055985,-0.412158007293661,-0.535836950683901,-0.294658955975225,-0.368109026616428
-0.0821041371343533,-0.161988921495062,-0.422368520132751,-0.545748854997287,-0.303326061971059,-0.377154113323061
-0.0899166003226024,-0.169567882982335,-0.432537337731646,-0.555630611732083,-0.311961631717931,-0.3861432285522
-0.0976670680239185,-0.177076006842055,-0.442653065541596,-0.565470172096366,-0.32055574223214,-0.395065965747844
-0.105346492653418,-0.184503798950361,-0.452703282368553,-0.575254286076166,-0.329097614799174,-0.403911089466267
-0.112945184802993,-0.191841090062621,-0.462674460042357,-0.584968399785183,-0.337575551803759,-0.412666477186533
-0.120452772739114,-0.199076993562337,-0.472551879189202,-0.594596547037088,-0.345976870691261,-0.421319058686871
-0.127858160383029,-0.206199861743976,-0.48231954146703,-0.604121235578655,-0.354287835302213,-0.429854753215151
-0.13514948388863,-0.213197240781019,-0.491960078787168,-0.613523328675483,-0.362493584923309,-0.438258404767261
-0.142314066970931,-0.22005582457497,-0.501454660242102,-0.622781923054823,-0.370578061518532,-0.446513715887435
-0.149338375180792,-0.226761407731387,-0.510782897691432,-0.631874224589083,-0.378523935744032,-0.45460318051998
-0.156207969369623,-0.233298837965441,-0.519922751228766,-0.640775423555629,-0.386312532511769,-0.462508016573606
-0.162907458641222,-0.239651968301712,-0.528850436061918,-0.649458571836785,-0.393923757049609,-0.470208099007267
-0.169420453146529,-0.245803609501065,-0.537540332687085,-0.657894465029617,-0.401336022609468,-0.477681894409999
-0.17572951714052,-0.251735483220422,-0.545964902620364,-0.666051533111535,-0.408526181198082,-0.484906398224549
-0.181816122788145,-0.257428176488606,-0.554094612360324,-0.673895744042637,-0.415469458943924,-0.491857075953468
-0.187660605276901,-0.262861098161295,-0.561897868680457,-0.681390525453538,-0.422139397962611,-0.498507809881646
-0.19324211986597,-0.268012438098816,-0.569340968772574,-0.688496710330881,-0.428507806833672,-0.504830853045213
-0.198538601573707,-0.27285912988907,-0.576388069155789,-0.695172513316411,-0.434544722042199,-0.510796792364357
-0.203526728274053,-0.277376818011341,-0.583001177598356,-0.701373544806859,-0.44021838295465,-0.516374523026122
-0.208181888034802,-0.281539830400436,-0.589140172529321,-0.7070528703876,-0.445495223069927,-0.521531236338717
-0.212478151582649,-0.285321157420019,-0.594762854495961,-0.712161123144394,-0.450339880392554,-0.526232423365203
-0.216388250816524,-0.288692438282927,-0.599825034096127,-0.716646675952193,-0.454715229788079,-0.530441896662741
-0.219883564306873,-0.29162395595846,-0.604280660425716,-0.720455879816445,-0.458582440074165,-0.534121832383955
-0.222934110707537,-0.294084641574696,-0.608081993375765,-0.72353337263148,-0.461901058344817,-0.53723283481786
-0.225508550962632,-0.296042089250483,-0.611179822046907,-0.725822460250474,-0.464629123593315,-0.53973402513962
-0.227574200105914,-0.297462582169097,-0.613523730094593,-0.727265568518766,-0.466723311068844,-0.541583155683222
-0.229097049317946,-0.298311130526677,-0.615062406978399,-0.727804760980154,-0.468139107959196,-0.54273675043709
-0.230041798720272,-0.29855152174694,-0.61574400190153,-0.727382312501664,-0.4688310199357,-0.543150271685196
-0.230371901140053,-0.298146383044828,-0.61551651477562,-0.725941324369492,-0.468752806842231,-0.542778311781382
-0.230049616769044,-0.297057256042804,-0.614328215961726,-0.723426361885853,-0.467857744392661,-0.541574807971405
-0.229374209869017,-0.295596101311371,-0.612610168948584,-0.720330771479178,-0.466525484551986,-0.539914596309936
-0.228674220608464,-0.294104794738932,-0.610833036267146,-0.717190208947332,-0.465171563318545,-0.538208003333219
-0.227948638190891,-0.292582409281536,-0.608995926561611,-0.714003930873037,-0.463794896663695,-0.536453964410599
-0.227196466932585,-0.29102803649414,-0.607097991394686,-0.710771236663462,-0.462394422697205,-0.534651444761645
-0.226416730005301,-0.289440790365475,-0.605138430290355,-0.707491473801956,-0.460969106333171,-0.5327994441546
-0.225608469807462,-0.287819807643106,-0.60311649091489,-0.704164037586919,-0.459517939691979,-0.530896997385666
-0.224770748329561,-0.286164248148265,-0.601031469204561,-0.70078837082056,-0.458039942488845,-0.528943174736626
-0.223902647513149,-0.284473295079795,-0.598882709439427,-0.697363963447949,-0.456534162407616,-0.526937082409444
-0.223003269602682,-0.282746155306498,-0.596669604262751,-0.69389035214688,-0.454999675458515,-0.524877862936493
-0.2220717374896,-0.280982059647247,-0.59439159464579,-0.690367119869421,-0.4534355863186,-0.522764695565135
-0.221107195047963,-0.279180263138221,-0.592048169797944,-0.686793895336073,-0.451841028653728,-0.520596796615458
-0.220108807461015,-0.277340045286654,-0.589638867022428,-0.683170352483832,-0.450215165420948,-0.518373419810061
-0.219075761538027,-0.275460710310515,-0.58716327151786,-0.6794962098695,-0.448557189150214,-0.516093856574784
-0.218007266020837,-0.273541587363592,-0.584621016126319,-0.675771230029845,-0.446866322204487,-0.513757436309467
-0.216902551879444,-0.27158203074539,-0.582011781028643,-0.671995218800299,-0.445141817017255,-0.51136352662782
-0.215760872596122,-0.269581420095435,-0.579335293387931,-0.668168024594134,-0.443382956306701,-0.508911533565606
-0.214581504437463,-0.267539160571474,-0.576591326942357,-0.664289537644064,-0.441589053265711,-0.506400901756438
-0.21336374671382,-0.265454683011148,-0.573779701548578,-0.660359689208444,-0.439759451727067,-0.503831114574573
-0.21210692202565,-0.263327444076784,-0.570900282677233,-0.656378450744248,-0.437893526303237,-0.501201694244168
-0.210810376496245,-0.261156926382921,-0.567952980862067,-0.652345833049191,-0.435990682500262,-0.498512201914598
-0.209473479990413,-0.258942638606298,-0.56493775110447,-0.648261885375328,-0.434050356805307,-0.495762237701485
-0.208095626318673,-0.256684115578003,-0.561854592235277,-0.644126694516628,-0.432072016747564,-0.492951440693251
-0.206676233426529,-0.25438091835756,-0.55870354623576,-0.639940383872915,-0.430055160932237,-0.490079488922993
-0.205214743568512,-0.252032634288792,-0.555484697519966,-0.635703112492811,-0.427999319047499,-0.487146099305754
-0.203710623466592,-0.24963887703728,-0.552198172180497,-0.631415074098082,-0.425904051844318,-0.484151027541166
-0.202163364452697,-0.247199286609349,-0.548844137200012,-0.62707649609201,-0.423768951089201,-0.4810940679817
-0.200572482595036,-0.244713529352487,-0.54542279963072,-0.622687638554209,-0.421593639489933,-0.477975053466737
-0.198937518808018,-0.242181297937206,-0.54193440574426,-0.618248793224461,-0.419377770594546,-0.474793855122856
-0.197258038945555,-0.239602311320382,-0.538379240154332,-0.613760282477969,-0.41712102866377,-0.471550382130774
-0.195533633877584,-0.236976314690092,-0.534757624914508,-0.609222458294451,-0.414823128517313,-0.468244581459476
-0.193763919549682,-0.23430307939212,-0.531069918593653,-0.604635701223406,-0.412483815354433,-0.46487643756815
-0.191948537025709,-0.231582402838246,-0.527316515331393,-0.600000419347875,-0.410102864549292,-0.461445972076663
-0.190087152513393,-0.228814108396528,-0.523497843876082,-0.595317047248878,-0.407680081421673,-0.457953243405339
-0.188179457372878,-0.225998045263806,-0.519614366607647,-0.590586044972678,-0.405215300983725,-0.454398346384915
-0.186225168108242,-0.223134088320707,-0.515666578547697,-0.585807897002897,-0.402708387663417,-0.450781411837583
-0.184224026342056,-0.220222137969454,-0.511655006359287,-0.580983111239494,-0.400159235005521,-0.447102606130163
-0.182175798773087,-0.217262119954839,-0.507580207338575,-0.576112217986397,-0.3975677653509,-0.443362130700405
-0.180080277117283,-0.214253985168738,-0.503442768400674,-0.571195768949623,-0.394933929495023,-0.43956022155759
-0.177937278032204,-0.211197709438587,-0.499243305061829,-0.56623433624749,-0.392257706326604,-0.435697148758551
-0.175746643025127,-0.208093293300268,-0.494982460420104,-0.561228511434523,-0.389539102447349,-0.431773215860357
-0.173508238345054,-0.204940761755891,-0.490660904136554,-0.556178904540483,-0.386778151773809,-0.427788759350898
-0.171221954858913,-0.201740164016989,-0.486279331418923,-0.551086143125879,-0.383974915122381,-0.423744148058653
-0.168887707912243,-0.198491573233635,-0.481838462009665,-0.545950871355184,-0.381129479778505,-0.419639782542966
-0.166505437174737,-0.195195086210078,-0.477339039180172,-0.540773749088925,-0.378241959051173,-0.415476094466173
-0.164075106470981,-0.191850823107473,-0.472781828732861,-0.53555545099565,-0.375312491813819,-0.411253545948923
-0.161596703596811,-0.188458927134297,-0.468167618012763,-0.530296665684724,-0.372341242032736,-0.4069726289101
-0.159070240121709,-0.185019564225092,-0.463497214930111,-0.524998094860747,-0.369328398284135,-0.402633864392683
-0.15649575117768,-0.181532922708173,-0.458771446995392,-0.519660452500361,-0.366274173260955,-0.398237801876971
-0.153873295235111,-0.17799921296296,-0.453991160368167,-0.514284464052085,-0.363178803270597,-0.393785018582538
-0.151202953866083,-0.174418667067598,-0.449157218920902,-0.508870865659661,-0.360042547724668,-0.389276118760309
-0.148484831495681,-0.170791538437557,-0.444270503318978,-0.503420403409452,-0.356865688621857,-0.384711732976118
-0.145719055141804,-0.167118101455881,-0.439331910117877,-0.497933832602172,-0.353648530025058,-0.380092517387105
-0.142905774144075,-0.163398651095795,-0.434342350878561,-0.492411917049303,-0.350391397533822,-0.3754191530123
-0.140045159882372,-0.15963350253637,-0.429302751301858,-0.486855428394364,-0.347094637753178,-0.370692344998696
-0.137137405485614,-0.155822990771945,-0.42421405038269,-0.481265145459202,-0.343758617759936,-0.365912821884127
-0.134182725531324,-0.151967470215976,-0.419077199584738,-0.475641853615305,-0.340383724567383,-0.36108133485816
-0.131181355736652,-0.14806731430008,-0.413893162036275,-0.469986344180233,-0.33697036458947,-0.356198657022309
-0.128133552641404,-0.144122915068882,-0.408662911747578,-0.464299413839003,-0.333518963105386,-0.351265582650685
-0.125039593283722,-0.140134682771439,-0.403387432850441,-0.45858186409039,-0.330029963725445,-0.346282926452313
-0.121899774869022,-0.136103045449844,-0.398067718860113,-0.452834500717898,-0.326503827859206,-0.34125152283617
-0.118714414432817,-0.132028448525746,-0.392704771959998,-0.447058133285241,-0.322941034186665,-0.336172225180073
-0.115483848498041,-0.127911354385415,-0.387299602309314,-0.441253574656013,-0.319342078133317,-0.331045905104433
-0.112208432727492,-0.123752241964012,-0.381853227373913,-0.435421640537278,-0.3157074713499,-0.325873451751854
-0.108888541572007,-0.119551606329684,-0.376366671280313,-0.429563149046685,-0.312037741197519,-0.320655771073537
-0.10552456791499,-0.115309958268152,-0.370840964193059,-0.423678920302767,-0.308333430238881,-0.315393785123391
-0.102116922713883,-0.111027823868327,-0.365277141715335,-0.417769776037978,-0.304595095736252,-0.310088431360679
-0.0986660346391821,-0.106705744109614,-0.359676244312826,-0.411836539234043,-0.300823309156795,-0.304740661962034
-0.0951723497115889,-0.102344274451428,-0.354039316760667,-0.405880033779139,-0.297018655685806,-0.299351443143565
-0.0916363309378673,-0.0979439844254842,-0.34836740761337,-0.399901084146423,-0.293181733748417,-0.293921754493788
-0.0880584579459726,-0.0935054572314086,-0.342661568697525,-0.393900515093393,-0.289313154540219,-0.288452588318017
-0.0844392266200093,-0.0890292893361731,-0.336922854627034,-0.38787915138159,-0.285413541567271,-0.282944948994849
-0.0807791487355392,-0.0845160900778159,-0.331152322340606,-0.381837817516025,-0.281483530195867,-0.277399852345268
-0.0770787515957828,-0.0799664812739748,-0.325351030661246,-0.375777337503872,-0.27752376721245,-0.271818325014923
-0.0733385776692049,-0.075381096835614,-0.319520039877374,-0.369698534631808,-0.273534910393973,-0.266201403870009
-0.069559184228988,-0.0707605823864308,-0.313660411345257,-0.363602231261456,-0.269517628088998,-0.260550135407214
-0.0657411429948357,-0.0661055948882694,-0.307773207112333,-0.35748924864235,-0.26547259880976,-0.25486557517805
-0.0618850397776024,-0.0614168022729982,-0.301859489561075,-0.351360406741859,-0.261400510835423,-0.24914878722796
-0.0579914741271486,-0.0566948830811328,-0.295920321072942,-0.345216524091484,-0.257302061826676,-0.243400843550446
-0.0540610589838633,-0.0519405261075989,-0.28995676371202,-0.339058417648973,-0.253177958451831,-0.237622823556506
-0.0500944203342108,-0.0471544300548695,-0.283969878927852,-0.332886902675626,-0.249028916024464,-0.231815813559514
-0.0460921968707296,-0.042337303193833,-0.277960727277055,-0.326702792628292,-0.244855658152766,-0.225980906275807
-0.0420550396567908,-0.0374898630326038,-0.271930368163217,-0.320506899065433,-0.240658916400522,-0.220119200341015
-0.0379836117964881,-0.0326128359935354,-0.265879859594619,-0.314300031566723,-0.236439429959842,-0.214231799842309
-0.0338785881099306,-0.0277069570986211,-0.259810257959248,-0.30808299766558,-0.23219794533552,-0.208319813866528
-0.0297406548142665,-0.0227729696635197,-0.253722617816677,-0.301856602794145,-0.227935216041042,-0.202384356064301
-0.0255705092106961,-0.0178116250003333,-0.247617991706268,-0.295621650240105,-0.223652002306151,-0.196426544230093
-0.0213688593777221,-0.0128236821293159,-0.24149742997122,-0.28937894111487,-0.219349070795859,-0.19044749989816
-0.0171364238708596,-0.00780990749960522,-0.235361980597928,-0.283129274332505,-0.215027194340785,-0.18444834795432
-0.0128739314290237,-0.00277107471911585,-0.229212689070212,-0.276873446598986,-0.210687151678694,-0.178430216263456
-0.00858212068778148,0.00229203570634061,-0.223050598237851,-0.270612252411202,-0.206329727207065,-0.172394235312632
-0.00426173989963589,0.0073786366246292,-0.21687674819897,-0.264346484065235,-0.201955710746504,-0.166341537869648
8.64533385395438e-05,0.0124879344795564,-0.210692176195735,-0.258076931673389,-0.197565897314784,-0.160273258656845
0.00446169235073821,0.0176191295437215,-0.204497916522919,-0.251804383189537,-0.193161086911349,-0.154190534040026
0.00886320163967261,0.0227714161420428,-0.198295000448778,-0.245529624442269,-0.188742084311989,-0.148094501732175
0.0132901971371177,0.0279439828658769,-0.192084456147822,-0.239253439175407,-0.184309698873482,-0.141986300511831
0.0177418864467173,0.0331360127778476,-0.185867308644913,-0.232976609095393,-0.17986474434792,-0.135867069955759
0.0222174690791612,0.0383466836073515,-0.179644579770296,-0.22669991392516,-0.175408038706465,-0.129737950185719
0.0267161366797333,0.0435751679368577,-0.173417288125011,-0.22042413146402,-0.170940403972248,-0.123600081628998
0.0312370732482007,0.0488206333790406,-0.167186449056288,-0.214150037653145,-0.166462666062112,-0.117454604792391
0.0357794553510706,0.0540822427448811,-0.160953074642376,-0.207878406646225,-0.161975654636911,-0.111302660049319
0.0403424523262077,0.0593591542027887,-0.154718173686441,-0.201610010884926,-0.157480202960041,-0.105145387439732
0.0449252264798762,0.0646505214289277,-0.148482751718999,-0.195345621178705,-0.152977147763894,-0.0989839264824519
0.0495269332762361,0.0699554937488095,-0.142247811008499,-0.189086006788649,-0.148467329123942,-0.0928194159996047
0.0541467215194009,0.07527321627039,-0.136014350579555,-0.182831935514899,-0.143951590340044,-0.0866529939527171
0.0587837335281072,0.0806028300087473,-0.129783366238446,-0.176584173787347,-0.139430777824741,-0.0804857972901572
0.0634371053031093,0.0859434720025602,-0.123555850605431,-0.17034348675921,-0.134905740998118,-0.074318961805479
0.0681059666874183,0.0912942754225625,-0.117332793153443,-0.164110638403142,-0.130377332188962,-0.0681536220062985
0.0727894415195195,0.0966543696721733,-0.111115180252764,-0.157886391609514,-0.125846406541794,-0.0619909109932497
0.0774866477796977,0.102022880480497,-0.104903995221259,-0.151671508286571,-0.121313821929507,-0.0558319603486626
0.082196697729634,0.107398929987929,-0.0987002183797649,-0.145466749462081,-0.116780438871207,-0.0496779000344885
0.086918698045432,0.112781636824555,-0.0925048271122502,-0.139272875386204,-0.112247120454933,-0.0435298582990851
0.0916517499442907,0.118170116181664,-0.0863187959302933,-0.133090645635202,-0.107714732264874,-0.0373889615923814
0.0963949493049642,0.123563479876511,-0.0801430965415675,-0.126920819215745,-0.103184142312791,-0.0312563344890428
0.101147386782259,0.12896083641068,-0.0739786979218803,-0.120764154669453,-0.0986562209732047,-0.0251330996191408
0.105908147915745,0.134361291022243,-0.0678265663904433,-0.114621410177421,-0.0941318409221003,-0.0190203776059415
0.110676313232961,0.139763945732044,-0.0616876656879255,-0.10849334366438,-0.0896118770786856,-0.0129192870102875
0.115450958347286,0.145167899384342,-0.0555629570569914,-0.102380712902248,-0.085097206549946,-0.00683094428121142
0.120231154050787,0.150572247682123,-0.049453399324911,-0.0962842756127733,-0.0805887085775964,-0.000756463712266092
0.125015966402239,0.155976083217374,-0.0433599489879036,-0.0902047895689982,-0.0760872644871,0.00530304259683466
0.129804456810658,0.16137849549662,-0.0372835602968181,-0.0841430126952242,-0.0715937576383891,0.0113464647737714
0.134595682114545,0.166778570962038,-0.0312251853438425,-0.0780997031652756,-0.0671090733779643,0.0173726952027636
0.139388694657193,0.172175393008459,-0.0251857741498597,-0.07207561949875,-0.062634098992021,0.0233806285497998
0.144182542358294,0.17756804199657,-0.019166274752117,-0.0660715206550069,-0.0581697236602711,0.0293691617843725
0.148976268782214,0.182955595262693,-0.0131676332918231,-0.0600881661246025,-0.0537168384100899,0.0353371941982239
0.153768913203173,0.188337127125406,-0.00719079410140419,-0.0541263160179861,-0.0492763360707082,0.0412836274214779
0.158559510667712,0.19371170888941,-0.00123669979100606,-0.0481867311511188,-0.0448491112270754,0.0472073654366769
0.163347092054725,0.199078408846956,0.00469370866604356,-0.0422701731278383,-0.0404360601730843,0.0531073145911218
0.168130684133435,0.204436292277207,0.0105994918491913,-0.0363774044186585,-0.0360380808638247,0.0589823836080055
0.172909309619617,0.209784421443878,0.0164797118083215,-0.0305091884358032,-0.0316560728665552,0.0648314835967394
0.17768198723043,0.215121855591522,0.02233343198348,-0.0246662896042227,-0.0272909373100776,0.0706535280629462
0.182447731738207,0.22044765094085,0.0281597171269781,-0.0188494734283478,-0.0229435768321955,0.0764474329185253
0.18720555402359,0.225760860683447,0.0339576332282189,-0.0130595065543212,-0.0186148955249422,0.0822121164922795
0.19195446112833,0.23106053497626,0.0397262474415284,-0.00729715682753701,-0.0143057988773104,0.0879464995414529
0.196693456308168,0.236345720936269,0.0454646280173613,-0.00156319334517013,-0.0100171937151335,0.0936495052646898
0.201421539086131,0.241615462635693,0.0511718442371406,0.00414161349643864,-0.00574998813789784,0.0993200593167462
0.206137705306687,0.246868801098182,0.0568469663521164,0.00981649195986897,-0.00150509145211468,0.104957089825473
0.210840947191081,0.252104774296343,0.0624890655264875,0.0154606689303126,0.00271658589894697,0.110559527411378
0.215530253394285,0.257322417151037,0.0680972137851406,0.0210733698851497,0.00691413240949194,0.116126305210248
0.220204609063938,0.262520761532833,0.0736704839662871,0.0266538188695896,0.0110866355896255,0.121656358899165
0.224862995901705,0.267698836266077,0.0792079496793356,0.0322012384786368,0.0152331820482771,0.12714862672638
0.229504392227416,0.272855667135925,0.0847086852682556,0.0377148498455311,0.0193528575808264,0.132602049545347
0.234127773046427,0.277990276898824,0.0901717657807678,0.0431938726369293,0.0234447472617015,0.138015570853351
0.238732110120584,0.283101685296813,0.0955962669436256,0.0486375250549824,0.0275079355421729,0.143388136835057
0.243316372043236,0.288188909076122,0.100981265144321,0.0540450238465569,0.0315415063535925,0.148718696411375
0.24787952431867,0.293250962010436,0.10632583741944,0.0594155843197414,0.0355445432162502,0.154006201293943
0.2524205294464,0.298286854929312,0.11162906145001,0.0647484203678808,0.0395161293541105,0.159249606045599
0.256938347010718,0.303295595752123,0.116890015564053,0.0700427445012626,0.043455347815564,0.164447868147136
0.261431933775937,0.308276189528024,0.122107778746695,0.075297767886718,0.0473612816004498,0.169599948070693
0.265900243787706,0.31322763848231,0.12728143065801,0.0805127003952177,0.0512330137934608,0.174704809360042
0.270342228480822,0.318148942069634,0.132410051658929,0.0856867506576946,0.0550696277041332,0.179761418718069
0.274756836793947,0.323039097034503,0.137492722845408,0.0908191261292223,0.0588702070135513,0.184768746101733
0.279143015291638,0.327897097479485,0.142528526091155,0.0959090331617227,0.0626338359279266,0.189725764824759
0.283499708294069,0.33272193494154,0.147516544099104,0.100955677085314,0.0663595993391455,0.194631451668285
0.287825858014853,0.337512598476929,0.152455860461905,0.105958262298474,0.0700465829924333,0.199484786999722
0.292120404707337,0.342268074755051,0.157345559731589,0.110915992367097,0.0736938736611768,0.204284754899987
0.296382286819773,0.346987348161718,0.162184727498712,0.115828070132613,0.0773005593290574,0.209030343299372
0.300610441159704,0.351669400912172,0.166972450481061,0.12069369782923,0.0808657293794845,0.213720544122134
0.30480380306794,0.356313213174326,0.171707816622205,0.125512077210413,0.0843884747924335,0.218354353440034
0.308961306602471,0.360917763202549,0.176389915199992,0.130282409684671,0.0878678883486754,0.222930771634876
0.313081884732661,0.365482027482434,0.181017836945213,0.135003896460743,0.0913030648414564,0.22744880357026
0.317164469544021,0.370004980886877,0.185590674170524,0.139675738702204,0.0946931012955719,0.231907458772516
0.321207992453895,0.374485596843832,0.190107520909793,0.144297137691559,0.0980370971938501,0.236305751620969
0.325211384438332,0.378922847516096,0.194567473067967,0.148867295003831,0.101334154710972,0.240642701547537
0.329173576270422,0.383315703993433,0.198969628581573,0.153385412689676,0.104583378954583,0.244917333245687
0.333093498770358,0.387663136497361,0.203313087589913,0.157850693468001,0.107783878213611,0.249128676888726
0.33697008306742,0.391964114598879,0.207596952617028,0.162262340928055,0.110934764213658,0.253275768357396
0.340802260874133,0.396217607449393,0.211820328764464,0.166619559740961,0.114035152379361,0.257357649476695
0.344588964772764,0.400422584025152,0.215982323914872,0.170921555880653,0.117084162103585,0.261373368261869
0.348329128514307,0.404578013385312,0.220082048946418,0.175167536854078,0.120080917023233,0.265321979173387
0.352021687330088,0.408682864943928,0.224118617958007,0.17935671194062,0.12302454530151,0.269202543380807
0.355665578256109,0.412736108755978,0.228091148505244,0.183488292440584,0.125914179916426,0.27301412903531
0.359259740470171,0.416736715817595,0.231998761847088,0.187561491932632,0.128748958955262,0.276755811550717
0.362803115641836,0.420683658380602,0.235840583203072,0.191575526539971,0.131528025914776,0.280426673892735
0.366294648295214,0.42457591028143,0.239615742020994,0.195529615205124,0.134250530006831,0.28402580687614
0.369733286184538,0.428412447284462,0.243323372254895,0.199422979973071,0.136915626469133,0.287552309469632
0.373117980682477,0.432192247439812,0.246962612653187,0.203254846282519,0.139522476880774,0.291005289107981
0.376447687181039,0.435914291455504,0.250532607056676,0.207024443265043,0.142070249482171,0.294383862011129
0.37972136550494,0.439577563083958,0.254032504706271,0.21073100405181,0.14455811949906,0.297687153509824
0.382937980337229,0.443181049522712,0.257461460560119,0.214373766087585,0.146985269470118,0.30091429837737
0.386096501656928,0.446723741829162,0.260818635619833,0.21795197145166,0.14935088957778,0.304064441167016
0.389195905188418,0.450204635349176,0.264103197265534,0.22146486718539,0.151654177981827,0.307136736554513
0.392235172862215,0.453622730159264,0.267314319599292,0.224911705625892,0.15389434115523,0.310130349685281
0.39521329328679,0.456977031522062,0.270451183796628,0.228291744745544,0.156070594221787,0.313044456525668
0.398129262230971,0.46026655035474,0.273512978465609,0.231604248496813,0.158182161295039,0.31587824421769
0.400982083116496,0.463490303709951,0.276498900013124,0.234848487161971,0.160228275817899,0.318630911436666
0.403770767520148,0.466647315268857,0.279408153017811,0.2380237377072,0.162208180902483,0.321301668751086
0.40649433568495,0.469736615845729,0.282239950609158,0.241129284140573,0.164121129669536,0.323889738984071
0.409151817039743,0.472757243903555,0.284993514852202,0.244164417873378,0.165966385586892,0.326394357575723
0.411742250726536,0.475708246080064,0.287668077137262,0.247128438084229,0.167743222806348,0.328814772945664
0.414264686134854,0.478588677723454,0.290262878574093,0.250020652085372,0.169450926498341,0.331150246855028
0.416718183442354,0.481397603437152,0.292777170389819,0.252840375690582,0.171088793183808,0.333400054767151
0.419101814160866,0.484134097632777,0.295210214329988,0.255586933584039,0.172656131062573,0.335563486206203
0.42141466168703,0.486797245090537,0.297561283062049,0.258259659689524,0.174152260337619,0.337639845112963
0.42365582185658,0.489386141526105,0.299829660580534,0.260857897539267,0.175576513534588,0.339628450196946
0.425824403501351,0.491899894163112,0.302014642613205,0.2633810006418,0.176928235815856,0.341528635284084
0.427919529008016,0.494337622310208,0.304115537027383,0.265828332848057,0.178206785288478,0.343339749659107
0.429940334877498,0.496698457941712,0.306131664235704,0.26819926871508,0.179411533305391,0.345061158401851
0.431885972284015,0.498981546280735,0.308062357600456,0.270493193866559,0.180541864759145,0.346692242716619
0.433755607632635,0.501186046383671,0.309906963835705,0.272709505349486,0.18159717836754,0.348232400253795
0.435548423114195,0.503311131724875,0.311664843406338,0.274847611986193,0.182576886950472,0.34968104542286
0.437263617256456,0.505355990780351,0.313335370923199,0.276906934721006,0.183480417697349,0.351037609696009
0.438900405470259,0.507319827609185,0.314917935533441,0.278886906960771,0.184307212424411,0.352301541901538
0.440458020589497,0.509201862431451,0.316411941305206,0.280786974908497,0.185056727821322,0.353472308506187
0.441935713403678,0.51100133220133,0.317816807605789,0.282606597889352,0.185728435686401,0.354549393885674
0.443332753181817,0.512717491174064,0.319131969472368,0.284345248668268,0.18632182314987,0.355532300582604
0.444648428186424,0.514349611465447,0.320356877974449,0.286002413758387,0.186836392884539,0.356420549551022
0.445882046176323,0.515896983602477,0.321491000567128,0.287577593719636,0.187271663303313,0.357213680386865
0.447032934897066,0.5173589170638,0.322533821434299,0.28907030344665,0.187627168742997,0.357911251543579
0.448100442557663,0.518734740808597,0.323484841820962,0.290480072445374,0.187902459633838,0.358512840532252
0.449083938292436,0.520023803792515,0.324343580353759,0.291806445097587,0.188097102654288,0.359018044105568
0.449982812606725,0.521225475469296,0.325109573348905,0.293048980912695,0.188210680870521,0.359426478424978
0.450796477805281,0.522339146276748,0.325782375106704,0.294207254766091,0.188242793860209,0.359737779210492
0.451524368402177,0.523364228105734,0.326361558191852,0.295280857123455,0.18819305782016,0.35995160187254
0.452165941511051,0.524300154750833,0.326846713698736,0.296269394250345,0.188061105657395,0.360067621625378
0.452720677214628,0.525146382341445,0.327237451501014,0.297172488406493,0.187846587063299,0.360085533581582
0.453188078912418,0.525902389752042,0.327533400484725,0.297989778024229,0.187549168570522,0.360005052827191
0.453567673645589,0.526567678990384,0.327734208764278,0.298720917870489,0.187168533592316,0.359825914477102
0.453859012398048,0.527141775562547,0.327839543880652,0.299365579191902,0.186704382444052,0.359547873710415
0.454061670372806,0.527624228813629,0.327849092981208,0.299923449842473,0.18615643234669,0.359170705785383
0.454175247242797,0.5280146122431,0.327762562980544,0.300394234393434,0.185524417412007,0.358694206033782
0.454199367375345,0.528312523793818,0.327579680701868,0.300777654224859,0.184808088609439,0.358118189834462
0.454133680029568,0.528517586113755,0.327300192998409,0.301073447598674,0.184007213714415,0.357442492565966
0.453977859526087,0.528629446789624,0.326923866854445,0.301281369712764,0.183121577238121,0.356666969538115
0.453731605388438,0.528647778551606,0.326450489465551,0.301401192735876,0.182150980338652,0.355791495902528
0.453394642455737,0.528572279448495,0.325879868297745,0.301432705823103,0.181095240713547,0.354815966542072
0.452966720966146,0.528402672992659,0.325211831125264,0.301375715111753,0.179954192473782,0.353740295939326
0.452447616610833,0.528138708274275,0.324446226046728,0.301230043697462,0.178727685999261,0.352564418024159
0.451837130558194,0.527780160044441,0.323582921479529,0.300995531590451,0.177415587775969,0.351288286000595
0.451135089448152,0.527326828766791,0.322621806132348,0.300672035651888,0.176017780214904,0.349911872153175
0.450341345356477,0.526778540637387,0.321562788955708,0.300259429510325,0.174534161453016,0.348435167633075
0.449455775729161,0.526135147572751,0.320405799070603,0.299757603458293,0.172964645136377,0.346858182224298
0.448478283286925,0.525396527165958,0.319150785675228,0.299166464329096,0.171309160185832,0.345180944090288
0.447408795900073,0.524562582610866,0.317797717929933,0.298485935353992,0.169567650545454,0.343403499501377
0.446247266433966,0.523633242594597,0.316346584820564,0.297715955999887,0.167740074914119,0.34152591254349
0.444993672565478,0.522608461158538,0.314797395000431,0.296856481787822,0.165826406460595,0.339548264808609
0.443648016570902,0.521488217528184,0.313150176611162,0.295907484092484,0.163826632522495,0.337470655067516
0.442210325085812,0.520272515912245,0.311404977082773,0.294868949923073,0.161740754289562,0.335293198925363
0.440680648837525,0.518961385271564,0.309561862913362,0.293740881685893,0.159568786471725,0.333016028460678
0.439059062350822,0.517554879058441,0.307620919428833,0.29252329692903,0.157310756952387,0.330639291848433
0.437345663627721,0.516053074927071,0.305582250523166,0.291216228069611,0.154966706427474,0.328163152967815
0.43554057380212,0.514456074415883,0.303445978379724,0.289819722104056,0.152536688030746,0.325587790995415
0.433643936770224,0.512764002602651,0.301212243174231,0.288333840301907,0.150020766945942,0.322913399984528
0.431655918797722,0.510977007733308,0.298881202759986,0.286758657883714,0.147419020006298,0.320140188431288
0.429576708104745,0.509095260825509,0.296453032336033,0.285094263683643,0.144731535282048,0.317268378828444
0.427406514429686,0.507118955247998,0.29392792409895,0.28334075979734,0.141958411656478,0.314298207207483
0.425145568573032,0.505048306276963,0.29130608687903,0.281498261215771,0.139099758391182,0.31122992266996
0.422794121922386,0.502883550630575,0.288587745761623,0.279566895445673,0.136155694681124,0.308063786908801
0.42035244595992,0.500624945982991,0.28577314169446,0.277546802117351,0.133126349200174,0.304800073720425
0.417820831753515,0.498272770459136,0.282862531081792,0.275438132580524,0.130011859637725,0.301439068508496
0.415199589432921,0.495827322111635,0.279856185366246,0.273241049489013,0.126812372227116,0.297981067780167
0.412489047652253,0.493288918381316,0.276754390599286,0.270955726375028,0.123528041266485,0.294426378635665
0.40968955304022,0.49065789554272,0.273557447001213,0.268582347213873,0.120159028632761,0.290775318252067
0.406801469639449,0.487934608136102,0.270265668511667,0.266121105979883,0.116705503289468,0.287028213362132
0.403825178336348,0.485119428387438,0.26687938233161,0.263572206194448,0.113167640789052,0.283185399729061
0.400761076282924,0.482212745617972,0.263398928457779,0.260935860466991,0.109545622770423,0.279247221618057
0.397609576312025,0.479214965644874,0.259824659210669,0.25821229002978,0.105839636452452,0.275214031265577
0.394371106347422,0.476126510174536,0.256156938757025,0.255401724267469,0.102049874124093,0.271086188347118
0.391046108810269,0.472947816190163,0.252396142627975,0.252504400242308,0.0981765326319129,0.266864059444454
0.387635040023357,0.469679335335204,0.248542657233831,0.249520562215937,0.0942198128657334,0.262548017513218
0.384138369614693,0.466321533294257,0.24459687937668,0.246450461168747,0.0901799192431503,0.2581384413517
0.380556579921851,0.46287488917305,0.240559215761877,0.243294354317745,0.0860570591936663,0.253635715071758
0.376890165398639,0.459339894879135,0.236430082509573,0.240052504633969,0.0818514426432396,0.249040227572788
0.373139632025533,0.455717054504899,0.232209904667429,0.236725180360414,0.0775632815000142,0.244352372019626
0.369305496725412,0.452006883714539,0.227899115725718,0.233312654531549,0.0731927891420534,0.239572545325348
0.365388286786089,0.448209909136602,0.223498157135955,0.229815204495456,0.0687401799078727,0.234701147639878
0.361388539291132,0.444326667763753,0.219007477834348,0.226233111439699,0.0642056685906633,0.229738581845394
0.357306800560535,0.440357706361386,0.214427533771268,0.222566659922022,0.0595894699370411,0.224685253059504
0.353143625602729,0.436303580886737,0.209758787448047,0.218816137407041,0.0548917981512684,0.219541568147199
0.34889957757948,0.432164855920111,0.205001707462389,0.21498183381009,0.050112866405843,0.214307935242618
0.344575227285242,0.427942104109927,0.200156768063773,0.211064041049458,0.0452528863594873,0.208984763281701
0.340171152642524,0.423635905633212,0.195224448720218,0.207063052608286,0.04031206768353,0.203572461546848
0.335687938214882,0.419246847673259,0.19020523369787,0.202979163107423,0.0352906175977966,0.198071439224736
0.331126174739118,0.414775523916124,0.185099611654858,0.19881266789061,0.0301887404171102,0.1924821049785
0.326486458678411,0.410222534067716,0.179908075251029,0.194563862623443,0.0250066371096519,0.186804866535567
0.321769391798007,0.405588483393249,0.174631120775124,0.19023304290758,0.0197445048684427,0.181040130292478
0.316975580765266,0.400873982280828,0.169269247791127,0.185820503911783,0.0144025366973344,0.175188300938117
0.312105636775804,0.396079645831026,0.163822958805494,0.181326540021439,0.00898092101293604,0.16924978109685
0.307160175207658,0.391206093474365,0.158292758957207,0.176751444508311,0.0034798412641016,0.163224970993191
0.302139815305338,0.386253948618623,0.152679155732537,0.172095509222357,-0.00210052442938091,0.157114268139709
0.29704517989582,0.381223838328037,0.146982658706648,0.167359024307609,-0.00776000361704789,0.150918067050019
0.29187689513855,0.376116393036443,0.141203779314188,0.162542277944135,-0.0134984298350483,0.144636758978803
0.286635590311684,0.370932246296615,0.135343030651246,0.157645556118369,-0.0193156428982766,0.13827073169104
0.281321897636867,0.365672034568053,0.129400927311127,0.152669142424155,-0.0252114891651158,0.131820369262682
0.275936452145001,0.360336397045649,0.123377985256631,0.147613317897038,-0.0311858217722417,0.125286051915311
0.270479891585569,0.354925975531745,0.117274721731608,0.142478360884523,-0.0372385008368317,0.11866815588739
0.264952856382281,0.349441414354287,0.111091655214894,0.137264546955242,-0.0433693936231922,0.111967053345079
0.259355989637929,0.343883360333888,0.10482930541982,0.131972148850139,-0.0495783746706151,0.105183112335722
0.253689937191562,0.338252462802813,0.0984881933428328,0.126601436479088,-0.0558653258789687,0.0983166967874547
0.247955347731269,0.332549373679053,0.0920688413649109,0.121152676966526,-0.0622301365482323,0.0913681665586105
0.242152872966113,0.326774747598925,0.0855717734099002,0.115626134750091,-0.0686727033677936,0.0843378775410059
0.236283167860984,0.3209292421118,0.0789975151640339,0.11002207173645,-0.075192930351005,0.0772261818214861
0.230346890938417,0.315013517940839,0.0723465943613901,0.10434074751893,-0.0817907287100351,0.0700334279065047
0.224344704651677,0.309028239313857,0.065619541140273,0.0985824196618576,-0.0884660166656407,0.0627599610149396
0.21827727583379,0.302974074368796,0.0588168884760358,0.0927473440569895,-0.0952187191859327,0.0554061234448476
0.21214527622749,0.296851695638507,0.0519391726961996,0.0868357753578132,-0.102048767647703,0.0479722550202992
0.205949383101435,0.29066178061998,0.0449869340842455,0.0808479674979767,-0.108956099413269,0.0404586936250528
0.199690279958421,0.284405012433437,0.0379607175789163,0.0747841743006115,-0.115940657315156,0.0328657758303447
0.193368657341817,0.27808208057722,0.0308610735765318,0.068644650185946,-0.123002389040156,0.0251938376248644
0.186985213746832,0.271693681784724,0.0236885588442724,0.0624296509851154,-0.130141246403611,0.0174432152555443
0.180540656643763,0.265240520990163,0.0164437375531776,0.0561394348688294,-0.137357184503812,0.00961424618869713
0.17403570362089,0.258723312410447,0.00912718244019774,0.0497742634002267,-0.144650160745562,0.00170727020179945
0.167471083655307,0.252142780750958,0.00173947610950494,0.043334402722055,-0.152020133720812,-0.00627736938278112
0.160847538520509,0.245499662543648,-0.005718787515992,0.0368201248891608,-0.159467061933237,-0.0143393243098675
0.154165824340323,0.238794707626444,-0.0132470015810296,0.0302317093581825,-0.166990902352353,-0.0224782398359819
0.147426713299411,0.232028680773679,-0.0208445445094175,0.0235694446473954,-0.174591608781362,-0.0306937529916823
0.140630995521352,0.225202363487908,-0.0285107780266587,0.0168336301806332,-0.182269130021574,-0.0389854906459122
0.133779481126144,0.218316555964307,-0.036245044978705,0.0100245783305191,-0.190023407814432,-0.0473530673549889
0.126873002479842,0.211372079239636,-0.0440466669306355,0.00314261667741594,-0.197854374540579,-0.0557960829774438
0.11991241664998,0.204369777538641,-0.0519149415276833,-0.00381190949804605,-0.205761950653258,-0.0643141200341089
0.112898608081376,0.197310520831671,-0.0598491395996972,-0.0108386344695932,-0.213746041821426,-0.0729067407911738
0.105832491508079,0.190195207618337,-0.067848501988491,-0.017937169046107,-0.221806535755369,-0.0815734840417632
0.0987150151182827,0.183024767953066,-0.0759122360759811,-0.0251070972559142,-0.229943298685262,-0.0903138615595554
0.091547163990276,0.175800166729593,-0.0840395119891613,-0.0323479727099768,-0.238156171460078,-0.0991273541954769
0.0843299638187247,0.168522407242513,-0.0922294584561745,-0.039659314617402,-0.246444965231438,-0.108013407586106
0.0770644849520586,0.161192535045474,-0.100481158285567,-0.0470406034243837,-0.254809456683344,-0.116971427439435
0.0697518467630801,0.153811642126798,-0.1087936434387,-0.0544912760453936,-0.263249382765201,-0.12600077436076
0.0623932223765302,0.146380871424878,-0.117165889662877,-0.0620107206528067,-0.271764434881426,-0.135100758178076
0.0549898437788795,0.138901421707075,-0.125596810650343,-0.0695982709884732,-0.280354252486559,-0.144270631722918
0.0475430073374288,0.131374552837617,-0.134085251685441,-0.0772532001576611,-0.289018416029846,-0.153509584018556
0.0400540797575374,0.123801591461557,-0.142629982739477,-0.0849747138626921,-0.297756439188053,-0.162816732823419
0.032524504508742,0.116183937133716,-0.151229690969691,-0.0927619430301032,-0.306567760319399,-0.172191116472993
0.0249558087524323,0.108523068923302,-0.159882972575553,-0.100613935781605,-0.315451733065279,-0.181631684958679
0.0173496108059303,0.100820552526959,-0.168588323962045,-0.108529648695069,-0.324407616019424,-0.191137290176702
0.00970762817989497,0.0930780479249191,-0.17734413215602,-0.116507937297711,-0.333434561376755,-0.20070667527463
0.00203168622826505,0.0852973176171441,-0.186148664417784,-0.124547545729131,-0.342531602465922,-0.210338463016888
-0.0056762725478595,0.0774802354783356,-0.195000056986139,-0.132647095507332,-0.351697640060852,-0.220031143084317
-0.0134141784984878,0.0696287962731251,-0.203896302890739,-0.140805073325692,-0.360931427356827,-0.229783058215737
-0.0211798240789939,0.0617451258748659,-0.212835238761339,-0.149019817803899,-0.3702315534865,-0.239592389092284
-0.0289708523116907,0.0538314922338234,-0.221814530558887,-0.157289505110276,-0.379596425440001,-0.249457137857383
-0.0367847444037623,0.0458903171427857,-0.230831658148913,-0.165612133367503,-0.389024248241523,-0.25937511015727
-0.0446188064681131,0.0379241888504703,-0.239883898632791,-0.173985505747836,-0.398513003222024,-0.269343895578231
-0.0524701552915062,0.0299358755752474,-0.248968308347897,-0.182407212158177,-0.408060424214295,-0.279360846348092
-0.0603357030921507,0.0219283399738891,-0.258081703442913,-0.190874609409401,-0.417663971482536,-0.289423054160368
-0.0682121412070475,0.0139047546218933,-0.267220638930259,-0.199384799758681,-0.427320803184005,-0.299527324970495
-0.0760959226475383,0.00586851856385838,-0.276381386113218,-0.207934607707806,-0.437027744145,-0.309670151604364
-0.0839832434602949,-0.00217672500626814,-0.285559908281777,-0.216520554935348,-0.446781251718324,-0.319847684010738
-0.0918700228299463,-0.0102270698740362,-0.294751834567963,-0.225138833235831,-0.456577378474044,-0.330055696980818
-0.0997518818593078,-0.0182783266808439,-0.303952431849276,-0.233785275335266,-0.466411731460819,-0.340289555151011
-0.107624120963371,-0.0263260014860063,-0.313156574587571,-0.242455323449536,-0.476279427761351,-0.350544175098836
-0.115481695814471,-0.0343652729534536,-0.322358712491025,-0.251143995450964,-0.486175046053838,-0.360813984337851
-0.123319191778229,-0.0423909681034306,-0.331552835888964,-0.259845848509004,-0.496092573882274,-0.371092877015924
-0.131130796783347,-0.0503975365721537,-0.340732438713667,-0.26855494007418,-0.506025350333429,-0.38137416612307
-0.13891027257321,-0.0583790233260573,-0.349890478990412,-0.277264786080585,-0.515966003818689,-0.391650532021207
-0.146650924293906,-0.0663290397825695,-0.359019336747658,-0.285968316252399,-0.525906384666785,-0.401913967120201
-0.154345568381992,-0.0742407332962703,-0.368110769274019,-0.294657826414684,-0.535837492250786,-0.412155716543465
-0.161986498726443,-0.0821067549783173,-0.377155863668453,-0.303324927729445,-0.545749396402896,-0.422366214654358
-0.169565451092894,-0.0899192258281789,-0.386144986655649,-0.311960492805361,-0.555631152916334,-0.432535017353146
-0.177073565815282,-0.0976697011707221,-0.395067731671199,-0.320554598665487,-0.565470712999725,-0.442650730106347
-0.184501348780406,-0.105349133408569,-0.403912863261768,-0.329096466602752,-0.575254826640312,-0.452700931738007
-0.191838630755344,-0.112947833120013,-0.412668258895504,-0.337574399010093,-0.584968939953787,-0.462672094099238
-0.199074525136436,-0.120455428556752,-0.42132084833829,-0.345975713341914,-0.594597086756721,-0.472549497841056
-0.206197384232208,-0.127860823624009,-0.429856550824084,-0.354286673448669,-0.60412177479984,-0.482317144650172
-0.213194754231485,-0.135152154458312,-0.438260210333153,-0.362492418627926,-0.613523867353869,-0.491957666471038
-0.220053329052495,-0.142316744755905,-0.446515529392259,-0.370576890855558,-0.622782461152518,-0.501452232434065
-0.226758903318995,-0.14934106004739,-0.454605001926246,-0.378522760800688,-0.631874762076161,-0.510780454442046
-0.233296324765911,-0.156210661162364,-0.462509845822221,-0.386311353389407,-0.640775960411783,-0.519920292637509
-0.23964944643922,-0.16291015718117,-0.470209936015245,-0.393922573864917,-0.649459108053154,-0.528847962283373
-0.245801079122903,-0.169423158229587,-0.477683739068025,-0.401334835495735,-0.657895000610739,-0.537537843937573
-0.251732944498812,-0.175732228535671,-0.484908250394426,-0.408524990306523,-0.666052068077471,-0.545962399184994
-0.257425629622576,-0.181818840235632,-0.491858935465442,-0.415468264445038,-0.673896278431175,-0.55409209460041
-0.262858543378623,-0.187663328486361,-0.498509676531632,-0.422138200047563,-0.68139105932248,-0.561895337041201
-0.268009875658018,-0.193244848514546,-0.504832726591949,-0.428506605715686,-0.688497243760315,-0.56933842379092
-0.272856560081438,-0.198541335304141,-0.510798672526533,-0.434543517957945,-0.695173046410956,-0.576385511468321
-0.277374241162995,-0.203529466692794,-0.516376409479526,-0.440217176165595,-0.701374077697728,-0.582998607949029
-0.281537246874368,-0.208184630710141,-0.521533128713429,-0.445494013863617,-0.70705340323441,-0.58913759177683
-0.285318567618118,-0.212480898042901,-0.526234321242926,-0.450338669083797,-0.712161656136569,-0.594760263620465
-0.288689842647939,-0.216391000548317,-0.530443799574338,-0.454714016719998,-0.71664720930983,-0.599822434205056
-0.291621354975869,-0.219886316753544,-0.534123739807254,-0.458581225619068,-0.720456413790485,-0.60427805275832
-0.29408203577446,-0.222936865267689,-0.537234746175842,-0.461899842904851,-0.723533907503005,-0.60807937930604
-0.296039479208612,-0.225511306988901,-0.539735939799063,-0.464627907600853,-0.725822996328984,-0.611177203084559
-0.297459968509016,-0.227576956903963,-0.54158507295392,-0.46672209498656,-0.727266106139324,-0.61352110788367
-0.298308513920321,-0.229099806145762,-0.542738669571722,-0.468137892279782,-0.727805300499254,-0.615059783293272
-0.298548902915556,-0.230044554787784,-0.543152191879959,-0.468829805181206,-0.727382854291819,-0.615741378639977
-0.298143762759407,-0.230374655609137,-0.542780232177457,-0.468751593562983,-0.725941868812521,-0.615513893948817
-0.297054635124118,-0.230052368753944,-0.541576727657326,-0.467856533165735,-0.723426909364981,-0.614325599681077
-0.295593480203151,-0.229376958891011,-0.539916514800672,-0.466524275697089,-0.720331322187209,-0.612607558356844
-0.294102173470384,-0.228676966632265,-0.538209920608908,-0.465170356877736,-0.717190762887003,-0.610830431466181
-0.292579787883157,-0.227951381180279,-0.53645588045027,-0.463793692679237,-0.714004488045969,-0.608993327653204
-0.291025414997698,-0.227199206850434,-0.534653359543251,-0.462393221211526,-0.710771797070142,-0.607095398480394
-0.289438168803979,-0.226419466813631,-0.532801357655066,-0.460967907388832,-0.70749203744171,-0.605135843471366
-0.28781718605077,-0.225611203467471,-0.530898909580926,-0.459516743331622,-0.704164604457883,-0.603113910291867
-0.286161626560482,-0.224773478801677,-0.52894508560167,-0.458038748755158,-0.700788940919667,-0.6010288948775
-0.284470673533099,-0.223905374757065,-0.526938991918363,-0.456532971343294,-0.697364536770906,-0.598880141507518
-0.282743533838539,-0.223005993577403,-0.524879771062522,-0.454998487106218,-0.693890928688163,-0.596667042824236
-0.280979438296753,-0.222074458153488,-0.522766602280696,-0.453434400720914,-0.690367699622257,-0.594389039797837
-0.27917764194496,-0.221109912358777,-0.520598701892212,-0.451839845853126,-0.686794478292435,-0.592045621636505
-0.277337424291401,-0.220111521375954,-0.518375323618941,-0.450213985459748,-0.683170938634436,-0.589636325642124
-0.275458089555023,-0.219078472013783,-0.516095758886052,-0.448556012070547,-0.6794967992038,-0.587160737011855
-0.273538966890543,-0.218009973013626,-0.513759337092759,-0.446865148048248,-0.67577182253604,-0.584618488586206
-0.271579410598365,-0.216905255345062,-0.511365425852188,-0.445140645826078,-0.671995814465328,-0.58200926054433
-0.269578800318881,-0.215763572489986,-0.508913431199564,-0.443381788121915,-0.668168623403689,-0.57933278004754
-0.267536541210652,-0.214584200714648,-0.506402797768011,-0.441587888128302,-0.6642901395826,-0.576588820832109
-0.265452064112106,-0.213366439329115,-0.503833008931341,-0.439758289677645,-0.660360294259187,-0.573777202752717
-0.263324825686308,-0.212109610933596,-0.501203586913315,-0.437892367382005,-0.656379058889211,-0.570897791277918
-0.261154308548508,-0.210813061651181,-0.498514092862954,-0.435989526746976,-0.652346444269191,-0.567950496939295
-0.258940021376103,-0.209476161346522,-0.495764126895579,-0.43404920425925,-0.648262499650008,-0.564935274735999
-0.2566814990008,-0.20809830383002,-0.492953328099346,-0.432070867447505,-0.644127311824469,-0.561852123496544
-0.25437830248271,-0.206678907047114,-0.49008137450714,-0.430054014916408,-0.63994100419127,-0.55870108519982
-0.252030019166191,-0.205217413252306,-0.487147983033835,-0.427998176353563,-0.635703735797923,-0.555482244257428
-0.249636262717321,-0.203713289167582,-0.484152909378934,-0.425902912509337,-0.631415700365116,-0.552195726759462
-0.247196673142882,-0.202166026124929,-0.481095947894828,-0.423767815149612,-0.627077125295077,-0.548841699686029
-0.244710916790774,-0.20057514019266,-0.477976931420859,-0.421592506981519,-0.622688270666396,-0.545420370086734
-0.242178686331885,-0.198940172285329,-0.474795731083613,-0.419376641552416,-0.618249428217869,-0.541931984230578
-0.239599700723414,-0.197260688257032,-0.471552256063853,-0.417119903122325,-0.613760920323742,-0.538376826728584
-0.236973705153726,-0.195536278977929,-0.468246453330649,-0.414822006510233,-0.609223098962806,-0.534755219631617
-0.23430047096885,-0.193766560393871,-0.464878307343322,-0.412482696914651,-0.604636344683674,-0.531067521505812
-0.231579795580769,-0.19195117356902,-0.461447839721909,-0.410101749708974,-0.60000106556854,-0.52731412648805
-0.2288115023577,-0.19008978471145,-0.457955108886941,-0.4076789702122,-0.595317696197608,-0.52349546332392
-0.225995440496601,-0.18818208518169,-0.4544002096694,-0.40521419343567,-0.590586696616361,-0.519611994390575
-0.223131484878176,-0.186227791484237,-0.450783272891765,-0.402707283806539,-0.585808551307691,-0.515664214706851
-0.220219535904681,-0.184226645242122,-0.447104464921175,-0.40015813486874,-0.580983768170854,-0.511652650933024
-0.217259519320901,-0.182178413154606,-0.443363987195736,-0.397566668962291,-0.576112877509119,-0.507577860362483
-0.214251386018669,-0.180082886938166,-0.439562075725121,-0.394932836881798,-0.571196431027885,-0.503440429907574
-0.211195111825328,-0.177939883250926,-0.435699000566585,-0.392256617515102,-0.566235000844888,-0.499240975081791
-0.208090697276636,-0.175749243600758,-0.431775065277656,-0.389538017463027,-0.561229178514121,-0.494980138980462
-0.204938167374533,-0.173510834237295,-0.427790606346709,-0.386777070641234,-0.556179574064838,-0.490658591261931
-0.201737571330347,-0.171224546028125,-0.423745992602743,-0.383973837865222,-0.551086815057095,-0.486277027131247
-0.198488982293903,-0.168890294319478,-0.419641624605649,-0.381128406419529,-0.54595154565494,-0.481836166328196
-0.195192497069172,-0.166508018781769,-0.415477934018337,-0.378240889612237,-0.540774425718523,-0.477336752121539
-0.191848235816984,-0.164077683240329,-0.411255382962058,-0.375311426315865,-0.535556129916052,-0.472779550311085
-0.188456341745461,-0.161599275491773,-0.406974463356325,-0.372340180495797,-0.530297346856591,-0.4681653482393
-0.18501698078875,-0.159072807106384,-0.402635696244765,-0.369327340727321,-0.524998778244469,-0.463494953813883
-0.18153034127474,-0.156498313216994,-0.398239631108356,-0.366273119702465,-0.519661138056113,-0.458769194542828
-0.177996633582384,-0.153875852294841,-0.393786845167367,-0.363177753727712,-0.514285151739841,-0.453988916583243
-0.174416089789337,-0.151205505912887,-0.389277942673446,-0.360041502213758,-0.508871555439255,-0.449154983805195
-0.170788963310532,-0.148487378497105,-0.384713554193162,-0.35686464715838,-0.503421095240592,-0.444268276871695
-0.167115528528454,-0.145721597066315,-0.380094335884412,-0.353647492623567,-0.49793452644449,-0.439329692335913
-0.163396080415732,-0.142908310961075,-0.375420968767001,-0.350390364207964,-0.492412612862379,-0.434340141756539
-0.15963093415082,-0.140047691562224,-0.37069415798872,-0.347093608515713,-0.486856126137772,-0.429300550832193
-0.155820424727396,-0.137139931999647,-0.365914632088199,-0.343757592622725,-0.481265845092526,-0.424211858555613
-0.151964906558238,-0.13418524685186,-0.361083142255837,-0.34038270354141,-0.475642555098187,-0.419075016388374
-0.14806475307425,-0.131183871837017,-0.356200461593975,-0.336969347684848,-0.469987047472392,-0.413890987456677
-0.144120356319324,-0.128136063495942,-0.351267384377576,-0.333517950331358,-0.464300118900271,-0.408660745768785
-0.14013212654175,-0.12504209886781,-0.346284725316521,-0.330028955090402,-0.45858257088074,-0.40338527545453
-0.136100491782837,-0.12190227515908,-0.341253318820655,-0.326502823370697,-0.452835209197473,-0.398065570027253
-0.13202589746342,-0.118716909406321,-0.336174018268677,-0.322940033851401,-0.447058843414377,-0.392702631668503
-0.127908805968934,-0.115486338133529,-0.331047695281877,-0.319341081957187,-0.441254286395269,-0.387297470535691
-0.123749696233682,-0.112210917004579,-0.32587523900376,-0.315706479337987,-0.435422353847462,-0.38185110409292
-0.119549063324939,-0.108891020471387,-0.320657555386422,-0.312036753354106,-0.429563863888873,-0.376364556465012
-0.115307418027521,-0.105527041418447,-0.31539556648468,-0.308332446567464,-0.423679636638334,-0.370838857814864
-0.111025286429422,-0.102119390804291,-0.310090209758704,-0.304594116239559,-0.41777049382861,-0.365275043744069
-0.106703209509116,-0.0986684973005201,-0.304742437386046,-0.300822333836796,-0.411837258441772,-0.359674154716772
-0.10234174272506,-0.095174806928935,-0.29935321558373,-0.297017684543727,-0.405880754366349,-0.354037235506613
-0.097941455608003,-0.091638782697408,-0.293923523941189,-0.293180766784755,-0.399901806075876,-0.34836533466667
-0.093502931356585,-0.0880609042350004,-0.288454354764661,-0.289312191754754,-0.393901238328252,-0.34265950402214
-0.0890267664367786,-0.084441667426928,-0.282946712433664,-0.285412582959088,-0.38787987588543,-0.336920798185588
-0.0845135701856125,-0.0807815840498618,-0.277401612770104,-0.281482575763363,-0.38183854325285,-0.33115027409443
-0.0799639644196949,-0.0770811814081327,-0.271820082420551,-0.277522816953353,-0.375778064438135,-0.325348990570427
-0.0753785830489564,-0.0733410019713135,-0.266203158252121,-0.273533964305356,-0.369699262728421,-0.319518007900803
-0.0707580716960463,-0.0695616030136936,-0.26055188676242,-0.2695166861673,-0.363602960485809,-0.313658387440676
-0.0661030873217513,-0.06574355625608,-0.254867323503877,-0.265471661050792,-0.357489978960322,-0.307771191236381
-0.0614142978568736,-0.0618874475104297,-0.249150532522846,-0.26139957723439,-0.351361138119826,-0.301857481669325
-0.056692381840856,-0.0579938763276985,-0.24340258581374,-0.257301132378192,-0.345217256496338,-0.295918321119955
-0.0519380280675418,-0.0540634556493665,-0.237624562788463,-0.253177033149929,-0.339059151048126,-0.289954771651382
-0.0471519352383158,-0.0500968114629849,-0.231817549761288,-0.249027994862623,-0.332887637037027,-0.283967894712215
-0.0423348116229768,-0.0460945824621732,-0.225982639449448,-0.244854741123914,-0.326703527920433,-0.277958750858181
-0.037487374728539,-0.0420574197113771,-0.220120930489468,-0.240658003497059,-0.320507635257353,-0.271928399492016
-0.0326103509762538,-0.0379859863157572,-0.214233526969396,-0.236438521173654,-0.314300768628022,-0.265877898621184
-0.0277044753870109,-0.0338809570964791,-0.208321537976955,-0.23219704065799,-0.308083735566424,-0.259808304632898
-0.0227704912753619,-0.029743018271744,-0.202386077163643,-0.227934315463071,-0.301857341505273,-0.253720672085993
-0.0178091499522992,-0.0255728671437935,-0.196428262324788,-0.22365110581817,-0.295622389732835,-0.247616053519128
-0.0128212104369704,-0.0213712117921663,-0.190449214995506,-0.219348178387844,-0.289379681361102,-0.241495499274831
-0.00780743917740219,-0.0171387707733978,-0.184450060062462,-0.215026306002269,-0.283130015304729,-0.235360057338866
-0.00276860978039915,-0.0128762728274192,-0.178431925391382,-0.210686267398788,-0.276874188270283,-0.229210773194447
0.00229449724933244,-0.0085844565908012,-0.17239594147016,-0.206328846974463,-0.27061299475525,-0.223048689690784
0.00738109476076712,-0.00426407031703879,-0.166343241067421,-0.201954834549504,-0.26434722705631,-0.216874846925465
0.0124903891988103,8.41283960147515e-05,-0.160274958906322,-0.197565025141298,-0.258077675286367,-0.210690282140147
0.0176215808371631,0.00445937287137819,-0.154192231353468,-0.193160218748922,-0.251805127399902,-0.204496029629122
0.0227738640018403,0.00886088761080746,-0.148096196122643,-0.188741220147802,-0.245530369226105,-0.198293120660194
0.0279464272852894,0.0132878885451303,-0.141987991993171,-0.184308838694375,-0.239254184509407,-0.192082583407451
0.0331384537512216,0.0177395832770565,-0.135868758542593,-0.179863888140398,-0.232977354956854,-0.185865442895357
0.038349121130114,0.0222151713163515,-0.129739635893437,-0.175407186456713,-0.226700660291989,-0.179642720953785
0.0435776020055125,0.0267138443073899,-0.123601764473746,-0.170939555666144,-0.220424878314728,-0.17341543618343
0.0488230639911584,0.0312347862490425,-0.11745628479106,-0.166461821685238,-0.214150784966849,-0.167184603931195
0.0540846698990934,0.0357771737069309,-0.111304337219535,-0.161974814174563,-0.207879154402649,-0.160951236275036
0.0593615778987847,0.0403401760180502,-0.105147061799843,-0.157479366397237,-0.201610759064396,-0.15471634201784
0.0646529416674363,0.0449229554878052,-0.0989855980515211,-0.152976315085397,-0.195346369762149,-0.148480926689868
0.0699579105316031,0.049524667579513,-0.0928210847973964,-0.148466500314256,-0.189086755757596,-0.142245992559337
0.0752756296002665,0.0541444610964557,-0.0866546599996879,-0.143950765383436,-0.182832684851477,-0.136012538650646
0.0806052398895224,0.0587814783565523,-0.0804874606074415,-0.139429956705242,-0.176584923474278,-0.129781560769886
0.0859458784390602,0.0634348553597526,-0.0743206224148793,-0.134904923699541,-0.17034423677981,-0.123554051537137
0.091296678420612,0.0681037219482784,-0.0681552799302721,-0.130376518694901,-0.164111388741314,-0.117331000425181
0.0966567692385854,0.0727872019598392,-0.0619925662548988,-0.125845596835643,-0.157887142249752,-0.111113393804161
0.102025276623064,0.0774844133739575,-0.055833612971721,-0.121313015994465,-0.151672259213948,-0.104902214991823
0.107401322715403,0.0821944684515644,-0.0496795500433115,-0.116779636690284,-0.145467500662252,-0.0986984443089027
0.11278402614665,0.0869164738680303,-0.0435315057186352,-0.112246322010957,-0.139273626845398,-0.0925030591392809
0.118172502109031,0.091649530839833,-0.0373906064482181,-0.107713937540512,-0.133091397340221,-0.0863170339944659
0.123565862420733,0.0963927352450196,-0.0312579768073083,-0.103183351290536,-0.126921571153957,-0.0801413405820763
0.128963215584257,0.101145177737705,-0.0251347394265497,-0.0986554336354002,-0.120764906828787,-0.0739769478778789
0.134363666838578,0.105905943856778,-0.019022014929767,-0.0941310572509381,-0.11462216254637,-0.0678248222010609
0.139766318205434,0.110674114129113,-0.0129209218783478,-0.0896110970562139,-0.108494096231984,-0.0616859272922779
0.145170268529959,0.11544876416744,-0.00683257672185905,-0.0850964301580769,-0.102381465658099,-0.0555612243941962
0.150574613516004,0.120228964763183,-0.000758093754377423,-0.080587935798113,-0.0962850285470092,-0.0494516723341022
0.155978445756403,0.125013781974497,0.0053014149238762,-0.0760864953016596,-0.0902055426722917,-0.0433582276082413
0.16138085475852,0.129802277209787,0.0113448394400871,-0.0715929920285281,-0.0841437659587818,-0.037281844467501
0.166780926965352,0.134593507306958,0.0173710721779908,-0.0671083113251048,-0.078100456580835,-0.0312234750041248
0.172177745772535,0.139386524608718,0.0233790078031054,-0.0626333404774784,-0.0720763730585705,-0.0251840692390569
0.177570391541549,0.144180377034194,0.0293675432844675,-0.058168968665253,-0.0660722743518627,-0.0191645752096177
0.18295794160949,0.14897410814719,0.0353355779133729,-0.0537160869157031,-0.0600889199517838,-0.013165939057103
0.188339470295697,0.153766757221385,0.0412820133195156,-0.0492755880579658,-0.0541270699692869,-0.00718910511403735
0.19371404890562,0.158557359302793,0.0472057534850199,-0.0448483666768927,-0.0481874852208355,-0.00123501599067179
0.199080745732233,0.163344945269789,0.053105704756779,-0.0404353190662911,-0.0422709273107626,0.00469538733954819
0.204438626055418,0.168128541891094,0.0589807758575952,-0.036037343181162,-0.0363781587100688,0.0106011654559446
0.209786752139584,0.172907171881992,0.0648298778965018,-0.0316553385886801,-0.0305099428314632,0.0164813804082633
0.215124183229968,0.177679853959165,0.0706519243787523,-0.0272902064175675,-0.0246670441003739,0.0223350956364054
0.220449975547942,0.18244560289448,0.0764458312158958,-0.0229428493055488,-0.0188502280217043,0.0281613758925256
0.225763182285742,0.187203429568129,0.0822105167363937,-0.0186141713445811,-0.0130602612420626,0.033959287165864
0.231062853600945,0.191952341021421,0.0879449016971653,-0.0143050780235809,-0.00729791160730274,0.0397278966105748
0.236348036611145,0.196691340509672,0.0936479092965391,-0.0100164761683102,-0.00156394821505534,0.0454662724769308
0.241617775389161,0.201419427555494,0.099318465188972,-0.00574927387818323,0.00414085853789295,0.0511734840461658
0.246871110959221,0.206135598002952,0.104955497502028,-0.00150438045964058,0.00981573691367624,0.0568486015693315
0.252107081294498,0.210838844072902,0.110557936855943,0.00271729364411973,0.0154599137970538,0.0624906962104239
0.257324721316395,0.215528154419935,0.116124716386239,0.00691483692736709,0.0210726146649715,0.0680988399941143
0.262523062896013,0.220202514191327,0.121654771769753,0.0110873369002775,0.0266530635622161,0.073672105758395
0.267701134858208,0.224860905088387,0.127147041254501,0.0152338801718495,0.0322004830833716,0.0792095671124444
0.272857962988629,0.229502305430601,0.132600465693716,0.0193535525375296,0.0377140943612671,0.0847102983999992
0.277992570044199,0.234125690222994,0.138013988584476,0.0234454390718144,0.0431931170621509,0.0901733746685348
0.283103975767415,0.238730031227094,0.143386556111247,0.0275086242260427,0.0486367693877739,0.0955978716445582
0.288191196904946,0.24331429703594,0.148717117194761,0.0315421919316339,0.0540442680846065,0.100982865715302
0.293253247230902,0.247877453153522,0.154004623546484,0.0355452257089513,0.0594148284603511,0.106327433917094
0.298289137575242,0.252418462079066,0.159248029729101,0.0395168087820272,0.0647476644079642,0.111630653930686
0.303297875857726,0.25693628339659,0.164446293223257,0.043456024199323,0.0700419884373607,0.116891604083829
0.308278467127877,0.261429873870142,0.169598374500965,0.0473619549607523,0.0752970117149965,0.122109363361365
0.313229913611341,0.265898187545115,0.174703237105874,0.0512336841510828,0.0805119441114772,0.127283011423084
0.318151214763104,0.270340175856064,0.179759847740769,0.0550702950799249,0.0856859942573761,0.132411628629617
0.323041367327984,0.274754787741419,0.184767176362514,0.0588708714284414,0.0908183696074118,0.137494296076624
0.327899365408847,0.279140969765513,0.189724196284753,0.0626344974029231,0.095908276513157,0.142530095637506
0.332724200542932,0.283497666248303,0.194629884288556,0.0663602578953389,0.100954920304388,0.147518110014887
0.337514861786759,0.287823819403206,0.199483220741277,0.0700472386509963,0.105957505379243,0.1524574228011
0.342270335809969,0.292118369483369,0.204283189723791,0.0736945264433689,0.110915235303286,0.157347118547856
0.346989606998597,0.296380254936866,0.209028779166355,0.0773012092562261,0.115827312917621,0.162186282845384
0.351671657568094,0.30060841257106,0.213718980993208,0.0808663764730671,0.120692940456133,0.166974002411139
0.356315467686559,0.3048017777266,0.218352791276098,0.0843891190739614,0.125511319671973,0.171709365188355
0.360920015608533,0.308959284461321,0.222929210396836,0.0878685298397764,0.13028165197334,0.176391460454539
0.365484277819759,0.313079865744436,0.22744724321903,0.0913037035638551,0.135003138568667,0.181019378940135
0.370007229193273,0.31716245366132,0.231905899269037,0.0946937372710968,0.139674980621233,0.185592212957454
0.374487843157145,0.321205979629188,0.236304192926216,0.0980377304444327,0.144296379413246,0.190109056540006
0.378925091874271,0.325209374623967,0.24064114362253,0.101334785258649,0.148866536519441,0.194569005592384
0.383317946434501,0.329171569418637,0.244915776051503,0.104584006821506,0.153384653990192,0.198971158050753
0.38766537705942,0.333091494833282,0.249127120386503,0.107784503422042,0.157849934544127,0.20331461405405
0.391966353320075,0.336968081997087,0.253274212508351,0.110935386785976,0.162261581770221,0.207598476125952
0.396219844367909,0.340800262622487,0.257356094242128,0.114035772338065,0.166618800339331,0.211821849367631
0.400424819179185,0.34458696929167,0.261371813603174,0.117084779471294,0.170920796225127,0.215983841661364
0.404580246813063,0.348327135755551,0.265320425052059,0.120081531822694,0.175166776934298,0.220083563884945
0.408685096683583,0.352019697245391,0.26920098975845,0.1230251575556,0.179355951745974,0.224120130136899
0.412738338845692,0.35566359079713,0.273012575873647,0.125914789648149,0.183487531960215,0.228092657972451
0.41673894429548,0.359257755588515,0.2767542588116,0.128749566187763,0.187560731155437,0.232000268650176
0.42068588528471,0.36280113328906,0.280425121538142,0.131528630671334,0.19157476545461,0.235842087389226
0.42457813564974,0.366292668422834,0.284024254868197,0.134251132310865,0.195528853800023,0.239617243637014
0.428414671154863,0.369731308744031,0.287550757770605,0.136916226344208,0.199422218236427,0.243324871347195
0.432194469850093,0.373116005625289,0.291003737680291,0.1395230743506,0.203254084202305,0.246964109267794
0.435916512443339,0.376445714458592,0.294382310817354,0.142070844570607,0.207023680829011,0.250534101239229
0.439579782686895,0.379719395068637,0.297685602512707,0.14455871223012,0.210730241247499,0.254033996502028
0.443183267778157,0.382936012138452,0.300912747539817,0.146985859867965,0.214373002902319,0.257462950013944
0.446725958774374,0.386094535647053,0.304062890452106,0.149351477666739,0.217951207872559,0.260820122776209
0.450206851021248,0.389193941318808,0.307135185925499,0.151654763786379,0.221464103199373,0.264104682168558
0.45362494459512,0.392233211084234,0.310128799105597,0.153894924700018,0.224910941219681,0.267315802292679
0.456979244758439,0.395211333551796,0.313042905958923,0.156071175531618,0.228290979905662,0.270452664323707
0.460268762428186,0.39812730449033,0.315876693627678,0.158182740394883,0.231603483209595,0.273514456869335
0.463492514656814,0.400980127321574,0.318629360787365,0.160228852732897,0.234847721413569,0.276500376336071
0.466649525125276,0.403768813622324,0.321300118006656,0.162208755657942,0.23802297148358,0.27940962730218
0.469738824647626,0.406492383635608,0.323888188108858,0.164121702290934,0.241128517427527,0.282241422896779
0.472759451686631,0.409149866790283,0.326392806534254,0.165966956099877,0.244163650656522,0.284994985184537
0.47571045287979,0.411740302228367,0.32881322170265,0.167743791236741,0.247127670349008,0.287669545555411
0.47859088357507,0.414262739339401,0.331148695375361,0.169451492872137,0.250019883817063,0.290264345118796
0.481399808375657,0.416716238301055,0.333398503015902,0.171089357527176,0.252839606874301,0.292778635101463
0.484136301692934,0.419099870625174,0.335561934148615,0.172656693401853,0.25558616420474,0.295211677248611
0.486799448306861,0.421412719708413,0.337638292714454,0.174152820699327,0.258258889732003,0.297562744227347
0.489388343932868,0.423653881386519,0.339626897423102,0.175577071945415,0.26085712698817,0.299831120031866
0.491902095794338,0.425822464491341,0.341527082100649,0.176928792302666,0.263380229481618,0.3020161003896
0.494339823199677,0.427917591409562,0.343338196031986,0.178207339878309,0.265827561063137,0.304116993167547
0.496700658122956,0.429938398642115,0.345059604297097,0.179412086025452,0.268198496289621,0.306133118778029
0.498983745787045,0.431884037363229,0.346690688100431,0.180542415636818,0.27049242078462,0.308063810583028
0.501188245248096,0.433753673977972,0.348230845092506,0.181597727430379,0.272708731594988,0.309908415296309
0.503313329980227,0.435546490677187,0.349679489682931,0.182577434226197,0.274846837542917,0.31166629338247
0.505358188459211,0.437261685988632,0.351036053344022,0.183480963213849,0.2769061595726,0.313336819452075
0.507322024743903,0.438898475323143,0.352299984904179,0.184307756209738,0.278886131090751,0.314919382652005
0.509204059054163,0.440456091514606,0.353470750830246,0.185057269903692,0.28078619830025,0.316413387050145
0.511003528343954,0.441933785352513,0.354547835498027,0.185728976094189,0.282605820526134,0.317818252013537
0.512719686868315,0.443330826105863,0.355530741450204,0.186322361911611,0.284344470533213,0.31913341257912
0.514351806742848,0.44464650203714,0.356418989640888,0.186836930028919,0.286001634834504,0.320358319816176
0.515899178494361,0.445880120905139,0.357212119666065,0.187272198859171,0.287576813989809,0.321492441179582
0.517361111601331,0.447031010455375,0.357909689979221,0.187627702739317,0.289069522893644,0.32253526085303
0.51873693502278,0.448098518896821,0.358511278091469,0.18790299209975,0.290479291051834,0.32348628008133
0.5200259977142,0.449082015363745,0.359016480755503,0.18809763361906,0.29180566284604,0.324345017490945
0.521227669129204,0.449980890361433,0.35942491413277,0.188211210363555,0.29304819778555,0.325111009397926
0.522341339705482,0.450794556194574,0.35973621394326,0.188243321911038,0.294206470745643,0.325783810102427
0.52336642133379,0.451522447377167,0.359950035597365,0.188193584458443,0.29528007219188,0.326362992169007
0.524302347808622,0.452164021022774,0.36006605430929,0.18806163091291,0.296268608389707,0.326848146691933
0.525148575259309,0.452718757214031,0.360083965191542,0.187847110965941,0.29717170159874,0.32723888354475
0.52590458256027,0.453186159350351,0.360003483330068,0.187549691150294,0.297988990251197,0.327534831613409
0.526569871719233,0.453565754472797,0.359824343839667,0.187169054879324,0.2987201291139,0.32773563901224
0.527143968242263,0.453857093565162,0.359546301899312,0.186704902468502,0.299364789433365,0.32784097328216
0.52762642147446,0.454059751830332,0.359169132767116,0.186156951138877,0.299922659063481,0.327850521570482
0.528016804915328,0.454173328941109,0.358692631774691,0.185524935002313,0.300393442575369,0.327763990791774
0.52831471650777,0.45419744926467,0.358116614300709,0.184808605028322,0.300776861348988,0.32758110776923
0.52851977889983,0.454131762059984,0.357440915723513,0.184007728992409,0.30107265364615,0.32730161935608
0.528631639678315,0.453975941647503,0.356665391352705,0.183122091405822,0.301280574664626,0.326925292536621
0.52864997157352,0.453729687550594,0.355789916339664,0.182151493426715,0.301400396573044,0.326451914506458
0.528574472634381,0.453392724608185,0.354814385566994,0.181095752752678,0.301431908526382,0.325881292731665
0.528404866373428,0.45296480305824,0.353738713516996,0.179954703494731,0.301374916661832,0.325213254986544
0.528140901881025,0.452445698591724,0.352562834119234,0.178728196032814,0.301229244074907,0.324447649369796
0.527782353908479,0.451835212376815,0.351286700577414,0.177416096852938,0.300994730775713,0.323584344298919
0.527329022919659,0.451133171053206,0.34991028517573,0.176018288366123,0.300671233625291,0.322623228482707
0.526780735110887,0.450339426696428,0.348433579064991,0.174534668709335,0.300258626252073,0.321564210871819
0.526137342398968,0.449453856752224,0.346856592028816,0.172965151528649,0.299756798948463,0.320407220587401
0.525398722377286,0.448476363941053,0.345179352230241,0.171309665744907,0.299165658547642,0.319152206827815
0.524564778240028,0.447406876132946,0.343401905939166,0.169568155302171,0.298485128280733,0.31779913875359
0.523635438674676,0.446245346192979,0.341524317241067,0.167740578899302,0.297715147614516,0.316348005350779
0.522610657722996,0.444991751797733,0.339546667727453,0.165826909705036,0.296855672069896,0.314798815272908
0.521490414610888,0.443646095223196,0.337469056168611,0.163827135056954,0.295906673021426,0.313151596661835
0.520274713547492,0.442208403104626,0.335291598169178,0.161741256144756,0.294868137478168,0.311406396947827
0.518963583494099,0.440678726169009,0.333014425807145,0.159569287678321,0.293740067846284,0.309563282629247
0.517557077903488,0.439057138940792,0.330637687256923,0.157311257540989,0.292522481673717,0.307622339032281
0.516055274430349,0.437343739421643,0.328161546397122,0.15496720642862,0.29121541137745,0.305583670051205
0.514458274613633,0.435538648745101,0.32558618240373,0.1525371874749,0.289818903953753,0.303447397869694
0.512766203531656,0.433642010807003,0.322911789329416,0.150021265863484,0.288333020672013,0.3012136626638
0.510979209430914,0.431653991872655,0.320138575669675,0.147419518427515,0.286757836752632,0.298882622287164
0.509097463329644,0.429574780161802,0.317266763916588,0.144732033237127,0.285093441029611,0.296454451939188
0.507121158597199,0.427404585412436,0.314296590100956,0.141958909175498,0.283339935598439,0.293929343816822
0.505050510510389,0.425143638424636,0.311228303323627,0.139100255504105,0.281497435449915,0.291307506750746
0.502885755788028,0.422792190585584,0.308062165276797,0.13615619141779,0.27956606809061,0.28858916582671
0.500627152104937,0.420350513377028,0.304798449756139,0.133126845590287,0.277545973150654,0.285774561992859
0.498274977586719,0.417818897866407,0.301437442164544,0.130012355710852,0.275437301979595,0.282863951653871
0.495829530286697,0.415197654183027,0.297979439008376,0.126812868012675,0.273240217231073,0.279857606252818
0.493291127646412,0.412487110980548,0.294424747387052,0.123528536793737,0.270954892437116,0.276755811841614
0.490660105941135,0.409687614887215,0.290773684476817,0.120159523930806,0.268581511572843,0.273558868641031
0.487936819711863,0.406799529945183,0.287026577009577,0.116705998387232,0.266120268612396,0.27026709059119
0.485121641185333,0.40382323704038,0.28318376074766,0.113168135715283,0.263571367076975,0.266880804893542
0.482214959683559,0.400759133324326,0.27924557995538,0.10954611755368,0.260935019575803,0.263400351545333
0.479217181024494,0.397607631629369,0.275212386868277,0.105840131121101,0.258211447340947,0.259826082867572
0.47612872691533,0.394369159878781,0.271084541160913,0.102050368706299,0.255400879756857,0.256158363027536
0.472950034340078,0.3910441604932,0.266862409414112,0.098177027155628,0.252503553885571,0.252397567556891
0.469681554943003,0.387633089794902,0.262546364582529,0.094220307358694,0.249519713988516,0.2485440828665
0.466323754409533,0.384136417411366,0.25813678546346,0.0901804137328682,0.246449611045864,0.244598305759017
0.462877111846233,0.380554625679635,0.253634056167746,0.0860575537074199,0.243293502274404,0.240560642940368
0.4593421191615,0.376888209052976,0.249038565593748,0.0818519372080677,0.240051650644946,0.23643151053129
0.455719280448573,0.373137673511317,0.244350706905241,0.0775637761427078,0.236724324400251,0.232211333580041
0.452009111372508,0.369303535976992,0.239570877014224,0.0731932838891472,0.233311796574559,0.227900545577499
0.448212138562718,0.365386323737246,0.23469947606952,0.0687406747856404,0.229814344515711,0.223499587975797
0.444328899012738,0.361386573875087,0.229736906952184,0.0642061636251055,0.226232249411028,0.219008909711771
0.440359939488839,0.357304832709936,0.224683574778679,0.0595899651538814,0.222565795818007,0.214428966736429
0.436305815949137,0.353141655249646,0.219539886412833,0.0548922935759451,0.218815271201015,0.209760221551753
0.432167092974821,0.348897604655401,0.214306249987592,0.0501133620634985,0.214980965475127,0.205003142756104
0.427944343215193,0.344573251721066,0.208983074437684,0.0452533822749617,0.211063170558375,0.200158204599631
0.423638146848171,0.340169174368555,0.203570769044274,0.0403125638813543,0.207062179933632,0.195225886551034
0.419249091057939,0.335685957160823,0.198069742992778,0.0352911141021835,0.202978288221482,0.190206672877145
0.41477776953144,0.331124190834066,0.192480404945049,0.0301892372519437,0.198811790765393,0.185101052236796
0.410224781975482,0.326484471850854,0.186803162627203,0.0250071342984816,0.194562983230683,0.179909517290544
0.405590733656165,0.321767401975815,0.181038422434444,0.0197450024344734,0.190232161218729,0.174632564327853
0.400876234962489,0.316973587875686,0.175186589054296,0.014403034663415,0.185819619898008,0.169270692913435
0.396081900995917,0.312103640745459,0.169248065109737,0.00898141940155697,0.181325653653618,0.163824405554491
0.391208351187858,0.307158175962536,0.163223250823863,0.0034803400973774,0.176750555757026,0.158294207390757
0.386256208946981,0.30213781277079,0.157112543707798,-0.00210002512971678,0.172094618057895,0.152680605909267
0.381226101338405,0.297043173996555,0.150916338273683,-0.00775950382965568,0.167358130699955,0.146984110685965
0.376118658796852,0.29187488579863,0.144635025774696,-0.0134979295389905,0.162541381862965,0.141205233156282
0.370934514875973,0.286633577454519,0.138268993974276,-0.0193151420730299,0.157644657533055,0.135344486417109
0.365674306036144,0.281319881185209,0.131818626946809,-0.0252109877905833,0.152668241303749,0.129402385062564
0.360338671473129,0.27593443202094,0.125284304912275,-0.0311853198287625,0.147612414210278,0.123379445056269
0.354928252990134,0.270477867710529,0.118666404107499,-0.0372379983051966,0.142477454599824,0.11727618364291
0.349443694915971,0.264950828677016,0.111965296696972,-0.0433688904846531,0.137263638040695,0.111093119302172
0.343885644072107,0.259353958022515,0.105181350726325,-0.0495778709069018,0.131971237273506,0.10483077174825
0.33825474979166,0.253687901585401,0.0983149301219511,-0.0558648214722988,0.126600522207801,0.0984896619784655
0.332551663993459,0.247953308053072,0.0913663947403932,-0.0622296314813301,0.12115175996768,0.0920703123746873
0.326777041314665,0.242150829133908,0.0843361004716455,-0.0686721976239025,0.115625214990441,0.0855732468616638
0.320931539305475,0.236281119792105,0.0772243994006806,-0.0751924239139065,0.110021149182415,0.0789989911265477
0.315015818689871,0.230344838549508,0.070031640032044,-0.0817902215640605,0.104339822136583,0.0723480729043505
0.309030543696485,0.22434264785868,0.062758167582655,-0.0884655087956952,0.0985814914169232,0.0656210223343213
0.302976382464058,0.218275214551949,0.0554043243485687,-0.0952182105775081,0.0927464129148481,0.058818372392781
0.296854007526236,0.212143210371346,0.0479704501518058,-0.102048258286902,0.0868348412834931,0.0519406594082263
0.290664096380789,0.205947312584823,0.0404568828740224,-0.108955589286824,0.0808470304561558,0.0449884236651331
0.284407332148713,0.199688204694473,0.0328639590843082,-0.115940146410447,0.0747832342556145,0.0379622101032579
0.278084404329104,0.193366577242958,0.0251920147691501,-0.123001877345239,0.0686437071017452,0.0308625691199441
0.271696009656101,0.18698312872478,0.0174413861732223,-0.130140733907239,0.0624287048253283,0.0236900574834182
0.26524285306465,0.180538566609532,0.00961241076053213,-0.137356671195456,0.0561384855967245,0.0164452393657811
0.25872564877237,0.174033608484793,0.00170542830618783,-0.144649646615443,0.0497733109787202,0.00912868750506036
0.252145121485337,0.16746898332695,-0.00627921786987154,-0.152019618759927,0.0433334471137116,0.0017409845065194
0.245502007736173,0.160845432908803,-0.0143411795149543,-0.15946654613339,0.036819166056192,-0.00571727570582491
0.238797057363471,0.154163713353496,-0.0224801018881136,-0.166990385706169,0.0302307472624715,-0.0132454862755704
0.232031035142186,0.147424596845001,-0.0306956220225253,-0.174591091282345,0.0235684792504742,-0.0208430256253937
0.225204722575479,0.140628873506218,-0.0389873667897971,-0.182268611664121,0.0168326614437008,-0.0285092554796382
0.218318919859099,0.133777353456479,-0.0473549507489849,-0.190022888593882,0.0100236062144433,-0.0362435186830841
0.211374448030363,0.126870869061198,-0.0557979737613986,-0.197853854453222,0.00314164114275836,-0.0440451367996096
0.204372151314527,0.119910277387258,-0.0643160183507411,-0.205761429696406,-0.00381288849104353,-0.0519134074732544
0.197312899682416,0.112896462878855,-0.0729086467861256,-0.213745519993437,-0.0108396169609894,-0.0598476015326525
0.190197591634079,0.105830340269441,-0.0815753978636659,-0.221806013055694,-0.0179381550762452,-0.0678469598183932
0.183027157224342,0.0987128577466306,-0.0903157833600877,-0.229942775114475,-0.0251080868654088,-0.075910689711152
0.175802561347284,0.0915450003881607,-0.0991292841294316,-0.238155647019935,-0.0323489659396968,-0.0840379613366773
0.168524807297794,0.0843277938881729,-0.108015345811454,-0.246444439924923,-0.0396603115084519,-0.0922279034218671
0.161194940629756,0.0770623085946085,-0.116973374117383,-0.254808930514712,-0.0470416040180845,-0.100479598774016
0.153814053331669,0.0697496638798258,-0.126002729655801,-0.263248855740031,-0.0544922803832515,-0.108792079353225
0.146383288342031,0.062391032868162,-0.135102722258047,-0.271763907006671,-0.0620117287764864,-0.117164320905552
0.13890384442823,0.0549876475457296,-0.144272604759048,-0.280353723770607,-0.0695992829397725,-0.125595237121998
0.131376981454437,0.0475408042795333,-0.153511566185508,-0.289017886482572,-0.077254215978469,-0.134083673285678
0.123804026065565,0.0400518697747007,-0.162818724299324,-0.297755908820872,-0.084975733594948,-0.142628399366681
0.116186377816188,0.0325222875006068,-0.172193117439475,-0.306567229145324,-0.092762966715751,-0.151228102521049
0.108525515775157,0.0249535846185505,-0.181633695600879,-0.315451201098992,-0.100614963462551,-0.159881378947097
0.100823005638637,0.0173473794458607,-0.191139310683285,-0.324407083277329,-0.108530680413119,-0.168586725048681
0.0930805073862597,0.00970538949329984,-0.200708705837768,-0.333434027877031,-0.116508973094501,-0.17734252785157
0.0852997835172341,0.00202944011502089,-0.210340503832245,-0.342531068228594,-0.124548585646069,-0.186147054615042
0.0774827079053499,-0.00567852618754824,-0.220033194351005,-0.351697105107848,-0.132648139585513,-0.194998441576946
0.0696312753141581,-0.0134164397639497,-0.229785120136259,-0.360930891712042,-0.140806121605819,-0.203894681766055
0.0617476116157444,-0.0211820930689373,-0.239594461872432,-0.370231017175846,-0.149020870326172,-0.212833611811329
0.0538339847588985,-0.0289731291240415,-0.249459221706132,-0.379595888491459,-0.157290561914296,-0.221812897673037
0.0458928165347044,-0.036787029135488,-0.25937720528663,-0.389023710685209,-0.165613194492155,-0.230830019216153
0.0379266951899335,-0.0446210992150162,-0.269346002203055,-0.398512465090223,-0.173986571231154,-0.239882253541644
0.0299383889407429,-0.0524724561480004,-0.279362964685844,-0.408059885541501,-0.182408282037194,-0.248966656986635
0.0219308604413985,-0.0603380121510212,-0.289425184430841,-0.41766343230549,-0.190875683719996,-0.258080045699754
0.01390728226457,-0.0682144585591841,-0.299529467395484,-0.427320263541716,-0.199385878535404,-0.267218974693587
0.00587105345168133,-0.0760982483816415,-0.309672306407256,-0.437027204078753,-0.207935690983677,-0.276379715271827
-0.00217418280686493,-0.0839855776625446,-0.319849851416035,-0.446780711271674,-0.216521642741636,-0.285558230725152
-0.0102245203005802,-0.091872365583656,-0.330057877213579,-0.456576837692796,-0.225139925601827,-0.294750150186599
-0.0182757696752731,-0.0997542332445355,-0.340291748436207,-0.466411190392989,-0.233786372288018,-0.303950740535047
-0.0263234369951487,-0.107626481056492,-0.350546381660583,-0.476278886457093,-0.242456425013558,-0.313154876234124
-0.0343627009295488,-0.115484064687712,-0.360816204398526,-0.486174504565347,-0.251145101647921,-0.322357006994239
-0.0423883885047034,-0.123321569499162,-0.371095110795158,-0.496092032263653,-0.25984695935736,-0.331551123147466
-0.0503949493634333,-0.131133183414344,-0.381376413836578,-0.506024808640525,-0.268556055588825,-0.340730718629407
-0.0583764284794386,-0.138912668170833,-0.391652793879447,-0.515965462108871,-0.277265906272412,-0.3498887514693
-0.0663264372781296,-0.146653328908251,-0.401916243326844,-0.525905842998666,-0.285969441127842,-0.359017601700278
-0.0742381231228474,-0.154347982055982,-0.412158007293657,-0.535836950683896,-0.294658955975221,-0.368109026616424
-0.0821041371343495,-0.161988921495059,-0.422368520132746,-0.545748854997284,-0.303326061971055,-0.377154113323057
-0.0899166003225981,-0.169567882982331,-0.432537337731641,-0.555630611732078,-0.311961631717926,-0.386143228552195
-0.0976670680239148,-0.177076006842052,-0.442653065541591,-0.565470172096361,-0.320555742232137,-0.395065965747839
-0.105346492653415,-0.184503798950358,-0.452703282368549,-0.575254286076162,-0.32909761479917,-0.403911089466264
-0.112945184802989,-0.191841090062618,-0.462674460042352,-0.584968399785178,-0.337575551803754,-0.412666477186528
-0.12045277273911,-0.199076993562333,-0.472551879189197,-0.594596547037082,-0.345976870691256,-0.421319058686866
-0.127858160383026,-0.206199861743973,-0.482319541467025,-0.604121235578651,-0.354287835302209,-0.429854753215148
-0.135149483888626,-0.213197240781016,-0.491960078787163,-0.613523328675478,-0.362493584923305,-0.438258404767257
-0.142314066970928,-0.220055824574967,-0.501454660242098,-0.622781923054819,-0.370578061518528,-0.446513715887431
-0.149338375180787,-0.226761407731383,-0.510782897691428,-0.631874224589079,-0.378523935744028,-0.454603180519977
-0.15620796936962,-0.233298837965438,-0.519922751228762,-0.640775423555624,-0.386312532511765,-0.462508016573602
-0.162907458641219,-0.23965196830171,-0.528850436061915,-0.649458571836781,-0.393923757049606,-0.470208099007265
-0.169420453146526,-0.245803609501063,-0.537540332687081,-0.657894465029613,-0.401336022609465,-0.477681894409996
-0.175729517140517,-0.251735483220419,-0.54596490262036,-0.666051533111532,-0.408526181198078,-0.484906398224546
-0.181816122788143,-0.257428176488603,-0.55409461236032,-0.673895744042633,-0.415469458943921,-0.491857075953465
-0.187660605276898,-0.262861098161293,-0.561897868680455,-0.681390525453536,-0.422139397962608,-0.498507809881643
-0.193242119865968,-0.268012438098814,-0.569340968772572,-0.688496710330879,-0.42850780683367,-0.504830853045211
-0.198538601573705,-0.272859129889068,-0.576388069155787,-0.695172513316409,-0.434544722042197,-0.510796792364355
-0.20352672827405,-0.27737681801134,-0.583001177598353,-0.701373544806856,-0.440218382954647,-0.51637452302612
-0.208181888034801,-0.281539830400435,-0.589140172529317,-0.707052870387597,-0.445495223069924,-0.521531236338715
-0.212478151582646,-0.285321157420018,-0.594762854495958,-0.712161123144391,-0.450339880392552,-0.5262324233652
-0.216388250816522,-0.288692438282926,-0.599825034096125,-0.716646675952191,-0.454715229788077,-0.530441896662739
-0.219883564306872,-0.291623955958459,-0.604280660425714,-0.720455879816444,-0.458582440074164,-0.534121832383955
-0.222934110707535,-0.294084641574695,-0.608081993375763,-0.723533372631479,-0.461901058344815,-0.537232834817858
-0.225508550962631,-0.296042089250482,-0.611179822046907,-0.725822460250473,-0.464629123593314,-0.539734025139619
-0.227574200105913,-0.297462582169098,-0.613523730094593,-0.727265568518768,-0.466723311068844,-0.541583155683222
-0.229097049317946,-0.298311130526677,-0.615062406978399,-0.727804760980154,-0.468139107959195,-0.54273675043709
-0.230041798720271,-0.29855152174694,-0.615744001901529,-0.727382312501663,-0.468831019935699,-0.543150271685196
-0.230371901140053,-0.298146383044828,-0.61551651477562,-0.725941324369492,-0.46875280684223,-0.542778311781382
-0.230049616769044,-0.297057256042806,-0.614328215961726,-0.723426361885854,-0.467857744392661,-0.541574807971405
-0.229374209869017,-0.295596101311372,-0.612610168948584,-0.720330771479179,-0.466525484551986,-0.539914596309937
-0.228674220608463,-0.294104794738933,-0.610833036267147,-0.717190208947335,-0.465171563318546,-0.53820800333322
-0.227948638190891,-0.292582409281537,-0.608995926561612,-0.714003930873038,-0.463794896663696,-0.5364539644106
-0.227196466932584,-0.29102803649414,-0.607097991394686,-0.710771236663462,-0.462394422697204,-0.534651444761645
-0.226416730005302,-0.289440790365475,-0.605138430290355,-0.707491473801957,-0.460969106333172,-0.532799444154601
-0.225608469807462,-0.287819807643107,-0.603116490914891,-0.70416403758692,-0.45951793969198,-0.530896997385667
-0.224770748329562,-0.286164248148266,-0.601031469204562,-0.700788370820564,-0.458039942488846,-0.528943174736627
-0.223902647513149,-0.284473295079796,-0.598882709439428,-0.697363963447951,-0.456534162407616,-0.526937082409445
-0.223003269602683,-0.282746155306498,-0.596669604262752,-0.693890352146884,-0.454999675458517,-0.524877862936495
-0.2220717374896,-0.280982059647248,-0.594391594645792,-0.690367119869423,-0.4534355863186,-0.522764695565136
-0.221107195047964,-0.279180263138222,-0.592048169797945,-0.686793895336075,-0.45184102865373,-0.52059679661546
-0.220108807461015,-0.277340045286654,-0.58963886702243,-0.683170352483834,-0.450215165420948,-0.518373419810062
-0.219075761538027,-0.275460710310516,-0.587163271517861,-0.679496209869501,-0.448557189150215,-0.516093856574784
-0.218007266020837,-0.273541587363593,-0.584621016126319,-0.675771230029847,-0.446866322204488,-0.513757436309468
-0.216902551879444,-0.27158203074539,-0.582011781028643,-0.671995218800301,-0.445141817017255,-0.511363526627821
-0.215760872596124,-0.269581420095438,-0.579335293387933,-0.668168024594136,-0.443382956306703,-0.508911533565608
-0.214581504437464,-0.267539160571475,-0.576591326942357,-0.664289537644068,-0.441589053265713,-0.50640090175644
-0.213363746713821,-0.265454683011149,-0.573779701548581,-0.660359689208447,-0.439759451727068,-0.503831114574575
-0.21210692202565,-0.263327444076785,-0.570900282677235,-0.656378450744251,-0.437893526303237,-0.50120169424417
-0.210810376496244,-0.261156926382922,-0.567952980862068,-0.652345833049193,-0.435990682500262,-0.498512201914599
-0.209473479990414,-0.258942638606299,-0.564937751104472,-0.648261885375332,-0.434050356805308,-0.495762237701487
-0.208095626318672,-0.256684115578003,-0.561854592235278,-0.644126694516629,-0.432072016747565,-0.492951440693252
-0.206676233426529,-0.254380918357561,-0.55870354623576,-0.639940383872916,-0.430055160932237,-0.490079488922994
-0.205214743568513,-0.252032634288793,-0.555484697519968,-0.635703112492813,-0.4279993190475,-0.487146099305755
-0.203710623466593,-0.249638877037281,-0.552198172180499,-0.631415074098085,-0.42590405184432,-0.484151027541167
-0.202163364452697,-0.24719928660935,-0.548844137200014,-0.627076496092012,-0.423768951089202,-0.481094067981702
-0.200572482595036,-0.244713529352487,-0.545422799630721,-0.62268763855421,-0.421593639489933,-0.477975053466738
-0.198937518808019,-0.242181297937209,-0.541934405744261,-0.618248793224463,-0.419377770594547,-0.474793855122857
-0.197258038945556,-0.239602311320384,-0.538379240154334,-0.613760282477972,-0.417121028663771,-0.471550382130776
-0.195533633877583,-0.236976314690093,-0.53475762491451,-0.609222458294453,-0.414823128517314,-0.468244581459478
-0.193763919549682,-0.234303079392121,-0.531069918593654,-0.604635701223407,-0.412483815354434,-0.46487643756815
-0.19194853702571,-0.231582402838248,-0.527316515331394,-0.600000419347877,-0.410102864549293,-0.461445972076664
-0.190087152513394,-0.228814108396529,-0.523497843876084,-0.595317047248881,-0.407680081421674,-0.457953243405341
-0.188179457372879,-0.225998045263808,-0.519614366607649,-0.59058604497268,-0.405215300983725,-0.454398346384916
-0.186225168108243,-0.223134088320709,-0.515666578547697,-0.5858078970029,-0.402708387663418,-0.450781411837585
-0.184224026342057,-0.220222137969456,-0.511655006359288,-0.580983111239497,-0.400159235005522,-0.447102606130165
-0.182175798773088,-0.21726211995484,-0.507580207338577,-0.5761122179864,-0.397567765350901,-0.443362130700407
-0.180080277117284,-0.21425398516874,-0.503442768400676,-0.571195768949625,-0.394933929495025,-0.439560221557593
-0.177937278032205,-0.211197709438589,-0.499243305061831,-0.566234336247492,-0.392257706326606,-0.435697148758552
-0.175746643025127,-0.208093293300269,-0.494982460420106,-0.561228511434526,-0.38953910244735,-0.431773215860359
-0.173508238345055,-0.204940761755893,-0.490660904136555,-0.556178904540485,-0.386778151773809,-0.427788759350899
-0.171221954858913,-0.201740164016991,-0.486279331418925,-0.551086143125881,-0.383974915122382,-0.423744148058654
-0.168887707912243,-0.198491573233636,-0.481838462009666,-0.545950871355186,-0.381129479778506,-0.419639782542967
-0.166505437174738,-0.195195086210079,-0.477339039180174,-0.540773749088927,-0.378241959051175,-0.415476094466174
-0.164075106470981,-0.191850823107474,-0.472781828732861,-0.535555450995652,-0.375312491813819,-0.411253545948924
-0.161596703596813,-0.188458927134299,-0.468167618012765,-0.530296665684728,-0.372341242032738,-0.406972628910102
-0.15907024012171,-0.185019564225093,-0.463497214930113,-0.524998094860749,-0.369328398284136,-0.402633864392685
-0.156495751177681,-0.181532922708174,-0.458771446995395,-0.519660452500364,-0.366274173260956,-0.398237801876973
-0.153873295235111,-0.17799921296296,-0.453991160368167,-0.514284464052085,-0.363178803270597,-0.393785018582538
-0.151202953866085,-0.1744186670676,-0.449157218920904,-0.508870865659664,-0.36004254772467,-0.389276118760311
-0.148484831495683,-0.170791538437559,-0.44427050331898,-0.503420403409455,-0.356865688621859,-0.38471173297612
-0.145719055141806,-0.167118101455882,-0.439331910117879,-0.497933832602174,-0.35364853002506,-0.380092517387107
-0.142905774144074,-0.163398651095795,-0.43434235087856,-0.492411917049303,-0.350391397533822,-0.3754191530123
-0.140045159882374,-0.159633502536373,-0.429302751301861,-0.486855428394368,-0.347094637753181,-0.370692344998699
-0.137137405485615,-0.155822990771946,-0.424214050382691,-0.481265145459205,-0.343758617759937,-0.365912821884128
-0.134182725531325,-0.151967470215979,-0.419077199584741,-0.47564185361531,-0.340383724567384,-0.361081334858162
-0.131181355736652,-0.14806731430008,-0.413893162036276,-0.469986344180234,-0.336970364589471,-0.356198657022309
-0.128133552641405,-0.144122915068885,-0.408662911747581,-0.464299413839006,-0.333518963105387,-0.351265582650687
-0.125039593283723,-0.140134682771441,-0.403387432850443,-0.458581864090393,-0.330029963725446,-0.346282926452316
-0.121899774869023,-0.136103045449846,-0.398067718860116,-0.452834500717901,-0.326503827859208,-0.341251522836172
-0.118714414432817,-0.132028448525747,-0.392704771959998,-0.447058133285242,-0.322941034186666,-0.336172225180074
-0.115483848498041,-0.127911354385416,-0.387299602309316,-0.441253574656015,-0.319342078133318,-0.331045905104435
-0.112208432727492,-0.123752241964013,-0.381853227373915,-0.435421640537281,-0.315707471349901,-0.325873451751857
-0.108888541572008,-0.119551606329686,-0.376366671280316,-0.429563149046688,-0.312037741197521,-0.320655771073539
-0.105524567914991,-0.115309958268154,-0.370840964193061,-0.42367892030277,-0.308333430238882,-0.315393785123393
-0.102116922713883,-0.111027823868328,-0.365277141715337,-0.41776977603798,-0.304595095736253,-0.31008843136068
-0.0986660346391829,-0.106705744109616,-0.359676244312829,-0.411836539234046,-0.300823309156796,-0.304740661962036
-0.0951723497115898,-0.10234427445143,-0.354039316760669,-0.405880033779143,-0.297018655685808,-0.299351443143568
-0.091636330937869,-0.0979439844254861,-0.348367407613372,-0.399901084146425,-0.293181733748419,-0.29392175449379
-0.0880584579459742,-0.0935054572314107,-0.342661568697527,-0.393900515093396,-0.28931315454022,-0.288452588318019
-0.0844392266200108,-0.0890292893361744,-0.336922854627035,-0.387879151381593,-0.285413541567272,-0.282944948994851
-0.0807791487355407,-0.0845160900778189,-0.331152322340608,-0.381837817516027,-0.281483530195869,-0.277399852345271
-0.0770787515957848,-0.0799664812739767,-0.325351030661248,-0.375777337503876,-0.277523767212453,-0.271818325014926
-0.0733385776692064,-0.0753810968356167,-0.319520039877375,-0.36969853463181,-0.273534910393974,-0.266201403870011
-0.0695591842289893,-0.0707605823864332,-0.313660411345259,-0.363602231261459,-0.269517628088999,-0.260550135407216
-0.0657411429948372,-0.0661055948882725,-0.307773207112336,-0.357489248642353,-0.265472598809762,-0.254865575178053
-0.0618850397776037,-0.0614168022730008,-0.301859489561078,-0.351360406741862,-0.261400510835425,-0.249148787227963
-0.0579914741271506,-0.0566948830811358,-0.295920321072944,-0.345216524091487,-0.257302061826678,-0.243400843550449
-0.0540610589838648,-0.0519405261076009,-0.289956763712023,-0.339058417648975,-0.253177958451831,-0.237622823556508
-0.050094420334212,-0.0471544300548706,-0.283969878927854,-0.332886902675628,-0.249028916024466,-0.231815813559516
-0.0460921968707304,-0.042337303193835,-0.277960727277057,-0.326702792628295,-0.244855658152767,-0.225980906275808
-0.0420550396567922,-0.0374898630326064,-0.271930368163221,-0.320506899065437,-0.240658916400525,-0.220119200341017
-0.0379836117964904,-0.0326128359935378,-0.265879859594622,-0.314300031566725,-0.236439429959844,-0.214231799842312
-0.0338785881099328,-0.0277069570986237,-0.259810257959251,-0.308082997665583,-0.232197945335521,-0.20831981386653
-0.0297406548142679,-0.0227729696635217,-0.253722617816679,-0.301856602794147,-0.227935216041044,-0.202384356064303
-0.0255705092106971,-0.0178116250003348,-0.24761799170627,-0.295621650240109,-0.223652002306152,-0.196426544230094
-0.0213688593777234,-0.0128236821293179,-0.241497429971221,-0.289378941114873,-0.219349070795861,-0.190447499898163
-0.0171364238708611,-0.00780990749960776,-0.235361980597931,-0.283129274332509,-0.215027194340787,-0.184448347954322
-0.0128739314290251,-0.00277107471911843,-0.229212689070215,-0.27687344659899,-0.210687151678696,-0.178430216263459
-0.00858212068778361,0.0022920357063381,-0.223050598237854,-0.270612252411206,-0.206329727207067,-0.172394235312635
-0.00426173989963798,0.0073786366246273,-0.216876748198972,-0.264346484065238,-0.201955710746506,-0.166341537869651
8.64533385381006e-05,0.0124879344795538,-0.210692176195738,-0.258076931673391,-0.197565897314786,-0.160273258656848
0.00446169235073665,0.0176191295437191,-0.204497916522922,-0.25180438318954,-0.193161086911352,-0.154190534040029
0.00886320163967053,0.0227714161420403,-0.198295000448781,-0.245529624442273,-0.188742084311991,-0.148094501732178
0.0132901971371157,0.0279439828658744,-0.192084456147824,-0.23925343917541,-0.184309698873484,-0.141986300511834
0.0177418864467159,0.0331360127778451,-0.185867308644916,-0.232976609095396,-0.179864744347922,-0.135867069955761
0.0222174690791598,0.0383466836073491,-0.179644579770298,-0.226699913925164,-0.175408038706466,-0.129737950185721
0.0267161366797319,0.0435751679368548,-0.173417288125014,-0.220424131464023,-0.170940403972249,-0.123600081629
0.0312370732481993,0.0488206333790384,-0.16718644905629,-0.214150037653147,-0.166462666062115,-0.117454604792394
0.0357794553510686,0.0540822427448777,-0.160953074642379,-0.207878406646229,-0.161975654636915,-0.111302660049322
0.0403424523262063,0.0593591542027868,-0.154718173686443,-0.20161001088493,-0.157480202960043,-0.105145387439735
0.0449252264798736,0.0646505214289247,-0.148482751719002,-0.195345621178709,-0.152977147763897,-0.0989839264824545
0.0495269332762339,0.0699554937488066,-0.142247811008501,-0.189086006788652,-0.148467329123944,-0.0928194159996065
0.054146721519399,0.0752732162703875,-0.136014350579557,-0.182831935514902,-0.143951590340046,-0.0866529939527193
0.0587837335281058,0.080602830008745,-0.129783366238448,-0.17658417378735,-0.139430777824743,-0.0804857972901605
0.0634371053031072,0.0859434720025578,-0.123555850605433,-0.170343486759214,-0.13490574099812,-0.0743189618054824
0.068105966687416,0.0912942754225597,-0.117332793153446,-0.164110638403145,-0.130377332188963,-0.0681536220063019
0.0727894415195174,0.0966543696721704,-0.111115180252767,-0.157886391609518,-0.125846406541796,-0.0619909109932535
0.0774866477796963,0.102022880480495,-0.104903995221261,-0.151671508286574,-0.12131382192951,-0.0558319603486657
0.082196697729632,0.107398929987926,-0.0987002183797678,-0.145466749462084,-0.11678043887121,-0.0496779000344915
0.0869186980454301,0.112781636824553,-0.0925048271122531,-0.139272875386207,-0.112247120454935,-0.0435298582990878
0.0916517499442881,0.118170116181661,-0.0863187959302961,-0.133090645635205,-0.107714732264877,-0.0373889615923845
0.0963949493049615,0.123563479876508,-0.0801430965415702,-0.126920819215748,-0.103184142312793,-0.0312563344890461
0.101147386782257,0.128960836410678,-0.0739786979218824,-0.120764154669455,-0.0986562209732068,-0.025133099619144
0.105908147915743,0.13436129102224,-0.067826566390446,-0.114621410177425,-0.0941318409221029,-0.0190203776059446
0.110676313232959,0.139763945732042,-0.0616876656879277,-0.108493343664382,-0.0896118770786873,-0.0129192870102908
0.115450958347285,0.14516789938434,-0.0555629570569937,-0.10238071290225,-0.0850972065499473,-0.00683094428121286
0.120231154050785,0.150572247682122,-0.0494533993249139,-0.0962842756127762,-0.0805887085775978,-0.000756463712268521
0.125015966402237,0.155976083217371,-0.0433599489879063,-0.0902047895690019,-0.0760872644871032,0.00530304259683162
0.129804456810656,0.161378495496617,-0.0372835602968197,-0.0841430126952266,-0.071593757638391,0.0113464647737688
0.134595682114543,0.166778570962036,-0.0312251853438447,-0.0780997031652782,-0.0671090733779668,0.0173726952027611
0.139388694657191,0.172175393008456,-0.025185774149863,-0.0720756194987536,-0.0626340989920235,0.0233806285497968
0.144182542358292,0.177568041996568,-0.0191662747521191,-0.0660715206550088,-0.0581697236602733,0.0293691617843699
0.148976268782212,0.182955595262691,-0.013167633291825,-0.0600881661246049,-0.0537168384100907,0.0353371941982214
0.153768913203171,0.188337127125403,-0.00719079410140602,-0.0541263160179891,-0.0492763360707107,0.041283627421475
0.15855951066771,0.193711708889407,-0.00123669979100829,-0.0481867311511217,-0.0448491112270767,0.0472073654366749
0.163347092054722,0.199078408846953,0.0046937086660403,-0.0422701731278419,-0.0404360601730866,0.0531073145911191
0.168130684133432,0.204436292277205,0.0105994918491887,-0.0363774044186619,-0.0360380808638266,0.0589823836080025
0.172909309619615,0.209784421443875,0.016479711808319,-0.0305091884358061,-0.0316560728665572,0.0648314835967375
0.177681987230428,0.21512185559152,0.0223334319834785,-0.0246662896042246,-0.027290937310079,0.0706535280629436
0.182447731738204,0.220447650940848,0.0281597171269759,-0.0188494734283503,-0.0229435768321975,0.0764474329185228
0.187205554023588,0.225760860683445,0.0339576332282168,-0.0130595065543235,-0.0186148955249441,0.082212116492277
0.191954461128328,0.231060534976258,0.0397262474415264,-0.0072971568275394,-0.0143057988773118,0.0879464995414512
0.196693456308166,0.236345720936266,0.0454646280173593,-0.00156319334517278,-0.0100171937151355,0.0936495052646879
0.201421539086129,0.241615462635691,0.0511718442371386,0.0041416134964361,-0.00574998813789993,0.0993200593167438
0.206137705306685,0.246868801098179,0.0568469663521137,0.00981649195986554,-0.00150509145211639,0.10495708982547
0.21084094719108,0.252104774296342,0.0624890655264854,0.0154606689303102,0.00271658589894622,0.110559527411376
0.215530253394283,0.257322417151034,0.0680972137851377,0.0210733698851474,0.00691413240949063,0.116126305210245
0.220204609063936,0.262520761532831,0.073670483966285,0.0266538188695872,0.0110866355896235,0.121656358899162
0.224862995901703,0.267698836266075,0.0792079496793335,0.0322012384786344,0.015233182048275,0.127148626726378
0.229504392227414,0.272855667135923,0.0847086852682535,0.0377148498455284,0.0193528575808238,0.132602049545345
0.234127773046425,0.277990276898821,0.0901717657807656,0.043193872636927,0.0234447472616995,0.138015570853349
0.238732110120581,0.283101685296812,0.0955962669436234,0.0486375250549801,0.0275079355421709,0.143388136835055
0.243316372043234,0.288188909076119,0.100981265144318,0.0540450238465534,0.0315415063535899,0.148718696411373
0.247879524318668,0.293250962010434,0.106325837419438,0.0594155843197387,0.0355445432162484,0.154006201293941
0.252420529446398,0.298286854929309,0.111629061450008,0.0647484203678779,0.0395161293541087,0.159249606045597
0.256938347010716,0.30329559575212,0.116890015564051,0.0700427445012603,0.0434553478155621,0.164447868147133
0.261431933775935,0.308276189528022,0.122107778746692,0.0752977678867157,0.047361281600448,0.169599948070691
0.265900243787705,0.313227638482308,0.127281430658009,0.080512700395216,0.0512330137934595,0.17470480936004
0.27034222848082,0.318148942069632,0.132410051658927,0.0856867506576924,0.0550696277041316,0.179761418718067
0.274756836793945,0.323039097034502,0.137492722845406,0.0908191261292205,0.0588702070135498,0.184768746101731
0.279143015291636,0.327897097479482,0.142528526091153,0.0959090331617205,0.0626338359279246,0.189725764824757
0.283499708294067,0.332721934941538,0.147516544099102,0.100955677085312,0.0663595993391437,0.194631451668283
0.287825858014851,0.337512598476927,0.152455860461903,0.105958262298472,0.0700465829924314,0.199484786999719
0.292120404707335,0.342268074755049,0.157345559731586,0.110915992367094,0.0736938736611756,0.204284754899985
0.296382286819772,0.346987348161715,0.16218472749871,0.115828070132611,0.0773005593290556,0.20903034329937
0.300610441159702,0.35166940091217,0.166972450481058,0.120693697829228,0.0808657293794826,0.213720544122132
0.304803803067938,0.356313213174324,0.171707816622203,0.125512077210411,0.0843884747924315,0.218354353440031
0.30896130660247,0.360917763202547,0.17638991519999,0.130282409684669,0.0878678883486738,0.222930771634875
0.313081884732659,0.365482027482431,0.181017836945211,0.135003896460741,0.0913030648414545,0.227448803570258
0.317164469544019,0.370004980886874,0.185590674170522,0.139675738702202,0.0946931012955712,0.231907458772514
0.321207992453893,0.374485596843831,0.190107520909792,0.144297137691557,0.0980370971938487,0.236305751620967
0.32521138443833,0.378922847516093,0.194567473067965,0.148867295003828,0.10133415471097,0.240642701547535
0.329173576270421,0.383315703993431,0.198969628581572,0.153385412689675,0.104583378954582,0.244917333245685
0.333093498770357,0.387663136497359,0.203313087589911,0.157850693467999,0.10778387821361,0.249128676888725
0.336970083067418,0.391964114598876,0.207596952617027,0.162262340928053,0.110934764213657,0.253275768357394
0.340802260874131,0.396217607449391,0.211820328764463,0.166619559740959,0.11403515237936,0.257357649476693
0.344588964772762,0.40042258402515,0.215982323914871,0.170921555880652,0.117084162103584,0.261373368261867
0.348329128514306,0.404578013385311,0.220082048946417,0.175167536854077,0.120080917023232,0.265321979173386
0.352021687330087,0.408682864943927,0.224118617958006,0.179356711940619,0.123024545301509,0.269202543380805
0.355665578256108,0.412736108755976,0.228091148505243,0.183488292440583,0.125914179916425,0.273014129035308
0.35925974047017,0.416736715817594,0.231998761847087,0.187561491932631,0.128748958955261,0.276755811550716
0.362803115641835,0.4206836583806,0.235840583203071,0.191575526539969,0.131528025914775,0.280426673892733
0.366294648295214,0.424575910281429,0.239615742020993,0.195529615205123,0.134250530006831,0.28402580687614
0.369733286184538,0.428412447284461,0.243323372254895,0.19942297997307,0.136915626469134,0.287552309469631
0.373117980682476,0.432192247439812,0.246962612653187,0.203254846282518,0.139522476880774,0.29100528910798
0.376447687181038,0.435914291455503,0.250532607056675,0.207024443265041,0.14207024948217,0.294383862011128
0.379721365504941,0.439577563083958,0.254032504706271,0.21073100405181,0.144558119499061,0.297687153509824
0.382937980337228,0.443181049522711,0.257461460560118,0.214373766087584,0.146985269470118,0.30091429837737
0.386096501656928,0.446723741829162,0.260818635619833,0.217951971451659,0.14935088957778,0.304064441167016
0.389195905188417,0.450204635349175,0.264103197265533,0.221464867185389,0.151654177981826,0.307136736554512
0.392235172862216,0.453622730159264,0.267314319599292,0.224911705625892,0.153894341155229,0.310130349685281
0.39521329328679,0.456977031522061,0.270451183796628,0.228291744745544,0.156070594221788,0.313044456525667
0.398129262230971,0.460266550354738,0.273512978465609,0.231604248496813,0.158182161295038,0.315878244217689
0.400982083116495,0.46349030370995,0.276498900013123,0.234848487161971,0.160228275817898,0.318630911436664
0.403770767520149,0.466647315268858,0.279408153017812,0.238023737707201,0.162208180902483,0.321301668751086
0.406494335684949,0.469736615845727,0.282239950609158,0.241129284140573,0.164121129669536,0.323889738984071
0.409151817039743,0.472757243903554,0.284993514852201,0.244164417873377,0.165966385586892,0.326394357575722
0.411742250726536,0.475708246080062,0.287668077137261,0.247128438084229,0.167743222806347,0.328814772945663
0.414264686134855,0.478588677723455,0.290262878574094,0.250020652085372,0.169450926498341,0.331150246855028
0.416718183442353,0.481397603437151,0.292777170389819,0.252840375690582,0.171088793183808,0.333400054767151
0.419101814160866,0.484134097632776,0.295210214329988,0.255586933584039,0.172656131062573,0.335563486206202
0.42141466168703,0.486797245090535,0.297561283062048,0.258259659689522,0.174152260337618,0.337639845112962
0.42365582185658,0.489386141526104,0.299829660580534,0.260857897539267,0.175576513534589,0.339628450196946
0.425824403501351,0.491899894163112,0.302014642613204,0.263381000641799,0.176928235815856,0.341528635284084
0.427919529008015,0.494337622310207,0.304115537027382,0.265828332848057,0.178206785288478,0.343339749659107
0.429940334877497,0.496698457941711,0.306131664235703,0.26819926871508,0.179411533305391,0.345061158401849
0.431885972284014,0.498981546280734,0.308062357600456,0.270493193866557,0.180541864759144,0.346692242716619
0.433755607632634,0.50118604638367,0.309906963835705,0.272709505349485,0.18159717836754,0.348232400253795
0.435548423114194,0.503311131724873,0.311664843406337,0.274847611986192,0.182576886950472,0.349681045422859
0.437263617256455,0.505355990780351,0.313335370923199,0.276906934721006,0.183480417697349,0.351037609696009
0.438900405470258,0.507319827609183,0.31491793553344,0.278886906960771,0.184307212424411,0.352301541901537
0.440458020589496,0.509201862431451,0.316411941305206,0.280786974908497,0.185056727821322,0.353472308506187
0.441935713403677,0.51100133220133,0.317816807605789,0.282606597889352,0.1857284356864,0.354549393885674
0.443332753181817,0.512717491174064,0.319131969472367,0.284345248668266,0.186321823149871,0.355532300582604
0.444648428186424,0.514349611465447,0.32035687797445,0.286002413758387,0.186836392884539,0.356420549551022
0.445882046176323,0.515896983602476,0.321491000567127,0.287577593719636,0.187271663303314,0.357213680386865
0.447032934897065,0.517358917063799,0.322533821434298,0.28907030344665,0.187627168742997,0.357911251543578
0.448100442557663,0.518734740808597,0.323484841820963,0.290480072445374,0.187902459633838,0.358512840532252
0.449083938292436,0.520023803792515,0.324343580353759,0.291806445097587,0.188097102654288,0.359018044105567
0.449982812606724,0.521225475469295,0.325109573348905,0.293048980912694,0.188210680870521,0.359426478424978
0.450796477805281,0.522339146276748,0.325782375106704,0.294207254766091,0.188242793860209,0.359737779210492
0.451524368402176,0.523364228105733,0.326361558191851,0.295280857123454,0.18819305782016,0.359951601872539
0.452165941511051,0.524300154750832,0.326846713698736,0.296269394250344,0.188061105657394,0.360067621625378
0.452720677214628,0.525146382341445,0.327237451501014,0.297172488406492,0.187846587063299,0.360085533581582
0.453188078912418,0.525902389752042,0.327533400484725,0.297989778024229,0.187549168570522,0.36000505282719
0.45356767364559,0.526567678990384,0.327734208764278,0.298720917870489,0.187168533592316,0.359825914477102
0.453859012398048,0.527141775562547,0.327839543880652,0.299365579191902,0.186704382444053,0.359547873710415
0.454061670372806,0.527624228813628,0.327849092981208,0.299923449842473,0.18615643234669,0.359170705785383
0.454175247242798,0.5280146122431,0.327762562980544,0.300394234393433,0.185524417412007,0.358694206033782
0.454199367375345,0.528312523793818,0.327579680701868,0.300777654224859,0.184808088609439,0.358118189834462
0.454133680029568,0.528517586113754,0.327300192998409,0.301073447598674,0.184007213714415,0.357442492565965
0.453977859526086,0.528629446789624,0.326923866854445,0.301281369712764,0.183121577238121,0.356666969538115
0.453731605388438,0.528647778551606,0.326450489465551,0.301401192735876,0.182150980338652,0.355791495902529
0.453394642455737,0.528572279448495,0.325879868297745,0.301432705823103,0.181095240713547,0.354815966542072
0.452966720966146,0.528402672992658,0.325211831125264,0.301375715111753,0.179954192473782,0.353740295939326
0.452447616610833,0.528138708274275,0.324446226046728,0.301230043697461,0.178727685999262,0.352564418024158
0.451837130558195,0.527780160044442,0.32358292147953,0.300995531590452,0.17741558777597,0.351288286000595
0.451135089448152,0.527326828766791,0.322621806132348,0.300672035651888,0.176017780214904,0.349911872153176
0.450341345356476,0.526778540637387,0.321562788955708,0.300259429510325,0.174534161453016,0.348435167633075
0.449455775729161,0.526135147572751,0.320405799070603,0.299757603458292,0.172964645136377,0.346858182224298
0.448478283286925,0.525396527165958,0.31915078567523,0.299166464329097,0.171309160185832,0.345180944090289
0.447408795900073,0.524562582610866,0.317797717929933,0.298485935353992,0.169567650545454,0.343403499501377
0.446247266433966,0.523633242594597,0.316346584820564,0.297715955999888,0.16774007491412,0.341525912543491
0.444993672565478,0.522608461158538,0.314797395000432,0.296856481787823,0.165826406460596,0.339548264808609
0.443648016570902,0.521488217528184,0.313150176611163,0.295907484092484,0.163826632522495,0.337470655067516
0.442210325085813,0.520272515912246,0.311404977082774,0.294868949923074,0.161740754289563,0.335293198925363
0.440680648837525,0.518961385271565,0.309561862913363,0.293740881685893,0.159568786471726,0.333016028460679
0.439059062350822,0.517554879058441,0.307620919428834,0.292523296929031,0.157310756952388,0.330639291848433
0.437345663627722,0.516053074927071,0.305582250523166,0.291216228069612,0.154966706427474,0.328163152967816
0.435540573802121,0.514456074415883,0.303445978379725,0.289819722104057,0.152536688030746,0.325587790995416
0.433643936770225,0.512764002602652,0.301212243174231,0.288333840301907,0.150020766945942,0.322913399984528
0.431655918797723,0.510977007733308,0.298881202759986,0.286758657883715,0.147419020006299,0.320140188431288
0.429576708104745,0.509095260825509,0.296453032336033,0.285094263683644,0.144731535282049,0.317268378828445
0.427406514429686,0.507118955247999,0.29392792409895,0.283340759797341,0.141958411656479,0.314298207207483
0.425145568573032,0.505048306276964,0.291306086879031,0.281498261215771,0.139099758391183,0.311229922669961
0.422794121922386,0.502883550630575,0.288587745761624,0.279566895445674,0.136155694681125,0.308063786908802
0.420352445959921,0.500624945982992,0.28577314169446,0.277546802117352,0.133126349200175,0.304800073720426
0.417820831753516,0.498272770459136,0.282862531081792,0.275438132580524,0.130011859637726,0.301439068508497
0.415199589432921,0.495827322111635,0.279856185366247,0.273241049489013,0.126812372227117,0.297981067780167
0.412489047652253,0.493288918381317,0.276754390599286,0.270955726375029,0.123528041266485,0.294426378635666
0.40968955304022,0.490657895542721,0.273557447001213,0.268582347213874,0.120159028632762,0.290775318252067
0.406801469639449,0.487934608136102,0.270265668511668,0.266121105979884,0.11670550328947,0.287028213362132
0.403825178336348,0.485119428387438,0.266879382331611,0.263572206194449,0.113167640789052,0.283185399729061
0.400761076282926,0.482212745617973,0.26339892845778,0.260935860466991,0.109545622770424,0.279247221618058
0.397609576312026,0.479214965644874,0.259824659210669,0.25821229002978,0.105839636452453,0.275214031265578
0.394371106347423,0.476126510174537,0.256156938757026,0.25540172426747,0.102049874124094,0.271086188347119
0.39104610881027,0.472947816190164,0.252396142627976,0.252504400242309,0.0981765326319138,0.266864059444455
0.387635040023359,0.469679335335205,0.248542657233832,0.249520562215939,0.0942198128657346,0.262548017513219
0.384138369614694,0.466321533294257,0.24459687937668,0.246450461168747,0.0901799192431515,0.2581384413517
0.380556579921852,0.462874889173051,0.240559215761878,0.243294354317746,0.0860570591936673,0.253635715071759
0.37689016539864,0.459339894879136,0.236430082509574,0.240052504633971,0.0818514426432409,0.249040227572789
0.373139632025532,0.4557170545049,0.23220990466743,0.236725180360415,0.0775632815000153,0.244352372019627
0.369305496725413,0.45200688371454,0.227899115725719,0.23331265453155,0.073192789142054,0.239572545325349
0.36538828678609,0.448209909136603,0.223498157135956,0.229815204495457,0.0687401799078738,0.234701147639879
0.361388539291133,0.444326667763753,0.219007477834348,0.2262331114397,0.0642056685906632,0.229738581845395
0.357306800560536,0.440357706361386,0.214427533771268,0.222566659922022,0.0595894699370418,0.224685253059504
0.35314362560273,0.436303580886737,0.209758787448048,0.218816137407042,0.0548917981512694,0.2195415681472
0.348899577579481,0.432164855920112,0.20500170746239,0.214981833810091,0.0501128664058446,0.214307935242619
0.344575227285243,0.427942104109928,0.200156768063774,0.21106404104946,0.0452528863594883,0.208984763281703
0.340171152642525,0.423635905633213,0.195224448720219,0.207063052608287,0.040312067683531,0.203572461546849
0.335687938214883,0.41924684767326,0.190205233697871,0.202979163107424,0.0352906175977979,0.198071439224737
0.331126174739118,0.414775523916124,0.185099611654859,0.198812667890611,0.0301887404171114,0.192482104978501
0.326486458678412,0.410222534067717,0.17990807525103,0.194563862623445,0.0250066371096535,0.186804866535569
0.321769391798008,0.40558848339325,0.174631120775126,0.190233042907581,0.0197445048684446,0.181040130292479
0.316975580765266,0.40087398228083,0.169269247791128,0.185820503911785,0.0144025366973352,0.175188300938119
0.312105636775805,0.396079645831028,0.163822958805495,0.181326540021441,0.00898092101293768,0.169249781096851
0.30716017520766,0.391206093474366,0.158292758957208,0.176751444508312,0.00347984126410324,0.163224970993192
0.302139815305339,0.386253948618624,0.152679155732538,0.172095509222358,-0.00210052442937963,0.15711426813971
0.297045179895822,0.381223838328038,0.146982658706649,0.16735902430761,-0.0077600036170468,0.15091806705002
0.291876895138551,0.376116393036444,0.141203779314189,0.162542277944136,-0.0134984298350471,0.144636758978804
0.286635590311685,0.370932246296616,0.135343030651247,0.15764555611837,-0.0193156428982755,0.138270731691041
0.281321897636868,0.365672034568054,0.129400927311128,0.152669142424157,-0.0252114891651146,0.131820369262683
0.275936452145003,0.360336397045651,0.123377985256633,0.147613317897039,-0.0311858217722401,0.125286051915312
0.27047989158557,0.354925975531746,0.117274721731609,0.142478360884524,-0.0372385008368305,0.118668155887391
0.264952856382283,0.349441414354288,0.111091655214895,0.137264546955243,-0.0433693936231903,0.11196705334508
0.25935598963793,0.343883360333889,0.104829305419821,0.13197214885014,-0.0495783746706145,0.105183112335723
0.253689937191564,0.338252462802815,0.0984881933428343,0.12660143647909,-0.0558653258789669,0.0983166967874563
0.24795534773127,0.332549373679054,0.0920688413649127,0.121152676966528,-0.0622301365482305,0.0913681665586116
0.242152872966115,0.326774747598926,0.0855717734099018,0.115626134750092,-0.0686727033677918,0.0843378775410075
0.236283167860985,0.320929242111801,0.0789975151640351,0.110022071736451,-0.0751929303510046,0.0772261818214871
0.230346890938419,0.315013517940839,0.0723465943613916,0.104340747518932,-0.0817907287100333,0.0700334279065055
0.224344704651678,0.309028239313858,0.0656195411402741,0.0985824196618585,-0.0884660166656397,0.0627599610149413
0.218277275833792,0.302974074368798,0.0588168884760376,0.092747344056991,-0.095218719185931,0.0554061234448493
0.212145276227491,0.296851695638509,0.0519391726962019,0.0868357753578147,-0.102048767647701,0.0479722550203015
0.205949383101436,0.290661780619981,0.0449869340842467,0.0808479674979783,-0.108956099413267,0.040458693625054
0.199690279958422,0.284405012433439,0.0379607175789179,0.0747841743006131,-0.115940657315154,0.0328657758303464
0.193368657341817,0.278082080577221,0.0308610735765329,0.0686446501859476,-0.123002389040155,0.0251938376248657
0.186985213746832,0.271693681784724,0.0236885588442724,0.0624296509851154,-0.130141246403611,0.0174432152555443
0.180540656643763,0.265240520990164,0.0164437375531781,0.0561394348688295,-0.137357184503812,0.00961424618869725
0.174035703620892,0.258723312410449,0.00912718244019928,0.0497742634002284,-0.144650160745561,0.00170727020180131
0.167471083655308,0.252142780750959,0.00173947610950635,0.0433344027220576,-0.15202013372081,-0.00627736938277942
0.160847538520507,0.245499662543646,-0.00571878751599435,0.036820124889158,-0.15946706193324,-0.0143393243098704
0.154165824340323,0.238794707626444,-0.0132470015810291,0.0302317093581834,-0.166990902352352,-0.0224782398359812
0.147426713299412,0.23202868077368,-0.0208445445094158,0.0235694446473977,-0.174591608781361,-0.0306937529916805
0.140630995521353,0.22520236348791,-0.0285107780266571,0.0168336301806357,-0.182269130021572,-0.0389854906459103
0.133779481126141,0.218316555964305,-0.036245044978708,0.010024578330517,-0.190023407814436,-0.0473530673549925
0.126873002479842,0.211372079239636,-0.0440466669306355,0.00314261667741597,-0.197854374540579,-0.0557960829774438
0.119912416649982,0.204369777538643,-0.0519149415276817,-0.00381190949804419,-0.205761950653256,-0.064314120034107
0.112898608081377,0.197310520831672,-0.0598491395996955,-0.0108386344695917,-0.213746041821423,-0.0729067407911715
0.105832491508076,0.190195207618334,-0.0678485019884941,-0.0179371690461094,-0.221806535755374,-0.0815734840417674
0.0987150151182826,0.183024767953066,-0.0759122360759818,-0.025107097255914,-0.229943298685262,-0.0903138615595553
0.0915471639902771,0.175800166729595,-0.0840395119891594,-0.0323479727099757,-0.238156171460075,-0.0991273541954749
0.0843299638187258,0.168522407242515,-0.0922294584561723,-0.0396593146174003,-0.246444965231437,-0.108013407586104
0.0770644849520548,0.16119253504547,-0.100481158285572,-0.0470406034243872,-0.254809456683348,-0.116971427439439
0.0697518467630801,0.153811642126798,-0.1087936434387,-0.0544912760453936,-0.263249382765201,-0.12600077436076
0.0623932223765319,0.146380871424879,-0.117165889662875,-0.0620107206528056,-0.271764434881424,-0.135100758178074
0.0549898437788811,0.138901421707076,-0.125596810650341,-0.0695982709884716,-0.280354252486557,-0.144270631722917
0.0475430073374256,0.131374552837614,-0.134085251685444,-0.0772532001576646,-0.289018416029849,-0.15350958401856
0.0400540797575368,0.123801591461557,-0.142629982739477,-0.0849747138626926,-0.297756439188053,-0.16281673282342
0.0325245045087437,0.116183937133718,-0.151229690969689,-0.0927619430301012,-0.306567760319397,-0.172191116472991
0.0249558087524339,0.108523068923304,-0.159882972575551,-0.100613935781602,-0.315451733065276,-0.181631684958677
0.0173496108059303,0.100820552526959,-0.168588323962045,-0.10852964869507,-0.324407616019424,-0.191137290176702
0.00970762817989425,0.0930780479249192,-0.17734413215602,-0.11650793729771,-0.333434561376755,-0.20070667527463
0.00203168622826659,0.0852973176171458,-0.186148664417783,-0.124547545729129,-0.34253160246592,-0.210338463016886
-0.00567627254785791,0.0774802354783373,-0.195000056986137,-0.132647095507329,-0.351697640060849,-0.220031143084314
-0.0134141784984878,0.0696287962731251,-0.203896302890739,-0.140805073325692,-0.360931427356827,-0.229783058215737
-0.021179824078994,0.0617451258748661,-0.212835238761339,-0.149019817803899,-0.370231553486501,-0.239592389092284
-0.0289708523116889,0.0538314922338247,-0.221814530558886,-0.157289505110274,-0.379596425439999,-0.249457137857381
-0.0367847444037606,0.0458903171427873,-0.230831658148911,-0.165612133367501,-0.389024248241522,-0.259375110157268
-0.0446188064681133,0.0379241888504698,-0.239883898632791,-0.173985505747836,-0.398513003222024,-0.269343895578231
-0.0524701552915061,0.0299358755752473,-0.248968308347897,-0.182407212158177,-0.408060424214295,-0.279360846348092
-0.0603357030921497,0.0219283399738905,-0.258081703442911,-0.190874609409398,-0.417663971482533,-0.289423054160366
-0.0682121412070459,0.0139047546218951,-0.267220638930258,-0.199384799758679,-0.427320803184004,-0.299527324970493
-0.0760959226475384,0.00586851856385848,-0.276381386113219,-0.207934607707806,-0.437027744145,-0.309670151604363
-0.0839832434602944,-0.00217672500626741,-0.285559908281777,-0.216520554935347,-0.446781251718324,-0.319847684010737
-0.0918700228299445,-0.0102270698740344,-0.294751834567961,-0.225138833235829,-0.456577378474042,-0.330055696980816
-0.0997518818593061,-0.0182783266808414,-0.303952431849275,-0.233785275335263,-0.466411731460817,-0.340289555151009
-0.107624120963371,-0.0263260014860057,-0.313156574587571,-0.242455323449534,-0.476279427761351,-0.350544175098836
-0.115481695814471,-0.0343652729534531,-0.322358712491025,-0.251143995450964,-0.486175046053838,-0.360813984337851
-0.123319191778227,-0.0423909681034288,-0.331552835888961,-0.259845848509001,-0.496092573882273,-0.371092877015923
-0.131130796783345,-0.0503975365721519,-0.340732438713665,-0.268554940074177,-0.506025350333427,-0.381374166123069
-0.13891027257321,-0.0583790233260572,-0.349890478990412,-0.277264786080585,-0.515966003818689,-0.391650532021207
-0.146650924293906,-0.0663290397825695,-0.359019336747658,-0.285968316252399,-0.525906384666785,-0.401913967120201
-0.154345568381991,-0.0742407332962684,-0.368110769274017,-0.294657826414682,-0.535837492250784,-0.412155716543463
-0.161986498726442,-0.0821067549783154,-0.377155863668451,-0.303324927729442,-0.545749396402894,-0.422366214654356
-0.169565451092894,-0.0899192258281788,-0.386144986655649,-0.311960492805361,-0.555631152916334,-0.432535017353145
-0.177073565815282,-0.0976697011707213,-0.395067731671198,-0.320554598665486,-0.565470712999725,-0.442650730106347
-0.184501348780405,-0.105349133408567,-0.403912863261766,-0.32909646660275,-0.57525482664031,-0.452700931738006
-0.191838630755342,-0.112947833120011,-0.412668258895502,-0.337574399010091,-0.584968939953785,-0.462672094099237
-0.199074525136436,-0.120455428556752,-0.42132084833829,-0.345975713341914,-0.594597086756721,-0.472549497841056
-0.206197384232208,-0.127860823624009,-0.429856550824085,-0.354286673448669,-0.604121774799841,-0.482317144650173
-0.213194754231483,-0.13515215445831,-0.438260210333151,-0.362492418627924,-0.613523867353867,-0.491957666471035
-0.220053329052494,-0.142316744755903,-0.446515529392257,-0.370576890855556,-0.622782461152517,-0.501452232434064
-0.226758903318995,-0.14934106004739,-0.454605001926246,-0.378522760800688,-0.631874762076162,-0.510780454442046
-0.233296324765912,-0.156210661162364,-0.46250984582222,-0.386311353389407,-0.640775960411784,-0.519920292637509
-0.239649446439219,-0.162910157181168,-0.470209936015244,-0.393922573864915,-0.649459108053152,-0.528847962283372
-0.245801079122902,-0.169423158229586,-0.477683739068023,-0.401334835495734,-0.657895000610738,-0.537537843937571
-0.251732944498812,-0.175732228535671,-0.484908250394426,-0.408524990306522,-0.666052068077472,-0.545962399184995
-0.257425629622576,-0.181818840235632,-0.491858935465442,-0.415468264445037,-0.673896278431175,-0.554092094600408
-0.262858543378622,-0.187663328486359,-0.498509676531631,-0.422138200047561,-0.681391059322478,-0.561895337041199
-0.268009875658017,-0.193244848514545,-0.504832726591948,-0.428506605715685,-0.688497243760315,-0.569338423790919
-0.272856560081439,-0.19854133530414,-0.510798672526533,-0.434543517957945,-0.695173046410957,-0.576385511468321
-0.277374241162995,-0.203529466692795,-0.516376409479526,-0.440217176165595,-0.701374077697728,-0.582998607949029
-0.281537246874368,-0.20818463071014,-0.521533128713429,-0.445494013863616,-0.707053403234409,-0.589137591776828
-0.285318567618117,-0.2124808980429,-0.526234321242926,-0.450338669083796,-0.712161656136567,-0.594760263620464
-0.28868984264794,-0.216391000548317,-0.530443799574338,-0.454714016719997,-0.716647209309831,-0.599822434205055
-0.291621354975869,-0.219886316753543,-0.534123739807254,-0.458581225619068,-0.720456413790487,-0.604278052758321
-0.29408203577446,-0.222936865267689,-0.537234746175841,-0.461899842904851,-0.723533907503004,-0.608079379306039
-0.296039479208612,-0.2255113069889,-0.539735939799064,-0.464627907600853,-0.725822996328985,-0.611177203084559
-0.297459968509016,-0.227576956903963,-0.54158507295392,-0.466722094986559,-0.727266106139325,-0.613521107883669
-0.298308513920321,-0.229099806145763,-0.542738669571722,-0.468137892279782,-0.727805300499255,-0.615059783293272
-0.298548902915556,-0.230044554787784,-0.543152191879959,-0.468829805181206,-0.727382854291819,-0.615741378639977
-0.298143762759407,-0.230374655609137,-0.542780232177457,-0.468751593562983,-0.725941868812521,-0.615513893948817
-0.297054635124119,-0.230052368753944,-0.541576727657326,-0.467856533165734,-0.723426909364982,-0.614325599681077
-0.295593480203151,-0.229376958891011,-0.539916514800672,-0.466524275697088,-0.720331322187209,-0.612607558356844
-0.294102173470383,-0.228676966632265,-0.538209920608908,-0.465170356877736,-0.717190762887003,-0.610830431466181
-0.292579787883157,-0.227951381180279,-0.53645588045027,-0.463793692679237,-0.714004488045969,-0.608993327653204
-0.291025414997698,-0.227199206850434,-0.534653359543251,-0.462393221211526,-0.710771797070142,-0.607095398480394
-0.289438168803979,-0.226419466813631,-0.532801357655066,-0.460967907388832,-0.70749203744171,-0.605135843471366
-0.28781718605077,-0.225611203467471,-0.530898909580926,-0.459516743331622,-0.704164604457883,-0.603113910291867
-0.286161626560482,-0.224773478801677,-0.52894508560167,-0.458038748755158,-0.700788940919668,-0.6010288948775
-0.2844706735331,-0.223905374757065,-0.526938991918364,-0.456532971343293,-0.697364536770906,-0.598880141507518
-0.28274353383854,-0.223005993577403,-0.524879771062522,-0.454998487106218,-0.693890928688164,-0.596667042824237
-0.280979438296753,-0.222074458153488,-0.522766602280696,-0.453434400720914,-0.690367699622257,-0.594389039797835
-0.27917764194496,-0.221109912358777,-0.520598701892212,-0.451839845853126,-0.686794478292435,-0.592045621636505
-0.277337424291401,-0.220111521375954,-0.518375323618941,-0.450213985459748,-0.683170938634436,-0.589636325642124
-0.275458089555023,-0.219078472013783,-0.516095758886052,-0.448556012070547,-0.6794967992038,-0.587160737011855
-0.273538966890543,-0.218009973013626,-0.513759337092759,-0.446865148048249,-0.67577182253604,-0.584618488586206
-0.271579410598366,-0.216905255345062,-0.511365425852188,-0.445140645826077,-0.671995814465328,-0.582009260544329
-0.269578800318881,-0.215763572489985,-0.508913431199564,-0.443381788121915,-0.66816862340369,-0.579332780047539
-0.267536541210652,-0.214584200714648,-0.50640279776801,-0.441587888128302,-0.664290139582601,-0.57658882083211
-0.265452064112106,-0.213366439329115,-0.503833008931341,-0.439758289677644,-0.660360294259187,-0.573777202752718
-0.263324825686309,-0.212109610933596,-0.501203586913315,-0.437892367382004,-0.656379058889211,-0.570897791277918
-0.261154308548508,-0.210813061651181,-0.498514092862955,-0.435989526746976,-0.652346444269192,-0.567950496939295
-0.258940021376103,-0.209476161346522,-0.495764126895579,-0.43404920425925,-0.648262499650008,-0.564935274735999
-0.2566814990008,-0.20809830383002,-0.492953328099346,-0.432070867447505,-0.644127311824469,-0.561852123496544
-0.25437830248271,-0.206678907047114,-0.49008137450714,-0.430054014916408,-0.63994100419127,-0.55870108519982
-0.252030019166191,-0.205217413252306,-0.487147983033835,-0.427998176353563,-0.635703735797923,-0.555482244257428
-0.249636262717321,-0.203713289167582,-0.484152909378934,-0.425902912509337,-0.631415700365116,-0.552195726759462
-0.247196673142882,-0.202166026124929,-0.481095947894828,-0.423767815149612,-0.627077125295077,-0.548841699686029
-0.244710916790774,-0.20057514019266,-0.477976931420859,-0.421592506981519,-0.622688270666396,-0.545420370086734
-0.242178686331885,-0.198940172285329,-0.474795731083613,-0.419376641552416,-0.618249428217869,-0.541931984230578
-0.239599700723414,-0.197260688257032,-0.471552256063853,-0.417119903122325,-0.613760920323742,-0.538376826728584
-0.236973705153726,-0.195536278977929,-0.468246453330649,-0.414822006510233,-0.609223098962806,-0.534755219631617
-0.23430047096885,-0.193766560393871,-0.464878307343322,-0.412482696914651,-0.604636344683674,-0.531067521505811
-0.231579795580769,-0.19195117356902,-0.461447839721909,-0.410101749708974,-0.60000106556854,-0.52731412648805
-0.2288115023577,-0.19008978471145,-0.457955108886941,-0.4076789702122,-0.595317696197608,-0.52349546332392
-0.225995440496601,-0.18818208518169,-0.4544002096694,-0.40521419343567,-0.590586696616361,-0.519611994390575
-0.223131484878176,-0.186227791484237,-0.450783272891764,-0.402707283806539,-0.585808551307692,-0.51566421470685
-0.220219535904681,-0.184226645242122,-0.447104464921175,-0.400158134868741,-0.580983768170854,-0.511652650933025
-0.217259519320901,-0.182178413154606,-0.443363987195736,-0.397566668962291,-0.576112877509119,-0.507577860362483
-0.214251386018669,-0.180082886938166,-0.439562075725121,-0.394932836881798,-0.571196431027885,-0.503440429907574
-0.211195111825328,-0.177939883250926,-0.435699000566585,-0.392256617515102,-0.566235000844888,-0.499240975081791
-0.208090697276636,-0.175749243600758,-0.431775065277656,-0.389538017463027,-0.561229178514121,-0.494980138980462
-0.204938167374533,-0.173510834237295,-0.427790606346709,-0.386777070641234,-0.556179574064838,-0.490658591261931
-0.201737571330347,-0.171224546028125,-0.423745992602744,-0.383973837865223,-0.551086815057094,-0.486277027131246
-0.198488982293903,-0.168890294319478,-0.419641624605649,-0.38112840641953,-0.54595154565494,-0.481836166328196
-0.195192497069172,-0.166508018781768,-0.415477934018336,-0.378240889612236,-0.540774425718524,-0.477336752121539
-0.191848235816985,-0.16407768324033,-0.41125538296206,-0.375311426315868,-0.535556129916056,-0.472779550311088
-0.188456341745462,-0.161599275491774,-0.406974463356327,-0.372340180495799,-0.530297346856594,-0.468165348239303
-0.185016980788752,-0.159072807106385,-0.402635696244768,-0.369327340727322,-0.524998778244472,-0.463494953813885
-0.181530341274741,-0.156498313216995,-0.398239631108358,-0.366273119702465,-0.519661138056115,-0.458769194542829
-0.177996633582385,-0.153875852294842,-0.393786845167368,-0.363177753727713,-0.514285151739843,-0.453988916583244
-0.174416089789337,-0.151205505912888,-0.389277942673448,-0.360041502213759,-0.508871555439257,-0.449154983805196
-0.170788963310533,-0.148487378497106,-0.384713554193164,-0.356864647158382,-0.503421095240594,-0.444268276871697
-0.167115528528456,-0.145721597066316,-0.380094335884415,-0.353647492623569,-0.497934526444493,-0.439329692335916
-0.163396080415734,-0.142908310961076,-0.375420968767003,-0.350390364207965,-0.492412612862381,-0.43434014175654
-0.159630934150822,-0.140047691562226,-0.370694157988722,-0.347093608515715,-0.486856126137775,-0.429300550832194
-0.155820424727398,-0.137139931999649,-0.365914632088202,-0.343757592622728,-0.48126584509253,-0.424211858555616
-0.151964906558239,-0.134185246851861,-0.361083142255839,-0.340382703541412,-0.475642555098189,-0.419075016388377
-0.14806475307425,-0.131183871837017,-0.356200461593975,-0.336969347684848,-0.469987047472392,-0.413890987456677
-0.144120356319325,-0.128136063495942,-0.351267384377577,-0.333517950331359,-0.464300118900273,-0.408660745768786
-0.140132126541753,-0.125042098867812,-0.346284725316523,-0.330028955090404,-0.458582570880744,-0.403385275454533
-0.136100491782838,-0.121902275159082,-0.341253318820658,-0.326502823370699,-0.452835209197475,-0.398065570027256
-0.13202589746342,-0.118716909406321,-0.336174018268677,-0.322940033851401,-0.447058843414377,-0.392702631668503
-0.127908805968935,-0.115486338133531,-0.33104769528188,-0.31934108195719,-0.441254286395273,-0.387297470535694
-0.123749696233684,-0.11221091700458,-0.325875239003762,-0.315706479337989,-0.435422353847465,-0.381851104092922
-0.119549063324941,-0.108891020471388,-0.320657555386424,-0.312036753354107,-0.429563863888877,-0.376364556465013
-0.115307418027521,-0.105527041418446,-0.31539556648468,-0.308332446567465,-0.423679636638334,-0.370838857814864
-0.111025286429423,-0.102119390804292,-0.310090209758707,-0.304594116239561,-0.417770493828613,-0.365275043744072
-0.106703209509118,-0.0986684973005216,-0.304742437386048,-0.300822333836798,-0.411837258441774,-0.359674154716774
-0.102341742725062,-0.0951748069289365,-0.299353215583732,-0.297017684543729,-0.405880754366351,-0.354037235506615
-0.097941455608003,-0.091638782697408,-0.293923523941189,-0.293180766784755,-0.399901806075876,-0.34836533466667
-0.0935029313565873,-0.088060904235002,-0.288454354764663,-0.289312191754757,-0.393901238328255,-0.342659504022143
-0.0890267664367805,-0.0844416674269294,-0.282946712433666,-0.285412582959089,-0.387879875885432,-0.33692079818559
-0.0845135701856145,-0.0807815840498632,-0.277401612770106,-0.281482575763365,-0.381838543252853,-0.331150274094432
-0.0799639644196949,-0.0770811814081327,-0.271820082420551,-0.277522816953354,-0.375778064438136,-0.325348990570426
-0.0753785830489589,-0.0733410019713151,-0.266203158252124,-0.273533964305359,-0.369699262728424,-0.319518007900806
-0.0707580716960475,-0.0695616030136949,-0.260551886762423,-0.269516686167303,-0.363602960485813,-0.313658387440679
-0.0661030873217538,-0.0657435562560824,-0.25486732350388,-0.265471661050795,-0.357489978960324,-0.307771191236383
-0.0614142978568756,-0.0618874475104312,-0.249150532522848,-0.261399577234392,-0.351361138119829,-0.301857481669327
-0.056692381840859,-0.0579938763277005,-0.243402585813744,-0.257301132378194,-0.345217256496341,-0.295918321119958
-0.0519380280675443,-0.0540634556493681,-0.237624562788466,-0.253177033149931,-0.33905915104813,-0.289954771651385
-0.0471519352383187,-0.0500968114629868,-0.231817549761292,-0.249027994862625,-0.33288763703703,-0.283967894712218
-0.0423348116229792,-0.0460945824621753,-0.225982639449451,-0.244854741123915,-0.326703527920434,-0.277958750858184
-0.0374873747285415,-0.0420574197113793,-0.220120930489471,-0.240658003497062,-0.320507635257356,-0.271928399492018
-0.0326103509762556,-0.0379859863157592,-0.214233526969399,-0.236438521173657,-0.314300768628025,-0.265877898621187
-0.027704475387013,-0.03388095709648,-0.208321537976957,-0.232197040657991,-0.308083735566427,-0.259808304632901
-0.0227704912753637,-0.0297430182717456,-0.202386077163645,-0.227934315463073,-0.301857341505276,-0.253720672085997
-0.0178091499523017,-0.025572867143795,-0.196428262324791,-0.223651105818172,-0.295622389732839,-0.247616053519131
-0.0128212104369728,-0.0213712117921679,-0.190449214995509,-0.219348178387845,-0.289379681361105,-0.241495499274833
-0.00780743917740397,-0.0171387707733995,-0.184450060062464,-0.215026306002271,-0.283130015304731,-0.235360057338867
-0.00276860978040198,-0.0128762728274214,-0.178431925391385,-0.210686267398788,-0.276874188270286,-0.229210773194449
0.0022944972493307,-0.00858445659080281,-0.172395941470163,-0.206328846974465,-0.270612994755252,-0.223048689690787
0.00738109476076471,-0.00426407031704036,-0.166343241067423,-0.201954834549506,-0.264347227056312,-0.216874846925469
0.0124903891988072,8.41283960126005e-05,-0.160274958906324,-0.1975650251413,-0.25807767528637,-0.21069028214015
0.0176215808371607,0.00445937287137628,-0.154192231353471,-0.193160218748924,-0.251805127399905,-0.204496029629125
0.0227738640018378,0.00886088761080539,-0.148096196122646,-0.188741220147804,-0.245530369226108,-0.198293120660196
0.0279464272852875,0.0132878885451287,-0.141987991993173,-0.184308838694377,-0.23925418450941,-0.192082583407453
0.0331384537512193,0.0177395832770544,-0.135868758542595,-0.179863888140399,-0.232977354956857,-0.18586544289536
0.0383491211301123,0.0222151713163499,-0.129739635893441,-0.175407186456715,-0.226700660291992,-0.179642720953787
0.0435776020055101,0.0267138443073878,-0.123601764473748,-0.170939555666145,-0.22042487831473,-0.173415436183432
0.0488230639911554,0.0312347862490404,-0.117456284791063,-0.16646182168524,-0.214150784966851,-0.167184603931198
0.054084669899091,0.0357771737069288,-0.111304337219537,-0.161974814174564,-0.207879154402652,-0.160951236275039
0.0593615778987818,0.0403401760180475,-0.105147061799846,-0.15747936639724,-0.201610759064399,-0.154716342017843
0.0646529416674344,0.0449229554878035,-0.0989855980515237,-0.1529763150854,-0.195346369762152,-0.148480926689871
0.0699579105316014,0.0495246675795109,-0.0928210847973994,-0.148466500314259,-0.189086755757599,-0.142245992559339
0.075275629600264,0.0541444610964543,-0.0866546599996906,-0.143950765383439,-0.182832684851479,-0.136012538650648
0.0806052398895198,0.0587814783565496,-0.0804874606074449,-0.139429956705245,-0.176584923474281,-0.129781560769889
0.0859458784390579,0.0634348553597505,-0.0743206224148818,-0.134904923699542,-0.170344236779812,-0.12355405153714
0.0912966784206094,0.0681037219482763,-0.0681552799302746,-0.130376518694903,-0.164111388741317,-0.117331000425184
0.0966567692385831,0.0727872019598372,-0.0619925662549009,-0.125845596835645,-0.157887142249755,-0.111113393804164
0.102025276623062,0.0774844133739554,-0.0558336129717237,-0.121313015994466,-0.151672259213951,-0.104902214991825
0.107401322715401,0.0821944684515625,-0.0496795500433136,-0.116779636690285,-0.145467500662255,-0.098698444308905
0.112784026146647,0.0869164738680277,-0.0435315057186382,-0.11224632201096,-0.139273626845402,-0.0925030591392837
0.118172502109029,0.0916495308398315,-0.0373906064482212,-0.107713937540514,-0.133091397340223,-0.0863170339944682
0.123565862420731,0.0963927352450184,-0.0312579768073108,-0.103183351290538,-0.126921571153959,-0.080141340582079
0.128963215584255,0.101145177737703,-0.0251347394265529,-0.098655433635403,-0.120764906828791,-0.0739769478778822
0.134363666838576,0.105905943856776,-0.0190220149297694,-0.09413105725094,-0.114622162546373,-0.0678248222010634
0.139766318205431,0.11067411412911,-0.0129209218783505,-0.0896110970562154,-0.108494096231987,-0.0616859272922802
0.145170268529956,0.115448764167437,-0.00683257672186212,-0.0850964301580789,-0.102381465658102,-0.0555612243941991
0.150574613516002,0.120228964763181,-0.000758093754380171,-0.0805879357981148,-0.0962850285470115,-0.0494516723341045
0.155978445756401,0.125013781974495,0.00530141492387359,-0.076086495301661,-0.0902055426722942,-0.0433582276082438
0.161380854758517,0.129802277209785,0.0113448394400844,-0.0715929920285294,-0.0841437659587841,-0.0372818444675031
0.16678092696535,0.134593507306956,0.0173710721779885,-0.0671083113251069,-0.0781004565808374,-0.031223475004127
0.172177745772532,0.139386524608716,0.023379007803103,-0.0626333404774806,-0.0720763730585731,-0.0251840692390591
0.177570391541546,0.144180377034191,0.0293675432844644,-0.0581689686652544,-0.0660722743518659,-0.0191645752096197
0.182957941609489,0.148974108147188,0.0353355779133706,-0.0537160869157051,-0.0600889199517864,-0.0131659390571057
0.188339470295695,0.153766757221384,0.041282013319513,-0.0492755880579672,-0.0541270699692897,-0.0071891051140401
0.193714048905616,0.158557359302791,0.0472057534850167,-0.0448483666768953,-0.0481874852208389,-0.00123501599067516
0.199080745732231,0.163344945269787,0.0531057047567765,-0.0404353190662932,-0.0422709273107649,0.0046953873395465
0.204438626055416,0.168128541891092,0.0589807758575926,-0.0360373431811634,-0.0363781587100705,0.0106011654559423
0.209786752139581,0.17290717188199,0.0648298778964989,-0.0316553385886825,-0.030509942831466,0.0164813804082604
0.215124183229965,0.177679853959163,0.0706519243787497,-0.02729020641757,-0.0246670441003767,0.0223350956364025
0.220449975547939,0.182445602894478,0.0764458312158933,-0.0229428493055508,-0.0188502280217066,0.0281613758925233
0.225763182285739,0.187203429568127,0.0822105167363912,-0.0186141713445829,-0.0130602612420656,0.0339592871658612
0.231062853600941,0.19195234102142,0.0879449016971632,-0.0143050780235821,-0.00729791160730553,0.039727896610572
0.236348036611143,0.19669134050967,0.0936479092965367,-0.010016476168312,-0.00156394821505759,0.0454662724769282
0.241617775389158,0.201419427555492,0.0993184651889699,-0.00574927387818444,0.00414085853789033,0.0511734840461629
0.246871110959219,0.20613559800295,0.104955497502025,-0.00150438045964259,0.00981573691367435,0.0568486015693293
0.252107081294496,0.2108388440729,0.11055793685594,0.00271729364411777,0.0154599137970515,0.0624906962104217
0.257324721316393,0.215528154419934,0.116124716386236,0.00691483692736476,0.0210726146649689,0.0680988399941121
0.262523062896011,0.220202514191325,0.12165477176975,0.0110873369002756,0.0266530635622138,0.0736721057583928
0.267701134858206,0.224860905088384,0.127147041254499,0.0152338801718482,0.0322004830833694,0.0792095671124422
0.272857962988627,0.229502305430599,0.132600465693714,0.0193535525375282,0.0377140943612642,0.0847102983999964
0.277992570044196,0.234125690222992,0.138013988584473,0.023445439071812,0.0431931170621483,0.0901733746685322
0.283103975767413,0.238730031227092,0.143386556111244,0.0275086242260405,0.0486367693877706,0.0955978716445549
0.288191196904944,0.243314297035939,0.148717117194758,0.031542191931632,0.0540442680846043,0.1009828657153
0.2932532472309,0.24787745315352,0.154004623546482,0.0355452257089499,0.0594148284603484,0.106327433917091
0.29828913757524,0.252418462079064,0.159248029729098,0.0395168087820246,0.064747664407962,0.111630653930684
0.303297875857724,0.256936283396588,0.164446293223255,0.0434560241993214,0.0700419884373585,0.116891604083827
0.308278467127875,0.26142987387014,0.169598374500962,0.0473619549607508,0.0752970117149939,0.122109363361363
0.313229913611339,0.265898187545114,0.174703237105872,0.0512336841510809,0.0805119441114746,0.127283011423081
0.318151214763102,0.270340175856063,0.179759847740767,0.0550702950799236,0.0856859942573743,0.132411628629616
0.323041367327982,0.274754787741417,0.184767176362512,0.0588708714284401,0.0908183696074096,0.137494296076622
0.327899365408845,0.27914096976551,0.189724196284751,0.0626344974029218,0.0959082765131543,0.142530095637503
0.33272420054293,0.283497666248302,0.194629884288554,0.0663602578953375,0.100954920304385,0.147518110014884
0.337514861786757,0.287823819403203,0.199483220741275,0.0700472386509944,0.105957505379241,0.152457422801097
0.342270335809967,0.292118369483368,0.204283189723789,0.0736945264433683,0.110915235303284,0.157347118547855
0.346989606998595,0.296380254936864,0.209028779166354,0.0773012092562248,0.115827312917618,0.162186282845381
0.351671657568092,0.300608412571058,0.213718980993206,0.0808663764730657,0.12069294045613,0.166974002411137
0.356315467686558,0.304801777726599,0.218352791276096,0.0843891190739605,0.125511319671971,0.171709365188354
0.360920015608531,0.308959284461318,0.222929210396834,0.0878685298397745,0.130281651973338,0.176391460454537
0.365484277819758,0.313079865744434,0.227447243219029,0.0913037035638544,0.135003138568666,0.181019378940134
0.370007229193271,0.317162453661318,0.231905899269035,0.0946937372710948,0.139674980621231,0.185592212957451
0.374487843157143,0.321205979629186,0.236304192926214,0.0980377304444312,0.144296379413244,0.190109056540005
0.378925091874268,0.325209374623965,0.240641143622528,0.101334785258647,0.148866536519438,0.194569005592382
0.383317946434499,0.329171569418636,0.2449157760515,0.104584006821505,0.15338465399019,0.198971158050751
0.387665377059418,0.33309149483328,0.249127120386502,0.107784503422041,0.157849934544125,0.203314614054049
0.391966353320073,0.336968081997085,0.253274212508349,0.110935386785974,0.162261581770219,0.20759847612595
0.396219844367907,0.340800262622486,0.257356094242127,0.114035772338063,0.166618800339329,0.211821849367629
0.400424819179184,0.344586969291668,0.261371813603172,0.117084779471293,0.170920796225124,0.215983841661363
0.404580246813061,0.348327135755549,0.265320425052057,0.120081531822692,0.175166776934295,0.220083563884943
0.408685096683581,0.35201969724539,0.269200989758448,0.123025157555599,0.179355951745972,0.224120130136897
0.412738338845691,0.355663590797129,0.273012575873645,0.125914789648148,0.183487531960213,0.228092657972449
0.416738944295479,0.359257755588514,0.276754258811597,0.128749566187762,0.187560731155435,0.232000268650174
0.420685885284708,0.362801133289059,0.280425121538141,0.131528630671332,0.191574765454608,0.235842087389224
0.424578135649738,0.366292668422832,0.284024254868196,0.134251132310863,0.195528853800022,0.239617243637012
0.428414671154861,0.369731308744029,0.287550757770604,0.136916226344207,0.199422218236426,0.243324871347193
0.432194469850091,0.373116005625287,0.29100373768029,0.139523074350599,0.203254084202303,0.246964109267792
0.435916512443337,0.376445714458591,0.294382310817353,0.142070844570607,0.20702368082901,0.250534101239228
0.439579782686894,0.379719395068636,0.297685602512707,0.14455871223012,0.210730241247498,0.254033996502026
0.443183267778155,0.382936012138451,0.300912747539815,0.146985859867964,0.214373002902317,0.257462950013942
0.446725958774372,0.38609453564705,0.304062890452105,0.149351477666738,0.217951207872558,0.260820122776207
0.450206851021246,0.389193941318806,0.307135185925498,0.151654763786378,0.221464103199372,0.264104682168557
0.453624944595118,0.392233211084232,0.310128799105596,0.153894924700016,0.224910941219679,0.267315802292677
0.456979244758437,0.395211333551795,0.313042905958922,0.156071175531617,0.228290979905659,0.270452664323706
0.460268762428184,0.398127304490328,0.315876693627678,0.158182740394882,0.231603483209593,0.273514456869333
0.463492514656813,0.400980127321572,0.318629360787364,0.160228852732896,0.234847721413567,0.276500376336068
0.466649525125276,0.403768813622324,0.321300118006656,0.162208755657942,0.23802297148358,0.27940962730218
0.469738824647624,0.406492383635607,0.323888188108857,0.164121702290934,0.241128517427526,0.282241422896778
0.47275945168663,0.409149866790282,0.326392806534253,0.165966956099876,0.24416365065652,0.284994985184536
0.475710452879788,0.411740302228366,0.328813221702649,0.16774379123674,0.247127670349007,0.28766954555541
0.47859088357507,0.414262739339401,0.331148695375361,0.169451492872137,0.250019883817063,0.290264345118796
0.481399808375656,0.416716238301054,0.3333985030159,0.171089357527175,0.2528396068743,0.292778635101462
0.484136301692933,0.419099870625173,0.335561934148615,0.172656693401852,0.255586164204739,0.29521167724861
0.486799448306859,0.421412719708412,0.337638292714453,0.174152820699326,0.258258889732002,0.297562744227346
0.489388343932868,0.423653881386519,0.339626897423102,0.175577071945415,0.26085712698817,0.299831120031867
0.491902095794338,0.425822464491341,0.341527082100648,0.176928792302665,0.263380229481618,0.302016100389599
0.494339823199676,0.427917591409561,0.343338196031984,0.178207339878308,0.265827561063135,0.304116993167546
0.496700658122954,0.429938398642114,0.345059604297096,0.179412086025451,0.26819849628962,0.306133118778028
0.498983745787045,0.431884037363229,0.346690688100431,0.180542415636818,0.27049242078462,0.308063810583028
0.501188245248095,0.43375367397797,0.348230845092506,0.181597727430378,0.272708731594987,0.309908415296308
0.503313329980226,0.435546490677187,0.349679489682931,0.182577434226197,0.274846837542916,0.311666293382469
0.50535818845921,0.437261685988631,0.351036053344021,0.183480963213848,0.276906159572599,0.313336819452074
0.507322024743902,0.438898475323142,0.352299984904178,0.184307756209737,0.27888613109075,0.314919382652005
0.509204059054162,0.440456091514605,0.353470750830246,0.185057269903692,0.280786198300249,0.316413387050145
0.511003528343954,0.441933785352513,0.354547835498027,0.185728976094189,0.282605820526134,0.317818252013536
0.512719686868314,0.443330826105862,0.355530741450204,0.186322361911611,0.284344470533211,0.31913341257912
0.514351806742847,0.444646502037139,0.356418989640888,0.186836930028919,0.286001634834503,0.320358319816176
0.515899178494361,0.445880120905138,0.357212119666064,0.18727219885917,0.287576813989808,0.321492441179582
0.517361111601331,0.447031010455375,0.35790968997922,0.187627702739317,0.289069522893644,0.322535260853029
0.518736935022779,0.44809851889682,0.358511278091468,0.18790299209975,0.290479291051834,0.323486280081329
0.520025997714199,0.449082015363745,0.359016480755503,0.18809763361906,0.291805662846039,0.324345017490944
0.521227669129203,0.449980890361432,0.35942491413277,0.188211210363555,0.293048197785549,0.325111009397925
0.522341339705482,0.450794556194574,0.35973621394326,0.188243321911039,0.294206470745641,0.325783810102427
0.523366421333789,0.451522447377167,0.359950035597366,0.188193584458443,0.29528007219188,0.326362992169007
0.524302347808621,0.452164021022774,0.36006605430929,0.188061630912911,0.296268608389706,0.326848146691932
0.525148575259308,0.452718757214031,0.360083965191542,0.187847110965942,0.29717170159874,0.327238883544751
0.525904582560269,0.453186159350351,0.360003483330068,0.187549691150294,0.297988990251196,0.327534831613409
0.526569871719233,0.453565754472797,0.359824343839668,0.187169054879325,0.2987201291139,0.32773563901224
0.527143968242263,0.453857093565162,0.359546301899312,0.186704902468502,0.299364789433364,0.32784097328216
0.52762642147446,0.454059751830332,0.359169132767116,0.186156951138877,0.29992265906348,0.327850521570482
0.528016804915328,0.454173328941109,0.358692631774692,0.185524935002313,0.30039344257537,0.327763990791775
0.528314716507769,0.45419744926467,0.35811661430071,0.184808605028323,0.300776861348988,0.32758110776923
0.52851977889983,0.454131762059984,0.357440915723514,0.18400772899241,0.301072653646151,0.327301619356081
0.528631639678314,0.453975941647504,0.356665391352706,0.183122091405823,0.301280574664625,0.326925292536622
0.52864997157352,0.453729687550594,0.355789916339664,0.182151493426715,0.301400396573044,0.326451914506458
0.528574472634382,0.453392724608185,0.354814385566995,0.18109575275268,0.301431908526382,0.325881292731665
0.528404866373428,0.45296480305824,0.353738713516996,0.179954703494732,0.301374916661832,0.325213254986544
0.528140901881025,0.452445698591725,0.352562834119235,0.178728196032814,0.301229244074908,0.324447649369797
0.52778235390848,0.451835212376816,0.351286700577414,0.177416096852938,0.300994730775713,0.32358434429892
0.527329022919659,0.451133171053206,0.34991028517573,0.176018288366124,0.300671233625291,0.322623228482708
0.526780735110887,0.450339426696429,0.348433579064992,0.174534668709335,0.300258626252073,0.32156421087182
0.526137342398967,0.449453856752223,0.346856592028816,0.172965151528649,0.299756798948463,0.320407220587401
0.525398722377286,0.448476363941053,0.345179352230241,0.171309665744909,0.299165658547642,0.319152206827815
0.524564778240029,0.447406876132947,0.343401905939167,0.169568155302172,0.298485128280734,0.317799138753591
0.523635438674677,0.44624534619298,0.341524317241068,0.167740578899303,0.297715147614516,0.31634800535078
0.522610657722997,0.444991751797733,0.339546667727454,0.165826909705036,0.296855672069897,0.314798815272909
0.521490414610889,0.443646095223197,0.337469056168612,0.163827135056953,0.295906673021426,0.313151596661835
0.520274713547492,0.442208403104627,0.33529159816918,0.161741256144758,0.294868137478168,0.311406396947828
0.5189635834941,0.440678726169011,0.333014425807147,0.159569287678322,0.293740067846283,0.309563282629247
0.517557077903488,0.439057138940793,0.330637687256925,0.15731125754099,0.292522481673718,0.307622339032282
0.51605527443035,0.437343739421643,0.328161546397122,0.154967206428621,0.29121541137745,0.305583670051205
0.514458274613634,0.435538648745102,0.325586182403731,0.152537187474901,0.289818903953754,0.303447397869696
0.512766203531656,0.433642010807004,0.322911789329418,0.150021265863486,0.288333020672015,0.301213662663801
0.510979209430914,0.431653991872657,0.320138575669677,0.147419518427517,0.286757836752632,0.298882622287165
0.509097463329646,0.429574780161803,0.31726676391659,0.144732033237128,0.285093441029612,0.296454451939189
0.5071211585972,0.427404585412438,0.314296590100958,0.1419589091755,0.28333993559844,0.293929343816823
0.50505051051039,0.425143638424637,0.311228303323628,0.139100255504106,0.281497435449915,0.291307506750748
0.50288575578803,0.422792190585587,0.308062165276799,0.136156191417791,0.27956606809061,0.288589165826712
0.500627152104938,0.420350513377029,0.304798449756141,0.133126845590288,0.277545973150656,0.28577456199286
0.49827497758672,0.417818897866408,0.301437442164545,0.130012355710853,0.275437301979596,0.282863951653873
0.495829530286698,0.415197654183027,0.297979439008378,0.126812868012676,0.273240217231074,0.279857606252818
0.493291127646413,0.412487110980548,0.294424747387053,0.123528536793739,0.270954892437117,0.276755811841615
0.490660105941136,0.409687614887216,0.290773684476819,0.120159523930808,0.268581511572844,0.273558868641033
0.487936819711864,0.406799529945184,0.287026577009578,0.116705998387234,0.266120268612398,0.270267090591192
0.485121641185334,0.403823237040382,0.283183760747662,0.113168135715284,0.263571367076976,0.266880804893544
0.48221495968356,0.400759133324327,0.279245579955381,0.109546117553682,0.260935019575805,0.263400351545335
0.479217181024495,0.39760763162937,0.275212386868279,0.105840131121103,0.258211447340949,0.259826082867574
0.476128726915332,0.394369159878782,0.271084541160915,0.1020503687063,0.255400879756859,0.256158363027538
0.472950034340079,0.391044160493202,0.266862409414114,0.0981770271556294,0.252503553885572,0.252397567556893
0.469681554943004,0.387633089794904,0.262546364582531,0.094220307358696,0.249519713988518,0.248544082866502
0.466323754409535,0.384136417411367,0.258136785463462,0.0901804137328708,0.246449611045867,0.244598305759019
0.462877111846234,0.380554625679636,0.253634056167749,0.086057553707422,0.243293502274406,0.24056064294037
0.459342119161502,0.376888209052977,0.249038565593749,0.0818519372080699,0.240051650644947,0.236431510531292
0.455719280448575,0.373137673511319,0.244350706905243,0.0775637761427097,0.236724324400252,0.232211333580044
0.45200911137251,0.369303535976994,0.239570877014227,0.0731932838891499,0.23331179657456,0.227900545577501
0.44821213856272,0.365386323737248,0.234699476069523,0.068740674785643,0.229814344515713,0.2234995879758
0.444328899012739,0.361386573875089,0.229736906952187,0.0642061636251082,0.22623224941103,0.219008909711772
0.440359939488841,0.357304832709938,0.224683574778682,0.0595899651538841,0.222565795818009,0.21442896673643
0.43630581594914,0.353141655249648,0.219539886412835,0.0548922935759472,0.218815271201017,0.209760221551755
0.432167092974823,0.348897604655403,0.214306249987594,0.050113362063501,0.214980965475129,0.205003142756106
0.427944343215195,0.344573251721068,0.208983074437687,0.0452533822749644,0.211063170558376,0.200158204599633
0.423638146848173,0.340169174368556,0.203570769044276,0.0403125638813563,0.207062179933634,0.195225886551036
0.41924909105794,0.335685957160824,0.198069742992781,0.0352911141021863,0.202978288221483,0.190206672877148
0.414777769531443,0.331124190834068,0.192480404945052,0.0301892372519461,0.198811790765394,0.185101052236798
0.410224781975484,0.326484471850856,0.186803162627205,0.0250071342984837,0.194562983230684,0.179909517290547
0.405590733656167,0.321767401975817,0.181038422434446,0.0197450024344748,0.19023216121873,0.174632564327855
0.400876234962491,0.316973587875688,0.1751865890543,0.0144030346634183,0.18581961989801,0.169270692913437
0.396081900995919,0.312103640745461,0.169248065109739,0.00898141940155907,0.18132565365362,0.163824405554494
0.39120835118786,0.307158175962538,0.163223250823865,0.00348034009738011,0.176750555757028,0.158294207390759
0.386256208946983,0.302137812770791,0.157112543707801,-0.00210002512971425,0.172094618057898,0.15268060590927
0.381226101338408,0.297043173996557,0.150916338273685,-0.00775950382965358,0.167358130699957,0.146984110685967
0.376118658796855,0.291874885798632,0.144635025774699,-0.0134979295389871,0.162541381862968,0.141205233156286
0.370934514875975,0.286633577454521,0.138268993974279,-0.0193151420730267,0.157644657533057,0.135344486417112
0.365674306036147,0.281319881185211,0.131818626946812,-0.0252109877905815,0.152668241303751,0.129402385062567
0.360338671473131,0.275934432020942,0.125284304912278,-0.0311853198287599,0.14761241421028,0.123379445056271
0.354928252990137,0.270477867710532,0.118666404107503,-0.0372379983051934,0.142477454599826,0.117276183642912
0.349443694915974,0.264950828677018,0.111965296696975,-0.0433688904846509,0.137263638040697,0.111093119302175
0.34388564407211,0.259353958022519,0.105181350726328,-0.0495778709068993,0.131971237273509,0.104830771748253
0.338254749791662,0.253687901585403,0.0983149301219544,-0.0558648214722956,0.126600522207803,0.0984896619784684
0.332551663993462,0.247953308053075,0.0913663947403962,-0.0622296314813272,0.121151759967682,0.0920703123746902
0.326777041314668,0.24215082913391,0.0843361004716489,-0.0686721976238992,0.115625214990444,0.0855732468616668
0.320931539305477,0.236281119792109,0.0772243994006847,-0.0751924239139032,0.110021149182418,0.0789989911265512
0.315015818689875,0.230344838549511,0.0700316400320467,-0.0817902215640576,0.104339822136585,0.0723480729043534
0.309030543696488,0.224342647858683,0.0627581675826586,-0.0884655087956921,0.0985814914169256,0.0656210223343251
0.302976382464061,0.218275214551952,0.0554043243485723,-0.0952182105775052,0.09274641291485,0.058818372392784
0.296854007526239,0.212143210371349,0.0479704501518086,-0.102048258286899,0.0868348412834955,0.0519406594082297
0.290664096380792,0.205947312584827,0.0404568828740259,-0.108955589286821,0.0808470304561578,0.0449884236651361
0.284407332148715,0.199688204694475,0.0328639590843116,-0.115940146410444,0.0747832342556172,0.0379622101032609
0.278084404329107,0.193366577242961,0.0251920147691535,-0.123001877345237,0.0686437071017483,0.0308625691199475
0.271696009656104,0.186983128724784,0.0174413861732259,-0.130140733907236,0.0624287048253308,0.0236900574834217
0.265242853064653,0.180538566609535,0.00961241076053573,-0.137356671195454,0.0561384855967276,0.0164452393657848
0.258725648772373,0.174033608484795,0.00170542830619086,-0.144649646615441,0.0497733109787228,0.00912868750506308
0.252145121485339,0.167468983326952,-0.00627921786986776,-0.152019618759923,0.0433334471137134,0.00174098450652264
0.245502007736176,0.160845432908806,-0.0143411795149507,-0.159466546133387,0.0368191660561951,-0.00571727570582144
0.238797057363475,0.154163713353499,-0.0224801018881101,-0.166990385706166,0.0302307472624746,-0.0132454862755666
0.232031035142189,0.147424596845004,-0.0306956220225218,-0.174591091282342,0.0235684792504774,-0.0208430256253901
0.225204722575481,0.140628873506221,-0.038987366789793,-0.182268611664117,0.0168326614437038,-0.0285092554796345
0.218318919859101,0.133777353456483,-0.0473549507489813,-0.190022888593878,0.0100236062144465,-0.0362435186830811
0.211374448030366,0.126870869061201,-0.0557979737613949,-0.197853854453218,0.00314164114276153,-0.0440451367996058
0.204372151314531,0.119910277387261,-0.0643160183507374,-0.205761429696403,-0.00381288849104042,-0.0519134074732509
0.19731289968242,0.112896462878859,-0.0729086467861219,-0.213745519993434,-0.0108396169609863,-0.0598476015326489
0.190197591634079,0.105830340269441,-0.0815753978636659,-0.221806013055694,-0.0179381550762453,-0.0678469598183932
0.183027157224345,0.0987128577466337,-0.0903157833600832,-0.229942775114472,-0.0251080868654071,-0.0759106897111481
0.175802561347287,0.0915450003881637,-0.0991292841294277,-0.238155647019932,-0.0323489659396934,-0.0840379613366731
0.168524807297798,0.0843277938881762,-0.10801534581145,-0.24644443992492,-0.0396603115084486,-0.0922279034218633
0.161194940629755,0.0770623085946079,-0.116973374117384,-0.254808930514713,-0.0470416040180852,-0.100479598774016
0.153814053331673,0.069749663879829,-0.126002729655797,-0.263248855740027,-0.0544922803832476,-0.108792079353221
0.146383288342035,0.0623910328681657,-0.135102722258043,-0.271763907006667,-0.0620117287764829,-0.117164320905547
0.138903844428232,0.0549876475457324,-0.144272604759044,-0.280353723770603,-0.0695992829397693,-0.125595237121995
0.131376981454437,0.0475408042795333,-0.153511566185508,-0.289017886482572,-0.077254215978469,-0.134083673285678
0.123804026065569,0.0400518697747044,-0.16281872429932,-0.297755908820867,-0.084975733594944,-0.142628399366676
0.116186377816193,0.0325222875006105,-0.17219311743947,-0.306567229145321,-0.092762966715747,-0.151228102521045
0.10852551577516,0.0249535846185534,-0.181633695600875,-0.31545120109899,-0.100614963462548,-0.159881378947093
0.100823005638637,0.01734737944586,-0.191139310683284,-0.324407083277329,-0.108530680413118,-0.168586725048681
0.0930805073862635,0.0097053894933031,-0.200708705837764,-0.333434027877027,-0.116508973094498,-0.177342527851567
0.0852997835172376,0.00202944011502429,-0.210340503832241,-0.34253106822859,-0.124548585646066,-0.186147054615039
0.0774827079053533,-0.00567852618754509,-0.220033194351001,-0.351697105107845,-0.13264813958551,-0.194998441576942
0.0696312753141581,-0.0134164397639497,-0.229785120136259,-0.360930891712042,-0.140806121605819,-0.203894681766055
0.0617476116157477,-0.0211820930689339,-0.239594461872427,-0.370231017175842,-0.149020870326169,-0.212833611811326
0.0538339847589024,-0.0289731291240382,-0.249459221706127,-0.379595888491455,-0.157290561914292,-0.221812897673032
0.0458928165347084,-0.0367870291354847,-0.259377205286625,-0.389023710685205,-0.165613194492151,-0.230830019216149
0.0379266951899365,-0.0446210992150135,-0.269346002203051,-0.398512465090219,-0.173986571231149,-0.239882253541641
0.029938388940747,-0.0524724561479965,-0.279362964685839,-0.408059885541496,-0.182408282037191,-0.248966656986631
0.0219308604414018,-0.0603380121510178,-0.289425184430837,-0.417663432305485,-0.190875683719993,-0.25808004569975
0.013907282264573,-0.0682144585591807,-0.299529467395479,-0.427320263541711,-0.1993858785354,-0.267218974693583
0.00587105345168534,-0.0760982483816376,-0.309672306407251,-0.437027204078748,-0.207935690983673,-0.276379715271823
-0.00217418280686153,-0.0839855776625413,-0.31984985141603,-0.44678071127167,-0.216521642741632,-0.285558230725148
-0.010224520300577,-0.0918723655836521,-0.330057877213574,-0.456576837692791,-0.225139925601823,-0.294750150186595
-0.0182757696752696,-0.0997542332445315,-0.340291748436202,-0.466411190392984,-0.233786372288014,-0.303950740535042
-0.0263234369951448,-0.107626481056488,-0.350546381660578,-0.476278886457089,-0.242456425013555,-0.31315487623412
-0.0343627009295453,-0.115484064687709,-0.360816204398522,-0.486174504565343,-0.251145101647917,-0.322357006994235
-0.0423883885046995,-0.123321569499158,-0.371095110795153,-0.496092032263648,-0.259846959357355,-0.331551123147461
-0.0503949493634298,-0.13113318341434,-0.381376413836573,-0.50602480864052,-0.268556055588821,-0.340730718629403
-0.058376428479435,-0.138912668170829,-0.391652793879443,-0.515965462108867,-0.277265906272408,-0.349888751469295
-0.0663264372781266,-0.146653328908248,-0.40191624332684,-0.525905842998663,-0.285969441127838,-0.359017601700274
-0.0742381231228441,-0.154347982055978,-0.412158007293652,-0.535836950683892,-0.294658955975217,-0.36810902661642
-0.0821041371343466,-0.161988921495056,-0.422368520132742,-0.545748854997279,-0.303326061971052,-0.377154113323053
-0.0899166003225952,-0.169567882982328,-0.432537337731636,-0.555630611732074,-0.311961631717922,-0.386143228552192
-0.0976670680239117,-0.177076006842049,-0.442653065541587,-0.565470172096357,-0.320555742232133,-0.395065965747836
-0.105346492653412,-0.184503798950354,-0.452703282368544,-0.575254286076158,-0.329097614799166,-0.40391108946626
-0.112945184802986,-0.191841090062615,-0.462674460042347,-0.584968399785175,-0.33757555180375,-0.412666477186524
-0.120452772739107,-0.19907699356233,-0.472551879189193,-0.594596547037079,-0.345976870691253,-0.421319058686863
-0.127858160383023,-0.20619986174397,-0.48231954146702,-0.604121235578646,-0.354287835302204,-0.429854753215144
-0.135149483888622,-0.213197240781013,-0.491960078787159,-0.613523328675475,-0.362493584923301,-0.438258404767253
-0.142314066970925,-0.220055824574964,-0.501454660242094,-0.622781923054814,-0.370578061518525,-0.446513715887428
-0.149338375180784,-0.22676140773138,-0.510782897691423,-0.631874224589076,-0.378523935744024,-0.454603180519972
-0.156207969369617,-0.233298837965435,-0.519922751228758,-0.64077542355562,-0.386312532511761,-0.462508016573599
-0.162907458641216,-0.239651968301707,-0.52885043606191,-0.649458571836777,-0.393923757049602,-0.470208099007261
-0.169420453146523,-0.24580360950106,-0.537540332687077,-0.657894465029608,-0.401336022609462,-0.477681894409992
-0.175729517140515,-0.251735483220417,-0.545964902620357,-0.666051533111529,-0.408526181198075,-0.484906398224543
-0.18181612278814,-0.257428176488601,-0.554094612360317,-0.67389574404263,-0.415469458943918,-0.491857075953462
-0.187660605276896,-0.262861098161291,-0.561897868680452,-0.681390525453533,-0.422139397962606,-0.498507809881641
-0.193242119865965,-0.268012438098811,-0.569340968772568,-0.688496710330876,-0.428507806833666,-0.504830853045208
-0.198538601573703,-0.272859129889066,-0.576388069155784,-0.695172513316407,-0.434544722042194,-0.510796792364352
-0.203526728274049,-0.277376818011339,-0.58300117759835,-0.701373544806853,-0.440218382954644,-0.516374523026116
-0.208181888034798,-0.281539830400433,-0.589140172529315,-0.707052870387595,-0.445495223069923,-0.521531236338713
-0.212478151582645,-0.285321157420017,-0.594762854495956,-0.712161123144389,-0.45033988039255,-0.526232423365198
-0.216388250816521,-0.288692438282924,-0.599825034096123,-0.71664667595219,-0.454715229788076,-0.530441896662738
-0.219883564306871,-0.291623955958458,-0.604280660425713,-0.720455879816442,-0.458582440074163,-0.534121832383953
-0.222934110707535,-0.294084641574694,-0.608081993375762,-0.723533372631479,-0.461901058344815,-0.537232834817858
-0.22550855096263,-0.296042089250481,-0.611179822046905,-0.725822460250473,-0.464629123593313,-0.539734025139618
-0.227574200105912,-0.297462582169097,-0.613523730094592,-0.727265568518767,-0.466723311068843,-0.541583155683221
-0.229097049317945,-0.298311130526676,-0.615062406978398,-0.727804760980153,-0.468139107959195,-0.542736750437089
-0.230041798720271,-0.29855152174694,-0.615744001901529,-0.727382312501665,-0.468831019935699,-0.543150271685196
-0.230371901140053,-0.298146383044828,-0.61551651477562,-0.725941324369492,-0.46875280684223,-0.542778311781382
-0.230049616769045,-0.297057256042807,-0.614328215961728,-0.723426361885855,-0.467857744392662,-0.541574807971406
-0.229374209869017,-0.295596101311373,-0.612610168948585,-0.72033077147918,-0.466525484551987,-0.539914596309938
-0.228674220608464,-0.294104794738934,-0.610833036267148,-0.717190208947336,-0.465171563318547,-0.53820800333322
-0.227948638190892,-0.292582409281537,-0.608995926561613,-0.714003930873039,-0.463794896663696,-0.536453964410601
-0.227196466932584,-0.291028036494141,-0.607097991394686,-0.710771236663463,-0.462394422697204,-0.534651444761646
-0.226416730005302,-0.289440790365477,-0.605138430290357,-0.707491473801959,-0.460969106333172,-0.532799444154602
-0.225608469807462,-0.287819807643108,-0.603116490914892,-0.704164037586921,-0.459517939691981,-0.530896997385668
-0.224770748329562,-0.286164248148267,-0.601031469204563,-0.700788370820565,-0.458039942488846,-0.528943174736628
-0.223902647513149,-0.284473295079797,-0.598882709439429,-0.697363963447952,-0.456534162407617,-0.526937082409445
-0.223003269602683,-0.282746155306499,-0.596669604262753,-0.693890352146885,-0.454999675458517,-0.524877862936495
-0.222071737489601,-0.280982059647249,-0.594391594645793,-0.690367119869424,-0.453435586318601,-0.522764695565136
-0.221107195047965,-0.279180263138223,-0.592048169797947,-0.686793895336076,-0.45184102865373,-0.520596796615461
-0.220108807461015,-0.277340045286654,-0.589638867022431,-0.683170352483835,-0.450215165420948,-0.518373419810063
-0.219075761538028,-0.275460710310517,-0.587163271517861,-0.679496209869503,-0.448557189150216,-0.516093856574785
-0.218007266020837,-0.273541587363594,-0.58462101612632,-0.675771230029848,-0.446866322204488,-0.513757436309469
-0.216902551879444,-0.271582030745391,-0.582011781028644,-0.671995218800303,-0.445141817017256,-0.511363526627822
-0.215760872596125,-0.269581420095439,-0.579335293387935,-0.668168024594139,-0.443382956306704,-0.508911533565609
-0.214581504437464,-0.267539160571476,-0.576591326942358,-0.664289537644069,-0.441589053265713,-0.506400901756441
-0.213363746713821,-0.265454683011151,-0.573779701548581,-0.660359689208448,-0.439759451727067,-0.503831114574576
-0.21210692202565,-0.263327444076785,-0.570900282677236,-0.656378450744252,-0.437893526303237,-0.50120169424417
-0.210810376496245,-0.261156926382922,-0.56795298086207,-0.652345833049195,-0.435990682500262,-0.4985122019146
-0.209473479990415,-0.2589426386063,-0.564937751104474,-0.648261885375335,-0.434050356805309,-0.495762237701489
-0.208095626318674,-0.256684115578005,-0.56185459223528,-0.644126694516632,-0.432072016747566,-0.492951440693253
-0.20667623342653,-0.254380918357562,-0.558703546235763,-0.639940383872918,-0.430055160932239,-0.490079488922996
-0.205214743568513,-0.252032634288794,-0.555484697519968,-0.635703112492815,-0.427999319047501,-0.487146099305757
-0.203710623466594,-0.249638877037282,-0.5521981721805,-0.631415074098088,-0.42590405184432,-0.484151027541169
-0.202163364452698,-0.247199286609351,-0.548844137200016,-0.627076496092015,-0.423768951089204,-0.481094067981703
-0.200572482595037,-0.244713529352488,-0.545422799630723,-0.622687638554212,-0.421593639489935,-0.47797505346674
-0.19893751880802,-0.242181297937209,-0.541934405744263,-0.618248793224466,-0.419377770594549,-0.474793855122859
-0.197258038945556,-0.239602311320384,-0.538379240154335,-0.613760282477974,-0.417121028663771,-0.471550382130777
-0.195533633877585,-0.236976314690095,-0.534757624914513,-0.609222458294455,-0.414823128517314,-0.468244581459479
-0.193763919549683,-0.234303079392122,-0.531069918593655,-0.60463570122341,-0.412483815354434,-0.464876437568152
-0.19194853702571,-0.231582402838248,-0.527316515331397,-0.600000419347879,-0.410102864549294,-0.461445972076665
-0.190087152513394,-0.22881410839653,-0.523497843876086,-0.595317047248883,-0.407680081421676,-0.457953243405343
-0.18817945737288,-0.225998045263809,-0.519614366607649,-0.590586044972682,-0.405215300983727,-0.454398346384918
-0.186225168108244,-0.22313408832071,-0.515666578547699,-0.585807897002902,-0.402708387663419,-0.450781411837587
-0.184224026342058,-0.220222137969457,-0.511655006359289,-0.580983111239499,-0.400159235005523,-0.447102606130167
-0.182175798773089,-0.217262119954841,-0.507580207338579,-0.576112217986402,-0.397567765350902,-0.443362130700408
-0.180080277117284,-0.214253985168741,-0.503442768400677,-0.571195768949628,-0.394933929495025,-0.439560221557594
-0.177937278032205,-0.21119770943859,-0.499243305061833,-0.566234336247494,-0.392257706326605,-0.435697148758554
-0.175746643025129,-0.208093293300271,-0.494982460420108,-0.561228511434528,-0.389539102447352,-0.431773215860362
-0.173508238345056,-0.204940761755895,-0.490660904136559,-0.556178904540489,-0.386778151773811,-0.427788759350901
-0.171221954858914,-0.201740164016993,-0.486279331418928,-0.551086143125884,-0.383974915122383,-0.423744148058657
-0.168887707912245,-0.198491573233638,-0.481838462009669,-0.545950871355189,-0.381129479778508,-0.41963978254297
-0.166505437174739,-0.195195086210082,-0.477339039180176,-0.54077374908893,-0.378241959051176,-0.415476094466177
-0.164075106470982,-0.191850823107475,-0.472781828732864,-0.535555450995655,-0.375312491813822,-0.411253545948926
-0.161596703596814,-0.1884589271343,-0.468167618012767,-0.53029666568473,-0.372341242032741,-0.406972628910105
-0.159070240121711,-0.185019564225095,-0.463497214930116,-0.524998094860752,-0.369328398284138,-0.402633864392687
-0.156495751177682,-0.181532922708176,-0.458771446995397,-0.519660452500367,-0.366274173260957,-0.398237801876974
-0.153873295235111,-0.177999212962961,-0.453991160368169,-0.514284464052087,-0.363178803270599,-0.39378501858254
-0.151202953866085,-0.1744186670676,-0.449157218920906,-0.508870865659665,-0.36004254772467,-0.389276118760313
-0.148484831495684,-0.170791538437561,-0.444270503318982,-0.503420403409457,-0.35686568862186,-0.384711732976123
-0.145719055141807,-0.167118101455885,-0.439331910117881,-0.497933832602177,-0.353648530025063,-0.38009251738711
-0.142905774144075,-0.163398651095797,-0.434342350878562,-0.492411917049305,-0.350391397533822,-0.375419153012302
-0.140045159882376,-0.159633502536374,-0.429302751301864,-0.486855428394371,-0.347094637753183,-0.370692344998701
-0.137137405485617,-0.155822990771949,-0.424214050382695,-0.481265145459208,-0.343758617759939,-0.365912821884131
-0.134182725531326,-0.15196747021598,-0.419077199584743,-0.475641853615311,-0.340383724567386,-0.361081334858165
-0.131181355736653,-0.148067314300082,-0.413893162036279,-0.469986344180237,-0.336970364589473,-0.356198657022311
-0.128133552641405,-0.144122915068886,-0.408662911747583,-0.464299413839008,-0.333518963105388,-0.351265582650689
-0.125039593283725,-0.140134682771443,-0.403387432850446,-0.458581864090396,-0.330029963725447,-0.346282926452317
-0.121899774869024,-0.136103045449848,-0.398067718860118,-0.452834500717904,-0.32650382785921,-0.341251522836174
-0.118714414432818,-0.132028448525748,-0.39270477196,-0.447058133285243,-0.322941034186667,-0.336172225180075
-0.115483848498043,-0.127911354385419,-0.387299602309319,-0.441253574656018,-0.31934207813332,-0.331045905104437
-0.112208432727494,-0.123752241964015,-0.381853227373917,-0.435421640537284,-0.315707471349902,-0.325873451751858
-0.108888541572009,-0.119551606329689,-0.376366671280317,-0.42956314904669,-0.312037741197522,-0.320655771073541
-0.105524567914991,-0.115309958268154,-0.370840964193061,-0.423678920302771,-0.308333430238882,-0.315393785123393
-0.102116922713884,-0.111027823868329,-0.365277141715339,-0.417769776037982,-0.304595095736254,-0.310088431360683
-0.0986660346391847,-0.106705744109618,-0.359676244312831,-0.411836539234049,-0.300823309156798,-0.304740661962039
-0.0951723497115915,-0.102344274451432,-0.354039316760671,-0.405880033779145,-0.297018655685808,-0.29935144314357
-0.0916363309378683,-0.0979439844254854,-0.348367407613372,-0.399901084146425,-0.293181733748419,-0.29392175449379
-0.0880584579459758,-0.0935054572314129,-0.34266156869753,-0.393900515093399,-0.289313154540222,-0.288452588318022
-0.0844392266200125,-0.0890292893361763,-0.336922854627038,-0.387879151381595,-0.285413541567274,-0.282944948994853
-0.0807791487355423,-0.0845160900778208,-0.331152322340611,-0.381837817516031,-0.281483530195871,-0.277399852345273
-0.0770787515957847,-0.0799664812739769,-0.325351030661249,-0.375777337503876,-0.277523767212452,-0.271818325014926
-0.0733385776692087,-0.0753810968356187,-0.319520039877378,-0.369698534631813,-0.273534910393976,-0.266201403870014
-0.069559184228991,-0.0707605823864344,-0.313660411345262,-0.363602231261462,-0.269517628089002,-0.26055013540722
-0.0657411429948392,-0.0661055948882751,-0.307773207112339,-0.357489248642356,-0.265472598809764,-0.254865575178056
-0.0618850397776037,-0.0614168022730008,-0.301859489561078,-0.351360406741862,-0.261400510835425,-0.249148787227963
-0.0579914741271529,-0.0566948830811381,-0.295920321072947,-0.34521652409149,-0.257302061826681,-0.243400843550452
-0.0540610589838664,-0.0519405261076038,-0.289956763712026,-0.339058417648978,-0.253177958451834,-0.237622823556511
-0.050094420334214,-0.0471544300548737,-0.283969878927857,-0.332886902675631,-0.249028916024468,-0.231815813559519
-0.0460921968707304,-0.0423373031938349,-0.277960727277057,-0.326702792628295,-0.244855658152767,-0.225980906275808
-0.0420550396567946,-0.0374898630326086,-0.271930368163223,-0.32050689906544,-0.240658916400526,-0.22011920034102
-0.0379836117964922,-0.0326128359935406,-0.265879859594625,-0.314300031566729,-0.236439429959846,-0.214231799842314
-0.0338785881099336,-0.027706957098625,-0.259810257959253,-0.308082997665586,-0.232197945335523,-0.208319813866533
-0.0297406548142702,-0.0227729696635242,-0.253722617816682,-0.30185660279415,-0.227935216041046,-0.202384356064307
-0.0255705092106986,-0.0178116250003378,-0.247617991706274,-0.295621650240111,-0.223652002306154,-0.196426544230097
-0.021368859377725,-0.0128236821293203,-0.241497429971224,-0.289378941114876,-0.219349070795863,-0.190447499898165
-0.0171364238708627,-0.0078099074996093,-0.235361980597933,-0.28312927433251,-0.215027194340787,-0.184448347954324
-0.0128739314290274,-0.00277107471912079,-0.229212689070217,-0.276873446598992,-0.210687151678698,-0.178430216263462
-0.00858212068778522,0.00229203570633572,-0.223050598237856,-0.270612252411208,-0.20632972720707,-0.172394235312638
-0.00426173989963954,0.00737863662462492,-0.216876748198975,-0.264346484065242,-0.201955710746508,-0.166341537869653
8.64533385359217e-05,0.0124879344795511,-0.210692176195741,-0.258076931673395,-0.197565897314787,-0.160273258656851
0.00446169235073471,0.0176191295437167,-0.204497916522925,-0.251804383189543,-0.193161086911354,-0.154190534040032
0.00886320163966899,0.0227714161420386,-0.198295000448783,-0.245529624442276,-0.188742084311993,-0.148094501732181
0.0132901971371141,0.0279439828658727,-0.192084456147827,-0.239253439175413,-0.184309698873485,-0.141986300511836
0.0177418864467137,0.0331360127778427,-0.185867308644919,-0.232976609095398,-0.179864744347923,-0.135867069955763
0.0222174690791583,0.0383466836073474,-0.179644579770301,-0.226699913925166,-0.175408038706469,-0.129737950185724
0.0267161366797297,0.0435751679368525,-0.173417288125017,-0.220424131464025,-0.170940403972251,-0.123600081629003
0.0312370732481971,0.0488206333790361,-0.167186449056293,-0.214150037653149,-0.166462666062116,-0.117454604792397
0.0357794553510664,0.0540822427448754,-0.160953074642382,-0.207878406646232,-0.161975654636916,-0.111302660049325
0.0403424523262035,0.0593591542027841,-0.154718173686446,-0.201610010884933,-0.157480202960045,-0.105145387439738
0.0449252264798721,0.0646505214289223,-0.148482751719005,-0.195345621178711,-0.152977147763899,-0.0989839264824575
0.0495269332762319,0.0699554937488049,-0.142247811008504,-0.189086006788655,-0.148467329123946,-0.0928194159996098
0.0541467215193975,0.0752732162703855,-0.136014350579559,-0.182831935514905,-0.143951590340049,-0.0866529939527218
0.058783733528103,0.0806028300087416,-0.129783366238452,-0.176584173787353,-0.139430777824744,-0.0804857972901633
0.0634371053031051,0.0859434720025556,-0.123555850605436,-0.170343486759216,-0.134905740998122,-0.0743189618054849
0.0681059666874139,0.0912942754225575,-0.117332793153448,-0.164110638403147,-0.130377332188965,-0.0681536220063046
0.0727894415195154,0.0966543696721675,-0.11111518025277,-0.15788639160952,-0.125846406541798,-0.0619909109932557
0.0774866477796942,0.102022880480493,-0.104903995221263,-0.151671508286577,-0.121313821929512,-0.0558319603486682
0.08219669772963,0.107398929987923,-0.0987002183797707,-0.145466749462087,-0.116780438871212,-0.0496779000344937
0.0869186980454274,0.11278163682455,-0.092504827112256,-0.139272875386211,-0.112247120454937,-0.0435298582990905
0.0916517499442866,0.118170116181659,-0.0863187959302985,-0.133090645635208,-0.107714732264879,-0.0373889615923872
0.0963949493049601,0.123563479876506,-0.0801430965415724,-0.126920819215751,-0.103184142312795,-0.0312563344890487
0.101147386782255,0.128960836410675,-0.073978697921886,-0.120764154669458,-0.0986562209732094,-0.025133099619147
0.105908147915741,0.134361291022237,-0.0678265663904484,-0.114621410177427,-0.0941318409221048,-0.0190203776059479
0.110676313232956,0.139763945732038,-0.061687665687931,-0.108493343664386,-0.0896118770786899,-0.0129192870102935
0.115450958347282,0.145167899384337,-0.055562957056996,-0.102380712902253,-0.0850972065499499,-0.00683094428121617
0.120231154050783,0.15057224768212,-0.0494533993249155,-0.0962842756127793,-0.0805887085775998,-0.000756463712270658
0.125015966402235,0.155976083217369,-0.0433599489879087,-0.0902047895690041,-0.0760872644871051,0.00530304259682904
0.129804456810654,0.161378495496615,-0.0372835602968219,-0.084143012695229,-0.071593757638393,0.0113464647737662
0.134595682114541,0.166778570962034,-0.0312251853438475,-0.0780997031652811,-0.0671090733779679,0.0173726952027591
0.139388694657189,0.172175393008454,-0.0251857741498654,-0.0720756194987558,-0.0626340989920253,0.0233806285497948
0.14418254235829,0.177568041996565,-0.0191662747521222,-0.0660715206550124,-0.0581697236602755,0.0293691617843672
0.14897626878221,0.182955595262689,-0.0131676332918274,-0.0600881661246077,-0.0537168384100924,0.0353371941982191
0.153768913203169,0.1883371271254,-0.0071907941014092,-0.0541263160179913,-0.0492763360707123,0.0412836274214729
0.158559510667707,0.193711708889405,-0.00123669979101168,-0.0481867311511251,-0.0448491112270794,0.0472073654366717
0.163347092054719,0.199078408846951,0.00469370866603816,-0.0422701731278442,-0.0404360601730887,0.0531073145911166
0.16813068413343,0.204436292277202,0.0105994918491864,-0.0363774044186642,-0.0360380808638285,0.0589823836079999
0.172909309619612,0.209784421443872,0.0164797118083161,-0.0305091884358085,-0.0316560728665597,0.0648314835967344
0.177681987230425,0.215121855591517,0.0223334319834751,-0.0246662896042279,-0.0272909373100808,0.0706535280629411
0.182447731738202,0.220447650940845,0.0281597171269736,-0.018849473428352,-0.0229435768321989,0.0764474329185203
0.187205554023587,0.225760860683442,0.033957633228214,-0.0130595065543265,-0.0186148955249459,0.082212116492275
0.191954461128326,0.231060534976255,0.0397262474415243,-0.0072971568275423,-0.0143057988773132,0.0879464995414486
0.196693456308165,0.236345720936264,0.0454646280173565,-0.00156319334517536,-0.0100171937151373,0.0936495052646846
0.201421539086127,0.241615462635688,0.0511718442371358,0.00414161349643351,-0.00574998813790167,0.0993200593167417
0.206137705306683,0.246868801098177,0.0568469663521117,0.0098164919598633,-0.00150509145211837,0.104957089825468
0.210840947191078,0.252104774296339,0.0624890655264825,0.0154606689303079,0.00271658589894488,0.110559527411374
0.215530253394282,0.257322417151033,0.0680972137851361,0.0210733698851452,0.00691413240948864,0.116126305210243
0.220204609063934,0.262520761532829,0.0736704839662828,0.0266538188695855,0.0110866355896216,0.12165635889916
0.224862995901701,0.267698836266073,0.0792079496793313,0.0322012384786316,0.0152331820482733,0.127148626726375
0.229504392227412,0.27285566713592,0.0847086852682507,0.0377148498455262,0.019352857580823,0.132602049545342
0.234127773046422,0.277990276898819,0.0901717657807626,0.0431938726369237,0.023444747261697,0.138015570853346
0.238732110120579,0.283101685296808,0.0955962669436209,0.0486375250549767,0.0275079355421688,0.143388136835052
0.243316372043232,0.288188909076118,0.100981265144315,0.0540450238465509,0.0315415063535881,0.14871869641137
0.247879524318665,0.293250962010432,0.106325837419435,0.0594155843197365,0.0355445432162465,0.154006201293938
0.252420529446396,0.298286854929307,0.111629061450006,0.0647484203678749,0.0395161293541068,0.159249606045594
0.256938347010714,0.303295595752118,0.116890015564048,0.0700427445012576,0.0434553478155608,0.164447868147131
0.261431933775934,0.308276189528019,0.12210777874669,0.0752977678867129,0.0473612816004465,0.169599948070688
0.265900243787703,0.313227638482305,0.127281430658006,0.0805127003952132,0.0512330137934582,0.174704809360038
0.270342228480818,0.318148942069631,0.132410051658926,0.0856867506576908,0.0550696277041303,0.179761418718065
0.274756836793943,0.3230390970345,0.137492722845405,0.0908191261292184,0.0588702070135479,0.184768746101728
0.279143015291634,0.327897097479479,0.14252852609115,0.0959090331617182,0.0626338359279234,0.189725764824755
0.283499708294066,0.332721934941536,0.1475165440991,0.100955677085309,0.0663595993391417,0.194631451668281
0.28782585801485,0.337512598476924,0.1524558604619,0.10595826229847,0.0700465829924302,0.199484786999717
0.292120404707333,0.342268074755047,0.157345559731585,0.110915992367092,0.0736938736611741,0.204284754899983
0.29638228681977,0.346987348161713,0.162184727498707,0.115828070132608,0.0773005593290543,0.209030343299367
0.3006104411597,0.351669400912167,0.166972450481056,0.120693697829225,0.0808657293794807,0.21372054412213
0.304803803067937,0.356313213174323,0.171707816622201,0.125512077210409,0.0843884747924302,0.218354353440029
0.308961306602468,0.360917763202545,0.176389915199988,0.130282409684667,0.0878678883486719,0.222930771634872
0.313081884732658,0.36548202748243,0.181017836945209,0.135003896460739,0.091303064841453,0.227448803570257
0.317164469544017,0.370004980886872,0.18559067417052,0.1396757387022,0.0946931012955693,0.231907458772512
0.321207992453892,0.374485596843829,0.19010752090979,0.144297137691555,0.0980370971938479,0.236305751620966
0.325211384438327,0.378922847516091,0.194567473067963,0.148867295003826,0.101334154710968,0.240642701547533
0.329173576270419,0.383315703993428,0.198969628581569,0.153385412689672,0.104583378954581,0.244917333245684
0.333093498770355,0.387663136497358,0.203313087589909,0.157850693467998,0.107783878213609,0.249128676888722
0.336970083067416,0.391964114598874,0.207596952617025,0.162262340928051,0.110934764213656,0.253275768357392
0.340802260874129,0.396217607449389,0.211820328764462,0.166619559740958,0.11403515237936,0.257357649476692
0.344588964772761,0.400422584025149,0.215982323914869,0.17092155588065,0.117084162103583,0.261373368261866
0.348329128514304,0.404578013385308,0.220082048946414,0.175167536854074,0.12008091702323,0.265321979173384
0.352021687330086,0.408682864943925,0.224118617958004,0.179356711940617,0.123024545301508,0.269202543380804
0.355665578256106,0.412736108755975,0.228091148505241,0.183488292440581,0.125914179916424,0.273014129035307
0.359259740470169,0.416736715817592,0.231998761847085,0.187561491932629,0.12874895895526,0.276755811550715
0.362803115641833,0.420683658380598,0.23584058320307,0.191575526539967,0.131528025914774,0.280426673892731
0.366294648295211,0.424575910281427,0.239615742020992,0.195529615205121,0.134250530006829,0.284025806876138
0.369733286184536,0.428412447284459,0.243323372254893,0.199422979973068,0.136915626469133,0.287552309469629
0.373117980682474,0.43219224743981,0.246962612653186,0.203254846282517,0.139522476880772,0.291005289107978
0.376447687181036,0.435914291455501,0.250532607056674,0.20702444326504,0.14207024948217,0.294383862011127
0.379721365504939,0.439577563083957,0.25403250470627,0.210731004051809,0.144558119499061,0.297687153509823
0.382937980337226,0.44318104952271,0.257461460560117,0.214373766087582,0.146985269470116,0.300914298377368
0.386096501656925,0.44672374182916,0.260818635619831,0.217951971451657,0.149350889577779,0.304064441167015
0.389195905188415,0.450204635349173,0.264103197265532,0.221464867185387,0.151654177981826,0.307136736554511
0.392235172862214,0.453622730159262,0.267314319599291,0.224911705625891,0.153894341155229,0.31013034968528
0.395213293286789,0.456977031522059,0.270451183796626,0.228291744745542,0.156070594221786,0.313044456525666
0.39812926223097,0.460266550354737,0.273512978465607,0.231604248496811,0.158182161295037,0.315878244217688
0.400982083116494,0.463490303709949,0.276498900013122,0.234848487161969,0.160228275817897,0.318630911436663
0.403770767520148,0.466647315268856,0.27940815301781,0.238023737707199,0.162208180902482,0.321301668751085
0.406494335684948,0.469736615845726,0.282239950609157,0.241129284140572,0.164121129669535,0.32388973898407
0.409151817039742,0.472757243903553,0.284993514852201,0.244164417873376,0.165966385586891,0.326394357575721
0.411742250726535,0.475708246080061,0.28766807713726,0.247128438084228,0.167743222806346,0.328814772945662
0.414264686134853,0.478588677723453,0.290262878574092,0.25002065208537,0.16945092649834,0.331150246855026
0.416718183442352,0.48139760343715,0.292777170389818,0.25284037569058,0.171088793183807,0.333400054767149
0.419101814160865,0.484134097632775,0.295210214329987,0.255586933584038,0.172656131062573,0.335563486206202
0.421414661687029,0.486797245090534,0.297561283062048,0.258259659689521,0.174152260337618,0.33763984511296
0.42365582185658,0.489386141526104,0.299829660580534,0.260857897539267,0.175576513534589,0.339628450196946
0.42582440350135,0.491899894163111,0.302014642613204,0.263381000641799,0.176928235815855,0.341528635284083
0.427919529008014,0.494337622310206,0.304115537027381,0.265828332848055,0.178206785288477,0.343339749659105
0.429940334877495,0.496698457941709,0.306131664235702,0.268199268715078,0.17941153330539,0.345061158401849
0.431885972284014,0.498981546280734,0.308062357600456,0.270493193866557,0.180541864759145,0.346692242716619
0.433755607632633,0.501186046383669,0.309906963835704,0.272709505349484,0.181597178367539,0.348232400253794
0.435548423114194,0.503311131724873,0.311664843406337,0.274847611986192,0.182576886950471,0.349681045422858
0.437263617256455,0.50535599078035,0.313335370923198,0.276906934721004,0.183480417697349,0.351037609696008
0.438900405470258,0.507319827609183,0.31491793553344,0.278886906960771,0.184307212424411,0.352301541901537
0.440458020589496,0.50920186243145,0.316411941305206,0.280786974908496,0.185056727821322,0.353472308506187
0.441935713403677,0.511001332201329,0.317816807605788,0.282606597889351,0.1857284356864,0.354549393885673
0.443332753181816,0.512717491174062,0.319131969472367,0.284345248668265,0.186321823149871,0.355532300582603
0.444648428186424,0.514349611465447,0.32035687797445,0.286002413758387,0.186836392884539,0.356420549551022
0.445882046176322,0.515896983602475,0.321491000567127,0.287577593719635,0.187271663303313,0.357213680386864
0.447032934897064,0.517358917063798,0.322533821434298,0.28907030344665,0.187627168742997,0.357911251543578
0.448100442557663,0.518734740808596,0.323484841820962,0.290480072445372,0.187902459633838,0.358512840532252
0.449083938292435,0.520023803792513,0.324343580353759,0.291806445097585,0.188097102654288,0.359018044105567
0.449982812606724,0.521225475469294,0.325109573348905,0.293048980912693,0.188210680870521,0.359426478424977
0.45079647780528,0.522339146276747,0.325782375106704,0.294207254766091,0.188242793860209,0.359737779210493
0.451524368402176,0.523364228105732,0.326361558191851,0.295280857123454,0.18819305782016,0.35995160187254
0.452165941511051,0.524300154750831,0.326846713698736,0.296269394250344,0.188061105657395,0.360067621625378
0.452720677214628,0.525146382341445,0.327237451501015,0.297172488406492,0.187846587063299,0.360085533581582
0.453188078912418,0.525902389752041,0.327533400484724,0.297989778024228,0.187549168570522,0.36000505282719
0.45356767364559,0.526567678990384,0.327734208764278,0.298720917870489,0.187168533592316,0.359825914477102
0.453859012398048,0.527141775562547,0.327839543880653,0.299365579191901,0.186704382444053,0.359547873710415
0.454061670372806,0.527624228813628,0.327849092981208,0.299923449842473,0.18615643234669,0.359170705785383
0.454175247242797,0.5280146122431,0.327762562980545,0.300394234393434,0.185524417412008,0.358694206033783
0.454199367375345,0.528312523793817,0.327579680701868,0.300777654224859,0.184808088609439,0.358118189834463
0.454133680029568,0.528517586113755,0.32730019299841,0.301073447598674,0.184007213714416,0.357442492565966
0.453977859526087,0.528629446789624,0.326923866854446,0.301281369712764,0.183121577238122,0.356666969538116
0.453731605388438,0.528647778551605,0.326450489465551,0.301401192735876,0.182150980338652,0.355791495902529
0.453394642455738,0.528572279448495,0.325879868297745,0.301432705823102,0.181095240713548,0.354815966542073
0.452966720966146,0.528402672992659,0.325211831125265,0.301375715111753,0.179954192473783,0.353740295939327
0.452447616610834,0.528138708274275,0.324446226046728,0.301230043697462,0.178727685999262,0.352564418024159
0.451837130558195,0.527780160044442,0.32358292147953,0.300995531590452,0.17741558777597,0.351288286000595
0.451135089448152,0.527326828766791,0.322621806132349,0.300672035651888,0.176017780214904,0.349911872153176
0.450341345356477,0.526778540637387,0.321562788955708,0.300259429510325,0.174534161453017,0.348435167633076
0.44945577572916,0.52613514757275,0.320405799070604,0.299757603458292,0.172964645136378,0.346858182224298
0.448478283286926,0.525396527165958,0.31915078567523,0.299166464329097,0.171309160185833,0.34518094409029
0.447408795900074,0.524562582610867,0.317797717929934,0.298485935353992,0.169567650545455,0.343403499501378
0.446247266433967,0.523633242594597,0.316346584820565,0.297715955999888,0.167740074914121,0.341525912543491
0.444993672565478,0.522608461158539,0.314797395000433,0.296856481787824,0.165826406460597,0.33954826480861
0.443648016570903,0.521488217528185,0.313150176611163,0.295907484092484,0.163826632522496,0.337470655067517
0.442210325085814,0.520272515912246,0.311404977082775,0.294868949923074,0.161740754289564,0.335293198925364
0.440680648837527,0.518961385271566,0.309561862913363,0.293740881685893,0.159568786471728,0.333016028460681
0.439059062350823,0.517554879058442,0.307620919428835,0.292523296929031,0.157310756952389,0.330639291848434
0.437345663627722,0.516053074927072,0.305582250523167,0.291216228069611,0.154966706427475,0.328163152967816
0.435540573802122,0.514456074415884,0.303445978379726,0.289819722104057,0.152536688030747,0.325587790995417
0.433643936770225,0.512764002602652,0.301212243174233,0.288333840301907,0.150020766945944,0.322913399984529
0.431655918797723,0.510977007733309,0.298881202759988,0.286758657883715,0.1474190200063,0.32014018843129
0.429576708104746,0.50909526082551,0.296453032336034,0.285094263683643,0.144731535282051,0.317268378828446
0.427406514429687,0.507118955247999,0.293927924098951,0.283340759797341,0.141958411656481,0.314298207207485
0.425145568573033,0.505048306276965,0.291306086879032,0.281498261215772,0.139099758391184,0.311229922669962
0.422794121922388,0.502883550630577,0.288587745761625,0.279566895445674,0.136155694681127,0.308063786908804
0.420352445959922,0.500624945982993,0.285773141694462,0.277546802117353,0.133126349200176,0.304800073720428
0.417820831753516,0.498272770459137,0.282862531081794,0.275438132580525,0.130011859637727,0.301439068508498
0.415199589432922,0.495827322111636,0.279856185366248,0.273241049489014,0.126812372227118,0.297981067780168
0.412489047652254,0.493288918381317,0.276754390599288,0.27095572637503,0.123528041266487,0.294426378635667
0.409689553040222,0.490657895542722,0.273557447001215,0.268582347213875,0.120159028632764,0.290775318252069
0.40680146963945,0.487934608136103,0.27026566851167,0.266121105979885,0.116705503289472,0.287028213362134
0.40382517833635,0.48511942838744,0.266879382331612,0.26357220619445,0.113167640789054,0.283185399729063
0.400761076282927,0.482212745617974,0.263398928457782,0.260935860466992,0.109545622770426,0.27924722161806
0.397609576312027,0.479214965644875,0.259824659210671,0.258212290029781,0.105839636452454,0.27521403126558
0.394371106347424,0.476126510174538,0.256156938757028,0.255401724267472,0.102049874124096,0.271086188347121
0.391046108810271,0.472947816190166,0.252396142627978,0.252504400242311,0.0981765326319154,0.266864059444457
0.38763504002336,0.469679335335207,0.248542657233833,0.24952056221594,0.0942198128657366,0.262548017513222
0.384138369614695,0.466321533294259,0.244596879376683,0.246450461168749,0.0901799192431529,0.258138441351703
0.380556579921854,0.462874889173052,0.24055921576188,0.243294354317748,0.0860570591936694,0.253635715071761
0.376890165398642,0.459339894879137,0.236430082509575,0.240052504633972,0.0818514426432429,0.249040227572792
0.373139632025535,0.455717054504902,0.232209904667432,0.236725180360417,0.0775632815000171,0.244352372019629
0.369305496725415,0.452006883714542,0.227899115725721,0.233312654531551,0.0731927891420564,0.239572545325352
0.365388286786092,0.448209909136605,0.223498157135959,0.229815204495459,0.0687401799078758,0.234701147639882
0.361388539291134,0.444326667763754,0.219007477834351,0.226233111439701,0.0642056685906659,0.229738581845397
0.357306800560538,0.440357706361388,0.21442753377127,0.222566659922024,0.0595894699370442,0.224685253059507
0.353143625602732,0.436303580886739,0.20975878744805,0.218816137407044,0.0548917981512714,0.219541568147203
0.348899577579483,0.432164855920114,0.205001707462392,0.214981833810092,0.0501128664058466,0.214307935242622
0.344575227285245,0.42794210410993,0.200156768063776,0.211064041049461,0.0452528863594909,0.208984763281705
0.340171152642527,0.423635905633215,0.195224448720221,0.207063052608289,0.040312067683533,0.203572461546851
0.335687938214884,0.419246847673262,0.190205233697874,0.202979163107425,0.0352906175978005,0.19807143922474
0.331126174739121,0.414775523916126,0.185099611654861,0.198812667890613,0.0301887404171141,0.192482104978504
0.326486458678414,0.410222534067719,0.179908075251032,0.194563862623446,0.0250066371096556,0.186804866535571
0.321769391798011,0.405588483393253,0.174631120775128,0.190233042907582,0.0197445048684467,0.181040130292482
0.316975580765269,0.400873982280832,0.169269247791131,0.185820503911787,0.0144025366973385,0.175188300938122
0.312105636775808,0.39607964583103,0.163822958805498,0.181326540021443,0.00898092101293933,0.169249781096854
0.307160175207662,0.391206093474368,0.158292758957211,0.176751444508314,0.00347984126410532,0.163224970993195
0.302139815305341,0.386253948618626,0.152679155732541,0.172095509222361,-0.00210052442937656,0.157114268139713
0.297045179895823,0.38122383832804,0.146982658706651,0.167359024307612,-0.00776000361704488,0.150918067050023
0.291876895138553,0.376116393036446,0.141203779314192,0.162542277944138,-0.0134984298350439,0.144636758978807
0.286635590311688,0.370932246296619,0.135343030651249,0.157645556118373,-0.0193156428982725,0.138270731691045
0.28132189763687,0.365672034568056,0.129400927311131,0.152669142424158,-0.0252114891651127,0.131820369262686
0.275936452145005,0.360336397045653,0.123377985256635,0.147613317897041,-0.0311858217722373,0.125286051915315
0.270479891585573,0.354925975531748,0.117274721731612,0.142478360884527,-0.0372385008368273,0.118668155887394
0.264952856382285,0.34944141435429,0.111091655214898,0.137264546955245,-0.0433693936231884,0.111967053345083
0.259355989637933,0.343883360333892,0.104829305419824,0.131972148850143,-0.0495783746706119,0.105183112335726
0.253689937191567,0.338252462802817,0.0984881933428366,0.126601436479092,-0.0558653258789643,0.0983166967874598
0.247955347731273,0.332549373679057,0.0920688413649156,0.12115267696653,-0.0622301365482277,0.0913681665586144
0.242152872966117,0.326774747598929,0.085571773409904,0.115626134750095,-0.0686727033677886,0.0843378775410112
0.236283167860988,0.320929242111804,0.078997515164038,0.110022071736454,-0.0751929303510007,0.0772261818214913
0.230346890938422,0.315013517940843,0.0723465943613947,0.104340747518934,-0.0817907287100314,0.0700334279065087
0.224344704651681,0.309028239313862,0.0656195411402777,0.0985824196618611,-0.0884660166656367,0.0627599610149447
0.218277275833794,0.302974074368801,0.0588168884760399,0.0927473440569931,-0.0952187191859278,0.0554061234448522
0.212145276227494,0.296851695638512,0.0519391726962053,0.0868357753578177,-0.102048767647698,0.047972255020305
0.205949383101439,0.290661780619984,0.0449869340842501,0.0808479674979803,-0.108956099413264,0.0404586936250582
0.199690279958424,0.284405012433441,0.0379607175789209,0.0747841743006161,-0.115940657315151,0.0328657758303492
0.193368657341821,0.278082080577224,0.0308610735765365,0.0686446501859507,-0.123002389040151,0.0251938376248692
0.186985213746835,0.271693681784727,0.0236885588442761,0.0624296509851178,-0.130141246403607,0.0174432152555477
0.180540656643766,0.265240520990167,0.0164437375531818,0.0561394348688326,-0.137357184503809,0.0096142461887008
0.174035703620895,0.258723312410451,0.00912718244020167,0.0497742634002305,-0.144650160745558,0.00170727020180436
0.167471083655311,0.252142780750963,0.00173947610950901,0.0433344027220588,-0.152020133720807,-0.00627736938277557
0.160847538520509,0.245499662543648,-0.0057187875159919,0.0368201248891607,-0.159467061933237,-0.0143393243098674
0.154165824340326,0.238794707626447,-0.0132470015810251,0.0302317093581866,-0.166990902352349,-0.0224782398359776
0.147426713299415,0.232028680773684,-0.0208445445094118,0.0235694446474009,-0.174591608781358,-0.0306937529916768
0.140630995521356,0.225202363487912,-0.0285107780266536,0.0168336301806382,-0.182269130021568,-0.0389854906459066
0.133779481126144,0.218316555964307,-0.0362450449787049,0.0100245783305191,-0.190023407814432,-0.0473530673549888
0.126873002479846,0.211372079239639,-0.0440466669306323,0.0031426166774185,-0.197854374540575,-0.0557960829774402
0.119912416649985,0.204369777538646,-0.0519149415276781,-0.00381190949804097,-0.205761950653253,-0.0643141200341034
0.11289860808138,0.197310520831675,-0.0598491395996924,-0.0108386344695883,-0.21374604182142,-0.0729067407911677
0.105832491508078,0.190195207618337,-0.0678485019884905,-0.0179371690461061,-0.221806535755369,-0.0815734840417632
0.0987150151182859,0.183024767953069,-0.0759122360759779,-0.0251070972559109,-0.229943298685258,-0.0903138615595509
0.0915471639902801,0.175800166729598,-0.0840395119891559,-0.0323479727099724,-0.238156171460073,-0.0991273541954712
0.0843299638187291,0.168522407242518,-0.0922294584561686,-0.0396593146173972,-0.246444965231433,-0.1080134075861
0.0770644849520581,0.161192535045473,-0.100481158285568,-0.0470406034243843,-0.254809456683344,-0.116971427439435
0.0697518467630832,0.153811642126802,-0.108793643438696,-0.0544912760453903,-0.263249382765197,-0.126000774360756
0.0623932223765358,0.146380871424883,-0.117165889662871,-0.0620107206528017,-0.27176443488142,-0.13510075817807
0.0549898437788839,0.138901421707079,-0.125596810650337,-0.0695982709884682,-0.280354252486553,-0.144270631722913
0.0475430073374288,0.131374552837617,-0.134085251685441,-0.0772532001576611,-0.289018416029845,-0.153509584018556
0.0400540797575405,0.12380159146156,-0.142629982739473,-0.0849747138626885,-0.297756439188049,-0.162816732823416
0.0325245045087474,0.116183937133722,-0.151229690969685,-0.0927619430300974,-0.306567760319393,-0.172191116472987
0.0249558087524365,0.108523068923307,-0.159882972575547,-0.1006139357816,-0.315451733065273,-0.181631684958672
0.0173496108059298,0.100820552526959,-0.168588323962045,-0.108529648695069,-0.324407616019424,-0.191137290176701
0.00970762817989772,0.0930780479249226,-0.177344132156017,-0.116507937297707,-0.333434561376751,-0.200706675274626
0.00203168622826978,0.0852973176171491,-0.186148664417779,-0.124547545729126,-0.342531602465917,-0.210338463016882
-0.00567627254785474,0.0774802354783406,-0.195000056986133,-0.132647095507326,-0.351697640060845,-0.22003114308431
-0.0134141784984878,0.0696287962731251,-0.203896302890739,-0.140805073325692,-0.360931427356827,-0.229783058215737
-0.0211798240789907,0.0617451258748693,-0.212835238761335,-0.149019817803895,-0.370231553486497,-0.239592389092279
-0.0289708523116856,0.0538314922338286,-0.221814530558881,-0.15728950511027,-0.379596425439995,-0.249457137857376
-0.0367847444037573,0.0458903171427907,-0.230831658148907,-0.165612133367497,-0.389024248241518,-0.259375110157263
-0.0446188064681133,0.0379241888504698,-0.239883898632791,-0.173985505747836,-0.398513003222025,-0.269343895578231
-0.0524701552915022,0.0299358755752511,-0.248968308347892,-0.182407212158173,-0.40806042421429,-0.279360846348087
-0.0603357030921463,0.0219283399738938,-0.258081703442908,-0.190874609409394,-0.41766397148253,-0.289423054160362
-0.0682121412070421,0.013904754621898,-0.267220638930254,-0.199384799758675,-0.427320803183999,-0.299527324970488
-0.0760959226475384,0.00586851856385848,-0.276381386113219,-0.207934607707806,-0.437027744145,-0.309670151604363
-0.0839832434602909,-0.00217672500626402,-0.285559908281773,-0.216520554935343,-0.446781251718319,-0.319847684010733
-0.0918700228299405,-0.0102270698740304,-0.294751834567956,-0.225138833235825,-0.456577378474037,-0.330055696980811
-0.0997518818593021,-0.018278326680838,-0.30395243184927,-0.23378527533526,-0.466411731460812,-0.340289555151004
-0.107624120963368,-0.0263260014860021,-0.313156574587566,-0.242455323449531,-0.476279427761346,-0.350544175098832
-0.115481695814468,-0.0343652729534495,-0.322358712491021,-0.25114399545096,-0.486175046053834,-0.360813984337846
-0.123319191778223,-0.0423909681034246,-0.331552835888957,-0.259845848508997,-0.496092573882267,-0.371092877015917
-0.131130796783342,-0.0503975365721483,-0.340732438713661,-0.268554940074174,-0.506025350333422,-0.381374166123064
-0.138910272573206,-0.0583790233260536,-0.349890478990408,-0.277264786080581,-0.515966003818685,-0.391650532021203
-0.146650924293903,-0.0663290397825662,-0.359019336747654,-0.285968316252396,-0.525906384666782,-0.401913967120197
-0.154345568381987,-0.0742407332962651,-0.368110769274013,-0.294657826414678,-0.53583749225078,-0.412155716543458
-0.161986498726439,-0.0821067549783125,-0.377155863668448,-0.30332492772944,-0.54574939640289,-0.422366214654352
-0.169565451092891,-0.0899192258281759,-0.386144986655646,-0.311960492805358,-0.555631152916329,-0.432535017353141
-0.177073565815279,-0.0976697011707182,-0.395067731671194,-0.320554598665482,-0.565470712999721,-0.442650730106342
-0.1845013487804,-0.105349133408564,-0.403912863261762,-0.329096466602746,-0.575254826640306,-0.452700931738001
-0.191838630755339,-0.112947833120008,-0.412668258895499,-0.337574399010088,-0.584968939953781,-0.462672094099233
-0.199074525136433,-0.120455428556749,-0.421320848338285,-0.34597571334191,-0.594597086756717,-0.472549497841052
-0.206197384232205,-0.127860823624005,-0.42985655082408,-0.354286673448665,-0.604121774799836,-0.482317144650168
-0.21319475423148,-0.135152154458307,-0.438260210333148,-0.362492418627921,-0.613523867353862,-0.491957666471031
-0.220053329052491,-0.1423167447559,-0.446515529392254,-0.370576890855553,-0.622782461152513,-0.501452232434059
-0.226758903318991,-0.149341060047387,-0.454605001926242,-0.378522760800684,-0.631874762076158,-0.510780454442042
-0.233296324765908,-0.156210661162361,-0.462509845822217,-0.386311353389403,-0.640775960411779,-0.519920292637504
-0.239649446439215,-0.162910157181166,-0.47020993601524,-0.393922573864911,-0.649459108053147,-0.528847962283368
-0.245801079122899,-0.169423158229583,-0.477683739068019,-0.40133483549573,-0.657895000610734,-0.537537843937566
-0.25173294449881,-0.175732228535669,-0.484908250394423,-0.408524990306519,-0.666052068077469,-0.545962399184991
-0.257425629622573,-0.181818840235628,-0.491858935465439,-0.415468264445035,-0.673896278431173,-0.554092094600406
-0.26285854337862,-0.187663328486357,-0.498509676531629,-0.422138200047559,-0.681391059322475,-0.561895337041196
-0.268009875658015,-0.193244848514542,-0.504832726591945,-0.428506605715682,-0.688497243760312,-0.569338423790915
-0.272856560081437,-0.198541335304138,-0.510798672526531,-0.434543517957942,-0.695173046410954,-0.576385511468318
-0.277374241162994,-0.203529466692792,-0.516376409479524,-0.440217176165592,-0.701374077697726,-0.582998607949026
-0.281537246874366,-0.208184630710138,-0.521533128713427,-0.445494013863614,-0.707053403234407,-0.589137591776826
-0.285318567618116,-0.212480898042898,-0.526234321242924,-0.450338669083794,-0.712161656136566,-0.594760263620462
-0.288689842647938,-0.216391000548315,-0.530443799574336,-0.454714016719995,-0.71664720930983,-0.599822434205053
-0.291621354975868,-0.219886316753542,-0.534123739807253,-0.458581225619066,-0.720456413790486,-0.604278052758319
-0.294082035774459,-0.222936865267687,-0.537234746175839,-0.461899842904849,-0.723533907503004,-0.608079379306039
-0.296039479208611,-0.225511306988898,-0.539735939799063,-0.464627907600852,-0.725822996328984,-0.611177203084558
-0.297459968509016,-0.227576956903963,-0.54158507295392,-0.46672209498656,-0.727266106139325,-0.613521107883669
-0.29830851392032,-0.229099806145761,-0.542738669571721,-0.46813789227978,-0.727805300499255,-0.615059783293271
-0.298548902915556,-0.230044554787784,-0.543152191879959,-0.468829805181206,-0.72738285429182,-0.615741378639978
-0.298143762759407,-0.230374655609137,-0.542780232177457,-0.468751593562983,-0.725941868812521,-0.615513893948817
-0.29705463512412,-0.230052368753945,-0.541576727657327,-0.467856533165734,-0.723426909364983,-0.614325599681078
-0.295593480203151,-0.229376958891011,-0.539916514800673,-0.466524275697089,-0.720331322187212,-0.612607558356845
-0.294102173470385,-0.228676966632266,-0.53820992060891,-0.465170356877737,-0.717190762887006,-0.610830431466183
-0.292579787883158,-0.227951381180279,-0.536455880450271,-0.463793692679237,-0.71400448804597,-0.608993327653204
-0.291025414997698,-0.227199206850433,-0.534653359543251,-0.462393221211526,-0.710771797070142,-0.607095398480394
-0.289438168803981,-0.226419466813631,-0.532801357655067,-0.460967907388833,-0.707492037441713,-0.605135843471367
-0.287817186050771,-0.225611203467471,-0.530898909580926,-0.459516743331623,-0.704164604457885,-0.603113910291867
-0.286161626560482,-0.224773478801677,-0.52894508560167,-0.458038748755158,-0.700788940919668,-0.6010288948775
-0.284470673533101,-0.223905374757064,-0.526938991918365,-0.456532971343294,-0.697364536770907,-0.598880141507519
-0.282743533838541,-0.223005993577404,-0.524879771062523,-0.454998487106219,-0.693890928688165,-0.596667042824239
-0.280979438296754,-0.222074458153489,-0.522766602280698,-0.453434400720915,-0.690367699622259,-0.594389039797837
-0.27917764194496,-0.221109912358778,-0.520598701892212,-0.451839845853127,-0.686794478292437,-0.592045621636506
-0.277337424291401,-0.220111521375954,-0.518375323618941,-0.450213985459748,-0.683170938634436,-0.589636325642124
-0.275458089555025,-0.219078472013784,-0.516095758886055,-0.448556012070549,-0.679496799203805,-0.587160737011857
-0.273538966890543,-0.218009973013627,-0.51375933709276,-0.446865148048248,-0.675771822536041,-0.584618488586207
-0.271579410598366,-0.216905255345062,-0.511365425852188,-0.445140645826077,-0.671995814465328,-0.582009260544329
-0.269578800318882,-0.215763572489986,-0.508913431199566,-0.443381788121916,-0.668168623403692,-0.579332780047541
-0.267536541210653,-0.214584200714648,-0.506402797768012,-0.441587888128302,-0.664290139582602,-0.57658882083211
-0.265452064112108,-0.213366439329116,-0.503833008931344,-0.439758289677646,-0.660360294259191,-0.57377720275272
-0.26332482568631,-0.212109610933597,-0.501203586913315,-0.437892367382004,-0.656379058889212,-0.570897791277918
-0.261154308548508,-0.210813061651181,-0.498514092862955,-0.435989526746976,-0.652346444269191,-0.567950496939295
-0.258940021376105,-0.209476161346523,-0.495764126895582,-0.434049204259252,-0.648262499650013,-0.564935274736003
-0.256681499000803,-0.208098303830021,-0.492953328099347,-0.432070867447506,-0.644127311824471,-0.561852123496546
-0.25437830248271,-0.206678907047114,-0.49008137450714,-0.430054014916408,-0.639941004191271,-0.55870108519982
-0.252030019166191,-0.205217413252306,-0.487147983033836,-0.427998176353563,-0.635703735797925,-0.555482244257428
-0.249636262717322,-0.203713289167582,-0.484152909378935,-0.425902912509339,-0.631415700365119,-0.552195726759464
-0.247196673142885,-0.202166026124931,-0.481095947894831,-0.423767815149614,-0.627077125295081,-0.548841699686033
-0.244710916790775,-0.200575140192661,-0.47797693142086,-0.42159250698152,-0.622688270666398,-0.545420370086736
-0.242178686331885,-0.198940172285329,-0.474795731083613,-0.419376641552416,-0.618249428217869,-0.541931984230578
-0.239599700723415,-0.197260688257032,-0.471552256063854,-0.417119903122327,-0.613760920323746,-0.538376826728586
-0.236973705153727,-0.195536278977931,-0.46824645333065,-0.414822006510234,-0.609223098962808,-0.534755219631619
-0.23430047096885,-0.193766560393871,-0.464878307343322,-0.412482696914651,-0.604636344683674,-0.531067521505811
-0.23157979558077,-0.19195117356902,-0.461447839721911,-0.410101749708976,-0.600001065568543,-0.527314126488052
-0.228811502357701,-0.190089784711451,-0.457955108886942,-0.407678970212201,-0.595317696197609,-0.523495463323922
-0.225995440496604,-0.188182085181692,-0.454400209669403,-0.405214193435671,-0.590586696616366,-0.519611994390579
-0.223131484878177,-0.186227791484238,-0.450783272891766,-0.402707283806541,-0.585808551307694,-0.515664214706852
-0.220219535904681,-0.184226645242122,-0.447104464921175,-0.400158134868741,-0.580983768170854,-0.511652650933025
-0.217259519320904,-0.182178413154608,-0.443363987195739,-0.397566668962293,-0.576112877509123,-0.507577860362486
-0.21425138601867,-0.180082886938167,-0.439562075725122,-0.394932836881799,-0.571196431027887,-0.503440429907576
-0.211195111825328,-0.177939883250925,-0.435699000566585,-0.392256617515102,-0.566235000844889,-0.499240975081791
-0.208090697276638,-0.175749243600759,-0.431775065277659,-0.389538017463029,-0.561229178514123,-0.494980138980465
-0.204938167374535,-0.173510834237296,-0.427790606346711,-0.386777070641235,-0.556179574064842,-0.490658591261934
-0.20173757133035,-0.171224546028127,-0.423745992602747,-0.383973837865226,-0.551086815057099,-0.48627702713125
-0.198488982293906,-0.16889029431948,-0.419641624605652,-0.381128406419531,-0.545951545654943,-0.481836166328199
-0.195192497069172,-0.166508018781768,-0.415477934018337,-0.378240889612237,-0.540774425718525,-0.477336752121539
-0.191848235816987,-0.16407768324033,-0.411255382962061,-0.375311426315867,-0.535556129916058,-0.47277955031109
-0.188456341745462,-0.161599275491774,-0.406974463356327,-0.372340180495799,-0.530297346856594,-0.468165348239303
-0.185016980788751,-0.159072807106384,-0.402635696244766,-0.36932734072732,-0.524998778244469,-0.463494953813882
-0.181530341274741,-0.156498313216995,-0.398239631108358,-0.366273119702465,-0.519661138056115,-0.458769194542829
-0.177996633582385,-0.153875852294842,-0.393786845167368,-0.363177753727713,-0.514285151739843,-0.453988916583244
-0.174416089789339,-0.151205505912889,-0.38927794267345,-0.36004150221376,-0.50887155543926,-0.449154983805199
-0.170788963310533,-0.148487378497106,-0.384713554193164,-0.356864647158382,-0.503421095240594,-0.444268276871697
-0.167115528528454,-0.145721597066315,-0.380094335884412,-0.353647492623568,-0.49793452644449,-0.439329692335913
-0.163396080415736,-0.142908310961077,-0.375420968767005,-0.350390364207966,-0.492412612862383,-0.434340141756543
-0.159630934150822,-0.140047691562226,-0.370694157988721,-0.347093608515715,-0.486856126137775,-0.429300550832194
-0.155820424727396,-0.137139931999647,-0.3659146320882,-0.343757592622726,-0.481265845092527,-0.424211858555614
-0.151964906558239,-0.134185246851861,-0.361083142255839,-0.340382703541412,-0.475642555098189,-0.419075016388377
-0.14806475307425,-0.131183871837017,-0.356200461593975,-0.336969347684848,-0.469987047472392,-0.413890987456677
-0.144120356319327,-0.128136063495944,-0.35126738437758,-0.33351795033136,-0.464300118900276,-0.408660745768788
-0.140132126541753,-0.125042098867812,-0.346284725316523,-0.330028955090404,-0.458582570880744,-0.403385275454533
-0.136100491782837,-0.12190227515908,-0.341253318820655,-0.326502823370697,-0.452835209197473,-0.398065570027253
-0.132025897463421,-0.118716909406322,-0.336174018268679,-0.322940033851402,-0.447058843414379,-0.392702631668504
-0.127908805968935,-0.115486338133531,-0.33104769528188,-0.31934108195719,-0.441254286395273,-0.387297470535694
-0.123749696233683,-0.112210917004578,-0.32587523900376,-0.315706479337988,-0.435422353847463,-0.38185110409292
-0.119549063324941,-0.108891020471388,-0.320657555386425,-0.312036753354108,-0.429563863888878,-0.376364556465014
-0.115307418027521,-0.105527041418447,-0.31539556648468,-0.308332446567464,-0.423679636638334,-0.370838857814864
-0.111025286429426,-0.102119390804294,-0.31009020975871,-0.304594116239563,-0.417770493828616,-0.365275043744075
-0.106703209509118,-0.0986684973005216,-0.304742437386048,-0.300822333836798,-0.411837258441774,-0.359674154716774
-0.10234174272506,-0.095174806928935,-0.29935321558373,-0.297017684543727,-0.405880754366348,-0.354037235506613
-0.0979414556080044,-0.0916387826974089,-0.293923523941192,-0.293180766784756,-0.399901806075878,-0.348365334666672
-0.0935029313565873,-0.088060904235002,-0.288454354764663,-0.289312191754757,-0.393901238328255,-0.342659504022143
-0.0890267664367786,-0.084441667426928,-0.282946712433664,-0.285412582959088,-0.38787987588543,-0.336920798185588
-0.0845135701856145,-0.0807815840498631,-0.277401612770106,-0.281482575763365,-0.381838543252853,-0.331150274094432
-0.079963964419695,-0.0770811814081325,-0.271820082420551,-0.277522816953354,-0.375778064438136,-0.325348990570426
-0.0753785830489607,-0.0733410019713161,-0.266203158252126,-0.273533964305361,-0.369699262728427,-0.319518007900807
-0.0707580716960476,-0.0695616030136949,-0.260551886762424,-0.269516686167302,-0.363602960485813,-0.313658387440679
-0.0661030873217513,-0.06574355625608,-0.254867323503877,-0.265471661050792,-0.357489978960322,-0.307771191236381
-0.0614142978568755,-0.0618874475104312,-0.249150532522848,-0.261399577234392,-0.351361138119829,-0.301857481669327
-0.0566923818408589,-0.0579938763277005,-0.243402585813744,-0.257301132378194,-0.345217256496341,-0.295918321119958
-0.0519380280675418,-0.0540634556493665,-0.237624562788463,-0.253177033149929,-0.339059151048126,-0.289954771651382
-0.0471519352383187,-0.0500968114629868,-0.231817549761292,-0.249027994862625,-0.33288763703703,-0.283967894712218
-0.0423348116229768,-0.0460945824621732,-0.225982639449448,-0.244854741123914,-0.326703527920432,-0.277958750858181
-0.0374873747285431,-0.0420574197113809,-0.220120930489473,-0.240658003497064,-0.32050763525736,-0.271928399492021
-0.0326103509762563,-0.0379859863157586,-0.214233526969399,-0.236438521173656,-0.314300768628026,-0.265877898621186
-0.0277044753870111,-0.0338809570964789,-0.208321537976955,-0.23219704065799,-0.308083735566425,-0.259808304632898
-0.0227704912753637,-0.0297430182717456,-0.202386077163645,-0.227934315463073,-0.301857341505276,-0.253720672085997
-0.0178091499523017,-0.025572867143795,-0.196428262324791,-0.223651105818172,-0.295622389732839,-0.247616053519131
-0.0128212104369704,-0.0213712117921663,-0.190449214995506,-0.219348178387844,-0.289379681361102,-0.241495499274831
-0.00780743917740397,-0.0171387707733995,-0.184450060062464,-0.215026306002271,-0.283130015304731,-0.235360057338867
-0.00276860978039915,-0.0128762728274192,-0.178431925391382,-0.210686267398788,-0.276874188270283,-0.229210773194447
0.00229449724932819,-0.00858445659080491,-0.172395941470166,-0.206328846974467,-0.270612994755255,-0.22304868969079
0.00738109476076471,-0.00426407031704036,-0.166343241067423,-0.201954834549506,-0.264347227056312,-0.216874846925469
0.0124903891988095,8.41283960148764e-05,-0.160274958906321,-0.197565025141299,-0.258077675286367,-0.210690282140147
0.0176215808371607,0.00445937287137689,-0.154192231353471,-0.193160218748924,-0.251805127399905,-0.204496029629125
0.0227738640018384,0.008860887610806,-0.148096196122646,-0.188741220147804,-0.245530369226108,-0.198293120660197
0.0279464272852854,0.0132878885451271,-0.141987991993176,-0.184308838694378,-0.239254184509413,-0.192082583407456
0.0331384537512168,0.0177395832770529,-0.135868758542599,-0.179863888140401,-0.23297735495686,-0.185865442895363
0.0383491211301123,0.0222151713163499,-0.129739635893441,-0.175407186456715,-0.226700660291992,-0.179642720953787
0.0435776020055054,0.0267138443073841,-0.123601764473753,-0.17093955566615,-0.220424878314736,-0.173415436183437
0.0488230639911531,0.0312347862490376,-0.117456284791066,-0.166461821685243,-0.214150784966855,-0.167184603931201
0.054084669899091,0.0357771737069288,-0.111304337219537,-0.161974814174564,-0.207879154402652,-0.160951236275039
0.0593615778987793,0.0403401760180461,-0.105147061799848,-0.157479366397242,-0.201610759064402,-0.154716342017846
0.0646529416674321,0.0449229554878015,-0.0989855980515259,-0.152976315085401,-0.195346369762155,-0.148480926689874
0.0699579105315961,0.0495246675795067,-0.0928210847974048,-0.148466500314263,-0.189086755757606,-0.142245992559345
0.0752756296002624,0.0541444610964528,-0.0866546599996933,-0.14395076538344,-0.182832684851482,-0.136012538650651
0.0806052398895198,0.0587814783565496,-0.0804874606074449,-0.139429956705244,-0.176584923474281,-0.129781560769889
0.0859458784390533,0.063434855359747,-0.0743206224148872,-0.134904923699546,-0.170344236779817,-0.123554051537145
0.0912966784206071,0.0681037219482742,-0.0681552799302767,-0.130376518694905,-0.16411138874132,-0.117331000425187
0.0966567692385831,0.0727872019598372,-0.061992566254901,-0.125845596835645,-0.157887142249755,-0.111113393804164
0.102025276623058,0.0774844133739527,-0.0558336129717265,-0.121313015994469,-0.151672259213954,-0.104902214991828
0.107401322715399,0.0821944684515607,-0.0496795500433163,-0.116779636690287,-0.145467500662257,-0.098698444308908
0.112784026146643,0.0869164738680242,-0.043531505718643,-0.112246322010963,-0.139273626845406,-0.092503059139289
0.118172502109027,0.0916495308398295,-0.0373906064482234,-0.107713937540515,-0.133091397340226,-0.086317033994471
0.123565862420731,0.0963927352450184,-0.0312579768073108,-0.103183351290538,-0.126921571153959,-0.080141340582079
0.12896321558425,0.101145177737699,-0.0251347394265577,-0.0986554336354061,-0.120764906828796,-0.0739769478778876
0.134363666838574,0.105905943856775,-0.0190220149297715,-0.0941310572509415,-0.114622162546375,-0.0678248222010663
0.139766318205431,0.11067411412911,-0.0129209218783505,-0.0896110970562153,-0.108494096231987,-0.0616859272922808
0.145170268529953,0.115448764167435,-0.00683257672186488,-0.0850964301580808,-0.102381465658105,-0.0555612243942013
0.150574613515999,0.120228964763178,-0.000758093754382821,-0.0805879357981169,-0.0962850285470144,-0.0494516723341074
0.155978445756396,0.125013781974491,0.00530141492386729,-0.0760864953016657,-0.0902055426722999,-0.0433582276082495
0.161380854758515,0.129802277209783,0.0113448394400813,-0.0715929920285318,-0.0841437659587876,-0.0372818444675065
0.16678092696535,0.134593507306956,0.0173710721779884,-0.0671083113251069,-0.0781004565808374,-0.031223475004127
0.172177745772528,0.139386524608712,0.0233790078030973,-0.0626333404774844,-0.0720763730585789,-0.0251840692390646
0.177570391541544,0.144180377034189,0.0293675432844619,-0.0581689686652569,-0.0660722743518687,-0.019164575209622
0.182957941609489,0.148974108147188,0.0353355779133708,-0.0537160869157044,-0.0600889199517867,-0.0131659390571059
0.188339470295692,0.153766757221381,0.04128201331951,-0.0492755880579696,-0.0541270699692925,-0.00718910511404351
0.193714048905614,0.158557359302789,0.047205753485014,-0.044848366676897,-0.0481874852208412,-0.00123501599067737
0.199080745732227,0.163344945269782,0.0531057047567709,-0.0404353190662969,-0.0422709273107706,0.0046953873395409
0.204438626055414,0.16812854189109,0.0589807758575907,-0.0360373431811654,-0.0363781587100735,0.0106011654559396
0.209786752139581,0.17290717188199,0.0648298778964989,-0.0316553385886825,-0.0305099428314659,0.0164813804082604
0.215124183229961,0.177679853959159,0.0706519243787449,-0.0272902064175733,-0.0246670441003817,0.0223350956363981
0.220449975547937,0.182445602894475,0.0764458312158904,-0.0229428493055533,-0.01885022802171,0.02816137589252
0.225763182285739,0.187203429568127,0.0822105167363911,-0.0186141713445827,-0.0130602612420656,0.0339592871658613
0.23106285360094,0.191952341021418,0.0879449016971603,-0.0143050780235841,-0.00729791160730826,0.0397278966105697
0.236348036611141,0.196691340509668,0.093647909296534,-0.0100164761683134,-0.00156394821505972,0.0454662724769258
0.241617775389153,0.201419427555488,0.099318465188965,-0.00574927387818901,0.00414085853788478,0.0511734840461573
0.246871110959216,0.206135598002948,0.104955497502023,-0.00150438045964393,0.0098157369136723,0.0568486015693271
0.252107081294496,0.2108388440729,0.11055793685594,0.00271729364411778,0.0154599137970515,0.0624906962104217
0.257324721316388,0.215528154419929,0.11612471638623,0.00691483692736089,0.0210726146649643,0.0680988399941068
0.262523062896008,0.220202514191323,0.121654771769747,0.0110873369002738,0.026653063562211,0.0736721057583896
0.267701134858206,0.224860905088384,0.127147041254499,0.0152338801718482,0.0322004830833694,0.0792095671124422
0.272857962988625,0.229502305430597,0.132600465693711,0.0193535525375262,0.037714094361262,0.0847102983999942
0.277992570044194,0.234125690222991,0.138013988584469,0.0234454390718108,0.0431931170621453,0.0901733746685295
0.283103975767408,0.238730031227088,0.14338655611124,0.0275086242260376,0.0486367693877662,0.0955978716445505
0.288191196904942,0.243314297035937,0.148717117194756,0.0315421919316309,0.0540442680846017,0.100982865715297
0.2932532472309,0.24787745315352,0.154004623546482,0.03554522570895,0.0594148284603484,0.106327433917091
0.298289137575236,0.25241846207906,0.159248029729094,0.0395168087820214,0.0647476644079577,0.111630653930679
0.303297875857722,0.256936283396586,0.164446293223252,0.0434560241993195,0.0700419884373557,0.116891604083825
0.308278467127875,0.26142987387014,0.169598374500962,0.0473619549607508,0.0752970117149939,0.122109363361363
0.313229913611337,0.265898187545112,0.17470323710587,0.0512336841510796,0.0805119441114724,0.127283011423079
0.3181512147631,0.270340175856061,0.179759847740765,0.0550702950799217,0.0856859942573718,0.132411628629613
0.323041367327978,0.274754787741414,0.184767176362507,0.0588708714284367,0.0908183696074052,0.137494296076617
0.327899365408842,0.279140969765508,0.189724196284748,0.0626344974029199,0.095908276513152,0.142530095637501
0.33272420054293,0.283497666248302,0.194629884288553,0.0663602578953377,0.100954920304385,0.147518110014884
0.337514861786752,0.2878238194032,0.199483220741271,0.0700472386509923,0.105957505379237,0.152457422801093
0.342270335809965,0.292118369483366,0.204283189723787,0.0736945264433668,0.110915235303282,0.157347118547852
0.346989606998595,0.296380254936864,0.209028779166354,0.0773012092562248,0.115827312917618,0.162186282845381
0.35167165756809,0.300608412571057,0.213718980993204,0.0808663764730643,0.120692940456128,0.166974002411135
0.356315467686556,0.304801777726597,0.218352791276094,0.0843891190739586,0.125511319671969,0.171709365188352
0.360920015608527,0.308959284461315,0.22292921039683,0.0878685298397716,0.130281651973334,0.176391460454533
0.365484277819756,0.313079865744432,0.227447243219026,0.0913037035638523,0.135003138568663,0.181019378940131
0.370007229193271,0.317162453661318,0.231905899269035,0.094693737271095,0.139674980621231,0.185592212957451
0.37448784315714,0.321205979629183,0.236304192926211,0.0980377304444284,0.14429637941324,0.190109056540001
0.378925091874266,0.325209374623963,0.240641143622526,0.101334785258647,0.148866536519436,0.19456900559238
0.383317946434499,0.329171569418636,0.2449157760515,0.104584006821505,0.15338465399019,0.198971158050751
0.387665377059416,0.333091494833278,0.2491271203865,0.107784503422039,0.157849934544123,0.203314614054046
0.391966353320071,0.336968081997084,0.253274212508347,0.110935386785973,0.162261581770217,0.207598476125948
0.396219844367903,0.340800262622482,0.257356094242124,0.11403577233806,0.166618800339325,0.211821849367625
0.400424819179181,0.344586969291666,0.26137181360317,0.117084779471291,0.170920796225123,0.215983841661361
0.404580246813061,0.348327135755549,0.265320425052056,0.120081531822692,0.175166776934295,0.220083563884943
0.408685096683577,0.352019697245386,0.269200989758445,0.123025157555596,0.179355951745968,0.224120130136893
0.412738338845689,0.355663590797127,0.273012575873644,0.125914789648147,0.183487531960211,0.228092657972447
0.416738944295479,0.359257755588514,0.276754258811597,0.128749566187762,0.187560731155435,0.232000268650174
0.420685885284706,0.362801133289057,0.280425121538139,0.131528630671332,0.191574765454606,0.235842087389222
0.424578135649736,0.366292668422831,0.284024254868194,0.134251132310863,0.195528853800021,0.23961724363701
0.428414671154858,0.369731308744025,0.287550757770601,0.136916226344205,0.199422218236423,0.24332487134719
0.43219446985009,0.373116005625285,0.291003737680288,0.139523074350597,0.203254084202301,0.246964109267791
0.435916512443337,0.376445714458591,0.294382310817353,0.142070844570607,0.20702368082901,0.250534101239228
0.439579782686891,0.379719395068633,0.297685602512703,0.144558712230117,0.210730241247495,0.254033996502023
0.443183267778153,0.382936012138449,0.300912747539814,0.146985859867963,0.214373002902315,0.25746295001394
0.446725958774372,0.38609453564705,0.304062890452105,0.149351477666738,0.217951207872558,0.260820122776207
0.450206851021244,0.389193941318805,0.307135185925497,0.151654763786377,0.22146410319937,0.264104682168555
0.453624944595117,0.392233211084231,0.310128799105594,0.153894924700016,0.224910941219678,0.267315802292676
0.456979244758434,0.395211333551792,0.313042905958919,0.156071175531615,0.228290979905656,0.270452664323703
0.460268762428183,0.398127304490327,0.315876693627676,0.158182740394881,0.231603483209592,0.273514456869332
0.463492514656813,0.400980127321572,0.318629360787364,0.160228852732896,0.234847721413567,0.276500376336068
0.466649525125273,0.40376881362232,0.321300118006654,0.16220875565794,0.238022971483578,0.279409627302177
0.469738824647623,0.406492383635606,0.323888188108856,0.164121702290933,0.241128517427525,0.282241422896777
0.47275945168663,0.409149866790282,0.326392806534253,0.165966956099876,0.24416365065652,0.284994985184536
0.475710452879787,0.411740302228365,0.328813221702648,0.16774379123674,0.247127670349006,0.287669545555409
0.478590883575068,0.414262739339399,0.33114869537536,0.169451492872136,0.250019883817061,0.290264345118794
0.481399808375653,0.416716238301052,0.333398503015899,0.171089357527174,0.252839606874298,0.29277863510146
0.484136301692931,0.419099870625172,0.335561934148614,0.172656693401851,0.255586164204738,0.295211677248609
0.48679944830686,0.421412719708412,0.337638292714453,0.174152820699326,0.258258889732002,0.297562744227346
0.489388343932866,0.423653881386517,0.339626897423099,0.175577071945414,0.260857126988168,0.299831120031864
0.491902095794336,0.42582246449134,0.341527082100648,0.176928792302665,0.263380229481616,0.302016100389598
0.494339823199676,0.427917591409561,0.343338196031984,0.178207339878308,0.265827561063135,0.304116993167546
0.496700658122954,0.429938398642113,0.345059604297095,0.179412086025451,0.26819849628962,0.306133118778027
0.498983745787044,0.431884037363227,0.34669068810043,0.180542415636818,0.270492420784619,0.308063810583027
0.501188245248093,0.433753673977969,0.348230845092505,0.181597727430378,0.272708731594985,0.309908415296307
0.503313329980225,0.435546490677185,0.34967948968293,0.182577434226196,0.274846837542914,0.311666293382468
0.50535818845921,0.437261685988631,0.35103605334402,0.183480963213848,0.276906159572598,0.313336819452074
0.507322024743901,0.438898475323142,0.352299984904178,0.184307756209737,0.27888613109075,0.314919382652004
0.509204059054162,0.440456091514604,0.353470750830245,0.185057269903692,0.280786198300248,0.316413387050144
0.511003528343954,0.441933785352513,0.354547835498027,0.185728976094189,0.282605820526134,0.317818252013536
0.512719686868314,0.443330826105862,0.355530741450203,0.18632236191161,0.28434447053321,0.319133412579119
0.514351806742847,0.444646502037139,0.356418989640888,0.186836930028919,0.286001634834503,0.320358319816176
0.515899178494359,0.445880120905137,0.357212119666063,0.18727219885917,0.287576813989807,0.32149244117958
0.517361111601331,0.447031010455374,0.35790968997922,0.187627702739318,0.289069522893644,0.322535260853029
0.518736935022779,0.44809851889682,0.358511278091469,0.18790299209975,0.290479291051833,0.323486280081329
0.520025997714199,0.449082015363744,0.359016480755503,0.188097633619059,0.291805662846038,0.324345017490944
0.521227669129203,0.449980890361432,0.35942491413277,0.188211210363555,0.293048197785549,0.325111009397925
0.522341339705482,0.450794556194573,0.35973621394326,0.188243321911039,0.294206470745642,0.325783810102427
0.523366421333789,0.451522447377167,0.359950035597365,0.188193584458444,0.295280072191879,0.326362992169006
0.524302347808621,0.452164021022774,0.36006605430929,0.188061630912911,0.296268608389706,0.326848146691932
0.525148575259307,0.452718757214031,0.360083965191542,0.187847110965942,0.297171701598739,0.32723888354475
0.525904582560268,0.45318615935035,0.360003483330069,0.187549691150295,0.297988990251196,0.327534831613409
0.526569871719233,0.453565754472797,0.359824343839668,0.187169054879325,0.2987201291139,0.32773563901224
0.527143968242262,0.453857093565161,0.359546301899312,0.186704902468502,0.299364789433363,0.327840973282159
0.52762642147446,0.454059751830332,0.359169132767116,0.186156951138878,0.299922659063481,0.327850521570482
0.528016804915327,0.454173328941109,0.358692631774692,0.185524935002313,0.300393442575369,0.327763990791775
0.528314716507769,0.454197449264671,0.35811661430071,0.184808605028323,0.300776861348988,0.32758110776923
0.52851977889983,0.454131762059985,0.357440915723514,0.18400772899241,0.301072653646151,0.327301619356081
0.528631639678314,0.453975941647504,0.356665391352706,0.183122091405824,0.301280574664625,0.326925292536621
0.52864997157352,0.453729687550595,0.355789916339665,0.182151493426716,0.301400396573043,0.326451914506459
0.528574472634382,0.453392724608185,0.354814385566995,0.18109575275268,0.301431908526382,0.325881292731665
0.528404866373428,0.45296480305824,0.353738713516996,0.179954703494732,0.301374916661831,0.325213254986544
0.528140901881025,0.452445698591725,0.352562834119235,0.178728196032814,0.301229244074907,0.324447649369797
0.52778235390848,0.451835212376816,0.351286700577416,0.17741609685294,0.300994730775713,0.32358434429892
0.527329022919659,0.451133171053206,0.349910285175731,0.176018288366125,0.300671233625292,0.322623228482708
0.526780735110887,0.450339426696429,0.348433579064992,0.174534668709335,0.300258626252073,0.32156421087182
0.526137342398968,0.449453856752224,0.346856592028817,0.172965151528651,0.299756798948463,0.320407220587403
0.525398722377286,0.448476363941054,0.345179352230243,0.171309665744909,0.299165658547642,0.319152206827816
0.524564778240029,0.447406876132947,0.343401905939167,0.169568155302172,0.298485128280734,0.317799138753591
0.523635438674677,0.44624534619298,0.341524317241069,0.167740578899304,0.297715147614517,0.316348005350781
0.522610657722998,0.444991751797736,0.339546667727455,0.165826909705038,0.296855672069898,0.314798815272909
0.52149041461089,0.443646095223198,0.337469056168614,0.163827135056956,0.295906673021427,0.313151596661837
0.520274713547492,0.442208403104627,0.33529159816918,0.161741256144758,0.294868137478169,0.311406396947829
0.5189635834941,0.440678726169011,0.333014425807147,0.159569287678322,0.293740067846283,0.309563282629247
0.517557077903489,0.439057138940795,0.330637687256927,0.157311257540992,0.292522481673719,0.307622339032284
0.516055274430351,0.437343739421645,0.328161546397123,0.154967206428623,0.291215411377451,0.305583670051206
0.514458274613634,0.435538648745101,0.325586182403731,0.152537187474901,0.289818903953754,0.303447397869696
0.512766203531657,0.433642010807005,0.322911789329419,0.150021265863486,0.288333020672015,0.301213662663803
0.510979209430915,0.431653991872658,0.320138575669679,0.147419518427518,0.286757836752633,0.298882622287166
0.509097463329647,0.429574780161805,0.317266763916592,0.144732033237131,0.285093441029613,0.296454451939192
0.507121158597201,0.427404585412439,0.314296590100958,0.1419589091755,0.28333993559844,0.293929343816825
0.50505051051039,0.425143638424637,0.311228303323628,0.139100255504106,0.281497435449915,0.291307506750748
0.502885755788031,0.422792190585588,0.308062165276801,0.136156191417794,0.279566068090612,0.288589165826714
0.500627152104939,0.42035051337703,0.304798449756142,0.13312684559029,0.277545973150656,0.285774561992861
0.49827497758672,0.417818897866408,0.301437442164545,0.130012355710853,0.275437301979596,0.282863951653873
0.495829530286699,0.415197654183029,0.297979439008379,0.126812868012678,0.273240217231075,0.27985760625282
0.493291127646415,0.41248711098055,0.294424747387055,0.123528536793741,0.270954892437118,0.276755811841616
0.490660105941138,0.409687614887219,0.290773684476822,0.120159523930811,0.268581511572846,0.273558868641036
0.487936819711866,0.406799529945186,0.287026577009581,0.116705998387236,0.266120268612399,0.270267090591193
0.485121641185334,0.403823237040382,0.283183760747662,0.113168135715284,0.263571367076976,0.266880804893544
0.482214959683563,0.40075913332433,0.279245579955385,0.109546117553685,0.260935019575807,0.263400351545337
0.479217181024497,0.397607631629372,0.275212386868281,0.105840131121104,0.25821144734095,0.259826082867575
0.476128726915332,0.394369159878782,0.271084541160915,0.1020503687063,0.255400879756859,0.256158363027538
0.47295003434008,0.391044160493204,0.266862409414115,0.0981770271556315,0.252503553885574,0.252397567556895
0.469681554943006,0.387633089794905,0.262546364582533,0.0942203073586975,0.249519713988519,0.248544082866504
0.466323754409537,0.384136417411371,0.258136785463466,0.0901804137328739,0.246449611045868,0.244598305759022
0.462877111846236,0.380554625679638,0.253634056167751,0.0860575537074241,0.243293502274408,0.240560642940372
0.459342119161501,0.376888209052977,0.24903856559375,0.0818519372080697,0.240051650644947,0.236431510531292
0.455719280448578,0.373137673511323,0.244350706905248,0.0775637761427134,0.236724324400255,0.232211333580047
0.452009111372511,0.369303535976995,0.239570877014229,0.0731932838891519,0.233311796574562,0.227900545577503
0.44821213856272,0.365386323737248,0.234699476069523,0.068740674785643,0.229814344515713,0.2234995879758
0.444328899012742,0.361386573875091,0.229736906952189,0.0642061636251096,0.226232249411032,0.219008909711775
0.440359939488843,0.357304832709939,0.224683574778685,0.0595899651538861,0.222565795818011,0.214428966736433
0.436305815949143,0.353141655249652,0.21953988641284,0.0548922935759519,0.21881527120102,0.209760221551759
0.432167092974824,0.348897604655405,0.214306249987597,0.0501133620635031,0.214980965475131,0.205003142756108
0.427944343215195,0.344573251721068,0.208983074437687,0.0452533822749644,0.211063170558376,0.200158204599633
0.423638146848178,0.340169174368561,0.203570769044281,0.0403125638813615,0.207062179933638,0.195225886551041
0.419249091057942,0.335685957160826,0.198069742992784,0.0352911141021881,0.202978288221485,0.19020667287715
0.414777769531443,0.331124190834068,0.192480404945052,0.0301892372519461,0.198811790765394,0.185101052236798
0.410224781975486,0.326484471850858,0.186803162627208,0.0250071342984857,0.194562983230687,0.179909517290549
0.405590733656169,0.321767401975819,0.181038422434449,0.0197450024344775,0.190232161218731,0.174632564327857
0.400876234962495,0.316973587875692,0.175186589054304,0.0144030346634229,0.185819619898014,0.169270692913442
0.396081900995921,0.312103640745463,0.169248065109742,0.00898141940156116,0.181325653653621,0.163824405554496
0.39120835118786,0.307158175962538,0.163223250823865,0.00348034009738011,0.176750555757028,0.158294207390759
0.386256208946987,0.302137812770796,0.157112543707807,-0.00210002512970901,0.172094618057902,0.152680605909275
0.38122610133841,0.297043173996559,0.150916338273689,-0.0077595038296512,0.167358130699959,0.14698411068597
0.376118658796855,0.291874885798633,0.144635025774699,-0.0134979295389873,0.162541381862968,0.141205233156285
0.370934514875978,0.286633577454523,0.138268993974282,-0.0193151420730247,0.157644657533058,0.135344486417115
0.365674306036149,0.281319881185213,0.131818626946815,-0.0252109877905783,0.152668241303753,0.129402385062569
0.360338671473136,0.275934432020947,0.125284304912284,-0.0311853198287539,0.147612414210284,0.123379445056277
0.354928252990139,0.270477867710534,0.118666404107506,-0.0372379983051912,0.142477454599828,0.117276183642915
0.349443694915973,0.264950828677018,0.111965296696975,-0.0433688904846506,0.137263638040697,0.111093119302175
0.343885644072114,0.259353958022523,0.105181350726335,-0.0495778709068934,0.131971237273514,0.104830771748259
0.338254749791664,0.253687901585405,0.0983149301219564,-0.055864821472294,0.126600522207805,0.0984896619784707
0.332551663993462,0.247953308053075,0.0913663947403962,-0.0622296314813273,0.121151759967682,0.0920703123746902
0.32677704131467,0.242150829133912,0.0843361004716518,-0.0686721976238971,0.115625214990446,0.0855732468616696
0.32093153930548,0.236281119792111,0.0772243994006877,-0.0751924239139008,0.110021149182419,0.0789989911265543
0.315015818689881,0.230344838549516,0.0700316400320541,-0.081790221564052,0.10433982213659,0.0723480729043592
0.30903054369649,0.224342647858685,0.0627581675826616,-0.0884655087956894,0.098581491416928,0.0656210223343281
0.302976382464061,0.218275214551952,0.0554043243485723,-0.0952182105775052,0.09274641291485,0.058818372392784
0.296854007526244,0.212143210371354,0.0479704501518152,-0.102048258286893,0.0868348412835004,0.051940659408235
0.290664096380795,0.205947312584829,0.0404568828740293,-0.108955589286817,0.0808470304561608,0.0449884236651394
0.284407332148715,0.199688204694475,0.0328639590843116,-0.115940146410444,0.0747832342556172,0.037962210103261
0.278084404329111,0.193366577242964,0.0251920147691571,-0.123001877345233,0.0686437071017514,0.0308625691199512
0.271696009656106,0.186983128724785,0.0174413861732294,-0.130140733907232,0.0624287048253336,0.0236900574834246
0.265242853064659,0.18053856660954,0.00961241076054289,-0.137356671195447,0.0561384855967332,0.0164452393657911
0.258725648772376,0.174033608484798,0.00170542830619461,-0.144649646615437,0.0497733109787256,0.00912868750506671
0.252145121485339,0.167468983326952,-0.00627921786986771,-0.152019618759923,0.0433334471137134,0.00174098450652266
0.245502007736182,0.160845432908812,-0.0143411795149433,-0.15946654613338,0.036819166056201,-0.00571727570581454
0.238797057363477,0.154163713353502,-0.0224801018881069,-0.166990385706163,0.0302307472624778,-0.0132454862755638
0.232031035142189,0.147424596845004,-0.0306956220225218,-0.174591091282342,0.0235684792504774,-0.0208430256253901
0.225204722575485,0.140628873506224,-0.0389873667897893,-0.182268611664114,0.0168326614437069,-0.0285092554796309
0.218318919859104,0.133777353456486,-0.0473549507489777,-0.190022888593875,0.0100236062144497,-0.0362435186830776
0.211374448030373,0.126870869061208,-0.0557979737613865,-0.197853854453211,0.00314164114276802,-0.0440451367995983
0.204372151314535,0.119910277387264,-0.0643160183507342,-0.2057614296964,-0.00381288849103703,-0.0519134074732474
0.19731289968242,0.112896462878859,-0.072908646786122,-0.213745519993433,-0.0108396169609866,-0.0598476015326496
0.190197591634086,0.105830340269447,-0.0815753978636582,-0.221806013055687,-0.0179381550762396,-0.0678469598183858
0.183027157224348,0.0987128577466369,-0.0903157833600794,-0.229942775114469,-0.025108086865403,-0.0759106897111446
0.175802561347287,0.0915450003881636,-0.0991292841294277,-0.238155647019932,-0.0323489659396934,-0.0840379613366731
0.168524807297801,0.0843277938881794,-0.108015345811446,-0.246444439924916,-0.0396603115084458,-0.0922279034218598
0.161194940629759,0.0770623085946122,-0.116973374117379,-0.254808930514709,-0.0470416040180818,-0.100479598774012
0.153814053331678,0.0697496638798348,-0.126002729655789,-0.26324885574002,-0.0544922803832416,-0.108792079353215
0.146383288342038,0.0623910328681684,-0.135102722258038,-0.271763907006663,-0.0620117287764796,-0.117164320905544
0.138903844428232,0.0549876475457324,-0.144272604759044,-0.280353723770603,-0.0695992829397693,-0.125595237121995
0.131376981454445,0.0475408042795404,-0.1535115661855,-0.289017886482564,-0.0772542159784622,-0.13408367328567
0.123804026065572,0.0400518697747078,-0.162818724299315,-0.297755908820863,-0.0849757335949411,-0.142628399366672
0.116186377816193,0.0325222875006105,-0.17219311743947,-0.306567229145321,-0.0927629667157477,-0.151228102521045
0.108525515775164,0.0249535846185571,-0.18163369560087,-0.315451201098984,-0.100614963462544,-0.159881378947089
0.10082300563864,0.0173473794458633,-0.191139310683281,-0.324407083277325,-0.108530680413115,-0.168586725048677
0.0930805073862706,0.00970538949331017,-0.200708705837756,-0.333434027877019,-0.116508973094491,-0.177342527851558
0.0852997835172414,0.0020294401150282,-0.210340503832236,-0.342531068228586,-0.124548585646062,-0.186147054615035
0.0774827079053533,-0.00567852618754509,-0.220033194351001,-0.351697105107845,-0.13264813958551,-0.194998441576942
0.0696312753141653,-0.0134164397639428,-0.22978512013625,-0.360930891712034,-0.140806121605812,-0.203894681766047
0.0617476116157516,-0.0211820930689303,-0.239594461872423,-0.370231017175837,-0.149020870326164,-0.212833611811321
0.0538339847589025,-0.0289731291240383,-0.249459221706127,-0.379595888491455,-0.157290561914292,-0.221812897673032
0.045892816534712,-0.036787029135482,-0.259377205286621,-0.3890237106852,-0.165613194492147,-0.230830019216146
0.0379266951899365,-0.0446210992150136,-0.269346002203051,-0.398512465090219,-0.17398657123115,-0.23988225354164
0.0299383889407537,-0.0524724561479897,-0.27936296468583,-0.408059885541488,-0.182408282037184,-0.248966656986623
0.0219308604414059,-0.0603380121510134,-0.289425184430831,-0.417663432305481,-0.190875683719988,-0.258080045699746
0.013907282264573,-0.0682144585591807,-0.299529467395479,-0.427320263541711,-0.1993858785354,-0.267218974693583
0.00587105345168884,-0.0760982483816343,-0.309672306407247,-0.437027204078744,-0.207935690983669,-0.276379715271819
-0.00217418280685805,-0.0839855776625379,-0.319849851416025,-0.446780711271664,-0.216521642741629,-0.285558230725144
-0.010224520300577,-0.0918723655836521,-0.330057877213574,-0.456576837692791,-0.225139925601823,-0.294750150186595
-0.0182757696752661,-0.0997542332445281,-0.340291748436197,-0.466411190392979,-0.233786372288009,-0.303950740535038
-0.0263234369951447,-0.107626481056489,-0.350546381660578,-0.476278886457089,-0.242456425013555,-0.31315487623412
-0.0343627009295384,-0.115484064687702,-0.360816204398513,-0.486174504565334,-0.25114510164791,-0.322357006994227
-0.0423883885046958,-0.123321569499154,-0.371095110795148,-0.496092032263644,-0.259846959357351,-0.331551123147457
-0.0503949493634298,-0.13113318341434,-0.381376413836573,-0.50602480864052,-0.268556055588821,-0.340730718629403
-0.0583764284794313,-0.138912668170826,-0.391652793879438,-0.515965462108863,-0.277265906272404,-0.349888751469291
-0.066326437278123,-0.146653328908244,-0.401916243326835,-0.525905842998659,-0.285969441127835,-0.359017601700269
-0.0742381231228441,-0.154347982055978,-0.412158007293652,-0.535836950683892,-0.294658955975217,-0.36810902661642
-0.0821041371343431,-0.161988921495052,-0.422368520132738,-0.545748854997275,-0.303326061971048,-0.377154113323049
-0.0899166003225952,-0.169567882982328,-0.432537337731636,-0.555630611732074,-0.311961631717922,-0.386143228552192
-0.0976670680239052,-0.177076006842043,-0.442653065541578,-0.565470172096349,-0.320555742232125,-0.395065965747828
-0.105346492653408,-0.184503798950351,-0.452703282368541,-0.575254286076154,-0.329097614799163,-0.403911089466255
-0.112945184802986,-0.191841090062615,-0.462674460042347,-0.584968399785175,-0.33757555180375,-0.412666477186524
-0.120452772739103,-0.199076993562327,-0.472551879189188,-0.594596547037075,-0.345976870691249,-0.421319058686859
-0.127858160383019,-0.206199861743967,-0.482319541467016,-0.604121235578642,-0.354287835302201,-0.42985475321514
-0.135149483888616,-0.213197240781006,-0.491960078787151,-0.613523328675467,-0.362493584923294,-0.438258404767247
-0.142314066970921,-0.220055824574961,-0.501454660242089,-0.62278192305481,-0.370578061518521,-0.446513715887424
-0.149338375180784,-0.226761407731381,-0.510782897691423,-0.631874224589076,-0.378523935744024,-0.454603180519973
-0.156207969369611,-0.23329883796543,-0.51992275122875,-0.640775423555613,-0.386312532511755,-0.462508016573591
-0.162907458641214,-0.239651968301704,-0.528850436061907,-0.649458571836774,-0.393923757049599,-0.470208099007258
-0.169420453146523,-0.24580360950106,-0.537540332687077,-0.657894465029608,-0.401336022609462,-0.477681894409992
-0.175729517140512,-0.251735483220414,-0.545964902620352,-0.666051533111524,-0.408526181198072,-0.484906398224539
-0.181816122788138,-0.257428176488597,-0.554094612360312,-0.673895744042626,-0.415469458943916,-0.49185707595346
-0.187660605276891,-0.262861098161286,-0.561897868680445,-0.681390525453526,-0.4221393979626,-0.498507809881635
-0.193242119865963,-0.268012438098809,-0.569340968772564,-0.688496710330872,-0.428507806833663,-0.504830853045205
-0.198538601573703,-0.272859129889066,-0.576388069155784,-0.695172513316407,-0.434544722042194,-0.510796792364352
-0.203526728274044,-0.277376818011334,-0.583001177598345,-0.701373544806848,-0.44021838295464,-0.516374523026112
-0.208181888034796,-0.281539830400431,-0.589140172529312,-0.707052870387592,-0.44549522306992,-0.521531236338711
-0.212478151582645,-0.285321157420017,-0.594762854495956,-0.712161123144389,-0.45033988039255,-0.526232423365198
-0.21638825081652,-0.288692438282923,-0.59982503409612,-0.716646675952188,-0.454715229788074,-0.530441896662735
-0.219883564306869,-0.291623955958457,-0.60428066042571,-0.720455879816441,-0.45858244007416,-0.534121832383951
-0.222934110707531,-0.294084641574691,-0.608081993375759,-0.723533372631476,-0.461901058344811,-0.537232834817855
-0.225508550962629,-0.29604208925048,-0.611179822046904,-0.725822460250473,-0.464629123593312,-0.539734025139618
-0.227574200105913,-0.297462582169097,-0.613523730094592,-0.727265568518766,-0.466723311068843,-0.541583155683221
-0.229097049317944,-0.298311130526675,-0.615062406978397,-0.727804760980153,-0.468139107959194,-0.542736750437088
-0.230041798720271,-0.29855152174694,-0.615744001901529,-0.727382312501665,-0.468831019935699,-0.543150271685197
-0.230371901140053,-0.298146383044828,-0.61551651477562,-0.725941324369492,-0.46875280684223,-0.542778311781382
-0.230049616769045,-0.297057256042807,-0.614328215961728,-0.723426361885856,-0.467857744392663,-0.541574807971407
-0.229374209869017,-0.295596101311373,-0.612610168948585,-0.720330771479182,-0.466525484551988,-0.539914596309939
-0.228674220608464,-0.294104794738935,-0.61083303626715,-0.717190208947339,-0.465171563318547,-0.538208003333222
-0.227948638190891,-0.292582409281538,-0.608995926561614,-0.714003930873041,-0.463794896663697,-0.536453964410602
-0.227196466932584,-0.291028036494141,-0.607097991394687,-0.710771236663465,-0.462394422697206,-0.534651444761647
-0.226416730005302,-0.289440790365478,-0.605138430290357,-0.707491473801962,-0.460969106333173,-0.532799444154604
-0.225608469807463,-0.287819807643109,-0.603116490914892,-0.704164037586922,-0.459517939691981,-0.530896997385669
-0.224770748329562,-0.286164248148267,-0.601031469204563,-0.700788370820565,-0.458039942488847,-0.528943174736627
-0.223902647513149,-0.284473295079798,-0.59888270943943,-0.697363963447953,-0.456534162407617,-0.526937082409447
-0.223003269602682,-0.2827461553065,-0.596669604262755,-0.693890352146886,-0.454999675458517,-0.524877862936496
-0.222071737489601,-0.28098205964725,-0.594391594645795,-0.690367119869429,-0.453435586318603,-0.522764695565138
-0.221107195047965,-0.279180263138224,-0.592048169797947,-0.686793895336079,-0.451841028653731,-0.520596796615462
-0.220108807461015,-0.277340045286654,-0.589638867022431,-0.683170352483835,-0.450215165420948,-0.518373419810063
-0.21907576153803,-0.27546071031052,-0.587163271517864,-0.679496209869506,-0.448557189150218,-0.516093856574787
-0.218007266020837,-0.273541587363594,-0.584621016126321,-0.675771230029849,-0.446866322204488,-0.513757436309469
-0.216902551879444,-0.271582030745391,-0.582011781028644,-0.671995218800303,-0.445141817017256,-0.511363526627822
-0.215760872596124,-0.269581420095439,-0.579335293387936,-0.66816802459414,-0.443382956306705,-0.50891153356561
-0.214581504437465,-0.267539160571477,-0.576591326942359,-0.66428953764407,-0.441589053265714,-0.506400901756442
-0.213363746713823,-0.265454683011153,-0.573779701548584,-0.660359689208452,-0.43975945172707,-0.503831114574578
-0.212106922025651,-0.263327444076786,-0.570900282677238,-0.656378450744255,-0.437893526303237,-0.501201694244171
-0.210810376496244,-0.261156926382922,-0.567952980862069,-0.652345833049195,-0.435990682500261,-0.498512201914599
-0.209473479990415,-0.258942638606303,-0.564937751104476,-0.648261885375338,-0.43405035680531,-0.495762237701491
-0.208095626318674,-0.256684115578005,-0.561854592235281,-0.644126694516633,-0.432072016747566,-0.492951440693254
-0.20667623342653,-0.254380918357562,-0.558703546235763,-0.639940383872918,-0.430055160932239,-0.490079488922996
-0.205214743568514,-0.252032634288795,-0.555484697519971,-0.635703112492817,-0.427999319047502,-0.487146099305758
-0.203710623466595,-0.249638877037284,-0.552198172180503,-0.631415074098089,-0.425904051844322,-0.484151027541171
-0.2021633644527,-0.247199286609354,-0.548844137200017,-0.627076496092018,-0.423768951089204,-0.481094067981706
-0.200572482595038,-0.244713529352489,-0.545422799630724,-0.622687638554214,-0.421593639489936,-0.477975053466742
-0.19893751880802,-0.242181297937209,-0.541934405744263,-0.618248793224466,-0.419377770594549,-0.474793855122859
-0.197258038945558,-0.239602311320387,-0.538379240154338,-0.613760282477978,-0.417121028663773,-0.47155038213078
-0.195533633877585,-0.236976314690096,-0.534757624914513,-0.609222458294458,-0.414823128517315,-0.46824458145948
-0.193763919549682,-0.234303079392122,-0.531069918593655,-0.604635701223411,-0.412483815354434,-0.464876437568153
-0.191948537025711,-0.23158240283825,-0.527316515331398,-0.600000419347881,-0.410102864549295,-0.461445972076668
-0.190087152513395,-0.228814108396531,-0.523497843876088,-0.595317047248886,-0.407680081421676,-0.457953243405344
-0.188179457372882,-0.225998045263812,-0.519614366607653,-0.590586044972686,-0.405215300983728,-0.45439834638492
-0.186225168108244,-0.223134088320711,-0.515666578547701,-0.585807897002904,-0.40270838766342,-0.450781411837588
-0.184224026342058,-0.220222137969457,-0.51165500635929,-0.580983111239499,-0.400159235005523,-0.447102606130167
-0.18217579877309,-0.217262119954845,-0.507580207338583,-0.576112217986407,-0.397567765350905,-0.443362130700412
-0.180080277117285,-0.214253985168743,-0.503442768400679,-0.571195768949631,-0.394933929495026,-0.439560221557595
-0.177937278032205,-0.21119770943859,-0.499243305061833,-0.566234336247494,-0.392257706326605,-0.435697148758554
-0.17574664302513,-0.208093293300272,-0.494982460420109,-0.56122851143453,-0.389539102447352,-0.431773215860363
-0.173508238345057,-0.204940761755896,-0.490660904136561,-0.55617890454049,-0.386778151773812,-0.427788759350903
-0.171221954858916,-0.201740164016995,-0.486279331418931,-0.551086143125888,-0.383974915122386,-0.42374414805866
-0.168887707912245,-0.198491573233639,-0.481838462009671,-0.545950871355192,-0.381129479778509,-0.419639782542971
-0.166505437174739,-0.195195086210082,-0.477339039180176,-0.54077374908893,-0.378241959051176,-0.415476094466177
-0.164075106470984,-0.191850823107478,-0.472781828732869,-0.53555545099566,-0.375312491813824,-0.411253545948931
-0.161596703596815,-0.188458927134301,-0.468167618012768,-0.530296665684732,-0.372341242032742,-0.406972628910107
-0.159070240121711,-0.185019564225095,-0.463497214930116,-0.524998094860752,-0.369328398284137,-0.402633864392688
-0.156495751177683,-0.181532922708178,-0.458771446995399,-0.51966045250037,-0.366274173260958,-0.398237801876977
-0.153873295235115,-0.177999212962965,-0.453991160368174,-0.514284464052092,-0.363178803270603,-0.393785018582544
-0.151202953866087,-0.174418667067604,-0.44915721892091,-0.508870865659671,-0.360042547724673,-0.389276118760317
-0.148484831495684,-0.170791538437562,-0.444270503318985,-0.50342040340946,-0.356865688621861,-0.384711732976124
-0.145719055141808,-0.167118101455886,-0.439331910117883,-0.497933832602179,-0.353648530025064,-0.380092517387111
-0.142905774144078,-0.1633986510958,-0.434342350878566,-0.492411917049311,-0.350391397533827,-0.375419153012306
-0.140045159882379,-0.159633502536378,-0.429302751301868,-0.486855428394375,-0.347094637753185,-0.370692344998704
-0.137137405485618,-0.15582299077195,-0.424214050382696,-0.48126514545921,-0.34375861775994,-0.365912821884133
-0.134182725531328,-0.151967470215982,-0.419077199584746,-0.475641853615314,-0.340383724567387,-0.361081334858167
-0.131181355736656,-0.148067314300085,-0.413893162036283,-0.469986344180241,-0.336970364589475,-0.356198657022315
-0.128133552641408,-0.14412291506889,-0.408662911747587,-0.464299413839014,-0.333518963105391,-0.351265582650693
-0.125039593283725,-0.140134682771445,-0.403387432850448,-0.458581864090399,-0.330029963725448,-0.34628292645232
-0.121899774869026,-0.13610304544985,-0.39806771886012,-0.452834500717907,-0.326503827859211,-0.341251522836176
-0.118714414432821,-0.132028448525752,-0.392704771960005,-0.447058133285249,-0.322941034186671,-0.33617222518008
-0.115483848498046,-0.127911354385422,-0.387299602309324,-0.441253574656023,-0.319342078133323,-0.331045905104442
-0.112208432727496,-0.123752241964016,-0.38185322737392,-0.435421640537286,-0.315707471349905,-0.32587345175186
-0.108888541572011,-0.119551606329691,-0.37636667128032,-0.429563149046693,-0.312037741197524,-0.320655771073545
-0.105524567914995,-0.115309958268158,-0.370840964193066,-0.423678920302774,-0.308333430238885,-0.315393785123398
-0.102116922713888,-0.111027823868334,-0.365277141715344,-0.417769776037986,-0.304595095736258,-0.310088431360688
-0.0986660346391864,-0.10670574410962,-0.359676244312834,-0.411836539234052,-0.3008233091568,-0.304740661962042
-0.0951723497115937,-0.102344274451434,-0.354039316760674,-0.405880033779148,-0.297018655685811,-0.299351443143573
-0.0916363309378722,-0.0979439844254898,-0.348367407613377,-0.399901084146431,-0.293181733748422,-0.293921754493796
-0.0880584579459798,-0.0935054572314171,-0.342661568697535,-0.393900515093404,-0.289313154540226,-0.288452588318027
-0.0844392266200141,-0.0890292893361793,-0.336922854627042,-0.387879151381598,-0.285413541567276,-0.282944948994856
-0.0807791487355432,-0.0845160900778222,-0.331152322340614,-0.381837817516033,-0.281483530195871,-0.277399852345276
-0.0770787515957881,-0.0799664812739811,-0.325351030661254,-0.375777337503881,-0.277523767212455,-0.271818325014931
-0.0733385776692117,-0.0753810968356228,-0.319520039877384,-0.369698534631818,-0.273534910393979,-0.266201403870019
-0.0695591842289926,-0.0707605823864363,-0.313660411345264,-0.363602231261464,-0.269517628089004,-0.260550135407222
-0.0657411429948411,-0.066105594888276,-0.307773207112341,-0.357489248642358,-0.265472598809766,-0.254865575178057
-0.0618850397776074,-0.0614168022730051,-0.301859489561082,-0.351360406741868,-0.261400510835428,-0.249148787227967
-0.0579914741271561,-0.0566948830811418,-0.295920321072951,-0.345216524091496,-0.257302061826685,-0.243400843550457
-0.0540610589838682,-0.0519405261076055,-0.289956763712027,-0.33905841764898,-0.253177958451835,-0.237622823556513
-0.0500944203342156,-0.0471544300548755,-0.28396987892786,-0.332886902675633,-0.24902891602447,-0.231815813559522
-0.0460921968707349,-0.0423373031938395,-0.277960727277063,-0.3267027926283,-0.244855658152771,-0.225980906275814
-0.0420550396567977,-0.0374898630326135,-0.271930368163229,-0.320506899065446,-0.240658916400531,-0.220119200341026
-0.0379836117964938,-0.0326128359935421,-0.265879859594628,-0.314300031566732,-0.236439429959848,-0.214231799842317
-0.033878588109936,-0.0277069570986277,-0.259810257959256,-0.308082997665588,-0.232197945335525,-0.208319813866535
-0.0297406548142711,-0.0227729696635259,-0.253722617816685,-0.301856602794152,-0.227935216041047,-0.202384356064309
-0.025570509210703,-0.0178116250003423,-0.247617991706278,-0.295621650240117,-0.223652002306159,-0.196426544230103
-0.0213688593777272,-0.0128236821293228,-0.241497429971226,-0.289378941114879,-0.219349070795865,-0.190447499898168
-0.0171364238708645,-0.00780990749961262,-0.235361980597935,-0.283129274332515,-0.215027194340791,-0.184448347954327
-0.012873931429029,-0.00277107471912255,-0.229212689070221,-0.276873446598995,-0.2106871516787,-0.178430216263465
-0.00858212068778862,0.00229203570633098,-0.223050598237862,-0.270612252411214,-0.206329727207073,-0.172394235312644
-0.00426173989964178,0.00737863662462253,-0.216876748198978,-0.264346484065244,-0.20195571074651,-0.166341537869656
8.64533385336319e-05,0.0124879344795488,-0.210692176195743,-0.258076931673397,-0.19756589731479,-0.160273258656853
0.0044616923507324,0.0176191295437145,-0.204497916522927,-0.251804383189546,-0.193161086911356,-0.154190534040034
0.00886320163966461,0.0227714161420342,-0.198295000448789,-0.24552962444228,-0.188742084311997,-0.148094501732186
0.0132901971371118,0.0279439828658705,-0.19208445614783,-0.239253439175415,-0.184309698873488,-0.141986300511839
0.0177418864467122,0.0331360127778403,-0.185867308644922,-0.232976609095401,-0.179864744347925,-0.135867069955767
0.0222174690791556,0.0383466836073445,-0.179644579770304,-0.226699913925169,-0.175408038706472,-0.129737950185727
0.0267161366797256,0.0435751679368478,-0.173417288125023,-0.220424131464032,-0.170940403972255,-0.123600081629008
0.0312370732481946,0.0488206333790331,-0.167186449056296,-0.214150037653153,-0.166462666062118,-0.1174546047924
0.0357794553510643,0.054082242744873,-0.160953074642385,-0.207878406646234,-0.161975654636918,-0.111302660049328
0.0403424523262022,0.0593591542027816,-0.154718173686449,-0.201610010884936,-0.157480202960046,-0.105145387439741
0.0449252264798685,0.0646505214289183,-0.14848275171901,-0.195345621178717,-0.152977147763903,-0.0989839264824622
0.0495269332762253,0.0699554937487982,-0.142247811008512,-0.189086006788663,-0.148467329123953,-0.0928194159996175
0.0541467215193952,0.0752732162703833,-0.136014350579562,-0.182831935514907,-0.14395159034005,-0.0866529939527243
0.0587837335281008,0.0806028300087401,-0.129783366238455,-0.176584173787356,-0.139430777824747,-0.0804857972901654
0.0634371053031017,0.0859434720025501,-0.123555850605441,-0.170343486759222,-0.134905740998126,-0.0743189618054902
0.0681059666874118,0.0912942754225546,-0.117332793153451,-0.16411063840315,-0.130377332188967,-0.0681536220063068
0.0727894415195132,0.0966543696721653,-0.111115180252772,-0.157886391609523,-0.1258464065418,-0.0619909109932581
0.0774866477796915,0.10202288048049,-0.104903995221267,-0.15167150828658,-0.121313821929514,-0.0558319603486715
0.0821966977296251,0.107398929987919,-0.0987002183797755,-0.145466749462093,-0.116780438871217,-0.0496779000344997
0.0869186980454212,0.112781636824543,-0.0925048271122643,-0.139272875386218,-0.112247120454943,-0.043529858299099
0.0916517499442846,0.118170116181656,-0.0863187959303015,-0.133090645635211,-0.10771473226488,-0.0373889615923894
0.0963949493049579,0.123563479876504,-0.080143096541575,-0.126920819215754,-0.103184142312796,-0.0312563344890507
0.101147386782251,0.12896083641067,-0.073978697921892,-0.120764154669464,-0.0986562209732133,-0.0251330996191531
0.105908147915739,0.134361291022235,-0.0678265663904508,-0.114621410177429,-0.094131840922107,-0.0190203776059503
0.110676313232954,0.139763945732036,-0.0616876656879332,-0.108493343664388,-0.0896118770786923,-0.0129192870102962
0.115450958347281,0.145167899384335,-0.055562957056998,-0.102380712902256,-0.0850972065499513,-0.00683094428121855
0.120231154050779,0.150572247682115,-0.0494533993249212,-0.0962842756127851,-0.0805887085776042,-0.000756463712276292
0.125015966402229,0.155976083217363,-0.0433599489879161,-0.0902047895690117,-0.0760872644871104,0.00530304259682231
0.129804456810652,0.161378495496613,-0.0372835602968253,-0.0841430126952319,-0.0715937576383955,0.0113464647737638
0.134595682114538,0.16677857096203,-0.0312251853438504,-0.0780997031652839,-0.06710907337797,0.0173726952027555
0.139388694657182,0.172175393008447,-0.0251857741498733,-0.0720756194987638,-0.0626340989920314,0.0233806285497866
0.144182542358286,0.177568041996561,-0.0191662747521276,-0.0660715206550173,-0.0581697236602781,0.0293691617843627
0.148976268782208,0.182955595262686,-0.0131676332918301,-0.0600881661246111,-0.0537168384100952,0.0353371941982162
0.153768913203165,0.188337127125395,-0.00719079410141481,-0.0541263160179971,-0.0492763360707157,0.041283627421467
0.158559510667704,0.1937117088894,-0.00123669979101575,-0.04818673115113,-0.0448491112270831,0.0472073654366666
0.163347092054713,0.199078408846944,0.0046937086660309,-0.0422701731278522,-0.0404360601730938,0.0531073145911084
0.168130684133426,0.204436292277197,0.0105994918491807,-0.0363774044186693,-0.0360380808638327,0.0589823836079947
0.172909309619611,0.20978442144387,0.0164797118083138,-0.0305091884358106,-0.0316560728665611,0.0648314835967318
0.177681987230419,0.21512185559151,0.0223334319834669,-0.024666289604236,-0.0272909373100869,0.0706535280629328
0.182447731738198,0.220447650940841,0.028159717126968,-0.0188494734283576,-0.0229435768322033,0.0764474329185146
0.187205554023583,0.225760860683439,0.0339576332282107,-0.0130595065543298,-0.0186148955249487,0.0822121164922706
0.191954461128323,0.231060534976251,0.039726247441519,-0.00729715682754652,-0.0143057988773172,0.0879464995414443
0.19669345630816,0.23634572093626,0.0454646280173521,-0.0015631933451799,-0.0100171937151405,0.0936495052646803
0.20142153908612,0.241615462635681,0.0511718442371286,0.00414161349642615,-0.005749988137907,0.0993200593167345
0.206137705306679,0.246868801098173,0.0568469663521066,0.00981649195985833,-0.00150509145212228,0.104957089825463
0.210840947191074,0.252104774296336,0.0624890655264799,0.015460668930304,0.00271658589894215,0.11055952741137
0.215530253394274,0.257322417151025,0.068097213785128,0.0210733698851368,0.00691413240948303,0.116126305210235
0.22020460906393,0.262520761532823,0.0736704839662768,0.02665381886958,0.0110866355896185,0.121656358899155
0.224862995901699,0.267698836266071,0.0792079496793291,0.0322012384786295,0.0152331820482713,0.127148626726373
0.229504392227408,0.272855667135916,0.0847086852682464,0.037714849845521,0.0193528575808195,0.132602049545337
0.234127773046418,0.277990276898815,0.0901717657807575,0.0431938726369187,0.0234447472616932,0.138015570853342
0.238732110120573,0.283101685296802,0.0955962669436137,0.0486375250549701,0.0275079355421643,0.143388136835045
0.243316372043228,0.288188909076113,0.100981265144311,0.0540450238465464,0.0315415063535841,0.148718696411365
0.247879524318664,0.29325096201043,0.106325837419434,0.0594155843197337,0.0355445432162452,0.154006201293936
0.252420529446391,0.298286854929301,0.111629061449998,0.0647484203678683,0.039516129354102,0.159249606045587
0.25693834701071,0.303295595752114,0.116890015564044,0.0700427445012537,0.0434553478155575,0.164447868147126
0.261431933775932,0.308276189528017,0.122107778746687,0.0752977678867114,0.0473612816004448,0.169599948070686
0.265900243787699,0.313227638482301,0.127281430658002,0.0805127003952088,0.0512330137934547,0.174704809360033
0.270342228480815,0.318148942069627,0.132410051658921,0.0856867506576853,0.0550696277041273,0.17976141871806
0.274756836793937,0.323039097034493,0.137492722845397,0.0908191261292106,0.0588702070135427,0.184768746101722
0.279143015291631,0.327897097479475,0.142528526091145,0.0959090331617136,0.0626338359279195,0.189725764824751
0.283499708294064,0.332721934941534,0.147516544099098,0.100955677085308,0.0663595993391401,0.194631451668279
0.287825858014844,0.337512598476918,0.152455860461893,0.105958262298464,0.0700465829924248,0.199484786999711
0.292120404707329,0.342268074755043,0.157345559731581,0.110915992367088,0.07369387366117,0.204284754899978
0.296382286819768,0.346987348161711,0.162184727498705,0.115828070132606,0.0773005593290524,0.209030343299365
0.300610441159696,0.351669400912164,0.166972450481052,0.120693697829221,0.0808657293794777,0.213720544122126
0.304803803067933,0.356313213174318,0.171707816622197,0.125512077210404,0.0843884747924269,0.218354353440024
0.308961306602463,0.360917763202539,0.176389915199982,0.130282409684661,0.0878678883486684,0.222930771634867
0.313081884732654,0.365482027482426,0.181017836945205,0.135003896460735,0.0913030648414498,0.227448803570252
0.317164469544015,0.370004980886871,0.185590674170517,0.139675738702198,0.0946931012955684,0.23190745877251
0.321207992453886,0.374485596843822,0.190107520909783,0.144297137691549,0.0980370971938431,0.236305751620959
0.325211384438323,0.378922847516088,0.194567473067959,0.148867295003823,0.101334154710965,0.240642701547529
0.329173576270418,0.383315703993427,0.198969628581567,0.153385412689671,0.104583378954578,0.244917333245682
0.333093498770351,0.387663136497354,0.203313087589905,0.157850693467993,0.107783878213606,0.249128676888719
0.336970083067413,0.39196411459887,0.207596952617021,0.162262340928047,0.110934764213653,0.253275768357388
0.340802260874124,0.396217607449384,0.211820328764455,0.166619559740951,0.114035152379355,0.257357649476685
0.344588964772758,0.400422584025144,0.215982323914864,0.170921555880646,0.11708416210358,0.261373368261861
0.348329128514301,0.404578013385306,0.220082048946412,0.175167536854072,0.120080917023228,0.265321979173381
0.352021687330081,0.40868286494392,0.224118617957999,0.179356711940611,0.123024545301505,0.2692025433808
0.355665578256103,0.412736108755972,0.228091148505239,0.183488292440577,0.125914179916421,0.273014129035303
0.359259740470167,0.41673671581759,0.231998761847084,0.187561491932628,0.128748958955259,0.276755811550712
0.36280311564183,0.420683658380595,0.235840583203066,0.191575526539964,0.131528025914772,0.280426673892728
0.366294648295209,0.424575910281424,0.239615742020988,0.195529615205119,0.134250530006827,0.284025806876135
0.369733286184532,0.428412447284455,0.243323372254889,0.199422979973063,0.136915626469128,0.287552309469625
0.373117980682471,0.432192247439807,0.246962612653182,0.203254846282513,0.13952247688077,0.291005289107975
0.376447687181035,0.4359142914555,0.250532607056672,0.207024443265039,0.142070249482168,0.294383862011125
0.379721365504934,0.439577563083952,0.254032504706265,0.210731004051805,0.144558119499056,0.297687153509818
0.382937980337224,0.443181049522706,0.257461460560113,0.214373766087579,0.146985269470115,0.300914298377365
0.386096501656925,0.446723741829159,0.26081863561983,0.217951971451656,0.149350889577778,0.304064441167013
0.389195905188413,0.450204635349171,0.264103197265528,0.221464867185384,0.151654177981824,0.307136736554508
0.392235172862212,0.453622730159259,0.267314319599288,0.224911705625888,0.153894341155227,0.310130349685277
0.395213293286785,0.456977031522055,0.270451183796622,0.228291744745539,0.156070594221784,0.313044456525662
0.398129262230967,0.460266550354734,0.273512978465604,0.231604248496808,0.158182161295036,0.315878244217685
0.400982083116492,0.463490303709947,0.276498900013121,0.234848487161967,0.160228275817897,0.318630911436662
0.403770767520143,0.466647315268852,0.279408153017806,0.238023737707195,0.162208180902479,0.321301668751082
0.406494335684946,0.469736615845724,0.282239950609154,0.241129284140569,0.164121129669534,0.323889738984068
0.40915181703974,0.472757243903552,0.284993514852199,0.244164417873374,0.165966385586891,0.326394357575721
0.411742250726533,0.475708246080059,0.287668077137258,0.247128438084225,0.167743222806345,0.32881477294566
0.414264686134851,0.47858867772345,0.290262878574089,0.250020652085368,0.169450926498338,0.331150246855025
0.416718183442349,0.481397603437146,0.292777170389815,0.252840375690577,0.171088793183805,0.333400054767147
0.419101814160863,0.484134097632773,0.295210214329984,0.255586933584035,0.172656131062571,0.3355634862062
0.421414661687028,0.486797245090533,0.297561283062046,0.25825965968952,0.174152260337617,0.33763984511296
0.423655821856576,0.489386141526101,0.299829660580531,0.260857897539263,0.175576513534586,0.339628450196943
0.425824403501348,0.491899894163108,0.302014642613202,0.263381000641796,0.176928235815854,0.341528635284082
0.427919529008013,0.494337622310205,0.304115537027381,0.265828332848055,0.178206785288477,0.343339749659105
0.429940334877494,0.496698457941708,0.3061316642357,0.268199268715076,0.179411533305389,0.345061158401848
0.431885972284012,0.498981546280732,0.308062357600454,0.270493193866555,0.180541864759143,0.346692242716617
0.43375560763263,0.501186046383666,0.309906963835701,0.272709505349481,0.181597178367538,0.348232400253792
0.435548423114192,0.503311131724871,0.311664843406335,0.27484761198619,0.182576886950471,0.349681045422858
0.437263617256454,0.50535599078035,0.313335370923198,0.276906934721004,0.183480417697349,0.351037609696008
0.438900405470256,0.507319827609181,0.314917935533439,0.278886906960769,0.18430721242441,0.352301541901536
0.440458020589495,0.509201862431449,0.316411941305204,0.280786974908494,0.185056727821321,0.353472308506186
0.441935713403676,0.511001332201329,0.317816807605787,0.28260659788935,0.185728435686399,0.354549393885673
0.443332753181815,0.512717491174061,0.319131969472366,0.284345248668264,0.18632182314987,0.355532300582602
0.444648428186422,0.514349611465446,0.320356877974448,0.286002413758385,0.186836392884538,0.356420549551022
0.445882046176321,0.515896983602473,0.321491000567125,0.287577593719632,0.187271663303312,0.357213680386863
0.447032934897064,0.517358917063797,0.322533821434297,0.289070303446648,0.187627168742997,0.357911251543578
0.448100442557662,0.518734740808595,0.323484841820961,0.290480072445372,0.187902459633837,0.358512840532251
0.449083938292435,0.520023803792513,0.324343580353758,0.291806445097585,0.188097102654288,0.359018044105567
0.449982812606723,0.521225475469293,0.325109573348904,0.293048980912692,0.188210680870521,0.359426478424977
0.45079647780528,0.522339146276747,0.325782375106704,0.29420725476609,0.188242793860209,0.359737779210493
0.451524368402176,0.523364228105732,0.32636155819185,0.295280857123453,0.18819305782016,0.35995160187254
0.452165941511051,0.524300154750832,0.326846713698736,0.296269394250344,0.188061105657395,0.360067621625378
0.452720677214627,0.525146382341444,0.327237451501014,0.297172488406492,0.187846587063299,0.360085533581582
0.453188078912417,0.52590238975204,0.327533400484724,0.297989778024228,0.187549168570522,0.36000505282719
0.453567673645589,0.526567678990384,0.327734208764278,0.298720917870488,0.187168533592317,0.359825914477103
0.453859012398047,0.527141775562546,0.327839543880652,0.299365579191901,0.186704382444053,0.359547873710414
0.454061670372805,0.527624228813628,0.327849092981208,0.299923449842472,0.186156432346691,0.359170705785384
0.454175247242798,0.5280146122431,0.327762562980545,0.300394234393434,0.185524417412008,0.358694206033783
0.454199367375345,0.528312523793817,0.327579680701868,0.300777654224858,0.18480808860944,0.358118189834463
0.454133680029569,0.528517586113756,0.32730019299841,0.301073447598674,0.184007213714416,0.357442492565967
0.453977859526086,0.528629446789624,0.326923866854446,0.301281369712764,0.183121577238123,0.356666969538117
0.453731605388439,0.528647778551606,0.326450489465551,0.301401192735876,0.182150980338652,0.35579149590253
0.453394642455738,0.528572279448495,0.325879868297746,0.301432705823103,0.181095240713549,0.354815966542073
0.452966720966146,0.528402672992659,0.325211831125265,0.301375715111753,0.179954192473784,0.353740295939328
0.452447616610834,0.528138708274276,0.324446226046729,0.301230043697463,0.178727685999264,0.35256441802416
0.451837130558195,0.527780160044442,0.32358292147953,0.300995531590452,0.177415587775971,0.351288286000596
0.451135089448152,0.527326828766791,0.322621806132349,0.300672035651888,0.176017780214905,0.349911872153178
0.450341345356477,0.526778540637388,0.321562788955709,0.300259429510326,0.174534161453018,0.348435167633078
0.449455775729162,0.526135147572752,0.320405799070606,0.299757603458293,0.17296464513638,0.346858182224301
0.448478283286926,0.525396527165959,0.319150785675231,0.299166464329098,0.171309160185835,0.345180944090291
0.447408795900075,0.524562582610867,0.317797717929934,0.298485935353992,0.169567650545455,0.343403499501379
0.446247266433967,0.523633242594598,0.316346584820566,0.297715955999889,0.167740074914122,0.341525912543493
0.444993672565481,0.52260846115854,0.314797395000434,0.296856481787824,0.165826406460598,0.339548264808612
0.443648016570904,0.521488217528186,0.313150176611166,0.295907484092485,0.163826632522498,0.33747065506752
0.442210325085815,0.520272515912247,0.311404977082777,0.294868949923076,0.161740754289566,0.335293198925366
0.440680648837527,0.518961385271566,0.309561862913364,0.293740881685894,0.159568786471728,0.333016028460682
0.439059062350825,0.517554879058443,0.307620919428838,0.292523296929033,0.157310756952392,0.330639291848437
0.437345663627724,0.516053074927073,0.305582250523169,0.291216228069613,0.154966706427478,0.328163152967819
0.435540573802122,0.514456074415885,0.303445978379728,0.289819722104058,0.152536688030748,0.325587790995419
0.433643936770227,0.512764002602654,0.301212243174235,0.288333840301909,0.150020766945945,0.322913399984531
0.431655918797725,0.510977007733311,0.298881202759989,0.286758657883716,0.147419020006302,0.320140188431292
0.429576708104749,0.509095260825512,0.296453032336037,0.285094263683646,0.144731535282054,0.31726837882845
0.427406514429689,0.507118955248001,0.293927924098953,0.283340759797343,0.141958411656483,0.314298207207487
0.425145568573034,0.505048306276966,0.291306086879033,0.281498261215773,0.139099758391185,0.311229922669964
0.422794121922391,0.50288355063058,0.288587745761628,0.279566895445677,0.136155694681131,0.308063786908808
0.420352445959923,0.500624945982995,0.285773141694464,0.277546802117354,0.133126349200178,0.304800073720431
0.417820831753518,0.498272770459139,0.282862531081795,0.275438132580526,0.130011859637729,0.3014390685085
0.415199589432925,0.495827322111638,0.279856185366252,0.273241049489016,0.126812372227121,0.297981067780172
0.412489047652257,0.49328891838132,0.27675439059929,0.27095572637503,0.123528041266489,0.29442637863567
0.409689553040225,0.490657895542725,0.273557447001219,0.268582347213879,0.120159028632769,0.290775318252075
0.406801469639453,0.487934608136106,0.270265668511673,0.266121105979886,0.116705503289473,0.287028213362138
0.403825178336351,0.48511942838744,0.266879382331613,0.263572206194451,0.113167640789056,0.283185399729064
0.40076107628293,0.482212745617978,0.263398928457786,0.260935860466996,0.10954562277043,0.279247221618065
0.39760957631203,0.479214965644879,0.259824659210675,0.258212290029783,0.105839636452457,0.275214031265584
0.394371106347426,0.47612651017454,0.256156938757029,0.255401724267473,0.102049874124097,0.271086188347123
0.391046108810275,0.472947816190169,0.252396142627983,0.252504400242313,0.0981765326319186,0.266864059444462
0.387635040023363,0.469679335335209,0.248542657233836,0.249520562215942,0.0942198128657395,0.262548017513226
0.3841383696147,0.466321533294263,0.244596879376687,0.246450461168752,0.0901799192431589,0.25813844135171
0.380556579921857,0.462874889173055,0.240559215761884,0.24329435431775,0.0860570591936729,0.253635715071766
0.376890165398644,0.459339894879139,0.236430082509577,0.240052504633973,0.0818514426432433,0.249040227572793
0.37313963202554,0.455717054504906,0.232209904667438,0.236725180360421,0.0775632815000228,0.244352372019635
0.369305496725419,0.452006883714546,0.227899115725726,0.233312654531554,0.0731927891420604,0.239572545325356
0.365388286786093,0.448209909136606,0.22349815713596,0.229815204495459,0.068740179907878,0.234701147639885
0.361388539291138,0.444326667763759,0.219007477834355,0.226233111439704,0.0642056685906698,0.229738581845402
0.357306800560541,0.440357706361392,0.214427533771275,0.222566659922026,0.0595894699370475,0.224685253059512
0.353143625602738,0.436303580886745,0.209758787448056,0.218816137407048,0.0548917981512774,0.21954156814721
0.348899577579487,0.432164855920118,0.205001707462396,0.214981833810095,0.050112866405851,0.214307935242628
0.344575227285247,0.427942104109932,0.200156768063778,0.211064041049463,0.0452528863594928,0.208984763281708
0.340171152642533,0.423635905633221,0.195224448720229,0.207063052608293,0.0403120676835395,0.203572461546859
0.335687938214889,0.419246847673266,0.190205233697878,0.202979163107429,0.0352906175978051,0.198071439224745
0.331126174739123,0.414775523916129,0.185099611654864,0.198812667890614,0.0301887404171153,0.192482104978506
0.326486458678418,0.410222534067724,0.179908075251037,0.19456386262345,0.0250066371096598,0.186804866535576
0.321769391798014,0.405588483393257,0.174631120775133,0.190233042907587,0.0197445048684513,0.181040130292487
0.316975580765275,0.400873982280838,0.169269247791138,0.185820503911792,0.0144025366973442,0.17518830093813
0.312105636775812,0.396079645831034,0.163822958805503,0.181326540021447,0.00898092101294506,0.16924978109686
0.307160175207665,0.391206093474371,0.158292758957214,0.176751444508316,0.00347984126410745,0.163224970993199
0.302139815305348,0.386253948618633,0.152679155732548,0.172095509222367,-0.00210052442936865,0.157114268139722
0.297045179895828,0.381223838328045,0.146982658706657,0.167359024307616,-0.00776000361703925,0.15091806705003
0.291876895138556,0.376116393036448,0.141203779314194,0.16254227794414,-0.0134984298350413,0.144636758978811
0.286635590311693,0.370932246296623,0.135343030651254,0.157645556118376,-0.0193156428982685,0.138270731691051
0.281321897636875,0.365672034568061,0.129400927311136,0.152669142424163,-0.0252114891651074,0.131820369262692
0.275936452145013,0.36033639704566,0.123377985256643,0.147613317897048,-0.0311858217722296,0.125286051915325
0.270479891585578,0.354925975531753,0.117274721731618,0.142478360884531,-0.0372385008368223,0.118668155887401
0.264952856382288,0.349441414354293,0.111091655214901,0.137264546955248,-0.043369393623184,0.111967053345087
0.25935598963794,0.3438833603339,0.104829305419834,0.13197214885015,-0.049578374670603,0.105183112335736
0.253689937191572,0.338252462802823,0.0984881933428426,0.126601436479097,-0.0558653258789586,0.0983166967874662
0.247955347731276,0.332549373679059,0.0920688413649184,0.121152676966532,-0.0622301365482255,0.0913681665586183
0.242152872966122,0.326774747598934,0.0855717734099107,0.1156261347501,-0.0686727033677832,0.0843378775410177
0.236283167860993,0.320929242111809,0.0789975151640441,0.110022071736458,-0.0751929303509962,0.0772261818214976
0.23034689093843,0.31501351794085,0.0723465943614039,0.104340747518942,-0.0817907287100215,0.0700334279065189
0.224344704651687,0.309028239313866,0.0656195411402832,0.0985824196618651,-0.0884660166656309,0.0627599610149514
0.218277275833796,0.302974074368803,0.0588168884760429,0.0927473440569958,-0.0952187191859254,0.0554061234448558
0.212145276227503,0.296851695638519,0.0519391726962144,0.0868357753578251,-0.102048767647689,0.0479722550203151
0.205949383101445,0.29066178061999,0.0449869340842566,0.0808479674979848,-0.108956099413258,0.0404586936250655
0.199690279958427,0.284405012433444,0.0379607175789244,0.0747841743006184,-0.115940657315148,0.0328657758303535
0.193368657341826,0.27808208057723,0.0308610735765428,0.0686446501859553,-0.123002389040146,0.0251938376248766
0.18698521374684,0.271693681784732,0.023688558844282,0.0624296509851234,-0.130141246403601,0.0174432152555551
0.180540656643774,0.265240520990177,0.0164437375531908,0.0561394348688398,-0.1373571845038,0.00961424618871232
0.174035703620901,0.258723312410458,0.00912718244020903,0.0497742634002359,-0.144650160745551,0.00170727020181277
0.167471083655314,0.252142780750966,0.00173947610951278,0.0433344027220616,-0.152020133720804,-0.00627736938277199
0.160847538520518,0.245499662543657,-0.00571878751598182,0.0368201248891688,-0.159467061933227,-0.0143393243098566
0.154165824340331,0.238794707626453,-0.0132470015810189,0.0302317093581917,-0.166990902352342,-0.0224782398359702
0.147426713299419,0.232028680773687,-0.0208445445094084,0.023569444647403,-0.174591608781354,-0.0306937529916723
0.140630995521362,0.225202363487918,-0.0285107780266463,0.0168336301806437,-0.182269130021561,-0.0389854906458987
0.13377948112615,0.218316555964314,-0.0362450449786981,0.0100245783305239,-0.190023407814426,-0.0473530673549801
0.126873002479856,0.211372079239648,-0.0440466669306208,0.00314261667742843,-0.197854374540564,-0.0557960829774278
0.119912416649992,0.204369777538652,-0.0519149415276706,-0.00381190949803545,-0.205761950653246,-0.064314120034095
0.112898608081384,0.197310520831679,-0.0598491395996876,-0.0108386344695846,-0.213746041821415,-0.0729067407911633
0.105832491508089,0.190195207618346,-0.06784850198848,-0.0179371690460979,-0.221806535755359,-0.0815734840417508
0.0987150151182922,0.183024767953076,-0.0759122360759712,-0.025107097255905,-0.229943298685251,-0.0903138615595435
0.0915471639902834,0.175800166729601,-0.0840395119891519,-0.0323479727099695,-0.238156171460069,-0.0991273541954671
0.0843299638187354,0.168522407242524,-0.092229458456162,-0.0396593146173903,-0.246444965231425,-0.108013407586092
0.0770644849520651,0.16119253504548,-0.10048115828556,-0.0470406034243774,-0.254809456683337,-0.116971427439427
0.0697518467630929,0.153811642126811,-0.108793643438685,-0.0544912760453811,-0.263249382765187,-0.126000774360744
0.0623932223765416,0.146380871424889,-0.117165889662864,-0.0620107206527956,-0.271764434881412,-0.135100758178061
0.0549898437788876,0.138901421707083,-0.125596810650333,-0.0695982709884654,-0.280354252486549,-0.144270631722907
0.0475430073374385,0.131374552837627,-0.134085251685429,-0.0772532001576513,-0.289018416029833,-0.153509584018543
0.0400540797575477,0.123801591461568,-0.142629982739465,-0.0849747138626825,-0.297756439188041,-0.162816732823406
0.0325245045087513,0.116183937133724,-0.151229690969682,-0.0927619430300949,-0.306567760319388,-0.172191116472982
0.0249558087524437,0.108523068923315,-0.159882972575539,-0.100613935781593,-0.315451733065266,-0.181631684958663
0.0173496108059363,0.100820552526965,-0.168588323962037,-0.108529648695062,-0.324407616019417,-0.191137290176694
0.00970762817990803,0.0930780479249325,-0.177344132156005,-0.116507937297697,-0.333434561376739,-0.200706675274613
0.00203168622827681,0.0852973176171571,-0.18614866441777,-0.124547545729119,-0.342531602465909,-0.210338463016872
-0.00567627254785143,0.0774802354783441,-0.195000056986129,-0.132647095507323,-0.351697640060842,-0.220031143084305
-0.0134141784984774,0.0696287962731365,-0.203896302890727,-0.140805073325681,-0.360931427356815,-0.229783058215724
-0.0211798240789835,0.0617451258748761,-0.212835238761327,-0.149019817803888,-0.370231553486488,-0.23959238909227
-0.0289708523116823,0.053831492233832,-0.221814530558878,-0.157289505110268,-0.379596425439991,-0.249457137857371
-0.0367847444037506,0.0458903171427979,-0.230831658148898,-0.165612133367491,-0.389024248241509,-0.259375110157254
-0.0446188064681066,0.0379241888504771,-0.239883898632783,-0.173985505747829,-0.398513003222016,-0.269343895578222
-0.0524701552914919,0.0299358755752613,-0.24896830834788,-0.182407212158162,-0.408060424214276,-0.279360846348074
-0.0603357030921384,0.021928339973901,-0.258081703442899,-0.190874609409388,-0.417663971482521,-0.289423054160353
-0.068212141207038,0.0139047546219019,-0.26722063893025,-0.199384799758671,-0.427320803183994,-0.299527324970483
-0.0760959226475277,0.0058685185638694,-0.276381386113206,-0.207934607707795,-0.437027744144987,-0.309670151604349
-0.0839832434602835,-0.00217672500625707,-0.285559908281765,-0.216520554935336,-0.446781251718312,-0.319847684010724
-0.0918700228299367,-0.0102270698740262,-0.294751834567952,-0.225138833235821,-0.456577378474033,-0.330055696980806
-0.0997518818592954,-0.0182783266808312,-0.303952431849262,-0.233785275335252,-0.466411731460803,-0.340289555150994
-0.107624120963363,-0.0263260014859988,-0.313156574587561,-0.242455323449527,-0.476279427761341,-0.350544175098827
-0.115481695814457,-0.034365272953439,-0.322358712491009,-0.251143995450949,-0.486175046053822,-0.360813984337832
-0.123319191778216,-0.0423909681034171,-0.331552835888948,-0.25984584850899,-0.496092573882258,-0.371092877015909
-0.131130796783338,-0.0503975365721451,-0.340732438713657,-0.268554940074171,-0.506025350333418,-0.381374166123059
-0.138910272573199,-0.0583790233260459,-0.3498904789904,-0.277264786080573,-0.515966003818676,-0.391650532021194
-0.146650924293896,-0.0663290397825592,-0.359019336747647,-0.285968316252388,-0.525906384666773,-0.401913967120187
-0.154345568381984,-0.0742407332962613,-0.368110769274009,-0.294657826414675,-0.535837492250775,-0.412155716543453
-0.161986498726432,-0.0821067549783055,-0.37715586366844,-0.303324927729432,-0.54574939640288,-0.422366214654342
-0.169565451092887,-0.0899192258281717,-0.386144986655642,-0.311960492805355,-0.555631152916326,-0.432535017353136
-0.177073565815269,-0.097669701170708,-0.395067731671182,-0.320554598665471,-0.565470712999708,-0.442650730106329
-0.184501348780393,-0.105349133408557,-0.403912863261754,-0.329096466602739,-0.575254826640298,-0.452700931737992
-0.191838630755335,-0.112947833120005,-0.412668258895494,-0.337574399010084,-0.584968939953775,-0.462672094099228
-0.199074525136426,-0.120455428556742,-0.421320848338277,-0.345975713341903,-0.594597086756707,-0.472549497841043
-0.206197384232199,-0.127860823623999,-0.429856550824073,-0.354286673448659,-0.604121774799828,-0.482317144650159
-0.213194754231478,-0.135152154458304,-0.438260210333144,-0.362492418627918,-0.613523867353859,-0.491957666471028
-0.220053329052484,-0.142316744755894,-0.446515529392247,-0.370576890855547,-0.622782461152504,-0.501452232434051
-0.226758903318989,-0.149341060047383,-0.454605001926238,-0.37852276080068,-0.631874762076154,-0.510780454442038
-0.2332963247659,-0.156210661162352,-0.462509845822206,-0.386311353389392,-0.640775960411768,-0.519920292637493
-0.239649446439209,-0.16291015718116,-0.470209936015233,-0.393922573864905,-0.64945910805314,-0.52884796228336
-0.245801079122897,-0.16942315822958,-0.477683739068016,-0.401334835495727,-0.657895000610731,-0.537537843937562
-0.251732944498804,-0.175732228535663,-0.484908250394416,-0.408524990306513,-0.666052068077461,-0.545962399184983
-0.257425629622568,-0.181818840235624,-0.491858935465434,-0.415468264445029,-0.673896278431166,-0.554092094600398
-0.262858543378613,-0.187663328486351,-0.49850967653162,-0.422138200047551,-0.681391059322466,-0.561895337041186
-0.26800987565801,-0.193244848514537,-0.50483272659194,-0.428506605715676,-0.688497243760304,-0.569338423790909
-0.272856560081435,-0.198541335304136,-0.510798672526528,-0.434543517957939,-0.695173046410951,-0.576385511468314
-0.277374241162987,-0.203529466692786,-0.516376409479517,-0.440217176165585,-0.701374077697719,-0.582998607949018
-0.281537246874363,-0.208184630710134,-0.521533128713422,-0.445494013863611,-0.707053403234404,-0.589137591776821
-0.285318567618113,-0.212480898042896,-0.526234321242922,-0.450338669083792,-0.712161656136564,-0.594760263620459
-0.288689842647935,-0.216391000548312,-0.530443799574332,-0.454714016719992,-0.716647209309826,-0.599822434205049
-0.291621354975866,-0.219886316753539,-0.53412373980725,-0.458581225619063,-0.720456413790482,-0.604278052758315
-0.294082035774456,-0.222936865267684,-0.537234746175836,-0.461899842904846,-0.723533907503,-0.608079379306034
-0.296039479208609,-0.225511306988897,-0.53973593979906,-0.46462790760085,-0.725822996328981,-0.611177203084555
-0.297459968509015,-0.227576956903961,-0.541585072953918,-0.466722094986557,-0.727266106139323,-0.613521107883667
-0.29830851392032,-0.229099806145761,-0.542738669571721,-0.46813789227978,-0.727805300499254,-0.61505978329327
-0.298548902915556,-0.230044554787783,-0.543152191879959,-0.468829805181205,-0.72738285429182,-0.615741378639977
-0.298143762759408,-0.230374655609137,-0.542780232177458,-0.468751593562984,-0.725941868812523,-0.615513893948819
-0.29705463512412,-0.230052368753945,-0.541576727657328,-0.467856533165737,-0.723426909364986,-0.61432559968108
-0.295593480203153,-0.229376958891012,-0.539916514800674,-0.46652427569709,-0.720331322187214,-0.612607558356846
-0.294102173470386,-0.228676966632268,-0.538209920608911,-0.465170356877739,-0.717190762887009,-0.610830431466185
-0.29257978788316,-0.227951381180279,-0.536455880450272,-0.463793692679238,-0.714004488045973,-0.608993327653205
-0.2910254149977,-0.227199206850435,-0.534653359543254,-0.462393221211529,-0.710771797070146,-0.607095398480396
-0.289438168803983,-0.226419466813632,-0.532801357655069,-0.460967907388835,-0.707492037441716,-0.60513584347137
-0.287817186050772,-0.225611203467472,-0.530898909580929,-0.459516743331625,-0.704164604457887,-0.603113910291869
-0.286161626560483,-0.224773478801678,-0.528945085601672,-0.458038748755159,-0.70078894091967,-0.601028894877502
-0.284470673533102,-0.223905374757065,-0.526938991918366,-0.456532971343295,-0.697364536770911,-0.59888014150752
-0.282743533838542,-0.223005993577404,-0.524879771062525,-0.454998487106221,-0.693890928688169,-0.59666704282424
-0.280979438296755,-0.222074458153489,-0.522766602280701,-0.453434400720917,-0.690367699622263,-0.594389039797841
-0.279177641944961,-0.221109912358778,-0.520598701892214,-0.451839845853129,-0.68679447829244,-0.592045621636508
-0.277337424291402,-0.220111521375955,-0.518375323618942,-0.450213985459749,-0.683170938634437,-0.589636325642126
-0.275458089555026,-0.219078472013784,-0.516095758886056,-0.448556012070549,-0.679496799203808,-0.58716073701186
-0.273538966890545,-0.218009973013629,-0.513759337092763,-0.44686514804825,-0.675771822536044,-0.584618488586209
-0.271579410598367,-0.216905255345064,-0.51136542585219,-0.445140645826081,-0.671995814465331,-0.582009260544333
-0.269578800318883,-0.215763572489986,-0.508913431199567,-0.443381788121917,-0.668168623403694,-0.579332780047543
-0.267536541210655,-0.214584200714649,-0.506402797768014,-0.441587888128304,-0.664290139582605,-0.576588820832113
-0.265452064112109,-0.213366439329117,-0.503833008931346,-0.439758289677649,-0.660360294259194,-0.573777202752722
-0.263324825686312,-0.212109610933597,-0.501203586913318,-0.437892367382005,-0.656379058889216,-0.570897791277921
-0.26115430854851,-0.210813061651182,-0.498514092862956,-0.435989526746978,-0.652346444269195,-0.567950496939297
-0.258940021376106,-0.209476161346524,-0.495764126895585,-0.434049204259253,-0.648262499650016,-0.564935274736005
-0.256681499000803,-0.208098303830022,-0.492953328099349,-0.432070867447509,-0.644127311824475,-0.561852123496549
-0.254378302482711,-0.206678907047115,-0.490081374507143,-0.43005401491641,-0.639941004191273,-0.558701085199823
-0.252030019166193,-0.205217413252308,-0.487147983033839,-0.427998176353567,-0.635703735797929,-0.555482244257432
-0.249636262717324,-0.203713289167584,-0.484152909378938,-0.42590291250934,-0.631415700365123,-0.552195726759467
-0.247196673142886,-0.202166026124932,-0.481095947894834,-0.423767815149617,-0.627077125295084,-0.548841699686035
-0.244710916790778,-0.200575140192663,-0.477976931420863,-0.421592506981523,-0.622688270666402,-0.545420370086739
-0.242178686331888,-0.198940172285331,-0.474795731083616,-0.419376641552418,-0.618249428217873,-0.541931984230582
-0.239599700723417,-0.197260688257034,-0.471552256063858,-0.417119903122329,-0.613760920323749,-0.538376826728591
-0.236973705153729,-0.195536278977932,-0.468246453330653,-0.414822006510235,-0.609223098962811,-0.534755219631622
-0.234300470968852,-0.193766560393873,-0.464878307343326,-0.412482696914654,-0.604636344683679,-0.531067521505815
-0.231579795580773,-0.191951173569023,-0.461447839721914,-0.410101749708977,-0.600001065568546,-0.527314126488056
-0.228811502357703,-0.190089784711453,-0.457955108886946,-0.407678970212203,-0.595317696197613,-0.523495463323926
-0.225995440496607,-0.188182085181694,-0.454400209669407,-0.405214193435674,-0.59058669661637,-0.519611994390582
-0.223131484878179,-0.18622779148424,-0.45078327289177,-0.402707283806543,-0.585808551307698,-0.515664214706856
-0.220219535904684,-0.184226645242125,-0.447104464921179,-0.400158134868743,-0.580983768170858,-0.511652650933029
-0.217259519320907,-0.18217841315461,-0.443363987195744,-0.397566668962296,-0.576112877509127,-0.507577860362491
-0.214251386018672,-0.180082886938169,-0.439562075725125,-0.394932836881801,-0.57119643102789,-0.503440429907579
-0.211195111825332,-0.177939883250928,-0.435699000566589,-0.392256617515104,-0.566235000844894,-0.499240975081796
-0.20809069727664,-0.175749243600761,-0.431775065277661,-0.389538017463031,-0.561229178514126,-0.494980138980469
-0.204938167374539,-0.173510834237299,-0.427790606346715,-0.386777070641238,-0.556179574064846,-0.490658591261938
-0.201737571330354,-0.17122454602813,-0.423745992602751,-0.383973837865229,-0.551086815057104,-0.486277027131255
-0.198488982293908,-0.168890294319482,-0.419641624605656,-0.381128406419533,-0.545951545654946,-0.481836166328203
-0.195192497069175,-0.16650801878177,-0.415477934018341,-0.37824088961224,-0.540774425718528,-0.477336752121543
-0.19184823581699,-0.164077683240333,-0.411255382962065,-0.37531142631587,-0.535556129916062,-0.472779550311095
-0.188456341745464,-0.161599275491776,-0.40697446335633,-0.372340180495802,-0.530297346856596,-0.468165348239306
-0.185016980788753,-0.159072807106386,-0.40263569624477,-0.369327340727323,-0.524998778244473,-0.463494953813887
-0.181530341274744,-0.156498313216997,-0.398239631108362,-0.366273119702468,-0.519661138056119,-0.458769194542834
-0.177996633582389,-0.153875852294846,-0.393786845167373,-0.363177753727717,-0.514285151739848,-0.45398891658325
-0.174416089789342,-0.151205505912892,-0.389277942673454,-0.360041502213762,-0.508871555439263,-0.449154983805204
-0.170788963310537,-0.148487378497109,-0.384713554193168,-0.356864647158385,-0.5034210952406,-0.444268276871703
-0.167115528528458,-0.145721597066318,-0.380094335884418,-0.35364749262357,-0.497934526444494,-0.439329692335919
-0.163396080415739,-0.14290831096108,-0.375420968767009,-0.35039036420797,-0.492412612862388,-0.434340141756549
-0.159630934150825,-0.140047691562228,-0.370694157988726,-0.347093608515717,-0.486856126137779,-0.429300550832199
-0.155820424727399,-0.13713993199965,-0.365914632088204,-0.343757592622729,-0.481265845092531,-0.424211858555619
-0.151964906558243,-0.134185246851864,-0.361083142255844,-0.340382703541414,-0.475642555098195,-0.419075016388382
-0.148064753074254,-0.131183871837019,-0.35620046159398,-0.33696934768485,-0.469987047472397,-0.413890987456682
-0.14412035631933,-0.128136063495947,-0.351267384377584,-0.333517950331364,-0.464300118900281,-0.408660745768794
-0.140132126541756,-0.125042098867814,-0.346284725316528,-0.330028955090406,-0.458582570880748,-0.403385275454538
-0.13610049178284,-0.121902275159083,-0.34125331882066,-0.3265028233707,-0.452835209197478,-0.398065570027259
-0.132025897463426,-0.118716909406327,-0.336174018268684,-0.322940033851406,-0.447058843414385,-0.39270263166851
-0.127908805968938,-0.115486338133534,-0.331047695281885,-0.319341081957193,-0.441254286395276,-0.387297470535698
-0.123749696233686,-0.112210917004582,-0.325875239003764,-0.315706479337989,-0.435422353847467,-0.381851104092925
-0.119549063324944,-0.108891020471392,-0.32065755538643,-0.312036753354111,-0.429563863888882,-0.376364556465019
-0.115307418027524,-0.10552704141845,-0.315395566484684,-0.308332446567467,-0.423679636638338,-0.370838857814869
-0.111025286429429,-0.102119390804298,-0.310090209758715,-0.304594116239567,-0.417770493828621,-0.365275043744081
-0.106703209509121,-0.0986684973005251,-0.304742437386054,-0.300822333836801,-0.411837258441778,-0.359674154716779
-0.102341742725064,-0.0951748069289392,-0.299353215583735,-0.29701768454373,-0.405880754366354,-0.354037235506619
-0.097941455608008,-0.0916387826974129,-0.293923523941197,-0.29318076678476,-0.399901806075884,-0.348365334666678
-0.093502931356591,-0.0880609042350055,-0.288454354764669,-0.289312191754759,-0.39390123832826,-0.342659504022149
-0.0890267664367829,-0.0844416674269308,-0.282946712433669,-0.285412582959091,-0.387879875885434,-0.336920798185594
-0.0845135701856187,-0.0807815840498665,-0.277401612770112,-0.281482575763368,-0.381838543252857,-0.331150274094437
-0.0799639644196985,-0.0770811814081357,-0.271820082420556,-0.277522816953358,-0.37577806443814,-0.325348990570432
-0.0753785830489649,-0.0733410019713207,-0.266203158252131,-0.273533964305363,-0.36969926272843,-0.319518007900813
-0.0707580716960515,-0.0695616030136984,-0.260551886762428,-0.269516686167306,-0.363602960485818,-0.313658387440684
-0.0661030873217556,-0.065743556256084,-0.254867323503883,-0.265471661050795,-0.357489978960326,-0.307771191236386
-0.0614142978568803,-0.061887447510435,-0.249150532522854,-0.261399577234396,-0.351361138119833,-0.301857481669332
-0.0566923818408625,-0.057993876327704,-0.243402585813749,-0.257301132378198,-0.345217256496346,-0.295918321119964
-0.0519380280675462,-0.0540634556493697,-0.237624562788468,-0.253177033149931,-0.339059151048131,-0.289954771651388
-0.0471519352383216,-0.0500968114629909,-0.231817549761296,-0.249027994862629,-0.332887637037035,-0.283967894712223
-0.0423348116229804,-0.0460945824621764,-0.225982639449454,-0.244854741123916,-0.326703527920437,-0.277958750858187
-0.0374873747285465,-0.0420574197113849,-0.220120930489479,-0.240658003497068,-0.320507635257364,-0.271928399492026
-0.0326103509762603,-0.0379859863157631,-0.214233526969405,-0.236438521173659,-0.314300768628031,-0.265877898621193
-0.0277044753870151,-0.033880957096483,-0.208321537976961,-0.232197040657995,-0.30808373556643,-0.259808304632904
-0.0227704912753675,-0.0297430182717489,-0.20238607716365,-0.227934315463076,-0.30185734150528,-0.253720672086002
-0.0178091499523063,-0.0255728671437986,-0.196428262324797,-0.223651105818176,-0.295622389732844,-0.247616053519136
-0.0128212104369755,-0.02137121179217,-0.190449214995512,-0.219348178387847,-0.289379681361107,-0.241495499274836
-0.00780743917740924,-0.0171387707734037,-0.18445006006247,-0.215026306002274,-0.283130015304736,-0.235360057338873
-0.00276860978040425,-0.0128762728274236,-0.178431925391387,-0.210686267398791,-0.276874188270288,-0.229210773194453
0.00229449724932411,-0.0085844565908092,-0.172395941470171,-0.20632884697447,-0.27061299475526,-0.223048689690796
0.00738109476076093,-0.0042640703170443,-0.166343241067429,-0.201954834549509,-0.264347227056318,-0.216874846925475
0.0124903891988056,8.41283960103106e-05,-0.160274958906327,-0.197565025141302,-0.258077675286372,-0.210690282140153
0.0176215808371568,0.00445937287137183,-0.154192231353476,-0.193160218748928,-0.25180512739991,-0.204496029629131
0.0227738640018333,0.00886088761080177,-0.148096196122651,-0.188741220147807,-0.245530369226112,-0.198293120660203
0.0279464272852856,0.0132878885451269,-0.141987991993176,-0.184308838694379,-0.239254184509412,-0.192082583407456
0.0331384537512146,0.0177395832770502,-0.135868758542601,-0.179863888140402,-0.232977354956862,-0.185865442895366
0.0383491211301096,0.0222151713163471,-0.129739635893444,-0.175407186456718,-0.226700660291995,-0.17964272095379
0.0435776020055028,0.0267138443073818,-0.123601764473756,-0.170939555666151,-0.220424878314739,-0.17341543618344
0.0488230639911511,0.031234786249036,-0.117456284791069,-0.166461821685244,-0.214150784966857,-0.167184603931205
0.0540846698990895,0.0357771737069267,-0.11130433721954,-0.161974814174566,-0.207879154402655,-0.160951236275042
0.0593615778987767,0.0403401760180439,-0.10514706179985,-0.157479366397242,-0.201610759064405,-0.154716342017849
0.0646529416674305,0.0449229554877998,-0.0989855980515285,-0.152976315085404,-0.195346369762158,-0.148480926689876
0.0699579105315992,0.0495246675795093,-0.092821084797402,-0.14846650031426,-0.189086755757601,-0.142245992559343
0.0752756296002598,0.0541444610964498,-0.0866546599996963,-0.143950765383443,-0.182832684851485,-0.136012538650654
0.0806052398895177,0.0587814783565473,-0.080487460607447,-0.139429956705246,-0.176584923474284,-0.129781560769892
0.0859458784390516,0.0634348553597455,-0.07432062241489,-0.134904923699548,-0.17034423677982,-0.123554051537147
0.0912966784206056,0.0681037219482719,-0.06815527993028,-0.130376518694906,-0.164111388741321,-0.11733100042519
0.0966567692385809,0.0727872019598351,-0.0619925662549047,-0.125845596835646,-0.157887142249757,-0.111113393804167
0.102025276623057,0.0774844133739511,-0.0558336129717297,-0.121313015994471,-0.151672259213956,-0.104902214991831
0.107401322715396,0.0821944684515576,-0.04967955004332,-0.116779636690288,-0.14546750066226,-0.0986984443089113
0.11278402614664,0.0869164738680214,-0.0435315057186463,-0.112246322010966,-0.13927362684541,-0.0925030591392927
0.118172502109024,0.0916495308398261,-0.0373906064482269,-0.107713937540517,-0.133091397340229,-0.0863170339944752
0.123565862420729,0.096392735245016,-0.0312579768073135,-0.103183351290539,-0.126921571153961,-0.080141340582081
0.128963215584248,0.101145177737696,-0.0251347394265611,-0.0986554336354081,-0.120764906828798,-0.073976947877891
0.134363666838571,0.105905943856772,-0.0190220149297746,-0.0941310572509443,-0.114622162546378,-0.0678248222010694
0.139766318205428,0.110674114129107,-0.0129209218783538,-0.0896110970562184,-0.108494096231989,-0.0616859272922841
0.145170268529951,0.115448764167433,-0.00683257672186736,-0.0850964301580818,-0.102381465658107,-0.0555612243942045
0.150574613515997,0.120228964763176,-0.000758093754385916,-0.0805879357981181,-0.0962850285470171,-0.0494516723341099
0.155978445756394,0.125013781974488,0.00530141492386488,-0.0760864953016666,-0.0902055426723017,-0.0433582276082523
0.161380854758513,0.12980227720978,0.0113448394400787,-0.0715929920285336,-0.0841437659587891,-0.0372818444675092
0.166780926965347,0.134593507306954,0.017371072177985,-0.0671083113251089,-0.0781004565808398,-0.0312234750041308
0.172177745772526,0.13938652460871,0.023379007803095,-0.0626333404774859,-0.0720763730585802,-0.0251840692390673
0.177570391541542,0.144180377034186,0.0293675432844595,-0.058168968665258,-0.0660722743518699,-0.0191645752096253
0.182957941609486,0.148974108147185,0.0353355779133681,-0.0537160869157071,-0.0600889199517888,-0.0131659390571089
0.18833947029569,0.153766757221379,0.0412820133195078,-0.0492755880579708,-0.0541270699692953,-0.00718910511404608
0.193714048905612,0.158557359302787,0.0472057534850114,-0.0448483666768984,-0.0481874852208442,-0.00123501599068034
0.199080745732224,0.16334494526978,0.0531057047567689,-0.0404353190662982,-0.0422709273107726,0.00469538733953791
0.204438626055412,0.168128541891087,0.0589807758575877,-0.036037343181167,-0.0363781587100766,0.0106011654559357
0.209786752139579,0.172907171881988,0.0648298778964967,-0.0316553385886845,-0.030509942831468,0.0164813804082574
0.215124183229958,0.177679853959155,0.0706519243787407,-0.0272902064175758,-0.0246670441003849,0.022335095636394
0.220449975547935,0.182445602894473,0.0764458312158872,-0.0229428493055545,-0.0188502280217114,0.0281613758925175
0.225763182285736,0.187203429568124,0.0822105167363876,-0.018614171344585,-0.0130602612420691,0.033959287165857
0.231062853600938,0.191952341021416,0.0879449016971579,-0.0143050780235861,-0.00729791160731021,0.0397278966105667
0.236348036611139,0.196691340509666,0.0936479092965314,-0.010016476168315,-0.00156394821506213,0.0454662724769226
0.241617775389151,0.201419427555485,0.0993184651889622,-0.00574927387819046,0.00414085853788328,0.0511734840461556
0.246871110959214,0.206135598002946,0.104955497502021,-0.00150438045964515,0.00981573691366973,0.0568486015693242
0.252107081294493,0.210838844072897,0.110557936855936,0.00271729364411512,0.0154599137970485,0.0624906962104176
0.257324721316386,0.215528154419927,0.116124716386228,0.006914836927359,0.0210726146649618,0.0680988399941038
0.262523062896006,0.22020251419132,0.121654771769744,0.0110873369002728,0.0266530635622086,0.0736721057583866
0.267701134858204,0.224860905088382,0.127147041254496,0.0152338801718463,0.0322004830833674,0.0792095671124398
0.272857962988623,0.229502305430595,0.132600465693709,0.0193535525375253,0.0377140943612595,0.0847102983999914
0.277992570044192,0.234125690222988,0.138013988584468,0.0234454390718088,0.0431931170621441,0.090173374668527
0.283103975767406,0.238730031227086,0.143386556111237,0.0275086242260359,0.0486367693877643,0.0955978716445475
0.28819119690494,0.243314297035934,0.148717117194754,0.0315421919316294,0.0540442680846003,0.100982865715294
0.293253247230898,0.247877453153518,0.15400462354648,0.0355452257089481,0.0594148284603459,0.106327433917088
0.298289137575233,0.252418462079059,0.159248029729091,0.0395168087820195,0.0647476644079549,0.111630653930677
0.303297875857719,0.256936283396584,0.16444629322325,0.0434560241993182,0.0700419884373538,0.116891604083822
0.308278467127873,0.261429873870138,0.169598374500959,0.0473619549607498,0.075297011714992,0.12210936336136
0.313229913611335,0.26589818754511,0.174703237105868,0.0512336841510781,0.0805119441114705,0.127283011423076
0.318151214763098,0.27034017585606,0.179759847740762,0.0550702950799207,0.0856859942573692,0.13241162862961
0.323041367327976,0.274754787741411,0.184767176362504,0.0588708714284349,0.0908183696074023,0.137494296076614
0.32789936540884,0.279140969765506,0.189724196284746,0.0626344974029194,0.0959082765131501,0.142530095637498
0.332724200542929,0.2834976662483,0.194629884288553,0.0663602578953361,0.100954920304383,0.147518110014882
0.337514861786751,0.287823819403198,0.199483220741269,0.0700472386509908,0.105957505379236,0.152457422801091
0.342270335809963,0.292118369483364,0.204283189723785,0.0736945264433647,0.11091523530328,0.15734711854785
0.346989606998593,0.296380254936861,0.209028779166351,0.0773012092562229,0.115827312917616,0.162186282845379
0.351671657568088,0.300608412571054,0.213718980993202,0.0808663764730627,0.120692940456126,0.166974002411133
0.356315467686554,0.304801777726595,0.218352791276092,0.0843891190739567,0.125511319671966,0.171709365188349
0.360920015608525,0.308959284461314,0.222929210396829,0.0878685298397711,0.130281651973331,0.17639146045453
0.365484277819754,0.31307986574443,0.227447243219025,0.091303703563851,0.135003138568662,0.18101937894013
0.370007229193269,0.317162453661316,0.231905899269033,0.0946937372710944,0.139674980621229,0.185592212957449
0.374487843157137,0.321205979629181,0.236304192926209,0.098037730444426,0.144296379413238,0.190109056539998
0.378925091874265,0.325209374623962,0.240641143622524,0.101334785258645,0.148866536519434,0.194569005592377
0.383317946434498,0.329171569418634,0.244915776051499,0.104584006821503,0.153384653990189,0.198971158050749
0.387665377059415,0.333091494833277,0.249127120386498,0.107784503422038,0.157849934544121,0.203314614054045
0.391966353320069,0.336968081997082,0.253274212508346,0.110935386785972,0.162261581770215,0.207598476125946
0.396219844367902,0.340800262622481,0.257356094242122,0.114035772338059,0.166618800339323,0.211821849367623
0.400424819179179,0.344586969291665,0.261371813603168,0.117084779471291,0.170920796225121,0.215983841661359
0.404580246813059,0.348327135755547,0.265320425052054,0.12008153182269,0.175166776934293,0.220083563884941
0.408685096683576,0.352019697245385,0.269200989758444,0.123025157555595,0.179355951745967,0.224120130136892
0.412738338845687,0.355663590797125,0.273012575873643,0.125914789648146,0.18348753196021,0.228092657972445
0.416738944295477,0.359257755588512,0.276754258811596,0.128749566187761,0.187560731155434,0.232000268650172
0.420685885284705,0.362801133289056,0.280425121538138,0.13152863067133,0.191574765454605,0.23584208738922
0.424578135649735,0.366292668422829,0.284024254868193,0.134251132310862,0.195528853800019,0.239617243637008
0.428414671154856,0.369731308744024,0.287550757770599,0.136916226344204,0.19942221823642,0.243324871347188
0.432194469850088,0.373116005625284,0.291003737680287,0.139523074350596,0.203254084202299,0.246964109267788
0.435916512443335,0.376445714458589,0.294382310817352,0.142070844570606,0.207023680829008,0.250534101239225
0.439579782686889,0.379719395068631,0.297685602512702,0.144558712230116,0.210730241247493,0.254033996502021
0.443183267778152,0.382936012138449,0.300912747539812,0.146985859867962,0.214373002902313,0.257462950013939
0.446725958774371,0.386094535647049,0.304062890452104,0.149351477666737,0.217951207872557,0.260820122776206
0.450206851021243,0.389193941318804,0.307135185925495,0.151654763786376,0.221464103199368,0.264104682168553
0.453624944595115,0.392233211084229,0.310128799105593,0.153894924700014,0.224910941219676,0.267315802292674
0.456979244758433,0.395211333551791,0.313042905958918,0.156071175531614,0.228290979905656,0.270452664323702
0.460268762428182,0.398127304490325,0.315876693627676,0.158182740394881,0.23160348320959,0.27351445686933
0.463492514656811,0.40098012732157,0.318629360787363,0.160228852732895,0.234847721413566,0.276500376336067
0.466649525125272,0.40376881362232,0.321300118006653,0.16220875565794,0.238022971483576,0.279409627302176
0.469738824647622,0.406492383635605,0.323888188108855,0.164121702290933,0.241128517427525,0.282241422896775
0.472759451686628,0.40914986679028,0.326392806534252,0.165966956099877,0.244163650656519,0.284994985184535
0.475710452879786,0.411740302228364,0.328813221702647,0.167743791236739,0.247127670349004,0.287669545555407
0.478590883575067,0.414262739339398,0.331148695375359,0.169451492872135,0.25001988381706,0.290264345118793
0.481399808375652,0.41671623830105,0.333398503015898,0.171089357527173,0.252839606874296,0.292778635101458
0.48413630169293,0.419099870625171,0.335561934148613,0.172656693401851,0.255586164204736,0.295211677248608
0.486799448306858,0.421412719708411,0.337638292714452,0.174152820699325,0.258258889732001,0.297562744227345
0.489388343932865,0.423653881386516,0.339626897423099,0.175577071945413,0.260857126988166,0.299831120031863
0.491902095794335,0.425822464491339,0.341527082100648,0.176928792302664,0.263380229481615,0.302016100389597
0.494339823199675,0.42791759140956,0.343338196031984,0.178207339878308,0.265827561063135,0.304116993167545
0.496700658122953,0.429938398642112,0.345059604297095,0.179412086025451,0.268198496289618,0.306133118778026
0.498983745787043,0.431884037363227,0.34669068810043,0.180542415636818,0.270492420784618,0.308063810583027
0.501188245248092,0.433753673977968,0.348230845092504,0.181597727430377,0.272708731594983,0.309908415296306
0.503313329980225,0.435546490677184,0.34967948968293,0.182577434226196,0.274846837542914,0.311666293382468
0.505358188459209,0.437261685988631,0.35103605334402,0.183480963213848,0.276906159572597,0.313336819452073
0.507322024743901,0.438898475323141,0.352299984904177,0.184307756209737,0.278886131090749,0.314919382652004
0.509204059054161,0.440456091514604,0.353470750830245,0.185057269903691,0.280786198300247,0.316413387050144
0.511003528343953,0.441933785352513,0.354547835498027,0.185728976094189,0.282605820526133,0.317818252013535
0.512719686868314,0.443330826105861,0.355530741450203,0.18632236191161,0.28434447053321,0.319133412579119
0.514351806742847,0.444646502037139,0.356418989640888,0.186836930028918,0.286001634834501,0.320358319816175
0.515899178494358,0.445880120905136,0.357212119666063,0.18727219885917,0.287576813989806,0.321492441179579
0.51736111160133,0.447031010455374,0.35790968997922,0.187627702739318,0.289069522893642,0.322535260853028
0.518736935022778,0.448098518896819,0.358511278091468,0.18790299209975,0.290479291051833,0.323486280081329
0.520025997714198,0.449082015363744,0.359016480755503,0.18809763361906,0.291805662846038,0.324345017490944
0.521227669129203,0.449980890361431,0.35942491413277,0.188211210363554,0.293048197785548,0.325111009397925
0.522341339705482,0.450794556194574,0.359736213943261,0.188243321911039,0.294206470745641,0.325783810102427
0.523366421333788,0.451522447377167,0.359950035597366,0.188193584458443,0.295280072191879,0.326362992169006
0.524302347808621,0.452164021022774,0.36006605430929,0.188061630912911,0.296268608389705,0.326848146691931
0.525148575259308,0.452718757214031,0.360083965191542,0.187847110965942,0.297171701598738,0.32723888354475
0.525904582560268,0.45318615935035,0.360003483330069,0.187549691150295,0.297988990251196,0.327534831613409
0.526569871719233,0.453565754472797,0.359824343839669,0.187169054879325,0.298720129113899,0.32773563901224
0.527143968242262,0.453857093565161,0.359546301899313,0.186704902468503,0.299364789433363,0.327840973282159
0.52762642147446,0.454059751830332,0.359169132767117,0.186156951138878,0.29992265906348,0.327850521570482
0.528016804915328,0.454173328941109,0.358692631774693,0.185524935002313,0.300393442575369,0.327763990791775
0.528314716507769,0.45419744926467,0.358116614300711,0.184808605028323,0.300776861348987,0.327581107769231
0.52851977889983,0.454131762059984,0.357440915723514,0.18400772899241,0.301072653646151,0.327301619356082
0.528631639678315,0.453975941647504,0.356665391352708,0.183122091405824,0.301280574664625,0.326925292536622
0.528649971573521,0.453729687550594,0.355789916339665,0.182151493426716,0.301400396573043,0.326451914506459
0.528574472634383,0.453392724608186,0.354814385566996,0.181095752752679,0.301431908526382,0.325881292731666
0.528404866373429,0.452964803058241,0.353738713516997,0.179954703494733,0.301374916661831,0.325213254986545
0.528140901881025,0.452445698591725,0.352562834119236,0.178728196032815,0.301229244074907,0.324447649369797
0.527782353908479,0.451835212376815,0.351286700577415,0.177416096852939,0.300994730775712,0.32358434429892
0.527329022919659,0.451133171053206,0.349910285175732,0.176018288366125,0.300671233625291,0.322623228482708
0.526780735110888,0.450339426696429,0.348433579064993,0.174534668709336,0.300258626252073,0.321564210871821
0.526137342398969,0.449453856752225,0.346856592028819,0.172965151528652,0.299756798948464,0.320407220587403
0.525398722377287,0.448476363941055,0.345179352230244,0.171309665744909,0.299165658547641,0.319152206827816
0.524564778240029,0.447406876132947,0.343401905939168,0.169568155302173,0.298485128280734,0.317799138753592
0.523635438674678,0.446245346192981,0.34152431724107,0.167740578899304,0.297715147614517,0.316348005350781
0.522610657722998,0.444991751797736,0.339546667727456,0.165826909705039,0.296855672069898,0.31479881527291
0.521490414610889,0.443646095223197,0.337469056168614,0.163827135056955,0.295906673021427,0.313151596661836
0.520274713547493,0.442208403104628,0.335291598169182,0.16174125614476,0.294868137478169,0.31140639694783
0.5189635834941,0.440678726169011,0.333014425807149,0.159569287678324,0.293740067846284,0.309563282629249
0.51755707790349,0.439057138940795,0.330637687256928,0.157311257540993,0.292522481673719,0.307622339032284
0.516055274430351,0.437343739421645,0.328161546397125,0.154967206428624,0.291215411377452,0.305583670051207
0.514458274613635,0.435538648745102,0.325586182403733,0.152537187474902,0.289818903953754,0.303447397869697
0.512766203531658,0.433642010807006,0.32291178932942,0.150021265863488,0.288333020672015,0.301213662663803
0.510979209430915,0.431653991872658,0.32013857566968,0.147419518427518,0.286757836752633,0.298882622287167
0.509097463329648,0.429574780161806,0.317266763916594,0.144732033237132,0.285093441029614,0.296454451939192
0.507121158597201,0.42740458541244,0.31429659010096,0.141958909175502,0.283339935598441,0.293929343816826
0.505050510510391,0.425143638424637,0.31122830332363,0.139100255504107,0.281497435449916,0.291307506750749
0.502885755788032,0.422792190585589,0.308062165276803,0.136156191417794,0.279566068090612,0.288589165826715
0.50062715210494,0.42035051337703,0.304798449756143,0.133126845590291,0.277545973150656,0.285774561992862
0.498274977586721,0.41781889786641,0.301437442164547,0.130012355710856,0.275437301979597,0.282863951653874
0.4958295302867,0.41519765418303,0.297979439008381,0.126812868012678,0.273240217231075,0.279857606252821
0.493291127646416,0.412487110980551,0.294424747387056,0.123528536793742,0.270954892437119,0.276755811841618
0.490660105941141,0.40968761488722,0.290773684476825,0.120159523930812,0.268581511572846,0.273558868641038
0.487936819711867,0.406799529945186,0.287026577009582,0.116705998387237,0.266120268612399,0.270267090591194
0.485121641185335,0.403823237040383,0.283183760747664,0.113168135715285,0.263571367076976,0.266880804893545
0.482214959683564,0.400759133324332,0.279245579955387,0.109546117553686,0.260935019575807,0.263400351545339
0.479217181024499,0.397607631629373,0.275212386868283,0.105840131121107,0.258211447340951,0.259826082867578
0.476128726915333,0.394369159878784,0.271084541160918,0.102050368706301,0.255400879756859,0.25615836302754
0.472950034340082,0.391044160493205,0.266862409414118,0.0981770271556335,0.252503553885575,0.252397567556897
0.469681554943007,0.387633089794907,0.262546364582536,0.0942203073586994,0.249519713988519,0.248544082866506
0.466323754409539,0.384136417411372,0.258136785463468,0.0901804137328752,0.24644961104587,0.244598305759024
0.462877111846238,0.38055462567964,0.253634056167753,0.0860575537074257,0.243293502274408,0.240560642940374
0.459342119161503,0.376888209052978,0.249038565593752,0.0818519372080716,0.240051650644948,0.236431510531293
0.455719280448579,0.373137673511325,0.24435070690525,0.0775637761427152,0.236724324400256,0.232211333580049
0.452009111372514,0.369303535976997,0.239570877014231,0.0731932838891539,0.233311796574564,0.227900545577505
0.448212138562721,0.365386323737249,0.234699476069525,0.0687406747856443,0.229814344515714,0.223499587975801
0.444328899012743,0.361386573875092,0.229736906952192,0.0642061636251113,0.226232249411032,0.219008909711778
0.440359939488844,0.357304832709941,0.224683574778687,0.059589965153888,0.222565795818012,0.214428966736435
0.436305815949145,0.353141655249654,0.219539886412843,0.054892293575953,0.218815271201021,0.209760221551762
0.432167092974826,0.348897604655407,0.214306249987599,0.050113362063505,0.214980965475132,0.205003142756111
0.427944343215197,0.34457325172107,0.20898307443769,0.0452533822749666,0.211063170558377,0.200158204599636
0.423638146848179,0.340169174368563,0.203570769044284,0.040312563881364,0.207062179933639,0.195225886551043
0.419249091057944,0.335685957160828,0.198069742992787,0.03529111410219,0.202978288221486,0.190206672877152
0.414777769531444,0.33112419083407,0.192480404945054,0.0301892372519482,0.198811790765396,0.1851010522368
0.410224781975488,0.32648447185086,0.18680316262721,0.0250071342984879,0.194562983230687,0.179909517290551
0.405590733656172,0.321767401975821,0.181038422434451,0.0197450024344793,0.190232161218732,0.174632564327859
0.400876234962497,0.316973587875695,0.175186589054307,0.0144030346634255,0.185819619898015,0.169270692913444
0.396081900995923,0.312103640745465,0.169248065109745,0.00898141940156323,0.181325653653623,0.163824405554499
0.391208351187862,0.307158175962541,0.163223250823868,0.00348034009738307,0.17675055575703,0.158294207390762
0.38625620894699,0.302137812770799,0.15711254370781,-0.00210002512970727,0.172094618057904,0.152680605909279
0.381226101338413,0.297043173996562,0.150916338273692,-0.00775950382964855,0.167358130699962,0.146984110685973
0.376118658796857,0.291874885798635,0.144635025774702,-0.0134979295389856,0.162541381862969,0.141205233156289
0.370934514875981,0.286633577454525,0.138268993974285,-0.0193151420730222,0.157644657533061,0.135344486417118
0.365674306036151,0.281319881185215,0.131818626946818,-0.0252109877905758,0.152668241303755,0.129402385062572
0.360338671473139,0.27593443202095,0.125284304912288,-0.0311853198287525,0.147612414210286,0.12337944505628
0.354928252990141,0.270477867710536,0.118666404107509,-0.0372379983051882,0.14247745459983,0.117276183642918
0.349443694915977,0.264950828677022,0.111965296696979,-0.0433688904846477,0.137263638040699,0.111093119302178
0.343885644072118,0.259353958022527,0.105181350726338,-0.0495778709068903,0.131971237273516,0.104830771748263
0.338254749791667,0.253687901585408,0.0983149301219611,-0.0558648214722908,0.126600522207807,0.0984896619784741
0.332551663993464,0.247953308053077,0.0913663947403997,-0.0622296314813241,0.121151759967684,0.0920703123746933
0.326777041314673,0.242150829133915,0.0843361004716557,-0.0686721976238942,0.115625214990448,0.0855732468616724
0.320931539305482,0.236281119792113,0.0772243994006907,-0.0751924239138975,0.110021149182422,0.0789989911265573
0.315015818689883,0.230344838549519,0.070031640032057,-0.0817902215640489,0.104339822136592,0.0723480729043625
0.309030543696493,0.224342647858688,0.062758167582665,-0.0884655087956867,0.0985814914169299,0.0656210223343304
0.302976382464063,0.218275214551955,0.0554043243485752,-0.0952182105775026,0.0927464129148522,0.0588183723927872
0.296854007526246,0.212143210371356,0.0479704501518202,-0.102048258286891,0.0868348412835027,0.0519406594082389
0.290664096380797,0.205947312584832,0.0404568828740329,-0.108955589286815,0.080847030456163,0.0449884236651432
0.284407332148719,0.199688204694479,0.0328639590843163,-0.115940146410442,0.0747832342556193,0.0379622101032643
0.278084404329113,0.193366577242967,0.0251920147691601,-0.12300187734523,0.0686437071017531,0.0308625691199542
0.27169600965611,0.186983128724789,0.0174413861732334,-0.13014073390723,0.0624287048253355,0.0236900574834285
0.265242853064662,0.180538566609544,0.0096124107605465,-0.137356671195444,0.0561384855967361,0.0164452393657949
0.258725648772379,0.174033608484801,0.00170542830619885,-0.144649646615434,0.0497733109787281,0.00912868750507006
0.252145121485342,0.167468983326956,-0.00627921786986416,-0.15201961875992,0.0433334471137165,0.00174098450652615
0.245502007736185,0.160845432908814,-0.0143411795149397,-0.159466546133377,0.0368191660562033,-0.00571727570581121
0.23879705736348,0.154163713353505,-0.0224801018881024,-0.16699038570616,0.0302307472624795,-0.0132454862755599
0.232031035142193,0.147424596845007,-0.0306956220225174,-0.174591091282338,0.0235684792504798,-0.0208430256253863
0.225204722575488,0.140628873506228,-0.0389873667897853,-0.182268611664112,0.0168326614437092,-0.0285092554796276
0.218318919859108,0.133777353456489,-0.0473549507489733,-0.190022888593871,0.0100236062144526,-0.0362435186830732
0.211374448030376,0.126870869061211,-0.0557979737613817,-0.197853854453208,0.00314164114276974,-0.0440451367995947
0.204372151314538,0.119910277387268,-0.0643160183507293,-0.205761429696395,-0.00381288849103414,-0.0519134074732435
0.197312899682424,0.112896462878863,-0.0729086467861173,-0.21374551999343,-0.0108396169609839,-0.0598476015326449
0.190197591634089,0.105830340269451,-0.0815753978636541,-0.221806013055683,-0.0179381550762371,-0.0678469598183821
0.183027157224351,0.0987128577466408,-0.0903157833600755,-0.229942775114465,-0.0251080868654007,-0.0759106897111407
0.175802561347291,0.0915450003881675,-0.0991292841294233,-0.238155647019928,-0.0323489659396896,-0.084037961336669
0.168524807297803,0.0843277938881819,-0.108015345811442,-0.246444439924912,-0.0396603115084428,-0.0922279034218559
0.161194940629762,0.0770623085946154,-0.116973374117374,-0.254808930514705,-0.0470416040180791,-0.100479598774008
0.153814053331682,0.0697496638798386,-0.126002729655785,-0.263248855740017,-0.0544922803832384,-0.108792079353211
0.146383288342041,0.0623910328681715,-0.135102722258033,-0.27176390700666,-0.0620117287764774,-0.11716432090554
0.138903844428236,0.0549876475457367,-0.144272604759039,-0.280353723770599,-0.0695992829397661,-0.125595237121991
0.131376981454448,0.0475408042795435,-0.153511566185495,-0.28901788648256,-0.0772542159784598,-0.134083673285667
0.123804026065576,0.0400518697747116,-0.16281872429931,-0.297755908820859,-0.0849757335949374,-0.142628399366668
0.116186377816196,0.0325222875006137,-0.172193117439465,-0.306567229145317,-0.0927629667157452,-0.151228102521041
0.108525515775167,0.0249535846185611,-0.181633695600866,-0.315451201098981,-0.100614963462541,-0.159881378947085
0.100823005638643,0.0173473794458667,-0.191139310683277,-0.324407083277321,-0.108530680413112,-0.168586725048674
0.0930805073862741,0.00970538949331394,-0.200708705837751,-0.333434027877016,-0.116508973094488,-0.177342527851555
0.0852997835172446,0.00202944011503083,-0.210340503832232,-0.342531068228581,-0.124548585646059,-0.186147054615031
0.0774827079053572,-0.00567852618754182,-0.220033194350997,-0.351697105107841,-0.132648139585507,-0.194998441576938
0.0696312753141697,-0.0134164397639389,-0.229785120136245,-0.360930891712029,-0.140806121605808,-0.203894681766042
0.0617476116157549,-0.0211820930689264,-0.239594461872418,-0.370231017175833,-0.149020870326162,-0.212833611811317
0.0538339847589057,-0.0289731291240342,-0.249459221706122,-0.37959588849145,-0.157290561914288,-0.221812897673029
0.0458928165347158,-0.0367870291354781,-0.259377205286616,-0.389023710685196,-0.165613194492144,-0.230830019216141
0.0379266951899403,-0.0446210992150094,-0.269346002203045,-0.398512465090214,-0.173986571231146,-0.239882253541636
0.0299383889407577,-0.0524724561479859,-0.279362964685825,-0.408059885541484,-0.18240828203718,-0.248966656986618
0.0219308604414093,-0.06033801215101,-0.289425184430826,-0.417663432305476,-0.190875683719985,-0.258080045699742
0.0139072822645768,-0.0682144585591768,-0.299529467395474,-0.427320263541706,-0.199385878535397,-0.267218974693579
0.0058710534516928,-0.0760982483816309,-0.309672306407241,-0.437027204078741,-0.207935690983666,-0.276379715271815
-0.00217418280685401,-0.0839855776625344,-0.319849851416021,-0.44678071127166,-0.216521642741626,-0.28555823072514
-0.0102245203005734,-0.0918723655836487,-0.330057877213569,-0.456576837692787,-0.225139925601821,-0.294750150186591
-0.0182757696752626,-0.0997542332445246,-0.340291748436192,-0.466411190392976,-0.233786372288006,-0.303950740535034
-0.0263234369951406,-0.107626481056484,-0.350546381660573,-0.476278886457084,-0.242456425013551,-0.313154876234115
-0.0343627009295349,-0.115484064687699,-0.360816204398508,-0.48617450456533,-0.251145101647906,-0.322357006994222
-0.0423883885046924,-0.123321569499151,-0.371095110795144,-0.49609203226364,-0.259846959357348,-0.331551123147453
-0.0503949493634262,-0.131133183414337,-0.381376413836568,-0.506024808640516,-0.268556055588816,-0.340730718629398
-0.0583764284794281,-0.138912668170822,-0.391652793879434,-0.515965462108858,-0.2772659062724,-0.349888751469287
-0.0663264372781189,-0.14665332890824,-0.40191624332683,-0.525905842998653,-0.285969441127831,-0.359017601700265
-0.0742381231228405,-0.154347982055975,-0.412158007293647,-0.535836950683887,-0.294658955975213,-0.368109026616415
-0.0821041371343394,-0.161988921495049,-0.422368520132733,-0.545748854997271,-0.303326061971044,-0.377154113323045
-0.0899166003225916,-0.169567882982325,-0.432537337731632,-0.55563061173207,-0.311961631717919,-0.386143228552187
-0.097667068023901,-0.177076006842039,-0.442653065541574,-0.565470172096344,-0.320555742232122,-0.395065965747824
-0.105346492653404,-0.184503798950347,-0.452703282368536,-0.575254286076149,-0.329097614799159,-0.403911089466251
-0.112945184802983,-0.191841090062611,-0.462674460042342,-0.584968399785171,-0.337575551803746,-0.41266647718652
-0.1204527727391,-0.199076993562323,-0.472551879189184,-0.594596547037068,-0.345976870691245,-0.421319058686855
-0.127858160383016,-0.206199861743963,-0.482319541467011,-0.604121235578638,-0.354287835302199,-0.429854753215136
-0.13514948388862,-0.213197240781011,-0.491960078787156,-0.613523328675471,-0.362493584923298,-0.43825840476725
-0.142314066970918,-0.220055824574958,-0.501454660242085,-0.622781923054807,-0.370578061518518,-0.446513715887421
-0.149338375180781,-0.226761407731377,-0.510782897691419,-0.631874224589072,-0.378523935744021,-0.454603180519969
-0.156207969369608,-0.233298837965427,-0.519922751228745,-0.640775423555609,-0.386312532511751,-0.462508016573588
-0.162907458641211,-0.239651968301701,-0.528850436061902,-0.649458571836769,-0.393923757049595,-0.470208099007255
-0.16942045314652,-0.245803609501057,-0.537540332687073,-0.657894465029606,-0.401336022609459,-0.477681894409989
-0.175729517140508,-0.251735483220412,-0.545964902620349,-0.666051533111522,-0.408526181198069,-0.484906398224536
-0.181816122788135,-0.257428176488595,-0.554094612360308,-0.673895744042623,-0.415469458943913,-0.491857075953456
-0.187660605276894,-0.262861098161288,-0.561897868680448,-0.681390525453529,-0.422139397962604,-0.498507809881638
-0.193242119865961,-0.268012438098807,-0.569340968772562,-0.688496710330869,-0.428507806833662,-0.504830853045203
-0.1985386015737,-0.272859129889063,-0.57638806915578,-0.695172513316403,-0.434544722042192,-0.510796792364349
-0.203526728274042,-0.277376818011332,-0.583001177598342,-0.701373544806847,-0.440218382954638,-0.51637452302611
-0.208181888034794,-0.28153983040043,-0.589140172529311,-0.707052870387591,-0.445495223069919,-0.521531236338709
-0.212478151582642,-0.285321157420015,-0.594762854495954,-0.712161123144388,-0.450339880392548,-0.526232423365196
-0.216388250816518,-0.288692438282921,-0.599825034096118,-0.716646675952185,-0.454715229788072,-0.530441896662733
-0.219883564306868,-0.291623955958455,-0.604280660425709,-0.720455879816439,-0.458582440074159,-0.53412183238395
-0.222934110707531,-0.294084641574691,-0.608081993375758,-0.723533372631475,-0.46190105834481,-0.537232834817854
-0.225508550962627,-0.296042089250479,-0.611179822046902,-0.72582246025047,-0.46462912359331,-0.539734025139616
-0.227574200105911,-0.297462582169096,-0.613523730094592,-0.727265568518766,-0.466723311068842,-0.54158315568322
-0.229097049317944,-0.298311130526676,-0.615062406978397,-0.727804760980155,-0.468139107959194,-0.542736750437088
-0.230041798720271,-0.29855152174694,-0.615744001901528,-0.727382312501665,-0.468831019935699,-0.543150271685196
-0.230371901140053,-0.298146383044829,-0.615516514775621,-0.725941324369493,-0.468752806842232,-0.542778311781383
-0.230049616769045,-0.297057256042808,-0.614328215961729,-0.723426361885859,-0.467857744392663,-0.541574807971407
-0.229374209869018,-0.295596101311374,-0.612610168948586,-0.720330771479184,-0.466525484551989,-0.53991459630994
-0.228674220608465,-0.294104794738935,-0.61083303626715,-0.717190208947339,-0.465171563318548,-0.538208003333223
-0.227948638190892,-0.292582409281538,-0.608995926561615,-0.714003930873042,-0.463794896663698,-0.536453964410602
-0.227196466932585,-0.291028036494142,-0.607097991394688,-0.710771236663466,-0.462394422697207,-0.534651444761648
-0.226416730005303,-0.289440790365478,-0.605138430290359,-0.707491473801964,-0.460969106333176,-0.532799444154605
-0.225608469807463,-0.287819807643109,-0.603116490914893,-0.704164037586924,-0.459517939691982,-0.53089699738567
-0.224770748329562,-0.286164248148267,-0.601031469204564,-0.700788370820567,-0.458039942488848,-0.528943174736628
-0.223902647513149,-0.284473295079797,-0.59888270943943,-0.697363963447955,-0.456534162407619,-0.526937082409448
-0.223003269602683,-0.282746155306501,-0.596669604262756,-0.693890352146887,-0.454999675458518,-0.524877862936497
-0.222071737489602,-0.280982059647252,-0.594391594645796,-0.69036711986943,-0.453435586318603,-0.522764695565139
-0.221107195047965,-0.279180263138224,-0.592048169797948,-0.686793895336079,-0.451841028653731,-0.520596796615463
-0.220108807461016,-0.277340045286655,-0.589638867022432,-0.683170352483837,-0.45021516542095,-0.518373419810064
-0.219075761538029,-0.27546071031052,-0.587163271517865,-0.679496209869508,-0.448557189150217,-0.516093856574788
-0.218007266020838,-0.273541587363595,-0.584621016126323,-0.675771230029851,-0.44686632220449,-0.513757436309471
-0.216902551879445,-0.271582030745392,-0.582011781028646,-0.671995218800304,-0.445141817017257,-0.511363526627824
-0.215760872596125,-0.269581420095439,-0.579335293387937,-0.668168024594141,-0.443382956306706,-0.508911533565611
-0.214581504437465,-0.267539160571477,-0.576591326942361,-0.664289537644071,-0.441589053265715,-0.506400901756442
-0.213363746713824,-0.265454683011154,-0.573779701548586,-0.660359689208454,-0.43975945172707,-0.503831114574579
-0.212106922025652,-0.263327444076787,-0.57090028267724,-0.656378450744257,-0.43789352630324,-0.501201694244173
-0.210810376496245,-0.261156926382924,-0.567952980862071,-0.652345833049197,-0.435990682500263,-0.498512201914601
-0.209473479990415,-0.258942638606302,-0.564937751104478,-0.64826188537534,-0.434050356805311,-0.495762237701492
-0.208095626318675,-0.256684115578007,-0.561854592235283,-0.644126694516636,-0.432072016747567,-0.492951440693256
-0.20667623342653,-0.254380918357562,-0.558703546235764,-0.63994038387292,-0.43005516093224,-0.490079488922996
-0.205214743568515,-0.252032634288796,-0.555484697519972,-0.635703112492818,-0.427999319047503,-0.48714609930576
-0.203710623466596,-0.249638877037284,-0.552198172180504,-0.631415074098089,-0.425904051844323,-0.484151027541171
-0.202163364452701,-0.247199286609356,-0.54884413720002,-0.627076496092019,-0.423768951089205,-0.481094067981708
-0.200572482595039,-0.244713529352491,-0.545422799630726,-0.622687638554217,-0.421593639489937,-0.477975053466743
-0.19893751880802,-0.24218129793721,-0.541934405744265,-0.618248793224467,-0.419377770594551,-0.47479385512286
-0.197258038945559,-0.239602311320388,-0.53837924015434,-0.61376028247798,-0.417121028663774,-0.471550382130782
-0.195533633877586,-0.236976314690096,-0.534757624914514,-0.609222458294459,-0.414823128517316,-0.468244581459481
-0.193763919549684,-0.234303079392124,-0.531069918593657,-0.604635701223411,-0.412483815354435,-0.464876437568154
-0.191948537025712,-0.231582402838251,-0.5273165153314,-0.600000419347882,-0.410102864549296,-0.461445972076669
-0.190087152513396,-0.228814108396532,-0.52349784387609,-0.595317047248886,-0.407680081421677,-0.457953243405346
-0.188179457372883,-0.225998045263813,-0.519614366607655,-0.590586044972688,-0.405215300983731,-0.454398346384923
-0.186225168108246,-0.223134088320713,-0.515666578547704,-0.585807897002907,-0.402708387663421,-0.450781411837591
-0.184224026342059,-0.220222137969458,-0.511655006359292,-0.580983111239502,-0.400159235005525,-0.447102606130169
-0.182175798773092,-0.217262119954845,-0.507580207338585,-0.576112217986408,-0.397567765350906,-0.443362130700414
-0.180080277117286,-0.214253985168744,-0.503442768400682,-0.571195768949631,-0.394933929495027,-0.439560221557597
-0.177937278032207,-0.211197709438591,-0.499243305061836,-0.566234336247498,-0.392257706326608,-0.435697148758556
-0.175746643025131,-0.208093293300273,-0.494982460420112,-0.561228511434532,-0.389539102447353,-0.431773215860365
-0.173508238345058,-0.204940761755898,-0.490660904136563,-0.556178904540493,-0.386778151773814,-0.427788759350905
-0.171221954858918,-0.201740164016997,-0.486279331418934,-0.551086143125891,-0.383974915122386,-0.423744148058662
-0.168887707912247,-0.19849157323364,-0.481838462009673,-0.545950871355192,-0.381129479778511,-0.419639782542973
-0.16650543717474,-0.195195086210083,-0.477339039180178,-0.54077374908893,-0.378241959051177,-0.415476094466179
-0.164075106470986,-0.191850823107479,-0.472781828732871,-0.535555450995662,-0.375312491813825,-0.411253545948932
-0.161596703596816,-0.188458927134303,-0.468167618012771,-0.530296665684733,-0.372341242032741,-0.406972628910108
-0.159070240121713,-0.185019564225097,-0.463497214930117,-0.524998094860752,-0.369328398284138,-0.40263386439269
-0.156495751177684,-0.181532922708178,-0.458771446995401,-0.519660452500372,-0.366274173260961,-0.398237801876979
-0.153873295235114,-0.177999212962965,-0.453991160368174,-0.514284464052093,-0.363178803270601,-0.393785018582544
-0.151202953866089,-0.174418667067605,-0.449157218920913,-0.508870865659673,-0.360042547724675,-0.389276118760319
-0.148484831495686,-0.170791538437565,-0.444270503318987,-0.503420403409461,-0.356865688621862,-0.384711732976127
-0.145719055141808,-0.167118101455886,-0.439331910117885,-0.49793383260218,-0.353648530025064,-0.380092517387112
-0.14290577414408,-0.163398651095802,-0.43434235087857,-0.492411917049313,-0.350391397533827,-0.375419153012308
-0.140045159882378,-0.159633502536377,-0.429302751301868,-0.486855428394375,-0.347094637753186,-0.370692344998705
-0.137137405485618,-0.155822990771949,-0.424214050382698,-0.481265145459209,-0.34375861775994,-0.365912821884133
-0.134182725531329,-0.151967470215984,-0.419077199584748,-0.475641853615317,-0.340383724567389,-0.361081334858169
-0.131181355736655,-0.148067314300084,-0.413893162036283,-0.469986344180241,-0.336970364589476,-0.356198657022315
-0.12813355264141,-0.144122915068891,-0.40866291174759,-0.464299413839015,-0.333518963105392,-0.351265582650695
-0.125039593283727,-0.140134682771446,-0.403387432850451,-0.4585818640904,-0.330029963725451,-0.346282926452322
-0.121899774869026,-0.136103045449849,-0.39806771886012,-0.452834500717905,-0.32650382785921,-0.341251522836176
-0.118714414432823,-0.132028448525753,-0.392704771960009,-0.447058133285251,-0.322941034186672,-0.336172225180083
-0.115483848498046,-0.127911354385423,-0.387299602309325,-0.441253574656023,-0.319342078133322,-0.331045905104442
-0.112208432727495,-0.123752241964016,-0.38185322737392,-0.435421640537286,-0.315707471349905,-0.325873451751861
-0.108888541572012,-0.119551606329692,-0.376366671280323,-0.429563149046696,-0.312037741197525,-0.320655771073547
-0.105524567914995,-0.115309958268157,-0.370840964193066,-0.423678920302774,-0.308333430238886,-0.315393785123398
-0.102116922713891,-0.111027823868336,-0.365277141715348,-0.41776977603799,-0.304595095736259,-0.31008843136069
-0.098666034639188,-0.106705744109623,-0.359676244312838,-0.411836539234054,-0.3008233091568,-0.304740661962044
-0.0951723497115936,-0.102344274451433,-0.354039316760675,-0.405880033779148,-0.297018655685811,-0.299351443143573
-0.091636330937874,-0.0979439844254917,-0.34836740761338,-0.399901084146433,-0.293181733748422,-0.293921754493799
-0.0880584579459791,-0.0935054572314166,-0.342661568697535,-0.393900515093404,-0.289313154540226,-0.288452588318027
-0.0844392266200146,-0.0890292893361792,-0.336922854627042,-0.387879151381598,-0.285413541567275,-0.282944948994857
-0.0807791487355458,-0.0845160900778245,-0.331152322340617,-0.381837817516036,-0.281483530195874,-0.277399852345278
-0.0770787515957881,-0.0799664812739816,-0.325351030661254,-0.375777337503881,-0.277523767212455,-0.271818325014931
-0.0733385776692132,-0.0753810968356238,-0.319520039877387,-0.369698534631821,-0.273534910393981,-0.266201403870022
-0.0695591842289955,-0.0707605823864392,-0.313660411345268,-0.363602231261466,-0.269517628089004,-0.260550135407225
-0.0657411429948408,-0.0661055948882769,-0.307773207112341,-0.357489248642359,-0.265472598809765,-0.254865575178058
-0.0618850397776086,-0.0614168022730063,-0.301859489561086,-0.35136040674187,-0.26140051083543,-0.24914878722797
-0.0579914741271561,-0.0566948830811418,-0.295920321072953,-0.345216524091495,-0.257302061826683,-0.243400843550457
-0.0540610589838683,-0.0519405261076048,-0.289956763712028,-0.33905841764898,-0.253177958451835,-0.237622823556514
-0.0500944203342173,-0.0471544300548773,-0.283969878927862,-0.332886902675635,-0.249028916024471,-0.231815813559525
-0.0460921968707342,-0.0423373031938396,-0.277960727277063,-0.326702792628301,-0.244855658152772,-0.225980906275814
-0.0420550396567993,-0.0374898630326154,-0.271930368163232,-0.320506899065447,-0.24065891640053,-0.220119200341029
-0.0379836117964963,-0.0326128359935443,-0.265879859594631,-0.314300031566735,-0.23643942995985,-0.21423179984232
-0.0338785881099371,-0.0277069570986289,-0.259810257959257,-0.308082997665588,-0.232197945335525,-0.208319813866537
-0.0297406548142736,-0.0227729696635279,-0.253722617816687,-0.301856602794154,-0.227935216041049,-0.202384356064311
-0.0255705092107024,-0.0178116250003418,-0.247617991706279,-0.295621650240116,-0.223652002306158,-0.196426544230103
-0.0213688593777266,-0.0128236821293227,-0.241497429971226,-0.289378941114879,-0.219349070795864,-0.190447499898168
-0.0171364238708664,-0.00780990749961451,-0.235361980597939,-0.283129274332517,-0.215027194340793,-0.18444834795433
-0.012873931429029,-0.00277107471912293,-0.229212689070221,-0.276873446598994,-0.210687151678699,-0.178430216263465
-0.00858212068779104,0.00229203570632877,-0.223050598237865,-0.270612252411216,-0.206329727207075,-0.172394235312646
-0.00426173989964383,0.00737863662462088,-0.216876748198982,-0.264346484065246,-0.201955710746511,-0.166341537869659
8.64533385341731e-05,0.0124879344795495,-0.210692176195744,-0.258076931673396,-0.197565897314789,-0.160273258656854
0.00446169235073013,0.0176191295437122,-0.204497916522931,-0.251804383189548,-0.193161086911357,-0.154190534040038
0.00886320163966507,0.0227714161420336,-0.198295000448789,-0.245529624442281,-0.188742084311997,-0.148094501732186
0.0132901971371113,0.0279439828658705,-0.19208445614783,-0.239253439175415,-0.184309698873487,-0.141986300511839
0.0177418864467101,0.0331360127778382,-0.185867308644925,-0.232976609095404,-0.179864744347927,-0.135867069955769
0.0222174690791559,0.0383466836073446,-0.179644579770305,-0.226699913925169,-0.175408038706471,-0.129737950185727
0.0267161366797234,0.0435751679368458,-0.173417288125027,-0.220424131464034,-0.170940403972256,-0.123600081629011
0.0312370732481929,0.0488206333790316,-0.167186449056299,-0.214150037653156,-0.166462666062121,-0.117454604792403
0.0357794553510649,0.0540822427448736,-0.160953074642384,-0.207878406646234,-0.161975654636917,-0.111302660049328
0.0403424523262004,0.0593591542027802,-0.154718173686453,-0.201610010884938,-0.157480202960048,-0.105145387439743
0.0449252264798684,0.064650521428918,-0.14848275171901,-0.195345621178716,-0.152977147763902,-0.0989839264824627
0.0495269332762301,0.0699554937488034,-0.142247811008508,-0.189086006788657,-0.148467329123948,-0.0928194159996119
0.054146721519393,0.0752732162703811,-0.136014350579566,-0.18283193551491,-0.143951590340052,-0.0866529939527286
0.0587837335281017,0.0806028300087398,-0.129783366238455,-0.176584173787356,-0.139430777824746,-0.0804857972901662
0.0634371053030999,0.0859434720025488,-0.123555850605444,-0.170343486759224,-0.134905740998127,-0.0743189618054931
0.0681059666874096,0.091294275422553,-0.117332793153455,-0.164110638403153,-0.130377332188968,-0.0681536220063098
0.0727894415195131,0.0966543696721654,-0.111115180252773,-0.157886391609523,-0.125846406541801,-0.0619909109932597
0.0774866477796894,0.102022880480488,-0.10490399522127,-0.151671508286582,-0.121313821929515,-0.0558319603486741
0.0821966977296256,0.107398929987919,-0.0987002183797765,-0.145466749462092,-0.116780438871216,-0.0496779000344994
0.0869186980454252,0.112781636824548,-0.0925048271122596,-0.139272875386213,-0.112247120454938,-0.0435298582990936
0.0916517499442823,0.118170116181654,-0.0863187959303047,-0.133090645635213,-0.107714732264883,-0.0373889615923925
0.0963949493049584,0.123563479876504,-0.0801430965415747,-0.126920819215753,-0.103184142312795,-0.0312563344890506
0.101147386782249,0.128960836410668,-0.073978697921894,-0.120764154669465,-0.0986562209732154,-0.0251330996191555
0.105908147915737,0.134361291022233,-0.0678265663904553,-0.114621410177432,-0.094131840922108,-0.0190203776059532
0.110676313232953,0.139763945732035,-0.0616876656879342,-0.108493343664389,-0.0896118770786919,-0.0129192870102966
0.115450958347278,0.145167899384332,-0.0555629570570021,-0.102380712902259,-0.0850972065499536,-0.00683094428122205
0.120231154050779,0.150572247682114,-0.0494533993249223,-0.096284275612784,-0.0805887085776027,-0.00075646371227675
0.125015966402229,0.155976083217362,-0.0433599489879174,-0.0902047895690115,-0.0760872644871103,0.00530304259682181
0.129804456810649,0.16137849549661,-0.0372835602968286,-0.0841430126952337,-0.0715937576383958,0.0113464647737614
0.134595682114538,0.166778570962031,-0.0312251853438506,-0.078099703165283,-0.0671090733779707,0.0173726952027558
0.139388694657182,0.172175393008447,-0.0251857741498737,-0.0720756194987635,-0.0626340989920302,0.0233806285497868
0.144182542358286,0.177568041996562,-0.0191662747521278,-0.0660715206550171,-0.058169723660279,0.0293691617843623
0.148976268782208,0.182955595262686,-0.0131676332918304,-0.0600881661246101,-0.0537168384100948,0.0353371941982158
0.153768913203165,0.188337127125395,-0.00719079410141481,-0.0541263160179971,-0.0492763360707157,0.041283627421467
0.158559510667704,0.193711708889401,-0.0012366997910169,-0.0481867311511294,-0.0448491112270824,0.0472073654366664
0.163347092054713,0.199078408846944,0.00469370866602932,-0.0422701731278519,-0.0404360601730934,0.0531073145911086
0.168130684133425,0.204436292277198,0.0105994918491804,-0.0363774044186691,-0.0360380808638329,0.0589823836079948
0.17290930961961,0.20978442144387,0.016479711808313,-0.0305091884358109,-0.0316560728665602,0.064831483596732
0.177681987230419,0.21512185559151,0.0223334319834667,-0.0246662896042358,-0.0272909373100871,0.0706535280629323
0.182447731738198,0.22044765094084,0.0281597171269671,-0.0188494734283577,-0.0229435768322023,0.0764474329185149
0.187205554023583,0.225760860683439,0.0339576332282105,-0.0130595065543295,-0.018614895524949,0.0822121164922708
0.191954461128323,0.231060534976251,0.0397262474415187,-0.00729715682754624,-0.0143057988773168,0.0879464995414439
0.19669345630816,0.236345720936261,0.0454646280173512,-0.00156319334517968,-0.0100171937151406,0.0936495052646805
0.20142153908612,0.241615462635681,0.0511718442371283,0.00414161349642649,-0.0057499881379066,0.0993200593167335
0.206137705306679,0.246868801098173,0.0568469663521057,0.00981649195985923,-0.00150509145212126,0.104957089825462
0.210840947191074,0.252104774296336,0.0624890655264791,0.0154606689303043,0.00271658589894189,0.11055952741137
0.215530253394274,0.257322417151025,0.0680972137851277,0.0210733698851375,0.0069141324094834,0.116126305210235
0.22020460906393,0.262520761532824,0.0736704839662765,0.0266538188695796,0.0110866355896177,0.121656358899155
0.224862995901699,0.26769883626607,0.0792079496793283,0.0322012384786292,0.0152331820482727,0.127148626726373
0.229504392227407,0.272855667135916,0.0847086852682462,0.0377148498455212,0.0193528575808193,0.132602049545338
0.234127773046418,0.277990276898815,0.0901717657807573,0.043193872636919,0.023444747261694,0.138015570853342
0.238732110120573,0.283101685296802,0.0955962669436135,0.0486375250549704,0.0275079355421635,0.143388136835044
0.243316372043228,0.288188909076113,0.100981265144311,0.0540450238465467,0.0315415063535844,0.148718696411365
0.247879524318664,0.29325096201043,0.106325837419433,0.0594155843197349,0.0355445432162449,0.154006201293936
0.25242052944639,0.298286854929301,0.111629061449998,0.0647484203678681,0.0395161293541021,0.159249606045587
0.25693834701071,0.303295595752114,0.116890015564043,0.070042744501254,0.0434553478155579,0.164447868147126
0.261431933775932,0.308276189528017,0.122107778746688,0.0752977678867116,0.0473612816004446,0.169599948070686
0.265900243787699,0.313227638482301,0.127281430658002,0.080512700395209,0.051233013793455,0.174704809360033
0.270342228480815,0.318148942069627,0.132410051658921,0.0856867506576855,0.0550696277041271,0.17976141871806
0.274756836793936,0.323039097034492,0.137492722845396,0.0908191261292108,0.0588702070135436,0.184768746101722
0.279143015291631,0.327897097479475,0.142528526091145,0.0959090331617136,0.0626338359279195,0.189725764824751
0.283499708294064,0.332721934941534,0.147516544099097,0.100955677085308,0.0663595993391416,0.194631451668279
0.287825858014844,0.337512598476918,0.152455860461893,0.105958262298464,0.0700465829924248,0.199484786999711
0.292120404707329,0.342268074755043,0.15734555973158,0.110915992367089,0.0736938736611703,0.204284754899978
0.296382286819767,0.346987348161711,0.162184727498704,0.115828070132606,0.0773005593290531,0.209030343299365
0.300610441159696,0.351669400912163,0.166972450481052,0.120693697829221,0.0808657293794786,0.213720544122126
0.304803803067933,0.356313213174318,0.171707816622196,0.125512077210404,0.0843884747924276,0.218354353440025
0.308961306602463,0.360917763202539,0.176389915199982,0.130282409684661,0.0878678883486684,0.222930771634867
0.313081884732654,0.365482027482426,0.181017836945204,0.135003896460735,0.0913030648414506,0.227448803570253
0.317164469544015,0.370004980886871,0.185590674170517,0.139675738702198,0.0946931012955684,0.23190745877251
0.321207992453886,0.374485596843821,0.190107520909782,0.144297137691549,0.0980370971938433,0.23630575162096
0.325211384438323,0.378922847516088,0.194567473067959,0.148867295003823,0.101334154710965,0.240642701547529
0.329173576270418,0.383315703993427,0.198969628581567,0.15338541268967,0.104583378954579,0.244917333245682
0.333093498770351,0.387663136497353,0.203313087589905,0.157850693467993,0.107783878213606,0.249128676888719
0.336970083067413,0.39196411459887,0.207596952617021,0.162262340928047,0.110934764213653,0.253275768357389
0.340802260874124,0.396217607449384,0.211820328764455,0.166619559740951,0.114035152379356,0.257357649476686
0.344588964772758,0.400422584025144,0.215982323914864,0.170921555880646,0.11708416210358,0.261373368261861
0.348329128514301,0.404578013385306,0.220082048946411,0.175167536854072,0.120080917023228,0.265321979173381
0.352021687330081,0.40868286494392,0.224118617957999,0.179356711940611,0.123024545301505,0.2692025433808
0.355665578256103,0.412736108755972,0.228091148505238,0.183488292440577,0.125914179916421,0.273014129035303
0.359259740470167,0.41673671581759,0.231998761847084,0.187561491932628,0.128748958955259,0.276755811550712
0.362803115641831,0.420683658380595,0.235840583203065,0.191575526539964,0.131528025914773,0.280426673892728
0.366294648295209,0.424575910281424,0.239615742020988,0.195529615205119,0.134250530006827,0.284025806876135
0.369733286184532,0.428412447284455,0.243323372254888,0.199422979973063,0.136915626469129,0.287552309469625
0.373117980682471,0.432192247439807,0.246962612653181,0.203254846282512,0.13952247688077,0.291005289107975
0.376447687181035,0.4359142914555,0.250532607056672,0.207024443265039,0.142070249482169,0.294383862011125
0.379721365504935,0.439577563083952,0.254032504706265,0.210731004051804,0.144558119499057,0.297687153509819
0.382937980337224,0.443181049522706,0.257461460560112,0.214373766087579,0.146985269470114,0.300914298377365
0.386096501656924,0.446723741829159,0.260818635619829,0.217951971451656,0.149350889577778,0.304064441167013
0.389195905188413,0.450204635349171,0.264103197265528,0.221464867185384,0.151654177981824,0.307136736554508
0.392235172862212,0.453622730159259,0.267314319599288,0.224911705625888,0.153894341155227,0.310130349685277
0.395213293286785,0.456977031522055,0.270451183796622,0.228291744745539,0.156070594221784,0.313044456525662
0.398129262230967,0.460266550354735,0.273512978465604,0.231604248496808,0.158182161295036,0.315878244217686
0.400982083116493,0.463490303709947,0.27649890001312,0.234848487161967,0.160228275817897,0.318630911436663
0.403770767520144,0.466647315268852,0.279408153017806,0.238023737707195,0.162208180902479,0.321301668751082
0.406494335684946,0.469736615845724,0.282239950609154,0.241129284140569,0.164121129669534,0.323889738984067
0.40915181703974,0.472757243903552,0.284993514852199,0.244164417873374,0.165966385586891,0.326394357575721
0.411742250726533,0.475708246080059,0.287668077137258,0.247128438084225,0.167743222806345,0.328814772945661
0.414264686134851,0.47858867772345,0.290262878574089,0.250020652085368,0.169450926498338,0.331150246855025
0.416718183442349,0.481397603437146,0.292777170389814,0.252840375690576,0.171088793183805,0.333400054767147
0.419101814160863,0.484134097632773,0.295210214329984,0.255586933584035,0.172656131062571,0.3355634862062
0.421414661687028,0.486797245090534,0.297561283062046,0.25825965968952,0.174152260337617,0.33763984511296
0.423655821856576,0.4893861415261,0.299829660580531,0.260857897539263,0.175576513534587,0.339628450196944
0.425824403501348,0.491899894163109,0.302014642613202,0.263381000641796,0.176928235815854,0.341528635284082
0.427919529008013,0.494337622310205,0.30411553702738,0.265828332848054,0.178206785288477,0.343339749659105
0.429940334877494,0.496698457941708,0.3061316642357,0.268199268715076,0.179411533305389,0.345061158401848
0.431885972284013,0.498981546280732,0.308062357600454,0.270493193866555,0.180541864759144,0.346692242716617
0.43375560763263,0.501186046383666,0.309906963835701,0.272709505349481,0.181597178367538,0.348232400253792
0.435548423114192,0.503311131724871,0.311664843406334,0.274847611986189,0.182576886950471,0.349681045422858
0.437263617256454,0.50535599078035,0.313335370923198,0.276906934721004,0.183480417697349,0.351037609696008
0.438900405470256,0.507319827609181,0.314917935533438,0.278886906960768,0.18430721242441,0.352301541901536
0.440458020589495,0.509201862431449,0.316411941305204,0.280786974908494,0.185056727821321,0.353472308506186
0.441935713403676,0.511001332201329,0.317816807605787,0.28260659788935,0.1857284356864,0.354549393885673
0.443332753181815,0.512717491174061,0.319131969472365,0.284345248668263,0.18632182314987,0.355532300582603
0.444648428186422,0.514349611465445,0.320356877974448,0.286002413758385,0.186836392884539,0.356420549551022
0.445882046176321,0.515896983602473,0.321491000567125,0.287577593719632,0.187271663303312,0.357213680386863
0.447032934897064,0.517358917063797,0.322533821434297,0.289070303446648,0.187627168742997,0.357911251543578
0.448100442557662,0.518734740808596,0.323484841820961,0.290480072445372,0.187902459633837,0.358512840532252
0.449083938292435,0.520023803792512,0.324343580353758,0.291806445097584,0.188097102654288,0.359018044105567
0.449982812606723,0.521225475469293,0.325109573348904,0.293048980912692,0.188210680870521,0.359426478424977
0.45079647780528,0.522339146276747,0.325782375106704,0.29420725476609,0.188242793860209,0.359737779210493
0.451524368402176,0.523364228105732,0.32636155819185,0.295280857123453,0.18819305782016,0.35995160187254
0.452165941511051,0.524300154750832,0.326846713698736,0.296269394250343,0.188061105657395,0.360067621625378
0.452720677214627,0.525146382341444,0.327237451501014,0.297172488406491,0.187846587063299,0.360085533581583
0.453188078912418,0.52590238975204,0.327533400484725,0.297989778024226,0.187549168570523,0.360005052827191
0.453567673645589,0.526567678990384,0.327734208764278,0.298720917870488,0.187168533592317,0.359825914477103
0.453859012398047,0.527141775562546,0.327839543880651,0.2993655791919,0.186704382444053,0.359547873710415
0.454061670372805,0.527624228813628,0.327849092981208,0.299923449842472,0.186156432346691,0.359170705785384
0.454175247242798,0.5280146122431,0.327762562980545,0.300394234393434,0.185524417412008,0.358694206033783
0.454199367375345,0.528312523793818,0.327579680701868,0.300777654224858,0.18480808860944,0.358118189834464
0.454133680029569,0.528517586113756,0.32730019299841,0.301073447598674,0.184007213714416,0.357442492565967
0.453977859526086,0.528629446789624,0.326923866854446,0.301281369712764,0.183121577238124,0.356666969538117
0.453731605388439,0.528647778551606,0.326450489465551,0.301401192735875,0.182150980338653,0.35579149590253
0.453394642455739,0.528572279448495,0.325879868297746,0.301432705823103,0.181095240713548,0.354815966542074
0.452966720966146,0.528402672992659,0.325211831125265,0.301375715111753,0.179954192473784,0.353740295939328
0.452447616610834,0.528138708274275,0.324446226046729,0.301230043697462,0.178727685999264,0.352564418024161
0.451837130558195,0.527780160044442,0.32358292147953,0.300995531590452,0.177415587775971,0.351288286000596
0.451135089448153,0.527326828766791,0.322621806132349,0.300672035651887,0.176017780214906,0.349911872153178
0.450341345356477,0.526778540637388,0.321562788955709,0.300259429510326,0.174534161453018,0.348435167633078
0.449455775729162,0.526135147572752,0.320405799070605,0.299757603458293,0.17296464513638,0.346858182224301
0.448478283286926,0.525396527165959,0.319150785675231,0.299166464329098,0.171309160185835,0.345180944090291
0.447408795900075,0.524562582610867,0.317797717929934,0.298485935353992,0.169567650545455,0.343403499501379
0.446247266433967,0.523633242594598,0.316346584820566,0.297715955999889,0.167740074914122,0.341525912543493
0.44499367256548,0.52260846115854,0.314797395000434,0.296856481787824,0.165826406460598,0.339548264808612
0.443648016570903,0.521488217528185,0.313150176611165,0.295907484092485,0.163826632522497,0.337470655067519
0.442210325085815,0.520272515912247,0.311404977082777,0.294868949923076,0.161740754289566,0.335293198925366
0.440680648837527,0.518961385271566,0.309561862913364,0.293740881685893,0.159568786471728,0.333016028460682
0.439059062350825,0.517554879058443,0.307620919428838,0.292523296929033,0.157310756952392,0.330639291848437
0.437345663627724,0.516053074927073,0.30558225052317,0.291216228069612,0.154966706427477,0.32816315296782
0.435540573802122,0.514456074415885,0.303445978379728,0.289819722104059,0.152536688030748,0.325587790995419
0.433643936770228,0.512764002602654,0.301212243174235,0.288333840301908,0.150020766945945,0.322913399984533
0.431655918797725,0.510977007733311,0.298881202759989,0.286758657883716,0.147419020006302,0.320140188431292
0.429576708104747,0.509095260825511,0.296453032336035,0.285094263683644,0.144731535282052,0.317268378828447
0.427406514429689,0.507118955248001,0.293927924098954,0.283340759797342,0.141958411656482,0.314298207207488
0.425145568573034,0.505048306276966,0.291306086879033,0.281498261215773,0.139099758391185,0.311229922669964
0.422794121922391,0.50288355063058,0.288587745761629,0.279566895445676,0.13615569468113,0.308063786908809
0.420352445959923,0.500624945982995,0.285773141694464,0.277546802117354,0.133126349200178,0.304800073720431
0.417820831753519,0.498272770459139,0.282862531081796,0.275438132580526,0.130011859637728,0.3014390685085
0.415199589432925,0.495827322111638,0.279856185366252,0.273241049489016,0.126812372227121,0.297981067780172
0.412489047652257,0.49328891838132,0.27675439059929,0.27095572637503,0.123528041266489,0.29442637863567
0.409689553040225,0.490657895542725,0.273557447001219,0.268582347213879,0.120159028632769,0.290775318252075
0.406801469639453,0.487934608136106,0.270265668511673,0.266121105979886,0.116705503289473,0.287028213362138
0.403825178336351,0.48511942838744,0.266879382331613,0.26357220619445,0.113167640789056,0.283185399729064
0.40076107628293,0.482212745617978,0.263398928457786,0.260935860466996,0.10954562277043,0.279247221618065
0.39760957631203,0.479214965644879,0.259824659210675,0.258212290029783,0.105839636452457,0.275214031265584
0.394371106347426,0.47612651017454,0.256156938757029,0.255401724267473,0.102049874124097,0.271086188347123
0.391046108810275,0.472947816190169,0.252396142627982,0.252504400242312,0.0981765326319192,0.266864059444462
0.387635040023363,0.469679335335209,0.248542657233836,0.249520562215942,0.0942198128657395,0.262548017513226
0.3841383696147,0.466321533294263,0.244596879376687,0.246450461168752,0.0901799192431589,0.25813844135171
0.380556579921857,0.462874889173055,0.240559215761884,0.24329435431775,0.0860570591936728,0.253635715071766
0.376890165398644,0.459339894879139,0.236430082509577,0.240052504633973,0.0818514426432433,0.249040227572793
0.37313963202554,0.455717054504906,0.232209904667438,0.236725180360421,0.0775632815000228,0.244352372019635
0.369305496725419,0.452006883714545,0.227899115725726,0.233312654531554,0.0731927891420605,0.239572545325356
0.365388286786093,0.448209909136606,0.22349815713596,0.229815204495459,0.068740179907878,0.234701147639885
0.361388539291138,0.444326667763759,0.219007477834355,0.226233111439704,0.0642056685906698,0.229738581845402
0.357306800560541,0.440357706361392,0.214427533771275,0.222566659922026,0.0595894699370475,0.224685253059512
0.353143625602738,0.436303580886744,0.209758787448056,0.218816137407048,0.054891798151278,0.21954156814721
0.348899577579487,0.432164855920118,0.205001707462396,0.214981833810095,0.0501128664058509,0.214307935242628
0.344575227285247,0.427942104109932,0.200156768063778,0.211064041049463,0.0452528863594928,0.208984763281708
0.340171152642533,0.423635905633221,0.195224448720228,0.207063052608293,0.0403120676835394,0.203572461546859
0.335687938214889,0.419246847673266,0.190205233697878,0.202979163107429,0.035290617597805,0.198071439224745
0.331126174739123,0.414775523916129,0.185099611654864,0.198812667890614,0.0301887404171153,0.192482104978506
0.326486458678418,0.410222534067724,0.179908075251037,0.194563862623449,0.0250066371096599,0.186804866535577
0.321769391798014,0.405588483393257,0.174631120775133,0.190233042907586,0.0197445048684513,0.181040130292487
0.316975580765275,0.400873982280838,0.169269247791138,0.185820503911792,0.0144025366973442,0.17518830093813
0.312105636775812,0.396079645831034,0.163822958805504,0.181326540021447,0.00898092101294503,0.16924978109686
0.307160175207665,0.391206093474371,0.158292758957214,0.176751444508316,0.00347984126410742,0.163224970993199
0.302139815305348,0.386253948618633,0.152679155732548,0.172095509222367,-0.00210052442936865,0.157114268139722
0.297045179895828,0.381223838328045,0.146982658706657,0.167359024307616,-0.00776000361703925,0.15091806705003
0.291876895138556,0.376116393036448,0.141203779314194,0.16254227794414,-0.0134984298350413,0.144636758978811
0.286635590311693,0.370932246296623,0.135343030651254,0.157645556118376,-0.0193156428982685,0.138270731691051
0.281321897636875,0.365672034568061,0.129400927311136,0.152669142424163,-0.0252114891651068,0.131820369262692
0.275936452145012,0.36033639704566,0.123377985256643,0.147613317897048,-0.0311858217722289,0.125286051915325
0.270479891585578,0.354925975531753,0.117274721731618,0.142478360884531,-0.0372385008368224,0.118668155887401
0.264952856382288,0.349441414354293,0.111091655214901,0.137264546955248,-0.0433693936231841,0.111967053345087
0.25935598963794,0.3438833603339,0.104829305419834,0.13197214885015,-0.049578374670603,0.105183112335736
0.253689937191572,0.338252462802823,0.0984881933428426,0.126601436479097,-0.0558653258789586,0.0983166967874662
0.247955347731276,0.332549373679059,0.0920688413649184,0.121152676966532,-0.0622301365482255,0.0913681665586184
0.242152872966122,0.326774747598934,0.0855717734099107,0.1156261347501,-0.0686727033677833,0.0843378775410177
0.236283167860993,0.320929242111809,0.0789975151640441,0.110022071736458,-0.0751929303509962,0.0772261818214977
0.23034689093843,0.31501351794085,0.072346594361404,0.104340747518942,-0.0817907287100215,0.0700334279065189
0.224344704651687,0.309028239313867,0.0656195411402836,0.0985824196618658,-0.088466016665631,0.0627599610149515
0.218277275833797,0.302974074368803,0.0588168884760438,0.0927473440569953,-0.0952187191859259,0.0554061234448567
0.212145276227503,0.296851695638519,0.0519391726962144,0.0868357753578251,-0.102048767647689,0.0479722550203151
0.205949383101445,0.29066178061999,0.0449869340842566,0.0808479674979848,-0.108956099413258,0.0404586936250655
0.199690279958427,0.284405012433444,0.0379607175789245,0.0747841743006184,-0.115940657315148,0.0328657758303535
0.193368657341826,0.27808208057723,0.0308610735765428,0.0686446501859553,-0.123002389040146,0.0251938376248766
0.18698521374684,0.271693681784732,0.023688558844282,0.0624296509851234,-0.130141246403601,0.0174432152555551
0.180540656643774,0.265240520990177,0.0164437375531908,0.0561394348688398,-0.1373571845038,0.00961424618871232
0.174035703620901,0.258723312410458,0.00912718244020904,0.0497742634002359,-0.144650160745551,0.00170727020181277
0.167471083655314,0.252142780750966,0.00173947610951279,0.0433344027220616,-0.152020133720804,-0.00627736938277196
0.160847538520518,0.245499662543657,-0.00571878751598191,0.036820124889169,-0.159467061933227,-0.0143393243098571
0.154165824340331,0.238794707626453,-0.0132470015810189,0.0302317093581916,-0.166990902352342,-0.0224782398359702
0.147426713299419,0.232028680773687,-0.0208445445094084,0.023569444647403,-0.174591608781354,-0.0306937529916723
0.140630995521362,0.225202363487918,-0.0285107780266463,0.0168336301806437,-0.182269130021561,-0.0389854906458987
0.13377948112615,0.218316555964314,-0.0362450449786981,0.0100245783305239,-0.190023407814426,-0.0473530673549801
0.126873002479855,0.211372079239648,-0.0440466669306214,0.00314261667742777,-0.197854374540565,-0.0557960829774284
0.119912416649992,0.204369777538652,-0.0519149415276706,-0.00381190949803545,-0.205761950653246,-0.064314120034095
0.112898608081384,0.197310520831679,-0.0598491395996875,-0.0108386344695846,-0.213746041821415,-0.0729067407911633
0.105832491508089,0.190195207618346,-0.06784850198848,-0.0179371690460979,-0.221806535755359,-0.0815734840417508
0.0987150151182922,0.183024767953076,-0.0759122360759712,-0.025107097255905,-0.229943298685251,-0.0903138615595435
0.091547163990284,0.175800166729601,-0.0840395119891513,-0.0323479727099682,-0.238156171460068,-0.0991273541954667
0.0843299638187358,0.168522407242524,-0.0922294584561616,-0.0396593146173915,-0.246444965231426,-0.108013407586092
0.0770644849520651,0.16119253504548,-0.10048115828556,-0.0470406034243774,-0.254809456683337,-0.116971427439427
0.0697518467630929,0.153811642126811,-0.108793643438685,-0.0544912760453811,-0.263249382765187,-0.126000774360744
0.0623932223765416,0.146380871424889,-0.117165889662864,-0.0620107206527956,-0.271764434881412,-0.135100758178061
0.0549898437788876,0.138901421707083,-0.125596810650333,-0.0695982709884654,-0.280354252486549,-0.144270631722907
0.0475430073374385,0.131374552837627,-0.134085251685429,-0.0772532001576513,-0.289018416029833,-0.153509584018543
0.0400540797575477,0.123801591461568,-0.142629982739465,-0.0849747138626825,-0.297756439188041,-0.162816732823406
0.0325245045087513,0.116183937133724,-0.151229690969682,-0.0927619430300949,-0.306567760319388,-0.172191116472982
0.0249558087524437,0.108523068923315,-0.159882972575539,-0.100613935781593,-0.315451733065266,-0.181631684958663
0.0173496108059362,0.100820552526965,-0.168588323962037,-0.108529648695064,-0.324407616019416,-0.191137290176693
0.00970762817990803,0.0930780479249325,-0.177344132156005,-0.116507937297697,-0.333434561376739,-0.200706675274613
0.00203168622827682,0.0852973176171571,-0.18614866441777,-0.124547545729119,-0.342531602465909,-0.210338463016872
-0.00567627254785144,0.0774802354783441,-0.195000056986129,-0.132647095507323,-0.351697640060842,-0.220031143084305
-0.0134141784984774,0.0696287962731365,-0.203896302890727,-0.140805073325681,-0.360931427356815,-0.229783058215724
-0.0211798240789835,0.0617451258748761,-0.212835238761327,-0.149019817803888,-0.370231553486488,-0.23959238909227
-0.0289708523116823,0.053831492233832,-0.221814530558878,-0.157289505110268,-0.379596425439991,-0.249457137857371
-0.0367847444037506,0.0458903171427979,-0.230831658148898,-0.165612133367491,-0.389024248241509,-0.259375110157254
-0.0446188064681066,0.0379241888504771,-0.239883898632783,-0.173985505747829,-0.398513003222016,-0.269343895578222
-0.052470155291492,0.0299358755752614,-0.24896830834788,-0.182407212158162,-0.408060424214277,-0.279360846348074
-0.0603357030921384,0.021928339973901,-0.258081703442899,-0.190874609409388,-0.417663971482521,-0.289423054160353
-0.068212141207038,0.013904754621902,-0.267220638930249,-0.199384799758672,-0.427320803183995,-0.299527324970482
-0.0760959226475277,0.0058685185638694,-0.276381386113206,-0.207934607707795,-0.437027744144987,-0.309670151604349
-0.0839832434602835,-0.00217672500625707,-0.285559908281765,-0.216520554935336,-0.446781251718312,-0.319847684010724
-0.0918700228299367,-0.0102270698740262,-0.294751834567952,-0.225138833235821,-0.456577378474033,-0.330055696980806
-0.0997518818592955,-0.0182783266808311,-0.303952431849262,-0.233785275335252,-0.466411731460803,-0.340289555150995
-0.107624120963363,-0.0263260014859988,-0.313156574587561,-0.242455323449527,-0.476279427761341,-0.350544175098827
-0.115481695814457,-0.034365272953439,-0.322358712491009,-0.251143995450949,-0.486175046053822,-0.360813984337832
-0.123319191778216,-0.0423909681034171,-0.331552835888948,-0.25984584850899,-0.496092573882258,-0.371092877015909
-0.131130796783338,-0.0503975365721451,-0.340732438713657,-0.268554940074171,-0.506025350333418,-0.381374166123059
-0.138910272573199,-0.0583790233260459,-0.349890478990399,-0.277264786080573,-0.515966003818676,-0.391650532021194
-0.146650924293896,-0.0663290397825592,-0.359019336747647,-0.285968316252388,-0.525906384666773,-0.401913967120187
-0.154345568381984,-0.0742407332962613,-0.368110769274009,-0.294657826414675,-0.535837492250775,-0.412155716543453
-0.161986498726432,-0.0821067549783055,-0.37715586366844,-0.303324927729432,-0.54574939640288,-0.422366214654342
-0.169565451092887,-0.0899192258281717,-0.386144986655642,-0.311960492805355,-0.555631152916326,-0.432535017353136
-0.177073565815269,-0.097669701170708,-0.395067731671182,-0.320554598665471,-0.565470712999708,-0.442650730106329
-0.184501348780393,-0.105349133408557,-0.403912863261754,-0.329096466602739,-0.575254826640298,-0.452700931737992
-0.191838630755335,-0.112947833120005,-0.412668258895494,-0.337574399010084,-0.584968939953775,-0.462672094099228
-0.199074525136426,-0.120455428556742,-0.421320848338277,-0.345975713341903,-0.594597086756707,-0.472549497841043
-0.206197384232199,-0.127860823623999,-0.429856550824073,-0.354286673448659,-0.604121774799828,-0.482317144650159
-0.213194754231477,-0.135152154458304,-0.438260210333145,-0.362492418627919,-0.61352386735386,-0.491957666471028
-0.220053329052484,-0.142316744755894,-0.446515529392247,-0.370576890855547,-0.622782461152504,-0.501452232434051
-0.226758903318989,-0.149341060047383,-0.454605001926238,-0.37852276080068,-0.631874762076154,-0.510780454442038
-0.2332963247659,-0.156210661162352,-0.462509845822206,-0.386311353389392,-0.640775960411768,-0.519920292637493
-0.239649446439209,-0.16291015718116,-0.470209936015233,-0.393922573864905,-0.649459108053141,-0.52884796228336
-0.245801079122897,-0.16942315822958,-0.477683739068016,-0.401334835495727,-0.657895000610731,-0.537537843937562
-0.251732944498804,-0.175732228535663,-0.484908250394416,-0.408524990306513,-0.666052068077461,-0.545962399184983
-0.257425629622568,-0.181818840235624,-0.491858935465434,-0.415468264445029,-0.673896278431166,-0.554092094600398
-0.262858543378617,-0.187663328486355,-0.498509676531625,-0.422138200047557,-0.681391059322471,-0.561895337041192
-0.26800987565801,-0.193244848514537,-0.50483272659194,-0.428506605715677,-0.688497243760304,-0.569338423790909
-0.272856560081435,-0.198541335304136,-0.510798672526528,-0.43454351795794,-0.695173046410951,-0.576385511468313
-0.277374241162987,-0.203529466692786,-0.516376409479517,-0.440217176165585,-0.701374077697719,-0.582998607949018
-0.281537246874363,-0.208184630710133,-0.521533128713422,-0.445494013863611,-0.707053403234404,-0.589137591776821
-0.285318567618113,-0.212480898042896,-0.526234321242922,-0.450338669083792,-0.712161656136564,-0.594760263620459
-0.288689842647935,-0.216391000548312,-0.530443799574332,-0.454714016719992,-0.716647209309826,-0.599822434205049
-0.291621354975866,-0.219886316753539,-0.53412373980725,-0.458581225619063,-0.720456413790482,-0.604278052758315
-0.294082035774457,-0.222936865267686,-0.537234746175838,-0.461899842904848,-0.723533907503001,-0.608079379306037
-0.296039479208609,-0.225511306988897,-0.53973593979906,-0.46462790760085,-0.725822996328981,-0.611177203084555
-0.297459968509015,-0.227576956903961,-0.541585072953918,-0.466722094986557,-0.727266106139323,-0.613521107883667
-0.29830851392032,-0.22909980614576,-0.54273866957172,-0.46813789227978,-0.727805300499255,-0.615059783293269
-0.298548902915555,-0.230044554787783,-0.543152191879959,-0.468829805181206,-0.727382854291821,-0.615741378639977
-0.298143762759408,-0.230374655609137,-0.542780232177458,-0.468751593562984,-0.725941868812523,-0.615513893948819
-0.29705463512412,-0.230052368753945,-0.541576727657328,-0.467856533165737,-0.723426909364986,-0.614325599681079
-0.295593480203153,-0.229376958891012,-0.539916514800674,-0.46652427569709,-0.720331322187214,-0.612607558356846
-0.294102173470386,-0.228676966632268,-0.538209920608911,-0.465170356877739,-0.717190762887009,-0.610830431466185
-0.29257978788316,-0.227951381180279,-0.536455880450272,-0.463793692679238,-0.714004488045973,-0.608993327653205
-0.2910254149977,-0.227199206850435,-0.534653359543254,-0.462393221211529,-0.710771797070146,-0.607095398480396
-0.289438168803983,-0.226419466813632,-0.532801357655069,-0.460967907388835,-0.707492037441716,-0.60513584347137
-0.287817186050772,-0.225611203467472,-0.530898909580928,-0.459516743331624,-0.704164604457887,-0.603113910291869
-0.286161626560483,-0.224773478801678,-0.528945085601672,-0.458038748755159,-0.700788940919669,-0.601028894877502
-0.284470673533102,-0.223905374757065,-0.526938991918366,-0.456532971343295,-0.69736453677091,-0.59888014150752
-0.282743533838542,-0.223005993577404,-0.524879771062525,-0.454998487106221,-0.693890928688169,-0.59666704282424
-0.280979438296755,-0.222074458153489,-0.522766602280701,-0.453434400720917,-0.690367699622263,-0.59438903979784
-0.279177641944961,-0.221109912358778,-0.520598701892214,-0.451839845853129,-0.68679447829244,-0.592045621636508
-0.277337424291402,-0.220111521375955,-0.518375323618943,-0.450213985459749,-0.683170938634437,-0.589636325642126
-0.275458089555026,-0.219078472013784,-0.516095758886056,-0.448556012070549,-0.679496799203808,-0.58716073701186
-0.273538966890545,-0.218009973013628,-0.513759337092763,-0.44686514804825,-0.675771822536045,-0.584618488586209
-0.271579410598367,-0.216905255345064,-0.51136542585219,-0.445140645826081,-0.671995814465331,-0.582009260544333
-0.269578800318883,-0.215763572489986,-0.508913431199567,-0.443381788121917,-0.668168623403694,-0.579332780047543
-0.267536541210655,-0.214584200714649,-0.506402797768014,-0.441587888128304,-0.664290139582606,-0.576588820832113
-0.265452064112109,-0.213366439329117,-0.503833008931346,-0.439758289677649,-0.660360294259194,-0.573777202752722
-0.263324825686312,-0.212109610933597,-0.501203586913318,-0.437892367382005,-0.656379058889216,-0.570897791277921
-0.26115430854851,-0.210813061651182,-0.498514092862956,-0.435989526746978,-0.652346444269195,-0.567950496939297
-0.258940021376106,-0.209476161346524,-0.495764126895585,-0.434049204259253,-0.648262499650016,-0.564935274736005
-0.256681499000803,-0.208098303830022,-0.492953328099349,-0.432070867447509,-0.644127311824475,-0.561852123496549
-0.254378302482711,-0.206678907047115,-0.490081374507143,-0.43005401491641,-0.639941004191273,-0.558701085199823
-0.252030019166193,-0.205217413252308,-0.487147983033839,-0.427998176353567,-0.635703735797929,-0.555482244257432
-0.249636262717324,-0.203713289167584,-0.484152909378938,-0.42590291250934,-0.631415700365123,-0.552195726759467
-0.247196673142887,-0.202166026124932,-0.481095947894834,-0.423767815149616,-0.627077125295084,-0.548841699686035
-0.244710916790778,-0.200575140192662,-0.477976931420863,-0.421592506981523,-0.622688270666402,-0.54542037008674
-0.242178686331888,-0.198940172285331,-0.474795731083616,-0.419376641552418,-0.618249428217873,-0.541931984230582
-0.239599700723417,-0.197260688257034,-0.471552256063858,-0.417119903122329,-0.613760920323749,-0.538376826728591
-0.236973705153729,-0.195536278977932,-0.468246453330653,-0.414822006510235,-0.609223098962811,-0.534755219631622
-0.234300470968852,-0.193766560393873,-0.464878307343326,-0.412482696914654,-0.604636344683679,-0.531067521505815
-0.231579795580773,-0.191951173569023,-0.461447839721914,-0.410101749708977,-0.600001065568546,-0.527314126488056
-0.228811502357703,-0.190089784711453,-0.457955108886946,-0.407678970212203,-0.595317696197613,-0.523495463323926
-0.225995440496607,-0.188182085181694,-0.454400209669407,-0.405214193435674,-0.59058669661637,-0.519611994390582
-0.223131484878179,-0.18622779148424,-0.45078327289177,-0.402707283806543,-0.585808551307698,-0.515664214706856
-0.220219535904684,-0.184226645242125,-0.447104464921179,-0.400158134868743,-0.580983768170858,-0.511652650933029
-0.217259519320907,-0.18217841315461,-0.443363987195743,-0.397566668962295,-0.576112877509127,-0.507577860362491
-0.214251386018672,-0.180082886938169,-0.439562075725125,-0.394932836881801,-0.57119643102789,-0.503440429907579
-0.211195111825332,-0.177939883250928,-0.435699000566589,-0.392256617515104,-0.566235000844894,-0.499240975081796
-0.20809069727664,-0.175749243600761,-0.431775065277661,-0.389538017463031,-0.561229178514127,-0.494980138980469
-0.204938167374539,-0.173510834237299,-0.427790606346715,-0.386777070641238,-0.556179574064846,-0.490658591261938
-0.201737571330354,-0.17122454602813,-0.423745992602751,-0.383973837865229,-0.551086815057104,-0.486277027131255
-0.198488982293908,-0.168890294319482,-0.419641624605656,-0.381128406419533,-0.545951545654946,-0.481836166328203
-0.195192497069175,-0.16650801878177,-0.415477934018341,-0.37824088961224,-0.540774425718528,-0.477336752121543
-0.19184823581699,-0.164077683240333,-0.411255382962065,-0.37531142631587,-0.535556129916062,-0.472779550311095
-0.188456341745465,-0.161599275491776,-0.40697446335633,-0.372340180495802,-0.530297346856597,-0.468165348239306
-0.185016980788753,-0.159072807106386,-0.40263569624477,-0.369327340727324,-0.524998778244474,-0.463494953813886
-0.181530341274744,-0.156498313216997,-0.398239631108362,-0.366273119702468,-0.519661138056119,-0.458769194542834
-0.177996633582389,-0.153875852294846,-0.393786845167373,-0.363177753727717,-0.514285151739848,-0.45398891658325
-0.174416089789342,-0.151205505912892,-0.389277942673454,-0.360041502213762,-0.508871555439263,-0.449154983805204
-0.170788963310537,-0.148487378497109,-0.384713554193168,-0.356864647158385,-0.5034210952406,-0.444268276871703
-0.167115528528458,-0.145721597066318,-0.380094335884418,-0.35364749262357,-0.497934526444494,-0.439329692335919
-0.163396080415739,-0.14290831096108,-0.375420968767009,-0.35039036420797,-0.492412612862388,-0.434340141756549
-0.159630934150826,-0.140047691562228,-0.370694157988726,-0.347093608515716,-0.486856126137779,-0.429300550832199
-0.155820424727399,-0.13713993199965,-0.365914632088204,-0.343757592622729,-0.481265845092531,-0.424211858555619
-0.151964906558243,-0.134185246851864,-0.361083142255844,-0.340382703541414,-0.475642555098195,-0.419075016388382
-0.148064753074254,-0.131183871837019,-0.35620046159398,-0.33696934768485,-0.469987047472397,-0.413890987456682
-0.14412035631933,-0.128136063495948,-0.351267384377585,-0.333517950331365,-0.464300118900282,-0.408660745768795
-0.140132126541756,-0.125042098867814,-0.346284725316528,-0.330028955090406,-0.458582570880748,-0.403385275454538
-0.13610049178284,-0.121902275159083,-0.34125331882066,-0.3265028233707,-0.452835209197478,-0.398065570027259
-0.132025897463426,-0.118716909406326,-0.336174018268684,-0.322940033851406,-0.447058843414385,-0.39270263166851
-0.127908805968938,-0.115486338133534,-0.331047695281884,-0.319341081957193,-0.441254286395276,-0.387297470535698
-0.123749696233686,-0.112210917004582,-0.325875239003764,-0.315706479337989,-0.435422353847467,-0.381851104092925
-0.119549063324944,-0.108891020471392,-0.32065755538643,-0.312036753354111,-0.429563863888882,-0.376364556465019
-0.115307418027524,-0.10552704141845,-0.315395566484684,-0.308332446567467,-0.423679636638338,-0.370838857814869
-0.11102528642943,-0.102119390804298,-0.310090209758716,-0.304594116239566,-0.417770493828621,-0.365275043744081
-0.106703209509121,-0.098668497300525,-0.304742437386054,-0.300822333836801,-0.411837258441779,-0.359674154716779
-0.102341742725064,-0.0951748069289392,-0.299353215583735,-0.29701768454373,-0.405880754366354,-0.354037235506619
-0.097941455608008,-0.0916387826974129,-0.293923523941197,-0.29318076678476,-0.399901806075884,-0.348365334666678
-0.093502931356591,-0.0880609042350055,-0.288454354764669,-0.289312191754759,-0.39390123832826,-0.342659504022149
-0.0890267664367829,-0.0844416674269308,-0.282946712433669,-0.285412582959091,-0.387879875885434,-0.336920798185594
-0.0845135701856187,-0.0807815840498665,-0.277401612770112,-0.281482575763368,-0.381838543252857,-0.331150274094437
-0.0799639644196985,-0.0770811814081357,-0.271820082420556,-0.277522816953358,-0.37577806443814,-0.325348990570432
-0.075378583048965,-0.0733410019713206,-0.266203158252131,-0.273533964305363,-0.369699262728431,-0.319518007900813
-0.0707580716960515,-0.0695616030136985,-0.260551886762428,-0.269516686167306,-0.363602960485818,-0.313658387440684
-0.0661030873217556,-0.0657435562560834,-0.254867323503882,-0.265471661050797,-0.357489978960326,-0.307771191236385
-0.0614142978568803,-0.0618874475104351,-0.249150532522854,-0.261399577234395,-0.351361138119833,-0.301857481669333
-0.0566923818408625,-0.057993876327704,-0.243402585813749,-0.257301132378198,-0.345217256496346,-0.295918321119964
-0.0519380280675462,-0.0540634556493697,-0.237624562788468,-0.253177033149931,-0.339059151048131,-0.289954771651387
-0.0471519352383216,-0.0500968114629909,-0.231817549761296,-0.249027994862629,-0.332887637037035,-0.283967894712223
-0.0423348116229804,-0.0460945824621764,-0.225982639449454,-0.244854741123916,-0.326703527920437,-0.277958750858187
-0.0374873747285467,-0.0420574197113848,-0.220120930489478,-0.240658003497067,-0.320507635257365,-0.271928399492027
-0.0326103509762603,-0.0379859863157631,-0.214233526969405,-0.236438521173659,-0.314300768628031,-0.265877898621193
-0.0277044753870151,-0.033880957096483,-0.208321537976961,-0.232197040657995,-0.30808373556643,-0.259808304632904
-0.0227704912753675,-0.0297430182717489,-0.20238607716365,-0.227934315463076,-0.30185734150528,-0.253720672086002
-0.0178091499523062,-0.0255728671437987,-0.196428262324797,-0.223651105818176,-0.295622389732844,-0.247616053519137
-0.0128212104369755,-0.0213712117921701,-0.190449214995513,-0.219348178387848,-0.289379681361108,-0.241495499274837
-0.00780743917740924,-0.0171387707734037,-0.18445006006247,-0.215026306002274,-0.283130015304736,-0.235360057338873
-0.00276860978040422,-0.0128762728274236,-0.178431925391387,-0.210686267398791,-0.276874188270288,-0.229210773194453
0.00229449724932411,-0.00858445659080921,-0.172395941470171,-0.20632884697447,-0.27061299475526,-0.223048689690796
0.00738109476076093,-0.00426407031704432,-0.166343241067429,-0.201954834549509,-0.264347227056318,-0.216874846925475
0.0124903891988056,8.41283960103106e-05,-0.160274958906327,-0.197565025141302,-0.258077675286372,-0.210690282140153
0.0176215808371568,0.00445937287137183,-0.154192231353476,-0.193160218748928,-0.25180512739991,-0.204496029629131
0.0227738640018333,0.00886088761080177,-0.148096196122651,-0.188741220147807,-0.245530369226112,-0.198293120660203
0.0279464272852853,0.0132878885451272,-0.141987991993176,-0.184308838694378,-0.239254184509413,-0.192082583407456
0.0331384537512152,0.0177395832770502,-0.135868758542601,-0.179863888140403,-0.232977354956863,-0.185865442895366
0.0383491211301097,0.0222151713163471,-0.129739635893444,-0.175407186456717,-0.226700660291994,-0.179642720953791
0.0435776020055028,0.0267138443073818,-0.123601764473756,-0.170939555666151,-0.220424878314739,-0.17341543618344
0.0488230639911511,0.031234786249036,-0.117456284791069,-0.166461821685244,-0.214150784966857,-0.167184603931205
0.0540846698990895,0.0357771737069267,-0.11130433721954,-0.161974814174566,-0.207879154402655,-0.160951236275042
0.0593615778987767,0.0403401760180439,-0.10514706179985,-0.157479366397242,-0.201610759064405,-0.154716342017849
0.0646529416674305,0.0449229554877998,-0.0989855980515286,-0.152976315085403,-0.195346369762158,-0.148480926689876
0.0699579105315992,0.0495246675795093,-0.092821084797402,-0.14846650031426,-0.189086755757601,-0.142245992559343
0.0752756296002598,0.0541444610964498,-0.0866546599996963,-0.143950765383443,-0.182832684851485,-0.136012538650654
0.0806052398895177,0.0587814783565473,-0.0804874606074476,-0.139429956705247,-0.176584923474284,-0.129781560769893
0.0859458784390517,0.0634348553597454,-0.0743206224148905,-0.134904923699547,-0.17034423677982,-0.123554051537148
0.0912966784206056,0.0681037219482719,-0.06815527993028,-0.130376518694906,-0.164111388741322,-0.11733100042519
0.0966567692385809,0.0727872019598351,-0.0619925662549047,-0.125845596835646,-0.157887142249757,-0.111113393804167
0.102025276623057,0.0774844133739512,-0.0558336129717302,-0.121313015994471,-0.151672259213956,-0.104902214991831
0.107401322715396,0.0821944684515576,-0.04967955004332,-0.116779636690288,-0.14546750066226,-0.0986984443089113
0.112784026146645,0.086916473868026,-0.043531505718641,-0.112246322010962,-0.139273626845404,-0.0925030591392869
0.118172502109024,0.0916495308398261,-0.0373906064482269,-0.107713937540517,-0.133091397340229,-0.0863170339944752
0.123565862420729,0.096392735245016,-0.0312579768073135,-0.103183351290539,-0.126921571153961,-0.080141340582081
0.128963215584248,0.101145177737696,-0.0251347394265611,-0.0986554336354081,-0.120764906828798,-0.0739769478778911
0.134363666838571,0.105905943856772,-0.0190220149297748,-0.0941310572509441,-0.114622162546378,-0.0678248222010697
0.139766318205428,0.110674114129107,-0.0129209218783537,-0.0896110970562184,-0.108494096231989,-0.061685927292284
0.145170268529951,0.115448764167433,-0.00683257672186736,-0.0850964301580818,-0.102381465658107,-0.0555612243942045
0.150574613515997,0.120228964763176,-0.000758093754385916,-0.080587935798118,-0.0962850285470171,-0.0494516723341099
0.155978445756398,0.125013781974493,0.00530141492387047,-0.0760864953016626,-0.0902055426722966,-0.043358227608247
0.161380854758513,0.12980227720978,0.0113448394400786,-0.0715929920285336,-0.084143765958789,-0.0372818444675092
0.166780926965347,0.134593507306954,0.017371072177985,-0.0671083113251089,-0.0781004565808398,-0.0312234750041308
0.172177745772526,0.13938652460871,0.023379007803095,-0.0626333404774859,-0.0720763730585802,-0.0251840692390674
0.177570391541542,0.144180377034186,0.0293675432844595,-0.058168968665258,-0.0660722743518699,-0.0191645752096253
0.182957941609485,0.148974108147186,0.0353355779133678,-0.0537160869157069,-0.0600889199517894,-0.0131659390571087
0.188339470295691,0.15376675722138,0.0412820133195079,-0.0492755880579708,-0.0541270699692953,-0.00718910511404601
0.193714048905612,0.158557359302786,0.047205753485011,-0.0448483666768976,-0.0481874852208432,-0.0012350159906807
0.199080745732224,0.16334494526978,0.0531057047567689,-0.0404353190662982,-0.0422709273107726,0.00469538733953791
0.204438626055412,0.168128541891087,0.0589807758575877,-0.036037343181167,-0.0363781587100766,0.0106011654559357
0.209786752139579,0.172907171881988,0.0648298778964967,-0.0316553385886844,-0.030509942831468,0.0164813804082574
0.215124183229958,0.177679853959155,0.0706519243787407,-0.0272902064175758,-0.0246670441003848,0.022335095636394
0.220449975547935,0.182445602894473,0.0764458312158872,-0.0229428493055545,-0.0188502280217114,0.0281613758925175
0.225763182285736,0.187203429568124,0.0822105167363876,-0.018614171344585,-0.0130602612420691,0.033959287165857
0.231062853600938,0.191952341021416,0.0879449016971579,-0.0143050780235861,-0.00729791160731018,0.0397278966105667
0.236348036611139,0.196691340509666,0.0936479092965314,-0.010016476168315,-0.00156394821506209,0.0454662724769226
0.241617775389151,0.201419427555486,0.099318465188962,-0.00574927387819019,0.00414085853788243,0.0511734840461558
0.246871110959214,0.206135598002946,0.104955497502021,-0.00150438045964556,0.00981573691366969,0.0568486015693242
0.252107081294493,0.210838844072897,0.110557936855936,0.00271729364411517,0.0154599137970486,0.0624906962104176
0.257324721316386,0.215528154419927,0.116124716386228,0.006914836927359,0.0210726146649619,0.0680988399941037
0.262523062896006,0.22020251419132,0.121654771769744,0.0110873369002728,0.0266530635622086,0.0736721057583865
0.267701134858204,0.224860905088382,0.127147041254496,0.0152338801718463,0.0322004830833674,0.0792095671124398
0.272857962988623,0.229502305430595,0.132600465693709,0.0193535525375254,0.0377140943612595,0.0847102983999914
0.277992570044192,0.234125690222988,0.138013988584468,0.0234454390718088,0.0431931170621441,0.090173374668527
0.283103975767406,0.238730031227086,0.143386556111237,0.0275086242260359,0.0486367693877643,0.0955978716445475
0.28819119690494,0.243314297035934,0.148717117194754,0.0315421919316294,0.0540442680846003,0.100982865715294
0.293253247230898,0.247877453153518,0.154004623546479,0.0355452257089481,0.0594148284603465,0.106327433917088
0.298289137575233,0.252418462079059,0.159248029729091,0.0395168087820205,0.0647476644079551,0.111630653930677
0.303297875857719,0.256936283396584,0.16444629322325,0.0434560241993182,0.0700419884373538,0.116891604083822
0.308278467127873,0.261429873870138,0.169598374500959,0.0473619549607498,0.075297011714992,0.12210936336136
0.313229913611335,0.26589818754511,0.174703237105868,0.0512336841510781,0.0805119441114705,0.127283011423076
0.318151214763098,0.27034017585606,0.179759847740762,0.0550702950799207,0.0856859942573692,0.13241162862961
0.323041367327976,0.274754787741411,0.184767176362504,0.0588708714284349,0.0908183696074023,0.137494296076614
0.32789936540884,0.279140969765506,0.189724196284746,0.0626344974029194,0.0959082765131501,0.142530095637498
0.332724200542929,0.2834976662483,0.194629884288553,0.0663602578953361,0.100954920304383,0.147518110014882
0.337514861786751,0.287823819403198,0.199483220741269,0.0700472386509908,0.105957505379236,0.152457422801091
0.342270335809963,0.292118369483364,0.204283189723785,0.0736945264433651,0.11091523530328,0.157347118547849
0.346989606998593,0.296380254936861,0.209028779166351,0.0773012092562229,0.115827312917616,0.162186282845379
0.351671657568088,0.300608412571054,0.213718980993202,0.0808663764730627,0.120692940456126,0.166974002411133
0.356315467686554,0.304801777726595,0.218352791276092,0.0843891190739567,0.125511319671966,0.171709365188349
0.360920015608525,0.308959284461314,0.222929210396829,0.0878685298397712,0.130281651973331,0.17639146045453
0.365484277819754,0.31307986574443,0.227447243219025,0.091303703563851,0.135003138568662,0.181019378940129
0.370007229193269,0.317162453661316,0.231905899269033,0.0946937372710944,0.139674980621229,0.185592212957449
0.374487843157137,0.321205979629181,0.236304192926209,0.098037730444426,0.144296379413238,0.190109056539998
0.378925091874265,0.325209374623962,0.240641143622524,0.101334785258645,0.148866536519434,0.194569005592377
0.383317946434498,0.329171569418634,0.244915776051499,0.104584006821503,0.153384653990189,0.198971158050749
0.387665377059415,0.333091494833277,0.249127120386498,0.107784503422038,0.157849934544121,0.203314614054044
0.391966353320069,0.336968081997082,0.253274212508346,0.110935386785972,0.162261581770215,0.207598476125946
0.396219844367902,0.340800262622481,0.257356094242122,0.114035772338059,0.166618800339323,0.211821849367623
0.400424819179179,0.344586969291665,0.261371813603168,0.117084779471291,0.170920796225121,0.215983841661359
0.404580246813059,0.348327135755547,0.265320425052054,0.12008153182269,0.175166776934293,0.220083563884941
0.408685096683576,0.352019697245385,0.269200989758443,0.123025157555595,0.179355951745967,0.224120130136891
0.412738338845687,0.355663590797125,0.273012575873643,0.125914789648147,0.18348753196021,0.228092657972445
0.416738944295477,0.359257755588512,0.276754258811596,0.128749566187761,0.187560731155434,0.232000268650172
0.420685885284705,0.362801133289056,0.280425121538138,0.13152863067133,0.191574765454605,0.23584208738922
0.424578135649735,0.366292668422829,0.284024254868193,0.134251132310862,0.195528853800019,0.239617243637008
0.428414671154856,0.369731308744024,0.287550757770599,0.136916226344204,0.19942221823642,0.243324871347188
0.432194469850088,0.373116005625284,0.291003737680287,0.139523074350597,0.203254084202299,0.246964109267788
0.435916512443335,0.376445714458589,0.294382310817352,0.142070844570606,0.207023680829008,0.250534101239225
0.439579782686888,0.379719395068631,0.297685602512702,0.144558712230117,0.210730241247493,0.254033996502021
0.443183267778152,0.382936012138448,0.300912747539812,0.146985859867962,0.214373002902313,0.257462950013938
0.446725958774371,0.386094535647049,0.304062890452104,0.149351477666738,0.217951207872557,0.260820122776205
0.450206851021243,0.389193941318804,0.307135185925495,0.151654763786376,0.221464103199368,0.264104682168553
0.453624944595115,0.392233211084229,0.310128799105593,0.153894924700014,0.224910941219676,0.267315802292674
0.456979244758433,0.395211333551791,0.313042905958918,0.156071175531614,0.228290979905656,0.270452664323702
0.460268762428182,0.398127304490325,0.315876693627676,0.158182740394881,0.23160348320959,0.27351445686933
0.463492514656811,0.40098012732157,0.318629360787363,0.160228852732895,0.234847721413566,0.276500376336067
0.466649525125272,0.40376881362232,0.321300118006653,0.16220875565794,0.238022971483576,0.279409627302176
0.469738824647622,0.406492383635605,0.323888188108855,0.164121702290933,0.241128517427525,0.282241422896775
0.472759451686628,0.40914986679028,0.326392806534252,0.165966956099877,0.244163650656519,0.284994985184535
0.475710452879786,0.411740302228364,0.328813221702647,0.167743791236739,0.247127670349004,0.287669545555407
0.478590883575067,0.414262739339398,0.331148695375359,0.169451492872135,0.25001988381706,0.290264345118793
0.481399808375652,0.41671623830105,0.333398503015898,0.171089357527173,0.252839606874297,0.292778635101458
0.48413630169293,0.419099870625171,0.335561934148613,0.172656693401851,0.255586164204736,0.295211677248608
0.486799448306858,0.421412719708411,0.337638292714452,0.174152820699325,0.258258889732001,0.297562744227345
0.489388343932864,0.423653881386516,0.339626897423099,0.175577071945413,0.260857126988166,0.299831120031862
0.491902095794335,0.425822464491339,0.341527082100648,0.176928792302664,0.263380229481615,0.302016100389597
0.494339823199675,0.42791759140956,0.343338196031984,0.178207339878308,0.265827561063135,0.304116993167545
0.496700658122953,0.429938398642112,0.345059604297095,0.179412086025451,0.268198496289618,0.306133118778026
0.498983745787043,0.431884037363226,0.34669068810043,0.180542415636818,0.270492420784618,0.308063810583027
0.501188245248092,0.433753673977968,0.348230845092504,0.181597727430377,0.272708731594983,0.309908415296306
0.503313329980224,0.435546490677185,0.34967948968293,0.182577434226196,0.274846837542914,0.311666293382467
0.505358188459209,0.437261685988631,0.35103605334402,0.183480963213848,0.276906159572597,0.313336819452074
0.507322024743901,0.438898475323141,0.352299984904177,0.184307756209737,0.278886131090749,0.314919382652004
0.509204059054161,0.440456091514604,0.353470750830245,0.185057269903691,0.280786198300247,0.316413387050144
0.511003528343953,0.441933785352513,0.354547835498027,0.185728976094189,0.282605820526133,0.317818252013535
0.512719686868314,0.443330826105861,0.355530741450203,0.18632236191161,0.28434447053321,0.319133412579119
0.514351806742847,0.444646502037139,0.356418989640888,0.186836930028918,0.286001634834501,0.320358319816175
0.515899178494358,0.445880120905136,0.357212119666063,0.18727219885917,0.287576813989806,0.321492441179579
0.51736111160133,0.447031010455374,0.35790968997922,0.187627702739318,0.289069522893642,0.322535260853028
0.518736935022778,0.448098518896819,0.358511278091468,0.18790299209975,0.290479291051833,0.323486280081329
0.520025997714198,0.449082015363744,0.359016480755503,0.18809763361906,0.291805662846038,0.324345017490944
0.521227669129203,0.449980890361431,0.35942491413277,0.188211210363554,0.293048197785548,0.325111009397925
0.522341339705482,0.450794556194574,0.359736213943261,0.188243321911039,0.294206470745641,0.325783810102427
0.523366421333788,0.451522447377167,0.359950035597365,0.188193584458444,0.295280072191878,0.326362992169007
0.524302347808621,0.452164021022774,0.360066054309291,0.188061630912911,0.296268608389706,0.326848146691932
0.525148575259308,0.452718757214031,0.360083965191542,0.187847110965942,0.297171701598738,0.32723888354475
0.525904582560268,0.45318615935035,0.360003483330069,0.187549691150295,0.297988990251196,0.327534831613409
0.526569871719233,0.453565754472797,0.359824343839669,0.187169054879325,0.298720129113899,0.32773563901224
0.527143968242262,0.453857093565161,0.359546301899313,0.186704902468503,0.299364789433363,0.327840973282159
0.52762642147446,0.454059751830332,0.359169132767117,0.186156951138878,0.29992265906348,0.327850521570482
0.528016804915328,0.454173328941109,0.358692631774693,0.185524935002313,0.300393442575369,0.327763990791775
0.528314716507769,0.45419744926467,0.358116614300711,0.184808605028323,0.300776861348987,0.327581107769231
0.52851977889983,0.454131762059984,0.357440915723514,0.18400772899241,0.301072653646151,0.327301619356082
0.528631639678315,0.453975941647504,0.356665391352708,0.183122091405824,0.301280574664625,0.326925292536622
0.52864997157352,0.453729687550595,0.355789916339665,0.182151493426717,0.301400396573043,0.326451914506459
0.528574472634382,0.453392724608186,0.354814385566996,0.18109575275268,0.301431908526383,0.325881292731666
0.528404866373429,0.452964803058241,0.353738713516997,0.179954703494732,0.301374916661831,0.325213254986545
0.528140901881025,0.452445698591725,0.352562834119237,0.178728196032816,0.301229244074907,0.324447649369797
0.527782353908479,0.451835212376815,0.351286700577415,0.177416096852939,0.300994730775712,0.32358434429892
0.527329022919659,0.451133171053206,0.349910285175732,0.176018288366125,0.300671233625291,0.322623228482708
0.526780735110888,0.450339426696429,0.348433579064993,0.174534668709336,0.300258626252073,0.321564210871821
0.526137342398969,0.449453856752225,0.346856592028819,0.172965151528652,0.299756798948464,0.320407220587403
0.525398722377287,0.448476363941055,0.345179352230244,0.171309665744909,0.299165658547641,0.319152206827816
0.524564778240029,0.447406876132947,0.343401905939168,0.169568155302173,0.298485128280733,0.317799138753592
0.523635438674677,0.44624534619298,0.34152431724107,0.167740578899305,0.297715147614517,0.316348005350781
0.522610657722998,0.444991751797736,0.339546667727456,0.165826909705038,0.296855672069897,0.31479881527291
0.521490414610889,0.443646095223197,0.337469056168614,0.163827135056955,0.295906673021427,0.313151596661836
0.520274713547493,0.442208403104628,0.335291598169182,0.16174125614476,0.294868137478169,0.31140639694783
0.5189635834941,0.440678726169011,0.333014425807149,0.159569287678324,0.293740067846284,0.309563282629249
0.51755707790349,0.439057138940795,0.330637687256928,0.157311257540993,0.292522481673719,0.307622339032284
0.516055274430351,0.437343739421645,0.328161546397126,0.154967206428624,0.291215411377451,0.305583670051207
0.514458274613635,0.435538648745102,0.325586182403733,0.152537187474902,0.289818903953754,0.303447397869697
0.512766203531658,0.433642010807006,0.32291178932942,0.150021265863488,0.288333020672015,0.301213662663803
0.510979209430916,0.431653991872659,0.32013857566968,0.147419518427519,0.286757836752634,0.298882622287168
0.509097463329646,0.429574780161804,0.317266763916591,0.144732033237129,0.285093441029613,0.29645445193919
0.507121158597201,0.42740458541244,0.31429659010096,0.141958909175502,0.283339935598441,0.293929343816826
0.505050510510391,0.425143638424637,0.31122830332363,0.139100255504107,0.281497435449916,0.291307506750749
0.502885755788032,0.422792190585589,0.308062165276804,0.136156191417795,0.279566068090612,0.288589165826715
0.50062715210494,0.42035051337703,0.304798449756143,0.133126845590291,0.277545973150656,0.285774561992862
0.498274977586721,0.41781889786641,0.301437442164547,0.130012355710855,0.275437301979597,0.282863951653874
0.4958295302867,0.41519765418303,0.297979439008381,0.126812868012678,0.273240217231075,0.279857606252821
0.493291127646416,0.412487110980551,0.294424747387057,0.123528536793743,0.27095489243712,0.276755811841618
0.490660105941139,0.409687614887217,0.290773684476822,0.120159523930809,0.268581511572844,0.273558868641035
0.487936819711867,0.406799529945186,0.287026577009582,0.116705998387237,0.266120268612399,0.270267090591194
0.485121641185335,0.403823237040383,0.283183760747664,0.113168135715285,0.263571367076977,0.266880804893545
0.482214959683564,0.400759133324332,0.279245579955387,0.109546117553686,0.260935019575807,0.263400351545339
0.479217181024499,0.397607631629373,0.275212386868283,0.105840131121107,0.258211447340951,0.259826082867578
0.476128726915333,0.394369159878784,0.271084541160918,0.102050368706301,0.255400879756859,0.25615836302754
0.472950034340082,0.391044160493205,0.266862409414118,0.0981770271556335,0.252503553885575,0.252397567556897
0.469681554943007,0.387633089794907,0.262546364582536,0.0942203073586994,0.249519713988519,0.248544082866506
0.466323754409539,0.384136417411372,0.258136785463468,0.0901804137328752,0.24644961104587,0.244598305759024
0.462877111846238,0.38055462567964,0.253634056167753,0.0860575537074257,0.243293502274408,0.240560642940374
0.459342119161503,0.376888209052978,0.249038565593752,0.0818519372080717,0.240051650644948,0.236431510531293
0.455719280448579,0.373137673511324,0.24435070690525,0.0775637761427156,0.236724324400257,0.232211333580049
0.452009111372514,0.369303535976997,0.239570877014231,0.0731932838891529,0.233311796574562,0.227900545577505
0.448212138562721,0.365386323737249,0.234699476069525,0.0687406747856443,0.229814344515714,0.223499587975801
0.444328899012743,0.361386573875092,0.229736906952192,0.0642061636251113,0.226232249411032,0.219008909711778
0.440359939488844,0.357304832709941,0.224683574778687,0.059589965153888,0.222565795818012,0.214428966736435
0.436305815949145,0.353141655249654,0.219539886412843,0.0548922935759529,0.218815271201021,0.209760221551762
0.432167092974826,0.348897604655407,0.214306249987599,0.050113362063505,0.214980965475132,0.205003142756111
0.427944343215197,0.34457325172107,0.20898307443769,0.0452533822749666,0.211063170558377,0.200158204599636
0.423638146848179,0.340169174368563,0.203570769044284,0.040312563881364,0.207062179933639,0.195225886551043
0.419249091057944,0.335685957160828,0.198069742992787,0.03529111410219,0.202978288221486,0.190206672877152
0.414777769531444,0.33112419083407,0.192480404945054,0.0301892372519482,0.198811790765396,0.1851010522368
0.410224781975488,0.32648447185086,0.186803162627211,0.025007134298488,0.194562983230688,0.179909517290551
0.405590733656172,0.321767401975821,0.181038422434451,0.0197450024344793,0.190232161218732,0.174632564327859
0.400876234962497,0.316973587875695,0.175186589054307,0.0144030346634255,0.185819619898015,0.169270692913444
0.396081900995923,0.312103640745465,0.169248065109745,0.00898141940156323,0.181325653653623,0.163824405554499
0.391208351187862,0.307158175962541,0.163223250823868,0.00348034009738307,0.17675055575703,0.158294207390762
0.38625620894699,0.302137812770799,0.15711254370781,-0.00210002512970731,0.172094618057904,0.152680605909279
0.381226101338413,0.297043173996562,0.150916338273692,-0.00775950382964859,0.167358130699962,0.146984110685973
0.376118658796857,0.291874885798635,0.144635025774702,-0.0134979295389856,0.162541381862969,0.141205233156289
0.370934514875981,0.286633577454525,0.138268993974285,-0.0193151420730222,0.157644657533061,0.135344486417118
0.365674306036151,0.281319881185215,0.131818626946818,-0.0252109877905753,0.152668241303755,0.129402385062573
0.360338671473139,0.27593443202095,0.125284304912288,-0.0311853198287525,0.147612414210286,0.12337944505628
0.354928252990141,0.270477867710536,0.118666404107509,-0.0372379983051881,0.14247745459983,0.117276183642918
0.349443694915977,0.264950828677022,0.111965296696979,-0.0433688904846477,0.137263638040699,0.111093119302178
0.343885644072118,0.259353958022527,0.105181350726338,-0.0495778709068903,0.131971237273516,0.104830771748263
0.338254749791667,0.253687901585408,0.0983149301219612,-0.0558648214722909,0.126600522207807,0.0984896619784741
0.332551663993464,0.247953308053077,0.0913663947403997,-0.0622296314813242,0.121151759967684,0.0920703123746933
0.326777041314673,0.242150829133915,0.0843361004716557,-0.0686721976238942,0.115625214990448,0.0855732468616724
0.320931539305482,0.236281119792113,0.0772243994006907,-0.0751924239138975,0.110021149182422,0.0789989911265573
0.315015818689883,0.230344838549519,0.0700316400320571,-0.0817902215640489,0.104339822136592,0.0723480729043625
0.309030543696494,0.224342647858689,0.0627581675826656,-0.0884655087956872,0.098581491416929,0.0656210223343308
0.302976382464063,0.218275214551955,0.0554043243485753,-0.0952182105775027,0.0927464129148522,0.0588183723927872
0.296854007526246,0.212143210371357,0.0479704501518202,-0.102048258286891,0.0868348412835027,0.051940659408239
0.290664096380797,0.205947312584832,0.0404568828740329,-0.108955589286815,0.080847030456163,0.0449884236651433
0.284407332148719,0.199688204694479,0.0328639590843163,-0.115940146410442,0.0747832342556193,0.0379622101032643
0.278084404329113,0.193366577242967,0.0251920147691601,-0.12300187734523,0.0686437071017531,0.0308625691199542
0.27169600965611,0.186983128724789,0.0174413861732334,-0.13014073390723,0.0624287048253355,0.0236900574834285
0.265242853064662,0.180538566609544,0.0096124107605465,-0.137356671195444,0.0561384855967361,0.0164452393657949
0.258725648772379,0.174033608484801,0.00170542830619885,-0.144649646615434,0.0497733109787281,0.00912868750507006
0.252145121485342,0.167468983326956,-0.00627921786986413,-0.15201961875992,0.0433334471137165,0.00174098450652617
0.245502007736186,0.160845432908815,-0.0143411795149391,-0.159466546133377,0.0368191660562039,-0.00571727570581065
0.23879705736348,0.154163713353505,-0.0224801018881024,-0.16699038570616,0.0302307472624795,-0.0132454862755599
0.232031035142193,0.147424596845007,-0.0306956220225173,-0.174591091282338,0.0235684792504797,-0.0208430256253863
0.225204722575488,0.140628873506228,-0.0389873667897853,-0.182268611664112,0.0168326614437092,-0.0285092554796276
0.218318919859108,0.133777353456489,-0.0473549507489733,-0.190022888593871,0.0100236062144526,-0.0362435186830732
0.211374448030376,0.126870869061211,-0.0557979737613823,-0.197853854453208,0.00314164114276913,-0.0440451367995953
0.204372151314538,0.119910277387268,-0.0643160183507293,-0.205761429696395,-0.00381288849103412,-0.0519134074732435
0.197312899682424,0.112896462878863,-0.0729086467861173,-0.21374551999343,-0.0108396169609839,-0.0598476015326449
0.190197591634089,0.105830340269451,-0.0815753978636541,-0.221806013055683,-0.0179381550762371,-0.0678469598183821
0.183027157224351,0.0987128577466408,-0.0903157833600755,-0.229942775114465,-0.0251080868654007,-0.0759106897111407
0.175802561347291,0.0915450003881679,-0.0991292841294219,-0.238155647019927,-0.0323489659396911,-0.084037961336669
0.168524807297803,0.0843277938881819,-0.108015345811442,-0.246444439924912,-0.0396603115084428,-0.0922279034218559
0.161194940629762,0.0770623085946154,-0.116973374117374,-0.254808930514706,-0.0470416040180791,-0.100479598774008
0.153814053331682,0.0697496638798386,-0.126002729655785,-0.263248855740017,-0.0544922803832384,-0.108792079353211
0.146383288342041,0.0623910328681715,-0.135102722258033,-0.27176390700666,-0.0620117287764774,-0.11716432090554
0.138903844428236,0.0549876475457367,-0.144272604759039,-0.280353723770599,-0.0695992829397661,-0.125595237121991
0.131376981454448,0.0475408042795435,-0.153511566185495,-0.28901788648256,-0.0772542159784599,-0.134083673285667
0.123804026065576,0.0400518697747116,-0.16281872429931,-0.297755908820859,-0.0849757335949374,-0.142628399366668
0.116186377816196,0.0325222875006137,-0.172193117439465,-0.306567229145317,-0.0927629667157452,-0.151228102521041
0.108525515775167,0.0249535846185603,-0.181633695600866,-0.315451201098981,-0.100614963462541,-0.159881378947085
0.100823005638643,0.0173473794458667,-0.191139310683277,-0.324407083277321,-0.108530680413112,-0.168586725048674
0.0930805073862741,0.00970538949331394,-0.200708705837751,-0.333434027877016,-0.116508973094488,-0.177342527851555
0.0852997835172446,0.00202944011503083,-0.210340503832232,-0.342531068228581,-0.124548585646059,-0.186147054615031
0.0774827079053572,-0.00567852618754183,-0.220033194350997,-0.351697105107841,-0.132648139585507,-0.194998441576938
0.0696312753141697,-0.0134164397639389,-0.229785120136245,-0.360930891712029,-0.140806121605808,-0.203894681766042
0.0617476116157549,-0.0211820930689264,-0.239594461872418,-0.370231017175833,-0.149020870326162,-0.212833611811317
0.0538339847589057,-0.0289731291240342,-0.249459221706122,-0.37959588849145,-0.157290561914288,-0.221812897673029
0.0458928165347158,-0.0367870291354781,-0.259377205286616,-0.389023710685196,-0.165613194492144,-0.230830019216141
0.0379266951899403,-0.0446210992150094,-0.269346002203045,-0.398512465090214,-0.173986571231146,-0.239882253541636
0.0299383889407571,-0.0524724561479863,-0.279362964685825,-0.408059885541484,-0.182408282037179,-0.248966656986618
0.0219308604414094,-0.0603380121510101,-0.289425184430826,-0.417663432305477,-0.190875683719986,-0.258080045699742
0.0139072822645768,-0.0682144585591768,-0.299529467395474,-0.427320263541706,-0.199385878535397,-0.267218974693579
0.0058710534516928,-0.0760982483816309,-0.309672306407241,-0.437027204078741,-0.207935690983666,-0.276379715271815
-0.00217418280685401,-0.0839855776625344,-0.319849851416021,-0.44678071127166,-0.216521642741626,-0.28555823072514
-0.0102245203005734,-0.0918723655836487,-0.330057877213569,-0.456576837692787,-0.225139925601821,-0.294750150186591
-0.0182757696752626,-0.0997542332445246,-0.340291748436192,-0.466411190392976,-0.233786372288006,-0.303950740535034
-0.0263234369951406,-0.107626481056484,-0.350546381660573,-0.476278886457084,-0.242456425013551,-0.313154876234115
-0.0343627009295349,-0.115484064687699,-0.360816204398508,-0.48617450456533,-0.251145101647906,-0.322357006994222
-0.0423883885046924,-0.123321569499151,-0.371095110795144,-0.49609203226364,-0.259846959357348,-0.331551123147452
-0.0503949493634262,-0.131133183414337,-0.381376413836568,-0.506024808640516,-0.268556055588818,-0.340730718629398
-0.0583764284794281,-0.138912668170822,-0.391652793879434,-0.515965462108858,-0.2772659062724,-0.349888751469287
-0.0663264372781189,-0.14665332890824,-0.40191624332683,-0.525905842998653,-0.285969441127831,-0.359017601700265
-0.0742381231228405,-0.154347982055975,-0.412158007293647,-0.535836950683887,-0.294658955975213,-0.368109026616415
-0.0821041371343394,-0.161988921495049,-0.422368520132733,-0.545748854997271,-0.303326061971044,-0.377154113323045
-0.0899166003225914,-0.169567882982325,-0.432537337731631,-0.55563061173207,-0.311961631717919,-0.386143228552187
-0.097667068023901,-0.177076006842039,-0.442653065541574,-0.565470172096344,-0.320555742232122,-0.395065965747824
-0.105346492653404,-0.184503798950347,-0.452703282368536,-0.575254286076149,-0.329097614799159,-0.403911089466251
-0.112945184802983,-0.191841090062611,-0.462674460042342,-0.584968399785171,-0.337575551803746,-0.41266647718652
-0.1204527727391,-0.199076993562323,-0.472551879189184,-0.594596547037069,-0.345976870691245,-0.421319058686855
-0.127858160383016,-0.206199861743963,-0.482319541467011,-0.604121235578638,-0.354287835302199,-0.429854753215136
-0.13514948388862,-0.21319724078101,-0.491960078787155,-0.613523328675471,-0.362493584923299,-0.438258404767251
-0.142314066970918,-0.220055824574958,-0.501454660242085,-0.622781923054807,-0.370578061518518,-0.446513715887421
-0.149338375180781,-0.226761407731377,-0.510782897691419,-0.631874224589072,-0.378523935744021,-0.454603180519968
-0.156207969369608,-0.233298837965427,-0.519922751228745,-0.640775423555609,-0.386312532511751,-0.462508016573588
-0.162907458641211,-0.239651968301701,-0.528850436061902,-0.649458571836769,-0.393923757049595,-0.470208099007255
-0.16942045314652,-0.245803609501057,-0.537540332687073,-0.657894465029606,-0.401336022609459,-0.477681894409989
-0.175729517140508,-0.251735483220412,-0.545964902620349,-0.666051533111522,-0.408526181198069,-0.484906398224536
-0.181816122788135,-0.257428176488595,-0.554094612360308,-0.673895744042623,-0.415469458943913,-0.491857075953456
-0.187660605276894,-0.262861098161288,-0.561897868680448,-0.681390525453529,-0.422139397962604,-0.498507809881638
-0.193242119865961,-0.268012438098806,-0.569340968772561,-0.688496710330868,-0.428507806833663,-0.504830853045203
-0.198538601573701,-0.272859129889063,-0.576388069155781,-0.695172513316404,-0.434544722042193,-0.51079679236435
-0.203526728274042,-0.277376818011332,-0.583001177598342,-0.701373544806847,-0.440218382954638,-0.51637452302611
-0.208181888034794,-0.28153983040043,-0.589140172529311,-0.707052870387591,-0.445495223069919,-0.521531236338709
-0.212478151582642,-0.285321157420015,-0.594762854495954,-0.712161123144388,-0.450339880392548,-0.526232423365196
-0.216388250816518,-0.288692438282921,-0.599825034096118,-0.716646675952185,-0.454715229788072,-0.530441896662733
-0.219883564306868,-0.291623955958455,-0.604280660425709,-0.720455879816439,-0.458582440074159,-0.53412183238395
-0.222934110707533,-0.294084641574693,-0.60808199337576,-0.723533372631478,-0.461901058344813,-0.537232834817856
-0.225508550962627,-0.296042089250479,-0.611179822046902,-0.72582246025047,-0.46462912359331,-0.539734025139616
-0.227574200105911,-0.297462582169096,-0.613523730094592,-0.727265568518766,-0.466723311068842,-0.541583155683221
-0.229097049317944,-0.298311130526675,-0.615062406978397,-0.727804760980155,-0.468139107959194,-0.542736750437088
-0.230041798720271,-0.29855152174694,-0.615744001901528,-0.727382312501665,-0.468831019935699,-0.543150271685196
-0.230371901140053,-0.298146383044829,-0.615516514775621,-0.725941324369493,-0.468752806842232,-0.542778311781383
-0.230049616769045,-0.297057256042808,-0.614328215961729,-0.723426361885859,-0.467857744392663,-0.541574807971408
-0.229374209869018,-0.295596101311374,-0.612610168948586,-0.720330771479184,-0.466525484551989,-0.53991459630994
-0.228674220608464,-0.294104794738934,-0.610833036267149,-0.717190208947337,-0.465171563318547,-0.538208003333221
-0.227948638190892,-0.292582409281538,-0.608995926561615,-0.714003930873042,-0.463794896663698,-0.536453964410602
-0.227196466932585,-0.291028036494142,-0.607097991394688,-0.710771236663466,-0.462394422697207,-0.534651444761648
-0.226416730005303,-0.289440790365478,-0.605138430290359,-0.707491473801964,-0.460969106333176,-0.532799444154605
-0.225608469807463,-0.287819807643109,-0.603116490914893,-0.704164037586924,-0.459517939691982,-0.53089699738567
-0.224770748329562,-0.286164248148267,-0.601031469204564,-0.700788370820567,-0.458039942488847,-0.528943174736629
-0.223902647513149,-0.284473295079797,-0.59888270943943,-0.697363963447955,-0.456534162407619,-0.526937082409448
-0.223003269602683,-0.282746155306501,-0.596669604262756,-0.693890352146887,-0.454999675458518,-0.524877862936497
-0.222071737489602,-0.280982059647251,-0.594391594645796,-0.69036711986943,-0.453435586318603,-0.522764695565139
-0.221107195047965,-0.279180263138224,-0.592048169797948,-0.686793895336079,-0.451841028653731,-0.520596796615463
-0.220108807461016,-0.277340045286655,-0.589638867022432,-0.683170352483837,-0.45021516542095,-0.518373419810064
-0.219075761538029,-0.27546071031052,-0.587163271517865,-0.679496209869508,-0.448557189150217,-0.516093856574788
-0.218007266020838,-0.273541587363595,-0.584621016126323,-0.675771230029851,-0.44686632220449,-0.513757436309471
-0.216902551879445,-0.271582030745392,-0.582011781028646,-0.671995218800304,-0.445141817017257,-0.511363526627824
-0.215760872596124,-0.26958142009544,-0.579335293387937,-0.668168024594141,-0.443382956306705,-0.508911533565611
-0.214581504437465,-0.267539160571478,-0.576591326942362,-0.664289537644073,-0.441589053265715,-0.506400901756443
-0.213363746713824,-0.265454683011154,-0.573779701548586,-0.660359689208454,-0.43975945172707,-0.503831114574579
-0.212106922025652,-0.263327444076787,-0.57090028267724,-0.656378450744257,-0.43789352630324,-0.501201694244173
-0.210810376496245,-0.261156926382924,-0.567952980862071,-0.652345833049197,-0.435990682500263,-0.498512201914601
-0.209473479990415,-0.258942638606302,-0.564937751104478,-0.64826188537534,-0.434050356805311,-0.495762237701492
-0.208095626318675,-0.256684115578007,-0.561854592235283,-0.644126694516636,-0.432072016747567,-0.492951440693256
-0.20667623342653,-0.254380918357562,-0.558703546235764,-0.63994038387292,-0.43005516093224,-0.490079488922996
-0.205214743568515,-0.252032634288796,-0.555484697519972,-0.635703112492818,-0.427999319047503,-0.48714609930576
-0.203710623466595,-0.249638877037285,-0.552198172180503,-0.63141507409809,-0.425904051844323,-0.484151027541172
-0.2021633644527,-0.247199286609355,-0.54884413720002,-0.62707649609202,-0.423768951089206,-0.481094067981708
-0.200572482595039,-0.244713529352491,-0.545422799630726,-0.622687638554217,-0.421593639489936,-0.477975053466744
-0.19893751880802,-0.24218129793721,-0.541934405744265,-0.618248793224467,-0.419377770594551,-0.47479385512286
-0.197258038945559,-0.239602311320388,-0.53837924015434,-0.61376028247798,-0.417121028663774,-0.471550382130782
-0.195533633877586,-0.236976314690096,-0.534757624914514,-0.609222458294459,-0.414823128517316,-0.468244581459481
-0.193763919549684,-0.234303079392124,-0.531069918593657,-0.604635701223411,-0.412483815354435,-0.464876437568154
-0.191948537025712,-0.23158240283825,-0.5273165153314,-0.600000419347884,-0.410102864549297,-0.461445972076669
-0.190087152513396,-0.228814108396532,-0.52349784387609,-0.595317047248886,-0.407680081421677,-0.457953243405346
-0.188179457372883,-0.225998045263813,-0.519614366607655,-0.590586044972688,-0.40521530098373,-0.454398346384923
-0.186225168108246,-0.223134088320713,-0.515666578547704,-0.585807897002907,-0.402708387663421,-0.450781411837591
-0.184224026342059,-0.220222137969458,-0.511655006359292,-0.580983111239503,-0.400159235005525,-0.447102606130169
-0.182175798773092,-0.217262119954845,-0.507580207338585,-0.576112217986409,-0.397567765350906,-0.443362130700414
-0.180080277117286,-0.214253985168744,-0.503442768400682,-0.571195768949631,-0.394933929495027,-0.439560221557597
-0.177937278032207,-0.211197709438591,-0.499243305061836,-0.566234336247497,-0.392257706326608,-0.435697148758556
-0.175746643025131,-0.208093293300273,-0.494982460420112,-0.561228511434532,-0.389539102447353,-0.431773215860365
-0.173508238345058,-0.204940761755898,-0.490660904136563,-0.556178904540493,-0.386778151773814,-0.427788759350906
-0.171221954858918,-0.201740164016997,-0.486279331418934,-0.551086143125891,-0.383974915122386,-0.423744148058662
-0.168887707912247,-0.19849157323364,-0.481838462009673,-0.545950871355192,-0.381129479778511,-0.419639782542973
-0.16650543717474,-0.195195086210083,-0.477339039180178,-0.54077374908893,-0.378241959051177,-0.415476094466179
-0.164075106470985,-0.191850823107479,-0.472781828732871,-0.535555450995662,-0.375312491813825,-0.411253545948931
-0.161596703596815,-0.188458927134302,-0.468167618012771,-0.530296665684734,-0.372341242032742,-0.406972628910108
-0.159070240121713,-0.185019564225097,-0.463497214930117,-0.524998094860752,-0.369328398284138,-0.40263386439269
-0.156495751177684,-0.181532922708178,-0.458771446995401,-0.519660452500372,-0.366274173260961,-0.398237801876979
-0.153873295235114,-0.177999212962965,-0.453991160368174,-0.514284464052093,-0.363178803270601,-0.393785018582544
-0.151202953866089,-0.174418667067605,-0.449157218920914,-0.508870865659673,-0.360042547724675,-0.389276118760319
-0.148484831495686,-0.170791538437565,-0.444270503318987,-0.503420403409461,-0.356865688621862,-0.384711732976127
-0.145719055141808,-0.167118101455886,-0.439331910117885,-0.49793383260218,-0.353648530025064,-0.380092517387112
-0.14290577414408,-0.163398651095802,-0.43434235087857,-0.492411917049313,-0.350391397533827,-0.375419153012308
-0.140045159882378,-0.159633502536377,-0.429302751301868,-0.486855428394376,-0.347094637753185,-0.370692344998705
-0.137137405485618,-0.155822990771949,-0.424214050382698,-0.481265145459209,-0.34375861775994,-0.365912821884133
-0.134182725531329,-0.151967470215984,-0.419077199584749,-0.475641853615316,-0.340383724567388,-0.36108133485817
-0.131181355736655,-0.148067314300084,-0.413893162036283,-0.469986344180241,-0.336970364589476,-0.356198657022315
-0.128133552641411,-0.144122915068892,-0.408662911747591,-0.464299413839016,-0.333518963105393,-0.351265582650696
-0.125039593283727,-0.140134682771446,-0.403387432850451,-0.4585818640904,-0.330029963725451,-0.346282926452322
-0.121899774869026,-0.136103045449849,-0.39806771886012,-0.452834500717905,-0.32650382785921,-0.341251522836176
-0.118714414432823,-0.132028448525753,-0.392704771960009,-0.447058133285251,-0.322941034186672,-0.336172225180083
-0.115483848498046,-0.127911354385423,-0.387299602309325,-0.441253574656023,-0.319342078133322,-0.331045905104442
-0.112208432727495,-0.123752241964016,-0.38185322737392,-0.435421640537286,-0.315707471349905,-0.325873451751861
-0.108888541572012,-0.119551606329692,-0.376366671280323,-0.429563149046696,-0.312037741197525,-0.320655771073547
-0.105524567914994,-0.115309958268157,-0.370840964193065,-0.423678920302775,-0.308333430238885,-0.315393785123399
-0.10211692271389,-0.111027823868336,-0.365277141715348,-0.417769776037991,-0.304595095736259,-0.31008843136069
-0.098666034639188,-0.106705744109622,-0.359676244312838,-0.411836539234054,-0.3008233091568,-0.304740661962044
-0.0951723497115936,-0.102344274451433,-0.354039316760675,-0.405880033779148,-0.297018655685811,-0.299351443143573
-0.091636330937874,-0.0979439844254917,-0.34836740761338,-0.399901084146433,-0.293181733748422,-0.293921754493799
-0.0880584579459792,-0.0935054572314166,-0.342661568697535,-0.393900515093404,-0.289313154540226,-0.288452588318027
-0.0844392266200145,-0.0890292893361794,-0.336922854627042,-0.387879151381598,-0.285413541567274,-0.282944948994856
-0.0807791487355458,-0.0845160900778245,-0.331152322340617,-0.381837817516036,-0.281483530195874,-0.277399852345278
-0.0770787515957881,-0.0799664812739816,-0.325351030661254,-0.375777337503881,-0.277523767212455,-0.271818325014931
-0.0733385776692132,-0.0753810968356238,-0.319520039877387,-0.369698534631821,-0.273534910393981,-0.266201403870022
-0.0695591842289955,-0.0707605823864392,-0.313660411345268,-0.363602231261466,-0.269517628089004,-0.260550135407225
-0.0657411429948405,-0.0661055948882769,-0.307773207112342,-0.357489248642358,-0.265472598809764,-0.254865575178058
-0.0618850397776086,-0.0614168022730063,-0.301859489561086,-0.35136040674187,-0.26140051083543,-0.24914878722797
-0.0579914741271561,-0.0566948830811418,-0.295920321072953,-0.345216524091495,-0.257302061826683,-0.243400843550457
-0.0540610589838682,-0.0519405261076049,-0.289956763712028,-0.33905841764898,-0.253177958451835,-0.237622823556514
-0.0500944203342173,-0.0471544300548773,-0.283969878927862,-0.332886902675635,-0.249028916024471,-0.231815813559525
-0.0460921968707337,-0.0423373031938396,-0.277960727277064,-0.326702792628301,-0.244855658152771,-0.225980906275814
-0.0420550396567993,-0.0374898630326154,-0.271930368163232,-0.320506899065447,-0.24065891640053,-0.220119200341029
-0.0379836117964963,-0.0326128359935443,-0.265879859594631,-0.314300031566735,-0.23643942995985,-0.21423179984232
-0.0338785881099371,-0.0277069570986289,-0.259810257959257,-0.308082997665588,-0.232197945335525,-0.208319813866537
-0.0297406548142733,-0.0227729696635282,-0.253722617816688,-0.301856602794155,-0.227935216041048,-0.202384356064311
-0.0255705092107024,-0.0178116250003418,-0.247617991706279,-0.295621650240116,-0.223652002306158,-0.196426544230103
-0.0213688593777273,-0.0128236821293227,-0.241497429971228,-0.289378941114878,-0.219349070795864,-0.190447499898168
-0.0171364238708664,-0.00780990749961451,-0.235361980597939,-0.283129274332517,-0.215027194340793,-0.18444834795433
-0.012873931429029,-0.00277107471912293,-0.229212689070221,-0.276873446598994,-0.210687151678699,-0.178430216263465
-0.00858212068779104,0.00229203570632877,-0.223050598237865,-0.270612252411216,-0.206329727207075,-0.172394235312646
-0.00426173989964369,0.00737863662462075,-0.216876748198982,-0.264346484065247,-0.20195571074651,-0.16634153786966
8.64533385341593e-05,0.0124879344795495,-0.210692176195744,-0.258076931673396,-0.197565897314789,-0.160273258656854
0.00446169235073011,0.0176191295437122,-0.204497916522931,-0.251804383189548,-0.193161086911357,-0.154190534040038
0.00886320163966507,0.0227714161420336,-0.198295000448789,-0.245529624442281,-0.188742084311997,-0.148094501732186
0.0132901971371117,0.0279439828658705,-0.19208445614783,-0.239253439175415,-0.184309698873487,-0.141986300511839
0.01774188644671,0.0331360127778382,-0.185867308644926,-0.232976609095403,-0.179864744347926,-0.13586706995577
0.0222174690791559,0.0383466836073446,-0.179644579770305,-0.226699913925169,-0.175408038706471,-0.129737950185727
0.0267161366797234,0.0435751679368458,-0.173417288125027,-0.220424131464034,-0.170940403972256,-0.123600081629011
0.0312370732481929,0.0488206333790316,-0.167186449056299,-0.214150037653156,-0.166462666062121,-0.117454604792403
0.0357794553510649,0.0540822427448736,-0.160953074642384,-0.207878406646234,-0.161975654636917,-0.111302660049328
0.0403424523262004,0.0593591542027802,-0.154718173686453,-0.201610010884938,-0.157480202960048,-0.105145387439743
0.0449252264798684,0.064650521428918,-0.14848275171901,-0.195345621178716,-0.152977147763902,-0.0989839264824627
0.0495269332762301,0.0699554937488034,-0.142247811008508,-0.189086006788657,-0.148467329123948,-0.092819415999612
0.054146721519393,0.0752732162703811,-0.136014350579566,-0.18283193551491,-0.143951590340052,-0.0866529939527286
0.0587837335281016,0.0806028300087399,-0.129783366238456,-0.176584173787356,-0.139430777824745,-0.080485797290166
0.0634371053030999,0.0859434720025488,-0.123555850605444,-0.170343486759224,-0.134905740998127,-0.0743189618054932
0.0681059666874096,0.091294275422553,-0.117332793153455,-0.164110638403153,-0.130377332188968,-0.0681536220063098
0.0727894415195131,0.0966543696721654,-0.111115180252773,-0.157886391609523,-0.125846406541801,-0.0619909109932597
0.0774866477796894,0.102022880480488,-0.10490399522127,-0.151671508286582,-0.121313821929515,-0.0558319603486741
0.0821966977296256,0.107398929987919,-0.0987002183797765,-0.145466749462092,-0.116780438871216,-0.0496779000344994
0.0869186980454252,0.112781636824548,-0.0925048271122596,-0.139272875386213,-0.112247120454938,-0.0435298582990936
0.0916517499442823,0.118170116181654,-0.0863187959303047,-0.133090645635213,-0.107714732264883,-0.0373889615923925
0.0963949493049584,0.123563479876504,-0.0801430965415747,-0.126920819215753,-0.103184142312795,-0.0312563344890506
0.101147386782249,0.128960836410668,-0.0739786979218942,-0.120764154669467,-0.098656220973215,-0.0251330996191552
0.105908147915737,0.134361291022233,-0.0678265663904552,-0.114621410177432,-0.0941318409221081,-0.0190203776059531
0.110676313232953,0.139763945732035,-0.061687665687935,-0.108493343664388,-0.0896118770786908,-0.0129192870102971
0.115450958347278,0.145167899384332,-0.0555629570570021,-0.102380712902259,-0.0850972065499536,-0.00683094428122206
0.120231154050779,0.150572247682114,-0.0494533993249223,-0.096284275612784,-0.0805887085776026,-0.00075646371227675
0.125015966402233,0.155976083217367,-0.0433599489879118,-0.0902047895690063,-0.0760872644871063,0.00530304259682692
0.129804456810649,0.16137849549661,-0.0372835602968286,-0.0841430126952337,-0.0715937576383958,0.0113464647737614
0.134595682114538,0.166778570962031,-0.0312251853438506,-0.078099703165283,-0.0671090733779706,0.0173726952027558
0.139388694657182,0.172175393008447,-0.0251857741498736,-0.0720756194987636,-0.0626340989920301,0.0233806285497867
0.144182542358286,0.177568041996562,-0.0191662747521278,-0.066071520655017,-0.058169723660279,0.0293691617843622
0.148976268782208,0.182955595262686,-0.0131676332918304,-0.0600881661246101,-0.0537168384100948,0.0353371941982158
0.153768913203164,0.188337127125395,-0.0071907941014152,-0.0541263160179967,-0.0492763360707152,0.0412836274214666
0.158559510667704,0.193711708889401,-0.0012366997910169,-0.0481867311511294,-0.0448491112270823,0.0472073654366664
0.163347092054718,0.199078408846949,0.00469370866603502,-0.0422701731278468,-0.0404360601730888,0.0531073145911141
0.168130684133425,0.204436292277198,0.0105994918491804,-0.0363774044186691,-0.0360380808638322,0.0589823836079948
0.17290930961961,0.20978442144387,0.016479711808313,-0.0305091884358109,-0.0316560728665602,0.064831483596732
0.177681987230419,0.21512185559151,0.0223334319834667,-0.0246662896042358,-0.0272909373100871,0.0706535280629323
0.182447731738198,0.22044765094084,0.0281597171269671,-0.0188494734283577,-0.0229435768322022,0.0764474329185148
0.187205554023583,0.225760860683439,0.0339576332282105,-0.0130595065543295,-0.018614895524949,0.0822121164922708
0.191954461128323,0.231060534976251,0.0397262474415187,-0.00729715682754621,-0.0143057988773168,0.0879464995414439
0.196693456308159,0.23634572093626,0.0454646280173515,-0.00156319334518032,-0.0100171937151404,0.0936495052646799
0.201421539086124,0.241615462635686,0.0511718442371327,0.00414161349643111,-0.00574998813790359,0.0993200593167386
0.206137705306679,0.246868801098173,0.0568469663521058,0.00981649195985913,-0.00150509145212115,0.104957089825462
0.210840947191074,0.252104774296336,0.0624890655264791,0.0154606689303043,0.00271658589894193,0.11055952741137
0.215530253394274,0.257322417151025,0.0680972137851277,0.0210733698851375,0.0069141324094834,0.116126305210235
0.22020460906393,0.262520761532824,0.0736704839662765,0.0266538188695797,0.0110866355896177,0.121656358899155
0.224862995901699,0.26769883626607,0.0792079496793283,0.0322012384786292,0.0152331820482727,0.127148626726373
0.229504392227407,0.272855667135916,0.0847086852682462,0.0377148498455212,0.0193528575808193,0.132602049545338
0.234127773046418,0.277990276898815,0.0901717657807573,0.043193872636919,0.023444747261694,0.138015570853342
0.238732110120573,0.283101685296802,0.0955962669436135,0.0486375250549704,0.0275079355421635,0.143388136835044
0.243316372043228,0.288188909076113,0.100981265144311,0.0540450238465467,0.0315415063535845,0.148718696411365
0.247879524318664,0.293250962010429,0.106325837419433,0.0594155843197345,0.0355445432162455,0.154006201293936
0.25242052944639,0.298286854929301,0.111629061449998,0.0647484203678682,0.0395161293541021,0.159249606045587
0.25693834701071,0.303295595752114,0.116890015564043,0.070042744501254,0.0434553478155579,0.164447868147126
0.261431933775932,0.308276189528017,0.122107778746687,0.0752977678867116,0.0473612816004446,0.169599948070686
0.265900243787699,0.313227638482301,0.127281430658002,0.080512700395209,0.051233013793455,0.174704809360033
0.270342228480815,0.318148942069627,0.132410051658921,0.0856867506576855,0.0550696277041271,0.17976141871806
0.274756836793937,0.323039097034493,0.137492722845397,0.0908191261292114,0.0588702070135442,0.184768746101722
0.279143015291631,0.327897097479475,0.142528526091145,0.0959090331617136,0.0626338359279196,0.189725764824751
0.283499708294064,0.332721934941534,0.147516544099097,0.100955677085307,0.0663595993391417,0.194631451668279
0.287825858014844,0.337512598476918,0.152455860461894,0.105958262298464,0.070046582992425,0.199484786999711
0.292120404707329,0.342268074755043,0.157345559731581,0.110915992367089,0.0736938736611703,0.204284754899978
0.296382286819767,0.346987348161711,0.162184727498704,0.115828070132606,0.0773005593290531,0.209030343299365
0.300610441159696,0.351669400912163,0.166972450481052,0.120693697829221,0.0808657293794786,0.213720544122126
0.304803803067933,0.356313213174318,0.171707816622196,0.125512077210404,0.0843884747924276,0.218354353440025
0.308961306602463,0.360917763202539,0.176389915199982,0.130282409684661,0.0878678883486685,0.222930771634867
0.313081884732654,0.365482027482426,0.181017836945204,0.135003896460735,0.0913030648414506,0.227448803570253
0.317164469544015,0.370004980886871,0.185590674170517,0.139675738702198,0.0946931012955684,0.23190745877251
0.321207992453886,0.374485596843821,0.190107520909782,0.144297137691549,0.0980370971938433,0.23630575162096
0.325211384438323,0.378922847516088,0.194567473067959,0.148867295003823,0.101334154710965,0.240642701547529
0.329173576270418,0.383315703993427,0.198969628581567,0.15338541268967,0.104583378954579,0.244917333245682
0.333093498770351,0.387663136497354,0.203313087589905,0.157850693467993,0.107783878213607,0.249128676888719
0.336970083067413,0.391964114598871,0.207596952617022,0.162262340928047,0.110934764213654,0.253275768357388
0.340802260874124,0.396217607449384,0.211820328764455,0.166619559740951,0.114035152379355,0.257357649476685
0.344588964772758,0.400422584025145,0.215982323914864,0.170921555880646,0.11708416210358,0.261373368261861
0.348329128514301,0.404578013385306,0.220082048946411,0.175167536854072,0.120080917023228,0.265321979173381
0.352021687330081,0.40868286494392,0.224118617957999,0.179356711940611,0.123024545301505,0.2692025433808
0.355665578256103,0.412736108755972,0.228091148505238,0.183488292440577,0.125914179916421,0.273014129035303
0.359259740470167,0.41673671581759,0.231998761847084,0.187561491932628,0.128748958955259,0.276755811550712
0.362803115641831,0.420683658380595,0.235840583203065,0.191575526539964,0.131528025914773,0.280426673892728
0.366294648295209,0.424575910281424,0.239615742020988,0.195529615205118,0.134250530006827,0.284025806876135
0.369733286184532,0.428412447284455,0.243323372254888,0.199422979973063,0.136915626469129,0.287552309469625
0.373117980682471,0.432192247439807,0.246962612653181,0.203254846282512,0.13952247688077,0.291005289107975
0.376447687181035,0.4359142914555,0.250532607056672,0.207024443265039,0.142070249482169,0.294383862011125
0.379721365504935,0.439577563083952,0.254032504706265,0.210731004051804,0.144558119499057,0.297687153509819
0.382937980337224,0.443181049522706,0.257461460560112,0.214373766087579,0.146985269470114,0.300914298377365
0.386096501656924,0.446723741829159,0.260818635619829,0.217951971451656,0.149350889577778,0.304064441167013
0.389195905188413,0.450204635349171,0.264103197265528,0.221464867185384,0.151654177981824,0.307136736554508
0.392235172862212,0.453622730159259,0.267314319599288,0.224911705625888,0.153894341155227,0.310130349685277
0.395213293286785,0.456977031522054,0.270451183796621,0.228291744745538,0.156070594221784,0.313044456525662
0.398129262230967,0.460266550354734,0.273512978465605,0.231604248496808,0.158182161295036,0.315878244217686
0.400982083116493,0.463490303709947,0.27649890001312,0.234848487161967,0.160228275817897,0.318630911436663
0.403770767520144,0.466647315268852,0.279408153017806,0.238023737707195,0.162208180902479,0.321301668751082
0.406494335684946,0.469736615845724,0.282239950609154,0.241129284140569,0.164121129669534,0.323889738984067
0.40915181703974,0.472757243903552,0.284993514852199,0.244164417873374,0.165966385586891,0.326394357575721
0.411742250726533,0.475708246080059,0.287668077137258,0.247128438084225,0.167743222806345,0.328814772945661
0.414264686134851,0.47858867772345,0.290262878574089,0.250020652085368,0.169450926498338,0.331150246855025
0.416718183442349,0.481397603437146,0.292777170389814,0.252840375690576,0.171088793183805,0.333400054767147
0.419101814160863,0.484134097632773,0.295210214329984,0.255586933584035,0.172656131062571,0.3355634862062
0.421414661687028,0.486797245090534,0.297561283062046,0.25825965968952,0.174152260337617,0.33763984511296
0.423655821856576,0.489386141526101,0.299829660580531,0.260857897539263,0.175576513534587,0.339628450196944
0.425824403501348,0.491899894163109,0.302014642613202,0.263381000641796,0.176928235815854,0.341528635284082
0.427919529008013,0.494337622310205,0.30411553702738,0.265828332848054,0.178206785288477,0.343339749659105
0.429940334877494,0.496698457941708,0.3061316642357,0.268199268715076,0.179411533305389,0.345061158401848
0.431885972284013,0.498981546280732,0.308062357600454,0.270493193866555,0.180541864759144,0.346692242716617
0.43375560763263,0.501186046383666,0.309906963835701,0.272709505349481,0.181597178367538,0.348232400253792
0.435548423114192,0.503311131724871,0.311664843406334,0.274847611986189,0.182576886950471,0.349681045422858
0.437263617256454,0.50535599078035,0.313335370923198,0.276906934721004,0.183480417697349,0.351037609696008
0.438900405470256,0.507319827609181,0.314917935533438,0.278886906960768,0.18430721242441,0.352301541901536
0.440458020589495,0.509201862431449,0.316411941305204,0.280786974908494,0.185056727821321,0.353472308506186
0.441935713403676,0.511001332201328,0.317816807605787,0.28260659788935,0.1857284356864,0.354549393885673
0.443332753181815,0.512717491174061,0.319131969472365,0.284345248668263,0.18632182314987,0.355532300582603
0.444648428186422,0.514349611465445,0.320356877974448,0.286002413758385,0.186836392884539,0.356420549551022
0.445882046176321,0.515896983602473,0.321491000567125,0.287577593719632,0.187271663303312,0.357213680386863
0.447032934897064,0.517358917063797,0.322533821434297,0.289070303446648,0.187627168742997,0.357911251543578
0.448100442557662,0.518734740808596,0.323484841820961,0.290480072445372,0.187902459633837,0.358512840532252
0.449083938292435,0.520023803792512,0.324343580353758,0.291806445097584,0.188097102654288,0.359018044105567
0.449982812606723,0.521225475469293,0.325109573348904,0.293048980912692,0.188210680870521,0.359426478424977
0.45079647780528,0.522339146276747,0.325782375106703,0.294207254766089,0.188242793860209,0.359737779210493
0.451524368402176,0.523364228105732,0.32636155819185,0.295280857123453,0.18819305782016,0.35995160187254
0.452165941511051,0.524300154750832,0.326846713698736,0.296269394250343,0.188061105657395,0.360067621625378
0.452720677214627,0.525146382341444,0.327237451501014,0.297172488406491,0.187846587063299,0.360085533581583
0.453188078912418,0.52590238975204,0.327533400484725,0.297989778024226,0.187549168570523,0.360005052827191
0.453567673645589,0.526567678990384,0.327734208764278,0.298720917870488,0.187168533592317,0.359825914477103
0.453859012398047,0.527141775562546,0.327839543880651,0.2993655791919,0.186704382444053,0.359547873710415
0.454061670372805,0.527624228813628,0.327849092981208,0.299923449842472,0.186156432346692,0.359170705785384
0.454175247242797,0.5280146122431,0.327762562980544,0.300394234393433,0.185524417412009,0.358694206033784
0.454199367375345,0.528312523793818,0.327579680701868,0.300777654224858,0.18480808860944,0.358118189834464
0.454133680029568,0.528517586113755,0.32730019299841,0.301073447598673,0.184007213714417,0.357442492565967
0.453977859526086,0.528629446789624,0.326923866854446,0.301281369712762,0.183121577238124,0.356666969538118
0.453731605388438,0.528647778551605,0.326450489465552,0.301401192735876,0.182150980338655,0.355791495902531
0.453394642455739,0.528572279448495,0.325879868297746,0.301432705823103,0.18109524071355,0.354815966542075
0.452966720966147,0.528402672992659,0.325211831125266,0.301375715111754,0.179954192473785,0.353740295939329
0.452447616610834,0.528138708274276,0.32444622604673,0.301230043697461,0.178727685999265,0.352564418024162
0.451837130558196,0.527780160044443,0.323582921479531,0.300995531590452,0.177415587775972,0.351288286000597
0.451135089448153,0.527326828766793,0.32262180613235,0.300672035651888,0.176017780214907,0.349911872153179
0.450341345356478,0.526778540637388,0.32156278895571,0.300259429510327,0.17453416145302,0.348435167633079
0.449455775729162,0.526135147572752,0.320405799070607,0.299757603458293,0.172964645136381,0.346858182224302
0.448478283286927,0.525396527165961,0.319150785675232,0.299166464329098,0.171309160185836,0.345180944090293
0.447408795900076,0.524562582610867,0.317797717929935,0.298485935353993,0.169567650545456,0.343403499501381
0.446247266433969,0.5236332425946,0.316346584820568,0.297715955999889,0.167740074914124,0.341525912543495
0.44499367256548,0.52260846115854,0.314797395000436,0.296856481787825,0.1658264064606,0.339548264808614
0.443648016570904,0.521488217528187,0.313150176611166,0.295907484092485,0.163826632522498,0.337470655067521
0.442210325085816,0.520272515912249,0.311404977082778,0.294868949923077,0.161740754289568,0.335293198925369
0.440680648837529,0.518961385271567,0.309561862913365,0.293740881685894,0.159568786471731,0.333016028460684
0.439059062350826,0.517554879058445,0.307620919428839,0.292523296929033,0.157310756952394,0.33063929184844
0.437345663627725,0.516053074927075,0.305582250523172,0.291216228069614,0.154966706427479,0.328163152967821
0.435540573802123,0.514456074415886,0.303445978379729,0.28981972210406,0.152536688030751,0.325587790995421
0.433643936770229,0.512764002602656,0.301212243174238,0.288333840301909,0.150020766945947,0.322913399984534
0.431655918797727,0.510977007733313,0.298881202759991,0.286758657883718,0.147419020006304,0.320140188431295
0.429576708104749,0.509095260825513,0.296453032336038,0.285094263683646,0.144731535282054,0.31726837882845
0.427406514429691,0.507118955248003,0.293927924098956,0.283340759797344,0.141958411656485,0.314298207207491
0.425145568573036,0.505048306276968,0.291306086879036,0.281498261215775,0.139099758391188,0.311229922669967
0.422794121922392,0.502883550630582,0.288587745761631,0.279566895445677,0.136155694681133,0.308063786908811
0.420352445959925,0.500624945982997,0.285773141694467,0.277546802117356,0.133126349200182,0.304800073720434
0.41782083175352,0.498272770459141,0.282862531081797,0.275438132580528,0.130011859637731,0.301439068508503
0.415199589432928,0.495827322111641,0.279856185366254,0.273241049489019,0.126812372227124,0.297981067780176
0.412489047652259,0.493288918381322,0.276754390599293,0.270955726375033,0.123528041266492,0.294426378635674
0.409689553040225,0.490657895542725,0.273557447001219,0.268582347213878,0.120159028632769,0.290775318252075
0.406801469639455,0.487934608136109,0.270265668511676,0.266121105979889,0.116705503289477,0.287028213362142
0.403825178336354,0.485119428387443,0.266879382331617,0.263572206194452,0.113167640789059,0.283185399729069
0.400761076282933,0.482212745617981,0.26339892845779,0.260935860466998,0.109545622770434,0.279247221618068
0.397609576312033,0.479214965644882,0.259824659210678,0.258212290029785,0.105839636452461,0.275214031265588
0.394371106347429,0.476126510174543,0.256156938757034,0.255401724267475,0.102049874124101,0.271086188347127
0.391046108810279,0.472947816190172,0.252396142627986,0.252504400242315,0.0981765326319222,0.266864059444466
0.387635040023366,0.469679335335212,0.248542657233841,0.249520562215946,0.0942198128657436,0.26254801751323
0.3841383696147,0.466321533294263,0.244596879376687,0.246450461168752,0.0901799192431589,0.25813844135171
0.380556579921861,0.462874889173058,0.240559215761887,0.243294354317753,0.0860570591936763,0.25363571507177
0.376890165398647,0.459339894879142,0.236430082509581,0.240052504633976,0.0818514426432481,0.249040227572798
0.373139632025543,0.45571705450491,0.232209904667441,0.236725180360423,0.0775632815000265,0.24435237201964
0.369305496725422,0.452006883714549,0.22789911572573,0.233312654531557,0.073192789142064,0.23957254532536
0.365388286786096,0.448209909136609,0.223498157135964,0.229815204495463,0.0687401799078809,0.234701147639889
0.361388539291142,0.444326667763762,0.21900747783436,0.226233111439708,0.0642056685906744,0.229738581845407
0.357306800560545,0.440357706361395,0.214427533771279,0.222566659922029,0.0595894699370521,0.224685253059517
0.353143625602741,0.436303580886749,0.209758787448061,0.218816137407053,0.0548917981512821,0.219541568147215
0.348899577579491,0.432164855920122,0.205001707462402,0.214981833810099,0.0501128664058551,0.214307935242632
0.344575227285251,0.427942104109935,0.200156768063782,0.211064041049467,0.0452528863594975,0.208984763281713
0.340171152642538,0.423635905633224,0.195224448720233,0.207063052608296,0.0403120676835437,0.203572461546864
0.335687938214892,0.419246847673271,0.190205233697882,0.202979163107433,0.0352906175978085,0.19807143922475
0.331126174739127,0.414775523916132,0.185099611654868,0.198812667890618,0.0301887404171205,0.192482104978511
0.326486458678422,0.410222534067728,0.179908075251041,0.194563862623453,0.0250066371096639,0.186804866535582
0.321769391798019,0.405588483393261,0.174631120775138,0.19023304290759,0.0197445048684559,0.181040130292493
0.31697558076528,0.400873982280843,0.169269247791143,0.185820503911795,0.0144025366973497,0.175188300938135
0.312105636775816,0.396079645831039,0.163822958805508,0.181326540021451,0.00898092101295022,0.169249781096865
0.307160175207669,0.391206093474375,0.158292758957218,0.176751444508319,0.00347984126411224,0.163224970993204
0.302139815305353,0.386253948618638,0.152679155732554,0.172095509222371,-0.00210052442936466,0.157114268139727
0.297045179895832,0.38122383832805,0.146982658706662,0.167359024307621,-0.00776000361703472,0.150918067050035
0.29187689513856,0.376116393036453,0.1412037793142,0.162542277944144,-0.013498429835036,0.144636758978816
0.286635590311698,0.370932246296628,0.135343030651261,0.157645556118381,-0.0193156428982627,0.138270731691056
0.28132189763688,0.365672034568066,0.129400927311142,0.152669142424167,-0.0252114891651019,0.131820369262698
0.275936452145017,0.360336397045664,0.123377985256649,0.147613317897052,-0.0311858217722236,0.125286051915331
0.270479891585583,0.354925975531758,0.117274721731623,0.142478360884535,-0.0372385008368177,0.118668155887406
0.264952856382293,0.349441414354298,0.111091655214906,0.137264546955252,-0.0433693936231799,0.111967053345092
0.259355989637946,0.343883360333905,0.104829305419839,0.131972148850154,-0.0495783746705977,0.105183112335742
0.253689937191577,0.338252462802827,0.0984881933428484,0.126601436479102,-0.0558653258789532,0.0983166967874721
0.247955347731281,0.332549373679065,0.0920688413649242,0.121152676966537,-0.0622301365482197,0.0913681665586246
0.242152872966127,0.32677474759894,0.0855717734099164,0.115626134750105,-0.0686727033677773,0.0843378775410238
0.236283167860998,0.320929242111814,0.07899751516405,0.110022071736463,-0.0751929303509902,0.0772261818215039
0.230346890938435,0.315013517940855,0.0723465943614102,0.104340747518946,-0.0817907287100159,0.0700334279065264
0.224344704651691,0.309028239313871,0.0656195411402894,0.0985824196618708,-0.0884660166656245,0.0627599610149583
0.218277275833802,0.302974074368809,0.0588168884760497,0.0927473440570002,-0.0952187191859194,0.0554061234448632
0.212145276227508,0.296851695638525,0.0519391726962207,0.0868357753578308,-0.102048767647683,0.0479722550203221
0.20594938310145,0.290661780619995,0.0449869340842629,0.0808479674979911,-0.108956099413252,0.040458693625072
0.199690279958433,0.284405012433449,0.037960717578931,0.0747841743006242,-0.115940657315142,0.03286577583036
0.193368657341832,0.278082080577236,0.0308610735765491,0.0686446501859605,-0.123002389040139,0.0251938376248838
0.186985213746846,0.271693681784737,0.0236885588442885,0.0624296509851285,-0.130141246403594,0.0174432152555622
0.180540656643781,0.265240520990182,0.0164437375531974,0.0561394348688455,-0.137357184503793,0.00961424618871942
0.174035703620907,0.258723312410463,0.00912718244021557,0.049774263400241,-0.144650160745545,0.00170727020181866
0.16747108365532,0.252142780750972,0.00173947610951986,0.0433344027220674,-0.152020133720797,-0.00627736938276405
0.160847538520524,0.245499662543664,-0.00571878751597438,0.0368201248891744,-0.15946706193322,-0.0143393243098483
0.154165824340337,0.238794707626459,-0.0132470015810117,0.0302317093581973,-0.166990902352335,-0.022478239835963
0.147426713299424,0.232028680773693,-0.0208445445094023,0.0235694446474082,-0.174591608781348,-0.0306937529916656
0.140630995521368,0.225202363487926,-0.0285107780266393,0.0168336301806501,-0.182269130021555,-0.0389854906458912
0.133779481126156,0.21831655596432,-0.0362450449786908,0.0100245783305309,-0.190023407814419,-0.0473530673549734
0.126873002479861,0.211372079239654,-0.0440466669306144,0.00314261667743371,-0.197854374540558,-0.0557960829774209
0.119912416649999,0.204369777538659,-0.0519149415276628,-0.00381190949802857,-0.20576195065324,-0.0643141200340871
0.11289860808139,0.197310520831686,-0.0598491395996803,-0.0108386344695787,-0.213746041821409,-0.0729067407911559
0.105832491508095,0.190195207618353,-0.0678485019884728,-0.0179371690460915,-0.221806535755353,-0.0815734840417434
0.098715015118298,0.183024767953082,-0.0759122360759637,-0.0251070972558978,-0.229943298685244,-0.0903138615595358
0.0915471639902904,0.175800166729607,-0.0840395119891447,-0.0323479727099628,-0.238156171460061,-0.0991273541954586
0.0843299638187423,0.168522407242531,-0.0922294584561543,-0.0396593146173849,-0.246444965231419,-0.108013407586084
0.0770644849520715,0.161192535045487,-0.100481158285553,-0.0470406034243719,-0.25480945668333,-0.116971427439419
0.0697518467630997,0.153811642126817,-0.108793643438677,-0.0544912760453744,-0.263249382765178,-0.126000774360735
0.0623932223765482,0.146380871424895,-0.117165889662856,-0.0620107206527879,-0.271764434881405,-0.135100758178053
0.054989843778894,0.13890142170709,-0.125596810650326,-0.069598270988459,-0.280354252486542,-0.144270631722899
0.0475430073374456,0.131374552837634,-0.134085251685421,-0.0772532001576438,-0.289018416029826,-0.153509584018534
0.040054079757554,0.123801591461574,-0.142629982739457,-0.0849747138626755,-0.297756439188034,-0.162816732823398
0.0325245045087572,0.116183937133731,-0.151229690969674,-0.0927619430300881,-0.306567760319381,-0.172191116472974
0.02495580875245,0.108523068923321,-0.159882972575532,-0.100613935781586,-0.315451733065257,-0.181631684958655
0.0173496108059433,0.100820552526972,-0.168588323962029,-0.108529648695056,-0.324407616019409,-0.191137290176684
0.00970762817991511,0.0930780479249398,-0.177344132155997,-0.116507937297689,-0.33343456137673,-0.200706675274604
0.00203168622828392,0.0852973176171636,-0.186148664417762,-0.124547545729112,-0.342531602465901,-0.210338463016864
-0.00567627254784472,0.0774802354783512,-0.195000056986121,-0.132647095507316,-0.351697640060833,-0.220031143084296
-0.0134141784984709,0.0696287962731436,-0.203896302890719,-0.140805073325674,-0.360931427356807,-0.229783058215715
-0.0211798240789763,0.0617451258748833,-0.21283523876132,-0.149019817803881,-0.370231553486479,-0.239592389092261
-0.0289708523116753,0.0538314922338393,-0.221814530558869,-0.15728950511026,-0.379596425439983,-0.249457137857363
-0.0367847444037439,0.0458903171428048,-0.230831658148891,-0.165612133367483,-0.389024248241501,-0.259375110157245
-0.0446188064680999,0.0379241888504845,-0.239883898632775,-0.173985505747822,-0.398513003222008,-0.269343895578213
-0.0524701552914856,0.0299358755752682,-0.248968308347872,-0.182407212158156,-0.408060424214269,-0.279360846348066
-0.0603357030921316,0.0219283399739084,-0.258081703442891,-0.190874609409379,-0.417663971482512,-0.289423054160343
-0.0682121412070314,0.0139047546219088,-0.267220638930241,-0.199384799758665,-0.427320803183986,-0.299527324970474
-0.0760959226475201,0.00586851856387664,-0.276381386113198,-0.207934607707787,-0.437027744144979,-0.309670151604341
-0.083983243460277,-0.00217672500624964,-0.285559908281756,-0.216520554935328,-0.446781251718303,-0.319847684010715
-0.0918700228299293,-0.0102270698740189,-0.294751834567944,-0.225138833235813,-0.456577378474024,-0.330055696980797
-0.0997518818592885,-0.0182783266808241,-0.303952431849254,-0.233785275335245,-0.466411731460796,-0.340289555150986
-0.107624120963357,-0.0263260014859916,-0.313156574587554,-0.24245532344952,-0.476279427761333,-0.350544175098818
-0.11548169581445,-0.0343652729534313,-0.322358712491,-0.251143995450942,-0.486175046053812,-0.360813984337822
-0.12331919177821,-0.0423909681034105,-0.33155283588894,-0.259845848508982,-0.49609257388225,-0.371092877015898
-0.131130796783332,-0.0503975365721385,-0.340732438713649,-0.268554940074162,-0.506025350333408,-0.381374166123049
-0.138910272573192,-0.0583790233260389,-0.349890478990391,-0.277264786080566,-0.515966003818668,-0.391650532021184
-0.146650924293888,-0.0663290397825511,-0.359019336747637,-0.28596831625238,-0.525906384666763,-0.401913967120177
-0.154345568381977,-0.0742407332962536,-0.368110769274,-0.294657826414666,-0.535837492250766,-0.412155716543443
-0.161986498726424,-0.0821067549782983,-0.377155863668431,-0.303324927729424,-0.545749396402872,-0.422366214654332
-0.16956545109288,-0.089919225828165,-0.386144986655634,-0.311960492805347,-0.555631152916317,-0.432535017353128
-0.177073565815263,-0.0976697011707014,-0.395067731671175,-0.320554598665464,-0.5654707129997,-0.44265073010632
-0.184501348780387,-0.105349133408551,-0.403912863261746,-0.329096466602732,-0.575254826640288,-0.452700931737983
-0.191838630755329,-0.112947833119998,-0.412668258895486,-0.337574399010076,-0.584968939953767,-0.462672094099219
-0.19907452513642,-0.120455428556736,-0.421320848338271,-0.345975713341896,-0.5945970867567,-0.472549497841035
-0.206197384232193,-0.127860823623993,-0.429856550824066,-0.354286673448652,-0.60412177479982,-0.482317144650151
-0.213194754231471,-0.135152154458297,-0.438260210333137,-0.362492418627912,-0.613523867353852,-0.491957666471019
-0.220053329052479,-0.142316744755888,-0.446515529392239,-0.37057689085554,-0.622782461152496,-0.501452232434043
-0.226758903318983,-0.149341060047378,-0.454605001926231,-0.378522760800674,-0.631874762076146,-0.51078045444203
-0.233296324765895,-0.156210661162346,-0.4625098458222,-0.386311353389386,-0.640775960411762,-0.519920292637485
-0.239649446439204,-0.162910157181154,-0.470209936015227,-0.393922573864898,-0.649459108053133,-0.528847962283352
-0.245801079122892,-0.169423158229575,-0.477683739068011,-0.401334835495721,-0.657895000610723,-0.537537843937556
-0.251732944498799,-0.175732228535658,-0.48490825039441,-0.408524990306506,-0.666052068077453,-0.545962399184976
-0.257425629622563,-0.181818840235619,-0.491858935465428,-0.415468264445022,-0.673896278431158,-0.55409209460039
-0.262858543378613,-0.18766332848635,-0.498509676531619,-0.422138200047551,-0.681391059322467,-0.561895337041187
-0.268009875658006,-0.193244848514532,-0.504832726591934,-0.428506605715672,-0.688497243760299,-0.569338423790902
-0.27285656008143,-0.198541335304132,-0.510798672526523,-0.434543517957935,-0.695173046410946,-0.576385511468308
-0.277374241162984,-0.203529466692782,-0.516376409479512,-0.44021717616558,-0.701374077697714,-0.582998607949012
-0.281537246874359,-0.208184630710129,-0.521533128713417,-0.445494013863606,-0.707053403234398,-0.589137591776816
-0.28531856761811,-0.212480898042893,-0.526234321242919,-0.450338669083788,-0.712161656136559,-0.594760263620454
-0.288689842647932,-0.216391000548308,-0.530443799574329,-0.454714016719989,-0.716647209309824,-0.599822434205045
-0.291621354975863,-0.219886316753536,-0.534123739807247,-0.45858122561906,-0.720456413790478,-0.604278052758311
-0.294082035774456,-0.222936865267684,-0.537234746175836,-0.461899842904846,-0.723533907503,-0.608079379306034
-0.296039479208608,-0.225511306988895,-0.539735939799058,-0.464627907600848,-0.72582299632898,-0.611177203084553
-0.297459968509013,-0.227576956903959,-0.541585072953917,-0.466722094986556,-0.727266106139322,-0.613521107883665
-0.29830851392032,-0.229099806145758,-0.54273866957172,-0.468137892279779,-0.727805300499256,-0.615059783293268
-0.298548902915556,-0.230044554787782,-0.543152191879959,-0.468829805181206,-0.727382854291822,-0.615741378639977
-0.298143762759409,-0.230374655609137,-0.542780232177458,-0.468751593562984,-0.725941868812526,-0.615513893948819
-0.297054635124121,-0.230052368753946,-0.54157672765733,-0.467856533165738,-0.723426909364989,-0.614325599681082
-0.295593480203154,-0.229376958891012,-0.539916514800676,-0.466524275697092,-0.720331322187217,-0.612607558356848
-0.294102173470386,-0.228676966632268,-0.538209920608911,-0.465170356877739,-0.717190762887009,-0.610830431466185
-0.292579787883161,-0.22795138118028,-0.536455880450274,-0.46379369267924,-0.714004488045977,-0.608993327653207
-0.291025414997701,-0.227199206850435,-0.534653359543255,-0.462393221211531,-0.710771797070149,-0.607095398480398
-0.289438168803984,-0.226419466813633,-0.532801357655071,-0.460967907388836,-0.707492037441719,-0.605135843471372
-0.287817186050775,-0.225611203467472,-0.53089890958093,-0.459516743331625,-0.704164604457892,-0.603113910291872
-0.286161626560484,-0.224773478801677,-0.528945085601674,-0.458038748755161,-0.700788940919674,-0.601028894877504
-0.284470673533104,-0.223905374757066,-0.526938991918368,-0.456532971343297,-0.697364536770914,-0.598880141507523
-0.282743533838543,-0.223005993577405,-0.524879771062527,-0.454998487106222,-0.693890928688171,-0.596667042824242
-0.280979438296755,-0.222074458153489,-0.522766602280701,-0.453434400720917,-0.690367699622263,-0.594389039797841
-0.279177641944963,-0.221109912358779,-0.520598701892216,-0.451839845853131,-0.686794478292444,-0.59204562163651
-0.277337424291404,-0.220111521375956,-0.518375323618945,-0.450213985459751,-0.683170938634442,-0.589636325642128
-0.275458089555027,-0.219078472013785,-0.516095758886058,-0.448556012070552,-0.679496799203812,-0.587160737011863
-0.273538966890546,-0.218009973013629,-0.513759337092765,-0.446865148048252,-0.675771822536047,-0.584618488586212
-0.271579410598369,-0.216905255345064,-0.511365425852192,-0.445140645826081,-0.671995814465334,-0.582009260544334
-0.269578800318885,-0.215763572489987,-0.508913431199569,-0.443381788121919,-0.668168623403699,-0.579332780047546
-0.267536541210656,-0.21458420071465,-0.506402797768016,-0.441587888128305,-0.664290139582608,-0.576588820832116
-0.265452064112111,-0.213366439329118,-0.503833008931349,-0.43975828967765,-0.660360294259198,-0.573777202752725
-0.263324825686314,-0.212109610933598,-0.50120358691332,-0.437892367382007,-0.65637905888922,-0.570897791277924
-0.261154308548512,-0.210813061651183,-0.498514092862959,-0.43598952674698,-0.652346444269199,-0.567950496939301
-0.258940021376109,-0.209476161346526,-0.495764126895587,-0.434049204259255,-0.648262499650021,-0.564935274736009
-0.256681499000806,-0.208098303830024,-0.492953328099352,-0.43207086744751,-0.644127311824478,-0.561852123496551
-0.254378302482714,-0.206678907047116,-0.490081374507145,-0.430054014916411,-0.639941004191277,-0.558701085199826
-0.252030019166195,-0.205217413252309,-0.487147983033841,-0.427998176353568,-0.635703735797933,-0.555482244257435
-0.249636262717326,-0.203713289167585,-0.48415290937894,-0.425902912509342,-0.631415700365126,-0.55219572675947
-0.247196673142889,-0.202166026124933,-0.481095947894837,-0.423767815149617,-0.627077125295087,-0.548841699686039
-0.24471091679078,-0.200575140192663,-0.477976931420866,-0.421592506981524,-0.622688270666406,-0.545420370086743
-0.24217868633189,-0.198940172285332,-0.474795731083619,-0.419376641552419,-0.618249428217877,-0.541931984230584
-0.239599700723419,-0.197260688257035,-0.471552256063861,-0.417119903122331,-0.613760920323752,-0.538376826728593
-0.236973705153732,-0.195536278977934,-0.468246453330657,-0.414822006510238,-0.609223098962815,-0.534755219631625
-0.234300470968854,-0.193766560393874,-0.464878307343328,-0.412482696914656,-0.604636344683683,-0.531067521505819
-0.231579795580776,-0.191951173569024,-0.461447839721917,-0.410101749708979,-0.600001065568551,-0.527314126488059
-0.228811502357705,-0.190089784711455,-0.457955108886949,-0.407678970212205,-0.595317696197618,-0.523495463323929
-0.225995440496609,-0.188182085181695,-0.454400209669409,-0.405214193435676,-0.590586696616374,-0.519611994390586
-0.223131484878182,-0.186227791484241,-0.450783272891773,-0.402707283806545,-0.585808551307703,-0.51566421470686
-0.220219535904685,-0.184226645242125,-0.447104464921181,-0.400158134868746,-0.580983768170864,-0.511652650933033
-0.21725951932091,-0.182178413154611,-0.443363987195747,-0.397566668962298,-0.576112877509131,-0.507577860362494
-0.214251386018674,-0.180082886938171,-0.439562075725129,-0.394932836881804,-0.571196431027894,-0.503440429907582
-0.211195111825334,-0.177939883250929,-0.435699000566593,-0.392256617515106,-0.566235000844897,-0.499240975081799
-0.208090697276643,-0.175749243600764,-0.431775065277666,-0.389538017463034,-0.561229178514132,-0.494980138980473
-0.204938167374541,-0.1735108342373,-0.427790606346718,-0.38677707064124,-0.55617957406485,-0.490658591261942
-0.201737571330355,-0.171224546028131,-0.423745992602755,-0.38397383786523,-0.551086815057108,-0.486277027131259
-0.198488982293912,-0.168890294319484,-0.419641624605659,-0.381128406419536,-0.545951545654951,-0.481836166328207
-0.195192497069178,-0.166508018781772,-0.415477934018344,-0.378240889612242,-0.540774425718532,-0.477336752121547
-0.191848235816992,-0.164077683240334,-0.411255382962069,-0.375311426315873,-0.535556129916067,-0.472779550311099
-0.188456341745469,-0.161599275491779,-0.406974463356335,-0.372340180495803,-0.530297346856602,-0.468165348239311
-0.185016980788757,-0.159072807106389,-0.402635696244774,-0.369327340727327,-0.52499877824448,-0.463494953813892
-0.181530341274748,-0.156498313217,-0.398239631108366,-0.36627311970247,-0.519661138056124,-0.458769194542839
-0.177996633582391,-0.153875852294848,-0.393786845167377,-0.363177753727718,-0.514285151739853,-0.453988916583253
-0.174416089789345,-0.151205505912894,-0.389277942673457,-0.360041502213765,-0.508871555439268,-0.449154983805208
-0.17078896331054,-0.148487378497111,-0.384713554193172,-0.356864647158388,-0.503421095240605,-0.444268276871707
-0.16711552852846,-0.14572159706632,-0.380094335884421,-0.353647492623573,-0.497934526444499,-0.439329692335922
-0.163396080415741,-0.142908310961082,-0.375420968767013,-0.350390364207972,-0.492412612862392,-0.434340141756552
-0.159630934150829,-0.140047691562231,-0.37069415798873,-0.347093608515719,-0.486856126137784,-0.429300550832204
-0.155820424727403,-0.137139931999652,-0.365914632088208,-0.343757592622731,-0.481265845092537,-0.424211858555624
-0.151964906558247,-0.134185246851867,-0.361083142255848,-0.340382703541419,-0.4756425550982,-0.419075016388386
-0.148064753074257,-0.131183871837022,-0.356200461593984,-0.336969347684852,-0.469987047472401,-0.413890987456687
-0.144120356319334,-0.12813606349595,-0.351267384377589,-0.333517950331367,-0.464300118900286,-0.408660745768798
-0.140132126541759,-0.125042098867817,-0.346284725316532,-0.330028955090408,-0.458582570880752,-0.403385275454542
-0.136100491782843,-0.121902275159086,-0.341253318820664,-0.326502823370703,-0.452835209197484,-0.398065570027263
-0.132025897463429,-0.118716909406329,-0.336174018268689,-0.322940033851408,-0.44705884341439,-0.392702631668515
-0.127908805968942,-0.115486338133536,-0.33104769528189,-0.319341081957196,-0.441254286395282,-0.387297470535703
-0.12374969623369,-0.112210917004585,-0.325875239003769,-0.315706479337993,-0.435422353847472,-0.38185110409293
-0.119549063324949,-0.108891020471394,-0.320657555386435,-0.312036753354114,-0.429563863888888,-0.376364556465024
-0.115307418027529,-0.105527041418453,-0.31539556648469,-0.30833244656747,-0.423679636638344,-0.370838857814875
-0.111025286429434,-0.1021193908043,-0.310090209758719,-0.304594116239568,-0.417770493828626,-0.365275043744085
-0.106703209509125,-0.0986684973005283,-0.30474243738606,-0.300822333836806,-0.411837258441785,-0.359674154716785
-0.102341742725068,-0.0951748069289426,-0.299353215583741,-0.297017684543734,-0.405880754366359,-0.354037235506624
-0.0979414556080122,-0.0916387826974163,-0.293923523941202,-0.293180766784764,-0.399901806075889,-0.348365334666683
-0.0935029313565954,-0.0880609042350085,-0.288454354764673,-0.289312191754762,-0.393901238328265,-0.342659504022153
-0.0890267664367861,-0.0844416674269334,-0.282946712433673,-0.285412582959094,-0.387879875885439,-0.336920798185597
-0.0845135701856224,-0.0807815840498699,-0.277401612770117,-0.28148257576337,-0.381838543252864,-0.331150274094443
-0.0799639644197028,-0.0770811814081387,-0.271820082420561,-0.27752281695336,-0.375778064438146,-0.325348990570438
-0.0753785830489685,-0.0733410019713232,-0.266203158252136,-0.273533964305367,-0.369699262728437,-0.319518007900819
-0.0707580716960565,-0.0695616030137016,-0.260551886762433,-0.269516686167308,-0.363602960485822,-0.31365838744069
-0.0661030873217591,-0.0657435562560867,-0.254867323503887,-0.2654716610508,-0.357489978960333,-0.307771191236391
-0.0614142978568845,-0.0618874475104382,-0.249150532522859,-0.261399577234398,-0.351361138119839,-0.301857481669339
-0.0566923818408663,-0.0579938763277071,-0.243402585813754,-0.2573011323782,-0.345217256496351,-0.295918321119968
-0.0519380280675503,-0.0540634556493737,-0.237624562788474,-0.253177033149936,-0.339059151048137,-0.289954771651393
-0.047151935238327,-0.0500968114629946,-0.231817549761302,-0.249027994862633,-0.332887637037041,-0.283967894712229
-0.0423348116229858,-0.0460945824621808,-0.22598263944946,-0.24485474112392,-0.326703527920442,-0.277958750858192
-0.037487374728552,-0.0420574197113885,-0.220120930489484,-0.240658003497071,-0.32050763525737,-0.271928399492033
-0.0326103509762644,-0.0379859863157663,-0.21423352696941,-0.236438521173663,-0.314300768628036,-0.265877898621197
-0.0277044753870185,-0.0338809570964862,-0.208321537976966,-0.232197040657998,-0.308083735566435,-0.259808304632909
-0.0227704912753719,-0.0297430182717527,-0.202386077163656,-0.227934315463081,-0.301857341505287,-0.253720672086008
-0.017809149952311,-0.0255728671438024,-0.196428262324802,-0.223651105818179,-0.29562238973285,-0.247616053519143
-0.0128212104369798,-0.0213712117921732,-0.190449214995517,-0.219348178387851,-0.289379681361114,-0.241495499274842
-0.00780743917741343,-0.0171387707734068,-0.184450060062475,-0.215026306002278,-0.283130015304742,-0.235360057338879
-0.00276860978040774,-0.0128762728274274,-0.178431925391393,-0.210686267398795,-0.276874188270294,-0.229210773194458
0.00229449724931952,-0.00858445659081303,-0.172395941470177,-0.206328846974474,-0.270612994755266,-0.223048689690802
0.00738109476075606,-0.00426407031704776,-0.166343241067434,-0.201954834549514,-0.264347227056323,-0.21687484692548
0.0124903891988009,8.4128396006633e-05,-0.160274958906332,-0.197565025141305,-0.258077675286378,-0.210690282140159
0.0176215808371521,0.00445937287136805,-0.154192231353482,-0.193160218748932,-0.251805127399915,-0.204496029629136
0.0227738640018282,0.00886088761079676,-0.148096196122657,-0.188741220147812,-0.245530369226119,-0.198293120660208
0.0279464272852806,0.0132878885451234,-0.141987991993182,-0.184308838694381,-0.239254184509417,-0.192082583407462
0.0331384537512106,0.0177395832770465,-0.135868758542607,-0.179863888140407,-0.232977354956867,-0.185865442895371
0.0383491211301045,0.022215171316343,-0.129739635893449,-0.17540718645672,-0.226700660292,-0.179642720953796
0.0435776020054987,0.0267138443073775,-0.123601764473761,-0.170939555666156,-0.220424878314744,-0.173415436183447
0.0488230639911463,0.0312347862490319,-0.117456284791074,-0.166461821685248,-0.214150784966862,-0.16718460393121
0.0540846698990842,0.0357771737069225,-0.111304337219545,-0.16197481417457,-0.207879154402661,-0.160951236275048
0.0593615778987727,0.0403401760180402,-0.105147061799856,-0.157479366397246,-0.20161075906441,-0.154716342017855
0.0646529416674254,0.0449229554877951,-0.0989855980515344,-0.152976315085407,-0.195346369762164,-0.148480926689883
0.0699579105315938,0.0495246675795045,-0.0928210847974081,-0.148466500314264,-0.189086755757607,-0.142245992559348
0.0752756296002549,0.0541444610964465,-0.086654659999702,-0.143950765383446,-0.18283268485149,-0.13601253865066
0.0806052398895124,0.0587814783565438,-0.0804874606074523,-0.139429956705251,-0.17658492347429,-0.129781560769898
0.0859458784390459,0.0634348553597406,-0.0743206224148958,-0.134904923699552,-0.170344236779825,-0.123554051537154
0.0912966784206004,0.0681037219482678,-0.068155279930286,-0.130376518694911,-0.164111388741328,-0.117331000425196
0.0966567692385758,0.0727872019598304,-0.0619925662549105,-0.125845596835649,-0.157887142249762,-0.111113393804173
0.102025276623052,0.0774844133739464,-0.0558336129717355,-0.121313015994474,-0.151672259213962,-0.104902214991837
0.107401322715391,0.0821944684515539,-0.0496795500433253,-0.116779636690291,-0.145467500662265,-0.0986984443089165
0.11278402614664,0.0869164738680214,-0.0435315057186463,-0.112246322010965,-0.13927362684541,-0.0925030591392927
0.118172502109019,0.0916495308398226,-0.0373906064482322,-0.10771393754052,-0.133091397340234,-0.0863170339944797
0.123565862420724,0.0963927352450119,-0.0312579768073186,-0.103183351290544,-0.126921571153967,-0.0801413405820864
0.128963215584243,0.101145177737692,-0.0251347394265673,-0.0986554336354132,-0.120764906828804,-0.0739769478778961
0.134363666838566,0.105905943856768,-0.0190220149297805,-0.0941310572509464,-0.114622162546383,-0.0678248222010753
0.139766318205424,0.110674114129104,-0.0129209218783584,-0.0896110970562218,-0.108494096231995,-0.0616859272922893
0.145170268529947,0.115448764167428,-0.00683257672187348,-0.0850964301580862,-0.102381465658112,-0.0555612243942098
0.150574613515992,0.120228964763172,-0.000758093754391204,-0.0805879357981227,-0.0962850285470223,-0.0494516723341159
0.155978445756394,0.125013781974489,0.00530141492386535,-0.0760864953016652,-0.0902055426723012,-0.0433582276082515
0.161380854758508,0.129802277209776,0.0113448394400735,-0.0715929920285371,-0.0841437659587949,-0.0372818444675154
0.166780926965342,0.13459350730695,0.0173710721779803,-0.0671083113251116,-0.0781004565808452,-0.0312234750041357
0.172177745772521,0.139386524608706,0.0233790078030897,-0.0626333404774901,-0.072076373058586,-0.0251840692390729
0.177570391541536,0.144180377034182,0.029367543284454,-0.0581689686652619,-0.0660722743518755,-0.0191645752096311
0.18295794160948,0.148974108147181,0.0353355779133619,-0.0537160869157104,-0.0600889199517943,-0.0131659390571152
0.188339470295686,0.153766757221375,0.0412820133195022,-0.0492755880579753,-0.0541270699693003,-0.0071891051140518
0.193714048905608,0.158557359302782,0.0472057534850062,-0.044848366676902,-0.0481874852208487,-0.00123501599068622
0.199080745732224,0.16334494526978,0.0531057047567689,-0.0404353190662982,-0.0422709273107726,0.00469538733953791
0.204438626055406,0.168128541891083,0.0589807758575822,-0.0360373431811707,-0.0363781587100816,0.0106011654559308
0.209786752139575,0.172907171881984,0.0648298778964912,-0.0316553385886883,-0.0305099428314735,0.0164813804082518
0.215124183229953,0.177679853959152,0.0706519243787362,-0.0272902064175786,-0.0246670441003899,0.022335095636389
0.22044997554793,0.182445602894469,0.0764458312158822,-0.022942849305559,-0.0188502280217168,0.0281613758925119
0.225763182285731,0.187203429568119,0.0822105167363828,-0.0186141713445877,-0.0130602612420737,0.0339592871658527
0.231062853600933,0.191952341021411,0.0879449016971527,-0.0143050780235893,-0.00729791160731608,0.0397278966105614
0.236348036611134,0.196691340509662,0.0936479092965265,-0.0100164761683194,-0.00156394821506715,0.0454662724769177
0.241617775389151,0.201419427555486,0.099318465188962,-0.0057492738781898,0.00414085853788269,0.0511734840461549
0.246871110959209,0.206135598002942,0.104955497502016,-0.00150438045964948,0.009815736913664,0.0568486015693193
0.252107081294487,0.210838844072892,0.110557936855931,0.00271729364411183,0.015459913797043,0.0624906962104125
0.257324721316381,0.215528154419923,0.116124716386223,0.0069148369273557,0.0210726146649563,0.0680988399940989
0.262523062896002,0.220202514191317,0.12165477176974,0.0110873369002689,0.0266530635622037,0.0736721057583817
0.267701134858199,0.224860905088378,0.127147041254491,0.0152338801718425,0.0322004830833618,0.0792095671124345
0.272857962988618,0.229502305430591,0.132600465693704,0.0193535525375214,0.0377140943612546,0.0847102983999865
0.277992570044187,0.234125690222984,0.138013988584463,0.0234454390718056,0.0431931170621391,0.0901733746685222
0.283103975767406,0.238730031227086,0.143386556111237,0.0275086242260359,0.0486367693877643,0.0955978716445474
0.288191196904935,0.243314297035931,0.148717117194748,0.0315421919316261,0.0540442680845953,0.10098286571529
0.293253247230894,0.247877453153514,0.154004623546475,0.0355452257089449,0.0594148284603419,0.106327433917083
0.298289137575229,0.252418462079054,0.159248029729086,0.0395168087820172,0.0647476644079501,0.111630653930672
0.303297875857715,0.25693628339658,0.164446293223246,0.0434560241993143,0.070041988437349,0.116891604083817
0.308278467127868,0.261429873870134,0.169598374500955,0.0473619549607459,0.075297011714987,0.122109363361356
0.313229913611331,0.265898187545106,0.174703237105863,0.0512336841510745,0.0805119441114655,0.127283011423072
0.318151214763094,0.270340175856056,0.179759847740758,0.0550702950799173,0.0856859942573641,0.132411628629606
0.323041367327971,0.274754787741407,0.1847671763625,0.0588708714284316,0.0908183696073985,0.13749429607661
0.327899365408835,0.279140969765502,0.189724196284741,0.0626344974029156,0.0959082765131458,0.142530095637493
0.332724200542923,0.283497666248296,0.194629884288547,0.0663602578953332,0.100954920304379,0.147518110014879
0.337514861786747,0.287823819403193,0.199483220741264,0.070047238650987,0.105957505379231,0.152457422801086
0.342270335809958,0.292118369483359,0.20428318972378,0.0736945264433619,0.110915235303275,0.157347118547845
0.346989606998589,0.296380254936857,0.209028779166347,0.0773012092562194,0.115827312917612,0.162186282845375
0.351671657568084,0.300608412571051,0.213718980993198,0.0808663764730599,0.120692940456122,0.166974002411129
0.356315467686549,0.304801777726592,0.218352791276088,0.0843891190739539,0.125511319671962,0.171709365188345
0.360920015608521,0.30895928446131,0.222929210396824,0.0878685298397678,0.130281651973327,0.176391460454527
0.36548427781975,0.313079865744426,0.22744724321902,0.0913037035638478,0.135003138568657,0.181019378940125
0.370007229193265,0.317162453661313,0.231905899269029,0.0946937372710916,0.139674980621225,0.185592212957445
0.374487843157133,0.321205979629177,0.236304192926204,0.0980377304444232,0.144296379413234,0.190109056539994
0.37892509187426,0.325209374623958,0.240641143622521,0.101334785258642,0.14886653651943,0.194569005592374
0.383317946434493,0.32917156941863,0.244915776051494,0.104584006821501,0.153384653990184,0.198971158050745
0.387665377059411,0.333091494833273,0.249127120386495,0.107784503422036,0.157849934544118,0.203314614054041
0.391966353320065,0.336968081997079,0.253274212508342,0.11093538678597,0.162261581770211,0.207598476125942
0.396219844367898,0.340800262622477,0.257356094242118,0.114035772338056,0.166618800339319,0.211821849367619
0.400424819179176,0.344586969291662,0.261371813603165,0.117084779471289,0.170920796225117,0.215983841661355
0.404580246813054,0.348327135755543,0.265320425052051,0.120081531822688,0.175166776934289,0.220083563884937
0.408685096683573,0.352019697245381,0.26920098975844,0.123025157555593,0.179355951745963,0.224120130136887
0.412738338845684,0.355663590797122,0.27301257587364,0.125914789648144,0.183487531960206,0.228092657972441
0.416738944295473,0.359257755588509,0.276754258811593,0.128749566187759,0.18756073115543,0.232000268650168
0.420685885284701,0.362801133289053,0.280425121538134,0.131528630671328,0.1915747654546,0.235842087389218
0.424578135649731,0.366292668422825,0.284024254868189,0.13425113231086,0.195528853800016,0.239617243637005
0.428414671154853,0.369731308744021,0.287550757770596,0.136916226344202,0.199422218236416,0.243324871347184
0.432194469850085,0.373116005625281,0.291003737680284,0.139523074350594,0.203254084202296,0.246964109267785
0.435916512443332,0.376445714458586,0.294382310817349,0.142070844570603,0.207023680829004,0.250534101239223
0.439579782686886,0.379719395068628,0.297685602512699,0.144558712230114,0.21073024124749,0.254033996502018
0.443183267778148,0.382936012138445,0.300912747539809,0.146985859867961,0.21437300290231,0.257462950013935
0.446725958774368,0.386094535647046,0.304062890452101,0.149351477666735,0.217951207872553,0.260820122776203
0.45020685102124,0.3891939413188,0.307135185925493,0.151654763786374,0.221464103199365,0.264104682168549
0.453624944595112,0.392233211084227,0.310128799105591,0.153894924700012,0.224910941219673,0.267315802292671
0.45697924475843,0.395211333551789,0.313042905958916,0.156071175531612,0.228290979905653,0.270452664323698
0.460268762428179,0.398127304490323,0.315876693627673,0.158182740394879,0.231603483209587,0.273514456869327
0.463492514656809,0.400980127321569,0.318629360787361,0.160228852732894,0.234847721413563,0.276500376336065
0.466649525125269,0.403768813622318,0.321300118006651,0.162208755657938,0.238022971483573,0.279409627302173
0.469738824647619,0.406492383635602,0.323888188108853,0.16412170229093,0.241128517427521,0.282241422896773
0.472759451686626,0.409149866790278,0.32639280653425,0.165966956099874,0.244163650656516,0.284994985184532
0.475710452879783,0.411740302228362,0.328813221702646,0.167743791236738,0.247127670349002,0.287669545555405
0.478590883575064,0.414262739339396,0.331148695375357,0.169451492872134,0.250019883817057,0.290264345118791
0.481399808375649,0.416716238301048,0.333398503015896,0.171089357527172,0.252839606874294,0.292778635101457
0.484136301692928,0.419099870625169,0.33556193414861,0.172656693401849,0.255586164204734,0.295211677248606
0.486799448306856,0.421412719708409,0.337638292714449,0.174152820699324,0.258258889731998,0.297562744227342
0.489388343932862,0.423653881386514,0.339626897423098,0.175577071945413,0.260857126988165,0.299831120031861
0.491902095794333,0.425822464491337,0.341527082100645,0.176928792302663,0.263380229481613,0.302016100389595
0.494339823199672,0.427917591409558,0.343338196031983,0.178207339878307,0.265827561063132,0.304116993167543
0.496700658122951,0.429938398642111,0.345059604297094,0.179412086025449,0.268198496289616,0.306133118778025
0.498983745787041,0.431884037363225,0.346690688100429,0.180542415636817,0.270492420784616,0.308063810583025
0.50118824524809,0.433753673977967,0.348230845092503,0.181597727430376,0.272708731594982,0.309908415296304
0.503313329980223,0.435546490677183,0.349679489682929,0.182577434226195,0.274846837542912,0.311666293382466
0.505358188459208,0.437261685988629,0.35103605334402,0.183480963213848,0.276906159572596,0.313336819452073
0.507322024743899,0.438898475323139,0.352299984904176,0.184307756209736,0.278886131090747,0.314919382652003
0.509204059054159,0.440456091514602,0.353470750830244,0.185057269903691,0.280786198300245,0.316413387050142
0.511003528343951,0.441933785352512,0.354547835498026,0.185728976094188,0.282605820526131,0.317818252013534
0.512719686868312,0.44333082610586,0.355530741450203,0.18632236191161,0.284344470533208,0.319133412579118
0.514351806742845,0.444646502037137,0.356418989640887,0.186836930028918,0.2860016348345,0.320358319816174
0.515899178494358,0.445880120905135,0.357212119666063,0.18727219885917,0.287576813989805,0.321492441179579
0.517361111601329,0.447031010455373,0.35790968997922,0.187627702739317,0.289069522893641,0.322535260853028
0.518736935022777,0.448098518896819,0.358511278091469,0.18790299209975,0.290479291051832,0.323486280081328
0.520025997714197,0.449082015363743,0.359016480755503,0.188097633619059,0.291805662846037,0.324345017490943
0.521227669129202,0.449980890361431,0.35942491413277,0.188211210363555,0.293048197785547,0.325111009397924
0.52234133970548,0.450794556194573,0.35973621394326,0.188243321911039,0.29420647074564,0.325783810102426
0.523366421333787,0.451522447377166,0.359950035597366,0.188193584458443,0.295280072191877,0.326362992169005
0.52430234780862,0.452164021022773,0.360066054309291,0.188061630912912,0.296268608389705,0.326848146691931
0.525148575259307,0.45271875721403,0.360083965191542,0.187847110965942,0.297171701598738,0.32723888354475
0.525904582560267,0.453186159350349,0.360003483330069,0.187549691150295,0.297988990251195,0.327534831613409
0.526569871719233,0.453565754472797,0.359824343839669,0.187169054879325,0.298720129113898,0.32773563901224
0.527143968242261,0.453857093565161,0.359546301899313,0.186704902468504,0.299364789433363,0.327840973282159
0.52762642147446,0.454059751830332,0.359169132767117,0.186156951138878,0.299922659063479,0.327850521570482
0.528016804915328,0.454173328941109,0.358692631774693,0.185524935002314,0.300393442575369,0.327763990791775
0.52831471650777,0.454197449264671,0.358116614300711,0.184808605028324,0.300776861348987,0.327581107769231
0.528519778899829,0.454131762059984,0.357440915723515,0.184007728992411,0.301072653646149,0.327301619356082
0.528631639678314,0.453975941647504,0.356665391352708,0.183122091405825,0.301280574664625,0.326925292536622
0.52864997157352,0.453729687550595,0.355789916339666,0.182151493426717,0.301400396573043,0.32645191450646
0.528574472634383,0.453392724608186,0.354814385566997,0.181095752752681,0.301431908526382,0.325881292731666
0.528404866373429,0.452964803058242,0.353738713516999,0.179954703494734,0.301374916661831,0.325213254986545
0.528140901881025,0.452445698591725,0.352562834119238,0.178728196032816,0.301229244074908,0.324447649369798
0.52778235390848,0.451835212376816,0.351286700577417,0.17741609685294,0.300994730775712,0.323584344298921
0.52732902291966,0.451133171053207,0.349910285175733,0.176018288366127,0.300671233625291,0.322623228482709
0.526780735110888,0.45033942669643,0.348433579064995,0.174534668709338,0.300258626252074,0.321564210871821
0.526137342398969,0.449453856752225,0.34685659202882,0.172965151528653,0.299756798948464,0.320407220587404
0.525398722377288,0.448476363941055,0.345179352230245,0.171309665744911,0.299165658547642,0.319152206827817
0.524564778240029,0.447406876132948,0.343401905939171,0.169568155302174,0.298485128280733,0.317799138753593
0.523635438674678,0.446245346192982,0.341524317241072,0.167740578899306,0.297715147614518,0.316348005350783
0.522610657722999,0.444991751797737,0.339546667727457,0.16582690970504,0.296855672069897,0.314798815272911
0.521490414610891,0.443646095223199,0.337469056168615,0.163827135056957,0.295906673021428,0.313151596661838
0.520274713547494,0.442208403104629,0.335291598169185,0.161741256144761,0.29486813747817,0.311406396947831
0.518963583494101,0.440678726169013,0.333014425807151,0.159569287678325,0.293740067846285,0.309563282629251
0.517557077903491,0.439057138940796,0.330637687256931,0.157311257540995,0.29252248167372,0.307622339032286
0.516055274430352,0.437343739421646,0.328161546397128,0.154967206428625,0.291215411377453,0.305583670051209
0.514458274613637,0.435538648745105,0.325586182403735,0.152537187474904,0.289818903953755,0.303447397869698
0.51276620353166,0.433642010807007,0.322911789329423,0.150021265863489,0.288333020672017,0.301213662663805
0.510979209430916,0.43165399187266,0.320138575669682,0.147419518427521,0.286757836752635,0.298882622287169
0.509097463329648,0.429574780161806,0.317266763916594,0.144732033237133,0.285093441029613,0.296454451939192
0.507121158597203,0.427404585412441,0.314296590100963,0.141958909175504,0.283339935598443,0.293929343816828
0.505050510510393,0.425143638424641,0.311228303323633,0.13910025550411,0.281497435449917,0.291307506750752
0.502885755788033,0.422792190585591,0.308062165276806,0.136156191417797,0.279566068090614,0.288589165826717
0.500627152104943,0.420350513377033,0.304798449756147,0.133126845590294,0.277545973150658,0.285774561992865
0.498274977586723,0.417818897866412,0.30143744216455,0.130012355710858,0.275437301979598,0.282863951653876
0.495829530286704,0.415197654183033,0.297979439008385,0.126812868012682,0.273240217231077,0.279857606252825
0.493291127646418,0.412487110980553,0.29442474738706,0.123528536793745,0.270954892437121,0.276755811841621
0.49066010594114,0.40968761488722,0.290773684476824,0.120159523930813,0.268581511572847,0.273558868641038
0.48793681971187,0.406799529945189,0.287026577009586,0.11670599838724,0.266120268612402,0.270267090591198
0.485121641185338,0.403823237040386,0.283183760747667,0.113168135715289,0.263571367076979,0.266880804893549
0.482214959683567,0.400759133324334,0.279245579955391,0.10954611755369,0.260935019575809,0.263400351545343
0.479217181024501,0.397607631629376,0.275212386868287,0.10584013112111,0.258211447340954,0.259826082867581
0.476128726915336,0.394369159878787,0.271084541160921,0.102050368706305,0.255400879756862,0.256158363027543
0.472950034340085,0.391044160493208,0.266862409414122,0.0981770271556369,0.252503553885577,0.2523975675569
0.46968155494301,0.387633089794909,0.262546364582539,0.0942203073587022,0.249519713988521,0.248544082866509
0.466323754409539,0.384136417411372,0.258136785463468,0.0901804137328752,0.24644961104587,0.244598305759024
0.462877111846241,0.380554625679643,0.253634056167757,0.0860575537074287,0.24329350227441,0.240560642940377
0.459342119161506,0.376888209052982,0.249038565593757,0.0818519372080749,0.24005165064495,0.236431510531297
0.455719280448583,0.373137673511328,0.244350706905254,0.0775637761427193,0.23672432440026,0.232211333580053
0.452009111372517,0.369303535977001,0.239570877014236,0.073193283889157,0.233311796574566,0.227900545577509
0.448212138562724,0.365386323737253,0.234699476069529,0.0687406747856484,0.229814344515717,0.223499587975805
0.444328899012747,0.361386573875096,0.229736906952197,0.0642061636251153,0.226232249411036,0.219008909711782
0.440359939488849,0.357304832709944,0.224683574778691,0.059589965153892,0.222565795818016,0.21442896673644
0.436305815949145,0.353141655249654,0.219539886412843,0.0548922935759529,0.218815271201021,0.209760221551762
0.43216709297483,0.348897604655411,0.214306249987604,0.0501133620635098,0.214980965475136,0.205003142756115
0.427944343215201,0.344573251721074,0.208983074437695,0.0452533822749701,0.211063170558381,0.20015820459964
0.423638146848183,0.340169174368567,0.203570769044289,0.0403125638813682,0.207062179933643,0.195225886551048
0.419249091057948,0.335685957160832,0.198069742992792,0.0352911141021952,0.20297828822149,0.190206672877156
0.414777769531448,0.331124190834074,0.192480404945059,0.0301892372519519,0.198811790765398,0.185101052236805
0.410224781975491,0.326484471850864,0.186803162627215,0.0250071342984921,0.194562983230692,0.179909517290556
0.405590733656176,0.321767401975825,0.181038422434457,0.0197450024344844,0.190232161218737,0.174632564327865
0.400876234962501,0.316973587875699,0.175186589054313,0.0144030346634301,0.18581961989802,0.169270692913449
0.396081900995927,0.31210364074547,0.169248065109751,0.00898141940156869,0.181325653653627,0.163824405554504
0.391208351187866,0.307158175962544,0.163223250823873,0.00348034009738662,0.176750555757033,0.158294207390767
0.386256208946995,0.302137812770804,0.157112543707816,-0.00210002512970205,0.172094618057907,0.152680605909283
0.381226101338417,0.297043173996566,0.150916338273697,-0.00775950382964326,0.167358130699965,0.146984110685977
0.376118658796861,0.291874885798639,0.144635025774708,-0.0134979295389803,0.162541381862974,0.141205233156293
0.370934514875986,0.286633577454531,0.138268993974292,-0.0193151420730168,0.157644657533065,0.135344486417123
0.365674306036156,0.28131988118522,0.131818626946825,-0.0252109877905699,0.152668241303759,0.129402385062578
0.360338671473144,0.275934432020954,0.125284304912294,-0.0311853198287466,0.147612414210291,0.123379445056285
0.354928252990147,0.270477867710542,0.118666404107515,-0.0372379983051825,0.142477454599836,0.117276183642924
0.349443694915981,0.264950828677026,0.111965296696985,-0.0433688904846431,0.137263638040703,0.111093119302183
0.343885644072123,0.259353958022532,0.105181350726344,-0.0495778709068849,0.13197123727352,0.104830771748268
0.338254749791671,0.253687901585413,0.0983149301219675,-0.0558648214722854,0.126600522207812,0.0984896619784799
0.332551663993469,0.247953308053081,0.0913663947404062,-0.062229631481319,0.121151759967689,0.0920703123746991
0.326777041314678,0.24215082913392,0.0843361004716619,-0.068672197623889,0.115625214990453,0.0855732468616787
0.320931539305488,0.236281119792119,0.0772243994006971,-0.0751924239138915,0.110021149182426,0.0789989911265626
0.315015818689888,0.230344838549524,0.070031640032064,-0.0817902215640428,0.104339822136597,0.0723480729043689
0.309030543696499,0.224342647858694,0.0627581675826725,-0.0884655087956812,0.0985814914169345,0.0656210223343371
0.302976382464069,0.21827521455196,0.0554043243485823,-0.0952182105774962,0.0927464129148579,0.0588183723927928
0.296854007526253,0.212143210371363,0.0479704501518267,-0.102048258286885,0.0868348412835083,0.0519406594082453
0.290664096380803,0.205947312584837,0.0404568828740394,-0.108955589286808,0.0808470304561683,0.0449884236651489
0.284407332148724,0.199688204694485,0.0328639590843233,-0.115940146410435,0.0747832342556249,0.0379622101032708
0.278084404329119,0.193366577242972,0.0251920147691673,-0.123001877345224,0.0686437071017594,0.0308625691199607
0.271696009656115,0.186983128724795,0.0174413861732405,-0.130140733907223,0.0624287048253412,0.0236900574834344
0.265242853064667,0.180538566609549,0.00961241076055369,-0.137356671195437,0.0561384855967412,0.0164452393658007
0.258725648772384,0.174033608484807,0.00170542830620535,-0.144649646615428,0.0497733109787329,0.00912868750507658
0.252145121485349,0.167468983326962,-0.00627921786985602,-0.152019618759914,0.0433334471137219,0.00174098450653303
0.245502007736191,0.160845432908821,-0.0143411795149326,-0.15946654613337,0.036819166056209,-0.00571727570580408
0.238797057363486,0.154163713353511,-0.0224801018880946,-0.166990385706153,0.0302307472624852,-0.0132454862755534
0.232031035142198,0.147424596845013,-0.0306956220225106,-0.174591091282332,0.0235684792504861,-0.0208430256253799
0.225204722575494,0.140628873506234,-0.0389873667897774,-0.182268611664104,0.016832661443715,-0.0285092554796206
0.218318919859114,0.133777353456496,-0.0473549507489648,-0.190022888593864,0.0100236062144596,-0.0362435186830662
0.211374448030383,0.126870869061217,-0.055797973761375,-0.197853854453202,0.00314164114277607,-0.0440451367995883
0.204372151314544,0.119910277387274,-0.0643160183507212,-0.205761429696389,-0.00381288849102757,-0.0519134074732358
0.19731289968243,0.112896462878869,-0.0729086467861093,-0.213745519993422,-0.0108396169609776,-0.0598476015326383
0.190197591634095,0.105830340269457,-0.0815753978636465,-0.221806013055676,-0.0179381550762304,-0.067846959818375
0.183027157224357,0.0987128577466466,-0.0903157833600674,-0.229942775114458,-0.0251080868653946,-0.0759106897111341
0.175802561347297,0.0915450003881738,-0.0991292841294142,-0.238155647019921,-0.0323489659396839,-0.084037961336662
0.16852480729781,0.0843277938881886,-0.108015345811434,-0.246444439924905,-0.0396603115084375,-0.0922279034218492
0.161194940629769,0.0770623085946219,-0.116973374117367,-0.254808930514699,-0.047041604018073,-0.100479598774001
0.153814053331689,0.0697496638798457,-0.126002729655776,-0.263248855740009,-0.0544922803832326,-0.108792079353203
0.146383288342048,0.062391032868178,-0.135102722258025,-0.271763907006652,-0.06201172877647,-0.117164320905532
0.138903844428243,0.0549876475457432,-0.144272604759031,-0.280353723770592,-0.0695992829397593,-0.125595237121983
0.131376981454454,0.04754080427955,-0.153511566185487,-0.289017886482553,-0.077254215978453,-0.134083673285659
0.123804026065582,0.0400518697747181,-0.162818724299303,-0.297755908820852,-0.0849757335949312,-0.142628399366661
0.116186377816202,0.0325222875006196,-0.172193117439457,-0.30656722914531,-0.0927629667157385,-0.151228102521033
0.108525515775174,0.0249535846185675,-0.181633695600858,-0.315451201098973,-0.100614963462535,-0.159881378947078
0.10082300563865,0.0173473794458731,-0.191139310683267,-0.324407083277313,-0.108530680413105,-0.168586725048666
0.0930805073862808,0.00970538949332121,-0.200708705837743,-0.333434027877007,-0.11650897309448,-0.177342527851546
0.0852997835172519,0.00202944011503858,-0.210340503832223,-0.342531068228573,-0.124548585646051,-0.186147054615023
0.0774827079053645,-0.00567852618753466,-0.220033194350987,-0.351697105107833,-0.1326481395855,-0.19499844157693
0.0696312753141763,-0.0134164397639323,-0.229785120136237,-0.360930891712022,-0.140806121605801,-0.203894681766035
0.0617476116157624,-0.0211820930689192,-0.239594461872409,-0.370231017175825,-0.149020870326154,-0.212833611811309
0.0538339847589129,-0.0289731291240276,-0.249459221706113,-0.379595888491442,-0.157290561914281,-0.22181289767302
0.0458928165347226,-0.0367870291354714,-0.259377205286607,-0.389023710685188,-0.165613194492137,-0.230830019216134
0.0379266951899472,-0.0446210992150028,-0.269346002203038,-0.398512465090206,-0.173986571231139,-0.239882253541628
0.0299383889407638,-0.0524724561479798,-0.279362964685817,-0.408059885541475,-0.182408282037173,-0.248966656986611
0.0219308604414168,-0.0603380121510033,-0.289425184430818,-0.417663432305469,-0.190875683719978,-0.258080045699734
0.0139072822645836,-0.06821445855917,-0.299529467395465,-0.427320263541699,-0.199385878535389,-0.267218974693571
0.00587105345170028,-0.0760982483816236,-0.309672306407233,-0.437027204078731,-0.207935690983658,-0.276379715271807
-0.00217418280684667,-0.0839855776625271,-0.319849851416011,-0.446780711271652,-0.216521642741617,-0.285558230725132
-0.0102245203005658,-0.0918723655836413,-0.33005787721356,-0.456576837692779,-0.225139925601813,-0.294750150186582
-0.0182757696752557,-0.0997542332445178,-0.340291748436184,-0.466411190392966,-0.233786372287999,-0.303950740535027
-0.0263234369951342,-0.107626481056478,-0.350546381660563,-0.476278886457075,-0.242456425013543,-0.313154876234106
-0.0343627009295267,-0.115484064687691,-0.360816204398499,-0.486174504565321,-0.251145101647898,-0.322357006994214
-0.0423883885046859,-0.123321569499144,-0.371095110795134,-0.496092032263631,-0.25984695935734,-0.331551123147444
-0.0503949493634193,-0.13113318341433,-0.381376413836559,-0.506024808640508,-0.26855605558881,-0.34073071862939
-0.0583764284794203,-0.138912668170815,-0.391652793879424,-0.51596546210885,-0.277265906272392,-0.349888751469279
-0.0663264372781117,-0.146653328908233,-0.40191624332682,-0.525905842998644,-0.285969441127824,-0.359017601700257
-0.0742381231228333,-0.154347982055968,-0.412158007293639,-0.535836950683879,-0.294658955975205,-0.368109026616407
-0.0821041371343323,-0.161988921495042,-0.422368520132723,-0.545748854997262,-0.303326061971036,-0.377154113323036
-0.089916600322585,-0.169567882982318,-0.432537337731623,-0.555630611732061,-0.311961631717912,-0.38614322855218
-0.0976670680238942,-0.177076006842033,-0.442653065541565,-0.565470172096336,-0.320555742232114,-0.395065965747816
-0.105346492653398,-0.184503798950341,-0.452703282368527,-0.575254286076141,-0.329097614799151,-0.403911089466243
-0.112945184802975,-0.191841090062605,-0.462674460042334,-0.584968399785162,-0.337575551803739,-0.412666477186512
-0.120452772739093,-0.199076993562317,-0.472551879189174,-0.594596547037062,-0.345976870691239,-0.421319058686847
-0.12785816038301,-0.206199861743957,-0.482319541467004,-0.60412123557863,-0.354287835302192,-0.429854753215129
-0.135149483888613,-0.213197240781004,-0.491960078787147,-0.613523328675463,-0.362493584923291,-0.438258404767243
-0.142314066970912,-0.220055824574952,-0.501454660242076,-0.622781923054798,-0.370578061518511,-0.446513715887413
-0.149338375180775,-0.226761407731372,-0.510782897691411,-0.631874224589064,-0.378523935744014,-0.454603180519962
-0.156207969369603,-0.233298837965421,-0.519922751228737,-0.6407754235556,-0.386312532511745,-0.462508016573581
-0.162907458641204,-0.239651968301696,-0.528850436061895,-0.649458571836763,-0.393923757049589,-0.470208099007248
-0.169420453146515,-0.245803609501052,-0.537540332687066,-0.6578944650296,-0.401336022609453,-0.477681894409983
-0.175729517140503,-0.251735483220407,-0.545964902620342,-0.666051533111514,-0.408526181198063,-0.48490639822453
-0.18181612278813,-0.25742817648859,-0.554094612360301,-0.673895744042617,-0.415469458943906,-0.49185707595345
-0.187660605276889,-0.262861098161283,-0.561897868680442,-0.681390525453524,-0.422139397962599,-0.498507809881632
-0.193242119865956,-0.268012438098802,-0.569340968772555,-0.688496710330863,-0.428507806833657,-0.504830853045197
-0.198538601573696,-0.272859129889059,-0.576388069155774,-0.695172513316398,-0.434544722042187,-0.510796792364345
-0.203526728274038,-0.277376818011329,-0.583001177598336,-0.701373544806841,-0.440218382954633,-0.516374523026105
-0.20818188803479,-0.281539830400426,-0.589140172529305,-0.707052870387586,-0.445495223069914,-0.521531236338704
-0.212478151582639,-0.285321157420011,-0.594762854495949,-0.712161123144383,-0.450339880392544,-0.526232423365192
-0.216388250816514,-0.288692438282918,-0.599825034096114,-0.716646675952182,-0.454715229788069,-0.53044189666273
-0.219883564306864,-0.291623955958453,-0.604280660425705,-0.720455879816435,-0.458582440074156,-0.534121832383946
-0.222934110707531,-0.294084641574691,-0.608081993375758,-0.723533372631475,-0.46190105834481,-0.537232834817854
-0.225508550962626,-0.296042089250478,-0.611179822046901,-0.72582246025047,-0.464629123593309,-0.539734025139615
-0.22757420010591,-0.297462582169095,-0.613523730094589,-0.727265568518764,-0.46672331106884,-0.541583155683218
-0.229097049317942,-0.298311130526676,-0.615062406978397,-0.727804760980154,-0.468139107959193,-0.542736750437088
-0.23004179872027,-0.29855152174694,-0.615744001901529,-0.727382312501666,-0.468831019935698,-0.543150271685196
-0.230371901140052,-0.298146383044829,-0.615516514775622,-0.725941324369496,-0.468752806842232,-0.542778311781384
-0.230049616769045,-0.297057256042809,-0.614328215961731,-0.723426361885861,-0.467857744392665,-0.541574807971409
-0.229374209869018,-0.295596101311375,-0.612610168948588,-0.720330771479186,-0.46652548455199,-0.539914596309941
-0.228674220608465,-0.294104794738935,-0.61083303626715,-0.717190208947339,-0.465171563318548,-0.538208003333223
-0.227948638190892,-0.29258240928154,-0.608995926561617,-0.714003930873045,-0.463794896663699,-0.536453964410604
-0.227196466932585,-0.291028036494143,-0.60709799139469,-0.710771236663469,-0.462394422697208,-0.53465144476165
-0.226416730005304,-0.289440790365481,-0.605138430290361,-0.707491473801967,-0.460969106333175,-0.532799444154607
-0.225608469807464,-0.287819807643111,-0.603116490914896,-0.70416403758693,-0.459517939691985,-0.530896997385673
-0.224770748329563,-0.286164248148269,-0.601031469204564,-0.700788370820569,-0.458039942488847,-0.52894317473663
-0.223902647513151,-0.284473295079799,-0.598882709439434,-0.697363963447958,-0.45653416240762,-0.526937082409451
-0.223003269602684,-0.282746155306502,-0.596669604262757,-0.69389035214689,-0.454999675458519,-0.524877862936499
-0.222071737489602,-0.280982059647252,-0.594391594645796,-0.69036711986943,-0.453435586318603,-0.522764695565139
-0.221107195047966,-0.279180263138226,-0.592048169797951,-0.686793895336084,-0.451841028653733,-0.520596796615465
-0.220108807461017,-0.277340045286657,-0.589638867022434,-0.68317035248384,-0.450215165420952,-0.518373419810066
-0.21907576153803,-0.275460710310522,-0.587163271517868,-0.679496209869513,-0.448557189150219,-0.51609385657479
-0.218007266020839,-0.273541587363597,-0.584621016126324,-0.675771230029855,-0.446866322204491,-0.513757436309473
-0.216902551879446,-0.271582030745393,-0.582011781028647,-0.671995218800308,-0.445141817017258,-0.511363526627825
-0.215760872596125,-0.269581420095442,-0.579335293387941,-0.668168024594145,-0.443382956306706,-0.508911533565613
-0.214581504437465,-0.267539160571479,-0.576591326942363,-0.664289537644075,-0.441589053265716,-0.506400901756445
-0.213363746713824,-0.265454683011154,-0.573779701548586,-0.660359689208454,-0.43975945172707,-0.503831114574579
-0.212106922025653,-0.263327444076789,-0.57090028267724,-0.65637845074426,-0.437893526303241,-0.501201694244175
-0.210810376496246,-0.261156926382926,-0.567952980862074,-0.652345833049201,-0.435990682500265,-0.498512201914603
-0.209473479990418,-0.258942638606305,-0.564937751104482,-0.648261885375344,-0.434050356805314,-0.495762237701495
-0.208095626318676,-0.256684115578009,-0.561854592235285,-0.644126694516639,-0.432072016747568,-0.492951440693258
-0.206676233426532,-0.254380918357565,-0.558703546235767,-0.639940383872924,-0.43005516093224,-0.490079488922998
-0.205214743568516,-0.252032634288798,-0.555484697519976,-0.635703112492822,-0.427999319047504,-0.487146099305762
-0.203710623466596,-0.249638877037286,-0.552198172180506,-0.631415074098093,-0.425904051844324,-0.484151027541175
-0.2021633644527,-0.247199286609355,-0.54884413720002,-0.62707649609202,-0.423768951089206,-0.481094067981708
-0.20057248259504,-0.244713529352494,-0.545422799630729,-0.62268763855422,-0.421593639489937,-0.477975053466746
-0.198937518808022,-0.242181297937213,-0.541934405744267,-0.618248793224471,-0.419377770594552,-0.474793855122863
-0.19725803894556,-0.23960231132039,-0.538379240154343,-0.613760282477983,-0.417121028663776,-0.471550382130785
-0.195533633877587,-0.236976314690099,-0.534757624914518,-0.609222458294463,-0.414823128517319,-0.468244581459485
-0.193763919549686,-0.234303079392126,-0.531069918593661,-0.604635701223416,-0.412483815354437,-0.464876437568157
-0.191948537025713,-0.231582402838253,-0.527316515331404,-0.600000419347888,-0.410102864549298,-0.461445972076672
-0.190087152513398,-0.228814108396535,-0.523497843876094,-0.59531704724889,-0.40768008142168,-0.457953243405349
-0.188179457372885,-0.225998045263816,-0.519614366607658,-0.590586044972693,-0.405215300983732,-0.454398346384926
-0.186225168108248,-0.223134088320715,-0.515666578547707,-0.585807897002911,-0.402708387663424,-0.450781411837594
-0.184224026342061,-0.220222137969462,-0.511655006359296,-0.580983111239506,-0.400159235005526,-0.447102606130172
-0.182175798773093,-0.217262119954848,-0.507580207338589,-0.576112217986413,-0.397567765350907,-0.443362130700417
-0.180080277117288,-0.214253985168746,-0.503442768400685,-0.571195768949636,-0.394933929495029,-0.4395602215576
-0.177937278032209,-0.211197709438594,-0.499243305061839,-0.566234336247501,-0.39225770632661,-0.43569714875856
-0.175746643025133,-0.208093293300276,-0.494982460420115,-0.561228511434537,-0.389539102447356,-0.431773215860369
-0.17350823834506,-0.2049407617559,-0.490660904136567,-0.556178904540497,-0.386778151773816,-0.427788759350909
-0.171221954858919,-0.201740164017,-0.486279331418937,-0.551086143125895,-0.383974915122389,-0.423744148058666
-0.168887707912249,-0.198491573233643,-0.481838462009677,-0.545950871355197,-0.381129479778513,-0.419639782542977
-0.166505437174741,-0.195195086210084,-0.477339039180181,-0.540773749088936,-0.37824195905118,-0.415476094466181
-0.164075106470988,-0.191850823107483,-0.472781828732875,-0.535555450995666,-0.375312491813827,-0.411253545948936
-0.161596703596818,-0.188458927134306,-0.468167618012776,-0.53029666568474,-0.372341242032746,-0.406972628910113
-0.159070240121715,-0.185019564225099,-0.463497214930122,-0.524998094860757,-0.36932839828414,-0.402633864392693
-0.156495751177687,-0.181532922708182,-0.458771446995405,-0.519660452500377,-0.366274173260964,-0.398237801876983
-0.153873295235117,-0.177999212962968,-0.453991160368178,-0.514284464052097,-0.363178803270603,-0.393785018582548
-0.151202953866091,-0.174418667067608,-0.449157218920917,-0.508870865659678,-0.360042547724678,-0.389276118760323
-0.148484831495688,-0.170791538437568,-0.444270503318991,-0.503420403409465,-0.356865688621864,-0.38471173297613
-0.14571905514181,-0.16711810145589,-0.439331910117889,-0.497933832602184,-0.353648530025067,-0.380092517387116
-0.142905774144082,-0.163398651095805,-0.434342350878573,-0.492411917049317,-0.35039139753383,-0.375419153012312
-0.140045159882381,-0.159633502536381,-0.429302751301873,-0.486855428394381,-0.347094637753188,-0.370692344998709
-0.13713740548562,-0.155822990771953,-0.424214050382701,-0.481265145459215,-0.343758617759944,-0.365912821884138
-0.134182725531332,-0.151967470215988,-0.419077199584754,-0.475641853615321,-0.34038372456739,-0.361081334858174
-0.131181355736658,-0.148067314300087,-0.413893162036288,-0.469986344180246,-0.336970364589478,-0.35619865702232
-0.128133552641413,-0.144122915068895,-0.408662911747595,-0.46429941383902,-0.333518963105395,-0.351265582650701
-0.12503959328373,-0.14013468277145,-0.403387432850456,-0.458581864090406,-0.330029963725453,-0.346282926452326
-0.121899774869028,-0.136103045449853,-0.398067718860125,-0.452834500717911,-0.326503827859213,-0.341251522836181
-0.118714414432826,-0.132028448525758,-0.392704771960014,-0.447058133285257,-0.322941034186675,-0.336172225180088
-0.115483848498049,-0.127911354385426,-0.387299602309329,-0.441253574656027,-0.319342078133325,-0.331045905104446
-0.112208432727498,-0.123752241964021,-0.381853227373925,-0.435421640537291,-0.315707471349907,-0.325873451751865
-0.108888541572015,-0.119551606329696,-0.376366671280328,-0.4295631490467,-0.312037741197528,-0.320655771073552
-0.105524567914998,-0.115309958268162,-0.370840964193072,-0.42367892030278,-0.308333430238887,-0.315393785123404
-0.102116922713893,-0.111027823868339,-0.365277141715352,-0.417769776037996,-0.304595095736263,-0.310088431360696
-0.0986660346391907,-0.106705744109625,-0.359676244312841,-0.411836539234059,-0.300823309156803,-0.304740661962049
-0.0951723497115964,-0.102344274451438,-0.35403931676068,-0.405880033779153,-0.297018655685815,-0.299351443143579
-0.0916363309378767,-0.0979439844254959,-0.348367407613385,-0.399901084146438,-0.293181733748426,-0.293921754493804
-0.0880584579459824,-0.0935054572314202,-0.34266156869754,-0.39390051509341,-0.28931315454023,-0.288452588318032
-0.0844392266200174,-0.0890292893361825,-0.336922854627047,-0.387879151381602,-0.285413541567277,-0.282944948994861
-0.080779148735549,-0.0845160900778282,-0.331152322340622,-0.381837817516041,-0.281483530195877,-0.277399852345283
-0.0770787515957914,-0.0799664812739854,-0.32535103066126,-0.375777337503886,-0.277523767212458,-0.271818325014936
-0.0733385776692161,-0.0753810968356289,-0.319520039877392,-0.369698534631826,-0.273534910393983,-0.266201403870026
-0.0695591842289977,-0.0707605823864422,-0.313660411345273,-0.363602231261472,-0.269517628089008,-0.26055013540723
-0.0657411429948442,-0.0661055948882804,-0.307773207112347,-0.357489248642363,-0.265472598809768,-0.254865575178063
-0.0618850397776125,-0.0614168022730111,-0.301859489561091,-0.351360406741875,-0.261400510835434,-0.249148787227976
-0.0579914741271587,-0.0566948830811455,-0.295920321072958,-0.3452165240915,-0.257302061826687,-0.243400843550463
-0.0540610589838718,-0.0519405261076092,-0.289956763712034,-0.339058417648986,-0.253177958451839,-0.237622823556519
-0.0500944203342211,-0.0471544300548821,-0.283969878927868,-0.332886902675641,-0.249028916024474,-0.231815813559531
-0.0460921968707374,-0.042337303193843,-0.277960727277068,-0.326702792628305,-0.244855658152774,-0.22598090627582
-0.0420550396568037,-0.0374898630326194,-0.271930368163238,-0.320506899065453,-0.240658916400534,-0.220119200341034
-0.037983611796499,-0.0326128359935479,-0.265879859594636,-0.314300031566739,-0.236439429959854,-0.214231799842325
-0.0338785881099404,-0.0277069570986326,-0.259810257959262,-0.308082997665593,-0.232197945335528,-0.208319813866542
-0.029740654814277,-0.0227729696635335,-0.253722617816694,-0.30185660279416,-0.227935216041051,-0.202384356064317
-0.0255705092107068,-0.0178116250003466,-0.247617991706284,-0.295621650240122,-0.223652002306162,-0.196426544230109
-0.0213688593777309,-0.0128236821293274,-0.241497429971233,-0.289378941114884,-0.219349070795867,-0.190447499898174
-0.0171364238708697,-0.00780990749961868,-0.235361980597944,-0.283129274332522,-0.215027194340795,-0.184448347954335
-0.0128739314290325,-0.00277107471912783,-0.229212689070227,-0.276873446599,-0.210687151678703,-0.17843021626347
-0.00858212068779486,0.00229203570632465,-0.223050598237871,-0.270612252411222,-0.206329727207079,-0.172394235312652
-0.0042617398996475,0.00737863662461553,-0.216876748198988,-0.264346484065252,-0.201955710746514,-0.166341537869665
8.64533385305233e-05,0.0124879344795452,-0.21069217619575,-0.258076931673403,-0.197565897314794,-0.160273258656859
0.00446169235072645,0.0176191295437076,-0.204497916522937,-0.251804383189554,-0.193161086911361,-0.154190534040044
0.00886320163966112,0.0227714161420288,-0.198295000448795,-0.245529624442287,-0.188742084312,-0.148094501732192
0.0132901971371077,0.0279439828658653,-0.192084456147836,-0.239253439175422,-0.184309698873492,-0.141986300511846
0.0177418864467056,0.0331360127778329,-0.185867308644931,-0.232976609095409,-0.179864744347931,-0.135867069955775
0.0222174690791513,0.0383466836073399,-0.179644579770311,-0.226699913925175,-0.175408038706475,-0.129737950185733
0.0267161366797191,0.0435751679368417,-0.173417288125031,-0.220424131464039,-0.17094040397226,-0.123600081629017
0.0312370732481886,0.0488206333790269,-0.167186449056305,-0.214150037653161,-0.166462666062125,-0.117454604792408
0.0357794553510606,0.0540822427448684,-0.160953074642391,-0.20787840664624,-0.161975654636921,-0.111302660049334
0.0403424523261961,0.0593591542027756,-0.154718173686458,-0.201610010884944,-0.157480202960053,-0.105145387439749
0.0449252264798641,0.0646505214289128,-0.148482751719016,-0.195345621178723,-0.152977147763906,-0.0989839264824692
0.0495269332762262,0.0699554937487975,-0.142247811008512,-0.189086006788663,-0.148467329123951,-0.0928194159996183
0.0541467215193899,0.075273216270377,-0.136014350579571,-0.182831935514916,-0.143951590340056,-0.0866529939527334
0.0587837335280973,0.0806028300087347,-0.129783366238462,-0.176584173787361,-0.139430777824749,-0.0804857972901717
0.0634371053030951,0.0859434720025443,-0.123555850605451,-0.17034348675923,-0.134905740998132,-0.0743189618054989
0.0681059666874055,0.0912942754225477,-0.117332793153461,-0.164110638403158,-0.130377332188972,-0.0681536220063158
0.0727894415195089,0.0966543696721611,-0.111115180252779,-0.157886391609528,-0.125846406541804,-0.0619909109932642
0.0774866477796848,0.102022880480483,-0.104903995221276,-0.151671508286588,-0.121313821929519,-0.0558319603486807
0.0821966977296214,0.107398929987914,-0.0987002183797811,-0.145466749462097,-0.11678043887122,-0.0496779000345046
0.0869186980454212,0.112781636824542,-0.0925048271122654,-0.139272875386219,-0.112247120454942,-0.0435298582990989
0.0916517499442782,0.11817011618165,-0.0863187959303098,-0.133090645635218,-0.107714732264887,-0.0373889615923984
0.0963949493049542,0.123563479876499,-0.0801430965415805,-0.126920819215758,-0.1031841423128,-0.0312563344890563
0.101147386782244,0.128960836410663,-0.0739786979218999,-0.120764154669472,-0.098656220973218,-0.0251330996191614
0.105908147915733,0.134361291022227,-0.0678265663904604,-0.114621410177438,-0.0941318409221126,-0.019020377605959
0.110676313232949,0.139763945732032,-0.0616876656879395,-0.108493343664394,-0.089611877078694,-0.0129192870103019
0.115450958347274,0.145167899384328,-0.0555629570570072,-0.102380712902263,-0.0850972065499565,-0.00683094428122714
0.120231154050774,0.150572247682109,-0.0494533993249275,-0.0962842756127894,-0.0805887085776072,-0.000756463712282593
0.125015966402229,0.155976083217363,-0.043359948987917,-0.0902047895690115,-0.0760872644871098,0.00530304259682221
0.129804456810645,0.161378495496605,-0.0372835602968337,-0.0841430126952395,-0.0715937576384003,0.011346464773755
0.134595682114535,0.166778570962027,-0.0312251853438557,-0.078099703165289,-0.067109073377974,0.0173726952027513
0.139388694657178,0.172175393008442,-0.0251857741498792,-0.0720756194987693,-0.0626340989920342,0.0233806285497811
0.144182542358282,0.177568041996556,-0.0191662747521327,-0.0660715206550231,-0.0581697236602827,0.0293691617843565
0.148976268782204,0.182955595262681,-0.0131676332918362,-0.0600881661246161,-0.0537168384100988,0.0353371941982103
0.15376891320316,0.18833712712539,-0.00719079410142072,-0.0541263160180018,-0.0492763360707197,0.041283627421461
0.158559510667699,0.193711708889396,-0.00123669979102196,-0.0481867311511346,-0.0448491112270862,0.0472073654366615
0.163347092054713,0.199078408846944,0.00469370866602994,-0.0422701731278519,-0.0404360601730934,0.0531073145911086
0.168130684133422,0.204436292277194,0.0105994918491755,-0.0363774044186743,-0.0360380808638355,0.0589823836079899
0.172909309619605,0.209784421443865,0.0164797118083075,-0.0305091884358165,-0.0316560728665646,0.0648314835967264
0.177681987230415,0.215121855591506,0.0223334319834615,-0.0246662896042409,-0.0272909373100909,0.0706535280629276
0.182447731738193,0.220447650940835,0.0281597171269622,-0.0188494734283624,-0.0229435768322055,0.0764474329185097
0.187205554023579,0.225760860683435,0.0339576332282055,-0.0130595065543346,-0.0186148955249521,0.0822121164922658
0.191954461128318,0.231060534976247,0.0397262474415129,-0.00729715682755196,-0.0143057988773205,0.0879464995414385
0.196693456308155,0.236345720936255,0.0454646280173462,-0.00156319334518497,-0.010017193715144,0.0936495052646749
0.20142153908612,0.241615462635681,0.0511718442371284,0.00414161349642643,-0.00574998813790668,0.0993200593167336
0.206137705306674,0.246868801098168,0.0568469663521004,0.00981649195985355,-0.0015050914521245,0.104957089825457
0.21084094719107,0.252104774296331,0.062489065526474,0.0154606689302993,0.00271658589893821,0.110559527411365
0.21553025339427,0.25732241715102,0.0680972137851223,0.021073369885132,0.00691413240947944,0.116126305210229
0.220204609063925,0.26252076153282,0.0736704839662722,0.0266538188695752,0.0110866355896144,0.121656358899151
0.224862995901695,0.267698836266065,0.079207949679323,0.0322012384786236,0.0152331820482685,0.127148626726367
0.229504392227403,0.272855667135912,0.0847086852682408,0.0377148498455157,0.019352857580815,0.132602049545333
0.234127773046414,0.27799027689881,0.090171765780753,0.0431938726369146,0.0234447472616914,0.138015570853337
0.238732110120573,0.283101685296802,0.095596266943613,0.0486375250549698,0.0275079355421647,0.143388136835044
0.243316372043224,0.288188909076108,0.100981265144306,0.0540450238465416,0.0315415063535817,0.148718696411361
0.24787952431866,0.293250962010425,0.106325837419429,0.05941558431973,0.035544543216243,0.154006201293931
0.252420529446386,0.298286854929296,0.111629061449993,0.0647484203678637,0.0395161293540988,0.159249606045583
0.256938347010706,0.303295595752109,0.116890015564039,0.0700427445012491,0.0434553478155546,0.164447868147122
0.261431933775928,0.308276189528012,0.122107778746683,0.0752977678867072,0.0473612816004414,0.169599948070682
0.265900243787695,0.313227638482297,0.127281430657997,0.0805127003952036,0.0512330137934518,0.174704809360028
0.270342228480811,0.318148942069622,0.132410051658917,0.085686750657681,0.055069627704124,0.179761418718056
0.274756836793937,0.323039097034493,0.137492722845397,0.0908191261292114,0.0588702070135442,0.184768746101722
0.279143015291626,0.327897097479471,0.142528526091141,0.0959090331617087,0.0626338359279163,0.189725764824745
0.283499708294059,0.332721934941529,0.147516544099093,0.100955677085302,0.0663595993391385,0.194631451668274
0.28782585801484,0.337512598476914,0.152455860461888,0.105958262298459,0.0700465829924231,0.199484786999707
0.292120404707326,0.342268074755039,0.157345559731576,0.110915992367084,0.073693873661167,0.204284754899974
0.296382286819764,0.346987348161707,0.1621847274987,0.115828070132603,0.0773005593290504,0.209030343299361
0.300610441159692,0.351669400912159,0.166972450481048,0.120693697829217,0.0808657293794757,0.213720544122122
0.304803803067929,0.356313213174314,0.171707816622192,0.125512077210401,0.084388474792425,0.21835435344002
0.30896130660246,0.360917763202535,0.176389915199978,0.130282409684657,0.0878678883486657,0.222930771634863
0.31308188473265,0.365482027482421,0.1810178369452,0.135003896460731,0.0913030648414478,0.227448803570248
0.317164469544012,0.370004980886867,0.185590674170513,0.139675738702194,0.0946931012955652,0.231907458772507
0.321207992453881,0.374485596843818,0.190107520909779,0.144297137691545,0.0980370971938407,0.236305751620955
0.32521138443832,0.378922847516083,0.194567473067955,0.148867295003818,0.101334154710963,0.240642701547525
0.329173576270414,0.383315703993423,0.198969628581563,0.153385412689667,0.104583378954577,0.244917333245678
0.333093498770347,0.38766313649735,0.2033130875899,0.157850693467989,0.107783878213604,0.249128676888715
0.33697008306741,0.391964114598867,0.207596952617017,0.162262340928044,0.110934764213651,0.253275768357385
0.340802260874121,0.39621760744938,0.211820328764451,0.166619559740948,0.114035152379353,0.257357649476682
0.344588964772754,0.400422584025141,0.215982323914861,0.170921555880642,0.117084162103578,0.261373368261858
0.348329128514298,0.404578013385302,0.220082048946408,0.175167536854068,0.120080917023225,0.265321979173377
0.352021687330078,0.408682864943916,0.224118617957995,0.179356711940608,0.123024545301503,0.269202543380796
0.355665578256099,0.412736108755968,0.228091148505234,0.183488292440573,0.125914179916419,0.2730141290353
0.359259740470164,0.416736715817587,0.23199876184708,0.187561491932624,0.128748958955257,0.276755811550709
0.362803115641828,0.420683658380592,0.235840583203062,0.19157552653996,0.13152802591477,0.280426673892725
0.366294648295206,0.42457591028142,0.239615742020985,0.195529615205114,0.134250530006825,0.284025806876132
0.369733286184529,0.428412447284451,0.243323372254884,0.19942297997306,0.136915626469127,0.287552309469622
0.373117980682468,0.432192247439804,0.246962612653178,0.203254846282509,0.139522476880768,0.291005289107972
0.376447687181032,0.435914291455496,0.250532607056668,0.207024443265035,0.142070249482166,0.294383862011122
0.379721365504932,0.439577563083948,0.254032504706262,0.210731004051801,0.144558119499055,0.297687153509816
0.382937980337221,0.443181049522702,0.25746146056011,0.214373766087576,0.146985269470112,0.300914298377362
0.386096501656922,0.446723741829156,0.260818635619826,0.217951971451652,0.149350889577776,0.30406444116701
0.389195905188409,0.450204635349167,0.264103197265526,0.221464867185381,0.151654177981822,0.307136736554505
0.392235172862209,0.453622730159257,0.267314319599285,0.224911705625884,0.153894341155225,0.310130349685275
0.395213293286782,0.456977031522052,0.270451183796619,0.228291744745535,0.156070594221782,0.31304445652566
0.398129262230965,0.460266550354731,0.273512978465602,0.231604248496805,0.158182161295034,0.315878244217683
0.40098208311649,0.463490303709945,0.276498900013118,0.234848487161964,0.160228275817896,0.318630911436661
0.403770767520141,0.466647315268849,0.279408153017803,0.238023737707192,0.162208180902478,0.321301668751079
0.406494335684943,0.469736615845721,0.282239950609152,0.241129284140565,0.164121129669532,0.323889738984065
0.409151817039738,0.472757243903549,0.284993514852196,0.244164417873373,0.165966385586889,0.326394357575718
0.411742250726531,0.475708246080056,0.287668077137256,0.247128438084223,0.167743222806343,0.328814772945659
0.414264686134849,0.478588677723448,0.290262878574087,0.250020652085366,0.169450926498337,0.331150246855023
0.416718183442347,0.481397603437143,0.292777170389812,0.252840375690574,0.171088793183804,0.333400054767145
0.419101814160861,0.48413409763277,0.295210214329982,0.255586933584033,0.17265613106257,0.335563486206198
0.421414661687025,0.48679724509053,0.297561283062044,0.258259659689518,0.174152260337616,0.337639845112958
0.423655821856575,0.489386141526099,0.299829660580529,0.260857897539261,0.175576513534586,0.339628450196942
0.425824403501347,0.491899894163106,0.3020146426132,0.263381000641795,0.176928235815853,0.34152863528408
0.427919529008012,0.494337622310203,0.304115537027378,0.265828332848052,0.178206785288476,0.343339749659103
0.429940334877492,0.496698457941706,0.306131664235698,0.268199268715075,0.179411533305388,0.345061158401847
0.431885972284011,0.49898154628073,0.308062357600452,0.270493193866553,0.180541864759143,0.346692242716616
0.433755607632628,0.501186046383664,0.3099069638357,0.27270950534948,0.181597178367537,0.348232400253791
0.43554842311419,0.50331113172487,0.311664843406333,0.274847611986188,0.18257688695047,0.349681045422857
0.437263617256452,0.505355990780347,0.313335370923196,0.276906934721002,0.183480417697349,0.351037609696007
0.438900405470254,0.50731982760918,0.314917935533436,0.278886906960766,0.184307212424409,0.352301541901535
0.440458020589493,0.509201862431447,0.316411941305202,0.280786974908492,0.18505672782132,0.353472308506185
0.441935713403675,0.511001332201327,0.317816807605786,0.282606597889349,0.1857284356864,0.354549393885673
0.443332753181814,0.51271749117406,0.319131969472364,0.284345248668262,0.186321823149869,0.355532300582602
0.444648428186421,0.514349611465444,0.320356877974447,0.286002413758383,0.186836392884538,0.356420549551021
0.44588204617632,0.515896983602472,0.321491000567125,0.287577593719631,0.187271663303312,0.357213680386863
0.447032934897062,0.517358917063796,0.322533821434297,0.289070303446647,0.187627168742997,0.357911251543577
0.448100442557662,0.518734740808594,0.32348484182096,0.29048007244537,0.187902459633837,0.358512840532251
0.449083938292434,0.520023803792511,0.324343580353757,0.291806445097584,0.188097102654288,0.359018044105566
0.449982812606722,0.521225475469292,0.325109573348903,0.293048980912691,0.188210680870521,0.359426478424977
0.45079647780528,0.522339146276746,0.325782375106703,0.294207254766089,0.18824279386021,0.359737779210493
0.451524368402175,0.523364228105731,0.326361558191851,0.295280857123453,0.188193057820161,0.35995160187254
0.45216594151105,0.524300154750831,0.326846713698736,0.296269394250343,0.188061105657394,0.360067621625378
0.452720677214626,0.525146382341443,0.327237451501013,0.29717248840649,0.187846587063299,0.360085533581583
0.453188078912417,0.525902389752039,0.327533400484724,0.297989778024226,0.187549168570523,0.360005052827191
0.453567673645588,0.526567678990383,0.327734208764277,0.298720917870487,0.187168533592317,0.359825914477103
0.453859012398047,0.527141775562546,0.327839543880652,0.299365579191899,0.186704382444053,0.359547873710416
0.454061670372805,0.527624228813627,0.327849092981208,0.299923449842472,0.186156432346692,0.359170705785385
0.454175247242797,0.5280146122431,0.327762562980544,0.300394234393433,0.185524417412009,0.358694206033784
0.454199367375345,0.528312523793817,0.327579680701868,0.300777654224858,0.184808088609441,0.358118189834464
0.454133680029568,0.528517586113755,0.32730019299841,0.301073447598673,0.184007213714417,0.357442492565967
0.453977859526087,0.528629446789624,0.326923866854446,0.301281369712762,0.183121577238124,0.356666969538117
0.453731605388438,0.528647778551605,0.326450489465552,0.301401192735876,0.182150980338655,0.355791495902531
0.453394642455739,0.528572279448495,0.325879868297746,0.301432705823103,0.18109524071355,0.354815966542075
0.452966720966147,0.528402672992659,0.325211831125266,0.301375715111754,0.179954192473785,0.353740295939328
0.452447616610834,0.528138708274276,0.32444622604673,0.301230043697461,0.178727685999265,0.352564418024162
0.451837130558196,0.527780160044443,0.323582921479531,0.300995531590452,0.177415587775972,0.351288286000597
0.451135089448153,0.527326828766793,0.32262180613235,0.300672035651888,0.176017780214907,0.349911872153179
0.450341345356478,0.526778540637388,0.32156278895571,0.300259429510327,0.17453416145302,0.348435167633079
0.449455775729162,0.526135147572752,0.320405799070607,0.299757603458293,0.172964645136381,0.346858182224302
0.448478283286928,0.525396527165961,0.319150785675232,0.299166464329097,0.171309160185836,0.345180944090293
0.447408795900076,0.524562582610867,0.317797717929935,0.298485935353993,0.169567650545456,0.343403499501381
0.446247266433969,0.5236332425946,0.316346584820568,0.297715955999889,0.167740074914125,0.341525912543496
0.44499367256548,0.52260846115854,0.314797395000436,0.296856481787825,0.1658264064606,0.339548264808614
0.443648016570904,0.521488217528186,0.313150176611166,0.295907484092485,0.163826632522498,0.337470655067521
0.442210325085816,0.520272515912249,0.311404977082778,0.294868949923077,0.161740754289568,0.335293198925369
0.440680648837529,0.518961385271567,0.309561862913365,0.293740881685894,0.159568786471731,0.333016028460684
0.439059062350826,0.517554879058445,0.307620919428839,0.292523296929033,0.157310756952394,0.33063929184844
0.437345663627725,0.516053074927075,0.305582250523172,0.291216228069614,0.154966706427479,0.328163152967821
0.435540573802123,0.514456074415886,0.303445978379729,0.28981972210406,0.152536688030751,0.325587790995421
0.433643936770229,0.512764002602655,0.301212243174237,0.28833384030191,0.150020766945948,0.322913399984534
0.431655918797727,0.510977007733313,0.298881202759992,0.286758657883718,0.147419020006304,0.320140188431296
0.429576708104749,0.509095260825513,0.296453032336038,0.285094263683646,0.144731535282054,0.31726837882845
0.427406514429691,0.507118955248003,0.293927924098956,0.283340759797344,0.141958411656485,0.314298207207491
0.425145568573036,0.505048306276968,0.291306086879036,0.281498261215775,0.139099758391188,0.311229922669967
0.422794121922392,0.502883550630582,0.288587745761631,0.279566895445677,0.136155694681133,0.308063786908811
0.420352445959925,0.500624945982997,0.285773141694467,0.277546802117356,0.133126349200182,0.304800073720434
0.41782083175352,0.498272770459141,0.282862531081797,0.275438132580528,0.130011859637731,0.301439068508503
0.415199589432928,0.495827322111641,0.279856185366254,0.273241049489019,0.126812372227124,0.297981067780176
0.412489047652259,0.493288918381322,0.276754390599293,0.270955726375033,0.123528041266492,0.294426378635674
0.409689553040225,0.490657895542726,0.27355744700122,0.268582347213878,0.120159028632768,0.290775318252075
0.406801469639455,0.487934608136109,0.270265668511676,0.266121105979889,0.116705503289477,0.287028213362142
0.403825178336354,0.485119428387443,0.266879382331617,0.263572206194452,0.113167640789059,0.283185399729069
0.400761076282933,0.482212745617981,0.26339892845779,0.260935860466998,0.109545622770434,0.279247221618068
0.397609576312033,0.479214965644882,0.259824659210678,0.258212290029785,0.105839636452461,0.275214031265588
0.394371106347429,0.476126510174543,0.256156938757034,0.255401724267475,0.102049874124101,0.271086188347127
0.391046108810279,0.472947816190172,0.252396142627986,0.252504400242315,0.0981765326319222,0.266864059444466
0.387635040023366,0.469679335335212,0.248542657233841,0.249520562215946,0.0942198128657436,0.26254801751323
0.3841383696147,0.466321533294263,0.244596879376687,0.246450461168752,0.0901799192431589,0.25813844135171
0.380556579921861,0.462874889173058,0.240559215761887,0.243294354317753,0.0860570591936763,0.25363571507177
0.376890165398647,0.459339894879142,0.236430082509581,0.240052504633976,0.0818514426432481,0.249040227572798
0.373139632025543,0.45571705450491,0.232209904667441,0.236725180360423,0.0775632815000265,0.24435237201964
0.369305496725422,0.452006883714549,0.22789911572573,0.233312654531557,0.0731927891420639,0.23957254532536
0.365388286786096,0.448209909136609,0.223498157135964,0.229815204495463,0.0687401799078809,0.234701147639889
0.361388539291142,0.444326667763762,0.21900747783436,0.226233111439708,0.0642056685906744,0.229738581845407
0.357306800560545,0.440357706361395,0.21442753377128,0.222566659922029,0.0595894699370521,0.224685253059517
0.353143625602738,0.436303580886744,0.209758787448056,0.218816137407048,0.054891798151278,0.21954156814721
0.348899577579491,0.432164855920122,0.205001707462402,0.214981833810099,0.0501128664058551,0.214307935242632
0.344575227285251,0.427942104109935,0.200156768063782,0.211064041049467,0.0452528863594975,0.208984763281713
0.340171152642538,0.423635905633224,0.195224448720233,0.207063052608297,0.0403120676835443,0.203572461546865
0.335687938214893,0.419246847673271,0.190205233697883,0.202979163107431,0.0352906175978087,0.19807143922475
0.331126174739127,0.414775523916132,0.185099611654868,0.198812667890618,0.0301887404171205,0.192482104978511
0.326486458678422,0.410222534067728,0.179908075251041,0.194563862623453,0.0250066371096639,0.186804866535582
0.321769391798019,0.405588483393261,0.174631120775138,0.19023304290759,0.0197445048684559,0.181040130292493
0.316975580765275,0.400873982280838,0.169269247791138,0.185820503911792,0.0144025366973442,0.17518830093813
0.312105636775816,0.396079645831039,0.163822958805509,0.181326540021451,0.00898092101295022,0.169249781096865
0.307160175207669,0.391206093474375,0.158292758957218,0.176751444508319,0.0034798412641122,0.163224970993204
0.302139815305353,0.386253948618638,0.152679155732554,0.172095509222371,-0.00210052442936466,0.157114268139727
0.297045179895832,0.38122383832805,0.146982658706662,0.167359024307621,-0.00776000361703472,0.150918067050035
0.291876895138561,0.376116393036453,0.1412037793142,0.162542277944144,-0.0134984298350365,0.144636758978817
0.286635590311697,0.370932246296628,0.135343030651261,0.157645556118382,-0.0193156428982621,0.138270731691056
0.28132189763688,0.365672034568066,0.129400927311142,0.152669142424167,-0.0252114891651019,0.131820369262698
0.275936452145017,0.360336397045664,0.123377985256649,0.147613317897052,-0.0311858217722236,0.125286051915331
0.270479891585583,0.354925975531758,0.117274721731623,0.142478360884535,-0.0372385008368177,0.118668155887406
0.264952856382293,0.349441414354298,0.111091655214906,0.137264546955252,-0.0433693936231799,0.111967053345092
0.259355989637946,0.343883360333905,0.104829305419839,0.131972148850154,-0.0495783746705978,0.105183112335742
0.253689937191577,0.338252462802827,0.0984881933428484,0.126601436479102,-0.0558653258789533,0.0983166967874721
0.247955347731281,0.332549373679065,0.0920688413649242,0.121152676966537,-0.0622301365482197,0.0913681665586246
0.242152872966127,0.32677474759894,0.0855717734099164,0.115626134750105,-0.0686727033677773,0.0843378775410239
0.236283167860998,0.320929242111814,0.07899751516405,0.110022071736463,-0.0751929303509903,0.0772261818215039
0.230346890938435,0.315013517940855,0.0723465943614102,0.104340747518946,-0.0817907287100159,0.0700334279065265
0.224344704651691,0.309028239313871,0.0656195411402894,0.0985824196618708,-0.0884660166656245,0.0627599610149583
0.218277275833802,0.302974074368809,0.0588168884760497,0.0927473440570002,-0.0952187191859194,0.0554061234448632
0.212145276227508,0.296851695638525,0.0519391726962207,0.0868357753578308,-0.102048767647683,0.0479722550203221
0.20594938310145,0.290661780619995,0.0449869340842629,0.0808479674979911,-0.108956099413252,0.040458693625072
0.199690279958433,0.284405012433449,0.037960717578931,0.0747841743006241,-0.115940657315141,0.0328657758303606
0.193368657341832,0.278082080577236,0.0308610735765491,0.0686446501859604,-0.123002389040139,0.0251938376248838
0.186985213746846,0.271693681784737,0.0236885588442885,0.0624296509851285,-0.130141246403594,0.0174432152555622
0.180540656643781,0.265240520990182,0.0164437375531974,0.0561394348688455,-0.137357184503793,0.00961424618871942
0.174035703620907,0.258723312410463,0.00912718244021532,0.0497742634002407,-0.144650160745545,0.00170727020182046
0.16747108365532,0.252142780750972,0.00173947610951981,0.0433344027220674,-0.152020133720797,-0.00627736938276413
0.160847538520524,0.245499662543664,-0.00571878751597437,0.0368201248891744,-0.15946706193322,-0.0143393243098483
0.154165824340337,0.238794707626459,-0.0132470015810116,0.0302317093581973,-0.166990902352335,-0.022478239835963
0.147426713299424,0.232028680773693,-0.0208445445094023,0.0235694446474082,-0.174591608781348,-0.0306937529916656
0.140630995521368,0.225202363487925,-0.0285107780266397,0.0168336301806501,-0.182269130021554,-0.0389854906458908
0.133779481126156,0.21831655596432,-0.0362450449786908,0.0100245783305309,-0.190023407814419,-0.0473530673549734
0.126873002479861,0.211372079239654,-0.0440466669306144,0.00314261667743371,-0.197854374540558,-0.0557960829774209
0.119912416649999,0.204369777538659,-0.0519149415276627,-0.00381190949802857,-0.20576195065324,-0.0643141200340871
0.11289860808139,0.197310520831686,-0.0598491395996804,-0.0108386344695786,-0.213746041821409,-0.0729067407911558
0.105832491508094,0.190195207618352,-0.0678485019884729,-0.0179371690460909,-0.221806535755352,-0.0815734840417434
0.0987150151182986,0.183024767953082,-0.0759122360759637,-0.0251070972558992,-0.229943298685245,-0.0903138615595354
0.0915471639902904,0.175800166729607,-0.0840395119891447,-0.0323479727099628,-0.238156171460061,-0.0991273541954585
0.0843299638187423,0.168522407242531,-0.0922294584561543,-0.0396593146173849,-0.246444965231419,-0.108013407586084
0.0770644849520715,0.161192535045487,-0.100481158285553,-0.0470406034243719,-0.25480945668333,-0.116971427439419
0.0697518467630997,0.153811642126817,-0.108793643438677,-0.0544912760453744,-0.263249382765179,-0.126000774360735
0.0623932223765482,0.146380871424895,-0.117165889662856,-0.062010720652788,-0.271764434881405,-0.135100758178053
0.0549898437788936,0.138901421707089,-0.125596810650326,-0.0695982709884586,-0.280354252486542,-0.144270631722899
0.0475430073374456,0.131374552837634,-0.134085251685421,-0.0772532001576438,-0.289018416029826,-0.153509584018534
0.040054079757554,0.123801591461574,-0.142629982739457,-0.0849747138626755,-0.297756439188034,-0.162816732823398
0.0325245045087572,0.116183937133731,-0.151229690969674,-0.0927619430300878,-0.306567760319382,-0.172191116472974
0.02495580875245,0.108523068923321,-0.159882972575532,-0.100613935781586,-0.315451733065257,-0.181631684958655
0.0173496108059432,0.100820552526972,-0.168588323962029,-0.108529648695056,-0.324407616019409,-0.191137290176683
0.00970762817991511,0.0930780479249398,-0.177344132155997,-0.116507937297689,-0.33343456137673,-0.200706675274604
0.00203168622828391,0.0852973176171636,-0.186148664417762,-0.124547545729112,-0.342531602465901,-0.210338463016864
-0.00567627254784472,0.0774802354783512,-0.195000056986121,-0.132647095507316,-0.351697640060833,-0.220031143084296
-0.0134141784984709,0.0696287962731436,-0.203896302890719,-0.140805073325674,-0.360931427356807,-0.229783058215715
-0.0211798240789763,0.0617451258748833,-0.21283523876132,-0.149019817803881,-0.370231553486479,-0.239592389092261
-0.0289708523116753,0.0538314922338393,-0.221814530558869,-0.15728950511026,-0.379596425439983,-0.249457137857363
-0.036784744403744,0.0458903171428049,-0.230831658148891,-0.165612133367483,-0.389024248241501,-0.259375110157246
-0.0446188064680999,0.0379241888504845,-0.239883898632775,-0.173985505747822,-0.398513003222008,-0.269343895578213
-0.0524701552914856,0.0299358755752683,-0.248968308347872,-0.182407212158156,-0.408060424214269,-0.279360846348065
-0.0603357030921316,0.0219283399739084,-0.258081703442891,-0.190874609409379,-0.417663971482512,-0.289423054160343
-0.0682121412070314,0.0139047546219088,-0.267220638930241,-0.199384799758665,-0.427320803183986,-0.299527324970474
-0.0760959226475201,0.00586851856387664,-0.276381386113198,-0.207934607707787,-0.437027744144979,-0.309670151604341
-0.083983243460277,-0.00217672500624964,-0.285559908281756,-0.216520554935328,-0.446781251718303,-0.319847684010715
-0.0918700228299293,-0.0102270698740189,-0.294751834567944,-0.225138833235813,-0.456577378474024,-0.330055696980797
-0.0997518818592885,-0.0182783266808241,-0.303952431849254,-0.233785275335245,-0.466411731460796,-0.340289555150986
-0.107624120963356,-0.0263260014859912,-0.313156574587554,-0.242455323449519,-0.476279427761332,-0.350544175098817
-0.11548169581445,-0.034365272953432,-0.322358712491,-0.251143995450941,-0.486175046053812,-0.360813984337823
-0.123319191778209,-0.0423909681034105,-0.33155283588894,-0.259845848508983,-0.49609257388225,-0.371092877015898
-0.131130796783332,-0.0503975365721385,-0.340732438713649,-0.268554940074162,-0.506025350333408,-0.381374166123049
-0.138910272573192,-0.0583790233260389,-0.349890478990391,-0.277264786080566,-0.515966003818668,-0.391650532021184
-0.146650924293888,-0.0663290397825511,-0.359019336747637,-0.28596831625238,-0.525906384666763,-0.401913967120177
-0.154345568381977,-0.0742407332962536,-0.368110769274,-0.294657826414666,-0.535837492250766,-0.412155716543443
-0.161986498726425,-0.0821067549782982,-0.377155863668431,-0.303324927729424,-0.545749396402872,-0.422366214654332
-0.16956545109288,-0.089919225828165,-0.386144986655634,-0.311960492805347,-0.555631152916317,-0.432535017353128
-0.177073565815263,-0.0976697011707014,-0.395067731671175,-0.320554598665464,-0.5654707129997,-0.44265073010632
-0.184501348780387,-0.105349133408551,-0.403912863261746,-0.329096466602732,-0.575254826640288,-0.452700931737983
-0.191838630755329,-0.112947833119998,-0.412668258895486,-0.337574399010076,-0.584968939953767,-0.462672094099219
-0.19907452513642,-0.120455428556736,-0.421320848338271,-0.345975713341896,-0.5945970867567,-0.472549497841035
-0.206197384232192,-0.127860823623992,-0.429856550824066,-0.354286673448652,-0.60412177479982,-0.48231714465015
-0.213194754231471,-0.135152154458297,-0.438260210333137,-0.362492418627912,-0.613523867353852,-0.491957666471019
-0.220053329052479,-0.142316744755888,-0.446515529392239,-0.37057689085554,-0.622782461152496,-0.501452232434043
-0.226758903318983,-0.149341060047378,-0.454605001926231,-0.378522760800674,-0.631874762076146,-0.51078045444203
-0.233296324765895,-0.156210661162346,-0.4625098458222,-0.386311353389386,-0.640775960411762,-0.519920292637485
-0.239649446439204,-0.162910157181154,-0.470209936015227,-0.393922573864898,-0.649459108053133,-0.528847962283352
-0.245801079122892,-0.169423158229575,-0.477683739068011,-0.401334835495722,-0.657895000610723,-0.537537843937556
-0.251732944498799,-0.175732228535657,-0.48490825039441,-0.408524990306506,-0.666052068077453,-0.545962399184975
-0.257425629622563,-0.181818840235619,-0.491858935465428,-0.415468264445022,-0.673896278431159,-0.55409209460039
-0.262858543378613,-0.18766332848635,-0.498509676531619,-0.422138200047551,-0.681391059322467,-0.561895337041187
-0.268009875658006,-0.193244848514532,-0.504832726591934,-0.428506605715672,-0.688497243760299,-0.569338423790902
-0.27285656008143,-0.198541335304132,-0.510798672526523,-0.434543517957935,-0.695173046410946,-0.576385511468308
-0.277374241162984,-0.203529466692782,-0.516376409479512,-0.44021717616558,-0.701374077697714,-0.582998607949012
-0.281537246874359,-0.208184630710129,-0.521533128713417,-0.445494013863606,-0.707053403234398,-0.589137591776816
-0.28531856761811,-0.212480898042893,-0.526234321242919,-0.450338669083788,-0.712161656136559,-0.594760263620454
-0.288689842647932,-0.216391000548308,-0.530443799574329,-0.454714016719989,-0.716647209309824,-0.599822434205045
-0.291621354975863,-0.219886316753536,-0.534123739807247,-0.45858122561906,-0.720456413790478,-0.604278052758311
-0.294082035774456,-0.222936865267684,-0.537234746175836,-0.461899842904846,-0.723533907503,-0.608079379306034
-0.296039479208609,-0.225511306988895,-0.539735939799058,-0.464627907600848,-0.725822996328981,-0.611177203084552
-0.297459968509013,-0.227576956903959,-0.541585072953917,-0.466722094986556,-0.727266106139322,-0.613521107883665
-0.29830851392032,-0.229099806145758,-0.54273866957172,-0.468137892279779,-0.727805300499256,-0.615059783293268
-0.298548902915556,-0.230044554787782,-0.543152191879959,-0.468829805181206,-0.727382854291822,-0.615741378639977
-0.298143762759409,-0.230374655609137,-0.542780232177458,-0.468751593562984,-0.725941868812526,-0.615513893948819
-0.297054635124121,-0.230052368753946,-0.54157672765733,-0.467856533165738,-0.723426909364989,-0.614325599681082
-0.295593480203154,-0.229376958891012,-0.539916514800676,-0.466524275697092,-0.720331322187217,-0.612607558356848
-0.294102173470386,-0.228676966632268,-0.538209920608911,-0.465170356877739,-0.717190762887009,-0.610830431466185
-0.292579787883161,-0.22795138118028,-0.536455880450274,-0.46379369267924,-0.714004488045977,-0.608993327653207
-0.291025414997701,-0.227199206850435,-0.534653359543255,-0.462393221211531,-0.710771797070149,-0.607095398480398
-0.289438168803984,-0.226419466813633,-0.532801357655071,-0.460967907388836,-0.70749203744172,-0.605135843471372
-0.287817186050775,-0.225611203467472,-0.53089890958093,-0.459516743331625,-0.704164604457892,-0.603113910291872
-0.286161626560484,-0.224773478801677,-0.528945085601674,-0.458038748755161,-0.700788940919674,-0.601028894877504
-0.284470673533104,-0.223905374757066,-0.526938991918368,-0.456532971343297,-0.697364536770914,-0.598880141507523
-0.282743533838543,-0.223005993577405,-0.524879771062527,-0.454998487106222,-0.693890928688171,-0.596667042824242
-0.280979438296756,-0.222074458153489,-0.522766602280701,-0.453434400720916,-0.690367699622263,-0.59438903979784
-0.279177641944963,-0.221109912358779,-0.520598701892216,-0.451839845853131,-0.686794478292444,-0.59204562163651
-0.277337424291404,-0.220111521375956,-0.518375323618945,-0.450213985459751,-0.683170938634442,-0.589636325642128
-0.275458089555027,-0.219078472013785,-0.516095758886058,-0.448556012070552,-0.679496799203812,-0.587160737011863
-0.273538966890547,-0.218009973013629,-0.513759337092765,-0.446865148048251,-0.675771822536047,-0.584618488586211
-0.271579410598369,-0.216905255345064,-0.511365425852192,-0.44514064582608,-0.671995814465334,-0.582009260544335
-0.269578800318885,-0.215763572489987,-0.508913431199569,-0.443381788121919,-0.668168623403699,-0.579332780047546
-0.267536541210656,-0.21458420071465,-0.506402797768016,-0.441587888128305,-0.664290139582608,-0.576588820832116
-0.265452064112109,-0.213366439329117,-0.503833008931346,-0.439758289677649,-0.660360294259194,-0.573777202752722
-0.263324825686314,-0.212109610933598,-0.50120358691332,-0.437892367382007,-0.65637905888922,-0.570897791277924
-0.261154308548512,-0.210813061651183,-0.498514092862959,-0.43598952674698,-0.652346444269199,-0.567950496939301
-0.258940021376109,-0.209476161346526,-0.495764126895587,-0.434049204259255,-0.648262499650021,-0.564935274736009
-0.256681499000806,-0.208098303830023,-0.492953328099352,-0.432070867447511,-0.644127311824479,-0.561852123496551
-0.254378302482714,-0.206678907047116,-0.490081374507145,-0.430054014916411,-0.639941004191277,-0.558701085199826
-0.252030019166196,-0.205217413252309,-0.487147983033841,-0.427998176353567,-0.635703735797933,-0.555482244257435
-0.249636262717325,-0.203713289167584,-0.484152909378941,-0.425902912509343,-0.631415700365126,-0.55219572675947
-0.247196673142887,-0.202166026124932,-0.481095947894834,-0.423767815149616,-0.627077125295084,-0.548841699686035
-0.24471091679078,-0.200575140192663,-0.477976931420866,-0.421592506981524,-0.622688270666406,-0.545420370086743
-0.24217868633189,-0.198940172285332,-0.474795731083619,-0.41937664155242,-0.618249428217877,-0.541931984230585
-0.239599700723419,-0.197260688257035,-0.471552256063861,-0.417119903122331,-0.613760920323752,-0.538376826728593
-0.236973705153732,-0.195536278977934,-0.468246453330657,-0.414822006510237,-0.609223098962816,-0.534755219631625
-0.234300470968854,-0.193766560393874,-0.464878307343328,-0.412482696914656,-0.604636344683683,-0.531067521505819
-0.231579795580776,-0.191951173569024,-0.461447839721917,-0.410101749708979,-0.600001065568551,-0.527314126488059
-0.228811502357705,-0.190089784711455,-0.457955108886949,-0.407678970212205,-0.595317696197618,-0.523495463323929
-0.225995440496606,-0.188182085181693,-0.454400209669407,-0.405214193435675,-0.590586696616371,-0.519611994390582
-0.223131484878182,-0.186227791484241,-0.450783272891773,-0.402707283806544,-0.585808551307702,-0.51566421470686
-0.220219535904685,-0.184226645242125,-0.447104464921181,-0.400158134868746,-0.580983768170864,-0.511652650933033
-0.21725951932091,-0.182178413154611,-0.443363987195747,-0.397566668962298,-0.576112877509131,-0.507577860362494
-0.214251386018674,-0.18008288693817,-0.439562075725129,-0.394932836881803,-0.571196431027894,-0.503440429907582
-0.211195111825334,-0.177939883250929,-0.435699000566593,-0.392256617515106,-0.566235000844897,-0.499240975081799
-0.208090697276643,-0.175749243600764,-0.431775065277666,-0.389538017463034,-0.561229178514132,-0.494980138980473
-0.204938167374541,-0.1735108342373,-0.427790606346718,-0.38677707064124,-0.55617957406485,-0.490658591261942
-0.201737571330355,-0.171224546028131,-0.423745992602755,-0.38397383786523,-0.551086815057108,-0.486277027131259
-0.198488982293912,-0.168890294319484,-0.419641624605659,-0.381128406419536,-0.545951545654951,-0.481836166328207
-0.195192497069178,-0.166508018781772,-0.415477934018344,-0.378240889612241,-0.540774425718532,-0.477336752121548
-0.191848235816992,-0.164077683240334,-0.411255382962069,-0.375311426315873,-0.535556129916067,-0.472779550311099
-0.188456341745469,-0.161599275491779,-0.406974463356335,-0.372340180495803,-0.530297346856602,-0.468165348239311
-0.185016980788757,-0.159072807106389,-0.402635696244774,-0.369327340727327,-0.52499877824448,-0.463494953813892
-0.181530341274748,-0.156498313217,-0.398239631108366,-0.36627311970247,-0.519661138056124,-0.458769194542839
-0.177996633582391,-0.153875852294848,-0.393786845167377,-0.363177753727718,-0.514285151739853,-0.453988916583253
-0.174416089789345,-0.151205505912894,-0.389277942673457,-0.360041502213765,-0.508871555439268,-0.449154983805208
-0.17078896331054,-0.148487378497111,-0.384713554193172,-0.356864647158388,-0.503421095240605,-0.444268276871707
-0.16711552852846,-0.14572159706632,-0.380094335884421,-0.353647492623573,-0.497934526444499,-0.439329692335923
-0.163396080415742,-0.142908310961082,-0.375420968767014,-0.350390364207972,-0.492412612862393,-0.434340141756552
-0.159630934150829,-0.14004769156223,-0.37069415798873,-0.34709360851572,-0.486856126137785,-0.429300550832204
-0.155820424727403,-0.137139931999652,-0.365914632088209,-0.34375759262273,-0.481265845092536,-0.424211858555624
-0.151964906558247,-0.134185246851867,-0.361083142255848,-0.340382703541419,-0.4756425550982,-0.419075016388386
-0.148064753074257,-0.131183871837022,-0.356200461593984,-0.336969347684852,-0.469987047472401,-0.413890987456687
-0.144120356319334,-0.12813606349595,-0.351267384377589,-0.333517950331367,-0.464300118900286,-0.408660745768798
-0.140132126541759,-0.125042098867817,-0.346284725316532,-0.330028955090408,-0.458582570880752,-0.403385275454542
-0.136100491782843,-0.121902275159086,-0.341253318820664,-0.326502823370703,-0.452835209197484,-0.398065570027263
-0.132025897463429,-0.118716909406329,-0.336174018268689,-0.322940033851408,-0.44705884341439,-0.392702631668515
-0.127908805968942,-0.115486338133536,-0.33104769528189,-0.319341081957196,-0.441254286395282,-0.387297470535703
-0.12374969623369,-0.112210917004585,-0.325875239003769,-0.315706479337993,-0.435422353847472,-0.38185110409293
-0.119549063324948,-0.108891020471394,-0.320657555386436,-0.312036753354113,-0.429563863888887,-0.376364556465024
-0.115307418027527,-0.105527041418452,-0.31539556648469,-0.308332446567471,-0.423679636638345,-0.370838857814875
-0.111025286429434,-0.1021193908043,-0.310090209758719,-0.304594116239568,-0.417770493828626,-0.365275043744085
-0.106703209509125,-0.0986684973005283,-0.30474243738606,-0.300822333836805,-0.411837258441785,-0.359674154716785
-0.102341742725068,-0.0951748069289426,-0.299353215583741,-0.297017684543733,-0.405880754366359,-0.354037235506624
-0.0979414556080122,-0.0916387826974163,-0.293923523941202,-0.293180766784764,-0.399901806075889,-0.348365334666683
-0.0935029313565954,-0.0880609042350085,-0.288454354764673,-0.289312191754762,-0.393901238328265,-0.342659504022153
-0.0890267664367866,-0.0844416674269338,-0.282946712433674,-0.285412582959095,-0.38787987588544,-0.336920798185598
-0.0845135701856225,-0.0807815840498698,-0.277401612770117,-0.28148257576337,-0.381838543252864,-0.331150274094443
-0.079963964419703,-0.0770811814081391,-0.271820082420561,-0.27752281695336,-0.375778064438147,-0.325348990570437
-0.0753785830489681,-0.0733410019713232,-0.266203158252136,-0.273533964305367,-0.369699262728437,-0.319518007900819
-0.0707580716960566,-0.0695616030137014,-0.260551886762434,-0.269516686167307,-0.363602960485823,-0.31365838744069
-0.0661030873217591,-0.0657435562560867,-0.254867323503887,-0.2654716610508,-0.357489978960333,-0.307771191236391
-0.0614142978568845,-0.0618874475104382,-0.249150532522859,-0.261399577234398,-0.351361138119839,-0.301857481669339
-0.0566923818408663,-0.0579938763277071,-0.243402585813754,-0.2573011323782,-0.345217256496351,-0.295918321119968
-0.0519380280675503,-0.0540634556493737,-0.237624562788474,-0.253177033149936,-0.339059151048137,-0.289954771651393
-0.0471519352383271,-0.0500968114629945,-0.231817549761302,-0.249027994862632,-0.332887637037041,-0.283967894712229
-0.0423348116229858,-0.0460945824621808,-0.22598263944946,-0.24485474112392,-0.326703527920442,-0.277958750858192
-0.037487374728552,-0.0420574197113885,-0.220120930489484,-0.240658003497071,-0.32050763525737,-0.271928399492033
-0.0326103509762644,-0.0379859863157663,-0.21423352696941,-0.236438521173663,-0.314300768628036,-0.265877898621197
-0.0277044753870201,-0.0338809570964859,-0.208321537976967,-0.232197040657997,-0.308083735566435,-0.25980830463291
-0.0227704912753719,-0.0297430182717527,-0.202386077163656,-0.227934315463081,-0.301857341505287,-0.253720672086008
-0.017809149952311,-0.0255728671438024,-0.196428262324802,-0.223651105818179,-0.29562238973285,-0.247616053519143
-0.0128212104369798,-0.0213712117921732,-0.190449214995517,-0.219348178387851,-0.289379681361114,-0.241495499274842
-0.00780743917741343,-0.0171387707734068,-0.184450060062475,-0.215026306002278,-0.283130015304742,-0.235360057338879
-0.00276860978040785,-0.0128762728274273,-0.178431925391393,-0.210686267398795,-0.276874188270294,-0.229210773194458
0.00229449724931952,-0.00858445659081303,-0.172395941470177,-0.206328846974474,-0.270612994755266,-0.223048689690802
0.00738109476075606,-0.00426407031704776,-0.166343241067434,-0.201954834549513,-0.264347227056323,-0.21687484692548
0.0124903891988009,8.4128396006633e-05,-0.160274958906332,-0.197565025141305,-0.258077675286378,-0.210690282140159
0.0176215808371513,0.00445937287136838,-0.154192231353482,-0.193160218748931,-0.251805127399916,-0.204496029629135
0.0227738640018286,0.00886088761079801,-0.148096196122658,-0.188741220147812,-0.24553036922612,-0.198293120660208
0.0279464272852806,0.0132878885451234,-0.141987991993182,-0.184308838694381,-0.239254184509417,-0.192082583407462
0.0331384537512106,0.0177395832770465,-0.135868758542607,-0.179863888140407,-0.232977354956867,-0.185865442895371
0.0383491211301045,0.022215171316343,-0.129739635893449,-0.17540718645672,-0.226700660292,-0.179642720953796
0.0435776020054987,0.0267138443073775,-0.123601764473761,-0.170939555666156,-0.220424878314744,-0.173415436183447
0.0488230639911463,0.0312347862490319,-0.117456284791074,-0.166461821685247,-0.214150784966862,-0.16718460393121
0.0540846698990842,0.0357771737069225,-0.111304337219545,-0.16197481417457,-0.207879154402661,-0.160951236275048
0.0593615778987727,0.0403401760180402,-0.105147061799856,-0.157479366397246,-0.20161075906441,-0.154716342017855
0.0646529416674255,0.0449229554877951,-0.0989855980515344,-0.152976315085407,-0.195346369762164,-0.148480926689883
0.0699579105315944,0.0495246675795051,-0.092821084797408,-0.148466500314264,-0.189086755757608,-0.142245992559348
0.0752756296002545,0.0541444610964458,-0.0866546599997026,-0.143950765383445,-0.18283268485149,-0.136012538650661
0.080605239889513,0.0587814783565443,-0.0804874606074518,-0.13942995670525,-0.176584923474289,-0.129781560769898
0.0859458784390459,0.0634348553597406,-0.0743206224148958,-0.134904923699552,-0.170344236779825,-0.123554051537154
0.0912966784206004,0.0681037219482678,-0.0681552799302861,-0.13037651869491,-0.164111388741328,-0.117331000425196
0.0966567692385764,0.0727872019598304,-0.0619925662549105,-0.12584559683565,-0.157887142249762,-0.111113393804173
0.102025276623052,0.0774844133739464,-0.0558336129717355,-0.121313015994474,-0.151672259213962,-0.104902214991837
0.107401322715391,0.0821944684515539,-0.0496795500433253,-0.116779636690291,-0.145467500662265,-0.0986984443089165
0.11278402614664,0.0869164738680214,-0.0435315057186463,-0.112246322010965,-0.13927362684541,-0.0925030591392927
0.118172502109019,0.0916495308398226,-0.0373906064482322,-0.10771393754052,-0.133091397340234,-0.0863170339944797
0.123565862420724,0.0963927352450121,-0.0312579768073188,-0.103183351290543,-0.126921571153967,-0.0801413405820862
0.128963215584243,0.101145177737692,-0.0251347394265667,-0.0986554336354125,-0.120764906828804,-0.0739769478778967
0.134363666838566,0.105905943856768,-0.0190220149297805,-0.0941310572509463,-0.114622162546383,-0.0678248222010753
0.139766318205424,0.110674114129104,-0.0129209218783585,-0.0896110970562217,-0.108494096231995,-0.0616859272922892
0.145170268529947,0.115448764167428,-0.00683257672187348,-0.0850964301580862,-0.102381465658112,-0.0555612243942098
0.150574613515992,0.120228964763172,-0.000758093754391204,-0.0805879357981226,-0.0962850285470223,-0.0494516723341159
0.155978445756394,0.125013781974489,0.00530141492386535,-0.0760864953016652,-0.0902055426723012,-0.0433582276082515
0.161380854758508,0.129802277209776,0.0113448394400735,-0.071592992028537,-0.0841437659587949,-0.0372818444675154
0.166780926965342,0.134593507306949,0.0173710721779797,-0.0671083113251122,-0.0781004565808457,-0.0312234750041364
0.172177745772521,0.139386524608706,0.0233790078030895,-0.0626333404774899,-0.0720763730585862,-0.0251840692390726
0.177570391541537,0.144180377034182,0.0293675432844534,-0.0581689686652619,-0.0660722743518756,-0.0191645752096311
0.18295794160948,0.148974108147181,0.0353355779133619,-0.0537160869157104,-0.0600889199517943,-0.0131659390571152
0.188339470295686,0.153766757221375,0.0412820133195021,-0.0492755880579753,-0.0541270699693003,-0.0071891051140518
0.193714048905608,0.158557359302782,0.0472057534850062,-0.044848366676902,-0.0481874852208487,-0.00123501599068622
0.199080745732225,0.16334494526978,0.0531057047567689,-0.0404353190662989,-0.0422709273107731,0.00469538733953791
0.204438626055406,0.168128541891083,0.0589807758575822,-0.0360373431811707,-0.0363781587100816,0.0106011654559308
0.209786752139575,0.172907171881984,0.0648298778964911,-0.0316553385886881,-0.0305099428314736,0.0164813804082525
0.215124183229953,0.177679853959152,0.0706519243787362,-0.0272902064175786,-0.0246670441003899,0.022335095636389
0.22044997554793,0.182445602894469,0.0764458312158821,-0.0229428493055588,-0.0188502280217169,0.0281613758925116
0.225763182285731,0.187203429568119,0.0822105167363828,-0.0186141713445877,-0.0130602612420737,0.0339592871658527
0.231062853600932,0.191952341021411,0.0879449016971526,-0.0143050780235887,-0.00729791160731585,0.0397278966105612
0.236348036611134,0.196691340509662,0.0936479092965265,-0.0100164761683194,-0.00156394821506715,0.0454662724769177
0.241617775389151,0.201419427555486,0.099318465188962,-0.0057492738781898,0.00414085853788269,0.0511734840461549
0.246871110959209,0.206135598002941,0.104955497502016,-0.00150438045964943,0.00981573691366404,0.0568486015693193
0.252107081294488,0.210838844072894,0.110557936855932,0.00271729364411295,0.0154599137970439,0.0624906962104132
0.257324721316381,0.215528154419922,0.116124716386223,0.0069148369273557,0.0210726146649563,0.0680988399940989
0.262523062896002,0.220202514191317,0.12165477176974,0.0110873369002689,0.0266530635622037,0.0736721057583817
0.267701134858199,0.224860905088378,0.127147041254491,0.0152338801718425,0.0322004830833618,0.0792095671124345
0.272857962988618,0.229502305430591,0.132600465693704,0.0193535525375214,0.0377140943612546,0.0847102983999865
0.277992570044187,0.234125690222984,0.138013988584463,0.0234454390718059,0.0431931170621389,0.0901733746685224
0.283103975767406,0.238730031227086,0.143386556111237,0.0275086242260359,0.0486367693877643,0.0955978716445475
0.288191196904935,0.243314297035931,0.148717117194748,0.0315421919316261,0.0540442680845953,0.10098286571529
0.293253247230894,0.247877453153514,0.154004623546475,0.0355452257089449,0.0594148284603419,0.106327433917083
0.298289137575229,0.252418462079054,0.159248029729086,0.0395168087820172,0.0647476644079501,0.111630653930672
0.303297875857715,0.25693628339658,0.164446293223246,0.0434560241993144,0.070041988437349,0.116891604083817
0.308278467127868,0.261429873870134,0.169598374500955,0.0473619549607459,0.075297011714987,0.122109363361356
0.313229913611331,0.265898187545106,0.174703237105863,0.0512336841510745,0.0805119441114655,0.127283011423072
0.318151214763094,0.270340175856056,0.179759847740758,0.0550702950799173,0.0856859942573641,0.132411628629606
0.323041367327976,0.274754787741411,0.184767176362505,0.0588708714284355,0.0908183696074029,0.137494296076614
0.327899365408835,0.279140969765502,0.189724196284741,0.0626344974029156,0.0959082765131458,0.142530095637493
0.332724200542923,0.283497666248296,0.194629884288548,0.0663602578953339,0.100954920304378,0.147518110014878
0.337514861786747,0.287823819403193,0.199483220741264,0.070047238650987,0.105957505379231,0.152457422801086
0.342270335809958,0.292118369483359,0.20428318972378,0.0736945264433619,0.110915235303275,0.157347118547845
0.346989606998589,0.296380254936857,0.209028779166347,0.0773012092562194,0.115827312917612,0.162186282845375
0.351671657568084,0.300608412571051,0.213718980993198,0.0808663764730599,0.120692940456122,0.166974002411129
0.356315467686549,0.304801777726592,0.218352791276088,0.0843891190739539,0.125511319671962,0.171709365188345
0.360920015608525,0.308959284461314,0.222929210396828,0.0878685298397713,0.130281651973331,0.176391460454531
0.36548427781975,0.313079865744426,0.22744724321902,0.0913037035638478,0.135003138568657,0.181019378940125
0.370007229193265,0.317162453661313,0.231905899269029,0.0946937372710916,0.139674980621225,0.185592212957445
0.374487843157132,0.321205979629177,0.236304192926204,0.0980377304444234,0.144296379413233,0.190109056539994
0.37892509187426,0.325209374623958,0.240641143622521,0.101334785258642,0.14886653651943,0.194569005592374
0.383317946434494,0.329171569418631,0.244915776051495,0.104584006821501,0.153384653990185,0.198971158050745
0.387665377059411,0.333091494833273,0.249127120386495,0.107784503422036,0.157849934544118,0.203314614054041
0.391966353320065,0.336968081997079,0.253274212508342,0.11093538678597,0.162261581770211,0.207598476125942
0.396219844367898,0.340800262622477,0.257356094242118,0.114035772338056,0.166618800339319,0.211821849367619
0.400424819179176,0.344586969291662,0.261371813603165,0.117084779471289,0.170920796225117,0.215983841661355
0.404580246813054,0.348327135755543,0.265320425052051,0.120081531822688,0.175166776934289,0.220083563884937
0.408685096683572,0.352019697245382,0.26920098975844,0.123025157555593,0.179355951745963,0.224120130136888
0.412738338845684,0.355663590797122,0.27301257587364,0.125914789648145,0.183487531960206,0.228092657972441
0.416738944295473,0.359257755588509,0.276754258811593,0.128749566187759,0.18756073115543,0.232000268650168
0.420685885284701,0.362801133289053,0.280425121538134,0.131528630671328,0.191574765454601,0.235842087389217
0.424578135649731,0.366292668422825,0.284024254868189,0.13425113231086,0.195528853800016,0.239617243637005
0.428414671154852,0.369731308744021,0.287550757770596,0.136916226344202,0.199422218236417,0.243324871347184
0.432194469850085,0.373116005625281,0.291003737680284,0.139523074350594,0.203254084202296,0.246964109267785
0.435916512443332,0.376445714458586,0.294382310817349,0.142070844570603,0.207023680829004,0.250534101239223
0.439579782686886,0.379719395068628,0.297685602512699,0.144558712230114,0.21073024124749,0.254033996502018
0.443183267778148,0.382936012138445,0.300912747539809,0.146985859867961,0.21437300290231,0.257462950013935
0.446725958774368,0.386094535647046,0.304062890452101,0.149351477666735,0.217951207872554,0.260820122776203
0.45020685102124,0.3891939413188,0.307135185925493,0.151654763786374,0.221464103199365,0.264104682168549
0.453624944595111,0.392233211084227,0.310128799105591,0.153894924700013,0.224910941219673,0.267315802292672
0.45697924475843,0.395211333551789,0.313042905958916,0.156071175531612,0.228290979905653,0.270452664323698
0.460268762428179,0.398127304490323,0.315876693627673,0.158182740394879,0.231603483209587,0.273514456869327
0.463492514656809,0.400980127321569,0.318629360787361,0.160228852732894,0.234847721413563,0.276500376336065
0.466649525125269,0.403768813622317,0.321300118006651,0.162208755657938,0.238022971483573,0.279409627302173
0.469738824647619,0.406492383635602,0.323888188108853,0.16412170229093,0.241128517427521,0.282241422896773
0.472759451686626,0.409149866790278,0.32639280653425,0.165966956099874,0.244163650656516,0.284994985184532
0.475710452879783,0.411740302228362,0.328813221702646,0.167743791236738,0.247127670349002,0.287669545555405
0.478590883575064,0.414262739339396,0.331148695375357,0.169451492872134,0.250019883817057,0.290264345118791
0.481399808375649,0.416716238301048,0.333398503015896,0.171089357527172,0.252839606874294,0.292778635101457
0.484136301692928,0.419099870625169,0.33556193414861,0.172656693401849,0.255586164204734,0.295211677248606
0.486799448306856,0.421412719708409,0.33763829271445,0.174152820699324,0.258258889731998,0.297562744227342
0.489388343932862,0.423653881386514,0.339626897423098,0.175577071945413,0.260857126988165,0.299831120031861
0.491902095794333,0.425822464491337,0.341527082100645,0.176928792302663,0.263380229481613,0.302016100389595
0.494339823199672,0.427917591409558,0.343338196031983,0.178207339878307,0.265827561063132,0.304116993167543
0.496700658122951,0.429938398642111,0.345059604297094,0.179412086025449,0.268198496289616,0.306133118778024
0.498983745787041,0.431884037363225,0.346690688100429,0.180542415636817,0.270492420784616,0.308063810583025
0.50118824524809,0.433753673977967,0.348230845092503,0.181597727430376,0.272708731594982,0.309908415296304
0.503313329980223,0.435546490677183,0.349679489682929,0.182577434226195,0.274846837542912,0.311666293382466
0.505358188459208,0.437261685988629,0.351036053344019,0.183480963213848,0.276906159572597,0.313336819452073
0.507322024743899,0.438898475323139,0.352299984904176,0.184307756209737,0.278886131090746,0.314919382652002
0.509204059054159,0.440456091514602,0.353470750830244,0.185057269903691,0.280786198300245,0.316413387050142
0.511003528343951,0.441933785352512,0.354547835498026,0.185728976094188,0.282605820526131,0.317818252013534
0.512719686868312,0.44333082610586,0.355530741450203,0.18632236191161,0.284344470533208,0.319133412579118
0.514351806742845,0.444646502037137,0.356418989640887,0.186836930028918,0.2860016348345,0.320358319816174
0.515899178494358,0.445880120905135,0.357212119666063,0.18727219885917,0.287576813989805,0.321492441179579
0.517361111601329,0.447031010455373,0.35790968997922,0.187627702739317,0.289069522893641,0.322535260853028
0.518736935022777,0.448098518896819,0.358511278091469,0.18790299209975,0.290479291051832,0.323486280081328
0.520025997714197,0.449082015363743,0.359016480755503,0.188097633619059,0.291805662846037,0.324345017490943
0.521227669129202,0.449980890361431,0.35942491413277,0.188211210363555,0.293048197785547,0.325111009397924
0.522341339705481,0.450794556194572,0.359736213943261,0.188243321911039,0.294206470745641,0.325783810102427
0.523366421333787,0.451522447377166,0.359950035597366,0.188193584458443,0.295280072191877,0.326362992169005
0.52430234780862,0.452164021022773,0.360066054309291,0.188061630912912,0.296268608389705,0.326848146691931
0.525148575259307,0.45271875721403,0.360083965191542,0.187847110965942,0.297171701598738,0.32723888354475
0.525904582560267,0.453186159350349,0.360003483330069,0.187549691150295,0.297988990251195,0.327534831613409
0.526569871719233,0.453565754472797,0.359824343839669,0.187169054879325,0.298720129113898,0.32773563901224
0.527143968242261,0.453857093565161,0.359546301899313,0.186704902468504,0.299364789433363,0.327840973282159
0.52762642147446,0.454059751830332,0.359169132767117,0.186156951138878,0.299922659063479,0.327850521570482
0.528016804915328,0.454173328941109,0.358692631774693,0.185524935002314,0.300393442575369,0.327763990791775
0.52831471650777,0.454197449264671,0.358116614300712,0.184808605028324,0.300776861348987,0.327581107769231
0.528519778899829,0.454131762059984,0.357440915723515,0.184007728992411,0.301072653646149,0.327301619356082
0.528631639678314,0.453975941647504,0.356665391352708,0.183122091405825,0.301280574664625,0.326925292536622
0.52864997157352,0.453729687550595,0.355789916339666,0.182151493426717,0.301400396573043,0.32645191450646
0.528574472634383,0.453392724608186,0.354814385566997,0.181095752752681,0.301431908526382,0.325881292731666
0.528404866373429,0.452964803058242,0.353738713516999,0.179954703494734,0.301374916661831,0.325213254986545
0.528140901881025,0.452445698591725,0.352562834119238,0.178728196032817,0.301229244074908,0.324447649369798
0.52778235390848,0.451835212376816,0.351286700577417,0.17741609685294,0.300994730775712,0.32358434429892
0.52732902291966,0.451133171053207,0.349910285175733,0.176018288366127,0.300671233625291,0.322623228482709
0.526780735110888,0.45033942669643,0.348433579064995,0.174534668709338,0.300258626252074,0.321564210871821
0.526137342398969,0.449453856752226,0.34685659202882,0.172965151528653,0.299756798948463,0.320407220587404
0.525398722377287,0.448476363941054,0.345179352230245,0.171309665744911,0.299165658547643,0.319152206827817
0.524564778240029,0.447406876132948,0.343401905939171,0.169568155302174,0.298485128280733,0.317799138753593
0.523635438674678,0.446245346192982,0.341524317241072,0.167740578899306,0.297715147614518,0.316348005350783
0.522610657722999,0.444991751797737,0.339546667727458,0.16582690970504,0.296855672069897,0.314798815272911
0.521490414610891,0.443646095223198,0.337469056168615,0.163827135056958,0.295906673021428,0.313151596661838
0.520274713547494,0.442208403104629,0.335291598169185,0.161741256144761,0.29486813747817,0.311406396947831
0.518963583494101,0.440678726169013,0.333014425807151,0.159569287678325,0.293740067846285,0.309563282629251
0.517557077903491,0.439057138940796,0.330637687256931,0.157311257540995,0.29252248167372,0.307622339032286
0.516055274430352,0.437343739421646,0.328161546397128,0.154967206428625,0.291215411377453,0.305583670051208
0.514458274613637,0.435538648745105,0.325586182403735,0.152537187474904,0.289818903953755,0.303447397869698
0.51276620353166,0.433642010807007,0.322911789329423,0.150021265863489,0.288333020672016,0.301213662663805
0.510979209430916,0.43165399187266,0.320138575669682,0.147419518427521,0.286757836752635,0.298882622287169
0.509097463329648,0.429574780161806,0.317266763916594,0.144732033237133,0.285093441029613,0.296454451939192
0.507121158597203,0.427404585412441,0.314296590100963,0.141958909175504,0.283339935598443,0.293929343816828
0.505050510510393,0.42514363842464,0.311228303323633,0.13910025550411,0.281497435449917,0.291307506750751
0.502885755788033,0.422792190585591,0.308062165276806,0.136156191417797,0.279566068090614,0.288589165826717
0.500627152104943,0.420350513377033,0.304798449756147,0.133126845590294,0.277545973150658,0.285774561992865
0.498274977586723,0.417818897866412,0.30143744216455,0.130012355710858,0.275437301979598,0.282863951653877
0.495829530286704,0.415197654183033,0.297979439008385,0.126812868012682,0.273240217231077,0.279857606252825
0.493291127646418,0.412487110980553,0.294424747387061,0.123528536793746,0.270954892437121,0.276755811841621
0.49066010594114,0.40968761488722,0.290773684476824,0.120159523930813,0.268581511572847,0.273558868641038
0.48793681971187,0.406799529945189,0.287026577009586,0.11670599838724,0.266120268612401,0.270267090591198
0.485121641185338,0.403823237040386,0.283183760747667,0.113168135715289,0.263571367076979,0.266880804893549
0.482214959683567,0.400759133324334,0.279245579955391,0.10954611755369,0.260935019575809,0.263400351545343
0.479217181024501,0.397607631629376,0.275212386868287,0.10584013112111,0.258211447340954,0.259826082867581
0.476128726915336,0.394369159878787,0.271084541160921,0.102050368706305,0.255400879756862,0.256158363027543
0.472950034340085,0.391044160493208,0.266862409414122,0.0981770271556369,0.252503553885577,0.2523975675569
0.46968155494301,0.387633089794909,0.262546364582539,0.0942203073587022,0.249519713988521,0.248544082866509
0.466323754409539,0.384136417411372,0.258136785463468,0.0901804137328752,0.24644961104587,0.244598305759024
0.46287711184624,0.380554625679643,0.253634056167757,0.0860575537074288,0.243293502274411,0.240560642940377
0.459342119161506,0.376888209052982,0.249038565593757,0.0818519372080749,0.24005165064495,0.236431510531297
0.455719280448583,0.373137673511328,0.244350706905254,0.0775637761427193,0.23672432440026,0.232211333580053
0.452009111372517,0.369303535977001,0.239570877014236,0.073193283889157,0.233311796574566,0.227900545577509
0.448212138562724,0.365386323737253,0.234699476069529,0.0687406747856484,0.229814344515717,0.223499587975805
0.444328899012747,0.361386573875096,0.229736906952197,0.0642061636251153,0.226232249411036,0.219008909711782
0.440359939488849,0.357304832709944,0.224683574778691,0.059589965153892,0.222565795818016,0.21442896673644
0.436305815949145,0.353141655249654,0.219539886412843,0.0548922935759529,0.218815271201021,0.209760221551762
0.43216709297483,0.348897604655411,0.214306249987604,0.0501133620635098,0.214980965475136,0.205003142756115
0.427944343215201,0.344573251721074,0.208983074437695,0.0452533822749701,0.211063170558381,0.20015820459964
0.423638146848183,0.340169174368567,0.20357076904429,0.0403125638813684,0.207062179933642,0.195225886551048
0.419249091057948,0.335685957160832,0.198069742992792,0.0352911141021952,0.20297828822149,0.190206672877156
0.414777769531448,0.331124190834074,0.192480404945059,0.0301892372519519,0.198811790765398,0.185101052236805
0.410224781975491,0.326484471850864,0.186803162627215,0.0250071342984921,0.194562983230692,0.179909517290556
0.405590733656176,0.321767401975825,0.181038422434457,0.0197450024344844,0.190232161218737,0.174632564327865
0.400876234962497,0.316973587875695,0.175186589054307,0.0144030346634255,0.185819619898015,0.169270692913444
0.396081900995927,0.31210364074547,0.169248065109751,0.00898141940156867,0.181325653653627,0.163824405554504
0.391208351187866,0.307158175962544,0.163223250823873,0.0034803400973866,0.176750555757033,0.158294207390767
0.386256208946995,0.302137812770804,0.157112543707816,-0.00210002512970205,0.172094618057907,0.152680605909283
0.381226101338417,0.297043173996566,0.150916338273697,-0.00775950382964331,0.167358130699965,0.146984110685977
0.376118658796861,0.291874885798639,0.144635025774708,-0.0134979295389796,0.162541381862974,0.141205233156293
0.370934514875986,0.286633577454531,0.138268993974292,-0.0193151420730168,0.157644657533065,0.135344486417123
0.365674306036156,0.28131988118522,0.131818626946825,-0.0252109877905699,0.152668241303759,0.129402385062578
0.360338671473139,0.27593443202095,0.125284304912288,-0.0311853198287526,0.147612414210286,0.12337944505628
0.354928252990147,0.270477867710542,0.118666404107515,-0.0372379983051825,0.142477454599836,0.117276183642924
0.349443694915981,0.264950828677026,0.111965296696985,-0.0433688904846431,0.137263638040703,0.111093119302183
0.343885644072123,0.259353958022531,0.105181350726345,-0.0495778709068843,0.131971237273521,0.104830771748268
0.338254749791671,0.253687901585413,0.0983149301219675,-0.0558648214722854,0.126600522207812,0.0984896619784799
0.332551663993469,0.247953308053081,0.0913663947404062,-0.062229631481319,0.121151759967689,0.0920703123746991
0.326777041314678,0.24215082913392,0.0843361004716619,-0.068672197623889,0.115625214990453,0.0855732468616787
0.320931539305489,0.236281119792119,0.0772243994006985,-0.0751924239138919,0.110021149182426,0.0789989911265634
0.315015818689888,0.230344838549524,0.070031640032064,-0.0817902215640428,0.104339822136597,0.0723480729043689
0.309030543696499,0.224342647858694,0.0627581675826725,-0.0884655087956812,0.0985814914169345,0.0656210223343371
0.302976382464069,0.21827521455196,0.0554043243485823,-0.0952182105774962,0.0927464129148579,0.0588183723927928
0.296854007526253,0.212143210371363,0.0479704501518267,-0.102048258286885,0.0868348412835083,0.0519406594082453
0.290664096380803,0.205947312584837,0.0404568828740394,-0.108955589286808,0.0808470304561683,0.044988423665149
0.284407332148724,0.199688204694485,0.0328639590843233,-0.115940146410435,0.0747832342556249,0.0379622101032708
0.278084404329119,0.193366577242972,0.0251920147691673,-0.123001877345224,0.0686437071017589,0.0308625691199607
0.271696009656115,0.186983128724795,0.0174413861732405,-0.130140733907223,0.0624287048253412,0.0236900574834344
0.265242853064668,0.180538566609549,0.00961241076055452,-0.137356671195437,0.0561384855967403,0.0164452393658006
0.258725648772384,0.174033608484807,0.0017054283062059,-0.144649646615427,0.049773310978733,0.00912868750507653
0.252145121485349,0.167468983326962,-0.00627921786985602,-0.152019618759914,0.0433334471137219,0.00174098450653305
0.245502007736191,0.160845432908821,-0.0143411795149326,-0.15946654613337,0.036819166056209,-0.00571727570580405
0.238797057363486,0.154163713353511,-0.0224801018880946,-0.166990385706153,0.0302307472624852,-0.0132454862755533
0.232031035142198,0.147424596845013,-0.0306956220225107,-0.174591091282332,0.0235684792504861,-0.0208430256253799
0.225204722575494,0.140628873506234,-0.0389873667897774,-0.182268611664104,0.016832661443715,-0.0285092554796206
0.218318919859114,0.133777353456496,-0.0473549507489648,-0.190022888593864,0.0100236062144596,-0.0362435186830662
0.211374448030383,0.126870869061217,-0.055797973761375,-0.197853854453202,0.00314164114277604,-0.0440451367995883
0.204372151314544,0.119910277387274,-0.0643160183507212,-0.205761429696389,-0.00381288849102757,-0.0519134074732358
0.19731289968243,0.112896462878869,-0.0729086467861093,-0.213745519993422,-0.0108396169609768,-0.0598476015326378
0.190197591634095,0.105830340269457,-0.0815753978636461,-0.221806013055677,-0.0179381550762315,-0.0678469598183752
0.183027157224357,0.0987128577466466,-0.0903157833600674,-0.229942775114458,-0.0251080868653946,-0.0759106897111341
0.175802561347297,0.0915450003881738,-0.0991292841294142,-0.238155647019921,-0.0323489659396839,-0.084037961336662
0.168524807297811,0.0843277938881885,-0.108015345811434,-0.246444439924905,-0.0396603115084374,-0.0922279034218492
0.161194940629769,0.0770623085946219,-0.116973374117367,-0.254808930514699,-0.047041604018073,-0.100479598774001
0.153814053331689,0.0697496638798457,-0.126002729655776,-0.263248855740009,-0.0544922803832326,-0.108792079353203
0.146383288342048,0.062391032868178,-0.135102722258025,-0.271763907006652,-0.06201172877647,-0.117164320905532
0.138903844428243,0.0549876475457432,-0.144272604759031,-0.280353723770592,-0.0695992829397593,-0.125595237121983
0.131376981454454,0.04754080427955,-0.153511566185487,-0.289017886482553,-0.0772542159784531,-0.134083673285659
0.123804026065582,0.0400518697747181,-0.162818724299303,-0.297755908820852,-0.0849757335949304,-0.142628399366661
0.116186377816202,0.0325222875006196,-0.172193117439457,-0.30656722914531,-0.0927629667157384,-0.151228102521033
0.108525515775174,0.0249535846185675,-0.181633695600857,-0.315451201098973,-0.100614963462535,-0.159881378947078
0.10082300563865,0.0173473794458731,-0.191139310683267,-0.324407083277313,-0.108530680413105,-0.168586725048666
0.0930805073862807,0.00970538949332131,-0.200708705837743,-0.333434027877007,-0.116508973094481,-0.177342527851546
0.0852997835172519,0.00202944011503858,-0.210340503832223,-0.342531068228573,-0.124548585646051,-0.186147054615023
0.0774827079053645,-0.00567852618753466,-0.220033194350987,-0.351697105107833,-0.1326481395855,-0.19499844157693
0.0696312753141763,-0.0134164397639323,-0.229785120136237,-0.360930891712022,-0.140806121605801,-0.203894681766035
0.0617476116157624,-0.0211820930689192,-0.239594461872409,-0.370231017175825,-0.149020870326154,-0.212833611811309
0.0538339847589131,-0.0289731291240277,-0.249459221706114,-0.379595888491443,-0.157290561914281,-0.22181289767302
0.0458928165347226,-0.0367870291354714,-0.259377205286607,-0.389023710685188,-0.165613194492137,-0.230830019216134
0.0379266951899478,-0.0446210992150028,-0.269346002203037,-0.398512465090207,-0.17398657123114,-0.239882253541628
0.0299383889407638,-0.0524724561479798,-0.279362964685817,-0.408059885541475,-0.182408282037173,-0.248966656986611
0.0219308604414168,-0.0603380121510033,-0.289425184430818,-0.417663432305469,-0.190875683719978,-0.258080045699734
0.0139072822645836,-0.06821445855917,-0.299529467395465,-0.427320263541699,-0.199385878535389,-0.267218974693571
0.00587105345170028,-0.0760982483816236,-0.309672306407233,-0.437027204078731,-0.207935690983658,-0.276379715271807
-0.00217418280684667,-0.0839855776625271,-0.319849851416011,-0.446780711271652,-0.216521642741617,-0.285558230725132
-0.0102245203005658,-0.0918723655836413,-0.33005787721356,-0.456576837692779,-0.225139925601813,-0.294750150186582
-0.0182757696752557,-0.0997542332445178,-0.340291748436184,-0.466411190392966,-0.233786372287999,-0.303950740535027
-0.0263234369951338,-0.107626481056477,-0.350546381660562,-0.476278886457075,-0.242456425013543,-0.313154876234106
-0.0343627009295267,-0.115484064687691,-0.360816204398498,-0.486174504565321,-0.251145101647898,-0.322357006994214
-0.0423883885046859,-0.123321569499144,-0.371095110795134,-0.496092032263631,-0.25984695935734,-0.331551123147444
-0.0503949493634193,-0.13113318341433,-0.381376413836559,-0.506024808640508,-0.26855605558881,-0.34073071862939
-0.0583764284794203,-0.138912668170815,-0.391652793879424,-0.51596546210885,-0.277265906272392,-0.349888751469279
-0.0663264372781111,-0.146653328908233,-0.40191624332682,-0.525905842998644,-0.285969441127823,-0.359017601700257
-0.0742381231228333,-0.154347982055968,-0.412158007293639,-0.535836950683879,-0.294658955975205,-0.368109026616407
-0.0821041371343323,-0.161988921495042,-0.422368520132723,-0.545748854997262,-0.303326061971037,-0.377154113323036
-0.089916600322585,-0.169567882982318,-0.432537337731623,-0.555630611732061,-0.311961631717912,-0.38614322855218
-0.0976670680238942,-0.177076006842033,-0.442653065541565,-0.565470172096336,-0.320555742232114,-0.395065965747816
-0.105346492653397,-0.184503798950341,-0.452703282368527,-0.575254286076142,-0.329097614799151,-0.403911089466243
-0.112945184802975,-0.191841090062605,-0.462674460042333,-0.584968399785162,-0.337575551803739,-0.412666477186512
-0.120452772739093,-0.199076993562317,-0.472551879189174,-0.594596547037062,-0.345976870691239,-0.421319058686847
-0.12785816038301,-0.206199861743957,-0.482319541467004,-0.60412123557863,-0.354287835302192,-0.429854753215129
-0.135149483888613,-0.213197240781004,-0.491960078787147,-0.613523328675464,-0.362493584923291,-0.438258404767243
-0.142314066970912,-0.220055824574952,-0.501454660242076,-0.622781923054798,-0.370578061518511,-0.446513715887413
-0.149338375180775,-0.226761407731372,-0.510782897691411,-0.631874224589064,-0.378523935744014,-0.454603180519962
-0.156207969369603,-0.233298837965421,-0.519922751228737,-0.6407754235556,-0.386312532511745,-0.462508016573581
-0.162907458641204,-0.239651968301696,-0.528850436061895,-0.649458571836763,-0.393923757049589,-0.470208099007248
-0.169420453146515,-0.245803609501052,-0.537540332687067,-0.6578944650296,-0.401336022609453,-0.477681894409983
-0.175729517140503,-0.251735483220406,-0.545964902620342,-0.666051533111514,-0.408526181198063,-0.48490639822453
-0.18181612278813,-0.25742817648859,-0.554094612360301,-0.673895744042617,-0.415469458943907,-0.49185707595345
-0.187660605276889,-0.262861098161283,-0.561897868680442,-0.681390525453524,-0.422139397962599,-0.498507809881632
-0.193242119865956,-0.268012438098802,-0.569340968772555,-0.688496710330863,-0.428507806833657,-0.504830853045197
-0.198538601573696,-0.272859129889059,-0.576388069155774,-0.695172513316398,-0.434544722042187,-0.510796792364345
-0.203526728274038,-0.277376818011329,-0.583001177598336,-0.701373544806841,-0.440218382954633,-0.516374523026105
-0.20818188803479,-0.281539830400426,-0.589140172529305,-0.707052870387586,-0.445495223069914,-0.521531236338704
-0.212478151582639,-0.285321157420011,-0.594762854495949,-0.712161123144383,-0.450339880392544,-0.526232423365192
-0.216388250816514,-0.288692438282918,-0.599825034096114,-0.716646675952182,-0.454715229788069,-0.53044189666273
-0.219883564306864,-0.291623955958453,-0.604280660425705,-0.720455879816435,-0.458582440074156,-0.534121832383946
-0.22293411070753,-0.294084641574691,-0.608081993375757,-0.723533372631475,-0.461901058344809,-0.537232834817853
-0.225508550962626,-0.296042089250478,-0.6111798220469,-0.72582246025047,-0.464629123593309,-0.539734025139615
-0.227574200105909,-0.297462582169095,-0.613523730094589,-0.727265568518764,-0.46672331106884,-0.541583155683218
-0.229097049317942,-0.298311130526676,-0.615062406978397,-0.727804760980154,-0.468139107959193,-0.542736750437088
-0.23004179872027,-0.29855152174694,-0.615744001901529,-0.727382312501666,-0.468831019935698,-0.543150271685196
-0.230371901140052,-0.298146383044829,-0.615516514775622,-0.725941324369496,-0.468752806842232,-0.542778311781384
-0.230049616769045,-0.297057256042809,-0.614328215961731,-0.723426361885861,-0.467857744392665,-0.541574807971409
-0.229374209869018,-0.295596101311375,-0.612610168948588,-0.720330771479186,-0.46652548455199,-0.539914596309941
-0.228674220608465,-0.294104794738935,-0.61083303626715,-0.717190208947339,-0.465171563318548,-0.538208003333223
-0.227948638190892,-0.29258240928154,-0.608995926561617,-0.714003930873045,-0.463794896663699,-0.536453964410604
-0.227196466932585,-0.291028036494143,-0.60709799139469,-0.710771236663469,-0.462394422697208,-0.53465144476165
-0.226416730005304,-0.289440790365481,-0.605138430290361,-0.707491473801967,-0.460969106333175,-0.532799444154607
-0.225608469807464,-0.287819807643111,-0.603116490914896,-0.70416403758693,-0.459517939691985,-0.530896997385673
-0.224770748329563,-0.286164248148269,-0.601031469204564,-0.700788370820569,-0.458039942488847,-0.52894317473663
-0.223902647513151,-0.284473295079799,-0.598882709439434,-0.697363963447958,-0.45653416240762,-0.526937082409451
-0.223003269602684,-0.282746155306502,-0.596669604262757,-0.69389035214689,-0.454999675458519,-0.524877862936499
-0.222071737489602,-0.280982059647252,-0.594391594645796,-0.69036711986943,-0.453435586318603,-0.522764695565139
-0.221107195047966,-0.279180263138226,-0.592048169797951,-0.686793895336084,-0.451841028653733,-0.520596796615466
-0.220108807461017,-0.277340045286657,-0.589638867022434,-0.68317035248384,-0.450215165420952,-0.518373419810066
-0.21907576153803,-0.275460710310522,-0.587163271517868,-0.679496209869513,-0.448557189150219,-0.51609385657479
-0.218007266020839,-0.273541587363597,-0.584621016126324,-0.675771230029855,-0.44686632220449,-0.513757436309473
-0.216902551879446,-0.271582030745393,-0.582011781028647,-0.671995218800308,-0.445141817017258,-0.511363526627825
-0.215760872596125,-0.269581420095442,-0.579335293387941,-0.668168024594145,-0.443382956306706,-0.508911533565613
-0.214581504437465,-0.267539160571479,-0.576591326942363,-0.664289537644075,-0.441589053265716,-0.506400901756445
-0.213363746713824,-0.265454683011154,-0.573779701548586,-0.660359689208454,-0.43975945172707,-0.503831114574579
-0.212106922025653,-0.263327444076789,-0.57090028267724,-0.65637845074426,-0.437893526303241,-0.501201694244175
-0.210810376496246,-0.261156926382926,-0.567952980862074,-0.652345833049201,-0.435990682500265,-0.498512201914603
-0.209473479990418,-0.258942638606305,-0.564937751104482,-0.648261885375344,-0.434050356805314,-0.495762237701495
-0.208095626318676,-0.256684115578009,-0.561854592235285,-0.644126694516639,-0.432072016747568,-0.492951440693258
-0.206676233426532,-0.254380918357565,-0.558703546235767,-0.639940383872924,-0.43005516093224,-0.490079488922998
-0.205214743568516,-0.252032634288798,-0.555484697519975,-0.635703112492823,-0.427999319047504,-0.487146099305762
-0.203710623466596,-0.249638877037286,-0.552198172180506,-0.631415074098093,-0.425904051844323,-0.484151027541175
-0.2021633644527,-0.247199286609355,-0.54884413720002,-0.62707649609202,-0.423768951089206,-0.481094067981708
-0.20057248259504,-0.244713529352494,-0.545422799630729,-0.62268763855422,-0.421593639489937,-0.477975053466746
-0.198937518808022,-0.242181297937213,-0.541934405744267,-0.618248793224471,-0.419377770594552,-0.474793855122863
-0.19725803894556,-0.23960231132039,-0.538379240154343,-0.613760282477983,-0.417121028663776,-0.471550382130785
-0.195533633877587,-0.236976314690099,-0.534757624914518,-0.609222458294463,-0.414823128517319,-0.468244581459485
-0.193763919549686,-0.234303079392126,-0.531069918593661,-0.604635701223416,-0.412483815354437,-0.464876437568157
-0.191948537025713,-0.231582402838253,-0.527316515331404,-0.600000419347888,-0.410102864549298,-0.461445972076672
-0.190087152513398,-0.228814108396535,-0.523497843876094,-0.59531704724889,-0.40768008142168,-0.457953243405349
-0.188179457372882,-0.225998045263813,-0.519614366607655,-0.590586044972688,-0.405215300983729,-0.454398346384923
-0.186225168108248,-0.223134088320715,-0.515666578547707,-0.585807897002911,-0.402708387663424,-0.450781411837594
-0.184224026342061,-0.220222137969462,-0.511655006359296,-0.580983111239506,-0.400159235005526,-0.447102606130172
-0.182175798773093,-0.217262119954848,-0.507580207338589,-0.576112217986413,-0.397567765350907,-0.443362130700417
-0.180080277117288,-0.214253985168746,-0.503442768400685,-0.571195768949636,-0.394933929495029,-0.439560221557601
-0.177937278032209,-0.211197709438594,-0.499243305061839,-0.5662343362475,-0.39225770632661,-0.43569714875856
-0.175746643025133,-0.208093293300276,-0.494982460420115,-0.561228511434537,-0.389539102447356,-0.431773215860369
-0.17350823834506,-0.204940761755899,-0.490660904136567,-0.556178904540498,-0.386778151773817,-0.427788759350909
-0.171221954858918,-0.201740164016997,-0.486279331418934,-0.551086143125891,-0.383974915122386,-0.423744148058662
-0.168887707912248,-0.198491573233644,-0.481838462009677,-0.545950871355198,-0.381129479778512,-0.419639782542978
-0.166505437174741,-0.195195086210084,-0.477339039180181,-0.540773749088936,-0.37824195905118,-0.415476094466181
-0.164075106470987,-0.191850823107483,-0.472781828732876,-0.535555450995667,-0.375312491813827,-0.411253545948936
-0.161596703596818,-0.188458927134306,-0.468167618012776,-0.53029666568474,-0.372341242032746,-0.406972628910113
-0.159070240121715,-0.1850195642251,-0.463497214930123,-0.524998094860758,-0.369328398284142,-0.402633864392694
-0.156495751177687,-0.181532922708182,-0.458771446995405,-0.519660452500377,-0.366274173260964,-0.398237801876983
-0.153873295235117,-0.177999212962968,-0.453991160368178,-0.514284464052097,-0.363178803270603,-0.393785018582548
-0.151202953866091,-0.174418667067608,-0.449157218920917,-0.508870865659678,-0.360042547724678,-0.389276118760323
-0.148484831495688,-0.170791538437568,-0.444270503318991,-0.503420403409465,-0.356865688621864,-0.38471173297613
-0.14571905514181,-0.16711810145589,-0.439331910117889,-0.497933832602185,-0.353648530025067,-0.380092517387116
-0.142905774144082,-0.163398651095805,-0.434342350878573,-0.492411917049318,-0.35039139753383,-0.375419153012313
-0.140045159882381,-0.159633502536381,-0.429302751301874,-0.486855428394381,-0.347094637753187,-0.370692344998709
-0.13713740548562,-0.155822990771953,-0.424214050382701,-0.481265145459215,-0.343758617759944,-0.365912821884138
-0.134182725531332,-0.151967470215988,-0.419077199584754,-0.475641853615321,-0.34038372456739,-0.361081334858174
-0.131181355736658,-0.148067314300087,-0.413893162036288,-0.469986344180246,-0.336970364589478,-0.35619865702232
-0.128133552641413,-0.144122915068895,-0.408662911747595,-0.46429941383902,-0.333518963105395,-0.351265582650701
-0.12503959328373,-0.14013468277145,-0.403387432850456,-0.458581864090406,-0.330029963725453,-0.346282926452326
-0.121899774869028,-0.136103045449853,-0.398067718860125,-0.452834500717911,-0.326503827859213,-0.341251522836181
-0.118714414432826,-0.132028448525758,-0.392704771960014,-0.447058133285257,-0.322941034186675,-0.336172225180088
-0.115483848498049,-0.127911354385426,-0.38729960230933,-0.441253574656027,-0.319342078133325,-0.331045905104446
-0.112208432727498,-0.123752241964021,-0.381853227373925,-0.435421640537291,-0.315707471349905,-0.325873451751866
-0.108888541572015,-0.119551606329695,-0.376366671280328,-0.4295631490467,-0.312037741197529,-0.320655771073552
-0.105524567914998,-0.115309958268162,-0.370840964193072,-0.42367892030278,-0.308333430238887,-0.315393785123404
-0.102116922713893,-0.111027823868339,-0.365277141715352,-0.417769776037996,-0.304595095736263,-0.310088431360696
-0.0986660346391907,-0.106705744109625,-0.359676244312841,-0.411836539234059,-0.300823309156803,-0.304740661962049
-0.0951723497115964,-0.102344274451438,-0.35403931676068,-0.405880033779153,-0.297018655685815,-0.299351443143579
-0.0916363309378767,-0.0979439844254959,-0.348367407613385,-0.399901084146438,-0.293181733748426,-0.293921754493804
-0.0880584579459824,-0.0935054572314202,-0.34266156869754,-0.39390051509341,-0.28931315454023,-0.288452588318032
-0.0844392266200179,-0.0890292893361829,-0.336922854627047,-0.387879151381603,-0.285413541567278,-0.282944948994862
-0.0807791487355488,-0.0845160900778291,-0.331152322340622,-0.381837817516041,-0.281483530195877,-0.277399852345284
-0.0770787515957914,-0.0799664812739854,-0.32535103066126,-0.375777337503886,-0.277523767212458,-0.271818325014936
-0.0733385776692161,-0.0753810968356289,-0.319520039877392,-0.369698534631826,-0.273534910393983,-0.266201403870026
-0.0695591842289977,-0.0707605823864422,-0.313660411345272,-0.363602231261472,-0.269517628089008,-0.26055013540723
-0.0657411429948442,-0.0661055948882804,-0.307773207112347,-0.357489248642363,-0.265472598809768,-0.254865575178063
-0.0618850397776125,-0.0614168022730111,-0.301859489561091,-0.351360406741875,-0.261400510835434,-0.249148787227976
-0.0579914741271587,-0.0566948830811455,-0.295920321072958,-0.3452165240915,-0.257302061826687,-0.243400843550463
-0.0540610589838718,-0.0519405261076092,-0.289956763712034,-0.339058417648986,-0.253177958451839,-0.237622823556519
-0.0500944203342211,-0.0471544300548821,-0.283969878927868,-0.332886902675641,-0.249028916024474,-0.231815813559531
-0.0460921968707374,-0.042337303193843,-0.277960727277068,-0.326702792628305,-0.244855658152774,-0.22598090627582
-0.0420550396568037,-0.0374898630326194,-0.271930368163238,-0.320506899065453,-0.240658916400534,-0.220119200341034
-0.0379836117964993,-0.0326128359935493,-0.265879859594637,-0.314300031566741,-0.236439429959853,-0.214231799842326
-0.0338785881099396,-0.027706957098632,-0.259810257959262,-0.308082997665594,-0.232197945335528,-0.208319813866542
-0.029740654814277,-0.0227729696635328,-0.253722617816694,-0.30185660279416,-0.227935216041052,-0.202384356064317
-0.0255705092107062,-0.0178116250003459,-0.247617991706284,-0.295621650240123,-0.223652002306162,-0.196426544230109
-0.0213688593777309,-0.0128236821293274,-0.241497429971233,-0.289378941114884,-0.219349070795867,-0.190447499898174
-0.0171364238708697,-0.00780990749961868,-0.235361980597944,-0.283129274332522,-0.215027194340795,-0.184448347954335
-0.0128739314290325,-0.00277107471912783,-0.229212689070227,-0.276873446599,-0.210687151678703,-0.17843021626347
-0.00858212068779486,0.00229203570632465,-0.223050598237871,-0.270612252411222,-0.206329727207079,-0.172394235312652
-0.0042617398996475,0.00737863662461555,-0.216876748198988,-0.264346484065252,-0.201955710746514,-0.166341537869665
8.64533385307592e-05,0.012487934479545,-0.21069217619575,-0.258076931673403,-0.197565897314793,-0.16027325865686
0.00446169235072708,0.017619129543708,-0.204497916522936,-0.251804383189554,-0.193161086911361,-0.154190534040044
0.00886320163966105,0.0227714161420289,-0.198295000448795,-0.245529624442286,-0.188742084312,-0.148094501732193
0.0132901971371077,0.0279439828658653,-0.192084456147836,-0.239253439175422,-0.184309698873491,-0.141986300511846
0.0177418864467056,0.0331360127778329,-0.185867308644931,-0.232976609095409,-0.179864744347931,-0.135867069955775
0.0222174690791513,0.0383466836073399,-0.179644579770311,-0.226699913925175,-0.175408038706475,-0.129737950185733
0.0267161366797191,0.0435751679368417,-0.173417288125031,-0.220424131464039,-0.17094040397226,-0.123600081629017
0.0312370732481886,0.0488206333790269,-0.167186449056305,-0.214150037653161,-0.166462666062125,-0.117454604792408
0.0357794553510606,0.0540822427448684,-0.160953074642391,-0.20787840664624,-0.161975654636921,-0.111302660049334
0.0403424523261961,0.0593591542027756,-0.154718173686458,-0.201610010884944,-0.157480202960053,-0.105145387439749
0.0449252264798642,0.0646505214289127,-0.148482751719016,-0.195345621178723,-0.152977147763905,-0.0989839264824689
0.0495269332762261,0.0699554937487976,-0.142247811008513,-0.189086006788663,-0.14846732912395,-0.0928194159996182
0.0541467215193899,0.075273216270377,-0.136014350579571,-0.182831935514916,-0.143951590340056,-0.0866529939527334
0.0587837335280979,0.0806028300087353,-0.129783366238461,-0.176584173787361,-0.139430777824749,-0.0804857972901713
0.0634371053030951,0.0859434720025443,-0.123555850605451,-0.17034348675923,-0.134905740998132,-0.0743189618054989
0.0681059666874055,0.0912942754225477,-0.117332793153461,-0.164110638403158,-0.130377332188972,-0.0681536220063158
0.0727894415195089,0.0966543696721611,-0.111115180252779,-0.157886391609528,-0.125846406541804,-0.0619909109932642
0.0774866477796848,0.102022880480483,-0.104903995221276,-0.151671508286588,-0.121313821929519,-0.0558319603486807
0.0821966977296215,0.107398929987914,-0.098700218379781,-0.145466749462097,-0.116780438871219,-0.0496779000345054
0.0869186980454212,0.112781636824542,-0.0925048271122654,-0.139272875386219,-0.112247120454942,-0.0435298582990989
0.091651749944279,0.11817011618165,-0.0863187959303096,-0.133090645635219,-0.107714732264886,-0.0373889615923981
0.0963949493049548,0.123563479876499,-0.0801430965415805,-0.126920819215758,-0.1031841423128,-0.0312563344890563
0.101147386782244,0.128960836410663,-0.0739786979218999,-0.120764154669472,-0.0986562209732179,-0.0251330996191614
0.105908147915733,0.134361291022227,-0.0678265663904604,-0.114621410177438,-0.0941318409221126,-0.019020377605959
0.110676313232949,0.139763945732032,-0.0616876656879395,-0.108493343664394,-0.089611877078694,-0.0129192870103019
0.115450958347274,0.145167899384328,-0.0555629570570072,-0.102380712902263,-0.0850972065499565,-0.00683094428122714
0.120231154050775,0.15057224768211,-0.0494533993249279,-0.0962842756127899,-0.0805887085776071,-0.000756463712282177
0.125015966402229,0.155976083217363,-0.043359948987917,-0.0902047895690115,-0.0760872644871098,0.00530304259682179
0.129804456810645,0.161378495496605,-0.0372835602968337,-0.0841430126952395,-0.0715937576384003,0.011346464773755
0.134595682114534,0.166778570962026,-0.0312251853438564,-0.0780997031652894,-0.0671090733779745,0.0173726952027506
0.139388694657178,0.172175393008442,-0.0251857741498791,-0.0720756194987694,-0.0626340989920347,0.0233806285497812
0.144182542358282,0.177568041996556,-0.019166274752133,-0.0660715206550222,-0.0581697236602815,0.0293691617843559
0.148976268782204,0.182955595262681,-0.0131676332918362,-0.0600881661246161,-0.0537168384100988,0.0353371941982103
0.15376891320316,0.18833712712539,-0.00719079410142071,-0.0541263160180019,-0.0492763360707197,0.041283627421461
0.158559510667699,0.193711708889396,-0.00123669979102199,-0.0481867311511346,-0.0448491112270862,0.0472073654366615
0.163347092054713,0.199078408846944,0.00469370866602994,-0.0422701731278519,-0.0404360601730933,0.0531073145911086
0.168130684133422,0.204436292277194,0.0105994918491755,-0.0363774044186743,-0.0360380808638355,0.0589823836079898
0.172909309619605,0.209784421443865,0.0164797118083075,-0.0305091884358165,-0.0316560728665646,0.0648314835967264
0.177681987230415,0.215121855591506,0.0223334319834615,-0.0246662896042408,-0.0272909373100909,0.0706535280629276
0.182447731738193,0.220447650940835,0.0281597171269622,-0.0188494734283624,-0.0229435768322055,0.0764474329185097
0.18720555402358,0.225760860683435,0.0339576332282057,-0.0130595065543348,-0.0186148955249514,0.0822121164922656
0.191954461128318,0.231060534976247,0.0397262474415129,-0.00729715682755193,-0.0143057988773205,0.0879464995414384
0.196693456308155,0.236345720936255,0.0454646280173462,-0.00156319334518497,-0.010017193715144,0.0936495052646749
0.20142153908612,0.241615462635681,0.0511718442371283,0.00414161349642647,-0.00574998813790664,0.0993200593167335
0.206137705306674,0.246868801098168,0.0568469663521003,0.00981649195985357,-0.0015050914521245,0.104957089825457
0.210840947191072,0.252104774296332,0.0624890655264753,0.0154606689303003,0.00271658589893939,0.110559527411367
0.21553025339427,0.25732241715102,0.0680972137851223,0.021073369885132,0.00691413240947944,0.116126305210229
0.220204609063925,0.26252076153282,0.0736704839662722,0.0266538188695752,0.0110866355896144,0.121656358899151
0.224862995901695,0.267698836266065,0.079207949679323,0.0322012384786236,0.0152331820482685,0.127148626726367
0.229504392227403,0.272855667135911,0.084708685268241,0.0377148498455155,0.0193528575808156,0.132602049545332
0.234127773046414,0.27799027689881,0.090171765780753,0.0431938726369146,0.0234447472616914,0.138015570853337
0.238732110120573,0.283101685296802,0.095596266943613,0.0486375250549698,0.0275079355421647,0.143388136835044
0.243316372043224,0.288188909076108,0.100981265144306,0.0540450238465417,0.0315415063535818,0.148718696411361
0.24787952431866,0.293250962010425,0.106325837419429,0.05941558431973,0.035544543216243,0.154006201293931
0.252420529446386,0.298286854929296,0.111629061449993,0.0647484203678637,0.0395161293540988,0.159249606045583
0.256938347010706,0.303295595752109,0.116890015564039,0.0700427445012491,0.0434553478155546,0.164447868147122
0.261431933775928,0.308276189528012,0.122107778746683,0.0752977678867072,0.0473612816004414,0.169599948070682
0.265900243787694,0.313227638482296,0.127281430657996,0.0805127003952036,0.0512330137934515,0.174704809360027
0.270342228480808,0.31814894206962,0.132410051658915,0.0856867506576804,0.0550696277041231,0.179761418718054
0.27475683679393,0.323039097034484,0.137492722845393,0.0908191261292086,0.0588702070135422,0.184768746101717
0.279143015291606,0.327897097479447,0.14252852609113,0.0959090331617016,0.0626338359279128,0.189725764824733
0.283499708294005,0.332721934941466,0.147516544099063,0.100955677085282,0.0663595993391255,0.194631451668239
0.287825858014705,0.337512598476756,0.152455860461813,0.105958262298405,0.0700465829923901,0.199484786999618
0.292120404707004,0.342268074754665,0.157345559731393,0.11091599236695,0.0736938736610858,0.20428475489976
0.296382286819039,0.346987348160864,0.162184727498279,0.11582807013229,0.077300559328856,0.209030343298871
0.300610441158131,0.351669400910347,0.166972450480128,0.120693697828526,0.0808657293790452,0.213720544121058
0.304803803064698,0.356313213170564,0.17170781662026,0.125512077208936,0.0843884747915067,0.218354353437799
0.308961306596015,0.360917763195063,0.17638991519608,0.130282409681675,0.0878678883467871,0.222930771630402
0.313081884720223,0.365482027468021,0.181017836937593,0.13500389645486,0.0913030648377299,0.227448803561585
0.317164469520806,0.370004980859993,0.185590674156153,0.139675738691026,0.0946931012884632,0.231907458756226
0.321207992411803,0.374485596795116,0.190107520883471,0.144297137670935,0.0980370971806825,0.236305751591257
0.325211384364074,0.378922847430196,0.194567473021084,0.148867294966847,0.101334154687276,0.240642701494831
0.329173576142698,0.383315703845761,0.198969628500189,0.153385412625065,0.104583378913056,0.244917333154556
0.333093498555814,0.387663136249434,0.20331308745201,0.157850693357847,0.107783878142612,0.249128676734889
0.336970082714964,0.391964114191771,0.20759695238859,0.162262340744522,0.110934764095063,0.253275768103489
0.340802260307041,0.396217606794662,0.211820328393999,0.166619559441682,0.114035152185538,0.257357649066373
0.344588963877977,0.400422582992515,0.215982323325919,0.170921555402383,0.117084161793224,0.261373367611768
0.348329127128136,0.404578011786224,0.220082048027486,0.175167536104129,0.120080916535725,0.265321978162379
0.352021685219442,0.408682862509988,0.224118616549244,0.179356710785459,0.12302454454946,0.269202541835815
0.355665575094183,0.412736105110996,0.228091146381081,0.183488290690925,0.125914178775866,0.273014126712929
0.359259735805432,0.416736710441945,0.231998758693954,0.187561489324183,0.128748957253039,0.276755808113684
0.362803108858955,0.420683650566338,0.23584057859117,0.191575522708955,0.131528023412518,0.280426668880253
0.366294638566494,0.424575899076465,0.239615735369014,0.195529609657543,0.134250526380866,0.284025799666926
0.369733272410184,0.428412431423946,0.243323362786421,0.199422972046555,0.136915621285607,0.287552299236417
0.37311796141802,0.432192225262721,0.246962599343463,0.203254835099575,0.139522469565237,0.291005274762186
0.376447660550019,0.435914260804284,0.2505325885683,0.207024427676331,0.142070239282781,0.294383842136261
0.379721329094932,0.439577521184995,0.25403247931231,0.21073098256806,0.144558105442564,0.297687126282155
0.382937931077201,0.443180992845294,0.257461426053087,0.214373736798697,0.146985250309744,0.300914261472395
0.386096435673865,0.446723665920534,0.26081858920492,0.21795193193143,0.149350863732137,0.304064391650132
0.389195817641138,0.450204534643265,0.264103135436464,0.221464814380342,0.151654143463924,0.307136670754419
0.392235057750353,0.4536225977567,0.267314237995247,0.224911635726659,0.153894295490809,0.310130263048623
0.395213143232891,0.456976858939079,0.2704510770386,0.22829165303923,0.156070534356112,0.313044343451459
0.398129068233841,0.460266327238724,0.273512839970776,0.231604129198913,0.158182083487444,0.315878097870246
0.400981834273937,0.463490017519425,0.27649872178576,0.234848333226352,0.160228175523436,0.318630723535767
0.403770450719484,0.466646950915937,0.27940792541553,0.238023540612877,0.162208052640122,0.321301429338371
0.406493935259868,0.469736155299248,0.282239662083365,0.241129033654083,0.164120966876551,0.323889436164781
0.409151314392214,0.472756665751265,0.284993151661807,0.244164101785704,0.165966180459137,0.326393977235114
0.411741623912844,0.475707525048637,0.287667623034984,0.247128041921415,0.167742966124381,0.328814298439697
0.414263909415064,0.478587784155329,0.290262314464892,0.250020158792219,0.169450607439523,0.331149658675186
0.416717226792822,0.481396502723516,0.292776473961249,0.252839765286961,0.171088399120658,0.333399330179502
0.419100642749798,0.484132749602486,0.295209359654598,0.255586182793695,0.172655647347988,0.335562598865181
0.421413235313394,0.486795603355018,0.297560240172228,0.258258741541461,0.174151670077721,0.337638764650623
0.423654094353123,0.489384152780825,0.299828395016559,0.260856780942121,0.175575797350255,0.339627141788823
0.425822322102846,0.491897497446559,0.302013114945576,0.263379649931907,0.176927371594243,0.341527059193119
0.427917033686237,0.494334748221789,0.304113702354895,0.265826707312221,0.178205747926102,0.343337860759472
0.429937357644932,0.496695027820447,0.306129471661054,0.268197322089408,0.179410294444628,0.345058905684869
0.431882436468648,0.498977471347075,0.308059749685573,0.270490873813016,0.18054039252026,0.346689568781331
0.433751427126612,0.501181226847205,0.309903876039314,0.27270675291219,0.181595437078639,0.348229240785095
0.435543501599617,0.503305455861231,0.311661203506729,0.274844361029789,0.182574836878048,0.349677328660493
0.437257847411881,0.505349333980915,0.313331098429395,0.276903111353783,0.183478014780337,0.351033255898021
0.438893668161988,0.507312051407834,0.314912941088431,0.278882428945515,0.184304408014946,0.352296462806161
0.440450184052041,0.509192813512858,0.316406126085202,0.280781751064403,0.18505346843562,0.353466406796432
0.441926632414164,0.510990841395771,0.317810062719761,0.282600527488575,0.185724662769431,0.354542562661183
0.443322268233493,0.512705372444129,0.319124175366481,0.284338220831026,0.186317472857689,0.355524422843648
0.444636364666678,0.514335660890336,0.320347903846259,0.2859943068508,0.186831395888378,0.356411497699734
0.445868213554969,0.515880978365927,0.321480703794694,0.287568274758673,0.187265944619677,0.357203315751048
0.447017125930872,0.517340614451998,0.322522047025593,0.289059627516899,0.187620647594215,0.357899423928662
0.448082432517383,0.518713877224652,0.323471421889179,0.290467882132448,0.187895049343639,0.358499387807095
0.449063484218729,0.520000093794362,0.324328333624312,0.291792569943253,0.188088710583104,0.359002791828003
0.449959652601603,0.521198610838041,0.325092304704073,0.293033236896911,0.188201208395321,0.359409239513085
0.450770330365766,0.522308795122644,0.325762875174,0.29418944382133,0.188232136403756,0.359718353665694
0.45149493180298,0.52333003401909,0.326339602982287,0.295260766686747,0.18818110493462,0.359929776560649
0.452132893243162,0.524261736005253,0.326822064301259,0.296246796858605,0.188047741167283,0.360043170121788
0.452683673486668,0.525103331156788,0.327209853839381,0.297147141340733,0.187831689272746,0.360058216086767
0.453146754221623,0.525854271624542,0.327502585143132,0.297961423008271,0.187532610539832,0.359974616158645
0.453521640425228,0.526514032097294,0.327699890888007,0.298689280829829,0.187150183488771,0.359792092143823
0.453807860747975,0.527082110248591,0.32780142315797,0.299330370078325,0.18668410397183,0.359510386075894
0.454004967879731,0.527558027166447,0.327806853712651,0.299884362529987,0.186134085260722,0.359129260325011
0.45411253889667,0.527941327764684,0.327715874241622,0.300350946651002,0.185499858120483,0.358648497692381
0.454130175588082,0.528231581174751,0.327528196605077,0.300729827771317,0.184781170869562,0.358067901489537
0.454057504762104,0.528428381116867,0.327243553060284,0.301020728245103,0.183977789425865,0.357387295602042
0.453894178529465,0.528531346249356,0.326861696473182,0.301223387597426,0.183089497338562,0.35660652453735
0.453639874564391,0.528540120495142,0.326382400514524,0.301337562656676,0.182116095805404,0.355725453456524
0.453294296341875,0.52845437334435,0.325805459840015,0.301363027672336,0.181057403675448,0.354743968189616
0.452857173350543,0.528273800132101,0.325130690253885,0.301299574417712,0.179913257436968,0.353661975234472
0.452328261280454,0.527998122290569,0.324357928855434,0.301147012277244,0.178683511190486,0.352479401738825
0.451707342185204,0.527627087574494,0.323487034168061,0.300905168318084,0.17736803660683,0.351196195465558
0.450994224617776,0.527160470259402,0.322517886250363,0.300573887345632,0.175966722870115,0.349812324741028
0.45018874373968,0.526598071311847,0.321450386788939,0.300153031942776,0.174479476605681,0.348327778386432
0.449290761402972,0.525939718531106,0.320284459172571,0.299642482492614,0.172906221792949,0.346742565632228
0.448300166204832,0.52518526666179,0.319020048547471,0.299042137184461,0.171246899663241,0.345056716015609
0.447216873514469,0.524334597477001,0.317657121853411,0.298351912003013,0.169501468582653,0.343270279261165
0.446040825472203,0.523387619831677,0.316195667840514,0.297571740700559,0.167669903920051,0.341383325144844
0.444771990960634,0.52234426968591,0.31463569706659,0.29670157475218,0.165752197900351,0.33939594334136
0.443410365547957,0.521204510098135,0.312977241874974,0.295741383293923,0.163748359443265,0.337308243255335
0.441955971403482,0.519968331188098,0.311220356352799,0.294691153043992,0.161658413987677,0.335120353836337
0.440408857185572,0.518635750069738,0.309365116269771,0.293550888206998,0.159482403301915,0.332832423378202
0.438769097902301,0.517206810754109,0.307411618997566,0.29232061036146,0.15722038528023,0.330444619302953
0.437036794745135,0.515681584022609,0.30535998340993,0.291000358330627,0.154872433725687,0.327957127929677
0.435212074896148,0.514060167270902,0.303210349763774,0.289590188036949,0.152438638119929,0.325370154228828
0.433295091309264,0.51234268432396,0.300962879561458,0.288090172340364,0.149919103380083,0.322683921562395
0.431286022466143,0.510529285222804,0.298617755394624,0.28650040086076,0.147313949603279,0.319898671410441
0.429185072107427,0.508620145983596,0.296175180769962,0.284820979784987,0.14462331179921,0.317014663084572
0.42699246894008,0.506615468329783,0.293635379917302,0.283052031658744,0.141847339611158,0.314032173428886
0.42470846632166,0.504515479398146,0.290998597580528,0.281193695163877,0.138986197026019,0.310951496509011
0.422333341922497,0.502320431419665,0.288265098791899,0.279246124881513,0.136040062073883,0.307772943289927
0.419867397366634,0.500030601376158,0.285435168630279,0.277209491041591,0.133009126517632,0.304496841303153
0.417310957852722,0.497646290633798,0.282509111963994,0.275083979259376,0.129893595533259,0.301123534304118
0.414664371755833,0.495167824554603,0.279487253178957,0.272869790259555,0.126693687381426,0.297653381920346
0.411928010211411,0.492595552087117,0.276369935892792,0.270567139588568,0.123409633070939,0.294086759291271
0.40910226668259,0.489929845337565,0.273157522655775,0.268176257315911,0.120041676014814,0.290424056700471
0.406187556512086,0.487171099122791,0.269850394639372,0.265697387725121,0.116590071679624,0.286665679201121
0.403184316459981,0.484319730506343,0.266448951313251,0.263130788995201,0.113055087228797,0.282812046235487
0.400093004228766,0.481376178319185,0.262953610111712,0.260476732873369,0.109437001160723,0.278863591249374
0.396914097976983,0.478340902666442,0.259364806090396,0.257735504339877,0.105736102942282,0.27482076130233
0.393648095822919,0.475214384421767,0.255682991574373,0.25490740126591,0.101952692638755,0.270684016674619
0.390295515339761,0.471997124710821,0.251908635798514,0.251992734065358,0.098087080540805,0.266453830471781
0.386856893043702,0.468689644385488,0.248042224541277,0.248991825341524,0.0941395867894521,0.262130688227799
0.383332783876516,0.465292483490451,0.24408425975301,0.245905009529699,0.0901105409999127,0.257715087507849
0.379723760684065,0.461806200723725,0.240035259179821,0.242732632536637,0.0860002818851654,0.253207537511567
0.376030413692327,0.458231372892851,0.235895755984251,0.239475051378009,0.081809156880215,0.248608558677904
0.372253349982512,0.454568594368448,0.231666298363948,0.236132633814908,0.0775375217680326,0.243918682292619
0.368393192966747,0.450818476536745,0.227347449169468,0.232705757990534,0.0731857403080881,0.239138450099391
0.364450581866074,0.446981647252942,0.22293978552264,0.229194812068255,0.0687541838686191,0.234268413915783
0.360426171192212,0.443058750296994,0.21844389843663,0.225600193872197,0.0642432310636185,0.229309135255037
0.356320630234785,0.439050444833638,0.213860392439106,0.221922310531615,0.0596532673956467,0.224261184954929
0.352134642555644,0.434957404878431,0.209189885199925,0.218161578130378,0.0549846849057034,0.219125142814887
0.347868905491908,0.430780318771502,0.204433007164666,0.214318421362798,0.0502378818312463,0.213901597242533
0.343524129669372,0.426519888660824,0.19959040119548,0.210393273197222,0.0454132622736487,0.208591144910935
0.33910103852803,0.422176829996854,0.194662722220835,0.20638657454882,0.0405112358764391,0.203194390427936
0.334600367861301,0.417751871040197,0.189650636895542,0.202298773962936,0.0355322175155524,0.197711946018773
0.330022865370805,0.413245752384296,0.18455482327284,0.19813032731065,0.0304766270031868,0.192144431223578
0.325369290238318,0.40865922649482,0.17937597049,0.193881697497984,0.0253448888065805,0.186492472611062
0.320640412716724,0.40399305726767,0.174114778469265,0.189553354190473,0.0201374317833872,0.180756703509982
0.315837013741807,0.399248019607532,0.168771957635892,0.185145773554795,0.0148546889352811,0.174937763760048
0.310959884566617,0.394424899028743,0.16334822865503,0.18065943801917,0.00949709718147734,0.169036299483806
0.306009826420378,0.389524491280533,0.157844322189444,0.176094836054429,0.00406509715405172,0.163052962881398
0.300987650193814,0.384547601998538,0.152260978680015,0.171452461977691,-0.00144086698298942,0.15698841204999
0.295894176152864,0.379495046384607,0.146598948151084,0.166732815780606,-0.00702034768889562,0.150843310829808
0.290730233682854,0.37436764891698,0.140858990042846,0.161936402984377,-0.0126728941733285,0.144618328678923
0.285496661065135,0.369166243092887,0.135041873072995,0.157063734523697,-0.0183980524932677,0.138314140578887
0.280194305288448,0.363891671205803,0.129148375130058,0.152115326662002,-0.0241953656171276,0.131931426973611
0.274824021897206,0.358544784159559,0.123179283200894,0.147091700940512,-0.0300643734534357,0.125470873743944
0.269386674879019,0.353126441321614,0.117135393334989,0.141993384163618,-0.036004612841314,0.118933172220558
0.263883136593896,0.34763751041786,0.111017510648276,0.136820908423402,-0.042015617499733,0.112319019237912
0.258314287747708,0.342078867471558,0.104826449369541,0.131574811166227,-0.0480969179322515,0.105629117232418
0.252681017412449,0.336451396788804,0.0985630329322992,0.126255635304385,-0.0542480412839384,0.0988641743877651
0.246984223096191,0.330755990993417,0.0922280941156085,0.120863929376185,-0.0604685111466582,0.092024904831031
0.241224810865572,0.324993551113948,0.0858224752371824,0.115400247757879,-0.0667578473088186,0.0851120288830989
0.235403695523864,0.319164986725786,0.0793470284024376,0.109865150931084,-0.0731155654453906,0.0781262733672446
0.229521800847938,0.313271216151553,0.0728026158135309,0.104259205809715,-0.0795411767435284,0.0710683719802243
0.223580059887416,0.30731316672294,0.0661901101423531,0.0985829861305051,-0.0860341874590046,0.063939065730158
0.217579415329627,0.301291775107439,0.0595103949719429,0.092837072911526,-0.0925940983982161,0.0567391034460631
0.211520819934213,0.295207987703689,0.0527643653110787,0.0870220549835744,-0.0992204043199958,0.0494692423642481
0.205405237041248,0.289062761109082,0.0459529281868353,0.0811385295992271,-0.105912593251382,0.0421302487968993
0.199233641157277,0.282857062663855,0.039077003320647,0.075187103125187,-0.112670145710558,0.034722898888994
0.193007018623588,0.276591871075748,0.0321375238932834,0.0691683918234086,-0.11949253383022,0.0272479794696565
0.186726368371514,0.270268177129805,0.0251354374048449,0.0630830227272256,-0.126379220373682,0.0197062890048525
0.180392702769876,0.263886984488174,0.018071706636262,0.0569316346190221,-0.133329657635575,0.0120986386588133
0.174007048569671,0.257449310584713,0.0109473107188682,0.0507148791162373,-0.140343286218615,0.00442585347175847
0.167570447951861,0.250956187619993,0.00376324631958221,0.044433421873329,-0.147419533676806,-0.0033112263374156
0.16108395968404,0.244408663662139,-0.00347947105081893,0.0380879439073944,-0.154557813015222,-0.0111117439346842
0.154548660392385,0.237807803859576,-0.0107798055979592,0.0316791430560476,-0.161757521035354,-0.0189748242909419
0.14796564595558,0.231154691772028,-0.0181366996639171,0.0252077355765113,-0.169018036514379,-0.0268995724481652
0.141336033027718,0.224450430826361,-0.0255490719978017,0.0186744578955181,-0.176338718205864,-0.0348850716207015
0.134660960697671,0.217696145904381,-0.0330158158669232,0.012080068520245,-0.183718902648375,-0.0429303811197632
0.127941592292965,0.210892985070172,-0.0405357969978513,0.00542535012139073,-0.19115790176734,-0.0510345340882633
0.121179117336306,0.204042121444669,-0.048107851336385,-0.00128888820021772,-0.198655000254824,-0.059196535032616
0.114374753663809,0.197144755236035,-0.0557307826142355,-0.00806180845077939,-0.206209452710175,-0.0674153571366261
0.107529749714121,0.190202115934501,-0.0634033597099057,-0.0148925410713894,-0.213820480523698,-0.0756899393420546
0.100645386998274,0.183215464681021,-0.0711243137902712,-0.0217801820424655,-0.221487268483987,-0.0840191831791051
0.0937229827607919,0.176186096819621,-0.0788923352184399,-0.0287237897496132,-0.229208961087988,-0.0924019493288473
0.0867638928427773,0.169115344643635,-0.0867060702129159,-0.0357223815951557,-0.236984658531727,-0.100837053898734
0.0797695147585638,0.162004580346771,-0.0945641172419082,-0.0427749303382276,-0.244813412357638,-0.109323264390715
0.0727412909980978,0.154855219190502,-0.102465023135704,-0.0498803601453724,-0.252694220732816,-0.117859295340182
0.0656807125675046,0.147668722899588,-0.110407278899346,-0.0570375423326953,-0.260626023330938,-0.126443803602833
0.0585893227813878,0.140446603298551,-0.118389315206344,-0.0642452907790556,-0.268607695788194,-0.135075383264542
0.0514687213205833,0.133190426202096,-0.12640949755359,-0.0715023569890041,-0.276638043701972,-0.143752560148241
0.0443205685699488,0.125901815573292,-0.134466121056314,-0.0788074247827215,-0.284715796138667,-0.152473785889974
0.0371465902514796,0.118582457964055,-0.142557404860719,-0.0861591045888175,-0.292839598614624,-0.161237431554387
0.0299485823683488,0.111234107252686,-0.150681486151203,-0.0935559273149129,-0.301008005512183,-0.170041780758708
0.0227284164764641,0.103858589694282,-0.158836413727487,-0.100996337769167,-0.309219471889943,-0.178885022271832
0.0154880453004696,0.0964578093000891,-0.167020141126175,-0.108478687604844,-0.317472344644104,-0.1877652420538
0.008229508711739,0.0890337535625239,-0.175230519260111,-0.116001227758629,-0.325764852975014,-0.196680414698879
0.000954940086633341,0.0815884995433161,-0.183465288547555,-0.123562100351824,-0.334095098110233,-0.205628394243499
-0.00633342693648405,0.0741242203424093,-0.191722070502552,-0.131159330022575,-0.342461042232945,-0.214606904298697
-0.0136332512823903,0.0666431919659366,-0.199998358756631,-0.138790814655806,-0.350860496561693,-0.223613527464789
-0.020942076826788,0.0591478006119868,-0.208291509481093,-0.146454315476322,-0.359291108524654,-0.23264569398416
-0.0282573243271969,0.0516405503929983,-0.216598731178583,-0.154147446469662,-0.367750347969339,-0.241700669586775
-0.0355762828770672,0.0441240715139729,-0.224917073811921,-0.161867663094237,-0.376235492345993,-0.250775542481399
-0.0428961008631631,0.0366011289259155,-0.233243417237593,-0.169612250247407,-0.384743610800683,-0.259867209444213
-0.0502137764066501,0.0290746314735746,-0.24157445891155,-0.177378309448033,-0.393271547112533,-0.268972360956044
-0.057526147265784,0.0215476415591805,-0.249906700831888,-0.185162745194634,-0.401815901404567,-0.278087465335642
-0.0648298801854966,0.0140233853368406,-0.258236435690925,-0.192962250465987,-0.410373010565242,-0.287208751824146
-0.0721214596775228,0.00650526345400952,-0.266559732207559,-0.200773291329022,-0.418938927314729,-0.296332192574008
-0.0793971762094023,-0.00100313763812207,-0.274872419605262,-0.208592090613118,-0.427509397843029,-0.305453483489679
-0.0866531137889335,-0.00849803379129457,-0.283170071210494,-0.216414610619163,-0.436079837957386,-0.314568023877486
-0.0938851369308552,-0.0159754306697308,-0.291447987147397,-0.224236534832702,-0.444645307678064,-0.323670894863743
-0.101088876994663,-0.0234311106501554,-0.299701176108058,-0.232053248613955,-0.453200484226799,-0.332756836544842
-0.108259717885765,-0.030860619102654,-0.307924336182908,-0.239859818842844,-0.461739633360452,-0.34182022384016
-0.115392781115223,-0.0382592500452537,-0.31611183474118,-0.247650972502845,-0.470256579012272,-0.35085504102656
-0.122482910217973,-0.0456220311690754,-0.324257687359148,-0.25542107419576,-0.478744671217359,-0.359854854944593
-0.129524654534072,-0.0529437082348764,-0.332355535802391,-0.26316410258876,-0.487196752316002,-0.36881278687961
-0.136512252363335,-0.060218728846709,-0.340398625078825,-0.270873625806565,-0.495605121450413,-0.37772148313736
-0.143439613510629,-0.067441225614416,-0.348379779591978,-0.278542775795739,-0.503961497397586,-0.386573084353799
-0.150300301246528,-0.074604998723037,-0.356291378438297,-0.286164221704186,-0.512256979813593,-0.395359193602241
-0.15708751371691,-0.0817034979348394,-0.364125329909306,-0.293730142338195,-0.520482009004177,-0.404070843389097
-0.163794064845226,-0.0887298040585522,-0.371873045279291,-0.301232197782091,-0.528626324384017,-0.412698461662748
-0.170412364782008,-0.0956766099296887,-0.379525411981102,-0.308661500290859,-0.536678921841986,-0.421231836997739
-0.176934399969137,-0.102536200957206,-0.387072766298595,-0.316008584596167,-0.544628010295142,-0.429660083161124
-0.183351712899952,-0.109300435303578,-0.394504865732382,-0.323263377799287,-0.55246096778845,-0.43797160331749
-0.189655381671672,-0.115960723778826,-0.401810861227607,-0.330415169062139,-0.560164297582691,-0.446154054185808
-0.195835999443457,-0.122508009543947,-0.408979269487699,-0.33745257934952,-0.567723584769129,-0.454194310524558
-0.201883653931251,-0.12893274773491,-0.415997945636341,-0.344363531521393,-0.575123454056155,-0.462078430390724
-0.207787907089978,-0.135224885135648,-0.42285405653143,-0.351135221123964,-0.5823475294899,-0.469791621693743
-0.213537775154302,-0.141373840046987,-0.429534055079237,-0.357754088282018,-0.589378396996737,-0.47731821064649
-0.219121709209148,-0.147368482497024,-0.436023655918805,-0.364205791126603,-0.596197570737927,-0.484641612773028
-0.224527576485489,-0.153197114960733,-0.442307812896737,-0.370475181252753,-0.602785464404223,-0.491744307221845
-0.229742642751485,-0.158847453923839,-0.448370698975757,-0.37654628193698,-0.609121368925242,-0.498607815411274
-0.234753555938761,-0.164306612403153,-0.454195688978884,-0.382402269612101,-0.615183437846065,-0.505212684802055
-0.239546331298915,-0.169561083684928,-0.459765345768292,-0.388025459305063,-0.620948681918787,-0.511538478832974
-0.244106338402191,-0.174596726559242,-0.465061410494867,-0.393397294789495,-0.626392974540815,-0.517563774115286
-0.2484182902996,-0.179398752338014,-0.470064797578023,-0.398498344235384,-0.631491069712385,-0.523266166015899
-0.25246623517072,-0.183951713946734,-0.47475559508299,-0.403308302150344,-0.63621663417081,-0.528622283761747
-0.256233550839989,-0.188239497440642,-0.479113071231974,-0.40780599847713,-0.640542295374122,-0.533607816250215
-0.259702942364614,-0.192245316126262,-0.483115687564714,-0.411969415486215,-0.64443970661016,-0.538197549460298
-0.262856443538465,-0.195951708091683,-0.486741119989894,-0.415775713821543,-0.647879631211973,-0.542365417091634
-0.265675420975611,-0.199340535852853,-0.489966286382068,-0.419201266442183,-0.650832044413249,-0.546084563091343
-0.268140586417737,-0.202392993558755,-0.492767387497184,-0.422221707337416,-0.653266261060579,-0.549327423604803
-0.27023200144365,-0.205089606513095,-0.495119942762797,-0.42481197650801,-0.655151065856954,-0.552065807727332
-0.271929119778589,-0.207410266611867,-0.496998873951649,-0.426946414523094,-0.656454910627546,-0.55427103562488
-0.273210756627188,-0.209334197095909,-0.498378506908272,-0.428598775989312,-0.657146016579988,-0.555913989149616
-0.274055195403241,-0.210840049549894,-0.499232738020425,-0.429742410030404,-0.657192684501895,-0.556965348475656
-0.274440323581371,-0.211906028921417,-0.499535238161433,-0.430350479653476,-0.656563652527393,-0.557395872249996
-0.274342095838312,-0.212508403355178,-0.499257694110832,-0.430394205939626,-0.655226031113694,-0.557174495575121
-0.273743781444611,-0.212630428356223,-0.498380719122859,-0.429853868704888,-0.653158850477958,-0.556280513186227
-0.272593236927263,-0.212221063395379,-0.496843733747375,-0.428668360559567,-0.650291471767512,-0.554647937764494
-0.271052807330016,-0.211436503902708,-0.494838241845162,-0.427030450089345,-0.64686368457818,-0.552491113247332
-0.269417053942188,-0.21056106226962,-0.492710457036406,-0.425288593832522,-0.643302854364517,-0.550195374036556
-0.2677809640631,-0.209686418322231,-0.490571930126093,-0.423554912145014,-0.639746181717211,-0.54788479803028
-0.266117303301919,-0.208786091484878,-0.488390857746318,-0.421797208649743,-0.636155099280352,-0.54552440334974
-0.264433643241261,-0.20786726525307,-0.486176237881215,-0.420024349137483,-0.632540934661481,-0.543124433983105
-0.262727397379641,-0.206927293830826,-0.483925176538016,-0.418233224855473,-0.628900494211371,-0.540681963800366
-0.260998820836546,-0.205966281985816,-0.481638111317368,-0.416424073755925,-0.625234631407673,-0.538197751513567
-0.259247462138824,-0.204983650145132,-0.479314658935057,-0.414596301936638,-0.621543192548269,-0.535671647000708
-0.257473065885493,-0.20397900871766,-0.476954670693625,-0.41274954578936,-0.617826298083077,-0.533103757379519
-0.255675365096219,-0.202951957010538,-0.474557989653646,-0.410883427804844,-0.614084047868249,-0.530494178515824
-0.253854120471411,-0.201902121381266,-0.472124496328572,-0.408997602673311,-0.610316576021978,-0.527843045079212
-0.252009116112325,-0.200829151191752,-0.469654103516094,-0.407091752220749,-0.606524044265371,-0.525150524484391
-0.25014015805644,-0.199732717487345,-0.467146754418674,-0.40516558365854,-0.602706639286036,-0.522416814478476
-0.2482470751736,-0.198612513967322,-0.464602423506571,-0.403218830596112,-0.598864573411696,-0.519642143750145
-0.246329718401837,-0.197468256342157,-0.462021115442857,-0.401251252109023,-0.594998082987213,-0.516826770419744
-0.244387960707805,-0.196299682393568,-0.459402864846246,-0.399262632653993,-0.591107427778664,-0.513970981459525
-0.242421696758138,-0.195106551752404,-0.456747735713173,-0.397252781645319,-0.587192889996205,-0.511075091751385
-0.240430842671356,-0.19388864575344,-0.45405582092903,-0.395221533124725,-0.583254773448866,-0.508139443254168
-0.238415335729167,-0.192645767249195,-0.451327241728316,-0.393168745383354,-0.579293402664454,-0.505164404127478
-0.236375134084551,-0.19137774041895,-0.448562147147475,-0.391094300579608,-0.575309122026735,-0.502150367860486
-0.234310216463156,-0.190084410569373,-0.445760713467952,-0.388998104348227,-0.571302294925311,-0.499097752403762
-0.232220581851798,-0.188765643920784,-0.442923143640881,-0.386880085394463,-0.567273302910287,-0.496006999294737
-0.230106249164451,-0.187421327369672,-0.440049666681182,-0.384740195063316,-0.563222544839535,-0.492878572763562
-0.227967256905946,-0.186051368246712,-0.437140537058544,-0.382578406905556,-0.559150436046072,-0.489712958850561
-0.225803662827093,-0.184655694064153,-0.434196034077121,-0.380394716234016,-0.555057407517229,-0.486510664526214
-0.223615543570983,-0.183234252252257,-0.431216461243948,-0.378189139670096,-0.550943905085509,-0.483272216813911
-0.221402994310893,-0.181787009885133,-0.428202145626978,-0.375961714681165,-0.546810388631789,-0.479998161916614
-0.21916612838041,-0.180313953396413,-0.425153437203905,-0.373712499109661,-0.542657331301763,-0.476689064348727
-0.216905076896172,-0.178815088285118,-0.422070708202606,-0.371441570694569,-0.538485218736163,-0.473345506074219
-0.214619988376028,-0.177290438814329,-0.418954352437211,-0.369149026588414,-0.534294548318282,-0.469968085655336
-0.212311028363471,-0.175740047713045,-0.415804784654091,-0.366834982881236,-0.530085828452389,-0.466557417427569
-0.209978379023778,-0.17416397584792,-0.412622439843105,-0.364499574095622,-0.525859577828685,-0.463114130651415
-0.207622238735585,-0.172562301887581,-0.409407772545659,-0.362142952677935,-0.521616324705415,-0.459638868675759
-0.205242821684659,-0.17093512196603,-0.406161256168463,-0.359765288492959,-0.517356606216325,-0.456132288122477
-0.202840357453434,-0.169282549338912,-0.402883382294906,-0.357366768315379,-0.513080967694793,-0.452595058082982
-0.200415090606837,-0.167604714033099,-0.399574659994961,-0.354947595318832,-0.50878996201502,-0.449027859327474
-0.197967280274876,-0.165901762490047,-0.396235615134485,-0.352507988563172,-0.504484148950385,-0.445431383527503
-0.195497199732625,-0.164173857203491,-0.392866789684995,-0.350048182480782,-0.500164094549396,-0.441806332492685
-0.193005135989715,-0.16242117636323,-0.389468741049441,-0.347568426374558,-0.495830370543532,-0.438153417438089
-0.190491389377693,-0.160643913493746,-0.386042041389179,-0.345068983915583,-0.491483553771854,-0.434473358265681
-0.187956273106369,-0.158842277059591,-0.3825872769162,-0.34255013261099,-0.487124225586948,-0.430766882820243
-0.185400112835438,-0.157016490082403,-0.379105047209537,-0.340012163289957,-0.482752971298642,-0.427034726183752
-0.182823246248073,-0.155166789756695,-0.375595964538962,-0.337455379594125,-0.478370379638245,-0.42327762998921
-0.18022602262469,-0.153293427062675,-0.372060653193862,-0.334880097470668,-0.473977042240547,-0.419496341751102
-0.177608802417271,-0.151396666376538,-0.368499748817902,-0.332286644668537,-0.469573553143394,-0.415691614212693
-0.174971956825812,-0.149476785079723,-0.364913897751566,-0.329675360239498,-0.465160508306048,-0.411864204711853
-0.172315867397455,-0.147534073187283,-0.361303756407961,-0.327046594064979,-0.460738505169941,-0.408014874592332
-0.169640925605966,-0.145568832954139,-0.357669990629421,-0.324400706365502,-0.456308142210649,-0.404144388603159
-0.166947532412203,-0.143581378459809,-0.354013275026448,-0.321738067193732,-0.451870018482041,-0.400253514287489
-0.164236097846693,-0.141572035211745,-0.350334292349773,-0.319059055952992,-0.447424733200538,-0.396343021415326
-0.161507040596016,-0.139541139749509,-0.34663373287281,-0.316364060922557,-0.442972885346863,-0.392413681434866
-0.158760787592542,-0.137489039249409,-0.342912293783961,-0.313653478789281,-0.438515073284102,-0.388466266941401
-0.15599777360833,-0.135416091130456,-0.339170678589808,-0.310927714186409,-0.434051894392326,-0.384501551164349
-0.153218440875858,-0.133322662683901,-0.335409596556467,-0.308187179262271,-0.429583944745028,-0.380520307501108
-0.150423238699798,-0.131209130691442,-0.331629762145499,-0.305432293242766,-0.425111818785184,-0.37652330905037
-0.147612623034298,-0.129075881007064,-0.32783189441425,-0.30266348196215,-0.420636108971777,-0.372511328112295
-0.144787056091602,-0.126923308167014,-0.324016716460181,-0.299881177428454,-0.416157405471854,-0.368485135740415
-0.141947005957949,-0.124751815004495,-0.3201849548798,-0.297085817399079,-0.411676295869496,-0.364445501313165
-0.139092946214764,-0.12256181226719,-0.316337339239758,-0.294277844964594,-0.407193364888769,-0.360393192121951
-0.13622535557048,-0.120353718242951,-0.312474601566352,-0.291457708145982,-0.402709194136062,-0.356328972981969
-0.133344717532013,-0.118127958422331,-0.308597475887413,-0.288625859533989,-0.398224361893274,-0.352253605901396
-0.130451520023576,-0.115884965107256,-0.30470669771715,-0.285782755878667,-0.393739442857949,-0.348167849692012
-0.127546255009685,-0.113625177021724,-0.300803003552147,-0.282928857686048,-0.38925500789445,-0.344072459593704
-0.124629418145526,-0.11134903894741,-0.296887130405414,-0.28006462884471,-0.384771623821057,-0.339968186941007
-0.12170150843389,-0.109057001363862,-0.292959815353652,-0.277190536261452,-0.380289853209093,-0.335855778844813
-0.118763027890878,-0.106749520095546,-0.289021795100192,-0.274307049508169,-0.375810254195902,-0.331735977891467
-0.115814481256194,-0.104427056001173,-0.285073805594756,-0.271414640514944,-0.371333380350077,-0.327609521902432
-0.112856375666777,-0.102090074625335,-0.281116581615356,-0.268513783229223,-0.366859780499362,-0.323477143653842
-0.109889220305235,-0.0997390458236221,-0.277150856326605,-0.265604953252697,-0.362389998534379,-0.319339570570999
-0.106913526088918,-0.0973744434263668,-0.273177360890517,-0.262688627520576,-0.357924573259501,-0.31519752447805
-0.103929805367242,-0.0949967449091038,-0.269196824091757,-0.259765283991119,-0.353464038254719,-0.311051721362199
-0.100938571631321,-0.0926064310739301,-0.265209971981816,-0.256835401349269,-0.349008921752396,-0.306902871156875
-0.097940339276289,-0.0902039857817884,-0.261217527587458,-0.253899458763482,-0.344559746571307,-0.302751677591382
-0.0949356232988403,-0.0877898956195992,-0.257220210549537,-0.250957935581136,-0.34011702998185,-0.298598837965556
-0.0919249389902859,-0.0853646495617649,-0.253218736761903,-0.248011311021736,-0.335681283567737,-0.294445042922982
-0.0889088016685371,-0.0829287386691812,-0.249213818059207,-0.245060063909932,-0.331253013129862,-0.29029097627396
-0.0858877264176432,-0.0804826557948163,-0.245206161917507,-0.242104672417573,-0.326832718598182,-0.286137314829874
-0.0828622278611727,-0.0780268953220266,-0.241196471196758,-0.239145613840012,-0.322420893978798,-0.28198472827937
-0.0798328199588301,-0.0755619529252594,-0.237185443912429,-0.236183364396012,-0.318018027324185,-0.277833879092642
-0.0768000157101883,-0.0730883252378552,-0.233173772907461,-0.233218398939613,-0.313624600605359,-0.273685422318568
-0.0737643269113395,-0.070606509571631,-0.229162145587816,-0.230251190724755,-0.309241089639235,-0.269540005446137
-0.070726263929206,-0.0681170036534424,-0.225151243681408,-0.227282211188277,-0.304867964033268,-0.265398268287711
-0.0676863354957989,-0.0656203053810598,-0.221141743022475,-0.224311929753248,-0.300505687149303,-0.261260842886099
-0.0646450485604531,-0.0631169126363984,-0.217134313402182,-0.221340813688568,-0.296154716124969,-0.257128353488006
-0.0616029080368595,-0.0606073229937179,-0.213129618306819,-0.218369327869024,-0.291815501784648,-0.253001416396718
-0.0585604165765307,-0.0580920334536993,-0.209128314689137,-0.215397934562074,-0.287488488576584,-0.248880639856546
-0.0555180743765846,-0.0555715402113929,-0.205131052780502,-0.212427093248499,-0.283174114543412,-0.244766623976941
-0.0524763790062744,-0.0530463384426561,-0.201138475926202,-0.209457260461737,-0.278872811309524,-0.240659960677603
-0.0494358252981176,-0.050516922154942,-0.197151220492293,-0.206488889688879,-0.274585004131,-0.236561233705108
-0.0463969051273517,-0.0479837839266725,-0.193169915654493,-0.203522431166601,-0.270311111829609,-0.232471018522992
-0.0433601072112866,-0.0454474146662836,-0.189195183212209,-0.200558331697163,-0.266051546745352,-0.228389882224958
-0.0403259169484529,-0.042908303410933,-0.185227637448095,-0.197597034502878,-0.261806714726896,-0.224318383492404
-0.0372948162865685,-0.0403669371540756,-0.181267885020385,-0.194638979108254,-0.257577015148062,-0.220257072582854
-0.0342672836436232,-0.0378238007263083,-0.177316524912484,-0.191684601272053,-0.253362840973765,-0.21620649137479
-0.0312437936961816,-0.0352793765436391,-0.173374148244411,-0.1887343327954,-0.249164578690714,-0.212167173265105
-0.0282248172183384,-0.0327341444064558,-0.169441338141011,-0.18578860137844,-0.244982608286663,-0.208139643122602
-0.0252108209509379,-0.030188581328912,-0.165518669634177,-0.182847830505847,-0.240817303257023,-0.204124417273717
-0.0222022675301765,-0.0276431614280851,-0.161606709628162,-0.179912439387825,-0.23666903066671,-0.200122003550761
-0.0191996153943311,-0.0250983557916264,-0.157706016842578,-0.176982842880579,-0.232538151186622,-0.196132901313673
-0.0162033185906142,-0.0225546322455999,-0.153817141654528,-0.174059451314799,-0.228425019029714,-0.192157601363583
-0.0132138266574605,-0.0200124551981386,-0.149940626021382,-0.171142670394919,-0.224329981958805,-0.188196585937287
-0.0102315845357641,-0.0174722855124942,-0.146077003434641,-0.168232901125391,-0.220253381319582,-0.184250328731027
-0.00725703255242247,-0.014934580453149,-0.142226798947519,-0.16533053980325,-0.216195552139938,-0.180319294997958
-0.00429060625950632,-0.0123997934875199,-0.138390529056606,-0.162435977877888,-0.212156823086186,-0.17640394149073
-0.00133273630488616,-0.00986837411951758,-0.134568701618401,-0.159549601840677,-0.208137516447867,-0.172504716437427
0.00161615165042427,-0.00734076777045706,-0.130761815814671,-0.156671793157859,-0.204137948164959,-0.168622059565457
0.00455563693673657,-0.00481741573909272,-0.126970362196034,-0.153802928274539,-0.200158427926417,-0.164756402204037
0.00748530396324641,-0.0022987550787683,-0.123194822642342,-0.150943378542496,-0.196199259185582,-0.160908167297305
0.0104047423645602,0.000214781584340906,-0.119435670266915,-0.148093510095108,-0.192260739117412,-0.157077769356258
0.0133135470719622,0.00272276615683213,-0.11569336939738,-0.145253683791281,-0.188343158645207,-0.153265614487741
0.0162113183154158,0.00522477511336661,-0.111968375624476,-0.142424255221826,-0.184446802529565,-0.1494721004916
0.0190976616562406,0.00772038956212455,-0.108261135819765,-0.139605574687418,-0.18057194942459,-0.145697616922971
0.021972188135283,0.0102091954261019,-0.104572088042773,-0.136797987073046,-0.176718871823355,-0.141942545036949
0.0248345143344718,0.0126907835366794,-0.100901661534481,-0.134001831801168,-0.172887836082991,-0.138207257820661
0.0276842623682959,0.0151647496559119,-0.0972502767780333,-0.131217442847438,-0.169079102512169,-0.134492120093031
0.0305210598891656,0.0176306945120479,-0.0936183455445653,-0.1284451487432,-0.165292925441928,-0.130797488586849
0.0333445402276863,0.0200882239706274,-0.0900062708120866,-0.125685272458046,-0.161529553169249,-0.127123711896292
0.0361543424426189,0.0225369491139607,-0.0864144467724624,-0.12293813136372,-0.157789227982894,-0.123471130513958
0.0389501112911913,0.024976486239513,-0.0828432589127538,-0.120204037268344,-0.154072186259753,-0.119840076943379
0.0417314972330196,0.0274064568914571,-0.0792930840631431,-0.117483296419952,-0.150378658526696,-0.11623087577478
0.0444981565578302,0.02982648801678,-0.0757642903314857,-0.11477620940137,-0.146708869407437,-0.112643843640491
0.0472497514180252,0.0322362120247287,-0.0722572371282535,-0.112083071109814,-0.143063037655145,-0.109079289262611
0.0499859497692996,0.0346352667525371,-0.0687722752744715,-0.109404170816534,-0.139441376265603,-0.105537513585576
0.0527064254008477,0.0370232955210289,-0.0653097470260408,-0.106739792147215,-0.135844092505967,-0.102018809819752
0.0554108580406893,0.0393999472657484,-0.0618699860323903,-0.104090212997762,-0.132271387874662,-0.0985234634144736
0.0580989333617275,0.0417648765670837,-0.0584533173863197,-0.101455705537226,-0.128723458149423,-0.0950517521245961
0.0607703428969587,0.0441177435875788,-0.0550600577524324,-0.0988365362884227,-0.125200493513501,-0.0916039461578671
0.0634247841183251,0.0464582141743666,-0.0516905153493226,-0.0962329660666472,-0.12170267853316,-0.0881803081677622
0.0660619605026659,0.0487859599481156,-0.0483449899464034,-0.093645249930844,-0.11823019214629,-0.0847810932597987
0.0686815814938031,0.0511006582860326,-0.0450237729517608,-0.0910736372241684,-0.114783207741443,-0.08140654909179
0.0712833624363515,0.0534019922753819,-0.0417271475210194,-0.0885183716373519,-0.11136189325842,-0.0780569159951205
0.0738670246856468,0.0556896508452041,-0.0384553885157941,-0.0859796911222716,-0.107966411132608,-0.0747324269365991
0.0764322956225166,0.0579633288010125,-0.0352087625465121,-0.0834578278878213,-0.104596918322592,-0.0714333075673011
0.0789789085601065,0.0602227267491015,-0.0319875281039988,-0.0809530084862849,-0.101253566429253,-0.0681597763638244
0.0815066027677694,0.0624675511391205,-0.0287919355905833,-0.0784654538000038,-0.0979365017104823,-0.0649120446628113
0.0840151235459333,0.0646975143580843,-0.0256222273123128,-0.0759953789866972,-0.0946458650517952,-0.061690316652875
0.0865042221781879,0.0669123346989824,-0.0224786375729386,-0.0735429935280515,-0.0913817920417768,-0.0584947894726923
0.0889736558482648,0.0691117362928759,-0.019361392791981,-0.0711085013058597,-0.0881444130742963,-0.0553256533340751
0.0914231877363849,0.0712954492231072,-0.0162707114796344,-0.068692100529872,-0.0849338532967186,-0.0521830914923276
0.0938525870168698,0.0734632095386192,-0.0132068042939662,-0.0662939837489083,-0.0817502326424364,-0.0490672803023041
0.0962616287471326,0.0756147591558438,-0.0101698741797904,-0.0639143379499295,-0.0785936659524493,-0.0459783893607461
0.0986500939092208,0.0777498459155027,-0.00716011638699435,-0.0615533445315525,-0.0754642629665176,-0.0429165815198309
0.101017769453531,0.0798682236413721,-0.00417771849180085,-0.0592111792778425,-0.0723621283133707,-0.0398820129022563
0.103364448207746,0.0819696520609061,-0.0012228605189329,-0.0568880124410256,-0.069287361611623,-0.0368748330233581
0.105689928841444,0.0840538967820062,0.00170428498241439,-0.0545840087776209,-0.0662400575216328,-0.033895184863761
0.107994015940201,0.0861207293813619,0.00460355293938884,-0.0522993274985264,-0.0632203057077659,-0.0309432048583199
0.110276519944479,0.0881699273541847,0.00747478565646827,-0.0500341223278131,-0.0602281909112551,-0.028019022991282
0.112537257060269,0.0902012740343027,0.0103178327023657,-0.0477885415815928,-0.0572637930426561,-0.02512276290696
0.11477604933659,0.0922145586846598,0.013132550911745,-0.0455627281166569,-0.0543271871393874,-0.0222545418953311
0.116992724631078,0.0942095764730046,0.0159188043056682,-0.0433568193685229,-0.0514184434141389,-0.019414470964262
0.119187116496467,0.0961861283657524,0.0186764639649963,-0.0411709474485267,-0.0485376273630583,-0.0166026549634971
0.121359064241125,0.0981440211999235,0.0214054080186266,-0.0390052391070948,-0.04568479973542,-0.0138191925826804
0.123508412915027,0.100083067678456,0.0241055215775896,-0.0368598157566419,-0.0428600165636324,-0.0110641764069697
0.125635013190414,0.102003086256682,0.0267766966086366,-0.0347347935721396,-0.040063329272333,-0.00833769303995795
0.127738721399645,0.103903901189877,0.0294188319060373,-0.0326302834731195,-0.0372947846646848,-0.0056398231177773
0.12981939953379,0.105785342540396,0.0320318330328253,-0.0305463911380026,-0.0345544249410293,-0.00297064135516577
0.131876915123773,0.107647246063296,0.0346156121993294,-0.0284832171030621,-0.0318422878039675,-0.000330216662507016
0.133911141261225,0.109489453235378,0.0371700882230306,-0.0264408567584951,-0.0291584064567819,0.00228138782852179
0.135921956600588,0.111311811264939,0.0396951864702172,-0.0244194003615092,-0.0265028096185033,0.00486411472099507
0.137909245241951,0.113114172977834,0.0421908387409622,-0.0224189331324759,-0.0238755216240513,0.00741791224284893
0.139872896743803,0.114896396837257,0.044656983222418,-0.0204395352584354,-0.021276562428199,0.00994273421543822
0.141812806120211,0.11665834694752,0.0470935644256278,-0.0184812819113033,-0.0187059476238327,0.0124385400057222
0.143728873725539,0.118399892940803,0.0495005330780566,-0.0165442433406935,-0.0161636885369168,0.014905294424291
0.145621005266955,0.120120909995907,0.051877846073502,-0.0146284848796025,-0.0136497922307814,0.0173429676918458
0.147489111789236,0.121821278828433,0.0542254664008798,-0.0127340669727811,-0.0111642615330258,0.0197515353834937
0.149333109563223,0.123500885580184,0.0565433630462687,-0.0108610452644731,-0.00870709512378733,0.0221309783364952
0.15115292010262,0.125159621841755,0.0588315109391863,-0.0090094706041355,-0.00627828753824833,0.024481282614901
0.152948470129816,0.126797384622268,0.0610898908727846,-0.00717938908847147,-0.00387782920611415,0.026802439444379
0.154719691473751,0.12841407624736,0.0633184894180896,-0.00537084214017036,-0.00150570652934906,0.0290944451326583
0.156466521089833,0.130009604384663,0.0655172988626391,-0.00358386651583642,0.00083809811474278,0.0313573010284781
0.158188901002147,0.131583881988104,0.0676863171256291,-0.00181849436256437,0.00315360632020248,0.0335910134492914
0.159886778220761,0.133136827215132,0.0698255476850867,-7.47532823373726e-05,0.00544084359062187,0.0357955936162593
0.161560104755676,0.134668363445823,0.0719349995031455,0.00164733365097942,0.00769983932830906,0.0379710576011199
0.163208837537195,0.1361784192033,0.0740146869450539,0.00334774782505996,0.00993062677133336,0.0401174262546755
0.164832938361058,0.137666928099417,0.0760646297130237,0.00502647504073261,0.0121332429495734,0.0422347251518914
0.166432373883189,0.139133828833656,0.0780848527566931,0.00668350547873957,0.0143077286583964,0.0443229845234458
0.168007115528865,0.140579065100481,0.0800753862071276,0.00831883363302682,0.0164541283958261,0.0463822391961205
0.169557139464739,0.142002585563214,0.0820362653024204,0.00993245827186101,0.0185724903300937,0.048412528534656
0.17108242656406,0.143404343821494,0.0839675302926979,0.0115243823870167,0.0206628662557871,0.050413896364664
0.172582962322801,0.14478429832462,0.0858692263931117,0.0130946131376676,0.0227253115422011,0.0523863909308005
0.174058736843648,0.146142412358697,0.0877414036843114,0.0146431618067217,0.0247598850978891,0.0543300648184484
0.175509744772257,0.147478653982254,0.0895841170357581,0.0161700437423992,0.0267666493185348,0.0562449748887594
0.176935985237811,0.148792995964963,0.0913974260580784,0.0176752783135225,0.0287456700481821,0.0581311822397582
0.178337461823653,0.150085415761239,0.0931813949817383,0.019158888849806,0.0306970165285012,0.0599887521071614
0.179714182494162,0.151355895433838,0.094936092619467,0.0206209025940782,0.0326207613565873,0.061817753832376
0.181066159555162,0.152604421614855,0.0966615922798577,0.0220613506512566,0.0345169804420628,0.063618260792462
0.182393409600002,0.153830985452406,0.0983579716615865,0.0234802679222016,0.0363857529492221,0.0653903503111399
0.183695953450224,0.155035582547414,0.100025312837977,0.024877693071278,0.0382271612704997,0.0671341036479924
0.18497381611069,0.156218212911163,0.10166370211661,0.0262536684503607,0.0400412909602857,0.0688496058804568
0.186227026707955,0.157378880900566,0.103273230000092,0.0276082400553415,0.041828230698103,0.0705369458718161
0.187455618443011,0.158517595169666,0.104853991120243,0.0289414574788437,0.0435880722493174,0.0721962162179583
0.18865962852849,0.15963436860771,0.106406084104802,0.0302533738277427,0.0453209103920219,0.0738275131329388
0.189839098142957,0.160729218288724,0.107929611588171,0.0315440457074197,0.0470268429074188,0.0754309364626799
0.190994072367521,0.161802165409828,0.109424680054934,0.0328135331292882,0.048705970497524,0.0770065895501281
0.192124600131829,0.162853235233921,0.110891399806349,0.034061899472739,0.0503583967542873,0.0785545792089884
0.193230734166382,0.163882457040102,0.112329884900712,0.035289211439481,0.0519842281220964,0.080075015675477
0.19431253092609,0.164889864047615,0.113740253006688,0.0364955389581884,0.0535835738120941,0.0815680124800135
0.195370050561872,0.16587549338239,0.115122625436498,0.0376809551858552,0.0551565458098208,0.0830336864824722
0.19640335683532,0.166839385993131,0.11647712696227,0.0388455363927653,0.0567032587706892,0.0844721577102237
0.19741251707972,0.167781586608141,0.117803885815497,0.0399893619447126,0.0582238300091032,0.0858835493622613
0.198397602142236,0.168702143676137,0.119103033597958,0.0411125142397819,0.0597183794440478,0.0872679877334032
0.199358686304765,0.169601109286207,0.120374705156042,0.0422150786196382,0.0611870295194972,0.0886256021034622
0.200295847266988,0.170478539146177,0.121619038615313,0.0432971433765883,0.0626299052181244,0.089956524774752
0.201209166036503,0.171334492473902,0.122836175169442,0.0443587996147575,0.0640471339330215,0.0912608908823191
0.202098726920736,0.172169031983815,0.12402625913987,0.0454001412715687,0.0654388454953411,0.0925388384542973
0.202964617432798,0.172982223792864,0.125189437807403,0.0464212650038439,0.0668051720702414,0.0937905082613274
0.20380692824383,0.17377413736967,0.126325861374124,0.0474222701498194,0.0681462481264868,0.0950160437859168
0.2046257531432,0.174544845491841,0.127435682927014,0.0484032586956314,0.0694622104107103,0.0962155911942796
0.205421188932036,0.175294424139134,0.128519058264535,0.0493643351530682,0.0707531978346564,0.0973892991792965
0.206193335434421,0.176022952499401,0.12957614597535,0.050305606597923,0.0720193515195535,0.0985373190394966
0.206942295358103,0.176730512830243,0.130607107195307,0.0512271825030729,0.0732608146395606,0.0996598044565554
0.207668174312248,0.17741719047128,0.131612105699221,0.0521291747852599,0.0744777324742548,0.100756911586269
0.208371080688757,0.178083073725485,0.132591307703837,0.053011697666915,0.0756702522800806,0.101828798878754
0.209051125635712,0.178728253828854,0.133544881868005,0.0538748676636654,0.0768385232846482,0.102875627083125
0.209708422999297,0.179352824890105,0.134472999219073,0.0547188035261796,0.0779826966364492,0.103897559183405
0.210343089229312,0.179956883794739,0.135375833019822,0.0555436261398316,0.0791029253128524,0.104894760277393
0.210955243388137,0.180540530209628,0.136253558824424,0.056349458552229,0.0801993641537416,0.105867397634468
0.211545006998216,0.181103866430757,0.137106354237223,0.0571364258001396,0.0812721696979191,0.106815640471911
0.212112504093853,0.181646997429509,0.137934399047215,0.0579046549900128,0.0823215002686402,0.107739660086745
0.212657861046882,0.182170030679091,0.138737874949747,0.0586542750989594,0.08334751578431,0.108639629596462
0.213181206617656,0.182673076200169,0.139516965677267,0.0593854170532691,0.0843503778419003,0.109515724067174
0.213682671803381,0.183156246409274,0.140271856764853,0.0600982135583311,0.0853302495558809,0.110368120295408
0.214162389849753,0.183619656126205,0.141002735609342,0.0607927991285168,0.0862872955936305,0.111196996868088
0.214620496151626,0.184063422473438,0.141709791328646,0.061469309980997,0.0872216820770279,0.112002534032995
0.215057128205655,0.184487664826024,0.142393214718075,0.0621278839946473,0.0881335765478055,0.112784913660732
0.215472425573797,0.184892504772401,0.143053198217915,0.0627686606788135,0.0890231479427364,0.113544319217876
0.215866529774473,0.185278066004207,0.143689935766263,0.0633917810597577,0.0898905664874031,0.114280935630015
0.216239584305073,0.185644474334911,0.144303622864825,0.0639973877184002,0.0907360037391529,0.114994949348299
0.216591734480683,0.18599185753827,0.144894456346545,0.064585624616217,0.0915596324209578,0.115686548130734
0.216923127502875,0.186320345412445,0.145462634515682,0.0651566371859427,0.0923616265164052,0.116355921179511
0.217233912261441,0.186630069582139,0.146008356857828,0.0657105721157747,0.0931421610621812,0.117003258866738
0.217524239432688,0.186921163591822,0.146531824225076,0.0662475774728976,0.0939014122752777,0.117628752914807
0.217794261261525,0.18719376268854,0.147033238517713,0.0667678024664652,0.0946395573242577,0.118232596094471
0.218044131672573,0.187448003927886,0.147512802886783,0.067271397584444,0.0953567744694615,0.11881498242181
0.218274006047895,0.18768402595248,0.147970721412196,0.0677585143529932,0.0960532428304235,0.119376106852336
0.218484041338133,0.187901969098148,0.148407199302288,0.0682293054720361,0.0967291425246782,0.11991616547503
0.21867439584581,0.188101975177832,0.148822442583767,0.0686839245821945,0.0973846544423533,0.120435355217259
0.218845229329877,0.188284187581468,0.149216658288172,0.0691225263917332,0.0980199603763012,0.120933874026196
0.218996702798348,0.188448751069031,0.149590054159046,0.0695452664550958,0.0986352428078677,0.121411920589769
0.219128978605122,0.18859581186299,0.149942838823915,0.0699523012901067,0.0992306850272548,0.121869694504107
0.219242220251117,0.188725517449695,0.150275221516958,0.0703437881669976,0.0998064709293738,0.122307396008902
0.219336592475981,0.188838016666962,0.150587412240778,0.0707198852188999,0.100362785127417,0.122725226144972
0.219412261063862,0.188933459510011,0.15087962149843,0.0710807512369596,0.100899812754464,0.123123386498154
0.219469392935016,0.189011997219102,0.151152060452606,0.0714265457796825,0.101417739575771,0.123502079354335
0.219508155950558,0.189073782084472,0.151404940658469,0.0717574289679002,0.101916751789942,0.123861507443643
0.219528719010164,0.189118967540129,0.151638474229415,0.0720735615997287,0.102397036146639,0.12420187410178
0.219531251849508,0.189147707961573,0.151852873561432,0.0723751049385214,0.10285877974054,0.124523383005581
0.219515925150366,0.189160158771975,0.152048351514514,0.0726622208402355,0.103302170141187,0.124826238349421
0.219482910324886,0.189156476226909,0.152225121120198,0.0729350715281048,0.103727395173519,0.125110644564084
0.219432379643281,0.189136817538038,0.15238339578582,0.0731938197378903,0.104134643065313,0.12537680651521
0.219364506001019,0.189101340640988,0.152523388979881,0.0734386284751747,0.104524102210213,0.125624929200288
0.219279463066359,0.189050204338784,0.152645314461983,0.0736696611807494,0.104895961335014,0.125855217971947
0.219177425030659,0.188983568053042,0.152749385946641,0.0738870814709079,0.105250409245563,0.126067878213636
0.219058566772461,0.188901591983903,0.15283581735384,0.0740910533192675,0.105587635010217,0.126263115582899
0.218923063598341,0.188804436851888,0.152904822462041,0.0742817407880886,0.105907827696577,0.126441135676141
0.218771091411449,0.188692264062385,0.152956615162112,0.0744593082135958,0.106211176558316,0.126602144275217
0.218602826459878,0.188565235454925,0.152991409123355,0.0746239199463206,0.106497870780579,0.126746347024362
0.218418445488285,0.188423513451101,0.153009418021072,0.0747757405173628,0.106768099647821,0.126873949651277
0.218218125518872,0.188267260836088,0.15301085525011,0.0749149344140803,0.107022052324002,0.126985157689711
0.218002043958454,0.188096640862642,0.152995934088377,0.0750416661984352,0.107259917972783,0.127080176638458
0.217770378441096,0.187911817093615,0.152964867497085,0.0751561003481665,0.107481885602463,0.127159211767678
0.217523306861726,0.187712953433416,0.152917868181589,0.0752584012973995,0.107688144108898,0.127222468178232
0.217261007307437,0.187500214058273,0.152855148513905,0.0753487333709542,0.107878882212694,0.127270150726432
0.216983657994826,0.187273763352544,0.15277692046135,0.0754272607240751,0.108054288401807,0.127302463954876
0.21669143730601,0.187033765942631,0.152683395651283,0.075494147385808,0.108214550976895,0.127319612155214
0.216384523623595,0.186780386532082,0.152574785161247,0.0755495570923561,0.108359857888068,0.127321799164176
0.216063095463981,0.186513790031849,0.152451299713887,0.0755936534309289,0.108490396879953,0.127309228552839
0.215727331235095,0.186234141319,0.152313149364307,0.0756265995936049,0.108606355249218,0.127282103322414
0.215377409421008,0.185941605417865,0.152160543761762,0.0756485585733526,0.10870792004144,0.127240626158507
0.215013508330021,0.185636347249221,0.151993691825966,0.0756596929087468,0.108795277799271,0.127184999115808
0.214635806245603,0.185318531778211,0.151812801961347,0.0756601648441973,0.108868614723686,0.127115423826278
0.214244481255726,0.18498832384398,0.151618081843342,0.0756501361591255,0.1089281165059,0.127032101290578
0.213839711286943,0.184645888192008,0.151409738475542,0.0756297682072152,0.108973968368218,0.126935231933295
0.213421674079999,0.184291389448595,0.151187978170524,0.0755992218961172,0.109006355045513,0.12682501558365
0.212990547068915,0.183924991999819,0.150953006401591,0.075558657567549,0.10902546066761,0.126701651330526
0.212546507505838,0.183546860113836,0.150705027979648,0.0755082351295115,0.109031468892411,0.12656533769413
0.212089732225655,0.183157157706557,0.150444246755216,0.0754481138197128,0.109024562671979,0.126416272334885
0.211620397832675,0.182756048525243,0.150170865874551,0.0753784524001167,0.109004924447657,0.126254652302409
0.211138680477968,0.182343695926814,0.149885087499859,0.0752994089340329,0.108972735929542,0.126080673761862
0.210644755959439,0.181920262975767,0.149587112950308,0.0752111408916014,0.108928178202893,0.125894532130745
0.210138799650565,0.181485912372447,0.149277142620544,0.0751138050813339,0.108871431661223,0.125696421998486
0.209620986416706,0.181040806369052,0.148955375881906,0.0750075575685675,0.10880267592634,0.125486537029213
0.209091490730198,0.180585106882501,0.148622011242209,0.0748925537958651,0.108722089969472,0.125265070116767
0.208550486444552,0.180118975269752,0.148277246063649,0.0747689483577741,0.10862985188798,0.125032213108346
0.207998146975427,0.179642572505985,0.14792127680597,0.0746368951871672,0.10852613909216,0.124788157041015
0.207434645111349,0.179156058996113,0.147554298792711,0.0744965473674873,0.108411128119123,0.124533091912328
0.206860153062894,0.178659594622514,0.147176506283308,0.0743480571853826,0.108284994686287,0.124267206749797
0.206274842472464,0.178153338753725,0.146788092495264,0.0741915761438607,0.108147913705416,0.123990689631439
0.205678884255849,0.177637450086598,0.146389249410114,0.0740272548057683,0.108000059127456,0.123703727495077
0.205072448775216,0.177112086816693,0.145980168003122,0.0738552429706486,0.107841604119777,0.123406506361774
0.204455705621664,0.176577406422026,0.145561037974952,0.0736756894593924,0.107672720852169,0.123099211072319
0.203828823719956,0.176033565765925,0.145132047892892,0.0734887422219298,0.107493580605067,0.12278202542422
0.20319197128891,0.175480721056941,0.144693385149172,0.0732945483004444,0.107304353733561,0.122455132129725
0.202545315722677,0.174919027730431,0.144245235818276,0.0730932537131418,0.107105209552096,0.122118712675061
0.201889023749897,0.174348640605392,0.143787784866115,0.0728850036159391,0.106896316496513,0.121772947523899
0.201223261224073,0.173769713676035,0.143321215893185,0.0726699420957457,0.106677841918281,0.121418015864756
0.200548193226866,0.173182400213336,0.142845711271906,0.0724482122758208,0.106449952190283,0.121054095744213
0.199863984041764,0.172586852738206,0.142361452121134,0.0722199562920706,0.106212812683671,0.120681364040688
0.199170797025933,0.171983222893836,0.141868618152192,0.0719853151677442,0.105966587643213,0.120299996312417
0.198468794774099,0.171371661607308,0.141367387881228,0.0717444289786391,0.105711440352802,0.119910167004169
0.197758138934615,0.170752318906726,0.140857938406057,0.0714974366726848,0.105447532955616,0.119512049227342
0.197038990263665,0.170125343974229,0.140340445480235,0.0712444761257563,0.105175026510308,0.119105814831273
0.19631150866617,0.169490885185858,0.1398150835708,0.0709856841844177,0.104894081034076,0.118691634458487
0.195575853029245,0.168849089945965,0.139282025657197,0.0707211965029951,0.104604855340135,0.118269677346335
0.194832181375357,0.168200104838287,0.138741443427673,0.0704511476970207,0.104307507191437,0.117840111518206
0.19408065075349,0.167544075517553,0.138193507150508,0.0701756712376817,0.104002193195391,0.117403103655928
0.193321417191196,0.16688114666141,0.137638385620318,0.0698948994062875,0.103689068758569,0.116958819045821
0.192554635825423,0.166211462099422,0.137076246325669,0.0696089634251612,0.103368288217848,0.116507421741736
0.191780460726225,0.165535164637922,0.136507255237082,0.0693179932857156,0.103040004668593,0.116049074355775
0.19099904496636,0.164852396128406,0.13593157689813,0.0690221178186427,0.102704370035045,0.115583938146346
0.190210540655948,0.164163297501321,0.13534937447364,0.0687214647297594,0.102361535106327,0.1151121730641
0.189415098792209,0.163468008616765,0.134760809570151,0.0684161604539626,0.102011649390363,0.11463393757441
0.188612869389294,0.162766668392548,0.134166042400243,0.0681063302842646,0.101654861243129,0.114149388817334
0.187804001419583,0.162059414745588,0.133565231715753,0.0677920983158396,0.101291317812686,0.113658682540691
0.18698864272642,0.161346384505026,0.132958534705721,0.0674735873619809,0.10092116495504,0.113161972998555
0.186166940164337,0.160627713550633,0.132346107172454,0.067150919092899,0.100544547373161,0.112659413122795
0.185339039481044,0.159903536695502,0.131728103392264,0.0668242139217476,0.100161608502793,0.112151154384964
0.184505085293217,0.159173987661662,0.131104676090363,0.0664935909823522,0.0997724904900863,0.111637346770332
0.183665221206297,0.158439199198266,0.13047597659108,0.0661591682476101,0.0993773343101796,0.111118138924106
0.182819589674015,0.157699302942109,0.129842154651517,0.0658210623937881,0.0989762796311022,0.110593677986683
0.181968332019928,0.156954429438565,0.129203358491786,0.0654793888228251,0.0985694648360181,0.110064109622046
0.181111588527099,0.156204708229979,0.128559734907852,0.0651342617510188,0.098157027111998,0.10952957812733
0.180249498299193,0.155450267717792,0.127911429107446,0.0647857940751061,0.0977391023155908,0.108990226270249
0.179382199306956,0.154691235208202,0.127258584770069,0.0644340974186971,0.0973158250192034,0.108446195346772
0.17850982845447,0.153927736977393,0.126601344130868,0.0640792821979201,0.0968873285767534,0.107897625262275
0.177632521449772,0.153159898143135,0.125939847828389,0.0637214574969989,0.0964537449986314,0.107344654380557
0.17675041286039,0.15238784271943,0.125274234975017,0.0633607311233119,0.0960152050067052,0.106787419591829
0.175863636168587,0.151611693670876,0.124604643227052,0.0629972096621452,0.0955718380890101,0.106226056380331
0.174972323651277,0.150831572793508,0.12393120864396,0.0626309983615203,0.0951237723838785,0.105660698684635
0.174076606432901,0.150047600766839,0.123254065755141,0.0622622011845041,0.0946711347321549,0.105091478962063
0.173176614542426,0.149259897209981,0.122573347631625,0.0618909208654853,0.0942140507333878,0.104518528257937
0.172272476800182,0.14846858056938,0.121889185753899,0.0615172588019194,0.0937526446367927,0.10394197607431
0.171364320858665,0.147673768158934,0.121201710063824,0.0611413150948322,0.0932870393815797,0.103361950419797
0.170452273271538,0.146875576228006,0.120511049050173,0.0607631886165122,0.0928173566645858,0.102778577892515
0.16953645938685,0.146074119855522,0.119817329624358,0.0603829769086204,0.0923437168375373,0.102191983556551
0.168617003367999,0.145269512970472,0.119120677148358,0.0600007762034829,0.0918662389280253,0.101602290968241
0.167694028278928,0.144461868435979,0.118421215539038,0.0596166815071942,0.0913850407226258,0.101009622277639
0.166767655988635,0.143651297954584,0.117719067157537,0.0592307865087977,0.0909002386751751,0.100414098118432
0.165838007167479,0.142837912064403,0.117014352807713,0.0588431835778289,0.0904119479038446,0.0998158376052096
0.164905201380815,0.142021820231533,0.11630719184989,0.0584539638553197,0.0899202822821845,0.0992149584443035
0.163969357020025,0.141203130781632,0.115597702121936,0.058063217188652,0.0894253543731345,0.098611576854873
0.163030591271351,0.140381950868905,0.114885999905028,0.057671032102737,0.0889272753995283,0.0980058075340497
0.162089020199109,0.139558386558227,0.114172200024581,0.0572774958808406,0.0884261553248991,0.0973977637551819
0.161144758725123,0.138732542804628,0.113456415828587,0.0568826945459612,0.0879221028342195,0.0967875573453637
0.160197920570207,0.137904523395247,0.112738759121111,0.056486712805884,0.087415225278061,0.0961752986187836
0.159248618306618,0.137074431001058,0.112019340226544,0.0560896341044405,0.0869056287236318,0.0955610964389159
0.158296963397772,0.13624236721598,0.111298268038812,0.0556915406605567,0.0863934179935186,0.0949450582658856
0.157343066123089,0.135408432482419,0.110575649935427,0.055292513397552,0.085878696593921,0.0943272900706814
0.156387035591159,0.134572726104154,0.109851591795313,0.0548926319568205,0.0853615667278187,0.0937078963516353
0.155428979816281,0.133735346321882,0.10912619809093,0.0544919747719545,0.0848421293690223,0.0930869802241342
0.15446900566334,0.132896390258584,0.108399571825982,0.0540906190173071,0.0843204842097346,0.0924646433581546
0.153507218824939,0.132055953896817,0.107671814510931,0.0536886405873595,0.0837967296391187,0.0918409859530739
0.152543723879005,0.131214132135537,0.106943026232582,0.0532861141527019,0.0832709627990506,0.091216106805219
0.151578624304651,0.130371018805689,0.106213305674878,0.0528831131762971,0.0827432795998502,0.090590103327332
0.150612022425922,0.129526706614486,0.1054827500554,0.0524797098611504,0.0822137746668568,0.0899630714849384
0.149644019427461,0.128681287160825,0.104751455145817,0.0520759751664184,0.081682541355963,0.0893351058155071
0.148674715421557,0.127834851001454,0.104019515352136,0.0516719788722641,0.0811496718183109,0.0887062995065747
0.147704209405956,0.126987487609207,0.103287023667749,0.0512677895410567,0.0806152569604463,0.0880767443484512
0.146732599243931,0.126139285353228,0.10255407165234,0.050863474499713,0.0800793864257723,0.0874465307124511
0.14575998170264,0.125290331536827,0.101820749478551,0.0504590998773318,0.0795421486317696,0.0868157475959457
0.144786452491752,0.124440712435578,0.101087145978896,0.0500547306430549,0.0790036308074397,0.0861844826676809
0.143812106212869,0.123590513247286,0.10035334858916,0.0496504305594951,0.0784639189455505,0.0855528222110082
0.142837036361736,0.122739818094134,0.0996194433530177,0.0492462621861712,0.0779230978053039,0.0849208511275033
0.141861335378517,0.121888710072316,0.0988855149822562,0.0488422869283946,0.0773812509609005,0.0842886529954666
0.140885094654289,0.121037271258409,0.09815164686633,0.0484385650447729,0.0768384608083101,0.083656310078436
0.139908404494768,0.120185582673513,0.0974179210324492,0.0480351556143613,0.0762948085312888,0.0830239032849155
0.138931354131183,0.119333724293975,0.0966844181601523,0.0476321165483699,0.0757503741123602,0.0823915121818712
0.137954031772251,0.118481775102714,0.0959512176432646,0.0472295046406327,0.0752052363829606,0.0817592150549998
0.136976524593943,0.11762981307909,0.095218397580102,0.0468273755594329,0.0746594730143314,0.0811270888982034
0.135998918716226,0.116777915175938,0.0944860347486824,0.0464257838271109,0.0741131604960504,0.0804952093882759
0.135021299216397,0.115926157332738,0.0937542046240698,0.0460247828341763,0.0735663741494072,0.0798636509011906
0.134043750177909,0.115074614523842,0.0930229814364918,0.0456244248868047,0.0730191881745256,0.0792324865686394
0.133066354677415,0.114223360745687,0.092292438158454,0.0452247611962471,0.0724716756387707,0.0786017882645054
0.132089194767935,0.113372469000194,0.0915626464874057,0.0448258418646527,0.0719239084614944,0.0779716265869528
0.13111235149133,0.112522011307118,0.0908336768620629,0.044427715898464,0.0713759574266602,0.0773420708737634
0.130135904922212,0.111672058747425,0.0901055985146972,0.0440304312513132,0.0708278922252941,0.0767131892531811
0.12915993416228,0.110822681457743,0.0893784794666713,0.0436340348204423,0.0702797814509276,0.0760850486387467
0.128184517323952,0.109973948614233,0.088652386511711,0.0432385724331175,0.0697316925848952,0.0754577147120391
0.127209731540779,0.109125928442937,0.0879273852298453,0.0428440888582099,0.0691836920070834,0.0748312519357069
0.126235653003107,0.108278688255027,0.0872035400301397,0.0424506278414114,0.0686358450305933,0.074205723594947
0.125262356968265,0.107432294456918,0.0864809141643735,0.0420582321166452,0.0680882159123079,0.0735811918103065
0.124289917740809,0.106586812530844,0.0857595697065394,0.041666943389486,0.0675408678351131,0.0729577175167407
0.12331840868106,0.105742307043349,0.085039567564629,0.0412768023471022,0.0669938629169464,0.0723353604745805
0.122347902227738,0.104898841667714,0.0843209675084755,0.0408878486813953,0.0664472622332087,0.0717141792963644
0.121378469927671,0.104056479213354,0.0836038282056192,0.040500121118749,0.0659011258458738,0.0710942314816129
0.120410182415579,0.103215281605964,0.0828882072004181,0.0401136574032253,0.0653555127854251,0.070475573395552
0.119443109418445,0.102375309891922,0.0821741609211067,0.0397284943027503,0.0648104810560648,0.069858260275476
0.118477319767846,0.101536624250574,0.0814617446959323,0.039344667622763,0.0642660876484876,0.0692423462460649
0.11751288143329,0.10069928402723,0.0807510127930843,0.0389622122394542,0.063722388572486,0.0686278843582485
0.116549861521519,0.0998633477325846,0.0800420184220569,0.0385811621013321,0.06317943885747,0.0680149265899606
0.115588326269055,0.0990288730354975,0.0793348137273724,0.0382015502245644,0.0626372925466409,0.0674035238393844
0.11462834105214,0.0981959167729267,0.0786294498020146,0.0378234087045336,0.062096002707608,0.0667937259376692
0.113669970403582,0.0973645349666851,0.0779259767086957,0.0374467687338684,0.0615556214495547,0.0661855816694102
0.112713278041321,0.0965347828517554,0.0772244435143533,0.0370716606313691,0.0610161999514567,0.0655791388062107
0.111758326857072,0.0957067148652344,0.0765248982795571,0.0366981138338964,0.0604777884527243,0.0649744440957167
0.11080517891987,0.0948803846499983,0.0758273880647853,0.0363261569021645,0.0599404362579298,0.0643715432673256
0.109853895486299,0.094055845064944,0.0751319589442397,0.0359558175327647,0.0594041917478533,0.0637704810453693
0.1089045370194,0.0932331482038181,0.0744386560294693,0.0355871225782819,0.0588691023987284,0.0631713011719989
0.107957163210079,0.0924123454164898,0.0737475234957986,0.0352200980697457,0.0583352148038638,0.0625740464328639
0.107011832967583,0.0915934872997534,0.0730586045739592,0.0348547692104817,0.0578025746662173,0.0619787586484167
0.106068604426321,0.0907766237042421,0.0723719415601383,0.0344911603851539,0.0572712268063773,0.0613854786834362
0.105127534955922,0.0899618037445546,0.071687575829691,0.0341292951718434,0.0567412151736217,0.0607942464601896
0.104188681177877,0.0891490758158575,0.0710055478582493,0.0337691963602557,0.0562125828631935,0.0602051009789234
0.103252098986099,0.088338487614371,0.0703258972472555,0.0334108859735824,0.0556853721372861,0.0596180803427375
0.102317843540345,0.0875300861311065,0.0696486627190444,0.033054385265336,0.0551596244205936,0.0590332217523913
0.101385969272851,0.086723917658641,0.0689738821267988,0.0326997147284468,0.0546353803083068,0.0584505615158192
0.100456529898169,0.0859200278010452,0.0683015924680873,0.0323468941073569,0.0541126795771461,0.0578701350612083
0.0995295784252995,0.0851184614860945,0.0676318299010156,0.0319959424122803,0.0535915611985894,0.0572919769526794
0.0986051671795472,0.0843192629870542,0.0669646297712607,0.0316468779424669,0.0530720633612474,0.0567161209167384
0.0976833478016293,0.0835224759220683,0.0663000266136771,0.0312997182885395,0.0525542234719551,0.0561425998436187
0.0967641712511151,0.0827281432578126,0.0656380541587829,0.0309544803388796,0.0520380781609732,0.055571445793462
0.0958476878159096,0.081936307319126,0.064978745346027,0.0306111802916384,0.051523663292892,0.0550026900092178
0.0949339471217618,0.0811470097986675,0.0643221323371053,0.0302698336668119,0.0510110139775997,0.0544363629296204
0.0940229981481338,0.0803602917728385,0.063668246536382,0.0299304553242044,0.0505001645872285,0.0538724942092002
0.0931148892410508,0.0795761937147526,0.0630171186079773,0.0295930594786688,0.0499911487703362,0.0533111127350244
0.0922096681113646,0.0787947554928379,0.0623687784766224,0.029257659701991,0.0494839994524691,0.0527522466274082
0.0913073818427365,0.0780160163790229,0.0617232553393663,0.0289242689337597,0.048978748845878,0.0521959232513746
0.0904080769006446,0.0772400150579397,0.0610805776784538,0.0285928994932225,0.0484754284602175,0.051642169229292
0.0895117991414875,0.0764667896362369,0.0604407732743457,0.0282635630912954,0.0479740691133941,0.0510910104536752
0.0886185938278878,0.0756963776579969,0.0598038692256325,0.027936270848285,0.0474747009482297,0.0505424721068205
0.0877285056374149,0.0749288161136866,0.0591698919616728,0.0276110333056313,0.0469773534430343,0.0499965786732701
0.086841578663313,0.0741641414412466,0.0585388672463889,0.0272878604303922,0.046482055414759,0.0494533539435534
0.0859578564225591,0.0734023895343991,0.0579108201902132,0.0269667616264836,0.0459888350290361,0.0489128210260123
0.0850773818642214,0.072643595751277,0.0572857752624143,0.0266477457462471,0.0454977198105435,0.0483750023590163
0.0842001973777116,0.0718877949229439,0.0566637563033236,0.0263308211019882,0.0450087366533251,0.0478399197231099
0.0833263448045465,0.0711350213653795,0.0560447865404769,0.0260159954807571,0.0445219118344076,0.0473075942570477
0.0824558654493668,0.0703853088907514,0.0554288886039551,0.0257032761585028,0.0440372710267815,0.0467780464730644
0.0815888000807477,0.069638690808642,0.0548160845304718,0.0253926699049619,0.0435548393029241,0.0462512962610338
0.080725188938052,0.0688951999332294,0.0542063957741589,0.0250841829941154,0.0430746411439818,0.045727362899277
0.0798650717390204,0.0681548685912182,0.0535998432182139,0.0247778212153795,0.0425967004497073,0.0452062650662518
0.0790084876872306,0.0674177286296398,0.0529964471864234,0.024473589884725,0.0421210405483022,0.0446880208521283
0.0781554754797405,0.0666838114238432,0.052396227454924,0.0241714938560236,0.0416476842064912,0.0441726477706401
0.0773060733187375,0.0659531478894492,0.0517992032684115,0.0238715375360902,0.0411766536433616,0.0436601627753422
0.0764603189166388,0.0652257684878594,0.0512053933491491,0.023573724893818,0.0407079705381597,0.0431505822687863
0.0756182494991383,0.0645017032297581,0.0506148159037515,0.0232780594674917,0.0402416560362295,0.0426439221095067
0.0747799018118297,0.0637809816821513,0.0500274886339462,0.0229845443754234,0.0397777307583276,0.0421401976229708
0.0739453121267598,0.0630636329753421,0.0494434287472762,0.0226931823265701,0.0393162148099127,0.0416394236124977
0.0731145162488027,0.0623496858097382,0.0488626529676522,0.0224039756310522,0.038857127790328,0.0411416143700508
0.072287549521994,0.0616391684626382,0.0482851775458825,0.022116926210682,0.0384004888019832,0.0406467836870256
0.0714644468385103,0.060932108797627,0.0477110182731421,0.0218320356119537,0.0379463164620477,0.0401549448679831
0.0706452426442232,0.0602285342706139,0.0471401904907116,0.0215493050159747,0.037494628911009,0.0396661107407073
0.0698299709410626,0.0595284719327419,0.0465727090962385,0.0212687352455526,0.037045443818318,0.0391802936628544
0.0690186652923876,0.0588319484362725,0.0460085885533392,0.0209903267750738,0.036598778390884,0.0386975055319276
0.0682113588283348,0.0581389900404553,0.0454478429012033,0.0207140797404105,0.036154649381584,0.0382177577952836
0.0674080842509694,0.0574496226172133,0.0448904857640153,0.0204399939487072,0.0357130730976433,0.0377410614599798
0.0666088738392474,0.0567638716566649,0.0443365303602089,0.0201680688880566,0.0352740654088975,0.0372674271024869
0.0658137594541023,0.0560817622727696,0.0437859895118732,0.019898303737327,0.0348376417562055,0.0367968648785705
0.0650227725454346,0.0554033192108573,0.043238875656285,0.0196306973777775,0.034403817161674,0.0363293845353065
0.0642359441548504,0.0547285668509983,0.0426952008528165,0.019365248400879,0.0339726062350078,0.0358649954185491
0.0634533049182601,0.0540575292112384,0.0421549767897162,0.019101955116051,0.0335440231797604,0.0354037064802931
0.0626748850698527,0.0533902299522075,0.041618214792436,0.0188408155597159,0.0331180818009201,0.0349455262875963
0.0619007144458981,0.0527266923815633,0.0410849258317919,0.0185818275042316,0.0326947955123818,0.0344904630313663
0.0611308224883376,0.0520669394582461,0.0405551205319302,0.0183249884667018,0.0322741773442664,0.034038524534975
0.0603652382481509,0.0514109937965237,0.0400288091780832,0.018070295717627,0.0318562399500867,0.033589718262691
0.059603990388535,0.0507588776698601,0.0395060017241389,0.0178177462894426,0.0314409956137819,0.0331440513279606
0.0588471071887139,0.0501106130154246,0.0389867078009401,0.017567336985673,0.031028456257386,0.0327015305024302
0.0580946165475775,0.049466221438439,0.0384709367244203,0.0173190643899898,0.0306186334485809,0.0322621622248381
0.0573465459843464,0.0488257242136144,0.0379586975005233,0.0170729248726257,0.0302115384055488,0.0318259526067451
0.0566029226406034,0.0481891422879494,0.0374499988316536,0.0168289145980855,0.0298071820031385,0.0313929074398121
0.0558637732824037,0.047556496283615,0.0369448491232315,0.0165870295329671,0.029405574779146,0.0309630322031992
0.0551291243021443,0.0469278065006122,0.0364432564900154,0.016347265453623,0.0290067269404166,0.0305363320707743
0.0543990017202221,0.0463030929192393,0.0359452287622256,0.0161096179536727,0.0286106483687991,0.0301128119181378
0.0536734311864599,0.0456823752023447,0.0354507734914482,0.0158740824513602,0.0282173486269353,0.0296924763294528
0.0529524379813073,0.0450656726973624,0.0349598979563029,0.0156406541967481,0.0278268369638689,0.0292753296040892
0.0522360470168969,0.0444530044382316,0.034472609168004,0.0154093282788385,0.027439122320589,0.0288613757631659
0.0515242828387269,0.043844389147928,0.0339889138766055,0.0151800996332902,0.0270542133361671,0.0284506185567998
0.050817169625698,0.0432398452394057,0.0335088185755024,0.0149529630487094,0.0266721183524405,0.0280430614696644
0.0501147311896449,0.0426393908160445,0.0330323295053919,0.0147279131725235,0.0262928454182575,0.027638707726029
0.049416990975398,0.042043043672634,0.0325594526588445,0.014504944517379,0.0259164022942592,0.0272375602954325
0.048723972060618,0.0414508212961495,0.0320901937846508,0.0142840514673743,0.0255427964574884,0.0268396218981545
0.048035697155407,0.0408627408663159,0.0316245583919459,0.0140652282841364,0.025172035105838,0.0264448950104995
0.0473521886016938,0.040278819255963,0.0311625517541124,0.0138484691127255,0.0248041251623165,0.0260533818698744
0.0466734683723697,0.0396990730311493,0.0307041789124358,0.0136337679873667,0.0244390732791376,0.0256650844796569
0.045999558070209,0.0391235184510836,0.0302494446795431,0.0134211188370111,0.0240768858416328,0.0252800046138635
0.0453304789265533,0.0385521714678291,0.0297983536426067,0.0132105154907344,0.0237175689719983,0.0248981438216164
0.044666251799813,0.0379850477258351,0.0293509101663719,0.0130019516829957,0.0233611285328898,0.0245195034314532
0.0440068971742152,0.037422162561726,0.0289071183964622,0.0127954210591543,0.0230075701312939,0.0241440845559379
0.0433524351574916,0.0368635310030577,0.0284669822615589,0.0125909171800691,0.0226568991214466,0.0237718880951803
0.0427028854782466,0.0363091677667715,0.0280305054752513,0.0123884335264396,0.022309120607494,0.0234029147400443
0.0420582674834942,0.0357590872578243,0.0275976915380755,0.0121879635033265,0.0219642394463342,0.0230371649755806
0.0414186001359787,0.0352133035676193,0.027168543739348,0.0119895004445098,0.021622260250299,0.0226746390842596
0.0407839020112801,0.0346718304722274,0.026743065158762,0.0117930376166706,0.0212831873896506,0.0223153371489997
0.0401541912946755,0.0341346814303925,0.0263212586677466,0.0115985682233908,0.020947024994895,0.0219592590559806
0.0395294857777958,0.0336018695813318,0.0259031269306029,0.0114060854089808,0.0206137769589243,0.0216064044972559
0.0389098028550617,0.0330734077423336,0.0254886724054141,0.0112155822621322,0.0202834469389784,0.0212567729731585
0.0382951595198862,0.0325493084061394,0.0250778973447174,0.0110270518193839,0.0199560383584217,0.0209103637944894
0.037685572360681,0.0320295837381357,0.0246708037959594,0.0108404870684213,0.0196315544083534,0.0205671760845154
0.0370810575566387,0.0315142455733373,0.0242673936017215,0.0106558809511988,0.0193099980490373,0.0202272087807511
0.0364816308733217,0.0310033054131863,0.023867668399738,0.0104732263668914,0.0189913720111624,0.0198904606365524
0.0358873076582312,0.0304967744223449,0.0234716296228938,0.010292516174846,0.0186756787971152,0.019556930222713
0.0352981028358876,0.0299946634250064,0.0230792784986956,0.0101137431970957,0.0183629206818003,0.0192266159285486
0.0347140309026057,0.0294969829009207,0.0226906160484121,0.00993690022061416,0.0180530997132087,0.0188995159626715
0.0341351059212534,0.0290037429814113,0.0223056430861959,0.00976197999955711,0.0177462177129731,0.0185756283537618
0.0335613415158315,0.0285149534452127,0.0219243602180053,0.009588975257339,0.0174422762767718,0.0182549509511543
0.0329927508658631,0.0280306237141385,0.0215467678403154,0.00941787868853811,0.0171412767745592,0.0179374814252242
0.0324293467005832,0.0275507628485506,0.0211728661386055,0.00924868296062716,0.016843220350624,0.0176232172675782
0.0318711412929623,0.0270753795426725,0.0208026550856608,0.00908138071553904,0.0165481079234978,0.0173121557910537
0.0313181464535477,0.0266044821197264,0.0204361344396606,0.00891596457105912,0.0162559401856879,0.0170042941295304
0.0307703735241254,0.0261380785268991,0.0200733037420619,0.00875242712205307,0.015966717603257,0.0166996292375492
0.0302278333712217,0.0256761763301539,0.0197141623153021,0.00859076094152916,0.015680440415245,0.0163981578897512
0.0296905363794421,0.0252187827088832,0.0193587092602921,0.00843095858153411,0.0153971086329346,0.0160998766801277
0.0291584924446486,0.0247659044504043,0.0190069434537351,0.0082730125738882,0.0151167220389644,0.0158047820210981
0.0286317109669868,0.0243175479443122,0.0186588635452479,0.00811691543076321,0.0148392801862909,0.0155128701424041
0.0281102008437709,0.023873719176689,0.0183144679543122,0.00796265964509384,0.0145647823970103,0.0152241370898326
0.027593970462223,0.0234344237241749,0.0179737548670405,0.00781023769084287,0.0142932277610268,0.01493857872377
0.0270830276921067,0.0229996667479278,0.0176367222328046,0.00765964202312526,0.0140246151346105,0.0146561907176118
0.0265773798782995,0.0225694529875281,0.0173033677607565,0.00751086507824085,0.0137589431388719,0.0143769685560777
0.0260770338330466,0.0221437867545666,0.0169736889159869,0.00736389927339176,0.0134962101579279,0.014100907533166
0.0255819958281737,0.0217226719261862,0.0166476829155959,0.00721873700630218,0.0132364143370038,0.0138280027500199
0.0250922715872314,0.0213061119385581,0.0163253467246575,0.00707537065473968,0.0129795535804366,0.013558249112684
0.0246078662775416,0.0208941097802523,0.0160066770520314,0.0069337925758915,0.0127256255495642,0.01329164132972
0.0241287845021486,0.0204866679855135,0.0156916703460376,0.00679399510560165,0.0124746276604914,0.0130281739096692
0.0236550302916927,0.0200837886274501,0.0153803227899972,0.00665597055747329,0.0122265570817404,0.0127678411583847
0.0231866070962063,0.0196854733111436,0.0150726302976364,0.00651971122183991,0.0119814107317979,0.0125106371762276
0.0227235177768369,0.0192917231666789,0.0147685885083791,0.0063852093646098,0.0117391852765502,0.012256555855131
0.0222657645975168,0.0189025388421129,0.0144681927825055,0.0062524572259794,0.0114998771266176,0.0120055908755437
0.0218133492165878,0.0185179204963856,0.0141714381962233,0.00612144701903117,0.011263482434601,0.0117577357032568
0.0213662726783698,0.0181378677921744,0.0138783195366103,0.00599217092820922,0.0110299970922249,0.0115129835861134
0.0209245354047128,0.0177623798887099,0.0135888312964795,0.00586462110768304,0.0107994167274062,0.0112713275506114
0.0204881371865205,0.0173914554345582,0.0133029676691451,0.00573878967960102,0.0105717367012347,0.0110327603984101
0.0200570771752576,0.0170250925603748,0.0130207225431109,0.00561466873223566,0.0103469521048821,0.0107972747027313
0.019631353874459,0.0166632888716403,0.0127420894966798,0.00549225031802844,0.0101250577564408,0.0105648628046824
0.0192109651312442,0.0163060414413889,0.0124670617924971,0.00537152645153341,0.00990604819769296,0.0103355168094819
0.018795908127853,0.0159533468029444,0.0121956323720404,0.00525248910727749,0.00968991769083767,0.0101092285826278
0.0183861793731973,0.0156052009426491,0.0119277938500496,0.00513513021751416,0.00947666021514067,0.00988598974596905
0.0179817746944684,0.0152615992926304,0.0116635385089171,0.00501944166990924,0.00926626946356193,0.00966579167374021
0.0175826892287829,0.0149225367235826,0.0114028582930492,0.0049054153051393,0.00905873883932999,0.00944862548852027
0.0171889174148866,0.014588007537597,0.0111457448031888,0.00479304291441349,0.00885406145248423,0.00923448205714807
0.0168004529849415,0.0142580054610306,0.0108921892907332,0.00468231623692819,0.00865223011639428,0.00902335198659746
0.0164172889563893,0.0139325236374455,0.0106421826520371,0.00457322695725772,0.00845323734425488,0.00881522561981525
0.016039417623906,0.0136115546206044,0.0103957154227141,0.00446576670268019,0.00825707534557031,0.00861009303152475
0.0156668305514774,0.0132950903675574,0.0101527777719528,0.00435992704045278,0.00806373602262883,0.00840794402402276
0.0152995185645778,0.0129831222318087,0.00991335949684966,0.00425569947503517,0.00787321096698031,0.00820876812294788
0.0149374717424896,0.0126756409565904,0.00967745001676577,0.00415307544526994,0.0076854914559179,0.00801255457305899
0.0145806794107694,0.0123726366682492,0.0094450383677307,0.00405204632152129,0.00750056844898093,0.0078192923340054
0.0142291301338631,0.0120740988697497,0.0092161131968843,0.00395260340278529,0.00731843258446981,0.00762897007611528
0.0138828117078958,0.0117800164343176,0.00899066275698622,0.00385473791376756,0.00713907417600208,0.00744157617620314
0.0135417111536383,0.0114903775992264,0.0087686749009785,0.00375844100194039,0.00696248320909339,0.00725709871339862
0.0132058147096828,0.0112051699597405,0.00855013707664529,0.00366370373458838,0.00678864933779623,0.0070755254650242
0.0128751078258138,0.0109243804632315,0.00833503632134033,0.0035705170958331,0.00661756188138002,0.00689684390250718
0.0125495751566061,0.0106479954034688,0.00812335925683097,0.00347887198366748,0.00644920982108174,0.00672104118735282
0.0122292005552597,0.0103760004151072,0.00791509208423503,0.00338875920697491,0.00628358179691418,0.00654810416717422
0.0119139670676912,0.01010838046838,0.00771022057909088,0.00330016948257504,0.00612066610456394,0.00637801937179988
0.0116038569268745,0.00984511986400458,0.00750873008654945,0.0032130934322646,0.00596045069236448,0.00621077300945953
0.0112988515474742,0.00958620222832383,0.00731060551670715,0.00312752157989336,0.00580292315836457,0.00604635096306322
0.0109989315207619,0.00933161050868329,0.00711583134009951,0.00304344434845605,0.00564807074750683,0.00588473878657045
0.0107040766098441,0.00908132696906609,0.00692439158334505,0.00296085205722171,0.00549588034890044,0.00572592170148446
0.0104142657452073,0.00883533318599107,0.00673626982497343,0.00287973491889788,0.00534633849323023,0.00556988459344505
0.0101294770206018,0.00859361004469672,0.0065514491914342,0.00280008303684821,0.00519943135028175,0.00541661200896817
0.00984968768927368,0.00835613773561375,0.00636991235330323,0.0027218864023489,0.00505514472660358,0.00526608815231129
0.00957487416055973,0.0081228957511363,0.00619164152169575,0.00264513489191369,0.00491346406332212,0.00511829688248411
0.00930501199686601,0.00789386288272621,0.00601661844489823,0.00256981826467703,0.00477437443409975,0.00497322171042801
0.00904007591103571,0.0076690172183327,0.0058448244052339,0.00249592615985313,0.00463786054326282,0.00483084579634911
0.00878003976413215,0.00744833614016686,0.00567624021616675,0.00242344809426642,0.00450390672409913,0.00469115194723495
0.00852487656363286,0.007231796322825,0.00551084621965534,0.00235237345996889,0.00437249693733197,0.00455412261455189
0.00827455846208336,0.0070193737317903,0.00534862228378134,0.00228269152194936,0.00424361476979082,0.00441973989214828
0.00802905675618139,0.00681104362230663,0.00518954780064144,0.00221439141593383,0.0041172434332738,0.0042879855143481
0.0077883418863462,0.00660678053865964,0.00503360168453858,0.00214746214629942,0.00399336576361786,0.00415884085427753
0.00755238343676121,0.00640655831385711,0.00488076237046091,0.00208189258408113,0.00387196421998802,0.00403228692239729
0.00732115013592377,0.00621035006973829,0.00473100781287758,0.0020176714651135,0.0037530208843911,0.00390830436529288
0.00709460985769904,0.00601812821751224,0.00458431548485619,0.00195478738828143,0.00363651746142012,0.00378687346468685
0.00687272962290861,0.00582986445875017,0.00444066237750687,0.00189322881390647,0.00352243527824675,0.00366797413672888
0.00665547560145444,0.00564552978682976,0.00430002499977834,0.00183298406226506,0.00341075528485814,0.00355158593152803
0.00644281311500991,0.00546509448886162,0.00416237937859804,0.00177404131225162,0.00330145805456437,0.00343768803297814
0.00623470664027144,0.00528852814809386,0.00402770105939196,0.00171638860018268,0.00319452378476309,0.00332625925885474
0.00603111981280284,0.00511579964682245,0.00389596510696939,0.0016600138187666,0.0030899322979977,0.00321727806121314
0.00583201543148035,0.00494687716980111,0.00376714610679875,0.00160490471621887,0.00298766304328256,0.0031107225270848
0.00563735546354367,0.00478172820819017,0.00364121816668535,0.00155104889555759,0.00288769509774491,0.0030065703794913
0.00544710105028745,0.00462031956402219,0.00351815491885547,0.0014984338140603,0.00279000716855154,0.00290479897877424
0.00526121251338303,0.00446261735523201,0.00339792952245588,0.00144704678290614,0.00269457759516115,0.00280538532425961
0.00507964936186005,0.00430858702122544,0.0032805146664862,0.0013968749669924,0.00260138435188957,0.00270830605626056
0.00490237029975611,0.00415819332903922,0.00316588257317328,0.00134790538495204,0.00251040505080519,0.00261353745843125
0.0047293332344501,0.00401140038006467,0.0030540050017866,0.00130012490935962,0.00242161694496293,0.00252105546047666
0.00456049528567738,0.00386817161737232,0.00294485325291877,0.00125352026713411,0.00233499693197796,0.00243083564122422
0.00439581279526795,0.00372846983363388,0.00283839817323038,0.00120807804015176,0.00225052155795183,0.00234285323207756
0.00423524133758559,0.00359225717966027,0.00273461016067106,0.00116378466607177,0.00216816702176471,0.00225708312084795
0.00407873573070489,0.00345949517356016,0.00263345917018545,0.00112062643936908,0.00208790917972068,0.00217349985597094
0.00392625004832652,0.00333014471053179,0.00253491471991445,0.00107858951259519,0.00200972355057612,0.00209207765112959
0.00377773763243752,0.0032041660732907,0.00243894589789753,0.00103765989785831,0.00193358532094269,0.00201279039027907
0.00363315110673743,0.00308151894315392,0.00234552136927473,0.00099782346853447,0.00185946935107867,0.00193561163307419
0.00349244239082748,0.0029621624117756,0.0022546093840209,0.000959065961211869,0.00178735018106693,0.00186051462072948
0.00335556271518389,0.00284605499355184,0.00216617778518588,0.000921372977872745,0.00171720203740049,0.00178747228229169
0.00322246263691089,0.00273315463869328,0.00208019401767304,0.000884729988311309,0.00164899883995671,0.00171645724134831
0.00309309205628691,0.00262341874697808,0.00199662513754788,0.00084912233280067,0.00158271420938898,0.0016474418231678
0.00296740023411705,0.00251680418219095,0.00191543782188834,0.000814535225005839,0.00151832147492867,0.00158039806228299
0.00284533580988237,0.00241326728724599,0.0018365983791743,0.000780953755147001,0.00145579368260093,0.00151529771051806
0.00272684682070212,0.00231276390000557,0.00176007276022951,0.00074836289340785,0.00139510360386225,0.00145211224546229
0.00261188072111312,0.00221524936980005,0.00168582656971686,0.000716747493612682,0.00133622374465946,0.00139081287940054
0.00250038440366278,0.00212067857463775,0.00161382507817373,0.000686092297144114,0.00127912635491292,0.00133137056869048
0.00239230422032288,0.00202900593912111,0.00154403323462311,0.000656381937134756,0.00122378343843298,0.0012737560236105
0.00228758600472326,0.00194018545307235,0.00147641567972558,0.000627600942903303,0.00117016676325993,0.00121793971864934
0.0021861750952018,0.00185417069084233,0.00141093675949375,0.000599733744661116,0.00111824787243305,0.00116389190327137
0.00208801635868315,0.0017709148313392,0.00134756053956615,0.000572764678472421,0.00106799809519435,0.00111158261313252
0.00199305421536113,0.00169037067874812,0.00128625082003196,0.000546677991482891,0.00101938855861904,0.00106098168175786
0.00190123266419989,0.00161249068394251,0.00122697115081452,0.000521457847398335,0.000972390199675002,0.00101205875268065
0.00181249530924159,0.00153722696659171,0.00116968484759665,0.000497088332229251,0.000926973777708423,0.000964783292035643
0.00172678538670874,0.00146453133794938,0.00111435500830055,0.000473553460289516,0.000883109887351491,0.000919124601606133
0.0016440457929025,0.00139435532432212,0.00106094453010169,0.000450837180453662,0.000840768971853686,0.000875051832318022
0.00156421911288032,0.00132665019120674,0.00100941612698105,0.000428923382665258,0.000799921336827866,0.000832533998188362
0.0014872476499007,0.00126136696808468,0.00095973234779996,0.000407795904694017,0.000760537164398764,0.00079153999069935
0.00141307345562461,0.00119845647386235,0.000911855594895872,0.000387438539143026,0.000722586527769992,0.000752038593620122
0.00134163836105557,0.00113786934295002,0.000865748143183215,0.000367835040697678,0.00068603940617272,0.000713998498241497
0.0012728840082064,0.00107955605195435,0.000821372159752351,0.000348969133607047,0.000650865700211598,0.000677388319034272
0.001206751882458,0.00102346694698015,0.000778689723952147,0.000330824519406303,0.000617035247586023,0.000642176609709208
0.00114318334561177,0.000969552271504609,0.00073766284793754,0.000313384884860421,0.000584517839175833,0.000608331879674823
0.00108211966958909,0.0009177621948252,0.00069825349767616,0.000296633910126687,0.00055328323549117,0.000575822610876645
0.00102350207076542,0.000868046841047312,0.000660423614389463,0.000280555277130584,0.000523301183457392,0.000544617275005072
0.000967271744906517,0.000820356318581975,0.000624135136409382,0.000265132678147637,0.00049454143353149,0.000514684351055755
0.000913369902675848,0.000774640750140651,0.000589350021434343,0.000250349824580234,0.00046697375713349,0.00048599234323074
0.000861737805675639,0.000730850303186717,0.000556030269158764,0.000236190455913332,0.000440567964367991,0.000458509799153267
0.000812316802993734,0.000688935220820128,0.00052413794425718,0.00022263834885837,0.000415293922032406,0.000432205328388641
0.00076504836821141,0.000648845853063795,0.000493635199690159,0.000209677326650198,0.000391121571873695,0.000407047621240372
0.000719874136824838,0.000610532688497867,0.000464484300307169,0.000197291268497851,0.000368020949086459,0.000383005467801664
0.000676735944054735,0.000573946386234495,0.000436647646724381,0.000185464119180745,0.00034596220102652,0.000360047777247602
0.000635575862974178,0.000539037808169024,0.000410087799437839,0.00017417989876535,0.000324915606113349,0.000338143597326007
0.00059633624291705,0.000505758051466701,0.000384767503133446,0.00016342271243075,0.000304851592887151,0.000317262134031049
0.000558959748113513,0.000474058481256034,0.000360649711181313,0.000153176760399568,0.000285740759223774,0.000297372771434115
0.000523389396491131,0.000443890763458549,0.000337697610248322,0.000143426347936168,0.000267553891630704,0.000278445091626445
0.000489568598586163,0.000415206897723841,0.000315874645014674,0.000134155895418292,0.000250261984644895,0.000260448894760845
0.000457441196499583,0.000387959250402636,0.000295144542934486,0.000125349948447206,0.000233836260257358,0.00024335421913893
0.000426951502834214,0.000362100587512321,0.000275471339013345,0.000116993187984429,0.00021824818735966,0.00022713136132918
0.000398044339548737,0.000337584107627104,0.000256819400546851,0.000109070440494088,0.000203469501161471,0.000211750896256566
0.000370665076641574,0.000314363474637383,0.000239153451772223,0.000101566688072277,0.000189472222548684,0.000197183697243308
0.000344759670614148,0.00029239285032355,0.000222438598399238,9.44670785426177e-05,0.00017622867734432,0.00018340095595562
0.000320274702609161,0.000271626926652432,0.000206640351948673,8.77569354855723e-05,0.000163711515423826,0.000170374202204684
0.000297157416166108,0.000252020957758115,0.000191724653858763,8.14217681955887e-05,0.000151893729655836,0.000158075323570095
0.000275355754499801,0.000233530791520609,0.000177657899308944,7.54472815292645e-05,0.000140748674617705,0.00014647658480163
0.000254818397210588,0.000216112900662563,0.000164406960686037,6.98193856216722e-05,0.000130250085037989,0.000135550646934879
0.000235494796358524,0.000199724413311314,0.000151939210658508,6.45242054536088e-05,0.00012037209393205,0.000125270586102982
0.000217335211784214,0.000184323142928322,0.000140222544781923,5.95480902353951e-05,0.000111089250375007,0.00011560991196273
0.000200290745605083,0.000169867617533681,0.000129225403582831,5.48776225807041e-05,0.000102376536861057,0.000106542585712868
0.000184313375785436,0.000156317108153781,0.000118916794060828,5.04996274545699e-05,9.42093862145721e-05,9.80430376333052e-05
0.000169355988676054,0.000143631656397539,0.000109266310540271,4.64011808511966e-05,8.65636979866524e-05,9.0086184107413e-05
0.000155372410443624,0.000131772101089569,0.000100244154812704,4.2569618190158e-05,7.94158543017676e-05,8.26474440647068e-05
0.000142317437271999,0.000120700103864585,9.18211555029358e-05,3.89925423940757e-05,7.2742735085618e-05,7.57027547950567e-05
0.000130146864253333,0.000110378173655695,8.39687865997196e-05,3.56578316179773e-05,6.65217326480255e-05,6.92285870843579e-05
0.000118817512856778,0.000100769689975813,7.66591850758641e-05,3.25536466123655e-05,6.07307655443173e-05,6.32019596102928e-05
0.000108287256890383,9.18389249184165e-05,6.98651675472839e-05,2.96684376816236e-05,5.53482916801074e-05,5.76004525513207e-05
9.85150468367085e-05,8.35510637902104e-05,6.35602458947671e-05,2.69909512115168e-05,5.03533206026446e-05,5.24022203501895e-05
8.94609324921108e-05,7.5872224298168e-05,5.77186417922981e-05,2.45102357469967e-05,4.57254249305455e-05,4.75860035921427e-05
8.10860837942157e-05,6.8769474201355e-05,5.23153000802912e-05,2.22156475840896e-05,4.14447508739479e-05,4.31311399218398e-05
7.33528097510011e-05,6.22108473627703e-05,4.73259009171195e-05,2.00968558544817e-05,3.74920277926988e-05,3.90175739824056e-05
6.62245753838553e-05,5.61653581062083e-05,4.27268706569978e-05,1.81438470689549e-05,3.38485767481383e-05,3.5225866292371e-05
5.96660166024832e-05,5.06030138272828e-05,3.84953914021463e-05,1.63469291157708e-05,3.04963180118578e-05,3.17372010471134e-05
5.36429529209431e-05,4.54948257721383e-05,3.46094091593641e-05,1.46967346633248e-05,2.74177774732126e-05,2.8533392777863e-05
4.81223979469786e-05,4.08128179277961e-05,3.10476405746274e-05,1.3184223974283e-05,2.45960919235261e-05,2.55968918346644e-05
4.30725675660271e-05,3.65300339604802e-05,2.77895781782417e-05,1.18006870814952e-05,2.20150131669261e-05,2.29107886583896e-05
3.84628857684199e-05,3.26205421529308e-05,2.48154941152878e-05,1.05377453337718e-05,1.96589109310447e-05,2.04588167990044e-05
3.42639880552692e-05,2.90594382897913e-05,2.2106442317732e-05,9.38735228588061e-06,1.75127745538489e-05,1.82253546678612e-05
3.04477223697225e-05,2.58228464447563e-05,1.96442590835594e-05,8.34179390678258e-06,1.55622134054983e-05,1.61954259656344e-05
2.69871475308964e-05,2.28879176522589e-05,1.74115620480975e-05,7.39368812106844e-06,1.37934560399261e-05,1.43546987977916e-05
2.38565291273696e-05,2.02328264178459e-05,1.53917475146786e-05,6.53598364605545e-06,1.21933480583258e-05,1.26894834455854e-05
2.10313328603134e-05,1.78367650765093e-05,1.35689861475441e-05,5.76195814402936e-06,1.07493486693755e-05,1.11867287787976e-05
1.84882153224236e-05,1.56799359673221e-05,1.19282170118473e-05,5.0652156726172e-06,9.44952594107706e-06,9.83401731874389e-06
1.6205012223644e-05,1.37435414492709e-05,1.04551399650876e-05,4.43968343658008e-06,8.28255076128215e-06,8.61955894339295e-06
1.416072408221e-05,1.20097717619949e-05,9.13620641476709e-06,3.879607851906e-06,7.23768949377479e-06,7.53218324624216e-06
1.23354994076563e-05,1.04617907638049e-05,7.95860846108942e-06,3.37954992021827e-06,6.30479536346817e-06,6.56133056831099e-06
1.07106154230291e-05,9.08371958169285e-06,6.91026645990855e-06,2.93437994047796e-06,5.4742985889783e-06,5.69704172412311e-06
9.26845638953011e-06,7.86061822946604e-06,5.97981502198364e-06,2.53927155036138e-06,4.73719528065741e-06,4.92994645409639e-06
7.9924896072836e-06,6.77846524918535e-06,5.15658753222348e-06,2.1896951526712e-06,4.08503516838299e-06,4.25125064661136e-06
6.86723917106558e-06,5.82413545906213e-06,4.43059921158284e-06,1.88141070936454e-06,3.50990817098162e-06,3.65272235994252e-06
5.87825760828276e-06,4.98537589316284e-06,3.79252881603509e-06,1.61045996782683e-06,3.0044298937465e-06,3.1266767312188e-06
5.01209549774728e-06,4.25078003742085e-06,3.2336990319487e-06,1.37315813314443e-06,2.56172609014449e-06,2.66595980495665e-06
4.25626920727562e-06,3.60976047039663e-06,2.74605565994679e-06,1.16608502280513e-06,2.17541616506778e-06,2.26393136493197e-06
3.59922691565984e-06,3.05252004249856e-06,2.32214569163836e-06,9.86075754827453e-07,1.83959580549176e-06,1.91444685568309e-06
3.03031305808055e-06,2.57002172220078e-06,1.95509436677621e-06,8.30211004679282e-07,1.54881879931013e-06,1.61183846432433e-06
2.53973138714114e-06,2.15395726967105e-06,1.63858134435979e-06,6.95806882902716e-07,1.29807815482663e-06,1.35089546957068e-06
2.11850683110026e-06,1.7967148874809e-06,1.3668160889907e-06,5.80404481559382e-07,1.08278660183869e-06,1.12684395024709e-06
1.75844634615896e-06,1.49134602099588e-06,1.13451261794795e-06,4.81759150003369e-07,8.98756580658411e-07,9.35325957726607e-07
1.45209897955967e-06,1.23153148298694e-06,9.36863727429849e-07,3.97829548970385e-07,7.42179826068723e-07,7.72378274838115e-07
1.19271534337884e-06,1.01154708974371e-06,7.69514853865561e-07,3.26766552621871e-07,6.09606656348793e-07,6.34410854558065e-07
9.74206737738847e-07,8.26228988254352e-07,6.28537693392328e-07,2.66902042855843e-07,4.97925075504391e-07,5.18185077541533e-07
7.91104134159615e-07,6.70938871044635e-07,5.10403743006482e-07,2.16737671518419e-07,4.04339808676712e-07,4.20791933852804e-07
6.38517257567361e-07,5.4152927546347e-07,4.11957899237869e-07,1.74933656477139e-07,3.26351391508051e-07,3.39630257514822e-07
5.12093981483441e-07,4.34309142940958e-07,3.30392260439183e-07,1.40297649275922e-07,2.61735413065178e-07,2.72385127647601e-07
4.07980267888575e-07,3.46009847232431e-07,2.63220282945009e-07,1.11773763036838e-07,2.08522037928316e-07,2.17006562136524e-07
3.2278086380122e-07,2.73751860735416e-07,2.08251420094618e-07,8.84318040461629e-08,1.64975924976662e-07,1.71688607428222e-07
2.535209671084e-07,2.15012239818124e-07,1.6356639215287e-07,6.94567697245851e-08,1.29576626081707e-07,1.3484895171334e-07
1.97609045418656e-07,1.67593094582696e-07,1.27493197110695e-07,5.41386617342043e-08,1.00999586846728e-07,1.05109145220883e-07
1.52801010039338e-07,1.29591204184321e-07,9.85839950506939e-08,4.18626689008272e-08,7.80978356151873e-08,8.12755475004812e-08
1.17165895152649e-07,9.93689081019156e-08,7.55929691620416e-08,3.20997689123859e-08,5.98844383387087e-08,6.23210685973818e-08
8.90531973302133e-08,7.55264061291783e-08,5.74552484616797e-08,2.43977739400325e-08,4.55158110646003e-08,4.73677971013498e-08
6.70619995368771e-08,5.6875574722115e-08,4.32669903238647e-08,1.83728780245307e-08,3.4275930774208e-08,3.5670579406899e-08
5.00119855667558e-08,4.2415383552652e-08,3.22666801888527e-08,1.37017098361669e-08,2.5561530683782e-08,2.66016007555159e-08
3.69164271374345e-08,3.13089830172864e-08,2.38177018802022e-08,1.01139394637073e-08,1.88682851842703e-08,1.96360138288165e-08
2.69571912847599e-08,2.28625119669257e-08,1.73922123092307e-08,7.38542167699752e-09,1.37780390846443e-08,1.43386515993882e-08
1.94618050008977e-08,1.6505641575737e-08,1.25563464625777e-08,5.33192232032853e-09,9.94708584944881e-09,1.03518212196674e-08
1.38825805712228e-08,1.17738770955e-08,8.95674860668105e-09,3.80339032490795e-09,7.09549888289196e-09,7.38420671830831e-09
9.77778190358602e-09,8.29257940093697e-09,6.30841900939316e-09,2.67880441440216e-09,4.99750352211947e-09,5.20084660060594e-09
6.79477597798073e-09,5.7626787092202e-09,4.38384661904934e-09,1.86155525716547e-09,3.47286514823519e-09,3.61417222538574e-09
4.65512473013519e-09,3.94803112424569e-09,3.00338846848103e-09,1.27535736138551e-09,2.37927218205147e-09,2.47608153425283e-09
3.14150676306024e-09,2.66432570450448e-09,2.02683388128566e-09,8.60673962654879e-10,1.60564919693407e-09,1.67098154757461e-09
2.08638356591351e-09,1.76947144436834e-09,1.34609073887404e-09,5.71603916976748e-10,1.06636774410696e-09,1.10975666156587e-09
1.3622778738398e-09,1.15535382649856e-09,8.78913053448116e-10,3.73221023530768e-10,6.96271276745541e-10,7.24601462165353e-10
8.73535105361256e-10,7.40849534497379e-10,5.63586774471325e-10,2.39321507056189e-10,4.46471096204881e-10,4.64637217589825e-10
5.49447806696968e-10,4.65989566378333e-10,3.54492213361368e-10,1.505311847394e-10,2.80827736065525e-10,2.92253776734697e-10
3.38567951452262e-10,2.87140575205846e-10,2.18436782550846e-10,9.2756163860841e-11,1.73044412132839e-10,1.80085363288285e-10
2.04093839051289e-10,1.73092568056532e-10,1.31677016512732e-10,5.59149532231018e-11,1.04314043514186e-10,1.08558356748389e-10
1.20174592499467e-10,1.01920125117339e-10,7.75342567926884e-11,3.29240940066811e-11,6.14218814698475e-11,6.3921409831913e-11
6.90031226602272e-11,5.85215625958924e-11,4.45192910314418e-11,1.89047527632269e-11,3.52683299231771e-11,3.67030156267489e-11
3.85648873946209e-11,3.2706670705096e-11,2.48812220826622e-11,1.05653402693306e-11,1.9710538756712e-11,2.05127859143062e-11
2.09360584424445e-11,1.77562686776156e-11,1.35074590401629e-11,5.73568970096971e-12,1.070056543373e-11,1.11360504151392e-11
1.10166598066286e-11,9.34329003055012e-12,7.10782821489175e-12,3.01829394810937e-12,5.63107893647441e-12,5.85988202406185e-12
5.60458623954929e-12,4.75297579072276e-12,3.61553842420648e-12,1.53546619863221e-12,2.86425050344263e-12,2.98119862129909e-12
2.74939793154516e-12,2.33117691816886e-12,1.77363679298992e-12,7.53147544330091e-13,1.4049178487241e-12,1.46253842370214e-12
1.29654620373287e-12,1.09941222792287e-12,8.36761215872173e-13,3.55201978941011e-13,6.62803145701218e-13,6.89628909533724e-13
5.85878567882503e-13,4.96769292368526e-13,3.77600728462824e-13,1.60038648999716e-13,2.99510416468252e-13,3.11403680619549e-13
2.52797782707148e-13,2.13787321179382e-13,1.62564406380739e-13,6.94028168268801e-14,1.29132815551714e-13,1.34753319613878e-13
1.0369483049999e-13,8.7582718855117e-14,6.62941923579297e-14,2.79359868571305e-14,5.23608933988839e-14,5.51364509604468e-14
4.02594624304697e-14,3.36813910095657e-14,2.60208521396521e-14,1.09356967925578e-14,2.07056594092592e-14,2.13717932240343e-14
1.49047441055927e-14,1.26981758441502e-14,9.99200722162641e-15,4.17721413015215e-15,7.97972798949331e-15,7.7715611723761e-15
5.38458166943201e-15,4.19109191795997e-15,3.3584246494911e-15,1.79023462720806e-15,2.96984659087229e-15,3.12250225675825e-15
1.84574577843932e-15,1.66533453693773e-15,1.30451205393456e-15,5.13478148889135e-16,1.16573417585641e-15,9.57567358739198e-16
7.35522753814166e-16,6.93889390390723e-16,7.63278329429795e-16,6.24500451351651e-16,7.21644966006352e-16,6.10622663543836e-16
8.32667268468867e-17,5.55111512312578e-17,9.71445146547012e-17,4.16333634234434e-17,5.55111512312578e-17,-2.77555756156289e-17
8.32667268468867e-17,8.32667268468867e-17,8.32667268468867e-17,4.16333634234434e-17,5.55111512312578e-17,-2.77555756156289e-17
8.32667268468867e-17,8.32667268468867e-17,8.32667268468867e-17,4.16333634234434e-17,5.55111512312578e-17,-2.77555756156289e-17
8.32667268468867e-17,8.32667268468867e-17,8.32667268468867e-17,4.16333634234434e-17,5.55111512312578e-17,-2.77555756156289e-17
8.32667268468867e-17,8.32667268468867e-17,8.32667268468867e-17,4.16333634234434e-17,5.55111512312578e-17,-2.77555756156289e-17
8.32667268468867e-17,8.32667268468867e-17,8.32667268468867e-17,4.16333634234434e-17,5.55111512312578e-17,-2.77555756156289e-17
8.32667268468867e-17,8.32667268468867e-17,8.32667268468867e-17,4.16333634234434e-17,5.55111512312578e-17,-2.77555756156289e-17
8.32667268468867e-17,8.32667268468867e-17,8.32667268468867e-17,4.16333634234434e-17,5.55111512312578e-17,-2.77555756156289e-17
8.32667268468867e-17,8.32667268468867e-17,8.32667268468867e-17,4.16333634234434e-17,5.55111512312578e-17,-2.77555756156289e-17
8.32667268468867e-17,8.32667268468867e-17,8.32667268468867e-17,4.16333634234434e-17,5.55111512312578e-17,-2.77555756156289e-17
8.32667268468867e-17,8.32667268468867e-17,8.32667268468867e-17,4.16333634234434e-17,5.55111512312578e-17,-2.77555756156289e-17
8.32667268468867e-17,8.32667268468867e-17,8.32667268468867e-17,4.16333634234434e-17,5.55111512312578e-17,-2.77555756156289e-17
8.32667268468867e-17,8.32667268468867e-17,8.32667268468867e-17,4.16333634234434e-17,5.55111512312578e-17,-2.77555756156289e-17
8.32667268468867e-17,8.32667268468867e-17,8.32667268468867e-17,4.16333634234434e-17,5.55111512312578e-17,-2.77555756156289e-17
8.32667268468867e-17,8.32667268468867e-17,8.32667268468867e-17,4.16333634234434e-17,5.55111512312578e-17,-2.77555756156289e-17
8.32667268468867e-17,8.32667268468867e-17,8.32667268468867e-17,4.16333634234434e-17,5.55111512312578e-17,-2.77555756156289e-17
8.32667268468867e-17,8.32667268468867e-17,8.32667268468867e-17,4.16333634234434e-17,5.55111512312578e-17,-2.77555756156289e-17
8.32667268468867e-17,8.32667268468867e-17,8.32667268468867e-17,4.16333634234434e-17,5.55111512312578e-17,-2.77555756156289e-17
8.32667268468867e-17,8.32667268468867e-17,8.32667268468867e-17,4.16333634234434e-17,5.55111512312578e-17,-2.77555756156289e-17
8.32667268468867e-17,8.32667268468867e-17,8.32667268468867e-17,4.16333634234434e-17,5.55111512312578e-17,-2.77555756156289e-17
8.32667268468867e-17,8.32667268468867e-17,8.32667268468867e-17,4.16333634234434e-17,5.55111512312578e-17,-2.77555756156289e-17
8.32667268468867e-17,8.32667268468867e-17,8.32667268468867e-17,4.16333634234434e-17,5.55111512312578e-17,-2.77555756156289e-17
8.32667268468867e-17,8.32667268468867e-17,8.32667268468867e-17,4.16333634234434e-17,5.55111512312578e-17,-2.77555756156289e-17
8.32667268468867e-17,8.32667268468867e-17,8.32667268468867e-17,4.16333634234434e-17,5.55111512312578e-17,-2.77555756156289e-17
8.32667268468867e-17,8.32667268468867e-17,8.32667268468867e-17,4.16333634234434e-17,5.55111512312578e-17,-2.77555756156289e-17
8.32667268468867e-17,8.32667268468867e-17,8.32667268468867e-17,4.16333634234434e-17,5.55111512312578e-17,-2.77555756156289e-17
8.32667268468867e-17,8.32667268468867e-17,8.32667268468867e-17,4.16333634234434e-17,5.55111512312578e-17,-2.77555756156289e-17
8.32667268468867e-17,8.32667268468867e-17,8.32667268468867e-17,4.16333634234434e-17,5.55111512312578e-17,-2.77555756156289e-17
